Time,Driver,DriverNumber,LapTime,LapNumber,Stint,PitOutTime,PitInTime,Sector1Time,Sector2Time,Sector3Time,Sector1SessionTime,Sector2SessionTime,Sector3SessionTime,SpeedI1,SpeedI2,SpeedFL,SpeedST,IsPersonalBest,Compound,TyreLife,FreshTyre,Team,LapStartTime,LapStartDate,TrackStatus,Position,Deleted,DeletedReason,FastF1Generated,IsAccurate,Session
0 days 00:16:57.349000,NOR,4,,1.0,1.0,0 days 00:14:48.482000,,,0 days 00:00:35.498000,0 days 00:00:51.392000,,0 days 00:16:05.977000,0 days 00:16:57.415000,236.0,247.0,271.0,308.0,False,MEDIUM,1.0,True,McLaren,0 days 00:14:48.482000,2025-03-21 07:32:20.802,1,,,,False,False,SQ
0 days 00:18:29.597000,NOR,4,0 days 00:01:32.248000,2.0,1.0,,,0 days 00:00:24.618000,0 days 00:00:27.789000,0 days 00:00:39.841000,0 days 00:17:21.967000,0 days 00:17:49.756000,0 days 00:18:29.597000,281.0,275.0,271.0,330.0,True,MEDIUM,2.0,True,McLaren,0 days 00:16:57.349000,2025-03-21 07:34:29.669,1,,,,False,True,SQ
0 days 00:20:32.738000,NOR,4,0 days 00:02:03.141000,3.0,1.0,,,0 days 00:00:34.193000,0 days 00:00:38.202000,0 days 00:00:50.746000,0 days 00:19:03.790000,0 days 00:19:41.992000,0 days 00:20:32.738000,170.0,212.0,168.0,276.0,False,MEDIUM,3.0,True,McLaren,0 days 00:18:29.597000,2025-03-21 07:36:01.917,1,,,,False,True,SQ
0 days 00:22:38.639000,NOR,4,0 days 00:02:05.901000,4.0,1.0,,,0 days 00:00:38.528000,0 days 00:00:35.518000,0 days 00:00:51.855000,0 days 00:21:11.266000,0 days 00:21:46.784000,0 days 00:22:38.639000,200.0,239.0,271.0,308.0,False,MEDIUM,4.0,True,McLaren,0 days 00:20:32.738000,2025-03-21 07:38:05.058,1,,,,False,True,SQ
0 days 00:24:10.035000,NOR,4,0 days 00:01:31.396000,5.0,1.0,,,0 days 00:00:24.207000,0 days 00:00:27.555000,0 days 00:00:39.634000,0 days 00:23:02.846000,0 days 00:23:30.401000,0 days 00:24:10.035000,281.0,276.0,273.0,333.0,True,MEDIUM,5.0,True,McLaren,0 days 00:22:38.639000,2025-03-21 07:40:10.959,1,,,,False,True,SQ
0 days 00:26:16.460000,NOR,4,0 days 00:02:06.425000,6.0,1.0,,0 days 00:26:14.747000,0 days 00:00:32.385000,0 days 00:00:34.562000,0 days 00:00:59.478000,0 days 00:24:42.420000,0 days 00:25:16.982000,0 days 00:26:16.460000,161.0,180.0,,165.0,False,MEDIUM,6.0,True,McLaren,0 days 00:24:10.035000,2025-03-21 07:41:42.355,1,,,,False,False,SQ
0 days 00:33:56.277000,NOR,4,,7.0,2.0,0 days 00:32:03.140000,,,0 days 00:00:31.673000,0 days 00:00:50.942000,,0 days 00:33:05.398000,0 days 00:33:56.391000,262.0,252.0,270.0,311.0,False,MEDIUM,1.0,True,McLaren,0 days 00:26:16.460000,2025-03-21 07:43:48.780,12,,,,False,False,SQ
0 days 00:35:27.451000,NOR,4,0 days 00:01:31.174000,8.0,2.0,,,0 days 00:00:24.278000,0 days 00:00:27.499000,0 days 00:00:39.397000,0 days 00:34:20.555000,0 days 00:34:48.054000,0 days 00:35:27.451000,279.0,275.0,271.0,330.0,True,MEDIUM,2.0,True,McLaren,0 days 00:33:56.277000,2025-03-21 07:51:28.597,1,,,,False,True,SQ
0 days 00:37:34.240000,NOR,4,0 days 00:02:06.789000,9.0,2.0,,0 days 00:37:32.458000,0 days 00:00:31.850000,0 days 00:00:37.808000,0 days 00:00:57.131000,0 days 00:35:59.301000,0 days 00:36:37.109000,0 days 00:37:34.240000,160.0,210.0,,244.0,False,MEDIUM,3.0,True,McLaren,0 days 00:35:27.451000,2025-03-21 07:52:59.771,1,,,,False,False,SQ
0 days 00:50:44.735000,NOR,4,,10.0,3.0,0 days 00:48:58.028000,,,0 days 00:00:31.965000,0 days 00:00:47.840000,,0 days 00:49:56.963000,0 days 00:50:44.735000,258.0,256.0,271.0,312.0,False,SOFT,1.0,True,McLaren,0 days 00:37:34.240000,2025-03-21 07:55:06.560,12,,,,False,False,SQ
0 days 00:52:16.128000,NOR,4,0 days 00:01:31.393000,11.0,3.0,,,0 days 00:00:24.293000,0 days 00:00:27.440000,0 days 00:00:39.660000,0 days 00:51:09.028000,0 days 00:51:36.468000,0 days 00:52:16.128000,280.0,277.0,271.0,332.0,True,SOFT,2.0,True,McLaren,0 days 00:50:44.735000,2025-03-21 08:08:17.055,1,,,,False,True,SQ
0 days 00:54:24.411000,NOR,4,0 days 00:02:08.283000,12.0,3.0,,,0 days 00:00:37.923000,0 days 00:00:39.061000,0 days 00:00:51.299000,0 days 00:52:54.051000,0 days 00:53:33.112000,0 days 00:54:24.411000,155.0,188.0,274.0,265.0,False,SOFT,3.0,True,McLaren,0 days 00:52:16.128000,2025-03-21 08:09:48.448,1,,,,False,True,SQ
0 days 00:56:04.437000,NOR,4,0 days 00:01:40.026000,13.0,3.0,,0 days 00:56:02.549000,0 days 00:00:24.009000,0 days 00:00:27.425000,0 days 00:00:48.592000,0 days 00:54:48.420000,0 days 00:55:15.845000,0 days 00:56:04.437000,281.0,277.0,,332.0,False,SOFT,4.0,True,McLaren,0 days 00:54:24.411000,2025-03-21 08:11:56.731,1,,,,False,False,SQ
0 days 00:16:22.995000,LEC,16,,1.0,1.0,0 days 00:14:12.782000,,,0 days 00:00:34.478000,0 days 00:00:52.205000,,0 days 00:15:30.922000,0 days 00:16:23.035000,255.0,90.0,268.0,311.0,False,MEDIUM,1.0,True,Ferrari,0 days 00:14:12.782000,2025-03-21 07:31:45.102,1,,,,False,False,SQ
0 days 00:17:55.234000,LEC,16,0 days 00:01:32.239000,2.0,1.0,,,0 days 00:00:24.771000,0 days 00:00:27.739000,0 days 00:00:39.729000,0 days 00:16:47.766000,0 days 00:17:15.505000,0 days 00:17:55.234000,282.0,277.0,268.0,333.0,True,MEDIUM,2.0,True,Ferrari,0 days 00:16:22.995000,2025-03-21 07:33:55.315,1,,,,False,True,SQ
0 days 00:20:03.356000,LEC,16,0 days 00:02:08.122000,3.0,1.0,,0 days 00:20:01.530000,0 days 00:00:33.675000,0 days 00:00:37.094000,0 days 00:00:57.353000,0 days 00:18:28.909000,0 days 00:19:06.003000,0 days 00:20:03.356000,200.0,207.0,,271.0,False,MEDIUM,3.0,True,Ferrari,0 days 00:17:55.234000,2025-03-21 07:35:27.554,1,,,,False,False,SQ
0 days 00:23:30.315000,LEC,16,,4.0,2.0,0 days 00:21:22.814000,,,0 days 00:00:36.876000,0 days 00:00:52.109000,,0 days 00:22:38.333000,0 days 00:23:30.549000,254.0,249.0,269.0,303.0,False,MEDIUM,4.0,False,Ferrari,0 days 00:20:03.356000,2025-03-21 07:37:35.676,1,,,,False,False,SQ
0 days 00:25:01.833000,LEC,16,0 days 00:01:31.518000,5.0,2.0,,,0 days 00:00:24.511000,0 days 00:00:27.601000,0 days 00:00:39.406000,0 days 00:23:54.826000,0 days 00:24:22.427000,0 days 00:25:01.833000,282.0,277.0,270.0,335.0,True,MEDIUM,5.0,False,Ferrari,0 days 00:23:30.315000,2025-03-21 07:41:02.635,1,,,,False,True,SQ
0 days 00:27:04.246000,LEC,16,0 days 00:02:02.413000,6.0,2.0,,0 days 00:27:02.391000,0 days 00:00:30.803000,0 days 00:00:34.505000,0 days 00:00:57.105000,0 days 00:25:32.636000,0 days 00:26:07.141000,0 days 00:27:04.246000,224.0,219.0,,260.0,False,MEDIUM,6.0,False,Ferrari,0 days 00:25:01.833000,2025-03-21 07:42:34.153,1,,,,False,False,SQ
0 days 00:34:24.347000,LEC,16,,7.0,3.0,0 days 00:32:32.476000,,,0 days 00:00:33.832000,0 days 00:00:44.076000,,0 days 00:33:40.336000,0 days 00:34:24.347000,257.0,250.0,270.0,308.0,False,MEDIUM,1.0,True,Ferrari,0 days 00:27:04.246000,2025-03-21 07:44:36.566,12,,,,False,False,SQ
0 days 00:36:22.873000,LEC,16,0 days 00:01:58.526000,8.0,3.0,,,0 days 00:00:24.561000,0 days 00:00:34.641000,0 days 00:00:59.324000,0 days 00:34:48.908000,0 days 00:35:23.549000,0 days 00:36:22.873000,281.0,139.0,268.0,260.0,True,MEDIUM,2.0,True,Ferrari,0 days 00:34:24.347000,2025-03-21 07:51:56.667,1,,,,False,True,SQ
0 days 00:37:54.975000,LEC,16,0 days 00:01:32.102000,9.0,3.0,,,0 days 00:00:24.542000,0 days 00:00:27.672000,0 days 00:00:39.888000,0 days 00:36:47.415000,0 days 00:37:15.087000,0 days 00:37:54.975000,282.0,278.0,270.0,334.0,True,MEDIUM,3.0,True,Ferrari,0 days 00:36:22.873000,2025-03-21 07:53:55.193,1,,,,False,True,SQ
0 days 00:40:09.410000,LEC,16,0 days 00:02:14.435000,10.0,3.0,,,0 days 00:00:35.337000,0 days 00:00:38.150000,0 days 00:01:00.948000,0 days 00:38:30.312000,0 days 00:39:08.462000,0 days 00:40:09.410000,217.0,163.0,270.0,161.0,False,MEDIUM,4.0,True,Ferrari,0 days 00:37:54.975000,2025-03-21 07:55:27.295,1,,,,False,True,SQ
0 days 00:41:40.971000,LEC,16,0 days 00:01:31.561000,11.0,3.0,,,0 days 00:00:24.417000,0 days 00:00:27.589000,0 days 00:00:39.555000,0 days 00:40:33.827000,0 days 00:41:01.416000,0 days 00:41:40.971000,284.0,278.0,269.0,335.0,True,MEDIUM,5.0,True,Ferrari,0 days 00:40:09.410000,2025-03-21 07:57:41.730,1,,,,False,True,SQ
0 days 00:43:42.164000,LEC,16,0 days 00:02:01.193000,12.0,3.0,,0 days 00:43:40.394000,0 days 00:00:29.281000,0 days 00:00:36.380000,0 days 00:00:55.532000,0 days 00:42:10.252000,0 days 00:42:46.632000,0 days 00:43:42.164000,173.0,172.0,,249.0,False,MEDIUM,6.0,True,Ferrari,0 days 00:41:40.971000,2025-03-21 07:59:13.291,1,,,,False,False,SQ
0 days 00:54:09.359000,LEC,16,,13.0,4.0,0 days 00:52:11.124000,,,0 days 00:00:35.264000,0 days 00:00:49.812000,,0 days 00:53:19.732000,0 days 00:54:09.442000,256.0,195.0,269.0,260.0,False,SOFT,1.0,True,Ferrari,0 days 00:43:42.164000,2025-03-21 08:01:14.484,12,,,,False,False,SQ
0 days 00:55:40.416000,LEC,16,0 days 00:01:31.057000,14.0,4.0,,,0 days 00:00:24.322000,0 days 00:00:27.384000,0 days 00:00:39.351000,0 days 00:54:33.681000,0 days 00:55:01.065000,0 days 00:55:40.416000,283.0,279.0,272.0,334.0,True,SOFT,2.0,True,Ferrari,0 days 00:54:09.359000,2025-03-21 08:11:41.679,1,,,,False,True,SQ
0 days 00:57:52.312000,LEC,16,0 days 00:02:11.896000,15.0,4.0,,0 days 00:57:47.723000,0 days 00:00:30.642000,0 days 00:00:35.456000,0 days 00:01:05.798000,0 days 00:56:11.058000,0 days 00:56:46.514000,0 days 00:57:52.312000,207.0,209.0,,282.0,False,SOFT,3.0,True,Ferrari,0 days 00:55:40.416000,2025-03-21 08:13:12.736,1,,,,False,False,SQ
0 days 00:17:04.375000,PIA,81,,1.0,1.0,0 days 00:15:00.224000,,,0 days 00:00:33.483000,0 days 00:00:53.414000,,0 days 00:16:11.097000,0 days 00:17:04.399000,202.0,249.0,268.0,300.0,False,MEDIUM,1.0,True,McLaren,0 days 00:15:00.224000,2025-03-21 07:32:32.544,1,,,,False,False,SQ
0 days 00:18:36.098000,PIA,81,0 days 00:01:31.723000,2.0,1.0,,,0 days 00:00:24.509000,0 days 00:00:27.478000,0 days 00:00:39.736000,0 days 00:17:28.884000,0 days 00:17:56.362000,0 days 00:18:36.098000,280.0,275.0,271.0,331.0,True,MEDIUM,2.0,True,McLaren,0 days 00:17:04.375000,2025-03-21 07:34:36.695,1,,,,False,True,SQ
0 days 00:20:42.394000,PIA,81,0 days 00:02:06.296000,3.0,1.0,,,0 days 00:00:35.311000,0 days 00:00:37.641000,0 days 00:00:53.344000,0 days 00:19:11.409000,0 days 00:19:49.050000,0 days 00:20:42.394000,204.0,183.0,196.0,242.0,False,MEDIUM,3.0,True,McLaren,0 days 00:18:36.098000,2025-03-21 07:36:08.418,1,,,,False,True,SQ
0 days 00:23:04.255000,PIA,81,0 days 00:02:21.861000,4.0,1.0,,0 days 00:23:00.925000,0 days 00:00:36.805000,0 days 00:00:37.458000,0 days 00:01:07.598000,0 days 00:21:19.199000,0 days 00:21:56.657000,0 days 00:23:04.255000,228.0,223.0,,104.0,False,MEDIUM,4.0,True,McLaren,0 days 00:20:42.394000,2025-03-21 07:38:14.714,1,,,,False,False,SQ
0 days 00:34:05.828000,PIA,81,,5.0,2.0,0 days 00:32:10.109000,,,0 days 00:00:32.932000,0 days 00:00:47.569000,,0 days 00:33:18.320000,0 days 00:34:05.906000,259.0,249.0,270.0,310.0,False,MEDIUM,1.0,True,McLaren,0 days 00:23:04.255000,2025-03-21 07:40:36.575,12,,,,False,False,SQ
0 days 00:36:05.593000,PIA,81,0 days 00:01:59.765000,6.0,2.0,,,0 days 00:00:28.938000,0 days 00:00:39.077000,0 days 00:00:51.750000,0 days 00:34:34.766000,0 days 00:35:13.843000,0 days 00:36:05.593000,215.0,219.0,269.0,225.0,True,MEDIUM,2.0,True,McLaren,0 days 00:34:05.828000,2025-03-21 07:51:38.148,1,,,,False,True,SQ
0 days 00:37:36.955000,PIA,81,0 days 00:01:31.362000,7.0,2.0,,,0 days 00:00:24.323000,0 days 00:00:27.566000,0 days 00:00:39.473000,0 days 00:36:29.916000,0 days 00:36:57.482000,0 days 00:37:36.955000,280.0,276.0,269.0,332.0,True,MEDIUM,3.0,True,McLaren,0 days 00:36:05.593000,2025-03-21 07:53:37.913,1,,,,False,True,SQ
0 days 00:39:46.508000,PIA,81,0 days 00:02:09.553000,8.0,2.0,,0 days 00:39:44.768000,0 days 00:00:36.228000,0 days 00:00:37.109000,0 days 00:00:56.216000,0 days 00:38:13.183000,0 days 00:38:50.292000,0 days 00:39:46.508000,205.0,230.0,,279.0,False,MEDIUM,4.0,True,McLaren,0 days 00:37:36.955000,2025-03-21 07:55:09.275,1,,,,False,False,SQ
0 days 00:50:37.420000,PIA,81,,9.0,3.0,0 days 00:48:47.231000,,,0 days 00:00:33.732000,0 days 00:00:48.773000,,0 days 00:49:48.823000,0 days 00:50:37.470000,254.0,243.0,269.0,311.0,False,SOFT,1.0,True,McLaren,0 days 00:39:46.508000,2025-03-21 07:57:18.828,12,,,,False,False,SQ
0 days 00:52:08.349000,PIA,81,0 days 00:01:30.929000,10.0,3.0,,,0 days 00:00:24.297000,0 days 00:00:27.317000,0 days 00:00:39.315000,0 days 00:51:01.717000,0 days 00:51:29.034000,0 days 00:52:08.349000,280.0,276.0,269.0,331.0,True,SOFT,2.0,True,McLaren,0 days 00:50:37.420000,2025-03-21 08:08:09.740,1,,,,False,True,SQ
0 days 00:54:18.856000,PIA,81,0 days 00:02:10.507000,11.0,3.0,,,0 days 00:00:39.544000,0 days 00:00:38.355000,0 days 00:00:52.608000,0 days 00:52:47.893000,0 days 00:53:26.248000,0 days 00:54:18.856000,196.0,213.0,271.0,219.0,False,SOFT,3.0,True,McLaren,0 days 00:52:08.349000,2025-03-21 08:09:40.669,1,,,,False,True,SQ
0 days 00:55:49.796000,PIA,81,0 days 00:01:30.940000,12.0,3.0,,,0 days 00:00:24.248000,0 days 00:00:27.447000,0 days 00:00:39.245000,0 days 00:54:43.104000,0 days 00:55:10.551000,0 days 00:55:49.796000,280.0,276.0,272.0,332.0,False,SOFT,4.0,True,McLaren,0 days 00:54:18.856000,2025-03-21 08:11:51.176,1,,,,False,True,SQ
0 days 00:57:57.309000,PIA,81,0 days 00:02:07.513000,13.0,3.0,,0 days 00:57:53.957000,0 days 00:00:29.456000,0 days 00:00:37.735000,0 days 00:01:00.322000,0 days 00:56:19.252000,0 days 00:56:56.987000,0 days 00:57:57.309000,214.0,155.0,,222.0,False,SOFT,5.0,True,McLaren,0 days 00:55:49.796000,2025-03-21 08:13:22.116,1,,,,False,False,SQ
0 days 00:16:05.454000,HAM,44,,1.0,1.0,0 days 00:14:05.110000,,,0 days 00:00:34.593000,0 days 00:00:47.850000,,0 days 00:15:17.612000,0 days 00:16:05.454000,254.0,241.0,266.0,307.0,False,MEDIUM,1.0,True,Ferrari,0 days 00:14:05.110000,2025-03-21 07:31:37.430,1,,,,False,False,SQ
0 days 00:17:37.683000,HAM,44,0 days 00:01:32.229000,2.0,1.0,,,0 days 00:00:24.608000,0 days 00:00:27.763000,0 days 00:00:39.858000,0 days 00:16:30.062000,0 days 00:16:57.825000,0 days 00:17:37.683000,281.0,277.0,266.0,332.0,True,MEDIUM,2.0,True,Ferrari,0 days 00:16:05.454000,2025-03-21 07:33:37.774,1,,,,False,True,SQ
0 days 00:19:52.279000,HAM,44,0 days 00:02:14.596000,3.0,1.0,,0 days 00:19:48.774000,0 days 00:00:34.163000,0 days 00:00:39.492000,0 days 00:01:00.941000,0 days 00:18:11.846000,0 days 00:18:51.338000,0 days 00:19:52.279000,200.0,224.0,,297.0,False,MEDIUM,3.0,True,Ferrari,0 days 00:17:37.683000,2025-03-21 07:35:10.003,1,,,,False,False,SQ
0 days 00:23:55.332000,HAM,44,,4.0,2.0,0 days 00:21:54.142000,,,0 days 00:00:36.462000,0 days 00:00:50.328000,,0 days 00:23:05.144000,0 days 00:23:55.643000,252.0,245.0,266.0,292.0,False,MEDIUM,4.0,False,Ferrari,0 days 00:19:52.279000,2025-03-21 07:37:24.599,1,,,,False,False,SQ
0 days 00:25:26.544000,HAM,44,0 days 00:01:31.212000,5.0,2.0,,,0 days 00:00:24.415000,0 days 00:00:27.428000,0 days 00:00:39.369000,0 days 00:24:19.747000,0 days 00:24:47.175000,0 days 00:25:26.544000,280.0,276.0,272.0,335.0,True,MEDIUM,5.0,False,Ferrari,0 days 00:23:55.332000,2025-03-21 07:41:27.652,1,,,,False,True,SQ
0 days 00:27:31.230000,HAM,44,0 days 00:02:04.686000,6.0,2.0,,0 days 00:27:29.576000,0 days 00:00:29.786000,0 days 00:00:35.664000,0 days 00:00:59.236000,0 days 00:25:56.330000,0 days 00:26:31.994000,0 days 00:27:31.230000,212.0,188.0,,189.0,False,MEDIUM,6.0,False,Ferrari,0 days 00:25:26.544000,2025-03-21 07:42:58.864,12,,,,False,False,SQ
0 days 00:34:15.011000,HAM,44,,7.0,3.0,0 days 00:32:20.687000,,,0 days 00:00:32.986000,0 days 00:00:47.522000,,0 days 00:33:27.524000,0 days 00:34:15.050000,250.0,250.0,268.0,306.0,False,MEDIUM,1.0,True,Ferrari,0 days 00:27:31.230000,2025-03-21 07:45:03.550,21,,,,False,False,SQ
0 days 00:35:47.136000,HAM,44,0 days 00:01:32.125000,8.0,3.0,,,0 days 00:00:24.448000,0 days 00:00:27.864000,0 days 00:00:39.813000,0 days 00:34:39.459000,0 days 00:35:07.323000,0 days 00:35:47.136000,281.0,276.0,266.0,334.0,True,MEDIUM,2.0,True,Ferrari,0 days 00:34:15.011000,2025-03-21 07:51:47.331,1,,,,False,True,SQ
0 days 00:37:53.621000,HAM,44,0 days 00:02:06.485000,9.0,3.0,,,0 days 00:00:35.523000,0 days 00:00:39.258000,0 days 00:00:51.704000,0 days 00:36:22.659000,0 days 00:37:01.917000,0 days 00:37:53.621000,214.0,220.0,137.0,282.0,False,MEDIUM,3.0,True,Ferrari,0 days 00:35:47.136000,2025-03-21 07:53:19.456,1,,,,False,True,SQ
0 days 00:40:02.975000,HAM,44,0 days 00:02:09.354000,10.0,3.0,,,0 days 00:00:38.317000,0 days 00:00:35.687000,0 days 00:00:55.350000,0 days 00:38:31.938000,0 days 00:39:07.625000,0 days 00:40:02.975000,210.0,237.0,267.0,236.0,False,MEDIUM,4.0,True,Ferrari,0 days 00:37:53.621000,2025-03-21 07:55:25.941,1,,,,False,True,SQ
0 days 00:41:34.359000,HAM,44,0 days 00:01:31.384000,11.0,3.0,,,0 days 00:00:24.355000,0 days 00:00:27.383000,0 days 00:00:39.646000,0 days 00:40:27.330000,0 days 00:40:54.713000,0 days 00:41:34.359000,283.0,277.0,267.0,335.0,True,MEDIUM,5.0,True,Ferrari,0 days 00:40:02.975000,2025-03-21 07:57:35.295,1,,,,False,True,SQ
0 days 00:43:37.415000,HAM,44,0 days 00:02:03.056000,12.0,3.0,,0 days 00:43:35.571000,0 days 00:00:32.224000,0 days 00:00:36.115000,0 days 00:00:54.717000,0 days 00:42:06.583000,0 days 00:42:42.698000,0 days 00:43:37.415000,189.0,185.0,,292.0,False,MEDIUM,6.0,True,Ferrari,0 days 00:41:34.359000,2025-03-21 07:59:06.679,1,,,,False,False,SQ
0 days 00:53:59.988000,HAM,44,,13.0,4.0,0 days 00:52:02.764000,,,0 days 00:00:36.784000,0 days 00:00:50.615000,,0 days 00:53:09.543000,0 days 00:53:59.988000,246.0,251.0,268.0,301.0,False,SOFT,1.0,True,Ferrari,0 days 00:43:37.415000,2025-03-21 08:01:09.735,12,,,,False,False,SQ
0 days 00:55:30.837000,HAM,44,0 days 00:01:30.849000,14.0,4.0,,,0 days 00:00:24.261000,0 days 00:00:27.249000,0 days 00:00:39.339000,0 days 00:54:24.249000,0 days 00:54:51.498000,0 days 00:55:30.837000,283.0,278.0,270.0,335.0,True,SOFT,2.0,True,Ferrari,0 days 00:53:59.988000,2025-03-21 08:11:32.308,1,,,,False,True,SQ
0 days 00:57:46.118000,HAM,44,0 days 00:02:15.281000,15.0,4.0,,0 days 00:57:41.512000,0 days 00:00:30.938000,0 days 00:00:36.019000,0 days 00:01:08.324000,0 days 00:56:01.775000,0 days 00:56:37.794000,0 days 00:57:46.118000,219.0,158.0,,189.0,False,SOFT,3.0,True,Ferrari,0 days 00:55:30.837000,2025-03-21 08:13:03.157,1,,,,False,False,SQ
0 days 00:14:29.283000,RUS,63,,1.0,1.0,0 days 00:12:37.395000,,,0 days 00:00:31.439000,0 days 00:00:49.961000,,0 days 00:13:39.351000,0 days 00:14:29.339000,273.0,269.0,260.0,331.0,False,MEDIUM,1.0,True,Mercedes,0 days 00:12:37.395000,2025-03-21 07:30:09.715,1,,,,False,False,SQ
0 days 00:16:28.080000,RUS,63,0 days 00:01:58.797000,2.0,1.0,,,0 days 00:00:28.751000,0 days 00:00:35.028000,0 days 00:00:55.018000,0 days 00:14:58.034000,0 days 00:15:33.062000,0 days 00:16:28.080000,256.0,261.0,271.0,153.0,True,MEDIUM,2.0,True,Mercedes,0 days 00:14:29.283000,2025-03-21 07:32:01.603,1,,,,False,True,SQ
0 days 00:18:32.218000,RUS,63,0 days 00:02:04.138000,3.0,1.0,,,0 days 00:00:28.475000,0 days 00:00:41.875000,0 days 00:00:53.788000,0 days 00:16:56.555000,0 days 00:17:38.430000,0 days 00:18:32.218000,191.0,225.0,272.0,168.0,False,MEDIUM,3.0,True,Mercedes,0 days 00:16:28.080000,2025-03-21 07:34:00.400,1,,,,False,True,SQ
0 days 00:20:04.508000,RUS,63,0 days 00:01:32.290000,4.0,1.0,,,0 days 00:00:24.711000,0 days 00:00:27.771000,0 days 00:00:39.808000,0 days 00:18:56.929000,0 days 00:19:24.700000,0 days 00:20:04.508000,280.0,277.0,269.0,334.0,True,MEDIUM,4.0,True,Mercedes,0 days 00:18:32.218000,2025-03-21 07:36:04.538,1,,,,False,True,SQ
0 days 00:22:10.488000,RUS,63,0 days 00:02:05.980000,5.0,1.0,,,0 days 00:00:35.947000,0 days 00:00:37.086000,0 days 00:00:52.947000,0 days 00:20:40.455000,0 days 00:21:17.541000,0 days 00:22:10.488000,251.0,245.0,222.0,259.0,False,MEDIUM,5.0,True,Mercedes,0 days 00:20:04.508000,2025-03-21 07:37:36.828,1,,,,False,True,SQ
0 days 00:24:10.982000,RUS,63,0 days 00:02:00.494000,6.0,1.0,,,0 days 00:00:31.473000,0 days 00:00:38.371000,0 days 00:00:50.650000,0 days 00:22:41.961000,0 days 00:23:20.332000,0 days 00:24:10.982000,226.0,241.0,273.0,269.0,False,MEDIUM,6.0,True,Mercedes,0 days 00:22:10.488000,2025-03-21 07:39:42.808,1,,,,False,True,SQ
0 days 00:25:42.934000,RUS,63,0 days 00:01:31.952000,7.0,1.0,,,0 days 00:00:24.605000,0 days 00:00:27.622000,0 days 00:00:39.725000,0 days 00:24:35.587000,0 days 00:25:03.209000,0 days 00:25:42.934000,280.0,276.0,264.0,337.0,True,MEDIUM,7.0,True,Mercedes,0 days 00:24:10.982000,2025-03-21 07:41:43.302,1,,,,False,True,SQ
0 days 00:27:43.079000,RUS,63,0 days 00:02:00.145000,8.0,1.0,,0 days 00:27:41.247000,0 days 00:00:31.011000,0 days 00:00:34.982000,0 days 00:00:54.152000,0 days 00:26:13.945000,0 days 00:26:48.927000,0 days 00:27:43.079000,250.0,243.0,,325.0,False,MEDIUM,8.0,True,Mercedes,0 days 00:25:42.934000,2025-03-21 07:43:15.254,12,,,,False,False,SQ
0 days 00:33:33.241000,RUS,63,,9.0,2.0,0 days 00:31:37.426000,,,0 days 00:00:34.343000,0 days 00:00:48.478000,,0 days 00:32:44.883000,0 days 00:33:33.367000,258.0,257.0,249.0,308.0,False,MEDIUM,1.0,True,Mercedes,0 days 00:27:43.079000,2025-03-21 07:45:15.399,21,,,,False,False,SQ
0 days 00:35:21.811000,RUS,63,0 days 00:01:48.570000,10.0,2.0,,,0 days 00:00:28.287000,0 days 00:00:34.314000,0 days 00:00:45.969000,0 days 00:34:01.528000,0 days 00:34:35.842000,0 days 00:35:21.811000,229.0,259.0,272.0,208.0,True,MEDIUM,2.0,True,Mercedes,0 days 00:33:33.241000,2025-03-21 07:51:05.561,1,,,,False,True,SQ
0 days 00:36:53.942000,RUS,63,0 days 00:01:32.131000,11.0,2.0,,,0 days 00:00:24.572000,0 days 00:00:27.821000,0 days 00:00:39.738000,0 days 00:35:46.383000,0 days 00:36:14.204000,0 days 00:36:53.942000,281.0,276.0,267.0,337.0,True,MEDIUM,3.0,True,Mercedes,0 days 00:35:21.811000,2025-03-21 07:52:54.131,1,,,,False,True,SQ
0 days 00:39:02.011000,RUS,63,0 days 00:02:08.069000,12.0,2.0,,,0 days 00:00:35.124000,0 days 00:00:38.469000,0 days 00:00:54.476000,0 days 00:37:29.066000,0 days 00:38:07.535000,0 days 00:39:02.011000,228.0,239.0,90.0,259.0,False,MEDIUM,4.0,True,Mercedes,0 days 00:36:53.942000,2025-03-21 07:54:26.262,1,,,,False,True,SQ
0 days 00:41:12.878000,RUS,63,0 days 00:02:10.867000,13.0,2.0,,,0 days 00:00:41.700000,0 days 00:00:39.353000,0 days 00:00:49.814000,0 days 00:39:43.711000,0 days 00:40:23.064000,0 days 00:41:12.878000,237.0,236.0,271.0,263.0,False,MEDIUM,5.0,True,Mercedes,0 days 00:39:02.011000,2025-03-21 07:56:34.331,1,,,,False,True,SQ
0 days 00:42:44.224000,RUS,63,0 days 00:01:31.346000,14.0,2.0,,,0 days 00:00:24.485000,0 days 00:00:27.403000,0 days 00:00:39.458000,0 days 00:41:37.363000,0 days 00:42:04.766000,0 days 00:42:44.224000,282.0,278.0,271.0,334.0,True,MEDIUM,6.0,True,Mercedes,0 days 00:41:12.878000,2025-03-21 07:58:45.198,1,,,,False,True,SQ
0 days 00:44:44.454000,RUS,63,0 days 00:02:00.230000,15.0,2.0,,0 days 00:44:42.701000,0 days 00:00:30.468000,0 days 00:00:33.114000,0 days 00:00:56.648000,0 days 00:43:14.692000,0 days 00:43:47.806000,0 days 00:44:44.454000,235.0,246.0,,265.0,False,MEDIUM,7.0,True,Mercedes,0 days 00:42:44.224000,2025-03-21 08:00:16.544,12,,,,False,False,SQ
0 days 00:50:59.491000,RUS,63,,16.0,3.0,0 days 00:49:15.622000,,,0 days 00:00:30.529000,0 days 00:00:46.496000,,0 days 00:50:13.084000,0 days 00:50:59.564000,260.0,261.0,272.0,136.0,False,SOFT,1.0,True,Mercedes,0 days 00:44:44.454000,2025-03-21 08:02:16.774,21,,,,False,False,SQ
0 days 00:52:30.660000,RUS,63,0 days 00:01:31.169000,17.0,3.0,,,0 days 00:00:24.302000,0 days 00:00:27.425000,0 days 00:00:39.442000,0 days 00:51:23.793000,0 days 00:51:51.218000,0 days 00:52:30.660000,282.0,277.0,272.0,336.0,True,SOFT,2.0,True,Mercedes,0 days 00:50:59.491000,2025-03-21 08:08:31.811,1,,,,False,True,SQ
0 days 00:54:40.639000,RUS,63,0 days 00:02:09.979000,18.0,3.0,,0 days 00:54:38.899000,0 days 00:00:34.461000,0 days 00:00:37.688000,0 days 00:00:57.830000,0 days 00:53:05.121000,0 days 00:53:42.809000,0 days 00:54:40.639000,209.0,240.0,,259.0,False,SOFT,3.0,True,Mercedes,0 days 00:52:30.660000,2025-03-21 08:10:02.980,1,,,,False,False,SQ
0 days 00:17:32.296000,HUL,27,,1.0,1.0,0 days 00:15:32.204000,,,0 days 00:00:35.110000,0 days 00:00:55.436000,,0 days 00:16:36.910000,0 days 00:17:32.296000,255.0,249.0,267.0,292.0,False,MEDIUM,1.0,True,Kick Sauber,0 days 00:15:32.204000,2025-03-21 07:33:04.524,1,,,,False,False,SQ
0 days 00:19:04.971000,HUL,27,0 days 00:01:32.675000,2.0,1.0,,,0 days 00:00:24.606000,0 days 00:00:27.906000,0 days 00:00:40.163000,0 days 00:17:56.902000,0 days 00:18:24.808000,0 days 00:19:04.971000,281.0,276.0,270.0,332.0,True,MEDIUM,2.0,True,Kick Sauber,0 days 00:17:32.296000,2025-03-21 07:35:04.616,1,,,,False,True,SQ
0 days 00:21:07.349000,HUL,27,0 days 00:02:02.378000,3.0,1.0,,0 days 00:21:05.629000,0 days 00:00:28.586000,0 days 00:00:35.411000,0 days 00:00:58.381000,0 days 00:19:33.557000,0 days 00:20:08.968000,0 days 00:21:07.349000,226.0,219.0,,236.0,False,MEDIUM,3.0,True,Kick Sauber,0 days 00:19:04.971000,2025-03-21 07:36:37.291,1,,,,False,False,SQ
0 days 00:24:14.930000,HUL,27,,4.0,2.0,0 days 00:22:16.965000,,,0 days 00:00:38.904000,0 days 00:00:48.262000,,0 days 00:23:26.738000,0 days 00:24:15.071000,169.0,249.0,265.0,282.0,False,MEDIUM,4.0,False,Kick Sauber,0 days 00:21:07.349000,2025-03-21 07:38:39.669,1,,,,False,False,SQ
0 days 00:25:47.785000,HUL,27,0 days 00:01:32.855000,5.0,2.0,,,0 days 00:00:24.582000,0 days 00:00:27.872000,0 days 00:00:40.401000,0 days 00:24:39.512000,0 days 00:25:07.384000,0 days 00:25:47.785000,281.0,275.0,264.0,335.0,False,MEDIUM,5.0,False,Kick Sauber,0 days 00:24:14.930000,2025-03-21 07:41:47.250,1,,,,False,True,SQ
0 days 00:27:44.713000,HUL,27,0 days 00:01:56.928000,6.0,2.0,,0 days 00:27:42.919000,0 days 00:00:31.021000,0 days 00:00:33.984000,0 days 00:00:51.923000,0 days 00:26:18.806000,0 days 00:26:52.790000,0 days 00:27:44.713000,184.0,235.0,,281.0,False,MEDIUM,6.0,False,Kick Sauber,0 days 00:25:47.785000,2025-03-21 07:43:20.105,12,,,,False,False,SQ
0 days 00:16:48.581000,ALB,23,,1.0,1.0,0 days 00:14:37.243000,,,0 days 00:00:36.233000,0 days 00:00:49.273000,,0 days 00:15:59.376000,0 days 00:16:48.680000,270.0,265.0,269.0,300.0,False,MEDIUM,1.0,True,Williams,0 days 00:14:37.243000,2025-03-21 07:32:09.563,1,,,,False,False,SQ
0 days 00:18:21.426000,ALB,23,0 days 00:01:32.845000,2.0,1.0,,,0 days 00:00:24.806000,0 days 00:00:27.871000,0 days 00:00:40.168000,0 days 00:17:13.387000,0 days 00:17:41.258000,0 days 00:18:21.426000,281.0,275.0,266.0,332.0,True,MEDIUM,2.0,True,Williams,0 days 00:16:48.581000,2025-03-21 07:34:20.901,1,,,,False,True,SQ
0 days 00:20:28.653000,ALB,23,0 days 00:02:07.227000,3.0,1.0,,,0 days 00:00:36.808000,0 days 00:00:37.679000,0 days 00:00:52.740000,0 days 00:18:58.234000,0 days 00:19:35.913000,0 days 00:20:28.653000,165.0,242.0,132.0,308.0,False,MEDIUM,3.0,True,Williams,0 days 00:18:21.426000,2025-03-21 07:35:53.746,1,,,,False,True,SQ
0 days 00:22:31.989000,ALB,23,0 days 00:02:03.336000,4.0,1.0,,,0 days 00:00:38.554000,0 days 00:00:34.906000,0 days 00:00:49.876000,0 days 00:21:07.207000,0 days 00:21:42.113000,0 days 00:22:31.989000,257.0,257.0,271.0,309.0,False,MEDIUM,4.0,True,Williams,0 days 00:20:28.653000,2025-03-21 07:38:00.973,1,,,,False,True,SQ
0 days 00:24:04.451000,ALB,23,0 days 00:01:32.462000,5.0,1.0,,,0 days 00:00:24.490000,0 days 00:00:27.932000,0 days 00:00:40.040000,0 days 00:22:56.479000,0 days 00:23:24.411000,0 days 00:24:04.451000,281.0,276.0,271.0,333.0,True,MEDIUM,5.0,True,Williams,0 days 00:22:31.989000,2025-03-21 07:40:04.309,1,,,,False,True,SQ
0 days 00:26:12.004000,ALB,23,0 days 00:02:07.553000,6.0,1.0,,0 days 00:26:10.294000,0 days 00:00:31.785000,0 days 00:00:38.482000,0 days 00:00:57.286000,0 days 00:24:36.236000,0 days 00:25:14.718000,0 days 00:26:12.004000,169.0,235.0,,236.0,False,MEDIUM,6.0,True,Williams,0 days 00:24:04.451000,2025-03-21 07:41:36.771,1,,,,False,False,SQ
0 days 00:38:41.757000,ALB,23,,7.0,2.0,0 days 00:36:44.786000,,,0 days 00:00:34.589000,0 days 00:00:48.608000,,0 days 00:37:53.224000,0 days 00:38:41.855000,248.0,267.0,264.0,318.0,False,MEDIUM,1.0,True,Williams,0 days 00:26:12.004000,2025-03-21 07:43:44.324,12,,,,False,False,SQ
0 days 00:40:39.900000,ALB,23,0 days 00:01:58.143000,8.0,2.0,,,0 days 00:00:27.660000,0 days 00:00:36.793000,0 days 00:00:53.690000,0 days 00:39:09.417000,0 days 00:39:46.210000,0 days 00:40:39.900000,278.0,259.0,270.0,132.0,True,MEDIUM,2.0,True,Williams,0 days 00:38:41.757000,2025-03-21 07:56:14.077,1,,,,False,True,SQ
0 days 00:42:11.439000,ALB,23,0 days 00:01:31.539000,9.0,2.0,,,0 days 00:00:24.321000,0 days 00:00:27.612000,0 days 00:00:39.606000,0 days 00:41:04.221000,0 days 00:41:31.833000,0 days 00:42:11.439000,281.0,277.0,271.0,333.0,True,MEDIUM,3.0,True,Williams,0 days 00:40:39.900000,2025-03-21 07:58:12.220,1,,,,False,True,SQ
0 days 00:44:17.175000,ALB,23,0 days 00:02:05.736000,10.0,2.0,,0 days 00:44:15.498000,0 days 00:00:32.986000,0 days 00:00:35.802000,0 days 00:00:56.948000,0 days 00:42:44.425000,0 days 00:43:20.227000,0 days 00:44:17.175000,203.0,245.0,,248.0,False,MEDIUM,4.0,True,Williams,0 days 00:42:11.439000,2025-03-21 07:59:43.759,12,,,,False,False,SQ
0 days 00:53:53.111000,ALB,23,,11.0,3.0,0 days 00:51:53.358000,,,0 days 00:00:37.658000,0 days 00:00:49.211000,,0 days 00:53:03.980000,0 days 00:53:53.113000,262.0,265.0,258.0,325.0,False,SOFT,1.0,True,Williams,0 days 00:44:17.175000,2025-03-21 08:01:49.495,21,,,,False,False,SQ
0 days 00:55:45.314000,ALB,23,0 days 00:01:52.203000,12.0,3.0,,,0 days 00:00:28.463000,0 days 00:00:35.900000,0 days 00:00:47.840000,0 days 00:54:21.574000,0 days 00:54:57.474000,0 days 00:55:45.314000,262.0,261.0,272.0,295.0,True,SOFT,2.0,True,Williams,0 days 00:53:53.111000,2025-03-21 08:11:25.431,1,,,,False,True,SQ
0 days 00:57:17.166000,ALB,23,0 days 00:01:31.852000,13.0,3.0,,,0 days 00:00:24.415000,0 days 00:00:27.702000,0 days 00:00:39.735000,0 days 00:56:09.729000,0 days 00:56:37.431000,0 days 00:57:17.166000,280.0,276.0,270.0,335.0,True,SOFT,3.0,True,Williams,0 days 00:55:45.314000,2025-03-21 08:13:17.634,1,,,,False,True,SQ
0 days 00:59:23.413000,ALB,23,0 days 00:02:06.247000,14.0,3.0,,0 days 00:59:20.405000,0 days 00:00:30.970000,0 days 00:00:38.407000,0 days 00:00:56.870000,0 days 00:57:48.136000,0 days 00:58:26.543000,0 days 00:59:23.413000,172.0,233.0,,290.0,False,SOFT,4.0,True,Williams,0 days 00:57:17.166000,2025-03-21 08:14:49.486,1,,,,False,False,SQ
0 days 00:17:25.576000,ALO,14,,1.0,1.0,0 days 00:15:23.737000,,,0 days 00:00:39.676000,0 days 00:00:50.938000,,0 days 00:16:34.801000,0 days 00:17:25.656000,259.0,96.0,269.0,314.0,False,MEDIUM,1.0,True,Aston Martin,0 days 00:15:23.737000,2025-03-21 07:32:56.057,1,,,,False,False,SQ
0 days 00:18:57.697000,ALO,14,0 days 00:01:32.121000,2.0,1.0,,,0 days 00:00:24.449000,0 days 00:00:27.760000,0 days 00:00:39.912000,0 days 00:17:50.025000,0 days 00:18:17.785000,0 days 00:18:57.697000,282.0,276.0,270.0,333.0,True,MEDIUM,2.0,True,Aston Martin,0 days 00:17:25.576000,2025-03-21 07:34:57.896,1,,,,False,True,SQ
0 days 00:21:07.068000,ALO,14,0 days 00:02:09.371000,3.0,1.0,,,0 days 00:00:37.094000,0 days 00:00:39.197000,0 days 00:00:53.080000,0 days 00:19:34.791000,0 days 00:20:13.988000,0 days 00:21:07.068000,252.0,242.0,175.0,251.0,False,MEDIUM,3.0,True,Aston Martin,0 days 00:18:57.697000,2025-03-21 07:36:30.017,1,,,,False,True,SQ
0 days 00:23:22.791000,ALO,14,0 days 00:02:15.723000,4.0,1.0,,,0 days 00:00:44.710000,0 days 00:00:36.833000,0 days 00:00:54.180000,0 days 00:21:51.778000,0 days 00:22:28.611000,0 days 00:23:22.791000,261.0,252.0,270.0,167.0,False,MEDIUM,4.0,True,Aston Martin,0 days 00:21:07.068000,2025-03-21 07:38:39.388,1,,,,False,True,SQ
0 days 00:25:17.714000,ALO,14,0 days 00:01:54.923000,5.0,1.0,,0 days 00:25:15.951000,0 days 00:00:24.480000,0 days 00:00:28.706000,0 days 00:01:01.737000,0 days 00:23:47.271000,0 days 00:24:15.977000,0 days 00:25:17.714000,280.0,153.0,,249.0,False,MEDIUM,5.0,True,Aston Martin,0 days 00:23:22.791000,2025-03-21 07:40:55.111,1,,,,False,False,SQ
0 days 00:40:15.359000,ALO,14,,6.0,2.0,0 days 00:38:04.536000,,,0 days 00:00:36.021000,0 days 00:00:56.380000,,0 days 00:39:19.145000,0 days 00:40:15.402000,251.0,255.0,268.0,283.0,False,MEDIUM,1.0,True,Aston Martin,0 days 00:25:17.714000,2025-03-21 07:42:50.034,12,,,,False,False,SQ
0 days 00:41:47.174000,ALO,14,0 days 00:01:31.815000,7.0,2.0,,,0 days 00:00:24.392000,0 days 00:00:27.612000,0 days 00:00:39.811000,0 days 00:40:39.751000,0 days 00:41:07.363000,0 days 00:41:47.174000,280.0,277.0,266.0,333.0,True,MEDIUM,2.0,True,Aston Martin,0 days 00:40:15.359000,2025-03-21 07:57:47.679,1,,,,False,True,SQ
0 days 00:43:57.097000,ALO,14,0 days 00:02:09.923000,8.0,2.0,,0 days 00:43:54.129000,0 days 00:00:32.282000,0 days 00:00:36.966000,0 days 00:01:00.675000,0 days 00:42:19.456000,0 days 00:42:56.422000,0 days 00:43:57.097000,213.0,220.0,,228.0,False,MEDIUM,3.0,True,Aston Martin,0 days 00:41:47.174000,2025-03-21 07:59:19.494,12,,,,False,False,SQ
0 days 00:14:24.844000,ANT,12,,1.0,1.0,0 days 00:12:32.077000,,,0 days 00:00:34.867000,0 days 00:00:47.043000,,0 days 00:13:37.976000,0 days 00:14:24.929000,248.0,249.0,236.0,307.0,False,MEDIUM,1.0,True,Mercedes,0 days 00:12:32.077000,2025-03-21 07:30:04.397,1,,,,False,False,SQ
0 days 00:16:15.482000,ANT,12,0 days 00:01:50.638000,2.0,1.0,,,0 days 00:00:28.782000,0 days 00:00:32.618000,0 days 00:00:49.238000,0 days 00:14:53.626000,0 days 00:15:26.244000,0 days 00:16:15.482000,269.0,262.0,268.0,271.0,True,MEDIUM,2.0,True,Mercedes,0 days 00:14:24.844000,2025-03-21 07:31:57.164,1,,,,False,True,SQ
0 days 00:17:48.145000,ANT,12,0 days 00:01:32.663000,3.0,1.0,,,0 days 00:00:24.836000,0 days 00:00:27.905000,0 days 00:00:39.922000,0 days 00:16:40.318000,0 days 00:17:08.223000,0 days 00:17:48.145000,281.0,275.0,267.0,334.0,True,MEDIUM,3.0,True,Mercedes,0 days 00:16:15.482000,2025-03-21 07:33:47.802,1,,,,False,True,SQ
0 days 00:19:55.678000,ANT,12,0 days 00:02:07.533000,4.0,1.0,,0 days 00:19:53.680000,0 days 00:00:30.120000,0 days 00:00:37.751000,0 days 00:00:59.662000,0 days 00:18:18.265000,0 days 00:18:56.016000,0 days 00:19:55.678000,225.0,198.0,,268.0,False,MEDIUM,4.0,True,Mercedes,0 days 00:17:48.145000,2025-03-21 07:35:20.465,1,,,,False,False,SQ
0 days 00:22:44.502000,ANT,12,,5.0,2.0,0 days 00:20:41.410000,,0 days 00:01:16.106000,0 days 00:00:36.599000,0 days 00:00:56.048000,0 days 00:21:11.860000,0 days 00:21:48.454000,0 days 00:22:44.765000,238.0,242.0,266.0,304.0,False,MEDIUM,5.0,False,Mercedes,0 days 00:19:55.678000,2025-03-21 07:37:27.998,1,,,,False,False,SQ
0 days 00:24:16.501000,ANT,12,0 days 00:01:31.999000,6.0,2.0,,,0 days 00:00:24.477000,0 days 00:00:27.850000,0 days 00:00:39.672000,0 days 00:23:08.979000,0 days 00:23:36.829000,0 days 00:24:16.501000,281.0,274.0,272.0,336.0,True,MEDIUM,6.0,False,Mercedes,0 days 00:22:44.502000,2025-03-21 07:40:16.822,1,,,,False,True,SQ
0 days 00:26:28.063000,ANT,12,0 days 00:02:11.562000,7.0,2.0,,0 days 00:26:26.013000,0 days 00:00:33.251000,0 days 00:00:37.800000,0 days 00:01:00.511000,0 days 00:24:49.752000,0 days 00:25:27.552000,0 days 00:26:28.063000,197.0,186.0,,232.0,False,MEDIUM,7.0,False,Mercedes,0 days 00:24:16.501000,2025-03-21 07:41:48.821,1,,,,False,False,SQ
0 days 00:33:25.977000,ANT,12,,8.0,3.0,0 days 00:31:31.613000,,,0 days 00:00:34.334000,0 days 00:00:49.357000,,0 days 00:32:36.789000,0 days 00:33:25.977000,255.0,251.0,226.0,312.0,False,MEDIUM,1.0,True,Mercedes,0 days 00:26:28.063000,2025-03-21 07:44:00.383,12,,,,False,False,SQ
0 days 00:35:14.221000,ANT,12,0 days 00:01:48.244000,9.0,3.0,,,0 days 00:00:29.433000,0 days 00:00:33.359000,0 days 00:00:45.452000,0 days 00:33:55.410000,0 days 00:34:28.769000,0 days 00:35:14.221000,260.0,260.0,268.0,290.0,True,MEDIUM,2.0,True,Mercedes,0 days 00:33:25.977000,2025-03-21 07:50:58.297,1,,,,False,True,SQ
0 days 00:36:46.320000,ANT,12,0 days 00:01:32.099000,10.0,3.0,,,0 days 00:00:24.664000,0 days 00:00:27.804000,0 days 00:00:39.631000,0 days 00:35:38.885000,0 days 00:36:06.689000,0 days 00:36:46.320000,281.0,275.0,266.0,336.0,True,MEDIUM,3.0,True,Mercedes,0 days 00:35:14.221000,2025-03-21 07:52:46.541,1,,,,False,True,SQ
0 days 00:38:51.678000,ANT,12,0 days 00:02:05.358000,11.0,3.0,,,0 days 00:00:31.845000,0 days 00:00:40.400000,0 days 00:00:53.113000,0 days 00:37:18.165000,0 days 00:37:58.565000,0 days 00:38:51.678000,210.0,196.0,110.0,279.0,False,MEDIUM,4.0,True,Mercedes,0 days 00:36:46.320000,2025-03-21 07:54:18.640,1,,,,False,True,SQ
0 days 00:41:02.722000,ANT,12,0 days 00:02:11.044000,12.0,3.0,,,0 days 00:00:43.375000,0 days 00:00:38.269000,0 days 00:00:49.400000,0 days 00:39:35.053000,0 days 00:40:13.322000,0 days 00:41:02.722000,226.0,224.0,267.0,279.0,False,MEDIUM,5.0,True,Mercedes,0 days 00:38:51.678000,2025-03-21 07:56:23.998,1,,,,False,True,SQ
0 days 00:42:34.197000,ANT,12,0 days 00:01:31.475000,13.0,3.0,,,0 days 00:00:24.488000,0 days 00:00:27.522000,0 days 00:00:39.465000,0 days 00:41:27.210000,0 days 00:41:54.732000,0 days 00:42:34.197000,282.0,277.0,270.0,335.0,True,MEDIUM,6.0,True,Mercedes,0 days 00:41:02.722000,2025-03-21 07:58:35.042,1,,,,False,True,SQ
0 days 00:44:40.462000,ANT,12,0 days 00:02:06.265000,14.0,3.0,,0 days 00:44:38.561000,0 days 00:00:29.839000,0 days 00:00:38.319000,0 days 00:00:58.107000,0 days 00:43:04.036000,0 days 00:43:42.355000,0 days 00:44:40.462000,199.0,207.0,,269.0,False,MEDIUM,7.0,True,Mercedes,0 days 00:42:34.197000,2025-03-21 08:00:06.517,12,,,,False,False,SQ
0 days 00:50:52.456000,ANT,12,,15.0,4.0,0 days 00:49:04.013000,,,0 days 00:00:32.340000,0 days 00:00:44.493000,,0 days 00:50:07.963000,0 days 00:50:52.470000,257.0,255.0,269.0,314.0,False,SOFT,1.0,True,Mercedes,0 days 00:44:40.462000,2025-03-21 08:02:12.782,21,,,,False,False,SQ
0 days 00:52:24.194000,ANT,12,0 days 00:01:31.738000,16.0,4.0,,,0 days 00:00:24.582000,0 days 00:00:27.652000,0 days 00:00:39.504000,0 days 00:51:17.038000,0 days 00:51:44.690000,0 days 00:52:24.194000,281.0,278.0,271.0,336.0,True,SOFT,2.0,True,Mercedes,0 days 00:50:52.456000,2025-03-21 08:08:24.776,1,,,,False,True,SQ
0 days 00:54:37.938000,ANT,12,0 days 00:02:13.744000,17.0,4.0,,0 days 00:54:36.067000,0 days 00:00:35.044000,0 days 00:00:38.855000,0 days 00:00:59.845000,0 days 00:52:59.238000,0 days 00:53:38.093000,0 days 00:54:37.938000,158.0,237.0,,258.0,False,SOFT,3.0,True,Mercedes,0 days 00:52:24.194000,2025-03-21 08:09:56.514,1,,,,False,False,SQ
0 days 00:14:52.992000,TSU,22,,1.0,1.0,0 days 00:12:55.368000,,,0 days 00:00:37.745000,0 days 00:00:49.239000,,0 days 00:14:03.845000,0 days 00:14:52.992000,251.0,251.0,268.0,301.0,False,MEDIUM,1.0,True,Racing Bulls,0 days 00:12:55.368000,2025-03-21 07:30:27.688,1,,,,False,False,SQ
0 days 00:16:26.224000,TSU,22,0 days 00:01:33.232000,2.0,1.0,,,0 days 00:00:24.861000,0 days 00:00:28.025000,0 days 00:00:40.346000,0 days 00:15:17.853000,0 days 00:15:45.878000,0 days 00:16:26.224000,279.0,274.0,269.0,333.0,True,MEDIUM,2.0,True,Racing Bulls,0 days 00:14:52.992000,2025-03-21 07:32:25.312,1,,,,False,True,SQ
0 days 00:18:44.907000,TSU,22,0 days 00:02:18.683000,3.0,1.0,,0 days 00:18:42.566000,0 days 00:00:39.850000,0 days 00:00:39.579000,0 days 00:00:59.254000,0 days 00:17:06.074000,0 days 00:17:45.653000,0 days 00:18:44.907000,213.0,228.0,,306.0,False,MEDIUM,3.0,True,Racing Bulls,0 days 00:16:26.224000,2025-03-21 07:33:58.544,1,,,,False,False,SQ
0 days 00:23:11.610000,TSU,22,,4.0,2.0,0 days 00:21:07.935000,,,0 days 00:00:37.503000,0 days 00:00:53.473000,,0 days 00:22:18.137000,0 days 00:23:11.847000,245.0,203.0,270.0,281.0,False,MEDIUM,4.0,False,Racing Bulls,0 days 00:18:44.907000,2025-03-21 07:36:17.227,1,,,,False,False,SQ
0 days 00:24:43.926000,TSU,22,0 days 00:01:32.316000,5.0,2.0,,,0 days 00:00:24.554000,0 days 00:00:27.838000,0 days 00:00:39.924000,0 days 00:23:36.164000,0 days 00:24:04.002000,0 days 00:24:43.926000,281.0,276.0,270.0,334.0,True,MEDIUM,5.0,False,Racing Bulls,0 days 00:23:11.610000,2025-03-21 07:40:43.930,1,,,,False,True,SQ
0 days 00:26:45.987000,TSU,22,0 days 00:02:02.061000,6.0,2.0,,0 days 00:26:44.272000,0 days 00:00:30.957000,0 days 00:00:34.665000,0 days 00:00:56.439000,0 days 00:25:14.883000,0 days 00:25:49.548000,0 days 00:26:45.987000,214.0,222.0,,253.0,False,MEDIUM,6.0,False,Racing Bulls,0 days 00:24:43.926000,2025-03-21 07:42:16.246,1,,,,False,False,SQ
0 days 00:39:47.573000,TSU,22,,7.0,3.0,0 days 00:37:47.895000,,,0 days 00:00:34.971000,0 days 00:00:52.935000,,0 days 00:38:54.652000,0 days 00:39:47.612000,251.0,244.0,270.0,203.0,False,MEDIUM,1.0,True,Racing Bulls,0 days 00:26:45.987000,2025-03-21 07:44:18.307,12,,,,False,False,SQ
0 days 00:41:19.367000,TSU,22,0 days 00:01:31.794000,8.0,3.0,,,0 days 00:00:24.425000,0 days 00:00:27.512000,0 days 00:00:39.857000,0 days 00:40:11.998000,0 days 00:40:39.510000,0 days 00:41:19.367000,281.0,275.0,267.0,339.0,True,MEDIUM,2.0,True,Racing Bulls,0 days 00:39:47.573000,2025-03-21 07:57:19.893,1,,,,False,True,SQ
0 days 00:43:27.101000,TSU,22,0 days 00:02:07.734000,9.0,3.0,,0 days 00:43:25.306000,0 days 00:00:30.561000,0 days 00:00:35.449000,0 days 00:01:01.724000,0 days 00:41:49.928000,0 days 00:42:25.377000,0 days 00:43:27.101000,215.0,182.0,,209.0,False,MEDIUM,3.0,True,Racing Bulls,0 days 00:41:19.367000,2025-03-21 07:58:51.687,1,,,,False,False,SQ
0 days 00:56:04.551000,TSU,22,,10.0,4.0,0 days 00:54:05.035000,,,0 days 00:00:38.351000,0 days 00:00:50.855000,,0 days 00:55:13.737000,0 days 00:56:04.752000,228.0,164.0,272.0,224.0,False,SOFT,1.0,True,Racing Bulls,0 days 00:43:27.101000,2025-03-21 08:00:59.421,12,,,,False,False,SQ
0 days 00:57:36.324000,TSU,22,0 days 00:01:31.773000,11.0,4.0,,,0 days 00:00:24.350000,0 days 00:00:27.627000,0 days 00:00:39.796000,0 days 00:56:28.901000,0 days 00:56:56.528000,0 days 00:57:36.324000,280.0,275.0,268.0,334.0,True,SOFT,2.0,True,Racing Bulls,0 days 00:56:04.551000,2025-03-21 08:13:36.871,1,,,,False,True,SQ
0 days 00:59:46.620000,TSU,22,0 days 00:02:10.296000,12.0,4.0,,0 days 00:59:42.278000,0 days 00:00:32.866000,0 days 00:00:36.134000,0 days 00:01:01.296000,0 days 00:58:09.190000,0 days 00:58:45.324000,0 days 00:59:46.620000,190.0,231.0,,247.0,False,SOFT,3.0,True,Racing Bulls,0 days 00:57:36.324000,2025-03-21 08:15:08.644,1,,,,False,False,SQ
0 days 00:15:41.711000,BEA,87,,1.0,1.0,0 days 00:13:47.651000,,,0 days 00:00:32.771000,0 days 00:00:47.339000,,0 days 00:14:54.478000,0 days 00:15:41.813000,253.0,249.0,266.0,305.0,False,MEDIUM,1.0,True,Haas F1 Team,0 days 00:13:47.651000,2025-03-21 07:31:19.971,1,,,,False,False,SQ
0 days 00:17:15.009000,BEA,87,0 days 00:01:33.298000,2.0,1.0,,,0 days 00:00:24.831000,0 days 00:00:28.129000,0 days 00:00:40.338000,0 days 00:16:06.542000,0 days 00:16:34.671000,0 days 00:17:15.009000,281.0,273.0,266.0,331.0,True,MEDIUM,2.0,True,Haas F1 Team,0 days 00:15:41.711000,2025-03-21 07:33:14.031,1,,,,False,True,SQ
0 days 00:19:22.880000,BEA,87,0 days 00:02:07.871000,3.0,1.0,,0 days 00:19:21.175000,0 days 00:00:34.399000,0 days 00:00:38.072000,0 days 00:00:55.400000,0 days 00:17:49.408000,0 days 00:18:27.480000,0 days 00:19:22.880000,201.0,245.0,,279.0,False,MEDIUM,3.0,True,Haas F1 Team,0 days 00:17:15.009000,2025-03-21 07:34:47.329,1,,,,False,False,SQ
0 days 00:23:47.047000,BEA,87,,4.0,2.0,0 days 00:21:43.736000,,,0 days 00:00:36.642000,0 days 00:00:49.718000,,0 days 00:22:57.402000,0 days 00:23:47.205000,244.0,245.0,267.0,300.0,False,MEDIUM,4.0,False,Haas F1 Team,0 days 00:19:22.880000,2025-03-21 07:36:55.200,1,,,,False,False,SQ
0 days 00:25:19.316000,BEA,87,0 days 00:01:32.269000,5.0,2.0,,,0 days 00:00:24.768000,0 days 00:00:27.645000,0 days 00:00:39.856000,0 days 00:24:11.815000,0 days 00:24:39.460000,0 days 00:25:19.316000,280.0,275.0,266.0,330.0,True,MEDIUM,5.0,False,Haas F1 Team,0 days 00:23:47.047000,2025-03-21 07:41:19.367,1,,,,False,True,SQ
0 days 00:27:27.791000,BEA,87,0 days 00:02:08.475000,6.0,2.0,,0 days 00:27:26.089000,0 days 00:00:32.468000,0 days 00:00:36.435000,0 days 00:00:59.572000,0 days 00:25:51.784000,0 days 00:26:28.219000,0 days 00:27:27.791000,212.0,214.0,,191.0,False,MEDIUM,6.0,False,Haas F1 Team,0 days 00:25:19.316000,2025-03-21 07:42:51.636,12,,,,False,False,SQ
0 days 00:40:20.630000,BEA,87,,7.0,3.0,0 days 00:38:12.106000,,,0 days 00:00:34.907000,0 days 00:00:54.298000,,0 days 00:39:26.332000,0 days 00:40:20.777000,250.0,247.0,264.0,152.0,False,MEDIUM,1.0,True,Haas F1 Team,0 days 00:27:27.791000,2025-03-21 07:45:00.111,21,,,,False,False,SQ
0 days 00:41:52.608000,BEA,87,0 days 00:01:31.978000,8.0,3.0,,,0 days 00:00:24.538000,0 days 00:00:27.522000,0 days 00:00:39.918000,0 days 00:40:45.168000,0 days 00:41:12.690000,0 days 00:41:52.608000,282.0,274.0,263.0,329.0,True,MEDIUM,2.0,True,Haas F1 Team,0 days 00:40:20.630000,2025-03-21 07:57:52.950,1,,,,False,True,SQ
0 days 00:43:59.684000,BEA,87,0 days 00:02:07.076000,9.0,3.0,,0 days 00:43:57.832000,0 days 00:00:32.311000,0 days 00:00:35.817000,0 days 00:00:58.948000,0 days 00:42:24.919000,0 days 00:43:00.736000,0 days 00:43:59.684000,191.0,228.0,,248.0,False,MEDIUM,3.0,True,Haas F1 Team,0 days 00:41:52.608000,2025-03-21 07:59:24.928,12,,,,False,False,SQ
0 days 00:17:19.921000,STR,18,,1.0,1.0,0 days 00:15:09.784000,,,0 days 00:00:46.066000,0 days 00:00:49.615000,,0 days 00:16:30.472000,0 days 00:17:19.921000,180.0,255.0,267.0,309.0,False,MEDIUM,1.0,True,Aston Martin,0 days 00:15:09.784000,2025-03-21 07:32:42.104,1,,,,False,False,SQ
0 days 00:18:52.882000,STR,18,0 days 00:01:32.961000,2.0,1.0,,,0 days 00:00:24.589000,0 days 00:00:28.021000,0 days 00:00:40.351000,0 days 00:17:44.510000,0 days 00:18:12.531000,0 days 00:18:52.882000,280.0,274.0,268.0,330.0,True,MEDIUM,2.0,True,Aston Martin,0 days 00:17:19.921000,2025-03-21 07:34:52.241,1,,,,False,True,SQ
0 days 00:20:55.517000,STR,18,0 days 00:02:02.635000,3.0,1.0,,,0 days 00:00:31.654000,0 days 00:00:39.030000,0 days 00:00:51.951000,0 days 00:19:24.536000,0 days 00:20:03.566000,0 days 00:20:55.517000,244.0,234.0,231.0,299.0,False,MEDIUM,3.0,True,Aston Martin,0 days 00:18:52.882000,2025-03-21 07:36:25.202,1,,,,False,True,SQ
0 days 00:23:04.716000,STR,18,0 days 00:02:09.199000,4.0,1.0,,,0 days 00:00:33.704000,0 days 00:00:42.893000,0 days 00:00:52.602000,0 days 00:21:29.221000,0 days 00:22:12.114000,0 days 00:23:04.716000,172.0,234.0,270.0,309.0,False,MEDIUM,4.0,True,Aston Martin,0 days 00:20:55.517000,2025-03-21 07:38:27.837,1,,,,False,True,SQ
0 days 00:24:37.043000,STR,18,0 days 00:01:32.327000,5.0,1.0,,,0 days 00:00:24.369000,0 days 00:00:27.902000,0 days 00:00:40.056000,0 days 00:23:29.085000,0 days 00:23:56.987000,0 days 00:24:37.043000,280.0,274.0,270.0,331.0,True,MEDIUM,5.0,True,Aston Martin,0 days 00:23:04.716000,2025-03-21 07:40:37.036,1,,,,False,True,SQ
0 days 00:26:37.691000,STR,18,0 days 00:02:00.648000,6.0,1.0,,0 days 00:26:35.934000,0 days 00:00:30.717000,0 days 00:00:35.178000,0 days 00:00:54.753000,0 days 00:25:07.760000,0 days 00:25:42.938000,0 days 00:26:37.691000,235.0,223.0,,278.0,False,MEDIUM,6.0,True,Aston Martin,0 days 00:24:37.043000,2025-03-21 07:42:09.363,1,,,,False,False,SQ
0 days 00:39:55.221000,STR,18,,7.0,2.0,0 days 00:37:53.958000,,,0 days 00:00:37.832000,0 days 00:00:50.925000,,0 days 00:39:04.305000,0 days 00:39:55.221000,256.0,249.0,269.0,311.0,False,MEDIUM,1.0,True,Aston Martin,0 days 00:26:37.691000,2025-03-21 07:44:10.011,12,,,,False,False,SQ
0 days 00:41:26.963000,STR,18,0 days 00:01:31.742000,8.0,2.0,,,0 days 00:00:24.390000,0 days 00:00:27.499000,0 days 00:00:39.853000,0 days 00:40:19.611000,0 days 00:40:47.110000,0 days 00:41:26.963000,280.0,275.0,267.0,331.0,True,MEDIUM,2.0,True,Aston Martin,0 days 00:39:55.221000,2025-03-21 07:57:27.541,1,,,,False,True,SQ
0 days 00:43:34.914000,STR,18,0 days 00:02:07.951000,9.0,2.0,,0 days 00:43:33.196000,0 days 00:00:29.627000,0 days 00:00:35.709000,0 days 00:01:02.615000,0 days 00:41:56.590000,0 days 00:42:32.299000,0 days 00:43:34.914000,221.0,207.0,,180.0,False,MEDIUM,3.0,True,Aston Martin,0 days 00:41:26.963000,2025-03-21 07:58:59.283,1,,,,False,False,SQ
0 days 00:54:29.913000,STR,18,,10.0,3.0,0 days 00:52:14.580000,,,0 days 00:00:38.712000,0 days 00:00:55.304000,,0 days 00:53:34.660000,0 days 00:54:29.913000,218.0,231.0,268.0,266.0,False,SOFT,5.0,False,Aston Martin,0 days 00:43:34.914000,2025-03-21 08:01:07.234,12,,,,False,False,SQ
0 days 00:56:01.895000,STR,18,0 days 00:01:31.982000,11.0,3.0,,,0 days 00:00:24.231000,0 days 00:00:27.771000,0 days 00:00:39.980000,0 days 00:54:54.144000,0 days 00:55:21.915000,0 days 00:56:01.895000,280.0,275.0,268.0,330.0,True,SOFT,6.0,False,Aston Martin,0 days 00:54:29.913000,2025-03-21 08:12:02.233,1,,,,False,True,SQ
0 days 00:58:11.210000,STR,18,0 days 00:02:09.315000,12.0,3.0,,0 days 00:58:06.998000,0 days 00:00:31.937000,0 days 00:00:33.332000,0 days 00:01:04.046000,0 days 00:56:33.832000,0 days 00:57:07.164000,0 days 00:58:11.210000,227.0,217.0,,156.0,False,SOFT,7.0,False,Aston Martin,0 days 00:56:01.895000,2025-03-21 08:13:34.215,1,,,,False,False,SQ
0 days 00:15:57.464000,OCO,31,,1.0,1.0,0 days 00:13:56.011000,,,0 days 00:00:36.137000,0 days 00:00:47.805000,,0 days 00:15:09.659000,0 days 00:15:57.501000,234.0,246.0,264.0,302.0,False,MEDIUM,1.0,True,Haas F1 Team,0 days 00:13:56.011000,2025-03-21 07:31:28.331,1,,,,False,False,SQ
0 days 00:17:31.238000,OCO,31,0 days 00:01:33.774000,2.0,1.0,,,0 days 00:00:25.112000,0 days 00:00:28.048000,0 days 00:00:40.614000,0 days 00:16:22.576000,0 days 00:16:50.624000,0 days 00:17:31.238000,278.0,274.0,265.0,325.0,True,MEDIUM,2.0,True,Haas F1 Team,0 days 00:15:57.464000,2025-03-21 07:33:29.784,1,,,,False,True,SQ
0 days 00:19:41.408000,OCO,31,0 days 00:02:10.170000,3.0,1.0,,0 days 00:19:39.683000,0 days 00:00:32.424000,0 days 00:00:37.525000,0 days 00:01:00.221000,0 days 00:18:03.662000,0 days 00:18:41.187000,0 days 00:19:41.408000,185.0,194.0,,209.0,False,MEDIUM,3.0,True,Haas F1 Team,0 days 00:17:31.238000,2025-03-21 07:35:03.558,1,,,,False,False,SQ
0 days 00:24:17.994000,OCO,31,,4.0,2.0,0 days 00:22:01.247000,,,0 days 00:00:39.432000,0 days 00:00:56.786000,,0 days 00:23:21.285000,0 days 00:24:18.118000,237.0,225.0,268.0,163.0,False,MEDIUM,4.0,False,Haas F1 Team,0 days 00:19:41.408000,2025-03-21 07:37:13.728,1,,,,False,False,SQ
0 days 00:25:50.645000,OCO,31,0 days 00:01:32.651000,5.0,2.0,,,0 days 00:00:24.702000,0 days 00:00:27.798000,0 days 00:00:40.151000,0 days 00:24:42.696000,0 days 00:25:10.494000,0 days 00:25:50.645000,279.0,275.0,265.0,329.0,True,MEDIUM,5.0,False,Haas F1 Team,0 days 00:24:17.994000,2025-03-21 07:41:50.314,1,,,,False,True,SQ
0 days 00:27:55.927000,OCO,31,0 days 00:02:05.282000,6.0,2.0,,0 days 00:27:53.415000,0 days 00:00:30.414000,0 days 00:00:36.088000,0 days 00:00:58.780000,0 days 00:26:21.059000,0 days 00:26:57.147000,0 days 00:27:55.927000,205.0,219.0,,224.0,False,MEDIUM,6.0,False,Haas F1 Team,0 days 00:25:50.645000,2025-03-21 07:43:22.965,12,,,,False,False,SQ
0 days 00:15:21.944000,GAS,10,,1.0,1.0,0 days 00:13:26.591000,,,0 days 00:00:33.501000,0 days 00:00:47.309000,,0 days 00:14:34.681000,0 days 00:15:22.018000,257.0,253.0,266.0,310.0,False,MEDIUM,1.0,True,Alpine,0 days 00:13:26.591000,2025-03-21 07:30:58.911,1,,,,False,False,SQ
0 days 00:16:54.899000,GAS,10,0 days 00:01:32.955000,2.0,1.0,,,0 days 00:00:24.800000,0 days 00:00:27.979000,0 days 00:00:40.176000,0 days 00:15:46.744000,0 days 00:16:14.723000,0 days 00:16:54.899000,278.0,274.0,267.0,332.0,True,MEDIUM,2.0,True,Alpine,0 days 00:15:21.944000,2025-03-21 07:32:54.264,1,,,,False,True,SQ
0 days 00:19:00.781000,GAS,10,0 days 00:02:05.882000,3.0,1.0,,,0 days 00:00:39.753000,0 days 00:00:35.569000,0 days 00:00:50.560000,0 days 00:17:34.652000,0 days 00:18:10.221000,0 days 00:19:00.781000,188.0,240.0,238.0,275.0,False,MEDIUM,3.0,True,Alpine,0 days 00:16:54.899000,2025-03-21 07:34:27.219,1,,,,False,True,SQ
0 days 00:21:09.185000,GAS,10,0 days 00:02:08.404000,4.0,1.0,,,0 days 00:00:37.628000,0 days 00:00:36.689000,0 days 00:00:54.087000,0 days 00:19:38.409000,0 days 00:20:15.098000,0 days 00:21:09.185000,251.0,250.0,267.0,309.0,False,MEDIUM,4.0,True,Alpine,0 days 00:19:00.781000,2025-03-21 07:36:33.101,1,,,,False,True,SQ
0 days 00:22:41.825000,GAS,10,0 days 00:01:32.640000,5.0,1.0,,,0 days 00:00:24.918000,0 days 00:00:27.828000,0 days 00:00:39.894000,0 days 00:21:34.103000,0 days 00:22:01.931000,0 days 00:22:41.825000,279.0,275.0,268.0,330.0,True,MEDIUM,5.0,True,Alpine,0 days 00:21:09.185000,2025-03-21 07:38:41.505,1,,,,False,True,SQ
0 days 00:24:46.627000,GAS,10,0 days 00:02:04.802000,6.0,1.0,,0 days 00:24:44.748000,0 days 00:00:35.093000,0 days 00:00:39.495000,0 days 00:00:50.214000,0 days 00:23:16.918000,0 days 00:23:56.413000,0 days 00:24:46.627000,193.0,208.0,,331.0,False,MEDIUM,6.0,True,Alpine,0 days 00:22:41.825000,2025-03-21 07:40:14.145,1,,,,False,False,SQ
0 days 00:16:34.095000,SAI,55,,1.0,1.0,0 days 00:14:20.173000,,,0 days 00:00:30.182000,0 days 00:00:56.444000,,0 days 00:15:37.735000,0 days 00:16:34.160000,275.0,269.0,269.0,301.0,False,MEDIUM,1.0,True,Williams,0 days 00:14:20.173000,2025-03-21 07:31:52.493,1,,,,False,False,SQ
0 days 00:18:07.366000,SAI,55,0 days 00:01:33.271000,2.0,1.0,,,0 days 00:00:24.960000,0 days 00:00:28.027000,0 days 00:00:40.284000,0 days 00:16:59.055000,0 days 00:17:27.082000,0 days 00:18:07.366000,280.0,275.0,264.0,333.0,True,MEDIUM,2.0,True,Williams,0 days 00:16:34.095000,2025-03-21 07:34:06.415,1,,,,False,True,SQ
0 days 00:20:10.131000,SAI,55,0 days 00:02:02.765000,3.0,1.0,,0 days 00:20:07.835000,0 days 00:00:29.561000,0 days 00:00:34.055000,0 days 00:00:59.149000,0 days 00:18:36.927000,0 days 00:19:10.982000,0 days 00:20:10.131000,218.0,244.0,,285.0,False,MEDIUM,3.0,True,Williams,0 days 00:18:07.366000,2025-03-21 07:35:39.686,1,,,,False,False,SQ
0 days 00:22:49.440000,SAI,55,,4.0,2.0,0 days 00:20:44.457000,,0 days 00:01:11.399000,0 days 00:00:31.654000,0 days 00:00:56.252000,0 days 00:21:21.642000,0 days 00:21:53.236000,0 days 00:22:49.620000,262.0,256.0,271.0,302.0,False,MEDIUM,4.0,False,Williams,0 days 00:20:10.131000,2025-03-21 07:37:42.451,1,,,,False,False,SQ
0 days 00:24:21.897000,SAI,55,0 days 00:01:32.457000,5.0,2.0,,,0 days 00:00:24.601000,0 days 00:00:27.883000,0 days 00:00:39.973000,0 days 00:23:14.041000,0 days 00:23:41.924000,0 days 00:24:21.897000,280.0,274.0,270.0,334.0,True,MEDIUM,5.0,False,Williams,0 days 00:22:49.440000,2025-03-21 07:40:21.760,1,,,,False,True,SQ
0 days 00:26:24.628000,SAI,55,0 days 00:02:02.731000,6.0,2.0,,0 days 00:26:22.903000,0 days 00:00:30.257000,0 days 00:00:35.205000,0 days 00:00:57.269000,0 days 00:24:52.154000,0 days 00:25:27.359000,0 days 00:26:24.628000,216.0,226.0,,205.0,False,MEDIUM,6.0,False,Williams,0 days 00:24:21.897000,2025-03-21 07:41:54.217,1,,,,False,False,SQ
0 days 00:38:35.706000,SAI,55,,7.0,3.0,0 days 00:36:40.254000,,,0 days 00:00:32.470000,0 days 00:00:53.870000,,0 days 00:37:41.911000,0 days 00:38:35.855000,272.0,262.0,242.0,315.0,False,MEDIUM,1.0,True,Williams,0 days 00:26:24.628000,2025-03-21 07:43:56.948,12,,,,False,False,SQ
0 days 00:40:28.775000,SAI,55,0 days 00:01:53.069000,8.0,3.0,,,0 days 00:00:31.770000,0 days 00:00:32.254000,0 days 00:00:49.045000,0 days 00:39:07.476000,0 days 00:39:39.730000,0 days 00:40:28.775000,272.0,267.0,269.0,309.0,True,MEDIUM,2.0,True,Williams,0 days 00:38:35.706000,2025-03-21 07:56:08.026,1,,,,False,True,SQ
0 days 00:42:01.100000,SAI,55,0 days 00:01:32.325000,9.0,3.0,,,0 days 00:00:24.615000,0 days 00:00:27.668000,0 days 00:00:40.042000,0 days 00:40:53.390000,0 days 00:41:21.058000,0 days 00:42:01.100000,281.0,276.0,262.0,332.0,True,MEDIUM,3.0,True,Williams,0 days 00:40:28.775000,2025-03-21 07:58:01.095,1,,,,False,True,SQ
0 days 00:44:09.957000,SAI,55,0 days 00:02:08.857000,10.0,3.0,,0 days 00:44:08.147000,0 days 00:00:36.168000,0 days 00:00:37.279000,0 days 00:00:55.410000,0 days 00:42:37.268000,0 days 00:43:14.547000,0 days 00:44:09.957000,187.0,199.0,,266.0,False,MEDIUM,4.0,True,Williams,0 days 00:42:01.100000,2025-03-21 07:59:33.420,12,,,,False,False,SQ
0 days 00:15:03.599000,VER,1,,1.0,1.0,0 days 00:13:01.086000,,,0 days 00:00:32.457000,0 days 00:00:52.515000,,0 days 00:14:11.126000,0 days 00:15:03.599000,265.0,258.0,268.0,259.0,False,MEDIUM,1.0,True,Red Bull Racing,0 days 00:13:01.086000,2025-03-21 07:30:33.406,1,,,,False,False,SQ
0 days 00:16:35.928000,VER,1,0 days 00:01:32.329000,2.0,1.0,,,0 days 00:00:24.576000,0 days 00:00:27.770000,0 days 00:00:39.983000,0 days 00:15:28.175000,0 days 00:15:55.945000,0 days 00:16:35.928000,281.0,274.0,268.0,334.0,True,MEDIUM,2.0,True,Red Bull Racing,0 days 00:15:03.599000,2025-03-21 07:32:35.919,1,,,,False,True,SQ
0 days 00:18:45.465000,VER,1,0 days 00:02:09.537000,3.0,1.0,,0 days 00:18:43.487000,0 days 00:00:35.643000,0 days 00:00:38.240000,0 days 00:00:55.654000,0 days 00:17:11.571000,0 days 00:17:49.811000,0 days 00:18:45.465000,161.0,196.0,,248.0,False,MEDIUM,3.0,True,Red Bull Racing,0 days 00:16:35.928000,2025-03-21 07:34:08.248,1,,,,False,False,SQ
0 days 00:23:40.065000,VER,1,,4.0,2.0,0 days 00:21:34.611000,,,0 days 00:00:37.092000,0 days 00:00:48.750000,,0 days 00:22:51.355000,0 days 00:23:40.252000,208.0,210.0,270.0,255.0,False,MEDIUM,4.0,False,Red Bull Racing,0 days 00:18:45.465000,2025-03-21 07:36:17.785,1,,,,False,False,SQ
0 days 00:25:11.981000,VER,1,0 days 00:01:31.916000,5.0,2.0,,,0 days 00:00:24.533000,0 days 00:00:27.634000,0 days 00:00:39.749000,0 days 00:24:04.598000,0 days 00:24:32.232000,0 days 00:25:11.981000,281.0,274.0,268.0,336.0,True,MEDIUM,5.0,False,Red Bull Racing,0 days 00:23:40.065000,2025-03-21 07:41:12.385,1,,,,False,True,SQ
0 days 00:27:20.859000,VER,1,0 days 00:02:08.878000,6.0,2.0,,0 days 00:27:19.099000,0 days 00:00:32.783000,0 days 00:00:38.301000,0 days 00:00:57.794000,0 days 00:25:44.764000,0 days 00:26:23.065000,0 days 00:27:20.859000,186.0,197.0,,231.0,False,MEDIUM,6.0,False,Red Bull Racing,0 days 00:25:11.981000,2025-03-21 07:42:44.301,1,,,,False,False,SQ
0 days 00:33:48.903000,VER,1,,7.0,3.0,0 days 00:31:54.535000,,,0 days 00:00:35.590000,0 days 00:00:46.177000,,0 days 00:33:02.820000,0 days 00:33:48.961000,221.0,262.0,269.0,271.0,False,MEDIUM,1.0,True,Red Bull Racing,0 days 00:27:20.859000,2025-03-21 07:44:53.179,12,,,,False,False,SQ
0 days 00:35:20.424000,VER,1,0 days 00:01:31.521000,8.0,3.0,,,0 days 00:00:24.377000,0 days 00:00:27.529000,0 days 00:00:39.615000,0 days 00:34:13.280000,0 days 00:34:40.809000,0 days 00:35:20.424000,281.0,275.0,267.0,337.0,True,MEDIUM,2.0,True,Red Bull Racing,0 days 00:33:48.903000,2025-03-21 07:51:21.223,1,,,,False,True,SQ
0 days 00:37:30.920000,VER,1,0 days 00:02:10.496000,9.0,3.0,,0 days 00:37:28.833000,0 days 00:00:37.189000,0 days 00:00:39.947000,0 days 00:00:53.360000,0 days 00:35:57.613000,0 days 00:36:37.560000,0 days 00:37:30.920000,148.0,227.0,,264.0,False,MEDIUM,3.0,True,Red Bull Racing,0 days 00:35:20.424000,2025-03-21 07:52:52.744,1,,,,False,False,SQ
0 days 00:55:26.460000,VER,1,,10.0,4.0,0 days 00:53:25.966000,,,0 days 00:00:37.234000,0 days 00:00:51.283000,,0 days 00:54:35.177000,0 days 00:55:26.472000,205.0,245.0,271.0,259.0,False,SOFT,1.0,True,Red Bull Racing,0 days 00:37:30.920000,2025-03-21 07:55:03.240,12,,,,False,False,SQ
0 days 00:56:57.327000,VER,1,0 days 00:01:30.867000,11.0,4.0,,,0 days 00:00:24.269000,0 days 00:00:27.361000,0 days 00:00:39.237000,0 days 00:55:50.729000,0 days 00:56:18.090000,0 days 00:56:57.327000,281.0,275.0,269.0,336.0,True,SOFT,2.0,True,Red Bull Racing,0 days 00:55:26.460000,2025-03-21 08:12:58.780,1,,,,False,True,SQ
0 days 00:59:08.838000,VER,1,0 days 00:02:11.511000,12.0,4.0,,0 days 00:59:06.275000,0 days 00:00:34.047000,0 days 00:00:38.713000,0 days 00:00:58.751000,0 days 00:57:31.374000,0 days 00:58:10.087000,0 days 00:59:08.838000,167.0,192.0,,258.0,False,SOFT,3.0,True,Red Bull Racing,0 days 00:56:57.327000,2025-03-21 08:14:29.647,1,,,,False,False,SQ
0 days 00:15:11.190000,HAD,6,,1.0,1.0,0 days 00:13:18.326000,,,0 days 00:00:31.496000,0 days 00:00:49.391000,,0 days 00:14:21.860000,0 days 00:15:11.190000,255.0,259.0,268.0,296.0,False,MEDIUM,1.0,True,Racing Bulls,0 days 00:13:18.326000,2025-03-21 07:30:50.646,1,,,,False,False,SQ
0 days 00:16:44.024000,HAD,6,0 days 00:01:32.834000,2.0,1.0,,,0 days 00:00:24.989000,0 days 00:00:27.717000,0 days 00:00:40.128000,0 days 00:15:36.179000,0 days 00:16:03.896000,0 days 00:16:44.024000,280.0,273.0,267.0,331.0,True,MEDIUM,2.0,True,Racing Bulls,0 days 00:15:11.190000,2025-03-21 07:32:43.510,1,,,,False,True,SQ
0 days 00:18:56.280000,HAD,6,0 days 00:02:12.256000,3.0,1.0,,0 days 00:18:54.550000,0 days 00:00:36.518000,0 days 00:00:38.826000,0 days 00:00:56.912000,0 days 00:17:20.542000,0 days 00:17:59.368000,0 days 00:18:56.280000,161.0,242.0,,284.0,False,MEDIUM,3.0,True,Racing Bulls,0 days 00:16:44.024000,2025-03-21 07:34:16.344,1,,,,False,False,SQ
0 days 00:22:55.418000,HAD,6,,4.0,2.0,0 days 00:20:55.973000,,,0 days 00:00:38.704000,0 days 00:00:49.550000,,0 days 00:22:05.919000,0 days 00:22:55.574000,220.0,185.0,269.0,283.0,False,MEDIUM,4.0,False,Racing Bulls,0 days 00:18:56.280000,2025-03-21 07:36:28.600,1,,,,False,False,SQ
0 days 00:24:27.589000,HAD,6,0 days 00:01:32.171000,5.0,2.0,,,0 days 00:00:24.657000,0 days 00:00:27.677000,0 days 00:00:39.837000,0 days 00:23:20.075000,0 days 00:23:47.752000,0 days 00:24:27.589000,281.0,274.0,266.0,332.0,True,MEDIUM,5.0,False,Racing Bulls,0 days 00:22:55.418000,2025-03-21 07:40:27.738,1,,,,False,True,SQ
0 days 00:26:32.954000,HAD,6,0 days 00:02:05.365000,6.0,2.0,,0 days 00:26:31.122000,0 days 00:00:32.932000,0 days 00:00:34.895000,0 days 00:00:57.538000,0 days 00:25:00.521000,0 days 00:25:35.416000,0 days 00:26:32.954000,245.0,239.0,,261.0,False,MEDIUM,6.0,False,Racing Bulls,0 days 00:24:27.589000,2025-03-21 07:41:59.909,1,,,,False,False,SQ
0 days 00:39:29.737000,HAD,6,,7.0,3.0,0 days 00:37:38.208000,,,0 days 00:00:34.902000,0 days 00:00:46.136000,,0 days 00:38:43.621000,0 days 00:39:29.737000,244.0,231.0,269.0,287.0,False,MEDIUM,1.0,True,Racing Bulls,0 days 00:26:32.954000,2025-03-21 07:44:05.274,12,,,,False,False,SQ
0 days 00:41:33.910000,HAD,6,0 days 00:02:04.173000,8.0,3.0,,0 days 00:41:29.867000,0 days 00:00:32.237000,0 days 00:00:33.052000,0 days 00:00:58.884000,0 days 00:40:01.974000,0 days 00:40:35.026000,0 days 00:41:33.910000,175.0,265.0,,223.0,False,MEDIUM,2.0,True,Racing Bulls,0 days 00:39:29.737000,2025-03-21 07:57:02.057,1,,,,False,False,SQ
0 days 00:16:40.339000,LAW,30,,1.0,1.0,0 days 00:14:29.454000,,,0 days 00:00:37.281000,0 days 00:00:49.041000,,0 days 00:15:51.298000,0 days 00:16:40.524000,235.0,234.0,268.0,286.0,False,MEDIUM,1.0,True,Red Bull Racing,0 days 00:14:29.454000,2025-03-21 07:32:01.774,1,,,,False,False,SQ
0 days 00:18:13.068000,LAW,30,0 days 00:01:32.729000,2.0,1.0,,,0 days 00:00:24.780000,0 days 00:00:27.669000,0 days 00:00:40.280000,0 days 00:17:05.119000,0 days 00:17:32.788000,0 days 00:18:13.068000,281.0,276.0,267.0,336.0,True,MEDIUM,2.0,True,Red Bull Racing,0 days 00:16:40.339000,2025-03-21 07:34:12.659,1,,,,False,True,SQ
0 days 00:20:17.965000,LAW,30,0 days 00:02:04.897000,3.0,1.0,,,0 days 00:00:36.698000,0 days 00:00:40.052000,0 days 00:00:48.147000,0 days 00:18:49.766000,0 days 00:19:29.818000,0 days 00:20:17.965000,123.0,217.0,202.0,293.0,False,MEDIUM,3.0,True,Red Bull Racing,0 days 00:18:13.068000,2025-03-21 07:35:45.388,1,,,,False,True,SQ
0 days 00:22:24.179000,LAW,30,0 days 00:02:06.214000,4.0,1.0,,,0 days 00:00:34.768000,0 days 00:00:41.847000,0 days 00:00:49.599000,0 days 00:20:52.733000,0 days 00:21:34.580000,0 days 00:22:24.179000,178.0,191.0,269.0,280.0,False,MEDIUM,4.0,True,Red Bull Racing,0 days 00:20:17.965000,2025-03-21 07:37:50.285,1,,,,False,True,SQ
0 days 00:24:39.934000,LAW,30,0 days 00:02:15.755000,5.0,1.0,,0 days 00:24:36.373000,0 days 00:00:24.788000,0 days 00:00:30.133000,0 days 00:01:20.834000,0 days 00:22:48.967000,0 days 00:23:19.100000,0 days 00:24:39.934000,282.0,131.0,,204.0,False,MEDIUM,5.0,True,Red Bull Racing,0 days 00:22:24.179000,2025-03-21 07:39:56.499,1,,,,False,False,SQ
0 days 00:14:38.165000,BOR,5,,1.0,1.0,0 days 00:12:46.910000,,,0 days 00:00:33.664000,0 days 00:00:48.081000,,0 days 00:13:50.126000,0 days 00:14:38.165000,252.0,245.0,265.0,308.0,False,MEDIUM,1.0,True,Kick Sauber,0 days 00:12:46.910000,2025-03-21 07:30:19.230,1,,,,False,False,SQ
0 days 00:16:11.858000,BOR,5,0 days 00:01:33.693000,2.0,1.0,,,0 days 00:00:24.998000,0 days 00:00:28.340000,0 days 00:00:40.355000,0 days 00:15:03.163000,0 days 00:15:31.503000,0 days 00:16:11.858000,281.0,274.0,268.0,332.0,True,MEDIUM,2.0,True,Kick Sauber,0 days 00:14:38.165000,2025-03-21 07:32:10.485,1,,,,False,True,SQ
0 days 00:18:26.307000,BOR,5,0 days 00:02:14.449000,3.0,1.0,,0 days 00:18:24.395000,0 days 00:00:35.177000,0 days 00:00:41.130000,0 days 00:00:58.142000,0 days 00:16:47.035000,0 days 00:17:28.165000,0 days 00:18:26.307000,148.0,201.0,,185.0,False,MEDIUM,3.0,True,Kick Sauber,0 days 00:16:11.858000,2025-03-21 07:33:44.178,1,,,,False,False,SQ
0 days 00:23:16.082000,BOR,5,,4.0,2.0,0 days 00:21:11.345000,,,0 days 00:00:36.702000,0 days 00:00:54.011000,,0 days 00:22:22.106000,0 days 00:23:16.331000,218.0,181.0,267.0,154.0,False,MEDIUM,4.0,False,Kick Sauber,0 days 00:18:26.307000,2025-03-21 07:35:58.627,1,,,,False,False,SQ
0 days 00:24:48.621000,BOR,5,0 days 00:01:32.539000,5.0,2.0,,,0 days 00:00:24.608000,0 days 00:00:27.854000,0 days 00:00:40.077000,0 days 00:23:40.690000,0 days 00:24:08.544000,0 days 00:24:48.621000,281.0,276.0,270.0,334.0,True,MEDIUM,5.0,False,Kick Sauber,0 days 00:23:16.082000,2025-03-21 07:40:48.402,1,,,,False,True,SQ
0 days 00:26:57.218000,BOR,5,0 days 00:02:08.597000,6.0,2.0,,0 days 00:26:55.063000,0 days 00:00:31.431000,0 days 00:00:37.183000,0 days 00:00:59.983000,0 days 00:25:20.052000,0 days 00:25:57.235000,0 days 00:26:57.218000,210.0,217.0,,283.0,False,MEDIUM,6.0,False,Kick Sauber,0 days 00:24:48.621000,2025-03-21 07:42:20.941,1,,,,False,False,SQ
0 days 00:33:38.102000,BOR,5,,7.0,3.0,0 days 00:31:47.145000,,,0 days 00:00:33.464000,0 days 00:00:48.659000,,0 days 00:32:49.601000,0 days 00:33:38.102000,254.0,249.0,268.0,304.0,False,MEDIUM,1.0,True,Kick Sauber,0 days 00:26:57.218000,2025-03-21 07:44:29.538,12,,,,False,False,SQ
0 days 00:35:40.034000,BOR,5,0 days 00:02:01.932000,8.0,3.0,,,0 days 00:00:25.743000,0 days 00:00:36.315000,0 days 00:00:59.874000,0 days 00:34:03.845000,0 days 00:34:40.160000,0 days 00:35:40.034000,190.0,173.0,179.0,150.0,True,MEDIUM,2.0,True,Kick Sauber,0 days 00:33:38.102000,2025-03-21 07:51:10.422,1,,,,False,True,SQ
0 days 00:37:51.754000,BOR,5,0 days 00:02:11.720000,9.0,3.0,,0 days 00:37:50.099000,0 days 00:00:35.415000,0 days 00:00:36.135000,0 days 00:01:00.170000,0 days 00:36:15.449000,0 days 00:36:51.584000,0 days 00:37:51.754000,229.0,217.0,,234.0,False,MEDIUM,3.0,True,Kick Sauber,0 days 00:35:40.034000,2025-03-21 07:53:12.354,1,,,,False,False,SQ
0 days 00:40:33.984000,BOR,5,,10.0,4.0,0 days 00:38:38.183000,,0 days 00:01:19.490000,0 days 00:00:32.688000,0 days 00:00:50.019000,0 days 00:39:11.348000,0 days 00:39:44.143000,0 days 00:40:34.213000,256.0,249.0,267.0,195.0,False,MEDIUM,4.0,False,Kick Sauber,0 days 00:37:51.754000,2025-03-21 07:55:24.074,1,,,,False,False,SQ
0 days 00:42:06.548000,BOR,5,0 days 00:01:32.564000,11.0,4.0,,,0 days 00:00:24.852000,0 days 00:00:27.683000,0 days 00:00:40.029000,0 days 00:40:58.836000,0 days 00:41:26.519000,0 days 00:42:06.548000,282.0,278.0,263.0,332.0,True,MEDIUM,5.0,False,Kick Sauber,0 days 00:40:33.984000,2025-03-21 07:58:06.304,1,,,,False,True,SQ
0 days 00:44:11.477000,BOR,5,0 days 00:02:04.929000,12.0,4.0,,0 days 00:44:09.850000,0 days 00:00:36.059000,0 days 00:00:34.520000,0 days 00:00:54.350000,0 days 00:42:42.607000,0 days 00:43:17.127000,0 days 00:44:11.477000,132.0,246.0,,268.0,False,MEDIUM,6.0,False,Kick Sauber,0 days 00:42:06.548000,2025-03-21 07:59:38.868,12,,,,False,False,SQ
0 days 00:15:33.221000,DOO,7,,1.0,1.0,0 days 00:13:38.445000,,,0 days 00:00:33.158000,0 days 00:00:45.562000,,0 days 00:14:47.837000,0 days 00:15:33.313000,251.0,247.0,265.0,309.0,False,MEDIUM,1.0,True,Alpine,0 days 00:13:38.445000,2025-03-21 07:31:10.765,1,,,,False,False,SQ
0 days 00:17:06.350000,DOO,7,0 days 00:01:33.129000,2.0,1.0,,,0 days 00:00:24.791000,0 days 00:00:28.114000,0 days 00:00:40.224000,0 days 00:15:58.012000,0 days 00:16:26.126000,0 days 00:17:06.350000,280.0,274.0,272.0,331.0,True,MEDIUM,2.0,True,Alpine,0 days 00:15:33.221000,2025-03-21 07:33:05.541,1,,,,False,True,SQ
0 days 00:19:08.929000,DOO,7,0 days 00:02:02.579000,3.0,1.0,,,0 days 00:00:31.130000,0 days 00:00:37.759000,0 days 00:00:53.690000,0 days 00:17:37.480000,0 days 00:18:15.239000,0 days 00:19:08.929000,174.0,235.0,167.0,199.0,False,MEDIUM,3.0,True,Alpine,0 days 00:17:06.350000,2025-03-21 07:34:38.670,1,,,,False,True,SQ
0 days 00:21:15.101000,DOO,7,0 days 00:02:06.172000,4.0,1.0,,,0 days 00:00:33.351000,0 days 00:00:37.366000,0 days 00:00:55.455000,0 days 00:19:42.280000,0 days 00:20:19.646000,0 days 00:21:15.101000,217.0,203.0,268.0,285.0,False,MEDIUM,4.0,True,Alpine,0 days 00:19:08.929000,2025-03-21 07:36:41.249,1,,,,False,True,SQ
0 days 00:22:47.676000,DOO,7,0 days 00:01:32.575000,5.0,1.0,,,0 days 00:00:24.609000,0 days 00:00:27.945000,0 days 00:00:40.021000,0 days 00:21:39.710000,0 days 00:22:07.655000,0 days 00:22:47.676000,280.0,274.0,268.0,330.0,True,MEDIUM,5.0,True,Alpine,0 days 00:21:15.101000,2025-03-21 07:38:47.421,1,,,,False,True,SQ
0 days 00:24:48.969000,DOO,7,0 days 00:02:01.293000,6.0,1.0,,0 days 00:24:46.841000,0 days 00:00:33.434000,0 days 00:00:35.993000,0 days 00:00:51.866000,0 days 00:23:21.110000,0 days 00:23:57.103000,0 days 00:24:48.969000,177.0,176.0,,306.0,False,MEDIUM,6.0,True,Alpine,0 days 00:22:47.676000,2025-03-21 07:40:19.996,1,,,,False,False,SQ
0 days 00:17:05.058000,PIA,81,,1.0,1.0,0 days 00:15:03.151000,,,0 days 00:00:35.620000,0 days 00:00:53.330000,,0 days 00:16:11.813000,0 days 00:17:05.125000,247.0,256.0,273.0,307.0,False,SOFT,6.0,False,McLaren,0 days 00:15:03.151000,2025-03-22 07:02:08.658,12,,,,False,False,Q
0 days 00:18:36.649000,PIA,81,0 days 00:01:31.591000,2.0,1.0,,,0 days 00:00:24.176000,0 days 00:00:27.442000,0 days 00:00:39.973000,0 days 00:17:29.234000,0 days 00:17:56.676000,0 days 00:18:36.649000,282.0,276.0,268.0,330.0,True,SOFT,7.0,False,McLaren,0 days 00:17:05.058000,2025-03-22 07:04:10.565,21,,,,False,True,Q
0 days 00:20:28.126000,PIA,81,0 days 00:01:51.477000,3.0,1.0,,0 days 00:20:26.329000,0 days 00:00:29.205000,0 days 00:00:31.339000,0 days 00:00:50.933000,0 days 00:19:05.854000,0 days 00:19:37.193000,0 days 00:20:28.126000,235.0,246.0,,286.0,False,SOFT,8.0,False,McLaren,0 days 00:18:36.649000,2025-03-22 07:05:42.156,1,,,,False,False,Q
0 days 00:24:11.638000,PIA,81,,4.0,2.0,0 days 00:22:18.298000,,,0 days 00:00:31.668000,0 days 00:00:51.759000,,0 days 00:23:19.908000,0 days 00:24:11.795000,265.0,257.0,272.0,313.0,False,SOFT,1.0,True,McLaren,0 days 00:20:28.126000,2025-03-22 07:07:33.633,1,,,,False,False,Q
0 days 00:25:43.565000,PIA,81,0 days 00:01:31.927000,5.0,2.0,,,0 days 00:00:24.252000,0 days 00:00:27.538000,0 days 00:00:40.137000,0 days 00:24:35.890000,0 days 00:25:03.428000,0 days 00:25:43.565000,283.0,277.0,270.0,328.0,False,SOFT,2.0,True,McLaren,0 days 00:24:11.638000,2025-03-22 07:11:17.145,1,,,,False,True,Q
0 days 00:27:54.052000,PIA,81,0 days 00:02:10.487000,6.0,2.0,,,0 days 00:00:36.243000,0 days 00:00:39.914000,0 days 00:00:54.330000,0 days 00:26:19.808000,0 days 00:26:59.722000,0 days 00:27:54.052000,184.0,214.0,99.0,292.0,False,SOFT,3.0,True,McLaren,0 days 00:25:43.565000,2025-03-22 07:12:49.072,1,,,,False,True,Q
0 days 00:30:06.578000,PIA,81,0 days 00:02:12.526000,7.0,2.0,,,0 days 00:00:37.431000,0 days 00:00:39.997000,0 days 00:00:55.098000,0 days 00:28:31.483000,0 days 00:29:11.480000,0 days 00:30:06.578000,182.0,236.0,274.0,299.0,False,SOFT,4.0,True,McLaren,0 days 00:27:54.052000,2025-03-22 07:14:59.559,1,,,,False,True,Q
0 days 00:31:45.612000,PIA,81,0 days 00:01:39.034000,8.0,2.0,,0 days 00:31:43.888000,0 days 00:00:24.079000,0 days 00:00:27.440000,0 days 00:00:47.515000,0 days 00:30:30.657000,0 days 00:30:58.097000,0 days 00:31:45.612000,283.0,278.0,,327.0,False,SOFT,5.0,True,McLaren,0 days 00:30:06.578000,2025-03-22 07:17:12.085,1,,,,False,False,Q
0 days 00:42:15.963000,PIA,81,,9.0,3.0,0 days 00:40:25.245000,,,0 days 00:00:31.971000,0 days 00:00:50.157000,,0 days 00:41:25.883000,0 days 00:42:16.091000,257.0,251.0,264.0,308.0,False,SOFT,1.0,True,McLaren,0 days 00:31:45.612000,2025-03-22 07:18:51.119,12,,,,False,False,Q
0 days 00:43:47.163000,PIA,81,0 days 00:01:31.200000,10.0,3.0,,,0 days 00:00:24.219000,0 days 00:00:27.341000,0 days 00:00:39.640000,0 days 00:42:40.182000,0 days 00:43:07.523000,0 days 00:43:47.163000,285.0,279.0,271.0,328.0,True,SOFT,2.0,True,McLaren,0 days 00:42:15.963000,2025-03-22 07:29:21.470,1,,,,False,True,Q
0 days 00:45:45.064000,PIA,81,0 days 00:01:57.901000,11.0,3.0,,0 days 00:45:43.388000,0 days 00:00:31.052000,0 days 00:00:33.180000,0 days 00:00:53.669000,0 days 00:44:18.215000,0 days 00:44:51.395000,0 days 00:45:45.064000,234.0,230.0,,270.0,False,SOFT,3.0,True,McLaren,0 days 00:43:47.163000,2025-03-22 07:30:52.670,1,,,,False,False,Q
0 days 00:50:21.987000,PIA,81,,12.0,4.0,0 days 00:48:21.266000,,,0 days 00:00:34.238000,0 days 00:00:49.562000,,0 days 00:49:32.591000,0 days 00:50:22.237000,261.0,240.0,275.0,307.0,False,SOFT,4.0,False,McLaren,0 days 00:45:45.064000,2025-03-22 07:32:50.571,1,,,,False,False,Q
0 days 00:51:53.232000,PIA,81,0 days 00:01:31.245000,13.0,4.0,,,0 days 00:00:24.103000,0 days 00:00:27.315000,0 days 00:00:39.827000,0 days 00:50:46.090000,0 days 00:51:13.405000,0 days 00:51:53.232000,285.0,278.0,274.0,330.0,False,SOFT,5.0,False,McLaren,0 days 00:50:21.987000,2025-03-22 07:37:27.494,1,,,,False,True,Q
0 days 00:53:49.502000,PIA,81,0 days 00:01:56.270000,14.0,4.0,,0 days 00:53:47.700000,0 days 00:00:30.327000,0 days 00:00:32.984000,0 days 00:00:52.959000,0 days 00:52:23.559000,0 days 00:52:56.543000,0 days 00:53:49.502000,237.0,246.0,,262.0,False,SOFT,6.0,False,McLaren,0 days 00:51:53.232000,2025-03-22 07:38:58.739,1,,,,False,False,Q
0 days 01:03:32.813000,PIA,81,,15.0,5.0,0 days 01:01:38.595000,,,0 days 00:00:33.257000,0 days 00:00:47.655000,,0 days 01:02:45.252000,0 days 01:03:32.813000,263.0,255.0,273.0,306.0,False,SOFT,1.0,True,McLaren,0 days 00:53:49.502000,2025-03-22 07:40:55.009,12,,,,False,False,Q
0 days 01:05:03.516000,PIA,81,0 days 00:01:30.703000,16.0,5.0,,,0 days 00:00:23.984000,0 days 00:00:27.163000,0 days 00:00:39.556000,0 days 01:03:56.797000,0 days 01:04:23.960000,0 days 01:05:03.516000,283.0,279.0,271.0,327.0,True,SOFT,2.0,True,McLaren,0 days 01:03:32.813000,2025-03-22 07:50:38.320,1,,,,False,True,Q
0 days 01:06:59.968000,PIA,81,0 days 00:01:56.452000,17.0,5.0,,0 days 01:06:58.066000,0 days 00:00:29.231000,0 days 00:00:33.610000,0 days 00:00:53.611000,0 days 01:05:32.747000,0 days 01:06:06.357000,0 days 01:06:59.968000,211.0,237.0,,257.0,False,SOFT,3.0,True,McLaren,0 days 01:05:03.516000,2025-03-22 07:52:09.023,1,,,,False,False,Q
0 days 01:11:34.369000,PIA,81,,18.0,6.0,0 days 01:09:44.110000,,,0 days 00:00:33.824000,0 days 00:00:47.569000,,0 days 01:10:46.990000,0 days 01:11:34.620000,263.0,247.0,276.0,307.0,False,SOFT,1.0,True,McLaren,0 days 01:06:59.968000,2025-03-22 07:54:05.475,1,,,,False,False,Q
0 days 01:13:05.010000,PIA,81,0 days 00:01:30.641000,19.0,6.0,,,0 days 00:00:23.996000,0 days 00:00:27.227000,0 days 00:00:39.418000,0 days 01:11:58.365000,0 days 01:12:25.592000,0 days 01:13:05.010000,284.0,278.0,272.0,329.0,True,SOFT,2.0,True,McLaren,0 days 01:11:34.369000,2025-03-22 07:58:39.876,1,,,,False,True,Q
0 days 01:15:12.652000,PIA,81,0 days 00:02:07.642000,20.0,6.0,,0 days 01:15:09.694000,0 days 00:00:28.645000,0 days 00:00:37.537000,0 days 00:01:01.460000,0 days 01:13:33.655000,0 days 01:14:11.192000,0 days 01:15:12.652000,207.0,194.0,,197.0,False,SOFT,3.0,True,McLaren,0 days 01:13:05.010000,2025-03-22 08:00:10.517,1,,,,False,False,Q
0 days 00:18:08.811000,RUS,63,,1.0,1.0,0 days 00:16:14.625000,,,0 days 00:00:37.874000,0 days 00:00:48.142000,,0 days 00:17:20.844000,0 days 00:18:08.823000,244.0,253.0,271.0,301.0,False,SOFT,4.0,False,Mercedes,0 days 00:16:14.625000,2025-03-22 07:03:20.132,12,,,,False,False,Q
0 days 00:19:40.893000,RUS,63,0 days 00:01:32.082000,2.0,1.0,,,0 days 00:00:24.429000,0 days 00:00:27.411000,0 days 00:00:40.242000,0 days 00:18:33.240000,0 days 00:19:00.651000,0 days 00:19:40.893000,283.0,277.0,270.0,332.0,True,SOFT,5.0,False,Mercedes,0 days 00:18:08.811000,2025-03-22 07:05:14.318,1,,,,False,True,Q
0 days 00:21:30.969000,RUS,63,0 days 00:01:50.076000,3.0,1.0,,0 days 00:21:29.238000,0 days 00:00:28.440000,0 days 00:00:31.590000,0 days 00:00:50.046000,0 days 00:20:09.333000,0 days 00:20:40.923000,0 days 00:21:30.969000,254.0,250.0,,307.0,False,SOFT,6.0,False,Mercedes,0 days 00:19:40.893000,2025-03-22 07:06:46.400,1,,,,False,False,Q
0 days 00:24:05.252000,RUS,63,,4.0,2.0,0 days 00:22:06.282000,,0 days 00:01:08.584000,0 days 00:00:31.215000,0 days 00:00:54.504000,0 days 00:22:39.645000,0 days 00:23:10.876000,0 days 00:24:05.455000,265.0,261.0,271.0,314.0,False,SOFT,1.0,True,Mercedes,0 days 00:21:30.969000,2025-03-22 07:08:36.476,1,,,,False,False,Q
0 days 00:25:37.274000,RUS,63,0 days 00:01:32.022000,5.0,2.0,,,0 days 00:00:24.330000,0 days 00:00:27.553000,0 days 00:00:40.139000,0 days 00:24:29.582000,0 days 00:24:57.135000,0 days 00:25:37.274000,285.0,279.0,271.0,333.0,True,SOFT,2.0,True,Mercedes,0 days 00:24:05.252000,2025-03-22 07:11:10.759,1,,,,False,True,Q
0 days 00:27:53.287000,RUS,63,0 days 00:02:16.013000,6.0,2.0,,,0 days 00:00:41.863000,0 days 00:00:39.056000,0 days 00:00:55.094000,0 days 00:26:19.137000,0 days 00:26:58.193000,0 days 00:27:53.287000,247.0,237.0,97.0,259.0,False,SOFT,3.0,True,Mercedes,0 days 00:25:37.274000,2025-03-22 07:12:42.781,1,,,,False,True,Q
0 days 00:30:11.601000,RUS,63,0 days 00:02:18.314000,7.0,2.0,,,0 days 00:00:39.604000,0 days 00:00:39.708000,0 days 00:00:59.002000,0 days 00:28:32.891000,0 days 00:29:12.599000,0 days 00:30:11.601000,249.0,247.0,274.0,281.0,False,SOFT,4.0,True,Mercedes,0 days 00:27:53.287000,2025-03-22 07:14:58.794,1,,,,False,True,Q
0 days 00:31:42.896000,RUS,63,0 days 00:01:31.295000,8.0,2.0,,,0 days 00:00:24.187000,0 days 00:00:27.368000,0 days 00:00:39.740000,0 days 00:30:35.788000,0 days 00:31:03.156000,0 days 00:31:42.896000,285.0,279.0,271.0,332.0,True,SOFT,5.0,True,Mercedes,0 days 00:30:11.601000,2025-03-22 07:17:17.108,1,,,,False,True,Q
0 days 00:33:47.771000,RUS,63,0 days 00:02:04.875000,9.0,2.0,,0 days 00:33:45.976000,0 days 00:00:33.875000,0 days 00:00:36.552000,0 days 00:00:54.448000,0 days 00:32:16.771000,0 days 00:32:53.323000,0 days 00:33:47.771000,249.0,245.0,,309.0,False,SOFT,6.0,True,Mercedes,0 days 00:31:42.896000,2025-03-22 07:18:48.403,12,,,,False,False,Q
0 days 00:41:26.885000,RUS,63,,10.0,3.0,0 days 00:39:21.066000,,,0 days 00:00:34.884000,0 days 00:00:54.722000,,0 days 00:40:32.198000,0 days 00:41:26.961000,266.0,259.0,272.0,92.0,False,SOFT,4.0,False,Mercedes,0 days 00:33:47.771000,2025-03-22 07:20:53.278,21,,,,False,False,Q
0 days 00:42:58.192000,RUS,63,0 days 00:01:31.307000,11.0,3.0,,,0 days 00:00:24.264000,0 days 00:00:27.412000,0 days 00:00:39.631000,0 days 00:41:51.149000,0 days 00:42:18.561000,0 days 00:42:58.192000,286.0,280.0,274.0,338.0,True,SOFT,5.0,False,Mercedes,0 days 00:41:26.885000,2025-03-22 07:28:32.392,1,,,,False,True,Q
0 days 00:44:57.752000,RUS,63,0 days 00:01:59.560000,12.0,3.0,,0 days 00:44:55.458000,0 days 00:00:31.657000,0 days 00:00:37.699000,0 days 00:00:50.204000,0 days 00:43:29.849000,0 days 00:44:07.548000,0 days 00:44:57.752000,256.0,252.0,,317.0,False,SOFT,6.0,False,Mercedes,0 days 00:42:58.192000,2025-03-22 07:30:03.699,1,,,,False,False,Q
0 days 00:49:46.442000,RUS,63,,13.0,4.0,0 days 00:47:59.102000,,,0 days 00:00:29.627000,0 days 00:00:52.621000,,0 days 00:48:53.821000,0 days 00:49:46.718000,243.0,264.0,272.0,219.0,False,SOFT,1.0,True,Mercedes,0 days 00:44:57.752000,2025-03-22 07:32:03.259,1,,,,False,False,Q
0 days 00:51:17.776000,RUS,63,0 days 00:01:31.334000,14.0,4.0,,,0 days 00:00:24.215000,0 days 00:00:27.322000,0 days 00:00:39.797000,0 days 00:50:10.657000,0 days 00:50:37.979000,0 days 00:51:17.776000,286.0,279.0,273.0,332.0,False,SOFT,2.0,True,Mercedes,0 days 00:49:46.442000,2025-03-22 07:36:51.949,1,,,,False,True,Q
0 days 00:53:23.738000,RUS,63,0 days 00:02:05.962000,15.0,4.0,,0 days 00:53:21.904000,0 days 00:00:32.995000,0 days 00:00:35.097000,0 days 00:00:57.870000,0 days 00:51:50.771000,0 days 00:52:25.868000,0 days 00:53:23.738000,258.0,250.0,,141.0,False,SOFT,3.0,True,Mercedes,0 days 00:51:17.776000,2025-03-22 07:38:23.283,1,,,,False,False,Q
0 days 01:02:39.738000,RUS,63,,16.0,5.0,0 days 01:00:59.407000,,,0 days 00:00:29.662000,0 days 00:00:43.531000,,0 days 01:01:56.329000,0 days 01:02:39.830000,281.0,274.0,245.0,318.0,False,SOFT,1.0,True,Mercedes,0 days 00:53:23.738000,2025-03-22 07:40:29.245,12,,,,False,False,Q
0 days 01:04:43.159000,RUS,63,0 days 00:02:03.421000,17.0,5.0,,,0 days 00:00:31.345000,0 days 00:00:39.296000,0 days 00:00:52.780000,0 days 01:03:11.083000,0 days 01:03:50.379000,0 days 01:04:43.159000,204.0,149.0,273.0,287.0,True,SOFT,2.0,True,Mercedes,0 days 01:02:39.738000,2025-03-22 07:49:45.245,1,,,,False,True,Q
0 days 01:06:14.143000,RUS,63,0 days 00:01:30.984000,18.0,5.0,,,0 days 00:00:24.207000,0 days 00:00:27.269000,0 days 00:00:39.508000,0 days 01:05:07.366000,0 days 01:05:34.635000,0 days 01:06:14.143000,284.0,280.0,274.0,332.0,True,SOFT,3.0,True,Mercedes,0 days 01:04:43.159000,2025-03-22 07:51:48.666,1,,,,False,True,Q
0 days 01:07:58.921000,RUS,63,0 days 00:01:44.778000,19.0,5.0,,0 days 01:07:57.114000,0 days 00:00:27.346000,0 days 00:00:30.066000,0 days 00:00:47.366000,0 days 01:06:41.489000,0 days 01:07:11.555000,0 days 01:07:58.921000,258.0,254.0,,314.0,False,SOFT,4.0,True,Mercedes,0 days 01:06:14.143000,2025-03-22 07:53:19.650,1,,,,False,False,Q
0 days 01:12:15.727000,RUS,63,,20.0,6.0,0 days 01:10:27.631000,,,0 days 00:00:32.555000,0 days 00:00:47.295000,,0 days 01:11:28.432000,0 days 01:12:15.964000,236.0,195.0,274.0,292.0,False,SOFT,1.0,True,Mercedes,0 days 01:07:58.921000,2025-03-22 07:55:04.428,1,,,,False,False,Q
0 days 01:13:46.450000,RUS,63,0 days 00:01:30.723000,21.0,6.0,,,0 days 00:00:24.068000,0 days 00:00:27.221000,0 days 00:00:39.434000,0 days 01:12:39.795000,0 days 01:13:07.016000,0 days 01:13:46.450000,286.0,280.0,272.0,334.0,True,SOFT,2.0,True,Mercedes,0 days 01:12:15.727000,2025-03-22 07:59:21.234,1,,,,False,True,Q
0 days 01:15:59.807000,RUS,63,0 days 00:02:13.357000,22.0,6.0,,0 days 01:15:57.182000,0 days 00:00:34.964000,0 days 00:00:35.951000,0 days 00:01:02.442000,0 days 01:14:21.414000,0 days 01:14:57.365000,0 days 01:15:59.807000,192.0,208.0,,219.0,False,SOFT,3.0,True,Mercedes,0 days 01:13:46.450000,2025-03-22 08:00:51.957,1,,,,False,False,Q
0 days 00:16:35.155000,NOR,4,,1.0,1.0,0 days 00:14:35.188000,,,0 days 00:00:34.177000,0 days 00:00:51.871000,,0 days 00:15:43.284000,0 days 00:16:35.202000,247.0,255.0,273.0,269.0,False,SOFT,5.0,False,McLaren,0 days 00:14:35.188000,2025-03-22 07:01:40.695,1,,,,False,False,Q
0 days 00:18:07.191000,NOR,4,0 days 00:01:32.036000,2.0,1.0,,,0 days 00:00:24.199000,0 days 00:00:27.918000,0 days 00:00:39.919000,0 days 00:16:59.354000,0 days 00:17:27.272000,0 days 00:18:07.191000,282.0,275.0,270.0,332.0,True,SOFT,6.0,False,McLaren,0 days 00:16:35.155000,2025-03-22 07:03:40.662,12,,,,False,True,Q
0 days 00:20:00.806000,NOR,4,0 days 00:01:53.615000,3.0,1.0,,0 days 00:19:58.215000,0 days 00:00:29.745000,0 days 00:00:29.755000,0 days 00:00:54.115000,0 days 00:18:36.936000,0 days 00:19:06.691000,0 days 00:20:00.806000,250.0,246.0,,200.0,False,SOFT,7.0,False,McLaren,0 days 00:18:07.191000,2025-03-22 07:05:12.698,1,,,,False,False,Q
0 days 00:24:22.311000,NOR,4,,4.0,2.0,0 days 00:22:27.595000,,,0 days 00:00:33.165000,0 days 00:00:49.964000,,0 days 00:23:32.455000,0 days 00:24:22.640000,257.0,252.0,274.0,258.0,False,SOFT,1.0,True,McLaren,0 days 00:20:00.806000,2025-03-22 07:07:06.313,1,,,,False,False,Q
0 days 00:25:54.244000,NOR,4,0 days 00:01:31.933000,5.0,2.0,,,0 days 00:00:24.012000,0 days 00:00:27.779000,0 days 00:00:40.142000,0 days 00:24:46.323000,0 days 00:25:14.102000,0 days 00:25:54.244000,284.0,276.0,265.0,327.0,True,SOFT,2.0,True,McLaren,0 days 00:24:22.311000,2025-03-22 07:11:27.818,1,,,,False,True,Q
0 days 00:28:00.988000,NOR,4,0 days 00:02:06.744000,6.0,2.0,,,0 days 00:00:34.411000,0 days 00:00:38.877000,0 days 00:00:53.456000,0 days 00:26:28.655000,0 days 00:27:07.532000,0 days 00:28:00.988000,195.0,162.0,99.0,244.0,False,SOFT,3.0,True,McLaren,0 days 00:25:54.244000,2025-03-22 07:12:59.751,1,,,,False,True,Q
0 days 00:30:24.647000,NOR,4,0 days 00:02:23.659000,7.0,2.0,,,0 days 00:00:42.497000,0 days 00:00:36.582000,0 days 00:01:04.580000,0 days 00:28:43.485000,0 days 00:29:20.067000,0 days 00:30:24.647000,202.0,232.0,275.0,254.0,False,SOFT,4.0,True,McLaren,0 days 00:28:00.988000,2025-03-22 07:15:06.495,1,,,,False,True,Q
0 days 00:31:55.630000,NOR,4,0 days 00:01:30.983000,8.0,2.0,,,0 days 00:00:23.966000,0 days 00:00:27.348000,0 days 00:00:39.669000,0 days 00:30:48.613000,0 days 00:31:15.961000,0 days 00:31:55.630000,283.0,277.0,274.0,326.0,True,SOFT,5.0,True,McLaren,0 days 00:30:24.647000,2025-03-22 07:17:30.154,1,,,,False,True,Q
0 days 00:34:00.526000,NOR,4,0 days 00:02:04.896000,9.0,2.0,,0 days 00:33:58.667000,0 days 00:00:28.174000,0 days 00:00:35.702000,0 days 00:01:01.020000,0 days 00:32:23.804000,0 days 00:32:59.506000,0 days 00:34:00.526000,217.0,156.0,,170.0,False,SOFT,6.0,True,McLaren,0 days 00:31:55.630000,2025-03-22 07:19:01.137,12,,,,False,False,Q
0 days 00:42:27.421000,NOR,4,,10.0,3.0,0 days 00:40:31.901000,,,0 days 00:00:29.778000,0 days 00:00:53.887000,,0 days 00:41:33.633000,0 days 00:42:27.654000,263.0,260.0,273.0,299.0,False,SOFT,1.0,True,McLaren,0 days 00:34:00.526000,2025-03-22 07:21:06.033,21,,,,False,False,Q
0 days 00:43:58.208000,NOR,4,0 days 00:01:30.787000,11.0,3.0,,,0 days 00:00:23.954000,0 days 00:00:27.257000,0 days 00:00:39.576000,0 days 00:42:51.375000,0 days 00:43:18.632000,0 days 00:43:58.208000,284.0,278.0,273.0,328.0,True,SOFT,2.0,True,McLaren,0 days 00:42:27.421000,2025-03-22 07:29:32.928,1,,,,False,True,Q
0 days 00:46:02.353000,NOR,4,0 days 00:02:04.145000,12.0,3.0,,0 days 00:46:00.609000,0 days 00:00:28.655000,0 days 00:00:36.077000,0 days 00:00:59.413000,0 days 00:44:26.863000,0 days 00:45:02.940000,0 days 00:46:02.353000,216.0,163.0,,182.0,False,SOFT,3.0,True,McLaren,0 days 00:43:58.208000,2025-03-22 07:31:03.715,1,,,,False,False,Q
0 days 01:04:06.290000,NOR,4,,13.0,4.0,0 days 01:02:15.225000,,,0 days 00:00:31.612000,0 days 00:00:52.161000,,0 days 01:03:14.227000,0 days 01:04:06.320000,264.0,250.0,274.0,258.0,False,SOFT,1.0,True,McLaren,0 days 00:46:02.353000,2025-03-22 07:33:07.860,12,,,,False,False,Q
0 days 01:05:37.083000,NOR,4,0 days 00:01:30.793000,14.0,4.0,,,0 days 00:00:24.030000,0 days 00:00:27.328000,0 days 00:00:39.435000,0 days 01:04:30.320000,0 days 01:04:57.648000,0 days 01:05:37.083000,283.0,278.0,272.0,327.0,True,SOFT,2.0,True,McLaren,0 days 01:04:06.290000,2025-03-22 07:51:11.797,1,,,,False,True,Q
0 days 01:07:27.206000,NOR,4,0 days 00:01:50.123000,15.0,4.0,,0 days 01:07:25.353000,0 days 00:00:26.919000,0 days 00:00:30.889000,0 days 00:00:52.315000,0 days 01:06:04.002000,0 days 01:06:34.891000,0 days 01:07:27.206000,235.0,232.0,,223.0,False,SOFT,3.0,True,McLaren,0 days 01:05:37.083000,2025-03-22 07:52:42.590,1,,,,False,False,Q
0 days 01:11:17.723000,NOR,4,,16.0,5.0,0 days 01:09:28.072000,,,0 days 00:00:30.438000,0 days 00:00:50.139000,,0 days 01:10:27.584000,0 days 01:11:17.808000,265.0,256.0,276.0,306.0,False,SOFT,1.0,True,McLaren,0 days 01:07:27.206000,2025-03-22 07:54:32.713,1,,,,False,False,Q
0 days 01:12:58.086000,NOR,4,0 days 00:01:40.363000,17.0,5.0,,0 days 01:12:55.641000,0 days 00:00:23.960000,0 days 00:00:27.416000,0 days 00:00:48.987000,0 days 01:11:41.683000,0 days 01:12:09.099000,0 days 01:12:58.086000,283.0,276.0,,328.0,False,SOFT,2.0,True,McLaren,0 days 01:11:17.723000,2025-03-22 07:58:23.230,1,,,,False,False,Q
0 days 00:19:37.292000,VER,1,,1.0,1.0,0 days 00:17:37.025000,,,0 days 00:00:38.143000,0 days 00:00:51.111000,,0 days 00:18:46.220000,0 days 00:19:37.300000,226.0,157.0,272.0,177.0,False,SOFT,3.0,False,Red Bull Racing,0 days 00:17:37.025000,2025-03-22 07:04:42.532,1,,,,False,False,Q
0 days 00:21:08.716000,VER,1,0 days 00:01:31.424000,2.0,1.0,,,0 days 00:00:24.256000,0 days 00:00:27.505000,0 days 00:00:39.663000,0 days 00:20:01.548000,0 days 00:20:29.053000,0 days 00:21:08.716000,284.0,277.0,269.0,335.0,True,SOFT,4.0,False,Red Bull Racing,0 days 00:19:37.292000,2025-03-22 07:06:42.799,1,,,,False,True,Q
0 days 00:23:02.920000,VER,1,0 days 00:01:54.204000,3.0,1.0,,0 days 00:23:00.923000,0 days 00:00:28.079000,0 days 00:00:35.365000,0 days 00:00:50.760000,0 days 00:21:36.795000,0 days 00:22:12.160000,0 days 00:23:02.920000,253.0,247.0,,241.0,False,SOFT,5.0,False,Red Bull Racing,0 days 00:21:08.716000,2025-03-22 07:08:14.223,1,,,,False,False,Q
0 days 00:43:08.962000,VER,1,,4.0,2.0,0 days 00:41:02.247000,,,0 days 00:00:36.785000,0 days 00:00:57.674000,,0 days 00:42:11.288000,0 days 00:43:09.054000,236.0,216.0,273.0,255.0,False,SOFT,1.0,True,Red Bull Racing,0 days 00:23:02.920000,2025-03-22 07:10:08.427,12,,,,False,False,Q
0 days 00:44:40.196000,VER,1,0 days 00:01:31.234000,5.0,2.0,,,0 days 00:00:24.033000,0 days 00:00:27.446000,0 days 00:00:39.755000,0 days 00:43:32.995000,0 days 00:44:00.441000,0 days 00:44:40.196000,285.0,278.0,268.0,332.0,True,SOFT,2.0,True,Red Bull Racing,0 days 00:43:08.962000,2025-03-22 07:30:14.469,1,,,,False,True,Q
0 days 00:46:27.391000,VER,1,0 days 00:01:47.195000,6.0,2.0,,0 days 00:46:25.640000,0 days 00:00:28.148000,0 days 00:00:30.001000,0 days 00:00:49.046000,0 days 00:45:08.344000,0 days 00:45:38.345000,0 days 00:46:27.391000,256.0,248.0,,283.0,False,SOFT,3.0,True,Red Bull Racing,0 days 00:44:40.196000,2025-03-22 07:31:45.703,1,,,,False,False,Q
0 days 00:50:07.253000,VER,1,,7.0,3.0,0 days 00:48:11.578000,,,0 days 00:00:39.642000,0 days 00:00:47.757000,,0 days 00:49:19.510000,0 days 00:50:07.474000,271.0,237.0,273.0,266.0,False,SOFT,1.0,True,Red Bull Racing,0 days 00:46:27.391000,2025-03-22 07:33:32.898,1,,,,False,False,Q
0 days 00:51:38.395000,VER,1,0 days 00:01:31.142000,8.0,3.0,,,0 days 00:00:24.168000,0 days 00:00:27.318000,0 days 00:00:39.656000,0 days 00:50:31.421000,0 days 00:50:58.739000,0 days 00:51:38.395000,285.0,278.0,274.0,339.0,True,SOFT,2.0,True,Red Bull Racing,0 days 00:50:07.253000,2025-03-22 07:37:12.760,1,,,,False,True,Q
0 days 00:53:33.092000,VER,1,0 days 00:01:54.697000,9.0,3.0,,0 days 00:53:31.373000,0 days 00:00:27.903000,0 days 00:00:36.315000,0 days 00:00:50.479000,0 days 00:52:06.298000,0 days 00:52:42.613000,0 days 00:53:33.092000,244.0,248.0,,264.0,False,SOFT,3.0,True,Red Bull Racing,0 days 00:51:38.395000,2025-03-22 07:38:43.902,1,,,,False,False,Q
0 days 01:02:52.901000,VER,1,,10.0,4.0,0 days 01:00:58.064000,,,0 days 00:00:36.580000,0 days 00:00:46.237000,,0 days 01:02:06.772000,0 days 01:02:53.071000,215.0,183.0,273.0,284.0,False,SOFT,1.0,True,Red Bull Racing,0 days 00:53:33.092000,2025-03-22 07:40:38.599,12,,,,False,False,Q
0 days 01:04:23.826000,VER,1,0 days 00:01:30.925000,11.0,4.0,,,0 days 00:00:24.164000,0 days 00:00:27.238000,0 days 00:00:39.523000,0 days 01:03:17.065000,0 days 01:03:44.303000,0 days 01:04:23.826000,286.0,279.0,268.0,332.0,True,SOFT,2.0,True,Red Bull Racing,0 days 01:02:52.901000,2025-03-22 07:49:58.408,1,,,,False,True,Q
0 days 01:06:10.355000,VER,1,0 days 00:01:46.529000,12.0,4.0,,0 days 01:06:08.565000,0 days 00:00:28.326000,0 days 00:00:29.569000,0 days 00:00:48.634000,0 days 01:04:52.152000,0 days 01:05:21.721000,0 days 01:06:10.355000,252.0,249.0,,281.0,False,SOFT,3.0,True,Red Bull Racing,0 days 01:04:23.826000,2025-03-22 07:51:29.333,1,,,,False,False,Q
0 days 01:11:00.683000,VER,1,,13.0,5.0,0 days 01:09:17.431000,,,0 days 00:00:30.509000,0 days 00:00:44.938000,,0 days 01:10:15.802000,0 days 01:11:00.914000,261.0,271.0,274.0,306.0,False,SOFT,1.0,True,Red Bull Racing,0 days 01:06:10.355000,2025-03-22 07:53:15.862,1,,,,False,False,Q
0 days 01:12:31.500000,VER,1,0 days 00:01:30.817000,14.0,5.0,,,0 days 00:00:23.945000,0 days 00:00:27.313000,0 days 00:00:39.559000,0 days 01:11:24.628000,0 days 01:11:51.941000,0 days 01:12:31.500000,286.0,278.0,272.0,334.0,True,SOFT,2.0,True,Red Bull Racing,0 days 01:11:00.683000,2025-03-22 07:58:06.190,1,,,,False,True,Q
0 days 01:14:39.540000,VER,1,0 days 00:02:08.040000,15.0,5.0,,0 days 01:14:34.978000,0 days 00:00:31.981000,0 days 00:00:34.524000,0 days 00:01:01.535000,0 days 01:13:03.481000,0 days 01:13:38.005000,0 days 01:14:39.540000,206.0,206.0,,242.0,False,SOFT,3.0,True,Red Bull Racing,0 days 01:12:31.500000,2025-03-22 07:59:37.007,1,,,,False,False,Q
0 days 00:16:56.914000,HAM,44,,1.0,1.0,0 days 00:14:55.626000,,,0 days 00:00:36.809000,0 days 00:00:52.340000,,0 days 00:16:04.579000,0 days 00:16:56.969000,253.0,251.0,270.0,301.0,False,SOFT,4.0,False,Ferrari,0 days 00:14:55.626000,2025-03-22 07:02:01.133,1,,,,False,False,Q
0 days 00:18:28.604000,HAM,44,0 days 00:01:31.690000,2.0,1.0,,,0 days 00:00:24.186000,0 days 00:00:27.430000,0 days 00:00:40.074000,0 days 00:17:21.100000,0 days 00:17:48.530000,0 days 00:18:28.604000,285.0,278.0,264.0,332.0,True,SOFT,5.0,False,Ferrari,0 days 00:16:56.914000,2025-03-22 07:04:02.421,12,,,,False,True,Q
0 days 00:20:16.070000,HAM,44,0 days 00:01:47.466000,3.0,1.0,,0 days 00:20:14.345000,0 days 00:00:27.691000,0 days 00:00:30.784000,0 days 00:00:48.991000,0 days 00:18:56.295000,0 days 00:19:27.079000,0 days 00:20:16.070000,250.0,252.0,,297.0,False,SOFT,6.0,False,Ferrari,0 days 00:18:28.604000,2025-03-22 07:05:34.111,1,,,,False,False,Q
0 days 00:23:47.738000,HAM,44,,4.0,2.0,0 days 00:21:49.195000,,,0 days 00:00:36.825000,0 days 00:00:50.787000,,0 days 00:22:57.032000,0 days 00:23:47.955000,240.0,251.0,271.0,285.0,False,SOFT,1.0,True,Ferrari,0 days 00:20:16.070000,2025-03-22 07:07:21.577,1,,,,False,False,Q
0 days 00:25:24.444000,HAM,44,0 days 00:01:36.706000,5.0,2.0,,,0 days 00:00:24.959000,0 days 00:00:27.656000,0 days 00:00:44.091000,0 days 00:24:12.697000,0 days 00:24:40.353000,0 days 00:25:24.444000,286.0,280.0,134.0,330.0,False,SOFT,2.0,True,Ferrari,0 days 00:23:47.738000,2025-03-22 07:10:53.245,1,,,,False,True,Q
0 days 00:27:35.012000,HAM,44,0 days 00:02:10.568000,6.0,2.0,,,0 days 00:00:40.838000,0 days 00:00:38.937000,0 days 00:00:50.793000,0 days 00:26:05.282000,0 days 00:26:44.219000,0 days 00:27:35.012000,192.0,226.0,151.0,289.0,False,SOFT,3.0,True,Ferrari,0 days 00:25:24.444000,2025-03-22 07:12:29.951,1,,,,False,True,Q
0 days 00:29:44.188000,HAM,44,0 days 00:02:09.176000,7.0,2.0,,,0 days 00:00:39.595000,0 days 00:00:37.696000,0 days 00:00:51.885000,0 days 00:28:14.607000,0 days 00:28:52.303000,0 days 00:29:44.188000,222.0,248.0,268.0,224.0,False,SOFT,4.0,True,Ferrari,0 days 00:27:35.012000,2025-03-22 07:14:40.519,1,,,,False,True,Q
0 days 00:31:15.926000,HAM,44,0 days 00:01:31.738000,8.0,2.0,,,0 days 00:00:24.313000,0 days 00:00:27.435000,0 days 00:00:39.990000,0 days 00:30:08.501000,0 days 00:30:35.936000,0 days 00:31:15.926000,287.0,280.0,270.0,331.0,False,SOFT,5.0,True,Ferrari,0 days 00:29:44.188000,2025-03-22 07:16:49.695,1,,,,False,True,Q
0 days 00:33:11.476000,HAM,44,0 days 00:01:55.550000,9.0,2.0,,0 days 00:33:09.640000,0 days 00:00:29.293000,0 days 00:00:32.086000,0 days 00:00:54.171000,0 days 00:31:45.219000,0 days 00:32:17.305000,0 days 00:33:11.476000,238.0,233.0,,274.0,False,SOFT,6.0,True,Ferrari,0 days 00:31:15.926000,2025-03-22 07:18:21.433,1,,,,False,False,Q
0 days 00:42:36.573000,HAM,44,,10.0,3.0,0 days 00:40:42.120000,,,0 days 00:00:35.074000,0 days 00:00:47.547000,,0 days 00:41:49.055000,0 days 00:42:36.573000,251.0,251.0,270.0,302.0,False,SOFT,7.0,False,Ferrari,0 days 00:33:11.476000,2025-03-22 07:20:16.983,12,,,,False,False,Q
0 days 00:44:08.190000,HAM,44,0 days 00:01:31.617000,11.0,3.0,,,0 days 00:00:24.383000,0 days 00:00:27.361000,0 days 00:00:39.873000,0 days 00:43:00.956000,0 days 00:43:28.317000,0 days 00:44:08.190000,287.0,281.0,270.0,329.0,True,SOFT,8.0,False,Ferrari,0 days 00:42:36.573000,2025-03-22 07:29:42.080,1,,,,False,True,Q
0 days 00:45:58.771000,HAM,44,0 days 00:01:50.581000,12.0,3.0,,0 days 00:45:55.658000,0 days 00:00:26.986000,0 days 00:00:31.057000,0 days 00:00:52.538000,0 days 00:44:35.176000,0 days 00:45:06.233000,0 days 00:45:58.771000,256.0,241.0,,305.0,False,SOFT,9.0,False,Ferrari,0 days 00:44:08.190000,2025-03-22 07:31:13.697,1,,,,False,False,Q
0 days 00:50:32.434000,HAM,44,,13.0,4.0,0 days 00:48:31.954000,,,0 days 00:00:35.836000,0 days 00:00:48.348000,,0 days 00:49:44.093000,0 days 00:50:32.542000,227.0,249.0,271.0,272.0,False,SOFT,1.0,True,Ferrari,0 days 00:45:58.771000,2025-03-22 07:33:04.278,1,,,,False,False,Q
0 days 00:52:03.935000,HAM,44,0 days 00:01:31.501000,14.0,4.0,,,0 days 00:00:24.304000,0 days 00:00:27.252000,0 days 00:00:39.945000,0 days 00:50:56.738000,0 days 00:51:23.990000,0 days 00:52:03.935000,287.0,280.0,269.0,332.0,True,SOFT,2.0,True,Ferrari,0 days 00:50:32.434000,2025-03-22 07:37:37.941,1,,,,False,True,Q
0 days 00:54:13.086000,HAM,44,0 days 00:02:09.151000,15.0,4.0,,0 days 00:54:11.187000,0 days 00:00:32.130000,0 days 00:00:37.042000,0 days 00:00:59.979000,0 days 00:52:36.065000,0 days 00:53:13.107000,0 days 00:54:13.086000,184.0,189.0,,191.0,False,SOFT,3.0,True,Ferrari,0 days 00:52:03.935000,2025-03-22 07:39:09.442,1,,,,False,False,Q
0 days 01:03:47.638000,HAM,44,,16.0,5.0,0 days 01:01:50.611000,,,0 days 00:00:37.286000,0 days 00:00:49.275000,,0 days 01:02:58.363000,0 days 01:03:47.688000,248.0,249.0,270.0,286.0,False,SOFT,1.0,True,Ferrari,0 days 00:54:13.086000,2025-03-22 07:41:18.593,12,,,,False,False,Q
0 days 01:05:18.565000,HAM,44,0 days 00:01:30.927000,17.0,5.0,,,0 days 00:00:24.148000,0 days 00:00:27.175000,0 days 00:00:39.604000,0 days 01:04:11.786000,0 days 01:04:38.961000,0 days 01:05:18.565000,287.0,281.0,270.0,330.0,True,SOFT,2.0,True,Ferrari,0 days 01:03:47.638000,2025-03-22 07:50:53.145,1,,,,False,True,Q
0 days 01:07:20.357000,HAM,44,0 days 00:02:01.792000,18.0,5.0,,0 days 01:07:18.618000,0 days 00:00:28.119000,0 days 00:00:36.471000,0 days 00:00:57.202000,0 days 01:05:46.684000,0 days 01:06:23.155000,0 days 01:07:20.357000,253.0,203.0,,241.0,False,SOFT,3.0,True,Ferrari,0 days 01:05:18.565000,2025-03-22 07:52:24.072,1,,,,False,False,Q
0 days 01:11:25.191000,HAM,44,,19.0,6.0,0 days 01:09:35.150000,,,0 days 00:00:33.215000,0 days 00:00:48.785000,,0 days 01:10:36.474000,0 days 01:11:25.401000,264.0,245.0,273.0,294.0,False,SOFT,1.0,True,Ferrari,0 days 01:07:20.357000,2025-03-22 07:54:25.864,1,,,,False,False,Q
0 days 01:12:56.332000,HAM,44,0 days 00:01:31.141000,20.0,6.0,,,0 days 00:00:24.070000,0 days 00:00:27.313000,0 days 00:00:39.758000,0 days 01:11:49.261000,0 days 01:12:16.574000,0 days 01:12:56.332000,287.0,279.0,271.0,333.0,False,SOFT,2.0,True,Ferrari,0 days 01:11:25.191000,2025-03-22 07:58:30.698,1,,,,False,True,Q
0 days 01:15:04.647000,HAM,44,,21.0,6.0,,0 days 01:15:04.647000,0 days 00:00:32.464000,0 days 00:00:35.422000,,0 days 01:13:28.744000,0 days 01:14:04.354000,,187.0,189.0,,189.0,False,SOFT,3.0,True,Ferrari,0 days 01:12:56.332000,2025-03-22 08:00:01.839,1,,,,False,False,Q
0 days 00:16:50.603000,LEC,16,,1.0,1.0,0 days 00:14:41.657000,,,0 days 00:00:41.289000,0 days 00:00:48.804000,,0 days 00:16:01.861000,0 days 00:16:50.603000,249.0,249.0,269.0,305.0,False,SOFT,4.0,False,Ferrari,0 days 00:14:41.657000,2025-03-22 07:01:47.164,1,,,,False,False,Q
0 days 00:18:23.443000,LEC,16,0 days 00:01:32.840000,2.0,1.0,,,0 days 00:00:24.389000,0 days 00:00:27.598000,0 days 00:00:40.853000,0 days 00:17:14.992000,0 days 00:17:42.590000,0 days 00:18:23.443000,285.0,276.0,271.0,335.0,True,SOFT,5.0,False,Ferrari,0 days 00:16:50.603000,2025-03-22 07:03:56.110,12,,,,False,True,Q
0 days 00:20:09.048000,LEC,16,0 days 00:01:45.605000,3.0,1.0,,0 days 00:20:07.486000,0 days 00:00:26.284000,0 days 00:00:30.356000,0 days 00:00:48.965000,0 days 00:18:49.727000,0 days 00:19:20.083000,0 days 00:20:09.048000,259.0,255.0,,306.0,False,SOFT,6.0,False,Ferrari,0 days 00:18:23.443000,2025-03-22 07:05:28.950,1,,,,False,False,Q
0 days 00:23:59.544000,LEC,16,,4.0,2.0,0 days 00:21:56.857000,,,0 days 00:00:36.632000,0 days 00:00:50.947000,,0 days 00:23:08.626000,0 days 00:23:59.808000,264.0,253.0,272.0,307.0,False,SOFT,1.0,True,Ferrari,0 days 00:20:09.048000,2025-03-22 07:07:14.555,1,,,,False,False,Q
0 days 00:25:31.602000,LEC,16,0 days 00:01:32.058000,5.0,2.0,,,0 days 00:00:24.434000,0 days 00:00:27.786000,0 days 00:00:39.838000,0 days 00:24:23.978000,0 days 00:24:51.764000,0 days 00:25:31.602000,286.0,280.0,273.0,332.0,True,SOFT,2.0,True,Ferrari,0 days 00:23:59.544000,2025-03-22 07:11:05.051,1,,,,False,True,Q
0 days 00:27:44.519000,LEC,16,0 days 00:02:12.917000,6.0,2.0,,,0 days 00:00:42.783000,0 days 00:00:36.147000,0 days 00:00:53.987000,0 days 00:26:14.385000,0 days 00:26:50.532000,0 days 00:27:44.519000,212.0,197.0,109.0,249.0,False,SOFT,3.0,True,Ferrari,0 days 00:25:31.602000,2025-03-22 07:12:37.109,1,,,,False,True,Q
0 days 00:29:53.897000,LEC,16,0 days 00:02:09.378000,7.0,2.0,,,0 days 00:00:34.736000,0 days 00:00:37.988000,0 days 00:00:56.654000,0 days 00:28:19.255000,0 days 00:28:57.243000,0 days 00:29:53.897000,253.0,140.0,271.0,231.0,False,SOFT,4.0,True,Ferrari,0 days 00:27:44.519000,2025-03-22 07:14:50.026,1,,,,False,True,Q
0 days 00:31:25.476000,LEC,16,0 days 00:01:31.579000,8.0,2.0,,,0 days 00:00:24.339000,0 days 00:00:27.514000,0 days 00:00:39.726000,0 days 00:30:18.236000,0 days 00:30:45.750000,0 days 00:31:25.476000,286.0,280.0,274.0,332.0,True,SOFT,5.0,True,Ferrari,0 days 00:29:53.897000,2025-03-22 07:16:59.404,1,,,,False,True,Q
0 days 00:33:30.188000,LEC,16,0 days 00:02:04.712000,9.0,2.0,,0 days 00:33:28.476000,0 days 00:00:31.101000,0 days 00:00:35.746000,0 days 00:00:57.865000,0 days 00:31:56.577000,0 days 00:32:32.323000,0 days 00:33:30.188000,210.0,201.0,,270.0,False,SOFT,6.0,True,Ferrari,0 days 00:31:25.476000,2025-03-22 07:18:30.983,1,,,,False,False,Q
0 days 00:42:54.792000,LEC,16,,10.0,3.0,0 days 00:40:50.660000,,,0 days 00:00:38.872000,0 days 00:00:49.583000,,0 days 00:42:05.351000,0 days 00:42:54.792000,218.0,182.0,273.0,301.0,False,SOFT,7.0,False,Ferrari,0 days 00:33:30.188000,2025-03-22 07:20:35.695,12,,,,False,False,Q
0 days 00:44:26.431000,LEC,16,0 days 00:01:31.639000,11.0,3.0,,,0 days 00:00:24.251000,0 days 00:00:27.663000,0 days 00:00:39.725000,0 days 00:43:19.043000,0 days 00:43:46.706000,0 days 00:44:26.431000,287.0,281.0,274.0,330.0,True,SOFT,8.0,False,Ferrari,0 days 00:42:54.792000,2025-03-22 07:30:00.299,1,,,,False,True,Q
0 days 00:46:13.139000,LEC,16,0 days 00:01:46.708000,12.0,3.0,,0 days 00:46:11.374000,0 days 00:00:26.191000,0 days 00:00:30.894000,0 days 00:00:49.623000,0 days 00:44:52.622000,0 days 00:45:23.516000,0 days 00:46:13.139000,262.0,256.0,,305.0,False,SOFT,9.0,False,Ferrari,0 days 00:44:26.431000,2025-03-22 07:31:31.938,1,,,,False,False,Q
0 days 00:50:48.542000,LEC,16,,13.0,4.0,0 days 00:48:42.610000,,,0 days 00:00:36.992000,0 days 00:00:52.504000,,0 days 00:49:56.141000,0 days 00:50:48.747000,257.0,246.0,272.0,304.0,False,SOFT,1.0,True,Ferrari,0 days 00:46:13.139000,2025-03-22 07:33:18.646,1,,,,False,False,Q
0 days 00:52:19.992000,LEC,16,0 days 00:01:31.450000,14.0,4.0,,,0 days 00:00:24.205000,0 days 00:00:27.415000,0 days 00:00:39.830000,0 days 00:51:12.747000,0 days 00:51:40.162000,0 days 00:52:19.992000,288.0,281.0,269.0,332.0,True,SOFT,2.0,True,Ferrari,0 days 00:50:48.542000,2025-03-22 07:37:54.049,1,,,,False,True,Q
0 days 00:54:21.892000,LEC,16,0 days 00:02:01.900000,15.0,4.0,,0 days 00:54:20.072000,0 days 00:00:30.346000,0 days 00:00:36.496000,0 days 00:00:55.058000,0 days 00:52:50.338000,0 days 00:53:26.834000,0 days 00:54:21.892000,167.0,185.0,,252.0,False,SOFT,3.0,True,Ferrari,0 days 00:52:19.992000,2025-03-22 07:39:25.499,1,,,,False,False,Q
0 days 01:03:58.949000,LEC,16,,16.0,5.0,0 days 01:01:57.560000,,,0 days 00:00:34.607000,0 days 00:00:46.915000,,0 days 01:03:12.207000,0 days 01:03:59.002000,247.0,255.0,272.0,303.0,False,SOFT,1.0,True,Ferrari,0 days 00:54:21.892000,2025-03-22 07:41:27.399,12,,,,False,False,Q
0 days 01:05:29.989000,LEC,16,0 days 00:01:31.040000,17.0,5.0,,,0 days 00:00:24.128000,0 days 00:00:27.320000,0 days 00:00:39.592000,0 days 01:04:23.077000,0 days 01:04:50.397000,0 days 01:05:29.989000,287.0,281.0,272.0,331.0,True,SOFT,2.0,True,Ferrari,0 days 01:03:58.949000,2025-03-22 07:51:04.456,1,,,,False,True,Q
0 days 01:07:25.024000,LEC,16,0 days 00:01:55.035000,18.0,5.0,,0 days 01:07:23.243000,0 days 00:00:29.351000,0 days 00:00:32.266000,0 days 00:00:53.418000,0 days 01:05:59.340000,0 days 01:06:31.606000,0 days 01:07:25.024000,255.0,256.0,,231.0,False,SOFT,3.0,True,Ferrari,0 days 01:05:29.989000,2025-03-22 07:52:35.496,1,,,,False,False,Q
0 days 01:12:02.223000,LEC,16,,19.0,6.0,0 days 01:10:00.022000,,,0 days 00:00:37.987000,0 days 00:00:47.044000,,0 days 01:11:15.328000,0 days 01:12:02.448000,219.0,198.0,272.0,303.0,False,SOFT,1.0,True,Ferrari,0 days 01:07:25.024000,2025-03-22 07:54:30.531,1,,,,False,False,Q
0 days 01:13:33.244000,LEC,16,0 days 00:01:31.021000,20.0,6.0,,,0 days 00:00:24.094000,0 days 00:00:27.355000,0 days 00:00:39.572000,0 days 01:12:26.317000,0 days 01:12:53.672000,0 days 01:13:33.244000,286.0,281.0,272.0,332.0,True,SOFT,2.0,True,Ferrari,0 days 01:12:02.223000,2025-03-22 07:59:07.730,1,,,,False,True,Q
0 days 01:15:42.410000,LEC,16,,21.0,6.0,,0 days 01:15:42.410000,0 days 00:00:32.806000,0 days 00:00:35.756000,,0 days 01:14:06.150000,0 days 01:14:41.900000,,156.0,189.0,,189.0,False,SOFT,3.0,True,Ferrari,0 days 01:13:33.244000,2025-03-22 08:00:38.751,1,,,,False,False,Q
0 days 00:15:38.909000,HAD,6,,1.0,1.0,0 days 00:13:46.386000,,,0 days 00:00:33.333000,0 days 00:00:46.051000,,0 days 00:14:52.954000,0 days 00:15:38.909000,235.0,249.0,269.0,302.0,False,SOFT,7.0,False,Racing Bulls,0 days 00:13:46.386000,2025-03-22 07:00:51.893,1,,,,False,False,Q
0 days 00:17:18.986000,HAD,6,0 days 00:01:40.077000,2.0,1.0,,0 days 00:17:17.391000,0 days 00:00:24.700000,0 days 00:00:27.689000,0 days 00:00:47.688000,0 days 00:16:03.609000,0 days 00:16:31.298000,0 days 00:17:18.986000,281.0,275.0,,332.0,False,SOFT,8.0,False,Racing Bulls,0 days 00:15:38.909000,2025-03-22 07:02:44.416,12,,,,False,False,Q
0 days 00:20:43.739000,HAD,6,,3.0,2.0,0 days 00:18:51.181000,,,0 days 00:00:34.671000,0 days 00:00:48.569000,,0 days 00:19:55.170000,0 days 00:20:43.923000,227.0,216.0,271.0,267.0,False,SOFT,1.0,True,Racing Bulls,0 days 00:17:18.986000,2025-03-22 07:04:24.493,1,,,,False,False,Q
0 days 00:22:15.563000,HAD,6,0 days 00:01:31.824000,4.0,2.0,,,0 days 00:00:24.497000,0 days 00:00:27.383000,0 days 00:00:39.944000,0 days 00:21:08.236000,0 days 00:21:35.619000,0 days 00:22:15.563000,284.0,277.0,269.0,330.0,True,SOFT,2.0,True,Racing Bulls,0 days 00:20:43.739000,2025-03-22 07:07:49.246,1,,,,False,True,Q
0 days 00:24:11.350000,HAD,6,0 days 00:01:55.787000,5.0,2.0,,0 days 00:24:09.585000,0 days 00:00:29.770000,0 days 00:00:33.489000,0 days 00:00:52.528000,0 days 00:22:45.333000,0 days 00:23:18.822000,0 days 00:24:11.350000,235.0,243.0,,285.0,False,SOFT,3.0,True,Racing Bulls,0 days 00:22:15.563000,2025-03-22 07:09:21.070,1,,,,False,False,Q
0 days 00:30:18.226000,HAD,6,,6.0,3.0,0 days 00:28:09.663000,,,0 days 00:00:35.577000,0 days 00:01:02.719000,,0 days 00:29:15.664000,0 days 00:30:18.580000,230.0,236.0,272.0,285.0,False,SOFT,1.0,True,Racing Bulls,0 days 00:24:11.350000,2025-03-22 07:11:16.857,1,,,,False,False,Q
0 days 00:31:49.388000,HAD,6,0 days 00:01:31.162000,7.0,3.0,,,0 days 00:00:24.234000,0 days 00:00:27.268000,0 days 00:00:39.660000,0 days 00:30:42.460000,0 days 00:31:09.728000,0 days 00:31:49.388000,284.0,278.0,270.0,330.0,True,SOFT,2.0,True,Racing Bulls,0 days 00:30:18.226000,2025-03-22 07:17:23.733,1,,,,False,True,Q
0 days 00:33:56.484000,HAD,6,0 days 00:02:07.096000,8.0,3.0,,0 days 00:33:54.745000,0 days 00:00:30.428000,0 days 00:00:37.391000,0 days 00:00:59.277000,0 days 00:32:19.816000,0 days 00:32:57.207000,0 days 00:33:56.484000,226.0,222.0,,234.0,False,SOFT,3.0,True,Racing Bulls,0 days 00:31:49.388000,2025-03-22 07:18:54.895,12,,,,False,False,Q
0 days 00:41:44.993000,HAD,6,,9.0,4.0,0 days 00:39:48.465000,,,0 days 00:00:35.779000,0 days 00:00:49.100000,,0 days 00:40:55.915000,0 days 00:41:45.024000,224.0,227.0,271.0,267.0,False,SOFT,1.0,True,Racing Bulls,0 days 00:33:56.484000,2025-03-22 07:21:01.991,21,,,,False,False,Q
0 days 00:43:16.825000,HAD,6,0 days 00:01:31.832000,10.0,4.0,,,0 days 00:00:24.286000,0 days 00:00:27.754000,0 days 00:00:39.792000,0 days 00:42:09.279000,0 days 00:42:37.033000,0 days 00:43:16.825000,284.0,275.0,271.0,329.0,True,SOFT,2.0,True,Racing Bulls,0 days 00:41:44.993000,2025-03-22 07:28:50.500,1,,,,False,True,Q
0 days 00:45:15.909000,HAD,6,0 days 00:01:59.084000,11.0,4.0,,0 days 00:45:12.748000,0 days 00:00:29.989000,0 days 00:00:34.342000,0 days 00:00:54.753000,0 days 00:43:46.814000,0 days 00:44:21.156000,0 days 00:45:15.909000,242.0,240.0,,278.0,False,SOFT,3.0,True,Racing Bulls,0 days 00:43:16.825000,2025-03-22 07:30:22.332,1,,,,False,False,Q
0 days 00:51:07.799000,HAD,6,,12.0,5.0,0 days 00:49:09.680000,,,0 days 00:00:35.683000,0 days 00:00:49.878000,,0 days 00:50:18.112000,0 days 00:51:08.051000,213.0,224.0,270.0,263.0,False,SOFT,1.0,True,Racing Bulls,0 days 00:45:15.909000,2025-03-22 07:32:21.416,1,,,,False,False,Q
0 days 00:52:39.052000,HAD,6,0 days 00:01:31.253000,13.0,5.0,,,0 days 00:00:24.127000,0 days 00:00:27.254000,0 days 00:00:39.872000,0 days 00:51:31.926000,0 days 00:51:59.180000,0 days 00:52:39.052000,285.0,278.0,271.0,330.0,True,SOFT,2.0,True,Racing Bulls,0 days 00:51:07.799000,2025-03-22 07:38:13.306,1,,,,False,True,Q
0 days 00:54:42.624000,HAD,6,0 days 00:02:03.572000,14.0,5.0,,0 days 00:54:40.919000,0 days 00:00:31.102000,0 days 00:00:34.506000,0 days 00:00:57.964000,0 days 00:53:10.154000,0 days 00:53:44.660000,0 days 00:54:42.624000,236.0,236.0,,232.0,False,SOFT,3.0,True,Racing Bulls,0 days 00:52:39.052000,2025-03-22 07:39:44.559,1,,,,False,False,Q
0 days 01:03:08.924000,HAD,6,,15.0,6.0,0 days 01:01:15.361000,,,0 days 00:00:33.422000,0 days 00:00:48.581000,,0 days 01:02:20.343000,0 days 01:03:09.034000,217.0,231.0,271.0,273.0,False,SOFT,4.0,False,Racing Bulls,0 days 00:54:42.624000,2025-03-22 07:41:48.131,12,,,,False,False,Q
0 days 01:04:40.372000,HAD,6,0 days 00:01:31.448000,16.0,6.0,,,0 days 00:00:24.287000,0 days 00:00:27.315000,0 days 00:00:39.846000,0 days 01:03:33.211000,0 days 01:04:00.526000,0 days 01:04:40.372000,285.0,278.0,269.0,329.0,True,SOFT,5.0,False,Racing Bulls,0 days 01:03:08.924000,2025-03-22 07:50:14.431,1,,,,False,True,Q
0 days 01:06:36.222000,HAD,6,0 days 00:01:55.850000,17.0,6.0,,0 days 01:06:34.549000,0 days 00:00:32.188000,0 days 00:00:32.619000,0 days 00:00:51.043000,0 days 01:05:12.560000,0 days 01:05:45.179000,0 days 01:06:36.222000,253.0,248.0,,276.0,False,SOFT,6.0,False,Racing Bulls,0 days 01:04:40.372000,2025-03-22 07:51:45.879,1,,,,False,False,Q
0 days 01:11:07.543000,HAD,6,,18.0,7.0,0 days 01:09:07.572000,,,0 days 00:00:35.517000,0 days 00:00:52.272000,,0 days 01:10:15.271000,0 days 01:11:07.810000,217.0,234.0,273.0,255.0,False,SOFT,1.0,True,Racing Bulls,0 days 01:06:36.222000,2025-03-22 07:53:41.729,1,,,,False,False,Q
0 days 01:12:38.622000,HAD,6,0 days 00:01:31.079000,19.0,7.0,,,0 days 00:00:24.160000,0 days 00:00:27.213000,0 days 00:00:39.706000,0 days 01:11:31.703000,0 days 01:11:58.916000,0 days 01:12:38.622000,284.0,277.0,270.0,331.0,True,SOFT,2.0,True,Racing Bulls,0 days 01:11:07.543000,2025-03-22 07:58:13.050,1,,,,False,True,Q
0 days 01:14:46.853000,HAD,6,,20.0,7.0,,0 days 01:14:46.853000,0 days 00:00:32.914000,0 days 00:00:34.511000,,0 days 01:13:11.607000,0 days 01:13:46.057000,,245.0,217.0,,208.0,False,SOFT,3.0,True,Racing Bulls,0 days 01:12:38.622000,2025-03-22 07:59:44.129,1,,,,False,False,Q
0 days 00:17:54.950000,ANT,12,,1.0,1.0,0 days 00:16:05.840000,,,0 days 00:00:33.730000,0 days 00:00:44.705000,,0 days 00:17:10.375000,0 days 00:17:54.950000,219.0,247.0,269.0,295.0,False,SOFT,4.0,False,Mercedes,0 days 00:16:05.840000,2025-03-22 07:03:11.347,12,,,,False,False,Q
0 days 00:19:27.200000,ANT,12,0 days 00:01:32.250000,2.0,1.0,,,0 days 00:00:24.419000,0 days 00:00:27.715000,0 days 00:00:40.116000,0 days 00:18:19.369000,0 days 00:18:47.084000,0 days 00:19:27.200000,283.0,277.0,265.0,332.0,True,SOFT,5.0,False,Mercedes,0 days 00:17:54.950000,2025-03-22 07:05:00.457,1,,,,False,True,Q
0 days 00:21:27.118000,ANT,12,0 days 00:01:59.918000,3.0,1.0,,0 days 00:21:23.969000,0 days 00:00:29.457000,0 days 00:00:37.158000,0 days 00:00:53.303000,0 days 00:19:56.657000,0 days 00:20:33.815000,0 days 00:21:27.118000,220.0,250.0,,304.0,False,SOFT,6.0,False,Mercedes,0 days 00:19:27.200000,2025-03-22 07:06:32.707,1,,,,False,False,Q
0 days 00:24:30.074000,ANT,12,,4.0,2.0,0 days 00:22:30.340000,,0 days 00:01:39.178000,0 days 00:00:34.827000,0 days 00:00:48.936000,0 days 00:23:06.345000,0 days 00:23:41.205000,0 days 00:24:30.281000,260.0,209.0,271.0,297.0,False,SOFT,1.0,True,Mercedes,0 days 00:21:27.118000,2025-03-22 07:08:32.625,1,,,,False,False,Q
0 days 00:26:01.750000,ANT,12,0 days 00:01:31.676000,5.0,2.0,,,0 days 00:00:24.179000,0 days 00:00:27.690000,0 days 00:00:39.807000,0 days 00:24:54.253000,0 days 00:25:21.943000,0 days 00:26:01.750000,285.0,277.0,270.0,332.0,True,SOFT,2.0,True,Mercedes,0 days 00:24:30.074000,2025-03-22 07:11:35.581,1,,,,False,True,Q
0 days 00:28:08.977000,ANT,12,0 days 00:02:07.227000,6.0,2.0,,,0 days 00:00:32.469000,0 days 00:00:39.008000,0 days 00:00:55.750000,0 days 00:26:34.219000,0 days 00:27:13.227000,0 days 00:28:08.977000,192.0,211.0,78.0,260.0,False,SOFT,3.0,True,Mercedes,0 days 00:26:01.750000,2025-03-22 07:13:07.257,1,,,,False,True,Q
0 days 00:30:41.303000,ANT,12,,7.0,2.0,,,0 days 00:00:44.296000,0 days 00:00:38.921000,0 days 00:01:09.129000,0 days 00:28:53.329000,0 days 00:29:32.298000,0 days 00:30:41.617000,213.0,193.0,270.0,263.0,False,SOFT,4.0,True,Mercedes,0 days 00:28:08.977000,2025-03-22 07:15:14.484,1,,,,False,False,Q
0 days 00:32:13.216000,ANT,12,0 days 00:01:31.913000,8.0,2.0,,,0 days 00:00:24.272000,0 days 00:00:27.979000,0 days 00:00:39.662000,0 days 00:31:05.575000,0 days 00:31:33.554000,0 days 00:32:13.216000,284.0,277.0,271.0,332.0,False,SOFT,5.0,True,Mercedes,0 days 00:30:41.303000,2025-03-22 07:17:46.810,1,,,,False,True,Q
0 days 00:34:17.160000,ANT,12,0 days 00:02:03.944000,9.0,2.0,,0 days 00:34:15.335000,0 days 00:00:30.538000,0 days 00:00:36.107000,0 days 00:00:57.299000,0 days 00:32:43.754000,0 days 00:33:19.861000,0 days 00:34:17.160000,203.0,213.0,,223.0,False,SOFT,6.0,True,Mercedes,0 days 00:32:13.216000,2025-03-22 07:19:18.723,12,,,,False,False,Q
0 days 00:41:20.764000,ANT,12,,10.0,3.0,0 days 00:39:17.035000,,,0 days 00:00:35.394000,0 days 00:00:53.512000,,0 days 00:40:27.355000,0 days 00:41:20.868000,262.0,252.0,270.0,313.0,False,SOFT,4.0,False,Mercedes,0 days 00:34:17.160000,2025-03-22 07:21:22.667,21,,,,False,False,Q
0 days 00:42:52.354000,ANT,12,0 days 00:01:31.590000,11.0,3.0,,,0 days 00:00:24.271000,0 days 00:00:27.630000,0 days 00:00:39.689000,0 days 00:41:45.035000,0 days 00:42:12.665000,0 days 00:42:52.354000,287.0,280.0,272.0,332.0,True,SOFT,5.0,False,Mercedes,0 days 00:41:20.764000,2025-03-22 07:28:26.271,1,,,,False,True,Q
0 days 00:44:55.303000,ANT,12,0 days 00:02:02.949000,12.0,3.0,,0 days 00:44:53.579000,0 days 00:00:32.561000,0 days 00:00:35.620000,0 days 00:00:54.768000,0 days 00:43:24.915000,0 days 00:44:00.535000,0 days 00:44:55.303000,137.0,147.0,,299.0,False,SOFT,6.0,False,Mercedes,0 days 00:42:52.354000,2025-03-22 07:29:57.861,1,,,,False,False,Q
0 days 00:49:35.027000,ANT,12,,13.0,4.0,0 days 00:47:47.258000,,,0 days 00:00:34.065000,0 days 00:00:45.463000,,0 days 00:48:49.660000,0 days 00:49:35.265000,253.0,253.0,270.0,312.0,False,SOFT,1.0,True,Mercedes,0 days 00:44:55.303000,2025-03-22 07:32:00.810,1,,,,False,False,Q
0 days 00:51:36.867000,ANT,12,0 days 00:02:01.840000,14.0,4.0,,,0 days 00:00:33.832000,0 days 00:00:41.527000,0 days 00:00:46.481000,0 days 00:50:08.859000,0 days 00:50:50.386000,0 days 00:51:36.867000,115.0,219.0,272.0,306.0,False,SOFT,2.0,True,Mercedes,0 days 00:49:35.027000,2025-03-22 07:36:40.534,1,,,,False,True,Q
0 days 00:53:08.462000,ANT,12,0 days 00:01:31.595000,15.0,4.0,,,0 days 00:00:24.241000,0 days 00:00:27.510000,0 days 00:00:39.844000,0 days 00:52:01.108000,0 days 00:52:28.618000,0 days 00:53:08.462000,285.0,280.0,272.0,333.0,False,SOFT,3.0,True,Mercedes,0 days 00:51:36.867000,2025-03-22 07:38:42.374,1,,,,False,True,Q
0 days 00:55:12.996000,ANT,12,0 days 00:02:04.534000,16.0,4.0,,0 days 00:55:11.166000,0 days 00:00:29.157000,0 days 00:00:37.106000,0 days 00:00:58.271000,0 days 00:53:37.619000,0 days 00:54:14.725000,0 days 00:55:12.996000,201.0,199.0,,252.0,False,SOFT,4.0,True,Mercedes,0 days 00:53:08.462000,2025-03-22 07:40:13.969,12,,,,False,False,Q
0 days 01:02:59.518000,ANT,12,,17.0,5.0,0 days 01:01:01.985000,,,0 days 00:00:34.758000,0 days 00:00:47.841000,,0 days 01:02:11.819000,0 days 01:02:59.644000,243.0,254.0,272.0,289.0,False,SOFT,1.0,True,Mercedes,0 days 00:55:12.996000,2025-03-22 07:42:18.503,21,,,,False,False,Q
0 days 01:04:31.203000,ANT,12,0 days 00:01:31.685000,18.0,5.0,,,0 days 00:00:24.267000,0 days 00:00:27.517000,0 days 00:00:39.901000,0 days 01:03:23.785000,0 days 01:03:51.302000,0 days 01:04:31.203000,285.0,280.0,262.0,332.0,True,SOFT,2.0,True,Mercedes,0 days 01:02:59.518000,2025-03-22 07:50:05.025,1,,,,False,True,Q
0 days 01:06:27.168000,ANT,12,0 days 00:01:55.965000,19.0,5.0,,0 days 01:06:25.424000,0 days 00:00:28.215000,0 days 00:00:35.634000,0 days 00:00:52.116000,0 days 01:04:59.418000,0 days 01:05:35.052000,0 days 01:06:27.168000,220.0,142.0,,309.0,False,SOFT,3.0,True,Mercedes,0 days 01:04:31.203000,2025-03-22 07:51:36.710,1,,,,False,False,Q
0 days 01:10:50.796000,ANT,12,,20.0,6.0,0 days 01:08:55.358000,,,0 days 00:00:34.986000,0 days 00:00:47.178000,,0 days 01:10:03.750000,0 days 01:10:51.074000,234.0,244.0,271.0,294.0,False,SOFT,1.0,True,Mercedes,0 days 01:06:27.168000,2025-03-22 07:53:32.675,1,,,,False,False,Q
0 days 01:12:21.899000,ANT,12,0 days 00:01:31.103000,21.0,6.0,,,0 days 00:00:24.176000,0 days 00:00:27.301000,0 days 00:00:39.626000,0 days 01:11:14.972000,0 days 01:11:42.273000,0 days 01:12:21.899000,285.0,280.0,271.0,333.0,True,SOFT,2.0,True,Mercedes,0 days 01:10:50.796000,2025-03-22 07:57:56.303,1,,,,False,True,Q
0 days 01:14:25.905000,ANT,12,0 days 00:02:04.006000,22.0,6.0,,0 days 01:14:20.256000,0 days 00:00:28.476000,0 days 00:00:34.094000,0 days 00:01:01.436000,0 days 01:12:50.375000,0 days 01:13:24.469000,0 days 01:14:25.905000,207.0,220.0,,251.0,False,SOFT,3.0,True,Mercedes,0 days 01:12:21.899000,2025-03-22 07:59:27.406,1,,,,False,False,Q
0 days 00:15:15.495000,TSU,22,,1.0,1.0,0 days 00:13:23.978000,,,0 days 00:00:35.625000,0 days 00:00:45.810000,,0 days 00:14:29.860000,0 days 00:15:15.495000,235.0,258.0,271.0,277.0,False,SOFT,6.0,False,Racing Bulls,0 days 00:13:23.978000,2025-03-22 07:00:29.485,1,,,,False,False,Q
0 days 00:16:57.787000,TSU,22,0 days 00:01:42.292000,2.0,1.0,,0 days 00:16:55.610000,0 days 00:00:24.540000,0 days 00:00:27.622000,0 days 00:00:50.130000,0 days 00:15:40.035000,0 days 00:16:07.657000,0 days 00:16:57.787000,283.0,276.0,,333.0,False,SOFT,7.0,False,Racing Bulls,0 days 00:15:15.495000,2025-03-22 07:02:21.002,1,,,,False,False,Q
0 days 00:21:09.624000,TSU,22,,3.0,2.0,0 days 00:19:05.400000,,,0 days 00:00:37.217000,0 days 00:00:57.447000,,0 days 00:20:12.204000,0 days 00:21:09.791000,214.0,222.0,273.0,289.0,False,SOFT,4.0,False,Racing Bulls,0 days 00:16:57.787000,2025-03-22 07:04:03.294,12,,,,False,False,Q
0 days 00:22:41.322000,TSU,22,0 days 00:01:31.698000,4.0,2.0,,,0 days 00:00:24.312000,0 days 00:00:27.429000,0 days 00:00:39.957000,0 days 00:21:33.936000,0 days 00:22:01.365000,0 days 00:22:41.322000,284.0,278.0,270.0,330.0,True,SOFT,5.0,False,Racing Bulls,0 days 00:21:09.624000,2025-03-22 07:08:15.131,1,,,,False,True,Q
0 days 00:24:36.341000,TSU,22,0 days 00:01:55.019000,5.0,2.0,,0 days 00:24:34.624000,0 days 00:00:27.463000,0 days 00:00:34.467000,0 days 00:00:53.089000,0 days 00:23:08.785000,0 days 00:23:43.252000,0 days 00:24:36.341000,244.0,252.0,,258.0,False,SOFT,6.0,False,Racing Bulls,0 days 00:22:41.322000,2025-03-22 07:09:46.829,1,,,,False,False,Q
0 days 00:30:00.144000,TSU,22,,6.0,3.0,0 days 00:27:54.679000,,,0 days 00:00:38.202000,0 days 00:00:51.015000,,0 days 00:29:09.129000,0 days 00:30:00.438000,221.0,208.0,273.0,267.0,False,SOFT,1.0,True,Racing Bulls,0 days 00:24:36.341000,2025-03-22 07:11:41.848,1,,,,False,False,Q
0 days 00:31:31.382000,TSU,22,0 days 00:01:31.238000,7.0,3.0,,,0 days 00:00:24.276000,0 days 00:00:27.203000,0 days 00:00:39.759000,0 days 00:30:24.420000,0 days 00:30:51.623000,0 days 00:31:31.382000,284.0,278.0,272.0,331.0,True,SOFT,2.0,True,Racing Bulls,0 days 00:30:00.144000,2025-03-22 07:17:05.651,1,,,,False,True,Q
0 days 00:33:37.787000,TSU,22,0 days 00:02:06.405000,8.0,3.0,,0 days 00:33:36.070000,0 days 00:00:30.706000,0 days 00:00:35.985000,0 days 00:00:59.714000,0 days 00:32:02.088000,0 days 00:32:38.073000,0 days 00:33:37.787000,198.0,225.0,,265.0,False,SOFT,3.0,True,Racing Bulls,0 days 00:31:31.382000,2025-03-22 07:18:36.889,1,,,,False,False,Q
0 days 00:42:08.136000,TSU,22,,9.0,4.0,0 days 00:40:07.573000,,,0 days 00:00:38.530000,0 days 00:00:49.983000,,0 days 00:41:18.153000,0 days 00:42:08.226000,212.0,206.0,274.0,285.0,False,SOFT,1.0,True,Racing Bulls,0 days 00:33:37.787000,2025-03-22 07:20:43.294,12,,,,False,False,Q
0 days 00:43:39.561000,TSU,22,0 days 00:01:31.425000,10.0,4.0,,,0 days 00:00:24.205000,0 days 00:00:27.390000,0 days 00:00:39.830000,0 days 00:42:32.341000,0 days 00:42:59.731000,0 days 00:43:39.561000,284.0,279.0,270.0,331.0,True,SOFT,2.0,True,Racing Bulls,0 days 00:42:08.136000,2025-03-22 07:29:13.643,1,,,,False,True,Q
0 days 00:45:39.422000,TSU,22,0 days 00:01:59.861000,11.0,4.0,,0 days 00:45:37.669000,0 days 00:00:28.200000,0 days 00:00:33.365000,0 days 00:00:58.296000,0 days 00:44:07.761000,0 days 00:44:41.126000,0 days 00:45:39.422000,232.0,221.0,,223.0,False,SOFT,3.0,True,Racing Bulls,0 days 00:43:39.561000,2025-03-22 07:30:45.068,1,,,,False,False,Q
0 days 00:51:21.391000,TSU,22,,12.0,5.0,0 days 00:49:19.838000,,,0 days 00:00:38.847000,0 days 00:00:50.705000,,0 days 00:50:30.772000,0 days 00:51:21.629000,206.0,204.0,273.0,285.0,False,SOFT,1.0,True,Racing Bulls,0 days 00:45:39.422000,2025-03-22 07:32:44.929,1,,,,False,False,Q
0 days 00:52:52.651000,TSU,22,0 days 00:01:31.260000,13.0,5.0,,,0 days 00:00:24.171000,0 days 00:00:27.269000,0 days 00:00:39.820000,0 days 00:51:45.562000,0 days 00:52:12.831000,0 days 00:52:52.651000,285.0,279.0,273.0,331.0,True,SOFT,2.0,True,Racing Bulls,0 days 00:51:21.391000,2025-03-22 07:38:26.898,1,,,,False,True,Q
0 days 00:54:55.657000,TSU,22,0 days 00:02:03.006000,14.0,5.0,,0 days 00:54:53.950000,0 days 00:00:29.321000,0 days 00:00:33.835000,0 days 00:00:59.850000,0 days 00:53:21.972000,0 days 00:53:55.807000,0 days 00:54:55.657000,196.0,213.0,,200.0,False,SOFT,3.0,True,Racing Bulls,0 days 00:52:52.651000,2025-03-22 07:39:58.158,1,,,,False,False,Q
0 days 01:03:17.658000,TSU,22,,15.0,6.0,0 days 01:01:23.923000,,,0 days 00:00:34.734000,0 days 00:00:48.668000,,0 days 01:02:29.052000,0 days 01:03:17.708000,231.0,248.0,273.0,274.0,False,SOFT,4.0,False,Racing Bulls,0 days 00:54:55.657000,2025-03-22 07:42:01.164,12,,,,False,False,Q
0 days 01:04:49.296000,TSU,22,0 days 00:01:31.638000,16.0,6.0,,,0 days 00:00:24.280000,0 days 00:00:27.527000,0 days 00:00:39.831000,0 days 01:03:41.938000,0 days 01:04:09.465000,0 days 01:04:49.296000,285.0,278.0,272.0,331.0,True,SOFT,5.0,False,Racing Bulls,0 days 01:03:17.658000,2025-03-22 07:50:23.165,1,,,,False,True,Q
0 days 01:06:41.193000,TSU,22,0 days 00:01:51.897000,17.0,6.0,,0 days 01:06:39.440000,0 days 00:00:27.646000,0 days 00:00:32.496000,0 days 00:00:51.755000,0 days 01:05:16.942000,0 days 01:05:49.438000,0 days 01:06:41.193000,258.0,249.0,,266.0,False,SOFT,6.0,False,Racing Bulls,0 days 01:04:49.296000,2025-03-22 07:51:54.803,1,,,,False,False,Q
0 days 01:11:53.870000,TSU,22,,18.0,7.0,0 days 01:09:53.991000,,,0 days 00:00:38.658000,0 days 00:00:50.790000,,0 days 01:11:03.210000,0 days 01:11:53.980000,206.0,200.0,274.0,266.0,False,SOFT,1.0,True,Racing Bulls,0 days 01:06:41.193000,2025-03-22 07:53:46.700,1,,,,False,False,Q
0 days 01:13:45.353000,TSU,22,0 days 00:01:51.483000,19.0,7.0,,0 days 01:13:42.822000,0 days 00:00:24.214000,0 days 00:00:27.273000,0 days 00:00:59.996000,0 days 01:12:18.084000,0 days 01:12:45.357000,0 days 01:13:45.353000,283.0,278.0,,201.0,False,SOFT,2.0,True,Racing Bulls,0 days 01:11:53.870000,2025-03-22 07:58:59.377,1,,,,False,False,Q
0 days 00:17:09.844000,ALB,23,,1.0,1.0,0 days 00:15:07.041000,,,0 days 00:00:35.963000,0 days 00:00:50.755000,,0 days 00:16:19.157000,0 days 00:17:09.844000,273.0,269.0,269.0,216.0,False,SOFT,4.0,False,Williams,0 days 00:15:07.041000,2025-03-22 07:02:12.548,12,,,,False,False,Q
0 days 00:18:56.704000,ALB,23,0 days 00:01:46.860000,2.0,1.0,,0 days 00:18:54.790000,0 days 00:00:24.702000,0 days 00:00:27.654000,0 days 00:00:54.504000,0 days 00:17:34.546000,0 days 00:18:02.200000,0 days 00:18:56.704000,282.0,276.0,,298.0,False,SOFT,5.0,False,Williams,0 days 00:17:09.844000,2025-03-22 07:04:15.351,1,,,,False,False,Q
0 days 00:21:33.016000,ALB,23,,3.0,2.0,0 days 00:19:30.790000,,0 days 00:01:18.557000,0 days 00:00:32.935000,0 days 00:00:44.831000,0 days 00:20:15.282000,0 days 00:20:48.308000,0 days 00:21:33.217000,265.0,269.0,272.0,311.0,False,SOFT,1.0,True,Williams,0 days 00:18:56.704000,2025-03-22 07:06:02.211,1,,,,False,False,Q
0 days 00:23:04.986000,ALB,23,0 days 00:01:31.970000,4.0,2.0,,,0 days 00:00:24.529000,0 days 00:00:27.582000,0 days 00:00:39.859000,0 days 00:21:57.545000,0 days 00:22:25.127000,0 days 00:23:04.986000,283.0,278.0,272.0,329.0,True,SOFT,2.0,True,Williams,0 days 00:21:33.016000,2025-03-22 07:08:38.523,1,,,,False,True,Q
0 days 00:25:00.060000,ALB,23,0 days 00:01:55.074000,5.0,2.0,,0 days 00:24:57.412000,0 days 00:00:29.153000,0 days 00:00:33.965000,0 days 00:00:51.956000,0 days 00:23:34.139000,0 days 00:24:08.104000,0 days 00:25:00.060000,225.0,248.0,,310.0,False,SOFT,3.0,True,Williams,0 days 00:23:04.986000,2025-03-22 07:10:10.493,1,,,,False,False,Q
0 days 00:30:35.283000,ALB,23,,6.0,3.0,0 days 00:28:21.623000,,,0 days 00:00:31.211000,0 days 00:01:01.818000,,0 days 00:29:33.532000,0 days 00:30:35.517000,276.0,274.0,274.0,295.0,False,SOFT,1.0,True,Williams,0 days 00:25:00.060000,2025-03-22 07:12:05.567,1,,,,False,False,Q
0 days 00:32:06.786000,ALB,23,0 days 00:01:31.503000,7.0,3.0,,,0 days 00:00:24.237000,0 days 00:00:27.477000,0 days 00:00:39.789000,0 days 00:30:59.520000,0 days 00:31:26.997000,0 days 00:32:06.786000,284.0,278.0,273.0,330.0,True,SOFT,2.0,True,Williams,0 days 00:30:35.283000,2025-03-22 07:17:40.790,1,,,,False,True,Q
0 days 00:34:13.530000,ALB,23,0 days 00:02:06.744000,8.0,3.0,,0 days 00:34:11.695000,0 days 00:00:30.239000,0 days 00:00:34.736000,0 days 00:01:01.769000,0 days 00:32:37.025000,0 days 00:33:11.761000,0 days 00:34:13.530000,215.0,243.0,,200.0,False,SOFT,3.0,True,Williams,0 days 00:32:06.786000,2025-03-22 07:19:12.293,12,,,,False,False,Q
0 days 00:43:01.786000,ALB,23,,9.0,4.0,0 days 00:41:05.325000,,,0 days 00:00:32.787000,0 days 00:00:45.654000,,0 days 00:42:16.310000,0 days 00:43:01.789000,243.0,274.0,274.0,244.0,False,SOFT,1.0,True,Williams,0 days 00:34:13.530000,2025-03-22 07:21:19.037,21,,,,False,False,Q
0 days 00:44:33.407000,ALB,23,0 days 00:01:31.621000,10.0,4.0,,,0 days 00:00:24.170000,0 days 00:00:27.647000,0 days 00:00:39.804000,0 days 00:43:25.956000,0 days 00:43:53.603000,0 days 00:44:33.407000,284.0,279.0,274.0,329.0,True,SOFT,2.0,True,Williams,0 days 00:43:01.786000,2025-03-22 07:30:07.293,1,,,,False,True,Q
0 days 00:46:25.867000,ALB,23,0 days 00:01:52.460000,11.0,4.0,,0 days 00:46:24.218000,0 days 00:00:28.572000,0 days 00:00:32.565000,0 days 00:00:51.323000,0 days 00:45:01.979000,0 days 00:45:34.544000,0 days 00:46:25.867000,235.0,250.0,,269.0,False,SOFT,3.0,True,Williams,0 days 00:44:33.407000,2025-03-22 07:31:38.914,1,,,,False,False,Q
0 days 00:51:42.575000,ALB,23,,12.0,5.0,0 days 00:49:44.406000,,,0 days 00:00:35.913000,0 days 00:00:48.411000,,0 days 00:50:54.241000,0 days 00:51:42.817000,278.0,274.0,275.0,174.0,False,SOFT,1.0,True,Williams,0 days 00:46:25.867000,2025-03-22 07:33:31.374,1,,,,False,False,Q
0 days 00:53:14.170000,ALB,23,0 days 00:01:31.595000,13.0,5.0,,,0 days 00:00:24.174000,0 days 00:00:27.498000,0 days 00:00:39.923000,0 days 00:52:06.749000,0 days 00:52:34.247000,0 days 00:53:14.170000,286.0,279.0,273.0,332.0,True,SOFT,2.0,True,Williams,0 days 00:51:42.575000,2025-03-22 07:38:48.082,1,,,,False,True,Q
0 days 00:55:17.133000,ALB,23,0 days 00:02:02.963000,14.0,5.0,,0 days 00:55:15.394000,0 days 00:00:30.604000,0 days 00:00:34.441000,0 days 00:00:57.918000,0 days 00:53:44.774000,0 days 00:54:19.215000,0 days 00:55:17.133000,199.0,232.0,,227.0,False,SOFT,3.0,True,Williams,0 days 00:53:14.170000,2025-03-22 07:40:19.677,12,,,,False,False,Q
0 days 01:03:24.726000,ALB,23,,15.0,6.0,0 days 01:01:29.017000,,,0 days 00:00:33.065000,0 days 00:00:48.060000,,0 days 01:02:36.752000,0 days 01:03:24.740000,277.0,272.0,272.0,304.0,False,SOFT,4.0,False,Williams,0 days 00:55:17.133000,2025-03-22 07:42:22.640,21,,,,False,False,Q
0 days 01:04:56.432000,ALB,23,0 days 00:01:31.706000,16.0,6.0,,,0 days 00:00:24.246000,0 days 00:00:27.654000,0 days 00:00:39.806000,0 days 01:03:48.972000,0 days 01:04:16.626000,0 days 01:04:56.432000,284.0,278.0,273.0,329.0,True,SOFT,5.0,False,Williams,0 days 01:03:24.726000,2025-03-22 07:50:30.233,1,,,,False,True,Q
0 days 01:06:53.679000,ALB,23,0 days 00:01:57.247000,17.0,6.0,,0 days 01:06:51.872000,0 days 00:00:29.260000,0 days 00:00:35.045000,0 days 00:00:52.942000,0 days 01:05:25.692000,0 days 01:06:00.737000,0 days 01:06:53.679000,218.0,249.0,,281.0,False,SOFT,6.0,False,Williams,0 days 01:04:56.432000,2025-03-22 07:52:01.939,1,,,,False,False,Q
0 days 01:10:37.363000,ALB,23,,18.0,7.0,0 days 01:08:52.861000,,,0 days 00:00:30.616000,0 days 00:00:44.684000,,0 days 01:09:52.679000,0 days 01:10:37.631000,273.0,271.0,272.0,308.0,False,SOFT,4.0,False,Williams,0 days 01:06:53.679000,2025-03-22 07:53:59.186,1,,,,False,False,Q
0 days 01:12:09.284000,ALB,23,0 days 00:01:31.921000,19.0,7.0,,,0 days 00:00:24.374000,0 days 00:00:27.725000,0 days 00:00:39.822000,0 days 01:11:01.737000,0 days 01:11:29.462000,0 days 01:12:09.284000,284.0,278.0,275.0,330.0,False,SOFT,5.0,False,Williams,0 days 01:10:37.363000,2025-03-22 07:57:42.870,1,,,,False,True,Q
0 days 01:14:10.998000,ALB,23,0 days 00:02:01.714000,20.0,7.0,,0 days 01:14:08.010000,0 days 00:00:29.998000,0 days 00:00:36.261000,0 days 00:00:55.455000,0 days 01:12:39.282000,0 days 01:13:15.543000,0 days 01:14:10.998000,149.0,206.0,,265.0,False,SOFT,6.0,False,Williams,0 days 01:12:09.284000,2025-03-22 07:59:14.791,1,,,,False,False,Q
0 days 00:15:56.430000,OCO,31,,1.0,1.0,0 days 00:13:51.407000,,,0 days 00:00:36.646000,0 days 00:00:49.590000,,0 days 00:15:07.026000,0 days 00:15:56.501000,255.0,243.0,266.0,251.0,False,SOFT,1.0,True,Haas F1 Team,0 days 00:13:51.407000,2025-03-22 07:00:56.914,1,,,,False,False,Q
0 days 00:17:28.800000,OCO,31,0 days 00:01:32.370000,2.0,1.0,,,0 days 00:00:24.555000,0 days 00:00:27.558000,0 days 00:00:40.257000,0 days 00:16:20.985000,0 days 00:16:48.543000,0 days 00:17:28.800000,282.0,277.0,267.0,326.0,True,SOFT,2.0,True,Haas F1 Team,0 days 00:15:56.430000,2025-03-22 07:03:01.937,12,,,,False,True,Q
0 days 00:19:26.699000,OCO,31,0 days 00:01:57.899000,3.0,1.0,,0 days 00:19:24.868000,0 days 00:00:28.381000,0 days 00:00:34.835000,0 days 00:00:54.683000,0 days 00:17:57.181000,0 days 00:18:32.016000,0 days 00:19:26.699000,220.0,239.0,,269.0,False,SOFT,3.0,True,Haas F1 Team,0 days 00:17:28.800000,2025-03-22 07:04:34.307,1,,,,False,False,Q
0 days 00:22:47.818000,OCO,31,,4.0,2.0,0 days 00:20:47.626000,,,0 days 00:00:39.164000,0 days 00:00:51.197000,,0 days 00:21:56.763000,0 days 00:22:48.051000,214.0,231.0,267.0,218.0,False,SOFT,1.0,True,Haas F1 Team,0 days 00:19:26.699000,2025-03-22 07:06:32.206,1,,,,False,False,Q
0 days 00:24:20.030000,OCO,31,0 days 00:01:32.212000,5.0,2.0,,,0 days 00:00:24.291000,0 days 00:00:27.720000,0 days 00:00:40.201000,0 days 00:23:12.109000,0 days 00:23:39.829000,0 days 00:24:20.030000,285.0,277.0,270.0,327.0,True,SOFT,2.0,True,Haas F1 Team,0 days 00:22:47.818000,2025-03-22 07:09:53.325,1,,,,False,True,Q
0 days 00:26:23.772000,OCO,31,0 days 00:02:03.742000,6.0,2.0,,0 days 00:26:22.075000,0 days 00:00:29.885000,0 days 00:00:36.201000,0 days 00:00:57.656000,0 days 00:24:49.915000,0 days 00:25:26.116000,0 days 00:26:23.772000,245.0,227.0,,224.0,False,SOFT,3.0,True,Haas F1 Team,0 days 00:24:20.030000,2025-03-22 07:11:25.537,1,,,,False,False,Q
0 days 00:30:53.615000,OCO,31,,7.0,3.0,0 days 00:28:56.813000,,,0 days 00:00:35.249000,0 days 00:00:46.726000,,0 days 00:30:06.988000,0 days 00:30:53.941000,227.0,249.0,270.0,298.0,False,SOFT,1.0,True,Haas F1 Team,0 days 00:26:23.772000,2025-03-22 07:13:29.279,1,,,,False,False,Q
0 days 00:32:25.491000,OCO,31,0 days 00:01:31.876000,8.0,3.0,,,0 days 00:00:24.244000,0 days 00:00:27.609000,0 days 00:00:40.023000,0 days 00:31:17.859000,0 days 00:31:45.468000,0 days 00:32:25.491000,285.0,279.0,272.0,327.0,True,SOFT,2.0,True,Haas F1 Team,0 days 00:30:53.615000,2025-03-22 07:17:59.122,1,,,,False,True,Q
0 days 00:34:29.616000,OCO,31,0 days 00:02:04.125000,9.0,3.0,,0 days 00:34:27.898000,0 days 00:00:29.894000,0 days 00:00:34.923000,0 days 00:00:59.308000,0 days 00:32:55.385000,0 days 00:33:30.308000,0 days 00:34:29.616000,219.0,200.0,,216.0,False,SOFT,3.0,True,Haas F1 Team,0 days 00:32:25.491000,2025-03-22 07:19:30.998,12,,,,False,False,Q
0 days 00:41:13.315000,OCO,31,,10.0,4.0,0 days 00:39:15.347000,,,0 days 00:00:40.028000,0 days 00:00:47.944000,,0 days 00:40:25.417000,0 days 00:41:13.419000,196.0,212.0,269.0,297.0,False,SOFT,1.0,True,Haas F1 Team,0 days 00:34:29.616000,2025-03-22 07:21:35.123,21,,,,False,False,Q
0 days 00:42:45.110000,OCO,31,0 days 00:01:31.795000,11.0,4.0,,,0 days 00:00:24.334000,0 days 00:00:27.511000,0 days 00:00:39.950000,0 days 00:41:37.649000,0 days 00:42:05.160000,0 days 00:42:45.110000,286.0,280.0,269.0,326.0,True,SOFT,2.0,True,Haas F1 Team,0 days 00:41:13.315000,2025-03-22 07:28:18.822,1,,,,False,True,Q
0 days 00:44:50.124000,OCO,31,0 days 00:02:05.014000,12.0,4.0,,0 days 00:44:48.083000,0 days 00:00:28.242000,0 days 00:00:35.601000,0 days 00:01:01.171000,0 days 00:43:13.352000,0 days 00:43:48.953000,0 days 00:44:50.124000,220.0,245.0,,227.0,False,SOFT,3.0,True,Haas F1 Team,0 days 00:42:45.110000,2025-03-22 07:29:50.617,1,,,,False,False,Q
0 days 00:51:00.235000,OCO,31,,13.0,5.0,0 days 00:48:49.663000,,,0 days 00:00:39.173000,0 days 00:00:49.338000,,0 days 00:50:10.909000,0 days 00:51:00.573000,194.0,221.0,270.0,246.0,False,SOFT,1.0,True,Haas F1 Team,0 days 00:44:50.124000,2025-03-22 07:31:55.631,1,,,,False,False,Q
0 days 00:52:31.860000,OCO,31,0 days 00:01:31.625000,14.0,5.0,,,0 days 00:00:24.246000,0 days 00:00:27.489000,0 days 00:00:39.890000,0 days 00:51:24.481000,0 days 00:51:51.970000,0 days 00:52:31.860000,286.0,279.0,271.0,326.0,True,SOFT,2.0,True,Haas F1 Team,0 days 00:51:00.235000,2025-03-22 07:38:05.742,1,,,,False,True,Q
0 days 00:54:37.580000,OCO,31,0 days 00:02:05.720000,15.0,5.0,,0 days 00:54:34.884000,0 days 00:00:27.983000,0 days 00:00:34.039000,0 days 00:01:03.698000,0 days 00:52:59.843000,0 days 00:53:33.882000,0 days 00:54:37.580000,221.0,200.0,,198.0,False,SOFT,3.0,True,Haas F1 Team,0 days 00:52:31.860000,2025-03-22 07:39:37.367,1,,,,False,False,Q
0 days 00:14:55.204000,HUL,27,,1.0,1.0,0 days 00:13:03.373000,,,0 days 00:00:32.086000,0 days 00:00:46.955000,,0 days 00:14:08.282000,0 days 00:14:55.204000,256.0,251.0,270.0,307.0,False,SOFT,1.0,True,Kick Sauber,0 days 00:13:03.373000,2025-03-22 07:00:08.880,1,,,,False,False,Q
0 days 00:16:27.881000,HUL,27,0 days 00:01:32.677000,2.0,1.0,,,0 days 00:00:24.570000,0 days 00:00:27.768000,0 days 00:00:40.339000,0 days 00:15:19.774000,0 days 00:15:47.542000,0 days 00:16:27.881000,283.0,278.0,269.0,335.0,True,SOFT,2.0,True,Kick Sauber,0 days 00:14:55.204000,2025-03-22 07:02:00.711,1,,,,False,True,Q
0 days 00:18:30.530000,HUL,27,0 days 00:02:02.649000,3.0,1.0,,0 days 00:18:28.886000,0 days 00:00:33.444000,0 days 00:00:32.319000,0 days 00:00:56.886000,0 days 00:17:01.325000,0 days 00:17:33.644000,0 days 00:18:30.530000,244.0,248.0,,176.0,False,SOFT,3.0,True,Kick Sauber,0 days 00:16:27.881000,2025-03-22 07:03:33.388,12,,,,False,False,Q
0 days 00:22:10.912000,HUL,27,,4.0,2.0,0 days 00:20:08.486000,,,0 days 00:00:37.432000,0 days 00:00:46.784000,,0 days 00:21:24.208000,0 days 00:22:11.141000,220.0,228.0,269.0,303.0,False,SOFT,1.0,True,Kick Sauber,0 days 00:18:30.530000,2025-03-22 07:05:36.037,1,,,,False,False,Q
0 days 00:23:42.947000,HUL,27,0 days 00:01:32.035000,5.0,2.0,,,0 days 00:00:24.360000,0 days 00:00:27.663000,0 days 00:00:40.012000,0 days 00:22:35.272000,0 days 00:23:02.935000,0 days 00:23:42.947000,286.0,279.0,266.0,330.0,True,SOFT,2.0,True,Kick Sauber,0 days 00:22:10.912000,2025-03-22 07:09:16.419,1,,,,False,True,Q
0 days 00:25:31.585000,HUL,27,0 days 00:01:48.638000,6.0,2.0,,0 days 00:25:29.835000,0 days 00:00:27.280000,0 days 00:00:33.057000,0 days 00:00:48.301000,0 days 00:24:10.227000,0 days 00:24:43.284000,0 days 00:25:31.585000,176.0,257.0,,305.0,False,SOFT,3.0,True,Kick Sauber,0 days 00:23:42.947000,2025-03-22 07:10:48.454,1,,,,False,False,Q
0 days 00:29:25.647000,HUL,27,,7.0,3.0,0 days 00:27:25.013000,,,0 days 00:00:34.429000,0 days 00:00:50.545000,,0 days 00:28:35.154000,0 days 00:29:25.876000,258.0,253.0,271.0,310.0,False,SOFT,1.0,True,Kick Sauber,0 days 00:25:31.585000,2025-03-22 07:12:37.092,1,,,,False,False,Q
0 days 00:30:57.568000,HUL,27,0 days 00:01:31.921000,8.0,3.0,,,0 days 00:00:24.303000,0 days 00:00:27.609000,0 days 00:00:40.009000,0 days 00:29:49.950000,0 days 00:30:17.559000,0 days 00:30:57.568000,285.0,279.0,269.0,333.0,True,SOFT,2.0,True,Kick Sauber,0 days 00:29:25.647000,2025-03-22 07:16:31.154,1,,,,False,True,Q
0 days 00:32:52.144000,HUL,27,0 days 00:01:54.576000,9.0,3.0,,0 days 00:32:50.351000,0 days 00:00:27.851000,0 days 00:00:33.054000,0 days 00:00:53.671000,0 days 00:31:25.419000,0 days 00:31:58.473000,0 days 00:32:52.144000,242.0,242.0,,259.0,False,SOFT,3.0,True,Kick Sauber,0 days 00:30:57.568000,2025-03-22 07:18:03.075,1,,,,False,False,Q
0 days 00:43:13.763000,HUL,27,,10.0,4.0,0 days 00:41:21.473000,,,0 days 00:00:33.417000,0 days 00:00:51.635000,,0 days 00:42:22.185000,0 days 00:43:13.773000,265.0,243.0,271.0,304.0,False,SOFT,1.0,True,Kick Sauber,0 days 00:32:52.144000,2025-03-22 07:19:57.651,12,,,,False,False,Q
0 days 00:44:45.489000,HUL,27,0 days 00:01:31.726000,11.0,4.0,,,0 days 00:00:24.080000,0 days 00:00:27.655000,0 days 00:00:39.991000,0 days 00:43:37.843000,0 days 00:44:05.498000,0 days 00:44:45.489000,285.0,280.0,270.0,332.0,True,SOFT,2.0,True,Kick Sauber,0 days 00:43:13.763000,2025-03-22 07:30:19.270,1,,,,False,True,Q
0 days 00:46:30.097000,HUL,27,0 days 00:01:44.608000,12.0,4.0,,0 days 00:46:28.328000,0 days 00:00:26.196000,0 days 00:00:30.340000,0 days 00:00:48.072000,0 days 00:45:11.685000,0 days 00:45:42.025000,0 days 00:46:30.097000,262.0,256.0,,305.0,False,SOFT,3.0,True,Kick Sauber,0 days 00:44:45.489000,2025-03-22 07:31:50.996,1,,,,False,False,Q
0 days 00:50:13.791000,HUL,27,,13.0,5.0,0 days 00:48:16.985000,,,0 days 00:00:33.308000,0 days 00:00:50.254000,,0 days 00:49:23.635000,0 days 00:50:13.940000,259.0,252.0,272.0,303.0,False,SOFT,1.0,True,Kick Sauber,0 days 00:46:30.097000,2025-03-22 07:33:35.604,1,,,,False,False,Q
0 days 00:51:45.423000,HUL,27,0 days 00:01:31.632000,14.0,5.0,,,0 days 00:00:24.256000,0 days 00:00:27.481000,0 days 00:00:39.895000,0 days 00:50:38.047000,0 days 00:51:05.528000,0 days 00:51:45.423000,285.0,279.0,270.0,333.0,True,SOFT,2.0,True,Kick Sauber,0 days 00:50:13.791000,2025-03-22 07:37:19.298,1,,,,False,True,Q
0 days 00:53:41.980000,HUL,27,0 days 00:01:56.557000,15.0,5.0,,0 days 00:53:40.200000,0 days 00:00:29.919000,0 days 00:00:33.980000,0 days 00:00:52.658000,0 days 00:52:15.342000,0 days 00:52:49.322000,0 days 00:53:41.980000,261.0,256.0,,258.0,False,SOFT,3.0,True,Kick Sauber,0 days 00:51:45.423000,2025-03-22 07:38:50.930,1,,,,False,False,Q
0 days 00:15:05.985000,ALO,14,,1.0,1.0,0 days 00:13:17.322000,,,0 days 00:00:32.716000,0 days 00:00:47.641000,,0 days 00:14:18.458000,0 days 00:15:06.026000,256.0,257.0,268.0,310.0,False,SOFT,4.0,False,Aston Martin,0 days 00:13:17.322000,2025-03-22 07:00:22.829,1,,,,False,False,Q
0 days 00:16:39.176000,ALO,14,0 days 00:01:33.191000,2.0,1.0,,,0 days 00:00:24.475000,0 days 00:00:28.249000,0 days 00:00:40.467000,0 days 00:15:30.460000,0 days 00:15:58.709000,0 days 00:16:39.176000,281.0,272.0,268.0,330.0,True,SOFT,5.0,False,Aston Martin,0 days 00:15:05.985000,2025-03-22 07:02:11.492,1,,,,False,True,Q
0 days 00:18:26.349000,ALO,14,0 days 00:01:47.173000,3.0,1.0,,0 days 00:18:24.495000,0 days 00:00:26.250000,0 days 00:00:29.801000,0 days 00:00:51.122000,0 days 00:17:05.426000,0 days 00:17:35.227000,0 days 00:18:26.349000,254.0,241.0,,250.0,False,SOFT,6.0,False,Aston Martin,0 days 00:16:39.176000,2025-03-22 07:03:44.683,12,,,,False,False,Q
0 days 00:20:56.037000,ALO,14,0 days 00:02:29.688000,4.0,2.0,0 days 00:18:55.306000,,0 days 00:01:00.598000,0 days 00:00:35.553000,0 days 00:00:53.537000,0 days 00:19:26.947000,0 days 00:20:02.500000,0 days 00:20:56.037000,262.0,253.0,271.0,254.0,False,SOFT,1.0,True,Aston Martin,0 days 00:18:26.349000,2025-03-22 07:05:31.856,1,,,,False,False,Q
0 days 00:22:28.095000,ALO,14,0 days 00:01:32.058000,5.0,2.0,,,0 days 00:00:24.225000,0 days 00:00:27.617000,0 days 00:00:40.216000,0 days 00:21:20.262000,0 days 00:21:47.879000,0 days 00:22:28.095000,282.0,276.0,267.0,325.0,True,SOFT,2.0,True,Aston Martin,0 days 00:20:56.037000,2025-03-22 07:08:01.544,1,,,,False,True,Q
0 days 00:24:19.022000,ALO,14,0 days 00:01:50.927000,6.0,2.0,,0 days 00:24:17.289000,0 days 00:00:26.597000,0 days 00:00:31.624000,0 days 00:00:52.706000,0 days 00:22:54.692000,0 days 00:23:26.316000,0 days 00:24:19.022000,228.0,220.0,,222.0,False,SOFT,3.0,True,Aston Martin,0 days 00:22:28.095000,2025-03-22 07:09:33.602,1,,,,False,False,Q
0 days 00:29:39.221000,ALO,14,,7.0,3.0,0 days 00:27:26.575000,,,0 days 00:00:37.602000,0 days 00:00:52.356000,,0 days 00:28:46.970000,0 days 00:29:39.324000,262.0,242.0,272.0,274.0,False,SOFT,1.0,True,Aston Martin,0 days 00:24:19.022000,2025-03-22 07:11:24.529,1,,,,False,False,Q
0 days 00:31:10.940000,ALO,14,0 days 00:01:31.719000,8.0,3.0,,,0 days 00:00:24.117000,0 days 00:00:27.736000,0 days 00:00:39.866000,0 days 00:30:03.338000,0 days 00:30:31.074000,0 days 00:31:10.940000,282.0,276.0,271.0,326.0,True,SOFT,2.0,True,Aston Martin,0 days 00:29:39.221000,2025-03-22 07:16:44.728,1,,,,False,True,Q
0 days 00:33:17.222000,ALO,14,0 days 00:02:06.282000,9.0,3.0,,0 days 00:33:15.407000,0 days 00:00:30.573000,0 days 00:00:34.847000,0 days 00:01:00.862000,0 days 00:31:41.513000,0 days 00:32:16.360000,0 days 00:33:17.222000,203.0,194.0,,178.0,False,SOFT,3.0,True,Aston Martin,0 days 00:31:10.940000,2025-03-22 07:18:16.447,1,,,,False,False,Q
0 days 00:42:20.779000,ALO,14,,10.0,4.0,0 days 00:40:19.136000,,,0 days 00:00:36.083000,0 days 00:00:55.823000,,0 days 00:41:25.149000,0 days 00:42:20.779000,259.0,256.0,272.0,189.0,False,SOFT,1.0,True,Aston Martin,0 days 00:33:17.222000,2025-03-22 07:20:22.729,12,,,,False,False,Q
0 days 00:43:52.649000,ALO,14,0 days 00:01:31.870000,11.0,4.0,,,0 days 00:00:24.171000,0 days 00:00:27.539000,0 days 00:00:40.160000,0 days 00:42:44.950000,0 days 00:43:12.489000,0 days 00:43:52.649000,283.0,278.0,270.0,326.0,True,SOFT,2.0,True,Aston Martin,0 days 00:42:20.779000,2025-03-22 07:29:26.286,1,,,,False,True,Q
0 days 00:45:48.525000,ALO,14,0 days 00:01:55.876000,12.0,4.0,,0 days 00:45:46.732000,0 days 00:00:28.294000,0 days 00:00:32.968000,0 days 00:00:54.614000,0 days 00:44:20.943000,0 days 00:44:53.911000,0 days 00:45:48.525000,217.0,179.0,,195.0,False,SOFT,3.0,True,Aston Martin,0 days 00:43:52.649000,2025-03-22 07:30:58.156,1,,,,False,False,Q
0 days 00:51:47.325000,ALO,14,,13.0,5.0,0 days 00:49:41.765000,,,0 days 00:00:37.404000,0 days 00:00:55.769000,,0 days 00:50:51.683000,0 days 00:51:47.582000,260.0,248.0,273.0,104.0,False,SOFT,1.0,True,Aston Martin,0 days 00:45:48.525000,2025-03-22 07:32:54.032,1,,,,False,False,Q
0 days 00:53:19.013000,ALO,14,0 days 00:01:31.688000,14.0,5.0,,,0 days 00:00:24.067000,0 days 00:00:27.560000,0 days 00:00:40.061000,0 days 00:52:11.392000,0 days 00:52:38.952000,0 days 00:53:19.013000,282.0,276.0,268.0,328.0,True,SOFT,2.0,True,Aston Martin,0 days 00:51:47.325000,2025-03-22 07:38:52.832,1,,,,False,True,Q
0 days 00:55:23.771000,ALO,14,0 days 00:02:04.758000,15.0,5.0,,0 days 00:55:22.050000,0 days 00:00:28.118000,0 days 00:00:34.573000,0 days 00:01:02.067000,0 days 00:53:47.131000,0 days 00:54:21.704000,0 days 00:55:23.771000,204.0,174.0,,163.0,False,SOFT,3.0,True,Aston Martin,0 days 00:53:19.013000,2025-03-22 07:40:24.520,12,,,,False,False,Q
0 days 00:14:47.939000,STR,18,,1.0,1.0,0 days 00:12:57.646000,,,0 days 00:00:34.819000,0 days 00:00:44.943000,,0 days 00:14:03.063000,0 days 00:14:48.063000,248.0,259.0,267.0,311.0,False,SOFT,8.0,False,Aston Martin,0 days 00:12:57.646000,2025-03-22 07:00:03.153,1,,,,False,False,Q
0 days 00:16:20.963000,STR,18,0 days 00:01:33.024000,2.0,1.0,,,0 days 00:00:24.652000,0 days 00:00:27.882000,0 days 00:00:40.490000,0 days 00:15:12.591000,0 days 00:15:40.473000,0 days 00:16:20.963000,281.0,275.0,267.0,331.0,True,SOFT,9.0,False,Aston Martin,0 days 00:14:47.939000,2025-03-22 07:01:53.446,1,,,,False,True,Q
0 days 00:18:18.654000,STR,18,0 days 00:01:57.691000,3.0,1.0,,0 days 00:18:16.932000,0 days 00:00:31.200000,0 days 00:00:35.646000,0 days 00:00:50.845000,0 days 00:16:52.163000,0 days 00:17:27.809000,0 days 00:18:18.654000,242.0,208.0,,302.0,False,SOFT,10.0,False,Aston Martin,0 days 00:16:20.963000,2025-03-22 07:03:26.470,12,,,,False,False,Q
0 days 00:20:27.851000,STR,18,0 days 00:02:09.197000,4.0,2.0,0 days 00:18:40.462000,,0 days 00:00:49.264000,0 days 00:00:34.506000,0 days 00:00:45.427000,0 days 00:19:07.918000,0 days 00:19:42.424000,0 days 00:20:27.851000,257.0,254.0,270.0,309.0,False,SOFT,1.0,True,Aston Martin,0 days 00:18:18.654000,2025-03-22 07:05:24.161,1,,,,False,False,Q
0 days 00:22:00.016000,STR,18,0 days 00:01:32.165000,5.0,2.0,,,0 days 00:00:24.414000,0 days 00:00:27.592000,0 days 00:00:40.159000,0 days 00:20:52.265000,0 days 00:21:19.857000,0 days 00:22:00.016000,283.0,275.0,268.0,333.0,True,SOFT,2.0,True,Aston Martin,0 days 00:20:27.851000,2025-03-22 07:07:33.358,1,,,,False,True,Q
0 days 00:24:01.784000,STR,18,0 days 00:02:01.768000,6.0,2.0,,0 days 00:23:59.498000,0 days 00:00:31.029000,0 days 00:00:36.323000,0 days 00:00:54.416000,0 days 00:22:31.045000,0 days 00:23:07.368000,0 days 00:24:01.784000,252.0,208.0,,288.0,False,SOFT,3.0,True,Aston Martin,0 days 00:22:00.016000,2025-03-22 07:09:05.523,1,,,,False,False,Q
0 days 00:29:19.423000,STR,18,,7.0,3.0,0 days 00:27:22.606000,,,0 days 00:00:38.131000,0 days 00:00:47.817000,,0 days 00:28:31.810000,0 days 00:29:19.679000,257.0,241.0,269.0,305.0,False,SOFT,1.0,True,Aston Martin,0 days 00:24:01.784000,2025-03-22 07:11:07.291,1,,,,False,False,Q
0 days 00:30:51.346000,STR,18,0 days 00:01:31.923000,8.0,3.0,,,0 days 00:00:24.267000,0 days 00:00:27.617000,0 days 00:00:40.039000,0 days 00:29:43.690000,0 days 00:30:11.307000,0 days 00:30:51.346000,283.0,277.0,272.0,333.0,True,SOFT,2.0,True,Aston Martin,0 days 00:29:19.423000,2025-03-22 07:16:24.930,1,,,,False,True,Q
0 days 00:32:51.365000,STR,18,0 days 00:02:00.019000,9.0,3.0,,0 days 00:32:49.460000,0 days 00:00:32.932000,0 days 00:00:32.741000,0 days 00:00:54.346000,0 days 00:31:24.278000,0 days 00:31:57.019000,0 days 00:32:51.365000,253.0,229.0,,261.0,False,SOFT,3.0,True,Aston Martin,0 days 00:30:51.346000,2025-03-22 07:17:56.853,1,,,,False,False,Q
0 days 00:41:55.876000,STR,18,,10.0,4.0,0 days 00:39:56.076000,,,0 days 00:00:37.622000,0 days 00:00:47.014000,,0 days 00:41:09.028000,0 days 00:41:55.977000,237.0,229.0,271.0,305.0,False,SOFT,1.0,True,Aston Martin,0 days 00:32:51.365000,2025-03-22 07:19:56.872,12,,,,False,False,Q
0 days 00:43:27.649000,STR,18,0 days 00:01:31.773000,11.0,4.0,,,0 days 00:00:24.267000,0 days 00:00:27.391000,0 days 00:00:40.115000,0 days 00:42:20.143000,0 days 00:42:47.534000,0 days 00:43:27.649000,284.0,278.0,269.0,326.0,True,SOFT,2.0,True,Aston Martin,0 days 00:41:55.876000,2025-03-22 07:29:01.383,1,,,,False,True,Q
0 days 00:45:30.620000,STR,18,0 days 00:02:02.971000,12.0,4.0,,0 days 00:45:28.839000,0 days 00:00:30.684000,0 days 00:00:36.666000,0 days 00:00:55.621000,0 days 00:43:58.333000,0 days 00:44:34.999000,0 days 00:45:30.620000,223.0,206.0,,265.0,False,SOFT,3.0,True,Aston Martin,0 days 00:43:27.649000,2025-03-22 07:30:33.156,1,,,,False,False,Q
0 days 00:51:31.138000,STR,18,,13.0,5.0,0 days 00:49:28.104000,,,0 days 00:00:40.160000,0 days 00:00:48.716000,,0 days 00:50:42.496000,0 days 00:51:31.270000,236.0,235.0,271.0,291.0,False,SOFT,1.0,True,Aston Martin,0 days 00:45:30.620000,2025-03-22 07:32:36.127,1,,,,False,False,Q
0 days 00:53:02.989000,STR,18,0 days 00:01:31.851000,14.0,5.0,,,0 days 00:00:24.133000,0 days 00:00:27.628000,0 days 00:00:40.090000,0 days 00:51:55.271000,0 days 00:52:22.899000,0 days 00:53:02.989000,283.0,277.0,270.0,327.0,False,SOFT,2.0,True,Aston Martin,0 days 00:51:31.138000,2025-03-22 07:38:36.645,1,,,,False,True,Q
0 days 00:55:10.715000,STR,18,0 days 00:02:07.726000,15.0,5.0,,0 days 00:55:08.421000,0 days 00:00:29.880000,0 days 00:00:37.471000,0 days 00:01:00.375000,0 days 00:53:32.869000,0 days 00:54:10.340000,0 days 00:55:10.715000,177.0,201.0,,228.0,False,SOFT,3.0,True,Aston Martin,0 days 00:53:02.989000,2025-03-22 07:40:08.496,12,,,,False,False,Q
0 days 00:15:22.826000,SAI,55,,1.0,1.0,0 days 00:13:25.791000,,,0 days 00:00:33.347000,0 days 00:00:49.705000,,0 days 00:14:33.251000,0 days 00:15:22.826000,274.0,265.0,269.0,275.0,False,SOFT,4.0,False,Williams,0 days 00:13:25.791000,2025-03-22 07:00:31.298,1,,,,False,False,Q
0 days 00:16:55.838000,SAI,55,0 days 00:01:33.012000,2.0,1.0,,,0 days 00:00:24.635000,0 days 00:00:27.737000,0 days 00:00:40.640000,0 days 00:15:47.461000,0 days 00:16:15.198000,0 days 00:16:55.838000,281.0,276.0,267.0,332.0,True,SOFT,5.0,False,Williams,0 days 00:15:22.826000,2025-03-22 07:02:28.333,1,,,,False,True,Q
0 days 00:18:45.450000,SAI,55,0 days 00:01:49.612000,3.0,1.0,,0 days 00:18:43.587000,0 days 00:00:28.480000,0 days 00:00:31.873000,0 days 00:00:49.259000,0 days 00:17:24.318000,0 days 00:17:56.191000,0 days 00:18:45.450000,254.0,120.0,,313.0,False,SOFT,6.0,False,Williams,0 days 00:16:55.838000,2025-03-22 07:04:01.345,12,,,,False,False,Q
0 days 00:21:23.298000,SAI,55,,4.0,2.0,0 days 00:19:10.400000,,0 days 00:01:17.083000,0 days 00:00:32.201000,0 days 00:00:48.582000,0 days 00:20:02.610000,0 days 00:20:34.736000,0 days 00:21:23.588000,271.0,269.0,271.0,299.0,False,SOFT,1.0,True,Williams,0 days 00:18:45.450000,2025-03-22 07:05:50.957,1,,,,False,False,Q
0 days 00:22:55.539000,SAI,55,0 days 00:01:32.241000,5.0,2.0,,,0 days 00:00:24.479000,0 days 00:00:27.641000,0 days 00:00:40.121000,0 days 00:21:47.777000,0 days 00:22:15.418000,0 days 00:22:55.539000,284.0,278.0,267.0,332.0,True,SOFT,2.0,True,Williams,0 days 00:21:23.298000,2025-03-22 07:08:28.805,1,,,,False,True,Q
0 days 00:24:46.556000,SAI,55,0 days 00:01:51.017000,6.0,2.0,,0 days 00:24:44.737000,0 days 00:00:27.666000,0 days 00:00:33.499000,0 days 00:00:49.852000,0 days 00:23:23.205000,0 days 00:23:56.704000,0 days 00:24:46.556000,255.0,251.0,,296.0,False,SOFT,3.0,True,Williams,0 days 00:22:55.539000,2025-03-22 07:10:01.046,1,,,,False,False,Q
0 days 00:30:30.347000,SAI,55,,7.0,3.0,0 days 00:28:13.607000,,,0 days 00:00:31.239000,0 days 00:01:09.990000,,0 days 00:29:20.554000,0 days 00:30:30.533000,264.0,269.0,272.0,285.0,False,SOFT,1.0,True,Williams,0 days 00:24:46.556000,2025-03-22 07:11:52.063,1,,,,False,False,Q
0 days 00:32:01.975000,SAI,55,0 days 00:01:31.628000,8.0,3.0,,,0 days 00:00:24.289000,0 days 00:00:27.480000,0 days 00:00:39.859000,0 days 00:30:54.636000,0 days 00:31:22.116000,0 days 00:32:01.975000,284.0,278.0,269.0,330.0,True,SOFT,2.0,True,Williams,0 days 00:30:30.347000,2025-03-22 07:17:35.854,1,,,,False,True,Q
0 days 00:34:02.444000,SAI,55,0 days 00:02:00.469000,9.0,3.0,,0 days 00:34:00.808000,0 days 00:00:28.944000,0 days 00:00:34.023000,0 days 00:00:57.502000,0 days 00:32:30.919000,0 days 00:33:04.942000,0 days 00:34:02.444000,228.0,201.0,,260.0,False,SOFT,3.0,True,Williams,0 days 00:32:01.975000,2025-03-22 07:19:07.482,12,,,,False,False,Q
0 days 00:41:32.393000,SAI,55,,10.0,4.0,0 days 00:39:24.957000,,,0 days 00:00:32.383000,0 days 00:00:50.943000,,0 days 00:40:41.495000,0 days 00:41:32.633000,277.0,265.0,271.0,305.0,False,SOFT,1.0,True,Williams,0 days 00:34:02.444000,2025-03-22 07:21:07.951,21,,,,False,False,Q
0 days 00:43:04.359000,SAI,55,0 days 00:01:31.966000,11.0,4.0,,,0 days 00:00:24.308000,0 days 00:00:27.525000,0 days 00:00:40.133000,0 days 00:41:56.701000,0 days 00:42:24.226000,0 days 00:43:04.359000,285.0,279.0,272.0,332.0,True,SOFT,2.0,True,Williams,0 days 00:41:32.393000,2025-03-22 07:28:37.900,1,,,,False,True,Q
0 days 00:45:02.227000,SAI,55,0 days 00:01:57.868000,12.0,4.0,,0 days 00:45:00.448000,0 days 00:00:30.615000,0 days 00:00:34.687000,0 days 00:00:52.566000,0 days 00:43:34.974000,0 days 00:44:09.661000,0 days 00:45:02.227000,245.0,242.0,,261.0,False,SOFT,3.0,True,Williams,0 days 00:43:04.359000,2025-03-22 07:30:09.866,1,,,,False,False,Q
0 days 00:51:54.252000,SAI,55,,13.0,5.0,0 days 00:49:48.250000,,,0 days 00:00:36.770000,0 days 00:00:52.505000,,0 days 00:51:01.839000,0 days 00:51:54.524000,278.0,271.0,273.0,300.0,False,SOFT,1.0,True,Williams,0 days 00:45:02.227000,2025-03-22 07:32:07.734,1,,,,False,False,Q
0 days 00:53:26.092000,SAI,55,0 days 00:01:31.840000,14.0,5.0,,,0 days 00:00:24.231000,0 days 00:00:27.500000,0 days 00:00:40.109000,0 days 00:52:18.483000,0 days 00:52:45.983000,0 days 00:53:26.092000,284.0,279.0,268.0,333.0,True,SOFT,2.0,True,Williams,0 days 00:51:54.252000,2025-03-22 07:38:59.759,1,,,,False,True,Q
0 days 00:55:31.158000,SAI,55,0 days 00:02:05.066000,15.0,5.0,,0 days 00:55:29.394000,0 days 00:00:31.599000,0 days 00:00:35.134000,0 days 00:00:58.333000,0 days 00:53:57.691000,0 days 00:54:32.825000,0 days 00:55:31.158000,200.0,194.0,,221.0,False,SOFT,3.0,True,Williams,0 days 00:53:26.092000,2025-03-22 07:40:31.599,12,,,,False,False,Q
0 days 00:16:03.502000,GAS,10,,1.0,1.0,0 days 00:13:59.375000,,,0 days 00:00:33.801000,0 days 00:00:52.012000,,0 days 00:15:11.588000,0 days 00:16:03.533000,254.0,247.0,267.0,305.0,False,SOFT,4.0,False,Alpine,0 days 00:13:59.375000,2025-03-22 07:01:04.882,1,,,,False,False,Q
0 days 00:17:35.812000,GAS,10,0 days 00:01:32.310000,2.0,1.0,,,0 days 00:00:24.345000,0 days 00:00:27.774000,0 days 00:00:40.191000,0 days 00:16:27.847000,0 days 00:16:55.621000,0 days 00:17:35.812000,280.0,275.0,266.0,331.0,True,SOFT,5.0,False,Alpine,0 days 00:16:03.502000,2025-03-22 07:03:09.009,12,,,,False,True,Q
0 days 00:19:29.656000,GAS,10,0 days 00:01:53.844000,3.0,1.0,,0 days 00:19:27.587000,0 days 00:00:27.870000,0 days 00:00:31.895000,0 days 00:00:54.079000,0 days 00:18:03.682000,0 days 00:18:35.577000,0 days 00:19:29.656000,253.0,250.0,,282.0,False,SOFT,6.0,False,Alpine,0 days 00:17:35.812000,2025-03-22 07:04:41.319,1,,,,False,False,Q
0 days 00:22:02.588000,GAS,10,,4.0,2.0,0 days 00:20:02.345000,,0 days 00:01:08.281000,0 days 00:00:35.805000,0 days 00:00:48.875000,0 days 00:20:37.908000,0 days 00:21:13.829000,0 days 00:22:02.751000,259.0,249.0,268.0,230.0,False,SOFT,1.0,True,Alpine,0 days 00:19:29.656000,2025-03-22 07:06:35.163,1,,,,False,False,Q
0 days 00:23:34.802000,GAS,10,0 days 00:01:32.214000,5.0,2.0,,,0 days 00:00:24.328000,0 days 00:00:27.857000,0 days 00:00:40.029000,0 days 00:22:26.916000,0 days 00:22:54.773000,0 days 00:23:34.802000,282.0,274.0,269.0,328.0,True,SOFT,2.0,True,Alpine,0 days 00:22:02.588000,2025-03-22 07:09:08.095,1,,,,False,True,Q
0 days 00:25:30.023000,GAS,10,0 days 00:01:55.221000,6.0,2.0,,0 days 00:25:28.192000,0 days 00:00:28.247000,0 days 00:00:33.650000,0 days 00:00:53.324000,0 days 00:24:03.049000,0 days 00:24:36.699000,0 days 00:25:30.023000,252.0,246.0,,284.0,False,SOFT,3.0,True,Alpine,0 days 00:23:34.802000,2025-03-22 07:10:40.309,1,,,,False,False,Q
0 days 00:30:44.811000,GAS,10,,7.0,3.0,0 days 00:28:41.876000,,,0 days 00:00:34.117000,0 days 00:00:54.480000,,0 days 00:29:50.361000,0 days 00:30:45.008000,262.0,253.0,268.0,303.0,False,SOFT,1.0,True,Alpine,0 days 00:25:30.023000,2025-03-22 07:12:35.530,1,,,,False,False,Q
0 days 00:32:16.803000,GAS,10,0 days 00:01:31.992000,8.0,3.0,,,0 days 00:00:24.128000,0 days 00:00:27.601000,0 days 00:00:40.263000,0 days 00:31:08.939000,0 days 00:31:36.540000,0 days 00:32:16.803000,282.0,276.0,270.0,330.0,True,SOFT,2.0,True,Alpine,0 days 00:30:44.811000,2025-03-22 07:17:50.318,1,,,,False,True,Q
0 days 00:34:24.079000,GAS,10,0 days 00:02:07.276000,9.0,3.0,,0 days 00:34:20.648000,0 days 00:00:29.288000,0 days 00:00:35.861000,0 days 00:01:02.127000,0 days 00:32:46.091000,0 days 00:33:21.952000,0 days 00:34:24.079000,195.0,246.0,,228.0,False,SOFT,3.0,True,Alpine,0 days 00:32:16.803000,2025-03-22 07:19:22.310,12,,,,False,False,Q
0 days 00:15:30.590000,BEA,87,,1.0,1.0,0 days 00:13:34.881000,,,0 days 00:00:33.698000,0 days 00:00:49.075000,,0 days 00:14:41.657000,0 days 00:15:30.706000,238.0,250.0,267.0,292.0,False,SOFT,1.0,True,Haas F1 Team,0 days 00:13:34.881000,2025-03-22 07:00:40.388,1,,,,False,False,Q
0 days 00:17:03.360000,BEA,87,0 days 00:01:32.770000,2.0,1.0,,,0 days 00:00:24.710000,0 days 00:00:27.859000,0 days 00:00:40.201000,0 days 00:15:55.300000,0 days 00:16:23.159000,0 days 00:17:03.360000,283.0,276.0,269.0,329.0,True,SOFT,2.0,True,Haas F1 Team,0 days 00:15:30.590000,2025-03-22 07:02:36.097,12,,,,False,True,Q
0 days 00:19:03.742000,BEA,87,0 days 00:02:00.382000,3.0,1.0,,0 days 00:19:00.837000,0 days 00:00:32.616000,0 days 00:00:33.020000,0 days 00:00:54.746000,0 days 00:17:35.976000,0 days 00:18:08.996000,0 days 00:19:03.742000,222.0,248.0,,302.0,False,SOFT,3.0,True,Haas F1 Team,0 days 00:17:03.360000,2025-03-22 07:04:08.867,21,,,,False,False,Q
0 days 00:23:00.934000,BEA,87,,4.0,2.0,0 days 00:20:57.766000,,,0 days 00:00:37.795000,0 days 00:00:54.990000,,0 days 00:22:06.001000,0 days 00:23:01.267000,241.0,239.0,267.0,217.0,False,SOFT,1.0,True,Haas F1 Team,0 days 00:19:03.742000,2025-03-22 07:06:09.249,1,,,,False,False,Q
0 days 00:24:32.952000,BEA,87,0 days 00:01:32.018000,5.0,2.0,,,0 days 00:00:24.427000,0 days 00:00:27.599000,0 days 00:00:39.992000,0 days 00:23:25.361000,0 days 00:23:52.960000,0 days 00:24:32.952000,286.0,277.0,270.0,327.0,True,SOFT,2.0,True,Haas F1 Team,0 days 00:23:00.934000,2025-03-22 07:10:06.441,1,,,,False,True,Q
0 days 00:26:24.802000,BEA,87,0 days 00:01:51.850000,6.0,2.0,,0 days 00:26:23.044000,0 days 00:00:27.235000,0 days 00:00:32.276000,0 days 00:00:52.339000,0 days 00:25:00.187000,0 days 00:25:32.463000,0 days 00:26:24.802000,254.0,250.0,,302.0,False,SOFT,3.0,True,Haas F1 Team,0 days 00:24:32.952000,2025-03-22 07:11:38.459,1,,,,False,False,Q
0 days 00:30:56.208000,BEA,87,,7.0,3.0,0 days 00:29:03.017000,,,0 days 00:00:34.709000,0 days 00:00:47.507000,,0 days 00:30:08.781000,0 days 00:30:56.452000,260.0,251.0,268.0,303.0,False,SOFT,1.0,True,Haas F1 Team,0 days 00:26:24.802000,2025-03-22 07:13:30.309,1,,,,False,False,Q
0 days 00:33:06.031000,BEA,87,0 days 00:02:09.823000,8.0,3.0,,0 days 00:33:04.250000,0 days 00:00:34.226000,0 days 00:00:37.456000,0 days 00:00:58.141000,0 days 00:31:30.434000,0 days 00:32:07.890000,0 days 00:33:06.031000,214.0,241.0,,211.0,False,SOFT,2.0,True,Haas F1 Team,0 days 00:30:56.208000,2025-03-22 07:18:01.715,1,,,,False,False,Q
0 days 00:16:10.936000,DOO,7,,1.0,1.0,0 days 00:14:07.032000,,,0 days 00:00:32.840000,0 days 00:00:47.030000,,0 days 00:15:23.921000,0 days 00:16:10.965000,247.0,253.0,268.0,300.0,False,SOFT,1.0,True,Alpine,0 days 00:14:07.032000,2025-03-22 07:01:12.539,1,,,,False,False,Q
0 days 00:18:05.931000,DOO,7,0 days 00:01:54.995000,2.0,1.0,,0 days 00:18:02.948000,0 days 00:00:24.468000,0 days 00:00:37.456000,0 days 00:00:53.071000,0 days 00:16:35.404000,0 days 00:17:12.860000,0 days 00:18:05.931000,281.0,257.0,,267.0,False,SOFT,2.0,True,Alpine,0 days 00:16:10.936000,2025-03-22 07:03:16.443,12,,,,False,False,Q
0 days 00:21:16.681000,DOO,7,,3.0,2.0,0 days 00:19:07.665000,,,0 days 00:00:33.624000,0 days 00:00:51.688000,,0 days 00:20:25.079000,0 days 00:21:16.881000,252.0,251.0,270.0,138.0,False,SOFT,1.0,True,Alpine,0 days 00:18:05.931000,2025-03-22 07:05:11.438,1,,,,False,False,Q
0 days 00:22:49.192000,DOO,7,0 days 00:01:32.511000,4.0,2.0,,,0 days 00:00:24.553000,0 days 00:00:27.652000,0 days 00:00:40.306000,0 days 00:21:41.234000,0 days 00:22:08.886000,0 days 00:22:49.192000,283.0,276.0,269.0,329.0,True,SOFT,2.0,True,Alpine,0 days 00:21:16.681000,2025-03-22 07:08:22.188,1,,,,False,True,Q
0 days 00:24:43.154000,DOO,7,0 days 00:01:53.962000,5.0,2.0,,0 days 00:24:41.378000,0 days 00:00:27.120000,0 days 00:00:31.684000,0 days 00:00:55.158000,0 days 00:23:16.312000,0 days 00:23:47.996000,0 days 00:24:43.154000,255.0,238.0,,268.0,False,SOFT,3.0,True,Alpine,0 days 00:22:49.192000,2025-03-22 07:09:54.699,1,,,,False,False,Q
0 days 00:30:50.370000,DOO,7,,6.0,3.0,0 days 00:28:50.173000,,,0 days 00:00:32.584000,0 days 00:00:55.901000,,0 days 00:29:54.469000,0 days 00:30:50.571000,266.0,259.0,271.0,304.0,False,SOFT,1.0,True,Alpine,0 days 00:24:43.154000,2025-03-22 07:11:48.661,1,,,,False,False,Q
0 days 00:32:22.462000,DOO,7,0 days 00:01:32.092000,7.0,3.0,,,0 days 00:00:24.407000,0 days 00:00:27.655000,0 days 00:00:40.030000,0 days 00:31:14.777000,0 days 00:31:42.432000,0 days 00:32:22.462000,284.0,278.0,272.0,331.0,True,SOFT,2.0,True,Alpine,0 days 00:30:50.370000,2025-03-22 07:17:55.877,1,,,,False,True,Q
0 days 00:34:31.948000,DOO,7,0 days 00:02:09.486000,8.0,3.0,,0 days 00:34:30.164000,0 days 00:00:31.509000,0 days 00:00:35.093000,0 days 00:01:02.884000,0 days 00:32:53.971000,0 days 00:33:29.064000,0 days 00:34:31.948000,220.0,205.0,,226.0,False,SOFT,3.0,True,Alpine,0 days 00:32:22.462000,2025-03-22 07:19:27.969,12,,,,False,False,Q
0 days 00:15:01.199000,BOR,5,,1.0,1.0,0 days 00:13:12.061000,,,0 days 00:00:31.422000,0 days 00:00:47.408000,,0 days 00:14:13.849000,0 days 00:15:01.260000,252.0,250.0,268.0,300.0,False,SOFT,1.0,True,Kick Sauber,0 days 00:13:12.061000,2025-03-22 07:00:17.568,1,,,,False,False,Q
0 days 00:16:34.135000,BOR,5,0 days 00:01:32.936000,2.0,1.0,,,0 days 00:00:24.674000,0 days 00:00:27.908000,0 days 00:00:40.354000,0 days 00:15:25.873000,0 days 00:15:53.781000,0 days 00:16:34.135000,284.0,276.0,266.0,333.0,True,SOFT,2.0,True,Kick Sauber,0 days 00:15:01.199000,2025-03-22 07:02:06.706,1,,,,False,True,Q
0 days 00:18:28.827000,BOR,5,0 days 00:01:54.692000,3.0,1.0,,0 days 00:18:27.073000,0 days 00:00:31.894000,0 days 00:00:31.082000,0 days 00:00:51.716000,0 days 00:17:06.029000,0 days 00:17:37.111000,0 days 00:18:28.827000,250.0,253.0,,289.0,False,SOFT,3.0,True,Kick Sauber,0 days 00:16:34.135000,2025-03-22 07:03:39.642,12,,,,False,False,Q
0 days 00:21:01.381000,BOR,5,,4.0,2.0,0 days 00:19:05.446000,,0 days 00:01:11.645000,0 days 00:00:32.008000,0 days 00:00:48.940000,0 days 00:19:40.576000,0 days 00:20:12.517000,0 days 00:21:01.669000,255.0,252.0,271.0,256.0,False,SOFT,1.0,True,Kick Sauber,0 days 00:18:28.827000,2025-03-22 07:05:34.334,1,,,,False,False,Q
0 days 00:22:33.522000,BOR,5,0 days 00:01:32.141000,5.0,2.0,,,0 days 00:00:24.516000,0 days 00:00:27.517000,0 days 00:00:40.108000,0 days 00:21:25.897000,0 days 00:21:53.414000,0 days 00:22:33.522000,285.0,278.0,263.0,330.0,True,SOFT,2.0,True,Kick Sauber,0 days 00:21:01.381000,2025-03-22 07:08:06.888,1,,,,False,True,Q
0 days 00:24:30.226000,BOR,5,0 days 00:01:56.704000,6.0,2.0,,0 days 00:24:28.546000,0 days 00:00:28.167000,0 days 00:00:32.433000,0 days 00:00:56.104000,0 days 00:23:01.689000,0 days 00:23:34.122000,0 days 00:24:30.226000,232.0,249.0,,158.0,False,SOFT,3.0,True,Kick Sauber,0 days 00:22:33.522000,2025-03-22 07:09:39.029,1,,,,False,False,Q
0 days 00:29:47.218000,BOR,5,,7.0,3.0,0 days 00:27:29.841000,,,0 days 00:00:32.711000,0 days 00:00:54.754000,,0 days 00:28:52.579000,0 days 00:29:47.461000,261.0,250.0,270.0,247.0,False,SOFT,1.0,True,Kick Sauber,0 days 00:24:30.226000,2025-03-22 07:11:35.733,1,,,,False,False,Q
0 days 00:31:19.375000,BOR,5,0 days 00:01:32.157000,8.0,3.0,,,0 days 00:00:24.318000,0 days 00:00:27.768000,0 days 00:00:40.071000,0 days 00:30:11.536000,0 days 00:30:39.304000,0 days 00:31:19.375000,285.0,276.0,268.0,332.0,False,SOFT,2.0,True,Kick Sauber,0 days 00:29:47.218000,2025-03-22 07:16:52.725,1,,,,False,True,Q
0 days 00:33:25.757000,BOR,5,0 days 00:02:06.382000,9.0,3.0,,0 days 00:33:24.111000,0 days 00:00:31.556000,0 days 00:00:36.138000,0 days 00:00:58.688000,0 days 00:31:50.931000,0 days 00:32:27.069000,0 days 00:33:25.757000,192.0,241.0,,246.0,False,SOFT,3.0,True,Kick Sauber,0 days 00:31:19.375000,2025-03-22 07:18:24.882,1,,,,False,False,Q
0 days 00:16:25.586000,LAW,30,,1.0,1.0,0 days 00:14:25.063000,,,0 days 00:00:33.541000,0 days 00:00:51.985000,,0 days 00:15:33.659000,0 days 00:16:25.586000,236.0,244.0,268.0,266.0,False,SOFT,7.0,False,Red Bull Racing,0 days 00:14:25.063000,2025-03-22 07:01:30.570,1,,,,False,False,Q
0 days 00:18:06.931000,LAW,30,0 days 00:01:41.345000,2.0,1.0,,0 days 00:18:04.995000,0 days 00:00:24.578000,0 days 00:00:28.043000,0 days 00:00:48.724000,0 days 00:16:50.164000,0 days 00:17:18.207000,0 days 00:18:06.931000,283.0,273.0,,334.0,False,SOFT,8.0,False,Red Bull Racing,0 days 00:16:25.586000,2025-03-22 07:03:31.093,12,,,,False,False,Q
0 days 00:21:46.744000,LAW,30,,3.0,2.0,0 days 00:19:56.592000,,,0 days 00:00:33.837000,0 days 00:00:45.763000,,0 days 00:21:01.088000,0 days 00:21:47.028000,223.0,238.0,272.0,269.0,False,SOFT,1.0,True,Red Bull Racing,0 days 00:18:06.931000,2025-03-22 07:05:12.438,1,,,,False,False,Q
0 days 00:23:19.236000,LAW,30,0 days 00:01:32.492000,4.0,2.0,,,0 days 00:00:24.557000,0 days 00:00:27.649000,0 days 00:00:40.286000,0 days 00:22:11.301000,0 days 00:22:38.950000,0 days 00:23:19.236000,284.0,277.0,267.0,331.0,True,SOFT,2.0,True,Red Bull Racing,0 days 00:21:46.744000,2025-03-22 07:08:52.251,1,,,,False,True,Q
0 days 00:25:11.201000,LAW,30,0 days 00:01:51.965000,5.0,2.0,,0 days 00:25:09.421000,0 days 00:00:27.582000,0 days 00:00:32.219000,0 days 00:00:52.164000,0 days 00:23:46.818000,0 days 00:24:19.037000,0 days 00:25:11.201000,242.0,245.0,,267.0,False,SOFT,3.0,True,Red Bull Racing,0 days 00:23:19.236000,2025-03-22 07:10:24.743,1,,,,False,False,Q
0 days 00:30:48.181000,LAW,30,,6.0,3.0,0 days 00:28:29.794000,,,0 days 00:00:33.954000,0 days 00:01:07.636000,,0 days 00:29:40.648000,0 days 00:30:48.445000,226.0,232.0,263.0,210.0,False,SOFT,1.0,True,Red Bull Racing,0 days 00:25:11.201000,2025-03-22 07:12:16.708,1,,,,False,False,Q
0 days 00:32:20.355000,LAW,30,0 days 00:01:32.174000,7.0,3.0,,,0 days 00:00:24.522000,0 days 00:00:27.622000,0 days 00:00:40.030000,0 days 00:31:12.703000,0 days 00:31:40.325000,0 days 00:32:20.355000,285.0,275.0,270.0,332.0,True,SOFT,2.0,True,Red Bull Racing,0 days 00:30:48.181000,2025-03-22 07:17:53.688,1,,,,False,True,Q
0 days 00:34:24.956000,LAW,30,0 days 00:02:04.601000,8.0,3.0,,0 days 00:34:23.117000,0 days 00:00:32.313000,0 days 00:00:34.801000,0 days 00:00:57.487000,0 days 00:32:52.668000,0 days 00:33:27.469000,0 days 00:34:24.956000,205.0,230.0,,236.0,False,SOFT,3.0,True,Red Bull Racing,0 days 00:32:20.355000,2025-03-22 07:19:25.862,12,,,,False,False,Q
