Driver,DriverNumber,LapTime,LapNumber,Stint,Sector1Time,Sector2Time,Sector3Time,SpeedI1,SpeedI2,SpeedFL,SpeedST,IsPersonalBest,Compound,TyreLife,FreshTyre,Team,LapStartTime,TrackStatus,Session,TrackTemp,AirTemp,Humidity
NOR,1,90.464,2.0,1.0,29.252,35.391,25.821,200.0,229.0,260.0,324.0,True,MEDIUM,2.0,True,McLaren,0 days 00:16:47.645000,1,FP1,42.4,22.9,31.7
NOR,1,82.404,3.0,1.0,28.523,30.282,23.599,302.0,236.0,255.0,318.0,True,MEDIUM,3.0,True,McLaren,0 days 00:18:18.109000,1,FP1,42.4,22.9,31.7
NOR,1,121.845,4.0,1.0,46.193,44.495,31.157,179.0,155.0,209.0,265.0,False,MEDIUM,4.0,True,McLaren,0 days 00:19:40.513000,1,FP1,42.4,22.9,31.7
NOR,1,110.812,5.0,1.0,37.577,38.523,34.712,184.0,117.0,261.0,263.0,False,MEDIUM,5.0,True,McLaren,0 days 00:21:42.358000,1,FP1,42.4,22.9,31.7
NOR,1,81.787,6.0,1.0,28.625,29.754,23.408,301.0,245.0,245.0,317.0,True,MEDIUM,6.0,True,McLaren,0 days 00:23:33.170000,1,FP1,42.4,22.9,31.7
NOR,1,127.805,7.0,1.0,47.423,49.59,30.792,139.0,153.0,260.0,237.0,False,MEDIUM,7.0,True,McLaren,0 days 00:24:54.957000,1,FP1,42.4,22.9,31.7
NOR,1,103.194,8.0,1.0,28.244,38.121,36.829,296.0,96.0,263.0,319.0,False,MEDIUM,8.0,True,McLaren,0 days 00:27:02.762000,1,FP1,42.4,22.9,31.7
NOR,1,81.024,13.0,3.0,28.234,28.988,23.802,296.0,248.0,209.0,319.0,True,SOFT,4.0,False,McLaren,0 days 00:44:25.759000,1,FP1,42.4,22.9,31.7
NOR,1,84.377,16.0,4.0,29.211,30.745,24.421,284.0,235.0,261.0,312.0,False,MEDIUM,11.0,False,McLaren,0 days 01:00:53.828000,12,FP1,42.4,22.9,31.7
NOR,1,86.561,17.0,4.0,30.422,31.279,24.86,289.0,229.0,257.0,305.0,False,MEDIUM,12.0,False,McLaren,0 days 01:02:18.205000,21,FP1,42.4,22.9,31.7
NOR,1,83.835,20.0,5.0,28.992,30.782,24.061,288.0,233.0,260.0,309.0,False,SOFT,7.0,False,McLaren,0 days 01:07:03.707000,1,FP1,40.8,22.8,31.4
NOR,1,86.004,21.0,5.0,29.394,31.528,25.082,288.0,238.0,263.0,308.0,False,SOFT,8.0,False,McLaren,0 days 01:08:27.542000,1,FP1,40.8,22.8,31.4
NOR,1,84.083,22.0,5.0,29.146,30.665,24.272,291.0,237.0,261.0,320.0,False,SOFT,9.0,False,McLaren,0 days 01:09:53.546000,1,FP1,40.9,22.9,31.7
NOR,1,85.935,23.0,5.0,29.487,31.833,24.615,271.0,238.0,263.0,322.0,False,SOFT,10.0,False,McLaren,0 days 01:11:17.629000,1,FP1,40.9,22.9,31.7
NOR,1,83.707,24.0,5.0,29.198,30.468,24.041,285.0,232.0,259.0,327.0,False,SOFT,11.0,False,McLaren,0 days 01:12:43.564000,1,FP1,40.9,22.9,31.7
VER,3,90.504,2.0,1.0,28.562,29.556,32.386,289.0,250.0,202.0,323.0,True,MEDIUM,2.0,True,Red Bull Racing,0 days 00:17:36.756000,1,FP1,40.9,22.9,31.7
VER,3,108.281,3.0,1.0,40.753,42.546,24.982,125.0,212.0,265.0,254.0,False,MEDIUM,3.0,True,Red Bull Racing,0 days 00:19:07.260000,1,FP1,40.9,22.9,31.7
VER,3,80.788,4.0,1.0,28.38,29.238,23.17,290.0,251.0,244.0,318.0,True,MEDIUM,4.0,True,Red Bull Racing,0 days 00:20:55.541000,1,FP1,40.9,22.9,31.7
VER,3,132.355,5.0,1.0,49.795,48.237,34.323,149.0,110.0,204.0,193.0,False,MEDIUM,5.0,True,Red Bull Racing,0 days 00:22:16.329000,1,FP1,40.9,22.9,31.7
VER,3,103.774,6.0,1.0,38.356,35.003,30.415,243.0,225.0,262.0,243.0,False,MEDIUM,6.0,True,Red Bull Racing,0 days 00:24:28.684000,1,FP1,40.9,22.9,31.7
VER,3,80.807,7.0,1.0,28.211,29.169,23.427,288.0,250.0,237.0,319.0,False,MEDIUM,7.0,True,Red Bull Racing,0 days 00:26:12.458000,1,FP1,40.9,22.9,31.7
VER,3,79.559,10.0,2.0,28.031,28.879,22.649,286.0,252.0,256.0,318.0,True,SOFT,2.0,True,Red Bull Racing,0 days 00:41:10.407000,1,FP1,41.2,23.0,31.5
VER,3,84.731,13.0,3.0,29.466,31.23,24.035,289.0,238.0,259.0,296.0,False,MEDIUM,10.0,False,Red Bull Racing,0 days 00:58:45.165000,1,FP1,41.2,23.0,31.5
VER,3,84.713,14.0,3.0,29.428,30.991,24.294,283.0,234.0,258.0,315.0,False,MEDIUM,11.0,False,Red Bull Racing,0 days 01:00:09.896000,1,FP1,41.2,23.0,31.5
VER,3,85.082,15.0,3.0,29.361,31.276,24.445,278.0,235.0,259.0,307.0,False,MEDIUM,12.0,False,Red Bull Racing,0 days 01:01:34.609000,12,FP1,41.2,23.0,31.5
VER,3,86.625,16.0,3.0,30.377,31.508,24.74,285.0,230.0,256.0,307.0,False,MEDIUM,13.0,False,Red Bull Racing,0 days 01:02:59.691000,21,FP1,41.2,23.0,31.5
VER,3,85.619,17.0,3.0,29.691,31.263,24.665,280.0,233.0,256.0,304.0,False,MEDIUM,14.0,False,Red Bull Racing,0 days 01:04:26.316000,1,FP1,41.2,23.0,31.5
VER,3,86.392,18.0,3.0,29.616,31.41,25.366,280.0,231.0,254.0,302.0,False,MEDIUM,15.0,False,Red Bull Racing,0 days 01:05:51.935000,1,FP1,41.2,23.0,31.5
VER,3,86.115,19.0,3.0,29.589,31.595,24.931,284.0,232.0,258.0,308.0,False,MEDIUM,16.0,False,Red Bull Racing,0 days 01:07:18.327000,1,FP1,41.2,23.0,31.5
VER,3,85.796,20.0,3.0,29.798,31.335,24.663,281.0,236.0,256.0,326.0,False,MEDIUM,17.0,False,Red Bull Racing,0 days 01:08:44.442000,1,FP1,41.2,23.0,31.5
VER,3,85.458,21.0,3.0,29.662,31.251,24.545,279.0,234.0,258.0,302.0,False,MEDIUM,18.0,False,Red Bull Racing,0 days 01:10:10.238000,1,FP1,41.2,23.0,31.5
VER,3,85.106,22.0,3.0,29.623,31.054,24.429,285.0,235.0,258.0,300.0,False,MEDIUM,19.0,False,Red Bull Racing,0 days 01:11:35.696000,1,FP1,41.2,23.0,31.5
VER,3,85.639,23.0,3.0,29.661,31.328,24.65,283.0,234.0,258.0,310.0,False,MEDIUM,20.0,False,Red Bull Racing,0 days 01:13:00.802000,1,FP1,41.2,23.0,31.5
VER,3,129.419,24.0,3.0,43.943,42.528,42.948,153.0,204.0,35.0,252.0,False,MEDIUM,21.0,False,Red Bull Racing,0 days 01:14:26.441000,1,FP1,40.3,23.0,31.5
BOR,5,93.586,4.0,3.0,33.207,33.672,26.707,237.0,224.0,261.0,248.0,True,MEDIUM,3.0,False,Audi,0 days 00:21:20.399000,1,FP1,40.3,23.0,31.5
BOR,5,83.926,5.0,3.0,29.202,31.01,23.714,284.0,237.0,255.0,319.0,True,MEDIUM,4.0,False,Audi,0 days 00:22:53.985000,1,FP1,40.3,23.0,31.5
BOR,5,109.25,6.0,3.0,37.679,43.334,28.237,169.0,146.0,261.0,286.0,False,MEDIUM,5.0,False,Audi,0 days 00:24:17.911000,1,FP1,40.3,23.0,31.5
BOR,5,82.18,7.0,3.0,28.699,29.954,23.527,292.0,242.0,253.0,320.0,True,MEDIUM,6.0,False,Audi,0 days 00:26:07.161000,1,FP1,40.3,23.0,31.5
BOR,5,82.129,10.0,4.0,28.639,29.944,23.546,289.0,244.0,253.0,319.0,True,MEDIUM,10.0,False,Audi,0 days 00:31:10.526000,1,FP1,40.3,23.0,31.5
BOR,5,81.425,13.0,5.0,28.493,29.59,23.342,294.0,246.0,254.0,318.0,True,MEDIUM,13.0,False,Audi,0 days 00:36:16.072000,1,FP1,39.3,23.1,31.0
BOR,5,80.36,16.0,6.0,28.104,29.15,23.106,290.0,248.0,256.0,321.0,True,SOFT,2.0,True,Audi,0 days 00:48:11.388000,12,FP1,39.3,23.1,31.0
BOR,5,84.764,20.0,8.0,29.44,31.25,24.074,285.0,233.0,258.0,313.0,False,SOFT,6.0,False,Audi,0 days 01:00:44.637000,12,FP1,39.3,23.1,31.0
BOR,5,85.818,21.0,8.0,30.425,31.192,24.201,282.0,233.0,257.0,309.0,False,SOFT,7.0,False,Audi,0 days 01:02:09.401000,21,FP1,39.3,23.1,31.0
BOR,5,84.088,22.0,8.0,29.309,30.887,23.892,279.0,236.0,259.0,305.0,False,SOFT,8.0,False,Audi,0 days 01:03:35.219000,1,FP1,39.3,23.1,31.0
BOR,5,84.32,23.0,8.0,29.383,30.864,24.073,280.0,238.0,258.0,306.0,False,SOFT,9.0,False,Audi,0 days 01:04:59.307000,1,FP1,39.2,23.0,30.6
BOR,5,84.556,24.0,8.0,29.402,30.902,24.252,285.0,236.0,257.0,307.0,False,SOFT,10.0,False,Audi,0 days 01:06:23.627000,1,FP1,39.2,23.0,30.6
BOR,5,84.344,25.0,8.0,29.394,30.708,24.242,282.0,232.0,256.0,307.0,False,SOFT,11.0,False,Audi,0 days 01:07:48.183000,1,FP1,39.2,23.0,30.6
BOR,5,84.803,26.0,8.0,29.472,30.849,24.482,280.0,233.0,255.0,308.0,False,SOFT,12.0,False,Audi,0 days 01:09:12.527000,1,FP1,39.2,23.0,30.6
BOR,5,85.125,27.0,8.0,29.455,31.175,24.495,286.0,236.0,257.0,308.0,False,SOFT,13.0,False,Audi,0 days 01:10:37.330000,1,FP1,39.2,23.0,30.6
BOR,5,84.702,28.0,8.0,29.363,30.842,24.497,289.0,234.0,254.0,303.0,False,SOFT,14.0,False,Audi,0 days 01:12:02.455000,1,FP1,39.2,23.0,30.6
BOR,5,119.14,29.0,8.0,33.462,48.048,37.63,121.0,149.0,37.0,297.0,False,SOFT,15.0,False,Audi,0 days 01:13:27.157000,1,FP1,39.2,23.0,30.6
HAD,6,94.951,2.0,1.0,34.9,34.342,25.709,271.0,218.0,253.0,263.0,True,MEDIUM,2.0,True,Red Bull Racing,0 days 00:15:06.598000,1,FP1,39.2,23.0,30.6
HAD,6,88.389,3.0,1.0,30.685,32.837,24.867,275.0,231.0,255.0,300.0,True,MEDIUM,3.0,True,Red Bull Racing,0 days 00:16:41.549000,1,FP1,39.2,23.0,30.6
HAD,6,82.783,6.0,2.0,28.956,30.107,23.72,299.0,243.0,229.0,321.0,True,MEDIUM,6.0,False,Red Bull Racing,0 days 00:32:36.188000,1,FP1,39.0,22.9,31.4
HAD,6,116.202,7.0,2.0,38.228,47.099,30.875,216.0,104.0,260.0,211.0,False,MEDIUM,7.0,False,Red Bull Racing,0 days 00:33:58.971000,1,FP1,39.0,22.9,31.4
HAD,6,81.616,8.0,2.0,28.683,29.444,23.489,298.0,246.0,235.0,316.0,True,MEDIUM,8.0,False,Red Bull Racing,0 days 00:35:55.173000,1,FP1,39.0,22.9,31.4
HAD,6,79.997,11.0,3.0,27.866,29.016,23.115,287.0,248.0,264.0,320.0,True,SOFT,2.0,True,Red Bull Racing,0 days 00:46:24.791000,1,FP1,39.0,22.9,31.4
HAD,6,122.537,12.0,3.0,48.782,43.566,30.189,130.0,164.0,183.0,226.0,False,SOFT,3.0,True,Red Bull Racing,0 days 00:47:44.788000,12,FP1,39.0,22.9,31.4
HAD,6,85.318,15.0,4.0,29.478,31.238,24.602,288.0,234.0,257.0,315.0,False,MEDIUM,11.0,False,Red Bull Racing,0 days 01:00:21.577000,1,FP1,39.0,22.9,31.4
HAD,6,85.224,16.0,4.0,29.403,31.299,24.522,285.0,235.0,259.0,309.0,False,MEDIUM,12.0,False,Red Bull Racing,0 days 01:01:46.895000,12,FP1,40.3,22.9,31.2
HAD,6,85.356,17.0,4.0,29.502,31.283,24.571,284.0,234.0,258.0,306.0,False,MEDIUM,13.0,False,Red Bull Racing,0 days 01:03:12.119000,1,FP1,40.3,22.9,31.2
HAD,6,85.564,18.0,4.0,29.409,31.256,24.899,285.0,236.0,256.0,312.0,False,MEDIUM,14.0,False,Red Bull Racing,0 days 01:04:37.475000,1,FP1,40.3,22.9,31.2
HAD,6,88.53,19.0,4.0,29.557,31.267,27.706,288.0,235.0,251.0,306.0,False,MEDIUM,15.0,False,Red Bull Racing,0 days 01:06:03.039000,1,FP1,40.3,22.9,31.2
HAD,6,85.657,20.0,4.0,29.69,31.277,24.69,281.0,233.0,257.0,308.0,False,MEDIUM,16.0,False,Red Bull Racing,0 days 01:07:31.569000,1,FP1,40.3,22.9,31.2
HAD,6,85.207,21.0,4.0,29.581,31.034,24.592,285.0,236.0,258.0,303.0,False,MEDIUM,17.0,False,Red Bull Racing,0 days 01:08:57.226000,1,FP1,40.3,22.9,31.2
HAD,6,85.19,22.0,4.0,29.503,31.154,24.533,281.0,236.0,259.0,305.0,False,MEDIUM,18.0,False,Red Bull Racing,0 days 01:10:22.433000,1,FP1,40.3,22.9,31.2
HAD,6,85.206,23.0,4.0,29.586,31.135,24.485,283.0,237.0,259.0,314.0,False,MEDIUM,19.0,False,Red Bull Racing,0 days 01:11:47.623000,1,FP1,40.3,22.9,31.2
HAD,6,148.973,24.0,4.0,43.258,52.214,53.501,106.0,104.0,42.0,295.0,False,MEDIUM,20.0,False,Red Bull Racing,0 days 01:13:12.829000,1,FP1,40.3,22.9,31.2
GAS,10,102.308,2.0,1.0,37.074,35.588,29.646,234.0,215.0,260.0,263.0,True,MEDIUM,2.0,True,Alpine,0 days 00:17:09.221000,1,FP1,39.9,22.9,30.7
GAS,10,84.549,3.0,1.0,28.987,31.495,24.067,291.0,232.0,251.0,323.0,True,MEDIUM,3.0,True,Alpine,0 days 00:18:51.529000,1,FP1,39.9,22.9,30.7
GAS,10,110.527,4.0,1.0,42.127,42.185,26.215,211.0,167.0,263.0,283.0,False,MEDIUM,4.0,True,Alpine,0 days 00:20:16.078000,1,FP1,39.9,22.9,30.7
GAS,10,82.694,5.0,1.0,28.584,30.439,23.671,288.0,239.0,249.0,323.0,True,MEDIUM,5.0,True,Alpine,0 days 00:22:06.605000,1,FP1,39.9,22.9,30.7
GAS,10,83.537,8.0,2.0,28.87,30.777,23.89,288.0,241.0,253.0,321.0,False,MEDIUM,8.0,False,Alpine,0 days 00:27:42.961000,1,FP1,39.9,22.9,30.7
GAS,10,112.948,9.0,2.0,44.067,43.207,25.674,158.0,201.0,264.0,280.0,False,MEDIUM,9.0,False,Alpine,0 days 00:29:06.498000,1,FP1,39.9,22.9,30.7
GAS,10,84.289,10.0,2.0,29.027,31.161,24.101,289.0,240.0,248.0,322.0,False,MEDIUM,10.0,False,Alpine,0 days 00:30:59.446000,1,FP1,39.9,22.9,30.7
GAS,10,83.15,13.0,3.0,28.857,30.534,23.759,290.0,242.0,250.0,322.0,False,MEDIUM,13.0,False,Alpine,0 days 00:36:37.986000,1,FP1,40.0,22.9,30.6
GAS,10,109.204,14.0,3.0,43.824,39.29,26.09,197.0,207.0,258.0,215.0,False,MEDIUM,14.0,False,Alpine,0 days 00:38:01.136000,1,FP1,40.0,22.9,30.6
GAS,10,81.704,18.0,5.0,28.558,29.88,23.266,291.0,240.0,245.0,319.0,True,SOFT,3.0,False,Alpine,0 days 00:57:51.155000,1,FP1,40.0,22.9,30.6
GAS,10,126.565,19.0,5.0,48.021,44.128,34.416,151.0,141.0,170.0,259.0,False,SOFT,4.0,False,Alpine,0 days 00:59:12.859000,1,FP1,40.0,22.9,30.6
GAS,10,105.522,20.0,5.0,36.369,43.193,25.96,232.0,177.0,264.0,235.0,False,SOFT,5.0,False,Alpine,0 days 01:01:19.424000,12,FP1,40.0,22.9,30.6
GAS,10,82.588,21.0,5.0,28.498,30.228,23.862,290.0,240.0,249.0,321.0,False,SOFT,6.0,False,Alpine,0 days 01:03:04.946000,1,FP1,39.3,22.9,30.6
GAS,10,98.869,22.0,5.0,32.338,36.003,30.528,247.0,143.0,258.0,282.0,False,SOFT,7.0,False,Alpine,0 days 01:04:27.534000,1,FP1,39.3,22.9,30.6
GAS,10,85.718,23.0,5.0,29.415,31.977,24.326,283.0,232.0,266.0,313.0,False,SOFT,8.0,False,Alpine,0 days 01:06:06.403000,1,FP1,39.3,22.9,30.6
GAS,10,88.408,24.0,5.0,29.473,31.89,27.045,270.0,234.0,263.0,322.0,False,SOFT,9.0,False,Alpine,0 days 01:07:32.121000,1,FP1,39.3,22.9,30.6
GAS,10,84.918,25.0,5.0,29.273,31.357,24.288,287.0,234.0,262.0,315.0,False,SOFT,10.0,False,Alpine,0 days 01:09:00.529000,1,FP1,39.3,22.9,30.6
GAS,10,84.577,26.0,5.0,29.105,31.275,24.197,293.0,235.0,264.0,319.0,False,SOFT,11.0,False,Alpine,0 days 01:10:25.447000,1,FP1,39.3,22.9,30.6
GAS,10,84.921,27.0,5.0,29.042,31.529,24.35,288.0,234.0,263.0,321.0,False,SOFT,12.0,False,Alpine,0 days 01:11:50.024000,1,FP1,39.3,22.9,30.6
GAS,10,113.516,28.0,5.0,36.81,40.3,36.406,135.0,200.0,68.0,321.0,False,SOFT,13.0,False,Alpine,0 days 01:13:14.945000,1,FP1,39.3,22.9,30.6
PER,11,86.497,2.0,1.0,30.201,31.913,24.383,267.0,229.0,258.0,314.0,True,HARD,2.0,True,Cadillac,0 days 00:15:08.030000,1,FP1,39.3,22.9,30.6
PER,11,113.288,3.0,1.0,41.437,43.895,27.956,108.0,220.0,259.0,214.0,False,HARD,3.0,True,Cadillac,0 days 00:16:34.527000,1,FP1,39.3,22.9,30.6
PER,11,83.704,4.0,1.0,29.153,30.865,23.686,291.0,240.0,253.0,315.0,True,HARD,4.0,True,Cadillac,0 days 00:18:27.815000,1,FP1,40.4,22.8,31.0
PER,11,103.796,5.0,1.0,37.063,39.085,27.648,201.0,211.0,259.0,226.0,False,HARD,5.0,True,Cadillac,0 days 00:19:51.519000,1,FP1,40.4,22.8,31.0
PER,11,83.648,6.0,1.0,29.016,30.831,23.801,291.0,239.0,258.0,315.0,True,HARD,6.0,True,Cadillac,0 days 00:21:35.315000,1,FP1,40.4,22.8,31.0
PER,11,118.83,7.0,1.0,43.792,41.765,33.273,187.0,192.0,260.0,194.0,False,HARD,7.0,True,Cadillac,0 days 00:22:58.963000,1,FP1,40.4,22.8,31.0
PER,11,84.943,8.0,1.0,29.151,30.896,24.896,291.0,241.0,253.0,317.0,False,HARD,8.0,True,Cadillac,0 days 00:24:57.793000,1,FP1,40.4,22.8,31.0
PER,11,82.089,11.0,2.0,28.609,30.251,23.229,294.0,246.0,254.0,319.0,True,SOFT,2.0,True,Cadillac,0 days 00:47:57.006000,1,FP1,39.9,22.9,30.8
PER,11,85.944,14.0,3.0,29.605,31.9,24.439,272.0,231.0,254.0,308.0,False,SOFT,5.0,False,Cadillac,0 days 01:04:05.507000,1,FP1,39.9,22.9,30.8
PER,11,86.122,15.0,3.0,29.558,32.009,24.555,271.0,236.0,253.0,309.0,False,SOFT,6.0,False,Cadillac,0 days 01:05:31.451000,1,FP1,39.9,22.9,30.8
PER,11,86.216,16.0,3.0,29.866,31.817,24.533,274.0,231.0,254.0,306.0,False,SOFT,7.0,False,Cadillac,0 days 01:06:57.573000,1,FP1,39.9,22.9,30.8
PER,11,86.734,17.0,3.0,29.99,31.986,24.758,273.0,227.0,253.0,309.0,False,SOFT,8.0,False,Cadillac,0 days 01:08:23.789000,1,FP1,39.9,22.9,30.8
PER,11,86.633,18.0,3.0,30.01,32.09,24.533,275.0,235.0,255.0,303.0,False,SOFT,9.0,False,Cadillac,0 days 01:09:50.523000,1,FP1,39.9,22.9,30.8
PER,11,86.162,19.0,3.0,29.782,31.741,24.639,277.0,233.0,252.0,314.0,False,SOFT,10.0,False,Cadillac,0 days 01:11:17.156000,1,FP1,39.9,22.9,30.8
PER,11,87.334,20.0,3.0,30.421,32.229,24.684,275.0,231.0,254.0,309.0,False,SOFT,11.0,False,Cadillac,0 days 01:12:43.318000,1,FP1,39.9,22.9,30.8
ALO,14,84.527,2.0,1.0,29.941,31.068,23.518,270.0,237.0,257.0,301.0,True,HARD,2.0,True,Aston Martin,0 days 00:15:50.722000,1,FP1,41.8,23.0,30.9
ALO,14,106.795,3.0,1.0,39.646,37.682,29.467,246.0,199.0,250.0,214.0,False,HARD,3.0,True,Aston Martin,0 days 00:17:15.249000,1,FP1,41.8,23.0,30.9
ALO,14,83.219,4.0,1.0,29.45,30.192,23.577,272.0,240.0,254.0,302.0,True,HARD,4.0,True,Aston Martin,0 days 00:19:02.044000,1,FP1,41.8,23.0,30.9
ALO,14,118.861,5.0,1.0,42.542,44.34,31.979,229.0,82.0,254.0,214.0,False,HARD,5.0,True,Aston Martin,0 days 00:20:25.263000,1,FP1,41.8,23.0,30.9
ALO,14,85.595,6.0,1.0,29.805,31.552,24.238,264.0,231.0,254.0,293.0,False,HARD,6.0,True,Aston Martin,0 days 00:22:24.124000,1,FP1,41.8,23.0,30.9
ALO,14,85.921,7.0,1.0,29.95,31.602,24.369,265.0,232.0,255.0,294.0,False,HARD,7.0,True,Aston Martin,0 days 00:23:49.719000,1,FP1,41.8,23.0,30.9
ALO,14,85.702,10.0,2.0,29.89,31.614,24.198,265.0,232.0,257.0,297.0,False,HARD,10.0,False,Aston Martin,0 days 00:43:16.013000,1,FP1,42.6,23.2,30.5
ALO,14,85.56,11.0,2.0,29.607,31.558,24.395,264.0,233.0,252.0,291.0,False,HARD,11.0,False,Aston Martin,0 days 00:44:41.715000,1,FP1,42.6,23.2,30.5
ALO,14,81.55,14.0,3.0,28.899,29.471,23.18,273.0,245.0,248.0,302.0,True,SOFT,2.0,True,Aston Martin,0 days 00:58:26.380000,1,FP1,42.6,23.2,30.5
ALO,14,88.252,17.0,4.0,28.966,29.739,29.547,272.0,242.0,188.0,301.0,False,SOFT,5.0,False,Aston Martin,0 days 01:04:01.082000,1,FP1,42.6,23.2,30.5
ALO,14,115.442,18.0,4.0,39.433,49.882,26.127,216.0,199.0,249.0,233.0,False,SOFT,6.0,False,Aston Martin,0 days 01:05:29.334000,1,FP1,42.6,23.2,30.5
ALO,14,81.904,19.0,4.0,28.866,29.57,23.468,274.0,245.0,243.0,301.0,False,SOFT,7.0,False,Aston Martin,0 days 01:07:24.776000,1,FP1,42.6,23.2,30.5
LEC,16,82.705,2.0,1.0,29.163,30.244,23.298,291.0,239.0,242.0,314.0,True,MEDIUM,2.0,True,Ferrari,0 days 00:15:31.064000,1,FP1,43.4,23.4,30.0
LEC,16,112.246,3.0,1.0,44.9,41.369,25.977,178.0,175.0,259.0,208.0,False,MEDIUM,3.0,True,Ferrari,0 days 00:16:53.769000,1,FP1,43.4,23.4,30.0
LEC,16,80.884,4.0,1.0,28.554,29.452,22.878,294.0,245.0,243.0,315.0,True,MEDIUM,4.0,True,Ferrari,0 days 00:18:46.015000,1,FP1,43.4,23.4,30.0
LEC,16,112.594,5.0,1.0,42.753,42.791,27.05,162.0,160.0,260.0,199.0,False,MEDIUM,5.0,True,Ferrari,0 days 00:20:06.899000,1,FP1,43.4,23.4,30.0
LEC,16,86.655,6.0,1.0,28.475,29.43,28.75,293.0,246.0,202.0,315.0,False,MEDIUM,6.0,True,Ferrari,0 days 00:21:59.493000,1,FP1,43.4,23.4,30.0
LEC,16,116.284,7.0,1.0,46.559,44.451,25.274,121.0,211.0,260.0,181.0,False,MEDIUM,7.0,True,Ferrari,0 days 00:23:26.148000,1,FP1,43.4,23.4,30.0
LEC,16,80.287,8.0,1.0,28.233,29.137,22.917,297.0,249.0,246.0,317.0,True,MEDIUM,8.0,True,Ferrari,0 days 00:25:22.432000,1,FP1,43.9,23.5,29.4
LEC,16,88.521,11.0,2.0,28.279,32.003,28.239,295.0,179.0,261.0,316.0,False,MEDIUM,11.0,False,Ferrari,0 days 00:30:48.774000,1,FP1,43.9,23.5,29.4
LEC,16,79.075,14.0,3.0,27.846,28.625,22.604,297.0,252.0,256.0,318.0,True,SOFT,2.0,True,Ferrari,0 days 00:45:48.258000,1,FP1,43.9,23.5,29.4
LEC,16,85.666,18.0,5.0,30.831,30.93,23.905,280.0,236.0,256.0,312.0,False,SOFT,6.0,False,Ferrari,0 days 01:02:01.842000,12,FP1,44.5,23.5,29.2
STR,18,84.395,2.0,1.0,29.963,30.879,23.553,283.0,236.0,258.0,302.0,True,HARD,2.0,True,Aston Martin,0 days 00:15:54.504000,1,FP1,44.5,23.5,29.2
STR,18,113.394,3.0,1.0,39.123,41.322,32.949,228.0,210.0,248.0,243.0,False,HARD,3.0,True,Aston Martin,0 days 00:17:18.899000,1,FP1,44.5,23.5,29.2
STR,18,83.471,4.0,1.0,29.636,30.353,23.482,275.0,236.0,256.0,301.0,True,HARD,4.0,True,Aston Martin,0 days 00:19:12.293000,1,FP1,44.5,23.5,29.2
STR,18,85.86,7.0,2.0,30.241,31.498,24.121,265.0,231.0,253.0,301.0,False,HARD,7.0,False,Aston Martin,0 days 00:25:25.168000,1,FP1,45.0,23.7,29.4
STR,18,84.998,8.0,2.0,29.739,31.214,24.045,266.0,233.0,256.0,298.0,False,HARD,8.0,False,Aston Martin,0 days 00:26:51.028000,1,FP1,45.0,23.7,29.4
ALB,23,85.972,2.0,1.0,30.263,31.562,24.147,291.0,237.0,256.0,321.0,True,MEDIUM,2.0,True,Williams,0 days 00:15:38.451000,1,FP1,45.3,23.7,28.9
ALB,23,112.851,3.0,1.0,46.175,40.293,26.383,187.0,220.0,260.0,235.0,False,MEDIUM,3.0,True,Williams,0 days 00:17:04.423000,1,FP1,45.3,23.7,28.9
ALB,23,84.601,4.0,1.0,29.686,30.885,24.03,290.0,238.0,257.0,321.0,True,MEDIUM,4.0,True,Williams,0 days 00:18:57.274000,1,FP1,45.3,23.7,28.9
ALB,23,112.2,5.0,1.0,44.192,41.286,26.722,169.0,194.0,262.0,240.0,False,MEDIUM,5.0,True,Williams,0 days 00:20:21.875000,1,FP1,45.3,23.7,28.9
ALB,23,83.678,6.0,1.0,29.125,30.647,23.906,287.0,239.0,259.0,321.0,True,MEDIUM,6.0,True,Williams,0 days 00:22:14.075000,1,FP1,45.3,23.7,28.9
ALB,23,83.006,9.0,2.0,28.823,30.22,23.963,291.0,240.0,254.0,319.0,True,MEDIUM,9.0,False,Williams,0 days 00:34:23.870000,1,FP1,45.6,23.8,28.7
ALB,23,118.13,10.0,2.0,45.634,44.555,27.941,160.0,174.0,260.0,250.0,False,MEDIUM,10.0,False,Williams,0 days 00:35:46.876000,1,FP1,45.6,23.8,28.7
ALB,23,81.819,13.0,3.0,28.505,29.742,23.572,291.0,244.0,256.0,320.0,True,SOFT,2.0,True,Williams,0 days 00:45:32.357000,1,FP1,45.6,23.8,28.7
ALB,23,125.711,14.0,3.0,47.833,46.427,31.451,140.0,168.0,197.0,222.0,False,SOFT,3.0,True,Williams,0 days 00:46:54.176000,1,FP1,45.6,23.8,28.7
ALB,23,85.625,19.0,5.0,29.938,31.465,24.222,284.0,233.0,260.0,317.0,False,SOFT,8.0,False,Williams,0 days 01:02:15.877000,21,FP1,46.7,23.7,29.0
ALB,23,83.956,20.0,5.0,28.964,30.943,24.049,282.0,232.0,262.0,316.0,False,SOFT,9.0,False,Williams,0 days 01:03:41.502000,1,FP1,46.7,23.7,28.5
ALB,23,84.633,21.0,5.0,29.145,31.27,24.218,280.0,237.0,260.0,317.0,False,SOFT,10.0,False,Williams,0 days 01:05:05.458000,1,FP1,46.7,23.7,28.5
ALB,23,84.386,22.0,5.0,29.104,30.921,24.361,282.0,234.0,260.0,318.0,False,SOFT,11.0,False,Williams,0 days 01:06:30.091000,1,FP1,46.7,23.7,28.5
ALB,23,89.271,23.0,5.0,32.411,32.295,24.565,265.0,232.0,259.0,316.0,False,SOFT,12.0,False,Williams,0 days 01:07:54.477000,1,FP1,46.7,23.7,28.5
ALB,23,84.553,24.0,5.0,29.273,30.995,24.285,286.0,235.0,260.0,314.0,False,SOFT,13.0,False,Williams,0 days 01:09:23.748000,1,FP1,46.7,23.7,28.5
ALB,23,89.223,25.0,5.0,29.24,31.321,28.662,286.0,234.0,260.0,315.0,False,SOFT,14.0,False,Williams,0 days 01:10:48.301000,1,FP1,46.7,23.7,28.5
ALB,23,84.568,26.0,5.0,29.2,31.08,24.288,286.0,233.0,260.0,317.0,False,SOFT,15.0,False,Williams,0 days 01:12:17.524000,1,FP1,47.0,23.6,28.6
HUL,27,82.442,4.0,3.0,28.727,30.318,23.397,292.0,245.0,259.0,321.0,True,MEDIUM,4.0,False,Audi,0 days 00:24:53.168000,1,FP1,40.8,23.2,30.0
HUL,27,111.52,5.0,3.0,42.153,43.131,26.236,159.0,218.0,264.0,228.0,False,MEDIUM,5.0,False,Audi,0 days 00:26:15.610000,1,FP1,40.8,23.2,30.0
HUL,27,81.504,6.0,3.0,28.477,29.823,23.204,294.0,249.0,255.0,321.0,True,MEDIUM,6.0,False,Audi,0 days 00:28:07.130000,1,FP1,40.8,23.2,30.0
HUL,27,81.708,9.0,4.0,28.447,29.667,23.594,298.0,249.0,256.0,319.0,False,MEDIUM,9.0,False,Audi,0 days 00:33:21.685000,1,FP1,41.5,23.1,30.1
HUL,27,80.789,12.0,5.0,28.165,29.344,23.28,300.0,250.0,256.0,323.0,True,SOFT,2.0,True,Audi,0 days 00:43:26.368000,1,FP1,41.5,23.1,30.1
HUL,27,117.068,13.0,5.0,41.357,44.335,31.376,144.0,158.0,224.0,218.0,False,SOFT,3.0,True,Audi,0 days 00:44:47.157000,1,FP1,41.5,23.1,30.1
HUL,27,103.306,14.0,5.0,33.029,41.393,28.884,171.0,166.0,265.0,307.0,False,SOFT,4.0,True,Audi,0 days 00:46:44.225000,1,FP1,40.8,23.1,29.6
HUL,27,80.623,15.0,5.0,28.13,29.377,23.116,296.0,250.0,256.0,319.0,True,SOFT,5.0,True,Audi,0 days 00:48:27.531000,12,FP1,40.8,23.1,29.6
HUL,27,84.332,18.0,6.0,29.316,30.929,24.087,293.0,236.0,259.0,312.0,False,MEDIUM,12.0,False,Audi,0 days 00:59:02.002000,1,FP1,40.8,23.1,29.6
HUL,27,84.617,19.0,6.0,29.29,31.119,24.208,287.0,235.0,257.0,312.0,False,MEDIUM,13.0,False,Audi,0 days 01:00:26.334000,1,FP1,40.8,23.1,29.6
HUL,27,85.152,20.0,6.0,29.394,31.248,24.51,289.0,237.0,259.0,312.0,False,MEDIUM,14.0,False,Audi,0 days 01:01:50.951000,12,FP1,40.8,23.1,29.6
HUL,27,86.249,21.0,6.0,29.671,31.481,25.097,286.0,229.0,253.0,307.0,False,MEDIUM,15.0,False,Audi,0 days 01:03:16.103000,1,FP1,42.0,23.1,29.6
HUL,27,86.526,22.0,6.0,30.176,31.509,24.841,291.0,227.0,257.0,319.0,False,MEDIUM,16.0,False,Audi,0 days 01:04:42.352000,1,FP1,42.0,23.1,29.6
HUL,27,86.006,23.0,6.0,29.707,31.443,24.856,282.0,230.0,257.0,309.0,False,MEDIUM,17.0,False,Audi,0 days 01:06:08.878000,1,FP1,42.0,23.1,29.6
HUL,27,86.624,24.0,6.0,29.812,31.743,25.069,287.0,231.0,256.0,308.0,False,MEDIUM,18.0,False,Audi,0 days 01:07:34.884000,1,FP1,42.0,23.1,29.6
HUL,27,86.16,25.0,6.0,29.679,31.598,24.883,291.0,232.0,257.0,323.0,False,MEDIUM,19.0,False,Audi,0 days 01:09:01.508000,1,FP1,42.0,23.1,29.6
LAW,30,83.506,2.0,1.0,28.888,30.932,23.686,298.0,249.0,236.0,320.0,True,MEDIUM,2.0,True,Racing Bulls,0 days 00:16:02.590000,1,FP1,43.8,23.1,29.8
LAW,30,129.399,3.0,1.0,47.906,52.688,28.805,147.0,194.0,262.0,194.0,True,MEDIUM,3.0,True,Racing Bulls,0 days 00:17:26.096000,1,FP1,43.8,23.1,29.8
LAW,30,83.423,4.0,1.0,28.675,29.935,24.813,299.0,251.0,211.0,323.0,True,MEDIUM,4.0,True,Racing Bulls,0 days 00:19:35.495000,1,FP1,42.1,23.1,29.0
LAW,30,82.009,7.0,2.0,28.563,29.975,23.471,298.0,249.0,253.0,322.0,True,MEDIUM,7.0,False,Racing Bulls,0 days 00:25:08.062000,1,FP1,42.1,23.1,29.0
LAW,30,127.213,8.0,2.0,51.49,43.434,32.289,151.0,180.0,196.0,187.0,False,MEDIUM,8.0,False,Racing Bulls,0 days 00:26:30.071000,1,FP1,42.1,23.1,29.0
LAW,30,99.578,9.0,2.0,36.458,36.709,26.411,219.0,211.0,261.0,241.0,False,MEDIUM,9.0,False,Racing Bulls,0 days 00:28:37.284000,1,FP1,42.1,23.1,29.0
LAW,30,81.457,10.0,2.0,28.483,29.591,23.383,294.0,250.0,260.0,322.0,True,MEDIUM,10.0,False,Racing Bulls,0 days 00:30:16.862000,1,FP1,42.1,23.1,29.0
LAW,30,80.866,13.0,3.0,28.201,29.385,23.28,295.0,250.0,252.0,323.0,True,SOFT,2.0,True,Racing Bulls,0 days 00:42:53.403000,1,FP1,41.6,23.1,29.0
LAW,30,87.344,17.0,5.0,30.194,32.276,24.874,282.0,238.0,257.0,314.0,False,MEDIUM,13.0,False,Racing Bulls,0 days 00:58:46.552000,1,FP1,41.6,23.1,29.0
LAW,30,86.958,18.0,5.0,29.964,32.089,24.905,280.0,237.0,257.0,308.0,False,MEDIUM,14.0,False,Racing Bulls,0 days 01:00:13.896000,1,FP1,41.6,23.1,29.0
LAW,30,86.273,19.0,5.0,29.77,31.708,24.795,293.0,237.0,257.0,316.0,False,MEDIUM,15.0,False,Racing Bulls,0 days 01:01:40.854000,12,FP1,41.6,23.1,29.0
LAW,30,86.87,20.0,5.0,29.979,31.891,25.0,288.0,232.0,256.0,313.0,False,MEDIUM,16.0,False,Racing Bulls,0 days 01:03:07.127000,1,FP1,41.6,23.1,29.0
LAW,30,86.645,21.0,5.0,29.827,31.803,25.015,289.0,230.0,257.0,304.0,False,MEDIUM,17.0,False,Racing Bulls,0 days 01:04:33.997000,1,FP1,45.2,23.2,29.5
LAW,30,86.557,22.0,5.0,29.906,31.832,24.819,281.0,235.0,257.0,303.0,False,MEDIUM,18.0,False,Racing Bulls,0 days 01:06:00.642000,1,FP1,45.2,23.2,29.5
LAW,30,86.278,23.0,5.0,29.762,31.646,24.87,288.0,234.0,256.0,313.0,False,MEDIUM,19.0,False,Racing Bulls,0 days 01:07:27.199000,1,FP1,45.2,23.2,29.5
LAW,30,86.228,24.0,5.0,29.667,31.648,24.913,291.0,235.0,255.0,313.0,False,MEDIUM,20.0,False,Racing Bulls,0 days 01:08:53.477000,1,FP1,45.2,23.2,29.5
LAW,30,86.344,25.0,5.0,29.957,31.512,24.875,287.0,237.0,256.0,309.0,False,MEDIUM,21.0,False,Racing Bulls,0 days 01:10:19.705000,1,FP1,45.2,23.2,29.5
LAW,30,86.035,26.0,5.0,29.699,31.365,24.971,281.0,228.0,255.0,317.0,False,MEDIUM,22.0,False,Racing Bulls,0 days 01:11:46.049000,1,FP1,45.2,23.2,29.5
LAW,30,127.66,27.0,5.0,38.941,46.406,42.313,134.0,224.0,63.0,306.0,False,MEDIUM,23.0,False,Racing Bulls,0 days 01:13:12.084000,1,FP1,45.2,23.2,29.5
OCO,31,94.153,2.0,1.0,29.746,31.686,32.721,286.0,234.0,252.0,312.0,True,MEDIUM,2.0,True,Haas F1 Team,0 days 00:14:59.706000,1,FP1,45.2,23.2,29.5
OCO,31,82.574,5.0,2.0,28.845,30.228,23.501,289.0,241.0,262.0,316.0,True,MEDIUM,5.0,False,Haas F1 Team,0 days 00:30:29.565000,1,FP1,46.4,23.3,29.4
OCO,31,132.887,6.0,2.0,48.133,54.163,30.591,123.0,216.0,261.0,265.0,False,MEDIUM,6.0,False,Haas F1 Team,0 days 00:31:52.139000,1,FP1,46.4,23.3,29.4
OCO,31,82.248,7.0,2.0,28.588,29.867,23.793,288.0,243.0,240.0,317.0,True,MEDIUM,7.0,False,Haas F1 Team,0 days 00:34:05.026000,1,FP1,46.4,23.3,29.4
OCO,31,84.821,10.0,3.0,30.149,31.006,23.666,290.0,239.0,260.0,314.0,False,MEDIUM,10.0,False,Haas F1 Team,0 days 00:39:56.572000,1,FP1,46.4,23.3,29.4
OCO,31,95.641,15.0,5.0,31.723,36.187,27.731,242.0,208.0,265.0,307.0,False,SOFT,4.0,False,Haas F1 Team,0 days 00:57:39.540000,1,FP1,46.2,23.4,28.9
OCO,31,81.051,16.0,5.0,28.408,29.482,23.161,287.0,245.0,258.0,325.0,True,SOFT,5.0,False,Haas F1 Team,0 days 00:59:15.181000,1,FP1,46.2,23.4,28.9
OCO,31,119.14,17.0,5.0,40.791,44.342,34.007,154.0,159.0,192.0,185.0,False,SOFT,6.0,False,Haas F1 Team,0 days 01:00:36.232000,12,FP1,46.2,23.4,28.9
OCO,31,126.26,18.0,5.0,45.495,46.533,34.232,165.0,172.0,259.0,184.0,False,SOFT,7.0,False,Haas F1 Team,0 days 01:02:35.372000,21,FP1,46.2,23.4,28.9
OCO,31,81.882,19.0,5.0,28.554,29.801,23.527,285.0,247.0,255.0,317.0,False,SOFT,8.0,False,Haas F1 Team,0 days 01:04:41.632000,1,FP1,46.2,23.4,28.9
OCO,31,84.694,22.0,6.0,29.367,31.212,24.115,281.0,237.0,257.0,312.0,False,MEDIUM,13.0,False,Haas F1 Team,0 days 01:12:12.383000,1,FP1,46.2,23.4,28.9
OCO,31,110.295,23.0,6.0,35.839,36.234,38.222,253.0,124.0,53.0,188.0,False,MEDIUM,14.0,False,Haas F1 Team,0 days 01:13:37.077000,1,FP1,45.3,23.4,28.9
LIN,41,85.792,2.0,1.0,29.948,31.076,24.768,284.0,246.0,241.0,317.0,True,MEDIUM,2.0,True,Racing Bulls,0 days 00:16:38.348000,1,FP1,45.3,23.4,28.9
LIN,41,111.62,3.0,1.0,43.382,41.895,26.343,159.0,220.0,264.0,260.0,False,MEDIUM,3.0,True,Racing Bulls,0 days 00:18:04.140000,1,FP1,45.3,23.4,28.9
LIN,41,82.448,4.0,1.0,28.924,30.113,23.411,294.0,249.0,260.0,321.0,True,MEDIUM,4.0,True,Racing Bulls,0 days 00:19:55.760000,1,FP1,45.3,23.4,28.9
LIN,41,114.797,5.0,1.0,40.547,45.22,29.03,186.0,177.0,210.0,207.0,False,MEDIUM,5.0,True,Racing Bulls,0 days 00:21:18.208000,1,FP1,45.3,23.4,28.9
LIN,41,110.288,6.0,1.0,37.588,42.612,30.088,179.0,219.0,262.0,259.0,False,MEDIUM,6.0,True,Racing Bulls,0 days 00:23:13.005000,1,FP1,45.3,23.4,28.9
LIN,41,81.825,7.0,1.0,28.647,29.654,23.524,300.0,249.0,252.0,321.0,True,MEDIUM,7.0,True,Racing Bulls,0 days 00:25:03.293000,1,FP1,45.3,23.4,28.9
LIN,41,124.262,8.0,1.0,47.198,42.708,34.356,166.0,161.0,162.0,187.0,False,MEDIUM,8.0,True,Racing Bulls,0 days 00:26:25.118000,1,FP1,44.2,23.6,28.0
LIN,41,102.331,9.0,1.0,40.085,36.885,25.361,191.0,217.0,261.0,202.0,False,MEDIUM,9.0,True,Racing Bulls,0 days 00:28:29.380000,1,FP1,44.2,23.6,28.0
LIN,41,81.619,10.0,1.0,28.634,29.557,23.428,296.0,246.0,264.0,319.0,True,MEDIUM,10.0,True,Racing Bulls,0 days 00:30:11.711000,1,FP1,44.2,23.6,28.0
LIN,41,80.76,13.0,2.0,28.485,29.119,23.156,295.0,246.0,265.0,319.0,True,SOFT,2.0,True,Racing Bulls,0 days 00:42:42.755000,1,FP1,44.2,23.6,28.0
LIN,41,87.234,17.0,4.0,30.417,32.134,24.683,272.0,234.0,258.0,319.0,False,MEDIUM,13.0,False,Racing Bulls,0 days 00:58:37.607000,1,FP1,44.2,23.6,28.0
LIN,41,86.215,18.0,4.0,30.281,31.471,24.463,277.0,235.0,258.0,307.0,False,MEDIUM,14.0,False,Racing Bulls,0 days 01:00:04.841000,1,FP1,44.2,23.6,28.0
LIN,41,86.188,19.0,4.0,29.958,31.515,24.715,282.0,237.0,258.0,309.0,False,MEDIUM,15.0,False,Racing Bulls,0 days 01:01:31.056000,12,FP1,43.9,23.7,28.2
LIN,41,86.809,20.0,4.0,30.298,31.753,24.758,281.0,233.0,257.0,310.0,False,MEDIUM,16.0,False,Racing Bulls,0 days 01:02:57.244000,21,FP1,43.9,23.7,28.2
LIN,41,86.156,21.0,4.0,29.795,31.639,24.722,286.0,233.0,258.0,313.0,False,MEDIUM,17.0,False,Racing Bulls,0 days 01:04:24.053000,1,FP1,43.9,23.7,28.2
LIN,41,86.856,22.0,4.0,29.957,31.998,24.901,281.0,235.0,255.0,314.0,False,MEDIUM,18.0,False,Racing Bulls,0 days 01:05:50.209000,1,FP1,43.9,23.7,28.2
LIN,41,86.989,23.0,4.0,29.936,31.872,25.181,279.0,234.0,255.0,311.0,False,MEDIUM,19.0,False,Racing Bulls,0 days 01:07:17.065000,1,FP1,43.9,23.7,28.2
LIN,41,88.264,24.0,4.0,30.895,32.343,25.026,284.0,234.0,256.0,299.0,False,MEDIUM,20.0,False,Racing Bulls,0 days 01:08:44.054000,1,FP1,43.9,23.7,28.2
LIN,41,87.135,25.0,4.0,30.102,31.949,25.084,287.0,234.0,256.0,308.0,False,MEDIUM,21.0,False,Racing Bulls,0 days 01:10:12.318000,1,FP1,43.9,23.7,28.2
LIN,41,86.673,26.0,4.0,30.017,31.705,24.951,285.0,230.0,255.0,311.0,False,MEDIUM,22.0,False,Racing Bulls,0 days 01:11:39.453000,1,FP1,43.9,23.7,28.2
LIN,41,106.56,27.0,4.0,34.988,37.073,34.499,230.0,184.0,80.0,309.0,False,MEDIUM,23.0,False,Racing Bulls,0 days 01:13:06.126000,1,FP1,43.9,23.7,28.2
HAM,44,98.307,2.0,1.0,38.164,35.026,25.117,252.0,226.0,258.0,231.0,True,MEDIUM,2.0,True,Ferrari,0 days 00:16:23.146000,1,FP1,43.9,23.7,28.2
HAM,44,89.678,3.0,1.0,29.043,35.172,25.463,281.0,211.0,261.0,314.0,True,MEDIUM,3.0,True,Ferrari,0 days 00:18:01.453000,1,FP1,43.9,23.7,28.2
HAM,44,82.482,4.0,1.0,28.263,29.45,24.769,294.0,242.0,240.0,316.0,True,MEDIUM,4.0,True,Ferrari,0 days 00:19:31.131000,1,FP1,43.9,23.7,28.2
HAM,44,81.065,6.0,1.0,28.586,29.431,23.048,291.0,246.0,257.0,319.0,True,MEDIUM,6.0,True,Ferrari,0 days 00:23:30.492000,1,FP1,43.9,23.7,28.1
HAM,44,141.731,7.0,1.0,60.339,53.841,27.551,74.0,207.0,262.0,192.0,False,MEDIUM,7.0,True,Ferrari,0 days 00:24:51.557000,1,FP1,43.9,23.7,28.1
HAM,44,80.613,8.0,1.0,28.19,29.302,23.121,299.0,245.0,259.0,319.0,True,MEDIUM,8.0,True,Ferrari,0 days 00:27:13.288000,1,FP1,43.9,23.7,28.1
HAM,44,79.618,12.0,2.0,27.931,28.907,22.78,298.0,243.0,262.0,316.0,True,SOFT,2.0,True,Ferrari,0 days 00:48:04.771000,1,FP1,43.9,23.7,28.1
HAM,44,84.064,15.0,3.0,29.182,30.826,24.056,280.0,238.0,256.0,312.0,False,MEDIUM,12.0,False,Ferrari,0 days 01:03:39.053000,1,FP1,43.1,23.6,28.4
HAM,44,84.557,16.0,3.0,29.273,31.111,24.173,276.0,239.0,255.0,311.0,False,MEDIUM,13.0,False,Ferrari,0 days 01:05:03.117000,1,FP1,43.1,23.6,28.4
HAM,44,84.14,17.0,3.0,29.186,30.872,24.082,279.0,241.0,255.0,309.0,False,MEDIUM,14.0,False,Ferrari,0 days 01:06:27.674000,1,FP1,43.1,23.6,28.4
HAM,44,84.129,18.0,3.0,29.412,30.651,24.066,281.0,240.0,255.0,304.0,False,MEDIUM,15.0,False,Ferrari,0 days 01:07:51.814000,1,FP1,43.1,23.6,28.4
HAM,44,84.589,19.0,3.0,29.568,30.859,24.162,280.0,236.0,256.0,303.0,False,MEDIUM,16.0,False,Ferrari,0 days 01:09:15.943000,1,FP1,43.1,23.6,28.4
HAM,44,89.924,20.0,3.0,29.403,30.982,29.539,282.0,240.0,256.0,306.0,False,MEDIUM,17.0,False,Ferrari,0 days 01:10:40.532000,1,FP1,43.1,23.6,28.4
HAM,44,84.373,21.0,3.0,29.413,30.785,24.175,280.0,240.0,243.0,308.0,False,MEDIUM,18.0,False,Ferrari,0 days 01:12:10.456000,1,FP1,43.1,23.6,28.4
SAI,55,84.887,2.0,1.0,29.642,31.015,24.23,280.0,239.0,255.0,320.0,True,MEDIUM,2.0,True,Williams,0 days 00:15:44.604000,1,FP1,43.7,23.5,28.3
SAI,55,84.094,5.0,2.0,29.448,30.776,23.87,299.0,240.0,259.0,299.0,True,MEDIUM,5.0,False,Williams,0 days 00:21:40.998000,1,FP1,45.0,23.5,27.9
SAI,55,104.707,6.0,2.0,40.451,37.494,26.762,202.0,189.0,263.0,164.0,False,MEDIUM,6.0,False,Williams,0 days 00:23:05.092000,1,FP1,45.0,23.5,27.9
SAI,55,83.734,7.0,2.0,29.046,30.657,24.031,287.0,244.0,258.0,319.0,True,MEDIUM,7.0,False,Williams,0 days 00:24:49.799000,1,FP1,45.0,23.5,27.9
SAI,55,126.871,8.0,2.0,48.072,46.987,31.812,137.0,125.0,264.0,218.0,False,MEDIUM,8.0,False,Williams,0 days 00:26:13.533000,1,FP1,45.0,23.5,27.9
SAI,55,83.767,9.0,2.0,29.209,30.651,23.907,291.0,242.0,256.0,322.0,False,MEDIUM,9.0,False,Williams,0 days 00:28:20.404000,1,FP1,45.0,23.5,27.9
SAI,55,104.547,13.0,4.0,28.632,37.262,38.653,294.0,110.0,133.0,320.0,False,SOFT,3.0,False,Williams,0 days 00:58:15.313000,1,FP1,45.0,23.5,27.9
SAI,55,117.072,14.0,4.0,45.626,40.235,31.211,215.0,205.0,265.0,163.0,False,SOFT,4.0,False,Williams,0 days 00:59:59.860000,1,FP1,45.0,23.5,27.9
SAI,55,85.347,17.0,5.0,29.574,31.361,24.412,285.0,232.0,259.0,314.0,False,MEDIUM,12.0,False,Williams,0 days 01:07:11.413000,1,FP1,43.8,23.5,27.9
SAI,55,85.324,18.0,5.0,29.653,31.169,24.502,286.0,231.0,257.0,304.0,False,MEDIUM,13.0,False,Williams,0 days 01:08:36.760000,1,FP1,43.8,23.5,27.9
SAI,55,88.479,19.0,5.0,29.741,31.338,27.4,287.0,231.0,261.0,302.0,False,MEDIUM,14.0,False,Williams,0 days 01:10:02.084000,1,FP1,43.8,23.5,27.9
SAI,55,85.682,20.0,5.0,29.862,31.244,24.576,286.0,228.0,259.0,305.0,False,MEDIUM,15.0,False,Williams,0 days 01:11:30.563000,1,FP1,43.8,23.5,27.9
SAI,55,86.014,21.0,5.0,29.805,31.499,24.71,289.0,231.0,260.0,315.0,False,MEDIUM,16.0,False,Williams,0 days 01:12:56.245000,1,FP1,43.8,23.5,27.9
SAI,55,122.579,22.0,5.0,40.492,43.037,39.05,172.0,160.0,62.0,303.0,False,MEDIUM,17.0,False,Williams,0 days 01:14:22.259000,1,FP1,43.8,23.5,27.9
RUS,63,82.056,2.0,1.0,28.714,30.081,23.261,294.0,246.0,255.0,320.0,True,MEDIUM,2.0,True,Mercedes,0 days 00:16:58.959000,1,FP1,43.9,23.5,27.6
RUS,63,81.191,5.0,2.0,28.326,29.623,23.242,292.0,250.0,247.0,319.0,True,MEDIUM,5.0,False,Mercedes,0 days 00:22:59.363000,1,FP1,41.8,23.6,27.3
RUS,63,134.097,6.0,2.0,52.757,48.299,33.041,158.0,124.0,203.0,135.0,False,MEDIUM,6.0,False,Mercedes,0 days 00:24:20.554000,1,FP1,41.8,23.6,27.3
RUS,63,98.612,7.0,2.0,36.304,35.401,26.907,253.0,198.0,264.0,256.0,False,MEDIUM,7.0,False,Mercedes,0 days 00:26:34.651000,1,FP1,41.8,23.6,27.3
RUS,63,80.843,8.0,2.0,28.453,29.38,23.01,293.0,248.0,247.0,322.0,True,MEDIUM,8.0,False,Mercedes,0 days 00:28:13.263000,1,FP1,41.8,23.6,27.3
RUS,63,80.066,11.0,3.0,28.191,29.064,22.811,294.0,250.0,253.0,319.0,True,SOFT,2.0,False,Mercedes,0 days 00:40:09.373000,1,FP1,41.8,23.6,27.3
RUS,63,141.91,12.0,3.0,54.331,51.007,36.572,148.0,125.0,192.0,142.0,False,SOFT,3.0,False,Mercedes,0 days 00:41:29.439000,1,FP1,41.8,23.6,27.3
RUS,63,108.545,13.0,3.0,41.5,41.413,25.632,182.0,152.0,264.0,249.0,False,SOFT,4.0,False,Mercedes,0 days 00:43:51.349000,1,FP1,41.8,23.6,27.3
RUS,63,84.924,16.0,4.0,29.559,31.059,24.306,287.0,237.0,257.0,299.0,False,MEDIUM,11.0,False,Mercedes,0 days 01:08:06.195000,1,FP1,41.3,23.6,27.4
RUS,63,92.148,17.0,4.0,36.59,31.525,24.033,269.0,233.0,257.0,303.0,False,MEDIUM,12.0,False,Mercedes,0 days 01:09:31.119000,1,FP1,41.3,23.6,27.4
RUS,63,84.372,18.0,4.0,29.36,30.853,24.159,291.0,234.0,257.0,304.0,False,MEDIUM,13.0,False,Mercedes,0 days 01:11:03.267000,1,FP1,41.3,23.6,27.4
RUS,63,84.523,19.0,4.0,29.525,30.677,24.321,291.0,234.0,259.0,301.0,False,MEDIUM,14.0,False,Mercedes,0 days 01:12:27.639000,1,FP1,41.3,23.6,27.4
NOR,1,80.897,2.0,1.0,28.261,28.981,23.655,297.0,249.0,249.0,321.0,True,MEDIUM,2.0,True,McLaren,0 days 00:16:28.410000,1,FP2,32.1,23.7,30.4
NOR,1,141.394,3.0,1.0,51.92,57.092,32.382,130.0,92.0,259.0,212.0,False,MEDIUM,3.0,True,McLaren,0 days 00:17:49.307000,1,FP2,32.1,23.7,30.4
NOR,1,96.936,4.0,1.0,31.519,34.621,30.796,169.0,222.0,263.0,319.0,False,MEDIUM,4.0,True,McLaren,0 days 00:20:10.701000,1,FP2,32.1,23.7,30.4
NOR,1,82.345,5.0,1.0,28.092,28.814,25.439,299.0,242.0,160.0,321.0,False,MEDIUM,5.0,True,McLaren,0 days 00:21:47.637000,1,FP2,32.1,23.7,30.4
NOR,1,79.228,8.0,2.0,27.782,28.54,22.906,299.0,251.0,255.0,321.0,True,SOFT,2.0,True,McLaren,0 days 00:36:32.085000,1,FP2,32.1,23.7,30.4
NOR,1,116.51,9.0,2.0,39.64,46.511,30.359,209.0,123.0,264.0,198.0,False,SOFT,3.0,True,McLaren,0 days 00:37:51.313000,1,FP2,32.1,23.7,30.4
NOR,1,84.384,12.0,3.0,29.44,30.786,24.158,288.0,235.0,257.0,325.0,False,MEDIUM,8.0,False,McLaren,0 days 00:50:40.606000,1,FP2,32.1,23.7,30.4
NOR,1,84.346,13.0,3.0,29.364,30.716,24.266,284.0,237.0,260.0,305.0,False,MEDIUM,9.0,False,McLaren,0 days 00:52:04.990000,1,FP2,32.1,23.7,30.4
NOR,1,84.008,14.0,3.0,29.302,30.426,24.28,288.0,236.0,259.0,298.0,False,MEDIUM,10.0,False,McLaren,0 days 00:53:29.336000,1,FP2,32.1,23.7,30.4
NOR,1,84.423,15.0,3.0,29.351,30.647,24.425,286.0,235.0,258.0,302.0,False,MEDIUM,11.0,False,McLaren,0 days 00:54:53.344000,1,FP2,32.1,23.7,30.4
NOR,1,83.871,16.0,3.0,28.974,30.53,24.367,290.0,237.0,258.0,310.0,False,MEDIUM,12.0,False,McLaren,0 days 00:56:17.767000,1,FP2,32.1,23.7,30.4
NOR,1,84.814,17.0,3.0,29.245,30.794,24.775,286.0,235.0,258.0,306.0,False,MEDIUM,13.0,False,McLaren,0 days 00:57:41.638000,1,FP2,32.1,23.7,30.4
NOR,1,85.123,18.0,3.0,29.64,30.795,24.688,271.0,236.0,256.0,314.0,False,MEDIUM,14.0,False,McLaren,0 days 00:59:06.452000,1,FP2,31.6,23.8,30.1
NOR,1,85.38,19.0,3.0,29.494,31.131,24.755,280.0,234.0,258.0,307.0,False,MEDIUM,15.0,False,McLaren,0 days 01:00:31.575000,1,FP2,31.6,23.8,30.1
NOR,1,85.383,20.0,3.0,29.629,30.991,24.763,286.0,234.0,258.0,301.0,False,MEDIUM,16.0,False,McLaren,0 days 01:01:56.955000,1,FP2,31.6,23.8,30.1
NOR,1,85.295,21.0,3.0,29.428,31.026,24.841,284.0,233.0,255.0,306.0,False,MEDIUM,17.0,False,McLaren,0 days 01:03:22.338000,1,FP2,31.6,23.8,30.1
NOR,1,86.243,22.0,3.0,29.519,31.747,24.977,286.0,231.0,257.0,308.0,False,MEDIUM,18.0,False,McLaren,0 days 01:04:47.633000,1,FP2,31.6,23.8,30.1
NOR,1,83.719,25.0,4.0,28.803,30.797,24.119,287.0,238.0,261.0,308.0,False,SOFT,6.0,False,McLaren,0 days 01:09:27.973000,1,FP2,31.6,23.8,30.1
NOR,1,88.663,26.0,4.0,28.766,31.007,28.89,292.0,241.0,264.0,319.0,False,SOFT,7.0,False,McLaren,0 days 01:10:51.692000,1,FP2,31.6,23.8,30.1
NOR,1,82.751,27.0,4.0,28.726,30.147,23.878,287.0,239.0,261.0,310.0,False,SOFT,8.0,False,McLaren,0 days 01:12:20.355000,1,FP2,31.6,23.8,30.1
NOR,1,122.526,28.0,4.0,38.302,42.095,42.129,173.0,167.0,47.0,229.0,False,SOFT,9.0,False,McLaren,0 days 01:13:43.106000,1,FP2,31.6,23.8,30.1
NOR,1,128.513,29.0,4.0,60.044,32.742,35.727,243.0,227.0,51.0,258.0,False,SOFT,10.0,False,McLaren,0 days 01:15:45.632000,1,FP2,31.6,23.8,30.1
VER,3,80.409,2.0,1.0,28.235,29.016,23.158,290.0,247.0,260.0,318.0,True,MEDIUM,2.0,True,Red Bull Racing,0 days 00:19:25.774000,1,FP2,31.6,23.8,30.1
VER,3,124.645,3.0,1.0,50.884,46.719,27.042,124.0,197.0,263.0,195.0,False,MEDIUM,3.0,True,Red Bull Racing,0 days 00:20:46.183000,1,FP2,31.6,23.8,30.1
VER,3,80.173,4.0,1.0,28.029,29.152,22.992,288.0,247.0,257.0,317.0,True,MEDIUM,4.0,True,Red Bull Racing,0 days 00:22:50.828000,1,FP2,31.6,23.8,30.1
VER,3,79.421,7.0,2.0,27.827,28.636,22.958,289.0,249.0,259.0,318.0,True,SOFT,2.0,True,Red Bull Racing,0 days 00:36:56.244000,1,FP2,31.6,23.8,30.1
VER,3,84.735,10.0,3.0,29.525,30.929,24.281,277.0,239.0,257.0,312.0,False,MEDIUM,7.0,False,Red Bull Racing,0 days 00:52:56.470000,1,FP2,31.6,23.8,30.1
VER,3,84.14,11.0,3.0,29.339,30.747,24.054,281.0,238.0,258.0,306.0,False,MEDIUM,8.0,False,Red Bull Racing,0 days 00:54:21.205000,1,FP2,31.6,23.8,30.1
VER,3,84.11,12.0,3.0,29.608,30.596,23.906,289.0,240.0,259.0,310.0,False,MEDIUM,9.0,False,Red Bull Racing,0 days 00:55:45.345000,1,FP2,31.6,23.8,30.1
VER,3,83.879,13.0,3.0,29.262,30.668,23.949,282.0,240.0,262.0,309.0,False,MEDIUM,10.0,False,Red Bull Racing,0 days 00:57:09.455000,1,FP2,31.5,23.9,30.0
VER,3,85.373,14.0,3.0,29.142,31.492,24.739,287.0,237.0,261.0,310.0,False,MEDIUM,11.0,False,Red Bull Racing,0 days 00:58:33.334000,1,FP2,31.5,23.9,30.0
VER,3,87.479,15.0,3.0,29.25,30.907,27.322,278.0,241.0,226.0,328.0,False,MEDIUM,12.0,False,Red Bull Racing,0 days 00:59:58.707000,1,FP2,31.5,23.9,30.0
VER,3,86.179,16.0,3.0,30.463,31.233,24.483,276.0,234.0,258.0,294.0,False,MEDIUM,13.0,False,Red Bull Racing,0 days 01:01:26.186000,1,FP2,31.5,23.9,30.0
VER,3,83.747,19.0,4.0,29.023,30.797,23.927,290.0,242.0,264.0,319.0,False,SOFT,5.0,False,Red Bull Racing,0 days 01:06:09.511000,1,FP2,31.5,23.9,30.0
VER,3,83.547,20.0,4.0,28.91,30.715,23.922,283.0,237.0,261.0,332.0,False,SOFT,6.0,False,Red Bull Racing,0 days 01:07:33.258000,1,FP2,31.5,23.9,30.0
VER,3,84.081,21.0,4.0,29.1,30.724,24.257,288.0,241.0,260.0,313.0,False,SOFT,7.0,False,Red Bull Racing,0 days 01:08:56.805000,1,FP2,31.5,23.9,30.0
VER,3,85.414,22.0,4.0,29.015,31.41,24.989,294.0,238.0,258.0,316.0,False,SOFT,8.0,False,Red Bull Racing,0 days 01:10:20.886000,1,FP2,31.5,23.9,30.0
VER,3,85.256,23.0,4.0,29.457,31.698,24.101,285.0,239.0,261.0,312.0,False,SOFT,9.0,False,Red Bull Racing,0 days 01:11:46.300000,1,FP2,31.6,23.9,30.0
VER,3,84.141,24.0,4.0,29.132,30.822,24.187,285.0,243.0,259.0,310.0,False,SOFT,10.0,False,Red Bull Racing,0 days 01:13:11.556000,1,FP2,31.6,23.9,30.0
VER,3,148.091,25.0,4.0,36.179,36.411,75.501,196.0,208.0,153.0,205.0,False,SOFT,11.0,False,Red Bull Racing,0 days 01:14:35.697000,1,FP2,31.6,23.9,30.0
VER,3,138.592,26.0,4.0,30.819,37.151,70.622,226.0,222.0,61.0,278.0,False,SOFT,12.0,False,Red Bull Racing,0 days 01:17:03.788000,1,FP2,31.6,23.9,30.0
BOR,5,81.876,2.0,1.0,28.52,29.729,23.627,299.0,240.0,254.0,321.0,True,HARD,2.0,True,Audi,0 days 00:15:37.444000,1,FP2,31.6,23.9,30.0
BOR,5,123.442,3.0,1.0,43.603,46.638,33.201,122.0,118.0,263.0,247.0,False,HARD,3.0,True,Audi,0 days 00:16:59.320000,1,FP2,31.6,23.9,30.0
BOR,5,84.711,4.0,1.0,28.505,30.449,25.757,292.0,236.0,259.0,318.0,False,HARD,4.0,True,Audi,0 days 00:19:02.762000,1,FP2,31.6,23.9,30.0
BOR,5,81.632,7.0,2.0,28.439,29.704,23.489,292.0,239.0,251.0,318.0,True,HARD,7.0,False,Audi,0 days 00:24:32.334000,1,FP2,31.6,23.9,30.0
BOR,5,102.627,12.0,4.0,34.213,38.127,30.287,213.0,156.0,265.0,319.0,False,SOFT,2.0,True,Audi,0 days 00:48:54.301000,1,FP2,31.1,23.9,29.5
BOR,5,82.264,13.0,4.0,29.263,29.783,23.218,295.0,241.0,252.0,320.0,False,SOFT,3.0,True,Audi,0 days 00:50:36.928000,1,FP2,31.1,23.9,29.5
BOR,5,80.474,16.0,5.0,28.225,29.191,23.058,279.0,248.0,256.0,319.0,True,SOFT,6.0,False,Audi,0 days 00:56:29.531000,1,FP2,31.1,23.9,29.5
BOR,5,85.242,19.0,6.0,29.463,31.612,24.167,287.0,232.0,259.0,314.0,False,HARD,12.0,False,Audi,0 days 01:05:18.950000,1,FP2,31.1,23.9,29.5
BOR,5,85.971,20.0,6.0,29.582,31.962,24.427,281.0,228.0,257.0,310.0,False,HARD,13.0,False,Audi,0 days 01:06:44.192000,1,FP2,31.3,23.9,30.0
BOR,5,85.151,21.0,6.0,29.472,31.228,24.451,277.0,231.0,255.0,310.0,False,HARD,14.0,False,Audi,0 days 01:08:10.163000,1,FP2,31.3,23.9,30.0
BOR,5,86.039,22.0,6.0,29.714,31.63,24.695,279.0,229.0,254.0,309.0,False,HARD,15.0,False,Audi,0 days 01:09:35.314000,1,FP2,31.3,23.9,30.0
BOR,5,86.091,23.0,6.0,29.526,31.705,24.86,277.0,228.0,255.0,313.0,False,HARD,16.0,False,Audi,0 days 01:11:01.353000,1,FP2,31.3,23.9,30.0
BOR,5,86.285,24.0,6.0,29.79,31.753,24.742,281.0,229.0,256.0,307.0,False,HARD,17.0,False,Audi,0 days 01:12:27.444000,1,FP2,31.3,23.9,30.0
BOR,5,107.477,26.0,6.0,32.584,35.657,39.236,268.0,170.0,52.0,268.0,False,HARD,19.0,False,Audi,0 days 01:16:49.622000,1,FP2,31.3,23.9,30.0
HAD,6,100.26,2.0,1.0,28.612,41.849,29.799,300.0,122.0,263.0,314.0,True,MEDIUM,2.0,True,Red Bull Racing,0 days 00:18:05.985000,1,FP2,31.3,23.9,30.0
HAD,6,80.704,3.0,1.0,28.223,29.228,23.253,290.0,244.0,251.0,318.0,True,MEDIUM,3.0,True,Red Bull Racing,0 days 00:19:46.245000,1,FP2,31.3,23.9,30.0
HAD,6,140.113,4.0,1.0,54.701,55.528,29.884,132.0,147.0,261.0,174.0,True,MEDIUM,4.0,True,Red Bull Racing,0 days 00:21:06.949000,1,FP2,31.3,23.9,30.0
HAD,6,79.8,7.0,2.0,27.981,28.794,23.025,291.0,243.0,250.0,319.0,True,SOFT,2.0,True,Red Bull Racing,0 days 00:37:16.492000,1,FP2,31.3,23.9,30.0
HAD,6,128.021,8.0,2.0,51.127,45.784,31.11,161.0,164.0,188.0,174.0,False,SOFT,3.0,True,Red Bull Racing,0 days 00:38:36.292000,12,FP2,31.3,23.9,30.0
HAD,6,100.545,11.0,3.0,35.537,32.834,32.174,221.0,212.0,261.0,260.0,False,SOFT,6.0,False,Red Bull Racing,0 days 00:59:34.725000,1,FP2,31.3,23.9,30.0
HAD,6,84.942,14.0,4.0,29.33,31.333,24.279,285.0,237.0,260.0,325.0,False,MEDIUM,7.0,False,Red Bull Racing,0 days 01:09:00.670000,1,FP2,31.3,23.9,30.0
HAD,6,84.577,15.0,4.0,29.172,31.05,24.355,295.0,236.0,260.0,314.0,False,MEDIUM,8.0,False,Red Bull Racing,0 days 01:10:25.612000,1,FP2,31.3,23.9,30.0
HAD,6,85.215,16.0,4.0,29.145,31.666,24.404,297.0,237.0,261.0,322.0,False,MEDIUM,9.0,False,Red Bull Racing,0 days 01:11:50.189000,1,FP2,31.3,23.9,30.0
HAD,6,88.701,17.0,4.0,29.654,33.338,25.709,273.0,218.0,258.0,322.0,False,MEDIUM,10.0,False,Red Bull Racing,0 days 01:13:15.404000,1,FP2,31.3,23.9,30.0
HAD,6,138.295,19.0,4.0,32.34,36.977,68.978,269.0,195.0,84.0,264.0,False,MEDIUM,12.0,False,Red Bull Racing,0 days 01:17:24.792000,1,FP2,31.3,23.9,30.0
GAS,10,83.051,2.0,1.0,28.8,30.143,24.108,293.0,239.0,253.0,321.0,True,MEDIUM,2.0,True,Alpine,0 days 00:15:13.867000,1,FP2,31.5,23.8,29.9
GAS,10,129.868,3.0,1.0,50.24,47.816,31.812,97.0,153.0,187.0,232.0,False,MEDIUM,3.0,True,Alpine,0 days 00:16:36.918000,1,FP2,31.5,23.8,29.9
GAS,10,108.786,4.0,1.0,38.009,40.379,30.398,229.0,165.0,263.0,226.0,False,MEDIUM,4.0,True,Alpine,0 days 00:18:46.786000,1,FP2,31.5,23.8,29.9
GAS,10,82.132,5.0,1.0,28.586,29.923,23.623,296.0,238.0,252.0,322.0,True,MEDIUM,5.0,True,Alpine,0 days 00:20:35.572000,1,FP2,31.5,23.8,29.9
GAS,10,81.405,10.0,3.0,28.499,29.5,23.406,289.0,247.0,245.0,324.0,True,SOFT,2.0,True,Alpine,0 days 00:49:57.010000,1,FP2,30.9,23.9,30.1
GAS,10,138.976,11.0,3.0,50.222,53.145,35.609,152.0,156.0,183.0,275.0,False,SOFT,3.0,True,Alpine,0 days 00:51:18.415000,1,FP2,30.9,23.9,30.1
GAS,10,95.393,12.0,3.0,35.32,34.811,25.262,239.0,218.0,265.0,245.0,False,SOFT,4.0,True,Alpine,0 days 00:53:37.391000,1,FP2,30.9,23.9,30.1
GAS,10,80.816,13.0,3.0,28.07,29.429,23.317,293.0,246.0,251.0,324.0,True,SOFT,5.0,True,Alpine,0 days 00:55:12.784000,1,FP2,30.9,23.9,30.1
GAS,10,86.387,16.0,4.0,29.684,32.089,24.614,284.0,228.0,256.0,298.0,False,MEDIUM,10.0,False,Alpine,0 days 01:04:56.493000,1,FP2,30.9,23.9,30.1
GAS,10,86.053,17.0,4.0,29.571,31.873,24.609,284.0,228.0,258.0,301.0,False,MEDIUM,11.0,False,Alpine,0 days 01:06:22.880000,1,FP2,30.9,23.9,30.1
GAS,10,85.926,18.0,4.0,29.609,31.704,24.613,284.0,228.0,255.0,303.0,False,MEDIUM,12.0,False,Alpine,0 days 01:07:48.933000,1,FP2,30.9,23.9,30.1
GAS,10,86.163,19.0,4.0,29.661,31.754,24.748,283.0,228.0,257.0,305.0,False,MEDIUM,13.0,False,Alpine,0 days 01:09:14.859000,1,FP2,30.9,23.9,30.1
GAS,10,86.766,20.0,4.0,29.536,32.186,25.044,285.0,226.0,255.0,313.0,False,MEDIUM,14.0,False,Alpine,0 days 01:10:41.022000,1,FP2,30.9,23.9,30.1
GAS,10,86.842,21.0,4.0,29.616,32.269,24.957,291.0,225.0,255.0,315.0,False,MEDIUM,15.0,False,Alpine,0 days 01:12:07.788000,1,FP2,30.9,23.9,30.1
GAS,10,115.317,22.0,4.0,37.299,41.327,36.691,183.0,197.0,48.0,316.0,False,MEDIUM,16.0,False,Alpine,0 days 01:13:34.630000,1,FP2,31.1,23.9,30.7
GAS,10,141.064,23.0,4.0,61.029,42.443,37.592,180.0,199.0,87.0,261.0,False,MEDIUM,17.0,False,Alpine,0 days 01:15:29.947000,1,FP2,31.1,23.9,30.7
PER,11,88.782,2.0,1.0,29.027,30.386,29.369,293.0,240.0,232.0,317.0,True,MEDIUM,2.0,True,Cadillac,0 days 00:15:17.594000,1,FP2,31.1,23.9,30.7
PER,11,122.058,3.0,1.0,42.88,49.35,29.828,135.0,164.0,259.0,305.0,True,MEDIUM,3.0,True,Cadillac,0 days 00:16:46.376000,1,FP2,31.1,23.9,30.7
PER,11,83.08,4.0,1.0,28.865,30.465,23.75,293.0,242.0,255.0,314.0,True,MEDIUM,4.0,True,Cadillac,0 days 00:18:48.434000,1,FP2,31.1,23.9,30.7
PER,11,124.117,5.0,1.0,42.867,48.438,32.812,173.0,144.0,201.0,244.0,False,MEDIUM,5.0,True,Cadillac,0 days 00:20:11.514000,1,FP2,31.1,23.9,30.7
PER,11,128.476,6.0,1.0,45.872,53.684,28.92,141.0,125.0,261.0,264.0,False,MEDIUM,6.0,True,Cadillac,0 days 00:22:15.631000,1,FP2,31.1,23.9,30.7
PER,11,82.931,7.0,1.0,28.926,30.316,23.689,294.0,242.0,255.0,317.0,True,MEDIUM,7.0,True,Cadillac,0 days 00:24:24.107000,1,FP2,31.1,23.9,30.7
PER,11,81.792,10.0,2.0,28.436,29.833,23.523,286.0,247.0,256.0,318.0,True,SOFT,2.0,True,Cadillac,0 days 00:37:32.905000,1,FP2,31.1,23.9,30.7
PER,11,82.297,13.0,3.0,28.758,30.06,23.479,292.0,237.0,254.0,318.0,False,SOFT,5.0,False,Cadillac,0 days 00:50:00.933000,1,FP2,31.1,23.9,30.7
PER,11,86.016,16.0,4.0,29.904,31.771,24.341,272.0,229.0,254.0,306.0,False,MEDIUM,10.0,False,Cadillac,0 days 01:00:06.137000,1,FP2,31.1,23.9,30.7
PER,11,87.142,17.0,4.0,29.825,32.314,25.003,274.0,224.0,254.0,306.0,False,MEDIUM,11.0,False,Cadillac,0 days 01:01:32.153000,1,FP2,31.1,23.9,30.7
PER,11,87.714,18.0,4.0,30.12,32.494,25.1,271.0,234.0,256.0,312.0,False,MEDIUM,12.0,False,Cadillac,0 days 01:02:59.295000,1,FP2,31.1,23.9,30.7
PER,11,87.677,19.0,4.0,29.97,32.571,25.136,271.0,228.0,255.0,319.0,False,MEDIUM,13.0,False,Cadillac,0 days 01:04:27.009000,1,FP2,31.1,23.9,30.7
PER,11,87.832,20.0,4.0,30.135,32.563,25.134,275.0,231.0,254.0,317.0,False,MEDIUM,14.0,False,Cadillac,0 days 01:05:54.686000,1,FP2,31.1,23.9,30.7
PER,11,87.809,21.0,4.0,30.22,32.489,25.1,273.0,230.0,255.0,306.0,False,MEDIUM,15.0,False,Cadillac,0 days 01:07:22.518000,1,FP2,31.1,23.9,30.7
PER,11,87.744,22.0,4.0,30.169,32.418,25.157,276.0,230.0,253.0,308.0,False,MEDIUM,16.0,False,Cadillac,0 days 01:08:50.327000,1,FP2,30.8,23.8,30.6
PER,11,88.118,23.0,4.0,30.208,32.548,25.362,278.0,227.0,251.0,309.0,False,MEDIUM,17.0,False,Cadillac,0 days 01:10:18.071000,1,FP2,30.8,23.8,30.6
PER,11,92.222,24.0,4.0,32.032,34.896,25.294,268.0,232.0,255.0,311.0,False,MEDIUM,18.0,False,Cadillac,0 days 01:11:46.189000,1,FP2,30.8,23.8,30.6
PER,11,87.868,25.0,4.0,30.023,32.653,25.192,290.0,227.0,253.0,308.0,False,MEDIUM,19.0,False,Cadillac,0 days 01:13:18.411000,1,FP2,30.8,23.8,30.6
PER,11,120.02,26.0,4.0,39.4,41.472,39.148,142.0,199.0,36.0,307.0,False,MEDIUM,20.0,False,Cadillac,0 days 01:14:46.279000,1,FP2,30.8,23.8,30.6
ANT,12,82.002,2.0,1.0,28.464,29.935,23.603,290.0,245.0,252.0,321.0,True,MEDIUM,2.0,True,Mercedes,0 days 00:17:04.116000,1,FP2,30.4,23.9,30.3
ANT,12,117.347,3.0,1.0,43.279,45.96,28.108,93.0,178.0,262.0,219.0,False,MEDIUM,3.0,True,Mercedes,0 days 00:18:26.118000,1,FP2,30.4,23.9,30.3
ANT,12,81.421,4.0,1.0,28.425,29.594,23.402,291.0,248.0,254.0,322.0,True,MEDIUM,4.0,True,Mercedes,0 days 00:20:23.465000,1,FP2,30.4,23.9,30.3
ANT,12,81.027,7.0,2.0,28.185,29.619,23.223,288.0,247.0,252.0,322.0,True,MEDIUM,7.0,False,Mercedes,0 days 00:25:57.879000,1,FP2,30.4,23.9,30.3
ANT,12,80.693,10.0,3.0,28.061,29.327,23.305,289.0,247.0,250.0,322.0,True,MEDIUM,10.0,False,Mercedes,0 days 00:31:10.852000,1,FP2,30.4,23.9,30.3
ANT,12,85.205,17.0,6.0,29.443,31.408,24.354,283.0,227.0,260.0,306.0,False,MEDIUM,13.0,False,Mercedes,0 days 00:57:44.948000,1,FP2,30.8,23.8,30.1
ANT,12,83.736,20.0,7.0,29.117,30.888,23.731,286.0,235.0,262.0,303.0,False,SOFT,6.0,False,Mercedes,0 days 01:02:23.263000,1,FP2,30.8,23.8,30.1
ANT,12,83.723,21.0,7.0,29.08,30.817,23.826,288.0,235.0,261.0,301.0,False,SOFT,7.0,False,Mercedes,0 days 01:03:46.999000,1,FP2,30.8,23.8,30.1
ANT,12,83.917,22.0,7.0,29.176,30.929,23.812,288.0,234.0,261.0,303.0,False,SOFT,8.0,False,Mercedes,0 days 01:05:10.722000,1,FP2,30.8,23.8,30.1
ANT,12,84.025,23.0,7.0,29.213,30.87,23.942,284.0,231.0,261.0,306.0,False,SOFT,9.0,False,Mercedes,0 days 01:06:34.639000,1,FP2,30.8,23.8,30.1
ANT,12,84.106,24.0,7.0,29.114,30.962,24.03,288.0,231.0,262.0,301.0,False,SOFT,10.0,False,Mercedes,0 days 01:07:58.664000,1,FP2,30.8,23.8,30.1
ANT,12,88.316,25.0,7.0,32.227,32.127,23.962,264.0,233.0,262.0,306.0,False,SOFT,11.0,False,Mercedes,0 days 01:09:22.770000,1,FP2,30.8,23.8,30.1
ANT,12,84.172,26.0,7.0,29.143,30.827,24.202,287.0,232.0,261.0,306.0,False,SOFT,12.0,False,Mercedes,0 days 01:10:51.086000,1,FP2,30.8,23.8,30.1
ANT,12,85.86,27.0,7.0,29.29,31.946,24.624,288.0,230.0,262.0,310.0,False,SOFT,13.0,False,Mercedes,0 days 01:12:15.258000,1,FP2,30.8,23.8,30.1
ANT,12,134.395,28.0,7.0,34.764,43.204,56.427,172.0,166.0,6.0,314.0,False,SOFT,14.0,False,Mercedes,0 days 01:13:41.118000,1,FP2,30.8,23.8,30.1
ANT,12,138.271,29.0,7.0,62.342,38.778,37.151,176.0,181.0,53.0,254.0,False,SOFT,15.0,False,Mercedes,0 days 01:15:55.513000,1,FP2,30.8,23.8,30.1
ALO,14,104.102,2.0,1.0,34.617,36.135,33.35,250.0,136.0,247.0,259.0,True,MEDIUM,2.0,True,Aston Martin,0 days 00:18:34.780000,1,FP2,30.1,23.7,30.5
ALO,14,83.048,3.0,1.0,29.467,30.035,23.546,274.0,240.0,246.0,303.0,True,MEDIUM,3.0,True,Aston Martin,0 days 00:20:18.882000,1,FP2,30.1,23.7,30.5
ALO,14,111.527,4.0,1.0,39.62,40.392,31.515,240.0,186.0,251.0,157.0,False,MEDIUM,4.0,True,Aston Martin,0 days 00:21:41.930000,1,FP2,30.1,23.7,30.5
ALO,14,82.483,5.0,1.0,29.213,29.804,23.466,276.0,241.0,248.0,305.0,True,MEDIUM,5.0,True,Aston Martin,0 days 00:23:33.457000,1,FP2,30.1,23.7,30.5
ALO,14,113.573,6.0,1.0,40.64,43.745,29.188,227.0,188.0,251.0,177.0,False,MEDIUM,6.0,True,Aston Martin,0 days 00:24:55.940000,1,FP2,30.1,23.7,30.5
ALO,14,82.375,7.0,1.0,28.966,29.805,23.604,276.0,244.0,239.0,307.0,True,MEDIUM,7.0,True,Aston Martin,0 days 00:26:49.513000,1,FP2,30.1,23.7,30.5
ALO,14,81.719,11.0,3.0,28.691,29.543,23.485,282.0,245.0,246.0,308.0,True,SOFT,3.0,False,Aston Martin,0 days 00:49:12.765000,1,FP2,30.6,23.6,30.5
ALO,14,109.676,12.0,3.0,42.66,37.127,29.889,247.0,202.0,254.0,119.0,False,SOFT,4.0,False,Aston Martin,0 days 00:50:34.484000,1,FP2,30.6,23.6,30.5
ALO,14,81.348,13.0,3.0,28.566,29.286,23.496,283.0,244.0,243.0,309.0,False,SOFT,5.0,False,Aston Martin,0 days 00:52:24.160000,1,FP2,30.6,23.6,30.5
ALO,14,118.826,14.0,3.0,39.227,50.435,29.164,240.0,213.0,251.0,263.0,False,SOFT,6.0,False,Aston Martin,0 days 00:53:45.508000,1,FP2,30.6,23.6,30.5
ALO,14,89.16,17.0,4.0,30.901,32.069,26.19,257.0,226.0,249.0,283.0,False,SOFT,9.0,False,Aston Martin,0 days 01:06:09.444000,1,FP2,30.0,23.7,30.3
ALO,14,87.45,18.0,4.0,30.387,32.368,24.695,263.0,227.0,252.0,294.0,False,SOFT,10.0,False,Aston Martin,0 days 01:07:38.604000,1,FP2,31.5,23.8,30.6
ALO,14,89.594,19.0,4.0,30.15,32.267,27.177,266.0,227.0,253.0,305.0,False,SOFT,11.0,False,Aston Martin,0 days 01:09:06.054000,1,FP2,31.5,23.8,30.6
ALO,14,86.777,20.0,4.0,30.094,32.003,24.68,265.0,227.0,252.0,294.0,False,SOFT,12.0,False,Aston Martin,0 days 01:10:35.648000,1,FP2,31.2,23.6,30.3
ALO,14,86.408,21.0,4.0,30.078,31.662,24.668,267.0,229.0,250.0,291.0,False,SOFT,13.0,False,Aston Martin,0 days 01:12:02.425000,1,FP2,31.2,23.6,30.3
ALO,14,105.097,22.0,4.0,32.191,36.012,36.894,224.0,190.0,59.0,297.0,False,SOFT,14.0,False,Aston Martin,0 days 01:13:28.833000,1,FP2,31.2,23.6,30.3
ALO,14,131.448,23.0,4.0,61.241,36.251,33.956,202.0,210.0,65.0,251.0,False,SOFT,15.0,False,Aston Martin,0 days 01:15:13.930000,1,FP2,31.2,23.6,30.3
LEC,16,80.103,2.0,1.0,28.03,29.134,22.939,297.0,251.0,263.0,320.0,True,MEDIUM,2.0,True,Ferrari,0 days 00:15:44.911000,1,FP2,30.5,23.5,30.0
LEC,16,124.811,3.0,1.0,48.553,45.923,30.335,132.0,205.0,264.0,255.0,False,MEDIUM,3.0,True,Ferrari,0 days 00:17:05.014000,1,FP2,30.5,23.5,30.0
LEC,16,101.541,4.0,1.0,32.802,39.582,29.157,246.0,138.0,266.0,318.0,False,MEDIUM,4.0,True,Ferrari,0 days 00:19:09.825000,1,FP2,30.5,23.5,30.0
LEC,16,79.72,5.0,1.0,27.998,28.889,22.833,299.0,252.0,258.0,319.0,True,MEDIUM,5.0,True,Ferrari,0 days 00:20:51.366000,1,FP2,30.5,23.5,30.0
LEC,16,112.128,6.0,1.0,40.308,43.754,28.066,158.0,143.0,266.0,280.0,False,MEDIUM,6.0,True,Ferrari,0 days 00:22:11.086000,1,FP2,30.5,23.5,30.0
LEC,16,94.997,7.0,1.0,30.318,38.825,25.854,223.0,170.0,265.0,318.0,False,MEDIUM,7.0,True,Ferrari,0 days 00:24:03.214000,1,FP2,30.5,23.5,30.0
LEC,16,79.726,8.0,1.0,27.97,28.814,22.942,298.0,250.0,261.0,318.0,False,MEDIUM,8.0,True,Ferrari,0 days 00:25:38.211000,1,FP2,30.6,23.4,30.0
LEC,16,114.737,9.0,1.0,41.316,45.877,27.544,153.0,146.0,264.0,276.0,False,MEDIUM,9.0,True,Ferrari,0 days 00:26:57.937000,1,FP2,30.6,23.4,30.0
LEC,16,93.543,10.0,1.0,32.904,35.798,24.841,213.0,208.0,266.0,320.0,False,MEDIUM,10.0,True,Ferrari,0 days 00:28:52.674000,1,FP2,30.6,23.4,30.0
LEC,16,90.036,15.0,3.0,30.277,34.258,25.501,241.0,129.0,265.0,302.0,False,SOFT,4.0,False,Ferrari,0 days 00:50:14.408000,1,FP2,30.6,23.4,30.0
LEC,16,78.877,16.0,3.0,27.689,28.492,22.696,293.0,254.0,261.0,324.0,True,SOFT,5.0,False,Ferrari,0 days 00:51:44.444000,1,FP2,30.6,23.4,30.0
LEC,16,83.708,19.0,4.0,29.053,30.731,23.924,276.0,234.0,257.0,307.0,False,SOFT,8.0,False,Ferrari,0 days 01:01:51.301000,1,FP2,30.6,23.4,30.0
LEC,16,83.755,20.0,4.0,29.279,30.678,23.798,276.0,237.0,256.0,306.0,False,SOFT,9.0,False,Ferrari,0 days 01:03:15.009000,1,FP2,30.6,23.4,30.0
LEC,16,86.038,21.0,4.0,29.298,31.112,25.628,281.0,234.0,255.0,306.0,False,SOFT,10.0,False,Ferrari,0 days 01:04:38.764000,1,FP2,30.6,23.4,30.0
LEC,16,84.219,22.0,4.0,29.386,30.736,24.097,276.0,236.0,255.0,306.0,False,SOFT,11.0,False,Ferrari,0 days 01:06:04.802000,1,FP2,30.2,23.3,30.1
LEC,16,86.152,23.0,4.0,29.569,31.59,24.993,285.0,232.0,254.0,316.0,False,SOFT,12.0,False,Ferrari,0 days 01:07:29.021000,1,FP2,30.2,23.3,30.1
LEC,16,84.944,24.0,4.0,29.409,31.258,24.277,277.0,233.0,254.0,323.0,False,SOFT,13.0,False,Ferrari,0 days 01:08:55.173000,1,FP2,30.3,23.4,31.0
LEC,16,86.472,25.0,4.0,29.354,31.681,25.437,282.0,226.0,259.0,308.0,False,SOFT,14.0,False,Ferrari,0 days 01:10:20.117000,1,FP2,30.3,23.4,31.0
LEC,16,87.106,26.0,4.0,29.791,31.509,25.806,282.0,232.0,257.0,326.0,False,SOFT,15.0,False,Ferrari,0 days 01:11:46.589000,1,FP2,30.3,23.4,31.0
LEC,16,84.302,27.0,4.0,29.345,30.884,24.073,280.0,238.0,255.0,310.0,False,SOFT,16.0,False,Ferrari,0 days 01:13:13.695000,1,FP2,30.3,23.4,31.0
LEC,16,140.749,29.0,4.0,34.467,38.528,67.754,177.0,170.0,118.0,277.0,False,SOFT,18.0,False,Ferrari,0 days 01:17:09.514000,1,FP2,30.3,23.4,31.0
ALB,23,83.731,2.0,1.0,28.906,30.071,24.754,289.0,240.0,256.0,319.0,True,HARD,2.0,True,Williams,0 days 00:16:19.807000,1,FP2,30.1,23.4,30.7
ALB,23,129.267,3.0,1.0,48.503,48.585,32.179,234.0,184.0,262.0,200.0,False,HARD,3.0,True,Williams,0 days 00:17:43.538000,1,FP2,30.1,23.4,30.7
ALB,23,100.586,4.0,1.0,28.97,41.497,30.119,286.0,159.0,230.0,319.0,False,HARD,4.0,True,Williams,0 days 00:19:52.805000,1,FP2,30.1,23.4,30.7
ALB,23,99.344,5.0,1.0,35.147,38.022,26.175,248.0,210.0,265.0,269.0,False,HARD,5.0,True,Williams,0 days 00:21:33.391000,1,FP2,30.1,23.4,30.7
ALB,23,99.542,6.0,1.0,28.788,37.573,33.181,292.0,145.0,262.0,318.0,False,HARD,6.0,True,Williams,0 days 00:23:12.735000,1,FP2,30.1,23.4,30.7
ALB,23,99.764,7.0,1.0,28.817,40.045,30.902,291.0,152.0,186.0,307.0,False,HARD,7.0,True,Williams,0 days 00:24:52.277000,1,FP2,30.1,23.4,30.7
ALB,23,108.874,8.0,1.0,36.402,45.944,26.528,237.0,206.0,262.0,218.0,False,HARD,8.0,True,Williams,0 days 00:26:32.041000,1,FP2,30.1,23.4,30.7
ALB,23,82.765,9.0,1.0,28.695,30.102,23.968,289.0,236.0,256.0,319.0,True,HARD,9.0,True,Williams,0 days 00:28:20.915000,1,FP2,30.1,23.4,30.7
ALB,23,111.543,10.0,1.0,42.259,43.04,26.244,178.0,182.0,262.0,244.0,False,HARD,10.0,True,Williams,0 days 00:29:43.680000,1,FP2,30.1,23.4,30.7
ALB,23,82.997,11.0,1.0,28.584,30.342,24.071,292.0,240.0,254.0,319.0,False,HARD,11.0,True,Williams,0 days 00:31:35.223000,1,FP2,30.1,23.4,30.7
ALB,23,80.973,14.0,2.0,28.137,29.38,23.456,292.0,245.0,257.0,320.0,True,SOFT,2.0,True,Williams,0 days 00:37:57.424000,1,FP2,29.7,23.4,30.6
ALB,23,87.064,17.0,3.0,29.878,32.023,25.163,276.0,222.0,252.0,313.0,False,HARD,14.0,False,Williams,0 days 00:52:43.930000,1,FP2,29.7,23.4,30.6
ALB,23,87.066,18.0,3.0,30.035,32.032,24.999,271.0,227.0,252.0,307.0,False,HARD,15.0,False,Williams,0 days 00:54:10.994000,1,FP2,29.7,23.4,30.6
ALB,23,87.002,19.0,3.0,30.054,31.926,25.022,276.0,227.0,252.0,302.0,False,HARD,16.0,False,Williams,0 days 00:55:38.060000,1,FP2,29.7,23.4,30.6
ALB,23,86.879,20.0,3.0,30.053,31.957,24.869,275.0,227.0,255.0,310.0,False,HARD,17.0,False,Williams,0 days 00:57:05.062000,1,FP2,29.7,23.4,30.6
ALB,23,86.576,21.0,3.0,29.882,31.888,24.806,275.0,231.0,256.0,312.0,False,HARD,18.0,False,Williams,0 days 00:58:31.941000,1,FP2,30.3,23.3,31.0
ALB,23,88.57,22.0,3.0,30.415,32.849,25.306,280.0,217.0,254.0,309.0,False,HARD,19.0,False,Williams,0 days 00:59:58.517000,1,FP2,30.3,23.3,31.0
ALB,23,91.061,23.0,3.0,31.338,33.067,26.656,276.0,164.0,254.0,320.0,False,HARD,20.0,False,Williams,0 days 01:01:27.087000,1,FP2,30.3,23.3,31.0
ALB,23,87.38,24.0,3.0,30.051,32.299,25.03,276.0,229.0,253.0,314.0,False,HARD,21.0,False,Williams,0 days 01:02:58.148000,1,FP2,30.3,23.3,31.0
ALB,23,87.49,25.0,3.0,29.968,32.486,25.036,280.0,222.0,256.0,315.0,False,HARD,22.0,False,Williams,0 days 01:04:25.528000,1,FP2,30.3,23.3,31.0
ALB,23,87.362,26.0,3.0,29.833,32.312,25.217,282.0,225.0,255.0,314.0,False,HARD,23.0,False,Williams,0 days 01:05:53.018000,1,FP2,30.3,23.3,31.0
ALB,23,87.734,27.0,3.0,30.005,32.476,25.253,281.0,222.0,254.0,315.0,False,HARD,24.0,False,Williams,0 days 01:07:20.380000,1,FP2,30.3,23.3,31.0
ALB,23,87.9,28.0,3.0,30.163,32.562,25.175,279.0,223.0,254.0,311.0,False,HARD,25.0,False,Williams,0 days 01:08:48.114000,1,FP2,30.3,23.3,31.0
ALB,23,110.213,31.0,4.0,30.62,43.887,35.706,180.0,160.0,65.0,315.0,False,SOFT,5.0,False,Williams,0 days 01:13:31.823000,1,FP2,30.3,23.3,31.0
ALB,23,142.749,32.0,4.0,57.08,33.495,52.174,256.0,222.0,94.0,258.0,False,SOFT,6.0,False,Williams,0 days 01:15:22.036000,1,FP2,30.3,23.3,31.0
HUL,27,81.788,2.0,1.0,28.367,29.576,23.845,300.0,244.0,258.0,323.0,True,HARD,2.0,True,Audi,0 days 00:15:24.967000,1,FP2,30.3,23.3,31.0
HUL,27,127.671,3.0,1.0,44.247,51.595,31.829,94.0,159.0,264.0,251.0,False,HARD,3.0,True,Audi,0 days 00:16:46.755000,1,FP2,29.6,23.4,30.5
HUL,27,107.427,4.0,1.0,28.597,45.398,33.432,297.0,144.0,265.0,318.0,False,HARD,4.0,True,Audi,0 days 00:18:54.426000,1,FP2,29.6,23.4,30.5
HUL,27,81.173,5.0,1.0,28.349,29.448,23.376,294.0,249.0,254.0,320.0,True,HARD,5.0,True,Audi,0 days 00:20:41.853000,1,FP2,29.6,23.4,30.5
HUL,27,114.718,6.0,1.0,34.979,45.268,34.471,166.0,146.0,185.0,278.0,False,HARD,6.0,True,Audi,0 days 00:22:03.026000,1,FP2,29.6,23.4,30.5
HUL,27,106.294,7.0,1.0,39.133,40.376,26.785,176.0,220.0,265.0,250.0,False,HARD,7.0,True,Audi,0 days 00:23:57.744000,1,FP2,29.6,23.4,30.5
HUL,27,81.067,8.0,1.0,28.251,29.228,23.588,293.0,247.0,254.0,320.0,True,HARD,8.0,True,Audi,0 days 00:25:44.038000,1,FP2,29.6,23.4,30.5
HUL,27,80.141,11.0,2.0,27.926,29.029,23.186,290.0,251.0,257.0,319.0,True,SOFT,2.0,True,Audi,0 days 00:36:48.870000,1,FP2,29.6,23.4,30.5
HUL,27,80.125,15.0,4.0,28.06,28.903,23.162,292.0,254.0,254.0,320.0,True,SOFT,6.0,False,Audi,0 days 00:49:47.275000,1,FP2,29.5,23.5,30.0
HUL,27,85.682,18.0,5.0,29.674,31.563,24.445,267.0,233.0,256.0,326.0,False,SOFT,9.0,False,Audi,0 days 00:59:39.134000,1,FP2,29.5,23.5,30.0
HUL,27,85.374,19.0,5.0,29.631,31.229,24.514,279.0,230.0,258.0,302.0,False,SOFT,10.0,False,Audi,0 days 01:01:04.816000,1,FP2,29.5,23.5,30.0
HUL,27,85.593,20.0,5.0,29.599,31.376,24.618,282.0,220.0,257.0,306.0,False,SOFT,11.0,False,Audi,0 days 01:02:30.190000,1,FP2,29.5,23.5,30.0
HUL,27,85.316,21.0,5.0,29.554,31.25,24.512,285.0,232.0,260.0,302.0,False,SOFT,12.0,False,Audi,0 days 01:03:55.783000,1,FP2,29.5,23.5,30.0
HUL,27,85.47,22.0,5.0,29.567,31.365,24.538,287.0,235.0,260.0,302.0,False,SOFT,13.0,False,Audi,0 days 01:05:21.099000,1,FP2,29.5,23.5,30.0
HUL,27,85.064,23.0,5.0,29.315,31.131,24.618,289.0,234.0,255.0,315.0,False,SOFT,14.0,False,Audi,0 days 01:06:46.569000,1,FP2,29.5,23.5,30.0
HUL,27,85.28,24.0,5.0,29.378,31.38,24.522,282.0,232.0,260.0,314.0,False,SOFT,15.0,False,Audi,0 days 01:08:11.633000,1,FP2,29.5,23.5,30.0
HUL,27,84.362,27.0,6.0,29.23,30.944,24.188,274.0,234.0,260.0,325.0,False,HARD,11.0,False,Audi,0 days 01:12:49.265000,1,FP2,30.1,23.7,29.0
HUL,27,110.03,28.0,6.0,29.703,35.726,44.601,278.0,178.0,50.0,303.0,False,HARD,12.0,False,Audi,0 days 01:14:13.627000,1,FP2,30.1,23.7,29.0
HUL,27,137.074,29.0,6.0,55.517,40.774,40.783,244.0,168.0,47.0,259.0,False,HARD,13.0,False,Audi,0 days 01:16:03.657000,1,FP2,30.1,23.7,29.0
LAW,30,82.0,2.0,1.0,28.76,29.79,23.45,299.0,250.0,258.0,319.0,True,HARD,2.0,True,Racing Bulls,0 days 00:15:31.673000,1,FP2,30.1,23.7,29.0
LAW,30,81.467,5.0,2.0,28.292,29.574,23.601,293.0,251.0,260.0,320.0,True,HARD,5.0,False,Racing Bulls,0 days 00:21:01.317000,1,FP2,29.2,23.7,29.0
LAW,30,118.626,6.0,2.0,40.668,44.035,33.923,171.0,118.0,202.0,186.0,False,HARD,6.0,False,Racing Bulls,0 days 00:22:22.784000,1,FP2,29.2,23.7,29.0
LAW,30,103.803,7.0,2.0,40.296,36.45,27.057,150.0,212.0,265.0,250.0,False,HARD,7.0,False,Racing Bulls,0 days 00:24:21.410000,1,FP2,29.2,23.7,29.0
LAW,30,81.182,8.0,2.0,28.332,29.464,23.386,303.0,251.0,263.0,322.0,True,HARD,8.0,False,Racing Bulls,0 days 00:26:05.213000,1,FP2,29.2,23.7,29.0
LAW,30,80.37,11.0,3.0,28.171,28.999,23.2,295.0,254.0,261.0,321.0,True,SOFT,2.0,True,Racing Bulls,0 days 00:37:08.740000,1,FP2,29.2,23.7,29.0
LAW,30,80.041,14.0,4.0,28.116,28.838,23.087,295.0,253.0,264.0,320.0,True,SOFT,5.0,False,Racing Bulls,0 days 00:49:39.725000,1,FP2,29.2,23.7,29.0
LAW,30,84.905,17.0,5.0,29.536,31.101,24.268,286.0,239.0,259.0,311.0,False,HARD,11.0,False,Racing Bulls,0 days 00:58:46.311000,1,FP2,29.2,23.7,29.0
LAW,30,85.264,18.0,5.0,29.694,31.252,24.318,285.0,240.0,258.0,309.0,False,HARD,12.0,False,Racing Bulls,0 days 01:00:11.216000,1,FP2,29.2,23.7,29.0
LAW,30,85.124,19.0,5.0,29.49,31.197,24.437,288.0,236.0,260.0,308.0,False,HARD,13.0,False,Racing Bulls,0 days 01:01:36.480000,1,FP2,29.2,23.7,29.0
LAW,30,90.63,20.0,5.0,29.514,36.176,24.94,290.0,225.0,255.0,312.0,False,HARD,14.0,False,Racing Bulls,0 days 01:03:01.604000,1,FP2,29.6,23.7,29.7
LAW,30,85.416,21.0,5.0,29.518,31.358,24.54,284.0,236.0,259.0,313.0,False,HARD,15.0,False,Racing Bulls,0 days 01:04:32.234000,1,FP2,29.6,23.7,29.7
LAW,30,85.77,22.0,5.0,29.457,31.505,24.808,290.0,237.0,251.0,313.0,False,HARD,16.0,False,Racing Bulls,0 days 01:05:57.650000,1,FP2,29.6,23.7,29.7
LAW,30,87.57,23.0,5.0,29.809,32.404,25.357,279.0,231.0,242.0,321.0,False,HARD,17.0,False,Racing Bulls,0 days 01:07:23.420000,1,FP2,29.6,23.7,29.7
LAW,30,98.115,24.0,5.0,39.427,34.144,24.544,193.0,239.0,260.0,211.0,False,HARD,18.0,False,Racing Bulls,0 days 01:08:50.990000,1,FP2,29.6,23.7,29.7
LAW,30,85.789,25.0,5.0,29.537,31.564,24.688,287.0,236.0,258.0,314.0,False,HARD,19.0,False,Racing Bulls,0 days 01:10:29.105000,1,FP2,29.6,23.7,29.7
LAW,30,85.771,26.0,5.0,29.65,31.432,24.689,289.0,234.0,254.0,313.0,False,HARD,20.0,False,Racing Bulls,0 days 01:11:54.894000,1,FP2,29.6,23.7,29.7
LAW,30,111.129,27.0,5.0,36.682,40.164,34.283,190.0,223.0,59.0,291.0,False,HARD,21.0,False,Racing Bulls,0 days 01:13:20.665000,1,FP2,29.3,23.7,30.2
LAW,30,131.099,28.0,5.0,60.51,34.553,36.036,273.0,210.0,60.0,253.0,False,HARD,22.0,False,Racing Bulls,0 days 01:15:11.794000,1,FP2,29.3,23.7,30.2
OCO,31,81.998,2.0,1.0,28.704,29.773,23.521,292.0,238.0,255.0,316.0,True,MEDIUM,2.0,True,Haas F1 Team,0 days 00:17:36.204000,1,FP2,29.3,23.7,30.2
OCO,31,122.075,3.0,1.0,41.413,48.918,31.744,165.0,182.0,189.0,211.0,False,MEDIUM,3.0,True,Haas F1 Team,0 days 00:18:58.202000,1,FP2,29.3,23.7,30.2
OCO,31,115.339,4.0,1.0,43.578,43.959,27.802,152.0,220.0,259.0,185.0,False,MEDIUM,4.0,True,Haas F1 Team,0 days 00:21:00.277000,1,FP2,29.3,23.7,30.2
OCO,31,82.691,5.0,1.0,29.088,30.164,23.439,294.0,240.0,258.0,317.0,False,MEDIUM,5.0,True,Haas F1 Team,0 days 00:22:55.616000,1,FP2,29.1,23.7,30.3
OCO,31,81.608,8.0,2.0,28.619,29.595,23.394,281.0,241.0,255.0,318.0,True,MEDIUM,8.0,False,Haas F1 Team,0 days 00:28:44.374000,1,FP2,29.1,23.7,30.3
OCO,31,80.557,11.0,3.0,28.256,29.101,23.2,287.0,250.0,259.0,323.0,True,SOFT,2.0,True,Haas F1 Team,0 days 00:50:22.174000,1,FP2,29.1,23.7,30.3
OCO,31,85.445,14.0,4.0,29.602,31.327,24.516,279.0,235.0,255.0,309.0,False,MEDIUM,11.0,False,Haas F1 Team,0 days 00:59:14.479000,1,FP2,29.1,23.7,30.3
OCO,31,85.615,15.0,4.0,29.874,31.259,24.482,275.0,234.0,255.0,306.0,False,MEDIUM,12.0,False,Haas F1 Team,0 days 01:00:39.924000,1,FP2,29.5,23.8,30.3
OCO,31,85.8,16.0,4.0,29.821,31.516,24.463,275.0,232.0,254.0,304.0,False,MEDIUM,13.0,False,Haas F1 Team,0 days 01:02:05.539000,1,FP2,29.5,23.8,30.3
OCO,31,86.239,17.0,4.0,29.977,31.679,24.583,276.0,233.0,256.0,299.0,False,MEDIUM,14.0,False,Haas F1 Team,0 days 01:03:31.339000,1,FP2,29.5,23.8,30.3
OCO,31,90.387,18.0,4.0,29.976,32.065,28.346,279.0,227.0,254.0,318.0,False,MEDIUM,15.0,False,Haas F1 Team,0 days 01:04:57.578000,1,FP2,29.5,23.8,30.3
OCO,31,86.5,19.0,4.0,29.791,31.819,24.89,275.0,230.0,255.0,313.0,False,MEDIUM,16.0,False,Haas F1 Team,0 days 01:06:27.965000,1,FP2,29.5,23.8,30.3
OCO,31,86.482,20.0,4.0,29.754,31.924,24.804,277.0,229.0,254.0,315.0,False,MEDIUM,17.0,False,Haas F1 Team,0 days 01:07:54.465000,1,FP2,29.5,23.8,30.3
OCO,31,86.497,21.0,4.0,29.874,31.811,24.812,275.0,231.0,256.0,305.0,False,MEDIUM,18.0,False,Haas F1 Team,0 days 01:09:20.947000,1,FP2,29.5,23.8,30.3
OCO,31,86.662,22.0,4.0,29.933,31.758,24.971,276.0,235.0,255.0,304.0,False,MEDIUM,19.0,False,Haas F1 Team,0 days 01:10:47.444000,1,FP2,29.5,23.8,30.3
OCO,31,86.68,23.0,4.0,29.761,31.976,24.943,275.0,227.0,255.0,317.0,False,MEDIUM,20.0,False,Haas F1 Team,0 days 01:12:14.106000,1,FP2,29.5,23.8,30.3
OCO,31,122.681,24.0,4.0,37.717,43.535,41.429,159.0,155.0,61.0,266.0,False,MEDIUM,21.0,False,Haas F1 Team,0 days 01:13:40.786000,1,FP2,29.5,23.8,30.3
OCO,31,125.691,25.0,4.0,49.89,36.213,39.588,275.0,187.0,51.0,251.0,False,MEDIUM,22.0,False,Haas F1 Team,0 days 01:15:43.467000,1,FP2,29.1,23.8,30.6
LIN,41,81.847,2.0,1.0,28.71,29.753,23.384,297.0,251.0,265.0,316.0,True,HARD,2.0,True,Racing Bulls,0 days 00:16:04.561000,1,FP2,29.1,23.8,30.6
LIN,41,124.263,3.0,1.0,42.536,49.802,31.925,169.0,149.0,186.0,203.0,False,HARD,3.0,True,Racing Bulls,0 days 00:17:26.408000,1,FP2,29.1,23.8,30.6
LIN,41,108.073,4.0,1.0,37.779,39.916,30.378,195.0,211.0,263.0,255.0,False,HARD,4.0,True,Racing Bulls,0 days 00:19:30.671000,1,FP2,29.1,23.8,30.6
LIN,41,83.151,5.0,1.0,28.46,29.51,25.181,299.0,248.0,263.0,319.0,False,HARD,5.0,True,Racing Bulls,0 days 00:21:18.744000,1,FP2,29.5,23.7,31.0
LIN,41,119.084,6.0,1.0,46.409,42.427,30.248,194.0,159.0,197.0,220.0,False,HARD,6.0,True,Racing Bulls,0 days 00:22:41.895000,1,FP2,29.5,23.7,31.0
LIN,41,106.581,7.0,1.0,40.88,35.321,30.38,150.0,211.0,263.0,233.0,False,HARD,7.0,True,Racing Bulls,0 days 00:24:40.979000,1,FP2,29.5,23.7,31.0
LIN,41,81.372,8.0,1.0,28.329,29.384,23.659,296.0,247.0,266.0,320.0,True,HARD,8.0,True,Racing Bulls,0 days 00:26:27.560000,1,FP2,29.5,23.7,31.0
LIN,41,80.324,11.0,2.0,28.139,28.727,23.458,291.0,247.0,264.0,319.0,True,SOFT,2.0,True,Racing Bulls,0 days 00:37:28.182000,1,FP2,29.5,23.7,31.0
LIN,41,80.253,14.0,3.0,28.033,28.845,23.375,293.0,248.0,268.0,321.0,True,SOFT,5.0,False,Racing Bulls,0 days 00:49:31.916000,1,FP2,28.9,23.8,30.7
LIN,41,87.661,17.0,4.0,30.838,32.197,24.626,279.0,235.0,258.0,313.0,False,HARD,11.0,False,Racing Bulls,0 days 00:59:38.790000,1,FP2,28.9,23.8,30.7
LIN,41,86.884,18.0,4.0,30.032,31.481,25.371,287.0,235.0,257.0,290.0,False,HARD,12.0,False,Racing Bulls,0 days 01:01:06.451000,1,FP2,28.9,23.8,30.7
LIN,41,85.658,19.0,4.0,29.727,31.421,24.51,284.0,235.0,260.0,314.0,False,HARD,13.0,False,Racing Bulls,0 days 01:02:33.335000,1,FP2,28.9,23.8,30.7
LIN,41,85.735,20.0,4.0,29.75,31.366,24.619,287.0,235.0,259.0,302.0,False,HARD,14.0,False,Racing Bulls,0 days 01:03:58.993000,1,FP2,28.9,23.8,30.7
LIN,41,85.778,21.0,4.0,29.768,31.396,24.614,292.0,232.0,258.0,304.0,False,HARD,15.0,False,Racing Bulls,0 days 01:05:24.728000,1,FP2,28.9,23.8,30.7
LIN,41,85.849,22.0,4.0,29.72,31.486,24.643,283.0,234.0,258.0,301.0,False,HARD,16.0,False,Racing Bulls,0 days 01:06:50.506000,1,FP2,28.9,23.8,30.7
LIN,41,85.858,23.0,4.0,29.693,31.415,24.75,289.0,235.0,257.0,302.0,False,HARD,17.0,False,Racing Bulls,0 days 01:08:16.355000,1,FP2,28.9,23.8,30.7
LIN,41,86.23,24.0,4.0,29.878,31.681,24.671,289.0,233.0,258.0,306.0,False,HARD,18.0,False,Racing Bulls,0 days 01:09:42.213000,1,FP2,28.9,23.8,30.7
LIN,41,86.653,25.0,4.0,30.004,31.825,24.824,289.0,235.0,258.0,303.0,False,HARD,19.0,False,Racing Bulls,0 days 01:11:08.443000,1,FP2,28.9,23.8,30.7
LIN,41,86.012,26.0,4.0,29.783,31.56,24.669,288.0,234.0,258.0,303.0,False,HARD,20.0,False,Racing Bulls,0 days 01:12:35.096000,1,FP2,28.9,23.8,30.7
LIN,41,109.0,28.0,4.0,34.97,35.102,38.928,221.0,195.0,63.0,237.0,False,HARD,22.0,False,Racing Bulls,0 days 01:16:40.925000,1,FP2,28.9,23.8,31.0
COL,43,83.553,2.0,1.0,28.904,30.564,24.085,286.0,242.0,241.0,323.0,True,MEDIUM,2.0,True,Alpine,0 days 00:15:08.082000,1,FP2,28.9,23.8,31.0
COL,43,134.517,3.0,1.0,49.825,50.866,33.826,126.0,150.0,175.0,229.0,False,MEDIUM,3.0,True,Alpine,0 days 00:16:31.635000,1,FP2,28.9,23.8,31.0
COL,43,105.316,4.0,1.0,37.29,36.715,31.311,145.0,209.0,250.0,241.0,False,MEDIUM,4.0,True,Alpine,0 days 00:18:46.152000,1,FP2,28.9,23.8,31.0
COL,43,82.531,5.0,1.0,28.744,30.085,23.702,289.0,246.0,248.0,319.0,True,MEDIUM,5.0,True,Alpine,0 days 00:20:31.468000,1,FP2,28.9,23.8,31.0
COL,43,124.007,6.0,1.0,38.616,49.78,35.611,163.0,127.0,167.0,214.0,False,MEDIUM,6.0,True,Alpine,0 days 00:21:53.999000,1,FP2,28.9,23.8,31.0
COL,43,111.16,7.0,1.0,44.599,37.153,29.408,185.0,207.0,256.0,239.0,False,MEDIUM,7.0,True,Alpine,0 days 00:23:58.006000,1,FP2,28.6,23.9,30.8
COL,43,82.105,8.0,1.0,28.65,29.904,23.551,291.0,245.0,248.0,319.0,False,MEDIUM,8.0,True,Alpine,0 days 00:25:49.166000,1,FP2,28.6,23.9,30.8
HAM,44,79.648,2.0,1.0,27.952,28.947,22.749,293.0,250.0,249.0,319.0,True,MEDIUM,2.0,True,Ferrari,0 days 00:16:13.102000,1,FP2,28.6,23.9,30.8
HAM,44,149.553,3.0,1.0,59.445,59.713,30.395,159.0,122.0,265.0,165.0,False,MEDIUM,3.0,True,Ferrari,0 days 00:17:32.750000,1,FP2,28.6,23.9,30.8
HAM,44,91.848,4.0,1.0,27.926,29.176,34.746,299.0,250.0,159.0,319.0,False,MEDIUM,4.0,True,Ferrari,0 days 00:20:02.303000,1,FP2,28.6,23.9,30.8
HAM,44,124.806,5.0,1.0,52.593,39.893,32.32,208.0,210.0,263.0,186.0,False,MEDIUM,5.0,True,Ferrari,0 days 00:21:34.151000,1,FP2,28.6,23.9,30.8
HAM,44,79.585,6.0,1.0,27.931,28.877,22.777,301.0,247.0,258.0,318.0,True,MEDIUM,6.0,True,Ferrari,0 days 00:23:38.957000,1,FP2,28.6,23.9,30.8
HAM,44,79.652,8.0,1.0,27.972,28.868,22.812,298.0,247.0,261.0,320.0,False,MEDIUM,8.0,True,Ferrari,0 days 00:27:46.283000,1,FP2,28.7,23.8,30.6
HAM,44,93.895,12.0,3.0,31.966,34.589,27.34,268.0,225.0,266.0,313.0,False,SOFT,3.0,False,Ferrari,0 days 00:50:40.033000,1,FP2,28.7,23.8,30.6
HAM,44,78.914,13.0,3.0,27.595,28.59,22.729,296.0,250.0,258.0,320.0,True,SOFT,4.0,False,Ferrari,0 days 00:52:13.928000,1,FP2,28.7,23.8,30.6
HAM,44,78.729,15.0,3.0,27.673,28.449,22.607,293.0,249.0,262.0,321.0,True,SOFT,6.0,False,Ferrari,0 days 00:56:16.229000,1,FP2,28.7,23.8,30.6
HAM,44,84.434,18.0,4.0,29.39,31.004,24.04,276.0,236.0,255.0,307.0,False,MEDIUM,11.0,False,Ferrari,0 days 01:06:08.334000,1,FP2,28.7,23.8,30.6
HAM,44,87.357,19.0,4.0,30.698,32.256,24.403,262.0,232.0,252.0,305.0,False,MEDIUM,12.0,False,Ferrari,0 days 01:07:32.768000,1,FP2,28.7,23.8,30.6
HAM,44,84.611,20.0,4.0,29.259,30.978,24.374,277.0,234.0,255.0,309.0,False,MEDIUM,13.0,False,Ferrari,0 days 01:09:00.125000,1,FP2,28.7,23.8,30.6
HAM,44,84.809,21.0,4.0,29.097,31.18,24.532,279.0,233.0,253.0,313.0,False,MEDIUM,14.0,False,Ferrari,0 days 01:10:24.736000,1,FP2,28.7,23.8,30.6
HAM,44,85.17,22.0,4.0,29.308,31.512,24.35,285.0,236.0,257.0,310.0,False,MEDIUM,15.0,False,Ferrari,0 days 01:11:49.545000,1,FP2,28.7,23.8,30.6
HAM,44,85.155,23.0,4.0,29.325,31.444,24.386,274.0,231.0,255.0,327.0,False,MEDIUM,16.0,False,Ferrari,0 days 01:13:14.715000,1,FP2,28.9,23.6,30.7
HAM,44,121.587,24.0,4.0,39.289,41.219,41.079,174.0,179.0,61.0,304.0,False,MEDIUM,17.0,False,Ferrari,0 days 01:14:39.870000,1,FP2,28.9,23.6,30.7
SAI,55,83.468,2.0,1.0,29.147,30.286,24.035,292.0,243.0,256.0,316.0,True,HARD,2.0,True,Williams,0 days 00:17:55.892000,1,FP2,28.9,23.6,30.7
SAI,55,113.526,3.0,1.0,41.566,46.106,25.854,149.0,216.0,263.0,193.0,False,HARD,3.0,True,Williams,0 days 00:19:19.360000,1,FP2,28.9,23.6,30.7
SAI,55,83.191,4.0,1.0,28.808,30.359,24.024,296.0,234.0,252.0,318.0,True,HARD,4.0,True,Williams,0 days 00:21:12.886000,1,FP2,28.9,23.6,30.7
SAI,55,129.887,5.0,1.0,53.026,46.989,29.872,136.0,212.0,263.0,171.0,False,HARD,5.0,True,Williams,0 days 00:22:36.077000,1,FP2,28.9,23.6,30.7
SAI,55,95.161,6.0,1.0,29.106,39.609,26.446,259.0,207.0,261.0,316.0,False,HARD,6.0,True,Williams,0 days 00:24:45.964000,1,FP2,28.5,23.5,30.8
SAI,55,82.934,7.0,1.0,28.772,30.065,24.097,292.0,238.0,256.0,314.0,True,HARD,7.0,True,Williams,0 days 00:26:21.125000,1,FP2,28.5,23.5,30.8
SAI,55,125.354,8.0,1.0,54.346,44.748,26.26,158.0,210.0,263.0,158.0,False,HARD,8.0,True,Williams,0 days 00:27:44.059000,1,FP2,28.5,23.5,30.8
SAI,55,83.576,9.0,1.0,28.984,30.29,24.302,293.0,237.0,254.0,317.0,False,HARD,9.0,True,Williams,0 days 00:29:49.413000,1,FP2,28.5,23.5,30.8
SAI,55,81.426,12.0,2.0,28.332,29.531,23.563,296.0,244.0,258.0,318.0,True,SOFT,2.0,True,Williams,0 days 00:37:42.584000,1,FP2,28.5,23.5,30.8
SAI,55,87.421,15.0,3.0,30.066,32.067,25.288,276.0,225.0,253.0,305.0,False,HARD,12.0,False,Williams,0 days 00:52:37.480000,1,FP2,28.5,23.5,30.8
SAI,55,87.397,16.0,3.0,30.223,32.15,25.024,280.0,224.0,255.0,303.0,False,HARD,13.0,False,Williams,0 days 00:54:04.901000,1,FP2,28.5,23.5,30.8
SAI,55,86.704,17.0,3.0,29.968,31.854,24.882,278.0,225.0,253.0,307.0,False,HARD,14.0,False,Williams,0 days 00:55:32.298000,1,FP2,28.5,23.5,30.8
SAI,55,86.644,18.0,3.0,29.962,31.835,24.847,278.0,224.0,255.0,312.0,False,HARD,15.0,False,Williams,0 days 00:56:59.002000,1,FP2,28.5,23.5,30.8
SAI,55,86.845,19.0,3.0,30.046,31.886,24.913,281.0,226.0,255.0,311.0,False,HARD,16.0,False,Williams,0 days 00:58:25.646000,1,FP2,28.5,23.5,30.8
SAI,55,87.06,20.0,3.0,30.013,31.991,25.056,282.0,224.0,255.0,308.0,False,HARD,17.0,False,Williams,0 days 00:59:52.491000,1,FP2,28.5,23.5,30.8
SAI,55,87.721,21.0,3.0,30.266,32.224,25.231,281.0,223.0,255.0,307.0,False,HARD,18.0,False,Williams,0 days 01:01:19.551000,1,FP2,28.5,23.5,30.8
SAI,55,87.45,22.0,3.0,30.173,32.151,25.126,281.0,226.0,254.0,308.0,False,HARD,19.0,False,Williams,0 days 01:02:47.272000,1,FP2,28.5,23.5,30.8
SAI,55,87.812,23.0,3.0,30.148,32.364,25.3,285.0,222.0,255.0,309.0,False,HARD,20.0,False,Williams,0 days 01:04:14.722000,1,FP2,28.5,23.5,30.8
SAI,55,87.469,24.0,3.0,30.228,32.206,25.035,284.0,226.0,255.0,313.0,False,HARD,21.0,False,Williams,0 days 01:05:42.534000,1,FP2,28.5,23.5,30.8
SAI,55,87.514,25.0,3.0,30.075,32.287,25.152,281.0,225.0,253.0,314.0,False,HARD,22.0,False,Williams,0 days 01:07:10.003000,1,FP2,28.5,23.5,30.8
SAI,55,87.795,26.0,3.0,30.194,32.336,25.265,281.0,222.0,255.0,308.0,False,HARD,23.0,False,Williams,0 days 01:08:37.517000,1,FP2,28.5,23.5,30.8
SAI,55,100.483,29.0,4.0,29.669,35.431,35.383,280.0,182.0,64.0,314.0,False,SOFT,7.0,False,Williams,0 days 01:13:25.869000,1,FP2,28.5,23.5,30.8
RUS,63,81.352,2.0,1.0,28.204,29.255,23.893,290.0,247.0,250.0,322.0,True,MEDIUM,2.0,True,Mercedes,0 days 00:18:27.156000,1,FP2,28.5,23.5,30.8
RUS,63,80.472,5.0,2.0,28.076,29.278,23.118,293.0,249.0,252.0,319.0,True,MEDIUM,5.0,False,Mercedes,0 days 00:23:47.584000,1,FP2,28.6,23.5,31.1
RUS,63,140.519,6.0,2.0,61.346,52.12,27.053,124.0,205.0,267.0,131.0,False,MEDIUM,6.0,False,Mercedes,0 days 00:25:08.056000,1,FP2,28.6,23.5,31.1
RUS,63,80.412,7.0,2.0,28.159,29.162,23.091,292.0,251.0,251.0,322.0,True,MEDIUM,7.0,False,Mercedes,0 days 00:27:28.575000,1,FP2,28.6,23.5,31.1
RUS,63,79.662,10.0,3.0,27.855,28.699,23.108,292.0,245.0,254.0,322.0,True,SOFT,2.0,True,Mercedes,0 days 00:38:20.407000,1,FP2,28.6,23.5,31.1
RUS,63,86.346,13.0,4.0,30.58,31.334,24.432,290.0,233.0,257.0,266.0,False,MEDIUM,10.0,False,Mercedes,0 days 00:50:26.962000,1,FP2,28.6,23.5,31.1
RUS,63,84.254,14.0,4.0,29.176,30.976,24.102,289.0,236.0,258.0,312.0,False,MEDIUM,11.0,False,Mercedes,0 days 00:51:53.308000,1,FP2,28.6,23.5,31.1
RUS,63,84.371,15.0,4.0,29.343,30.866,24.162,288.0,234.0,261.0,300.0,False,MEDIUM,12.0,False,Mercedes,0 days 00:53:17.562000,1,FP2,28.6,23.5,31.1
RUS,63,84.021,16.0,4.0,29.237,30.657,24.127,287.0,231.0,262.0,304.0,False,MEDIUM,13.0,False,Mercedes,0 days 00:54:41.933000,1,FP2,28.6,23.5,31.1
RUS,63,84.002,17.0,4.0,29.144,30.643,24.215,290.0,233.0,261.0,305.0,False,MEDIUM,14.0,False,Mercedes,0 days 00:56:05.954000,1,FP2,28.2,23.3,31.0
RUS,63,84.099,18.0,4.0,29.171,30.753,24.175,290.0,228.0,262.0,305.0,False,MEDIUM,15.0,False,Mercedes,0 days 00:57:29.956000,1,FP2,28.2,23.3,31.0
RUS,63,84.205,19.0,4.0,29.257,30.708,24.24,291.0,229.0,259.0,304.0,False,MEDIUM,16.0,False,Mercedes,0 days 00:58:54.055000,1,FP2,28.2,23.3,31.0
RUS,63,85.096,20.0,4.0,29.554,31.142,24.4,289.0,232.0,260.0,304.0,False,MEDIUM,17.0,False,Mercedes,0 days 01:00:18.260000,1,FP2,28.2,23.3,31.0
RUS,63,85.298,21.0,4.0,29.546,31.23,24.522,290.0,226.0,260.0,304.0,False,MEDIUM,18.0,False,Mercedes,0 days 01:01:43.356000,1,FP2,28.2,23.3,31.0
RUS,63,85.413,22.0,4.0,29.532,31.325,24.556,290.0,230.0,257.0,302.0,False,MEDIUM,19.0,False,Mercedes,0 days 01:03:08.654000,1,FP2,28.2,23.3,31.0
RUS,63,85.805,23.0,4.0,29.403,31.671,24.731,292.0,225.0,259.0,307.0,False,MEDIUM,20.0,False,Mercedes,0 days 01:04:34.067000,1,FP2,28.2,23.3,31.0
RUS,63,88.457,24.0,4.0,29.586,32.096,26.775,291.0,228.0,258.0,306.0,False,MEDIUM,21.0,False,Mercedes,0 days 01:05:59.872000,1,FP2,28.2,23.3,31.0
RUS,63,86.494,25.0,4.0,29.749,31.83,24.915,286.0,224.0,258.0,311.0,False,MEDIUM,22.0,False,Mercedes,0 days 01:07:28.329000,1,FP2,28.2,23.3,31.0
RUS,63,113.909,28.0,5.0,37.168,36.948,39.793,200.0,205.0,68.0,211.0,False,SOFT,5.0,False,Mercedes,0 days 01:14:36.482000,1,FP2,28.2,23.3,31.0
RUS,63,138.149,29.0,5.0,63.807,34.594,39.748,181.0,208.0,43.0,253.0,False,SOFT,6.0,False,Mercedes,0 days 01:16:30.391000,1,FP2,28.2,23.3,31.0
BOT,77,98.707,2.0,1.0,32.472,37.767,28.468,246.0,173.0,261.0,315.0,True,MEDIUM,2.0,True,Cadillac,0 days 00:14:55.200000,1,FP2,28.1,23.3,31.5
BOT,77,104.815,3.0,1.0,36.535,41.188,27.092,186.0,182.0,260.0,318.0,False,MEDIUM,3.0,True,Cadillac,0 days 00:16:33.907000,1,FP2,28.1,23.3,31.5
BOT,77,85.813,4.0,1.0,28.955,30.817,26.041,296.0,238.0,257.0,315.0,True,MEDIUM,4.0,True,Cadillac,0 days 00:18:18.722000,1,FP2,28.1,23.3,31.5
BOT,77,110.61,5.0,1.0,41.445,40.259,28.906,208.0,194.0,263.0,222.0,False,MEDIUM,5.0,True,Cadillac,0 days 00:19:44.535000,1,FP2,28.1,23.3,31.5
BOT,77,84.52,6.0,1.0,29.536,30.943,24.041,287.0,239.0,260.0,318.0,True,MEDIUM,6.0,True,Cadillac,0 days 00:21:35.145000,1,FP2,28.1,23.3,31.5
BOT,77,119.675,7.0,1.0,41.415,42.872,35.388,82.0,171.0,166.0,262.0,False,MEDIUM,7.0,True,Cadillac,0 days 00:22:59.665000,1,FP2,28.1,23.3,31.5
BOT,77,113.568,8.0,1.0,42.955,41.548,29.065,159.0,191.0,263.0,215.0,False,MEDIUM,8.0,True,Cadillac,0 days 00:24:59.340000,1,FP2,28.1,23.3,31.5
BOT,77,83.408,9.0,1.0,28.896,30.544,23.968,291.0,243.0,255.0,318.0,True,MEDIUM,9.0,True,Cadillac,0 days 00:26:52.908000,1,FP2,28.1,23.3,31.5
BOT,77,116.541,10.0,1.0,39.96,43.081,33.5,173.0,146.0,197.0,276.0,False,MEDIUM,10.0,True,Cadillac,0 days 00:28:16.316000,1,FP2,28.1,23.3,31.5
BOT,77,109.134,11.0,1.0,41.541,40.725,26.868,107.0,192.0,262.0,237.0,False,MEDIUM,11.0,True,Cadillac,0 days 00:30:12.857000,1,FP2,28.1,23.3,31.5
BOT,77,82.991,12.0,1.0,28.7,30.413,23.878,287.0,243.0,255.0,317.0,True,MEDIUM,12.0,True,Cadillac,0 days 00:32:01.991000,1,FP2,28.1,23.3,31.5
BOT,77,82.021,15.0,2.0,28.533,29.927,23.561,293.0,241.0,258.0,321.0,True,SOFT,2.0,True,Cadillac,0 days 00:49:03.629000,1,FP2,28.1,23.3,31.5
BOT,77,81.442,18.0,3.0,28.301,29.895,23.246,286.0,245.0,258.0,321.0,True,SOFT,5.0,False,Cadillac,0 days 00:54:45.637000,1,FP2,28.5,23.3,31.4
BOT,77,87.543,21.0,4.0,30.29,32.626,24.627,273.0,231.0,259.0,328.0,False,MEDIUM,15.0,False,Cadillac,0 days 01:02:58.359000,1,FP2,28.5,23.3,31.4
BOT,77,87.53,22.0,4.0,30.127,32.56,24.843,277.0,232.0,260.0,322.0,False,MEDIUM,16.0,False,Cadillac,0 days 01:04:25.902000,1,FP2,28.5,23.3,31.4
BOT,77,87.585,23.0,4.0,30.246,32.421,24.918,281.0,230.0,256.0,315.0,False,MEDIUM,17.0,False,Cadillac,0 days 01:05:53.432000,1,FP2,28.5,23.3,31.4
BOT,77,87.937,24.0,4.0,30.261,32.62,25.056,275.0,228.0,255.0,317.0,False,MEDIUM,18.0,False,Cadillac,0 days 01:07:21.017000,1,FP2,28.5,23.3,31.4
BOT,77,87.875,25.0,4.0,30.204,32.556,25.115,276.0,230.0,254.0,316.0,False,MEDIUM,19.0,False,Cadillac,0 days 01:08:48.954000,1,FP2,28.5,23.3,31.4
BOT,77,88.088,26.0,4.0,30.191,32.656,25.241,274.0,223.0,252.0,314.0,False,MEDIUM,20.0,False,Cadillac,0 days 01:10:16.829000,1,FP2,28.5,23.3,31.4
BOT,77,89.579,27.0,4.0,30.06,32.348,27.171,271.0,226.0,251.0,309.0,False,MEDIUM,21.0,False,Cadillac,0 days 01:11:44.917000,1,FP2,28.5,23.3,31.4
BOT,77,89.276,28.0,4.0,30.293,33.135,25.848,288.0,219.0,254.0,320.0,False,MEDIUM,22.0,False,Cadillac,0 days 01:13:14.496000,1,FP2,28.5,23.2,31.3
BOT,77,146.887,29.0,4.0,38.454,38.465,69.968,198.0,199.0,184.0,310.0,False,MEDIUM,23.0,False,Cadillac,0 days 01:14:43.772000,1,FP2,28.5,23.2,31.3
BOT,77,132.921,30.0,4.0,32.391,37.707,62.823,210.0,188.0,95.0,283.0,False,MEDIUM,24.0,False,Cadillac,0 days 01:17:10.659000,1,FP2,28.5,23.2,31.3
PIA,81,90.941,2.0,1.0,28.245,31.041,31.655,296.0,147.0,188.0,320.0,True,MEDIUM,2.0,True,McLaren,0 days 00:15:53.045000,1,FP2,28.5,23.2,31.3
PIA,81,113.209,3.0,1.0,38.0,38.005,37.204,227.0,203.0,264.0,218.0,True,MEDIUM,3.0,True,McLaren,0 days 00:17:23.986000,1,FP2,28.5,23.2,31.3
PIA,81,89.502,4.0,1.0,28.495,29.725,31.282,300.0,247.0,146.0,319.0,True,MEDIUM,4.0,True,McLaren,0 days 00:19:17.195000,1,FP2,28.5,23.2,31.3
PIA,81,111.24,5.0,1.0,44.611,38.374,28.255,203.0,144.0,265.0,163.0,False,MEDIUM,5.0,True,McLaren,0 days 00:20:46.697000,1,FP2,28.5,23.2,31.3
PIA,81,81.127,6.0,1.0,28.196,29.489,23.442,300.0,250.0,257.0,320.0,True,MEDIUM,6.0,True,McLaren,0 days 00:22:37.937000,1,FP2,28.5,23.2,31.3
PIA,81,80.798,9.0,2.0,28.11,29.28,23.408,298.0,247.0,256.0,321.0,True,MEDIUM,9.0,False,McLaren,0 days 00:28:00.855000,1,FP2,28.5,23.2,31.3
PIA,81,102.094,14.0,4.0,37.021,36.536,28.537,152.0,220.0,267.0,322.0,False,SOFT,4.0,False,McLaren,0 days 00:50:08.610000,1,FP2,27.9,23.3,31.2
PIA,81,80.101,15.0,4.0,27.819,28.798,23.484,298.0,243.0,256.0,323.0,True,SOFT,5.0,False,McLaren,0 days 00:51:50.704000,1,FP2,27.9,23.3,31.2
PIA,81,85.238,18.0,5.0,29.474,31.182,24.582,284.0,232.0,259.0,295.0,False,MEDIUM,12.0,False,McLaren,0 days 01:02:26.552000,1,FP2,27.9,23.3,31.2
PIA,81,85.451,19.0,5.0,29.518,31.545,24.388,285.0,234.0,257.0,297.0,False,MEDIUM,13.0,False,McLaren,0 days 01:03:51.790000,1,FP2,27.9,23.3,31.2
PIA,81,85.4,20.0,5.0,29.447,31.653,24.3,284.0,231.0,261.0,296.0,False,MEDIUM,14.0,False,McLaren,0 days 01:05:17.241000,1,FP2,27.7,23.2,31.3
PIA,81,85.029,21.0,5.0,29.494,31.201,24.334,279.0,233.0,260.0,302.0,False,MEDIUM,15.0,False,McLaren,0 days 01:06:42.641000,1,FP2,27.7,23.2,31.3
PIA,81,85.432,22.0,5.0,29.431,31.421,24.58,279.0,232.0,257.0,307.0,False,MEDIUM,16.0,False,McLaren,0 days 01:08:07.670000,1,FP2,27.7,23.2,31.3
PIA,81,85.727,23.0,5.0,29.799,31.333,24.595,280.0,231.0,259.0,307.0,False,MEDIUM,17.0,False,McLaren,0 days 01:09:33.102000,1,FP2,27.7,23.2,31.3
PIA,81,85.684,24.0,5.0,29.539,31.206,24.939,289.0,228.0,258.0,312.0,False,MEDIUM,18.0,False,McLaren,0 days 01:10:58.829000,1,FP2,27.7,23.2,31.3
PIA,81,86.035,25.0,5.0,29.573,31.722,24.74,292.0,227.0,259.0,314.0,False,MEDIUM,19.0,False,McLaren,0 days 01:12:24.513000,1,FP2,27.7,23.2,31.3
PIA,81,109.354,27.0,5.0,31.889,39.397,38.068,277.0,174.0,65.0,266.0,False,MEDIUM,21.0,False,McLaren,0 days 01:16:35.165000,1,FP2,28.5,23.1,31.7
BEA,87,82.898,2.0,1.0,28.631,30.29,23.977,293.0,241.0,255.0,317.0,True,MEDIUM,2.0,True,Haas F1 Team,0 days 00:18:09.878000,1,FP2,28.5,23.1,31.7
BEA,87,100.163,5.0,2.0,33.167,40.8,26.196,145.0,208.0,260.0,317.0,False,MEDIUM,5.0,False,Haas F1 Team,0 days 00:24:20.835000,1,FP2,28.5,23.1,31.7
BEA,87,82.38,6.0,2.0,28.802,30.002,23.576,294.0,244.0,256.0,319.0,True,MEDIUM,6.0,False,Haas F1 Team,0 days 00:26:00.998000,1,FP2,28.5,23.1,31.7
BEA,87,126.462,7.0,2.0,51.614,45.939,28.909,150.0,179.0,196.0,158.0,False,MEDIUM,7.0,False,Haas F1 Team,0 days 00:27:23.378000,1,FP2,28.5,23.1,31.7
BEA,87,107.857,8.0,2.0,40.311,42.126,25.42,176.0,220.0,262.0,214.0,False,MEDIUM,8.0,False,Haas F1 Team,0 days 00:29:29.840000,1,FP2,28.3,23.2,31.9
BEA,87,82.334,9.0,2.0,28.619,29.943,23.772,294.0,242.0,257.0,319.0,True,MEDIUM,9.0,False,Haas F1 Team,0 days 00:31:17.697000,1,FP2,28.3,23.2,31.9
BEA,87,110.476,13.0,4.0,28.36,47.017,35.099,296.0,131.0,184.0,322.0,False,SOFT,2.0,True,Haas F1 Team,0 days 00:50:30.855000,1,FP2,28.3,23.2,31.9
BEA,87,102.358,14.0,4.0,41.347,36.292,24.719,178.0,221.0,264.0,209.0,False,SOFT,3.0,True,Haas F1 Team,0 days 00:52:21.331000,1,FP2,28.3,23.2,31.9
BEA,87,80.95,15.0,4.0,28.271,29.314,23.365,290.0,249.0,261.0,321.0,True,SOFT,4.0,True,Haas F1 Team,0 days 00:54:03.689000,1,FP2,28.3,23.2,31.9
BEA,87,86.282,18.0,5.0,29.983,31.736,24.563,275.0,229.0,254.0,307.0,False,MEDIUM,13.0,False,Haas F1 Team,0 days 01:02:44.225000,1,FP2,28.2,23.2,31.5
BEA,87,86.533,19.0,5.0,29.868,31.934,24.731,276.0,229.0,253.0,308.0,False,MEDIUM,14.0,False,Haas F1 Team,0 days 01:04:10.507000,1,FP2,28.2,23.2,31.5
BEA,87,86.288,20.0,5.0,29.856,31.879,24.553,273.0,231.0,252.0,307.0,False,MEDIUM,15.0,False,Haas F1 Team,0 days 01:05:37.040000,1,FP2,28.2,23.2,31.5
BEA,87,86.374,21.0,5.0,29.929,31.782,24.663,275.0,231.0,253.0,307.0,False,MEDIUM,16.0,False,Haas F1 Team,0 days 01:07:03.328000,1,FP2,28.2,23.2,31.5
BEA,87,86.123,22.0,5.0,29.808,31.544,24.771,279.0,233.0,254.0,307.0,False,MEDIUM,17.0,False,Haas F1 Team,0 days 01:08:29.702000,1,FP2,28.2,23.2,31.5
BEA,87,86.601,23.0,5.0,29.841,31.887,24.873,277.0,231.0,255.0,310.0,False,MEDIUM,18.0,False,Haas F1 Team,0 days 01:09:55.825000,1,FP2,28.2,23.2,31.5
BEA,87,86.681,24.0,5.0,29.928,31.925,24.828,268.0,231.0,254.0,310.0,False,MEDIUM,19.0,False,Haas F1 Team,0 days 01:11:22.426000,1,FP2,28.3,23.3,31.1
BEA,87,87.55,25.0,5.0,30.321,32.29,24.939,273.0,230.0,255.0,311.0,False,MEDIUM,20.0,False,Haas F1 Team,0 days 01:12:49.107000,1,FP2,28.3,23.3,31.1
BEA,87,133.584,27.0,5.0,31.474,33.499,68.611,266.0,188.0,3.0,274.0,False,MEDIUM,22.0,False,Haas F1 Team,0 days 01:16:54.912000,1,FP2,28.3,23.3,31.1
NOR,1,79.062,2.0,1.0,27.98,28.42,22.662,303.0,253.0,260.0,326.0,True,SOFT,2.0,True,McLaren,0 days 00:31:00.819000,1,FP3,50.5,24.7,27.8
NOR,1,93.185,5.0,2.0,31.341,31.02,30.824,259.0,182.0,268.0,265.0,False,SOFT,5.0,False,McLaren,0 days 00:41:19.076000,1,FP3,52.1,24.7,28.1
NOR,1,79.881,6.0,2.0,27.899,28.499,23.483,304.0,252.0,259.0,328.0,False,SOFT,6.0,False,McLaren,0 days 00:42:52.261000,1,FP3,52.0,24.5,28.4
NOR,1,124.862,7.0,2.0,45.834,49.383,29.645,130.0,185.0,266.0,234.0,False,SOFT,7.0,False,McLaren,0 days 00:44:12.142000,1,FP3,52.0,24.5,28.4
NOR,1,103.481,8.0,2.0,34.884,41.288,27.309,172.0,212.0,267.0,327.0,False,SOFT,8.0,False,McLaren,0 days 00:46:17.004000,1,FP3,52.0,24.5,28.4
NOR,1,80.493,9.0,2.0,28.065,28.208,24.22,304.0,249.0,158.0,325.0,False,SOFT,9.0,False,McLaren,0 days 00:48:00.485000,1,FP3,52.3,24.3,28.9
NOR,1,85.392,12.0,3.0,30.411,30.2,24.781,264.0,238.0,269.0,295.0,False,SOFT,2.0,True,McLaren,0 days 00:57:04.413000,1,FP3,52.7,24.2,28.9
NOR,1,78.206,13.0,3.0,27.619,27.889,22.698,302.0,257.0,261.0,328.0,True,SOFT,3.0,True,McLaren,0 days 00:58:29.805000,1,FP3,52.7,24.2,28.9
NOR,1,119.857,14.0,3.0,41.297,44.229,34.331,159.0,162.0,151.0,221.0,False,SOFT,4.0,True,McLaren,0 days 00:59:48.011000,1,FP3,52.7,24.2,28.9
NOR,1,103.683,15.0,3.0,41.456,35.812,26.415,200.0,211.0,269.0,220.0,False,SOFT,5.0,True,McLaren,0 days 01:01:47.868000,1,FP3,52.7,24.4,29.2
NOR,1,77.939,16.0,3.0,27.632,27.839,22.468,302.0,255.0,263.0,327.0,True,SOFT,6.0,True,McLaren,0 days 01:03:31.551000,1,FP3,52.6,24.4,28.2
NOR,1,109.222,19.0,4.0,33.11,35.363,40.749,209.0,218.0,52.0,315.0,False,SOFT,9.0,False,McLaren,0 days 01:13:51.011000,1,FP3,52.6,24.4,28.2
VER,3,79.564,2.0,1.0,27.982,28.94,22.642,301.0,253.0,263.0,325.0,True,SOFT,2.0,True,Red Bull Racing,0 days 00:41:09.724000,1,FP3,51.3,25.1,28.5
VER,3,132.561,3.0,1.0,54.944,51.02,26.597,142.0,169.0,266.0,176.0,False,SOFT,3.0,True,Red Bull Racing,0 days 00:42:29.288000,1,FP3,51.3,25.1,28.5
VER,3,79.281,4.0,1.0,27.955,28.265,23.061,294.0,254.0,262.0,325.0,True,SOFT,4.0,True,Red Bull Racing,0 days 00:44:41.849000,1,FP3,51.3,25.1,28.5
VER,3,78.656,7.0,2.0,27.652,28.282,22.722,297.0,254.0,258.0,326.0,True,SOFT,2.0,True,Red Bull Racing,0 days 00:59:09.664000,1,FP3,52.6,24.5,28.6
VER,3,78.972,10.0,3.0,27.912,28.32,22.74,298.0,251.0,256.0,321.0,False,SOFT,5.0,False,Red Bull Racing,0 days 01:08:51.930000,1,FP3,52.6,24.5,28.6
VER,3,129.721,11.0,3.0,52.708,49.365,27.648,168.0,105.0,268.0,176.0,False,SOFT,6.0,False,Red Bull Racing,0 days 01:10:10.902000,1,FP3,52.6,24.5,28.6
VER,3,100.716,12.0,3.0,30.252,41.226,29.238,193.0,152.0,187.0,324.0,False,SOFT,7.0,False,Red Bull Racing,0 days 01:12:20.623000,1,FP3,52.6,24.4,29.2
VER,3,142.069,13.0,3.0,36.429,33.895,71.745,214.0,177.0,109.0,214.0,False,SOFT,8.0,False,Red Bull Racing,0 days 01:14:01.339000,1,FP3,52.6,24.4,29.2
BOR,5,81.48,2.0,1.0,29.028,29.312,23.14,302.0,248.0,259.0,327.0,True,MEDIUM,2.0,True,Audi,0 days 00:29:24.252000,1,FP3,52.6,24.4,29.2
BOR,5,95.685,6.0,3.0,32.876,34.153,28.656,242.0,219.0,265.0,271.0,False,MEDIUM,6.0,False,Audi,0 days 00:41:31.675000,1,FP3,52.6,24.4,29.2
BOR,5,80.573,7.0,3.0,28.278,29.02,23.275,299.0,254.0,258.0,324.0,True,MEDIUM,7.0,False,Audi,0 days 00:43:07.360000,1,FP3,52.6,24.4,29.2
BOR,5,102.061,10.0,4.0,34.493,34.592,32.976,253.0,193.0,265.0,325.0,False,MEDIUM,10.0,False,Audi,0 days 00:48:34.336000,1,FP3,52.6,24.4,29.2
BOR,5,81.816,11.0,4.0,28.743,29.678,23.395,298.0,241.0,256.0,325.0,False,MEDIUM,11.0,False,Audi,0 days 00:50:16.397000,1,FP3,52.6,24.4,29.2
BOR,5,98.257,12.0,4.0,38.306,35.559,24.392,173.0,219.0,263.0,254.0,False,MEDIUM,12.0,False,Audi,0 days 00:51:38.213000,1,FP3,52.6,24.4,29.2
BOR,5,79.338,15.0,5.0,28.061,28.497,22.78,298.0,252.0,257.0,326.0,True,SOFT,2.0,True,Audi,0 days 01:01:04.302000,1,FP3,51.7,24.5,29.6
BOR,5,79.666,18.0,6.0,28.057,28.753,22.856,282.0,255.0,259.0,326.0,False,SOFT,5.0,False,Audi,0 days 01:06:39.989000,1,FP3,51.7,24.5,29.6
BOR,5,111.356,21.0,7.0,33.08,40.407,37.869,184.0,169.0,70.0,264.0,False,SOFT,8.0,False,Audi,0 days 01:13:26.728000,1,FP3,52.8,24.7,29.4
HAD,6,79.358,2.0,1.0,28.144,28.595,22.619,300.0,254.0,259.0,325.0,True,SOFT,2.0,True,Red Bull Racing,0 days 00:31:30.468000,1,FP3,52.8,24.7,29.4
HAD,6,107.013,5.0,2.0,28.036,40.928,38.049,301.0,143.0,196.0,324.0,False,SOFT,5.0,False,Red Bull Racing,0 days 00:42:15.150000,1,FP3,52.7,24.7,29.1
HAD,6,102.22,6.0,2.0,39.033,37.106,26.081,236.0,189.0,264.0,233.0,False,SOFT,6.0,False,Red Bull Racing,0 days 00:44:02.163000,1,FP3,51.3,24.4,30.5
HAD,6,79.085,7.0,2.0,27.983,28.373,22.729,300.0,252.0,260.0,324.0,True,SOFT,7.0,False,Red Bull Racing,0 days 00:45:44.383000,1,FP3,51.3,24.4,30.5
HAD,6,79.052,12.0,4.0,28.034,28.365,22.653,299.0,256.0,260.0,327.0,True,SOFT,4.0,False,Red Bull Racing,0 days 01:06:46.438000,1,FP3,51.3,24.4,30.5
HAD,6,124.862,13.0,4.0,46.971,47.126,30.765,154.0,152.0,186.0,205.0,False,SOFT,5.0,False,Red Bull Racing,0 days 01:08:05.490000,1,FP3,51.3,24.4,30.5
HAD,6,105.698,14.0,4.0,40.515,36.239,28.944,158.0,226.0,267.0,236.0,False,SOFT,6.0,False,Red Bull Racing,0 days 01:10:10.352000,1,FP3,51.3,24.4,30.5
HAD,6,78.943,15.0,4.0,27.845,28.337,22.761,295.0,256.0,259.0,327.0,True,SOFT,7.0,False,Red Bull Racing,0 days 01:11:56.050000,1,FP3,51.3,24.4,30.5
HAD,6,121.561,16.0,4.0,40.73,41.87,38.961,175.0,166.0,67.0,206.0,False,SOFT,8.0,False,Red Bull Racing,0 days 01:13:14.993000,1,FP3,51.3,24.4,30.5
GAS,10,81.753,3.0,2.0,28.481,29.822,23.45,297.0,245.0,249.0,330.0,True,SOFT,5.0,False,Alpine,0 days 00:40:36.404000,1,FP3,52.5,24.5,30.2
GAS,10,125.911,4.0,2.0,41.932,47.057,36.922,197.0,139.0,168.0,243.0,False,SOFT,6.0,False,Alpine,0 days 00:41:58.157000,1,FP3,52.5,24.5,30.2
GAS,10,104.793,5.0,2.0,38.333,39.011,27.449,249.0,212.0,266.0,232.0,False,SOFT,7.0,False,Alpine,0 days 00:44:04.068000,1,FP3,52.5,24.5,30.2
GAS,10,101.013,6.0,2.0,36.768,37.279,26.966,138.0,215.0,265.0,333.0,False,SOFT,8.0,False,Alpine,0 days 00:45:48.861000,1,FP3,52.5,24.5,30.2
GAS,10,81.332,7.0,2.0,28.495,29.488,23.349,299.0,249.0,249.0,330.0,True,SOFT,9.0,False,Alpine,0 days 00:47:29.874000,1,FP3,52.5,24.5,30.2
GAS,10,119.928,8.0,2.0,45.085,43.958,30.885,162.0,181.0,188.0,248.0,False,SOFT,10.0,False,Alpine,0 days 00:48:51.206000,1,FP3,52.5,24.5,30.2
GAS,10,96.749,9.0,2.0,36.39,34.875,25.484,237.0,213.0,270.0,231.0,False,SOFT,11.0,False,Alpine,0 days 00:50:51.134000,1,FP3,52.5,24.5,30.2
GAS,10,80.471,10.0,2.0,28.227,29.104,23.14,297.0,252.0,256.0,333.0,True,SOFT,12.0,False,Alpine,0 days 00:52:27.883000,1,FP3,52.5,25.6,30.2
GAS,10,79.723,13.0,3.0,27.95,28.95,22.823,299.0,249.0,259.0,329.0,True,SOFT,2.0,True,Alpine,0 days 01:04:33.610000,1,FP3,52.5,25.6,30.2
GAS,10,123.097,14.0,3.0,44.129,46.123,32.845,159.0,159.0,179.0,286.0,False,SOFT,3.0,True,Alpine,0 days 01:05:53.333000,1,FP3,52.5,25.6,30.2
GAS,10,103.668,15.0,3.0,40.07,38.239,25.359,179.0,210.0,269.0,240.0,False,SOFT,4.0,True,Alpine,0 days 01:07:56.430000,1,FP3,52.5,25.6,30.2
GAS,10,93.724,16.0,3.0,29.221,39.032,25.471,185.0,206.0,270.0,332.0,False,SOFT,5.0,True,Alpine,0 days 01:09:40.098000,1,FP3,52.5,25.6,30.2
GAS,10,80.546,17.0,3.0,28.155,29.127,23.264,296.0,252.0,254.0,333.0,False,SOFT,6.0,True,Alpine,0 days 01:11:13.822000,1,FP3,52.5,25.6,30.2
GAS,10,104.929,18.0,3.0,39.276,38.601,27.052,169.0,200.0,232.0,287.0,False,SOFT,7.0,True,Alpine,0 days 01:12:34.368000,1,FP3,52.5,25.6,30.2
GAS,10,140.394,19.0,3.0,35.493,37.58,67.321,219.0,195.0,118.0,258.0,False,SOFT,8.0,True,Alpine,0 days 01:14:19.297000,1,FP3,52.5,25.6,30.2
ANT,12,95.009,2.0,1.0,32.43,35.494,27.085,260.0,204.0,270.0,301.0,True,SOFT,2.0,True,Mercedes,0 days 00:40:44.165000,1,FP3,52.5,25.6,30.2
ANT,12,79.856,3.0,1.0,28.03,29.084,22.742,299.0,253.0,260.0,332.0,True,SOFT,3.0,True,Mercedes,0 days 00:42:19.174000,1,FP3,52.5,25.6,30.2
ANT,12,78.812,6.0,2.0,27.862,28.378,22.572,299.0,251.0,263.0,332.0,True,SOFT,6.0,False,Mercedes,0 days 00:48:13.232000,1,FP3,52.5,25.6,30.2
ANT,12,78.254,9.0,3.0,27.648,28.032,22.574,295.0,254.0,264.0,330.0,True,SOFT,2.0,True,Mercedes,0 days 00:56:45.211000,1,FP3,52.5,25.6,30.2
ANT,12,78.068,12.0,4.0,27.751,27.933,22.384,294.0,253.0,267.0,330.0,True,SOFT,5.0,False,Mercedes,0 days 01:06:15.644000,1,FP3,52.5,25.6,30.2
ANT,12,134.713,15.0,5.0,35.121,37.712,61.88,187.0,183.0,59.0,247.0,False,SOFT,9.0,False,Mercedes,0 days 01:14:45.292000,1,FP3,53.0,25.4,29.1
ALO,14,99.242,2.0,1.0,36.616,35.169,27.457,250.0,207.0,261.0,314.0,True,MEDIUM,2.0,True,Aston Martin,0 days 00:28:40.144000,1,FP3,53.0,25.4,29.1
ALO,14,81.563,3.0,1.0,28.979,29.309,23.275,281.0,250.0,256.0,315.0,True,MEDIUM,3.0,True,Aston Martin,0 days 00:30:19.386000,1,FP3,53.0,25.4,29.1
ALO,14,81.789,6.0,2.0,28.755,29.594,23.44,285.0,247.0,253.0,317.0,False,MEDIUM,6.0,False,Aston Martin,0 days 00:42:46.391000,1,FP3,53.0,25.4,29.1
ALO,14,108.179,7.0,2.0,40.751,38.854,28.574,246.0,203.0,261.0,123.0,False,MEDIUM,7.0,False,Aston Martin,0 days 00:44:08.180000,1,FP3,53.0,25.4,29.1
ALO,14,81.714,8.0,2.0,28.779,29.522,23.413,283.0,247.0,254.0,318.0,False,MEDIUM,8.0,False,Aston Martin,0 days 00:45:56.359000,1,FP3,53.0,25.4,29.1
ALO,14,80.393,11.0,3.0,28.349,28.945,23.099,282.0,247.0,257.0,315.0,True,SOFT,2.0,False,Aston Martin,0 days 00:59:27.882000,1,FP3,53.2,25.1,27.9
ALO,14,108.058,12.0,3.0,39.902,39.482,28.674,239.0,192.0,262.0,226.0,False,SOFT,3.0,False,Aston Martin,0 days 01:00:48.275000,1,FP3,53.2,25.1,27.9
ALO,14,99.957,15.0,4.0,34.889,35.46,29.608,232.0,196.0,264.0,320.0,False,SOFT,6.0,False,Aston Martin,0 days 01:06:53.326000,1,FP3,53.2,25.1,27.9
ALO,14,80.788,16.0,4.0,28.539,29.249,23.0,285.0,245.0,253.0,318.0,False,SOFT,7.0,False,Aston Martin,0 days 01:08:33.283000,1,FP3,53.2,25.1,27.9
LEC,16,80.155,2.0,1.0,28.331,29.093,22.731,290.0,254.0,264.0,321.0,True,SOFT,2.0,True,Ferrari,0 days 00:29:02.601000,1,FP3,53.2,25.1,27.9
LEC,16,79.387,6.0,3.0,27.981,28.902,22.504,292.0,256.0,267.0,326.0,True,SOFT,6.0,False,Ferrari,0 days 00:41:55.262000,1,FP3,53.0,25.5,27.7
LEC,16,78.668,9.0,4.0,27.908,28.174,22.586,295.0,258.0,263.0,326.0,True,SOFT,9.0,False,Ferrari,0 days 00:47:48.584000,1,FP3,53.0,25.5,27.7
LEC,16,106.158,10.0,4.0,38.346,36.055,31.757,144.0,239.0,257.0,279.0,False,SOFT,10.0,False,Ferrari,0 days 00:49:07.252000,1,FP3,53.0,25.5,27.7
LEC,16,82.524,11.0,4.0,28.391,29.093,25.04,298.0,253.0,264.0,316.0,False,SOFT,11.0,False,Ferrari,0 days 00:50:53.410000,1,FP3,53.0,25.5,27.7
LEC,16,80.376,12.0,4.0,28.126,29.097,23.153,291.0,253.0,266.0,318.0,False,SOFT,12.0,False,Ferrari,0 days 00:52:15.934000,1,FP3,53.0,25.5,27.7
LEC,16,80.471,13.0,4.0,28.137,29.013,23.321,291.0,252.0,263.0,319.0,False,SOFT,13.0,False,Ferrari,0 days 00:53:36.310000,1,FP3,53.0,25.5,27.7
LEC,16,78.291,16.0,5.0,27.665,28.277,22.349,293.0,255.0,267.0,327.0,True,SOFT,2.0,True,Ferrari,0 days 01:02:18.068000,1,FP3,52.2,25.1,28.1
LEC,16,114.846,17.0,5.0,40.34,42.61,31.896,155.0,163.0,164.0,270.0,False,SOFT,3.0,True,Ferrari,0 days 01:03:36.359000,1,FP3,52.2,25.1,28.1
LEC,16,114.345,18.0,5.0,42.479,45.064,26.802,151.0,137.0,267.0,207.0,False,SOFT,4.0,True,Ferrari,0 days 01:05:31.205000,1,FP3,52.2,25.1,28.1
LEC,16,95.575,19.0,5.0,32.759,35.677,27.139,261.0,143.0,270.0,325.0,False,SOFT,5.0,True,Ferrari,0 days 01:07:25.550000,1,FP3,52.2,25.1,28.1
LEC,16,78.343,20.0,5.0,27.687,28.244,22.412,292.0,254.0,263.0,329.0,False,SOFT,6.0,True,Ferrari,0 days 01:09:01.125000,1,FP3,52.2,25.1,28.1
LEC,16,113.233,21.0,5.0,38.884,45.934,28.415,132.0,129.0,267.0,294.0,False,SOFT,7.0,True,Ferrari,0 days 01:10:19.468000,1,FP3,52.2,25.1,28.1
LEC,16,78.54,22.0,5.0,27.755,28.329,22.456,294.0,255.0,264.0,329.0,False,SOFT,8.0,True,Ferrari,0 days 01:12:12.701000,1,FP3,52.2,25.1,28.1
LEC,16,110.352,23.0,5.0,35.991,34.724,39.637,217.0,197.0,62.0,220.0,False,SOFT,9.0,True,Ferrari,0 days 01:13:31.241000,1,FP3,52.2,24.8,28.5
STR,18,84.496,2.0,1.0,30.493,30.346,23.657,278.0,241.0,261.0,313.0,True,MEDIUM,2.0,True,Aston Martin,0 days 00:22:02.953000,1,FP3,52.2,24.8,28.5
STR,18,110.901,3.0,1.0,38.231,44.123,28.547,171.0,186.0,257.0,285.0,True,MEDIUM,3.0,True,Aston Martin,0 days 00:23:27.449000,1,FP3,52.2,24.8,28.5
STR,18,82.163,4.0,1.0,29.077,29.526,23.56,279.0,247.0,254.0,313.0,True,MEDIUM,4.0,True,Aston Martin,0 days 00:25:18.350000,1,FP3,52.2,24.8,28.5
STR,18,125.07,5.0,1.0,42.268,47.957,34.845,149.0,187.0,256.0,277.0,False,MEDIUM,5.0,True,Aston Martin,0 days 00:26:40.513000,1,FP3,52.2,24.8,28.5
STR,18,81.923,6.0,1.0,29.073,29.553,23.297,281.0,245.0,254.0,318.0,True,MEDIUM,6.0,True,Aston Martin,0 days 00:28:45.583000,1,FP3,52.2,24.8,28.5
STR,18,93.464,9.0,2.0,31.584,33.2,28.68,260.0,221.0,257.0,263.0,False,MEDIUM,9.0,False,Aston Martin,0 days 00:42:00.365000,1,FP3,52.2,24.8,28.5
STR,18,103.475,12.0,3.0,36.359,39.879,27.237,169.0,200.0,257.0,319.0,False,SOFT,2.0,True,Aston Martin,0 days 00:59:39.740000,1,FP3,52.2,24.8,28.5
STR,18,80.933,13.0,3.0,28.877,28.947,23.109,283.0,247.0,251.0,313.0,True,SOFT,3.0,True,Aston Martin,0 days 01:01:23.215000,1,FP3,52.2,25.9,28.5
STR,18,99.068,16.0,4.0,33.897,37.794,27.377,204.0,199.0,260.0,316.0,False,SOFT,6.0,False,Aston Martin,0 days 01:06:58.343000,1,FP3,52.2,25.9,28.5
STR,18,81.337,17.0,4.0,28.584,29.436,23.317,283.0,249.0,254.0,317.0,False,SOFT,7.0,False,Aston Martin,0 days 01:08:37.411000,1,FP3,52.2,25.9,28.5
STR,18,109.972,18.0,4.0,41.936,38.799,29.237,190.0,202.0,260.0,274.0,False,SOFT,8.0,False,Aston Martin,0 days 01:09:58.748000,1,FP3,52.2,25.9,28.5
STR,18,81.047,19.0,4.0,28.646,29.179,23.222,282.0,248.0,254.0,316.0,False,SOFT,9.0,False,Aston Martin,0 days 01:11:48.720000,1,FP3,52.2,25.9,28.5
ALB,23,81.513,4.0,2.0,28.467,29.522,23.524,298.0,246.0,264.0,326.0,True,SOFT,4.0,False,Williams,0 days 00:41:47.397000,1,FP3,50.5,25.3,28.2
ALB,23,80.623,9.0,4.0,28.28,29.167,23.176,296.0,251.0,254.0,326.0,False,SOFT,2.0,True,Williams,0 days 00:59:00.091000,1,FP3,50.5,25.3,28.2
ALB,23,127.245,12.0,5.0,29.281,35.981,61.983,301.0,164.0,94.0,311.0,False,SOFT,5.0,False,Williams,0 days 01:14:22.347000,1,FP3,50.5,25.3,28.2
HUL,27,80.643,2.0,1.0,28.348,29.149,23.146,302.0,255.0,256.0,328.0,True,MEDIUM,2.0,True,Audi,0 days 00:24:53.802000,1,FP3,49.6,25.4,28.0
HUL,27,80.392,5.0,2.0,28.29,28.864,23.238,300.0,253.0,258.0,326.0,True,MEDIUM,5.0,False,Audi,0 days 00:30:33.690000,1,FP3,49.6,25.4,28.0
HUL,27,97.533,8.0,3.0,32.317,36.438,28.778,257.0,224.0,267.0,274.0,False,MEDIUM,8.0,False,Audi,0 days 00:42:38.551000,1,FP3,49.6,25.4,28.0
HUL,27,80.403,9.0,3.0,28.275,28.992,23.136,299.0,253.0,257.0,324.0,False,MEDIUM,9.0,False,Audi,0 days 00:44:16.084000,1,FP3,49.6,25.4,28.0
HUL,27,103.622,10.0,3.0,38.789,37.94,26.893,215.0,177.0,263.0,246.0,False,MEDIUM,10.0,False,Audi,0 days 00:45:36.487000,1,FP3,49.6,25.4,28.0
HUL,27,82.228,11.0,3.0,28.619,29.913,23.696,295.0,243.0,264.0,328.0,False,MEDIUM,11.0,False,Audi,0 days 00:47:20.109000,1,FP3,49.6,25.4,28.0
HUL,27,82.067,12.0,3.0,28.719,29.625,23.723,289.0,246.0,265.0,327.0,False,MEDIUM,12.0,False,Audi,0 days 00:48:42.337000,1,FP3,49.6,25.4,28.0
HUL,27,82.154,13.0,3.0,28.938,29.47,23.746,290.0,244.0,263.0,319.0,False,MEDIUM,13.0,False,Audi,0 days 00:50:04.404000,1,FP3,49.6,25.4,28.0
HUL,27,82.532,14.0,3.0,28.879,29.915,23.738,289.0,243.0,264.0,318.0,False,MEDIUM,14.0,False,Audi,0 days 00:51:26.558000,1,FP3,49.6,25.4,28.0
HUL,27,79.16,17.0,4.0,27.936,28.352,22.872,299.0,256.0,258.0,327.0,True,SOFT,2.0,True,Audi,0 days 01:00:34.391000,1,FP3,51.4,25.1,27.8
HUL,27,100.743,20.0,5.0,32.784,39.142,28.817,214.0,194.0,268.0,326.0,False,SOFT,5.0,False,Audi,0 days 01:06:21.328000,1,FP3,51.4,25.1,27.8
HUL,27,135.739,23.0,6.0,33.028,38.013,64.698,231.0,175.0,23.0,286.0,False,SOFT,8.0,False,Audi,0 days 01:14:11.700000,1,FP3,51.4,25.1,27.8
LAW,30,80.317,2.0,1.0,28.614,28.849,22.854,306.0,254.0,262.0,323.0,True,MEDIUM,2.0,True,Racing Bulls,0 days 00:29:52.763000,1,FP3,52.2,25.3,28.0
LAW,30,124.719,3.0,1.0,47.669,43.821,33.229,149.0,152.0,207.0,201.0,False,MEDIUM,3.0,True,Racing Bulls,0 days 00:31:13.080000,12,FP3,52.2,25.3,28.0
LAW,30,97.644,6.0,2.0,28.227,40.211,29.206,299.0,189.0,169.0,325.0,False,MEDIUM,6.0,False,Racing Bulls,0 days 00:41:28.210000,1,FP3,52.2,25.3,28.0
LAW,30,106.03,7.0,2.0,42.318,38.126,25.586,200.0,201.0,266.0,207.0,False,MEDIUM,7.0,False,Racing Bulls,0 days 00:43:05.854000,1,FP3,52.2,25.3,28.0
LAW,30,80.035,8.0,2.0,28.279,28.669,23.087,302.0,250.0,263.0,326.0,True,MEDIUM,8.0,False,Racing Bulls,0 days 00:44:51.884000,1,FP3,52.2,25.3,28.0
LAW,30,82.4,11.0,3.0,28.922,29.849,23.629,290.0,248.0,265.0,321.0,False,MEDIUM,11.0,False,Racing Bulls,0 days 00:50:18.990000,1,FP3,52.2,25.3,28.0
LAW,30,82.718,12.0,3.0,29.398,29.764,23.556,295.0,250.0,265.0,322.0,False,MEDIUM,12.0,False,Racing Bulls,0 days 00:51:41.390000,1,FP3,52.2,25.3,28.0
LAW,30,81.612,13.0,3.0,28.619,29.486,23.507,299.0,249.0,266.0,321.0,False,MEDIUM,13.0,False,Racing Bulls,0 days 00:53:04.108000,1,FP3,52.2,25.3,28.0
LAW,30,82.326,14.0,3.0,29.003,29.668,23.655,293.0,250.0,265.0,322.0,False,MEDIUM,14.0,False,Racing Bulls,0 days 00:54:25.720000,1,FP3,52.2,25.3,28.0
LAW,30,79.088,17.0,4.0,28.145,28.258,22.685,309.0,254.0,261.0,324.0,True,SOFT,2.0,True,Racing Bulls,0 days 01:03:23.699000,1,FP3,52.8,25.2,28.6
LAW,30,79.372,20.0,5.0,27.993,28.399,22.98,308.0,254.0,254.0,325.0,False,SOFT,5.0,False,Racing Bulls,0 days 01:11:21.333000,1,FP3,52.8,25.2,28.6
LAW,30,101.561,21.0,5.0,37.706,37.067,26.788,228.0,193.0,211.0,196.0,False,SOFT,6.0,False,Racing Bulls,0 days 01:12:40.705000,1,FP3,52.8,25.2,28.6
LAW,30,141.816,22.0,5.0,35.63,41.744,64.442,239.0,161.0,141.0,215.0,False,SOFT,7.0,False,Racing Bulls,0 days 01:14:22.266000,1,FP3,52.8,25.2,28.6
OCO,31,96.185,2.0,1.0,28.525,36.076,31.584,303.0,171.0,263.0,324.0,True,SOFT,2.0,True,Haas F1 Team,0 days 00:41:01.515000,1,FP3,52.8,25.2,28.6
OCO,31,80.967,3.0,1.0,28.485,29.274,23.208,300.0,251.0,256.0,326.0,True,SOFT,3.0,True,Haas F1 Team,0 days 00:42:37.700000,1,FP3,53.2,24.6,29.4
OCO,31,128.025,4.0,1.0,50.364,46.366,31.295,143.0,188.0,196.0,174.0,False,SOFT,4.0,True,Haas F1 Team,0 days 00:43:58.667000,1,FP3,53.2,24.6,29.4
OCO,31,121.188,5.0,1.0,44.278,50.462,26.448,128.0,212.0,264.0,200.0,False,SOFT,5.0,True,Haas F1 Team,0 days 00:46:06.692000,1,FP3,53.2,24.6,29.4
OCO,31,80.962,6.0,1.0,28.518,29.233,23.211,300.0,252.0,260.0,325.0,True,SOFT,6.0,True,Haas F1 Team,0 days 00:48:07.880000,1,FP3,53.2,24.6,29.4
OCO,31,123.601,7.0,1.0,43.935,45.48,34.186,153.0,160.0,187.0,293.0,False,SOFT,7.0,True,Haas F1 Team,0 days 00:49:28.842000,1,FP3,53.2,24.6,29.4
OCO,31,112.439,8.0,1.0,42.534,43.944,25.961,164.0,220.0,263.0,186.0,False,SOFT,8.0,True,Haas F1 Team,0 days 00:51:32.443000,1,FP3,53.2,25.5,29.4
OCO,31,80.849,9.0,1.0,28.508,29.201,23.14,299.0,250.0,258.0,325.0,True,SOFT,9.0,True,Haas F1 Team,0 days 00:53:24.882000,1,FP3,53.2,25.5,29.4
OCO,31,80.295,12.0,2.0,28.279,29.047,22.969,301.0,251.0,261.0,328.0,True,SOFT,2.0,True,Haas F1 Team,0 days 01:04:56.152000,1,FP3,53.2,25.5,29.4
OCO,31,80.652,15.0,3.0,28.526,29.053,23.073,298.0,253.0,258.0,326.0,False,SOFT,5.0,False,Haas F1 Team,0 days 01:10:55.025000,1,FP3,53.2,25.1,28.6
OCO,31,115.337,16.0,3.0,41.706,40.502,33.129,194.0,151.0,260.0,279.0,False,SOFT,6.0,False,Haas F1 Team,0 days 01:12:15.677000,1,FP3,53.2,25.1,28.6
OCO,31,146.738,17.0,3.0,35.087,37.832,73.819,176.0,156.0,133.0,317.0,False,SOFT,7.0,False,Haas F1 Team,0 days 01:14:11.014000,1,FP3,53.2,25.1,28.6
LIN,41,80.073,2.0,1.0,28.32,28.849,22.904,301.0,248.0,270.0,325.0,True,SOFT,2.0,True,Racing Bulls,0 days 01:09:48.832000,1,FP3,53.2,25.1,28.6
LIN,41,95.577,3.0,1.0,36.298,34.698,24.581,172.0,233.0,268.0,245.0,False,SOFT,3.0,True,Racing Bulls,0 days 01:11:08.905000,1,FP3,53.2,25.1,28.6
LIN,41,79.895,4.0,1.0,28.079,28.647,23.169,305.0,250.0,269.0,329.0,True,SOFT,4.0,True,Racing Bulls,0 days 01:12:44.482000,1,FP3,53.2,25.1,28.6
LIN,41,136.578,5.0,1.0,38.697,35.737,62.144,213.0,220.0,3.0,215.0,False,SOFT,5.0,True,Racing Bulls,0 days 01:14:04.377000,1,FP3,53.2,25.1,28.6
COL,43,82.464,2.0,1.0,28.731,30.227,23.506,292.0,246.0,244.0,328.0,True,SOFT,2.0,True,Alpine,0 days 00:16:52.681000,1,FP3,53.2,25.1,28.6
COL,43,142.817,3.0,1.0,58.446,54.849,29.522,100.0,125.0,264.0,186.0,False,SOFT,3.0,True,Alpine,0 days 00:18:15.145000,1,FP3,53.2,25.1,28.6
COL,43,81.747,4.0,1.0,28.529,29.839,23.379,294.0,251.0,250.0,328.0,True,SOFT,4.0,True,Alpine,0 days 00:20:37.962000,1,FP3,53.2,25.1,28.6
COL,43,81.132,6.0,1.0,28.453,29.539,23.14,297.0,246.0,255.0,328.0,True,SOFT,6.0,True,Alpine,0 days 00:24:45.657000,1,FP3,52.8,25.1,29.1
COL,43,105.641,8.0,1.0,39.163,40.232,26.246,225.0,199.0,265.0,230.0,False,SOFT,8.0,True,Alpine,0 days 00:28:42.358000,1,FP3,52.8,25.1,29.1
COL,43,81.306,9.0,1.0,28.38,29.648,23.278,296.0,251.0,245.0,329.0,False,SOFT,9.0,True,Alpine,0 days 00:30:27.999000,1,FP3,52.8,25.1,29.1
COL,43,85.509,12.0,2.0,29.363,31.749,24.397,275.0,235.0,262.0,324.0,False,SOFT,12.0,False,Alpine,0 days 00:43:07.922000,1,FP3,54.0,24.6,28.0
COL,43,84.449,13.0,2.0,29.257,31.007,24.185,287.0,236.0,263.0,307.0,False,SOFT,13.0,False,Alpine,0 days 00:44:33.431000,1,FP3,54.0,24.6,28.0
COL,43,84.381,14.0,2.0,29.124,31.015,24.242,283.0,239.0,262.0,316.0,False,SOFT,14.0,False,Alpine,0 days 00:45:57.880000,1,FP3,54.0,24.6,28.0
COL,43,84.233,15.0,2.0,29.276,30.677,24.28,287.0,239.0,261.0,320.0,False,SOFT,15.0,False,Alpine,0 days 00:47:22.261000,1,FP3,54.0,24.6,28.0
COL,43,83.884,16.0,2.0,29.147,30.655,24.082,294.0,240.0,261.0,321.0,False,SOFT,16.0,False,Alpine,0 days 00:48:46.494000,1,FP3,54.0,24.6,28.0
COL,43,83.59,17.0,2.0,28.987,30.428,24.175,290.0,240.0,260.0,324.0,False,SOFT,17.0,False,Alpine,0 days 00:50:10.378000,1,FP3,54.0,24.6,28.0
COL,43,83.724,18.0,2.0,29.013,30.566,24.145,286.0,239.0,261.0,327.0,False,SOFT,18.0,False,Alpine,0 days 00:51:33.968000,1,FP3,54.5,25.2,27.6
COL,43,83.575,19.0,2.0,29.132,30.412,24.031,288.0,240.0,260.0,320.0,False,SOFT,19.0,False,Alpine,0 days 00:52:57.692000,1,FP3,54.5,25.2,27.6
COL,43,83.38,20.0,2.0,28.839,30.452,24.089,300.0,237.0,260.0,326.0,False,SOFT,20.0,False,Alpine,0 days 00:54:21.267000,1,FP3,54.5,25.2,27.6
COL,43,83.621,21.0,2.0,28.973,30.483,24.165,294.0,241.0,261.0,325.0,False,SOFT,21.0,False,Alpine,0 days 00:55:44.647000,1,FP3,54.5,25.2,27.6
COL,43,85.16,22.0,2.0,29.429,31.11,24.621,284.0,235.0,259.0,328.0,False,SOFT,22.0,False,Alpine,0 days 00:57:08.268000,1,FP3,54.5,25.2,27.6
COL,43,80.055,25.0,3.0,28.037,28.954,23.064,297.0,252.0,258.0,330.0,True,SOFT,2.0,True,Alpine,0 days 01:05:31.720000,1,FP3,54.5,25.2,27.6
COL,43,120.48,27.0,3.0,39.946,45.688,34.846,116.0,204.0,268.0,221.0,False,SOFT,4.0,True,Alpine,0 days 01:09:28.283000,1,FP3,54.5,25.2,27.6
COL,43,120.133,28.0,3.0,43.233,45.001,31.899,157.0,152.0,177.0,333.0,False,SOFT,5.0,True,Alpine,0 days 01:11:28.763000,1,FP3,54.5,25.2,27.6
HAM,44,80.505,2.0,1.0,28.643,29.26,22.602,286.0,252.0,264.0,322.0,True,SOFT,2.0,True,Ferrari,0 days 00:29:17.508000,1,FP3,54.5,25.2,27.6
HAM,44,94.69,5.0,2.0,34.136,33.905,26.649,262.0,224.0,269.0,276.0,False,SOFT,5.0,False,Ferrari,0 days 00:42:34.427000,1,FP3,54.2,25.2,28.0
HAM,44,79.053,6.0,2.0,27.809,28.751,22.493,293.0,250.0,265.0,327.0,True,SOFT,6.0,False,Ferrari,0 days 00:44:09.117000,1,FP3,54.2,25.2,28.0
HAM,44,81.089,9.0,3.0,28.639,29.396,23.054,286.0,247.0,264.0,315.0,False,SOFT,9.0,False,Ferrari,0 days 00:49:27.531000,1,FP3,54.2,25.7,28.0
HAM,44,80.527,10.0,3.0,28.328,29.28,22.919,285.0,248.0,264.0,322.0,False,SOFT,10.0,False,Ferrari,0 days 00:50:48.620000,1,FP3,54.2,25.7,28.0
HAM,44,80.718,11.0,3.0,28.449,29.289,22.98,283.0,248.0,265.0,316.0,False,SOFT,11.0,False,Ferrari,0 days 00:52:09.147000,1,FP3,54.2,25.7,28.0
HAM,44,80.893,12.0,3.0,28.396,29.316,23.181,284.0,250.0,263.0,318.0,False,SOFT,12.0,False,Ferrari,0 days 00:53:29.865000,1,FP3,54.2,25.7,28.0
HAM,44,78.056,15.0,4.0,27.589,28.314,22.153,294.0,256.0,266.0,331.0,True,SOFT,2.0,True,Ferrari,0 days 01:02:44.948000,1,FP3,54.2,25.7,28.0
HAM,44,102.99,18.0,5.0,27.63,44.051,31.309,296.0,80.0,268.0,327.0,False,SOFT,5.0,False,Ferrari,0 days 01:08:44.036000,1,FP3,54.2,25.7,28.0
HAM,44,78.632,19.0,5.0,27.694,28.338,22.6,294.0,252.0,263.0,327.0,False,SOFT,6.0,False,Ferrari,0 days 01:10:27.026000,1,FP3,54.2,25.7,28.0
HAM,44,110.314,20.0,5.0,47.007,38.487,24.82,149.0,233.0,266.0,241.0,False,SOFT,7.0,False,Ferrari,0 days 01:11:45.658000,1,FP3,54.2,25.7,28.0
HAM,44,115.541,21.0,5.0,28.774,38.725,48.042,275.0,154.0,54.0,327.0,False,SOFT,8.0,False,Ferrari,0 days 01:13:35.972000,1,FP3,54.2,25.7,28.0
SAI,55,82.195,2.0,1.0,28.92,29.67,23.605,302.0,247.0,261.0,325.0,True,SOFT,2.0,True,Williams,0 days 00:42:08.704000,1,FP3,54.2,25.7,28.0
SAI,55,94.913,5.0,2.0,32.07,36.467,26.376,235.0,207.0,265.0,326.0,False,SOFT,5.0,False,Williams,0 days 00:47:41.272000,1,FP3,54.2,25.7,28.0
SAI,55,81.785,6.0,2.0,28.626,29.603,23.556,297.0,244.0,258.0,325.0,True,SOFT,6.0,False,Williams,0 days 00:49:16.185000,1,FP3,54.2,25.7,28.0
SAI,55,81.406,9.0,3.0,28.434,29.61,23.362,294.0,246.0,262.0,324.0,True,SOFT,9.0,False,Williams,0 days 00:54:42.069000,1,FP3,54.2,25.7,28.0
SAI,55,99.786,13.0,5.0,33.234,40.218,26.334,173.0,199.0,268.0,328.0,False,SOFT,2.0,True,Williams,0 days 01:09:07.206000,1,FP3,54.2,25.7,28.0
SAI,55,80.66,14.0,5.0,28.242,29.372,23.046,299.0,248.0,260.0,326.0,False,SOFT,3.0,True,Williams,0 days 01:10:46.992000,1,FP3,54.2,25.7,28.0
SAI,55,120.267,15.0,5.0,43.684,43.242,33.341,116.0,121.0,267.0,223.0,False,SOFT,4.0,True,Williams,0 days 01:12:07.652000,1,FP3,52.9,26.0,28.1
SAI,55,128.738,16.0,5.0,29.426,33.691,65.621,302.0,166.0,86.0,328.0,False,SOFT,5.0,True,Williams,0 days 01:14:07.919000,1,FP3,52.9,26.0,28.1
RUS,63,95.372,2.0,1.0,31.102,37.041,27.229,274.0,156.0,269.0,301.0,True,SOFT,2.0,True,Mercedes,0 days 00:40:56.791000,1,FP3,52.9,26.0,28.1
RUS,63,79.286,3.0,1.0,27.871,28.857,22.558,297.0,254.0,261.0,331.0,True,SOFT,3.0,True,Mercedes,0 days 00:42:32.163000,1,FP3,52.9,26.0,28.1
RUS,63,93.755,8.0,3.0,32.548,35.857,25.35,269.0,192.0,270.0,302.0,False,SOFT,2.0,True,Mercedes,0 days 00:56:09.067000,1,FP3,52.9,26.0,28.1
RUS,63,112.129,9.0,3.0,37.665,47.601,26.863,163.0,141.0,270.0,329.0,False,SOFT,3.0,True,Mercedes,0 days 00:57:42.822000,1,FP3,52.9,26.0,28.1
RUS,63,78.869,10.0,3.0,27.85,28.391,22.628,296.0,256.0,261.0,330.0,True,SOFT,4.0,True,Mercedes,0 days 00:59:34.951000,1,FP3,52.9,26.0,28.1
RUS,63,121.337,11.0,3.0,45.194,38.633,37.51,238.0,201.0,141.0,196.0,False,SOFT,5.0,True,Mercedes,0 days 01:00:53.820000,1,FP3,52.9,26.0,28.1
RUS,63,112.079,12.0,3.0,46.608,40.407,25.064,241.0,212.0,270.0,179.0,False,SOFT,6.0,True,Mercedes,0 days 01:02:55.157000,1,FP3,52.9,26.0,28.1
RUS,63,78.541,13.0,3.0,27.9,28.319,22.322,297.0,253.0,263.0,328.0,True,SOFT,7.0,True,Mercedes,0 days 01:04:47.236000,1,FP3,52.9,26.0,28.1
RUS,63,138.178,14.0,3.0,50.071,58.403,29.704,153.0,96.0,270.0,166.0,False,SOFT,8.0,True,Mercedes,0 days 01:06:05.777000,1,FP3,52.9,26.0,28.1
RUS,63,145.739,17.0,4.0,37.367,38.048,70.324,204.0,158.0,162.0,304.0,False,SOFT,8.0,False,Mercedes,0 days 01:14:29.192000,1,FP3,51.7,26.0,27.8
BOT,77,83.28,2.0,1.0,29.226,30.39,23.664,289.0,239.0,256.0,316.0,True,SOFT,2.0,False,Cadillac,0 days 00:23:13.045000,1,FP3,51.7,26.0,27.8
BOT,77,82.209,7.0,3.0,28.687,29.872,23.65,297.0,249.0,259.0,324.0,True,SOFT,2.0,True,Cadillac,0 days 00:46:27.623000,1,FP3,51.7,26.0,27.8
BOT,77,81.299,10.0,4.0,28.527,29.616,23.156,296.0,251.0,260.0,327.0,True,SOFT,5.0,False,Cadillac,0 days 00:52:19.764000,1,FP3,51.7,26.0,27.8
BOT,77,81.358,13.0,5.0,28.645,29.617,23.096,295.0,253.0,257.0,326.0,False,SOFT,8.0,False,Cadillac,0 days 01:11:16.402000,1,FP3,51.7,26.0,27.8
BOT,77,108.042,14.0,5.0,41.383,39.203,27.456,133.0,196.0,246.0,290.0,False,SOFT,9.0,False,Cadillac,0 days 01:12:37.760000,1,FP3,52.8,25.5,28.4
PIA,81,79.918,2.0,1.0,28.221,28.834,22.863,301.0,252.0,258.0,322.0,True,SOFT,2.0,True,McLaren,0 days 00:28:15.461000,1,FP3,52.8,25.5,28.4
PIA,81,122.488,3.0,1.0,46.888,41.602,33.998,112.0,166.0,266.0,244.0,False,SOFT,3.0,True,McLaren,0 days 00:29:35.379000,1,FP3,52.8,25.5,28.4
PIA,81,104.289,4.0,1.0,38.797,40.146,25.346,178.0,182.0,267.0,324.0,False,SOFT,4.0,True,McLaren,0 days 00:31:37.867000,12,FP3,52.8,25.5,28.4
PIA,81,93.746,7.0,2.0,33.292,34.101,26.353,238.0,157.0,269.0,254.0,False,SOFT,7.0,False,McLaren,0 days 00:42:20.936000,1,FP3,52.8,25.5,28.4
PIA,81,79.236,8.0,2.0,27.877,28.528,22.831,298.0,255.0,256.0,326.0,True,SOFT,8.0,False,McLaren,0 days 00:43:54.682000,1,FP3,52.8,25.5,28.4
PIA,81,113.01,9.0,2.0,41.641,44.31,27.059,177.0,116.0,267.0,213.0,False,SOFT,9.0,False,McLaren,0 days 00:45:13.918000,1,FP3,52.8,25.5,28.4
PIA,81,79.543,10.0,2.0,28.237,28.366,22.94,302.0,254.0,261.0,326.0,False,SOFT,10.0,False,McLaren,0 days 00:47:06.928000,1,FP3,52.8,25.5,28.4
PIA,81,78.464,13.0,3.0,27.923,27.984,22.557,306.0,253.0,260.0,327.0,True,SOFT,2.0,True,McLaren,0 days 00:56:54.017000,1,FP3,52.8,25.5,28.4
PIA,81,107.582,14.0,3.0,40.911,40.868,25.803,220.0,174.0,270.0,216.0,False,SOFT,3.0,True,McLaren,0 days 00:58:12.481000,1,FP3,52.8,25.5,28.4
PIA,81,96.382,15.0,3.0,27.659,37.167,31.556,304.0,159.0,181.0,328.0,False,SOFT,4.0,True,McLaren,0 days 01:00:00.063000,1,FP3,52.8,25.5,28.4
PIA,81,100.985,16.0,3.0,40.906,35.79,24.289,245.0,224.0,270.0,213.0,False,SOFT,5.0,True,McLaren,0 days 01:01:36.445000,1,FP3,52.8,25.5,28.4
PIA,81,78.438,17.0,3.0,27.778,28.109,22.551,306.0,257.0,262.0,326.0,True,SOFT,6.0,True,McLaren,0 days 01:03:17.430000,1,FP3,52.8,25.5,28.4
PIA,81,115.41,18.0,3.0,41.976,43.341,30.093,169.0,152.0,269.0,249.0,False,SOFT,7.0,True,McLaren,0 days 01:04:35.868000,1,FP3,52.8,25.5,28.4
PIA,81,142.943,21.0,4.0,32.57,36.907,73.466,233.0,178.0,3.0,273.0,False,SOFT,13.0,False,McLaren,0 days 01:13:46.497000,1,FP3,53.5,25.7,28.5
BEA,87,81.799,2.0,1.0,28.582,29.637,23.58,300.0,248.0,258.0,328.0,True,SOFT,2.0,True,Haas F1 Team,0 days 00:41:12.946000,1,FP3,53.5,25.7,28.5
BEA,87,148.322,3.0,1.0,61.633,51.155,35.534,84.0,156.0,154.0,206.0,False,SOFT,3.0,True,Haas F1 Team,0 days 00:42:34.745000,1,FP3,53.5,25.7,28.5
BEA,87,111.466,4.0,1.0,47.2,39.084,25.182,167.0,219.0,263.0,167.0,False,SOFT,4.0,True,Haas F1 Team,0 days 00:45:03.067000,1,FP3,53.5,25.7,28.5
BEA,87,81.094,5.0,1.0,28.576,29.36,23.158,295.0,251.0,259.0,325.0,True,SOFT,5.0,True,Haas F1 Team,0 days 00:46:54.533000,1,FP3,53.5,25.7,28.5
BEA,87,80.346,8.0,2.0,28.206,29.278,22.862,298.0,252.0,261.0,328.0,True,SOFT,2.0,True,Haas F1 Team,0 days 01:03:34.647000,1,FP3,53.5,25.7,28.5
BEA,87,80.312,11.0,3.0,28.198,29.132,22.982,299.0,248.0,261.0,329.0,True,SOFT,5.0,False,Haas F1 Team,0 days 01:10:02.448000,1,FP3,53.5,25.7,28.5
BEA,87,133.132,12.0,3.0,49.922,51.7,31.51,148.0,178.0,255.0,215.0,False,SOFT,6.0,False,Haas F1 Team,0 days 01:11:22.760000,1,FP3,53.5,25.7,28.5
BEA,87,109.138,13.0,3.0,35.499,35.245,38.394,236.0,224.0,54.0,309.0,False,SOFT,7.0,False,Haas F1 Team,0 days 01:13:35.892000,1,FP3,53.5,25.7,28.5
