Time,Driver,DriverNumber,LapTime,LapNumber,Stint,PitOutTime,PitInTime,Sector1Time,Sector2Time,Sector3Time,Sector1SessionTime,Sector2SessionTime,Sector3SessionTime,SpeedI1,SpeedI2,SpeedFL,SpeedST,IsPersonalBest,Compound,TyreLife,FreshTyre,Team,LapStartTime,LapStartDate,TrackStatus,Position,Deleted,DeletedReason,FastF1Generated,IsAccurate,Session,TrackTemp,AirTemp,Humidity
0 days 00:17:00.016000,NOR,1,,1.0,1.0,0 days 00:14:34.982000,,,0 days 00:01:08.087000,0 days 00:00:30.123000,,0 days 00:16:30.244000,0 days 00:17:00.211000,158.0,151.0,304.0,276.0,False,MEDIUM,1.0,True,McLaren,0 days 00:14:34.982000,2026-09-24 08:31:11.728,1,,,,False,False,FP1,50.4,28.1,75.0
0 days 00:18:49.722000,NOR,1,0 days 00:01:49.706000,2.0,1.0,,,0 days 00:00:38.872000,0 days 00:00:44.485000,0 days 00:00:26.349000,0 days 00:17:38.888000,0 days 00:18:23.373000,0 days 00:18:49.722000,189.0,193.0,302.0,302.0,True,MEDIUM,2.0,True,McLaren,0 days 00:17:00.016000,2026-09-24 08:33:36.762,1,,,,False,True,FP1,50.4,28.1,75.0
0 days 00:21:12.183000,NOR,1,0 days 00:02:22.461000,3.0,1.0,,,0 days 00:00:51.785000,0 days 00:01:01.463000,0 days 00:00:29.213000,0 days 00:19:41.507000,0 days 00:20:42.970000,0 days 00:21:12.183000,102.0,166.0,307.0,279.0,False,MEDIUM,3.0,True,McLaren,0 days 00:18:49.722000,2026-09-24 08:35:26.468,1,,,,False,True,FP1,50.4,28.1,75.0
0 days 00:23:02.324000,NOR,1,0 days 00:01:50.141000,4.0,1.0,,,0 days 00:00:38.288000,0 days 00:00:45.400000,0 days 00:00:26.453000,0 days 00:21:50.471000,0 days 00:22:35.871000,0 days 00:23:02.324000,202.0,192.0,301.0,304.0,False,MEDIUM,4.0,True,McLaren,0 days 00:21:12.183000,2026-09-24 08:37:48.929,1,,,,False,True,FP1,50.4,28.1,75.0
0 days 00:25:21.936000,NOR,1,0 days 00:02:19.612000,5.0,1.0,,,0 days 00:00:50.086000,0 days 00:00:57.913000,0 days 00:00:31.613000,0 days 00:23:52.410000,0 days 00:24:50.323000,0 days 00:25:21.936000,123.0,108.0,298.0,253.0,False,MEDIUM,5.0,True,McLaren,0 days 00:23:02.324000,2026-09-24 08:39:39.070,1,,,,False,True,FP1,50.0,28.1,75.8
0 days 00:27:09.612000,NOR,1,0 days 00:01:47.676000,6.0,1.0,,,0 days 00:00:38.044000,0 days 00:00:43.732000,0 days 00:00:25.900000,0 days 00:25:59.980000,0 days 00:26:43.712000,0 days 00:27:09.612000,203.0,207.0,304.0,309.0,True,MEDIUM,6.0,True,McLaren,0 days 00:25:21.936000,2026-09-24 08:41:58.682,1,,,,False,True,FP1,50.0,28.1,75.8
0 days 00:29:32.612000,NOR,1,0 days 00:02:23,7.0,1.0,,,0 days 00:00:49.941000,0 days 00:01:02.796000,0 days 00:00:30.263000,0 days 00:27:59.553000,0 days 00:29:02.349000,0 days 00:29:32.612000,132.0,71.0,310.0,281.0,False,MEDIUM,7.0,True,McLaren,0 days 00:27:09.612000,2026-09-24 08:43:46.358,1,,,,False,True,FP1,50.0,28.1,75.8
0 days 00:31:29.327000,NOR,1,0 days 00:01:56.715000,8.0,1.0,,0 days 00:31:27.959000,0 days 00:00:37.529000,0 days 00:00:43.567000,0 days 00:00:35.619000,0 days 00:30:10.141000,0 days 00:30:53.708000,0 days 00:31:29.327000,197.0,208.0,,250.0,False,MEDIUM,8.0,True,McLaren,0 days 00:29:32.612000,2026-09-24 08:46:09.358,1,,,,False,False,FP1,50.0,28.1,75.8
0 days 01:05:16.227000,NOR,1,,9.0,2.0,0 days 01:02:42.662000,,,0 days 00:00:52.462000,0 days 00:00:32.415000,,0 days 01:04:43.916000,0 days 01:05:16.307000,175.0,120.0,311.0,283.0,False,MEDIUM,9.0,False,McLaren,0 days 00:31:29.327000,2026-09-24 08:48:06.073,1267,,,,False,False,FP1,50.0,28.1,75.8
0 days 01:07:03.208000,NOR,1,0 days 00:01:46.981000,10.0,2.0,,,0 days 00:00:37.702000,0 days 00:00:43.525000,0 days 00:00:25.754000,0 days 01:05:53.929000,0 days 01:06:37.454000,0 days 01:07:03.208000,212.0,213.0,301.0,309.0,True,MEDIUM,10.0,False,McLaren,0 days 01:05:16.227000,2026-09-24 09:21:52.973,1,,,,False,True,FP1,50.0,28.1,75.8
0 days 01:09:27.644000,NOR,1,0 days 00:02:24.436000,11.0,2.0,,0 days 01:09:26.281000,0 days 00:00:44.849000,0 days 00:00:55.075000,0 days 00:00:44.512000,0 days 01:07:48.057000,0 days 01:08:43.132000,0 days 01:09:27.644000,179.0,178.0,,224.0,False,MEDIUM,11.0,False,McLaren,0 days 01:07:03.208000,2026-09-24 09:23:39.954,126,,,,False,False,FP1,50.0,28.1,75.8
0 days 01:14:24.574000,NOR,1,,12.0,3.0,0 days 01:12:24.630000,,,0 days 00:00:46.779000,0 days 00:00:31.080000,,0 days 01:13:53.645000,0 days 01:14:24.574000,183.0,180.0,231.0,249.0,False,MEDIUM,12.0,False,McLaren,0 days 01:09:27.644000,2026-09-24 09:26:04.390,671,,,,False,False,FP1,50.0,28.1,75.8
0 days 01:16:59.191000,NOR,1,,13.0,3.0,,,0 days 00:00:49.762000,0 days 00:00:54.589000,0 days 00:00:50.234000,0 days 01:15:14.368000,0 days 01:16:08.973000,0 days 01:16:59.311000,172.0,154.0,53.0,194.0,False,MEDIUM,13.0,False,McLaren,0 days 01:14:24.574000,2026-09-24 09:31:01.320,1,,,,False,False,FP1,50.0,28.1,75.8
0 days 01:19:43.168000,NOR,1,,14.0,3.0,,0 days 01:19:41.713000,0 days 00:01:16.938000,0 days 00:00:51.330000,0 days 00:00:35.789000,0 days 01:18:16.560000,0 days 01:19:07.465000,0 days 01:19:43.168000,182.0,124.0,,294.0,False,MEDIUM,14.0,False,McLaren,0 days 01:16:59.191000,2026-09-24 09:33:35.937,12,,,,False,False,FP1,50.0,28.1,75.8
0 days 00:16:28.340000,GAS,10,,1.0,1.0,0 days 00:13:45.532000,,,0 days 00:01:02.801000,0 days 00:00:30.851000,,0 days 00:15:57.644000,0 days 00:16:28.367000,144.0,126.0,308.0,305.0,False,HARD,1.0,True,Alpine,0 days 00:13:45.532000,2026-09-24 08:30:22.278,1,,,,False,False,FP1,50.0,28.1,75.8
0 days 00:18:47.218000,GAS,10,0 days 00:02:18.878000,2.0,1.0,,0 days 00:18:46.397000,0 days 00:00:49.686000,0 days 00:00:56.730000,0 days 00:00:32.462000,0 days 00:17:18.026000,0 days 00:18:14.756000,0 days 00:18:47.218000,136.0,177.0,,303.0,False,HARD,2.0,True,Alpine,0 days 00:16:28.340000,2026-09-24 08:33:05.086,1,,,,False,False,FP1,50.0,28.1,75.8
0 days 00:32:49.653000,GAS,10,,3.0,2.0,0 days 00:30:29.010000,,,0 days 00:00:50.026000,0 days 00:00:29.847000,,0 days 00:32:20.039000,0 days 00:32:49.785000,154.0,174.0,300.0,277.0,False,HARD,3.0,False,Alpine,0 days 00:18:47.218000,2026-09-24 08:35:23.964,1,,,,False,False,FP1,50.0,28.1,75.8
0 days 00:34:40.608000,GAS,10,0 days 00:01:50.955000,4.0,2.0,,,0 days 00:00:39.524000,0 days 00:00:45.208000,0 days 00:00:26.223000,0 days 00:33:29.177000,0 days 00:34:14.385000,0 days 00:34:40.608000,179.0,194.0,305.0,306.0,True,HARD,4.0,False,Alpine,0 days 00:32:49.653000,2026-09-24 08:49:26.399,1,,,,False,True,FP1,50.0,28.1,74.7
0 days 00:36:47.396000,GAS,10,0 days 00:02:06.788000,5.0,2.0,,,0 days 00:00:45.649000,0 days 00:00:52.504000,0 days 00:00:28.635000,0 days 00:35:26.257000,0 days 00:36:18.761000,0 days 00:36:47.396000,172.0,174.0,310.0,285.0,False,HARD,5.0,False,Alpine,0 days 00:34:40.608000,2026-09-24 08:51:17.354,1,,,,False,True,FP1,50.0,28.1,74.7
0 days 00:39:07.461000,GAS,10,0 days 00:02:20.065000,6.0,2.0,,,0 days 00:00:38.481000,0 days 00:01:05.304000,0 days 00:00:36.280000,0 days 00:37:25.877000,0 days 00:38:31.181000,0 days 00:39:07.461000,171.0,156.0,235.0,142.0,False,HARD,6.0,False,Alpine,0 days 00:36:47.396000,2026-09-24 08:53:24.142,1267,,,,False,False,FP1,49.3,28.2,74.4
0 days 00:41:14.983000,GAS,10,0 days 00:02:07.522000,7.0,2.0,,,0 days 00:00:47.475000,0 days 00:00:51.586000,0 days 00:00:28.461000,0 days 00:39:54.936000,0 days 00:40:46.522000,0 days 00:41:14.983000,162.0,177.0,312.0,287.0,False,HARD,7.0,False,Alpine,0 days 00:39:07.461000,2026-09-24 08:55:44.207,71,,,,False,False,FP1,49.3,28.2,74.4
0 days 00:43:03.266000,GAS,10,0 days 00:01:48.283000,8.0,2.0,,,0 days 00:00:38.409000,0 days 00:00:44.342000,0 days 00:00:25.532000,0 days 00:41:53.392000,0 days 00:42:37.734000,0 days 00:43:03.266000,187.0,204.0,308.0,315.0,True,HARD,8.0,False,Alpine,0 days 00:41:14.983000,2026-09-24 08:57:51.729,12,,,,False,True,FP1,49.3,28.2,74.4
0 days 00:45:14.332000,GAS,10,0 days 00:02:11.066000,9.0,2.0,,,0 days 00:00:47.281000,0 days 00:00:55.384000,0 days 00:00:28.401000,0 days 00:43:50.547000,0 days 00:44:45.931000,0 days 00:45:14.332000,142.0,184.0,312.0,287.0,False,HARD,9.0,False,Alpine,0 days 00:43:03.266000,2026-09-24 08:59:40.012,1,,,,False,True,FP1,49.3,28.2,74.4
0 days 00:47:01.674000,GAS,10,0 days 00:01:47.342000,10.0,2.0,,,0 days 00:00:37.888000,0 days 00:00:44.117000,0 days 00:00:25.337000,0 days 00:45:52.220000,0 days 00:46:36.337000,0 days 00:47:01.674000,197.0,206.0,313.0,321.0,True,HARD,10.0,False,Alpine,0 days 00:45:14.332000,2026-09-24 09:01:51.078,12,,,,False,True,FP1,49.3,28.2,74.4
0 days 00:49:13.591000,GAS,10,0 days 00:02:11.917000,11.0,2.0,,,0 days 00:00:48.891000,0 days 00:00:54.767000,0 days 00:00:28.259000,0 days 00:47:50.565000,0 days 00:48:45.332000,0 days 00:49:13.591000,159.0,190.0,313.0,288.0,False,HARD,11.0,False,Alpine,0 days 00:47:01.674000,2026-09-24 09:03:38.420,12,,,,False,True,FP1,49.3,28.2,74.4
0 days 00:51:00.634000,GAS,10,0 days 00:01:47.043000,12.0,2.0,,,0 days 00:00:37.907000,0 days 00:00:43.809000,0 days 00:00:25.327000,0 days 00:49:51.498000,0 days 00:50:35.307000,0 days 00:51:00.634000,205.0,206.0,311.0,319.0,True,HARD,12.0,False,Alpine,0 days 00:49:13.591000,2026-09-24 09:05:50.337,1,,,,False,True,FP1,49.3,28.2,74.4
0 days 00:53:15.379000,GAS,10,0 days 00:02:14.745000,13.0,2.0,,,0 days 00:00:49.875000,0 days 00:00:56.590000,0 days 00:00:28.280000,0 days 00:51:50.509000,0 days 00:52:47.099000,0 days 00:53:15.379000,152.0,179.0,314.0,290.0,False,HARD,13.0,False,Alpine,0 days 00:51:00.634000,2026-09-24 09:07:37.380,1,,,,False,True,FP1,49.3,28.2,74.4
0 days 00:55:02.876000,GAS,10,0 days 00:01:47.497000,14.0,2.0,,,0 days 00:00:38.315000,0 days 00:00:43.884000,0 days 00:00:25.298000,0 days 00:53:53.694000,0 days 00:54:37.578000,0 days 00:55:02.876000,191.0,207.0,310.0,320.0,False,HARD,14.0,False,Alpine,0 days 00:53:15.379000,2026-09-24 09:09:52.125,1,,,,False,True,FP1,49.3,28.2,74.4
0 days 00:57:15.059000,GAS,10,0 days 00:02:12.183000,15.0,2.0,,0 days 00:57:13.788000,0 days 00:00:45.854000,0 days 00:00:53.068000,0 days 00:00:33.261000,0 days 00:55:48.730000,0 days 00:56:41.798000,0 days 00:57:15.059000,167.0,173.0,,266.0,False,HARD,15.0,False,Alpine,0 days 00:55:02.876000,2026-09-24 09:11:39.622,1,,,,False,False,FP1,49.3,28.2,74.4
0 days 01:04:30.658000,GAS,10,,16.0,3.0,0 days 01:02:17.953000,,,0 days 00:01:01.858000,0 days 00:00:29.112000,,0 days 01:04:01.598000,0 days 01:04:30.680000,152.0,101.0,297.0,285.0,False,SOFT,1.0,True,Alpine,0 days 00:57:15.059000,2026-09-24 09:13:51.805,1,,,,False,False,FP1,49.3,28.2,74.4
0 days 01:06:44.811000,GAS,10,0 days 00:02:14.153000,17.0,3.0,,,0 days 00:00:50.271000,0 days 00:00:55.899000,0 days 00:00:27.983000,0 days 01:05:20.929000,0 days 01:06:16.828000,0 days 01:06:44.811000,139.0,186.0,317.0,291.0,False,SOFT,2.0,True,Alpine,0 days 01:04:30.658000,2026-09-24 09:21:07.404,1,,,,False,True,FP1,49.3,28.2,74.4
0 days 01:09:22.340000,GAS,10,,18.0,3.0,,,0 days 00:00:53.886000,0 days 00:01:03.510000,0 days 00:00:40.287000,0 days 01:07:38.712000,0 days 01:08:42.267000,0 days 01:09:22.469000,174.0,187.0,153.0,256.0,False,SOFT,3.0,True,Alpine,0 days 01:06:44.811000,2026-09-24 09:23:21.557,126,,,,False,False,FP1,49.8,28.3,73.8
0 days 01:11:34.751000,GAS,10,0 days 00:02:12.411000,19.0,3.0,,,0 days 00:00:53.828000,0 days 00:00:50.334000,0 days 00:00:28.249000,0 days 01:10:16.168000,0 days 01:11:06.502000,0 days 01:11:34.751000,157.0,189.0,313.0,288.0,False,SOFT,4.0,True,Alpine,0 days 01:09:22.340000,2026-09-24 09:25:59.086,671,,,,False,False,FP1,49.8,28.3,73.8
0 days 01:13:50.718000,GAS,10,0 days 00:02:15.967000,20.0,3.0,,,0 days 00:00:51.721000,0 days 00:00:51.652000,0 days 00:00:32.594000,0 days 01:12:26.472000,0 days 01:13:18.124000,0 days 01:13:50.718000,149.0,155.0,211.0,213.0,False,SOFT,5.0,True,Alpine,0 days 01:11:34.751000,2026-09-24 09:28:11.497,1,,,,False,True,FP1,49.8,28.3,73.8
0 days 01:16:38.824000,GAS,10,,21.0,3.0,,,0 days 00:00:55.523000,0 days 00:01:03.486000,0 days 00:00:49.096000,0 days 01:14:46.467000,0 days 01:15:49.868000,0 days 01:16:38.824000,136.0,159.0,39.0,202.0,False,SOFT,6.0,True,Alpine,0 days 01:13:50.718000,2026-09-24 09:30:27.464,1,,,,False,False,FP1,49.8,28.3,73.8
0 days 01:19:41.284000,GAS,10,,22.0,3.0,,0 days 01:19:39.724000,0 days 00:01:23.821000,0 days 00:00:55.344000,0 days 00:00:43.262000,0 days 01:18:02.955000,0 days 01:18:58.192000,0 days 01:19:41.284000,128.0,166.0,,189.0,False,SOFT,7.0,True,Alpine,0 days 01:16:38.824000,2026-09-24 09:33:15.570,12,,,,False,False,FP1,49.8,28.3,73.8
0 days 00:16:07.342000,PER,11,,1.0,1.0,0 days 00:13:48.680000,,,0 days 00:00:54.594000,0 days 00:00:29.917000,,0 days 00:15:37.671000,0 days 00:16:07.535000,144.0,106.0,303.0,282.0,False,HARD,1.0,True,Cadillac,0 days 00:13:48.680000,2026-09-24 08:30:25.426,1,,,,False,False,FP1,49.8,28.3,73.8
0 days 00:17:59.634000,PER,11,0 days 00:01:52.292000,2.0,1.0,,,0 days 00:00:40.093000,0 days 00:00:46.321000,0 days 00:00:25.878000,0 days 00:16:47.435000,0 days 00:17:33.756000,0 days 00:17:59.634000,177.0,195.0,305.0,319.0,True,HARD,2.0,True,Cadillac,0 days 00:16:07.342000,2026-09-24 08:32:44.088,1,,,,False,True,FP1,49.8,28.3,73.8
0 days 00:20:14.946000,PER,11,0 days 00:02:15.312000,3.0,1.0,,,0 days 00:00:48.358000,0 days 00:00:58.024000,0 days 00:00:28.930000,0 days 00:18:47.992000,0 days 00:19:46.016000,0 days 00:20:14.946000,148.0,162.0,305.0,284.0,False,HARD,3.0,True,Cadillac,0 days 00:17:59.634000,2026-09-24 08:34:36.380,1,,,,False,True,FP1,49.8,28.3,73.8
0 days 00:22:05.081000,PER,11,0 days 00:01:50.135000,4.0,1.0,,,0 days 00:00:39.243000,0 days 00:00:45.062000,0 days 00:00:25.830000,0 days 00:20:54.189000,0 days 00:21:39.251000,0 days 00:22:05.081000,183.0,199.0,304.0,319.0,True,HARD,4.0,True,Cadillac,0 days 00:20:14.946000,2026-09-24 08:36:51.692,1,,,,False,True,FP1,49.8,28.3,73.8
0 days 00:24:43.400000,PER,11,,5.0,1.0,,,0 days 00:00:56.256000,0 days 00:01:12.910000,0 days 00:00:29.064000,0 days 00:23:01.600000,0 days 00:24:14.592000,0 days 00:24:43.536000,132.0,130.0,311.0,288.0,False,HARD,5.0,True,Cadillac,0 days 00:22:05.081000,2026-09-24 08:38:41.827,1,,,,False,False,FP1,49.8,28.4,74.6
0 days 00:26:32.712000,PER,11,0 days 00:01:49.312000,6.0,1.0,,,0 days 00:00:39.102000,0 days 00:00:44.760000,0 days 00:00:25.450000,0 days 00:25:22.502000,0 days 00:26:07.262000,0 days 00:26:32.712000,195.0,194.0,314.0,326.0,True,HARD,6.0,True,Cadillac,0 days 00:24:43.400000,2026-09-24 08:41:20.146,1,,,,False,True,FP1,49.8,28.4,74.6
0 days 00:29:17.252000,PER,11,,7.0,1.0,,0 days 00:29:15.859000,0 days 00:00:56.221000,0 days 00:01:06.033000,0 days 00:00:42.212000,0 days 00:27:29.203000,0 days 00:28:35.147000,0 days 00:29:17.252000,84.0,106.0,,240.0,False,HARD,7.0,True,Cadillac,0 days 00:26:32.712000,2026-09-24 08:43:09.458,1,,,,False,False,FP1,49.8,28.4,74.6
0 days 00:32:16.299000,PER,11,,8.0,2.0,0 days 00:29:49.855000,0 days 00:32:14.842000,0 days 00:01:20.200000,0 days 00:00:55.983000,0 days 00:00:42.930000,0 days 00:30:37.662000,0 days 00:31:33.602000,0 days 00:32:16.299000,142.0,171.0,,239.0,False,HARD,8.0,False,Cadillac,0 days 00:29:17.252000,2026-09-24 08:45:53.998,1,,,,False,False,FP1,49.8,28.4,74.6
0 days 00:35:05.760000,PER,11,,9.0,3.0,0 days 00:32:49.932000,,0 days 00:01:21.215000,0 days 00:00:55.407000,0 days 00:00:32.763000,0 days 00:33:37.637000,0 days 00:34:33.066000,0 days 00:35:05.760000,151.0,141.0,242.0,239.0,False,HARD,9.0,False,Cadillac,0 days 00:32:16.299000,2026-09-24 08:48:53.045,1,,,,False,False,FP1,49.8,28.4,74.6
0 days 00:37:19.622000,PER,11,0 days 00:02:13.862000,10.0,3.0,,0 days 00:37:17.739000,0 days 00:00:41.974000,0 days 00:00:51.314000,0 days 00:00:40.574000,0 days 00:35:47.734000,0 days 00:36:39.048000,0 days 00:37:19.622000,170.0,168.0,,233.0,False,HARD,10.0,False,Cadillac,0 days 00:35:05.760000,2026-09-24 08:51:42.506,12,,,,False,False,FP1,49.8,28.4,74.6
0 days 00:48:14.806000,PER,11,,11.0,4.0,0 days 00:46:05.346000,,,0 days 00:00:57.200000,0 days 00:00:30.468000,,0 days 00:47:44.483000,0 days 00:48:14.857000,158.0,132.0,310.0,287.0,False,MEDIUM,1.0,True,Cadillac,0 days 00:37:19.622000,2026-09-24 08:53:56.368,2671,,,,False,False,FP1,49.8,28.4,74.6
0 days 00:50:03.562000,PER,11,0 days 00:01:48.756000,12.0,4.0,,,0 days 00:00:38.481000,0 days 00:00:44.550000,0 days 00:00:25.725000,0 days 00:48:53.287000,0 days 00:49:37.837000,0 days 00:50:03.562000,184.0,205.0,305.0,316.0,True,MEDIUM,2.0,True,Cadillac,0 days 00:48:14.806000,2026-09-24 09:04:51.552,1,,,,False,True,FP1,49.8,28.4,74.6
0 days 00:52:30.359000,PER,11,0 days 00:02:26.797000,13.0,4.0,,,0 days 00:00:55.730000,0 days 00:01:02.173000,0 days 00:00:28.894000,0 days 00:50:59.292000,0 days 00:52:01.465000,0 days 00:52:30.359000,155.0,133.0,310.0,286.0,False,MEDIUM,3.0,True,Cadillac,0 days 00:50:03.562000,2026-09-24 09:06:40.308,1,,,,False,True,FP1,49.8,28.4,74.6
0 days 00:54:44.369000,PER,11,0 days 00:02:14.010000,14.0,4.0,,,0 days 00:00:50.661000,0 days 00:00:54.833000,0 days 00:00:28.516000,0 days 00:53:21.020000,0 days 00:54:15.853000,0 days 00:54:44.369000,149.0,177.0,312.0,288.0,False,MEDIUM,4.0,True,Cadillac,0 days 00:52:30.359000,2026-09-24 09:09:07.105,1,,,,False,True,FP1,49.8,28.4,74.6
0 days 00:56:52.944000,PER,11,0 days 00:02:08.575000,15.0,4.0,,,0 days 00:00:47.048000,0 days 00:00:52.817000,0 days 00:00:28.710000,0 days 00:55:31.417000,0 days 00:56:24.234000,0 days 00:56:52.944000,159.0,181.0,306.0,284.0,False,MEDIUM,5.0,True,Cadillac,0 days 00:54:44.369000,2026-09-24 09:11:21.115,1,,,,False,True,FP1,49.8,28.4,74.6
0 days 00:58:40.610000,PER,11,0 days 00:01:47.666000,16.0,4.0,,,0 days 00:00:37.991000,0 days 00:00:44.193000,0 days 00:00:25.482000,0 days 00:57:30.935000,0 days 00:58:15.128000,0 days 00:58:40.610000,193.0,208.0,303.0,322.0,True,MEDIUM,6.0,True,Cadillac,0 days 00:56:52.944000,2026-09-24 09:13:29.690,1,,,,False,True,FP1,49.5,28.5,75.0
0 days 01:00:54.093000,PER,11,0 days 00:02:13.483000,17.0,4.0,,0 days 01:00:52.752000,0 days 00:00:44.018000,0 days 00:00:52.654000,0 days 00:00:36.811000,0 days 00:59:24.628000,0 days 01:00:17.282000,0 days 01:00:54.093000,158.0,162.0,,283.0,False,MEDIUM,7.0,True,Cadillac,0 days 00:58:40.610000,2026-09-24 09:15:17.356,1,,,,False,False,FP1,49.5,28.5,75.0
0 days 01:03:47.374000,PER,11,,18.0,5.0,0 days 01:01:41.576000,,0 days 00:01:32.064000,0 days 00:00:52.893000,0 days 00:00:28.397000,0 days 01:02:26.387000,0 days 01:03:19.165000,0 days 01:03:47.525000,138.0,182.0,319.0,287.0,False,MEDIUM,8.0,False,Cadillac,0 days 01:00:54.093000,2026-09-24 09:17:30.839,1,,,,False,False,FP1,49.5,28.5,75.0
0 days 01:05:48.773000,PER,11,0 days 00:02:01.399000,19.0,5.0,,,0 days 00:00:42.789000,0 days 00:00:50.086000,0 days 00:00:28.524000,0 days 01:04:30.163000,0 days 01:05:20.249000,0 days 01:05:48.773000,155.0,190.0,309.0,286.0,False,MEDIUM,9.0,False,Cadillac,0 days 01:03:47.374000,2026-09-24 09:20:24.120,1,,,,False,True,FP1,49.5,28.5,75.0
0 days 01:07:36.026000,PER,11,0 days 00:01:47.253000,20.0,5.0,,,0 days 00:00:37.930000,0 days 00:00:43.985000,0 days 00:00:25.338000,0 days 01:06:26.703000,0 days 01:07:10.688000,0 days 01:07:36.026000,197.0,207.0,307.0,323.0,True,MEDIUM,10.0,False,Cadillac,0 days 01:05:48.773000,2026-09-24 09:22:25.519,12,,,,False,True,FP1,49.5,28.5,75.0
0 days 01:10:05.397000,PER,11,0 days 00:02:29.371000,21.0,5.0,,0 days 01:10:03.996000,0 days 00:00:42.641000,0 days 00:01:06.667000,0 days 00:00:40.063000,0 days 01:08:18.667000,0 days 01:09:25.334000,0 days 01:10:05.397000,154.0,147.0,,199.0,False,MEDIUM,11.0,False,Cadillac,0 days 01:07:36.026000,2026-09-24 09:24:12.772,2671,,,,False,False,FP1,49.5,28.5,75.0
0 days 01:14:14.962000,PER,11,,22.0,6.0,0 days 01:11:58.919000,,,0 days 00:00:51.080000,0 days 00:00:26.156000,,0 days 01:13:48.806000,0 days 01:14:14.963000,180.0,184.0,309.0,324.0,False,UNKNOWN,1.0,False,Cadillac,0 days 01:10:05.397000,2026-09-24 09:26:42.143,1,,,,False,False,FP1,49.5,28.5,75.0
0 days 01:16:57.783000,PER,11,,23.0,6.0,,,0 days 00:00:53.766000,0 days 00:00:57.495000,0 days 00:00:51.566000,0 days 01:15:08.783000,0 days 01:16:06.257000,0 days 01:16:57.783000,146.0,136.0,49.0,165.0,False,UNKNOWN,2.0,False,Cadillac,0 days 01:14:14.962000,2026-09-24 09:30:51.708,1,,,,False,False,FP1,49.5,28.5,75.0
0 days 01:19:42.141000,PER,11,,24.0,6.0,,0 days 01:19:40.865000,0 days 00:01:16.388000,0 days 00:00:51.072000,0 days 00:00:37.024000,0 days 01:18:14.207000,0 days 01:19:05.269000,0 days 01:19:42.141000,182.0,136.0,,268.0,False,UNKNOWN,3.0,False,Cadillac,0 days 01:16:57.783000,2026-09-24 09:33:34.529,12,,,,False,False,FP1,49.5,28.5,75.0
0 days 00:17:13.411000,ANT,12,,1.0,1.0,0 days 00:14:19.716000,,,0 days 00:00:56.194000,0 days 00:00:31.095000,,0 days 00:16:42.558000,0 days 00:17:13.557000,177.0,96.0,285.0,282.0,False,HARD,1.0,True,Mercedes,0 days 00:14:19.716000,2026-09-24 08:30:56.462,1,,,,False,False,FP1,49.8,28.6,73.3
0 days 00:19:24.160000,ANT,12,0 days 00:02:10.749000,2.0,1.0,,,0 days 00:00:45.633000,0 days 00:00:56.042000,0 days 00:00:29.074000,0 days 00:17:59.044000,0 days 00:18:55.086000,0 days 00:19:24.160000,164.0,166.0,318.0,284.0,True,HARD,2.0,True,Mercedes,0 days 00:17:13.411000,2026-09-24 08:33:50.157,1,,,,False,True,FP1,49.8,28.6,73.3
0 days 00:21:14.080000,ANT,12,0 days 00:01:49.920000,3.0,1.0,,,0 days 00:00:39.329000,0 days 00:00:44.994000,0 days 00:00:25.597000,0 days 00:20:03.489000,0 days 00:20:48.483000,0 days 00:21:14.080000,189.0,200.0,313.0,319.0,True,HARD,3.0,True,Mercedes,0 days 00:19:24.160000,2026-09-24 08:36:00.906,1,,,,False,True,FP1,49.8,28.6,73.3
0 days 00:23:32.904000,ANT,12,0 days 00:02:18.824000,4.0,1.0,,,0 days 00:00:55.730000,0 days 00:00:54.612000,0 days 00:00:28.482000,0 days 00:22:09.810000,0 days 00:23:04.422000,0 days 00:23:32.904000,149.0,180.0,320.0,289.0,False,HARD,4.0,True,Mercedes,0 days 00:21:14.080000,2026-09-24 08:37:50.826,1,,,,False,True,FP1,49.8,28.6,73.3
0 days 00:25:20.279000,ANT,12,0 days 00:01:47.375000,5.0,1.0,,,0 days 00:00:38.182000,0 days 00:00:43.916000,0 days 00:00:25.277000,0 days 00:24:11.086000,0 days 00:24:55.002000,0 days 00:25:20.279000,201.0,209.0,315.0,318.0,True,HARD,5.0,True,Mercedes,0 days 00:23:32.904000,2026-09-24 08:40:09.650,1,,,,False,True,FP1,49.8,28.6,73.3
0 days 00:27:41.163000,ANT,12,0 days 00:02:20.884000,6.0,1.0,,,0 days 00:00:56.828000,0 days 00:00:55.629000,0 days 00:00:28.427000,0 days 00:26:17.107000,0 days 00:27:12.736000,0 days 00:27:41.163000,148.0,181.0,320.0,289.0,False,HARD,6.0,True,Mercedes,0 days 00:25:20.279000,2026-09-24 08:41:57.025,1,,,,False,True,FP1,49.8,28.6,73.3
0 days 00:29:27.428000,ANT,12,0 days 00:01:46.265000,7.0,1.0,,,0 days 00:00:37.683000,0 days 00:00:43.559000,0 days 00:00:25.023000,0 days 00:28:18.846000,0 days 00:29:02.405000,0 days 00:29:27.428000,206.0,216.0,316.0,331.0,True,HARD,7.0,True,Mercedes,0 days 00:27:41.163000,2026-09-24 08:44:17.909,1,,,,False,True,FP1,49.8,28.6,73.3
0 days 00:31:49.089000,ANT,12,0 days 00:02:21.661000,8.0,1.0,,0 days 00:31:47.788000,0 days 00:00:48.531000,0 days 00:00:58.638000,0 days 00:00:34.492000,0 days 00:30:15.959000,0 days 00:31:14.597000,0 days 00:31:49.089000,129.0,165.0,,284.0,False,HARD,8.0,True,Mercedes,0 days 00:29:27.428000,2026-09-24 08:46:04.174,1,,,,False,False,FP1,49.8,28.6,73.3
0 days 01:20:47.717000,ANT,12,,9.0,2.0,0 days 00:36:01.161000,0 days 01:20:47.717000,,,,,,,174.0,165.0,,284.0,False,SOFT,1.0,True,Mercedes,0 days 00:31:49.089000,2026-09-24 08:48:25.835,1267,,,,False,False,FP1,49.8,28.6,73.3
0 days 00:18:38.129000,ALO,14,,1.0,1.0,0 days 00:16:24.830000,,,0 days 00:00:53.569000,0 days 00:00:27.050000,,0 days 00:18:11.298000,0 days 00:18:38.292000,160.0,160.0,297.0,317.0,False,HARD,1.0,True,Aston Martin,0 days 00:16:24.830000,2026-09-24 08:33:01.576,1,,,,False,False,FP1,49.8,28.6,73.3
0 days 00:20:34.895000,ALO,14,0 days 00:01:56.766000,2.0,1.0,,,0 days 00:00:41.840000,0 days 00:00:48.085000,0 days 00:00:26.841000,0 days 00:19:19.969000,0 days 00:20:08.054000,0 days 00:20:34.895000,163.0,181.0,294.0,297.0,True,HARD,2.0,True,Aston Martin,0 days 00:18:38.129000,2026-09-24 08:35:14.875,1,,,,False,True,FP1,49.8,28.6,73.3
0 days 00:22:28.545000,ALO,14,0 days 00:01:53.650000,3.0,1.0,,,0 days 00:00:40.750000,0 days 00:00:46.468000,0 days 00:00:26.432000,0 days 00:21:15.645000,0 days 00:22:02.113000,0 days 00:22:28.545000,179.0,183.0,295.0,301.0,True,HARD,3.0,True,Aston Martin,0 days 00:20:34.895000,2026-09-24 08:37:11.641,1,,,,False,True,FP1,50.1,28.7,71.2
0 days 00:24:41.404000,ALO,14,0 days 00:02:12.859000,4.0,1.0,,,0 days 00:00:45.241000,0 days 00:00:56.924000,0 days 00:00:30.694000,0 days 00:23:13.786000,0 days 00:24:10.710000,0 days 00:24:41.404000,151.0,139.0,303.0,277.0,False,HARD,4.0,True,Aston Martin,0 days 00:22:28.545000,2026-09-24 08:39:05.291,1,,,,False,True,FP1,50.1,28.7,71.2
0 days 00:26:31.438000,ALO,14,0 days 00:01:50.034000,5.0,1.0,,,0 days 00:00:39.016000,0 days 00:00:44.725000,0 days 00:00:26.293000,0 days 00:25:20.420000,0 days 00:26:05.145000,0 days 00:26:31.438000,185.0,191.0,304.0,300.0,True,HARD,5.0,True,Aston Martin,0 days 00:24:41.404000,2026-09-24 08:41:18.150,1,,,,False,True,FP1,50.1,28.7,71.2
0 days 00:28:46.775000,ALO,14,0 days 00:02:15.337000,6.0,1.0,,,0 days 00:00:47.275000,0 days 00:00:58.583000,0 days 00:00:29.479000,0 days 00:27:18.713000,0 days 00:28:17.296000,0 days 00:28:46.775000,134.0,160.0,304.0,278.0,False,HARD,6.0,True,Aston Martin,0 days 00:26:31.438000,2026-09-24 08:43:08.184,1,,,,False,True,FP1,50.1,28.7,71.2
0 days 00:30:35.935000,ALO,14,0 days 00:01:49.160000,7.0,1.0,,,0 days 00:00:38.436000,0 days 00:00:44.659000,0 days 00:00:26.065000,0 days 00:29:25.211000,0 days 00:30:09.870000,0 days 00:30:35.935000,205.0,193.0,295.0,306.0,True,HARD,7.0,True,Aston Martin,0 days 00:28:46.775000,2026-09-24 08:45:23.521,1,,,,False,True,FP1,50.1,28.7,71.2
0 days 00:32:55.749000,ALO,14,0 days 00:02:19.814000,8.0,1.0,,,0 days 00:00:48.863000,0 days 00:01:01.100000,0 days 00:00:29.851000,0 days 00:31:24.798000,0 days 00:32:25.898000,0 days 00:32:55.749000,140.0,146.0,305.0,278.0,False,HARD,8.0,True,Aston Martin,0 days 00:30:35.935000,2026-09-24 08:47:12.681,1,,,,False,True,FP1,50.1,28.7,71.2
0 days 00:34:44.267000,ALO,14,0 days 00:01:48.518000,9.0,1.0,,,0 days 00:00:38.002000,0 days 00:00:44.596000,0 days 00:00:25.920000,0 days 00:33:33.751000,0 days 00:34:18.347000,0 days 00:34:44.267000,199.0,198.0,299.0,315.0,True,HARD,9.0,True,Aston Martin,0 days 00:32:55.749000,2026-09-24 08:49:32.495,1,,,,False,True,FP1,50.1,28.7,71.2
0 days 00:37:02.014000,ALO,14,0 days 00:02:17.747000,10.0,1.0,,0 days 00:37:00.302000,0 days 00:00:45.425000,0 days 00:00:54.260000,0 days 00:00:38.062000,0 days 00:35:29.692000,0 days 00:36:23.952000,0 days 00:37:02.014000,151.0,159.0,,278.0,False,HARD,10.0,True,Aston Martin,0 days 00:34:44.267000,2026-09-24 08:51:21.013,1,,,,False,False,FP1,50.1,28.7,71.2
0 days 00:48:22.029000,ALO,14,,11.0,2.0,0 days 00:46:20.392000,,,0 days 00:00:49.601000,0 days 00:00:30.059000,,0 days 00:47:52.271000,0 days 00:48:22.201000,170.0,171.0,299.0,272.0,False,MEDIUM,1.0,True,Aston Martin,0 days 00:37:02.014000,2026-09-24 08:53:38.760,1267,,,,False,False,FP1,50.1,28.7,71.2
0 days 00:50:23.012000,ALO,14,0 days 00:02:00.983000,12.0,2.0,,,0 days 00:00:42.515000,0 days 00:00:49.062000,0 days 00:00:29.406000,0 days 00:49:04.544000,0 days 00:49:53.606000,0 days 00:50:23.012000,158.0,165.0,305.0,279.0,False,MEDIUM,2.0,True,Aston Martin,0 days 00:48:22.029000,2026-09-24 09:04:58.775,1,,,,False,True,FP1,50.1,28.7,71.2
0 days 00:52:23.137000,ALO,14,0 days 00:02:00.125000,13.0,2.0,,,0 days 00:00:38.272000,0 days 00:00:52.246000,0 days 00:00:29.607000,0 days 00:51:01.284000,0 days 00:51:53.530000,0 days 00:52:23.137000,199.0,153.0,307.0,279.0,False,MEDIUM,3.0,True,Aston Martin,0 days 00:50:23.012000,2026-09-24 09:06:59.758,1,,,,False,True,FP1,50.1,28.7,71.2
0 days 00:54:41.773000,ALO,14,0 days 00:02:18.636000,14.0,2.0,,,0 days 00:00:56.662000,0 days 00:00:52.143000,0 days 00:00:29.831000,0 days 00:53:19.799000,0 days 00:54:11.942000,0 days 00:54:41.773000,144.0,155.0,309.0,280.0,False,MEDIUM,4.0,True,Aston Martin,0 days 00:52:23.137000,2026-09-24 09:08:59.883,1,,,,False,True,FP1,49.7,28.9,70.6
0 days 00:56:30.304000,ALO,14,0 days 00:01:48.531000,15.0,2.0,,,0 days 00:00:38.038000,0 days 00:00:44.661000,0 days 00:00:25.832000,0 days 00:55:19.811000,0 days 00:56:04.472000,0 days 00:56:30.304000,195.0,197.0,295.0,309.0,False,MEDIUM,5.0,True,Aston Martin,0 days 00:54:41.773000,2026-09-24 09:11:18.519,1,,,,False,True,FP1,49.7,28.9,70.6
0 days 00:58:41.121000,ALO,14,0 days 00:02:10.817000,16.0,2.0,,,0 days 00:00:47.344000,0 days 00:00:54.096000,0 days 00:00:29.377000,0 days 00:57:17.648000,0 days 00:58:11.744000,0 days 00:58:41.121000,142.0,175.0,316.0,277.0,False,MEDIUM,6.0,True,Aston Martin,0 days 00:56:30.304000,2026-09-24 09:13:07.050,1,,,,False,True,FP1,49.7,28.9,70.6
0 days 01:00:28.956000,ALO,14,0 days 00:01:47.835000,17.0,2.0,,,0 days 00:00:37.880000,0 days 00:00:44.167000,0 days 00:00:25.788000,0 days 00:59:19.001000,0 days 01:00:03.168000,0 days 01:00:28.956000,198.0,197.0,296.0,308.0,True,MEDIUM,7.0,True,Aston Martin,0 days 00:58:41.121000,2026-09-24 09:15:17.867,1,,,,False,True,FP1,49.7,28.9,70.6
0 days 01:02:47.005000,ALO,14,0 days 00:02:18.049000,18.0,2.0,,,0 days 00:00:50.758000,0 days 00:00:57.642000,0 days 00:00:29.649000,0 days 01:01:19.714000,0 days 01:02:17.356000,0 days 01:02:47.005000,109.0,146.0,304.0,277.0,False,MEDIUM,8.0,True,Aston Martin,0 days 01:00:28.956000,2026-09-24 09:17:05.702,1,,,,False,True,FP1,49.7,28.9,70.6
0 days 01:04:34.941000,ALO,14,0 days 00:01:47.936000,19.0,2.0,,,0 days 00:00:37.922000,0 days 00:00:44.367000,0 days 00:00:25.647000,0 days 01:03:24.927000,0 days 01:04:09.294000,0 days 01:04:34.941000,196.0,200.0,298.0,310.0,False,MEDIUM,9.0,True,Aston Martin,0 days 01:02:47.005000,2026-09-24 09:19:23.751,1,,,,False,True,FP1,49.7,28.9,70.6
0 days 01:07:07.962000,ALO,14,,20.0,2.0,,0 days 01:07:06.535000,0 days 00:00:51.028000,0 days 00:00:58.043000,0 days 00:00:43.863000,0 days 01:05:26.197000,0 days 01:06:24.224000,0 days 01:07:07.962000,133.0,127.0,,231.0,False,MEDIUM,10.0,True,Aston Martin,0 days 01:04:34.941000,2026-09-24 09:21:11.687,1,,,,False,False,FP1,49.7,28.9,70.6
0 days 01:12:40.880000,ALO,14,,21.0,3.0,0 days 01:10:28.168000,0 days 01:12:39.291000,,0 days 00:00:54.398000,0 days 00:00:32.346000,,0 days 01:12:08.637000,0 days 01:12:41.027000,154.0,162.0,,320.0,False,MEDIUM,11.0,False,Aston Martin,0 days 01:07:07.962000,2026-09-24 09:23:44.708,1267,,,,False,False,FP1,49.7,28.9,70.6
0 days 01:14:56.930000,ALO,14,0 days 00:02:16.050000,22.0,4.0,0 days 01:13:01.275000,,0 days 00:01:00.908000,0 days 00:00:48.597000,0 days 00:00:26.545000,0 days 01:13:41.788000,0 days 01:14:30.385000,0 days 01:14:56.930000,159.0,176.0,298.0,314.0,False,MEDIUM,12.0,False,Aston Martin,0 days 01:12:40.880000,2026-09-24 09:29:17.626,1,,,,False,False,FP1,49.7,28.9,70.6
0 days 01:17:22.308000,ALO,14,0 days 00:02:25.378000,23.0,4.0,,,0 days 00:00:43.876000,0 days 00:00:59.134000,0 days 00:00:42.368000,0 days 01:15:40.806000,0 days 01:16:39.940000,0 days 01:17:22.308000,142.0,128.0,58.0,240.0,False,MEDIUM,13.0,False,Aston Martin,0 days 01:14:56.930000,2026-09-24 09:31:33.676,1,,,,False,True,FP1,49.9,28.9,68.7
0 days 01:20:15.403000,ALO,14,,24.0,4.0,,0 days 01:20:13.703000,0 days 00:01:16.957000,0 days 00:01:00.965000,0 days 00:00:35.177000,0 days 01:18:39.503000,0 days 01:19:40.373000,0 days 01:20:15.403000,144.0,170.0,,274.0,False,MEDIUM,14.0,False,Aston Martin,0 days 01:17:22.308000,2026-09-24 09:33:59.054,12,,,,False,False,FP1,49.9,28.9,68.7
0 days 00:15:57.722000,LEC,16,,1.0,1.0,0 days 00:13:40.143000,,,0 days 00:00:56.120000,0 days 00:00:27.481000,,0 days 00:15:30.520000,0 days 00:15:57.771000,146.0,109.0,302.0,318.0,False,HARD,1.0,True,Ferrari,0 days 00:13:40.143000,2026-09-24 08:30:16.889,1,,,,False,False,FP1,49.9,28.9,68.7
0 days 00:17:52.117000,LEC,16,0 days 00:01:54.395000,2.0,1.0,,,0 days 00:00:41.776000,0 days 00:00:46.346000,0 days 00:00:26.273000,0 days 00:16:39.498000,0 days 00:17:25.844000,0 days 00:17:52.117000,174.0,192.0,302.0,313.0,True,HARD,2.0,True,Ferrari,0 days 00:15:57.722000,2026-09-24 08:32:34.468,1,,,,False,True,FP1,49.9,28.9,68.7
0 days 00:19:42.348000,LEC,16,0 days 00:01:50.231000,3.0,1.0,,,0 days 00:00:40.054000,0 days 00:00:45.249000,0 days 00:00:24.928000,0 days 00:18:32.171000,0 days 00:19:17.420000,0 days 00:19:42.348000,186.0,202.0,322.0,339.0,True,HARD,3.0,True,Ferrari,0 days 00:17:52.117000,2026-09-24 08:34:28.863,1,,,,False,True,FP1,49.9,28.9,68.7
0 days 00:21:31.373000,LEC,16,0 days 00:01:49.025000,4.0,1.0,,,0 days 00:00:39.303000,0 days 00:00:44.627000,0 days 00:00:25.095000,0 days 00:20:21.651000,0 days 00:21:06.278000,0 days 00:21:31.373000,195.0,207.0,320.0,333.0,True,HARD,4.0,True,Ferrari,0 days 00:19:42.348000,2026-09-24 08:36:19.094,1,,,,False,True,FP1,49.9,28.9,68.7
0 days 00:23:52.280000,LEC,16,0 days 00:02:20.907000,5.0,1.0,,,0 days 00:00:44.704000,0 days 00:01:07.351000,0 days 00:00:28.852000,0 days 00:22:16.077000,0 days 00:23:23.428000,0 days 00:23:52.280000,136.0,167.0,310.0,286.0,False,HARD,5.0,True,Ferrari,0 days 00:21:31.373000,2026-09-24 08:38:08.119,1,,,,False,True,FP1,49.9,28.9,68.7
0 days 00:25:40.026000,LEC,16,0 days 00:01:47.746000,6.0,1.0,,,0 days 00:00:38.106000,0 days 00:00:44.311000,0 days 00:00:25.329000,0 days 00:24:30.386000,0 days 00:25:14.697000,0 days 00:25:40.026000,202.0,203.0,310.0,326.0,True,HARD,6.0,True,Ferrari,0 days 00:23:52.280000,2026-09-24 08:40:29.026,1,,,,False,True,FP1,49.9,28.9,68.7
0 days 00:27:53.273000,LEC,16,0 days 00:02:13.247000,7.0,1.0,,,0 days 00:00:47.892000,0 days 00:00:56.755000,0 days 00:00:28.600000,0 days 00:26:27.918000,0 days 00:27:24.673000,0 days 00:27:53.273000,149.0,180.0,309.0,286.0,False,HARD,7.0,True,Ferrari,0 days 00:25:40.026000,2026-09-24 08:42:16.772,1,,,,False,True,FP1,49.9,28.9,68.7
0 days 00:29:39.894000,LEC,16,0 days 00:01:46.621000,8.0,1.0,,,0 days 00:00:37.690000,0 days 00:00:43.713000,0 days 00:00:25.218000,0 days 00:28:30.963000,0 days 00:29:14.676000,0 days 00:29:39.894000,195.0,203.0,313.0,325.0,True,HARD,8.0,True,Ferrari,0 days 00:27:53.273000,2026-09-24 08:44:30.019,1,,,,False,True,FP1,49.8,29.0,68.4
0 days 00:32:08.627000,LEC,16,0 days 00:02:28.733000,9.0,1.0,,0 days 00:32:07.020000,0 days 00:00:46.273000,0 days 00:00:58.157000,0 days 00:00:44.303000,0 days 00:30:26.167000,0 days 00:31:24.324000,0 days 00:32:08.627000,166.0,151.0,,198.0,False,HARD,9.0,True,Ferrari,0 days 00:29:39.894000,2026-09-24 08:46:16.640,1,,,,False,False,FP1,49.8,29.0,68.4
0 days 00:42:06.772000,LEC,16,,10.0,2.0,0 days 00:39:45.384000,,,0 days 00:00:53.975000,0 days 00:00:29.206000,,0 days 00:41:37.896000,0 days 00:42:07.016000,166.0,174.0,309.0,282.0,False,MEDIUM,1.0,True,Ferrari,0 days 00:32:08.627000,2026-09-24 08:48:45.373,1267,,,,False,False,FP1,49.8,29.0,68.4
0 days 00:44:19.723000,LEC,16,0 days 00:02:12.951000,11.0,2.0,,,0 days 00:00:49.781000,0 days 00:00:54.387000,0 days 00:00:28.783000,0 days 00:42:56.553000,0 days 00:43:50.940000,0 days 00:44:19.723000,165.0,167.0,310.0,285.0,False,MEDIUM,2.0,True,Ferrari,0 days 00:42:06.772000,2026-09-24 08:58:43.518,21,,,,False,True,FP1,49.8,29.0,68.4
0 days 00:46:11.413000,LEC,16,0 days 00:01:51.690000,12.0,2.0,,,0 days 00:00:37.507000,0 days 00:00:45.356000,0 days 00:00:28.827000,0 days 00:44:57.230000,0 days 00:45:42.586000,0 days 00:46:11.413000,202.0,161.0,307.0,284.0,False,MEDIUM,3.0,True,Ferrari,0 days 00:44:19.723000,2026-09-24 09:00:56.469,12,,,,False,True,FP1,49.8,29.0,68.4
0 days 00:48:05.244000,LEC,16,0 days 00:01:53.831000,13.0,2.0,,,0 days 00:00:37.559000,0 days 00:00:47.736000,0 days 00:00:28.536000,0 days 00:46:48.972000,0 days 00:47:36.708000,0 days 00:48:05.244000,205.0,189.0,317.0,290.0,False,MEDIUM,4.0,True,Ferrari,0 days 00:46:11.413000,2026-09-24 09:02:48.159,12,,,,False,True,FP1,49.8,29.0,68.4
0 days 00:50:31.191000,LEC,16,0 days 00:02:25.947000,14.0,2.0,,,0 days 00:00:50.841000,0 days 00:01:06.020000,0 days 00:00:29.086000,0 days 00:48:56.085000,0 days 00:50:02.105000,0 days 00:50:31.191000,156.0,161.0,307.0,282.0,False,MEDIUM,5.0,True,Ferrari,0 days 00:48:05.244000,2026-09-24 09:04:41.990,1,,,,False,True,FP1,49.8,29.0,68.4
0 days 00:52:17.719000,LEC,16,0 days 00:01:46.528000,15.0,2.0,,,0 days 00:00:37.483000,0 days 00:00:43.725000,0 days 00:00:25.320000,0 days 00:51:08.674000,0 days 00:51:52.399000,0 days 00:52:17.719000,203.0,199.0,309.0,324.0,True,MEDIUM,6.0,True,Ferrari,0 days 00:50:31.191000,2026-09-24 09:07:07.937,1,,,,False,True,FP1,50.3,29.0,68.1
0 days 00:54:22.151000,LEC,16,0 days 00:02:04.432000,16.0,2.0,,,0 days 00:00:44.137000,0 days 00:00:52.069000,0 days 00:00:28.226000,0 days 00:53:01.856000,0 days 00:53:53.925000,0 days 00:54:22.151000,143.0,189.0,322.0,289.0,False,MEDIUM,7.0,True,Ferrari,0 days 00:52:17.719000,2026-09-24 09:08:54.465,1,,,,False,True,FP1,50.3,29.0,68.1
0 days 00:56:07.942000,LEC,16,0 days 00:01:45.791000,17.0,2.0,,,0 days 00:00:37.151000,0 days 00:00:43.429000,0 days 00:00:25.211000,0 days 00:54:59.302000,0 days 00:55:42.731000,0 days 00:56:07.942000,208.0,208.0,307.0,320.0,True,MEDIUM,8.0,True,Ferrari,0 days 00:54:22.151000,2026-09-24 09:10:58.897,1,,,,False,True,FP1,50.3,29.0,68.1
0 days 00:58:17.485000,LEC,16,0 days 00:02:09.543000,18.0,2.0,,0 days 00:58:16.343000,0 days 00:00:42.333000,0 days 00:00:49.021000,0 days 00:00:38.189000,0 days 00:56:50.275000,0 days 00:57:39.296000,0 days 00:58:17.485000,173.0,171.0,,240.0,False,MEDIUM,9.0,True,Ferrari,0 days 00:56:07.942000,2026-09-24 09:12:44.688,1,,,,False,False,FP1,50.3,29.0,68.1
0 days 01:05:36.163000,LEC,16,,19.0,3.0,0 days 01:03:16.581000,,,0 days 00:00:46.747000,0 days 00:00:26.063000,,0 days 01:05:10.353000,0 days 01:05:36.308000,179.0,191.0,311.0,319.0,False,MEDIUM,10.0,False,Ferrari,0 days 00:58:17.485000,2026-09-24 09:14:54.231,1,,,,False,False,FP1,50.3,29.0,68.1
0 days 01:07:26.330000,LEC,16,0 days 00:01:50.167000,20.0,3.0,,,0 days 00:00:39.767000,0 days 00:00:44.901000,0 days 00:00:25.499000,0 days 01:06:15.930000,0 days 01:07:00.831000,0 days 01:07:26.330000,193.0,203.0,313.0,326.0,False,MEDIUM,11.0,False,Ferrari,0 days 01:05:36.163000,2026-09-24 09:22:12.909,1,,,,False,True,FP1,50.3,29.0,68.1
0 days 01:09:42.111000,LEC,16,0 days 00:02:15.781000,21.0,3.0,,,0 days 00:00:39.300000,0 days 00:00:58.624000,0 days 00:00:37.857000,0 days 01:08:05.630000,0 days 01:09:04.254000,0 days 01:09:42.111000,194.0,176.0,186.0,193.0,False,MEDIUM,12.0,False,Ferrari,0 days 01:07:26.330000,2026-09-24 09:24:03.076,126,,,,False,False,FP1,50.3,29.0,68.1
0 days 01:11:41.265000,LEC,16,0 days 00:01:59.154000,22.0,3.0,,,0 days 00:00:47.898000,0 days 00:00:45.383000,0 days 00:00:25.873000,0 days 01:10:30.009000,0 days 01:11:15.392000,0 days 01:11:41.265000,181.0,199.0,312.0,319.0,False,MEDIUM,13.0,False,Ferrari,0 days 01:09:42.111000,2026-09-24 09:26:18.857,671,,,,False,False,FP1,50.3,29.0,68.1
0 days 01:13:30.383000,LEC,16,0 days 00:01:49.118000,23.0,3.0,,,0 days 00:00:39.267000,0 days 00:00:44.576000,0 days 00:00:25.275000,0 days 01:12:20.532000,0 days 01:13:05.108000,0 days 01:13:30.383000,205.0,214.0,315.0,329.0,False,MEDIUM,14.0,False,Ferrari,0 days 01:11:41.265000,2026-09-24 09:28:18.011,1,,,,False,True,FP1,50.3,29.0,68.1
0 days 01:15:49.247000,LEC,16,0 days 00:02:18.864000,24.0,3.0,,,0 days 00:00:39.023000,0 days 00:00:51.898000,0 days 00:00:47.943000,0 days 01:14:09.406000,0 days 01:15:01.304000,0 days 01:15:49.247000,198.0,130.0,78.0,157.0,False,MEDIUM,15.0,False,Ferrari,0 days 01:13:30.383000,2026-09-24 09:30:07.129,1,,,,False,True,FP1,50.3,29.0,68.1
0 days 01:18:28.412000,LEC,16,,25.0,3.0,,0 days 01:18:26.924000,0 days 00:01:17.403000,0 days 00:00:50.074000,0 days 00:00:31.600000,0 days 01:17:06.847000,0 days 01:17:56.964000,0 days 01:18:28.412000,188.0,151.0,,325.0,False,MEDIUM,16.0,False,Ferrari,0 days 01:15:49.247000,2026-09-24 09:32:25.993,1,,,,False,False,FP1,50.3,29.0,68.1
0 days 00:19:42.499000,STR,18,,1.0,1.0,0 days 00:17:37.149000,,,0 days 00:00:52.847000,0 days 00:00:27.453000,,0 days 00:19:15.395000,0 days 00:19:42.694000,158.0,152.0,300.0,320.0,False,HARD,1.0,True,Aston Martin,0 days 00:17:37.149000,2026-09-24 08:34:13.895,1,,,,False,False,FP1,50.3,29.0,68.1
0 days 00:21:40.636000,STR,18,0 days 00:01:58.137000,2.0,1.0,,,0 days 00:00:43.049000,0 days 00:00:47.828000,0 days 00:00:27.260000,0 days 00:20:25.548000,0 days 00:21:13.376000,0 days 00:21:40.636000,176.0,191.0,294.0,293.0,True,HARD,2.0,True,Aston Martin,0 days 00:19:42.499000,2026-09-24 08:36:19.245,1,,,,False,True,FP1,50.1,29.1,69.0
0 days 00:23:34.658000,STR,18,0 days 00:01:54.022000,3.0,1.0,,,0 days 00:00:40.750000,0 days 00:00:46.682000,0 days 00:00:26.590000,0 days 00:22:21.386000,0 days 00:23:08.068000,0 days 00:23:34.658000,194.0,194.0,299.0,299.0,True,HARD,3.0,True,Aston Martin,0 days 00:21:40.636000,2026-09-24 08:38:17.382,1,,,,False,True,FP1,50.1,29.1,69.0
0 days 00:25:27.284000,STR,18,0 days 00:01:52.626000,4.0,1.0,,,0 days 00:00:40.361000,0 days 00:00:45.556000,0 days 00:00:26.709000,0 days 00:24:15.019000,0 days 00:25:00.575000,0 days 00:25:27.284000,199.0,203.0,295.0,296.0,True,HARD,4.0,True,Aston Martin,0 days 00:23:34.658000,2026-09-24 08:40:11.404,1,,,,False,True,FP1,50.1,29.1,69.0
0 days 00:27:53.474000,STR,18,0 days 00:02:26.190000,5.0,1.0,,0 days 00:27:52.193000,0 days 00:00:52.777000,0 days 00:00:56.054000,0 days 00:00:37.359000,0 days 00:26:20.061000,0 days 00:27:16.115000,0 days 00:27:53.474000,137.0,146.0,,247.0,False,HARD,5.0,True,Aston Martin,0 days 00:25:27.284000,2026-09-24 08:42:04.030,1,,,,False,False,FP1,50.1,29.1,69.0
0 days 00:37:20.835000,STR,18,,6.0,2.0,0 days 00:35:15.549000,,,0 days 00:00:49.978000,0 days 00:00:30.261000,,0 days 00:36:50.612000,0 days 00:37:20.835000,163.0,169.0,303.0,277.0,False,HARD,6.0,False,Aston Martin,0 days 00:27:53.474000,2026-09-24 08:44:30.220,12,,,,False,False,FP1,50.1,29.1,69.0
0 days 00:40:00.066000,STR,18,,7.0,2.0,,,0 days 00:00:47.632000,0 days 00:01:21.128000,0 days 00:00:30.625000,0 days 00:38:08.494000,0 days 00:39:29.586000,0 days 00:40:00.114000,138.0,105.0,305.0,277.0,False,HARD,7.0,False,Aston Martin,0 days 00:37:20.835000,2026-09-24 08:53:57.581,2671,,,,False,False,FP1,50.2,29.0,67.4
0 days 00:41:50.638000,STR,18,0 days 00:01:50.572000,8.0,2.0,,,0 days 00:00:38.974000,0 days 00:00:44.697000,0 days 00:00:26.901000,0 days 00:40:39.040000,0 days 00:41:23.737000,0 days 00:41:50.638000,207.0,189.0,292.0,291.0,True,HARD,8.0,False,Aston Martin,0 days 00:40:00.066000,2026-09-24 08:56:36.812,12,,,,False,True,FP1,50.2,29.0,67.4
0 days 00:44:08.102000,STR,18,0 days 00:02:17.464000,9.0,2.0,,,0 days 00:00:54.342000,0 days 00:00:53.487000,0 days 00:00:29.635000,0 days 00:42:44.980000,0 days 00:43:38.467000,0 days 00:44:08.102000,143.0,170.0,304.0,277.0,False,HARD,9.0,False,Aston Martin,0 days 00:41:50.638000,2026-09-24 08:58:27.384,21,,,,False,True,FP1,50.2,29.0,67.4
0 days 00:45:57.537000,STR,18,0 days 00:01:49.435000,10.0,2.0,,,0 days 00:00:38.512000,0 days 00:00:44.703000,0 days 00:00:26.220000,0 days 00:44:46.614000,0 days 00:45:31.317000,0 days 00:45:57.537000,203.0,197.0,294.0,305.0,True,HARD,10.0,False,Aston Martin,0 days 00:44:08.102000,2026-09-24 09:00:44.848,12,,,,False,True,FP1,50.2,29.0,67.4
0 days 00:48:21.062000,STR,18,0 days 00:02:23.525000,11.0,2.0,,,0 days 00:00:49.883000,0 days 00:01:03.206000,0 days 00:00:30.436000,0 days 00:46:47.420000,0 days 00:47:50.626000,0 days 00:48:21.062000,79.0,156.0,307.0,278.0,False,HARD,11.0,False,Aston Martin,0 days 00:45:57.537000,2026-09-24 09:02:34.283,12,,,,False,True,FP1,50.2,29.0,67.4
0 days 00:50:10.059000,STR,18,0 days 00:01:48.997000,12.0,2.0,,,0 days 00:00:38.339000,0 days 00:00:44.578000,0 days 00:00:26.080000,0 days 00:48:59.401000,0 days 00:49:43.979000,0 days 00:50:10.059000,217.0,197.0,294.0,308.0,True,HARD,12.0,False,Aston Martin,0 days 00:48:21.062000,2026-09-24 09:04:57.808,1,,,,False,True,FP1,50.2,29.0,67.4
0 days 00:52:30.126000,STR,18,0 days 00:02:20.067000,13.0,2.0,,0 days 00:52:28.863000,0 days 00:00:46.171000,0 days 00:00:58.654000,0 days 00:00:35.242000,0 days 00:50:56.230000,0 days 00:51:54.884000,0 days 00:52:30.126000,161.0,165.0,,274.0,False,HARD,13.0,False,Aston Martin,0 days 00:50:10.059000,2026-09-24 09:06:46.805,1,,,,False,False,FP1,50.2,29.0,67.4
0 days 01:01:16.696000,STR,18,,14.0,3.0,0 days 00:59:16.917000,,,0 days 00:00:49.928000,0 days 00:00:30.434000,,0 days 01:00:46.520000,0 days 01:01:16.869000,171.0,162.0,284.0,261.0,False,MEDIUM,1.0,True,Aston Martin,0 days 00:52:30.126000,2026-09-24 09:09:06.872,1,,,,False,False,FP1,50.1,29.1,68.2
0 days 01:03:18.284000,STR,18,0 days 00:02:01.588000,15.0,3.0,,,0 days 00:00:43.762000,0 days 00:00:48.231000,0 days 00:00:29.595000,0 days 01:02:00.458000,0 days 01:02:48.689000,0 days 01:03:18.284000,179.0,175.0,303.0,278.0,False,MEDIUM,2.0,True,Aston Martin,0 days 01:01:16.696000,2026-09-24 09:17:53.442,1,,,,False,True,FP1,50.1,29.1,68.2
0 days 01:05:06.989000,STR,18,0 days 00:01:48.705000,16.0,3.0,,,0 days 00:00:38.369000,0 days 00:00:44.311000,0 days 00:00:26.025000,0 days 01:03:56.653000,0 days 01:04:40.964000,0 days 01:05:06.989000,209.0,200.0,294.0,309.0,True,MEDIUM,3.0,True,Aston Martin,0 days 01:03:18.284000,2026-09-24 09:19:55.030,1,,,,False,True,FP1,50.1,29.1,68.2
0 days 01:07:48.541000,STR,18,,17.0,3.0,,,0 days 00:00:50.397000,0 days 00:01:16.462000,0 days 00:00:34.636000,0 days 01:05:57.606000,0 days 01:07:14.006000,0 days 01:07:48.626000,135.0,150.0,294.0,197.0,False,MEDIUM,4.0,True,Aston Martin,0 days 01:05:06.989000,2026-09-24 09:21:43.735,12,,,,False,False,FP1,50.1,29.1,68.2
0 days 01:10:16.780000,STR,18,0 days 00:02:28.239000,18.0,3.0,,,0 days 00:00:49.323000,0 days 00:01:02.934000,0 days 00:00:35.982000,0 days 01:08:37.864000,0 days 01:09:40.798000,0 days 01:10:16.780000,107.0,93.0,260.0,186.0,False,MEDIUM,5.0,True,Aston Martin,0 days 01:07:48.541000,2026-09-24 09:24:25.287,2671,,,,False,False,FP1,50.1,29.1,68.2
0 days 01:12:17.699000,STR,18,0 days 00:02:00.919000,19.0,3.0,,,0 days 00:00:42.897000,0 days 00:00:48.661000,0 days 00:00:29.361000,0 days 01:10:59.677000,0 days 01:11:48.338000,0 days 01:12:17.699000,182.0,191.0,305.0,278.0,False,MEDIUM,6.0,True,Aston Martin,0 days 01:10:16.780000,2026-09-24 09:26:53.526,1,,,,False,True,FP1,50.1,29.1,68.2
0 days 01:14:06.246000,STR,18,0 days 00:01:48.547000,20.0,3.0,,,0 days 00:00:38.339000,0 days 00:00:44.239000,0 days 00:00:25.969000,0 days 01:12:56.038000,0 days 01:13:40.277000,0 days 01:14:06.246000,210.0,200.0,296.0,308.0,True,MEDIUM,7.0,True,Aston Martin,0 days 01:12:17.699000,2026-09-24 09:28:54.445,1,,,,False,True,FP1,50.3,29.1,67.4
0 days 01:16:51.428000,STR,18,,21.0,3.0,,,0 days 00:00:46.966000,0 days 00:01:03.530000,0 days 00:00:54.590000,0 days 01:14:53.448000,0 days 01:15:56.963000,0 days 01:16:51.428000,149.0,119.0,44.0,154.0,False,MEDIUM,8.0,True,Aston Martin,0 days 01:14:06.246000,2026-09-24 09:30:42.992,1,,,,False,False,FP1,50.3,29.1,67.4
0 days 01:20:25.434000,STR,18,,22.0,3.0,,0 days 01:20:24.164000,0 days 00:01:26.057000,0 days 00:01:30.477000,0 days 00:00:37.511000,0 days 01:18:17.656000,0 days 01:19:47.923000,0 days 01:20:25.466000,167.0,145.0,,307.0,False,MEDIUM,9.0,True,Aston Martin,0 days 01:16:51.428000,2026-09-24 09:33:28.174,12,,,,False,False,FP1,50.3,29.1,67.4
0 days 00:16:23.667000,ALB,23,,1.0,1.0,0 days 00:14:01.680000,,,0 days 00:01:04.078000,0 days 00:00:27.333000,,0 days 00:15:56.646000,0 days 00:16:23.781000,142.0,142.0,296.0,325.0,False,HARD,1.0,True,Williams,0 days 00:14:01.680000,2026-09-24 08:30:38.426,1,,,,False,False,FP1,50.3,29.1,67.4
0 days 00:18:27.062000,ALB,23,0 days 00:02:03.395000,2.0,1.0,,,0 days 00:00:43.818000,0 days 00:00:50.148000,0 days 00:00:29.429000,0 days 00:17:07.485000,0 days 00:17:57.633000,0 days 00:18:27.062000,158.0,156.0,299.0,282.0,True,HARD,2.0,True,Williams,0 days 00:16:23.667000,2026-09-24 08:33:00.413,1,,,,False,True,FP1,50.3,29.1,67.4
0 days 00:20:29.329000,ALB,23,0 days 00:02:02.267000,3.0,1.0,,,0 days 00:00:42.022000,0 days 00:00:50.055000,0 days 00:00:30.190000,0 days 00:19:09.084000,0 days 00:19:59.139000,0 days 00:20:29.329000,170.0,153.0,282.0,273.0,True,HARD,3.0,True,Williams,0 days 00:18:27.062000,2026-09-24 08:35:03.808,1,,,,False,True,FP1,50.3,29.1,67.4
0 days 00:22:20.845000,ALB,23,0 days 00:01:51.516000,4.0,1.0,,,0 days 00:00:39.689000,0 days 00:00:45.336000,0 days 00:00:26.491000,0 days 00:21:09.018000,0 days 00:21:54.354000,0 days 00:22:20.845000,181.0,194.0,306.0,301.0,True,HARD,4.0,True,Williams,0 days 00:20:29.329000,2026-09-24 08:37:06.075,1,,,,False,True,FP1,50.3,29.1,67.4
0 days 00:24:29.147000,ALB,23,0 days 00:02:08.302000,5.0,1.0,,,0 days 00:00:45.428000,0 days 00:00:52.916000,0 days 00:00:29.958000,0 days 00:23:06.273000,0 days 00:23:59.189000,0 days 00:24:29.147000,160.0,166.0,310.0,277.0,False,HARD,5.0,True,Williams,0 days 00:22:20.845000,2026-09-24 08:38:57.591,1,,,,False,True,FP1,50.3,29.1,67.4
0 days 00:26:30.539000,ALB,23,0 days 00:02:01.392000,6.0,1.0,,,0 days 00:00:40.856000,0 days 00:00:51.277000,0 days 00:00:29.259000,0 days 00:25:10.003000,0 days 00:26:01.280000,0 days 00:26:30.539000,177.0,161.0,314.0,281.0,False,HARD,6.0,True,Williams,0 days 00:24:29.147000,2026-09-24 08:41:05.893,1,,,,False,True,FP1,50.3,29.1,67.4
0 days 00:28:21.363000,ALB,23,0 days 00:01:50.824000,7.0,1.0,,,0 days 00:00:39.059000,0 days 00:00:45.267000,0 days 00:00:26.498000,0 days 00:27:09.598000,0 days 00:27:54.865000,0 days 00:28:21.363000,186.0,194.0,303.0,299.0,True,HARD,7.0,True,Williams,0 days 00:26:30.539000,2026-09-24 08:43:07.285,1,,,,False,True,FP1,50.3,29.1,67.4
0 days 00:30:22.798000,ALB,23,0 days 00:02:01.435000,8.0,1.0,,,0 days 00:00:43.857000,0 days 00:00:49.873000,0 days 00:00:27.705000,0 days 00:29:05.220000,0 days 00:29:55.093000,0 days 00:30:22.798000,160.0,177.0,299.0,289.0,False,HARD,8.0,True,Williams,0 days 00:28:21.363000,2026-09-24 08:44:58.109,1,,,,False,True,FP1,50.4,29.1,67.0
0 days 00:32:29.175000,ALB,23,0 days 00:02:06.377000,9.0,1.0,,,0 days 00:00:44.822000,0 days 00:00:50.704000,0 days 00:00:30.851000,0 days 00:31:07.620000,0 days 00:31:58.324000,0 days 00:32:29.175000,166.0,166.0,298.0,250.0,False,HARD,9.0,True,Williams,0 days 00:30:22.798000,2026-09-24 08:46:59.544,1,,,,False,True,FP1,50.4,29.1,67.0
0 days 00:34:18.754000,ALB,23,0 days 00:01:49.579000,10.0,1.0,,,0 days 00:00:38.913000,0 days 00:00:44.579000,0 days 00:00:26.087000,0 days 00:33:08.088000,0 days 00:33:52.667000,0 days 00:34:18.754000,190.0,197.0,306.0,306.0,True,HARD,10.0,True,Williams,0 days 00:32:29.175000,2026-09-24 08:49:05.921,1,,,,False,True,FP1,50.4,29.1,67.0
0 days 00:36:28.624000,ALB,23,0 days 00:02:09.870000,11.0,1.0,,,0 days 00:00:47.055000,0 days 00:00:51.329000,0 days 00:00:31.486000,0 days 00:35:05.809000,0 days 00:35:57.138000,0 days 00:36:28.624000,165.0,147.0,295.0,254.0,False,HARD,11.0,True,Williams,0 days 00:34:18.754000,2026-09-24 08:50:55.500,1,,,,False,True,FP1,50.2,29.1,67.8
0 days 00:38:54.287000,ALB,23,0 days 00:02:25.663000,12.0,1.0,,0 days 00:38:54.044000,0 days 00:00:38.911000,0 days 00:01:06.244000,0 days 00:00:40.508000,0 days 00:37:07.535000,0 days 00:38:13.779000,0 days 00:38:54.287000,187.0,144.0,,210.0,False,HARD,12.0,True,Williams,0 days 00:36:28.624000,2026-09-24 08:53:05.370,126,,,,False,False,FP1,50.2,29.1,67.8
0 days 00:44:49.732000,ALB,23,,13.0,2.0,0 days 00:42:45.200000,,,0 days 00:00:51.839000,0 days 00:00:29.533000,,0 days 00:44:20.385000,0 days 00:44:49.857000,162.0,167.0,302.0,270.0,False,HARD,13.0,False,Williams,0 days 00:38:54.287000,2026-09-24 08:55:31.033,6712,,,,False,False,FP1,50.2,29.1,67.8
0 days 00:46:59.132000,ALB,23,0 days 00:02:09.400000,14.0,2.0,,,0 days 00:00:40.004000,0 days 00:01:00.117000,0 days 00:00:29.279000,0 days 00:45:29.736000,0 days 00:46:29.853000,0 days 00:46:59.132000,176.0,158.0,305.0,281.0,False,HARD,14.0,False,Williams,0 days 00:44:49.732000,2026-09-24 09:01:26.478,12,,,,False,True,FP1,50.2,29.1,67.8
0 days 00:48:48.465000,ALB,23,0 days 00:01:49.333000,15.0,2.0,,,0 days 00:00:38.671000,0 days 00:00:44.616000,0 days 00:00:26.046000,0 days 00:47:37.803000,0 days 00:48:22.419000,0 days 00:48:48.465000,187.0,208.0,311.0,309.0,True,HARD,15.0,False,Williams,0 days 00:46:59.132000,2026-09-24 09:03:35.878,12,,,,False,True,FP1,50.2,29.1,67.8
0 days 00:51:00.741000,ALB,23,0 days 00:02:12.276000,16.0,2.0,,0 days 00:50:59.352000,0 days 00:00:47.378000,0 days 00:00:50.572000,0 days 00:00:34.326000,0 days 00:49:35.843000,0 days 00:50:26.415000,0 days 00:51:00.741000,175.0,170.0,,267.0,False,HARD,16.0,False,Williams,0 days 00:48:48.465000,2026-09-24 09:05:25.211,1,,,,False,False,FP1,50.4,28.9,66.4
0 days 00:53:50.692000,ALB,23,,17.0,3.0,0 days 00:51:34.016000,,0 days 00:01:13.629000,0 days 00:01:06.004000,0 days 00:00:30.380000,0 days 00:52:14.587000,0 days 00:53:20.584000,0 days 00:53:50.864000,163.0,156.0,298.0,257.0,False,SOFT,1.0,True,Williams,0 days 00:51:00.741000,2026-09-24 09:07:37.487,1,,,,False,False,FP1,50.4,28.9,66.4
0 days 00:55:38.864000,ALB,23,0 days 00:01:48.172000,18.0,3.0,,,0 days 00:00:38.429000,0 days 00:00:44.051000,0 days 00:00:25.692000,0 days 00:54:29.121000,0 days 00:55:13.172000,0 days 00:55:38.864000,191.0,210.0,313.0,313.0,True,SOFT,2.0,True,Williams,0 days 00:53:50.692000,2026-09-24 09:10:27.438,1,,,,False,True,FP1,50.4,28.9,66.4
0 days 00:57:57.975000,ALB,23,0 days 00:02:19.111000,19.0,3.0,,,0 days 00:00:47.920000,0 days 00:01:02.077000,0 days 00:00:29.114000,0 days 00:56:26.784000,0 days 00:57:28.861000,0 days 00:57:57.975000,150.0,166.0,314.0,280.0,False,SOFT,3.0,True,Williams,0 days 00:55:38.864000,2026-09-24 09:12:15.610,1,,,,False,True,FP1,50.4,28.9,66.4
0 days 00:59:45.752000,ALB,23,0 days 00:01:47.777000,20.0,3.0,,,0 days 00:00:38.381000,0 days 00:00:43.869000,0 days 00:00:25.527000,0 days 00:58:36.356000,0 days 00:59:20.225000,0 days 00:59:45.752000,193.0,212.0,307.0,315.0,True,SOFT,4.0,True,Williams,0 days 00:57:57.975000,2026-09-24 09:14:34.721,1,,,,False,True,FP1,50.4,28.9,66.4
0 days 01:02:11.385000,ALB,23,0 days 00:02:25.633000,21.0,3.0,,,0 days 00:00:54.787000,0 days 00:01:02.203000,0 days 00:00:28.643000,0 days 01:00:40.539000,0 days 01:01:42.742000,0 days 01:02:11.385000,150.0,162.0,314.0,286.0,False,SOFT,5.0,True,Williams,0 days 00:59:45.752000,2026-09-24 09:16:22.498,1,,,,False,True,FP1,49.7,28.8,67.9
0 days 01:03:58.324000,ALB,23,0 days 00:01:46.939000,22.0,3.0,,,0 days 00:00:38.011000,0 days 00:00:43.723000,0 days 00:00:25.205000,0 days 01:02:49.396000,0 days 01:03:33.119000,0 days 01:03:58.324000,199.0,210.0,313.0,323.0,True,SOFT,6.0,True,Williams,0 days 01:02:11.385000,2026-09-24 09:18:48.131,1,,,,False,True,FP1,49.7,28.8,67.9
0 days 01:06:20.095000,ALB,23,0 days 00:02:21.771000,23.0,3.0,,,0 days 00:00:49.472000,0 days 00:01:03.678000,0 days 00:00:28.621000,0 days 01:04:47.796000,0 days 01:05:51.474000,0 days 01:06:20.095000,138.0,171.0,318.0,284.0,False,SOFT,7.0,True,Williams,0 days 01:03:58.324000,2026-09-24 09:20:35.070,1,,,,False,True,FP1,49.7,28.8,67.9
0 days 01:08:07.463000,ALB,23,0 days 00:01:47.368000,24.0,3.0,,,0 days 00:00:38.173000,0 days 00:00:43.801000,0 days 00:00:25.394000,0 days 01:06:58.268000,0 days 01:07:42.069000,0 days 01:08:07.463000,199.0,212.0,309.0,318.0,False,SOFT,8.0,True,Williams,0 days 01:06:20.095000,2026-09-24 09:22:56.841,12,,,,False,True,FP1,49.7,28.8,67.9
0 days 01:10:35.194000,ALB,23,0 days 00:02:27.731000,25.0,3.0,,,0 days 00:00:58.806000,0 days 00:01:00.199000,0 days 00:00:28.726000,0 days 01:09:06.269000,0 days 01:10:06.468000,0 days 01:10:35.194000,104.0,162.0,317.0,284.0,False,SOFT,9.0,True,Williams,0 days 01:08:07.463000,2026-09-24 09:24:44.209,2671,,,,False,False,FP1,50.9,28.9,65.2
0 days 01:12:43.560000,ALB,23,0 days 00:02:08.366000,26.0,3.0,,,0 days 00:00:38.132000,0 days 00:00:58.219000,0 days 00:00:32.015000,0 days 01:11:13.326000,0 days 01:12:11.545000,0 days 01:12:43.560000,194.0,68.0,298.0,282.0,False,SOFT,10.0,True,Williams,0 days 01:10:35.194000,2026-09-24 09:27:11.940,1,,,,False,True,FP1,50.9,28.9,65.2
0 days 01:14:31.264000,ALB,23,0 days 00:01:47.704000,27.0,3.0,,,0 days 00:00:38.396000,0 days 00:00:44.044000,0 days 00:00:25.264000,0 days 01:13:21.956000,0 days 01:14:06,0 days 01:14:31.264000,205.0,213.0,316.0,320.0,False,SOFT,11.0,True,Williams,0 days 01:12:43.560000,2026-09-24 09:29:20.306,1,,,,False,True,FP1,50.9,28.9,65.2
0 days 01:17:12.823000,ALB,23,,28.0,3.0,,,0 days 00:00:51.358000,0 days 00:00:58.493000,0 days 00:00:51.497000,0 days 01:15:22.868000,0 days 01:16:21.326000,0 days 01:17:12.852000,137.0,153.0,68.0,138.0,False,SOFT,12.0,True,Williams,0 days 01:14:31.264000,2026-09-24 09:31:08.010,1,,,,False,False,FP1,50.9,28.9,65.2
0 days 01:19:53.648000,ALB,23,,29.0,3.0,,0 days 01:19:52.208000,0 days 00:01:14.660000,0 days 00:00:53.356000,0 days 00:00:32.819000,0 days 01:18:27.625000,0 days 01:19:21.070000,0 days 01:19:53.648000,158.0,199.0,,291.0,False,SOFT,13.0,True,Williams,0 days 01:17:12.823000,2026-09-24 09:33:49.569,12,,,,False,False,FP1,50.9,28.9,65.2
0 days 00:17:21.242000,HUL,27,,1.0,1.0,0 days 00:15:02.557000,,,0 days 00:01:00.168000,0 days 00:00:31.345000,,0 days 00:16:50.690000,0 days 00:17:21.426000,141.0,103.0,296.0,266.0,False,HARD,1.0,True,Audi,0 days 00:15:02.557000,2026-09-24 08:31:39.303,1,,,,False,False,FP1,50.7,29.1,66.9
0 days 00:19:13.639000,HUL,27,0 days 00:01:52.397000,2.0,1.0,,,0 days 00:00:40.694000,0 days 00:00:45.368000,0 days 00:00:26.335000,0 days 00:18:01.936000,0 days 00:18:47.304000,0 days 00:19:13.639000,183.0,195.0,305.0,311.0,True,HARD,2.0,True,Audi,0 days 00:17:21.242000,2026-09-24 08:33:57.988,1,,,,False,True,FP1,50.7,29.1,66.9
0 days 00:21:23.079000,HUL,27,0 days 00:02:09.440000,3.0,1.0,,,0 days 00:00:49.721000,0 days 00:00:50.709000,0 days 00:00:29.010000,0 days 00:20:03.360000,0 days 00:20:54.069000,0 days 00:21:23.079000,102.0,177.0,318.0,287.0,False,HARD,3.0,True,Audi,0 days 00:19:13.639000,2026-09-24 08:35:50.385,1,,,,False,True,FP1,50.7,29.1,66.9
0 days 00:23:12.613000,HUL,27,0 days 00:01:49.534000,4.0,1.0,,,0 days 00:00:39.191000,0 days 00:00:44.519000,0 days 00:00:25.824000,0 days 00:22:02.270000,0 days 00:22:46.789000,0 days 00:23:12.613000,195.0,203.0,309.0,315.0,True,HARD,4.0,True,Audi,0 days 00:21:23.079000,2026-09-24 08:37:59.825,1,,,,False,True,FP1,50.7,29.1,64.8
0 days 00:25:30.128000,HUL,27,0 days 00:02:17.515000,5.0,1.0,,,0 days 00:00:46.091000,0 days 00:00:59.682000,0 days 00:00:31.742000,0 days 00:23:58.704000,0 days 00:24:58.386000,0 days 00:25:30.128000,168.0,103.0,313.0,272.0,False,HARD,5.0,True,Audi,0 days 00:23:12.613000,2026-09-24 08:39:49.359,1,,,,False,True,FP1,50.7,29.1,64.8
0 days 00:27:18.453000,HUL,27,0 days 00:01:48.325000,6.0,1.0,,,0 days 00:00:38.524000,0 days 00:00:43.925000,0 days 00:00:25.876000,0 days 00:26:08.652000,0 days 00:26:52.577000,0 days 00:27:18.453000,202.0,205.0,304.0,312.0,True,HARD,6.0,True,Audi,0 days 00:25:30.128000,2026-09-24 08:42:06.874,1,,,,False,True,FP1,50.7,29.1,64.8
0 days 00:29:36.035000,HUL,27,0 days 00:02:17.582000,7.0,1.0,,,0 days 00:00:49.202000,0 days 00:00:57.468000,0 days 00:00:30.912000,0 days 00:28:07.655000,0 days 00:29:05.123000,0 days 00:29:36.035000,166.0,117.0,308.0,270.0,False,HARD,7.0,True,Audi,0 days 00:27:18.453000,2026-09-24 08:43:55.199,1,,,,False,True,FP1,50.7,29.1,64.8
0 days 00:31:24.243000,HUL,27,0 days 00:01:48.208000,8.0,1.0,,,0 days 00:00:38.510000,0 days 00:00:43.750000,0 days 00:00:25.948000,0 days 00:30:14.545000,0 days 00:30:58.295000,0 days 00:31:24.243000,203.0,205.0,301.0,309.0,True,HARD,8.0,True,Audi,0 days 00:29:36.035000,2026-09-24 08:46:12.781,1,,,,False,True,FP1,50.5,29.1,64.0
0 days 00:33:38.867000,HUL,27,0 days 00:02:14.624000,9.0,1.0,,0 days 00:33:37.514000,0 days 00:00:48.116000,0 days 00:00:49.121000,0 days 00:00:37.387000,0 days 00:32:12.359000,0 days 00:33:01.480000,0 days 00:33:38.867000,158.0,159.0,,238.0,False,HARD,9.0,True,Audi,0 days 00:31:24.243000,2026-09-24 08:48:00.989,1,,,,False,False,FP1,50.5,29.1,64.0
0 days 00:42:47.526000,HUL,27,,10.0,2.0,0 days 00:40:51.835000,,,0 days 00:00:47.377000,0 days 00:00:28.822000,,0 days 00:42:19.007000,0 days 00:42:47.962000,168.0,196.0,311.0,276.0,False,SOFT,1.0,True,Audi,0 days 00:33:38.867000,2026-09-24 08:50:15.613,1267,,,,False,False,FP1,50.5,29.1,64.0
0 days 00:44:34.447000,HUL,27,0 days 00:01:46.921000,11.0,2.0,,,0 days 00:00:38.049000,0 days 00:00:43.488000,0 days 00:00:25.384000,0 days 00:43:25.575000,0 days 00:44:09.063000,0 days 00:44:34.447000,205.0,208.0,310.0,325.0,True,SOFT,2.0,True,Audi,0 days 00:42:47.526000,2026-09-24 08:59:24.272,1,,,,False,True,FP1,50.5,29.1,64.0
0 days 00:46:50.318000,HUL,27,0 days 00:02:15.871000,12.0,2.0,,,0 days 00:00:49.426000,0 days 00:00:54.519000,0 days 00:00:31.926000,0 days 00:45:23.873000,0 days 00:46:18.392000,0 days 00:46:50.318000,141.0,98.0,316.0,285.0,False,SOFT,3.0,True,Audi,0 days 00:44:34.447000,2026-09-24 09:01:11.193,12,,,,False,True,FP1,50.5,29.1,64.0
0 days 00:48:37.189000,HUL,27,0 days 00:01:46.871000,13.0,2.0,,,0 days 00:00:38.043000,0 days 00:00:43.624000,0 days 00:00:25.204000,0 days 00:47:28.361000,0 days 00:48:11.985000,0 days 00:48:37.189000,204.0,203.0,310.0,335.0,True,SOFT,4.0,True,Audi,0 days 00:46:50.318000,2026-09-24 09:03:27.064,12,,,,False,True,FP1,50.5,29.1,64.0
0 days 00:50:50.454000,HUL,27,0 days 00:02:13.265000,14.0,2.0,,,0 days 00:00:46.939000,0 days 00:00:57.041000,0 days 00:00:29.285000,0 days 00:49:24.128000,0 days 00:50:21.169000,0 days 00:50:50.454000,127.0,166.0,316.0,285.0,False,SOFT,5.0,True,Audi,0 days 00:48:37.189000,2026-09-24 09:05:13.935,1,,,,False,True,FP1,50.5,29.1,64.0
0 days 00:52:45.171000,HUL,27,0 days 00:01:54.717000,15.0,2.0,,0 days 00:52:43.817000,0 days 00:00:37.839000,0 days 00:00:43.394000,0 days 00:00:33.484000,0 days 00:51:28.293000,0 days 00:52:11.687000,0 days 00:52:45.171000,210.0,207.0,,273.0,False,SOFT,6.0,True,Audi,0 days 00:50:50.454000,2026-09-24 09:07:27.200,1,,,,False,False,FP1,50.5,29.1,64.0
0 days 00:58:15.343000,HUL,27,,16.0,3.0,0 days 00:56:24.864000,,,0 days 00:00:45.881000,0 days 00:00:26.079000,,0 days 00:57:49.380000,0 days 00:58:15.392000,181.0,189.0,307.0,319.0,False,SOFT,7.0,False,Audi,0 days 00:52:45.171000,2026-09-24 09:09:21.917,1,,,,False,False,FP1,50.8,29.2,64.3
0 days 01:00:06.162000,HUL,27,0 days 00:01:50.819000,17.0,3.0,,,0 days 00:00:40.037000,0 days 00:00:44.930000,0 days 00:00:25.852000,0 days 00:58:55.380000,0 days 00:59:40.310000,0 days 01:00:06.162000,192.0,208.0,309.0,326.0,False,SOFT,8.0,False,Audi,0 days 00:58:15.343000,2026-09-24 09:14:52.089,1,,,,False,True,FP1,50.8,29.2,64.3
0 days 01:01:56.625000,HUL,27,0 days 00:01:50.463000,18.0,3.0,,,0 days 00:00:39.824000,0 days 00:00:44.794000,0 days 00:00:25.845000,0 days 01:00:45.986000,0 days 01:01:30.780000,0 days 01:01:56.625000,192.0,212.0,309.0,325.0,False,SOFT,9.0,False,Audi,0 days 01:00:06.162000,2026-09-24 09:16:42.908,1,,,,False,True,FP1,50.9,29.3,63.7
0 days 01:03:47.033000,HUL,27,0 days 00:01:50.408000,19.0,3.0,,,0 days 00:00:39.798000,0 days 00:00:45.026000,0 days 00:00:25.584000,0 days 01:02:36.423000,0 days 01:03:21.449000,0 days 01:03:47.033000,191.0,200.0,312.0,332.0,False,SOFT,10.0,False,Audi,0 days 01:01:56.625000,2026-09-24 09:18:33.371,1,,,,False,True,FP1,50.9,29.3,63.7
0 days 01:05:36.993000,HUL,27,0 days 00:01:49.960000,20.0,3.0,,,0 days 00:00:39.577000,0 days 00:00:44.913000,0 days 00:00:25.470000,0 days 01:04:26.610000,0 days 01:05:11.523000,0 days 01:05:36.993000,197.0,204.0,322.0,331.0,False,SOFT,11.0,False,Audi,0 days 01:03:47.033000,2026-09-24 09:20:23.779,1,,,,False,True,FP1,50.9,29.3,63.7
0 days 01:07:28.598000,HUL,27,0 days 00:01:51.605000,21.0,3.0,,,0 days 00:00:39.743000,0 days 00:00:45.548000,0 days 00:00:26.314000,0 days 01:06:16.736000,0 days 01:07:02.284000,0 days 01:07:28.598000,188.0,207.0,260.0,327.0,False,SOFT,12.0,False,Audi,0 days 01:05:36.993000,2026-09-24 09:22:13.739,1,,,,False,True,FP1,50.9,29.3,64.1
0 days 01:09:58.598000,HUL,27,,22.0,3.0,,,,,,,,,,,,,,SOFT,13.0,False,Audi,0 days 01:07:28.598000,2026-09-24 09:24:05.344,1267,,,,True,False,FP1,50.9,29.3,64.1
0 days 00:16:43.612000,VER,3,,1.0,1.0,0 days 00:14:16.360000,,,0 days 00:01:07.478000,0 days 00:00:29.078000,,0 days 00:16:14.790000,0 days 00:16:43.775000,176.0,161.0,303.0,285.0,False,HARD,1.0,True,Red Bull Racing,0 days 00:14:16.360000,2026-09-24 08:30:53.106,1,,,,False,False,FP1,50.9,29.3,64.1
0 days 00:18:32.814000,VER,3,0 days 00:01:49.202000,2.0,1.0,,,0 days 00:00:39.215000,0 days 00:00:44.576000,0 days 00:00:25.411000,0 days 00:17:22.827000,0 days 00:18:07.403000,0 days 00:18:32.814000,201.0,194.0,310.0,324.0,True,HARD,2.0,True,Red Bull Racing,0 days 00:16:43.612000,2026-09-24 08:33:20.358,1,,,,False,True,FP1,50.9,29.3,64.1
0 days 00:20:46.795000,VER,3,0 days 00:02:13.981000,3.0,1.0,,,0 days 00:00:49.030000,0 days 00:00:56.066000,0 days 00:00:28.885000,0 days 00:19:21.844000,0 days 00:20:17.910000,0 days 00:20:46.795000,166.0,174.0,306.0,287.0,False,HARD,3.0,True,Red Bull Racing,0 days 00:18:32.814000,2026-09-24 08:35:09.560,1,,,,False,True,FP1,50.9,29.3,64.1
0 days 00:22:33.430000,VER,3,0 days 00:01:46.635000,4.0,1.0,,,0 days 00:00:37.807000,0 days 00:00:43.783000,0 days 00:00:25.045000,0 days 00:21:24.602000,0 days 00:22:08.385000,0 days 00:22:33.430000,205.0,200.0,317.0,327.0,True,HARD,4.0,True,Red Bull Racing,0 days 00:20:46.795000,2026-09-24 08:37:23.541,1,,,,False,True,FP1,50.9,29.3,64.1
0 days 00:24:58.834000,VER,3,0 days 00:02:25.404000,5.0,1.0,,,0 days 00:00:54.043000,0 days 00:01:02.651000,0 days 00:00:28.710000,0 days 00:23:27.473000,0 days 00:24:30.124000,0 days 00:24:58.834000,123.0,184.0,305.0,287.0,False,HARD,5.0,True,Red Bull Racing,0 days 00:22:33.430000,2026-09-24 08:39:10.176,1,,,,False,True,FP1,50.6,29.3,62.8
0 days 00:26:45.346000,VER,3,0 days 00:01:46.512000,6.0,1.0,,,0 days 00:00:37.565000,0 days 00:00:43.446000,0 days 00:00:25.501000,0 days 00:25:36.399000,0 days 00:26:19.845000,0 days 00:26:45.346000,205.0,208.0,308.0,319.0,True,HARD,6.0,True,Red Bull Racing,0 days 00:24:58.834000,2026-09-24 08:41:35.580,1,,,,False,True,FP1,50.6,29.3,62.8
0 days 00:29:10.699000,VER,3,0 days 00:02:25.353000,7.0,1.0,,0 days 00:29:09.396000,0 days 00:00:48.865000,0 days 00:01:01.077000,0 days 00:00:35.411000,0 days 00:27:34.211000,0 days 00:28:35.288000,0 days 00:29:10.699000,142.0,104.0,,281.0,False,HARD,7.0,True,Red Bull Racing,0 days 00:26:45.346000,2026-09-24 08:43:22.092,1,,,,False,False,FP1,50.6,29.3,62.8
0 days 00:41:53.121000,VER,3,,8.0,2.0,0 days 00:39:39.749000,,,0 days 00:00:56.285000,0 days 00:00:31.147000,,0 days 00:41:22.131000,0 days 00:41:53.121000,178.0,121.0,299.0,258.0,False,SOFT,1.0,True,Red Bull Racing,0 days 00:29:10.699000,2026-09-24 08:45:47.445,1267,,,,False,False,FP1,50.6,29.3,62.8
0 days 00:44:15.628000,VER,3,0 days 00:02:22.507000,9.0,2.0,,,0 days 00:00:56.510000,0 days 00:00:56.717000,0 days 00:00:29.280000,0 days 00:42:49.631000,0 days 00:43:46.348000,0 days 00:44:15.628000,173.0,171.0,304.0,284.0,False,SOFT,2.0,True,Red Bull Racing,0 days 00:41:53.121000,2026-09-24 08:58:29.867,21,,,,False,True,FP1,50.6,29.3,62.8
0 days 00:46:18.486000,VER,3,0 days 00:02:02.858000,10.0,2.0,,,0 days 00:00:37.602000,0 days 00:00:56.233000,0 days 00:00:29.023000,0 days 00:44:53.230000,0 days 00:45:49.463000,0 days 00:46:18.486000,214.0,160.0,305.0,287.0,False,SOFT,3.0,True,Red Bull Racing,0 days 00:44:15.628000,2026-09-24 09:00:52.374,12,,,,False,True,FP1,50.9,29.2,63.7
0 days 00:48:04.273000,VER,3,0 days 00:01:45.787000,11.0,2.0,,,0 days 00:00:37.602000,0 days 00:00:42.988000,0 days 00:00:25.197000,,0 days 00:47:39.076000,0 days 00:48:04.273000,216.0,210.0,305.0,320.0,True,SOFT,4.0,True,Red Bull Racing,0 days 00:46:18.486000,2026-09-24 09:02:55.232,12,,,,False,True,FP1,50.9,29.2,63.7
0 days 00:50:24.261000,VER,3,0 days 00:02:19.988000,12.0,2.0,,0 days 00:50:22.920000,0 days 00:00:48.875000,0 days 00:00:54.707000,0 days 00:00:36.406000,0 days 00:48:53.148000,0 days 00:49:47.855000,0 days 00:50:24.261000,73.0,125.0,,247.0,False,SOFT,5.0,True,Red Bull Racing,0 days 00:48:04.273000,2026-09-24 09:04:41.019,1,,,,False,False,FP1,50.9,29.2,63.7
0 days 01:01:37.937000,VER,3,,13.0,3.0,0 days 00:59:03.226000,,,0 days 00:00:52.988000,0 days 00:00:26.121000,,0 days 01:01:11.844000,0 days 01:01:38.046000,169.0,170.0,318.0,316.0,False,HARD,8.0,False,Red Bull Racing,0 days 00:50:24.261000,2026-09-24 09:07:01.007,1,,,,False,False,FP1,50.9,29.2,63.7
0 days 01:03:28.323000,VER,3,0 days 00:01:50.386000,14.0,3.0,,,0 days 00:00:39.765000,0 days 00:00:45.269000,0 days 00:00:25.352000,0 days 01:02:17.702000,0 days 01:03:02.971000,0 days 01:03:28.323000,192.0,198.0,316.0,325.0,False,HARD,9.0,False,Red Bull Racing,0 days 01:01:37.937000,2026-09-24 09:18:14.683,1,,,,False,True,FP1,50.9,29.2,63.7
0 days 01:05:17.629000,VER,3,0 days 00:01:49.306000,15.0,3.0,,,0 days 00:00:39.186000,0 days 00:00:44.932000,0 days 00:00:25.188000,0 days 01:04:07.509000,0 days 01:04:52.441000,0 days 01:05:17.629000,186.0,207.0,321.0,325.0,False,HARD,10.0,False,Red Bull Racing,0 days 01:03:28.323000,2026-09-24 09:20:05.069,1,,,,False,True,FP1,50.9,29.2,63.7
0 days 01:07:06.770000,VER,3,0 days 00:01:49.141000,16.0,3.0,,,0 days 00:00:39.180000,0 days 00:00:44.780000,0 days 00:00:25.181000,0 days 01:05:56.809000,0 days 01:06:41.589000,0 days 01:07:06.770000,194.0,209.0,315.0,324.0,False,HARD,11.0,False,Red Bull Racing,0 days 01:05:17.629000,2026-09-24 09:21:54.375,1,,,,False,True,FP1,50.8,29.2,62.2
0 days 01:09:15.262000,VER,3,0 days 00:02:08.492000,17.0,3.0,,,0 days 00:00:39.118000,0 days 00:00:51.699000,0 days 00:00:37.675000,0 days 01:07:45.888000,0 days 01:08:37.587000,0 days 01:09:15.262000,192.0,200.0,268.0,254.0,False,HARD,12.0,False,Red Bull Racing,0 days 01:07:06.770000,2026-09-24 09:23:43.516,126,,,,False,False,FP1,50.8,29.2,62.2
0 days 01:11:21.638000,VER,3,0 days 00:02:06.376000,18.0,3.0,,,0 days 00:00:55.251000,0 days 00:00:45.255000,0 days 00:00:25.870000,0 days 01:10:10.513000,0 days 01:10:55.768000,0 days 01:11:21.638000,185.0,211.0,305.0,315.0,False,HARD,13.0,False,Red Bull Racing,0 days 01:09:15.262000,2026-09-24 09:25:52.008,671,,,,False,False,FP1,50.8,29.2,62.2
0 days 01:13:11.129000,VER,3,0 days 00:01:49.491000,19.0,3.0,,,0 days 00:00:39.208000,0 days 00:00:44.803000,0 days 00:00:25.480000,0 days 01:12:00.846000,0 days 01:12:45.649000,0 days 01:13:11.129000,196.0,208.0,309.0,319.0,False,HARD,14.0,False,Red Bull Racing,0 days 01:11:21.638000,2026-09-24 09:27:58.384,1,,,,False,True,FP1,51.0,29.3,61.5
0 days 01:15:00.838000,VER,3,0 days 00:01:49.709000,20.0,3.0,,,0 days 00:00:39.044000,0 days 00:00:44.954000,0 days 00:00:25.711000,0 days 01:13:50.173000,0 days 01:14:35.127000,0 days 01:15:00.838000,198.0,206.0,312.0,319.0,False,HARD,15.0,False,Red Bull Racing,0 days 01:13:11.129000,2026-09-24 09:29:47.875,1,,,,False,True,FP1,51.0,29.3,61.5
0 days 01:18:05.780000,VER,3,,21.0,3.0,,,0 days 00:00:53.118000,0 days 00:01:01.108000,0 days 00:01:10.718000,0 days 01:15:54.147000,0 days 01:16:55.309000,0 days 01:18:06.168000,112.0,160.0,36.0,282.0,False,HARD,16.0,False,Red Bull Racing,0 days 01:15:00.838000,2026-09-24 09:31:37.584,1,,,,False,False,FP1,51.0,29.3,61.5
0 days 01:20:28.125000,VER,3,0 days 00:02:22.345000,22.0,3.0,,0 days 01:20:26.847000,0 days 00:00:49.340000,0 days 00:00:58.567000,0 days 00:00:34.438000,0 days 01:18:55.120000,0 days 01:19:53.687000,0 days 01:20:28.125000,165.0,134.0,,291.0,False,HARD,17.0,False,Red Bull Racing,0 days 01:18:05.780000,2026-09-24 09:34:42.526,12,,,,False,False,FP1,51.0,29.3,61.5
0 days 00:16:15.537000,LAW,30,,1.0,1.0,0 days 00:13:53.063000,,,0 days 00:00:53.436000,0 days 00:00:32.571000,,0 days 00:15:43.349000,0 days 00:16:16.170000,139.0,152.0,303.0,270.0,False,HARD,1.0,True,Racing Bulls,0 days 00:13:53.063000,2026-09-24 08:30:29.809,1,,,,False,False,FP1,51.0,29.3,61.5
0 days 00:18:12.501000,LAW,30,0 days 00:01:56.964000,2.0,1.0,,,0 days 00:00:40.695000,0 days 00:00:47.509000,0 days 00:00:28.760000,0 days 00:16:56.232000,0 days 00:17:43.741000,0 days 00:18:12.501000,179.0,176.0,308.0,287.0,True,HARD,2.0,True,Racing Bulls,0 days 00:16:15.537000,2026-09-24 08:32:52.283,1,,,,False,True,FP1,51.0,29.3,61.5
0 days 00:20:04.041000,LAW,30,0 days 00:01:51.540000,3.0,1.0,,,0 days 00:00:39.351000,0 days 00:00:46.046000,0 days 00:00:26.143000,0 days 00:18:51.852000,0 days 00:19:37.898000,0 days 00:20:04.041000,180.0,189.0,304.0,306.0,True,HARD,3.0,True,Racing Bulls,0 days 00:18:12.501000,2026-09-24 08:34:49.247,1,,,,False,True,FP1,51.0,29.3,61.5
0 days 00:22:36.799000,LAW,30,,4.0,1.0,,,0 days 00:00:58.007000,0 days 00:01:03.603000,0 days 00:00:31.117000,0 days 00:21:02.358000,0 days 00:22:05.832000,0 days 00:22:36.981000,153.0,130.0,314.0,290.0,False,HARD,4.0,True,Racing Bulls,0 days 00:20:04.041000,2026-09-24 08:36:40.787,1,,,,False,False,FP1,51.0,29.3,61.5
0 days 00:24:26.458000,LAW,30,0 days 00:01:49.659000,5.0,1.0,,,0 days 00:00:39.162000,0 days 00:00:44.752000,0 days 00:00:25.745000,0 days 00:23:15.961000,0 days 00:24:00.713000,0 days 00:24:26.458000,190.0,200.0,304.0,310.0,True,HARD,5.0,True,Racing Bulls,0 days 00:22:36.799000,2026-09-24 08:39:13.545,1,,,,False,True,FP1,51.0,29.3,61.5
0 days 00:26:49.229000,LAW,30,0 days 00:02:22.771000,6.0,1.0,,,0 days 00:00:56.169000,0 days 00:00:57.578000,0 days 00:00:29.024000,0 days 00:25:22.627000,0 days 00:26:20.205000,0 days 00:26:49.229000,92.0,154.0,316.0,288.0,False,HARD,6.0,True,Racing Bulls,0 days 00:24:26.458000,2026-09-24 08:41:03.204,1,,,,False,True,FP1,51.0,29.3,61.5
0 days 00:28:36.863000,LAW,30,0 days 00:01:47.634000,7.0,1.0,,,0 days 00:00:38.252000,0 days 00:00:44.138000,0 days 00:00:25.244000,0 days 00:27:27.481000,0 days 00:28:11.619000,0 days 00:28:36.863000,196.0,210.0,307.0,322.0,True,HARD,7.0,True,Racing Bulls,0 days 00:26:49.229000,2026-09-24 08:43:25.975,1,,,,False,True,FP1,51.0,29.3,61.5
0 days 00:30:51.881000,LAW,30,0 days 00:02:15.018000,8.0,1.0,,0 days 00:30:50.646000,0 days 00:00:46.202000,0 days 00:00:52.946000,0 days 00:00:35.870000,0 days 00:29:23.065000,0 days 00:30:16.011000,0 days 00:30:51.881000,171.0,190.0,,285.0,False,HARD,8.0,True,Racing Bulls,0 days 00:28:36.863000,2026-09-24 08:45:13.609,1,,,,False,False,FP1,50.5,29.2,60.8
0 days 00:39:51.827000,LAW,30,,9.0,2.0,0 days 00:36:57.048000,,,,0 days 00:00:30.482000,,,0 days 00:39:51.856000,143.0,146.0,309.0,260.0,False,HARD,9.0,False,Racing Bulls,0 days 00:30:51.881000,2026-09-24 08:47:28.627,1267,,,,False,False,FP1,50.5,29.2,60.8
0 days 00:41:54.907000,LAW,30,0 days 00:02:03.080000,10.0,2.0,,,0 days 00:00:41.422000,0 days 00:00:52.749000,0 days 00:00:28.909000,0 days 00:40:33.249000,0 days 00:41:25.998000,0 days 00:41:54.907000,171.0,140.0,319.0,290.0,False,HARD,10.0,False,Racing Bulls,0 days 00:39:51.827000,2026-09-24 08:56:28.573,12,,,,False,True,FP1,50.5,29.2,60.8
0 days 00:44:00.184000,LAW,30,0 days 00:02:05.277000,11.0,2.0,,,0 days 00:00:46.394000,0 days 00:00:50.157000,0 days 00:00:28.726000,0 days 00:42:41.301000,0 days 00:43:31.458000,0 days 00:44:00.184000,168.0,168.0,315.0,287.0,False,HARD,11.0,False,Racing Bulls,0 days 00:41:54.907000,2026-09-24 08:58:31.653,21,,,,False,True,FP1,50.5,29.2,60.8
0 days 00:45:47.211000,LAW,30,0 days 00:01:47.027000,12.0,2.0,,,0 days 00:00:37.860000,0 days 00:00:44.082000,0 days 00:00:25.085000,0 days 00:44:38.044000,0 days 00:45:22.126000,0 days 00:45:47.211000,198.0,203.0,314.0,327.0,True,HARD,12.0,False,Racing Bulls,0 days 00:44:00.184000,2026-09-24 09:00:36.930,12,,,,False,True,FP1,50.5,29.2,60.8
0 days 00:47:59.449000,LAW,30,0 days 00:02:12.238000,13.0,2.0,,0 days 00:47:58.123000,0 days 00:00:46.441000,0 days 00:00:50.128000,0 days 00:00:35.669000,0 days 00:46:33.652000,0 days 00:47:23.780000,0 days 00:47:59.449000,182.0,169.0,,283.0,False,HARD,13.0,False,Racing Bulls,0 days 00:45:47.211000,2026-09-24 09:02:23.957,21,,,,False,False,FP1,50.5,29.2,60.8
0 days 00:54:49.882000,LAW,30,,14.0,3.0,0 days 00:52:40.936000,,,0 days 00:00:56.204000,0 days 00:00:29.860000,,0 days 00:54:20.267000,0 days 00:54:50.120000,155.0,67.0,316.0,289.0,False,MEDIUM,1.0,True,Racing Bulls,0 days 00:47:59.449000,2026-09-24 09:04:36.195,1,,,,False,False,FP1,50.6,29.1,62.0
0 days 00:56:36.589000,LAW,30,0 days 00:01:46.707000,15.0,3.0,,,0 days 00:00:37.846000,0 days 00:00:43.725000,0 days 00:00:25.136000,0 days 00:55:27.728000,0 days 00:56:11.453000,0 days 00:56:36.589000,200.0,201.0,311.0,326.0,True,MEDIUM,2.0,True,Racing Bulls,0 days 00:54:49.882000,2026-09-24 09:11:26.628,1,,,,False,True,FP1,50.6,29.1,62.0
0 days 00:58:58.798000,LAW,30,0 days 00:02:22.209000,16.0,3.0,,,0 days 00:00:56.169000,0 days 00:00:57.422000,0 days 00:00:28.618000,0 days 00:57:32.758000,0 days 00:58:30.180000,0 days 00:58:58.798000,139.0,178.0,313.0,288.0,False,MEDIUM,3.0,True,Racing Bulls,0 days 00:56:36.589000,2026-09-24 09:13:13.335,1,,,,False,True,FP1,50.6,29.1,62.0
0 days 01:00:45.238000,LAW,30,0 days 00:01:46.440000,17.0,3.0,,,0 days 00:00:37.704000,0 days 00:00:43.580000,0 days 00:00:25.156000,0 days 00:59:36.502000,0 days 01:00:20.082000,0 days 01:00:45.238000,197.0,203.0,310.0,324.0,True,MEDIUM,4.0,True,Racing Bulls,0 days 00:58:58.798000,2026-09-24 09:15:35.544,1,,,,False,True,FP1,50.6,29.1,62.0
0 days 01:02:47.871000,LAW,30,0 days 00:02:02.633000,18.0,3.0,,,0 days 00:00:46.999000,0 days 00:00:50.399000,0 days 00:00:25.235000,0 days 01:01:32.237000,0 days 01:02:22.636000,0 days 01:02:47.871000,143.0,199.0,318.0,325.0,False,MEDIUM,5.0,True,Racing Bulls,0 days 01:00:45.238000,2026-09-24 09:17:21.984,1,,,,False,True,FP1,50.6,29.1,62.0
0 days 01:04:38.624000,LAW,30,0 days 00:01:50.753000,19.0,3.0,,,0 days 00:00:39.663000,0 days 00:00:45.712000,0 days 00:00:25.378000,0 days 01:03:27.534000,0 days 01:04:13.246000,0 days 01:04:38.624000,184.0,192.0,314.0,326.0,False,MEDIUM,6.0,True,Racing Bulls,0 days 01:02:47.871000,2026-09-24 09:19:24.617,1,,,,False,True,FP1,50.6,29.1,62.0
0 days 01:06:28.911000,LAW,30,0 days 00:01:50.287000,20.0,3.0,,,0 days 00:00:39.657000,0 days 00:00:45.394000,0 days 00:00:25.236000,0 days 01:05:18.281000,0 days 01:06:03.675000,0 days 01:06:28.911000,191.0,206.0,311.0,325.0,False,MEDIUM,7.0,True,Racing Bulls,0 days 01:04:38.624000,2026-09-24 09:21:15.370,1,,,,False,True,FP1,50.6,29.1,62.0
0 days 01:08:18.235000,LAW,30,0 days 00:01:49.324000,21.0,3.0,,,0 days 00:00:39.154000,0 days 00:00:45.119000,0 days 00:00:25.051000,0 days 01:07:08.065000,0 days 01:07:53.184000,0 days 01:08:18.235000,196.0,205.0,312.0,328.0,False,MEDIUM,8.0,True,Racing Bulls,0 days 01:06:28.911000,2026-09-24 09:23:05.657,12,,,,False,True,FP1,50.7,29.2,62.8
0 days 01:10:35.421000,LAW,30,0 days 00:02:17.186000,22.0,3.0,,,0 days 00:00:52.977000,0 days 00:00:58.250000,0 days 00:00:25.959000,0 days 01:09:11.212000,0 days 01:10:09.462000,0 days 01:10:35.421000,106.0,167.0,319.0,318.0,False,MEDIUM,9.0,True,Racing Bulls,0 days 01:08:18.235000,2026-09-24 09:24:54.981,2671,,,,False,False,FP1,50.7,29.2,62.8
0 days 01:12:25.910000,LAW,30,0 days 00:01:50.489000,23.0,3.0,,,0 days 00:00:40.021000,0 days 00:00:45.397000,0 days 00:00:25.071000,0 days 01:11:15.442000,0 days 01:12:00.839000,0 days 01:12:25.910000,184.0,199.0,315.0,328.0,False,MEDIUM,10.0,True,Racing Bulls,0 days 01:10:35.421000,2026-09-24 09:27:12.167,1,,,,False,True,FP1,50.7,29.2,62.8
0 days 01:14:15.198000,LAW,30,0 days 00:01:49.288000,24.0,3.0,,,0 days 00:00:39.232000,0 days 00:00:45.264000,0 days 00:00:24.792000,0 days 01:13:05.142000,0 days 01:13:50.406000,0 days 01:14:15.198000,185.0,203.0,272.0,338.0,False,MEDIUM,11.0,True,Racing Bulls,0 days 01:12:25.910000,2026-09-24 09:29:02.656,1,,,,False,True,FP1,50.7,29.2,62.8
0 days 01:17:04.900000,LAW,30,,25.0,3.0,,,0 days 00:00:46.019000,0 days 00:01:06.001000,0 days 00:00:57.559000,0 days 01:15:01.563000,0 days 01:16:07.428000,0 days 01:17:04.900000,121.0,117.0,72.0,136.0,False,MEDIUM,12.0,True,Racing Bulls,0 days 01:14:15.198000,2026-09-24 09:30:51.944,1,,,,False,False,FP1,50.7,29.2,62.8
0 days 01:19:55.803000,LAW,30,,26.0,3.0,,0 days 01:19:54.377000,0 days 00:01:18.201000,0 days 00:00:59.932000,0 days 00:00:32.751000,0 days 01:18:23.276000,0 days 01:19:23.576000,0 days 01:19:55.803000,147.0,181.0,,307.0,False,MEDIUM,13.0,True,Racing Bulls,0 days 01:17:04.900000,2026-09-24 09:33:41.646,12,,,,False,False,FP1,50.7,29.2,62.8
0 days 00:16:04.386000,OCO,31,,1.0,1.0,0 days 00:13:43.696000,,,0 days 00:00:56.703000,0 days 00:00:29.946000,,0 days 00:15:34.761000,0 days 00:16:04.569000,137.0,132.0,300.0,279.0,False,HARD,1.0,True,Haas F1 Team,0 days 00:13:43.696000,2026-09-24 08:30:20.442,1,,,,False,False,FP1,50.7,29.2,62.8
0 days 00:17:57.279000,OCO,31,0 days 00:01:52.893000,2.0,1.0,,,0 days 00:00:40.543000,0 days 00:00:46.030000,0 days 00:00:26.320000,0 days 00:16:44.929000,0 days 00:17:30.959000,0 days 00:17:57.279000,178.0,191.0,299.0,307.0,True,HARD,2.0,True,Haas F1 Team,0 days 00:16:04.386000,2026-09-24 08:32:41.132,1,,,,False,True,FP1,50.7,29.2,62.8
0 days 00:20:09.986000,OCO,31,0 days 00:02:12.707000,3.0,1.0,,,0 days 00:00:48.584000,0 days 00:00:54.739000,0 days 00:00:29.384000,0 days 00:18:45.863000,0 days 00:19:40.602000,0 days 00:20:09.986000,141.0,145.0,305.0,283.0,False,HARD,3.0,True,Haas F1 Team,0 days 00:17:57.279000,2026-09-24 08:34:34.025,1,,,,False,True,FP1,50.8,29.3,61.5
0 days 00:21:59.717000,OCO,31,0 days 00:01:49.731000,4.0,1.0,,,0 days 00:00:38.928000,0 days 00:00:45.116000,0 days 00:00:25.687000,0 days 00:20:48.914000,0 days 00:21:34.030000,0 days 00:21:59.717000,185.0,197.0,304.0,321.0,True,HARD,4.0,True,Haas F1 Team,0 days 00:20:09.986000,2026-09-24 08:36:46.732,1,,,,False,True,FP1,50.8,29.3,61.5
0 days 00:24:16.626000,OCO,31,0 days 00:02:16.909000,5.0,1.0,,0 days 00:24:15.236000,0 days 00:00:48.895000,0 days 00:00:53.501000,0 days 00:00:34.513000,0 days 00:22:48.612000,0 days 00:23:42.113000,0 days 00:24:16.626000,143.0,159.0,,281.0,False,HARD,5.0,True,Haas F1 Team,0 days 00:21:59.717000,2026-09-24 08:38:36.463,1,,,,False,False,FP1,50.8,29.3,61.5
0 days 00:33:59.641000,OCO,31,,6.0,2.0,0 days 00:32:00.439000,,,0 days 00:00:49.415000,0 days 00:00:29.266000,,0 days 00:33:30.562000,0 days 00:33:59.782000,158.0,166.0,301.0,280.0,False,HARD,6.0,False,Haas F1 Team,0 days 00:24:16.626000,2026-09-24 08:40:53.372,1,,,,False,False,FP1,50.8,29.3,61.5
0 days 00:35:48.947000,OCO,31,0 days 00:01:49.306000,7.0,2.0,,,0 days 00:00:38.799000,0 days 00:00:44.727000,0 days 00:00:25.780000,0 days 00:34:38.440000,0 days 00:35:23.167000,0 days 00:35:48.947000,185.0,200.0,302.0,320.0,True,HARD,7.0,False,Haas F1 Team,0 days 00:33:59.641000,2026-09-24 08:50:36.387,1,,,,False,True,FP1,50.8,29.3,61.5
0 days 00:38:11.614000,OCO,31,0 days 00:02:22.667000,8.0,2.0,,0 days 00:38:10.299000,0 days 00:00:48.122000,0 days 00:00:50.383000,0 days 00:00:44.162000,0 days 00:36:37.069000,0 days 00:37:27.452000,0 days 00:38:11.614000,157.0,163.0,,137.0,False,HARD,8.0,False,Haas F1 Team,0 days 00:35:48.947000,2026-09-24 08:52:25.693,126,,,,False,False,FP1,50.8,29.3,61.5
0 days 00:46:36.690000,OCO,31,,9.0,3.0,0 days 00:44:31.949000,0 days 00:46:35.378000,,0 days 00:00:50.711000,0 days 00:00:34.024000,,0 days 00:46:02.807000,0 days 00:46:36.690000,168.0,157.0,,280.0,False,HARD,9.0,False,Haas F1 Team,0 days 00:38:11.614000,2026-09-24 08:54:48.360,6712,,,,False,False,FP1,50.8,29.3,61.5
0 days 00:52:56.031000,OCO,31,,10.0,4.0,0 days 00:50:59.843000,,,0 days 00:00:47.643000,0 days 00:00:29.092000,,0 days 00:52:27.192000,0 days 00:52:56.204000,170.0,187.0,304.0,282.0,False,HARD,10.0,False,Haas F1 Team,0 days 00:46:36.690000,2026-09-24 09:03:13.436,12,,,,False,False,FP1,50.8,29.3,61.5
0 days 00:54:48.878000,OCO,31,0 days 00:01:52.847000,11.0,4.0,,0 days 00:54:47.666000,0 days 00:00:38.516000,0 days 00:00:44.387000,0 days 00:00:29.944000,0 days 00:53:34.547000,0 days 00:54:18.934000,0 days 00:54:48.878000,191.0,203.0,,330.0,False,HARD,11.0,False,Haas F1 Team,0 days 00:52:56.031000,2026-09-24 09:09:32.777,1,,,,False,False,FP1,50.8,29.3,61.5
0 days 00:57:15.827000,OCO,31,0 days 00:02:26.949000,12.0,5.0,0 days 00:55:15.097000,,0 days 00:01:08.268000,0 days 00:00:49.296000,0 days 00:00:29.385000,0 days 00:55:57.146000,0 days 00:56:46.442000,0 days 00:57:15.827000,161.0,151.0,303.0,282.0,False,SOFT,1.0,True,Haas F1 Team,0 days 00:54:48.878000,2026-09-24 09:11:25.624,1,,,,False,False,FP1,50.8,29.3,61.5
0 days 00:59:03.168000,OCO,31,0 days 00:01:47.341000,13.0,5.0,,,0 days 00:00:38.026000,0 days 00:00:43.859000,0 days 00:00:25.456000,0 days 00:57:53.853000,0 days 00:58:37.712000,0 days 00:59:03.168000,194.0,200.0,307.0,323.0,True,SOFT,2.0,True,Haas F1 Team,0 days 00:57:15.827000,2026-09-24 09:13:52.573,1,,,,False,True,FP1,50.8,29.3,61.5
0 days 01:01:13.442000,OCO,31,0 days 00:02:10.274000,14.0,5.0,,,0 days 00:00:47.761000,0 days 00:00:53.702000,0 days 00:00:28.811000,0 days 00:59:50.929000,0 days 01:00:44.631000,0 days 01:01:13.442000,153.0,171.0,306.0,285.0,False,SOFT,3.0,True,Haas F1 Team,0 days 00:59:03.168000,2026-09-24 09:15:39.914,1,,,,False,True,FP1,50.9,29.4,60.8
0 days 01:03:00.066000,OCO,31,0 days 00:01:46.624000,15.0,5.0,,,0 days 00:00:37.695000,0 days 00:00:43.675000,0 days 00:00:25.254000,0 days 01:01:51.137000,0 days 01:02:34.812000,0 days 01:03:00.066000,193.0,201.0,306.0,324.0,True,SOFT,4.0,True,Haas F1 Team,0 days 01:01:13.442000,2026-09-24 09:17:50.188,1,,,,False,True,FP1,50.9,29.4,60.8
0 days 01:05:06.374000,OCO,31,0 days 00:02:06.308000,16.0,5.0,,0 days 01:05:05.104000,0 days 00:00:43.817000,0 days 00:00:49.361000,0 days 00:00:33.130000,0 days 01:03:43.883000,0 days 01:04:33.244000,0 days 01:05:06.374000,164.0,173.0,,281.0,False,SOFT,5.0,True,Haas F1 Team,0 days 01:03:00.066000,2026-09-24 09:19:36.812,1,,,,False,False,FP1,50.9,29.4,60.8
0 days 01:14:49.603000,OCO,31,,17.0,6.0,0 days 01:10:24.707000,,,0 days 00:00:47.653000,0 days 00:00:26.277000,,0 days 01:14:23.573000,0 days 01:14:49.603000,160.0,183.0,304.0,312.0,False,HARD,12.0,False,Haas F1 Team,0 days 01:05:06.374000,2026-09-24 09:21:43.120,1267,,,,False,False,FP1,50.9,29.4,60.8
0 days 01:17:55.668000,OCO,31,,18.0,6.0,,,0 days 00:00:41.258000,0 days 00:00:49.569000,0 days 00:01:35.244000,0 days 01:15:31.071000,0 days 01:16:20.512000,0 days 01:17:55.668000,162.0,177.0,2.0,185.0,False,HARD,13.0,False,Haas F1 Team,0 days 01:14:49.603000,2026-09-24 09:31:26.349,1,,,,False,False,FP1,50.9,29.4,60.8
0 days 01:20:26.428000,OCO,31,,19.0,6.0,,0 days 01:20:25.009000,0 days 00:00:44.530000,0 days 00:01:10.638000,0 days 00:00:35.612000,0 days 01:18:40.391000,0 days 01:19:50.821000,0 days 01:20:26.428000,148.0,124.0,,287.0,False,HARD,14.0,False,Haas F1 Team,0 days 01:17:55.668000,2026-09-24 09:34:32.414,12,,,,False,False,FP1,50.9,29.4,60.8
0 days 00:15:49.106000,LIN,41,,1.0,1.0,0 days 00:13:28.091000,,,0 days 00:00:58.608000,0 days 00:00:31.072000,,0 days 00:15:18.111000,0 days 00:15:49.106000,125.0,149.0,270.0,266.0,False,HARD,1.0,True,Racing Bulls,0 days 00:13:28.091000,2026-09-24 08:30:04.837,1,,,,False,False,FP1,50.7,29.6,59.2
0 days 00:18:26.562000,LIN,41,,2.0,1.0,,0 days 00:18:25.819000,0 days 00:01:01.320000,0 days 00:01:01.051000,0 days 00:00:35.185000,0 days 00:16:50.744000,0 days 00:17:51.594000,0 days 00:18:26.562000,135.0,151.0,,280.0,False,HARD,2.0,True,Racing Bulls,0 days 00:15:49.106000,2026-09-24 08:32:25.852,1,,,,False,False,FP1,50.7,29.6,59.2
0 days 00:21:31.358000,LIN,41,,3.0,2.0,0 days 00:19:14.617000,,,0 days 00:00:54.529000,0 days 00:00:29.213000,,0 days 00:21:02.358000,0 days 00:21:31.358000,143.0,156.0,270.0,275.0,False,HARD,3.0,False,Racing Bulls,0 days 00:18:26.562000,2026-09-24 08:35:03.308,1,,,,False,False,FP1,50.7,29.6,59.2
0 days 00:24:00.473000,LIN,41,0 days 00:02:29.115000,4.0,2.0,,0 days 00:23:58.984000,0 days 00:00:55.429000,0 days 00:00:59.938000,0 days 00:00:33.748000,0 days 00:22:26.787000,0 days 00:23:26.725000,0 days 00:24:00.473000,139.0,156.0,,270.0,False,HARD,4.0,False,Racing Bulls,0 days 00:21:31.358000,2026-09-24 08:38:08.104,1,,,,False,False,FP1,50.7,29.6,59.2
0 days 00:37:00.200000,LIN,41,,5.0,3.0,0 days 00:34:54.941000,,,0 days 00:00:50.902000,0 days 00:00:28.523000,,0 days 00:36:31.784000,0 days 00:37:00.200000,157.0,179.0,313.0,288.0,False,HARD,5.0,False,Racing Bulls,0 days 00:24:00.473000,2026-09-24 08:40:37.219,1,,,,False,False,FP1,50.7,29.6,59.2
0 days 00:39:50.965000,LIN,41,,6.0,3.0,,,0 days 00:00:39.965000,0 days 00:01:39.915000,0 days 00:00:31.044000,0 days 00:37:40.270000,0 days 00:39:20.250000,0 days 00:39:51.275000,163.0,141.0,305.0,280.0,False,HARD,6.0,False,Racing Bulls,0 days 00:37:00.200000,2026-09-24 08:53:36.946,1267,,,,False,False,FP1,50.7,29.6,59.2
0 days 00:41:41.495000,LIN,41,0 days 00:01:50.530000,7.0,3.0,,,0 days 00:00:39.350000,0 days 00:00:45.199000,0 days 00:00:25.981000,0 days 00:40:30.315000,0 days 00:41:15.514000,0 days 00:41:41.495000,177.0,191.0,305.0,309.0,True,HARD,7.0,False,Racing Bulls,0 days 00:39:50.965000,2026-09-24 08:56:27.711,1,,,,False,True,FP1,50.7,29.6,59.2
0 days 00:43:55.218000,LIN,41,0 days 00:02:13.723000,8.0,3.0,,,0 days 00:00:50.725000,0 days 00:00:53.435000,0 days 00:00:29.563000,0 days 00:42:32.220000,0 days 00:43:25.655000,0 days 00:43:55.218000,108.0,186.0,305.0,259.0,False,HARD,8.0,False,Racing Bulls,0 days 00:41:41.495000,2026-09-24 08:58:18.241,12,,,,False,True,FP1,50.3,29.7,59.3
0 days 00:45:43.164000,LIN,41,0 days 00:01:47.946000,9.0,3.0,,,0 days 00:00:38.432000,0 days 00:00:44.330000,0 days 00:00:25.184000,0 days 00:44:33.650000,0 days 00:45:17.980000,0 days 00:45:43.164000,188.0,201.0,311.0,325.0,True,HARD,9.0,False,Racing Bulls,0 days 00:43:55.218000,2026-09-24 09:00:31.964,12,,,,False,True,FP1,50.3,29.7,59.3
0 days 00:48:09.588000,LIN,41,0 days 00:02:26.424000,10.0,3.0,,,0 days 00:00:54.372000,0 days 00:01:03.113000,0 days 00:00:28.939000,0 days 00:46:37.536000,0 days 00:47:40.649000,0 days 00:48:09.588000,134.0,179.0,315.0,272.0,False,HARD,10.0,False,Racing Bulls,0 days 00:45:43.164000,2026-09-24 09:02:19.910,21,,,,False,True,FP1,50.3,29.7,59.3
0 days 00:49:57.314000,LIN,41,0 days 00:01:47.726000,11.0,3.0,,,0 days 00:00:38.421000,0 days 00:00:44.014000,0 days 00:00:25.291000,0 days 00:48:48.009000,0 days 00:49:32.023000,0 days 00:49:57.314000,182.0,202.0,308.0,322.0,True,HARD,11.0,False,Racing Bulls,0 days 00:48:09.588000,2026-09-24 09:04:46.334,1,,,,False,True,FP1,50.3,29.7,59.3
0 days 00:52:13,LIN,41,0 days 00:02:15.686000,12.0,3.0,,,0 days 00:00:55.725000,0 days 00:00:50.885000,0 days 00:00:29.076000,0 days 00:50:53.039000,0 days 00:51:43.924000,0 days 00:52:13,124.0,188.0,307.0,261.0,False,HARD,12.0,False,Racing Bulls,0 days 00:49:57.314000,2026-09-24 09:06:34.060,1,,,,False,True,FP1,50.3,29.7,59.3
0 days 00:54:00.444000,LIN,41,0 days 00:01:47.444000,13.0,3.0,,,0 days 00:00:38.170000,0 days 00:00:44.032000,0 days 00:00:25.242000,0 days 00:52:51.170000,0 days 00:53:35.202000,0 days 00:54:00.444000,187.0,202.0,309.0,323.0,True,HARD,13.0,False,Racing Bulls,0 days 00:52:13,2026-09-24 09:08:49.746,1,,,,False,True,FP1,50.3,29.7,59.3
0 days 00:55:59.564000,LIN,41,0 days 00:01:59.120000,14.0,3.0,,0 days 00:55:58.387000,0 days 00:00:40.745000,0 days 00:00:47.755000,0 days 00:00:30.620000,0 days 00:54:41.189000,0 days 00:55:28.944000,0 days 00:55:59.564000,176.0,195.0,,290.0,False,HARD,14.0,False,Racing Bulls,0 days 00:54:00.444000,2026-09-24 09:10:37.190,1,,,,False,False,FP1,50.3,29.7,59.3
0 days 01:00:20.618000,LIN,41,,15.0,4.0,0 days 00:58:12.264000,,,0 days 00:00:59.990000,0 days 00:00:28.775000,,0 days 00:59:51.990000,0 days 01:00:20.698000,172.0,195.0,312.0,277.0,False,MEDIUM,1.0,True,Racing Bulls,0 days 00:55:59.564000,2026-09-24 09:12:36.310,1,,,,False,False,FP1,50.3,29.7,59.3
0 days 01:02:07.389000,LIN,41,0 days 00:01:46.771000,16.0,4.0,,,0 days 00:00:37.699000,0 days 00:00:43.819000,0 days 00:00:25.253000,0 days 01:00:58.317000,0 days 01:01:42.136000,0 days 01:02:07.389000,201.0,207.0,312.0,323.0,True,MEDIUM,2.0,True,Racing Bulls,0 days 01:00:20.618000,2026-09-24 09:16:57.364,1,,,,False,True,FP1,50.9,29.7,61.7
0 days 01:04:17.954000,LIN,41,0 days 00:02:10.565000,17.0,4.0,,,0 days 00:00:51.778000,0 days 00:00:50.714000,0 days 00:00:28.073000,0 days 01:02:59.167000,0 days 01:03:49.881000,0 days 01:04:17.954000,175.0,195.0,315.0,290.0,False,MEDIUM,3.0,True,Racing Bulls,0 days 01:02:07.389000,2026-09-24 09:18:44.135,1,,,,False,True,FP1,50.9,29.7,61.7
0 days 01:06:41.345000,LIN,41,0 days 00:02:23.391000,18.0,4.0,,,0 days 00:00:52.816000,0 days 00:01:00.497000,0 days 00:00:30.078000,0 days 01:05:10.770000,0 days 01:06:11.267000,0 days 01:06:41.345000,101.0,179.0,310.0,268.0,False,MEDIUM,4.0,True,Racing Bulls,0 days 01:04:17.954000,2026-09-24 09:20:54.700,1,,,,False,True,FP1,50.9,29.7,61.7
0 days 01:10:04.725000,LIN,41,,19.0,4.0,,,0 days 00:00:37.788000,,0 days 00:00:30.981000,0 days 01:07:19.338000,,0 days 01:10:04.888000,190.0,144.0,296.0,274.0,False,MEDIUM,5.0,True,Racing Bulls,0 days 01:06:41.345000,2026-09-24 09:23:18.091,1267,,,,False,False,FP1,50.9,29.7,61.7
0 days 01:12:09.339000,LIN,41,0 days 00:02:04.614000,20.0,4.0,,,0 days 00:00:43.680000,0 days 00:00:51.937000,0 days 00:00:28.997000,0 days 01:10:48.405000,0 days 01:11:40.342000,0 days 01:12:09.339000,168.0,181.0,312.0,270.0,False,MEDIUM,6.0,True,Racing Bulls,0 days 01:10:04.725000,2026-09-24 09:26:41.471,1,,,,False,True,FP1,50.9,29.7,61.7
0 days 01:13:55.940000,LIN,41,0 days 00:01:46.601000,21.0,4.0,,,0 days 00:00:37.814000,0 days 00:00:43.733000,0 days 00:00:25.054000,0 days 01:12:47.153000,0 days 01:13:30.886000,0 days 01:13:55.940000,194.0,204.0,313.0,326.0,True,MEDIUM,7.0,True,Racing Bulls,0 days 01:12:09.339000,2026-09-24 09:28:46.085,1,,,,False,True,FP1,50.9,29.7,61.7
0 days 01:16:44.421000,LIN,41,,22.0,4.0,,,0 days 00:00:51.600000,0 days 00:00:57.094000,0 days 00:00:59.631000,0 days 01:14:47.781000,0 days 01:15:44.812000,0 days 01:16:44.421000,136.0,145.0,39.0,137.0,False,MEDIUM,8.0,True,Racing Bulls,0 days 01:13:55.940000,2026-09-24 09:30:32.686,1,,,,False,False,FP1,50.9,29.7,61.7
0 days 01:19:20.186000,LIN,41,,23.0,4.0,,0 days 01:19:18.845000,0 days 00:01:17.786000,0 days 00:00:48.297000,0 days 00:00:29.762000,0 days 01:18:02.378000,0 days 01:18:50.548000,0 days 01:19:20.186000,170.0,166.0,,328.0,False,MEDIUM,9.0,True,Racing Bulls,0 days 01:16:44.421000,2026-09-24 09:33:21.167,12,,,,False,False,FP1,50.9,29.7,61.7
0 days 00:17:10.111000,COL,43,,1.0,1.0,0 days 00:14:40.366000,,,0 days 00:01:00.509000,0 days 00:00:31.368000,,0 days 00:16:38.911000,0 days 00:17:10.236000,149.0,129.0,311.0,281.0,False,MEDIUM,1.0,True,Alpine,0 days 00:14:40.366000,2026-09-24 08:31:17.112,1,,,,False,False,FP1,50.8,29.7,60.8
0 days 00:19:05.176000,COL,43,0 days 00:01:55.065000,2.0,1.0,,,0 days 00:00:40.880000,0 days 00:00:47,0 days 00:00:27.185000,0 days 00:17:50.991000,0 days 00:18:37.991000,0 days 00:19:05.176000,162.0,193.0,301.0,294.0,True,MEDIUM,2.0,True,Alpine,0 days 00:17:10.111000,2026-09-24 08:33:46.857,1,,,,False,True,FP1,50.8,29.7,60.8
0 days 00:21:18.551000,COL,43,0 days 00:02:13.375000,3.0,1.0,,,0 days 00:00:52.171000,0 days 00:00:51.592000,0 days 00:00:29.612000,0 days 00:19:57.347000,0 days 00:20:48.939000,0 days 00:21:18.551000,163.0,165.0,314.0,289.0,False,MEDIUM,3.0,True,Alpine,0 days 00:19:05.176000,2026-09-24 08:35:41.922,1,,,,False,True,FP1,50.8,29.7,60.8
0 days 00:23:08.956000,COL,43,0 days 00:01:50.405000,4.0,1.0,,,0 days 00:00:39.275000,0 days 00:00:45.033000,0 days 00:00:26.097000,0 days 00:21:57.826000,0 days 00:22:42.859000,0 days 00:23:08.956000,187.0,195.0,305.0,308.0,True,MEDIUM,4.0,True,Alpine,0 days 00:21:18.551000,2026-09-24 08:37:55.297,1,,,,False,True,FP1,50.8,29.7,60.8
0 days 00:25:27.953000,COL,43,0 days 00:02:18.997000,5.0,1.0,,0 days 00:25:26.604000,0 days 00:00:48.873000,0 days 00:00:53.118000,0 days 00:00:37.006000,0 days 00:23:57.829000,0 days 00:24:50.947000,0 days 00:25:27.953000,177.0,144.0,,240.0,False,MEDIUM,5.0,True,Alpine,0 days 00:23:08.956000,2026-09-24 08:39:45.702,1,,,,False,False,FP1,50.8,29.7,60.8
0 days 00:35:54.884000,COL,43,,6.0,2.0,0 days 00:33:51.370000,,,0 days 00:00:53.225000,0 days 00:00:28.557000,,0 days 00:35:26.521000,0 days 00:35:54.884000,173.0,165.0,316.0,288.0,False,SOFT,1.0,True,Alpine,0 days 00:25:27.953000,2026-09-24 08:42:04.699,1,,,,False,False,FP1,50.8,29.7,60.8
0 days 00:37:43.346000,COL,43,0 days 00:01:48.462000,7.0,2.0,,,0 days 00:00:38.572000,0 days 00:00:44.194000,0 days 00:00:25.696000,0 days 00:36:33.456000,0 days 00:37:17.650000,0 days 00:37:43.346000,192.0,207.0,284.0,313.0,True,SOFT,2.0,True,Alpine,0 days 00:35:54.884000,2026-09-24 08:52:31.630,126,,,,False,False,FP1,50.8,29.8,60.0
0 days 00:40:20.846000,COL,43,,8.0,2.0,,,0 days 00:01:06.485000,0 days 00:01:02.420000,0 days 00:00:28.609000,0 days 00:38:50.057000,0 days 00:39:52.402000,0 days 00:40:20.846000,116.0,177.0,315.0,286.0,False,SOFT,3.0,True,Alpine,0 days 00:37:43.346000,2026-09-24 08:54:20.092,671,,,,False,False,FP1,50.8,29.8,60.0
0 days 00:42:08.369000,COL,43,0 days 00:01:47.523000,9.0,2.0,,,0 days 00:00:38.086000,0 days 00:00:44.167000,0 days 00:00:25.270000,0 days 00:40:58.932000,0 days 00:41:43.099000,0 days 00:42:08.369000,199.0,210.0,318.0,320.0,True,SOFT,4.0,True,Alpine,0 days 00:40:20.846000,2026-09-24 08:56:57.592,12,,,,False,True,FP1,50.8,29.8,60.0
0 days 00:44:27.736000,COL,43,0 days 00:02:19.367000,10.0,2.0,,0 days 00:44:26.397000,0 days 00:00:52.361000,0 days 00:00:53.428000,0 days 00:00:33.578000,0 days 00:43:00.730000,0 days 00:43:54.158000,0 days 00:44:27.736000,165.0,139.0,,288.0,False,SOFT,5.0,True,Alpine,0 days 00:42:08.369000,2026-09-24 08:58:45.115,21,,,,False,False,FP1,50.8,29.8,60.0
0 days 00:54:22.341000,COL,43,,11.0,3.0,0 days 00:51:54.678000,,,0 days 00:00:48.280000,0 days 00:00:27.508000,,0 days 00:53:54.902000,0 days 00:54:22.661000,176.0,181.0,300.0,296.0,False,MEDIUM,6.0,False,Alpine,0 days 00:44:27.736000,2026-09-24 09:01:04.482,12,,,,False,False,FP1,50.8,29.8,60.0
0 days 00:56:15.474000,COL,43,0 days 00:01:53.133000,12.0,3.0,,,0 days 00:00:40.968000,0 days 00:00:45.995000,0 days 00:00:26.170000,0 days 00:55:03.309000,0 days 00:55:49.304000,0 days 00:56:15.474000,185.0,195.0,306.0,309.0,False,MEDIUM,7.0,False,Alpine,0 days 00:54:22.341000,2026-09-24 09:10:59.087,1,,,,False,True,FP1,50.8,29.8,60.0
0 days 00:58:07.095000,COL,43,0 days 00:01:51.621000,13.0,3.0,,,0 days 00:00:40.060000,0 days 00:00:45.378000,0 days 00:00:26.183000,0 days 00:56:55.534000,0 days 00:57:40.912000,0 days 00:58:07.095000,186.0,198.0,306.0,308.0,False,MEDIUM,8.0,False,Alpine,0 days 00:56:15.474000,2026-09-24 09:12:52.220,1,,,,False,True,FP1,50.8,29.8,60.0
0 days 00:59:58.371000,COL,43,0 days 00:01:51.276000,14.0,3.0,,,0 days 00:00:39.959000,0 days 00:00:45.319000,0 days 00:00:25.998000,0 days 00:58:47.054000,0 days 00:59:32.373000,0 days 00:59:58.371000,185.0,203.0,308.0,311.0,False,MEDIUM,9.0,False,Alpine,0 days 00:58:07.095000,2026-09-24 09:14:43.841,1,,,,False,True,FP1,50.8,29.8,60.0
0 days 01:01:49.649000,COL,43,0 days 00:01:51.278000,15.0,3.0,,,0 days 00:00:40.075000,0 days 00:00:45.160000,0 days 00:00:26.043000,0 days 01:00:38.446000,0 days 01:01:23.606000,0 days 01:01:49.649000,188.0,206.0,307.0,310.0,False,MEDIUM,10.0,False,Alpine,0 days 00:59:58.371000,2026-09-24 09:16:35.117,1,,,,False,True,FP1,50.2,29.8,59.2
0 days 01:03:40.541000,COL,43,0 days 00:01:50.892000,16.0,3.0,,,0 days 00:00:39.837000,0 days 00:00:45.050000,0 days 00:00:26.005000,0 days 01:02:29.486000,0 days 01:03:14.536000,0 days 01:03:40.541000,193.0,201.0,306.0,309.0,False,MEDIUM,11.0,False,Alpine,0 days 01:01:49.649000,2026-09-24 09:18:26.395,1,,,,False,True,FP1,50.2,29.8,59.2
0 days 01:05:32.164000,COL,43,0 days 00:01:51.623000,17.0,3.0,,,0 days 00:00:40.287000,0 days 00:00:45.410000,0 days 00:00:25.926000,0 days 01:04:20.828000,0 days 01:05:06.238000,0 days 01:05:32.164000,189.0,204.0,308.0,315.0,False,MEDIUM,12.0,False,Alpine,0 days 01:03:40.541000,2026-09-24 09:20:17.287,1,,,,False,True,FP1,50.2,29.8,59.2
0 days 01:07:22.561000,COL,43,0 days 00:01:50.397000,18.0,3.0,,,0 days 00:00:39.593000,0 days 00:00:44.915000,0 days 00:00:25.889000,0 days 01:06:11.757000,0 days 01:06:56.672000,0 days 01:07:22.561000,192.0,205.0,307.0,315.0,False,MEDIUM,13.0,False,Alpine,0 days 01:05:32.164000,2026-09-24 09:22:08.910,1,,,,False,True,FP1,50.2,29.8,59.2
0 days 01:09:36.964000,COL,43,0 days 00:02:14.403000,19.0,3.0,,,0 days 00:00:39.874000,0 days 00:00:54.749000,0 days 00:00:39.780000,0 days 01:08:02.435000,0 days 01:08:57.184000,0 days 01:09:36.964000,173.0,125.0,222.0,153.0,False,MEDIUM,14.0,False,Alpine,0 days 01:07:22.561000,2026-09-24 09:23:59.307,126,,,,False,False,FP1,50.2,29.8,59.2
0 days 01:11:35.392000,COL,43,0 days 00:01:58.428000,20.0,3.0,,,0 days 00:00:46.699000,0 days 00:00:46.121000,0 days 00:00:25.608000,0 days 01:10:23.663000,0 days 01:11:09.784000,0 days 01:11:35.392000,180.0,194.0,318.0,323.0,False,MEDIUM,15.0,False,Alpine,0 days 01:09:36.964000,2026-09-24 09:26:13.710,671,,,,False,False,FP1,50.2,29.8,59.2
0 days 01:13:25.751000,COL,43,0 days 00:01:50.359000,21.0,3.0,,,0 days 00:00:39.608000,0 days 00:00:44.794000,0 days 00:00:25.957000,0 days 01:12:15,0 days 01:12:59.794000,0 days 01:13:25.751000,201.0,202.0,307.0,312.0,False,MEDIUM,16.0,False,Alpine,0 days 01:11:35.392000,2026-09-24 09:28:12.138,1,,,,False,True,FP1,50.2,29.8,59.2
0 days 01:15:42.156000,COL,43,0 days 00:02:16.405000,22.0,3.0,,,0 days 00:00:40.195000,0 days 00:00:48.428000,0 days 00:00:47.782000,0 days 01:14:05.946000,0 days 01:14:54.374000,0 days 01:15:42.156000,187.0,147.0,82.0,195.0,False,MEDIUM,17.0,False,Alpine,0 days 01:13:25.751000,2026-09-24 09:30:02.497,1,,,,False,True,FP1,50.2,29.8,59.2
0 days 01:18:11.120000,COL,43,0 days 00:02:28.964000,23.0,3.0,,0 days 01:18:09.732000,0 days 00:01:12.381000,0 days 00:00:46.866000,0 days 00:00:29.717000,0 days 01:16:54.537000,0 days 01:17:41.403000,0 days 01:18:11.120000,179.0,195.0,,311.0,False,MEDIUM,18.0,False,Alpine,0 days 01:15:42.156000,2026-09-24 09:32:18.902,1,,,,False,False,FP1,50.2,29.8,59.2
0 days 00:17:13.012000,HAM,44,,1.0,1.0,0 days 00:14:55.293000,,,0 days 00:00:57.206000,0 days 00:00:32.750000,,0 days 00:16:40.477000,0 days 00:17:13.130000,169.0,74.0,295.0,295.0,False,HARD,1.0,True,Ferrari,0 days 00:14:55.293000,2026-09-24 08:31:32.039,1,,,,False,False,FP1,50.8,29.9,58.5
0 days 00:19:07.236000,HAM,44,0 days 00:01:54.224000,2.0,1.0,,,0 days 00:00:41.768000,0 days 00:00:46.516000,0 days 00:00:25.940000,0 days 00:17:54.780000,0 days 00:18:41.296000,0 days 00:19:07.236000,176.0,185.0,308.0,325.0,True,HARD,2.0,True,Ferrari,0 days 00:17:13.012000,2026-09-24 08:33:49.758,1,,,,False,True,FP1,50.8,29.9,58.5
0 days 00:20:59.605000,HAM,44,0 days 00:01:52.369000,3.0,1.0,,,0 days 00:00:41.131000,0 days 00:00:45.675000,0 days 00:00:25.563000,0 days 00:19:48.367000,0 days 00:20:34.042000,0 days 00:20:59.605000,187.0,200.0,314.0,329.0,True,HARD,3.0,True,Ferrari,0 days 00:19:07.236000,2026-09-24 08:35:43.982,1,,,,False,True,FP1,50.8,29.9,58.5
0 days 00:22:49.172000,HAM,44,0 days 00:01:49.567000,4.0,1.0,,,0 days 00:00:39.182000,0 days 00:00:44.937000,0 days 00:00:25.448000,0 days 00:21:38.787000,0 days 00:22:23.724000,0 days 00:22:49.172000,196.0,205.0,313.0,329.0,True,HARD,4.0,True,Ferrari,0 days 00:20:59.605000,2026-09-24 08:37:36.351,1,,,,False,True,FP1,50.8,29.9,58.5
0 days 00:25:09.449000,HAM,44,0 days 00:02:20.277000,5.0,1.0,,,0 days 00:00:51.873000,0 days 00:00:59.085000,0 days 00:00:29.319000,0 days 00:23:41.045000,0 days 00:24:40.130000,0 days 00:25:09.449000,130.0,175.0,307.0,284.0,False,HARD,5.0,True,Ferrari,0 days 00:22:49.172000,2026-09-24 08:39:25.918,1,,,,False,True,FP1,50.8,29.9,58.5
0 days 00:26:56.989000,HAM,44,0 days 00:01:47.540000,6.0,1.0,,,0 days 00:00:37.877000,0 days 00:00:44.328000,0 days 00:00:25.335000,0 days 00:25:47.326000,0 days 00:26:31.654000,0 days 00:26:56.989000,200.0,204.0,312.0,327.0,True,HARD,6.0,True,Ferrari,0 days 00:25:09.449000,2026-09-24 08:41:46.195,1,,,,False,True,FP1,50.8,29.9,58.5
0 days 00:29:19.652000,HAM,44,0 days 00:02:22.663000,7.0,1.0,,,0 days 00:00:51.507000,0 days 00:01:01.883000,0 days 00:00:29.273000,0 days 00:27:48.496000,0 days 00:28:50.379000,0 days 00:29:19.652000,159.0,145.0,310.0,280.0,False,HARD,7.0,True,Ferrari,0 days 00:26:56.989000,2026-09-24 08:43:33.735,1,,,,False,True,FP1,50.7,29.9,58.1
0 days 00:31:06.531000,HAM,44,0 days 00:01:46.879000,8.0,1.0,,,0 days 00:00:37.726000,0 days 00:00:43.815000,0 days 00:00:25.338000,0 days 00:29:57.378000,0 days 00:30:41.193000,0 days 00:31:06.531000,216.0,198.0,308.0,327.0,True,HARD,8.0,True,Ferrari,0 days 00:29:19.652000,2026-09-24 08:45:56.398,1,,,,False,True,FP1,50.7,29.9,58.1
0 days 00:33:16.031000,HAM,44,0 days 00:02:09.500000,9.0,1.0,,,0 days 00:00:45.861000,0 days 00:00:54.606000,0 days 00:00:29.033000,0 days 00:31:52.392000,0 days 00:32:46.998000,0 days 00:33:16.031000,165.0,186.0,307.0,282.0,False,HARD,9.0,True,Ferrari,0 days 00:31:06.531000,2026-09-24 08:47:43.277,1,,,,False,True,FP1,50.7,29.9,58.1
0 days 00:35:02.396000,HAM,44,0 days 00:01:46.365000,10.0,1.0,,,0 days 00:00:37.432000,0 days 00:00:43.708000,0 days 00:00:25.225000,0 days 00:33:53.463000,0 days 00:34:37.171000,0 days 00:35:02.396000,212.0,198.0,309.0,328.0,True,HARD,10.0,True,Ferrari,0 days 00:33:16.031000,2026-09-24 08:49:52.777,1,,,,False,True,FP1,50.7,29.9,58.1
0 days 00:37:11.007000,HAM,44,0 days 00:02:08.611000,11.0,1.0,,0 days 00:37:09.756000,0 days 00:00:40.990000,0 days 00:00:52.200000,0 days 00:00:35.421000,0 days 00:35:43.386000,0 days 00:36:35.586000,0 days 00:37:11.007000,184.0,105.0,,284.0,False,HARD,11.0,True,Ferrari,0 days 00:35:02.396000,2026-09-24 08:51:39.142,12,,,,False,False,FP1,50.7,29.9,58.1
0 days 00:45:27.145000,HAM,44,,12.0,2.0,0 days 00:43:24.094000,,,0 days 00:00:54.092000,0 days 00:00:29.260000,,0 days 00:44:58.118000,0 days 00:45:27.295000,177.0,192.0,306.0,280.0,False,MEDIUM,1.0,True,Ferrari,0 days 00:37:11.007000,2026-09-24 08:53:47.753,2671,,,,False,False,FP1,50.7,29.9,58.1
0 days 00:47:13.841000,HAM,44,0 days 00:01:46.696000,13.0,2.0,,,0 days 00:00:37.529000,0 days 00:00:44.014000,0 days 00:00:25.153000,0 days 00:46:04.674000,0 days 00:46:48.688000,0 days 00:47:13.841000,208.0,198.0,312.0,332.0,False,MEDIUM,2.0,True,Ferrari,0 days 00:45:27.145000,2026-09-24 09:02:03.891,12,,,,False,True,FP1,51.1,30.0,60.3
0 days 00:49:23.923000,HAM,44,0 days 00:02:10.082000,14.0,2.0,,,0 days 00:00:46.176000,0 days 00:00:54.797000,0 days 00:00:29.109000,0 days 00:48:00.017000,0 days 00:48:54.814000,0 days 00:49:23.923000,168.0,192.0,306.0,279.0,False,MEDIUM,3.0,True,Ferrari,0 days 00:47:13.841000,2026-09-24 09:03:50.587,12,,,,False,True,FP1,51.1,30.0,60.3
0 days 00:51:10.349000,HAM,44,0 days 00:01:46.426000,15.0,2.0,,,0 days 00:00:37.449000,0 days 00:00:43.703000,0 days 00:00:25.274000,0 days 00:50:01.372000,0 days 00:50:45.075000,0 days 00:51:10.349000,208.0,199.0,309.0,326.0,False,MEDIUM,4.0,True,Ferrari,0 days 00:49:23.923000,2026-09-24 09:06:00.669,1,,,,False,True,FP1,51.1,30.0,60.3
0 days 00:53:29.873000,HAM,44,0 days 00:02:19.524000,16.0,2.0,,,0 days 00:00:56.376000,0 days 00:00:54.184000,0 days 00:00:28.964000,0 days 00:52:06.725000,0 days 00:53:00.909000,0 days 00:53:29.873000,67.0,195.0,309.0,283.0,False,MEDIUM,5.0,True,Ferrari,0 days 00:51:10.349000,2026-09-24 09:07:47.095,1,,,,False,True,FP1,51.1,30.0,60.3
0 days 00:55:16.090000,HAM,44,0 days 00:01:46.217000,17.0,2.0,,,0 days 00:00:37.473000,0 days 00:00:43.593000,0 days 00:00:25.151000,0 days 00:54:07.346000,0 days 00:54:50.939000,0 days 00:55:16.090000,212.0,199.0,310.0,327.0,True,MEDIUM,6.0,True,Ferrari,0 days 00:53:29.873000,2026-09-24 09:10:06.619,1,,,,False,True,FP1,51.1,30.0,60.3
0 days 00:57:41.044000,HAM,44,0 days 00:02:24.954000,18.0,2.0,,,0 days 00:00:56.539000,0 days 00:00:59.326000,0 days 00:00:29.089000,0 days 00:56:12.629000,0 days 00:57:11.955000,0 days 00:57:41.044000,132.0,188.0,307.0,281.0,False,MEDIUM,7.0,True,Ferrari,0 days 00:55:16.090000,2026-09-24 09:11:52.836,1,,,,False,True,FP1,51.1,30.0,60.3
0 days 00:59:26.868000,HAM,44,0 days 00:01:45.824000,19.0,2.0,,,0 days 00:00:37.279000,0 days 00:00:43.358000,0 days 00:00:25.187000,0 days 00:58:18.323000,0 days 00:59:01.681000,0 days 00:59:26.868000,204.0,202.0,309.0,327.0,True,MEDIUM,8.0,True,Ferrari,0 days 00:57:41.044000,2026-09-24 09:14:17.790,1,,,,False,True,FP1,51.0,30.0,59.6
0 days 01:01:38.080000,HAM,44,0 days 00:02:11.212000,20.0,2.0,,0 days 01:01:36.699000,0 days 00:00:45.288000,0 days 00:00:47.117000,0 days 00:00:38.807000,0 days 01:00:12.156000,0 days 01:00:59.273000,0 days 01:01:38.080000,186.0,199.0,,151.0,False,MEDIUM,9.0,True,Ferrari,0 days 00:59:26.868000,2026-09-24 09:16:03.614,1,,,,False,False,FP1,51.0,30.0,59.6
0 days 01:09:29.524000,HAM,44,,21.0,3.0,0 days 01:06:47.861000,0 days 01:09:28.097000,,0 days 00:00:57.679000,0 days 00:00:40.425000,,0 days 01:08:49.155000,0 days 01:09:29.524000,177.0,93.0,,199.0,False,HARD,12.0,False,Ferrari,0 days 01:01:38.080000,2026-09-24 09:18:14.826,126,,,,False,False,FP1,51.0,30.0,59.6
0 days 01:12:22.239000,HAM,44,,22.0,4.0,0 days 01:10:29.408000,,,0 days 00:00:45.520000,0 days 00:00:25.421000,,0 days 01:11:56.968000,0 days 01:12:22.367000,185.0,198.0,316.0,329.0,False,HARD,13.0,False,Ferrari,0 days 01:09:29.524000,2026-09-24 09:26:06.270,671,,,,False,False,FP1,51.0,30.0,59.6
0 days 01:14:12.141000,HAM,44,0 days 00:01:49.902000,23.0,4.0,,,0 days 00:00:39.434000,0 days 00:00:45.135000,0 days 00:00:25.333000,0 days 01:13:01.673000,0 days 01:13:46.808000,0 days 01:14:12.141000,188.0,208.0,316.0,329.0,False,HARD,14.0,False,Ferrari,0 days 01:12:22.239000,2026-09-24 09:28:58.985,1,,,,False,True,FP1,50.4,30.0,59.8
0 days 01:16:48.612000,HAM,44,,24.0,4.0,,,0 days 00:00:51.929000,0 days 00:00:51.606000,0 days 00:00:52.890000,0 days 01:15:04.147000,0 days 01:15:55.901000,0 days 01:16:48.612000,160.0,175.0,58.0,183.0,False,HARD,15.0,False,Ferrari,0 days 01:14:12.141000,2026-09-24 09:30:48.887,1,,,,False,False,FP1,50.4,30.0,59.8
0 days 01:19:46.968000,HAM,44,,25.0,4.0,,0 days 01:19:45.501000,0 days 00:01:20.814000,0 days 00:00:57.233000,0 days 00:00:40.260000,0 days 01:18:09.495000,0 days 01:19:06.708000,0 days 01:19:47.602000,156.0,101.0,,283.0,False,HARD,16.0,False,Ferrari,0 days 01:16:48.612000,2026-09-24 09:33:25.358,12,,,,False,False,FP1,50.4,30.0,59.8
0 days 00:16:03.354000,BOR,5,,1.0,1.0,0 days 00:13:34.480000,0 days 00:16:01.954000,,0 days 00:00:57.257000,0 days 00:00:38.796000,,0 days 00:15:24.666000,0 days 00:16:03.354000,152.0,130.0,,238.0,False,HARD,1.0,True,Audi,0 days 00:13:34.480000,2026-09-24 08:30:11.226,1,,,,False,False,FP1,50.4,30.0,59.8
0 days 00:19:40.147000,BOR,5,,2.0,2.0,0 days 00:17:23.758000,0 days 00:19:38.808000,,0 days 00:00:51.020000,0 days 00:00:35.667000,,0 days 00:19:04.581000,0 days 00:19:40.147000,158.0,167.0,,238.0,False,HARD,1.0,False,Audi,0 days 00:16:03.354000,2026-09-24 08:32:40.100,1,,,,False,False,FP1,50.4,30.0,59.8
0 days 00:28:09.425000,BOR,5,,3.0,3.0,0 days 00:25:48.340000,0 days 00:28:08.068000,,0 days 00:00:57.282000,0 days 00:00:37.344000,,0 days 00:27:32.215000,0 days 00:28:09.425000,149.0,82.0,,238.0,False,HARD,2.0,False,Audi,0 days 00:19:40.147000,2026-09-24 08:36:16.893,1,,,,False,False,FP1,50.4,30.0,59.8
0 days 00:37:32.384000,BOR,5,,4.0,4.0,0 days 00:35:05.242000,,,0 days 00:00:49.989000,0 days 00:00:30.518000,,0 days 00:37:02.035000,0 days 00:37:32.384000,166.0,166.0,262.0,263.0,False,HARD,4.0,False,Audi,0 days 00:28:09.425000,2026-09-24 08:44:46.171,12,,,,False,False,FP1,49.8,29.9,58.6
0 days 00:40:07.296000,BOR,5,,5.0,4.0,,,0 days 00:00:53.551000,0 days 00:01:11.016000,0 days 00:00:30.505000,0 days 00:38:25.921000,0 days 00:39:37.001000,0 days 00:40:07.340000,141.0,128.0,308.0,262.0,False,HARD,5.0,False,Audi,0 days 00:37:32.384000,2026-09-24 08:54:09.130,2671,,,,False,False,FP1,49.8,29.9,58.6
0 days 00:41:59.195000,BOR,5,0 days 00:01:51.899000,6.0,4.0,,,0 days 00:00:40.222000,0 days 00:00:45.668000,0 days 00:00:26.009000,0 days 00:40:47.518000,0 days 00:41:33.186000,0 days 00:41:59.195000,178.0,193.0,306.0,310.0,True,HARD,6.0,False,Audi,0 days 00:40:07.296000,2026-09-24 08:56:44.042,12,,,,False,True,FP1,49.8,29.9,58.6
0 days 00:44:28.609000,BOR,5,0 days 00:02:29.414000,7.0,4.0,,,0 days 00:01:00.366000,0 days 00:00:54.532000,0 days 00:00:34.516000,0 days 00:42:59.561000,0 days 00:43:54.093000,0 days 00:44:28.609000,152.0,108.0,314.0,279.0,False,HARD,7.0,False,Audi,0 days 00:41:59.195000,2026-09-24 08:58:35.941,21,,,,False,True,FP1,49.8,29.9,58.6
0 days 00:46:45.838000,BOR,5,0 days 00:02:17.229000,8.0,4.0,,,0 days 00:00:39.509000,0 days 00:01:08.578000,0 days 00:00:29.142000,0 days 00:45:08.118000,0 days 00:46:16.696000,0 days 00:46:45.838000,191.0,161.0,311.0,282.0,False,HARD,8.0,False,Audi,0 days 00:44:28.609000,2026-09-24 09:01:05.355,12,,,,False,True,FP1,49.8,29.9,58.6
0 days 00:48:37.338000,BOR,5,0 days 00:01:51.500000,9.0,4.0,,,0 days 00:00:40.247000,0 days 00:00:45.130000,0 days 00:00:26.123000,0 days 00:47:26.085000,0 days 00:48:11.215000,0 days 00:48:37.338000,191.0,197.0,316.0,300.0,True,HARD,9.0,False,Audi,0 days 00:46:45.838000,2026-09-24 09:03:22.584,12,,,,False,True,FP1,49.8,29.9,58.6
0 days 00:50:42.877000,BOR,5,0 days 00:02:05.539000,10.0,4.0,,,0 days 00:00:45.779000,0 days 00:00:50.306000,0 days 00:00:29.454000,0 days 00:49:23.117000,0 days 00:50:13.423000,0 days 00:50:42.877000,174.0,138.0,310.0,282.0,False,HARD,10.0,False,Audi,0 days 00:48:37.338000,2026-09-24 09:05:14.084,1,,,,False,True,FP1,49.8,29.9,58.6
0 days 00:52:31.710000,BOR,5,0 days 00:01:48.833000,11.0,4.0,,,0 days 00:00:38.899000,0 days 00:00:44.305000,0 days 00:00:25.629000,0 days 00:51:21.776000,0 days 00:52:06.081000,0 days 00:52:31.710000,196.0,204.0,310.0,313.0,True,HARD,11.0,False,Audi,0 days 00:50:42.877000,2026-09-24 09:07:19.623,1,,,,False,True,FP1,51.2,29.8,58.2
0 days 00:54:37.950000,BOR,5,0 days 00:02:06.240000,12.0,4.0,,,0 days 00:00:43.982000,0 days 00:00:53.301000,0 days 00:00:28.957000,0 days 00:53:15.692000,0 days 00:54:08.993000,0 days 00:54:37.950000,175.0,149.0,312.0,284.0,False,HARD,12.0,False,Audi,0 days 00:52:31.710000,2026-09-24 09:09:08.456,1,,,,False,True,FP1,51.2,29.8,58.2
0 days 00:56:35.313000,BOR,5,0 days 00:01:57.363000,13.0,4.0,,0 days 00:56:34.097000,0 days 00:00:38.697000,0 days 00:00:43.981000,0 days 00:00:34.685000,0 days 00:55:16.647000,0 days 00:56:00.628000,0 days 00:56:35.313000,196.0,206.0,,229.0,False,HARD,13.0,False,Audi,0 days 00:54:37.950000,2026-09-24 09:11:14.696,1,,,,False,False,FP1,51.2,29.8,58.2
0 days 01:03:26.130000,BOR,5,,14.0,5.0,0 days 01:01:21.167000,,,0 days 00:00:52.289000,0 days 00:00:28.965000,,0 days 01:02:57.368000,0 days 01:03:26.325000,172.0,80.0,318.0,290.0,False,SOFT,1.0,True,Audi,0 days 00:56:35.313000,2026-09-24 09:13:12.059,1,,,,False,False,FP1,51.2,29.8,58.2
0 days 01:05:13.281000,BOR,5,0 days 00:01:47.151000,15.0,5.0,,,0 days 00:00:38.155000,0 days 00:00:43.409000,0 days 00:00:25.587000,0 days 01:04:04.285000,0 days 01:04:47.694000,0 days 01:05:13.281000,196.0,206.0,306.0,316.0,True,SOFT,2.0,True,Audi,0 days 01:03:26.130000,2026-09-24 09:20:02.876,1,,,,False,True,FP1,51.2,29.8,58.2
0 days 01:07:28.068000,BOR,5,0 days 00:02:14.787000,16.0,5.0,,,0 days 00:00:49.765000,0 days 00:00:53.947000,0 days 00:00:31.075000,0 days 01:06:03.046000,0 days 01:06:56.993000,0 days 01:07:28.068000,177.0,67.0,305.0,282.0,False,SOFT,3.0,True,Audi,0 days 01:05:13.281000,2026-09-24 09:21:50.027,1,,,,False,True,FP1,51.2,29.8,58.2
0 days 01:09:59.543000,BOR,5,,17.0,5.0,,,0 days 00:00:39.842000,0 days 00:01:16.086000,0 days 00:00:35.565000,0 days 01:08:08.155000,0 days 01:09:24.200000,0 days 01:09:59.748000,127.0,156.0,299.0,195.0,False,SOFT,4.0,True,Audi,0 days 01:07:28.068000,2026-09-24 09:24:04.814,1267,,,,False,False,FP1,51.2,29.8,58.2
0 days 01:12:01.100000,BOR,5,0 days 00:02:01.557000,18.0,5.0,,,0 days 00:00:39.510000,0 days 00:00:53.082000,0 days 00:00:28.965000,0 days 01:10:39.053000,0 days 01:11:32.135000,0 days 01:12:01.100000,184.0,145.0,312.0,285.0,False,SOFT,5.0,True,Audi,0 days 01:09:59.543000,2026-09-24 09:26:36.289,71,,,,False,False,FP1,50.9,29.9,60.0
0 days 01:13:47.788000,BOR,5,0 days 00:01:46.688000,19.0,5.0,,,0 days 00:00:38.030000,0 days 00:00:43.353000,0 days 00:00:25.305000,0 days 01:12:39.130000,0 days 01:13:22.483000,0 days 01:13:47.788000,202.0,209.0,308.0,325.0,True,SOFT,6.0,True,Audi,0 days 01:12:01.100000,2026-09-24 09:28:37.846,1,,,,False,True,FP1,50.9,29.9,60.0
0 days 01:16:43.815000,BOR,5,,20.0,5.0,,,0 days 00:00:55.876000,0 days 00:01:07.815000,0 days 00:00:52.236000,0 days 01:14:43.795000,0 days 01:15:51.772000,0 days 01:16:43.815000,128.0,106.0,50.0,205.0,False,SOFT,7.0,True,Audi,0 days 01:13:47.788000,2026-09-24 09:30:24.534,1,,,,False,False,FP1,50.9,29.9,60.0
0 days 01:19:25.288000,BOR,5,,21.0,5.0,,0 days 01:19:23.902000,0 days 00:01:14.679000,0 days 00:00:51.374000,0 days 00:00:35.309000,0 days 01:17:58.727000,0 days 01:18:50.088000,0 days 01:19:25.288000,130.0,168.0,,252.0,False,SOFT,8.0,True,Audi,0 days 01:16:43.815000,2026-09-24 09:33:20.561,12,,,,False,False,FP1,50.9,29.9,60.0
0 days 00:17:03.956000,SAI,55,,1.0,1.0,0 days 00:14:37.008000,,,0 days 00:01:08.708000,0 days 00:00:28.083000,,0 days 00:16:36.177000,0 days 00:17:04.176000,139.0,128.0,290.0,309.0,False,HARD,1.0,True,Williams,0 days 00:14:37.008000,2026-09-24 08:31:13.754,1,,,,False,False,FP1,50.9,29.9,60.0
0 days 00:18:59.863000,SAI,55,0 days 00:01:55.907000,2.0,1.0,,,0 days 00:00:41.960000,0 days 00:00:47.139000,0 days 00:00:26.808000,0 days 00:17:45.916000,0 days 00:18:33.055000,0 days 00:18:59.863000,165.0,177.0,306.0,298.0,True,HARD,2.0,True,Williams,0 days 00:17:03.956000,2026-09-24 08:33:40.702,1,,,,False,True,FP1,50.9,29.9,60.0
0 days 00:20:53,SAI,55,0 days 00:01:53.137000,3.0,1.0,,,0 days 00:00:40.584000,0 days 00:00:46.087000,0 days 00:00:26.466000,0 days 00:19:40.447000,0 days 00:20:26.534000,0 days 00:20:53,178.0,189.0,308.0,302.0,True,HARD,3.0,True,Williams,0 days 00:18:59.863000,2026-09-24 08:35:36.609,1,,,,False,True,FP1,50.9,29.9,60.0
0 days 00:23:09.006000,SAI,55,0 days 00:02:16.006000,4.0,1.0,,,0 days 00:00:49.882000,0 days 00:00:56.559000,0 days 00:00:29.565000,0 days 00:21:42.882000,0 days 00:22:39.441000,0 days 00:23:09.006000,155.0,87.0,329.0,282.0,False,HARD,4.0,True,Williams,0 days 00:20:53,2026-09-24 08:37:29.746,1,,,,False,True,FP1,50.9,29.9,60.0
0 days 00:25:04.577000,SAI,55,0 days 00:01:55.571000,5.0,1.0,,0 days 00:25:03.097000,0 days 00:00:39.114000,0 days 00:00:45.025000,0 days 00:00:31.432000,0 days 00:23:48.120000,0 days 00:24:33.145000,0 days 00:25:04.577000,180.0,186.0,,314.0,False,HARD,5.0,True,Williams,0 days 00:23:09.006000,2026-09-24 08:39:45.752,1,,,,False,False,FP1,50.9,29.9,60.0
0 days 00:45:00.246000,SAI,55,,6.0,2.0,0 days 00:42:50.397000,,,0 days 00:00:53.295000,0 days 00:00:29.299000,,0 days 00:44:31.206000,0 days 00:45:00.362000,160.0,170.0,309.0,279.0,False,SOFT,1.0,True,Williams,0 days 00:25:04.577000,2026-09-24 08:41:41.323,1267,,,,False,False,FP1,50.9,29.9,60.0
0 days 00:47:07.904000,SAI,55,0 days 00:02:07.658000,7.0,2.0,,,0 days 00:00:39.336000,0 days 00:00:59.364000,0 days 00:00:28.958000,0 days 00:45:39.582000,0 days 00:46:38.946000,0 days 00:47:07.904000,171.0,148.0,319.0,285.0,False,SOFT,2.0,True,Williams,0 days 00:45:00.246000,2026-09-24 09:01:36.992,12,,,,False,True,FP1,50.9,29.9,60.0
0 days 00:48:57.069000,SAI,55,0 days 00:01:49.165000,8.0,2.0,,,0 days 00:00:38.672000,0 days 00:00:44.640000,0 days 00:00:25.853000,0 days 00:47:46.576000,0 days 00:48:31.216000,0 days 00:48:57.069000,185.0,194.0,309.0,311.0,True,SOFT,3.0,True,Williams,0 days 00:47:07.904000,2026-09-24 09:03:44.650,12,,,,False,True,FP1,50.9,29.9,60.0
0 days 00:51:20.336000,SAI,55,0 days 00:02:23.267000,9.0,2.0,,,0 days 00:00:54.556000,0 days 00:00:59.631000,0 days 00:00:29.080000,0 days 00:49:51.625000,0 days 00:50:51.256000,0 days 00:51:20.336000,88.0,166.0,322.0,291.0,False,SOFT,4.0,True,Williams,0 days 00:48:57.069000,2026-09-24 09:05:33.815,1,,,,False,True,FP1,50.9,29.9,60.0
0 days 00:53:08.657000,SAI,55,0 days 00:01:48.321000,10.0,2.0,,,0 days 00:00:38.403000,0 days 00:00:44.246000,0 days 00:00:25.672000,0 days 00:51:58.739000,0 days 00:52:42.985000,0 days 00:53:08.657000,185.0,203.0,310.0,315.0,True,SOFT,5.0,True,Williams,0 days 00:51:20.336000,2026-09-24 09:07:57.082,1,,,,False,True,FP1,50.9,29.9,60.0
0 days 00:55:37.448000,SAI,55,0 days 00:02:28.791000,11.0,2.0,,,0 days 00:01:00.444000,0 days 00:00:59.432000,0 days 00:00:28.915000,0 days 00:54:09.101000,0 days 00:55:08.533000,0 days 00:55:37.448000,125.0,161.0,317.0,286.0,False,SOFT,6.0,True,Williams,0 days 00:53:08.657000,2026-09-24 09:09:45.403,1,,,,False,True,FP1,50.9,29.9,60.0
0 days 00:57:25.470000,SAI,55,0 days 00:01:48.022000,12.0,2.0,,,0 days 00:00:38.242000,0 days 00:00:43.993000,0 days 00:00:25.787000,0 days 00:56:15.690000,0 days 00:56:59.683000,0 days 00:57:25.470000,189.0,210.0,309.0,311.0,True,SOFT,7.0,True,Williams,0 days 00:55:37.448000,2026-09-24 09:12:14.194,1,,,,False,True,FP1,50.9,29.9,60.0
0 days 00:59:53.051000,SAI,55,0 days 00:02:27.581000,13.0,2.0,,,0 days 00:01:00.217000,0 days 00:00:58.456000,0 days 00:00:28.908000,0 days 00:58:25.687000,0 days 00:59:24.143000,0 days 00:59:53.051000,121.0,164.0,294.0,286.0,False,SOFT,8.0,True,Williams,0 days 00:57:25.470000,2026-09-24 09:14:02.216,1,,,,False,True,FP1,50.9,29.9,60.0
0 days 01:02:04.235000,SAI,55,0 days 00:02:11.184000,14.0,2.0,,,0 days 00:00:46.909000,0 days 00:00:54.209000,0 days 00:00:30.066000,0 days 01:00:39.960000,0 days 01:01:34.169000,0 days 01:02:04.235000,154.0,160.0,294.0,261.0,False,SOFT,9.0,True,Williams,0 days 00:59:53.051000,2026-09-24 09:16:29.797,1,,,,False,True,FP1,50.9,29.9,60.0
0 days 01:03:51.664000,SAI,55,0 days 00:01:47.429000,15.0,2.0,,,0 days 00:00:38.374000,0 days 00:00:43.675000,0 days 00:00:25.380000,0 days 01:02:42.609000,0 days 01:03:26.284000,0 days 01:03:51.664000,192.0,203.0,315.0,320.0,True,SOFT,10.0,True,Williams,0 days 01:02:04.235000,2026-09-24 09:18:40.981,1,,,,False,True,FP1,50.9,29.9,60.0
0 days 01:06:08.555000,SAI,55,0 days 00:02:16.891000,16.0,2.0,,,0 days 00:00:48.439000,0 days 00:00:59.090000,0 days 00:00:29.362000,0 days 01:04:40.103000,0 days 01:05:39.193000,0 days 01:06:08.555000,145.0,165.0,317.0,265.0,False,SOFT,11.0,True,Williams,0 days 01:03:51.664000,2026-09-24 09:20:28.410,1,,,,False,True,FP1,50.9,29.9,60.0
0 days 01:07:55.448000,SAI,55,0 days 00:01:46.893000,17.0,2.0,,,0 days 00:00:37.996000,0 days 00:00:43.433000,0 days 00:00:25.464000,0 days 01:06:46.551000,0 days 01:07:29.984000,0 days 01:07:55.448000,194.0,209.0,312.0,317.0,True,SOFT,12.0,True,Williams,0 days 01:06:08.555000,2026-09-24 09:22:45.301,12,,,,False,True,FP1,50.9,29.9,60.0
0 days 01:10:27.402000,SAI,55,,18.0,2.0,,0 days 01:10:25.992000,0 days 00:00:58.628000,0 days 00:00:59.078000,0 days 00:00:34.080000,0 days 01:08:54.425000,0 days 01:09:53.399000,0 days 01:10:27.404000,114.0,132.0,,286.0,False,SOFT,13.0,True,Williams,0 days 01:07:55.448000,2026-09-24 09:24:32.194,2671,,,,False,False,FP1,50.9,29.9,60.0
0 days 01:12:55.067000,SAI,55,0 days 00:02:27.665000,19.0,3.0,0 days 01:10:50.071000,,0 days 00:01:02.905000,0 days 00:00:54.718000,0 days 00:00:30.042000,0 days 01:11:30.307000,0 days 01:12:25.025000,0 days 01:12:55.067000,159.0,161.0,303.0,259.0,False,SOFT,1.0,False,Williams,0 days 01:10:27.402000,2026-09-24 09:27:04.148,1,,,,False,False,FP1,50.9,29.9,60.0
0 days 01:14:44.086000,SAI,55,0 days 00:01:49.019000,20.0,3.0,,,0 days 00:00:39.242000,0 days 00:00:44.175000,0 days 00:00:25.602000,0 days 01:13:34.309000,0 days 01:14:18.484000,0 days 01:14:44.086000,187.0,204.0,313.0,314.0,False,SOFT,2.0,False,Williams,0 days 01:12:55.067000,2026-09-24 09:29:31.813,1,,,,False,True,FP1,50.9,29.9,60.0
0 days 01:17:17.919000,SAI,55,,21.0,3.0,,,0 days 00:00:49.572000,0 days 00:01:00.586000,0 days 00:00:43.658000,0 days 01:15:33.710000,0 days 01:16:34.436000,0 days 01:17:17.919000,148.0,156.0,51.0,242.0,False,SOFT,3.0,False,Williams,0 days 01:14:44.086000,2026-09-24 09:31:20.832,1,,,,False,False,FP1,50.9,29.9,60.0
0 days 01:20:05.507000,SAI,55,,22.0,3.0,,0 days 01:20:03.904000,0 days 00:01:11.250000,0 days 00:01:03.735000,0 days 00:00:32.574000,0 days 01:18:29.286000,0 days 01:19:33.029000,0 days 01:20:05.507000,162.0,125.0,,322.0,False,SOFT,4.0,False,Williams,0 days 01:17:17.919000,2026-09-24 09:33:54.665,12,,,,False,False,FP1,50.9,29.9,60.0
0 days 00:16:34.894000,HAD,6,,1.0,1.0,0 days 00:14:08.092000,,,0 days 00:01:02.262000,0 days 00:00:30.374000,,0 days 00:16:04.732000,0 days 00:16:35.091000,150.0,156.0,309.0,291.0,False,HARD,1.0,True,Red Bull Racing,0 days 00:14:08.092000,2026-09-24 08:30:44.838,1,,,,False,False,FP1,50.9,29.9,60.0
0 days 00:18:26.809000,HAD,6,0 days 00:01:51.915000,2.0,1.0,,,0 days 00:00:40.257000,0 days 00:00:46.288000,0 days 00:00:25.370000,0 days 00:17:15.151000,0 days 00:18:01.439000,0 days 00:18:26.809000,175.0,194.0,315.0,330.0,True,HARD,2.0,True,Red Bull Racing,0 days 00:16:34.894000,2026-09-24 08:33:11.640,1,,,,False,True,FP1,50.9,29.9,60.0
0 days 00:20:41.818000,HAD,6,0 days 00:02:15.009000,3.0,1.0,,,0 days 00:00:46.399000,0 days 00:00:54.542000,0 days 00:00:34.068000,0 days 00:19:13.208000,0 days 00:20:07.750000,0 days 00:20:41.818000,147.0,88.0,311.0,288.0,False,HARD,3.0,True,Red Bull Racing,0 days 00:18:26.809000,2026-09-24 08:35:03.555,1,,,,False,True,FP1,50.9,29.9,60.0
0 days 00:22:30.855000,HAD,6,0 days 00:01:49.037000,4.0,1.0,,,0 days 00:00:38.934000,0 days 00:00:44.784000,0 days 00:00:25.319000,0 days 00:21:20.752000,0 days 00:22:05.536000,0 days 00:22:30.855000,198.0,199.0,314.0,323.0,True,HARD,4.0,True,Red Bull Racing,0 days 00:20:41.818000,2026-09-24 08:37:18.564,1,,,,False,True,FP1,50.9,29.9,60.0
0 days 00:24:51.309000,HAD,6,0 days 00:02:20.454000,5.0,1.0,,,0 days 00:00:52.243000,0 days 00:00:59.712000,0 days 00:00:28.499000,0 days 00:23:23.098000,0 days 00:24:22.810000,0 days 00:24:51.309000,139.0,188.0,312.0,289.0,False,HARD,5.0,True,Red Bull Racing,0 days 00:22:30.855000,2026-09-24 08:39:07.601,1,,,,False,True,FP1,50.9,29.9,60.0
0 days 00:26:39.182000,HAD,6,0 days 00:01:47.873000,6.0,1.0,,,0 days 00:00:38.266000,0 days 00:00:44.452000,0 days 00:00:25.155000,0 days 00:25:29.575000,0 days 00:26:14.027000,0 days 00:26:39.182000,201.0,211.0,311.0,324.0,True,HARD,6.0,True,Red Bull Racing,0 days 00:24:51.309000,2026-09-24 08:41:28.055,1,,,,False,True,FP1,50.9,29.9,60.0
0 days 00:29:16.735000,HAD,6,,7.0,1.0,,,0 days 00:00:53.892000,0 days 00:01:05.552000,0 days 00:00:37.943000,0 days 00:27:33.280000,0 days 00:28:38.792000,0 days 00:29:16.989000,128.0,65.0,304.0,268.0,False,HARD,7.0,True,Red Bull Racing,0 days 00:26:39.182000,2026-09-24 08:43:15.928,1,,,,False,False,FP1,51.0,29.9,58.7
0 days 00:32:13.859000,HAD,6,,8.0,1.0,,0 days 00:32:12.354000,0 days 00:00:54.620000,0 days 00:01:04.854000,0 days 00:00:57.757000,0 days 00:30:11.262000,0 days 00:31:16.618000,0 days 00:32:13.859000,122.0,134.0,,126.0,False,HARD,8.0,True,Red Bull Racing,0 days 00:29:16.735000,2026-09-24 08:45:53.481,1,,,,False,False,FP1,51.0,29.9,58.7
0 days 00:19:53.190000,RUS,63,,1.0,1.0,0 days 00:17:49.784000,,,0 days 00:00:47.301000,0 days 00:00:28.018000,,0 days 00:19:25.403000,0 days 00:19:53.324000,162.0,169.0,295.0,286.0,False,HARD,1.0,True,Mercedes,0 days 00:17:49.784000,2026-09-24 08:34:26.530,1,,,,False,False,FP1,51.0,29.9,58.7
0 days 00:21:53.787000,RUS,63,0 days 00:02:00.597000,2.0,1.0,,,0 days 00:00:43.047000,0 days 00:00:48.425000,0 days 00:00:29.125000,0 days 00:20:36.237000,0 days 00:21:24.662000,0 days 00:21:53.787000,179.0,184.0,315.0,277.0,True,HARD,2.0,True,Mercedes,0 days 00:19:53.190000,2026-09-24 08:36:29.936,1,,,,False,True,FP1,51.0,29.9,58.7
0 days 00:23:41.896000,RUS,63,0 days 00:01:48.109000,3.0,1.0,,,0 days 00:00:38.418000,0 days 00:00:44.401000,0 days 00:00:25.290000,0 days 00:22:32.205000,0 days 00:23:16.606000,0 days 00:23:41.896000,185.0,208.0,312.0,326.0,True,HARD,3.0,True,Mercedes,0 days 00:21:53.787000,2026-09-24 08:38:30.533,1,,,,False,True,FP1,51.0,29.9,58.7
0 days 00:26:07.413000,RUS,63,0 days 00:02:25.517000,4.0,1.0,,,0 days 00:00:53.698000,0 days 00:01:02.831000,0 days 00:00:28.988000,0 days 00:24:35.594000,0 days 00:25:38.425000,0 days 00:26:07.413000,120.0,186.0,312.0,281.0,False,HARD,4.0,True,Mercedes,0 days 00:23:41.896000,2026-09-24 08:40:18.642,1,,,,False,True,FP1,51.0,29.9,58.7
0 days 00:27:54.579000,RUS,63,0 days 00:01:47.166000,5.0,1.0,,,0 days 00:00:37.999000,0 days 00:00:44.064000,0 days 00:00:25.103000,0 days 00:26:45.412000,0 days 00:27:29.476000,0 days 00:27:54.579000,203.0,212.0,321.0,328.0,True,HARD,5.0,True,Mercedes,0 days 00:26:07.413000,2026-09-24 08:42:44.159,1,,,,False,True,FP1,51.0,29.9,58.7
0 days 00:30:20.746000,RUS,63,0 days 00:02:26.167000,6.0,1.0,,,0 days 00:01:02.229000,0 days 00:00:55.070000,0 days 00:00:28.868000,0 days 00:28:56.808000,0 days 00:29:51.878000,0 days 00:30:20.746000,118.0,191.0,313.0,282.0,False,HARD,6.0,True,Mercedes,0 days 00:27:54.579000,2026-09-24 08:44:31.325,1,,,,False,True,FP1,51.0,29.9,58.7
0 days 00:32:07.347000,RUS,63,0 days 00:01:46.601000,7.0,1.0,,,0 days 00:00:37.497000,0 days 00:00:43.841000,0 days 00:00:25.263000,0 days 00:30:58.243000,0 days 00:31:42.084000,0 days 00:32:07.347000,207.0,209.0,309.0,323.0,True,HARD,7.0,True,Mercedes,0 days 00:30:20.746000,2026-09-24 08:46:57.492,1,,,,False,True,FP1,51.0,29.9,58.7
0 days 00:34:21.222000,RUS,63,0 days 00:02:13.875000,8.0,1.0,,0 days 00:34:20.292000,0 days 00:00:46.523000,0 days 00:00:53.426000,0 days 00:00:33.926000,0 days 00:32:53.870000,0 days 00:33:47.296000,0 days 00:34:21.222000,152.0,174.0,,266.0,False,HARD,8.0,True,Mercedes,0 days 00:32:07.347000,2026-09-24 08:48:44.093,1,,,,False,False,FP1,51.0,29.9,58.7
0 days 00:41:22.673000,RUS,63,,9.0,2.0,0 days 00:39:24.261000,,,0 days 00:00:48.070000,0 days 00:00:28.924000,,0 days 00:40:53.837000,0 days 00:41:22.673000,176.0,188.0,313.0,280.0,False,SOFT,1.0,True,Mercedes,0 days 00:34:21.222000,2026-09-24 08:50:57.968,1267,,,,False,False,FP1,51.0,29.9,58.7
0 days 00:44:25.735000,RUS,63,,10.0,2.0,,,0 days 00:01:30.053000,0 days 00:01:00.945000,0 days 00:00:32.207000,0 days 00:42:52.640000,0 days 00:43:53.829000,0 days 00:44:25.812000,142.0,97.0,309.0,229.0,False,SOFT,2.0,True,Mercedes,0 days 00:41:22.673000,2026-09-24 08:57:59.419,12,,,,False,False,FP1,51.0,29.9,58.7
0 days 00:46:22.931000,RUS,63,0 days 00:01:57.196000,11.0,2.0,,,0 days 00:00:38.719000,0 days 00:00:49.541000,0 days 00:00:28.936000,0 days 00:45:04.454000,0 days 00:45:53.995000,0 days 00:46:22.931000,169.0,193.0,317.0,285.0,False,SOFT,3.0,True,Mercedes,0 days 00:44:25.735000,2026-09-24 09:01:02.481,12,,,,False,True,FP1,51.0,29.9,58.7
0 days 00:48:09.192000,RUS,63,0 days 00:01:46.261000,12.0,2.0,,,0 days 00:00:37.685000,0 days 00:00:43.605000,0 days 00:00:24.971000,0 days 00:47:00.616000,0 days 00:47:44.221000,0 days 00:48:09.192000,208.0,204.0,318.0,331.0,True,SOFT,4.0,True,Mercedes,0 days 00:46:22.931000,2026-09-24 09:02:59.677,12,,,,False,True,FP1,51.0,29.9,58.7
0 days 00:50:38.044000,RUS,63,0 days 00:02:28.852000,13.0,2.0,,,0 days 00:00:59.271000,0 days 00:01:00.762000,0 days 00:00:28.819000,0 days 00:49:08.463000,0 days 00:50:09.225000,0 days 00:50:38.044000,153.0,174.0,310.0,284.0,False,SOFT,5.0,True,Mercedes,0 days 00:48:09.192000,2026-09-24 09:04:45.938,1,,,,False,True,FP1,51.0,29.9,58.7
0 days 00:52:23.431000,RUS,63,0 days 00:01:45.387000,14.0,2.0,,,0 days 00:00:37.336000,0 days 00:00:43.319000,0 days 00:00:24.732000,0 days 00:51:15.380000,0 days 00:51:58.699000,0 days 00:52:23.431000,203.0,213.0,332.0,334.0,True,SOFT,6.0,True,Mercedes,0 days 00:50:38.044000,2026-09-24 09:07:14.790,1,,,,False,True,FP1,51.0,29.9,58.7
0 days 00:54:30.908000,RUS,63,0 days 00:02:07.477000,15.0,2.0,,0 days 00:54:29.608000,0 days 00:00:48.367000,0 days 00:00:48.002000,0 days 00:00:31.108000,0 days 00:53:11.798000,0 days 00:53:59.800000,0 days 00:54:30.908000,164.0,201.0,,291.0,False,SOFT,7.0,True,Mercedes,0 days 00:52:23.431000,2026-09-24 09:09:00.177,1,,,,False,False,FP1,51.0,29.9,58.7
0 days 01:02:12.003000,RUS,63,,16.0,3.0,0 days 00:59:30.584000,,,0 days 00:00:59.719000,0 days 00:00:28.473000,,0 days 01:01:43.785000,0 days 01:02:12.053000,162.0,164.0,334.0,277.0,False,SOFT,8.0,False,Mercedes,0 days 00:54:30.908000,2026-09-24 09:11:07.654,1,,,,False,False,FP1,51.0,29.9,58.7
0 days 01:04:04.316000,RUS,63,0 days 00:01:52.313000,17.0,3.0,,,0 days 00:00:40.808000,0 days 00:00:45.789000,0 days 00:00:25.716000,0 days 01:02:52.811000,0 days 01:03:38.600000,0 days 01:04:04.316000,184.0,201.0,314.0,319.0,False,SOFT,9.0,False,Mercedes,0 days 01:02:12.003000,2026-09-24 09:18:48.749,1,,,,False,True,FP1,51.0,29.9,58.7
0 days 01:05:54.197000,RUS,63,0 days 00:01:49.881000,18.0,3.0,,,0 days 00:00:39.647000,0 days 00:00:44.707000,0 days 00:00:25.527000,0 days 01:04:43.963000,0 days 01:05:28.670000,0 days 01:05:54.197000,188.0,206.0,315.0,323.0,False,SOFT,10.0,False,Mercedes,0 days 01:04:04.316000,2026-09-24 09:20:41.062,1,,,,False,True,FP1,51.0,29.9,58.7
0 days 01:07:43.555000,RUS,63,0 days 00:01:49.358000,19.0,3.0,,,0 days 00:00:39.063000,0 days 00:00:44.848000,0 days 00:00:25.447000,0 days 01:06:33.260000,0 days 01:07:18.108000,0 days 01:07:43.555000,201.0,204.0,315.0,325.0,False,SOFT,11.0,False,Mercedes,0 days 01:05:54.197000,2026-09-24 09:22:30.943,12,,,,False,True,FP1,51.0,29.9,58.7
0 days 01:10:01.632000,RUS,63,0 days 00:02:18.077000,20.0,3.0,,,0 days 00:00:39.332000,0 days 00:01:05.357000,0 days 00:00:33.388000,0 days 01:08:22.887000,0 days 01:09:28.244000,0 days 01:10:01.632000,172.0,136.0,303.0,218.0,False,SOFT,12.0,False,Mercedes,0 days 01:07:43.555000,2026-09-24 09:24:20.301,267,,,,False,False,FP1,51.0,29.9,58.7
0 days 01:11:53.183000,RUS,63,0 days 00:01:51.551000,21.0,3.0,,,0 days 00:00:39.906000,0 days 00:00:46.216000,0 days 00:00:25.429000,0 days 01:10:41.538000,0 days 01:11:27.754000,0 days 01:11:53.183000,179.0,199.0,314.0,326.0,False,SOFT,13.0,False,Mercedes,0 days 01:10:01.632000,2026-09-24 09:26:38.378,71,,,,False,False,FP1,51.0,29.9,58.7
0 days 01:13:43.376000,RUS,63,0 days 00:01:50.193000,22.0,3.0,,,0 days 00:00:39.496000,0 days 00:00:45.103000,0 days 00:00:25.594000,0 days 01:12:32.679000,0 days 01:13:17.782000,0 days 01:13:43.376000,195.0,199.0,313.0,322.0,False,SOFT,14.0,False,Mercedes,0 days 01:11:53.183000,2026-09-24 09:28:29.929,1,,,,False,True,FP1,51.0,29.8,58.7
0 days 01:16:34.002000,RUS,63,,23.0,3.0,,,0 days 00:00:48.868000,0 days 00:01:00.119000,0 days 00:01:01.647000,0 days 01:14:32.393000,0 days 01:15:32.547000,0 days 01:16:34.002000,143.0,121.0,62.0,150.0,False,SOFT,15.0,False,Mercedes,0 days 01:13:43.376000,2026-09-24 09:30:20.122,1,,,,False,False,FP1,51.0,29.8,58.7
0 days 01:19:12.227000,RUS,63,,24.0,3.0,,0 days 01:19:10.813000,0 days 00:01:17.135000,0 days 00:00:48.299000,0 days 00:00:32.705000,0 days 01:17:51.302000,0 days 01:18:39.612000,0 days 01:19:12.227000,168.0,168.0,,285.0,False,SOFT,16.0,False,Mercedes,0 days 01:16:34.002000,2026-09-24 09:33:10.748,12,,,,False,False,FP1,51.0,29.8,58.7
0 days 00:16:22.257000,BOT,77,,1.0,1.0,0 days 00:13:37.680000,0 days 00:16:20.924000,,0 days 00:01:04.517000,0 days 00:00:42.653000,,0 days 00:15:39.894000,0 days 00:16:22.257000,126.0,129.0,,199.0,False,HARD,1.0,True,Cadillac,0 days 00:13:37.680000,2026-09-24 08:30:14.426,1,,,,False,False,FP1,51.0,29.8,58.7
0 days 00:19:52.232000,BOT,77,,2.0,2.0,0 days 00:17:00.046000,0 days 00:19:50.860000,,0 days 00:00:53.958000,0 days 00:00:41.533000,,0 days 00:19:10.912000,0 days 00:19:52.232000,150.0,146.0,,198.0,False,HARD,2.0,False,Cadillac,0 days 00:16:22.257000,2026-09-24 08:32:59.003,1,,,,False,False,FP1,51.0,29.8,58.7
0 days 00:34:23.785000,BOT,77,,3.0,3.0,0 days 00:32:18,,,0 days 00:00:54.085000,0 days 00:00:29.903000,,0 days 00:33:54.145000,0 days 00:34:24.804000,163.0,129.0,297.0,277.0,False,MEDIUM,1.0,True,Cadillac,0 days 00:19:52.232000,2026-09-24 08:36:28.978,1,,,,False,False,FP1,51.0,29.8,58.7
0 days 00:36:23.548000,BOT,77,0 days 00:01:59.763000,4.0,3.0,,,0 days 00:00:40.279000,0 days 00:00:49.452000,0 days 00:00:30.032000,0 days 00:35:04.064000,0 days 00:35:53.516000,0 days 00:36:23.548000,175.0,149.0,295.0,274.0,True,MEDIUM,2.0,True,Cadillac,0 days 00:34:23.785000,2026-09-24 08:51:00.531,1,,,,False,True,FP1,51.0,29.8,58.7
0 days 00:38:46.951000,BOT,77,0 days 00:02:23.403000,5.0,3.0,,,0 days 00:00:39.290000,0 days 00:01:08.498000,0 days 00:00:35.615000,0 days 00:37:02.838000,0 days 00:38:11.336000,0 days 00:38:46.951000,179.0,143.0,192.0,240.0,False,MEDIUM,3.0,True,Cadillac,0 days 00:36:23.548000,2026-09-24 08:53:00.294,126,,,,False,False,FP1,51.0,29.8,58.7
0 days 00:40:57.393000,BOT,77,0 days 00:02:10.442000,6.0,3.0,,,0 days 00:00:51.291000,0 days 00:00:49.676000,0 days 00:00:29.475000,0 days 00:39:38.242000,0 days 00:40:27.918000,0 days 00:40:57.393000,163.0,174.0,298.0,277.0,False,MEDIUM,4.0,True,Cadillac,0 days 00:38:46.951000,2026-09-24 08:55:23.697,671,,,,False,False,FP1,51.0,29.8,58.7
0 days 00:42:48.429000,BOT,77,0 days 00:01:51.036000,7.0,3.0,,,0 days 00:00:38.954000,0 days 00:00:45.505000,0 days 00:00:26.577000,0 days 00:41:36.347000,0 days 00:42:21.852000,0 days 00:42:48.429000,193.0,194.0,307.0,305.0,True,MEDIUM,5.0,True,Cadillac,0 days 00:40:57.393000,2026-09-24 08:57:34.139,12,,,,False,True,FP1,51.0,29.8,60.5
0 days 00:44:52.781000,BOT,77,0 days 00:02:04.352000,8.0,3.0,,,0 days 00:00:42.898000,0 days 00:00:52.025000,0 days 00:00:29.429000,0 days 00:43:31.327000,0 days 00:44:23.352000,0 days 00:44:52.781000,168.0,141.0,301.0,281.0,False,MEDIUM,6.0,True,Cadillac,0 days 00:42:48.429000,2026-09-24 08:59:25.175,1,,,,False,True,FP1,51.0,29.8,60.5
0 days 00:46:54.754000,BOT,77,0 days 00:02:01.973000,9.0,3.0,,,0 days 00:00:38.741000,0 days 00:00:50.537000,0 days 00:00:32.695000,0 days 00:45:31.522000,0 days 00:46:22.059000,0 days 00:46:54.754000,194.0,158.0,304.0,281.0,False,MEDIUM,7.0,True,Cadillac,0 days 00:44:52.781000,2026-09-24 09:01:29.527,12,,,,False,True,FP1,51.0,29.8,60.5
0 days 00:48:44.540000,BOT,77,0 days 00:01:49.786000,10.0,3.0,,,0 days 00:00:38.718000,0 days 00:00:44.854000,0 days 00:00:26.214000,0 days 00:47:33.472000,0 days 00:48:18.326000,0 days 00:48:44.540000,190.0,195.0,301.0,312.0,True,MEDIUM,8.0,True,Cadillac,0 days 00:46:54.754000,2026-09-24 09:03:31.500,12,,,,False,True,FP1,51.0,29.8,60.5
0 days 00:50:53.014000,BOT,77,0 days 00:02:08.474000,11.0,3.0,,,0 days 00:00:44.586000,0 days 00:00:54.728000,0 days 00:00:29.160000,0 days 00:49:29.126000,0 days 00:50:23.854000,0 days 00:50:53.014000,154.0,151.0,307.0,284.0,False,MEDIUM,9.0,True,Cadillac,0 days 00:48:44.540000,2026-09-24 09:05:21.286,1,,,,False,True,FP1,50.9,29.8,60.0
0 days 00:52:42.329000,BOT,77,0 days 00:01:49.315000,12.0,3.0,,,0 days 00:00:38.516000,0 days 00:00:44.746000,0 days 00:00:26.053000,0 days 00:51:31.530000,0 days 00:52:16.276000,0 days 00:52:42.329000,188.0,202.0,300.0,311.0,True,MEDIUM,10.0,True,Cadillac,0 days 00:50:53.014000,2026-09-24 09:07:29.760,1,,,,False,True,FP1,50.9,29.8,60.0
0 days 00:55:03.703000,BOT,77,0 days 00:02:21.374000,13.0,3.0,,0 days 00:55:02.472000,0 days 00:00:45.327000,0 days 00:00:55.850000,0 days 00:00:40.197000,0 days 00:53:27.656000,0 days 00:54:23.506000,0 days 00:55:03.703000,156.0,139.0,,217.0,False,MEDIUM,11.0,True,Cadillac,0 days 00:52:42.329000,2026-09-24 09:09:19.075,1,,,,False,False,FP1,50.9,29.8,60.0
0 days 01:02:33.723000,BOT,77,,14.0,4.0,0 days 01:00:10.019000,,,0 days 00:00:49.585000,0 days 00:00:27.159000,,0 days 01:02:06.752000,0 days 01:02:33.739000,176.0,193.0,299.0,316.0,False,MEDIUM,12.0,False,Cadillac,0 days 00:55:03.703000,2026-09-24 09:11:40.449,1,,,,False,False,FP1,50.9,29.8,60.0
0 days 01:04:28.166000,BOT,77,0 days 00:01:54.443000,15.0,4.0,,,0 days 00:00:40.940000,0 days 00:00:46.576000,0 days 00:00:26.927000,0 days 01:03:14.663000,0 days 01:04:01.239000,0 days 01:04:28.166000,181.0,188.0,299.0,307.0,False,MEDIUM,13.0,False,Cadillac,0 days 01:02:33.723000,2026-09-24 09:19:10.469,1,,,,False,True,FP1,50.9,29.8,60.0
0 days 01:06:21.147000,BOT,77,0 days 00:01:52.981000,16.0,4.0,,,0 days 00:00:40.485000,0 days 00:00:46.128000,0 days 00:00:26.368000,0 days 01:05:08.651000,0 days 01:05:54.779000,0 days 01:06:21.147000,184.0,194.0,309.0,316.0,False,MEDIUM,14.0,False,Cadillac,0 days 01:04:28.166000,2026-09-24 09:21:04.912,1,,,,False,True,FP1,50.9,29.8,60.0
0 days 01:08:13.659000,BOT,77,0 days 00:01:52.512000,17.0,4.0,,,0 days 00:00:40.366000,0 days 00:00:45.955000,0 days 00:00:26.191000,0 days 01:07:01.513000,0 days 01:07:47.468000,0 days 01:08:13.659000,179.0,196.0,303.0,314.0,False,MEDIUM,15.0,False,Cadillac,0 days 01:06:21.147000,2026-09-24 09:22:57.893,12,,,,False,True,FP1,50.9,29.8,60.0
0 days 01:10:35.531000,BOT,77,0 days 00:02:21.872000,18.0,4.0,,,0 days 00:00:55.824000,0 days 00:00:59.585000,0 days 00:00:26.463000,0 days 01:09:09.483000,0 days 01:10:09.068000,0 days 01:10:35.531000,101.0,182.0,307.0,326.0,False,MEDIUM,16.0,False,Cadillac,0 days 01:08:13.659000,2026-09-24 09:24:50.405,2671,,,,False,False,FP1,50.9,29.8,60.0
0 days 01:12:31.467000,BOT,77,0 days 00:01:55.936000,19.0,4.0,,,0 days 00:00:41.742000,0 days 00:00:47.741000,0 days 00:00:26.453000,0 days 01:11:17.273000,0 days 01:12:05.014000,0 days 01:12:31.467000,179.0,196.0,304.0,316.0,False,MEDIUM,17.0,False,Cadillac,0 days 01:10:35.531000,2026-09-24 09:27:12.277,1,,,,False,True,FP1,50.9,29.8,60.0
0 days 01:14:23.375000,BOT,77,0 days 00:01:51.908000,20.0,4.0,,,0 days 00:00:40.108000,0 days 00:00:45.934000,0 days 00:00:25.866000,0 days 01:13:11.575000,0 days 01:13:57.509000,0 days 01:14:23.375000,183.0,206.0,306.0,322.0,False,MEDIUM,18.0,False,Cadillac,0 days 01:12:31.467000,2026-09-24 09:29:08.213,1,,,,False,True,FP1,50.5,29.7,60.0
0 days 01:17:07.729000,BOT,77,,21.0,4.0,,,0 days 00:00:47.388000,0 days 00:01:00.872000,0 days 00:00:56.083000,0 days 01:15:10.865000,0 days 01:16:11.801000,0 days 01:17:07.729000,163.0,117.0,52.0,201.0,False,MEDIUM,19.0,False,Cadillac,0 days 01:14:23.375000,2026-09-24 09:31:00.121,1,,,,False,False,FP1,50.5,29.7,60.0
0 days 01:20:02.265000,BOT,77,,22.0,4.0,,0 days 01:20:00.850000,0 days 00:01:17.672000,0 days 00:01:00.370000,0 days 00:00:36.503000,0 days 01:18:25.496000,0 days 01:19:25.927000,0 days 01:20:02.265000,176.0,127.0,,240.0,False,MEDIUM,20.0,False,Cadillac,0 days 01:17:07.729000,2026-09-24 09:33:44.475,12,,,,False,False,FP1,50.5,29.7,60.0
0 days 00:16:52.225000,PIA,81,,1.0,1.0,0 days 00:14:26.806000,,,0 days 00:01:03.504000,0 days 00:00:29.258000,,0 days 00:16:23.280000,0 days 00:16:52.475000,142.0,150.0,312.0,286.0,False,MEDIUM,1.0,True,McLaren,0 days 00:14:26.806000,2026-09-24 08:31:03.552,1,,,,False,False,FP1,50.5,29.7,60.0
0 days 00:18:44.362000,PIA,81,0 days 00:01:52.137000,2.0,1.0,,,0 days 00:00:39.922000,0 days 00:00:45.887000,0 days 00:00:26.328000,0 days 00:17:32.147000,0 days 00:18:18.034000,0 days 00:18:44.362000,162.0,189.0,306.0,304.0,True,MEDIUM,2.0,True,McLaren,0 days 00:16:52.225000,2026-09-24 08:33:28.971,1,,,,False,True,FP1,50.5,29.7,60.0
0 days 00:21:06.620000,PIA,81,0 days 00:02:22.258000,3.0,1.0,,,0 days 00:00:52.960000,0 days 00:01:00.528000,0 days 00:00:28.770000,0 days 00:19:37.322000,0 days 00:20:37.850000,0 days 00:21:06.620000,129.0,165.0,312.0,284.0,False,MEDIUM,3.0,True,McLaren,0 days 00:18:44.362000,2026-09-24 08:35:21.108,1,,,,False,True,FP1,50.5,29.7,60.0
0 days 00:22:55.666000,PIA,81,0 days 00:01:49.046000,4.0,1.0,,,0 days 00:00:38.526000,0 days 00:00:44.484000,0 days 00:00:26.036000,0 days 00:21:45.146000,0 days 00:22:29.630000,0 days 00:22:55.666000,176.0,201.0,305.0,304.0,True,MEDIUM,4.0,True,McLaren,0 days 00:21:06.620000,2026-09-24 08:37:43.366,1,,,,False,True,FP1,50.7,29.7,60.5
0 days 00:25:16.900000,PIA,81,0 days 00:02:21.234000,5.0,1.0,,,0 days 00:00:53.470000,0 days 00:00:58.911000,0 days 00:00:28.853000,0 days 00:23:49.136000,0 days 00:24:48.047000,0 days 00:25:16.900000,122.0,169.0,310.0,285.0,False,MEDIUM,5.0,True,McLaren,0 days 00:22:55.666000,2026-09-24 08:39:32.412,1,,,,False,True,FP1,50.7,29.7,60.5
0 days 00:27:04.307000,PIA,81,0 days 00:01:47.407000,6.0,1.0,,,0 days 00:00:37.821000,0 days 00:00:43.889000,0 days 00:00:25.697000,0 days 00:25:54.721000,0 days 00:26:38.610000,0 days 00:27:04.307000,180.0,213.0,307.0,311.0,True,MEDIUM,6.0,True,McLaren,0 days 00:25:16.900000,2026-09-24 08:41:53.646,1,,,,False,True,FP1,50.7,29.7,60.5
0 days 00:29:26.437000,PIA,81,0 days 00:02:22.130000,7.0,1.0,,,0 days 00:00:53.919000,0 days 00:00:59.561000,0 days 00:00:28.650000,0 days 00:27:58.226000,0 days 00:28:57.787000,0 days 00:29:26.437000,132.0,178.0,313.0,285.0,False,MEDIUM,7.0,True,McLaren,0 days 00:27:04.307000,2026-09-24 08:43:41.053,1,,,,False,True,FP1,50.7,29.7,60.5
0 days 00:31:23.558000,PIA,81,0 days 00:01:57.121000,8.0,1.0,,0 days 00:31:22.679000,0 days 00:00:37.607000,0 days 00:00:43.644000,0 days 00:00:35.870000,0 days 00:30:04.044000,0 days 00:30:47.688000,0 days 00:31:23.558000,189.0,218.0,,233.0,False,MEDIUM,8.0,True,McLaren,0 days 00:29:26.437000,2026-09-24 08:46:03.183,1,,,,False,False,FP1,50.7,29.7,60.5
0 days 00:44:26.461000,PIA,81,,9.0,2.0,0 days 00:42:02.295000,0 days 00:44:25.049000,,0 days 00:00:53.726000,0 days 00:00:34.870000,,0 days 00:43:51.740000,0 days 00:44:26.461000,150.0,141.0,,280.0,False,SOFT,1.0,True,McLaren,0 days 00:31:23.558000,2026-09-24 08:48:00.304,1267,,,,False,False,FP1,50.7,29.7,60.5
0 days 00:47:14.448000,PIA,81,,10.0,3.0,0 days 00:45:06.141000,,0 days 00:01:20.359000,0 days 00:00:58.209000,0 days 00:00:29.474000,0 days 00:45:46.919000,0 days 00:46:45.143000,0 days 00:47:14.527000,166.0,110.0,323.0,285.0,False,SOFT,2.0,False,McLaren,0 days 00:44:26.461000,2026-09-24 09:01:03.207,12,,,,False,False,FP1,50.7,29.7,60.5
0 days 00:49:31.586000,PIA,81,0 days 00:02:17.138000,11.0,3.0,,,0 days 00:00:54.957000,0 days 00:00:53.372000,0 days 00:00:28.809000,0 days 00:48:09.405000,0 days 00:49:02.777000,0 days 00:49:31.586000,165.0,167.0,312.0,282.0,False,SOFT,3.0,False,McLaren,0 days 00:47:14.448000,2026-09-24 09:03:51.194,12,,,,False,True,FP1,50.7,29.7,60.5
0 days 00:51:18.482000,PIA,81,0 days 00:01:46.896000,12.0,3.0,,,0 days 00:00:37.613000,0 days 00:00:43.683000,0 days 00:00:25.600000,0 days 00:50:09.199000,0 days 00:50:52.882000,0 days 00:51:18.482000,191.0,211.0,307.0,311.0,True,SOFT,4.0,False,McLaren,0 days 00:49:31.586000,2026-09-24 09:06:08.332,1,,,,False,True,FP1,50.7,29.7,60.5
0 days 00:53:44.650000,PIA,81,0 days 00:02:26.168000,13.0,3.0,,0 days 00:53:43.363000,0 days 00:00:53.352000,0 days 00:00:55.709000,0 days 00:00:37.107000,0 days 00:52:11.834000,0 days 00:53:07.543000,0 days 00:53:44.650000,127.0,169.0,,245.0,False,SOFT,5.0,False,McLaren,0 days 00:51:18.482000,2026-09-24 09:07:55.228,1,,,,False,False,FP1,50.7,29.7,60.5
0 days 01:12:48.644000,PIA,81,,14.0,4.0,0 days 01:10:26.555000,,,0 days 00:00:59.203000,0 days 00:00:29.560000,,0 days 01:12:19.345000,0 days 01:12:48.807000,162.0,124.0,314.0,287.0,False,SOFT,6.0,False,McLaren,0 days 00:53:44.650000,2026-09-24 09:10:21.396,1267,,,,False,False,FP1,50.7,29.7,60.5
0 days 01:14:35.042000,PIA,81,0 days 00:01:46.398000,15.0,4.0,,,0 days 00:00:37.756000,0 days 00:00:43.311000,0 days 00:00:25.331000,0 days 01:13:26.400000,0 days 01:14:09.711000,0 days 01:14:35.042000,187.0,212.0,311.0,315.0,True,SOFT,7.0,False,McLaren,0 days 01:12:48.644000,2026-09-24 09:29:25.390,1,,,,False,True,FP1,50.7,29.7,60.5
0 days 01:18:01.668000,PIA,81,,16.0,4.0,,,0 days 00:00:55.017000,0 days 00:01:05.065000,0 days 00:01:26.392000,0 days 01:15:30.244000,0 days 01:16:35.304000,0 days 01:18:01.668000,131.0,125.0,3.0,184.0,False,SOFT,8.0,False,McLaren,0 days 01:14:35.042000,2026-09-24 09:31:11.788,1,,,,False,False,FP1,50.7,29.7,60.5
0 days 01:20:27.237000,PIA,81,0 days 00:02:25.569000,17.0,4.0,,0 days 01:20:25.884000,0 days 00:00:42.081000,0 days 00:01:08.711000,0 days 00:00:34.777000,0 days 01:18:43.749000,0 days 01:19:52.460000,0 days 01:20:27.237000,177.0,137.0,,295.0,False,SOFT,9.0,False,McLaren,0 days 01:18:01.668000,2026-09-24 09:34:38.414,12,,,,False,False,FP1,50.6,29.7,61.0
0 days 00:16:20.353000,BEA,87,,1.0,1.0,0 days 00:13:57.504000,,,0 days 00:00:56.068000,0 days 00:00:33.082000,,0 days 00:15:47.497000,0 days 00:16:20.395000,141.0,153.0,287.0,255.0,False,HARD,1.0,True,Haas F1 Team,0 days 00:13:57.504000,2026-09-24 08:30:34.250,1,,,,False,False,FP1,50.6,29.7,61.0
0 days 00:18:14.756000,BEA,87,0 days 00:01:54.403000,2.0,1.0,,,0 days 00:00:40.857000,0 days 00:00:46.931000,0 days 00:00:26.615000,0 days 00:17:01.210000,0 days 00:17:48.141000,0 days 00:18:14.756000,174.0,182.0,306.0,316.0,True,HARD,2.0,True,Haas F1 Team,0 days 00:16:20.353000,2026-09-24 08:32:57.099,1,,,,False,True,FP1,50.6,29.7,61.0
0 days 00:20:24.629000,BEA,87,0 days 00:02:09.873000,3.0,1.0,,,0 days 00:00:48.790000,0 days 00:00:51.353000,0 days 00:00:29.730000,0 days 00:19:03.546000,0 days 00:19:54.899000,0 days 00:20:24.629000,155.0,171.0,302.0,280.0,False,HARD,3.0,True,Haas F1 Team,0 days 00:18:14.756000,2026-09-24 08:34:51.502,1,,,,False,True,FP1,50.6,29.7,61.0
0 days 00:22:15.294000,BEA,87,0 days 00:01:50.665000,4.0,1.0,,,0 days 00:00:39.205000,0 days 00:00:45.259000,0 days 00:00:26.201000,0 days 00:21:03.834000,0 days 00:21:49.093000,0 days 00:22:15.294000,188.0,201.0,301.0,308.0,True,HARD,4.0,True,Haas F1 Team,0 days 00:20:24.629000,2026-09-24 08:37:01.375,1,,,,False,True,FP1,50.6,29.7,61.0
0 days 00:24:23.161000,BEA,87,0 days 00:02:07.867000,5.0,1.0,,0 days 00:24:22.245000,0 days 00:00:43.799000,0 days 00:00:50.611000,0 days 00:00:33.457000,0 days 00:22:59.093000,0 days 00:23:49.704000,0 days 00:24:23.161000,166.0,159.0,,285.0,False,HARD,5.0,True,Haas F1 Team,0 days 00:22:15.294000,2026-09-24 08:38:52.040,1,,,,False,False,FP1,50.9,29.7,61.3
0 days 00:36:52.263000,BEA,87,,6.0,2.0,0 days 00:34:50.938000,,,0 days 00:00:51.071000,0 days 00:00:28.878000,,0 days 00:36:23.493000,0 days 00:36:52.263000,170.0,180.0,303.0,282.0,False,HARD,6.0,False,Haas F1 Team,0 days 00:24:23.161000,2026-09-24 08:40:59.907,1,,,,False,False,FP1,50.9,29.7,61.3
0 days 00:39:43.001000,BEA,87,,7.0,2.0,,,0 days 00:00:38.619000,,0 days 00:00:30.509000,0 days 00:37:30.889000,,0 days 00:39:43.098000,190.0,107.0,298.0,267.0,False,HARD,7.0,False,Haas F1 Team,0 days 00:36:52.263000,2026-09-24 08:53:29.009,1267,,,,False,False,FP1,50.9,29.7,61.3
0 days 00:41:42.057000,BEA,87,0 days 00:01:59.056000,8.0,2.0,,,0 days 00:00:38.770000,0 days 00:00:50.940000,0 days 00:00:29.346000,0 days 00:40:21.771000,0 days 00:41:12.711000,0 days 00:41:42.057000,192.0,167.0,315.0,282.0,False,HARD,8.0,False,Haas F1 Team,0 days 00:39:43.001000,2026-09-24 08:56:19.747,71,,,,False,False,FP1,50.6,29.7,61.0
0 days 00:43:48.131000,BEA,87,0 days 00:02:06.074000,9.0,2.0,,,0 days 00:00:44.684000,0 days 00:00:52.353000,0 days 00:00:29.037000,0 days 00:42:26.741000,0 days 00:43:19.094000,0 days 00:43:48.131000,158.0,183.0,301.0,280.0,False,HARD,9.0,False,Haas F1 Team,0 days 00:41:42.057000,2026-09-24 08:58:18.803,12,,,,False,True,FP1,50.6,29.7,61.0
0 days 00:45:36.640000,BEA,87,0 days 00:01:48.509000,10.0,2.0,,,0 days 00:00:38.542000,0 days 00:00:44.115000,0 days 00:00:25.852000,0 days 00:44:26.673000,0 days 00:45:10.788000,0 days 00:45:36.640000,188.0,206.0,300.0,308.0,True,HARD,10.0,False,Haas F1 Team,0 days 00:43:48.131000,2026-09-24 09:00:24.877,1,,,,False,True,FP1,50.6,29.7,61.0
0 days 00:47:46.385000,BEA,87,0 days 00:02:09.745000,11.0,2.0,,0 days 00:47:44.938000,0 days 00:00:47.423000,0 days 00:00:49.586000,0 days 00:00:32.736000,0 days 00:46:24.063000,0 days 00:47:13.649000,0 days 00:47:46.385000,167.0,184.0,,281.0,False,HARD,11.0,False,Haas F1 Team,0 days 00:45:36.640000,2026-09-24 09:02:13.386,12,,,,False,False,FP1,50.6,29.7,61.0
0 days 00:53:18.720000,BEA,87,,12.0,3.0,0 days 00:51:12.806000,,,0 days 00:00:54.876000,0 days 00:00:28.778000,,0 days 00:52:50.202000,0 days 00:53:19.553000,172.0,173.0,307.0,285.0,False,SOFT,1.0,True,Haas F1 Team,0 days 00:47:46.385000,2026-09-24 09:04:23.131,1,,,,False,False,FP1,50.6,29.7,61.0
0 days 00:55:06.559000,BEA,87,0 days 00:01:47.839000,13.0,3.0,,,0 days 00:00:38.194000,0 days 00:00:44.338000,0 days 00:00:25.307000,0 days 00:53:56.914000,0 days 00:54:41.252000,0 days 00:55:06.559000,196.0,201.0,308.0,325.0,True,SOFT,2.0,True,Haas F1 Team,0 days 00:53:18.720000,2026-09-24 09:09:55.466,1,,,,False,True,FP1,50.6,29.7,61.0
0 days 00:57:29.006000,BEA,87,0 days 00:02:22.447000,14.0,3.0,,,0 days 00:00:54.989000,0 days 00:00:58.590000,0 days 00:00:28.868000,0 days 00:56:01.548000,0 days 00:57:00.138000,0 days 00:57:29.006000,119.0,150.0,307.0,286.0,False,SOFT,3.0,True,Haas F1 Team,0 days 00:55:06.559000,2026-09-24 09:11:43.305,1,,,,False,True,FP1,50.6,29.7,61.0
0 days 00:59:16.943000,BEA,87,0 days 00:01:47.937000,15.0,3.0,,,0 days 00:00:38.061000,0 days 00:00:43.921000,0 days 00:00:25.955000,0 days 00:58:07.067000,0 days 00:58:50.988000,0 days 00:59:16.943000,203.0,201.0,304.0,324.0,False,SOFT,4.0,True,Haas F1 Team,0 days 00:57:29.006000,2026-09-24 09:14:05.752,1,,,,False,True,FP1,50.6,29.7,61.0
0 days 01:01:35.071000,BEA,87,0 days 00:02:18.128000,16.0,3.0,,,0 days 00:00:57.183000,0 days 00:00:52.298000,0 days 00:00:28.647000,0 days 01:00:14.126000,0 days 01:01:06.424000,0 days 01:01:35.071000,135.0,181.0,307.0,286.0,False,SOFT,5.0,True,Haas F1 Team,0 days 00:59:16.943000,2026-09-24 09:15:53.689,1,,,,False,True,FP1,50.6,29.7,61.0
0 days 01:03:22.065000,BEA,87,0 days 00:01:46.994000,17.0,3.0,,,0 days 00:00:37.858000,0 days 00:00:43.893000,0 days 00:00:25.243000,0 days 01:02:12.929000,0 days 01:02:56.822000,0 days 01:03:22.065000,205.0,203.0,309.0,326.0,True,SOFT,6.0,True,Haas F1 Team,0 days 01:01:35.071000,2026-09-24 09:18:11.817,1,,,,False,True,FP1,50.6,29.7,61.0
0 days 01:05:30.720000,BEA,87,0 days 00:02:08.655000,18.0,3.0,,0 days 01:05:29.460000,0 days 00:00:45.696000,0 days 00:00:50.966000,0 days 00:00:31.993000,0 days 01:04:07.761000,0 days 01:04:58.727000,0 days 01:05:30.720000,117.0,180.0,,286.0,False,SOFT,7.0,True,Haas F1 Team,0 days 01:03:22.065000,2026-09-24 09:19:58.811,1,,,,False,False,FP1,50.6,29.7,61.0
0 days 01:12:37.271000,BEA,87,,19.0,4.0,0 days 01:10:22.900000,,,0 days 00:00:46.094000,0 days 00:00:25.588000,,0 days 01:12:11.893000,0 days 01:12:37.323000,181.0,200.0,308.0,327.0,False,SOFT,8.0,False,Haas F1 Team,0 days 01:05:30.720000,2026-09-24 09:22:07.466,1267,,,,False,False,FP1,50.6,29.7,61.0
0 days 01:14:28.001000,BEA,87,0 days 00:01:50.730000,20.0,4.0,,,0 days 00:00:40.175000,0 days 00:00:45.144000,0 days 00:00:25.411000,0 days 01:13:17.446000,0 days 01:14:02.590000,0 days 01:14:28.001000,184.0,203.0,311.0,327.0,False,SOFT,9.0,False,Haas F1 Team,0 days 01:12:37.271000,2026-09-24 09:29:14.017,1,,,,False,True,FP1,50.8,29.8,60.5
0 days 01:16:54.401000,BEA,87,0 days 00:02:26.400000,21.0,4.0,,,0 days 00:00:44.413000,0 days 00:00:52.933000,0 days 00:00:49.054000,0 days 01:15:12.414000,0 days 01:16:05.347000,0 days 01:16:54.401000,160.0,178.0,43.0,187.0,False,SOFT,10.0,False,Haas F1 Team,0 days 01:14:28.001000,2026-09-24 09:31:04.747,1,,,,False,True,FP1,50.8,29.8,60.5
0 days 01:19:21.258000,BEA,87,0 days 00:02:26.857000,22.0,4.0,,0 days 01:19:19.965000,0 days 00:01:08.185000,0 days 00:00:48.072000,0 days 00:00:30.600000,0 days 01:18:02.586000,0 days 01:18:50.658000,0 days 01:19:21.258000,161.0,161.0,,336.0,False,SOFT,11.0,False,Haas F1 Team,0 days 01:16:54.401000,2026-09-24 09:33:31.147,12,,,,False,False,FP1,50.8,29.8,60.5
0 days 00:17:33.015000,NOR,1,,1.0,1.0,0 days 00:15:29.765000,,,0 days 00:00:48.103000,0 days 00:00:29.641000,,0 days 00:17:03.441000,0 days 00:17:33.053000,172.0,131.0,306.0,281.0,False,HARD,1.0,True,McLaren,0 days 00:15:29.765000,2026-09-24 12:01:10.991,1,,,,False,False,FP2,47.5,29.4,54.7
0 days 00:19:19.463000,NOR,1,0 days 00:01:46.448000,2.0,1.0,,,0 days 00:00:37.727000,0 days 00:00:43.350000,0 days 00:00:25.371000,0 days 00:18:10.742000,0 days 00:18:54.092000,0 days 00:19:19.463000,203.0,214.0,308.0,315.0,True,HARD,2.0,True,McLaren,0 days 00:17:33.015000,2026-09-24 12:03:14.241,1,,,,False,True,FP2,47.5,29.4,54.7
0 days 00:21:32.152000,NOR,1,0 days 00:02:12.689000,3.0,1.0,,,0 days 00:00:49.650000,0 days 00:00:53.864000,0 days 00:00:29.175000,0 days 00:20:09.113000,0 days 00:21:02.977000,0 days 00:21:32.152000,150.0,190.0,307.0,279.0,False,HARD,3.0,True,McLaren,0 days 00:19:19.463000,2026-09-24 12:05:00.689,1,,,,False,True,FP2,47.5,29.4,54.7
0 days 00:23:17.336000,NOR,1,0 days 00:01:45.184000,4.0,1.0,,,0 days 00:00:36.956000,0 days 00:00:42.927000,0 days 00:00:25.301000,0 days 00:22:09.108000,0 days 00:22:52.035000,0 days 00:23:17.336000,201.0,216.0,308.0,317.0,True,HARD,4.0,True,McLaren,0 days 00:21:32.152000,2026-09-24 12:07:13.378,1,,,,False,True,FP2,47.5,29.4,54.7
0 days 00:25:25.481000,NOR,1,0 days 00:02:08.145000,5.0,1.0,,,0 days 00:00:42.703000,0 days 00:00:56.654000,0 days 00:00:28.788000,0 days 00:24:00.039000,0 days 00:24:56.693000,0 days 00:25:25.481000,176.0,183.0,307.0,282.0,False,HARD,5.0,True,McLaren,0 days 00:23:17.336000,2026-09-24 12:08:58.562,1,,,,False,True,FP2,47.5,29.4,54.7
0 days 00:27:16.753000,NOR,1,0 days 00:01:51.272000,6.0,1.0,,0 days 00:27:15.438000,0 days 00:00:36.831000,0 days 00:00:42.957000,0 days 00:00:31.484000,0 days 00:26:02.312000,0 days 00:26:45.269000,0 days 00:27:16.753000,211.0,218.0,,263.0,False,HARD,6.0,True,McLaren,0 days 00:25:25.481000,2026-09-24 12:11:06.707,1,,,,False,False,FP2,47.6,29.4,54.3
0 days 00:46:59.645000,NOR,1,,7.0,2.0,0 days 00:44:52.499000,,,0 days 00:00:50.320000,0 days 00:00:28.418000,,0 days 00:46:31.601000,0 days 00:46:59.738000,167.0,186.0,311.0,287.0,False,SOFT,1.0,True,McLaren,0 days 00:44:52.499000,2026-09-24 12:30:33.725,21,,,,False,False,FP2,47.6,29.4,54.3
0 days 00:48:44.476000,NOR,1,0 days 00:01:44.831000,8.0,2.0,,,0 days 00:00:36.890000,0 days 00:00:42.713000,0 days 00:00:25.228000,0 days 00:47:36.535000,0 days 00:48:19.248000,0 days 00:48:44.476000,210.0,224.0,305.0,317.0,True,SOFT,2.0,True,McLaren,0 days 00:46:59.645000,2026-09-24 12:32:40.871,12,,,,False,True,FP2,47.6,29.4,54.3
0 days 00:50:50.951000,NOR,1,0 days 00:02:06.475000,9.0,2.0,,,0 days 00:00:43.342000,0 days 00:00:52.093000,0 days 00:00:31.040000,0 days 00:49:27.818000,0 days 00:50:19.911000,0 days 00:50:50.951000,167.0,156.0,315.0,290.0,False,SOFT,3.0,True,McLaren,0 days 00:48:44.476000,2026-09-24 12:34:25.702,1,,,,False,True,FP2,47.6,29.4,54.3
0 days 00:52:53.641000,NOR,1,0 days 00:02:02.690000,10.0,2.0,,,0 days 00:00:43.083000,0 days 00:00:51.080000,0 days 00:00:28.527000,0 days 00:51:34.034000,0 days 00:52:25.114000,0 days 00:52:53.641000,159.0,179.0,309.0,288.0,False,SOFT,4.0,True,McLaren,0 days 00:50:50.951000,2026-09-24 12:36:32.177,1,,,,False,True,FP2,47.6,29.4,54.3
0 days 00:54:45.764000,NOR,1,0 days 00:01:52.123000,11.0,2.0,,0 days 00:54:44.686000,0 days 00:00:36.510000,0 days 00:00:42.535000,0 days 00:00:33.078000,0 days 00:53:30.151000,0 days 00:54:12.686000,0 days 00:54:45.764000,207.0,217.0,,285.0,False,SOFT,5.0,True,McLaren,0 days 00:52:53.641000,2026-09-24 12:38:34.867,1,,,,False,False,FP2,47.6,29.4,54.3
0 days 01:02:04.642000,NOR,1,,12.0,3.0,0 days 00:59:34.890000,,,0 days 00:00:44.744000,0 days 00:00:25.655000,,0 days 01:01:39.183000,0 days 01:02:04.681000,179.0,207.0,304.0,318.0,False,SOFT,1.0,False,McLaren,0 days 00:54:45.764000,2026-09-24 12:40:26.990,12,,,,False,False,FP2,47.6,29.4,54.3
0 days 01:03:53.781000,NOR,1,0 days 00:01:49.139000,13.0,3.0,,,0 days 00:00:39.036000,0 days 00:00:44.427000,0 days 00:00:25.676000,0 days 01:02:43.678000,0 days 01:03:28.105000,0 days 01:03:53.781000,197.0,208.0,304.0,314.0,False,SOFT,2.0,False,McLaren,0 days 01:02:04.642000,2026-09-24 12:47:45.868,1,,,,False,True,FP2,47.6,29.4,54.3
0 days 01:05:42.053000,NOR,1,0 days 00:01:48.272000,14.0,3.0,,,0 days 00:00:38.799000,0 days 00:00:44.101000,0 days 00:00:25.372000,0 days 01:04:32.580000,0 days 01:05:16.681000,0 days 01:05:42.053000,200.0,209.0,311.0,321.0,False,SOFT,3.0,False,McLaren,0 days 01:03:53.781000,2026-09-24 12:49:35.007,12,,,,False,True,FP2,47.6,29.4,55.4
0 days 01:07:30.801000,NOR,1,0 days 00:01:48.748000,15.0,3.0,,,0 days 00:00:38.839000,0 days 00:00:44.451000,0 days 00:00:25.458000,0 days 01:06:20.892000,0 days 01:07:05.343000,0 days 01:07:30.801000,196.0,203.0,315.0,323.0,False,SOFT,4.0,False,McLaren,0 days 01:05:42.053000,2026-09-24 12:51:23.279,1,,,,False,True,FP2,47.6,29.4,55.4
0 days 01:09:20.485000,NOR,1,0 days 00:01:49.684000,16.0,3.0,,,0 days 00:00:39.225000,0 days 00:00:44.965000,0 days 00:00:25.494000,0 days 01:08:10.026000,0 days 01:08:54.991000,0 days 01:09:20.485000,188.0,206.0,315.0,315.0,False,SOFT,5.0,False,McLaren,0 days 01:07:30.801000,2026-09-24 12:53:12.027,1,,,,False,True,FP2,47.6,29.4,55.4
0 days 01:11:09.112000,NOR,1,0 days 00:01:48.627000,17.0,3.0,,,0 days 00:00:38.631000,0 days 00:00:44.565000,0 days 00:00:25.431000,0 days 01:09:59.116000,0 days 01:10:43.681000,0 days 01:11:09.112000,193.0,204.0,319.0,321.0,False,SOFT,6.0,False,McLaren,0 days 01:09:20.485000,2026-09-24 12:55:01.711,1,,,,False,True,FP2,47.7,29.4,56.0
0 days 01:13:02.156000,NOR,1,0 days 00:01:53.044000,18.0,3.0,,,0 days 00:00:38.715000,0 days 00:00:46.130000,0 days 00:00:28.199000,0 days 01:11:47.827000,0 days 01:12:33.957000,0 days 01:13:02.156000,189.0,199.0,310.0,326.0,False,SOFT,7.0,False,McLaren,0 days 01:11:09.112000,2026-09-24 12:56:50.338,12,,,,False,True,FP2,47.7,29.4,56.0
0 days 01:14:50.647000,NOR,1,0 days 00:01:48.491000,19.0,3.0,,,0 days 00:00:38.637000,0 days 00:00:44.325000,0 days 00:00:25.529000,0 days 01:13:40.793000,0 days 01:14:25.118000,0 days 01:14:50.647000,201.0,195.0,310.0,319.0,False,SOFT,8.0,False,McLaren,0 days 01:13:02.156000,2026-09-24 12:58:43.382,1,,,,False,True,FP2,47.7,29.4,56.0
0 days 01:17:13.781000,NOR,1,0 days 00:02:23.134000,20.0,3.0,,,0 days 00:00:43.605000,0 days 00:00:52.983000,0 days 00:00:46.546000,0 days 01:15:34.252000,0 days 01:16:27.235000,0 days 01:17:13.781000,156.0,147.0,48.0,192.0,False,SOFT,9.0,False,McLaren,0 days 01:14:50.647000,2026-09-24 13:00:31.873,1,,,,False,True,FP2,47.7,29.4,56.0
0 days 01:20:01.904000,NOR,1,,21.0,3.0,,,0 days 00:01:18.669000,0 days 00:00:47.684000,0 days 00:00:41.777000,0 days 01:18:32.607000,0 days 01:19:20.338000,0 days 01:20:01.904000,198.0,177.0,50.0,212.0,False,SOFT,10.0,False,McLaren,0 days 01:17:13.781000,2026-09-24 13:02:55.007,1,,,,False,False,FP2,47.7,29.4,56.0
0 days 01:22:42.023000,NOR,1,,22.0,3.0,,0 days 01:22:40.575000,0 days 00:01:22.996000,0 days 00:00:44.988000,0 days 00:00:32.061000,0 days 01:21:25.041000,0 days 01:22:10.094000,0 days 01:22:42.023000,188.0,154.0,,293.0,False,SOFT,11.0,False,McLaren,0 days 01:20:01.904000,2026-09-24 13:05:43.130,1,,,,False,False,FP2,47.7,29.4,56.0
0 days 00:17:40.656000,VER,3,,1.0,1.0,0 days 00:15:35.458000,,,0 days 00:00:48.985000,0 days 00:00:28.467000,,0 days 00:17:12.431000,0 days 00:17:40.700000,181.0,198.0,309.0,288.0,False,MEDIUM,1.0,True,Red Bull Racing,0 days 00:15:35.458000,2026-09-24 12:01:16.684,1,,,,False,False,FP2,47.7,29.4,56.0
0 days 00:19:26.589000,VER,3,0 days 00:01:45.933000,2.0,1.0,,,0 days 00:00:37.402000,0 days 00:00:43.468000,0 days 00:00:25.063000,0 days 00:18:18.058000,0 days 00:19:01.526000,0 days 00:19:26.589000,207.0,207.0,310.0,325.0,True,MEDIUM,2.0,True,Red Bull Racing,0 days 00:17:40.656000,2026-09-24 12:03:21.882,1,,,,False,True,FP2,47.7,29.4,56.0
0 days 00:21:52.120000,VER,3,0 days 00:02:25.531000,3.0,1.0,,,0 days 00:00:59.345000,0 days 00:00:57.769000,0 days 00:00:28.417000,0 days 00:20:25.934000,0 days 00:21:23.703000,0 days 00:21:52.120000,99.0,199.0,309.0,287.0,False,MEDIUM,3.0,True,Red Bull Racing,0 days 00:19:26.589000,2026-09-24 12:05:07.815,1,,,,False,True,FP2,47.7,29.4,56.0
0 days 00:23:37.235000,VER,3,0 days 00:01:45.115000,4.0,1.0,,,0 days 00:00:37.063000,0 days 00:00:42.991000,0 days 00:00:25.061000,0 days 00:22:29.183000,0 days 00:23:12.174000,0 days 00:23:37.235000,208.0,208.0,309.0,324.0,True,MEDIUM,4.0,True,Red Bull Racing,0 days 00:21:52.120000,2026-09-24 12:07:33.346,1,,,,False,True,FP2,47.1,29.4,54.6
0 days 00:26:00.604000,VER,3,0 days 00:02:23.369000,5.0,1.0,,,0 days 00:00:59.211000,0 days 00:00:55.874000,0 days 00:00:28.284000,0 days 00:24:36.446000,0 days 00:25:32.320000,0 days 00:26:00.604000,137.0,196.0,310.0,288.0,False,MEDIUM,5.0,True,Red Bull Racing,0 days 00:23:37.235000,2026-09-24 12:09:18.461,1,,,,False,True,FP2,47.1,29.4,54.6
0 days 00:27:45.096000,VER,3,0 days 00:01:44.492000,6.0,1.0,,,0 days 00:00:36.889000,0 days 00:00:42.741000,0 days 00:00:24.862000,0 days 00:26:37.493000,0 days 00:27:20.234000,0 days 00:27:45.096000,209.0,213.0,314.0,327.0,True,MEDIUM,6.0,True,Red Bull Racing,0 days 00:26:00.604000,2026-09-24 12:11:41.830,1,,,,False,True,FP2,47.1,29.4,54.6
0 days 00:29:49.408000,VER,3,0 days 00:02:04.312000,7.0,1.0,,0 days 00:29:48.113000,0 days 00:00:42.489000,0 days 00:00:50.336000,0 days 00:00:31.487000,0 days 00:28:27.585000,0 days 00:29:17.921000,0 days 00:29:49.408000,180.0,171.0,,289.0,False,MEDIUM,7.0,True,Red Bull Racing,0 days 00:27:45.096000,2026-09-24 12:13:26.322,1,,,,False,False,FP2,47.1,29.4,54.6
0 days 00:46:19.213000,VER,3,,8.0,2.0,0 days 00:44:03.971000,,,0 days 00:00:48.565000,0 days 00:00:31.014000,,0 days 00:45:48.319000,0 days 00:46:19.313000,175.0,185.0,271.0,266.0,False,SOFT,1.0,True,Red Bull Racing,0 days 00:44:03.971000,2026-09-24 12:29:45.197,12,,,,False,False,FP2,47.1,29.4,54.6
0 days 00:48:24.486000,VER,3,0 days 00:02:05.273000,9.0,2.0,,,0 days 00:00:45.869000,0 days 00:00:50.975000,0 days 00:00:28.429000,0 days 00:47:05.082000,0 days 00:47:56.057000,0 days 00:48:24.486000,179.0,192.0,311.0,289.0,False,SOFT,2.0,True,Red Bull Racing,0 days 00:46:19.213000,2026-09-24 12:32:00.439,12,,,,False,True,FP2,47.1,29.4,54.6
0 days 00:50:36.678000,VER,3,0 days 00:02:12.192000,10.0,2.0,,,0 days 00:00:40.637000,0 days 00:01:02.881000,0 days 00:00:28.674000,0 days 00:49:05.123000,0 days 00:50:08.004000,0 days 00:50:36.678000,139.0,170.0,310.0,288.0,False,SOFT,3.0,True,Red Bull Racing,0 days 00:48:24.486000,2026-09-24 12:34:05.712,1,,,,False,True,FP2,47.1,29.4,54.6
0 days 00:52:20.852000,VER,3,0 days 00:01:44.174000,11.0,2.0,,,0 days 00:00:36.723000,0 days 00:00:42.675000,0 days 00:00:24.776000,0 days 00:51:13.401000,0 days 00:51:56.076000,0 days 00:52:20.852000,210.0,211.0,315.0,327.0,True,SOFT,4.0,True,Red Bull Racing,0 days 00:50:36.678000,2026-09-24 12:36:17.904,1,,,,False,True,FP2,47.1,29.4,54.6
0 days 00:54:20.645000,VER,3,0 days 00:01:59.793000,12.0,2.0,,0 days 00:54:19.321000,0 days 00:00:41.320000,0 days 00:00:47.761000,0 days 00:00:30.712000,0 days 00:53:02.172000,0 days 00:53:49.933000,0 days 00:54:20.645000,175.0,168.0,,304.0,False,SOFT,5.0,True,Red Bull Racing,0 days 00:52:20.852000,2026-09-24 12:38:02.078,1,,,,False,False,FP2,47.1,29.4,54.6
0 days 01:01:48.662000,VER,3,,13.0,3.0,0 days 00:59:27.269000,,,0 days 00:00:47.224000,0 days 00:00:25.665000,,0 days 01:01:23.185000,0 days 01:01:48.776000,178.0,197.0,308.0,318.0,False,SOFT,6.0,False,Red Bull Racing,0 days 00:54:20.645000,2026-09-24 12:40:01.871,12,,,,False,False,FP2,47.1,29.4,54.6
0 days 01:03:38.773000,VER,3,0 days 00:01:50.111000,14.0,3.0,,,0 days 00:00:39.198000,0 days 00:00:45.429000,0 days 00:00:25.484000,0 days 01:02:27.860000,0 days 01:03:13.289000,0 days 01:03:38.773000,189.0,199.0,308.0,320.0,False,SOFT,7.0,False,Red Bull Racing,0 days 01:01:48.662000,2026-09-24 12:47:29.888,1,,,,False,True,FP2,47.2,29.5,53.9
0 days 01:05:27.106000,VER,3,0 days 00:01:48.333000,15.0,3.0,,,0 days 00:00:38.876000,0 days 00:00:44.349000,0 days 00:00:25.108000,0 days 01:04:17.649000,0 days 01:05:01.998000,0 days 01:05:27.106000,194.0,209.0,315.0,326.0,False,SOFT,8.0,False,Red Bull Racing,0 days 01:03:38.773000,2026-09-24 12:49:19.999,12,,,,False,True,FP2,47.2,29.5,53.9
0 days 01:07:14.957000,VER,3,0 days 00:01:47.851000,16.0,3.0,,,0 days 00:00:38.679000,0 days 00:00:44.210000,0 days 00:00:24.962000,0 days 01:06:05.785000,0 days 01:06:49.995000,0 days 01:07:14.957000,191.0,208.0,324.0,330.0,False,SOFT,9.0,False,Red Bull Racing,0 days 01:05:27.106000,2026-09-24 12:51:08.332,1,,,,False,True,FP2,47.2,29.5,53.9
0 days 01:09:12.894000,VER,3,0 days 00:01:57.937000,17.0,3.0,,,0 days 00:00:38.987000,0 days 00:00:49.011000,0 days 00:00:29.939000,0 days 01:07:53.944000,0 days 01:08:42.955000,0 days 01:09:12.894000,195.0,71.0,302.0,302.0,False,SOFT,10.0,False,Red Bull Racing,0 days 01:07:14.957000,2026-09-24 12:52:56.183,1,,,,False,True,FP2,47.2,29.5,53.9
0 days 01:11:01.024000,VER,3,0 days 00:01:48.130000,18.0,3.0,,,0 days 00:00:38.904000,0 days 00:00:43.989000,0 days 00:00:25.237000,0 days 01:09:51.798000,0 days 01:10:35.787000,0 days 01:11:01.024000,200.0,209.0,309.0,326.0,False,SOFT,11.0,False,Red Bull Racing,0 days 01:09:12.894000,2026-09-24 12:54:54.120,1,,,,False,True,FP2,47.2,29.5,53.9
0 days 01:13:06.400000,VER,3,0 days 00:02:05.376000,19.0,3.0,,,0 days 00:00:38.995000,0 days 00:00:59.733000,0 days 00:00:26.648000,0 days 01:11:40.019000,0 days 01:12:39.752000,0 days 01:13:06.400000,191.0,140.0,310.0,319.0,False,SOFT,12.0,False,Red Bull Racing,0 days 01:11:01.024000,2026-09-24 12:56:42.250,12,,,,False,True,FP2,47.2,29.5,53.9
0 days 01:14:54.561000,VER,3,0 days 00:01:48.161000,20.0,3.0,,,0 days 00:00:38.989000,0 days 00:00:44.050000,0 days 00:00:25.122000,0 days 01:13:45.389000,0 days 01:14:29.439000,0 days 01:14:54.561000,197.0,208.0,313.0,324.0,False,SOFT,13.0,False,Red Bull Racing,0 days 01:13:06.400000,2026-09-24 12:58:47.626,1,,,,False,True,FP2,47.2,29.5,53.9
0 days 01:17:22.526000,VER,3,0 days 00:02:27.965000,21.0,3.0,,,0 days 00:00:54.076000,0 days 00:00:52.043000,0 days 00:00:41.846000,0 days 01:15:48.637000,0 days 01:16:40.680000,0 days 01:17:22.526000,126.0,179.0,49.0,205.0,False,SOFT,14.0,False,Red Bull Racing,0 days 01:14:54.561000,2026-09-24 13:00:35.787,1,,,,False,True,FP2,47.2,29.5,53.9
0 days 01:20:13.563000,VER,3,,22.0,3.0,,,0 days 00:01:19.183000,0 days 00:00:49.198000,0 days 00:00:42.649000,0 days 01:18:41.914000,0 days 01:19:31.566000,0 days 01:20:13.563000,177.0,172.0,58.0,249.0,False,SOFT,15.0,False,Red Bull Racing,0 days 01:17:22.526000,2026-09-24 13:03:03.752,1,,,,False,False,FP2,47.2,29.5,53.9
0 days 01:22:44.925000,VER,3,,23.0,3.0,,0 days 01:22:43.759000,0 days 00:01:12.229000,0 days 00:00:47.221000,0 days 00:00:31.859000,0 days 01:21:25.942000,0 days 01:22:13.716000,0 days 01:22:44.925000,188.0,184.0,,284.0,False,SOFT,16.0,False,Red Bull Racing,0 days 01:20:13.563000,2026-09-24 13:05:54.789,1,,,,False,False,FP2,47.2,29.5,53.9
0 days 00:17:44.848000,BOR,5,,1.0,1.0,0 days 00:15:19.591000,,,0 days 00:00:49.836000,0 days 00:00:28.666000,,0 days 00:17:16.435000,0 days 00:17:44.939000,162.0,188.0,276.0,276.0,False,MEDIUM,1.0,True,Audi,0 days 00:15:19.591000,2026-09-24 12:01:00.817,1,,,,False,False,FP2,47.2,29.5,53.9
0 days 00:19:47.360000,BOR,5,0 days 00:02:02.512000,2.0,1.0,,,0 days 00:00:45.153000,0 days 00:00:48.592000,0 days 00:00:28.767000,0 days 00:18:30.001000,0 days 00:19:18.593000,0 days 00:19:47.360000,175.0,140.0,317.0,288.0,True,MEDIUM,2.0,True,Audi,0 days 00:17:44.848000,2026-09-24 12:03:26.074,1,,,,False,True,FP2,46.8,29.5,53.7
0 days 00:21:35.011000,BOR,5,0 days 00:01:47.651000,3.0,1.0,,,0 days 00:00:38.189000,0 days 00:00:43.836000,0 days 00:00:25.626000,0 days 00:20:25.549000,0 days 00:21:09.385000,0 days 00:21:35.011000,199.0,204.0,307.0,310.0,True,MEDIUM,3.0,True,Audi,0 days 00:19:47.360000,2026-09-24 12:05:28.586,1,,,,False,True,FP2,46.8,29.5,53.7
0 days 00:23:52.285000,BOR,5,0 days 00:02:17.274000,4.0,1.0,,,0 days 00:00:48.845000,0 days 00:00:59.634000,0 days 00:00:28.795000,0 days 00:22:23.856000,0 days 00:23:23.490000,0 days 00:23:52.285000,158.0,146.0,318.0,289.0,False,MEDIUM,4.0,True,Audi,0 days 00:21:35.011000,2026-09-24 12:07:16.237,1,,,,False,True,FP2,46.8,29.5,53.7
0 days 00:25:39.059000,BOR,5,0 days 00:01:46.774000,5.0,1.0,,,0 days 00:00:37.787000,0 days 00:00:43.576000,0 days 00:00:25.411000,0 days 00:24:30.072000,0 days 00:25:13.648000,0 days 00:25:39.059000,211.0,207.0,303.0,314.0,True,MEDIUM,5.0,True,Audi,0 days 00:23:52.285000,2026-09-24 12:09:33.511,1,,,,False,True,FP2,46.8,29.5,53.7
0 days 00:27:52.489000,BOR,5,0 days 00:02:13.430000,6.0,1.0,,,0 days 00:00:50.871000,0 days 00:00:54.109000,0 days 00:00:28.450000,0 days 00:26:29.930000,0 days 00:27:24.039000,0 days 00:27:52.489000,151.0,184.0,316.0,287.0,False,MEDIUM,6.0,True,Audi,0 days 00:25:39.059000,2026-09-24 12:11:20.285,1,,,,False,True,FP2,46.8,29.5,53.7
0 days 00:29:38.965000,BOR,5,0 days 00:01:46.476000,7.0,1.0,,,0 days 00:00:37.693000,0 days 00:00:43.573000,0 days 00:00:25.210000,0 days 00:28:30.182000,0 days 00:29:13.755000,0 days 00:29:38.965000,207.0,207.0,315.0,316.0,True,MEDIUM,7.0,True,Audi,0 days 00:27:52.489000,2026-09-24 12:13:33.715,1,,,,False,True,FP2,46.8,29.5,53.7
0 days 00:32:05.589000,BOR,5,0 days 00:02:26.624000,8.0,1.0,,,0 days 00:00:50.928000,0 days 00:01:05.979000,0 days 00:00:29.717000,0 days 00:30:29.893000,0 days 00:31:35.872000,0 days 00:32:05.589000,139.0,114.0,314.0,284.0,False,MEDIUM,8.0,True,Audi,0 days 00:29:38.965000,2026-09-24 12:15:20.191,12,,,,False,True,FP2,46.9,29.6,54.9
0 days 00:46:07.706000,BOR,5,,9.0,1.0,,0 days 00:34:54.114000,0 days 00:00:58.592000,,,0 days 00:33:04.298000,,,181.0,,,,False,MEDIUM,9.0,True,Audi,0 days 00:32:05.589000,2026-09-24 12:17:46.815,125,,,,False,False,FP2,46.9,29.6,54.9
0 days 00:48:06.788000,BOR,5,,10.0,2.0,0 days 00:46:07.706000,,,0 days 00:00:49.405000,0 days 00:00:28.178000,,0 days 00:47:38.730000,0 days 00:48:06.929000,182.0,185.0,318.0,289.0,False,SOFT,1.0,True,Audi,0 days 00:46:07.706000,2026-09-24 12:31:48.932,1,,,,False,False,FP2,46.9,29.6,54.9
0 days 00:49:52.582000,BOR,5,0 days 00:01:45.794000,11.0,2.0,,,0 days 00:00:37.391000,0 days 00:00:43.017000,0 days 00:00:25.386000,0 days 00:48:44.179000,0 days 00:49:27.196000,0 days 00:49:52.582000,205.0,209.0,304.0,313.0,True,SOFT,2.0,True,Audi,0 days 00:48:06.788000,2026-09-24 12:33:48.014,12,,,,False,True,FP2,46.9,29.6,54.9
0 days 00:52:18.698000,BOR,5,0 days 00:02:26.116000,12.0,2.0,,,0 days 00:00:53.913000,0 days 00:01:03.284000,0 days 00:00:28.919000,0 days 00:50:46.495000,0 days 00:51:49.779000,0 days 00:52:18.698000,125.0,117.0,317.0,288.0,False,SOFT,3.0,True,Audi,0 days 00:49:52.582000,2026-09-24 12:35:33.808,1,,,,False,True,FP2,46.9,29.6,54.9
0 days 00:54:40.172000,BOR,5,0 days 00:02:21.474000,13.0,2.0,,,0 days 00:00:47.815000,0 days 00:01:03.320000,0 days 00:00:30.339000,0 days 00:53:06.513000,0 days 00:54:09.833000,0 days 00:54:40.172000,102.0,92.0,318.0,291.0,False,SOFT,4.0,True,Audi,0 days 00:52:18.698000,2026-09-24 12:37:59.924,1,,,,False,True,FP2,46.9,29.6,54.9
0 days 00:57:04.569000,BOR,5,0 days 00:02:24.397000,14.0,2.0,,,0 days 00:00:54.429000,0 days 00:00:59.312000,0 days 00:00:30.656000,0 days 00:55:34.601000,0 days 00:56:33.913000,0 days 00:57:04.569000,151.0,77.0,323.0,284.0,False,SOFT,5.0,True,Audi,0 days 00:54:40.172000,2026-09-24 12:40:21.398,12,,,,False,True,FP2,46.9,29.6,54.9
0 days 00:59:00.229000,BOR,5,0 days 00:01:55.660000,15.0,2.0,,0 days 00:58:59.003000,0 days 00:00:37.702000,0 days 00:00:43.310000,0 days 00:00:34.648000,0 days 00:57:42.271000,0 days 00:58:25.581000,0 days 00:59:00.229000,203.0,206.0,,319.0,False,SOFT,6.0,True,Audi,0 days 00:57:04.569000,2026-09-24 12:42:45.795,1,,,,False,False,FP2,46.9,29.6,54.9
0 days 01:05:17.756000,BOR,5,,16.0,3.0,0 days 01:03:22.521000,,,0 days 00:00:45.630000,0 days 00:00:25.939000,,0 days 01:04:51.922000,0 days 01:05:17.823000,172.0,203.0,306.0,317.0,False,SOFT,7.0,False,Audi,0 days 00:59:00.229000,2026-09-24 12:44:41.455,12,,,,False,False,FP2,46.9,29.6,54.9
0 days 01:07:08.288000,BOR,5,0 days 00:01:50.532000,17.0,3.0,,,0 days 00:00:39.735000,0 days 00:00:44.880000,0 days 00:00:25.917000,0 days 01:05:57.491000,0 days 01:06:42.371000,0 days 01:07:08.288000,192.0,204.0,306.0,318.0,False,SOFT,8.0,False,Audi,0 days 01:05:17.756000,2026-09-24 12:50:58.982,1,,,,False,True,FP2,46.9,29.6,54.9
0 days 01:08:58.480000,BOR,5,0 days 00:01:50.192000,18.0,3.0,,,0 days 00:00:39.530000,0 days 00:00:44.672000,0 days 00:00:25.990000,0 days 01:07:47.818000,0 days 01:08:32.490000,0 days 01:08:58.480000,194.0,208.0,305.0,316.0,False,SOFT,9.0,False,Audi,0 days 01:07:08.288000,2026-09-24 12:52:49.514,1,,,,False,True,FP2,46.9,29.6,54.9
0 days 01:10:47.972000,BOR,5,0 days 00:01:49.492000,19.0,3.0,,,0 days 00:00:39.286000,0 days 00:00:44.325000,0 days 00:00:25.881000,0 days 01:09:37.766000,0 days 01:10:22.091000,0 days 01:10:47.972000,193.0,212.0,305.0,318.0,False,SOFT,10.0,False,Audi,0 days 01:08:58.480000,2026-09-24 12:54:39.706,1,,,,False,True,FP2,46.5,29.6,56.2
0 days 01:12:38.003000,BOR,5,0 days 00:01:50.031000,20.0,3.0,,,0 days 00:00:39.675000,0 days 00:00:44.755000,0 days 00:00:25.601000,0 days 01:11:27.647000,0 days 01:12:12.402000,0 days 01:12:38.003000,201.0,213.0,306.0,324.0,False,SOFT,11.0,False,Audi,0 days 01:10:47.972000,2026-09-24 12:56:29.198,12,,,,False,True,FP2,46.5,29.6,56.2
0 days 01:14:27.296000,BOR,5,0 days 00:01:49.293000,21.0,3.0,,,0 days 00:00:39.133000,0 days 00:00:44.590000,0 days 00:00:25.570000,0 days 01:13:17.136000,0 days 01:14:01.726000,0 days 01:14:27.296000,198.0,214.0,307.0,325.0,False,SOFT,12.0,False,Audi,0 days 01:12:38.003000,2026-09-24 12:58:19.229,1,,,,False,True,FP2,46.5,29.6,56.2
0 days 01:17:00.177000,BOR,5,,22.0,3.0,,,0 days 00:00:53.610000,0 days 00:00:55.672000,0 days 00:00:43.521000,0 days 01:15:21.005000,0 days 01:16:16.656000,0 days 01:17:00.193000,134.0,150.0,73.0,239.0,False,SOFT,13.0,False,Audi,0 days 01:14:27.296000,2026-09-24 13:00:08.522,1,,,,False,False,FP2,46.5,29.6,56.2
0 days 01:19:47.738000,BOR,5,,23.0,3.0,,,0 days 00:01:09.991000,0 days 00:00:53.744000,0 days 00:00:43.914000,0 days 01:18:10.216000,0 days 01:19:03.991000,0 days 01:19:47.738000,163.0,152.0,74.0,208.0,False,SOFT,14.0,False,Audi,0 days 01:17:00.177000,2026-09-24 13:02:41.403,1,,,,False,False,FP2,46.5,29.6,56.2
0 days 01:22:26.781000,BOR,5,,24.0,3.0,,0 days 01:22:23.833000,0 days 00:01:05.803000,0 days 00:00:54.669000,0 days 00:00:38.497000,0 days 01:20:53.615000,0 days 01:21:48.368000,0 days 01:22:26.793000,173.0,143.0,,264.0,False,SOFT,15.0,False,Audi,0 days 01:19:47.738000,2026-09-24 13:05:28.964,1,,,,False,False,FP2,46.5,29.6,56.2
0 days 00:20:50.642000,HAD,6,,1.0,1.0,0 days 00:18:35.156000,,,0 days 00:00:53.670000,0 days 00:00:28.444000,,0 days 00:20:22.435000,0 days 00:20:50.746000,160.0,173.0,311.0,291.0,False,SOFT,1.0,True,Red Bull Racing,0 days 00:18:35.156000,2026-09-24 12:04:16.382,1,,,,False,False,FP2,46.5,29.6,56.2
0 days 00:22:36.943000,HAD,6,0 days 00:01:46.301000,2.0,1.0,,,0 days 00:00:37.497000,0 days 00:00:43.652000,0 days 00:00:25.152000,0 days 00:21:28.139000,0 days 00:22:11.791000,0 days 00:22:36.943000,212.0,217.0,311.0,324.0,True,SOFT,2.0,True,Red Bull Racing,0 days 00:20:50.642000,2026-09-24 12:06:31.868,1,,,,False,True,FP2,46.5,29.6,56.2
0 days 00:25:01.630000,HAD,6,0 days 00:02:24.687000,3.0,1.0,,,0 days 00:00:58.679000,0 days 00:00:57.784000,0 days 00:00:28.224000,0 days 00:23:35.622000,0 days 00:24:33.406000,0 days 00:25:01.630000,173.0,171.0,326.0,293.0,False,SOFT,3.0,True,Red Bull Racing,0 days 00:22:36.943000,2026-09-24 12:08:18.169,1,,,,False,True,FP2,46.4,29.6,56.3
0 days 00:26:47.092000,HAD,6,0 days 00:01:45.462000,4.0,1.0,,,0 days 00:00:37.154000,0 days 00:00:43.318000,0 days 00:00:24.990000,0 days 00:25:38.784000,0 days 00:26:22.102000,0 days 00:26:47.092000,207.0,229.0,312.0,325.0,True,SOFT,4.0,True,Red Bull Racing,0 days 00:25:01.630000,2026-09-24 12:10:42.856,1,,,,False,True,FP2,46.4,29.6,56.3
0 days 00:29:08.975000,HAD,6,0 days 00:02:21.883000,5.0,1.0,,,0 days 00:01:01.617000,0 days 00:00:51.987000,0 days 00:00:28.279000,0 days 00:27:48.709000,0 days 00:28:40.696000,0 days 00:29:08.975000,112.0,207.0,309.0,289.0,False,SOFT,5.0,True,Red Bull Racing,0 days 00:26:47.092000,2026-09-24 12:12:28.318,1,,,,False,True,FP2,46.4,29.6,56.3
0 days 00:31:51.584000,HAD,6,,6.0,1.0,,0 days 00:31:50.251000,0 days 00:00:59.188000,0 days 00:00:55.594000,0 days 00:00:47.734000,0 days 00:30:08.401000,0 days 00:31:03.922000,0 days 00:31:51.584000,154.0,169.0,,142.0,False,SOFT,6.0,True,Red Bull Racing,0 days 00:29:08.975000,2026-09-24 12:14:50.201,12,,,,False,False,FP2,46.4,29.6,56.3
0 days 00:46:25.293000,HAD,6,,7.0,2.0,0 days 00:44:16.462000,,,0 days 00:00:48.571000,0 days 00:00:28.775000,,0 days 00:45:56.768000,0 days 00:46:25.359000,162.0,200.0,303.0,272.0,False,SOFT,1.0,True,Red Bull Racing,0 days 00:44:16.462000,2026-09-24 12:29:57.688,12,,,,False,False,FP2,46.4,29.6,56.3
0 days 00:48:36.701000,HAD,6,0 days 00:02:11.408000,8.0,2.0,,,0 days 00:00:43.980000,0 days 00:00:59.097000,0 days 00:00:28.331000,0 days 00:47:09.273000,0 days 00:48:08.370000,0 days 00:48:36.701000,172.0,169.0,313.0,292.0,False,SOFT,2.0,True,Red Bull Racing,0 days 00:46:25.293000,2026-09-24 12:32:06.519,12,,,,False,True,FP2,46.4,29.6,56.3
0 days 00:50:21.569000,HAD,6,0 days 00:01:44.868000,9.0,2.0,,,0 days 00:00:36.990000,0 days 00:00:43.096000,0 days 00:00:24.782000,0 days 00:49:13.691000,0 days 00:49:56.787000,0 days 00:50:21.569000,218.0,223.0,315.0,328.0,True,SOFT,3.0,True,Red Bull Racing,0 days 00:48:36.701000,2026-09-24 12:34:17.927,1,,,,False,True,FP2,46.4,29.6,56.3
0 days 00:52:48.218000,HAD,6,0 days 00:02:26.649000,10.0,2.0,,,0 days 00:01:05.127000,0 days 00:00:53.360000,0 days 00:00:28.162000,0 days 00:51:26.696000,0 days 00:52:20.056000,0 days 00:52:48.218000,141.0,195.0,313.0,291.0,False,SOFT,4.0,True,Red Bull Racing,0 days 00:50:21.569000,2026-09-24 12:36:02.795,1,,,,False,True,FP2,46.4,29.6,56.3
0 days 00:54:37.295000,HAD,6,0 days 00:01:49.077000,11.0,2.0,,0 days 00:54:35.985000,0 days 00:00:36.913000,0 days 00:00:43.266000,0 days 00:00:28.898000,0 days 00:53:25.131000,0 days 00:54:08.397000,0 days 00:54:37.295000,213.0,215.0,,326.0,False,SOFT,5.0,True,Red Bull Racing,0 days 00:52:48.218000,2026-09-24 12:38:29.444,1,,,,False,False,FP2,46.4,29.6,56.3
0 days 01:05:09.283000,HAD,6,,12.0,3.0,0 days 01:02:28.857000,,,0 days 00:00:48.215000,0 days 00:00:26.098000,,0 days 01:04:43.351000,0 days 01:05:09.298000,182.0,194.0,315.0,315.0,False,SOFT,6.0,False,Red Bull Racing,0 days 00:54:37.295000,2026-09-24 12:40:18.521,12,,,,False,False,FP2,46.4,29.6,56.3
0 days 01:06:59.391000,HAD,6,0 days 00:01:50.108000,13.0,3.0,,,0 days 00:00:39.591000,0 days 00:00:45.216000,0 days 00:00:25.301000,0 days 01:05:48.874000,0 days 01:06:34.090000,0 days 01:06:59.391000,196.0,206.0,319.0,326.0,False,SOFT,7.0,False,Red Bull Racing,0 days 01:05:09.283000,2026-09-24 12:50:50.509,1,,,,False,True,FP2,46.4,29.6,56.3
0 days 01:08:48.986000,HAD,6,0 days 00:01:49.595000,14.0,3.0,,,0 days 00:00:39.444000,0 days 00:00:45.131000,0 days 00:00:25.020000,0 days 01:07:38.835000,0 days 01:08:23.966000,0 days 01:08:48.986000,196.0,214.0,320.0,328.0,False,SOFT,8.0,False,Red Bull Racing,0 days 01:06:59.391000,2026-09-24 12:52:40.617,1,,,,False,True,FP2,46.4,29.6,56.3
0 days 01:10:37.634000,HAD,6,0 days 00:01:48.648000,15.0,3.0,,,0 days 00:00:39.103000,0 days 00:00:44.726000,0 days 00:00:24.819000,0 days 01:09:28.089000,0 days 01:10:12.815000,0 days 01:10:37.634000,190.0,219.0,334.0,339.0,False,SOFT,9.0,False,Red Bull Racing,0 days 01:08:48.986000,2026-09-24 12:54:30.212,1,,,,False,True,FP2,46.1,29.5,55.7
0 days 01:12:26.713000,HAD,6,0 days 00:01:49.079000,16.0,3.0,,,0 days 00:00:39.428000,0 days 00:00:44.520000,0 days 00:00:25.131000,0 days 01:11:17.062000,0 days 01:12:01.582000,0 days 01:12:26.713000,199.0,217.0,322.0,327.0,False,SOFT,10.0,False,Red Bull Racing,0 days 01:10:37.634000,2026-09-24 12:56:18.860,12,,,,False,True,FP2,46.1,29.5,55.7
0 days 01:14:17.726000,HAD,6,0 days 00:01:51.013000,17.0,3.0,,,0 days 00:00:40.069000,0 days 00:00:45.807000,0 days 00:00:25.137000,0 days 01:13:06.782000,0 days 01:13:52.589000,0 days 01:14:17.726000,193.0,211.0,318.0,331.0,False,SOFT,11.0,False,Red Bull Racing,0 days 01:12:26.713000,2026-09-24 12:58:07.939,21,,,,False,True,FP2,46.1,29.5,55.7
0 days 01:16:06.434000,HAD,6,0 days 00:01:48.708000,18.0,3.0,,,0 days 00:00:39.049000,0 days 00:00:44.206000,0 days 00:00:25.453000,0 days 01:14:56.775000,0 days 01:15:40.981000,0 days 01:16:06.434000,193.0,218.0,308.0,319.0,False,SOFT,12.0,False,Red Bull Racing,0 days 01:14:17.726000,2026-09-24 12:59:58.952,1,,,,False,True,FP2,46.1,29.5,55.7
0 days 01:18:44.084000,HAD,6,,19.0,3.0,,,0 days 00:00:46.481000,0 days 00:01:01.566000,0 days 00:00:49.542000,0 days 01:16:53.090000,0 days 01:17:54.624000,0 days 01:18:44.084000,119.0,154.0,85.0,170.0,False,SOFT,13.0,False,Red Bull Racing,0 days 01:16:06.434000,2026-09-24 13:01:47.660,1,,,,False,False,FP2,46.1,29.5,55.7
0 days 01:21:42.876000,HAD,6,,20.0,3.0,,,0 days 00:01:19.785000,0 days 00:00:51.003000,0 days 00:00:47.947000,0 days 01:20:03.998000,0 days 01:20:55.003000,0 days 01:21:42.876000,184.0,164.0,82.0,178.0,False,SOFT,14.0,False,Red Bull Racing,0 days 01:18:44.084000,2026-09-24 13:04:25.310,1,,,,False,False,FP2,46.1,29.5,55.7
0 days 01:24:15.048000,HAD,6,,21.0,3.0,,0 days 01:24:13.605000,0 days 00:01:15.421000,0 days 00:00:45.021000,0 days 00:00:31.793000,0 days 01:22:58.479000,0 days 01:23:43.429000,0 days 01:24:15.048000,202.0,213.0,,283.0,False,SOFT,15.0,False,Red Bull Racing,0 days 01:21:42.876000,2026-09-24 13:07:24.102,1,,,,False,False,FP2,46.1,29.5,55.7
0 days 00:16:30.745000,GAS,10,,1.0,1.0,0 days 00:14:23.620000,,,0 days 00:00:51.928000,0 days 00:00:28.556000,,0 days 00:16:02.501000,0 days 00:16:31.579000,156.0,181.0,311.0,286.0,False,MEDIUM,1.0,True,Alpine,0 days 00:14:23.620000,2026-09-24 12:00:04.846,1,,,,False,False,FP2,45.9,29.5,55.6
0 days 00:18:19.098000,GAS,10,0 days 00:01:48.353000,2.0,1.0,,,0 days 00:00:38.483000,0 days 00:00:44.483000,0 days 00:00:25.387000,0 days 00:17:09.228000,0 days 00:17:53.711000,0 days 00:18:19.098000,195.0,207.0,307.0,319.0,True,MEDIUM,2.0,True,Alpine,0 days 00:16:30.745000,2026-09-24 12:02:11.971,1,,,,False,True,FP2,45.9,29.5,55.6
0 days 00:20:35.958000,GAS,10,0 days 00:02:16.860000,3.0,1.0,,,0 days 00:00:53.312000,0 days 00:00:55.283000,0 days 00:00:28.265000,0 days 00:19:12.410000,0 days 00:20:07.693000,0 days 00:20:35.958000,98.0,180.0,318.0,288.0,False,MEDIUM,3.0,True,Alpine,0 days 00:18:19.098000,2026-09-24 12:04:00.324,1,,,,False,True,FP2,45.9,29.5,55.6
0 days 00:22:22.928000,GAS,10,0 days 00:01:46.970000,4.0,1.0,,,0 days 00:00:37.892000,0 days 00:00:43.895000,0 days 00:00:25.183000,0 days 00:21:13.850000,0 days 00:21:57.745000,0 days 00:22:22.928000,201.0,214.0,308.0,321.0,True,MEDIUM,4.0,True,Alpine,0 days 00:20:35.958000,2026-09-24 12:06:17.184,1,,,,False,True,FP2,45.9,29.5,55.6
0 days 00:24:48.979000,GAS,10,0 days 00:02:26.051000,5.0,1.0,,,0 days 00:01:00.714000,0 days 00:00:57.113000,0 days 00:00:28.224000,0 days 00:23:23.642000,0 days 00:24:20.755000,0 days 00:24:48.979000,118.0,183.0,311.0,288.0,False,MEDIUM,5.0,True,Alpine,0 days 00:22:22.928000,2026-09-24 12:08:04.154,1,,,,False,True,FP2,45.9,29.5,55.6
0 days 00:26:35.095000,GAS,10,0 days 00:01:46.116000,6.0,1.0,,,0 days 00:00:37.645000,0 days 00:00:43.295000,0 days 00:00:25.176000,0 days 00:25:26.624000,0 days 00:26:09.919000,0 days 00:26:35.095000,194.0,209.0,308.0,318.0,True,MEDIUM,6.0,True,Alpine,0 days 00:24:48.979000,2026-09-24 12:10:30.205,1,,,,False,True,FP2,45.9,29.5,55.6
0 days 00:28:58.035000,GAS,10,0 days 00:02:22.940000,7.0,1.0,,0 days 00:28:56.703000,0 days 00:00:52.068000,0 days 00:00:57.141000,0 days 00:00:33.731000,0 days 00:27:27.163000,0 days 00:28:24.304000,0 days 00:28:58.035000,138.0,160.0,,276.0,False,MEDIUM,7.0,True,Alpine,0 days 00:26:35.095000,2026-09-24 12:12:16.321,1,,,,False,False,FP2,45.9,29.5,55.6
0 days 00:45:39.426000,GAS,10,,8.0,2.0,0 days 00:43:34.303000,,,0 days 00:00:50.975000,0 days 00:00:28.146000,,0 days 00:45:11.600000,0 days 00:45:39.431000,168.0,195.0,311.0,290.0,False,SOFT,1.0,True,Alpine,0 days 00:43:34.303000,2026-09-24 12:29:15.529,12,,,,False,False,FP2,45.9,29.5,55.6
0 days 00:47:44.117000,GAS,10,0 days 00:02:04.691000,9.0,2.0,,,0 days 00:00:46.689000,0 days 00:00:49.995000,0 days 00:00:28.007000,0 days 00:46:26.115000,0 days 00:47:16.110000,0 days 00:47:44.117000,167.0,190.0,313.0,290.0,False,SOFT,2.0,True,Alpine,0 days 00:45:39.426000,2026-09-24 12:31:20.652,21,,,,False,True,FP2,45.9,29.5,55.6
0 days 00:50:00.311000,GAS,10,0 days 00:02:16.194000,10.0,2.0,,,0 days 00:00:51.864000,0 days 00:00:55.941000,0 days 00:00:28.389000,0 days 00:48:35.981000,0 days 00:49:31.922000,0 days 00:50:00.311000,135.0,170.0,315.0,289.0,False,SOFT,3.0,True,Alpine,0 days 00:47:44.117000,2026-09-24 12:33:25.343,12,,,,False,True,FP2,45.9,29.5,55.6
0 days 00:51:46.141000,GAS,10,0 days 00:01:45.830000,11.0,2.0,,,0 days 00:00:37.398000,0 days 00:00:43.273000,0 days 00:00:25.159000,0 days 00:50:37.709000,0 days 00:51:20.982000,0 days 00:51:46.141000,197.0,214.0,306.0,316.0,True,SOFT,4.0,True,Alpine,0 days 00:50:00.311000,2026-09-24 12:35:41.537,1,,,,False,True,FP2,46.2,29.5,55.6
0 days 00:54:28.777000,GAS,10,,12.0,2.0,,,0 days 00:01:05.997000,0 days 00:01:08.772000,0 days 00:00:27.967000,0 days 00:52:52.365000,0 days 00:54:01.099000,0 days 00:54:28.909000,105.0,189.0,317.0,293.0,False,SOFT,5.0,True,Alpine,0 days 00:51:46.141000,2026-09-24 12:37:27.367,1,,,,False,False,FP2,46.2,29.5,55.6
0 days 00:56:13.620000,GAS,10,0 days 00:01:44.843000,13.0,2.0,,,0 days 00:00:37.144000,0 days 00:00:42.722000,0 days 00:00:24.977000,0 days 00:55:05.921000,0 days 00:55:48.643000,0 days 00:56:13.620000,198.0,222.0,310.0,319.0,True,SOFT,6.0,True,Alpine,0 days 00:54:28.777000,2026-09-24 12:40:10.003,12,,,,False,True,FP2,46.2,29.5,55.6
0 days 00:58:21.428000,GAS,10,0 days 00:02:07.808000,14.0,2.0,,0 days 00:58:20.245000,0 days 00:00:45.623000,0 days 00:00:50.609000,0 days 00:00:31.576000,0 days 00:56:59.243000,0 days 00:57:49.852000,0 days 00:58:21.428000,160.0,169.0,,276.0,False,SOFT,7.0,True,Alpine,0 days 00:56:13.620000,2026-09-24 12:41:54.846,1,,,,False,False,FP2,46.2,29.5,55.6
0 days 01:05:39.821000,GAS,10,,15.0,3.0,0 days 01:02:37.086000,,,0 days 00:00:46.210000,0 days 00:00:26.080000,,0 days 01:05:13.974000,0 days 01:05:39.845000,173.0,199.0,308.0,311.0,False,MEDIUM,8.0,False,Alpine,0 days 00:58:21.428000,2026-09-24 12:44:02.654,12,,,,False,False,FP2,46.2,29.5,55.6
0 days 01:07:29.833000,GAS,10,0 days 00:01:50.012000,16.0,3.0,,,0 days 00:00:39.528000,0 days 00:00:44.707000,0 days 00:00:25.777000,0 days 01:06:19.349000,0 days 01:07:04.056000,0 days 01:07:29.833000,188.0,206.0,310.0,314.0,False,MEDIUM,9.0,False,Alpine,0 days 01:05:39.821000,2026-09-24 12:51:21.047,1,,,,False,True,FP2,46.2,29.5,55.6
0 days 01:09:19.384000,GAS,10,0 days 00:01:49.551000,17.0,3.0,,,0 days 00:00:39.616000,0 days 00:00:44.582000,0 days 00:00:25.353000,0 days 01:08:09.449000,0 days 01:08:54.031000,0 days 01:09:19.384000,188.0,207.0,313.0,324.0,False,MEDIUM,10.0,False,Alpine,0 days 01:07:29.833000,2026-09-24 12:53:11.059,1,,,,False,True,FP2,46.2,29.5,55.6
0 days 01:11:08.356000,GAS,10,0 days 00:01:48.972000,18.0,3.0,,,0 days 00:00:39.137000,0 days 00:00:44.542000,0 days 00:00:25.293000,0 days 01:09:58.521000,0 days 01:10:43.063000,0 days 01:11:08.356000,191.0,205.0,314.0,325.0,False,MEDIUM,11.0,False,Alpine,0 days 01:09:19.384000,2026-09-24 12:55:00.610,1,,,,False,True,FP2,46.2,29.5,55.6
0 days 01:12:58.399000,GAS,10,0 days 00:01:50.043000,19.0,3.0,,,0 days 00:00:39.030000,0 days 00:00:45.635000,0 days 00:00:25.378000,0 days 01:11:47.386000,0 days 01:12:33.021000,0 days 01:12:58.399000,192.0,200.0,313.0,324.0,False,MEDIUM,12.0,False,Alpine,0 days 01:11:08.356000,2026-09-24 12:56:49.582,12,,,,False,True,FP2,46.2,29.5,55.6
0 days 01:14:47.299000,GAS,10,0 days 00:01:48.900000,20.0,3.0,,,0 days 00:00:39.174000,0 days 00:00:44.367000,0 days 00:00:25.359000,0 days 01:13:37.573000,0 days 01:14:21.940000,0 days 01:14:47.299000,194.0,204.0,313.0,321.0,False,MEDIUM,13.0,False,Alpine,0 days 01:12:58.399000,2026-09-24 12:58:39.625,1,,,,False,True,FP2,46.2,29.5,55.6
0 days 01:17:10.013000,GAS,10,0 days 00:02:22.714000,21.0,3.0,,,0 days 00:00:46.062000,0 days 00:00:52.877000,0 days 00:00:43.775000,0 days 01:15:33.361000,0 days 01:16:26.238000,0 days 01:17:10.013000,163.0,147.0,56.0,200.0,False,MEDIUM,14.0,False,Alpine,0 days 01:14:47.299000,2026-09-24 13:00:28.525,1,,,,False,True,FP2,45.9,29.5,55.4
0 days 01:19:51.543000,GAS,10,,22.0,3.0,,,0 days 00:01:14.715000,0 days 00:00:47.545000,0 days 00:00:39.150000,0 days 01:18:24.880000,0 days 01:19:12.449000,0 days 01:19:51.543000,165.0,173.0,61.0,250.0,False,MEDIUM,15.0,False,Alpine,0 days 01:17:10.013000,2026-09-24 13:02:51.239,1,,,,False,False,FP2,45.9,29.5,55.4
0 days 01:22:33.632000,GAS,10,,23.0,3.0,,0 days 01:22:32.314000,0 days 00:01:27.108000,0 days 00:00:45.583000,0 days 00:00:29.452000,0 days 01:21:18.653000,0 days 01:22:04.297000,0 days 01:22:33.632000,184.0,186.0,,317.0,False,MEDIUM,16.0,False,Alpine,0 days 01:19:51.543000,2026-09-24 13:05:32.769,1,,,,False,False,FP2,45.9,29.5,55.4
0 days 00:16:56.872000,PER,11,,1.0,1.0,0 days 00:14:34.415000,,,0 days 00:00:53.413000,0 days 00:00:29.061000,,0 days 00:16:28.085000,0 days 00:16:56.997000,147.0,167.0,303.0,284.0,False,MEDIUM,1.0,True,Cadillac,0 days 00:14:34.415000,2026-09-24 12:00:15.641,1,,,,False,False,FP2,45.9,29.5,55.4
0 days 00:18:52.109000,PER,11,0 days 00:01:55.237000,2.0,1.0,,,0 days 00:00:38.731000,0 days 00:00:47.443000,0 days 00:00:29.063000,0 days 00:17:35.603000,0 days 00:18:23.046000,0 days 00:18:52.109000,192.0,186.0,305.0,281.0,True,MEDIUM,2.0,True,Cadillac,0 days 00:16:56.872000,2026-09-24 12:02:38.098,1,,,,False,True,FP2,45.9,29.5,55.4
0 days 00:20:40.145000,PER,11,0 days 00:01:48.036000,3.0,1.0,,,0 days 00:00:38.061000,0 days 00:00:44.350000,0 days 00:00:25.625000,0 days 00:19:30.170000,0 days 00:20:14.520000,0 days 00:20:40.145000,195.0,210.0,303.0,322.0,True,MEDIUM,3.0,True,Cadillac,0 days 00:18:52.109000,2026-09-24 12:04:33.335,1,,,,False,True,FP2,45.9,29.5,55.4
0 days 00:23:14.688000,PER,11,,4.0,1.0,,,0 days 00:00:54.782000,0 days 00:01:10.876000,0 days 00:00:28.897000,0 days 00:21:35.281000,0 days 00:22:46.049000,0 days 00:23:14.925000,133.0,160.0,306.0,286.0,False,MEDIUM,4.0,True,Cadillac,0 days 00:20:40.145000,2026-09-24 12:06:21.371,1,,,,False,False,FP2,45.9,29.5,55.4
0 days 00:25:01.531000,PER,11,0 days 00:01:46.843000,5.0,1.0,,,0 days 00:00:37.683000,0 days 00:00:43.838000,0 days 00:00:25.322000,0 days 00:23:52.371000,0 days 00:24:36.209000,0 days 00:25:01.531000,204.0,209.0,304.0,330.0,True,MEDIUM,5.0,True,Cadillac,0 days 00:23:14.688000,2026-09-24 12:08:55.914,1,,,,False,True,FP2,45.9,29.5,55.4
0 days 00:27:21.075000,PER,11,0 days 00:02:19.544000,6.0,1.0,,0 days 00:27:19.788000,0 days 00:00:48.033000,0 days 00:00:56.210000,0 days 00:00:35.301000,0 days 00:25:49.564000,0 days 00:26:45.774000,0 days 00:27:21.075000,142.0,136.0,,283.0,False,MEDIUM,6.0,True,Cadillac,0 days 00:25:01.531000,2026-09-24 12:10:42.757,1,,,,False,False,FP2,45.7,29.5,55.3
0 days 00:45:30.204000,PER,11,,7.0,2.0,0 days 00:43:31.670000,,,0 days 00:00:48.191000,0 days 00:00:29.363000,,0 days 00:45:01.573000,0 days 00:45:30.331000,168.0,168.0,302.0,286.0,False,SOFT,1.0,True,Cadillac,0 days 00:43:31.670000,2026-09-24 12:29:12.896,12,,,,False,False,FP2,45.7,29.5,55.3
0 days 00:47:30.377000,PER,11,0 days 00:02:00.173000,8.0,2.0,,,0 days 00:00:44.011000,0 days 00:00:47.531000,0 days 00:00:28.631000,0 days 00:46:14.215000,0 days 00:47:01.746000,0 days 00:47:30.377000,183.0,192.0,306.0,284.0,False,SOFT,2.0,True,Cadillac,0 days 00:45:30.204000,2026-09-24 12:31:11.430,21,,,,False,True,FP2,45.7,29.5,55.3
0 days 00:49:16.923000,PER,11,0 days 00:01:46.546000,9.0,2.0,,,0 days 00:00:37.593000,0 days 00:00:43.614000,0 days 00:00:25.339000,0 days 00:48:07.970000,0 days 00:48:51.584000,0 days 00:49:16.923000,198.0,213.0,305.0,323.0,True,SOFT,3.0,True,Cadillac,0 days 00:47:30.377000,2026-09-24 12:33:11.603,12,,,,False,True,FP2,45.7,29.5,55.3
0 days 00:51:24.520000,PER,11,0 days 00:02:07.597000,10.0,2.0,,,0 days 00:00:46.941000,0 days 00:00:52.038000,0 days 00:00:28.618000,0 days 00:50:03.864000,0 days 00:50:55.902000,0 days 00:51:24.520000,145.0,184.0,306.0,285.0,False,SOFT,4.0,True,Cadillac,0 days 00:49:16.923000,2026-09-24 12:34:58.149,1,,,,False,True,FP2,45.7,29.5,55.3
0 days 00:53:10.280000,PER,11,0 days 00:01:45.760000,11.0,2.0,,,0 days 00:00:37.376000,0 days 00:00:43.441000,0 days 00:00:24.943000,0 days 00:52:01.896000,0 days 00:52:45.337000,0 days 00:53:10.280000,194.0,207.0,315.0,332.0,True,SOFT,5.0,True,Cadillac,0 days 00:51:24.520000,2026-09-24 12:37:05.746,1,,,,False,True,FP2,45.7,29.5,55.3
0 days 00:55:24.999000,PER,11,0 days 00:02:14.719000,12.0,2.0,,0 days 00:55:23.619000,0 days 00:00:44.432000,0 days 00:00:48.748000,0 days 00:00:41.539000,0 days 00:53:54.712000,0 days 00:54:43.460000,0 days 00:55:24.999000,159.0,179.0,,200.0,False,SOFT,6.0,True,Cadillac,0 days 00:53:10.280000,2026-09-24 12:38:51.506,12,,,,False,False,FP2,45.7,29.5,55.3
0 days 01:02:20.406000,PER,11,,13.0,3.0,0 days 00:59:37.678000,,,0 days 00:00:46.866000,0 days 00:00:26.616000,,0 days 01:01:53.897000,0 days 01:02:20.581000,176.0,190.0,297.0,309.0,False,SOFT,7.0,False,Cadillac,0 days 00:55:24.999000,2026-09-24 12:41:06.225,1,,,,False,False,FP2,45.6,29.5,55.5
0 days 01:04:11.543000,PER,11,0 days 00:01:51.137000,14.0,3.0,,,0 days 00:00:39.939000,0 days 00:00:45.201000,0 days 00:00:25.997000,0 days 01:03:00.345000,0 days 01:03:45.546000,0 days 01:04:11.543000,192.0,200.0,303.0,321.0,False,SOFT,8.0,False,Cadillac,0 days 01:02:20.406000,2026-09-24 12:48:01.632,12,,,,False,True,FP2,45.6,29.5,55.5
0 days 01:06:02.226000,PER,11,0 days 00:01:50.683000,15.0,3.0,,,0 days 00:00:39.673000,0 days 00:00:45.175000,0 days 00:00:25.835000,0 days 01:04:51.216000,0 days 01:05:36.391000,0 days 01:06:02.226000,188.0,205.0,305.0,323.0,False,SOFT,9.0,False,Cadillac,0 days 01:04:11.543000,2026-09-24 12:49:52.769,21,,,,False,True,FP2,45.6,29.5,55.5
0 days 01:07:52.192000,PER,11,0 days 00:01:49.966000,16.0,3.0,,,0 days 00:00:39.358000,0 days 00:00:44.970000,0 days 00:00:25.638000,0 days 01:06:41.584000,0 days 01:07:26.554000,0 days 01:07:52.192000,193.0,204.0,311.0,327.0,False,SOFT,10.0,False,Cadillac,0 days 01:06:02.226000,2026-09-24 12:51:43.452,1,,,,False,True,FP2,45.6,29.5,55.5
0 days 01:09:43.094000,PER,11,0 days 00:01:50.902000,17.0,3.0,,,0 days 00:00:39.890000,0 days 00:00:45.547000,0 days 00:00:25.465000,0 days 01:08:32.082000,0 days 01:09:17.629000,0 days 01:09:43.094000,196.0,196.0,325.0,329.0,False,SOFT,11.0,False,Cadillac,0 days 01:07:52.192000,2026-09-24 12:53:33.418,1,,,,False,True,FP2,45.6,29.5,55.5
0 days 01:11:33.709000,PER,11,0 days 00:01:50.615000,18.0,3.0,,,0 days 00:00:39.812000,0 days 00:00:44.929000,0 days 00:00:25.874000,0 days 01:10:22.906000,0 days 01:11:07.835000,0 days 01:11:33.709000,195.0,199.0,305.0,323.0,False,SOFT,12.0,False,Cadillac,0 days 01:09:43.094000,2026-09-24 12:55:24.320,1,,,,False,True,FP2,45.6,29.5,55.5
0 days 01:13:23.849000,PER,11,0 days 00:01:50.140000,19.0,3.0,,,0 days 00:00:39.290000,0 days 00:00:44.966000,0 days 00:00:25.884000,0 days 01:12:12.999000,0 days 01:12:57.965000,0 days 01:13:23.849000,194.0,209.0,303.0,320.0,False,SOFT,13.0,False,Cadillac,0 days 01:11:33.709000,2026-09-24 12:57:14.935,12,,,,False,True,FP2,45.6,29.5,55.5
0 days 01:15:14.144000,PER,11,0 days 00:01:50.295000,20.0,3.0,,,0 days 00:00:39.591000,0 days 00:00:44.814000,0 days 00:00:25.890000,0 days 01:14:03.440000,0 days 01:14:48.254000,0 days 01:15:14.144000,198.0,210.0,301.0,318.0,False,SOFT,14.0,False,Cadillac,0 days 01:13:23.849000,2026-09-24 12:59:05.075,1,,,,False,True,FP2,45.6,29.5,55.5
0 days 01:17:36.381000,PER,11,0 days 00:02:22.237000,21.0,3.0,,,0 days 00:00:46.559000,0 days 00:00:55.619000,0 days 00:00:40.059000,0 days 01:16:00.703000,0 days 01:16:56.322000,0 days 01:17:36.381000,151.0,154.0,61.0,252.0,False,SOFT,15.0,False,Cadillac,0 days 01:15:14.144000,2026-09-24 13:00:55.370,1,,,,False,True,FP2,45.6,29.5,55.5
0 days 01:20:32.337000,PER,11,,22.0,3.0,,,0 days 00:01:19.377000,0 days 00:00:54.573000,0 days 00:00:41.987000,0 days 01:18:55.907000,0 days 01:19:50.513000,0 days 01:20:32.337000,158.0,163.0,71.0,194.0,False,SOFT,16.0,False,Cadillac,0 days 01:17:36.381000,2026-09-24 13:03:17.607,1,,,,False,False,FP2,45.9,29.6,55.9
0 days 01:23:15.744000,PER,11,,23.0,3.0,,0 days 01:23:14.362000,0 days 00:01:20.234000,0 days 00:00:50.867000,0 days 00:00:32.276000,0 days 01:21:52.816000,0 days 01:22:43.780000,0 days 01:23:15.744000,149.0,184.0,,277.0,False,SOFT,17.0,False,Cadillac,0 days 01:20:32.337000,2026-09-24 13:06:13.563,1,,,,False,False,FP2,45.9,29.6,55.9
0 days 00:46:23.098000,ANT,12,,1.0,1.0,0 days 00:44:12.038000,,,0 days 00:00:50.443000,0 days 00:00:28.761000,,0 days 00:45:54.582000,0 days 00:46:23.244000,184.0,186.0,311.0,282.0,False,SOFT,1.0,True,Mercedes,0 days 00:44:12.038000,2026-09-24 12:29:53.264,12,,,,False,False,FP2,45.9,29.6,55.9
0 days 00:48:08.769000,ANT,12,0 days 00:01:45.671000,2.0,1.0,,,0 days 00:00:37.392000,0 days 00:00:43.390000,0 days 00:00:24.889000,0 days 00:47:00.490000,0 days 00:47:43.880000,0 days 00:48:08.769000,203.0,212.0,312.0,329.0,True,SOFT,2.0,True,Mercedes,0 days 00:46:23.098000,2026-09-24 12:32:04.324,1,,,,False,True,FP2,45.9,29.6,55.9
0 days 00:50:28.505000,ANT,12,0 days 00:02:19.736000,3.0,1.0,,,0 days 00:00:53.852000,0 days 00:00:57.197000,0 days 00:00:28.687000,0 days 00:49:02.621000,0 days 00:49:59.818000,0 days 00:50:28.505000,158.0,184.0,312.0,284.0,False,SOFT,3.0,True,Mercedes,0 days 00:48:08.769000,2026-09-24 12:33:49.995,12,,,,False,True,FP2,45.9,29.6,55.9
0 days 00:52:13.258000,ANT,12,0 days 00:01:44.753000,4.0,1.0,,,0 days 00:00:36.896000,0 days 00:00:43.026000,0 days 00:00:24.831000,0 days 00:51:05.401000,0 days 00:51:48.427000,0 days 00:52:13.258000,208.0,211.0,312.0,327.0,True,SOFT,4.0,True,Mercedes,0 days 00:50:28.505000,2026-09-24 12:36:09.731,1,,,,False,True,FP2,45.6,29.6,56.5
0 days 00:54:55.842000,ANT,12,,5.0,1.0,,,0 days 00:01:08.055000,0 days 00:01:05.648000,0 days 00:00:28.865000,0 days 00:53:21.563000,0 days 00:54:27.172000,0 days 00:54:55.970000,90.0,160.0,311.0,266.0,False,SOFT,5.0,True,Mercedes,0 days 00:52:13.258000,2026-09-24 12:37:54.484,12,,,,False,False,FP2,45.6,29.6,56.5
0 days 00:57:10.469000,ANT,12,0 days 00:02:14.627000,6.0,1.0,,,0 days 00:00:44.477000,0 days 00:01:01.360000,0 days 00:00:28.790000,0 days 00:55:40.319000,0 days 00:56:41.679000,0 days 00:57:10.469000,188.0,174.0,313.0,274.0,False,SOFT,6.0,True,Mercedes,0 days 00:54:55.842000,2026-09-24 12:40:37.068,21,,,,False,True,FP2,45.6,29.6,56.5
0 days 00:58:54.368000,ANT,12,0 days 00:01:43.899000,7.0,1.0,,,0 days 00:00:36.556000,0 days 00:00:42.724000,0 days 00:00:24.619000,0 days 00:57:47.025000,0 days 00:58:29.749000,0 days 00:58:54.368000,218.0,212.0,315.0,332.0,True,SOFT,7.0,True,Mercedes,0 days 00:57:10.469000,2026-09-24 12:42:51.695,1,,,,False,True,FP2,45.6,29.6,56.5
0 days 01:01:12.936000,ANT,12,0 days 00:02:18.568000,8.0,1.0,,0 days 01:01:12.014000,0 days 00:00:49.829000,0 days 00:00:56.046000,0 days 00:00:32.693000,0 days 00:59:44.197000,0 days 01:00:40.243000,0 days 01:01:12.936000,143.0,148.0,,292.0,False,SOFT,8.0,True,Mercedes,0 days 00:58:54.368000,2026-09-24 12:44:35.594,1,,,,False,False,FP2,45.4,29.5,56.6
0 days 01:08:11.740000,ANT,12,,9.0,2.0,0 days 01:06:23.152000,,,0 days 00:00:45.172000,0 days 00:00:25.828000,,0 days 01:07:46.124000,0 days 01:08:11.740000,192.0,201.0,309.0,315.0,False,MEDIUM,1.0,True,Mercedes,0 days 01:01:12.936000,2026-09-24 12:46:54.162,12,,,,False,False,FP2,45.4,29.5,56.6
0 days 01:10:01.184000,ANT,12,0 days 00:01:49.444000,10.0,2.0,,,0 days 00:00:39.368000,0 days 00:00:44.603000,0 days 00:00:25.473000,0 days 01:08:51.108000,0 days 01:09:35.711000,0 days 01:10:01.184000,194.0,202.0,312.0,322.0,False,MEDIUM,2.0,True,Mercedes,0 days 01:08:11.740000,2026-09-24 12:53:52.966,1,,,,False,True,FP2,45.4,29.5,56.6
0 days 01:11:49.887000,ANT,12,0 days 00:01:48.703000,11.0,2.0,,,0 days 00:00:38.937000,0 days 00:00:44.300000,0 days 00:00:25.466000,0 days 01:10:40.121000,0 days 01:11:24.421000,0 days 01:11:49.887000,197.0,205.0,312.0,321.0,False,MEDIUM,3.0,True,Mercedes,0 days 01:10:01.184000,2026-09-24 12:55:42.410,1,,,,False,True,FP2,45.4,29.5,56.6
0 days 01:13:38.025000,ANT,12,0 days 00:01:48.138000,12.0,2.0,,,0 days 00:00:38.701000,0 days 00:00:44.064000,0 days 00:00:25.373000,0 days 01:12:28.588000,0 days 01:13:12.652000,0 days 01:13:38.025000,198.0,208.0,312.0,323.0,False,MEDIUM,4.0,True,Mercedes,0 days 01:11:49.887000,2026-09-24 12:57:31.113,12,,,,False,True,FP2,45.4,29.5,56.6
0 days 01:15:25.818000,ANT,12,0 days 00:01:47.793000,13.0,2.0,,,0 days 00:00:38.528000,0 days 00:00:43.986000,0 days 00:00:25.279000,0 days 01:14:16.553000,0 days 01:15:00.539000,0 days 01:15:25.818000,205.0,209.0,316.0,324.0,False,MEDIUM,5.0,True,Mercedes,0 days 01:13:38.025000,2026-09-24 12:59:19.251,1,,,,False,True,FP2,45.4,29.5,56.6
0 days 01:18:06.983000,ANT,12,,14.0,2.0,,,0 days 00:00:49.498000,0 days 00:00:57.466000,0 days 00:00:54.116000,0 days 01:16:15.885000,0 days 01:17:12.913000,0 days 01:18:06.983000,127.0,160.0,49.0,143.0,False,MEDIUM,6.0,True,Mercedes,0 days 01:15:25.818000,2026-09-24 13:01:07.044,1,,,,False,False,FP2,45.4,29.5,56.6
0 days 01:20:59.370000,ANT,12,,15.0,2.0,,,0 days 00:01:15.843000,0 days 00:00:54.407000,0 days 00:00:42.148000,0 days 01:19:22.883000,0 days 01:20:17.356000,0 days 01:20:59.370000,155.0,142.0,60.0,254.0,False,MEDIUM,7.0,True,Mercedes,0 days 01:18:06.983000,2026-09-24 13:03:48.209,1,,,,False,False,FP2,45.0,29.2,54.9
0 days 01:23:39.701000,ANT,12,,16.0,2.0,,0 days 01:23:38.377000,0 days 00:01:10.927000,0 days 00:00:58.095000,0 days 00:00:31.393000,0 days 01:22:10.450000,0 days 01:23:08.609000,0 days 01:23:39.701000,198.0,143.0,,307.0,False,MEDIUM,8.0,True,Mercedes,0 days 01:20:59.370000,2026-09-24 13:06:40.596,1,,,,False,False,FP2,45.0,29.2,54.9
0 days 00:17:10.850000,ALO,14,,1.0,1.0,0 days 00:15:04.642000,,,0 days 00:00:50.787000,0 days 00:00:28.650000,,0 days 00:16:43.150000,0 days 00:17:10.962000,156.0,188.0,283.0,277.0,False,SOFT,1.0,True,Aston Martin,0 days 00:15:04.642000,2026-09-24 12:00:45.868,1,,,,False,False,FP2,45.0,29.2,54.9
0 days 00:19:15.143000,ALO,14,0 days 00:02:04.293000,2.0,1.0,,,0 days 00:00:42.320000,0 days 00:00:52.552000,0 days 00:00:29.421000,0 days 00:17:53.170000,0 days 00:18:45.722000,0 days 00:19:15.143000,176.0,175.0,299.0,277.0,True,SOFT,2.0,True,Aston Martin,0 days 00:17:10.850000,2026-09-24 12:02:52.076,1,,,,False,True,FP2,45.0,29.2,54.9
0 days 00:21:03.595000,ALO,14,0 days 00:01:48.452000,3.0,1.0,,,0 days 00:00:38.189000,0 days 00:00:44.473000,0 days 00:00:25.790000,0 days 00:19:53.332000,0 days 00:20:37.805000,0 days 00:21:03.595000,204.0,200.0,294.0,307.0,True,SOFT,3.0,True,Aston Martin,0 days 00:19:15.143000,2026-09-24 12:04:56.369,1,,,,False,True,FP2,45.2,29.2,54.1
0 days 00:23:24.978000,ALO,14,0 days 00:02:21.383000,4.0,1.0,,,0 days 00:00:57.387000,0 days 00:00:54.275000,0 days 00:00:29.721000,0 days 00:22:00.982000,0 days 00:22:55.257000,0 days 00:23:24.978000,164.0,155.0,300.0,280.0,False,SOFT,4.0,True,Aston Martin,0 days 00:21:03.595000,2026-09-24 12:06:44.821,1,,,,False,True,FP2,45.2,29.2,54.1
0 days 00:25:12.867000,ALO,14,0 days 00:01:47.889000,5.0,1.0,,,0 days 00:00:37.767000,0 days 00:00:44.086000,0 days 00:00:26.036000,0 days 00:24:02.745000,0 days 00:24:46.831000,0 days 00:25:12.867000,207.0,204.0,293.0,301.0,True,SOFT,5.0,True,Aston Martin,0 days 00:23:24.978000,2026-09-24 12:09:06.204,1,,,,False,True,FP2,45.2,29.2,54.1
0 days 00:27:33.116000,ALO,14,0 days 00:02:20.249000,6.0,1.0,,,0 days 00:00:55.197000,0 days 00:00:55.599000,0 days 00:00:29.453000,0 days 00:26:08.064000,0 days 00:27:03.663000,0 days 00:27:33.116000,121.0,165.0,311.0,279.0,False,SOFT,6.0,True,Aston Martin,0 days 00:25:12.867000,2026-09-24 12:10:54.093,1,,,,False,True,FP2,45.2,29.2,54.1
0 days 00:29:21.027000,ALO,14,0 days 00:01:47.911000,7.0,1.0,,,0 days 00:00:37.585000,0 days 00:00:43.565000,0 days 00:00:26.761000,0 days 00:28:10.701000,0 days 00:28:54.266000,0 days 00:29:21.027000,210.0,222.0,291.0,288.0,False,SOFT,7.0,True,Aston Martin,0 days 00:27:33.116000,2026-09-24 12:13:14.342,1,,,,False,True,FP2,45.2,29.2,54.1
0 days 00:31:49.148000,ALO,14,0 days 00:02:28.121000,8.0,1.0,,,0 days 00:01:01.152000,0 days 00:00:57.322000,0 days 00:00:29.647000,0 days 00:30:22.179000,0 days 00:31:19.501000,0 days 00:31:49.148000,164.0,184.0,298.0,277.0,False,SOFT,8.0,True,Aston Martin,0 days 00:29:21.027000,2026-09-24 12:15:02.253,12,,,,False,True,FP2,45.2,29.2,54.1
0 days 00:33:55.913000,ALO,14,,9.0,1.0,,0 days 00:33:55.913000,0 days 00:00:37.526000,0 days 00:00:43.880000,,0 days 00:32:26.872000,0 days 00:33:10.826000,,207.0,201.0,,,False,SOFT,9.0,True,Aston Martin,0 days 00:31:49.148000,2026-09-24 12:17:30.374,125,,,,False,False,FP2,45.2,29.2,54.1
0 days 00:20:05.251000,LEC,16,,1.0,1.0,0 days 00:18:05.561000,,,0 days 00:00:49.011000,0 days 00:00:28.880000,,0 days 00:19:36.709000,0 days 00:20:05.413000,164.0,183.0,284.0,261.0,False,MEDIUM,1.0,True,Ferrari,0 days 00:18:05.561000,2026-09-24 12:03:46.787,1,,,,False,False,FP2,45.2,29.2,54.1
0 days 00:22:08.860000,LEC,16,0 days 00:02:03.609000,2.0,1.0,,,0 days 00:00:41.985000,0 days 00:00:52.588000,0 days 00:00:29.036000,0 days 00:20:47.236000,0 days 00:21:39.824000,0 days 00:22:08.860000,181.0,176.0,308.0,282.0,True,MEDIUM,2.0,True,Ferrari,0 days 00:20:05.251000,2026-09-24 12:05:46.477,1,,,,False,True,FP2,44.6,29.2,54.0
0 days 00:23:54.672000,LEC,16,0 days 00:01:45.812000,3.0,1.0,,,0 days 00:00:37.266000,0 days 00:00:43.505000,0 days 00:00:25.041000,0 days 00:22:46.126000,0 days 00:23:29.631000,0 days 00:23:54.672000,210.0,210.0,315.0,329.0,True,MEDIUM,3.0,True,Ferrari,0 days 00:22:08.860000,2026-09-24 12:07:50.086,1,,,,False,True,FP2,44.6,29.2,54.0
0 days 00:26:09.037000,LEC,16,0 days 00:02:14.365000,4.0,1.0,,,0 days 00:00:48.625000,0 days 00:00:56.837000,0 days 00:00:28.903000,0 days 00:24:43.297000,0 days 00:25:40.134000,0 days 00:26:09.037000,145.0,176.0,308.0,282.0,False,MEDIUM,4.0,True,Ferrari,0 days 00:23:54.672000,2026-09-24 12:09:35.898,1,,,,False,True,FP2,44.6,29.2,54.0
0 days 00:28:03.784000,LEC,16,0 days 00:01:54.747000,5.0,1.0,,,0 days 00:00:37.276000,0 days 00:00:49.360000,0 days 00:00:28.111000,0 days 00:26:46.313000,0 days 00:27:35.673000,0 days 00:28:03.784000,207.0,162.0,319.0,294.0,False,MEDIUM,5.0,True,Ferrari,0 days 00:26:09.037000,2026-09-24 12:11:50.263,1,,,,False,True,FP2,44.6,29.2,54.0
0 days 00:30:06.507000,LEC,16,0 days 00:02:02.723000,6.0,1.0,,,0 days 00:00:41.386000,0 days 00:00:52.421000,0 days 00:00:28.916000,0 days 00:28:45.170000,0 days 00:29:37.591000,0 days 00:30:06.507000,176.0,191.0,311.0,281.0,False,MEDIUM,6.0,True,Ferrari,0 days 00:28:03.784000,2026-09-24 12:13:45.010,1,,,,False,True,FP2,44.6,29.2,54.0
0 days 00:31:59.053000,LEC,16,0 days 00:01:52.546000,7.0,1.0,,,0 days 00:00:37.017000,0 days 00:00:46.102000,0 days 00:00:29.427000,0 days 00:30:43.524000,0 days 00:31:29.626000,0 days 00:31:59.053000,205.0,119.0,317.0,290.0,False,MEDIUM,7.0,True,Ferrari,0 days 00:30:06.507000,2026-09-24 12:15:47.733,12,,,,False,True,FP2,44.6,29.2,54.0
0 days 00:44:23.233000,LEC,16,,8.0,1.0,,0 days 00:34:22.118000,0 days 00:00:37.478000,,,0 days 00:32:36.742000,,,172.0,,,,False,MEDIUM,8.0,True,Ferrari,0 days 00:31:59.053000,2026-09-24 12:17:40.279,125,,,,False,False,FP2,44.6,29.2,54.0
0 days 00:46:36.377000,LEC,16,,9.0,2.0,0 days 00:44:23.233000,,,0 days 00:00:49.237000,0 days 00:00:28.701000,,0 days 00:46:07.933000,0 days 00:46:36.517000,170.0,181.0,313.0,287.0,False,SOFT,1.0,True,Ferrari,0 days 00:44:23.233000,2026-09-24 12:30:04.459,12,,,,False,False,FP2,44.6,29.2,54.0
0 days 00:48:31.499000,LEC,16,0 days 00:01:55.122000,10.0,2.0,,,0 days 00:00:37.262000,0 days 00:00:49.485000,0 days 00:00:28.375000,0 days 00:47:13.639000,0 days 00:48:03.124000,0 days 00:48:31.499000,201.0,175.0,314.0,292.0,False,SOFT,2.0,True,Ferrari,0 days 00:46:36.377000,2026-09-24 12:32:17.603,12,,,,False,True,FP2,44.6,29.2,54.0
0 days 00:50:15.972000,LEC,16,0 days 00:01:44.473000,11.0,2.0,,,0 days 00:00:36.844000,0 days 00:00:42.857000,0 days 00:00:24.772000,0 days 00:49:08.343000,0 days 00:49:51.200000,0 days 00:50:15.972000,206.0,214.0,317.0,334.0,True,SOFT,3.0,True,Ferrari,0 days 00:48:31.499000,2026-09-24 12:34:12.725,1,,,,False,True,FP2,44.8,29.2,54.5
0 days 00:52:42.390000,LEC,16,0 days 00:02:26.418000,12.0,2.0,,,0 days 00:00:52.475000,0 days 00:01:05.298000,0 days 00:00:28.645000,0 days 00:51:08.447000,0 days 00:52:13.745000,0 days 00:52:42.390000,154.0,175.0,311.0,287.0,False,SOFT,4.0,True,Ferrari,0 days 00:50:15.972000,2026-09-24 12:35:57.198,1,,,,False,True,FP2,44.8,29.2,54.5
0 days 00:54:50.688000,LEC,16,0 days 00:02:08.298000,13.0,2.0,,,0 days 00:00:38.236000,0 days 00:01:00.539000,0 days 00:00:29.523000,0 days 00:53:20.626000,0 days 00:54:21.165000,0 days 00:54:50.688000,183.0,148.0,313.0,284.0,False,SOFT,5.0,True,Ferrari,0 days 00:52:42.390000,2026-09-24 12:38:23.616,12,,,,False,True,FP2,44.8,29.2,54.5
0 days 00:56:53.813000,LEC,16,0 days 00:02:03.125000,14.0,2.0,,,0 days 00:00:41.962000,0 days 00:00:52.221000,0 days 00:00:28.942000,0 days 00:55:32.650000,0 days 00:56:24.871000,0 days 00:56:53.813000,175.0,178.0,311.0,280.0,False,SOFT,6.0,True,Ferrari,0 days 00:54:50.688000,2026-09-24 12:40:31.914,21,,,,False,True,FP2,44.8,29.2,54.5
0 days 00:58:43.784000,LEC,16,0 days 00:01:49.971000,15.0,2.0,,0 days 00:58:42.510000,0 days 00:00:36.758000,0 days 00:00:42.715000,0 days 00:00:30.498000,0 days 00:57:30.571000,0 days 00:58:13.286000,0 days 00:58:43.784000,206.0,213.0,,324.0,False,SOFT,7.0,True,Ferrari,0 days 00:56:53.813000,2026-09-24 12:42:35.039,1,,,,False,False,FP2,44.8,29.2,54.5
0 days 01:06:27.141000,LEC,16,,16.0,3.0,0 days 01:04:09.188000,,,0 days 00:00:45.334000,0 days 00:00:25.980000,,0 days 01:06:01.213000,0 days 01:06:27.161000,181.0,200.0,309.0,318.0,False,SOFT,8.0,False,Ferrari,0 days 00:58:43.784000,2026-09-24 12:44:25.010,12,,,,False,False,FP2,44.8,29.2,54.5
0 days 01:08:16.403000,LEC,16,0 days 00:01:49.262000,17.0,3.0,,,0 days 00:00:39.271000,0 days 00:00:44.514000,0 days 00:00:25.477000,0 days 01:07:06.412000,0 days 01:07:50.926000,0 days 01:08:16.403000,193.0,204.0,311.0,325.0,False,SOFT,9.0,False,Ferrari,0 days 01:06:27.141000,2026-09-24 12:52:08.367,1,,,,False,True,FP2,44.8,29.2,54.5
0 days 01:10:05.479000,LEC,16,0 days 00:01:49.076000,18.0,3.0,,,0 days 00:00:39.230000,0 days 00:00:44.397000,0 days 00:00:25.449000,0 days 01:08:55.633000,0 days 01:09:40.030000,0 days 01:10:05.479000,195.0,209.0,312.0,326.0,False,SOFT,10.0,False,Ferrari,0 days 01:08:16.403000,2026-09-24 12:53:57.629,1,,,,False,True,FP2,44.8,29.2,54.5
0 days 01:11:54.320000,LEC,16,0 days 00:01:48.841000,19.0,3.0,,,0 days 00:00:38.925000,0 days 00:00:44.450000,0 days 00:00:25.466000,0 days 01:10:44.404000,0 days 01:11:28.854000,0 days 01:11:54.320000,198.0,215.0,313.0,326.0,False,SOFT,11.0,False,Ferrari,0 days 01:10:05.479000,2026-09-24 12:55:46.705,1,,,,False,True,FP2,44.8,29.2,54.5
0 days 01:13:43.071000,LEC,16,0 days 00:01:48.751000,20.0,3.0,,,0 days 00:00:39.064000,0 days 00:00:44.344000,0 days 00:00:25.343000,0 days 01:12:33.384000,0 days 01:13:17.728000,0 days 01:13:43.071000,199.0,206.0,312.0,320.0,False,SOFT,12.0,False,Ferrari,0 days 01:11:54.320000,2026-09-24 12:57:35.546,12,,,,False,True,FP2,44.8,29.2,54.5
0 days 01:15:31.004000,LEC,16,0 days 00:01:47.933000,21.0,3.0,,,0 days 00:00:38.605000,0 days 00:00:44.055000,0 days 00:00:25.273000,0 days 01:14:21.676000,0 days 01:15:05.731000,0 days 01:15:31.004000,195.0,209.0,313.0,322.0,False,SOFT,13.0,False,Ferrari,0 days 01:13:43.071000,2026-09-24 12:59:24.297,1,,,,False,True,FP2,45.0,29.2,54.8
0 days 01:18:07.392000,LEC,16,,22.0,3.0,,,0 days 00:00:47.434000,0 days 00:00:56.079000,0 days 00:00:52.799000,0 days 01:16:18.627000,0 days 01:17:14.593000,0 days 01:18:07.392000,158.0,154.0,71.0,141.0,False,SOFT,14.0,False,Ferrari,0 days 01:15:31.004000,2026-09-24 13:01:12.230,1,,,,False,False,FP2,45.0,29.2,54.8
0 days 01:21:15.730000,LEC,16,,23.0,3.0,,,0 days 00:01:23.484000,0 days 00:00:55.465000,0 days 00:00:49.326000,0 days 01:19:31.558000,0 days 01:20:26.432000,0 days 01:21:15.730000,144.0,138.0,43.0,210.0,False,SOFT,15.0,False,Ferrari,0 days 01:18:07.392000,2026-09-24 13:03:48.618,1,,,,False,False,FP2,45.0,29.2,54.8
0 days 01:23:56.383000,LEC,16,,24.0,3.0,,0 days 01:23:54.957000,0 days 00:01:13.497000,0 days 00:00:50.862000,0 days 00:00:36.391000,0 days 01:22:29.149000,0 days 01:23:20.149000,0 days 01:23:56.383000,182.0,126.0,,329.0,False,SOFT,16.0,False,Ferrari,0 days 01:21:15.730000,2026-09-24 13:06:56.956,1,,,,False,False,FP2,45.0,29.2,54.8
0 days 00:19:52.851000,STR,18,,1.0,1.0,0 days 00:17:46.814000,,,0 days 00:00:49.752000,0 days 00:00:29.599000,,0 days 00:19:23.373000,0 days 00:19:52.932000,172.0,166.0,259.0,272.0,False,SOFT,1.0,True,Aston Martin,0 days 00:17:46.814000,2026-09-24 12:03:28.040,1,,,,False,False,FP2,45.0,29.2,54.8
0 days 00:21:57.214000,STR,18,0 days 00:02:04.363000,2.0,1.0,,,0 days 00:00:43.506000,0 days 00:00:51.217000,0 days 00:00:29.640000,0 days 00:20:36.357000,0 days 00:21:27.574000,0 days 00:21:57.214000,186.0,170.0,302.0,280.0,True,SOFT,2.0,True,Aston Martin,0 days 00:19:52.851000,2026-09-24 12:05:34.077,1,,,,False,True,FP2,45.0,29.2,54.8
0 days 00:23:46.285000,STR,18,0 days 00:01:49.071000,3.0,1.0,,,0 days 00:00:38.517000,0 days 00:00:44.549000,0 days 00:00:26.005000,0 days 00:22:35.731000,0 days 00:23:20.280000,0 days 00:23:46.285000,209.0,194.0,295.0,306.0,True,SOFT,3.0,True,Aston Martin,0 days 00:21:57.214000,2026-09-24 12:07:38.440,1,,,,False,True,FP2,45.0,29.2,54.8
0 days 00:26:12.755000,STR,18,0 days 00:02:26.470000,4.0,1.0,,,0 days 00:00:52.823000,0 days 00:01:04.137000,0 days 00:00:29.510000,0 days 00:24:39.108000,0 days 00:25:43.245000,0 days 00:26:12.755000,114.0,164.0,303.0,280.0,False,SOFT,4.0,True,Aston Martin,0 days 00:23:46.285000,2026-09-24 12:09:27.511,1,,,,False,True,FP2,45.0,29.2,54.8
0 days 00:28:01.246000,STR,18,0 days 00:01:48.491000,5.0,1.0,,,0 days 00:00:38.337000,0 days 00:00:44.164000,0 days 00:00:25.990000,0 days 00:26:51.092000,0 days 00:27:35.256000,0 days 00:28:01.246000,212.0,193.0,294.0,306.0,True,SOFT,5.0,True,Aston Martin,0 days 00:26:12.755000,2026-09-24 12:11:53.981,1,,,,False,True,FP2,44.8,29.2,54.4
0 days 00:30:40.091000,STR,18,,6.0,1.0,,,0 days 00:00:57.395000,0 days 00:01:11.946000,0 days 00:00:29.546000,0 days 00:28:58.869000,0 days 00:30:10.810000,0 days 00:30:40.233000,125.0,147.0,301.0,279.0,False,SOFT,6.0,True,Aston Martin,0 days 00:28:01.246000,2026-09-24 12:13:42.472,1,,,,False,False,FP2,44.8,29.2,54.4
0 days 00:32:28.549000,STR,18,0 days 00:01:48.458000,7.0,1.0,,,0 days 00:00:38.317000,0 days 00:00:44.118000,0 days 00:00:26.023000,0 days 00:31:18.408000,0 days 00:32:02.526000,0 days 00:32:28.549000,204.0,201.0,293.0,304.0,True,SOFT,7.0,True,Aston Martin,0 days 00:30:40.091000,2026-09-24 12:16:21.317,12,,,,False,True,FP2,44.8,29.2,54.4
0 days 00:44:43.070000,STR,18,,8.0,1.0,,0 days 00:34:59.217000,0 days 00:00:45.957000,,,0 days 00:33:14.663000,,,160.0,,,,False,SOFT,8.0,True,Aston Martin,0 days 00:32:28.549000,2026-09-24 12:18:09.775,125,,,,False,False,FP2,44.8,29.2,54.4
0 days 00:46:50.994000,STR,18,,9.0,2.0,0 days 00:44:43.070000,,,0 days 00:00:49.108000,0 days 00:00:31.137000,,0 days 00:46:20.047000,0 days 00:46:51.111000,184.0,172.0,193.0,248.0,False,SOFT,1.0,True,Aston Martin,0 days 00:44:43.070000,2026-09-24 12:30:24.296,12,,,,False,False,FP2,44.8,29.2,54.4
0 days 00:48:57.184000,STR,18,0 days 00:02:06.190000,10.0,2.0,,,0 days 00:00:48.089000,0 days 00:00:48.735000,0 days 00:00:29.366000,0 days 00:47:39.083000,0 days 00:48:27.818000,0 days 00:48:57.184000,176.0,178.0,301.0,279.0,False,SOFT,2.0,True,Aston Martin,0 days 00:46:50.994000,2026-09-24 12:32:32.220,12,,,,False,True,FP2,44.8,29.2,54.4
0 days 00:50:45.345000,STR,18,0 days 00:01:48.161000,11.0,2.0,,,0 days 00:00:38.201000,0 days 00:00:44.103000,0 days 00:00:25.857000,0 days 00:49:35.385000,0 days 00:50:19.488000,0 days 00:50:45.345000,208.0,194.0,296.0,309.0,True,SOFT,3.0,True,Aston Martin,0 days 00:48:57.184000,2026-09-24 12:34:38.410,1,,,,False,True,FP2,44.8,29.2,54.4
0 days 00:52:58.221000,STR,18,0 days 00:02:12.876000,12.0,2.0,,,0 days 00:00:50.961000,0 days 00:00:52.736000,0 days 00:00:29.179000,0 days 00:51:36.306000,0 days 00:52:29.042000,0 days 00:52:58.221000,179.0,174.0,304.0,281.0,False,SOFT,4.0,True,Aston Martin,0 days 00:50:45.345000,2026-09-24 12:36:26.571,1,,,,False,True,FP2,44.8,29.2,54.4
0 days 00:54:45.624000,STR,18,0 days 00:01:47.403000,13.0,2.0,,,0 days 00:00:37.765000,0 days 00:00:43.900000,0 days 00:00:25.738000,0 days 00:53:35.986000,0 days 00:54:19.886000,0 days 00:54:45.624000,208.0,199.0,300.0,309.0,True,SOFT,5.0,True,Aston Martin,0 days 00:52:58.221000,2026-09-24 12:38:39.447,1,,,,False,True,FP2,44.8,29.2,54.4
0 days 00:56:58.152000,STR,18,0 days 00:02:12.528000,14.0,2.0,,,0 days 00:00:47.468000,0 days 00:00:55.431000,0 days 00:00:29.629000,0 days 00:55:33.092000,0 days 00:56:28.523000,0 days 00:56:58.152000,143.0,139.0,302.0,280.0,False,SOFT,6.0,True,Aston Martin,0 days 00:54:45.624000,2026-09-24 12:40:26.850,12,,,,False,True,FP2,44.8,29.2,54.4
0 days 00:58:56.870000,STR,18,0 days 00:01:58.718000,15.0,2.0,,0 days 00:58:55.653000,0 days 00:00:37.861000,0 days 00:00:43.971000,0 days 00:00:36.886000,0 days 00:57:36.013000,0 days 00:58:19.984000,0 days 00:58:56.870000,211.0,188.0,,247.0,False,SOFT,7.0,True,Aston Martin,0 days 00:56:58.152000,2026-09-24 12:42:39.378,1,,,,False,False,FP2,44.8,29.2,54.4
0 days 01:05:53.802000,STR,18,,16.0,3.0,0 days 01:03:32.176000,,,0 days 00:00:48.547000,0 days 00:00:26.945000,,0 days 01:05:27.028000,0 days 01:05:53.928000,169.0,187.0,293.0,302.0,False,SOFT,8.0,False,Aston Martin,0 days 00:58:56.870000,2026-09-24 12:44:38.096,12,,,,False,False,FP2,44.8,29.2,54.4
0 days 01:07:49.272000,STR,18,0 days 00:01:55.470000,17.0,3.0,,,0 days 00:00:41.478000,0 days 00:00:46.822000,0 days 00:00:27.170000,0 days 01:06:35.280000,0 days 01:07:22.102000,0 days 01:07:49.272000,179.0,183.0,294.0,293.0,False,SOFT,9.0,False,Aston Martin,0 days 01:05:53.802000,2026-09-24 12:51:35.028,1,,,,False,True,FP2,44.6,29.3,54.4
0 days 01:09:42.962000,STR,18,0 days 00:01:53.690000,18.0,3.0,,,0 days 00:00:40.990000,0 days 00:00:46.300000,0 days 00:00:26.400000,0 days 01:08:30.262000,0 days 01:09:16.562000,0 days 01:09:42.962000,183.0,196.0,295.0,303.0,False,SOFT,10.0,False,Aston Martin,0 days 01:07:49.272000,2026-09-24 12:53:30.498,1,,,,False,True,FP2,44.6,29.3,54.4
0 days 01:11:36.299000,STR,18,0 days 00:01:53.337000,19.0,3.0,,,0 days 00:00:41.215000,0 days 00:00:46.039000,0 days 00:00:26.083000,0 days 01:10:24.177000,0 days 01:11:10.216000,0 days 01:11:36.299000,188.0,198.0,299.0,307.0,False,SOFT,11.0,False,Aston Martin,0 days 01:09:42.962000,2026-09-24 12:55:24.188,1,,,,False,True,FP2,44.6,29.3,54.4
0 days 01:13:28.723000,STR,18,0 days 00:01:52.424000,20.0,3.0,,,0 days 00:00:40.053000,0 days 00:00:45.870000,0 days 00:00:26.501000,0 days 01:12:16.352000,0 days 01:13:02.222000,0 days 01:13:28.723000,190.0,198.0,293.0,296.0,False,SOFT,12.0,False,Aston Martin,0 days 01:11:36.299000,2026-09-24 12:57:17.525,12,,,,False,True,FP2,44.6,29.3,54.4
0 days 01:15:22.797000,STR,18,0 days 00:01:54.074000,21.0,3.0,,,0 days 00:00:40.715000,0 days 00:00:46.144000,0 days 00:00:27.215000,0 days 01:14:09.438000,0 days 01:14:55.582000,0 days 01:15:22.797000,184.0,182.0,291.0,288.0,False,SOFT,13.0,False,Aston Martin,0 days 01:13:28.723000,2026-09-24 12:59:09.949,1,,,,False,True,FP2,44.6,29.3,54.4
0 days 01:18:03.378000,STR,18,,22.0,3.0,,,0 days 00:00:45.019000,0 days 00:00:56.690000,0 days 00:00:58.804000,0 days 01:16:07.960000,0 days 01:17:04.574000,0 days 01:18:03.393000,158.0,101.0,52.0,135.0,False,SOFT,14.0,False,Aston Martin,0 days 01:15:22.797000,2026-09-24 13:01:04.023,1,,,,False,False,FP2,44.6,29.3,54.4
0 days 01:21:30.894000,STR,18,,23.0,3.0,,,0 days 00:01:22.568000,0 days 00:00:54.943000,0 days 00:01:10.042000,0 days 01:19:26.011000,0 days 01:20:20.916000,0 days 01:21:31.550000,164.0,122.0,4.0,210.0,False,SOFT,15.0,False,Aston Martin,0 days 01:18:03.378000,2026-09-24 13:03:44.604,1,,,,False,False,FP2,44.6,29.3,54.4
0 days 01:23:53.712000,STR,18,0 days 00:02:22.818000,24.0,3.0,,0 days 01:23:52.295000,0 days 00:00:47.819000,0 days 00:00:58.710000,0 days 00:00:36.289000,0 days 01:22:18.713000,0 days 01:23:17.423000,0 days 01:23:53.712000,160.0,107.0,,260.0,False,SOFT,16.0,False,Aston Martin,0 days 01:21:30.894000,2026-09-24 13:07:12.120,1,,,,False,False,FP2,44.5,29.3,53.9
0 days 00:17:27.993000,ALB,23,,1.0,1.0,0 days 00:15:20.555000,,,0 days 00:00:53.876000,0 days 00:00:29.629000,,0 days 00:16:58.576000,0 days 00:17:28.193000,157.0,160.0,297.0,276.0,False,MEDIUM,1.0,True,Williams,0 days 00:15:20.555000,2026-09-24 12:01:01.781,1,,,,False,False,FP2,44.5,29.3,53.9
0 days 00:19:16.782000,ALB,23,0 days 00:01:48.789000,2.0,1.0,,,0 days 00:00:38.941000,0 days 00:00:44.323000,0 days 00:00:25.525000,0 days 00:18:06.934000,0 days 00:18:51.257000,0 days 00:19:16.782000,192.0,214.0,313.0,317.0,True,MEDIUM,2.0,True,Williams,0 days 00:17:27.993000,2026-09-24 12:03:09.219,1,,,,False,True,FP2,44.5,29.3,53.9
0 days 00:21:40.795000,ALB,23,0 days 00:02:24.013000,3.0,1.0,,,0 days 00:00:55.125000,0 days 00:00:59.702000,0 days 00:00:29.186000,0 days 00:20:11.907000,0 days 00:21:11.609000,0 days 00:21:40.795000,144.0,148.0,289.0,281.0,False,MEDIUM,3.0,True,Williams,0 days 00:19:16.782000,2026-09-24 12:04:58.008,1,,,,False,True,FP2,44.5,29.3,53.9
0 days 00:23:28.235000,ALB,23,0 days 00:01:47.440000,4.0,1.0,,,0 days 00:00:38.241000,0 days 00:00:43.925000,0 days 00:00:25.274000,0 days 00:22:19.036000,0 days 00:23:02.961000,0 days 00:23:28.235000,203.0,212.0,311.0,322.0,True,MEDIUM,4.0,True,Williams,0 days 00:21:40.795000,2026-09-24 12:07:22.021,1,,,,False,True,FP2,44.5,29.3,53.9
0 days 00:25:54.580000,ALB,23,0 days 00:02:26.345000,5.0,1.0,,,0 days 00:00:54.903000,0 days 00:01:01.466000,0 days 00:00:29.976000,0 days 00:24:23.138000,0 days 00:25:24.604000,0 days 00:25:54.580000,130.0,155.0,294.0,269.0,False,MEDIUM,5.0,True,Williams,0 days 00:23:28.235000,2026-09-24 12:09:09.461,1,,,,False,True,FP2,44.5,29.3,53.9
0 days 00:27:41.641000,ALB,23,0 days 00:01:47.061000,6.0,1.0,,,0 days 00:00:37.986000,0 days 00:00:43.838000,0 days 00:00:25.237000,0 days 00:26:32.566000,0 days 00:27:16.404000,0 days 00:27:41.641000,205.0,208.0,314.0,322.0,True,MEDIUM,6.0,True,Williams,0 days 00:25:54.580000,2026-09-24 12:11:35.806,1,,,,False,True,FP2,44.5,29.3,53.9
0 days 00:29:59.855000,ALB,23,0 days 00:02:18.214000,7.0,1.0,,,0 days 00:00:49.496000,0 days 00:00:59.648000,0 days 00:00:29.070000,0 days 00:28:31.137000,0 days 00:29:30.785000,0 days 00:29:59.855000,146.0,166.0,301.0,281.0,False,MEDIUM,7.0,True,Williams,0 days 00:27:41.641000,2026-09-24 12:13:22.867,1,,,,False,True,FP2,44.5,29.3,53.9
0 days 00:32:04.852000,ALB,23,0 days 00:02:04.997000,8.0,1.0,,0 days 00:32:03.521000,0 days 00:00:37.659000,0 days 00:00:52.521000,0 days 00:00:34.817000,0 days 00:30:37.514000,0 days 00:31:30.035000,0 days 00:32:04.852000,204.0,105.0,,295.0,False,MEDIUM,8.0,True,Williams,0 days 00:29:59.855000,2026-09-24 12:15:41.081,12,,,,False,False,FP2,44.5,29.3,53.9
0 days 00:46:04.322000,ALB,23,,9.0,2.0,0 days 00:43:46.025000,,,0 days 00:00:55.868000,0 days 00:00:30.115000,,0 days 00:45:34.264000,0 days 00:46:04.322000,161.0,145.0,304.0,281.0,False,SOFT,1.0,True,Williams,0 days 00:43:46.025000,2026-09-24 12:29:27.251,12,,,,False,False,FP2,44.5,29.3,53.9
0 days 00:47:50.445000,ALB,23,0 days 00:01:46.123000,10.0,2.0,,,0 days 00:00:37.867000,0 days 00:00:43.233000,0 days 00:00:25.023000,0 days 00:46:42.189000,0 days 00:47:25.422000,0 days 00:47:50.445000,209.0,215.0,314.0,326.0,True,SOFT,2.0,True,Williams,0 days 00:46:04.322000,2026-09-24 12:31:45.548,1,,,,False,True,FP2,44.5,29.3,53.9
0 days 00:50:22.476000,ALB,23,,11.0,2.0,,,0 days 00:00:57.543000,0 days 00:01:02.540000,0 days 00:00:32.003000,0 days 00:48:48.140000,0 days 00:49:50.550000,0 days 00:50:22.528000,151.0,69.0,303.0,244.0,False,SOFT,3.0,True,Williams,0 days 00:47:50.445000,2026-09-24 12:33:31.671,12,,,,False,False,FP2,44.4,29.4,54.4
0 days 00:52:28.933000,ALB,23,0 days 00:02:06.457000,12.0,2.0,,,0 days 00:00:40.048000,0 days 00:00:58.396000,0 days 00:00:28.013000,0 days 00:51:02.524000,0 days 00:52:00.920000,0 days 00:52:28.933000,135.0,175.0,325.0,293.0,False,SOFT,4.0,True,Williams,0 days 00:50:22.476000,2026-09-24 12:36:03.702,1,,,,False,True,FP2,44.4,29.4,54.4
0 days 00:54:31.190000,ALB,23,0 days 00:02:02.257000,13.0,2.0,,0 days 00:54:29.808000,0 days 00:00:37.408000,0 days 00:00:48.440000,0 days 00:00:36.409000,0 days 00:53:06.341000,0 days 00:53:54.781000,0 days 00:54:31.190000,207.0,164.0,,265.0,False,SOFT,5.0,True,Williams,0 days 00:52:28.933000,2026-09-24 12:38:10.159,1,,,,False,False,FP2,44.4,29.4,54.4
0 days 01:01:53.121000,ALB,23,,14.0,3.0,0 days 00:59:30.173000,,,0 days 00:00:48.129000,0 days 00:00:27.355000,,0 days 01:01:25.921000,0 days 01:01:53.178000,172.0,122.0,309.0,316.0,False,SOFT,6.0,False,Williams,0 days 00:54:31.190000,2026-09-24 12:40:12.416,12,,,,False,False,FP2,44.4,29.4,54.4
0 days 01:03:43.863000,ALB,23,0 days 00:01:50.742000,15.0,3.0,,,0 days 00:00:39.871000,0 days 00:00:44.932000,0 days 00:00:25.939000,0 days 01:02:32.992000,0 days 01:03:17.924000,0 days 01:03:43.863000,186.0,205.0,308.0,312.0,False,SOFT,7.0,False,Williams,0 days 01:01:53.121000,2026-09-24 12:47:34.347,1,,,,False,True,FP2,44.4,29.4,54.4
0 days 01:05:34.405000,ALB,23,0 days 00:01:50.542000,16.0,3.0,,,0 days 00:00:39.439000,0 days 00:00:45.255000,0 days 00:00:25.848000,0 days 01:04:23.302000,0 days 01:05:08.557000,0 days 01:05:34.405000,193.0,205.0,309.0,314.0,False,SOFT,8.0,False,Williams,0 days 01:03:43.863000,2026-09-24 12:49:25.089,12,,,,False,True,FP2,44.4,29.4,54.4
0 days 01:07:24.369000,ALB,23,0 days 00:01:49.964000,17.0,3.0,,,0 days 00:00:39.424000,0 days 00:00:44.745000,0 days 00:00:25.795000,0 days 01:06:13.829000,0 days 01:06:58.574000,0 days 01:07:24.369000,196.0,209.0,309.0,315.0,False,SOFT,9.0,False,Williams,0 days 01:05:34.405000,2026-09-24 12:51:15.631,1,,,,False,True,FP2,44.4,29.4,54.4
0 days 01:09:13.718000,ALB,23,0 days 00:01:49.349000,18.0,3.0,,,0 days 00:00:39.330000,0 days 00:00:44.666000,0 days 00:00:25.353000,0 days 01:08:03.699000,0 days 01:08:48.365000,0 days 01:09:13.718000,194.0,202.0,320.0,325.0,False,SOFT,10.0,False,Williams,0 days 01:07:24.369000,2026-09-24 12:53:05.595,1,,,,False,True,FP2,44.0,29.4,55.0
0 days 01:11:03.700000,ALB,23,0 days 00:01:49.982000,19.0,3.0,,,0 days 00:00:39.500000,0 days 00:00:45.244000,0 days 00:00:25.238000,0 days 01:09:53.218000,0 days 01:10:38.462000,0 days 01:11:03.700000,188.0,207.0,316.0,328.0,False,SOFT,11.0,False,Williams,0 days 01:09:13.718000,2026-09-24 12:54:54.944,1,,,,False,True,FP2,44.0,29.4,55.0
0 days 01:12:53.840000,ALB,23,0 days 00:01:50.140000,20.0,3.0,,,0 days 00:00:39.370000,0 days 00:00:45.138000,0 days 00:00:25.632000,0 days 01:11:43.070000,0 days 01:12:28.208000,0 days 01:12:53.840000,188.0,200.0,310.0,319.0,False,SOFT,12.0,False,Williams,0 days 01:11:03.700000,2026-09-24 12:56:44.926,12,,,,False,True,FP2,44.0,29.4,55.0
0 days 01:14:43.257000,ALB,23,0 days 00:01:49.417000,21.0,3.0,,,0 days 00:00:39.310000,0 days 00:00:44.810000,0 days 00:00:25.297000,0 days 01:13:33.150000,0 days 01:14:17.960000,0 days 01:14:43.257000,193.0,210.0,312.0,327.0,False,SOFT,13.0,False,Williams,0 days 01:12:53.840000,2026-09-24 12:58:35.066,1,,,,False,True,FP2,44.0,29.4,55.0
0 days 01:17:06.768000,ALB,23,0 days 00:02:23.511000,22.0,3.0,,,0 days 00:00:39.513000,0 days 00:00:59.571000,0 days 00:00:44.427000,0 days 01:15:22.770000,0 days 01:16:22.341000,0 days 01:17:06.768000,162.0,147.0,65.0,216.0,False,SOFT,14.0,False,Williams,0 days 01:14:43.257000,2026-09-24 13:00:24.483,1,,,,False,True,FP2,44.0,29.4,55.0
0 days 01:19:49.474000,ALB,23,,23.0,3.0,,,0 days 00:01:12.194000,0 days 00:00:48.176000,0 days 00:00:42.310000,0 days 01:18:19.163000,0 days 01:19:07.394000,0 days 01:19:49.474000,161.0,184.0,56.0,205.0,False,SOFT,15.0,False,Williams,0 days 01:17:06.768000,2026-09-24 13:02:47.994,1,,,,False,False,FP2,44.0,29.4,55.0
0 days 01:22:26.493000,ALB,23,,24.0,3.0,,0 days 01:22:25.090000,0 days 00:01:16.318000,0 days 00:00:46.781000,0 days 00:00:33.852000,0 days 01:21:05.860000,0 days 01:21:52.675000,0 days 01:22:26.512000,176.0,170.0,,285.0,False,SOFT,16.0,False,Williams,0 days 01:19:49.474000,2026-09-24 13:05:30.700,1,,,,False,False,FP2,44.0,29.4,55.0
0 days 00:21:17.404000,HUL,27,,1.0,1.0,0 days 00:19:15.603000,,,0 days 00:00:50.274000,0 days 00:00:30.588000,,0 days 00:20:46.974000,0 days 00:21:17.417000,168.0,173.0,303.0,234.0,False,MEDIUM,1.0,True,Audi,0 days 00:19:15.603000,2026-09-24 12:04:56.829,1,,,,False,False,FP2,44.0,29.4,55.0
0 days 00:23:04.849000,HUL,27,0 days 00:01:47.445000,2.0,1.0,,,0 days 00:00:38.342000,0 days 00:00:43.805000,0 days 00:00:25.298000,0 days 00:21:55.746000,0 days 00:22:39.551000,0 days 00:23:04.849000,203.0,207.0,309.0,322.0,True,MEDIUM,2.0,True,Audi,0 days 00:21:17.404000,2026-09-24 12:06:58.630,1,,,,False,True,FP2,44.0,29.4,55.0
0 days 00:25:23.200000,HUL,27,0 days 00:02:18.351000,3.0,1.0,,0 days 00:25:21.875000,0 days 00:00:50.562000,0 days 00:00:53.725000,0 days 00:00:34.064000,0 days 00:23:55.411000,0 days 00:24:49.136000,0 days 00:25:23.200000,128.0,152.0,,273.0,False,MEDIUM,3.0,True,Audi,0 days 00:23:04.849000,2026-09-24 12:08:46.075,1,,,,False,False,FP2,44.0,29.4,55.0
0 days 00:46:40.800000,HUL,27,,4.0,2.0,0 days 00:44:39.820000,,,0 days 00:00:46.979000,0 days 00:00:29.079000,,0 days 00:46:11.985000,0 days 00:46:40.963000,180.0,181.0,312.0,267.0,False,MEDIUM,4.0,False,Audi,0 days 00:44:39.820000,2026-09-24 12:30:21.046,12,,,,False,False,FP2,44.0,29.4,55.0
0 days 00:48:27.625000,HUL,27,0 days 00:01:46.825000,5.0,2.0,,,0 days 00:00:38.080000,0 days 00:00:43.563000,0 days 00:00:25.182000,0 days 00:47:18.880000,0 days 00:48:02.443000,0 days 00:48:27.625000,200.0,210.0,309.0,326.0,True,MEDIUM,5.0,False,Audi,0 days 00:46:40.800000,2026-09-24 12:32:22.026,12,,,,False,True,FP2,43.8,29.4,55.4
0 days 00:50:41.861000,HUL,27,0 days 00:02:14.236000,6.0,2.0,,,0 days 00:00:53.565000,0 days 00:00:52.237000,0 days 00:00:28.434000,0 days 00:49:21.190000,0 days 00:50:13.427000,0 days 00:50:41.861000,134.0,188.0,315.0,287.0,False,MEDIUM,6.0,False,Audi,0 days 00:48:27.625000,2026-09-24 12:34:08.851,1,,,,False,True,FP2,43.8,29.4,55.4
0 days 00:52:27.981000,HUL,27,0 days 00:01:46.120000,7.0,2.0,,,0 days 00:00:37.675000,0 days 00:00:43.159000,0 days 00:00:25.286000,0 days 00:51:19.536000,0 days 00:52:02.695000,0 days 00:52:27.981000,205.0,207.0,306.0,325.0,True,MEDIUM,7.0,False,Audi,0 days 00:50:41.861000,2026-09-24 12:36:23.087,1,,,,False,True,FP2,43.8,29.4,55.4
0 days 00:54:41.099000,HUL,27,0 days 00:02:13.118000,8.0,2.0,,0 days 00:54:39.790000,0 days 00:00:43.682000,0 days 00:00:55.363000,0 days 00:00:34.073000,0 days 00:53:11.663000,0 days 00:54:07.026000,0 days 00:54:41.099000,182.0,190.0,,274.0,False,MEDIUM,8.0,False,Audi,0 days 00:52:27.981000,2026-09-24 12:38:09.207,1,,,,False,False,FP2,43.8,29.4,55.4
0 days 00:57:02.491000,HUL,27,0 days 00:02:21.392000,9.0,3.0,0 days 00:55:02.213000,,0 days 00:00:59.823000,0 days 00:00:49.831000,0 days 00:00:31.738000,0 days 00:55:40.922000,0 days 00:56:30.753000,0 days 00:57:02.491000,163.0,131.0,309.0,253.0,False,SOFT,1.0,True,Audi,0 days 00:54:41.099000,2026-09-24 12:40:22.325,12,,,,False,False,FP2,43.8,29.4,55.4
0 days 00:58:48.448000,HUL,27,0 days 00:01:45.957000,10.0,3.0,,,0 days 00:00:37.562000,0 days 00:00:42.956000,0 days 00:00:25.439000,0 days 00:57:40.053000,0 days 00:58:23.009000,0 days 00:58:48.448000,206.0,211.0,302.0,315.0,True,SOFT,2.0,True,Audi,0 days 00:57:02.491000,2026-09-24 12:42:43.717,1,,,,False,True,FP2,43.8,29.4,55.4
0 days 01:01:08.579000,HUL,27,0 days 00:02:20.131000,11.0,3.0,,,0 days 00:00:53.638000,0 days 00:00:56.949000,0 days 00:00:29.544000,0 days 00:59:42.086000,0 days 01:00:39.035000,0 days 01:01:08.579000,124.0,162.0,311.0,282.0,False,SOFT,3.0,True,Audi,0 days 00:58:48.448000,2026-09-24 12:44:29.674,1,,,,False,True,FP2,43.8,29.4,55.4
0 days 01:02:54.433000,HUL,27,0 days 00:01:45.854000,12.0,3.0,,,0 days 00:00:37.671000,0 days 00:00:43.010000,0 days 00:00:25.173000,0 days 01:01:46.250000,0 days 01:02:29.260000,0 days 01:02:54.433000,206.0,211.0,309.0,324.0,True,SOFT,4.0,True,Audi,0 days 01:01:08.579000,2026-09-24 12:46:49.805,1,,,,False,True,FP2,43.8,29.4,55.4
0 days 01:04:58.928000,HUL,27,0 days 00:02:04.495000,13.0,3.0,,0 days 01:04:57.685000,0 days 00:00:41.874000,0 days 00:00:49.119000,0 days 00:00:33.502000,0 days 01:03:36.307000,0 days 01:04:25.426000,0 days 01:04:58.928000,182.0,162.0,,270.0,False,SOFT,5.0,True,Audi,0 days 01:02:54.433000,2026-09-24 12:48:35.659,12,,,,False,False,FP2,44.0,29.3,56.1
0 days 01:09:32.581000,HUL,27,,14.0,4.0,0 days 01:07:21.417000,,,0 days 00:00:46.207000,0 days 00:00:26.058000,,0 days 01:09:06.643000,0 days 01:09:32.628000,174.0,184.0,310.0,326.0,False,MEDIUM,9.0,False,Audi,0 days 01:04:58.928000,2026-09-24 12:50:40.154,1,,,,False,False,FP2,44.0,29.3,56.1
0 days 01:11:21.825000,HUL,27,0 days 00:01:49.244000,15.0,4.0,,,0 days 00:00:39.317000,0 days 00:00:44.341000,0 days 00:00:25.586000,0 days 01:10:11.898000,0 days 01:10:56.239000,0 days 01:11:21.825000,199.0,210.0,309.0,327.0,False,MEDIUM,10.0,False,Audi,0 days 01:09:32.581000,2026-09-24 12:55:13.807,1,,,,False,True,FP2,44.0,29.3,56.1
0 days 01:13:10.502000,HUL,27,0 days 00:01:48.677000,16.0,4.0,,,0 days 00:00:38.977000,0 days 00:00:44.052000,0 days 00:00:25.648000,0 days 01:12:00.802000,0 days 01:12:44.854000,0 days 01:13:10.502000,196.0,209.0,309.0,320.0,False,MEDIUM,11.0,False,Audi,0 days 01:11:21.825000,2026-09-24 12:57:03.051,12,,,,False,True,FP2,44.0,29.3,56.1
0 days 01:14:59.106000,HUL,27,0 days 00:01:48.604000,17.0,4.0,,,0 days 00:00:38.470000,0 days 00:00:43.953000,0 days 00:00:26.181000,0 days 01:13:48.972000,0 days 01:14:32.925000,0 days 01:14:59.106000,204.0,209.0,305.0,313.0,False,MEDIUM,12.0,False,Audi,0 days 01:13:10.502000,2026-09-24 12:58:51.728,1,,,,False,True,FP2,44.0,29.3,56.1
0 days 01:17:29.153000,HUL,27,,18.0,4.0,,,0 days 00:00:39.076000,0 days 00:00:56.049000,0 days 00:00:54.907000,0 days 01:15:38.333000,0 days 01:16:34.459000,0 days 01:17:29.153000,185.0,129.0,52.0,182.0,False,MEDIUM,13.0,False,Audi,0 days 01:14:59.106000,2026-09-24 13:00:40.332,1,,,,False,False,FP2,44.0,29.3,56.1
0 days 01:20:18.692000,HUL,27,,19.0,4.0,,,0 days 00:01:14.625000,0 days 00:00:49.093000,0 days 00:00:45.749000,0 days 01:18:43.887000,0 days 01:19:33.035000,0 days 01:20:18.692000,174.0,164.0,52.0,244.0,False,MEDIUM,14.0,False,Audi,0 days 01:17:29.153000,2026-09-24 13:03:10.379,1,,,,False,False,FP2,44.0,29.3,56.1
0 days 01:23:02.915000,HUL,27,,20.0,4.0,,0 days 01:23:01.578000,0 days 00:01:21.268000,0 days 00:00:48.719000,0 days 00:00:34.343000,0 days 01:21:39.980000,0 days 01:22:28.737000,0 days 01:23:02.915000,151.0,163.0,,238.0,False,MEDIUM,15.0,False,Audi,0 days 01:20:18.692000,2026-09-24 13:05:59.918,1,,,,False,False,FP2,44.0,29.3,56.1
0 days 00:16:52.100000,LAW,30,,1.0,1.0,0 days 00:14:32.658000,,,0 days 00:00:50.137000,0 days 00:00:28.552000,,0 days 00:16:23.806000,0 days 00:16:52.600000,156.0,179.0,314.0,290.0,False,MEDIUM,1.0,True,Racing Bulls,0 days 00:14:32.658000,2026-09-24 12:00:13.884,1,,,,False,False,FP2,44.0,29.3,56.3
0 days 00:18:39.354000,LAW,30,0 days 00:01:47.254000,2.0,1.0,,,0 days 00:00:38.095000,0 days 00:00:44.102000,0 days 00:00:25.057000,0 days 00:17:30.195000,0 days 00:18:14.297000,0 days 00:18:39.354000,197.0,203.0,312.0,326.0,True,MEDIUM,2.0,True,Racing Bulls,0 days 00:16:52.100000,2026-09-24 12:02:33.326,1,,,,False,True,FP2,44.0,29.3,56.3
0 days 00:20:56.675000,LAW,30,0 days 00:02:17.321000,3.0,1.0,,,0 days 00:00:57.317000,0 days 00:00:51.694000,0 days 00:00:28.310000,0 days 00:19:36.671000,0 days 00:20:28.365000,0 days 00:20:56.675000,142.0,187.0,315.0,292.0,False,MEDIUM,3.0,True,Racing Bulls,0 days 00:18:39.354000,2026-09-24 12:04:20.580,1,,,,False,True,FP2,44.0,29.3,56.3
0 days 00:23:11.520000,LAW,30,0 days 00:02:14.845000,4.0,1.0,,,0 days 00:00:51.910000,0 days 00:00:54.285000,0 days 00:00:28.650000,0 days 00:21:48.585000,0 days 00:22:42.870000,0 days 00:23:11.520000,162.0,148.0,317.0,293.0,False,MEDIUM,4.0,True,Racing Bulls,0 days 00:20:56.675000,2026-09-24 12:06:37.901,1,,,,False,True,FP2,44.0,29.3,56.3
0 days 00:24:57.895000,LAW,30,0 days 00:01:46.375000,5.0,1.0,,,0 days 00:00:37.710000,0 days 00:00:43.631000,0 days 00:00:25.034000,0 days 00:23:49.230000,0 days 00:24:32.861000,0 days 00:24:57.895000,198.0,215.0,313.0,326.0,True,MEDIUM,5.0,True,Racing Bulls,0 days 00:23:11.520000,2026-09-24 12:08:52.746,1,,,,False,True,FP2,44.0,29.3,56.3
0 days 00:27:20.972000,LAW,30,0 days 00:02:23.077000,6.0,1.0,,,0 days 00:00:50.480000,0 days 00:01:04.188000,0 days 00:00:28.409000,0 days 00:25:48.375000,0 days 00:26:52.563000,0 days 00:27:20.972000,135.0,167.0,315.0,291.0,False,MEDIUM,6.0,True,Racing Bulls,0 days 00:24:57.895000,2026-09-24 12:10:39.121,1,,,,False,True,FP2,44.0,29.3,56.3
0 days 00:29:33.356000,LAW,30,0 days 00:02:12.384000,7.0,1.0,,,0 days 00:00:50.678000,0 days 00:00:53.134000,0 days 00:00:28.572000,0 days 00:28:11.650000,0 days 00:29:04.784000,0 days 00:29:33.356000,154.0,166.0,315.0,291.0,False,MEDIUM,7.0,True,Racing Bulls,0 days 00:27:20.972000,2026-09-24 12:13:02.198,1,,,,False,True,FP2,44.0,29.3,56.3
0 days 00:31:19.630000,LAW,30,0 days 00:01:46.274000,8.0,1.0,,,0 days 00:00:37.762000,0 days 00:00:43.418000,0 days 00:00:25.094000,0 days 00:30:11.118000,0 days 00:30:54.536000,0 days 00:31:19.630000,204.0,204.0,310.0,325.0,True,MEDIUM,8.0,True,Racing Bulls,0 days 00:29:33.356000,2026-09-24 12:15:14.582,12,,,,False,True,FP2,44.0,29.3,56.3
0 days 00:43:49.665000,LAW,30,,9.0,1.0,,0 days 00:33:49.172000,0 days 00:00:48.022000,0 days 00:00:52.196000,,0 days 00:32:07.867000,0 days 00:33:00.195000,,153.0,165.0,,,False,MEDIUM,9.0,True,Racing Bulls,0 days 00:31:19.630000,2026-09-24 12:17:00.856,215,,,,False,False,FP2,44.0,29.3,56.3
0 days 00:46:09.028000,LAW,30,,10.0,2.0,0 days 00:43:49.665000,,,0 days 00:00:52.411000,0 days 00:00:30.835000,,0 days 00:45:38.424000,0 days 00:46:09.238000,176.0,123.0,313.0,284.0,False,SOFT,1.0,True,Racing Bulls,0 days 00:43:49.665000,2026-09-24 12:29:30.891,12,,,,False,False,FP2,44.0,29.3,56.3
0 days 00:47:55.320000,LAW,30,0 days 00:01:46.292000,11.0,2.0,,,0 days 00:00:37.513000,0 days 00:00:43.184000,0 days 00:00:25.595000,0 days 00:46:46.541000,0 days 00:47:29.725000,0 days 00:47:55.320000,197.0,203.0,310.0,322.0,False,SOFT,2.0,True,Racing Bulls,0 days 00:46:09.028000,2026-09-24 12:31:50.254,1,,,,False,True,FP2,44.0,29.3,56.3
0 days 00:50:16.697000,LAW,30,0 days 00:02:21.377000,12.0,2.0,,,0 days 00:00:52.696000,0 days 00:00:59.377000,0 days 00:00:29.304000,0 days 00:48:48.016000,0 days 00:49:47.393000,0 days 00:50:16.697000,155.0,183.0,320.0,260.0,False,SOFT,3.0,True,Racing Bulls,0 days 00:47:55.320000,2026-09-24 12:33:36.546,12,,,,False,True,FP2,43.8,29.2,55.7
0 days 00:52:02.378000,LAW,30,0 days 00:01:45.681000,13.0,2.0,,,0 days 00:00:37.343000,0 days 00:00:43.414000,0 days 00:00:24.924000,0 days 00:50:54.040000,0 days 00:51:37.454000,0 days 00:52:02.378000,202.0,207.0,315.0,328.0,True,SOFT,4.0,True,Racing Bulls,0 days 00:50:16.697000,2026-09-24 12:35:57.923,1,,,,False,True,FP2,43.8,29.2,55.7
0 days 00:54:10.581000,LAW,30,0 days 00:02:08.203000,14.0,2.0,,0 days 00:54:09.348000,0 days 00:00:47.532000,0 days 00:00:51.301000,0 days 00:00:29.370000,0 days 00:52:49.910000,0 days 00:53:41.211000,0 days 00:54:10.581000,171.0,164.0,,322.0,False,SOFT,5.0,True,Racing Bulls,0 days 00:52:02.378000,2026-09-24 12:37:43.604,1,,,,False,False,FP2,43.8,29.2,55.7
0 days 01:01:38.661000,LAW,30,,15.0,3.0,0 days 00:59:13.389000,,,0 days 00:00:46.975000,0 days 00:00:26.381000,,0 days 01:01:13.017000,0 days 01:01:38.678000,189.0,183.0,303.0,305.0,False,MEDIUM,10.0,False,Racing Bulls,0 days 00:54:10.581000,2026-09-24 12:39:51.807,12,,,,False,False,FP2,43.6,29.2,55.0
0 days 01:03:29.792000,LAW,30,0 days 00:01:51.131000,16.0,3.0,,,0 days 00:00:40.032000,0 days 00:00:45.372000,0 days 00:00:25.727000,0 days 01:02:18.693000,0 days 01:03:04.065000,0 days 01:03:29.792000,183.0,196.0,306.0,316.0,False,MEDIUM,11.0,False,Racing Bulls,0 days 01:01:38.661000,2026-09-24 12:47:19.887,1,,,,False,True,FP2,43.6,29.2,55.0
0 days 01:05:20.114000,LAW,30,0 days 00:01:50.322000,17.0,3.0,,,0 days 00:00:39.684000,0 days 00:00:45.407000,0 days 00:00:25.231000,0 days 01:04:09.476000,0 days 01:04:54.883000,0 days 01:05:20.114000,195.0,199.0,315.0,327.0,False,MEDIUM,12.0,False,Racing Bulls,0 days 01:03:29.792000,2026-09-24 12:49:11.018,12,,,,False,True,FP2,43.6,29.2,55.0
0 days 01:07:10.285000,LAW,30,0 days 00:01:50.171000,18.0,3.0,,,0 days 00:00:39.561000,0 days 00:00:45.442000,0 days 00:00:25.168000,0 days 01:05:59.675000,0 days 01:06:45.117000,0 days 01:07:10.285000,188.0,199.0,317.0,333.0,False,MEDIUM,13.0,False,Racing Bulls,0 days 01:05:20.114000,2026-09-24 12:51:01.340,1,,,,False,True,FP2,43.6,29.2,55.0
0 days 01:09:00.417000,LAW,30,0 days 00:01:50.132000,19.0,3.0,,,0 days 00:00:39.388000,0 days 00:00:45.547000,0 days 00:00:25.197000,0 days 01:07:49.673000,0 days 01:08:35.220000,0 days 01:09:00.417000,190.0,191.0,318.0,332.0,False,MEDIUM,14.0,False,Racing Bulls,0 days 01:07:10.285000,2026-09-24 12:52:51.511,1,,,,False,True,FP2,43.6,29.2,55.0
0 days 01:10:50.254000,LAW,30,0 days 00:01:49.837000,20.0,3.0,,,0 days 00:00:39.389000,0 days 00:00:45.259000,0 days 00:00:25.189000,0 days 01:09:39.806000,0 days 01:10:25.065000,0 days 01:10:50.254000,190.0,198.0,316.0,332.0,False,MEDIUM,15.0,False,Racing Bulls,0 days 01:09:00.417000,2026-09-24 12:54:41.643,1,,,,False,True,FP2,43.6,29.2,55.0
0 days 01:12:42.361000,LAW,30,0 days 00:01:52.107000,21.0,3.0,,,0 days 00:00:40.993000,0 days 00:00:45.746000,0 days 00:00:25.368000,0 days 01:11:31.247000,0 days 01:12:16.993000,0 days 01:12:42.361000,179.0,199.0,313.0,331.0,False,MEDIUM,16.0,False,Racing Bulls,0 days 01:10:50.254000,2026-09-24 12:56:31.480,12,,,,False,True,FP2,43.6,29.2,55.0
0 days 01:14:32.570000,LAW,30,0 days 00:01:50.209000,22.0,3.0,,,0 days 00:00:39.228000,0 days 00:00:45.355000,0 days 00:00:25.626000,0 days 01:13:21.589000,0 days 01:14:06.944000,0 days 01:14:32.570000,189.0,194.0,310.0,320.0,False,MEDIUM,17.0,False,Racing Bulls,0 days 01:12:42.361000,2026-09-24 12:58:23.587,1,,,,False,True,FP2,43.5,29.2,54.3
0 days 01:17:10.938000,LAW,30,,23.0,3.0,,,0 days 00:00:47.553000,0 days 00:01:04.808000,0 days 00:00:45.947000,0 days 01:15:20.208000,0 days 01:16:25.038000,0 days 01:17:10.938000,120.0,138.0,38.0,204.0,False,MEDIUM,18.0,False,Racing Bulls,0 days 01:14:32.570000,2026-09-24 13:00:13.796,1,,,,False,False,FP2,43.5,29.2,54.3
0 days 01:19:59.150000,LAW,30,,24.0,3.0,,,0 days 00:01:14.785000,0 days 00:00:51.634000,0 days 00:00:41.882000,0 days 01:18:25.893000,0 days 01:19:17.390000,0 days 01:19:59.150000,184.0,148.0,70.0,203.0,False,MEDIUM,19.0,False,Racing Bulls,0 days 01:17:10.938000,2026-09-24 13:02:52.164,1,,,,False,False,FP2,43.5,29.2,54.3
0 days 01:22:30.983000,LAW,30,,25.0,3.0,,0 days 01:22:29.352000,0 days 00:01:15.488000,0 days 00:00:45.607000,0 days 00:00:30.667000,0 days 01:21:14.804000,0 days 01:22:00.400000,0 days 01:22:30.983000,191.0,189.0,,307.0,False,MEDIUM,20.0,False,Racing Bulls,0 days 01:19:59.150000,2026-09-24 13:05:40.376,1,,,,False,False,FP2,43.5,29.2,54.3
0 days 00:17:02.436000,OCO,31,,1.0,1.0,0 days 00:14:44.805000,,,0 days 00:00:55.225000,0 days 00:00:29.626000,,0 days 00:16:33.120000,0 days 00:17:02.608000,150.0,147.0,304.0,284.0,False,MEDIUM,1.0,True,Haas F1 Team,0 days 00:14:44.805000,2026-09-24 12:00:26.031,1,,,,False,False,FP2,43.7,29.2,54.5
0 days 00:18:51.783000,OCO,31,0 days 00:01:49.347000,2.0,1.0,,,0 days 00:00:39.678000,0 days 00:00:44.324000,0 days 00:00:25.345000,0 days 00:17:42.114000,0 days 00:18:26.438000,0 days 00:18:51.783000,186.0,201.0,306.0,330.0,True,MEDIUM,2.0,True,Haas F1 Team,0 days 00:17:02.436000,2026-09-24 12:02:43.662,1,,,,False,True,FP2,43.7,29.2,54.5
0 days 00:21:07.280000,OCO,31,0 days 00:02:15.497000,3.0,1.0,,,0 days 00:00:51.458000,0 days 00:00:54.634000,0 days 00:00:29.405000,0 days 00:19:43.241000,0 days 00:20:37.875000,0 days 00:21:07.280000,150.0,95.0,307.0,287.0,False,MEDIUM,3.0,True,Haas F1 Team,0 days 00:18:51.783000,2026-09-24 12:04:33.009,1,,,,False,True,FP2,43.7,29.2,54.5
0 days 00:22:54.641000,OCO,31,0 days 00:01:47.361000,4.0,1.0,,,0 days 00:00:37.927000,0 days 00:00:43.889000,0 days 00:00:25.545000,0 days 00:21:45.207000,0 days 00:22:29.096000,0 days 00:22:54.641000,200.0,202.0,303.0,320.0,True,MEDIUM,4.0,True,Haas F1 Team,0 days 00:21:07.280000,2026-09-24 12:06:48.506,1,,,,False,True,FP2,43.7,29.2,54.5
0 days 00:25:16.686000,OCO,31,0 days 00:02:22.045000,5.0,1.0,,,0 days 00:00:55.448000,0 days 00:00:57.077000,0 days 00:00:29.520000,0 days 00:23:50.089000,0 days 00:24:47.166000,0 days 00:25:16.686000,129.0,106.0,306.0,286.0,False,MEDIUM,5.0,True,Haas F1 Team,0 days 00:22:54.641000,2026-09-24 12:08:35.867,1,,,,False,True,FP2,43.7,29.2,54.5
0 days 00:27:03.911000,OCO,31,0 days 00:01:47.225000,6.0,1.0,,,0 days 00:00:38.021000,0 days 00:00:43.784000,0 days 00:00:25.420000,0 days 00:25:54.707000,0 days 00:26:38.491000,0 days 00:27:03.911000,200.0,202.0,304.0,323.0,True,MEDIUM,6.0,True,Haas F1 Team,0 days 00:25:16.686000,2026-09-24 12:10:57.912,1,,,,False,True,FP2,43.7,29.2,54.5
0 days 00:29:26.724000,OCO,31,0 days 00:02:22.813000,7.0,1.0,,,0 days 00:00:52.221000,0 days 00:01:01.402000,0 days 00:00:29.190000,0 days 00:27:56.132000,0 days 00:28:57.534000,0 days 00:29:26.724000,141.0,162.0,315.0,284.0,False,MEDIUM,7.0,True,Haas F1 Team,0 days 00:27:03.911000,2026-09-24 12:12:45.137,1,,,,False,True,FP2,43.1,29.1,54.6
0 days 00:31:13.580000,OCO,31,0 days 00:01:46.856000,8.0,1.0,,,0 days 00:00:37.756000,0 days 00:00:43.462000,0 days 00:00:25.638000,0 days 00:30:04.480000,0 days 00:30:47.942000,0 days 00:31:13.580000,202.0,202.0,301.0,318.0,True,MEDIUM,8.0,True,Haas F1 Team,0 days 00:29:26.724000,2026-09-24 12:15:07.950,1,,,,False,True,FP2,43.1,29.1,54.6
0 days 00:43:38.921000,OCO,31,,9.0,1.0,,0 days 00:33:40.885000,0 days 00:00:50.110000,0 days 00:00:54.695000,,0 days 00:32:03.960000,0 days 00:32:58.679000,,144.0,163.0,,,False,MEDIUM,9.0,True,Haas F1 Team,0 days 00:31:13.580000,2026-09-24 12:16:54.806,125,,,,False,False,FP2,43.1,29.1,54.6
0 days 00:45:59.450000,OCO,31,,10.0,2.0,0 days 00:43:38.921000,,,0 days 00:00:53.687000,0 days 00:00:31.335000,,0 days 00:45:28.404000,0 days 00:45:59.590000,154.0,100.0,306.0,283.0,False,SOFT,1.0,True,Haas F1 Team,0 days 00:43:38.921000,2026-09-24 12:29:20.147,12,,,,False,False,FP2,43.1,29.1,54.6
0 days 00:47:45.330000,OCO,31,0 days 00:01:45.880000,11.0,2.0,,,0 days 00:00:37.561000,0 days 00:00:43.149000,0 days 00:00:25.170000,0 days 00:46:37.011000,0 days 00:47:20.160000,0 days 00:47:45.330000,194.0,203.0,312.0,322.0,True,SOFT,2.0,True,Haas F1 Team,0 days 00:45:59.450000,2026-09-24 12:31:40.676,1,,,,False,True,FP2,43.5,29.1,54.7
0 days 00:50:08.474000,OCO,31,0 days 00:02:23.144000,12.0,2.0,,,0 days 00:00:52.774000,0 days 00:00:59.865000,0 days 00:00:30.505000,0 days 00:48:38.104000,0 days 00:49:37.969000,0 days 00:50:08.474000,140.0,71.0,309.0,287.0,False,SOFT,3.0,True,Haas F1 Team,0 days 00:47:45.330000,2026-09-24 12:33:26.556,12,,,,False,True,FP2,43.5,29.1,54.7
0 days 00:51:53.764000,OCO,31,0 days 00:01:45.290000,13.0,2.0,,,0 days 00:00:37.086000,0 days 00:00:43.045000,0 days 00:00:25.159000,0 days 00:50:45.560000,0 days 00:51:28.605000,0 days 00:51:53.764000,207.0,205.0,304.0,324.0,True,SOFT,4.0,True,Haas F1 Team,0 days 00:50:08.474000,2026-09-24 12:35:49.700,1,,,,False,True,FP2,43.5,29.1,54.7
0 days 00:54:28.949000,OCO,31,,14.0,2.0,,0 days 00:54:27.616000,0 days 00:01:01.143000,0 days 00:00:59.779000,0 days 00:00:34.117000,0 days 00:52:55.299000,0 days 00:53:55.001000,0 days 00:54:28.949000,148.0,75.0,,282.0,False,SOFT,5.0,True,Haas F1 Team,0 days 00:51:53.764000,2026-09-24 12:37:34.990,1,,,,False,False,FP2,43.5,29.1,54.7
0 days 01:02:43.873000,OCO,31,,15.0,3.0,0 days 00:59:39.435000,,,0 days 00:00:46.695000,0 days 00:00:26.544000,,0 days 01:02:17.538000,0 days 01:02:43.893000,177.0,188.0,298.0,307.0,False,SOFT,6.0,False,Haas F1 Team,0 days 00:54:28.949000,2026-09-24 12:40:10.175,12,,,,False,False,FP2,43.2,29.1,55.2
0 days 01:05:08.148000,OCO,31,0 days 00:02:24.275000,16.0,3.0,,,0 days 00:00:40.035000,0 days 00:01:17.564000,0 days 00:00:26.676000,0 days 01:03:23.908000,0 days 01:04:41.472000,0 days 01:05:08.148000,182.0,165.0,304.0,315.0,False,SOFT,7.0,False,Haas F1 Team,0 days 01:02:43.873000,2026-09-24 12:48:25.099,12,,,,False,True,FP2,43.2,29.1,55.2
0 days 01:06:58.176000,OCO,31,0 days 00:01:50.028000,17.0,3.0,,,0 days 00:00:39.581000,0 days 00:00:44.879000,0 days 00:00:25.568000,0 days 01:05:47.729000,0 days 01:06:32.608000,0 days 01:06:58.176000,190.0,198.0,308.0,325.0,False,SOFT,8.0,False,Haas F1 Team,0 days 01:05:08.148000,2026-09-24 12:50:49.374,1,,,,False,True,FP2,43.2,29.1,55.2
0 days 01:08:47.677000,OCO,31,0 days 00:01:49.501000,18.0,3.0,,,0 days 00:00:39.338000,0 days 00:00:44.669000,0 days 00:00:25.494000,0 days 01:07:37.514000,0 days 01:08:22.183000,0 days 01:08:47.677000,192.0,205.0,310.0,325.0,False,SOFT,9.0,False,Haas F1 Team,0 days 01:06:58.176000,2026-09-24 12:52:39.402,1,,,,False,True,FP2,43.2,29.1,55.2
0 days 01:10:37.511000,OCO,31,0 days 00:01:49.834000,19.0,3.0,,,0 days 00:00:39.436000,0 days 00:00:44.798000,0 days 00:00:25.600000,0 days 01:09:27.113000,0 days 01:10:11.911000,0 days 01:10:37.511000,188.0,199.0,314.0,334.0,False,SOFT,10.0,False,Haas F1 Team,0 days 01:08:47.677000,2026-09-24 12:54:28.903,1,,,,False,True,FP2,43.2,29.1,55.2
0 days 01:12:28.562000,OCO,31,0 days 00:01:51.051000,20.0,3.0,,,0 days 00:00:40.270000,0 days 00:00:45.236000,0 days 00:00:25.545000,0 days 01:11:17.781000,0 days 01:12:03.017000,0 days 01:12:28.562000,184.0,196.0,318.0,336.0,False,SOFT,11.0,False,Haas F1 Team,0 days 01:10:37.511000,2026-09-24 12:56:18.737,12,,,,False,True,FP2,43.1,29.0,54.9
0 days 01:14:18.890000,OCO,31,0 days 00:01:50.328000,21.0,3.0,,,0 days 00:00:39.353000,0 days 00:00:45.206000,0 days 00:00:25.769000,0 days 01:13:07.915000,0 days 01:13:53.121000,0 days 01:14:18.890000,187.0,187.0,320.0,331.0,False,SOFT,12.0,False,Haas F1 Team,0 days 01:12:28.562000,2026-09-24 12:58:09.788,21,,,,False,True,FP2,43.1,29.0,54.9
0 days 01:16:25.439000,OCO,31,0 days 00:02:06.549000,22.0,3.0,,,0 days 00:00:48.894000,0 days 00:00:51.600000,0 days 00:00:26.055000,0 days 01:15:07.784000,0 days 01:15:59.384000,0 days 01:16:25.439000,147.0,184.0,309.0,326.0,False,SOFT,13.0,False,Haas F1 Team,0 days 01:14:18.890000,2026-09-24 13:00:00.116,1,,,,False,True,FP2,43.1,29.0,54.9
0 days 01:18:48.972000,OCO,31,0 days 00:02:23.533000,23.0,3.0,,,0 days 00:00:42.600000,0 days 00:00:51.907000,0 days 00:00:49.026000,0 days 01:17:08.039000,0 days 01:17:59.946000,0 days 01:18:48.972000,162.0,142.0,69.0,166.0,False,SOFT,14.0,False,Haas F1 Team,0 days 01:16:25.439000,2026-09-24 13:02:06.665,1,,,,False,True,FP2,43.1,29.0,54.9
0 days 01:21:46.651000,OCO,31,,24.0,3.0,,,0 days 00:01:25.584000,0 days 00:00:46.274000,0 days 00:00:45.776000,0 days 01:20:14.661000,0 days 01:21:01.078000,0 days 01:21:46.651000,178.0,189.0,45.0,168.0,False,SOFT,15.0,False,Haas F1 Team,0 days 01:18:48.972000,2026-09-24 13:04:30.198,1,,,,False,False,FP2,43.0,29.1,54.4
0 days 01:24:35.892000,OCO,31,,25.0,3.0,,0 days 01:24:34.458000,0 days 00:01:26.594000,0 days 00:00:50.377000,0 days 00:00:32.303000,0 days 01:23:13.321000,0 days 01:24:03.726000,0 days 01:24:35.892000,156.0,174.0,,281.0,False,SOFT,16.0,False,Haas F1 Team,0 days 01:21:46.651000,2026-09-24 13:07:27.877,1,,,,False,False,FP2,43.0,29.1,54.4
0 days 00:27:39.676000,LIN,41,,1.0,1.0,0 days 00:25:29.639000,,,0 days 00:00:57.754000,0 days 00:00:29.103000,,0 days 00:27:10.793000,0 days 00:27:39.833000,157.0,171.0,312.0,270.0,False,MEDIUM,1.0,True,Racing Bulls,0 days 00:25:29.639000,2026-09-24 12:11:10.865,1,,,,False,False,FP2,43.0,29.1,54.4
0 days 00:29:26.067000,LIN,41,0 days 00:01:46.391000,2.0,1.0,,,0 days 00:00:37.952000,0 days 00:00:43.601000,0 days 00:00:24.838000,0 days 00:28:17.628000,0 days 00:29:01.229000,0 days 00:29:26.067000,186.0,205.0,314.0,331.0,True,MEDIUM,2.0,True,Racing Bulls,0 days 00:27:39.676000,2026-09-24 12:13:20.902,1,,,,False,True,FP2,43.0,29.1,54.4
0 days 00:31:57.354000,LIN,41,,3.0,1.0,,,0 days 00:00:59.761000,0 days 00:01:02.269000,0 days 00:00:29.132000,0 days 00:30:26.082000,0 days 00:31:28.386000,0 days 00:31:57.354000,171.0,178.0,310.0,266.0,False,MEDIUM,3.0,True,Racing Bulls,0 days 00:29:26.067000,2026-09-24 12:15:07.293,12,,,,False,False,FP2,43.0,29.1,54.4
0 days 00:42:29.337000,LIN,41,,4.0,1.0,,0 days 00:42:29.337000,0 days 00:00:37.460000,,,0 days 00:32:34.944000,,,188.0,,,,False,MEDIUM,4.0,True,Racing Bulls,0 days 00:31:57.354000,2026-09-24 12:17:38.580,125,,,,False,False,FP2,43.0,29.1,54.4
0 days 00:17:15.909000,COL,43,,1.0,1.0,0 days 00:14:29.318000,,,0 days 00:00:55.610000,0 days 00:00:28.412000,,0 days 00:16:47.822000,0 days 00:17:16.430000,147.0,174.0,317.0,288.0,False,HARD,1.0,True,Alpine,0 days 00:14:29.318000,2026-09-24 12:00:10.544,1,,,,False,False,FP2,43.0,29.1,54.4
0 days 00:19:04.700000,COL,43,0 days 00:01:48.791000,2.0,1.0,,,0 days 00:00:38.837000,0 days 00:00:44.400000,0 days 00:00:25.554000,0 days 00:17:54.746000,0 days 00:18:39.146000,0 days 00:19:04.700000,188.0,208.0,308.0,316.0,True,HARD,2.0,True,Alpine,0 days 00:17:15.909000,2026-09-24 12:02:57.135,1,,,,False,True,FP2,43.0,29.1,54.4
0 days 00:21:20.402000,COL,43,0 days 00:02:15.702000,3.0,1.0,,,0 days 00:00:50.487000,0 days 00:00:56.413000,0 days 00:00:28.802000,0 days 00:19:55.187000,0 days 00:20:51.600000,0 days 00:21:20.402000,160.0,170.0,315.0,285.0,False,HARD,3.0,True,Alpine,0 days 00:19:04.700000,2026-09-24 12:04:45.926,1,,,,False,True,FP2,43.0,29.1,54.4
0 days 00:23:07.500000,COL,43,0 days 00:01:47.098000,4.0,1.0,,,0 days 00:00:37.991000,0 days 00:00:43.873000,0 days 00:00:25.234000,0 days 00:21:58.393000,0 days 00:22:42.266000,0 days 00:23:07.500000,197.0,211.0,313.0,323.0,True,HARD,4.0,True,Alpine,0 days 00:21:20.402000,2026-09-24 12:07:01.628,1,,,,False,True,FP2,43.0,29.1,54.4
0 days 00:25:45.630000,COL,43,,5.0,1.0,,,0 days 00:01:05.048000,0 days 00:01:04.075000,0 days 00:00:28.856000,0 days 00:24:12.883000,0 days 00:25:16.923000,0 days 00:25:45.669000,90.0,179.0,310.0,282.0,False,HARD,5.0,True,Alpine,0 days 00:23:07.500000,2026-09-24 12:08:48.726,1,,,,False,False,FP2,43.0,29.1,54.4
0 days 00:27:32.413000,COL,43,0 days 00:01:46.783000,6.0,1.0,,,0 days 00:00:38.002000,0 days 00:00:43.577000,0 days 00:00:25.204000,0 days 00:26:23.632000,0 days 00:27:07.209000,0 days 00:27:32.413000,204.0,208.0,309.0,324.0,True,HARD,6.0,True,Alpine,0 days 00:25:45.630000,2026-09-24 12:11:26.856,1,,,,False,True,FP2,42.5,29.0,54.7
0 days 00:29:50.758000,COL,43,0 days 00:02:18.345000,7.0,1.0,,0 days 00:29:49.370000,0 days 00:00:49.233000,0 days 00:00:56.945000,0 days 00:00:32.167000,0 days 00:28:21.646000,0 days 00:29:18.591000,0 days 00:29:50.758000,153.0,151.0,,293.0,False,HARD,7.0,True,Alpine,0 days 00:27:32.413000,2026-09-24 12:13:13.639,1,,,,False,False,FP2,42.5,29.0,54.7
0 days 00:45:28.778000,COL,43,,8.0,2.0,0 days 00:43:28.814000,,,0 days 00:00:49.492000,0 days 00:00:28.856000,,0 days 00:45:00.050000,0 days 00:45:28.961000,174.0,164.0,242.0,286.0,False,SOFT,1.0,True,Alpine,0 days 00:43:28.814000,2026-09-24 12:29:10.040,12,,,,False,False,FP2,42.5,29.0,54.7
0 days 00:47:38.239000,COL,43,0 days 00:02:09.461000,9.0,2.0,,,0 days 00:00:48.871000,0 days 00:00:52.266000,0 days 00:00:28.324000,0 days 00:46:17.649000,0 days 00:47:09.915000,0 days 00:47:38.239000,157.0,185.0,315.0,289.0,False,SOFT,2.0,True,Alpine,0 days 00:45:28.778000,2026-09-24 12:31:10.004,21,,,,False,True,FP2,42.5,29.0,54.7
0 days 00:49:24.319000,COL,43,0 days 00:01:46.080000,10.0,2.0,,,0 days 00:00:37.595000,0 days 00:00:43.292000,0 days 00:00:25.193000,0 days 00:48:15.834000,0 days 00:48:59.126000,0 days 00:49:24.319000,207.0,216.0,309.0,321.0,True,SOFT,3.0,True,Alpine,0 days 00:47:38.239000,2026-09-24 12:33:19.465,12,,,,False,True,FP2,42.5,29.0,54.7
0 days 00:51:58.847000,COL,43,,11.0,2.0,,,0 days 00:01:00.361000,0 days 00:01:06.353000,0 days 00:00:27.753000,0 days 00:50:24.866000,0 days 00:51:31.164000,0 days 00:51:58.873000,110.0,178.0,334.0,300.0,False,SOFT,4.0,True,Alpine,0 days 00:49:24.319000,2026-09-24 12:35:05.545,1,,,,False,False,FP2,42.5,29.0,54.7
0 days 00:54:17.617000,COL,43,0 days 00:02:18.770000,12.0,2.0,,,0 days 00:00:53.694000,0 days 00:00:56.955000,0 days 00:00:28.121000,0 days 00:52:52.541000,0 days 00:53:49.496000,0 days 00:54:17.617000,155.0,175.0,318.0,292.0,False,SOFT,5.0,True,Alpine,0 days 00:51:58.847000,2026-09-24 12:37:40.073,1,,,,False,True,FP2,42.5,29.0,54.7
0 days 00:56:03.096000,COL,43,0 days 00:01:45.479000,13.0,2.0,,,0 days 00:00:37.516000,0 days 00:00:42.867000,0 days 00:00:25.096000,0 days 00:54:55.133000,0 days 00:55:38,0 days 00:56:03.096000,206.0,208.0,310.0,320.0,True,SOFT,6.0,True,Alpine,0 days 00:54:17.617000,2026-09-24 12:39:58.843,12,,,,False,True,FP2,42.5,29.0,54.7
0 days 00:58:05.574000,COL,43,0 days 00:02:02.478000,14.0,2.0,,0 days 00:58:04.144000,0 days 00:00:42.494000,0 days 00:00:48.600000,0 days 00:00:31.384000,0 days 00:56:45.590000,0 days 00:57:34.190000,0 days 00:58:05.574000,168.0,187.0,,288.0,False,SOFT,7.0,True,Alpine,0 days 00:56:03.096000,2026-09-24 12:41:44.322,1,,,,False,False,FP2,42.5,29.1,54.1
0 days 01:05:24.667000,COL,43,,15.0,3.0,0 days 01:02:32.710000,,,0 days 00:00:46.008000,0 days 00:00:25.627000,,0 days 01:04:59.201000,0 days 01:05:24.667000,175.0,196.0,312.0,321.0,False,HARD,8.0,False,Alpine,0 days 00:58:05.574000,2026-09-24 12:43:46.800,12,,,,False,False,FP2,42.5,29.1,54.1
0 days 01:07:14.250000,COL,43,0 days 00:01:49.583000,16.0,3.0,,,0 days 00:00:39.391000,0 days 00:00:44.809000,0 days 00:00:25.383000,0 days 01:06:04.058000,0 days 01:06:48.867000,0 days 01:07:14.250000,190.0,201.0,315.0,325.0,False,HARD,9.0,False,Alpine,0 days 01:05:24.667000,2026-09-24 12:51:05.893,1,,,,False,True,FP2,42.5,29.1,54.1
0 days 01:09:03.323000,COL,43,0 days 00:01:49.073000,17.0,3.0,,,0 days 00:00:39.204000,0 days 00:00:44.599000,0 days 00:00:25.270000,0 days 01:07:53.454000,0 days 01:08:38.053000,0 days 01:09:03.323000,190.0,197.0,316.0,324.0,False,HARD,10.0,False,Alpine,0 days 01:07:14.250000,2026-09-24 12:52:55.476,1,,,,False,True,FP2,42.5,29.1,54.1
0 days 01:10:52.004000,COL,43,0 days 00:01:48.681000,18.0,3.0,,,0 days 00:00:38.964000,0 days 00:00:44.562000,0 days 00:00:25.155000,0 days 01:09:42.287000,0 days 01:10:26.849000,0 days 01:10:52.004000,191.0,200.0,320.0,329.0,False,HARD,11.0,False,Alpine,0 days 01:09:03.323000,2026-09-24 12:54:44.549,1,,,,False,True,FP2,42.5,29.1,54.1
0 days 01:12:43.629000,COL,43,0 days 00:01:51.625000,19.0,3.0,,,0 days 00:00:39.966000,0 days 00:00:45.813000,0 days 00:00:25.846000,0 days 01:11:31.970000,0 days 01:12:17.783000,0 days 01:12:43.629000,174.0,193.0,315.0,315.0,False,HARD,12.0,False,Alpine,0 days 01:10:52.004000,2026-09-24 12:56:33.230,12,,,,False,True,FP2,42.5,29.1,54.1
0 days 01:14:32.833000,COL,43,0 days 00:01:49.204000,20.0,3.0,,,0 days 00:00:39.156000,0 days 00:00:45.014000,0 days 00:00:25.034000,0 days 01:13:22.785000,0 days 01:14:07.799000,0 days 01:14:32.833000,193.0,201.0,331.0,332.0,False,HARD,13.0,False,Alpine,0 days 01:12:43.629000,2026-09-24 12:58:24.855,1,,,,False,True,FP2,42.5,29.1,54.1
0 days 01:16:53.717000,COL,43,0 days 00:02:20.884000,21.0,3.0,,,0 days 00:00:42.624000,0 days 00:00:48.166000,0 days 00:00:50.094000,0 days 01:15:15.457000,0 days 01:16:03.623000,0 days 01:16:53.717000,180.0,187.0,62.0,203.0,False,HARD,14.0,False,Alpine,0 days 01:14:32.833000,2026-09-24 13:00:14.059,1,,,,False,True,FP2,42.5,29.1,54.1
0 days 01:19:38.238000,COL,43,,22.0,3.0,,,0 days 00:01:10.179000,0 days 00:00:47.968000,0 days 00:00:46.402000,0 days 01:18:03.974000,0 days 01:18:51.998000,0 days 01:19:38.396000,188.0,165.0,63.0,199.0,False,HARD,15.0,False,Alpine,0 days 01:16:53.717000,2026-09-24 13:02:34.943,1,,,,False,False,FP2,42.5,29.1,54.1
0 days 01:22:04.979000,COL,43,0 days 00:02:26.741000,23.0,3.0,,0 days 01:22:03.677000,0 days 00:01:12.629000,0 days 00:00:44.907000,0 days 00:00:29.205000,0 days 01:20:50.867000,0 days 01:21:35.774000,0 days 01:22:04.979000,189.0,201.0,,313.0,False,HARD,16.0,False,Alpine,0 days 01:19:38.238000,2026-09-24 13:05:19.464,1,,,,False,False,FP2,42.5,29.1,54.1
0 days 00:20:35.909000,HAM,44,,1.0,1.0,0 days 00:18:30.789000,,,0 days 00:00:48.761000,0 days 00:00:26.784000,,0 days 00:20:09.450000,0 days 00:20:36.046000,172.0,189.0,300.0,305.0,False,MEDIUM,1.0,True,Ferrari,0 days 00:18:30.789000,2026-09-24 12:04:12.015,1,,,,False,False,FP2,42.5,29.1,54.1
0 days 00:22:39.911000,HAM,44,0 days 00:02:04.002000,2.0,1.0,,,0 days 00:00:41.892000,0 days 00:00:52.253000,0 days 00:00:29.857000,0 days 00:21:17.801000,0 days 00:22:10.054000,0 days 00:22:39.911000,185.0,188.0,312.0,287.0,True,MEDIUM,2.0,True,Ferrari,0 days 00:20:35.909000,2026-09-24 12:06:17.135,1,,,,False,True,FP2,42.3,29.1,54.2
0 days 00:24:26.310000,HAM,44,0 days 00:01:46.399000,3.0,1.0,,,0 days 00:00:37.522000,0 days 00:00:43.448000,0 days 00:00:25.429000,0 days 00:23:17.433000,0 days 00:24:00.881000,0 days 00:24:26.310000,206.0,206.0,306.0,321.0,True,MEDIUM,3.0,True,Ferrari,0 days 00:22:39.911000,2026-09-24 12:08:21.137,1,,,,False,True,FP2,42.3,29.1,54.2
0 days 00:26:37.647000,HAM,44,0 days 00:02:11.337000,4.0,1.0,,,0 days 00:00:50.013000,0 days 00:00:51.265000,0 days 00:00:30.059000,0 days 00:25:16.323000,0 days 00:26:07.588000,0 days 00:26:37.647000,156.0,184.0,313.0,288.0,False,MEDIUM,4.0,True,Ferrari,0 days 00:24:26.310000,2026-09-24 12:10:07.536,1,,,,False,True,FP2,42.3,29.1,54.2
0 days 00:28:48.136000,HAM,44,0 days 00:02:10.489000,5.0,1.0,,,0 days 00:00:48.785000,0 days 00:00:52.730000,0 days 00:00:28.974000,0 days 00:27:26.432000,0 days 00:28:19.162000,0 days 00:28:48.136000,177.0,187.0,314.0,285.0,False,MEDIUM,5.0,True,Ferrari,0 days 00:26:37.647000,2026-09-24 12:12:18.873,1,,,,False,True,FP2,42.3,29.1,54.2
0 days 00:30:33.385000,HAM,44,0 days 00:01:45.249000,6.0,1.0,,,0 days 00:00:37.092000,0 days 00:00:43.144000,0 days 00:00:25.013000,0 days 00:29:25.228000,0 days 00:30:08.372000,0 days 00:30:33.385000,201.0,213.0,310.0,328.0,True,MEDIUM,6.0,True,Ferrari,0 days 00:28:48.136000,2026-09-24 12:14:29.362,1,,,,False,True,FP2,42.3,29.1,54.2
0 days 00:32:38.434000,HAM,44,0 days 00:02:05.049000,7.0,1.0,,,0 days 00:00:48.469000,0 days 00:00:47.936000,0 days 00:00:28.644000,0 days 00:31:21.854000,0 days 00:32:09.790000,0 days 00:32:38.434000,174.0,185.0,311.0,285.0,False,MEDIUM,7.0,True,Ferrari,0 days 00:30:33.385000,2026-09-24 12:16:14.611,12,,,,False,True,FP2,42.3,29.1,54.2
0 days 00:45:36.684000,HAM,44,,8.0,1.0,,0 days 00:35:13.025000,,,,,,,,,,,False,MEDIUM,8.0,True,Ferrari,0 days 00:32:38.434000,2026-09-24 12:18:19.660,215,,,,False,False,FP2,42.3,29.1,54.2
0 days 00:47:56.684000,HAM,44,,9.0,2.0,0 days 00:45:36.684000,,,0 days 00:00:50.693000,0 days 00:00:28.970000,,0 days 00:47:27.961000,0 days 00:47:56.747000,72.0,182.0,305.0,281.0,False,SOFT,1.0,True,Ferrari,0 days 00:45:36.684000,2026-09-24 12:31:17.910,21,,,,False,False,FP2,42.3,29.1,54.2
0 days 00:50:13.571000,HAM,44,0 days 00:02:16.887000,10.0,2.0,,,0 days 00:00:47.677000,0 days 00:00:56.050000,0 days 00:00:33.160000,0 days 00:48:44.361000,0 days 00:49:40.411000,0 days 00:50:13.571000,84.0,164.0,312.0,283.0,False,SOFT,2.0,True,Ferrari,0 days 00:47:56.684000,2026-09-24 12:33:37.910,12,,,,False,True,FP2,42.1,29.2,54.3
0 days 00:51:58.236000,HAM,44,0 days 00:01:44.665000,11.0,2.0,,,0 days 00:00:36.845000,0 days 00:00:42.832000,0 days 00:00:24.988000,0 days 00:50:50.416000,0 days 00:51:33.248000,0 days 00:51:58.236000,209.0,210.0,312.0,330.0,True,SOFT,3.0,True,Ferrari,0 days 00:50:13.571000,2026-09-24 12:35:54.797,1,,,,False,True,FP2,42.1,29.2,54.3
0 days 00:54:04.763000,HAM,44,0 days 00:02:06.527000,12.0,2.0,,,0 days 00:00:48.737000,0 days 00:00:48.422000,0 days 00:00:29.368000,0 days 00:52:46.973000,0 days 00:53:35.395000,0 days 00:54:04.763000,168.0,202.0,309.0,281.0,False,SOFT,4.0,True,Ferrari,0 days 00:51:58.236000,2026-09-24 12:37:39.462,1,,,,False,True,FP2,42.1,29.2,54.3
0 days 00:55:49.472000,HAM,44,0 days 00:01:44.709000,13.0,2.0,,,0 days 00:00:36.969000,0 days 00:00:42.695000,0 days 00:00:25.045000,0 days 00:54:41.732000,0 days 00:55:24.427000,0 days 00:55:49.472000,212.0,215.0,309.0,327.0,False,SOFT,5.0,True,Ferrari,0 days 00:54:04.763000,2026-09-24 12:39:45.989,12,,,,False,True,FP2,42.1,29.2,54.3
0 days 00:57:51.448000,HAM,44,0 days 00:02:01.976000,14.0,2.0,,0 days 00:57:50.159000,0 days 00:00:42.143000,0 days 00:00:47.479000,0 days 00:00:32.354000,0 days 00:56:31.615000,0 days 00:57:19.094000,0 days 00:57:51.448000,187.0,184.0,,277.0,False,SOFT,6.0,True,Ferrari,0 days 00:55:49.472000,2026-09-24 12:41:30.698,1,,,,False,False,FP2,42.1,29.2,54.3
0 days 01:06:37.189000,HAM,44,,15.0,3.0,0 days 01:04:17.423000,,,0 days 00:00:46.600000,0 days 00:00:26,,0 days 01:06:11.379000,0 days 01:06:37.326000,172.0,173.0,311.0,324.0,False,SOFT,7.0,False,Ferrari,0 days 00:57:51.448000,2026-09-24 12:43:32.674,12,,,,False,False,FP2,42.1,29.2,54.3
0 days 01:08:26.903000,HAM,44,0 days 00:01:49.714000,16.0,3.0,,,0 days 00:00:39.440000,0 days 00:00:44.791000,0 days 00:00:25.483000,0 days 01:07:16.629000,0 days 01:08:01.420000,0 days 01:08:26.903000,189.0,212.0,312.0,326.0,False,SOFT,8.0,False,Ferrari,0 days 01:06:37.189000,2026-09-24 12:52:18.415,1,,,,False,True,FP2,42.1,29.2,54.3
0 days 01:10:16.228000,HAM,44,0 days 00:01:49.325000,17.0,3.0,,,0 days 00:00:39.337000,0 days 00:00:44.513000,0 days 00:00:25.475000,0 days 01:09:06.240000,0 days 01:09:50.753000,0 days 01:10:16.228000,195.0,208.0,311.0,325.0,False,SOFT,9.0,False,Ferrari,0 days 01:08:26.903000,2026-09-24 12:54:08.129,1,,,,False,True,FP2,42.1,29.2,54.3
0 days 01:12:05.367000,HAM,44,0 days 00:01:49.139000,18.0,3.0,,,0 days 00:00:39.177000,0 days 00:00:44.452000,0 days 00:00:25.510000,0 days 01:10:55.405000,0 days 01:11:39.857000,0 days 01:12:05.367000,198.0,215.0,311.0,325.0,False,SOFT,10.0,False,Ferrari,0 days 01:10:16.228000,2026-09-24 12:55:57.454,1,,,,False,True,FP2,42.1,29.2,54.3
0 days 01:13:53.855000,HAM,44,0 days 00:01:48.488000,19.0,3.0,,,0 days 00:00:38.969000,0 days 00:00:44.174000,0 days 00:00:25.345000,0 days 01:12:44.336000,0 days 01:13:28.510000,0 days 01:13:53.855000,197.0,216.0,311.0,320.0,False,SOFT,11.0,False,Ferrari,0 days 01:12:05.367000,2026-09-24 12:57:46.593,12,,,,False,True,FP2,42.1,29.2,54.3
0 days 01:15:42.027000,HAM,44,0 days 00:01:48.172000,20.0,3.0,,,0 days 00:00:38.788000,0 days 00:00:44.010000,0 days 00:00:25.374000,0 days 01:14:32.643000,0 days 01:15:16.653000,0 days 01:15:42.027000,202.0,210.0,314.0,327.0,False,SOFT,12.0,False,Ferrari,0 days 01:13:53.855000,2026-09-24 12:59:35.081,1,,,,False,True,FP2,42.1,29.2,54.3
0 days 01:18:56.506000,HAM,44,,21.0,3.0,,,0 days 00:01:00.526000,0 days 00:00:52.713000,0 days 00:01:21.149000,0 days 01:16:42.909000,0 days 01:17:35.401000,0 days 01:18:56.506000,132.0,150.0,81.0,205.0,False,SOFT,13.0,False,Ferrari,0 days 01:15:42.027000,2026-09-24 13:01:23.253,1,,,,False,False,FP2,42.1,29.2,54.3
0 days 01:21:40.090000,HAM,44,,22.0,3.0,,,0 days 00:00:50.175000,0 days 00:00:52.541000,0 days 00:01:00.920000,0 days 01:19:46.815000,0 days 01:20:39.374000,0 days 01:21:40.090000,148.0,159.0,5.0,245.0,False,SOFT,14.0,False,Ferrari,0 days 01:18:56.506000,2026-09-24 13:04:37.732,1,,,,False,False,FP2,42.1,29.2,54.7
0 days 01:23:50.755000,HAM,44,0 days 00:02:10.665000,23.0,3.0,,0 days 01:23:49.452000,0 days 00:00:42.219000,0 days 00:00:53.598000,0 days 00:00:34.848000,0 days 01:22:22.309000,0 days 01:23:15.907000,0 days 01:23:50.755000,184.0,107.0,,268.0,False,SOFT,15.0,False,Ferrari,0 days 01:21:40.090000,2026-09-24 13:07:21.316,1,,,,False,False,FP2,42.1,29.2,54.7
0 days 00:26:28.614000,SAI,55,,1.0,1.0,0 days 00:24:27.170000,,,0 days 00:00:50.727000,0 days 00:00:29.792000,,0 days 00:25:59.056000,0 days 00:26:28.727000,171.0,164.0,299.0,272.0,False,MEDIUM,1.0,True,Williams,0 days 00:24:27.170000,2026-09-24 12:10:08.396,1,,,,False,False,FP2,42.1,29.2,54.7
0 days 00:28:16.341000,SAI,55,0 days 00:01:47.727000,2.0,1.0,,,0 days 00:00:38.312000,0 days 00:00:43.996000,0 days 00:00:25.419000,0 days 00:27:06.926000,0 days 00:27:50.922000,0 days 00:28:16.341000,193.0,198.0,309.0,321.0,True,MEDIUM,2.0,True,Williams,0 days 00:26:28.614000,2026-09-24 12:12:09.840,1,,,,False,True,FP2,42.1,29.2,54.7
0 days 00:30:26.565000,SAI,55,0 days 00:02:10.224000,3.0,1.0,,,0 days 00:00:45.480000,0 days 00:00:55.691000,0 days 00:00:29.053000,0 days 00:29:01.821000,0 days 00:29:57.512000,0 days 00:30:26.565000,161.0,177.0,304.0,282.0,False,MEDIUM,3.0,True,Williams,0 days 00:28:16.341000,2026-09-24 12:13:57.567,1,,,,False,True,FP2,42.1,29.2,54.7
0 days 00:32:13.440000,SAI,55,0 days 00:01:46.875000,4.0,1.0,,,0 days 00:00:37.790000,0 days 00:00:43.692000,0 days 00:00:25.393000,0 days 00:31:04.355000,0 days 00:31:48.047000,0 days 00:32:13.440000,194.0,207.0,308.0,318.0,True,MEDIUM,4.0,True,Williams,0 days 00:30:26.565000,2026-09-24 12:16:07.791,12,,,,False,True,FP2,42.1,29.2,54.7
0 days 00:43:57.416000,SAI,55,,5.0,1.0,,0 days 00:34:56.677000,0 days 00:00:55.016000,,,0 days 00:33:08.647000,,,122.0,,,,False,MEDIUM,5.0,True,Williams,0 days 00:32:13.440000,2026-09-24 12:17:54.666,125,,,,False,False,FP2,42.1,29.2,54.7
0 days 00:46:14.213000,SAI,55,,6.0,2.0,0 days 00:43:57.416000,,,0 days 00:00:53.749000,0 days 00:00:29.481000,,0 days 00:45:45.018000,0 days 00:46:14.324000,162.0,137.0,309.0,281.0,False,SOFT,1.0,True,Williams,0 days 00:43:57.416000,2026-09-24 12:29:38.642,12,,,,False,False,FP2,42.1,29.2,54.7
0 days 00:48:17.710000,SAI,55,0 days 00:02:03.497000,7.0,2.0,,,0 days 00:00:39.520000,0 days 00:00:54.982000,0 days 00:00:28.995000,0 days 00:46:53.733000,0 days 00:47:48.715000,0 days 00:48:17.710000,176.0,171.0,309.0,280.0,False,SOFT,2.0,True,Williams,0 days 00:46:14.213000,2026-09-24 12:31:55.439,12,,,,False,True,FP2,42.1,29.2,54.7
0 days 00:50:03.931000,SAI,55,0 days 00:01:46.221000,8.0,2.0,,,0 days 00:00:37.626000,0 days 00:00:43.279000,0 days 00:00:25.316000,0 days 00:48:55.336000,0 days 00:49:38.615000,0 days 00:50:03.931000,195.0,211.0,312.0,317.0,True,SOFT,3.0,True,Williams,0 days 00:48:17.710000,2026-09-24 12:33:58.936,21,,,,False,True,FP2,42.1,29.2,54.7
0 days 00:52:36.710000,SAI,55,,9.0,2.0,,,0 days 00:01:04.035000,0 days 00:00:59.280000,0 days 00:00:29.396000,0 days 00:51:08.257000,0 days 00:52:07.439000,0 days 00:52:36.710000,151.0,128.0,307.0,270.0,False,SOFT,4.0,True,Williams,0 days 00:50:03.931000,2026-09-24 12:35:45.157,1,,,,False,False,FP2,41.9,29.2,54.1
0 days 00:54:43.757000,SAI,55,0 days 00:02:07.047000,10.0,2.0,,,0 days 00:00:37.612000,0 days 00:00:59.612000,0 days 00:00:29.823000,0 days 00:53:14.322000,0 days 00:54:13.934000,0 days 00:54:43.757000,199.0,96.0,297.0,278.0,False,SOFT,5.0,True,Williams,0 days 00:52:36.710000,2026-09-24 12:38:17.936,1,,,,False,True,FP2,41.9,29.2,54.1
0 days 00:56:47.505000,SAI,55,0 days 00:02:03.748000,11.0,2.0,,,0 days 00:00:43.716000,0 days 00:00:50.748000,0 days 00:00:29.284000,0 days 00:55:27.473000,0 days 00:56:18.221000,0 days 00:56:47.505000,155.0,173.0,302.0,278.0,False,SOFT,6.0,True,Williams,0 days 00:54:43.757000,2026-09-24 12:40:24.983,12,,,,False,True,FP2,41.9,29.2,54.1
0 days 00:58:38.247000,SAI,55,0 days 00:01:50.742000,12.0,2.0,,0 days 00:58:36.855000,0 days 00:00:37.495000,0 days 00:00:43.213000,0 days 00:00:30.034000,0 days 00:57:25,0 days 00:58:08.213000,0 days 00:58:38.247000,198.0,210.0,,316.0,False,SOFT,7.0,True,Williams,0 days 00:56:47.505000,2026-09-24 12:42:28.731,1,,,,False,False,FP2,41.9,29.2,54.1
0 days 01:04:48.279000,SAI,55,,13.0,3.0,0 days 01:02:42.738000,,,0 days 00:00:50.762000,0 days 00:00:27.288000,,0 days 01:04:21.205000,0 days 01:04:48.311000,145.0,121.0,305.0,314.0,False,MEDIUM,6.0,False,Williams,0 days 00:58:38.247000,2026-09-24 12:44:19.473,12,,,,False,False,FP2,41.9,29.2,54.1
0 days 01:06:39.525000,SAI,55,0 days 00:01:51.246000,14.0,3.0,,,0 days 00:00:39.874000,0 days 00:00:45.657000,0 days 00:00:25.715000,0 days 01:05:28.153000,0 days 01:06:13.810000,0 days 01:06:39.525000,184.0,192.0,315.0,317.0,False,MEDIUM,7.0,False,Williams,0 days 01:04:48.279000,2026-09-24 12:50:29.505,1,,,,False,True,FP2,41.9,29.2,54.1
0 days 01:08:29.664000,SAI,55,0 days 00:01:50.139000,15.0,3.0,,,0 days 00:00:39.518000,0 days 00:00:45.253000,0 days 00:00:25.368000,0 days 01:07:19.043000,0 days 01:08:04.296000,0 days 01:08:29.664000,185.0,202.0,317.0,327.0,False,MEDIUM,8.0,False,Williams,0 days 01:06:39.525000,2026-09-24 12:52:20.751,1,,,,False,True,FP2,41.9,29.2,54.1
0 days 01:10:19.344000,SAI,55,0 days 00:01:49.680000,16.0,3.0,,,0 days 00:00:39.337000,0 days 00:00:44.958000,0 days 00:00:25.385000,0 days 01:09:09.001000,0 days 01:09:53.959000,0 days 01:10:19.344000,188.0,207.0,316.0,328.0,False,MEDIUM,9.0,False,Williams,0 days 01:08:29.664000,2026-09-24 12:54:10.890,1,,,,False,True,FP2,41.9,29.2,54.1
0 days 01:12:08.622000,SAI,55,0 days 00:01:49.278000,17.0,3.0,,,0 days 00:00:39.188000,0 days 00:00:44.768000,0 days 00:00:25.322000,0 days 01:10:58.532000,0 days 01:11:43.300000,0 days 01:12:08.622000,184.0,203.0,317.0,329.0,False,MEDIUM,10.0,False,Williams,0 days 01:10:19.344000,2026-09-24 12:56:00.570,1,,,,False,True,FP2,41.9,29.2,54.1
0 days 01:13:57.959000,SAI,55,0 days 00:01:49.337000,18.0,3.0,,,0 days 00:00:39.181000,0 days 00:00:44.763000,0 days 00:00:25.393000,0 days 01:12:47.803000,0 days 01:13:32.566000,0 days 01:13:57.959000,189.0,201.0,315.0,325.0,False,MEDIUM,11.0,False,Williams,0 days 01:12:08.622000,2026-09-24 12:57:49.848,12,,,,False,True,FP2,41.9,29.2,54.1
0 days 01:15:47.772000,SAI,55,0 days 00:01:49.813000,19.0,3.0,,,0 days 00:00:39.305000,0 days 00:00:44.840000,0 days 00:00:25.668000,0 days 01:14:37.264000,0 days 01:15:22.104000,0 days 01:15:47.772000,189.0,204.0,311.0,320.0,False,MEDIUM,12.0,False,Williams,0 days 01:13:57.959000,2026-09-24 12:59:39.185,1,,,,False,True,FP2,41.9,29.2,54.1
0 days 01:18:50.525000,SAI,55,,20.0,3.0,,,0 days 00:00:50.491000,0 days 00:00:54.268000,0 days 00:01:17.994000,0 days 01:16:38.529000,0 days 01:17:32.607000,0 days 01:18:50.665000,148.0,151.0,3.0,182.0,False,MEDIUM,13.0,False,Williams,0 days 01:15:47.772000,2026-09-24 13:01:28.998,1,,,,False,False,FP2,41.8,29.2,54.1
0 days 01:21:09.609000,SAI,55,0 days 00:02:19.084000,21.0,3.0,,,0 days 00:00:44.657000,0 days 00:00:50,0 days 00:00:44.427000,0 days 01:19:35.182000,0 days 01:20:25.182000,0 days 01:21:09.609000,171.0,180.0,64.0,225.0,False,MEDIUM,14.0,False,Williams,0 days 01:18:50.525000,2026-09-24 13:04:31.751,1,,,,False,True,FP2,41.8,29.2,54.1
0 days 01:23:41.782000,SAI,55,,22.0,3.0,,0 days 01:23:40.197000,0 days 00:01:12.080000,0 days 00:00:48.662000,0 days 00:00:31.194000,0 days 01:22:21.926000,0 days 01:23:10.604000,0 days 01:23:41.812000,158.0,179.0,,303.0,False,MEDIUM,15.0,False,Williams,0 days 01:21:09.609000,2026-09-24 13:06:50.835,1,,,,False,False,FP2,41.8,29.2,54.1
0 days 00:16:48.162000,RUS,63,,1.0,1.0,0 days 00:14:42.034000,,,0 days 00:00:47.827000,0 days 00:00:29.507000,,0 days 00:16:18.912000,0 days 00:16:48.334000,166.0,202.0,303.0,259.0,False,MEDIUM,1.0,True,Mercedes,0 days 00:14:42.034000,2026-09-24 12:00:23.260,1,,,,False,False,FP2,41.8,29.2,54.1
0 days 00:18:34.462000,RUS,63,0 days 00:01:46.300000,2.0,1.0,,,0 days 00:00:37.863000,0 days 00:00:43.507000,0 days 00:00:24.930000,0 days 00:17:26.025000,0 days 00:18:09.532000,0 days 00:18:34.462000,197.0,214.0,318.0,330.0,True,MEDIUM,2.0,True,Mercedes,0 days 00:16:48.162000,2026-09-24 12:02:29.388,1,,,,False,True,FP2,41.8,29.2,54.1
0 days 00:20:45.911000,RUS,63,0 days 00:02:11.449000,3.0,1.0,,,0 days 00:00:49.739000,0 days 00:00:53.340000,0 days 00:00:28.370000,0 days 00:19:24.201000,0 days 00:20:17.541000,0 days 00:20:45.911000,157.0,193.0,312.0,287.0,False,MEDIUM,3.0,True,Mercedes,0 days 00:18:34.462000,2026-09-24 12:04:15.688,1,,,,False,True,FP2,41.8,29.2,54.1
0 days 00:22:31.855000,RUS,63,0 days 00:01:45.944000,4.0,1.0,,,0 days 00:00:37.596000,0 days 00:00:43.275000,0 days 00:00:25.073000,0 days 00:21:23.507000,0 days 00:22:06.782000,0 days 00:22:31.855000,207.0,217.0,311.0,326.0,True,MEDIUM,4.0,True,Mercedes,0 days 00:20:45.911000,2026-09-24 12:06:27.137,1,,,,False,True,FP2,41.8,29.2,54.1
0 days 00:24:55.209000,RUS,63,0 days 00:02:23.354000,5.0,1.0,,,0 days 00:00:55.880000,0 days 00:00:58.919000,0 days 00:00:28.555000,0 days 00:23:27.735000,0 days 00:24:26.654000,0 days 00:24:55.209000,131.0,186.0,312.0,285.0,False,MEDIUM,5.0,True,Mercedes,0 days 00:22:31.855000,2026-09-24 12:08:13.081,1,,,,False,True,FP2,41.8,29.2,54.1
0 days 00:26:39.746000,RUS,63,0 days 00:01:44.537000,6.0,1.0,,,0 days 00:00:36.818000,0 days 00:00:43.034000,0 days 00:00:24.685000,0 days 00:25:32.027000,0 days 00:26:15.061000,0 days 00:26:39.746000,209.0,209.0,318.0,332.0,True,MEDIUM,6.0,True,Mercedes,0 days 00:24:55.209000,2026-09-24 12:10:36.435,1,,,,False,True,FP2,41.8,29.2,54.1
0 days 00:28:44.683000,RUS,63,0 days 00:02:04.937000,7.0,1.0,,0 days 00:28:43.461000,0 days 00:00:44.533000,0 days 00:00:49.096000,0 days 00:00:31.308000,0 days 00:27:24.279000,0 days 00:28:13.375000,0 days 00:28:44.683000,172.0,187.0,,288.0,False,MEDIUM,7.0,True,Mercedes,0 days 00:26:39.746000,2026-09-24 12:12:20.972,1,,,,False,False,FP2,41.5,29.2,55.0
0 days 00:45:14.412000,RUS,63,,8.0,2.0,0 days 00:33:13.531000,0 days 00:35:46.906000,,,,,,,,,,,False,SOFT,1.0,True,Mercedes,0 days 00:28:44.683000,2026-09-24 12:14:25.909,125,,,,False,False,FP2,41.5,29.2,55.0
0 days 00:47:14.425000,RUS,63,,9.0,3.0,0 days 00:45:14.412000,,,0 days 00:00:46.460000,0 days 00:00:30.232000,,0 days 00:46:44.433000,0 days 00:47:14.499000,174.0,200.0,264.0,262.0,False,SOFT,2.0,False,Mercedes,0 days 00:45:14.412000,2026-09-24 12:30:55.638,21,,,,False,False,FP2,41.5,29.2,55.0
0 days 00:49:09.024000,RUS,63,0 days 00:01:54.599000,10.0,3.0,,,0 days 00:00:39.281000,0 days 00:00:46.770000,0 days 00:00:28.548000,0 days 00:47:53.706000,0 days 00:48:40.476000,0 days 00:49:09.024000,192.0,196.0,298.0,286.0,False,SOFT,3.0,False,Mercedes,0 days 00:47:14.425000,2026-09-24 12:32:55.651,12,,,,False,True,FP2,41.5,29.2,55.0
0 days 00:50:52.783000,RUS,63,0 days 00:01:43.759000,11.0,3.0,,,0 days 00:00:36.815000,0 days 00:00:42.329000,0 days 00:00:24.615000,0 days 00:49:45.839000,0 days 00:50:28.168000,0 days 00:50:52.783000,209.0,210.0,322.0,335.0,True,SOFT,4.0,False,Mercedes,0 days 00:49:09.024000,2026-09-24 12:34:50.250,1,,,,False,True,FP2,41.5,29.2,55.0
0 days 00:53:06.948000,RUS,63,0 days 00:02:14.165000,12.0,3.0,,,0 days 00:00:49.003000,0 days 00:00:56.898000,0 days 00:00:28.264000,0 days 00:51:41.786000,0 days 00:52:38.684000,0 days 00:53:06.948000,141.0,182.0,305.0,290.0,False,SOFT,5.0,False,Mercedes,0 days 00:50:52.783000,2026-09-24 12:36:34.009,1,,,,False,True,FP2,41.5,29.2,55.0
0 days 00:55:20.388000,RUS,63,0 days 00:02:13.440000,13.0,3.0,,,0 days 00:00:48.581000,0 days 00:00:56.262000,0 days 00:00:28.597000,0 days 00:53:55.529000,0 days 00:54:51.791000,0 days 00:55:20.388000,162.0,181.0,301.0,287.0,False,SOFT,6.0,False,Mercedes,0 days 00:53:06.948000,2026-09-24 12:38:48.174,12,,,,False,True,FP2,41.5,29.2,55.0
0 days 00:57:03.735000,RUS,63,0 days 00:01:43.347000,14.0,3.0,,,0 days 00:00:36.616000,0 days 00:00:42.235000,0 days 00:00:24.496000,0 days 00:55:57.004000,0 days 00:56:39.239000,0 days 00:57:03.735000,213.0,208.0,323.0,333.0,True,SOFT,7.0,False,Mercedes,0 days 00:55:20.388000,2026-09-24 12:41:01.614,1,,,,False,True,FP2,41.5,29.2,55.0
0 days 00:59:05.905000,RUS,63,0 days 00:02:02.170000,15.0,3.0,,0 days 00:59:04.627000,0 days 00:00:45.001000,0 days 00:00:45.896000,0 days 00:00:31.273000,0 days 00:57:48.736000,0 days 00:58:34.632000,0 days 00:59:05.905000,179.0,191.0,,291.0,False,SOFT,8.0,False,Mercedes,0 days 00:57:03.735000,2026-09-24 12:42:44.961,1,,,,False,False,FP2,41.5,29.2,55.0
0 days 01:05:55.749000,RUS,63,,16.0,4.0,0 days 01:03:44.008000,,,0 days 00:00:44.867000,0 days 00:00:25.227000,,0 days 01:05:30.723000,0 days 01:05:55.909000,185.0,201.0,319.0,330.0,False,MEDIUM,8.0,False,Mercedes,0 days 00:59:05.905000,2026-09-24 12:44:47.131,12,,,,False,False,FP2,41.5,29.2,55.0
0 days 01:07:48.726000,RUS,63,0 days 00:01:52.977000,17.0,4.0,,,0 days 00:00:39.899000,0 days 00:00:47.055000,0 days 00:00:26.023000,0 days 01:06:35.648000,0 days 01:07:22.703000,0 days 01:07:48.726000,181.0,183.0,311.0,322.0,False,MEDIUM,9.0,False,Mercedes,0 days 01:05:55.749000,2026-09-24 12:51:36.975,1,,,,False,True,FP2,41.5,29.2,55.0
0 days 01:09:37.062000,RUS,63,0 days 00:01:48.336000,18.0,4.0,,,0 days 00:00:39.018000,0 days 00:00:44.108000,0 days 00:00:25.210000,0 days 01:08:27.744000,0 days 01:09:11.852000,0 days 01:09:37.062000,204.0,205.0,315.0,325.0,False,MEDIUM,10.0,False,Mercedes,0 days 01:07:48.726000,2026-09-24 12:53:29.952,1,,,,False,True,FP2,41.4,29.2,55.3
0 days 01:11:24.967000,RUS,63,0 days 00:01:47.905000,19.0,4.0,,,0 days 00:00:38.551000,0 days 00:00:44.075000,0 days 00:00:25.279000,0 days 01:10:15.613000,0 days 01:10:59.688000,0 days 01:11:24.967000,203.0,209.0,317.0,326.0,False,MEDIUM,11.0,False,Mercedes,0 days 01:09:37.062000,2026-09-24 12:55:18.288,1,,,,False,True,FP2,41.4,29.2,55.3
0 days 01:13:12.730000,RUS,63,0 days 00:01:47.763000,20.0,4.0,,,0 days 00:00:38.437000,0 days 00:00:44.132000,0 days 00:00:25.194000,0 days 01:12:03.404000,0 days 01:12:47.536000,0 days 01:13:12.730000,203.0,206.0,321.0,328.0,False,MEDIUM,12.0,False,Mercedes,0 days 01:11:24.967000,2026-09-24 12:57:06.193,12,,,,False,True,FP2,41.4,29.2,55.3
0 days 01:15:00.567000,RUS,63,0 days 00:01:47.837000,21.0,4.0,,,0 days 00:00:38.503000,0 days 00:00:44.211000,0 days 00:00:25.123000,0 days 01:13:51.233000,0 days 01:14:35.444000,0 days 01:15:00.567000,204.0,214.0,323.0,329.0,False,MEDIUM,13.0,False,Mercedes,0 days 01:13:12.730000,2026-09-24 12:58:53.956,1,,,,False,True,FP2,41.4,29.2,55.3
0 days 01:17:59.996000,RUS,63,,22.0,4.0,,,0 days 00:00:53.487000,0 days 00:01:09.307000,0 days 00:00:56.500000,0 days 01:15:54.189000,0 days 01:17:03.557000,0 days 01:18:00.004000,121.0,109.0,72.0,148.0,False,MEDIUM,14.0,False,Mercedes,0 days 01:15:00.567000,2026-09-24 13:00:41.793,1,,,,False,False,FP2,41.4,29.2,55.3
0 days 01:20:45.037000,RUS,63,,23.0,4.0,,,0 days 00:01:07.720000,0 days 00:00:48,0 days 00:00:49.299000,0 days 01:19:07.738000,0 days 01:19:55.874000,0 days 01:20:45.037000,170.0,136.0,82.0,256.0,False,MEDIUM,15.0,False,Mercedes,0 days 01:17:59.996000,2026-09-24 13:03:41.222,1,,,,False,False,FP2,41.4,29.2,55.3
0 days 01:23:18.337000,RUS,63,,24.0,4.0,,0 days 01:23:16.886000,0 days 00:01:11.238000,0 days 00:00:48.166000,0 days 00:00:33.998000,0 days 01:21:56.209000,0 days 01:22:44.484000,0 days 01:23:18.337000,180.0,119.0,,285.0,False,MEDIUM,16.0,False,Mercedes,0 days 01:20:45.037000,2026-09-24 13:06:26.263,1,,,,False,False,FP2,41.4,29.2,55.3
0 days 00:16:34.467000,BOT,77,,1.0,1.0,0 days 00:14:25.382000,,,0 days 00:00:52.780000,0 days 00:00:29.554000,,0 days 00:16:05.185000,0 days 00:16:34.601000,156.0,153.0,301.0,279.0,False,MEDIUM,1.0,True,Cadillac,0 days 00:14:25.382000,2026-09-24 12:00:06.608,1,,,,False,False,FP2,41.4,29.2,55.3
0 days 00:18:33.098000,BOT,77,0 days 00:01:58.631000,2.0,1.0,,,0 days 00:00:40.377000,0 days 00:00:48.912000,0 days 00:00:29.342000,0 days 00:17:14.844000,0 days 00:18:03.756000,0 days 00:18:33.098000,182.0,165.0,301.0,280.0,True,MEDIUM,2.0,True,Cadillac,0 days 00:16:34.467000,2026-09-24 12:02:15.693,1,,,,False,True,FP2,41.4,29.2,55.3
0 days 00:20:22.869000,BOT,77,0 days 00:01:49.771000,3.0,1.0,,,0 days 00:00:38.778000,0 days 00:00:44.673000,0 days 00:00:26.320000,0 days 00:19:11.876000,0 days 00:19:56.549000,0 days 00:20:22.869000,186.0,202.0,294.0,301.0,True,MEDIUM,3.0,True,Cadillac,0 days 00:18:33.098000,2026-09-24 12:04:14.324,1,,,,False,True,FP2,41.4,29.2,55.3
0 days 00:22:44.680000,BOT,77,0 days 00:02:21.811000,4.0,1.0,,,0 days 00:00:45.634000,0 days 00:01:07.151000,0 days 00:00:29.026000,0 days 00:21:08.503000,0 days 00:22:15.654000,0 days 00:22:44.680000,169.0,167.0,304.0,283.0,False,MEDIUM,4.0,True,Cadillac,0 days 00:20:22.869000,2026-09-24 12:06:04.095,1,,,,False,True,FP2,41.4,29.1,55.6
0 days 00:24:33.184000,BOT,77,0 days 00:01:48.504000,5.0,1.0,,,0 days 00:00:38.052000,0 days 00:00:44.458000,0 days 00:00:25.994000,0 days 00:23:22.732000,0 days 00:24:07.190000,0 days 00:24:33.184000,205.0,207.0,298.0,307.0,True,MEDIUM,5.0,True,Cadillac,0 days 00:22:44.680000,2026-09-24 12:08:25.906,1,,,,False,True,FP2,41.4,29.1,55.6
0 days 00:26:56.175000,BOT,77,0 days 00:02:22.991000,6.0,1.0,,,0 days 00:00:48.084000,0 days 00:01:05.871000,0 days 00:00:29.036000,0 days 00:25:21.268000,0 days 00:26:27.139000,0 days 00:26:56.175000,157.0,159.0,303.0,281.0,False,MEDIUM,6.0,True,Cadillac,0 days 00:24:33.184000,2026-09-24 12:10:14.410,1,,,,False,True,FP2,41.4,29.1,55.6
0 days 00:28:44.233000,BOT,77,0 days 00:01:48.058000,7.0,1.0,,,0 days 00:00:38.009000,0 days 00:00:44.165000,0 days 00:00:25.884000,0 days 00:27:34.184000,0 days 00:28:18.349000,0 days 00:28:44.233000,197.0,207.0,298.0,309.0,True,MEDIUM,7.0,True,Cadillac,0 days 00:26:56.175000,2026-09-24 12:12:37.401,1,,,,False,True,FP2,41.4,29.1,55.6
0 days 00:31:05.338000,BOT,77,0 days 00:02:21.105000,8.0,1.0,,0 days 00:31:04.063000,0 days 00:00:48.728000,0 days 00:00:51.020000,0 days 00:00:41.357000,0 days 00:29:32.961000,0 days 00:30:23.981000,0 days 00:31:05.338000,156.0,163.0,,205.0,False,MEDIUM,8.0,True,Cadillac,0 days 00:28:44.233000,2026-09-24 12:14:25.459,1,,,,False,False,FP2,41.4,29.1,55.6
0 days 00:45:20.505000,BOT,77,,9.0,2.0,0 days 00:43:21.335000,,,0 days 00:00:49.758000,0 days 00:00:29.743000,,0 days 00:44:50.931000,0 days 00:45:20.682000,168.0,162.0,261.0,280.0,False,SOFT,1.0,True,Cadillac,0 days 00:43:21.335000,2026-09-24 12:29:02.561,12,,,,False,False,FP2,41.4,29.1,55.6
0 days 00:47:24.837000,BOT,77,0 days 00:02:04.332000,10.0,2.0,,,0 days 00:00:46.068000,0 days 00:00:49.321000,0 days 00:00:28.943000,0 days 00:46:06.573000,0 days 00:46:55.894000,0 days 00:47:24.837000,183.0,176.0,305.0,281.0,False,SOFT,2.0,True,Cadillac,0 days 00:45:20.505000,2026-09-24 12:31:01.731,21,,,,False,True,FP2,41.4,29.1,55.6
0 days 00:49:12.637000,BOT,77,0 days 00:01:47.800000,11.0,2.0,,,0 days 00:00:38.202000,0 days 00:00:43.931000,0 days 00:00:25.667000,0 days 00:48:03.039000,0 days 00:48:46.970000,0 days 00:49:12.637000,193.0,212.0,303.0,312.0,True,SOFT,3.0,True,Cadillac,0 days 00:47:24.837000,2026-09-24 12:33:06.063,12,,,,False,True,FP2,41.4,29.1,55.6
0 days 00:51:21.370000,BOT,77,0 days 00:02:08.733000,12.0,2.0,,,0 days 00:00:48.665000,0 days 00:00:51.117000,0 days 00:00:28.951000,0 days 00:50:01.302000,0 days 00:50:52.419000,0 days 00:51:21.370000,147.0,160.0,304.0,281.0,False,SOFT,4.0,True,Cadillac,0 days 00:49:12.637000,2026-09-24 12:34:53.863,1,,,,False,True,FP2,41.4,29.1,55.6
0 days 00:53:08.107000,BOT,77,0 days 00:01:46.737000,13.0,2.0,,,0 days 00:00:37.801000,0 days 00:00:43.626000,0 days 00:00:25.310000,0 days 00:51:59.171000,0 days 00:52:42.797000,0 days 00:53:08.107000,199.0,212.0,311.0,327.0,True,SOFT,5.0,True,Cadillac,0 days 00:51:21.370000,2026-09-24 12:37:02.596,1,,,,False,True,FP2,41.4,29.1,55.6
0 days 00:55:16.267000,BOT,77,0 days 00:02:08.160000,14.0,2.0,,0 days 00:55:14.945000,0 days 00:00:44.591000,0 days 00:00:49.684000,0 days 00:00:33.885000,0 days 00:53:52.698000,0 days 00:54:42.382000,0 days 00:55:16.267000,171.0,181.0,,280.0,False,SOFT,6.0,True,Cadillac,0 days 00:53:08.107000,2026-09-24 12:38:49.333,12,,,,False,False,FP2,41.4,29.1,55.6
0 days 01:01:10.763000,BOT,77,,15.0,3.0,0 days 00:58:46.203000,,,0 days 00:00:51.917000,0 days 00:00:28.728000,,0 days 01:00:42.198000,0 days 01:01:10.868000,175.0,144.0,309.0,323.0,False,SOFT,7.0,False,Cadillac,0 days 00:55:16.267000,2026-09-24 12:40:57.493,1,,,,False,False,FP2,41.2,29.1,56.6
0 days 01:03:03.605000,BOT,77,0 days 00:01:52.842000,16.0,3.0,,,0 days 00:00:40.497000,0 days 00:00:46.228000,0 days 00:00:26.117000,0 days 01:01:51.260000,0 days 01:02:37.488000,0 days 01:03:03.605000,179.0,193.0,302.0,319.0,False,SOFT,8.0,False,Cadillac,0 days 01:01:10.763000,2026-09-24 12:46:51.989,1,,,,False,True,FP2,41.2,29.1,56.6
0 days 01:05:00.506000,BOT,77,0 days 00:01:56.901000,17.0,3.0,,,0 days 00:00:40.596000,0 days 00:00:49.875000,0 days 00:00:26.430000,0 days 01:03:44.201000,0 days 01:04:34.076000,0 days 01:05:00.506000,186.0,179.0,302.0,322.0,False,SOFT,9.0,False,Cadillac,0 days 01:03:03.605000,2026-09-24 12:48:44.831,12,,,,False,True,FP2,41.2,29.1,56.6
0 days 01:06:52.374000,BOT,77,0 days 00:01:51.868000,18.0,3.0,,,0 days 00:00:40.258000,0 days 00:00:45.570000,0 days 00:00:26.040000,0 days 01:05:40.764000,0 days 01:06:26.334000,0 days 01:06:52.374000,187.0,200.0,302.0,320.0,False,SOFT,10.0,False,Cadillac,0 days 01:05:00.506000,2026-09-24 12:50:41.732,1,,,,False,True,FP2,41.2,29.1,56.6
0 days 01:08:43.938000,BOT,77,0 days 00:01:51.564000,19.0,3.0,,,0 days 00:00:40.175000,0 days 00:00:45.452000,0 days 00:00:25.937000,0 days 01:07:32.549000,0 days 01:08:18.001000,0 days 01:08:43.938000,191.0,211.0,304.0,321.0,False,SOFT,11.0,False,Cadillac,0 days 01:06:52.374000,2026-09-24 12:52:33.600,1,,,,False,True,FP2,41.2,29.1,56.6
0 days 01:10:35.055000,BOT,77,0 days 00:01:51.117000,20.0,3.0,,,0 days 00:00:39.989000,0 days 00:00:45.240000,0 days 00:00:25.888000,0 days 01:09:23.927000,0 days 01:10:09.167000,0 days 01:10:35.055000,191.0,195.0,304.0,324.0,False,SOFT,12.0,False,Cadillac,0 days 01:08:43.938000,2026-09-24 12:54:25.164,1,,,,False,True,FP2,41.2,29.1,57.0
0 days 01:12:26.181000,BOT,77,0 days 00:01:51.126000,21.0,3.0,,,0 days 00:00:40.073000,0 days 00:00:45.203000,0 days 00:00:25.850000,0 days 01:11:15.128000,0 days 01:12:00.331000,0 days 01:12:26.181000,185.0,199.0,304.0,325.0,False,SOFT,13.0,False,Cadillac,0 days 01:10:35.055000,2026-09-24 12:56:16.281,12,,,,False,True,FP2,41.2,29.1,57.0
0 days 01:14:17.821000,BOT,77,0 days 00:01:51.640000,22.0,3.0,,,0 days 00:00:40.128000,0 days 00:00:45.601000,0 days 00:00:25.911000,0 days 01:13:06.309000,0 days 01:13:51.910000,0 days 01:14:17.821000,190.0,202.0,303.0,324.0,False,SOFT,14.0,False,Cadillac,0 days 01:12:26.181000,2026-09-24 12:58:07.407,21,,,,False,True,FP2,41.2,29.1,57.0
0 days 01:16:13.191000,BOT,77,0 days 00:01:55.370000,23.0,3.0,,,0 days 00:00:40.910000,0 days 00:00:46.802000,0 days 00:00:27.658000,0 days 01:14:58.731000,0 days 01:15:45.533000,0 days 01:16:13.191000,182.0,173.0,240.0,313.0,False,SOFT,15.0,False,Cadillac,0 days 01:14:17.821000,2026-09-24 12:59:59.047,1,,,,False,True,FP2,41.2,29.1,57.0
0 days 01:18:59.792000,BOT,77,,24.0,3.0,,,0 days 00:00:50.213000,0 days 00:00:54.974000,0 days 00:01:01.393000,0 days 01:17:03.558000,0 days 01:17:58.574000,0 days 01:18:59.792000,135.0,145.0,110.0,196.0,False,SOFT,16.0,False,Cadillac,0 days 01:16:13.191000,2026-09-24 13:01:54.417,1,,,,False,False,FP2,41.2,29.1,57.0
0 days 01:21:45.145000,BOT,77,,25.0,3.0,,,0 days 00:00:42.946000,0 days 00:00:55.888000,0 days 00:01:06.527000,0 days 01:19:42.784000,0 days 01:20:38.678000,0 days 01:21:45.145000,153.0,162.0,67.0,201.0,False,SOFT,17.0,False,Cadillac,0 days 01:18:59.792000,2026-09-24 13:04:41.018,1,,,,False,False,FP2,41.2,29.1,57.0
0 days 01:23:55.721000,BOT,77,0 days 00:02:10.576000,26.0,3.0,,0 days 01:23:54.351000,0 days 00:00:42.730000,0 days 00:00:50.697000,0 days 00:00:37.149000,0 days 01:22:27.875000,0 days 01:23:18.572000,0 days 01:23:55.721000,180.0,114.0,,318.0,False,SOFT,18.0,False,Cadillac,0 days 01:21:45.145000,2026-09-24 13:07:26.371,1,,,,False,False,FP2,41.2,29.1,57.0
0 days 00:17:49.830000,PIA,81,,1.0,1.0,0 days 00:15:41.448000,,,0 days 00:00:53.802000,0 days 00:00:28.600000,,0 days 00:17:21.381000,0 days 00:17:49.949000,154.0,173.0,310.0,286.0,False,HARD,1.0,True,McLaren,0 days 00:15:41.448000,2026-09-24 12:01:22.674,1,,,,False,False,FP2,41.2,29.1,57.0
0 days 00:19:36.802000,PIA,81,0 days 00:01:46.972000,2.0,1.0,,,0 days 00:00:37.844000,0 days 00:00:43.535000,0 days 00:00:25.593000,0 days 00:18:27.674000,0 days 00:19:11.209000,0 days 00:19:36.802000,187.0,218.0,305.0,313.0,True,HARD,2.0,True,McLaren,0 days 00:17:49.830000,2026-09-24 12:03:31.056,1,,,,False,True,FP2,41.2,29.1,57.0
0 days 00:22:01.453000,PIA,81,0 days 00:02:24.651000,3.0,1.0,,,0 days 00:00:54.569000,0 days 00:01:01.543000,0 days 00:00:28.539000,0 days 00:20:31.371000,0 days 00:21:32.914000,0 days 00:22:01.453000,142.0,170.0,313.0,288.0,False,HARD,3.0,True,McLaren,0 days 00:19:36.802000,2026-09-24 12:05:18.028,1,,,,False,True,FP2,41.2,29.0,57.7
0 days 00:23:47.431000,PIA,81,0 days 00:01:45.978000,4.0,1.0,,,0 days 00:00:37.265000,0 days 00:00:43.465000,0 days 00:00:25.248000,0 days 00:22:38.718000,0 days 00:23:22.183000,0 days 00:23:47.431000,190.0,213.0,313.0,319.0,True,HARD,4.0,True,McLaren,0 days 00:22:01.453000,2026-09-24 12:07:42.679,1,,,,False,True,FP2,41.2,29.0,57.7
0 days 00:26:18.815000,PIA,81,,5.0,1.0,,,0 days 00:00:55.254000,0 days 00:01:06.965000,0 days 00:00:29.082000,0 days 00:24:43.004000,0 days 00:25:49.947000,0 days 00:26:18.888000,135.0,167.0,309.0,284.0,False,HARD,5.0,True,McLaren,0 days 00:23:47.431000,2026-09-24 12:09:28.657,1,,,,False,False,FP2,41.2,29.0,57.7
0 days 00:28:17.234000,PIA,81,0 days 00:01:58.419000,6.0,1.0,,0 days 00:28:15.895000,0 days 00:00:37.078000,0 days 00:00:43.137000,0 days 00:00:38.204000,0 days 00:26:55.893000,0 days 00:27:39.030000,0 days 00:28:17.234000,200.0,219.0,,226.0,False,HARD,6.0,True,McLaren,0 days 00:26:18.815000,2026-09-24 12:12:00.041,1,,,,False,False,FP2,41.2,29.0,57.7
0 days 00:46:54.056000,PIA,81,,7.0,2.0,0 days 00:44:49.605000,,,0 days 00:00:51.407000,0 days 00:00:28.260000,,0 days 00:46:26.095000,0 days 00:46:54.141000,168.0,173.0,307.0,288.0,False,SOFT,1.0,True,McLaren,0 days 00:44:49.605000,2026-09-24 12:30:30.831,21,,,,False,False,FP2,41.0,29.0,58.4
0 days 00:49:02.253000,PIA,81,0 days 00:02:08.197000,8.0,2.0,,,0 days 00:00:46.784000,0 days 00:00:52.951000,0 days 00:00:28.462000,0 days 00:47:40.840000,0 days 00:48:33.791000,0 days 00:49:02.253000,167.0,170.0,312.0,287.0,False,SOFT,2.0,True,McLaren,0 days 00:46:54.056000,2026-09-24 12:32:35.282,12,,,,False,True,FP2,41.0,29.0,58.4
0 days 00:50:47.110000,PIA,81,0 days 00:01:44.857000,9.0,2.0,,,0 days 00:00:36.730000,0 days 00:00:42.588000,0 days 00:00:25.539000,0 days 00:49:38.983000,0 days 00:50:21.571000,0 days 00:50:47.110000,194.0,220.0,313.0,322.0,True,SOFT,3.0,True,McLaren,0 days 00:49:02.253000,2026-09-24 12:34:43.479,1,,,,False,True,FP2,41.0,29.0,58.4
0 days 00:53:10.315000,PIA,81,0 days 00:02:23.205000,10.0,2.0,,,0 days 00:00:56.324000,0 days 00:00:57.793000,0 days 00:00:29.088000,0 days 00:51:43.434000,0 days 00:52:41.227000,0 days 00:53:10.315000,130.0,159.0,316.0,291.0,False,SOFT,4.0,True,McLaren,0 days 00:50:47.110000,2026-09-24 12:36:28.336,1,,,,False,True,FP2,41.0,29.0,58.4
0 days 00:55:08.227000,PIA,81,0 days 00:01:57.912000,11.0,2.0,,0 days 00:55:06.975000,0 days 00:00:37.145000,0 days 00:00:42.711000,0 days 00:00:38.056000,0 days 00:53:47.460000,0 days 00:54:30.171000,0 days 00:55:08.227000,204.0,214.0,,208.0,False,SOFT,5.0,True,McLaren,0 days 00:53:10.315000,2026-09-24 12:38:51.541,12,,,,False,False,FP2,41.0,29.0,58.4
0 days 01:02:52.023000,PIA,81,,12.0,3.0,0 days 01:00:04.820000,,,0 days 00:00:46.439000,0 days 00:00:26.036000,,0 days 01:02:26.072000,0 days 01:02:52.027000,170.0,192.0,305.0,311.0,False,SOFT,6.0,False,McLaren,0 days 00:55:08.227000,2026-09-24 12:40:49.453,1,,,,False,False,FP2,41.0,29.0,58.4
0 days 01:04:44.002000,PIA,81,0 days 00:01:51.979000,13.0,3.0,,,0 days 00:00:39.453000,0 days 00:00:46.565000,0 days 00:00:25.961000,0 days 01:03:31.476000,0 days 01:04:18.041000,0 days 01:04:44.002000,179.0,191.0,303.0,311.0,False,SOFT,7.0,False,McLaren,0 days 01:02:52.023000,2026-09-24 12:48:33.249,12,,,,False,True,FP2,41.0,29.0,58.4
0 days 01:06:33.859000,PIA,81,0 days 00:01:49.857000,14.0,3.0,,,0 days 00:00:39.371000,0 days 00:00:44.903000,0 days 00:00:25.583000,0 days 01:05:23.373000,0 days 01:06:08.276000,0 days 01:06:33.859000,184.0,205.0,307.0,316.0,False,SOFT,8.0,False,McLaren,0 days 01:04:44.002000,2026-09-24 12:50:25.228,1,,,,False,True,FP2,41.1,29.1,58.2
0 days 01:08:22.406000,PIA,81,0 days 00:01:48.547000,15.0,3.0,,,0 days 00:00:38.814000,0 days 00:00:44.322000,0 days 00:00:25.411000,0 days 01:07:12.673000,0 days 01:07:56.995000,0 days 01:08:22.406000,186.0,207.0,308.0,319.0,False,SOFT,9.0,False,McLaren,0 days 01:06:33.859000,2026-09-24 12:52:15.085,1,,,,False,True,FP2,41.1,29.1,58.2
0 days 01:10:10.751000,PIA,81,0 days 00:01:48.345000,16.0,3.0,,,0 days 00:00:38.702000,0 days 00:00:44.229000,0 days 00:00:25.414000,0 days 01:09:01.108000,0 days 01:09:45.337000,0 days 01:10:10.751000,189.0,204.0,308.0,319.0,False,SOFT,10.0,False,McLaren,0 days 01:08:22.406000,2026-09-24 12:54:03.632,1,,,,False,True,FP2,41.1,29.1,58.2
0 days 01:11:58.794000,PIA,81,0 days 00:01:48.043000,17.0,3.0,,,0 days 00:00:38.368000,0 days 00:00:44.253000,0 days 00:00:25.422000,0 days 01:10:49.119000,0 days 01:11:33.372000,0 days 01:11:58.794000,197.0,207.0,310.0,320.0,False,SOFT,11.0,False,McLaren,0 days 01:10:10.751000,2026-09-24 12:55:51.977,1,,,,False,True,FP2,41.1,29.1,58.2
0 days 01:13:47.157000,PIA,81,0 days 00:01:48.363000,18.0,3.0,,,0 days 00:00:38.726000,0 days 00:00:44.260000,0 days 00:00:25.377000,0 days 01:12:37.520000,0 days 01:13:21.780000,0 days 01:13:47.157000,192.0,207.0,309.0,316.0,False,SOFT,12.0,False,McLaren,0 days 01:11:58.794000,2026-09-24 12:57:40.020,12,,,,False,True,FP2,41.1,29.1,58.2
0 days 01:15:35.583000,PIA,81,0 days 00:01:48.426000,19.0,3.0,,,0 days 00:00:38.623000,0 days 00:00:44.188000,0 days 00:00:25.615000,0 days 01:14:25.780000,0 days 01:15:09.968000,0 days 01:15:35.583000,196.0,215.0,308.0,315.0,False,SOFT,13.0,False,McLaren,0 days 01:13:47.157000,2026-09-24 12:59:28.383,1,,,,False,True,FP2,41.1,29.1,58.2
0 days 01:18:48.521000,PIA,81,,20.0,3.0,,,0 days 00:00:50.130000,0 days 00:01:04.512000,0 days 00:01:18.230000,0 days 01:16:25.950000,0 days 01:17:30.434000,0 days 01:18:48.521000,117.0,129.0,3.0,183.0,False,SOFT,14.0,False,McLaren,0 days 01:15:35.583000,2026-09-24 13:01:16.809,1,,,,False,False,FP2,41.1,29.1,58.2
0 days 01:22:02.655000,PIA,81,,21.0,3.0,,,0 days 00:00:49.220000,0 days 00:00:55.871000,0 days 00:01:29.094000,0 days 01:19:37.935000,0 days 01:20:33.694000,0 days 01:22:02.655000,135.0,122.0,94.0,151.0,False,SOFT,15.0,False,McLaren,0 days 01:18:48.521000,2026-09-24 13:04:29.747,1,,,,False,False,FP2,41.1,29.1,58.2
0 days 01:24:07.763000,PIA,81,0 days 00:02:05.108000,22.0,3.0,,0 days 01:24:06.428000,0 days 00:00:40.326000,0 days 00:00:48.196000,0 days 00:00:36.586000,0 days 01:22:42.981000,0 days 01:23:31.177000,0 days 01:24:07.763000,189.0,146.0,,245.0,False,SOFT,16.0,False,McLaren,0 days 01:22:02.655000,2026-09-24 13:07:43.881,1,,,,False,False,FP2,41.1,29.1,57.7
0 days 00:17:06.405000,BEA,87,,1.0,1.0,0 days 00:14:49.532000,,,0 days 00:00:52.267000,0 days 00:00:29.547000,,0 days 00:16:36.962000,0 days 00:17:06.534000,154.0,153.0,300.0,265.0,False,UNKNOWN,1.0,False,Haas F1 Team,0 days 00:14:49.532000,2026-09-24 12:00:30.758,1,,,,False,False,FP2,41.1,29.1,57.7
0 days 00:18:55.488000,BEA,87,0 days 00:01:49.083000,2.0,1.0,,,0 days 00:00:38.869000,0 days 00:00:44.644000,0 days 00:00:25.570000,0 days 00:17:45.274000,0 days 00:18:29.918000,0 days 00:18:55.488000,188.0,199.0,306.0,322.0,True,UNKNOWN,2.0,False,Haas F1 Team,0 days 00:17:06.405000,2026-09-24 12:02:47.631,1,,,,False,True,FP2,41.1,29.1,57.7
0 days 00:21:14.235000,BEA,87,0 days 00:02:18.747000,3.0,1.0,,,0 days 00:00:55.447000,0 days 00:00:54.343000,0 days 00:00:28.957000,0 days 00:19:50.935000,0 days 00:20:45.278000,0 days 00:21:14.235000,124.0,166.0,303.0,284.0,False,UNKNOWN,3.0,False,Haas F1 Team,0 days 00:18:55.488000,2026-09-24 12:04:36.714,1,,,,False,True,FP2,41.1,29.1,57.7
0 days 00:23:01.869000,BEA,87,0 days 00:01:47.634000,4.0,1.0,,,0 days 00:00:38.095000,0 days 00:00:44.017000,0 days 00:00:25.522000,0 days 00:21:52.330000,0 days 00:22:36.347000,0 days 00:23:01.869000,190.0,212.0,303.0,320.0,True,UNKNOWN,4.0,False,Haas F1 Team,0 days 00:21:14.235000,2026-09-24 12:06:55.461,1,,,,False,True,FP2,41.1,29.1,57.7
0 days 00:25:28.036000,BEA,87,0 days 00:02:26.167000,5.0,1.0,,,0 days 00:00:56.740000,0 days 00:01:00.642000,0 days 00:00:28.785000,0 days 00:23:58.609000,0 days 00:24:59.251000,0 days 00:25:28.036000,127.0,162.0,307.0,286.0,False,UNKNOWN,5.0,False,Haas F1 Team,0 days 00:23:01.869000,2026-09-24 12:08:43.095,1,,,,False,True,FP2,40.7,29.1,58.0
0 days 00:27:15.110000,BEA,87,0 days 00:01:47.074000,6.0,1.0,,,0 days 00:00:38.058000,0 days 00:00:43.695000,0 days 00:00:25.321000,0 days 00:26:06.094000,0 days 00:26:49.789000,0 days 00:27:15.110000,205.0,213.0,305.0,325.0,True,UNKNOWN,6.0,False,Haas F1 Team,0 days 00:25:28.036000,2026-09-24 12:11:09.262,1,,,,False,True,FP2,40.7,29.1,58.0
0 days 00:29:38.322000,BEA,87,0 days 00:02:23.212000,7.0,1.0,,,0 days 00:01:03.068000,0 days 00:00:51.425000,0 days 00:00:28.719000,0 days 00:28:18.178000,0 days 00:29:09.603000,0 days 00:29:38.322000,82.0,180.0,305.0,285.0,False,UNKNOWN,7.0,False,Haas F1 Team,0 days 00:27:15.110000,2026-09-24 12:12:56.336,1,,,,False,True,FP2,40.7,29.1,58.0
0 days 00:31:25.123000,BEA,87,0 days 00:01:46.801000,8.0,1.0,,,0 days 00:00:37.764000,0 days 00:00:43.610000,0 days 00:00:25.427000,0 days 00:30:16.086000,0 days 00:30:59.696000,0 days 00:31:25.123000,197.0,212.0,303.0,322.0,True,UNKNOWN,8.0,False,Haas F1 Team,0 days 00:29:38.322000,2026-09-24 12:15:19.548,12,,,,False,True,FP2,40.7,29.1,58.0
0 days 00:43:36.629000,BEA,87,,9.0,1.0,,0 days 00:33:50.536000,0 days 00:00:46.418000,0 days 00:00:50.584000,,0 days 00:32:12.864000,0 days 00:33:02.304000,,157.0,169.0,,,False,UNKNOWN,9.0,False,Haas F1 Team,0 days 00:31:25.123000,2026-09-24 12:17:06.349,125,,,,False,False,FP2,40.7,29.1,58.0
0 days 00:32:05.383000,NOR,1,,1.0,1.0,0 days 00:29:19.701000,0 days 00:32:03.985000,,0 days 00:00:57.136000,0 days 00:00:41.335000,,0 days 00:31:24.693000,0 days 00:32:05.383000,153.0,145.0,,205.0,False,SOFT,1.0,True,McLaren,0 days 00:29:19.701000,2026-09-25 08:45:25.731,1,,,,False,False,FP3,42.7,25.3,67.4
0 days 00:34:57.547000,NOR,1,,2.0,2.0,0 days 00:32:57.898000,,0 days 00:01:32.019000,0 days 00:00:50.032000,0 days 00:00:30.295000,0 days 00:33:37.425000,0 days 00:34:27.514000,0 days 00:34:57.705000,185.0,173.0,289.0,272.0,False,SOFT,2.0,False,McLaren,0 days 00:32:05.383000,2026-09-25 08:48:11.413,1,,,,False,False,FP3,43.4,25.4,67.6
0 days 00:36:45.851000,NOR,1,0 days 00:01:48.304000,3.0,2.0,,,0 days 00:00:38.182000,0 days 00:00:43.484000,0 days 00:00:26.638000,0 days 00:35:35.729000,0 days 00:36:19.213000,0 days 00:36:45.851000,205.0,198.0,297.0,304.0,True,SOFT,3.0,False,McLaren,0 days 00:34:57.547000,2026-09-25 08:51:03.577,1,,,,False,True,FP3,44.2,25.4,66.4
0 days 00:38:55.827000,NOR,1,0 days 00:02:09.976000,4.0,2.0,,,0 days 00:00:46.274000,0 days 00:00:53.259000,0 days 00:00:30.443000,0 days 00:37:32.125000,0 days 00:38:25.384000,0 days 00:38:55.827000,169.0,181.0,290.0,274.0,False,SOFT,4.0,False,McLaren,0 days 00:36:45.851000,2026-09-25 08:52:51.881,12,,,,False,True,FP3,44.6,25.4,66.5
0 days 00:40:42.305000,NOR,1,0 days 00:01:46.478000,5.0,2.0,,,0 days 00:00:37.604000,0 days 00:00:42.992000,0 days 00:00:25.882000,0 days 00:39:33.431000,0 days 00:40:16.423000,0 days 00:40:42.305000,202.0,209.0,310.0,314.0,True,SOFT,5.0,False,McLaren,0 days 00:38:55.827000,2026-09-25 08:55:01.857,1,,,,False,True,FP3,44.6,25.4,66.5
0 days 00:42:54.400000,NOR,1,0 days 00:02:12.095000,6.0,2.0,,,0 days 00:00:48.421000,0 days 00:00:54.403000,0 days 00:00:29.271000,0 days 00:41:30.726000,0 days 00:42:25.129000,0 days 00:42:54.400000,143.0,189.0,301.0,277.0,False,SOFT,6.0,False,McLaren,0 days 00:40:42.305000,2026-09-25 08:56:48.335,12,,,,False,True,FP3,42.8,25.5,65.9
0 days 00:44:40.535000,NOR,1,0 days 00:01:46.135000,7.0,2.0,,,0 days 00:00:37.196000,0 days 00:00:43.016000,0 days 00:00:25.923000,0 days 00:43:31.596000,0 days 00:44:14.612000,0 days 00:44:40.535000,208.0,210.0,300.0,311.0,True,SOFT,7.0,False,McLaren,0 days 00:42:54.400000,2026-09-25 08:59:00.430,12,,,,False,True,FP3,42.8,25.5,65.9
0 days 00:46:55.955000,NOR,1,0 days 00:02:15.420000,8.0,2.0,,,0 days 00:00:52.848000,0 days 00:00:53.005000,0 days 00:00:29.567000,0 days 00:45:33.383000,0 days 00:46:26.388000,0 days 00:46:55.955000,152.0,188.0,302.0,276.0,False,SOFT,8.0,False,McLaren,0 days 00:44:40.535000,2026-09-25 09:00:46.565,12,,,,False,True,FP3,42.8,25.5,65.9
0 days 00:48:55.741000,NOR,1,0 days 00:01:59.786000,9.0,2.0,,,0 days 00:00:38.547000,0 days 00:00:51.829000,0 days 00:00:29.410000,0 days 00:47:34.502000,0 days 00:48:26.331000,0 days 00:48:55.741000,148.0,197.0,302.0,275.0,False,SOFT,9.0,False,McLaren,0 days 00:46:55.955000,2026-09-25 09:03:01.985,21,,,,False,True,FP3,42.8,25.5,65.9
0 days 00:50:48.969000,NOR,1,0 days 00:01:53.228000,10.0,2.0,,0 days 00:50:48.338000,0 days 00:00:36.685000,0 days 00:00:43.127000,0 days 00:00:33.416000,0 days 00:49:32.426000,0 days 00:50:15.553000,0 days 00:50:48.969000,213.0,205.0,,280.0,False,SOFT,10.0,False,McLaren,0 days 00:48:55.741000,2026-09-25 09:05:01.771,1,,,,False,False,FP3,43.4,25.5,65.5
0 days 01:00:06.626000,NOR,1,,11.0,3.0,0 days 00:57:59.224000,,,0 days 00:00:52.362000,0 days 00:00:29.245000,,0 days 00:59:37.547000,0 days 01:00:06.713000,187.0,188.0,294.0,280.0,False,SOFT,1.0,True,McLaren,0 days 00:50:48.969000,2026-09-25 09:06:54.999,167,,,,False,False,FP3,43.7,25.4,65.9
0 days 01:01:51.952000,NOR,1,0 days 00:01:45.326000,12.0,3.0,,,0 days 00:00:36.957000,0 days 00:00:42.820000,0 days 00:00:25.549000,0 days 01:00:43.583000,0 days 01:01:26.403000,0 days 01:01:51.952000,217.0,206.0,305.0,316.0,True,SOFT,2.0,True,McLaren,0 days 01:00:06.626000,2026-09-25 09:16:12.656,1,,,,False,True,FP3,43.7,25.4,65.9
0 days 01:03:55.300000,NOR,1,0 days 00:02:03.348000,13.0,3.0,,,0 days 00:00:46.014000,0 days 00:00:48.476000,0 days 00:00:28.858000,0 days 01:02:37.966000,0 days 01:03:26.442000,0 days 01:03:55.300000,154.0,201.0,309.0,282.0,False,SOFT,3.0,True,McLaren,0 days 01:01:51.952000,2026-09-25 09:17:57.982,12,,,,False,True,FP3,43.7,25.4,65.9
0 days 01:05:40.199000,NOR,1,0 days 00:01:44.899000,14.0,3.0,,,0 days 00:00:36.756000,0 days 00:00:42.474000,0 days 00:00:25.669000,0 days 01:04:32.056000,0 days 01:05:14.530000,0 days 01:05:40.199000,212.0,209.0,300.0,311.0,True,SOFT,4.0,True,McLaren,0 days 01:03:55.300000,2026-09-25 09:20:01.330,12,,,,False,True,FP3,43.7,25.4,65.9
0 days 01:07:43.561000,NOR,1,0 days 00:02:03.362000,15.0,3.0,,,0 days 00:00:45.842000,0 days 00:00:47.787000,0 days 00:00:29.733000,0 days 01:06:26.041000,0 days 01:07:13.828000,0 days 01:07:43.561000,155.0,126.0,307.0,272.0,False,SOFT,5.0,True,McLaren,0 days 01:05:40.199000,2026-09-25 09:21:46.229,12,,,,False,True,FP3,43.7,25.4,65.9
0 days 01:09:38.566000,NOR,1,0 days 00:01:55.005000,16.0,3.0,,,0 days 00:00:36.793000,0 days 00:00:49.282000,0 days 00:00:28.930000,0 days 01:08:20.354000,0 days 01:09:09.636000,0 days 01:09:38.566000,209.0,199.0,303.0,281.0,False,SOFT,6.0,True,McLaren,0 days 01:07:43.561000,2026-09-25 09:23:49.591,1,,,,False,True,FP3,44.6,25.4,66.3
0 days 01:11:24.176000,NOR,1,0 days 00:01:45.610000,17.0,3.0,,,0 days 00:00:36.859000,0 days 00:00:42.696000,0 days 00:00:26.055000,0 days 01:10:15.425000,0 days 01:10:58.121000,0 days 01:11:24.176000,213.0,204.0,300.0,311.0,False,SOFT,7.0,True,McLaren,0 days 01:09:38.566000,2026-09-25 09:25:44.596,12,,,,False,True,FP3,44.6,25.4,66.3
0 days 01:13:32.350000,NOR,1,0 days 00:02:08.174000,18.0,3.0,,,0 days 00:00:47.413000,0 days 00:00:51.423000,0 days 00:00:29.338000,0 days 01:12:11.589000,0 days 01:13:03.012000,0 days 01:13:32.350000,180.0,150.0,306.0,278.0,False,SOFT,8.0,True,McLaren,0 days 01:11:24.176000,2026-09-25 09:27:30.206,12,,,,False,True,FP3,44.6,25.4,66.3
0 days 01:15:17.261000,NOR,1,0 days 00:01:44.911000,19.0,3.0,,,0 days 00:00:36.563000,0 days 00:00:42.704000,0 days 00:00:25.644000,0 days 01:14:08.913000,0 days 01:14:51.617000,0 days 01:15:17.261000,215.0,203.0,303.0,313.0,False,SOFT,9.0,True,McLaren,0 days 01:13:32.350000,2026-09-25 09:29:38.380,12,,,,False,True,FP3,44.6,25.4,66.3
0 days 01:17:38.577000,NOR,1,0 days 00:02:21.316000,20.0,3.0,,0 days 01:17:37.285000,0 days 00:00:48.995000,0 days 00:00:58.665000,0 days 00:00:33.656000,0 days 01:16:06.256000,0 days 01:17:04.921000,0 days 01:17:38.577000,146.0,150.0,,288.0,False,SOFT,10.0,True,McLaren,0 days 01:15:17.261000,2026-09-25 09:31:23.291,21,,,,False,False,FP3,44.6,25.4,66.3
0 days 00:19:25.830000,GAS,10,,1.0,1.0,0 days 00:17:16.809000,,,0 days 00:00:50.948000,0 days 00:00:29.940000,,0 days 00:18:56.209000,0 days 00:19:25.989000,167.0,160.0,307.0,278.0,False,MEDIUM,1.0,True,Alpine,0 days 00:17:16.809000,2026-09-25 08:33:22.839,1,,,,False,False,FP3,42.8,25.5,66.2
0 days 00:21:16.412000,GAS,10,0 days 00:01:50.582000,2.0,1.0,,,0 days 00:00:39.502000,0 days 00:00:45.092000,0 days 00:00:25.988000,0 days 00:20:05.332000,0 days 00:20:50.424000,0 days 00:21:16.412000,178.0,189.0,303.0,317.0,True,MEDIUM,2.0,True,Alpine,0 days 00:19:25.830000,2026-09-25 08:35:31.860,1,,,,False,True,FP3,42.8,25.5,66.2
0 days 00:23:27.805000,GAS,10,0 days 00:02:11.393000,3.0,1.0,,,0 days 00:00:50.068000,0 days 00:00:51.811000,0 days 00:00:29.514000,0 days 00:22:06.480000,0 days 00:22:58.291000,0 days 00:23:27.805000,155.0,171.0,304.0,278.0,False,MEDIUM,3.0,True,Alpine,0 days 00:21:16.412000,2026-09-25 08:37:22.442,1,,,,False,True,FP3,42.8,25.5,66.2
0 days 00:25:16.100000,GAS,10,0 days 00:01:48.295000,4.0,1.0,,,0 days 00:00:38.479000,0 days 00:00:44.026000,0 days 00:00:25.790000,0 days 00:24:06.284000,0 days 00:24:50.310000,0 days 00:25:16.100000,193.0,206.0,303.0,317.0,True,MEDIUM,4.0,True,Alpine,0 days 00:23:27.805000,2026-09-25 08:39:33.835,1,,,,False,True,FP3,44.9,25.6,65.8
0 days 00:27:33.403000,GAS,10,0 days 00:02:17.303000,5.0,1.0,,,0 days 00:00:54.950000,0 days 00:00:53.244000,0 days 00:00:29.109000,0 days 00:26:11.050000,0 days 00:27:04.294000,0 days 00:27:33.403000,145.0,184.0,305.0,280.0,False,MEDIUM,5.0,True,Alpine,0 days 00:25:16.100000,2026-09-25 08:41:22.130,167,,,,False,False,FP3,44.9,25.6,65.8
0 days 00:29:21.117000,GAS,10,0 days 00:01:47.714000,6.0,1.0,,,0 days 00:00:38.166000,0 days 00:00:43.766000,0 days 00:00:25.782000,0 days 00:28:11.569000,0 days 00:28:55.335000,0 days 00:29:21.117000,204.0,204.0,305.0,315.0,True,MEDIUM,6.0,True,Alpine,0 days 00:27:33.403000,2026-09-25 08:43:39.433,1,,,,False,True,FP3,44.9,25.6,65.8
0 days 00:31:34.161000,GAS,10,0 days 00:02:13.044000,7.0,1.0,,,0 days 00:00:51.547000,0 days 00:00:52.413000,0 days 00:00:29.084000,0 days 00:30:12.664000,0 days 00:31:05.077000,0 days 00:31:34.161000,143.0,186.0,302.0,281.0,False,MEDIUM,7.0,True,Alpine,0 days 00:29:21.117000,2026-09-25 08:45:27.147,1,,,,False,True,FP3,44.9,25.6,65.8
0 days 00:33:34.204000,GAS,10,0 days 00:02:00.043000,8.0,1.0,,0 days 00:33:32.567000,0 days 00:00:37.981000,0 days 00:00:43.543000,0 days 00:00:38.519000,0 days 00:32:12.142000,0 days 00:32:55.685000,0 days 00:33:34.204000,195.0,206.0,,230.0,False,MEDIUM,8.0,True,Alpine,0 days 00:31:34.161000,2026-09-25 08:47:40.191,1,,,,False,False,FP3,44.9,25.6,65.8
0 days 00:45:45.412000,GAS,10,,9.0,2.0,0 days 00:43:34.767000,,,0 days 00:00:53.022000,0 days 00:00:29.432000,,0 days 00:45:16.250000,0 days 00:45:45.549000,81.0,154.0,307.0,277.0,False,MEDIUM,9.0,False,Alpine,0 days 00:33:34.204000,2026-09-25 08:49:40.234,12,,,,False,False,FP3,44.9,25.6,65.8
0 days 00:47:50.755000,GAS,10,0 days 00:02:05.343000,10.0,2.0,,,0 days 00:00:41.774000,0 days 00:00:54.074000,0 days 00:00:29.495000,0 days 00:46:27.186000,0 days 00:47:21.260000,0 days 00:47:50.755000,156.0,172.0,307.0,277.0,False,MEDIUM,10.0,False,Alpine,0 days 00:45:45.412000,2026-09-25 09:01:51.442,12,,,,False,True,FP3,44.9,25.6,65.8
0 days 00:49:37.168000,GAS,10,0 days 00:01:46.413000,11.0,2.0,,,0 days 00:00:37.883000,0 days 00:00:43.144000,0 days 00:00:25.386000,0 days 00:48:28.638000,0 days 00:49:11.782000,0 days 00:49:37.168000,190.0,208.0,305.0,318.0,True,MEDIUM,11.0,False,Alpine,0 days 00:47:50.755000,2026-09-25 09:03:56.785,12,,,,False,True,FP3,43.3,25.6,66.5
0 days 00:52:03.144000,GAS,10,0 days 00:02:25.976000,12.0,2.0,,,0 days 00:01:00.656000,0 days 00:00:56.392000,0 days 00:00:28.928000,0 days 00:50:37.824000,0 days 00:51:34.216000,0 days 00:52:03.144000,129.0,182.0,304.0,282.0,False,MEDIUM,12.0,False,Alpine,0 days 00:49:37.168000,2026-09-25 09:05:43.198,1,,,,False,True,FP3,43.3,25.6,66.5
0 days 00:54:16.184000,GAS,10,0 days 00:02:13.040000,13.0,2.0,,0 days 00:54:14.831000,0 days 00:00:37.510000,0 days 00:00:55.887000,0 days 00:00:39.643000,0 days 00:52:40.654000,0 days 00:53:36.541000,0 days 00:54:16.184000,205.0,123.0,,233.0,False,MEDIUM,13.0,False,Alpine,0 days 00:52:03.144000,2026-09-25 09:08:09.174,167,,,,False,False,FP3,43.3,25.6,66.5
0 days 01:04:25.235000,GAS,10,,14.0,3.0,0 days 01:02:11.847000,,,0 days 00:00:53.645000,0 days 00:00:30.339000,,0 days 01:03:55.156000,0 days 01:04:25.739000,175.0,85.0,308.0,281.0,False,SOFT,1.0,True,Alpine,0 days 00:54:16.184000,2026-09-25 09:10:22.214,12,,,,False,False,FP3,43.3,25.6,66.5
0 days 01:06:11.351000,GAS,10,0 days 00:01:46.116000,15.0,3.0,,,0 days 00:00:37.892000,0 days 00:00:43,0 days 00:00:25.224000,0 days 01:05:03.127000,0 days 01:05:46.127000,0 days 01:06:11.351000,206.0,204.0,306.0,318.0,True,SOFT,2.0,True,Alpine,0 days 01:04:25.235000,2026-09-25 09:20:31.265,12,,,,False,True,FP3,43.3,25.6,66.5
0 days 01:08:36.536000,GAS,10,0 days 00:02:25.185000,16.0,3.0,,,0 days 00:00:54.957000,0 days 00:01:01.742000,0 days 00:00:28.486000,0 days 01:07:06.308000,0 days 01:08:08.050000,0 days 01:08:36.536000,135.0,175.0,310.0,285.0,False,SOFT,3.0,True,Alpine,0 days 01:06:11.351000,2026-09-25 09:22:17.381,12,,,,False,True,FP3,43.3,25.6,66.5
0 days 01:10:21.812000,GAS,10,0 days 00:01:45.276000,17.0,3.0,,,0 days 00:00:37.231000,0 days 00:00:42.772000,0 days 00:00:25.273000,0 days 01:09:13.767000,0 days 01:09:56.539000,0 days 01:10:21.812000,204.0,203.0,309.0,318.0,True,SOFT,4.0,True,Alpine,0 days 01:08:36.536000,2026-09-25 09:24:42.566,1,,,,False,True,FP3,43.3,25.6,65.8
0 days 01:12:54.672000,GAS,10,,18.0,3.0,,,0 days 00:01:05.307000,0 days 00:00:58.974000,0 days 00:00:28.475000,0 days 01:11:27.429000,0 days 01:12:26.421000,0 days 01:12:54.789000,137.0,183.0,314.0,285.0,False,SOFT,5.0,True,Alpine,0 days 01:10:21.812000,2026-09-25 09:26:27.842,12,,,,False,False,FP3,43.3,25.6,65.8
0 days 01:14:39.309000,GAS,10,0 days 00:01:44.637000,19.0,3.0,,,0 days 00:00:37.261000,0 days 00:00:42.722000,0 days 00:00:24.654000,0 days 01:13:31.933000,0 days 01:14:14.655000,0 days 01:14:39.309000,206.0,203.0,319.0,339.0,True,SOFT,6.0,True,Alpine,0 days 01:12:54.672000,2026-09-25 09:29:00.702,1,,,,False,True,FP3,43.3,25.6,65.8
0 days 01:17:11.314000,GAS,10,,20.0,3.0,,0 days 01:17:09.952000,0 days 00:00:53.588000,0 days 00:01:02.465000,0 days 00:00:35.976000,0 days 01:15:33.035000,0 days 01:16:35.449000,0 days 01:17:11.314000,127.0,131.0,,297.0,False,SOFT,7.0,True,Alpine,0 days 01:14:39.309000,2026-09-25 09:30:45.339,12,,,,False,False,FP3,43.3,25.6,65.8
0 days 00:31:40.337000,PER,11,,1.0,1.0,0 days 00:29:34.420000,,,0 days 00:00:50.991000,0 days 00:00:30.540000,,0 days 00:31:10.116000,0 days 00:31:40.499000,166.0,79.0,297.0,277.0,False,SOFT,1.0,True,Cadillac,0 days 00:29:34.420000,2026-09-25 08:45:40.450,1,,,,False,False,FP3,43.3,25.6,65.8
0 days 00:33:35.396000,PER,11,0 days 00:01:55.059000,2.0,1.0,,,0 days 00:00:39.199000,0 days 00:00:46.594000,0 days 00:00:29.266000,0 days 00:32:19.536000,0 days 00:33:06.130000,0 days 00:33:35.396000,193.0,197.0,299.0,277.0,True,SOFT,2.0,True,Cadillac,0 days 00:31:40.337000,2026-09-25 08:47:46.367,1,,,,False,True,FP3,43.3,25.6,65.8
0 days 00:35:22.974000,PER,11,0 days 00:01:47.578000,3.0,1.0,,,0 days 00:00:38.140000,0 days 00:00:43.647000,0 days 00:00:25.791000,0 days 00:34:13.536000,0 days 00:34:57.183000,0 days 00:35:22.974000,199.0,206.0,302.0,323.0,True,SOFT,3.0,True,Cadillac,0 days 00:33:35.396000,2026-09-25 08:49:41.426,1,,,,False,True,FP3,43.3,25.6,65.8
0 days 00:37:59.858000,PER,11,,4.0,1.0,,,0 days 00:01:02.008000,0 days 00:01:05.370000,0 days 00:00:29.482000,0 days 00:36:25.292000,0 days 00:37:30.713000,0 days 00:37:59.971000,128.0,154.0,301.0,279.0,False,SOFT,4.0,True,Cadillac,0 days 00:35:22.974000,2026-09-25 08:51:29.004,1,,,,False,False,FP3,43.3,25.6,65.8
0 days 00:40:23.476000,PER,11,0 days 00:02:23.618000,5.0,1.0,,,0 days 00:00:59.280000,0 days 00:00:55.175000,0 days 00:00:29.163000,0 days 00:38:59.138000,0 days 00:39:54.313000,0 days 00:40:23.476000,174.0,186.0,304.0,282.0,False,SOFT,5.0,True,Cadillac,0 days 00:37:59.858000,2026-09-25 08:54:05.888,12,,,,False,True,FP3,43.3,25.6,65.8
0 days 00:42:21.856000,PER,11,0 days 00:01:58.380000,6.0,1.0,,,0 days 00:00:38.198000,0 days 00:00:51.070000,0 days 00:00:29.112000,0 days 00:41:01.674000,0 days 00:41:52.744000,0 days 00:42:21.856000,196.0,195.0,302.0,279.0,False,SOFT,6.0,True,Cadillac,0 days 00:40:23.476000,2026-09-25 08:56:29.506,1,,,,False,True,FP3,43.3,25.6,65.8
0 days 00:44:24.446000,PER,11,0 days 00:02:02.590000,7.0,1.0,,,0 days 00:00:41.635000,0 days 00:00:51.885000,0 days 00:00:29.070000,0 days 00:43:03.491000,0 days 00:43:55.376000,0 days 00:44:24.446000,153.0,200.0,302.0,279.0,False,SOFT,7.0,True,Cadillac,0 days 00:42:21.856000,2026-09-25 08:58:27.886,12,,,,False,True,FP3,43.3,25.6,65.8
0 days 00:46:11.580000,PER,11,0 days 00:01:47.134000,8.0,1.0,,,0 days 00:00:37.706000,0 days 00:00:43.484000,0 days 00:00:25.944000,0 days 00:45:02.152000,0 days 00:45:45.636000,0 days 00:46:11.580000,197.0,205.0,298.0,318.0,True,SOFT,8.0,True,Cadillac,0 days 00:44:24.446000,2026-09-25 09:00:30.476,12,,,,False,True,FP3,43.7,25.5,66.5
0 days 00:48:41.517000,PER,11,0 days 00:02:29.937000,9.0,1.0,,,0 days 00:01:05.575000,0 days 00:00:54.790000,0 days 00:00:29.572000,0 days 00:47:17.155000,0 days 00:48:11.945000,0 days 00:48:41.517000,154.0,181.0,303.0,274.0,False,SOFT,9.0,True,Cadillac,0 days 00:46:11.580000,2026-09-25 09:02:17.610,21,,,,False,True,FP3,43.7,25.5,66.5
0 days 00:50:28.544000,PER,11,0 days 00:01:47.027000,10.0,1.0,,,0 days 00:00:37.655000,0 days 00:00:43.497000,0 days 00:00:25.875000,0 days 00:49:19.172000,0 days 00:50:02.669000,0 days 00:50:28.544000,197.0,206.0,307.0,318.0,True,SOFT,10.0,True,Cadillac,0 days 00:48:41.517000,2026-09-25 09:04:47.547,1,,,,False,True,FP3,43.7,25.5,66.5
0 days 00:52:38.066000,PER,11,0 days 00:02:09.522000,11.0,1.0,,0 days 00:52:36.716000,0 days 00:00:43.508000,0 days 00:00:48.910000,0 days 00:00:37.104000,0 days 00:51:12.052000,0 days 00:52:00.962000,0 days 00:52:38.066000,167.0,175.0,,259.0,False,SOFT,11.0,True,Cadillac,0 days 00:50:28.544000,2026-09-25 09:06:34.574,1,,,,False,False,FP3,43.7,25.5,66.5
0 days 01:04:41.261000,PER,11,,12.0,2.0,0 days 01:02:21.228000,,,0 days 00:00:56.774000,0 days 00:00:32.882000,,0 days 01:04:08.513000,0 days 01:04:41.305000,106.0,108.0,296.0,263.0,False,SOFT,1.0,True,Cadillac,0 days 00:52:38.066000,2026-09-25 09:08:44.096,1672,,,,False,False,FP3,43.7,25.5,66.5
0 days 01:06:35.737000,PER,11,0 days 00:01:54.476000,13.0,2.0,,,0 days 00:00:39.431000,0 days 00:00:45.837000,0 days 00:00:29.208000,0 days 01:05:20.692000,0 days 01:06:06.529000,0 days 01:06:35.737000,184.0,192.0,296.0,277.0,False,SOFT,2.0,True,Cadillac,0 days 01:04:41.261000,2026-09-25 09:20:47.291,12,,,,False,True,FP3,43.7,25.5,66.5
0 days 01:08:47.771000,PER,11,0 days 00:02:12.034000,14.0,2.0,,,0 days 00:00:44.132000,0 days 00:00:58.877000,0 days 00:00:29.025000,0 days 01:07:19.869000,0 days 01:08:18.746000,0 days 01:08:47.771000,142.0,144.0,306.0,282.0,False,SOFT,3.0,True,Cadillac,0 days 01:06:35.737000,2026-09-25 09:22:41.767,12,,,,False,True,FP3,43.7,25.5,66.5
0 days 01:10:33.956000,PER,11,0 days 00:01:46.185000,15.0,2.0,,,0 days 00:00:37.424000,0 days 00:00:43.184000,0 days 00:00:25.577000,0 days 01:09:25.195000,0 days 01:10:08.379000,0 days 01:10:33.956000,197.0,203.0,309.0,323.0,True,SOFT,4.0,True,Cadillac,0 days 01:08:47.771000,2026-09-25 09:24:53.801,1,,,,False,True,FP3,43.7,25.5,66.5
0 days 01:13:06.580000,PER,11,,16.0,2.0,,,0 days 00:00:58.612000,0 days 00:01:05.033000,0 days 00:00:29.026000,0 days 01:11:32.706000,0 days 01:12:37.896000,0 days 01:13:07.050000,110.0,189.0,305.0,280.0,False,SOFT,5.0,True,Cadillac,0 days 01:10:33.956000,2026-09-25 09:26:39.986,12,,,,False,False,FP3,43.7,25.5,66.5
0 days 01:14:52.584000,PER,11,0 days 00:01:46.004000,17.0,2.0,,,0 days 00:00:37.164000,0 days 00:00:43.004000,0 days 00:00:25.836000,0 days 01:13:43.744000,0 days 01:14:26.748000,0 days 01:14:52.584000,198.0,206.0,300.0,314.0,True,SOFT,6.0,True,Cadillac,0 days 01:13:06.580000,2026-09-25 09:29:12.610,1,,,,False,True,FP3,43.7,25.5,66.5
0 days 01:17:23.251000,PER,11,,18.0,2.0,,,0 days 00:00:48.265000,0 days 00:00:58.703000,0 days 00:00:43.566000,0 days 01:15:41.066000,0 days 01:16:39.784000,0 days 01:17:23.251000,138.0,139.0,53.0,199.0,False,SOFT,7.0,True,Cadillac,0 days 01:14:52.584000,2026-09-25 09:30:58.614,12,,,,False,False,FP3,44.3,25.4,66.9
0 days 01:19:54.657000,PER,11,,19.0,2.0,,0 days 01:19:53.351000,0 days 00:01:06.494000,0 days 00:00:50.113000,0 days 00:00:34.877000,0 days 01:18:29.869000,0 days 01:19:19.984000,0 days 01:19:54.657000,152.0,162.0,,269.0,False,SOFT,8.0,True,Cadillac,0 days 01:17:23.251000,2026-09-25 09:33:29.281,1,,,,False,False,FP3,44.3,25.4,66.9
0 days 00:30:38.131000,ANT,12,,1.0,1.0,0 days 00:28:34.157000,,,0 days 00:00:49.789000,0 days 00:00:28.850000,,0 days 00:30:09.380000,0 days 00:30:38.179000,171.0,179.0,295.0,284.0,False,MEDIUM,1.0,True,Mercedes,0 days 00:28:34.157000,2026-09-25 08:44:40.187,1,,,,False,False,FP3,44.3,25.4,66.9
0 days 00:32:35.666000,ANT,12,0 days 00:01:57.535000,2.0,1.0,,0 days 00:32:34.230000,0 days 00:00:40.522000,0 days 00:00:47.639000,0 days 00:00:29.374000,0 days 00:31:18.653000,0 days 00:32:06.292000,0 days 00:32:35.666000,182.0,184.0,,321.0,False,MEDIUM,2.0,True,Mercedes,0 days 00:30:38.131000,2026-09-25 08:46:44.161,1,,,,False,False,FP3,44.3,25.4,66.9
0 days 00:35:11.240000,ANT,12,,3.0,2.0,0 days 00:33:02.400000,,0 days 00:01:11.663000,0 days 00:00:54.546000,0 days 00:00:29.433000,0 days 00:33:47.508000,0 days 00:34:42.036000,0 days 00:35:11.276000,176.0,176.0,294.0,276.0,False,MEDIUM,1.0,True,Mercedes,0 days 00:32:35.666000,2026-09-25 08:48:41.696,1,,,,False,False,FP3,44.3,25.4,66.9
0 days 00:36:57.822000,ANT,12,0 days 00:01:46.582000,4.0,2.0,,,0 days 00:00:37.828000,0 days 00:00:42.900000,0 days 00:00:25.854000,0 days 00:35:49.068000,0 days 00:36:31.968000,0 days 00:36:57.822000,206.0,210.0,306.0,320.0,True,MEDIUM,2.0,True,Mercedes,0 days 00:35:11.240000,2026-09-25 08:51:17.270,1,,,,False,True,FP3,44.3,25.4,66.9
0 days 00:39:29.245000,ANT,12,,5.0,2.0,,,0 days 00:00:52.119000,0 days 00:01:03.256000,0 days 00:00:36.042000,0 days 00:37:50.102000,0 days 00:38:53.414000,0 days 00:39:29.348000,137.0,49.0,293.0,280.0,False,MEDIUM,3.0,True,Mercedes,0 days 00:36:57.822000,2026-09-25 08:53:03.852,12,,,,False,False,FP3,44.2,25.4,66.3
0 days 00:41:34.988000,ANT,12,0 days 00:02:05.743000,6.0,2.0,,,0 days 00:00:44.725000,0 days 00:00:51.511000,0 days 00:00:29.507000,0 days 00:40:13.970000,0 days 00:41:05.481000,0 days 00:41:34.988000,165.0,174.0,292.0,277.0,False,MEDIUM,4.0,True,Mercedes,0 days 00:39:29.245000,2026-09-25 08:55:35.275,1,,,,False,True,FP3,44.2,25.4,66.3
0 days 00:43:20.034000,ANT,12,0 days 00:01:45.046000,7.0,2.0,,,0 days 00:00:37.287000,0 days 00:00:42.588000,0 days 00:00:25.171000,0 days 00:42:12.275000,0 days 00:42:54.863000,0 days 00:43:20.034000,207.0,205.0,312.0,328.0,True,MEDIUM,5.0,True,Mercedes,0 days 00:41:34.988000,2026-09-25 08:57:41.018,12,,,,False,True,FP3,44.2,25.4,66.3
0 days 00:45:32.758000,ANT,12,0 days 00:02:12.724000,8.0,2.0,,,0 days 00:00:50.106000,0 days 00:00:53.300000,0 days 00:00:29.318000,0 days 00:44:10.140000,0 days 00:45:03.440000,0 days 00:45:32.758000,152.0,167.0,293.0,279.0,False,MEDIUM,6.0,True,Mercedes,0 days 00:43:20.034000,2026-09-25 08:59:26.064,12,,,,False,True,FP3,44.2,25.4,66.3
0 days 00:47:57.090000,ANT,12,0 days 00:02:24.332000,9.0,2.0,,0 days 00:47:55.725000,0 days 00:00:53.663000,0 days 00:00:56.601000,0 days 00:00:34.068000,0 days 00:46:26.421000,0 days 00:47:23.022000,0 days 00:47:57.090000,136.0,161.0,,264.0,False,MEDIUM,7.0,True,Mercedes,0 days 00:45:32.758000,2026-09-25 09:01:38.788,12,,,,False,False,FP3,44.2,25.4,66.3
0 days 00:53:05.542000,ANT,12,,10.0,3.0,0 days 00:51:06.053000,,,0 days 00:00:47.808000,0 days 00:00:27.296000,,0 days 00:52:38.453000,0 days 00:53:05.633000,178.0,194.0,160.0,307.0,False,SOFT,1.0,True,Mercedes,0 days 00:47:57.090000,2026-09-25 09:04:03.120,126,,,,False,False,FP3,44.2,25.4,66.3
0 days 00:55:14.052000,ANT,12,0 days 00:02:08.510000,11.0,3.0,,,0 days 00:00:51.351000,0 days 00:00:47.742000,0 days 00:00:29.417000,0 days 00:53:56.893000,0 days 00:54:44.635000,0 days 00:55:14.052000,173.0,191.0,293.0,277.0,False,SOFT,2.0,True,Mercedes,0 days 00:53:05.542000,2026-09-25 09:09:11.572,671,,,,False,False,FP3,44.2,25.4,66.3
0 days 00:56:58.849000,ANT,12,0 days 00:01:44.797000,12.0,3.0,,,0 days 00:00:36.934000,0 days 00:00:42.488000,0 days 00:00:25.375000,0 days 00:55:50.986000,0 days 00:56:33.474000,0 days 00:56:58.849000,212.0,206.0,309.0,324.0,True,SOFT,3.0,True,Mercedes,0 days 00:55:14.052000,2026-09-25 09:11:20.082,1,,,,False,True,FP3,44.2,25.4,66.3
0 days 00:59:14.728000,ANT,12,0 days 00:02:15.879000,13.0,3.0,,,0 days 00:00:50.451000,0 days 00:00:56.006000,0 days 00:00:29.422000,0 days 00:57:49.300000,0 days 00:58:45.306000,0 days 00:59:14.728000,141.0,175.0,293.0,275.0,False,SOFT,4.0,True,Mercedes,0 days 00:56:58.849000,2026-09-25 09:13:04.879,1,,,,False,True,FP3,44.2,25.4,66.3
0 days 01:00:59.001000,ANT,12,0 days 00:01:44.273000,14.0,3.0,,,0 days 00:00:36.821000,0 days 00:00:42.259000,0 days 00:00:25.193000,0 days 00:59:51.549000,0 days 01:00:33.808000,0 days 01:00:59.001000,201.0,209.0,309.0,323.0,True,SOFT,5.0,True,Mercedes,0 days 00:59:14.728000,2026-09-25 09:15:20.758,1,,,,False,True,FP3,44.2,25.4,66.3
0 days 01:03:17.665000,ANT,12,0 days 00:02:18.664000,15.0,3.0,,,0 days 00:00:57.195000,0 days 00:00:52.274000,0 days 00:00:29.195000,0 days 01:01:56.196000,0 days 01:02:48.470000,0 days 01:03:17.665000,136.0,180.0,295.0,280.0,False,SOFT,6.0,True,Mercedes,0 days 01:00:59.001000,2026-09-25 09:17:05.031,12,,,,False,True,FP3,44.2,25.4,66.3
0 days 01:05:21.368000,ANT,12,0 days 00:02:03.703000,16.0,3.0,,,0 days 00:00:36.687000,0 days 00:00:57.243000,0 days 00:00:29.773000,0 days 01:03:54.352000,0 days 01:04:51.595000,0 days 01:05:21.368000,209.0,171.0,291.0,273.0,False,SOFT,7.0,True,Mercedes,0 days 01:03:17.665000,2026-09-25 09:19:23.695,12,,,,False,True,FP3,44.2,25.4,66.3
0 days 01:07:33.158000,ANT,12,0 days 00:02:11.790000,17.0,3.0,,,0 days 00:00:52.781000,0 days 00:00:49.902000,0 days 00:00:29.107000,0 days 01:06:14.149000,0 days 01:07:04.051000,0 days 01:07:33.158000,144.0,187.0,296.0,278.0,False,SOFT,8.0,True,Mercedes,0 days 01:05:21.368000,2026-09-25 09:21:27.398,12,,,,False,True,FP3,44.7,25.4,67.0
0 days 01:09:31.703000,ANT,12,0 days 00:01:58.545000,18.0,3.0,,0 days 01:09:30.368000,0 days 00:00:37.295000,0 days 00:00:49.285000,0 days 00:00:31.965000,0 days 01:08:10.453000,0 days 01:08:59.738000,0 days 01:09:31.703000,207.0,181.0,,288.0,False,SOFT,9.0,True,Mercedes,0 days 01:07:33.158000,2026-09-25 09:23:39.188,1,,,,False,False,FP3,44.7,25.4,67.0
0 days 01:15:32.174000,ANT,12,,19.0,4.0,0 days 01:13:31.680000,,,0 days 00:00:48.444000,0 days 00:00:29.821000,,0 days 01:15:02.504000,0 days 01:15:32.174000,173.0,174.0,269.0,279.0,False,MEDIUM,3.0,False,Mercedes,0 days 01:09:31.703000,2026-09-25 09:25:37.733,12,,,,False,False,FP3,44.7,25.4,67.0
0 days 01:17:55.852000,ANT,12,0 days 00:02:23.678000,20.0,4.0,,,0 days 00:00:45.541000,0 days 00:00:49.376000,0 days 00:00:48.761000,0 days 01:16:17.715000,0 days 01:17:07.091000,0 days 01:17:55.852000,173.0,166.0,74.0,245.0,False,MEDIUM,4.0,False,Mercedes,0 days 01:15:32.174000,2026-09-25 09:31:38.204,1,,,,False,True,FP3,44.7,25.4,67.0
0 days 01:20:36.671000,ANT,12,,21.0,4.0,,0 days 01:20:35.157000,0 days 00:01:17.640000,0 days 00:00:49.138000,0 days 00:00:33.943000,0 days 01:19:13.616000,0 days 01:20:02.762000,0 days 01:20:36.671000,152.0,183.0,,284.0,False,MEDIUM,5.0,False,Mercedes,0 days 01:17:55.852000,2026-09-25 09:34:01.882,1,,,,False,False,FP3,44.7,25.4,67.0
0 days 00:29:13.227000,ALO,14,,1.0,1.0,0 days 00:27:12.604000,,,0 days 00:00:49.554000,0 days 00:00:29.566000,,0 days 00:28:43.933000,0 days 00:29:13.380000,178.0,181.0,272.0,270.0,False,SOFT,1.0,True,Aston Martin,0 days 00:27:12.604000,2026-09-25 08:43:18.634,1,,,,False,False,FP3,44.7,25.4,67.0
0 days 00:31:18.886000,ALO,14,0 days 00:02:05.659000,2.0,1.0,,,0 days 00:00:42.976000,0 days 00:00:52.016000,0 days 00:00:30.667000,0 days 00:29:56.203000,0 days 00:30:48.219000,0 days 00:31:18.886000,175.0,133.0,296.0,273.0,True,SOFT,2.0,True,Aston Martin,0 days 00:29:13.227000,2026-09-25 08:45:19.257,1,,,,False,True,FP3,44.7,25.4,67.0
0 days 00:33:08.795000,ALO,14,0 days 00:01:49.909000,3.0,1.0,,,0 days 00:00:38.886000,0 days 00:00:44.728000,0 days 00:00:26.295000,0 days 00:31:57.772000,0 days 00:32:42.500000,0 days 00:33:08.795000,187.0,193.0,294.0,301.0,True,SOFT,3.0,True,Aston Martin,0 days 00:31:18.886000,2026-09-25 08:47:24.916,1,,,,False,True,FP3,44.7,25.4,67.0
0 days 00:35:23.309000,ALO,14,0 days 00:02:14.514000,4.0,1.0,,,0 days 00:00:49.913000,0 days 00:00:54.695000,0 days 00:00:29.906000,0 days 00:33:58.708000,0 days 00:34:53.403000,0 days 00:35:23.309000,162.0,164.0,302.0,274.0,False,SOFT,4.0,True,Aston Martin,0 days 00:33:08.795000,2026-09-25 08:49:14.825,1,,,,False,True,FP3,44.7,25.4,67.0
0 days 00:37:20.149000,ALO,14,0 days 00:01:56.840000,5.0,1.0,,,0 days 00:00:38.115000,0 days 00:00:44.139000,0 days 00:00:34.586000,0 days 00:36:01.424000,0 days 00:36:45.563000,0 days 00:37:20.149000,192.0,200.0,266.0,151.0,False,SOFT,5.0,True,Aston Martin,0 days 00:35:23.309000,2026-09-25 08:51:29.339,1,,,,False,True,FP3,44.9,25.4,66.2
0 days 00:39:35.465000,ALO,14,0 days 00:02:15.316000,6.0,1.0,,,0 days 00:00:50.739000,0 days 00:00:54.800000,0 days 00:00:29.777000,0 days 00:38:10.888000,0 days 00:39:05.688000,0 days 00:39:35.465000,123.0,154.0,298.0,275.0,False,SOFT,6.0,True,Aston Martin,0 days 00:37:20.149000,2026-09-25 08:53:26.179,12,,,,False,True,FP3,44.9,25.4,66.2
0 days 00:41:24.120000,ALO,14,0 days 00:01:48.655000,7.0,1.0,,,0 days 00:00:37.872000,0 days 00:00:44.124000,0 days 00:00:26.659000,0 days 00:40:13.337000,0 days 00:40:57.461000,0 days 00:41:24.120000,203.0,187.0,289.0,297.0,True,SOFT,7.0,True,Aston Martin,0 days 00:39:35.465000,2026-09-25 08:55:41.495,1,,,,False,True,FP3,44.9,25.4,66.2
0 days 00:43:41.139000,ALO,14,0 days 00:02:17.019000,8.0,1.0,,,0 days 00:00:53.111000,0 days 00:00:54.232000,0 days 00:00:29.676000,0 days 00:42:17.231000,0 days 00:43:11.463000,0 days 00:43:41.139000,153.0,153.0,313.0,276.0,False,SOFT,8.0,True,Aston Martin,0 days 00:41:24.120000,2026-09-25 08:57:30.150,12,,,,False,True,FP3,44.9,25.4,66.2
0 days 00:45:28.971000,ALO,14,0 days 00:01:47.832000,9.0,1.0,,,0 days 00:00:37.612000,0 days 00:00:43.887000,0 days 00:00:26.333000,0 days 00:44:18.751000,0 days 00:45:02.638000,0 days 00:45:28.971000,199.0,195.0,289.0,302.0,True,SOFT,9.0,True,Aston Martin,0 days 00:43:41.139000,2026-09-25 08:59:47.169,12,,,,False,True,FP3,44.9,25.4,66.2
0 days 00:47:45.085000,ALO,14,0 days 00:02:16.114000,10.0,1.0,,0 days 00:47:43.739000,0 days 00:00:45.891000,0 days 00:00:53.511000,0 days 00:00:36.712000,0 days 00:46:14.862000,0 days 00:47:08.373000,0 days 00:47:45.085000,155.0,150.0,,268.0,False,SOFT,10.0,True,Aston Martin,0 days 00:45:28.971000,2026-09-25 09:01:35.001,12,,,,False,False,FP3,44.9,25.4,66.2
0 days 01:00:32.107000,ALO,14,,11.0,2.0,0 days 00:58:35.042000,,,0 days 00:00:48.499000,0 days 00:00:30.003000,,0 days 01:00:02.402000,0 days 01:00:32.291000,179.0,176.0,296.0,270.0,False,SOFT,1.0,True,Aston Martin,0 days 00:47:45.085000,2026-09-25 09:03:51.115,2167,,,,False,False,FP3,44.9,25.4,66.2
0 days 01:02:19.494000,ALO,14,0 days 00:01:47.387000,12.0,2.0,,,0 days 00:00:37.671000,0 days 00:00:43.477000,0 days 00:00:26.239000,0 days 01:01:09.778000,0 days 01:01:53.255000,0 days 01:02:19.494000,202.0,197.0,292.0,306.0,True,SOFT,2.0,True,Aston Martin,0 days 01:00:32.107000,2026-09-25 09:16:38.137,1,,,,False,True,FP3,44.9,25.4,66.2
0 days 01:04:33.304000,ALO,14,0 days 00:02:13.810000,13.0,2.0,,,0 days 00:00:47.535000,0 days 00:00:56.085000,0 days 00:00:30.190000,0 days 01:03:07.029000,0 days 01:04:03.114000,0 days 01:04:33.304000,147.0,154.0,298.0,274.0,False,SOFT,3.0,True,Aston Martin,0 days 01:02:19.494000,2026-09-25 09:18:25.524,12,,,,False,True,FP3,44.9,25.4,66.2
0 days 01:06:20.314000,ALO,14,0 days 00:01:47.010000,14.0,2.0,,,0 days 00:00:37.524000,0 days 00:00:43.331000,0 days 00:00:26.155000,0 days 01:05:10.828000,0 days 01:05:54.159000,0 days 01:06:20.314000,213.0,200.0,293.0,304.0,True,SOFT,4.0,True,Aston Martin,0 days 01:04:33.304000,2026-09-25 09:20:39.334,12,,,,False,True,FP3,44.9,25.4,66.2
0 days 01:08:32.496000,ALO,14,0 days 00:02:12.182000,15.0,2.0,,,0 days 00:00:46.568000,0 days 00:00:55.485000,0 days 00:00:30.129000,0 days 01:07:06.882000,0 days 01:08:02.367000,0 days 01:08:32.496000,149.0,156.0,297.0,273.0,False,SOFT,5.0,True,Aston Martin,0 days 01:06:20.314000,2026-09-25 09:22:26.344,12,,,,False,True,FP3,44.2,25.5,65.5
0 days 01:10:19.296000,ALO,14,0 days 00:01:46.800000,16.0,2.0,,,0 days 00:00:37.442000,0 days 00:00:43.103000,0 days 00:00:26.255000,0 days 01:09:09.938000,0 days 01:09:53.041000,0 days 01:10:19.296000,203.0,201.0,289.0,298.0,True,SOFT,6.0,True,Aston Martin,0 days 01:08:32.496000,2026-09-25 09:24:38.526,1,,,,False,True,FP3,44.2,25.5,65.5
0 days 01:13:02.770000,ALO,14,,17.0,2.0,,,0 days 00:01:11.622000,0 days 00:01:02.464000,0 days 00:00:29.349000,0 days 01:11:31.283000,0 days 01:12:33.738000,0 days 01:13:02.982000,113.0,193.0,302.0,276.0,False,SOFT,7.0,True,Aston Martin,0 days 01:10:19.296000,2026-09-25 09:26:25.326,12,,,,False,False,FP3,44.2,25.5,65.5
0 days 01:14:49.282000,ALO,14,0 days 00:01:46.512000,18.0,2.0,,,0 days 00:00:37.252000,0 days 00:00:43.172000,0 days 00:00:26.088000,0 days 01:13:40.022000,0 days 01:14:23.194000,0 days 01:14:49.282000,204.0,201.0,294.0,306.0,True,SOFT,8.0,True,Aston Martin,0 days 01:13:02.770000,2026-09-25 09:29:08.800,1,,,,False,True,FP3,44.2,25.5,65.5
0 days 01:17:10.147000,ALO,14,0 days 00:02:20.865000,19.0,2.0,,0 days 01:17:08.882000,0 days 00:00:46.935000,0 days 00:00:55.383000,0 days 00:00:38.547000,0 days 01:15:36.217000,0 days 01:16:31.600000,0 days 01:17:10.147000,142.0,128.0,,266.0,False,SOFT,9.0,True,Aston Martin,0 days 01:14:49.282000,2026-09-25 09:30:55.312,12,,,,False,False,FP3,44.2,25.5,65.5
0 days 00:29:10.453000,LEC,16,,1.0,1.0,0 days 00:27:07.758000,,,0 days 00:00:50.834000,0 days 00:00:29.516000,,0 days 00:28:41.237000,0 days 00:29:10.613000,166.0,179.0,256.0,257.0,False,SOFT,1.0,True,Ferrari,0 days 00:27:07.758000,2026-09-25 08:43:13.788,1,,,,False,False,FP3,44.2,25.5,65.5
0 days 00:31:15.262000,LEC,16,0 days 00:02:04.809000,2.0,1.0,,,0 days 00:00:43.215000,0 days 00:00:51.693000,0 days 00:00:29.901000,0 days 00:29:53.668000,0 days 00:30:45.361000,0 days 00:31:15.262000,165.0,155.0,304.0,258.0,True,SOFT,2.0,True,Ferrari,0 days 00:29:10.453000,2026-09-25 08:45:16.483,1,,,,False,True,FP3,44.2,25.5,65.5
0 days 00:33:06.868000,LEC,16,0 days 00:01:51.606000,3.0,1.0,,,0 days 00:00:37.267000,0 days 00:00:44.928000,0 days 00:00:29.411000,0 days 00:31:52.529000,0 days 00:32:37.457000,0 days 00:33:06.868000,212.0,127.0,308.0,282.0,True,SOFT,3.0,True,Ferrari,0 days 00:31:15.262000,2026-09-25 08:47:21.292,1,,,,False,True,FP3,44.2,25.5,65.5
0 days 00:34:52.432000,LEC,16,0 days 00:01:45.564000,4.0,1.0,,,0 days 00:00:36.966000,0 days 00:00:42.832000,0 days 00:00:25.766000,0 days 00:33:43.834000,0 days 00:34:26.666000,0 days 00:34:52.432000,199.0,206.0,306.0,322.0,True,SOFT,4.0,True,Ferrari,0 days 00:33:06.868000,2026-09-25 08:49:12.898,1,,,,False,True,FP3,44.2,25.5,65.5
0 days 00:37:18.344000,LEC,16,0 days 00:02:25.912000,5.0,1.0,,,0 days 00:01:00.571000,0 days 00:00:56.169000,0 days 00:00:29.172000,0 days 00:35:53.003000,0 days 00:36:49.172000,0 days 00:37:18.344000,147.0,162.0,318.0,286.0,False,SOFT,5.0,True,Ferrari,0 days 00:34:52.432000,2026-09-25 08:50:58.462,1,,,,False,True,FP3,44.2,25.5,65.5
0 days 00:39:17.147000,LEC,16,0 days 00:01:58.803000,6.0,1.0,,,0 days 00:00:37.688000,0 days 00:00:50.878000,0 days 00:00:30.237000,0 days 00:37:56.032000,0 days 00:38:46.910000,0 days 00:39:17.147000,184.0,123.0,301.0,255.0,False,SOFT,6.0,True,Ferrari,0 days 00:37:18.344000,2026-09-25 08:53:24.374,12,,,,False,True,FP3,44.5,25.5,65.5
0 days 00:41:02.445000,LEC,16,0 days 00:01:45.298000,7.0,1.0,,,0 days 00:00:36.813000,0 days 00:00:42.718000,0 days 00:00:25.767000,0 days 00:39:53.960000,0 days 00:40:36.678000,0 days 00:41:02.445000,205.0,202.0,303.0,317.0,True,SOFT,7.0,True,Ferrari,0 days 00:39:17.147000,2026-09-25 08:55:23.177,1,,,,False,True,FP3,44.5,25.5,65.5
0 days 00:43:20.224000,LEC,16,0 days 00:02:17.779000,8.0,1.0,,,0 days 00:00:53.212000,0 days 00:00:55.373000,0 days 00:00:29.194000,0 days 00:41:55.657000,0 days 00:42:51.030000,0 days 00:43:20.224000,103.0,192.0,314.0,276.0,False,SOFT,8.0,True,Ferrari,0 days 00:41:02.445000,2026-09-25 08:57:08.475,12,,,,False,True,FP3,44.5,25.5,65.5
0 days 00:45:05.101000,LEC,16,0 days 00:01:44.877000,9.0,1.0,,,0 days 00:00:36.755000,0 days 00:00:42.717000,0 days 00:00:25.405000,0 days 00:43:56.979000,0 days 00:44:39.696000,0 days 00:45:05.101000,194.0,207.0,308.0,325.0,True,SOFT,9.0,True,Ferrari,0 days 00:43:20.224000,2026-09-25 08:59:26.254,12,,,,False,True,FP3,44.5,25.5,65.5
0 days 00:47:16.680000,LEC,16,0 days 00:02:11.579000,10.0,1.0,,,0 days 00:00:50.396000,0 days 00:00:51.422000,0 days 00:00:29.761000,0 days 00:45:55.497000,0 days 00:46:46.919000,0 days 00:47:16.680000,153.0,187.0,303.0,255.0,False,SOFT,10.0,True,Ferrari,0 days 00:45:05.101000,2026-09-25 09:01:11.131,12,,,,False,True,FP3,44.5,25.5,65.5
0 days 00:49:21.977000,LEC,16,0 days 00:02:05.297000,11.0,1.0,,,0 days 00:00:46.084000,0 days 00:00:48.989000,0 days 00:00:30.224000,0 days 00:48:02.764000,0 days 00:48:51.753000,0 days 00:49:21.977000,177.0,177.0,299.0,255.0,False,SOFT,11.0,True,Ferrari,0 days 00:47:16.680000,2026-09-25 09:03:22.710,12,,,,False,True,FP3,44.5,25.5,65.5
0 days 00:51:14.748000,LEC,16,0 days 00:01:52.771000,12.0,1.0,,0 days 00:51:13.464000,0 days 00:00:36.888000,0 days 00:00:42.494000,0 days 00:00:33.389000,0 days 00:49:58.865000,0 days 00:50:41.359000,0 days 00:51:14.748000,212.0,211.0,,283.0,False,SOFT,12.0,True,Ferrari,0 days 00:49:21.977000,2026-09-25 09:05:28.007,1,,,,False,False,FP3,44.5,25.5,65.5
0 days 01:01:27.725000,LEC,16,,13.0,2.0,0 days 00:59:28.743000,,,0 days 00:00:48.582000,0 days 00:00:29.973000,,0 days 01:00:57.924000,0 days 01:01:27.794000,170.0,163.0,300.0,256.0,False,SOFT,1.0,True,Ferrari,0 days 00:51:14.748000,2026-09-25 09:07:20.778,167,,,,False,False,FP3,44.5,25.5,65.5
0 days 01:03:25.418000,LEC,16,0 days 00:01:57.693000,14.0,2.0,,,0 days 00:00:37.400000,0 days 00:00:50.164000,0 days 00:00:30.129000,0 days 01:02:05.125000,0 days 01:02:55.289000,0 days 01:03:25.418000,166.0,193.0,299.0,257.0,False,SOFT,2.0,True,Ferrari,0 days 01:01:27.725000,2026-09-25 09:17:33.755,12,,,,False,True,FP3,44.5,25.5,65.5
0 days 01:05:09.962000,LEC,16,0 days 00:01:44.544000,15.0,2.0,,,0 days 00:00:36.483000,0 days 00:00:42.628000,0 days 00:00:25.433000,0 days 01:04:01.901000,0 days 01:04:44.529000,0 days 01:05:09.962000,217.0,212.0,305.0,317.0,True,SOFT,3.0,True,Ferrari,0 days 01:03:25.418000,2026-09-25 09:19:31.448,12,,,,False,True,FP3,44.5,25.5,65.5
0 days 01:07:23.663000,LEC,16,0 days 00:02:13.701000,16.0,2.0,,,0 days 00:00:49.932000,0 days 00:00:53.672000,0 days 00:00:30.097000,0 days 01:05:59.894000,0 days 01:06:53.566000,0 days 01:07:23.663000,130.0,196.0,271.0,255.0,False,SOFT,4.0,True,Ferrari,0 days 01:05:09.962000,2026-09-25 09:21:15.992,12,,,,False,True,FP3,45.5,25.6,65.6
0 days 01:09:34.613000,LEC,16,0 days 00:02:10.950000,17.0,2.0,,,0 days 00:00:43.749000,0 days 00:00:57.162000,0 days 00:00:30.039000,0 days 01:08:07.412000,0 days 01:09:04.574000,0 days 01:09:34.613000,164.0,190.0,299.0,256.0,False,SOFT,5.0,True,Ferrari,0 days 01:07:23.663000,2026-09-25 09:23:29.693,21,,,,False,True,FP3,45.5,25.6,65.6
0 days 01:11:32.992000,LEC,16,0 days 00:01:58.379000,18.0,2.0,,,0 days 00:00:36.770000,0 days 00:00:51.739000,0 days 00:00:29.870000,0 days 01:10:11.383000,0 days 01:11:03.122000,0 days 01:11:32.992000,216.0,174.0,303.0,257.0,False,SOFT,6.0,True,Ferrari,0 days 01:09:34.613000,2026-09-25 09:25:40.643,12,,,,False,True,FP3,45.5,25.6,65.6
0 days 01:13:50.968000,LEC,16,0 days 00:02:17.976000,19.0,2.0,,,0 days 00:00:36.528000,0 days 00:01:12.231000,0 days 00:00:29.217000,0 days 01:12:09.520000,0 days 01:13:21.751000,0 days 01:13:50.968000,208.0,180.0,315.0,269.0,False,SOFT,7.0,True,Ferrari,0 days 01:11:32.992000,2026-09-25 09:27:39.022,12,,,,False,True,FP3,45.5,25.6,65.6
0 days 01:16:00.201000,LEC,16,0 days 00:02:09.233000,20.0,2.0,,,0 days 00:00:38.759000,0 days 00:00:56.508000,0 days 00:00:33.966000,0 days 01:14:29.727000,0 days 01:15:26.235000,0 days 01:16:00.201000,155.0,138.0,191.0,264.0,False,SOFT,8.0,True,Ferrari,0 days 01:13:50.968000,2026-09-25 09:29:56.998,12,,,,False,True,FP3,45.5,25.6,65.6
0 days 01:18:37.783000,LEC,16,,21.0,2.0,,,0 days 00:00:52.269000,0 days 00:00:56.959000,0 days 00:00:48.224000,0 days 01:16:52.712000,0 days 01:17:49.636000,0 days 01:18:37.783000,143.0,140.0,70.0,169.0,False,SOFT,9.0,True,Ferrari,0 days 01:16:00.201000,2026-09-25 09:32:06.231,1,,,,False,False,FP3,45.5,25.6,65.6
0 days 01:21:08.725000,LEC,16,,22.0,2.0,,0 days 01:21:07.398000,0 days 00:01:07.595000,0 days 00:00:45.648000,0 days 00:00:37.783000,0 days 01:19:45.360000,0 days 01:20:31.118000,0 days 01:21:08.725000,185.0,200.0,,236.0,False,SOFT,10.0,True,Ferrari,0 days 01:18:37.783000,2026-09-25 09:34:43.813,1,,,,False,False,FP3,45.5,25.6,65.6
0 days 00:27:03.767000,STR,18,,1.0,1.0,0 days 00:24:54.380000,,,0 days 00:00:57.660000,0 days 00:00:30.002000,,0 days 00:26:33.970000,0 days 00:27:03.837000,188.0,178.0,274.0,264.0,False,SOFT,1.0,True,Aston Martin,0 days 00:24:54.380000,2026-09-25 08:41:00.410,167,,,,False,False,FP3,44.8,25.6,65.0
0 days 00:29:06.798000,STR,18,0 days 00:02:03.031000,2.0,1.0,,,0 days 00:00:43.371000,0 days 00:00:49.524000,0 days 00:00:30.136000,0 days 00:27:47.138000,0 days 00:28:36.662000,0 days 00:29:06.798000,166.0,176.0,293.0,273.0,True,SOFT,2.0,True,Aston Martin,0 days 00:27:03.767000,2026-09-25 08:43:09.797,1,,,,False,True,FP3,44.8,25.6,65.0
0 days 00:30:57.390000,STR,18,0 days 00:01:50.592000,3.0,1.0,,,0 days 00:00:39.230000,0 days 00:00:44.801000,0 days 00:00:26.561000,0 days 00:29:46.028000,0 days 00:30:30.829000,0 days 00:30:57.390000,198.0,196.0,291.0,300.0,True,SOFT,3.0,True,Aston Martin,0 days 00:29:06.798000,2026-09-25 08:45:12.828,1,,,,False,True,FP3,44.8,25.6,65.0
0 days 00:33:17.355000,STR,18,0 days 00:02:19.965000,4.0,1.0,,,0 days 00:00:49.481000,0 days 00:01:00.379000,0 days 00:00:30.105000,0 days 00:31:46.871000,0 days 00:32:47.250000,0 days 00:33:17.355000,135.0,138.0,298.0,274.0,False,SOFT,4.0,True,Aston Martin,0 days 00:30:57.390000,2026-09-25 08:47:03.420,1,,,,False,True,FP3,44.8,25.6,65.0
0 days 00:35:07.148000,STR,18,0 days 00:01:49.793000,5.0,1.0,,,0 days 00:00:38.949000,0 days 00:00:44.317000,0 days 00:00:26.527000,0 days 00:33:56.304000,0 days 00:34:40.621000,0 days 00:35:07.148000,186.0,196.0,292.0,298.0,True,SOFT,5.0,True,Aston Martin,0 days 00:33:17.355000,2026-09-25 08:49:23.385,1,,,,False,True,FP3,44.8,25.6,65.0
0 days 00:37:31.179000,STR,18,0 days 00:02:24.031000,6.0,1.0,,,0 days 00:00:47.422000,0 days 00:00:54.520000,0 days 00:00:42.089000,0 days 00:35:54.570000,0 days 00:36:49.090000,0 days 00:37:31.179000,164.0,146.0,295.0,270.0,False,SOFT,6.0,True,Aston Martin,0 days 00:35:07.148000,2026-09-25 08:51:13.178,1,,,,False,True,FP3,44.8,25.6,65.0
0 days 00:39:20.458000,STR,18,0 days 00:01:49.279000,7.0,1.0,,,0 days 00:00:38.768000,0 days 00:00:44.278000,0 days 00:00:26.233000,0 days 00:38:09.947000,0 days 00:38:54.225000,0 days 00:39:20.458000,207.0,192.0,305.0,303.0,True,SOFT,7.0,True,Aston Martin,0 days 00:37:31.179000,2026-09-25 08:53:37.209,12,,,,False,True,FP3,44.8,25.6,65.0
0 days 00:41:40.656000,STR,18,0 days 00:02:20.198000,8.0,1.0,,,0 days 00:00:49.365000,0 days 00:01:00.023000,0 days 00:00:30.810000,0 days 00:40:09.823000,0 days 00:41:09.846000,0 days 00:41:40.656000,163.0,142.0,298.0,273.0,False,SOFT,8.0,True,Aston Martin,0 days 00:39:20.458000,2026-09-25 08:55:26.488,1,,,,False,True,FP3,44.8,25.6,65.0
0 days 00:44:10.656000,STR,18,,9.0,1.0,,,,,,,,,,,,,,SOFT,9.0,True,Aston Martin,0 days 00:41:40.656000,2026-09-25 08:57:46.686,12,,,,True,False,FP3,44.8,25.6,65.0
0 days 00:26:34.096000,ALB,23,,1.0,1.0,0 days 00:24:22.159000,,,0 days 00:00:59.921000,0 days 00:00:27.852000,,0 days 00:26:06.539000,0 days 00:26:34.205000,161.0,151.0,280.0,302.0,False,MEDIUM,1.0,True,Williams,0 days 00:24:22.159000,2026-09-25 08:40:28.189,167,,,,False,False,FP3,44.8,25.6,65.0
0 days 00:28:38.128000,ALB,23,0 days 00:02:04.032000,2.0,1.0,,,0 days 00:00:44.577000,0 days 00:00:50.301000,0 days 00:00:29.154000,0 days 00:27:18.673000,0 days 00:28:08.974000,0 days 00:28:38.128000,162.0,181.0,306.0,279.0,True,MEDIUM,2.0,True,Williams,0 days 00:26:34.096000,2026-09-25 08:42:40.126,1,,,,False,True,FP3,44.8,25.6,65.0
0 days 00:30:26.781000,ALB,23,0 days 00:01:48.653000,3.0,1.0,,,0 days 00:00:38.628000,0 days 00:00:44.324000,0 days 00:00:25.701000,0 days 00:29:16.756000,0 days 00:30:01.080000,0 days 00:30:26.781000,192.0,211.0,307.0,321.0,True,MEDIUM,3.0,True,Williams,0 days 00:28:38.128000,2026-09-25 08:44:44.158,1,,,,False,True,FP3,44.8,25.6,65.0
0 days 00:32:42.494000,ALB,23,0 days 00:02:15.713000,4.0,1.0,,,0 days 00:00:50.343000,0 days 00:00:56.089000,0 days 00:00:29.281000,0 days 00:31:17.124000,0 days 00:32:13.213000,0 days 00:32:42.494000,167.0,157.0,303.0,279.0,False,MEDIUM,4.0,True,Williams,0 days 00:30:26.781000,2026-09-25 08:46:32.811,1,,,,False,True,FP3,44.8,25.6,65.0
0 days 00:34:29.999000,ALB,23,0 days 00:01:47.505000,5.0,1.0,,,0 days 00:00:38.094000,0 days 00:00:43.940000,0 days 00:00:25.471000,0 days 00:33:20.588000,0 days 00:34:04.528000,0 days 00:34:29.999000,197.0,205.0,313.0,324.0,True,MEDIUM,5.0,True,Williams,0 days 00:32:42.494000,2026-09-25 08:48:48.524,1,,,,False,True,FP3,44.6,25.6,63.8
0 days 00:36:46.730000,ALB,23,0 days 00:02:16.731000,6.0,1.0,,,0 days 00:00:52.493000,0 days 00:00:54.150000,0 days 00:00:30.088000,0 days 00:35:22.492000,0 days 00:36:16.642000,0 days 00:36:46.730000,120.0,186.0,307.0,270.0,False,MEDIUM,6.0,True,Williams,0 days 00:34:29.999000,2026-09-25 08:50:36.029,1,,,,False,True,FP3,44.6,25.6,63.8
0 days 00:38:48.436000,ALB,23,0 days 00:02:01.706000,7.0,1.0,,,0 days 00:00:40.507000,0 days 00:00:51.786000,0 days 00:00:29.413000,0 days 00:37:27.237000,0 days 00:38:19.023000,0 days 00:38:48.436000,165.0,179.0,304.0,275.0,False,MEDIUM,7.0,True,Williams,0 days 00:36:46.730000,2026-09-25 08:52:52.760,12,,,,False,True,FP3,44.6,25.6,63.8
0 days 00:40:35.649000,ALB,23,0 days 00:01:47.213000,8.0,1.0,,,0 days 00:00:37.936000,0 days 00:00:43.756000,0 days 00:00:25.521000,0 days 00:39:26.372000,0 days 00:40:10.128000,0 days 00:40:35.649000,200.0,197.0,306.0,323.0,True,MEDIUM,8.0,True,Williams,0 days 00:38:48.436000,2026-09-25 08:54:54.466,1,,,,False,True,FP3,44.6,25.6,63.8
0 days 00:42:48.027000,ALB,23,0 days 00:02:12.378000,9.0,1.0,,0 days 00:42:47.367000,0 days 00:00:46.874000,0 days 00:00:52.377000,0 days 00:00:33.127000,0 days 00:41:22.523000,0 days 00:42:14.900000,0 days 00:42:48.027000,163.0,181.0,,283.0,False,MEDIUM,9.0,True,Williams,0 days 00:40:35.649000,2026-09-25 08:56:41.679,12,,,,False,False,FP3,44.6,25.6,63.8
0 days 00:45:35.756000,ALB,23,,10.0,2.0,0 days 00:43:13.973000,,0 days 00:01:23.822000,0 days 00:00:57.590000,0 days 00:00:26.272000,0 days 00:44:12.021000,0 days 00:45:09.668000,0 days 00:45:36.024000,174.0,101.0,309.0,322.0,False,MEDIUM,10.0,False,Williams,0 days 00:42:48.027000,2026-09-25 08:58:54.057,21,,,,False,False,FP3,44.8,25.5,64.4
0 days 00:47:26.328000,ALB,23,0 days 00:01:50.572000,11.0,2.0,,,0 days 00:00:40.164000,0 days 00:00:44.681000,0 days 00:00:25.727000,0 days 00:46:15.920000,0 days 00:47:00.601000,0 days 00:47:26.328000,182.0,208.0,305.0,323.0,False,MEDIUM,11.0,False,Williams,0 days 00:45:35.756000,2026-09-25 09:01:41.786,12,,,,False,True,FP3,44.8,25.5,64.4
0 days 00:49:40.410000,ALB,23,0 days 00:02:14.082000,12.0,2.0,,,0 days 00:00:59.590000,0 days 00:00:48.389000,0 days 00:00:26.103000,0 days 00:48:25.918000,0 days 00:49:14.307000,0 days 00:49:40.410000,167.0,204.0,309.0,328.0,False,MEDIUM,12.0,False,Williams,0 days 00:47:26.328000,2026-09-25 09:03:32.358,12,,,,False,True,FP3,44.8,25.5,64.4
0 days 00:51:29.475000,ALB,23,0 days 00:01:49.065000,13.0,2.0,,,0 days 00:00:39.263000,0 days 00:00:44.096000,0 days 00:00:25.706000,0 days 00:50:19.673000,0 days 00:51:03.769000,0 days 00:51:29.475000,198.0,193.0,305.0,325.0,False,MEDIUM,13.0,False,Williams,0 days 00:49:40.410000,2026-09-25 09:05:46.440,1,,,,False,True,FP3,44.8,25.5,64.4
0 days 00:53:29.030000,ALB,23,0 days 00:01:59.555000,14.0,2.0,,,0 days 00:00:39.163000,0 days 00:00:44.053000,0 days 00:00:36.339000,0 days 00:52:08.638000,0 days 00:52:52.691000,0 days 00:53:29.030000,196.0,201.0,216.0,174.0,False,MEDIUM,14.0,False,Williams,0 days 00:51:29.475000,2026-09-25 09:07:35.505,167,,,,False,False,FP3,44.8,25.5,64.4
0 days 00:55:37.886000,ALB,23,0 days 00:02:08.856000,15.0,2.0,,0 days 00:55:36.560000,0 days 00:00:43.973000,0 days 00:00:48.769000,0 days 00:00:36.114000,0 days 00:54:13.003000,0 days 00:55:01.772000,0 days 00:55:37.886000,188.0,192.0,,244.0,False,MEDIUM,15.0,False,Williams,0 days 00:53:29.030000,2026-09-25 09:09:35.060,71,,,,False,False,FP3,44.8,25.5,64.4
0 days 01:02:47.057000,ALB,23,,16.0,3.0,0 days 01:00:41.696000,,,0 days 00:00:53.380000,0 days 00:00:29.698000,,0 days 01:02:17.458000,0 days 01:02:47.057000,174.0,164.0,307.0,262.0,False,SOFT,1.0,True,Williams,0 days 00:55:37.886000,2026-09-25 09:11:43.916,1,,,,False,False,FP3,44.8,25.5,64.4
0 days 01:04:53.264000,ALB,23,0 days 00:02:06.207000,17.0,3.0,,,0 days 00:00:37.406000,0 days 00:00:59.921000,0 days 00:00:28.880000,0 days 01:03:24.463000,0 days 01:04:24.384000,0 days 01:04:53.264000,201.0,166.0,309.0,282.0,False,SOFT,2.0,True,Williams,0 days 01:02:47.057000,2026-09-25 09:18:53.087,12,,,,False,True,FP3,44.8,25.5,64.4
0 days 01:06:39.539000,ALB,23,0 days 00:01:46.275000,18.0,3.0,,,0 days 00:00:37.634000,0 days 00:00:43.661000,0 days 00:00:24.980000,0 days 01:05:30.898000,0 days 01:06:14.559000,0 days 01:06:39.539000,198.0,202.0,320.0,331.0,True,SOFT,3.0,True,Williams,0 days 01:04:53.264000,2026-09-25 09:20:59.294,12,,,,False,True,FP3,44.8,25.5,64.4
0 days 01:09:15.303000,ALB,23,,19.0,3.0,,,0 days 00:01:02.534000,0 days 00:01:04.139000,0 days 00:00:29.238000,0 days 01:07:42.314000,0 days 01:08:46.493000,0 days 01:09:15.578000,138.0,149.0,303.0,282.0,False,SOFT,4.0,True,Williams,0 days 01:06:39.539000,2026-09-25 09:22:45.569,12,,,,False,False,FP3,44.8,25.5,64.4
0 days 01:11:01.409000,ALB,23,0 days 00:01:46.106000,20.0,3.0,,,0 days 00:00:37.601000,0 days 00:00:43.205000,0 days 00:00:25.300000,0 days 01:09:52.904000,0 days 01:10:36.109000,0 days 01:11:01.409000,191.0,204.0,311.0,325.0,True,SOFT,5.0,True,Williams,0 days 01:09:15.303000,2026-09-25 09:25:21.333,12,,,,False,True,FP3,44.8,25.5,64.4
0 days 01:13:19.407000,ALB,23,0 days 00:02:17.998000,21.0,3.0,,,0 days 00:00:51.180000,0 days 00:00:58.204000,0 days 00:00:28.614000,0 days 01:11:52.589000,0 days 01:12:50.793000,0 days 01:13:19.407000,167.0,159.0,314.0,288.0,False,SOFT,6.0,True,Williams,0 days 01:11:01.409000,2026-09-25 09:27:07.439,12,,,,False,True,FP3,44.8,25.5,64.4
0 days 01:15:05.483000,ALB,23,0 days 00:01:46.076000,22.0,3.0,,,0 days 00:00:37.475000,0 days 00:00:43.336000,0 days 00:00:25.265000,0 days 01:13:56.882000,0 days 01:14:40.218000,0 days 01:15:05.483000,198.0,203.0,308.0,325.0,True,SOFT,7.0,True,Williams,0 days 01:13:19.407000,2026-09-25 09:29:25.437,12,,,,False,True,FP3,44.8,25.5,64.4
0 days 01:17:35.702000,ALB,23,,23.0,3.0,,,0 days 00:00:48.649000,0 days 00:00:54.431000,0 days 00:00:46.997000,0 days 01:15:54.411000,0 days 01:16:48.817000,0 days 01:17:36.005000,165.0,157.0,58.0,208.0,False,SOFT,8.0,True,Williams,0 days 01:15:05.483000,2026-09-25 09:31:11.513,21,,,,False,False,FP3,45.3,25.5,64.4
0 days 01:20:01.952000,ALB,23,0 days 00:02:26.250000,24.0,3.0,,0 days 01:20:00.608000,0 days 00:01:06.582000,0 days 00:00:50.543000,0 days 00:00:29.125000,0 days 01:18:42.284000,0 days 01:19:32.827000,0 days 01:20:01.952000,175.0,190.0,,320.0,False,SOFT,9.0,True,Williams,0 days 01:17:35.702000,2026-09-25 09:33:41.732,1,,,,False,False,FP3,45.3,25.5,64.4
0 days 00:29:47.140000,HUL,27,,1.0,1.0,0 days 00:27:26.963000,,,0 days 00:00:49.200000,0 days 00:00:30.205000,,0 days 00:29:17.108000,0 days 00:29:47.237000,152.0,174.0,304.0,260.0,False,MEDIUM,1.0,True,Audi,0 days 00:27:26.963000,2026-09-25 08:43:32.993,1,,,,False,False,FP3,45.3,25.5,64.4
0 days 00:31:35.881000,HUL,27,0 days 00:01:48.741000,2.0,1.0,,,0 days 00:00:38.977000,0 days 00:00:44.018000,0 days 00:00:25.746000,0 days 00:30:26.117000,0 days 00:31:10.135000,0 days 00:31:35.881000,202.0,202.0,306.0,320.0,True,MEDIUM,2.0,True,Audi,0 days 00:29:47.140000,2026-09-25 08:45:53.170,1,,,,False,True,FP3,45.3,25.5,64.4
0 days 00:33:48.916000,HUL,27,0 days 00:02:13.035000,3.0,1.0,,,0 days 00:00:53.744000,0 days 00:00:49.762000,0 days 00:00:29.529000,0 days 00:32:29.625000,0 days 00:33:19.387000,0 days 00:33:48.916000,152.0,187.0,308.0,279.0,False,MEDIUM,3.0,True,Audi,0 days 00:31:35.881000,2026-09-25 08:47:41.911,1,,,,False,True,FP3,45.3,25.5,64.4
0 days 00:35:36.016000,HUL,27,0 days 00:01:47.100000,4.0,1.0,,,0 days 00:00:38.107000,0 days 00:00:43.372000,0 days 00:00:25.621000,0 days 00:34:27.023000,0 days 00:35:10.395000,0 days 00:35:36.016000,205.0,205.0,304.0,321.0,True,MEDIUM,4.0,True,Audi,0 days 00:33:48.916000,2026-09-25 08:49:54.946,1,,,,False,True,FP3,45.3,25.5,64.4
0 days 00:37:51.184000,HUL,27,0 days 00:02:15.168000,5.0,1.0,,,0 days 00:00:53.790000,0 days 00:00:52.145000,0 days 00:00:29.233000,0 days 00:36:29.806000,0 days 00:37:21.951000,0 days 00:37:51.184000,127.0,188.0,307.0,278.0,False,MEDIUM,5.0,True,Audi,0 days 00:35:36.016000,2026-09-25 08:51:42.046,1,,,,False,True,FP3,45.3,25.5,64.4
0 days 00:39:38.117000,HUL,27,0 days 00:01:46.933000,6.0,1.0,,,0 days 00:00:37.883000,0 days 00:00:43.148000,0 days 00:00:25.902000,0 days 00:38:29.067000,0 days 00:39:12.215000,0 days 00:39:38.117000,204.0,203.0,301.0,320.0,True,MEDIUM,6.0,True,Audi,0 days 00:37:51.184000,2026-09-25 08:53:57.214,12,,,,False,True,FP3,44.6,25.5,64.5
0 days 00:41:53.866000,HUL,27,0 days 00:02:15.749000,7.0,1.0,,,0 days 00:00:51.288000,0 days 00:00:55.186000,0 days 00:00:29.275000,0 days 00:40:29.405000,0 days 00:41:24.591000,0 days 00:41:53.866000,165.0,165.0,310.0,280.0,False,MEDIUM,7.0,True,Audi,0 days 00:39:38.117000,2026-09-25 08:55:44.147,1,,,,False,True,FP3,44.6,25.5,64.5
0 days 00:43:40.810000,HUL,27,0 days 00:01:46.944000,8.0,1.0,,,0 days 00:00:38.087000,0 days 00:00:43.355000,0 days 00:00:25.502000,0 days 00:42:31.953000,0 days 00:43:15.308000,0 days 00:43:40.810000,197.0,204.0,304.0,329.0,False,MEDIUM,8.0,True,Audi,0 days 00:41:53.866000,2026-09-25 08:57:59.896,12,,,,False,True,FP3,44.6,25.5,64.5
0 days 00:45:56.488000,HUL,27,0 days 00:02:15.678000,9.0,1.0,,0 days 00:45:55.189000,0 days 00:00:46.913000,0 days 00:00:52.830000,0 days 00:00:35.935000,0 days 00:44:27.723000,0 days 00:45:20.553000,0 days 00:45:56.488000,172.0,168.0,,276.0,False,MEDIUM,9.0,True,Audi,0 days 00:43:40.810000,2026-09-25 08:59:46.840,12,,,,False,False,FP3,44.6,25.5,64.5
0 days 00:58:01.195000,HUL,27,,10.0,2.0,0 days 00:56:07.727000,,,0 days 00:00:45.369000,0 days 00:00:28.834000,,0 days 00:57:32.414000,0 days 00:58:01.286000,186.0,189.0,313.0,282.0,False,SOFT,1.0,True,Audi,0 days 00:45:56.488000,2026-09-25 09:02:02.518,1267,,,,False,False,FP3,44.6,25.5,64.5
0 days 01:00:02.384000,HUL,27,0 days 00:02:01.189000,11.0,2.0,,,0 days 00:00:41.523000,0 days 00:00:50.288000,0 days 00:00:29.378000,0 days 00:58:42.718000,0 days 00:59:33.006000,0 days 01:00:02.384000,172.0,171.0,312.0,281.0,False,SOFT,2.0,True,Audi,0 days 00:58:01.195000,2026-09-25 09:14:07.225,1,,,,False,True,FP3,44.6,25.5,64.5
0 days 01:01:48.382000,HUL,27,0 days 00:01:45.998000,12.0,2.0,,,0 days 00:00:37.456000,0 days 00:00:42.821000,0 days 00:00:25.721000,0 days 01:00:39.840000,0 days 01:01:22.661000,0 days 01:01:48.382000,206.0,206.0,301.0,318.0,True,SOFT,3.0,True,Audi,0 days 01:00:02.384000,2026-09-25 09:16:08.414,1,,,,False,True,FP3,44.6,25.5,64.5
0 days 01:04:09.297000,HUL,27,0 days 00:02:20.915000,13.0,2.0,,,0 days 00:00:55.529000,0 days 00:00:55.520000,0 days 00:00:29.866000,0 days 01:02:43.911000,0 days 01:03:39.431000,0 days 01:04:09.297000,117.0,156.0,308.0,277.0,False,SOFT,4.0,True,Audi,0 days 01:01:48.382000,2026-09-25 09:17:54.412,12,,,,False,True,FP3,44.6,25.5,64.5
0 days 01:06:15.175000,HUL,27,0 days 00:02:05.878000,14.0,2.0,,,0 days 00:00:46.992000,0 days 00:00:47.173000,0 days 00:00:31.713000,0 days 01:04:56.289000,0 days 01:05:43.462000,0 days 01:06:15.175000,129.0,182.0,310.0,278.0,False,SOFT,5.0,True,Audi,0 days 01:04:09.297000,2026-09-25 09:20:15.327,12,,,,False,True,FP3,44.6,25.5,64.5
0 days 01:08:05.856000,HUL,27,0 days 00:01:50.681000,15.0,2.0,,0 days 01:08:04.480000,0 days 00:00:37.521000,0 days 00:00:43.027000,0 days 00:00:30.133000,0 days 01:06:52.696000,0 days 01:07:35.723000,0 days 01:08:05.856000,205.0,202.0,,297.0,False,SOFT,6.0,True,Audi,0 days 01:06:15.175000,2026-09-25 09:22:21.205,12,,,,False,False,FP3,44.6,25.5,64.5
0 days 01:14:37.934000,HUL,27,,16.0,3.0,0 days 01:12:38.807000,,,0 days 00:00:51,0 days 00:00:26.251000,,0 days 01:14:11.683000,0 days 01:14:37.952000,83.0,190.0,300.0,313.0,False,SOFT,7.0,False,Audi,0 days 01:08:05.856000,2026-09-25 09:24:11.886,12,,,,False,False,FP3,44.6,25.5,64.5
0 days 01:16:56.102000,HUL,27,0 days 00:02:18.168000,17.0,3.0,,,0 days 00:00:40.662000,0 days 00:00:52.030000,0 days 00:00:45.476000,0 days 01:15:18.596000,0 days 01:16:10.626000,0 days 01:16:56.102000,182.0,154.0,59.0,192.0,False,SOFT,8.0,False,Audi,0 days 01:14:37.934000,2026-09-25 09:30:43.964,12,,,,False,True,FP3,44.5,25.4,64.2
0 days 01:19:29.816000,HUL,27,,18.0,3.0,,0 days 01:19:28.429000,0 days 00:01:07.995000,0 days 00:00:48.239000,0 days 00:00:37.411000,0 days 01:18:04.230000,0 days 01:18:52.508000,0 days 01:19:29.816000,169.0,160.0,,251.0,False,SOFT,9.0,False,Audi,0 days 01:16:56.102000,2026-09-25 09:33:02.132,1,,,,False,False,FP3,44.5,25.4,64.2
0 days 00:31:20.274000,VER,3,,1.0,1.0,0 days 00:29:14.201000,,,0 days 00:00:50.706000,0 days 00:00:29.633000,,0 days 00:30:50.832000,0 days 00:31:20.422000,173.0,193.0,283.0,269.0,False,MEDIUM,1.0,True,Red Bull Racing,0 days 00:29:14.201000,2026-09-25 08:45:20.231,1,,,,False,False,FP3,44.5,25.4,64.2
0 days 00:33:25.046000,VER,3,0 days 00:02:04.772000,2.0,1.0,,,0 days 00:00:44.036000,0 days 00:00:51.832000,0 days 00:00:28.904000,0 days 00:32:04.310000,0 days 00:32:56.142000,0 days 00:33:25.046000,188.0,171.0,306.0,283.0,True,MEDIUM,2.0,True,Red Bull Racing,0 days 00:31:20.274000,2026-09-25 08:47:26.304,1,,,,False,True,FP3,44.5,25.4,64.2
0 days 00:35:12.260000,VER,3,0 days 00:01:47.214000,3.0,1.0,,,0 days 00:00:38.444000,0 days 00:00:43.185000,0 days 00:00:25.585000,0 days 00:34:03.490000,0 days 00:34:46.675000,0 days 00:35:12.260000,202.0,211.0,311.0,322.0,True,MEDIUM,3.0,True,Red Bull Racing,0 days 00:33:25.046000,2026-09-25 08:49:31.076,1,,,,False,True,FP3,44.5,25.4,64.2
0 days 00:37:35.165000,VER,3,0 days 00:02:22.905000,4.0,1.0,,,0 days 00:01:00.293000,0 days 00:00:51.216000,0 days 00:00:31.396000,0 days 00:36:12.553000,0 days 00:37:03.769000,0 days 00:37:35.165000,112.0,198.0,306.0,278.0,False,MEDIUM,4.0,True,Red Bull Racing,0 days 00:35:12.260000,2026-09-25 08:51:18.290,1,,,,False,True,FP3,44.5,25.4,64.2
0 days 00:39:20.494000,VER,3,0 days 00:01:45.329000,5.0,1.0,,,0 days 00:00:37.457000,0 days 00:00:42.740000,0 days 00:00:25.132000,0 days 00:38:12.622000,0 days 00:38:55.362000,0 days 00:39:20.494000,210.0,205.0,317.0,333.0,True,MEDIUM,5.0,True,Red Bull Racing,0 days 00:37:35.165000,2026-09-25 08:53:41.195,12,,,,False,True,FP3,44.5,25.4,64.2
0 days 00:41:46.073000,VER,3,0 days 00:02:25.579000,6.0,1.0,,,0 days 00:00:56.014000,0 days 00:00:58.640000,0 days 00:00:30.925000,0 days 00:40:16.508000,0 days 00:41:15.148000,0 days 00:41:46.073000,157.0,184.0,297.0,278.0,False,MEDIUM,6.0,True,Red Bull Racing,0 days 00:39:20.494000,2026-09-25 08:55:26.524,1,,,,False,True,FP3,44.0,25.4,64.6
0 days 00:43:57.854000,VER,3,0 days 00:02:11.781000,7.0,1.0,,,0 days 00:00:48.059000,0 days 00:00:54.864000,0 days 00:00:28.858000,0 days 00:42:34.132000,0 days 00:43:28.996000,0 days 00:43:57.854000,180.0,178.0,307.0,283.0,False,MEDIUM,7.0,True,Red Bull Racing,0 days 00:41:46.073000,2026-09-25 08:57:52.103,12,,,,False,True,FP3,44.0,25.4,64.6
0 days 00:46:06.493000,VER,3,0 days 00:02:08.639000,8.0,1.0,,0 days 00:46:05.250000,0 days 00:00:37.180000,0 days 00:00:56.482000,0 days 00:00:34.977000,0 days 00:44:35.034000,0 days 00:45:31.516000,0 days 00:46:06.493000,215.0,169.0,,269.0,False,MEDIUM,8.0,True,Red Bull Racing,0 days 00:43:57.854000,2026-09-25 09:00:03.884,12,,,,False,False,FP3,44.0,25.4,64.6
0 days 00:55:53.394000,VER,3,,9.0,2.0,0 days 00:53:55.644000,,,0 days 00:00:47.159000,0 days 00:00:30.348000,,0 days 00:55:23.321000,0 days 00:55:53.687000,182.0,201.0,258.0,263.0,False,SOFT,1.0,True,Red Bull Racing,0 days 00:46:06.493000,2026-09-25 09:02:12.523,2167,,,,False,False,FP3,44.0,25.4,64.6
0 days 00:57:53.172000,VER,3,0 days 00:01:59.778000,10.0,2.0,,,0 days 00:00:44.084000,0 days 00:00:46.512000,0 days 00:00:29.182000,0 days 00:56:37.478000,0 days 00:57:23.990000,0 days 00:57:53.172000,187.0,203.0,304.0,281.0,False,SOFT,2.0,True,Red Bull Racing,0 days 00:55:53.394000,2026-09-25 09:11:59.424,1,,,,False,True,FP3,44.0,25.4,64.6
0 days 00:59:38.340000,VER,3,0 days 00:01:45.168000,11.0,2.0,,,0 days 00:00:37.183000,0 days 00:00:42.381000,0 days 00:00:25.604000,0 days 00:58:30.355000,0 days 00:59:12.736000,0 days 00:59:38.340000,211.0,211.0,303.0,320.0,True,SOFT,3.0,True,Red Bull Racing,0 days 00:57:53.172000,2026-09-25 09:13:59.202,1,,,,False,True,FP3,44.0,25.4,64.6
0 days 01:01:58.239000,VER,3,0 days 00:02:19.899000,12.0,2.0,,,0 days 00:00:55.241000,0 days 00:00:55.739000,0 days 00:00:28.919000,0 days 01:00:33.581000,0 days 01:01:29.320000,0 days 01:01:58.239000,67.0,171.0,308.0,284.0,False,SOFT,4.0,True,Red Bull Racing,0 days 00:59:38.340000,2026-09-25 09:15:44.370,1,,,,False,True,FP3,44.0,25.4,64.6
0 days 01:03:42.401000,VER,3,0 days 00:01:44.162000,13.0,2.0,,,0 days 00:00:36.807000,0 days 00:00:42.123000,0 days 00:00:25.232000,0 days 01:02:35.046000,0 days 01:03:17.169000,0 days 01:03:42.401000,211.0,215.0,316.0,318.0,True,SOFT,5.0,True,Red Bull Racing,0 days 01:01:58.239000,2026-09-25 09:18:04.269,12,,,,False,True,FP3,44.0,25.4,64.6
0 days 01:06:01.051000,VER,3,0 days 00:02:18.650000,14.0,2.0,,,0 days 00:00:54.035000,0 days 00:00:55.343000,0 days 00:00:29.272000,0 days 01:04:36.436000,0 days 01:05:31.779000,0 days 01:06:01.051000,156.0,179.0,307.0,283.0,False,SOFT,6.0,True,Red Bull Racing,0 days 01:03:42.401000,2026-09-25 09:19:48.431,12,,,,False,True,FP3,44.0,25.4,64.6
0 days 01:07:45.177000,VER,3,0 days 00:01:44.126000,15.0,2.0,,,0 days 00:00:36.594000,0 days 00:00:42.182000,0 days 00:00:25.350000,0 days 01:06:37.645000,0 days 01:07:19.827000,0 days 01:07:45.177000,210.0,216.0,311.0,324.0,True,SOFT,7.0,True,Red Bull Racing,0 days 01:06:01.051000,2026-09-25 09:22:07.081,21,,,,False,True,FP3,44.0,25.4,64.6
0 days 01:09:51.507000,VER,3,0 days 00:02:06.330000,16.0,2.0,,,0 days 00:00:48.195000,0 days 00:00:49.151000,0 days 00:00:28.984000,0 days 01:08:33.372000,0 days 01:09:22.523000,0 days 01:09:51.507000,159.0,197.0,306.0,283.0,False,SOFT,8.0,True,Red Bull Racing,0 days 01:07:45.177000,2026-09-25 09:23:51.207,1,,,,False,True,FP3,44.0,25.4,64.6
0 days 01:11:35.429000,VER,3,0 days 00:01:43.922000,17.0,2.0,,,0 days 00:00:36.536000,0 days 00:00:42.053000,0 days 00:00:25.333000,0 days 01:10:28.043000,0 days 01:11:10.096000,0 days 01:11:35.429000,215.0,215.0,307.0,318.0,True,SOFT,9.0,True,Red Bull Racing,0 days 01:09:51.507000,2026-09-25 09:25:57.537,12,,,,False,True,FP3,44.1,25.4,64.8
0 days 01:13:46.915000,VER,3,0 days 00:02:11.486000,18.0,2.0,,,0 days 00:00:51.694000,0 days 00:00:50.957000,0 days 00:00:28.835000,0 days 01:12:27.123000,0 days 01:13:18.080000,0 days 01:13:46.915000,156.0,191.0,305.0,282.0,False,SOFT,10.0,True,Red Bull Racing,0 days 01:11:35.429000,2026-09-25 09:27:41.459,12,,,,False,True,FP3,44.1,25.4,64.8
0 days 01:15:53.669000,VER,3,0 days 00:02:06.754000,19.0,2.0,,,0 days 00:00:36.589000,0 days 00:00:56.769000,0 days 00:00:33.396000,0 days 01:14:23.504000,0 days 01:15:20.273000,0 days 01:15:53.669000,207.0,133.0,245.0,254.0,False,SOFT,11.0,True,Red Bull Racing,0 days 01:13:46.915000,2026-09-25 09:29:52.945,12,,,,False,True,FP3,44.1,25.4,64.8
0 days 01:18:17.410000,VER,3,0 days 00:02:23.741000,20.0,2.0,,,0 days 00:00:45.541000,0 days 00:00:49.866000,0 days 00:00:48.334000,0 days 01:16:39.210000,0 days 01:17:29.076000,0 days 01:18:17.410000,187.0,170.0,83.0,185.0,False,SOFT,12.0,True,Red Bull Racing,0 days 01:15:53.669000,2026-09-25 09:31:59.699,1,,,,False,True,FP3,44.1,25.4,64.8
0 days 01:20:54.542000,VER,3,,21.0,2.0,,0 days 01:20:53.236000,0 days 00:01:14.968000,0 days 00:00:48.497000,0 days 00:00:33.508000,0 days 01:19:32.698000,0 days 01:20:21.236000,0 days 01:20:54.542000,179.0,175.0,,259.0,False,SOFT,13.0,True,Red Bull Racing,0 days 01:18:17.410000,2026-09-25 09:34:23.440,1,,,,False,False,FP3,44.1,25.4,64.8
0 days 00:24:40.966000,LAW,30,,1.0,1.0,0 days 00:22:36.456000,,,0 days 00:00:50.827000,0 days 00:00:29.639000,,0 days 00:24:11.589000,0 days 00:24:41.039000,150.0,182.0,300.0,279.0,False,SOFT,1.0,True,Racing Bulls,0 days 00:22:36.456000,2026-09-25 08:38:42.486,1,,,,False,False,FP3,44.1,25.4,64.8
0 days 00:26:49.217000,LAW,30,0 days 00:02:08.251000,2.0,1.0,,,0 days 00:00:38.380000,0 days 00:01:00.340000,0 days 00:00:29.531000,0 days 00:25:19.346000,0 days 00:26:19.686000,0 days 00:26:49.217000,206.0,161.0,301.0,281.0,True,SOFT,2.0,True,Racing Bulls,0 days 00:24:40.966000,2026-09-25 08:40:46.996,167,,,,False,False,FP3,44.1,25.4,64.8
0 days 00:28:59.856000,LAW,30,0 days 00:02:10.639000,3.0,1.0,,,0 days 00:00:49.822000,0 days 00:00:51.094000,0 days 00:00:29.723000,0 days 00:27:39.039000,0 days 00:28:30.133000,0 days 00:28:59.856000,153.0,177.0,299.0,278.0,False,SOFT,3.0,True,Racing Bulls,0 days 00:26:49.217000,2026-09-25 08:42:55.247,1,,,,False,True,FP3,44.6,25.5,64.2
0 days 00:30:48.218000,LAW,30,0 days 00:01:48.362000,4.0,1.0,,,0 days 00:00:38.383000,0 days 00:00:43.918000,0 days 00:00:26.061000,0 days 00:29:38.239000,0 days 00:30:22.157000,0 days 00:30:48.218000,186.0,196.0,301.0,313.0,True,SOFT,4.0,True,Racing Bulls,0 days 00:28:59.856000,2026-09-25 08:45:05.886,1,,,,False,True,FP3,44.6,25.5,64.2
0 days 00:33:12.539000,LAW,30,0 days 00:02:24.321000,5.0,1.0,,,0 days 00:00:58.071000,0 days 00:00:56.376000,0 days 00:00:29.874000,0 days 00:31:46.289000,0 days 00:32:42.665000,0 days 00:33:12.539000,147.0,113.0,304.0,279.0,False,SOFT,5.0,True,Racing Bulls,0 days 00:30:48.218000,2026-09-25 08:46:54.248,1,,,,False,True,FP3,44.6,25.5,64.2
0 days 00:35:00.008000,LAW,30,0 days 00:01:47.469000,6.0,1.0,,,0 days 00:00:38.083000,0 days 00:00:43.468000,0 days 00:00:25.918000,0 days 00:33:50.622000,0 days 00:34:34.090000,0 days 00:35:00.008000,190.0,207.0,305.0,319.0,True,SOFT,6.0,True,Racing Bulls,0 days 00:33:12.539000,2026-09-25 08:49:18.569,1,,,,False,True,FP3,44.6,25.5,64.2
0 days 00:37:31.875000,LAW,30,,7.0,1.0,,0 days 00:37:30.420000,0 days 00:00:55.977000,0 days 00:00:56.837000,0 days 00:00:38.933000,0 days 00:35:56.167000,0 days 00:36:53.102000,0 days 00:37:31.875000,141.0,147.0,,280.0,False,SOFT,7.0,True,Racing Bulls,0 days 00:35:00.008000,2026-09-25 08:51:06.038,1,,,,False,False,FP3,44.6,25.5,64.2
0 days 00:45:55.319000,LAW,30,,8.0,2.0,0 days 00:43:49.937000,,,0 days 00:00:52.918000,0 days 00:00:29.131000,,0 days 00:45:26.309000,0 days 00:45:55.677000,170.0,177.0,306.0,281.0,False,SOFT,8.0,False,Racing Bulls,0 days 00:37:31.875000,2026-09-25 08:53:37.905,12,,,,False,False,FP3,44.6,25.5,64.2
0 days 00:48:04.591000,LAW,30,0 days 00:02:09.272000,9.0,2.0,,,0 days 00:00:44.021000,0 days 00:00:54.332000,0 days 00:00:30.919000,0 days 00:46:39.340000,0 days 00:47:33.672000,0 days 00:48:04.591000,168.0,144.0,309.0,281.0,False,SOFT,9.0,False,Racing Bulls,0 days 00:45:55.319000,2026-09-25 09:02:01.349,12,,,,False,True,FP3,44.6,25.5,64.2
0 days 00:49:51.776000,LAW,30,0 days 00:01:47.185000,10.0,2.0,,,0 days 00:00:37.880000,0 days 00:00:43.555000,0 days 00:00:25.750000,0 days 00:48:42.471000,0 days 00:49:26.026000,0 days 00:49:51.776000,196.0,204.0,305.0,315.0,True,SOFT,10.0,False,Racing Bulls,0 days 00:48:04.591000,2026-09-25 09:04:10.621,21,,,,False,True,FP3,44.6,25.5,64.2
0 days 00:52:08.153000,LAW,30,0 days 00:02:16.377000,11.0,2.0,,,0 days 00:00:53.012000,0 days 00:00:53.120000,0 days 00:00:30.245000,0 days 00:50:44.788000,0 days 00:51:37.908000,0 days 00:52:08.153000,153.0,156.0,306.0,278.0,False,SOFT,11.0,False,Racing Bulls,0 days 00:49:51.776000,2026-09-25 09:05:57.806,1,,,,False,True,FP3,44.6,25.5,64.2
0 days 00:54:20.624000,LAW,30,0 days 00:02:12.471000,12.0,2.0,,0 days 00:54:19.347000,0 days 00:00:37.759000,0 days 00:00:58.948000,0 days 00:00:35.764000,0 days 00:52:45.912000,0 days 00:53:44.860000,0 days 00:54:20.624000,193.0,176.0,,278.0,False,SOFT,12.0,False,Racing Bulls,0 days 00:52:08.153000,2026-09-25 09:08:14.183,167,,,,False,False,FP3,44.6,25.5,64.2
0 days 00:59:43.035000,LAW,30,,13.0,3.0,0 days 00:57:42.862000,,,0 days 00:00:50.503000,0 days 00:00:29.271000,,0 days 00:59:13.883000,0 days 00:59:43.176000,167.0,172.0,307.0,280.0,False,SOFT,1.0,True,Racing Bulls,0 days 00:54:20.624000,2026-09-25 09:10:26.654,1,,,,False,False,FP3,44.6,25.5,64.2
0 days 01:01:29.316000,LAW,30,0 days 00:01:46.281000,14.0,3.0,,,0 days 00:00:37.520000,0 days 00:00:42.983000,0 days 00:00:25.778000,0 days 01:00:20.555000,0 days 01:01:03.538000,0 days 01:01:29.316000,201.0,202.0,306.0,319.0,True,SOFT,2.0,True,Racing Bulls,0 days 00:59:43.035000,2026-09-25 09:15:49.065,1,,,,False,True,FP3,44.6,25.5,64.2
0 days 01:03:42.192000,LAW,30,0 days 00:02:12.876000,15.0,3.0,,,0 days 00:00:48.394000,0 days 00:00:54.928000,0 days 00:00:29.554000,0 days 01:02:17.710000,0 days 01:03:12.638000,0 days 01:03:42.192000,158.0,166.0,306.0,279.0,False,SOFT,3.0,True,Racing Bulls,0 days 01:01:29.316000,2026-09-25 09:17:35.346,12,,,,False,True,FP3,44.6,25.5,64.2
0 days 01:05:53.032000,LAW,30,0 days 00:02:10.840000,16.0,3.0,,,0 days 00:00:50.864000,0 days 00:00:50.442000,0 days 00:00:29.534000,0 days 01:04:33.056000,0 days 01:05:23.498000,0 days 01:05:53.032000,150.0,184.0,304.0,278.0,False,SOFT,4.0,True,Racing Bulls,0 days 01:03:42.192000,2026-09-25 09:19:48.222,12,,,,False,True,FP3,45.2,25.4,64.5
0 days 01:07:39.406000,LAW,30,0 days 00:01:46.374000,17.0,3.0,,,0 days 00:00:37.531000,0 days 00:00:43.123000,0 days 00:00:25.720000,0 days 01:06:30.563000,0 days 01:07:13.686000,0 days 01:07:39.406000,200.0,205.0,300.0,314.0,False,SOFT,5.0,True,Racing Bulls,0 days 01:05:53.032000,2026-09-25 09:21:59.062,21,,,,False,True,FP3,45.2,25.4,64.5
0 days 01:10:00.017000,LAW,30,0 days 00:02:20.611000,18.0,3.0,,,0 days 00:00:55.914000,0 days 00:00:55.466000,0 days 00:00:29.231000,0 days 01:08:35.320000,0 days 01:09:30.786000,0 days 01:10:00.017000,143.0,149.0,308.0,283.0,False,SOFT,6.0,True,Racing Bulls,0 days 01:07:39.406000,2026-09-25 09:23:45.436,1,,,,False,True,FP3,45.2,25.4,64.5
0 days 01:11:46.239000,LAW,30,0 days 00:01:46.222000,19.0,3.0,,,0 days 00:00:37.457000,0 days 00:00:42.992000,0 days 00:00:25.773000,0 days 01:10:37.474000,0 days 01:11:20.466000,0 days 01:11:46.239000,203.0,198.0,301.0,315.0,True,SOFT,7.0,True,Racing Bulls,0 days 01:10:00.017000,2026-09-25 09:26:06.047,12,,,,False,True,FP3,45.2,25.4,64.5
0 days 01:13:53.480000,LAW,30,0 days 00:02:07.241000,20.0,3.0,,,0 days 00:00:45.268000,0 days 00:00:51.970000,0 days 00:00:30.003000,0 days 01:12:31.507000,0 days 01:13:23.477000,0 days 01:13:53.480000,158.0,174.0,312.0,285.0,False,SOFT,8.0,True,Racing Bulls,0 days 01:11:46.239000,2026-09-25 09:27:52.269,12,,,,False,True,FP3,45.2,25.4,64.5
0 days 01:15:43.513000,LAW,30,0 days 00:01:50.033000,21.0,3.0,,,0 days 00:00:37.463000,0 days 00:00:44.716000,0 days 00:00:27.854000,0 days 01:14:30.943000,0 days 01:15:15.659000,0 days 01:15:43.513000,199.0,171.0,265.0,296.0,False,SOFT,9.0,True,Racing Bulls,0 days 01:13:53.480000,2026-09-25 09:29:59.510,12,,,,False,True,FP3,45.2,25.4,64.5
0 days 01:18:11.433000,LAW,30,0 days 00:02:27.920000,22.0,3.0,,,0 days 00:00:49.606000,0 days 00:00:53.949000,0 days 00:00:44.365000,0 days 01:16:33.119000,0 days 01:17:27.068000,0 days 01:18:11.433000,157.0,165.0,44.0,189.0,False,SOFT,10.0,True,Racing Bulls,0 days 01:15:43.513000,2026-09-25 09:31:49.543,1,,,,False,True,FP3,45.2,25.4,64.5
0 days 01:20:49.275000,LAW,30,,23.0,3.0,,0 days 01:20:48.677000,0 days 00:01:16.435000,0 days 00:00:50.239000,0 days 00:00:31.091000,0 days 01:19:28.136000,0 days 01:20:18.331000,0 days 01:20:49.275000,181.0,147.0,,308.0,False,SOFT,11.0,True,Racing Bulls,0 days 01:18:11.433000,2026-09-25 09:34:17.463,1,,,,False,False,FP3,45.2,25.4,64.5
0 days 00:33:32.875000,OCO,31,,1.0,1.0,0 days 00:31:29.329000,,,0 days 00:00:48.390000,0 days 00:00:30.487000,,0 days 00:33:02.732000,0 days 00:33:33.081000,164.0,169.0,268.0,260.0,False,MEDIUM,1.0,True,Haas F1 Team,0 days 00:31:29.329000,2026-09-25 08:47:35.359,1,,,,False,False,FP3,44.7,25.5,63.8
0 days 00:35:33.748000,OCO,31,0 days 00:02:00.873000,2.0,1.0,,,0 days 00:00:43.258000,0 days 00:00:47.779000,0 days 00:00:29.836000,0 days 00:34:16.133000,0 days 00:35:03.912000,0 days 00:35:33.748000,183.0,158.0,301.0,279.0,True,MEDIUM,2.0,True,Haas F1 Team,0 days 00:33:32.875000,2026-09-25 08:49:38.905,1,,,,False,True,FP3,44.7,25.5,63.8
0 days 00:37:22.829000,OCO,31,0 days 00:01:49.081000,3.0,1.0,,,0 days 00:00:38.526000,0 days 00:00:44.251000,0 days 00:00:26.304000,0 days 00:36:12.274000,0 days 00:36:56.525000,0 days 00:37:22.829000,188.0,194.0,299.0,316.0,True,MEDIUM,3.0,True,Haas F1 Team,0 days 00:35:33.748000,2026-09-25 08:51:39.778,1,,,,False,True,FP3,44.7,25.5,63.8
0 days 00:39:42.314000,OCO,31,0 days 00:02:19.485000,4.0,1.0,,,0 days 00:00:51.394000,0 days 00:00:57.508000,0 days 00:00:30.583000,0 days 00:38:14.223000,0 days 00:39:11.731000,0 days 00:39:42.314000,164.0,65.0,311.0,280.0,False,MEDIUM,4.0,True,Haas F1 Team,0 days 00:37:22.829000,2026-09-25 08:53:28.859,12,,,,False,True,FP3,44.7,25.5,63.8
0 days 00:41:30.330000,OCO,31,0 days 00:01:48.016000,5.0,1.0,,,0 days 00:00:38.083000,0 days 00:00:43.742000,0 days 00:00:26.191000,0 days 00:40:20.397000,0 days 00:41:04.139000,0 days 00:41:30.330000,195.0,189.0,299.0,316.0,True,MEDIUM,5.0,True,Haas F1 Team,0 days 00:39:42.314000,2026-09-25 08:55:48.344,1,,,,False,True,FP3,44.7,25.5,63.8
0 days 00:43:45.650000,OCO,31,0 days 00:02:15.320000,6.0,1.0,,,0 days 00:00:47.503000,0 days 00:00:58.030000,0 days 00:00:29.787000,0 days 00:42:17.833000,0 days 00:43:15.863000,0 days 00:43:45.650000,137.0,137.0,301.0,280.0,False,MEDIUM,6.0,True,Haas F1 Team,0 days 00:41:30.330000,2026-09-25 08:57:36.360,12,,,,False,True,FP3,44.7,25.5,63.8
0 days 00:45:32.621000,OCO,31,0 days 00:01:46.971000,7.0,1.0,,,0 days 00:00:37.841000,0 days 00:00:43.556000,0 days 00:00:25.574000,0 days 00:44:23.491000,0 days 00:45:07.047000,0 days 00:45:32.621000,189.0,186.0,304.0,322.0,True,MEDIUM,7.0,True,Haas F1 Team,0 days 00:43:45.650000,2026-09-25 08:59:51.680,12,,,,False,True,FP3,44.7,25.5,63.8
0 days 00:47:46.655000,OCO,31,0 days 00:02:14.034000,8.0,1.0,,,0 days 00:00:49.502000,0 days 00:00:54.853000,0 days 00:00:29.679000,0 days 00:46:22.123000,0 days 00:47:16.976000,0 days 00:47:46.655000,142.0,171.0,299.0,277.0,False,MEDIUM,8.0,True,Haas F1 Team,0 days 00:45:32.621000,2026-09-25 09:01:38.651,12,,,,False,True,FP3,44.7,25.5,63.8
0 days 00:49:50.090000,OCO,31,0 days 00:02:03.435000,9.0,1.0,,,0 days 00:00:42.982000,0 days 00:00:51.385000,0 days 00:00:29.068000,0 days 00:48:29.637000,0 days 00:49:21.022000,0 days 00:49:50.090000,131.0,178.0,303.0,280.0,False,MEDIUM,9.0,True,Haas F1 Team,0 days 00:47:46.655000,2026-09-25 09:03:52.685,21,,,,False,True,FP3,44.7,25.5,63.8
0 days 00:51:36.851000,OCO,31,0 days 00:01:46.761000,10.0,1.0,,,0 days 00:00:37.719000,0 days 00:00:43.381000,0 days 00:00:25.661000,0 days 00:50:27.809000,0 days 00:51:11.190000,0 days 00:51:36.851000,197.0,189.0,300.0,319.0,True,MEDIUM,10.0,True,Haas F1 Team,0 days 00:49:50.090000,2026-09-25 09:05:56.120,1,,,,False,True,FP3,44.7,25.5,63.8
0 days 00:53:52.828000,OCO,31,0 days 00:02:15.977000,11.0,1.0,,0 days 00:53:51.590000,0 days 00:00:43.194000,0 days 00:00:53.218000,0 days 00:00:39.565000,0 days 00:52:20.045000,0 days 00:53:13.263000,0 days 00:53:52.828000,162.0,146.0,,203.0,False,MEDIUM,11.0,True,Haas F1 Team,0 days 00:51:36.851000,2026-09-25 09:07:42.881,167,,,,False,False,FP3,44.9,25.5,64.0
0 days 01:01:10.347000,OCO,31,,12.0,2.0,0 days 00:59:04.982000,,,0 days 00:00:54.547000,0 days 00:00:31.391000,,0 days 01:00:39.219000,0 days 01:01:10.440000,166.0,69.0,258.0,258.0,False,SOFT,1.0,True,Haas F1 Team,0 days 00:53:52.828000,2026-09-25 09:09:58.858,1,,,,False,False,FP3,44.9,25.5,64.0
0 days 01:03:08.841000,OCO,31,0 days 00:01:58.494000,13.0,2.0,,,0 days 00:00:40.865000,0 days 00:00:48.075000,0 days 00:00:29.554000,0 days 01:01:51.212000,0 days 01:02:39.287000,0 days 01:03:08.841000,182.0,176.0,302.0,279.0,False,SOFT,2.0,True,Haas F1 Team,0 days 01:01:10.347000,2026-09-25 09:17:16.377,12,,,,False,True,FP3,44.9,25.5,64.0
0 days 01:04:54.762000,OCO,31,0 days 00:01:45.921000,14.0,2.0,,,0 days 00:00:37.308000,0 days 00:00:43.172000,0 days 00:00:25.441000,0 days 01:03:46.149000,0 days 01:04:29.321000,0 days 01:04:54.762000,194.0,193.0,307.0,322.0,True,SOFT,3.0,True,Haas F1 Team,0 days 01:03:08.841000,2026-09-25 09:19:14.871,12,,,,False,True,FP3,44.9,25.5,64.0
0 days 01:07:06.052000,OCO,31,0 days 00:02:11.290000,15.0,2.0,,,0 days 00:00:46.919000,0 days 00:00:54.703000,0 days 00:00:29.668000,0 days 01:05:41.681000,0 days 01:06:36.384000,0 days 01:07:06.052000,157.0,162.0,302.0,280.0,False,SOFT,4.0,True,Haas F1 Team,0 days 01:04:54.762000,2026-09-25 09:21:00.792,12,,,,False,True,FP3,44.9,25.5,64.0
0 days 01:09:24.990000,OCO,31,0 days 00:02:18.938000,16.0,2.0,,,0 days 00:00:53.966000,0 days 00:00:54.991000,0 days 00:00:29.981000,0 days 01:08:00.018000,0 days 01:08:55.009000,0 days 01:09:24.990000,174.0,79.0,303.0,281.0,False,SOFT,5.0,True,Haas F1 Team,0 days 01:07:06.052000,2026-09-25 09:23:12.082,12,,,,False,True,FP3,44.9,25.5,64.0
0 days 01:11:12.721000,OCO,31,0 days 00:01:47.731000,17.0,2.0,,,0 days 00:00:38.252000,0 days 00:00:43.787000,0 days 00:00:25.692000,0 days 01:10:03.242000,0 days 01:10:47.029000,0 days 01:11:12.721000,193.0,199.0,302.0,322.0,False,SOFT,6.0,True,Haas F1 Team,0 days 01:09:24.990000,2026-09-25 09:25:31.020,12,,,,False,True,FP3,44.9,25.5,64.0
0 days 01:13:14.707000,OCO,31,0 days 00:02:01.986000,18.0,2.0,,,0 days 00:00:40.788000,0 days 00:00:51.622000,0 days 00:00:29.576000,0 days 01:11:53.509000,0 days 01:12:45.131000,0 days 01:13:14.707000,177.0,107.0,307.0,282.0,False,SOFT,7.0,True,Haas F1 Team,0 days 01:11:12.721000,2026-09-25 09:27:18.751,12,,,,False,True,FP3,45.2,25.4,64.7
0 days 01:15:00.625000,OCO,31,0 days 00:01:45.918000,19.0,2.0,,,0 days 00:00:37.309000,0 days 00:00:43.028000,0 days 00:00:25.581000,0 days 01:13:52.016000,0 days 01:14:35.044000,0 days 01:15:00.625000,194.0,204.0,301.0,318.0,True,SOFT,8.0,True,Haas F1 Team,0 days 01:13:14.707000,2026-09-25 09:29:20.737,1,,,,False,True,FP3,45.2,25.4,64.7
0 days 01:17:24.994000,OCO,31,0 days 00:02:24.369000,20.0,2.0,,,0 days 00:00:47.530000,0 days 00:00:54.049000,0 days 00:00:42.790000,0 days 01:15:48.155000,0 days 01:16:42.204000,0 days 01:17:24.994000,148.0,133.0,71.0,202.0,False,SOFT,9.0,True,Haas F1 Team,0 days 01:15:00.625000,2026-09-25 09:31:06.655,12,,,,False,True,FP3,45.2,25.4,64.7
0 days 01:19:56.576000,OCO,31,,21.0,2.0,,0 days 01:19:55.187000,0 days 00:01:12.837000,0 days 00:00:45.759000,0 days 00:00:32.893000,0 days 01:18:38.020000,0 days 01:19:23.870000,0 days 01:19:56.576000,173.0,176.0,,274.0,False,SOFT,10.0,True,Haas F1 Team,0 days 01:17:24.994000,2026-09-25 09:33:31.024,1,,,,False,False,FP3,45.2,25.4,64.7
0 days 00:23:45.476000,LIN,41,,1.0,1.0,0 days 00:21:37.517000,,,0 days 00:00:51.484000,0 days 00:00:31.403000,,0 days 00:23:14.294000,0 days 00:23:45.652000,152.0,175.0,252.0,215.0,False,SOFT,1.0,True,Racing Bulls,0 days 00:21:37.517000,2026-09-25 08:37:43.547,1,,,,False,False,FP3,45.2,25.4,64.7
0 days 00:25:53.098000,LIN,41,0 days 00:02:07.622000,2.0,1.0,,,0 days 00:00:42.629000,0 days 00:00:48.421000,0 days 00:00:36.572000,0 days 00:24:28.105000,0 days 00:25:16.526000,0 days 00:25:53.098000,157.0,193.0,229.0,254.0,True,SOFT,2.0,True,Racing Bulls,0 days 00:23:45.476000,2026-09-25 08:39:51.506,167,,,,False,False,FP3,45.2,25.4,64.7
0 days 00:28:04.467000,LIN,41,0 days 00:02:11.369000,3.0,1.0,,,0 days 00:00:43.166000,0 days 00:00:57.107000,0 days 00:00:31.096000,0 days 00:26:36.264000,0 days 00:27:33.371000,0 days 00:28:04.467000,173.0,191.0,290.0,251.0,False,SOFT,3.0,True,Racing Bulls,0 days 00:25:53.098000,2026-09-25 08:41:59.128,71,,,,False,False,FP3,45.2,25.4,64.7
0 days 00:29:54.012000,LIN,41,0 days 00:01:49.545000,4.0,1.0,,,0 days 00:00:39.301000,0 days 00:00:44.377000,0 days 00:00:25.867000,0 days 00:28:43.768000,0 days 00:29:28.145000,0 days 00:29:54.012000,192.0,196.0,301.0,320.0,True,SOFT,4.0,True,Racing Bulls,0 days 00:28:04.467000,2026-09-25 08:44:10.497,1,,,,False,True,FP3,45.2,25.4,64.7
0 days 00:32:13.782000,LIN,41,0 days 00:02:19.770000,5.0,1.0,,,0 days 00:00:54.945000,0 days 00:00:54.172000,0 days 00:00:30.653000,0 days 00:30:48.957000,0 days 00:31:43.129000,0 days 00:32:13.782000,160.0,134.0,288.0,251.0,False,SOFT,5.0,True,Racing Bulls,0 days 00:29:54.012000,2026-09-25 08:46:00.042,1,,,,False,True,FP3,45.7,25.4,64.9
0 days 00:34:02.480000,LIN,41,0 days 00:01:48.698000,6.0,1.0,,,0 days 00:00:38.404000,0 days 00:00:44.505000,0 days 00:00:25.789000,0 days 00:32:52.186000,0 days 00:33:36.691000,0 days 00:34:02.480000,197.0,199.0,301.0,318.0,True,SOFT,6.0,True,Racing Bulls,0 days 00:32:13.782000,2026-09-25 08:48:19.812,1,,,,False,True,FP3,45.7,25.4,64.9
0 days 00:36:16.610000,LIN,41,0 days 00:02:14.130000,7.0,1.0,,,0 days 00:00:49.235000,0 days 00:00:54.846000,0 days 00:00:30.049000,0 days 00:34:51.715000,0 days 00:35:46.561000,0 days 00:36:16.610000,151.0,176.0,293.0,259.0,False,SOFT,7.0,True,Racing Bulls,0 days 00:34:02.480000,2026-09-25 08:50:08.510,1,,,,False,True,FP3,45.7,25.4,64.9
0 days 00:38:04.158000,LIN,41,0 days 00:01:47.548000,8.0,1.0,,,0 days 00:00:38.185000,0 days 00:00:43.709000,0 days 00:00:25.654000,0 days 00:36:54.795000,0 days 00:37:38.504000,0 days 00:38:04.158000,184.0,201.0,304.0,321.0,True,SOFT,8.0,True,Racing Bulls,0 days 00:36:16.610000,2026-09-25 08:52:22.640,1,,,,False,True,FP3,45.7,25.4,64.9
0 days 00:40:12.019000,LIN,41,0 days 00:02:07.861000,9.0,1.0,,0 days 00:40:10.832000,0 days 00:00:45.092000,0 days 00:00:50.643000,0 days 00:00:32.126000,0 days 00:38:49.250000,0 days 00:39:39.893000,0 days 00:40:12.019000,161.0,180.0,,278.0,False,SOFT,9.0,True,Racing Bulls,0 days 00:38:04.158000,2026-09-25 08:54:10.188,12,,,,False,False,FP3,45.7,25.4,64.9
0 days 00:46:31.174000,LIN,41,,10.0,2.0,0 days 00:44:22.473000,,,0 days 00:00:55.259000,0 days 00:00:30.133000,,0 days 00:46:01.308000,0 days 00:46:31.352000,143.0,187.0,297.0,254.0,False,SOFT,10.0,False,Racing Bulls,0 days 00:40:12.019000,2026-09-25 08:56:18.049,12,,,,False,False,FP3,45.7,25.4,64.9
0 days 00:48:40.368000,LIN,41,0 days 00:02:09.194000,11.0,2.0,,,0 days 00:00:47.337000,0 days 00:00:50.431000,0 days 00:00:31.426000,0 days 00:47:18.511000,0 days 00:48:08.942000,0 days 00:48:40.368000,153.0,204.0,291.0,249.0,False,SOFT,11.0,False,Racing Bulls,0 days 00:46:31.174000,2026-09-25 09:02:37.204,12,,,,False,True,FP3,45.4,25.5,64.1
0 days 00:50:27.771000,LIN,41,0 days 00:01:47.403000,12.0,2.0,,,0 days 00:00:37.889000,0 days 00:00:43.534000,0 days 00:00:25.980000,0 days 00:49:18.257000,0 days 00:50:01.791000,0 days 00:50:27.771000,188.0,196.0,301.0,316.0,True,SOFT,12.0,False,Racing Bulls,0 days 00:48:40.368000,2026-09-25 09:04:46.398,1,,,,False,True,FP3,45.4,25.5,64.1
0 days 00:52:28.869000,LIN,41,0 days 00:02:01.098000,13.0,2.0,,0 days 00:52:27.627000,0 days 00:00:41.511000,0 days 00:00:47.169000,0 days 00:00:32.418000,0 days 00:51:09.282000,0 days 00:51:56.451000,0 days 00:52:28.869000,183.0,184.0,,265.0,False,SOFT,13.0,False,Racing Bulls,0 days 00:50:27.771000,2026-09-25 09:06:33.801,1,,,,False,False,FP3,45.4,25.5,64.1
0 days 00:58:21.863000,LIN,41,,14.0,3.0,0 days 00:56:25.175000,,,0 days 00:00:46.560000,0 days 00:00:30.430000,,0 days 00:57:51.689000,0 days 00:58:21.902000,171.0,184.0,295.0,251.0,False,SOFT,1.0,True,Racing Bulls,0 days 00:52:28.869000,2026-09-25 09:08:34.899,167,,,,False,False,FP3,45.4,25.5,64.1
0 days 01:00:23.242000,LIN,41,0 days 00:02:01.379000,15.0,3.0,,,0 days 00:00:40.618000,0 days 00:00:50.295000,0 days 00:00:30.466000,0 days 00:59:02.481000,0 days 00:59:52.776000,0 days 01:00:23.242000,168.0,184.0,293.0,250.0,False,SOFT,2.0,True,Racing Bulls,0 days 00:58:21.863000,2026-09-25 09:14:27.893,1,,,,False,True,FP3,45.4,25.5,64.1
0 days 01:02:10.152000,LIN,41,0 days 00:01:46.910000,16.0,3.0,,,0 days 00:00:37.881000,0 days 00:00:43.370000,0 days 00:00:25.659000,0 days 01:01:01.123000,0 days 01:01:44.493000,0 days 01:02:10.152000,188.0,202.0,302.0,320.0,True,SOFT,3.0,True,Racing Bulls,0 days 01:00:23.242000,2026-09-25 09:16:29.272,1,,,,False,True,FP3,45.4,25.5,64.1
0 days 01:04:39.143000,LIN,41,0 days 00:02:28.991000,17.0,3.0,,,0 days 00:00:58.452000,0 days 00:00:58.621000,0 days 00:00:31.918000,0 days 01:03:08.604000,0 days 01:04:07.225000,0 days 01:04:39.143000,138.0,184.0,297.0,246.0,False,SOFT,4.0,True,Racing Bulls,0 days 01:02:10.152000,2026-09-25 09:18:16.182,12,,,,False,True,FP3,45.8,25.4,64.0
0 days 01:06:25.835000,LIN,41,0 days 00:01:46.692000,18.0,3.0,,,0 days 00:00:37.656000,0 days 00:00:43.448000,0 days 00:00:25.588000,0 days 01:05:16.799000,0 days 01:06:00.247000,0 days 01:06:25.835000,196.0,205.0,302.0,319.0,True,SOFT,5.0,True,Racing Bulls,0 days 01:04:39.143000,2026-09-25 09:20:45.173,12,,,,False,True,FP3,45.8,25.4,64.0
0 days 01:08:45.482000,LIN,41,0 days 00:02:19.647000,19.0,3.0,,,0 days 00:00:50.690000,0 days 00:00:57.506000,0 days 00:00:31.451000,0 days 01:07:16.525000,0 days 01:08:14.031000,0 days 01:08:45.482000,135.0,162.0,305.0,263.0,False,SOFT,6.0,True,Racing Bulls,0 days 01:06:25.835000,2026-09-25 09:22:31.865,12,,,,False,True,FP3,45.8,25.4,64.0
0 days 01:10:31.753000,LIN,41,0 days 00:01:46.271000,20.0,3.0,,,0 days 00:00:37.576000,0 days 00:00:43.296000,0 days 00:00:25.399000,0 days 01:09:23.058000,0 days 01:10:06.354000,0 days 01:10:31.753000,189.0,209.0,304.0,324.0,True,SOFT,7.0,True,Racing Bulls,0 days 01:08:45.482000,2026-09-25 09:24:51.512,1,,,,False,True,FP3,45.8,25.4,64.0
0 days 01:12:49.474000,LIN,41,0 days 00:02:17.721000,21.0,3.0,,,0 days 00:00:50.796000,0 days 00:00:53.646000,0 days 00:00:33.279000,0 days 01:11:22.549000,0 days 01:12:16.195000,0 days 01:12:49.474000,176.0,184.0,299.0,249.0,False,SOFT,8.0,True,Racing Bulls,0 days 01:10:31.753000,2026-09-25 09:26:37.783,12,,,,False,True,FP3,45.8,25.4,64.0
0 days 01:14:39.095000,LIN,41,0 days 00:01:49.621000,22.0,3.0,,0 days 01:14:37.732000,0 days 00:00:37.678000,0 days 00:00:43.114000,0 days 00:00:28.829000,0 days 01:13:27.152000,0 days 01:14:10.266000,0 days 01:14:39.095000,203.0,212.0,,318.0,False,SOFT,9.0,True,Racing Bulls,0 days 01:12:49.474000,2026-09-25 09:28:55.504,1,,,,False,False,FP3,46.7,25.5,64.1
0 days 00:20:21.680000,COL,43,,1.0,1.0,0 days 00:18:08.142000,,,0 days 00:00:51.018000,0 days 00:00:29.245000,,0 days 00:19:52.610000,0 days 00:20:22.012000,163.0,183.0,308.0,280.0,False,MEDIUM,1.0,True,Alpine,0 days 00:18:08.142000,2026-09-25 08:34:14.172,1,,,,False,False,FP3,46.7,25.5,64.1
0 days 00:22:13.579000,COL,43,0 days 00:01:51.899000,2.0,1.0,,,0 days 00:00:40.979000,0 days 00:00:45.005000,0 days 00:00:25.915000,0 days 00:21:02.659000,0 days 00:21:47.664000,0 days 00:22:13.579000,194.0,206.0,299.0,311.0,True,MEDIUM,2.0,True,Alpine,0 days 00:20:21.680000,2026-09-25 08:36:27.710,1,,,,False,True,FP3,46.7,25.5,64.1
0 days 00:24:43.455000,COL,43,0 days 00:02:29.876000,3.0,1.0,,,0 days 00:01:05.578000,0 days 00:00:54.976000,0 days 00:00:29.322000,0 days 00:23:19.157000,0 days 00:24:14.133000,0 days 00:24:43.455000,116.0,181.0,314.0,285.0,False,MEDIUM,3.0,True,Alpine,0 days 00:22:13.579000,2026-09-25 08:38:19.609,1,,,,False,True,FP3,46.7,25.5,64.1
0 days 00:26:53.904000,COL,43,0 days 00:02:10.449000,4.0,1.0,,,0 days 00:00:38.427000,0 days 00:01:02.458000,0 days 00:00:29.564000,0 days 00:25:21.882000,0 days 00:26:24.340000,0 days 00:26:53.904000,198.0,175.0,309.0,281.0,False,MEDIUM,4.0,True,Alpine,0 days 00:24:43.455000,2026-09-25 08:40:49.485,167,,,,False,False,FP3,46.2,25.5,63.9
0 days 00:28:49.914000,COL,43,0 days 00:01:56.010000,5.0,1.0,,0 days 00:28:48.549000,0 days 00:00:38.676000,0 days 00:00:43.973000,0 days 00:00:33.361000,0 days 00:27:32.580000,0 days 00:28:16.553000,0 days 00:28:49.914000,195.0,206.0,,271.0,False,MEDIUM,5.0,True,Alpine,0 days 00:26:53.904000,2026-09-25 08:42:59.934,1,,,,False,False,FP3,46.2,25.5,63.9
0 days 00:36:27.188000,COL,43,,6.0,2.0,0 days 00:34:15.787000,,,0 days 00:00:48.477000,0 days 00:00:29.801000,,0 days 00:35:57.744000,0 days 00:36:27.313000,181.0,193.0,307.0,274.0,False,MEDIUM,6.0,False,Alpine,0 days 00:28:49.914000,2026-09-25 08:44:55.944,1,,,,False,False,FP3,46.2,25.5,63.9
0 days 00:38:14.368000,COL,43,0 days 00:01:47.180000,7.0,2.0,,,0 days 00:00:37.900000,0 days 00:00:43.657000,0 days 00:00:25.623000,0 days 00:37:05.088000,0 days 00:37:48.745000,0 days 00:38:14.368000,200.0,208.0,310.0,320.0,True,MEDIUM,7.0,False,Alpine,0 days 00:36:27.188000,2026-09-25 08:52:33.218,12,,,,False,True,FP3,46.2,25.5,63.9
0 days 00:40:41.539000,COL,43,0 days 00:02:27.171000,8.0,2.0,,,0 days 00:00:55.236000,0 days 00:01:02.499000,0 days 00:00:29.436000,0 days 00:39:09.604000,0 days 00:40:12.103000,0 days 00:40:41.539000,121.0,178.0,309.0,279.0,False,MEDIUM,8.0,False,Alpine,0 days 00:38:14.368000,2026-09-25 08:54:20.398,21,,,,False,True,FP3,45.0,25.6,63.3
0 days 00:42:28.289000,COL,43,0 days 00:01:46.750000,9.0,2.0,,,0 days 00:00:37.909000,0 days 00:00:43.275000,0 days 00:00:25.566000,0 days 00:41:19.448000,0 days 00:42:02.723000,0 days 00:42:28.289000,207.0,208.0,305.0,315.0,True,MEDIUM,9.0,False,Alpine,0 days 00:40:41.539000,2026-09-25 08:56:47.569,1,,,,False,True,FP3,45.0,25.6,63.3
0 days 00:44:52.145000,COL,43,0 days 00:02:23.856000,10.0,2.0,,,0 days 00:01:00.167000,0 days 00:00:54.223000,0 days 00:00:29.466000,0 days 00:43:28.456000,0 days 00:44:22.679000,0 days 00:44:52.145000,135.0,193.0,306.0,275.0,False,MEDIUM,10.0,False,Alpine,0 days 00:42:28.289000,2026-09-25 08:58:34.319,12,,,,False,True,FP3,45.0,25.6,63.3
0 days 00:46:38.839000,COL,43,0 days 00:01:46.694000,11.0,2.0,,,0 days 00:00:37.651000,0 days 00:00:43.402000,0 days 00:00:25.641000,0 days 00:45:29.796000,0 days 00:46:13.198000,0 days 00:46:38.839000,205.0,202.0,305.0,316.0,True,MEDIUM,11.0,False,Alpine,0 days 00:44:52.145000,2026-09-25 09:00:58.175,12,,,,False,True,FP3,44.6,25.5,63.6
0 days 00:48:49.280000,COL,43,0 days 00:02:10.441000,12.0,2.0,,0 days 00:48:48.082000,0 days 00:00:47.717000,0 days 00:00:49.860000,0 days 00:00:32.864000,0 days 00:47:26.556000,0 days 00:48:16.416000,0 days 00:48:49.280000,151.0,191.0,,282.0,False,MEDIUM,12.0,False,Alpine,0 days 00:46:38.839000,2026-09-25 09:02:44.869,12,,,,False,False,FP3,44.6,25.5,63.6
0 days 01:04:18.194000,COL,43,,13.0,3.0,0 days 01:02:08.473000,,,0 days 00:00:52.499000,0 days 00:00:29.325000,,0 days 01:03:49.094000,0 days 01:04:18.270000,179.0,137.0,314.0,281.0,False,SOFT,1.0,True,Alpine,0 days 00:48:49.280000,2026-09-25 09:04:55.310,1672,,,,False,False,FP3,45.3,25.4,63.8
0 days 01:06:04.201000,COL,43,0 days 00:01:46.007000,14.0,3.0,,,0 days 00:00:37.661000,0 days 00:00:42.973000,0 days 00:00:25.373000,0 days 01:04:55.855000,0 days 01:05:38.828000,0 days 01:06:04.201000,199.0,200.0,310.0,319.0,True,SOFT,2.0,True,Alpine,0 days 01:04:18.194000,2026-09-25 09:20:24.224,21,,,,False,True,FP3,45.3,25.4,63.8
0 days 01:08:41.898000,COL,43,,15.0,3.0,,,0 days 00:01:03.229000,0 days 00:01:02.856000,0 days 00:00:31.664000,0 days 01:07:07.686000,0 days 01:08:10.490000,0 days 01:08:42.253000,103.0,155.0,314.0,281.0,False,SOFT,3.0,True,Alpine,0 days 01:06:04.201000,2026-09-25 09:22:10.231,21,,,,False,False,FP3,45.3,25.4,63.8
0 days 01:10:27.533000,COL,43,0 days 00:01:45.635000,16.0,3.0,,,0 days 00:00:37.295000,0 days 00:00:42.921000,0 days 00:00:25.419000,0 days 01:09:19.193000,0 days 01:10:02.114000,0 days 01:10:27.533000,206.0,209.0,306.0,317.0,True,SOFT,4.0,True,Alpine,0 days 01:08:41.898000,2026-09-25 09:24:47.928,1,,,,False,True,FP3,46.2,25.4,65.2
0 days 01:13:00.193000,COL,43,,17.0,3.0,,,0 days 00:01:02.957000,0 days 00:01:00.527000,0 days 00:00:29.072000,0 days 01:11:30.749000,0 days 01:12:31.216000,0 days 01:13:00.193000,95.0,178.0,312.0,284.0,False,SOFT,5.0,True,Alpine,0 days 01:10:27.533000,2026-09-25 09:26:33.563,12,,,,False,False,FP3,46.2,25.4,65.2
0 days 01:14:45.785000,COL,43,0 days 00:01:45.592000,18.0,3.0,,,0 days 00:00:37.354000,0 days 00:00:42.878000,0 days 00:00:25.360000,0 days 01:13:37.547000,0 days 01:14:20.425000,0 days 01:14:45.785000,210.0,211.0,308.0,317.0,True,SOFT,6.0,True,Alpine,0 days 01:13:00.193000,2026-09-25 09:29:06.223,1,,,,False,True,FP3,46.2,25.4,65.2
0 days 01:17:09.786000,COL,43,0 days 00:02:24.001000,19.0,3.0,,,0 days 00:00:46.573000,0 days 00:00:50.041000,0 days 00:00:47.387000,0 days 01:15:32.358000,0 days 01:16:22.399000,0 days 01:17:09.786000,178.0,174.0,52.0,201.0,False,SOFT,7.0,True,Alpine,0 days 01:14:45.785000,2026-09-25 09:30:51.815,12,,,,False,True,FP3,46.2,25.4,65.2
0 days 01:19:36.217000,COL,43,0 days 00:02:26.431000,20.0,3.0,,0 days 01:19:34.836000,0 days 00:01:11.592000,0 days 00:00:44.530000,0 days 00:00:30.309000,0 days 01:18:21.378000,0 days 01:19:05.908000,0 days 01:19:36.217000,189.0,195.0,,319.0,False,SOFT,8.0,True,Alpine,0 days 01:17:09.786000,2026-09-25 09:33:15.816,1,,,,False,False,FP3,46.2,25.4,65.2
0 days 00:30:04.095000,HAM,44,,1.0,1.0,0 days 00:27:51.545000,,,0 days 00:00:54.016000,0 days 00:00:29.675000,,0 days 00:29:34.420000,0 days 00:30:04.198000,164.0,200.0,255.0,255.0,False,SOFT,1.0,True,Ferrari,0 days 00:27:51.545000,2026-09-25 08:43:57.575,1,,,,False,False,FP3,45.2,25.4,65.0
0 days 00:32:08.052000,HAM,44,0 days 00:02:03.957000,2.0,1.0,,,0 days 00:00:42.639000,0 days 00:00:51.594000,0 days 00:00:29.724000,0 days 00:30:46.734000,0 days 00:31:38.328000,0 days 00:32:08.052000,189.0,191.0,306.0,265.0,True,SOFT,2.0,True,Ferrari,0 days 00:30:04.095000,2026-09-25 08:46:10.125,1,,,,False,True,FP3,45.2,25.4,65.0
0 days 00:33:54.220000,HAM,44,0 days 00:01:46.168000,3.0,1.0,,,0 days 00:00:37.541000,0 days 00:00:43.252000,0 days 00:00:25.375000,0 days 00:32:45.593000,0 days 00:33:28.845000,0 days 00:33:54.220000,204.0,207.0,309.0,324.0,True,SOFT,3.0,True,Ferrari,0 days 00:32:08.052000,2026-09-25 08:48:14.082,1,,,,False,True,FP3,45.2,25.4,65.0
0 days 00:36:02.318000,HAM,44,0 days 00:02:08.098000,4.0,1.0,,,0 days 00:00:46.545000,0 days 00:00:52.063000,0 days 00:00:29.490000,0 days 00:34:40.765000,0 days 00:35:32.828000,0 days 00:36:02.318000,163.0,148.0,308.0,273.0,False,SOFT,4.0,True,Ferrari,0 days 00:33:54.220000,2026-09-25 08:50:00.250,1,,,,False,True,FP3,45.2,25.4,65.0
0 days 00:37:56.622000,HAM,44,0 days 00:01:54.304000,5.0,1.0,,,0 days 00:00:37.214000,0 days 00:00:47.596000,0 days 00:00:29.494000,0 days 00:36:39.532000,0 days 00:37:27.128000,0 days 00:37:56.622000,215.0,139.0,311.0,284.0,False,SOFT,5.0,True,Ferrari,0 days 00:36:02.318000,2026-09-25 08:52:08.348,1,,,,False,True,FP3,45.2,25.4,65.0
0 days 00:39:41.715000,HAM,44,0 days 00:01:45.093000,6.0,1.0,,,0 days 00:00:36.945000,0 days 00:00:43.122000,0 days 00:00:25.026000,0 days 00:38:33.567000,0 days 00:39:16.689000,0 days 00:39:41.715000,208.0,211.0,315.0,338.0,True,SOFT,6.0,True,Ferrari,0 days 00:37:56.622000,2026-09-25 08:54:02.652,12,,,,False,True,FP3,45.2,25.4,65.0
0 days 00:42:11.380000,HAM,44,0 days 00:02:29.665000,7.0,1.0,,,0 days 00:01:05.502000,0 days 00:00:55.122000,0 days 00:00:29.041000,0 days 00:40:47.217000,0 days 00:41:42.339000,0 days 00:42:11.380000,122.0,189.0,309.0,281.0,False,SOFT,7.0,True,Ferrari,0 days 00:39:41.715000,2026-09-25 08:55:47.745,1,,,,False,True,FP3,44.3,25.3,64.5
0 days 00:44:04.914000,HAM,44,0 days 00:01:53.534000,8.0,1.0,,,0 days 00:00:37.003000,0 days 00:00:47.684000,0 days 00:00:28.847000,0 days 00:42:48.383000,0 days 00:43:36.067000,0 days 00:44:04.914000,190.0,167.0,310.0,285.0,False,SOFT,8.0,True,Ferrari,0 days 00:42:11.380000,2026-09-25 08:58:17.410,12,,,,False,True,FP3,44.3,25.3,64.5
0 days 00:46:24.839000,HAM,44,0 days 00:02:19.925000,9.0,1.0,,,0 days 00:00:52.827000,0 days 00:00:58.136000,0 days 00:00:28.962000,0 days 00:44:57.741000,0 days 00:45:55.877000,0 days 00:46:24.839000,166.0,175.0,310.0,283.0,False,SOFT,9.0,True,Ferrari,0 days 00:44:04.914000,2026-09-25 09:00:10.944,12,,,,False,True,FP3,44.3,25.3,64.5
0 days 00:48:46.450000,HAM,44,0 days 00:02:21.611000,10.0,1.0,,,0 days 00:00:52.628000,0 days 00:01:00.267000,0 days 00:00:28.716000,0 days 00:47:17.467000,0 days 00:48:17.734000,0 days 00:48:46.450000,112.0,146.0,314.0,291.0,False,SOFT,10.0,True,Ferrari,0 days 00:46:24.839000,2026-09-25 09:02:30.869,12,,,,False,True,FP3,44.3,25.3,64.5
0 days 00:50:40.098000,HAM,44,0 days 00:01:53.648000,11.0,1.0,,0 days 00:50:37.906000,0 days 00:00:36.924000,0 days 00:00:42.763000,0 days 00:00:33.961000,0 days 00:49:23.374000,0 days 00:50:06.137000,0 days 00:50:40.098000,206.0,212.0,,326.0,False,SOFT,11.0,True,Ferrari,0 days 00:48:46.450000,2026-09-25 09:04:52.480,1,,,,False,False,FP3,44.3,25.3,64.5
0 days 01:07:13.289000,HAM,44,,12.0,2.0,0 days 01:05:09.819000,,,0 days 00:00:54.586000,0 days 00:00:28.227000,,0 days 01:06:45.388000,0 days 01:07:13.382000,167.0,185.0,280.0,280.0,False,SOFT,1.0,True,Ferrari,0 days 00:50:40.098000,2026-09-25 09:06:46.128,1672,,,,False,False,FP3,44.3,25.3,64.5
0 days 01:09:20.662000,HAM,44,0 days 00:02:07.373000,13.0,2.0,,,0 days 00:00:42.816000,0 days 00:00:55.471000,0 days 00:00:29.086000,0 days 01:07:56.105000,0 days 01:08:51.576000,0 days 01:09:20.662000,178.0,163.0,307.0,282.0,False,SOFT,2.0,True,Ferrari,0 days 01:07:13.289000,2026-09-25 09:23:19.319,12,,,,False,True,FP3,44.3,25.3,64.5
0 days 01:11:05.451000,HAM,44,0 days 00:01:44.789000,14.0,2.0,,,0 days 00:00:36.730000,0 days 00:00:42.677000,0 days 00:00:25.382000,0 days 01:09:57.392000,0 days 01:10:40.069000,0 days 01:11:05.451000,209.0,205.0,309.0,323.0,True,SOFT,3.0,True,Ferrari,0 days 01:09:20.662000,2026-09-25 09:25:26.692,12,,,,False,True,FP3,44.9,25.2,64.8
0 days 01:13:26.984000,HAM,44,0 days 00:02:21.533000,15.0,2.0,,,0 days 00:00:49.913000,0 days 00:01:02.581000,0 days 00:00:29.039000,0 days 01:11:55.364000,0 days 01:12:57.945000,0 days 01:13:26.984000,169.0,156.0,308.0,281.0,False,SOFT,4.0,True,Ferrari,0 days 01:11:05.451000,2026-09-25 09:27:11.481,12,,,,False,True,FP3,44.9,25.2,64.8
0 days 01:15:11.017000,HAM,44,0 days 00:01:44.033000,16.0,2.0,,,0 days 00:00:36.592000,0 days 00:00:42.506000,0 days 00:00:24.935000,0 days 01:14:03.576000,0 days 01:14:46.082000,0 days 01:15:11.017000,216.0,208.0,320.0,334.0,True,SOFT,5.0,True,Ferrari,0 days 01:13:26.984000,2026-09-25 09:29:33.014,12,,,,False,True,FP3,44.9,25.2,64.8
0 days 01:17:46.174000,HAM,44,,17.0,2.0,,,0 days 00:00:53.365000,0 days 00:00:52.513000,0 days 00:00:49.111000,0 days 01:16:04.667000,0 days 01:16:57.063000,0 days 01:17:46.549000,154.0,178.0,71.0,241.0,False,SOFT,6.0,True,Ferrari,0 days 01:15:11.017000,2026-09-25 09:31:17.047,21,,,,False,False,FP3,44.9,25.2,64.8
0 days 01:20:18.285000,HAM,44,,18.0,2.0,,0 days 01:20:17.652000,0 days 00:01:11.633000,0 days 00:00:47.507000,0 days 00:00:33.044000,0 days 01:18:57.895000,0 days 01:19:45.314000,0 days 01:20:18.285000,182.0,165.0,,277.0,False,SOFT,7.0,True,Ferrari,0 days 01:17:46.174000,2026-09-25 09:33:52.204,1,,,,False,False,FP3,44.9,25.2,64.8
0 days 00:31:19.333000,BOR,5,,1.0,1.0,0 days 00:29:08.402000,,,0 days 00:00:55.190000,0 days 00:00:30.094000,,0 days 00:30:49.416000,0 days 00:31:19.487000,94.0,170.0,299.0,280.0,False,MEDIUM,1.0,True,Audi,0 days 00:29:08.402000,2026-09-25 08:45:14.432,1,,,,False,False,FP3,44.9,25.2,64.8
0 days 00:33:28.402000,BOR,5,0 days 00:02:09.069000,2.0,1.0,,,0 days 00:00:42.987000,0 days 00:00:56.458000,0 days 00:00:29.624000,0 days 00:32:02.320000,0 days 00:32:58.778000,0 days 00:33:28.402000,185.0,137.0,313.0,278.0,True,MEDIUM,2.0,True,Audi,0 days 00:31:19.333000,2026-09-25 08:47:25.363,1,,,,False,True,FP3,44.9,25.2,64.8
0 days 00:35:17.045000,BOR,5,0 days 00:01:48.643000,3.0,1.0,,,0 days 00:00:38.598000,0 days 00:00:43.997000,0 days 00:00:26.048000,0 days 00:34:07,0 days 00:34:50.997000,0 days 00:35:17.045000,195.0,206.0,301.0,312.0,True,MEDIUM,3.0,True,Audi,0 days 00:33:28.402000,2026-09-25 08:49:34.432,1,,,,False,True,FP3,44.9,25.2,64.8
0 days 00:37:38.423000,BOR,5,0 days 00:02:21.378000,4.0,1.0,,,0 days 00:00:57.044000,0 days 00:00:52.663000,0 days 00:00:31.671000,0 days 00:36:14.089000,0 days 00:37:06.752000,0 days 00:37:38.423000,118.0,163.0,311.0,272.0,False,MEDIUM,4.0,True,Audi,0 days 00:35:17.045000,2026-09-25 08:51:23.075,1,,,,False,True,FP3,44.9,25.2,64.8
0 days 00:39:25.727000,BOR,5,0 days 00:01:47.304000,5.0,1.0,,,0 days 00:00:38.097000,0 days 00:00:43.495000,0 days 00:00:25.712000,0 days 00:38:16.520000,0 days 00:39:00.015000,0 days 00:39:25.727000,199.0,204.0,301.0,314.0,True,MEDIUM,5.0,True,Audi,0 days 00:37:38.423000,2026-09-25 08:53:44.453,12,,,,False,True,FP3,0.0,25.3,64.6
0 days 00:41:49.194000,BOR,5,0 days 00:02:23.467000,6.0,1.0,,,0 days 00:00:54.752000,0 days 00:00:57.454000,0 days 00:00:31.261000,0 days 00:40:20.479000,0 days 00:41:17.933000,0 days 00:41:49.194000,92.0,178.0,309.0,269.0,False,MEDIUM,6.0,True,Audi,0 days 00:39:25.727000,2026-09-25 08:55:31.757,1,,,,False,True,FP3,0.0,25.3,64.6
0 days 00:43:36.898000,BOR,5,0 days 00:01:47.704000,7.0,1.0,,,0 days 00:00:37.732000,0 days 00:00:43.872000,0 days 00:00:26.100000,0 days 00:42:26.926000,0 days 00:43:10.798000,0 days 00:43:36.898000,212.0,200.0,297.0,310.0,False,MEDIUM,7.0,True,Audi,0 days 00:41:49.194000,2026-09-25 08:57:55.224,12,,,,False,True,FP3,0.0,25.3,64.6
0 days 00:45:58.378000,BOR,5,0 days 00:02:21.480000,8.0,1.0,,,0 days 00:00:59.099000,0 days 00:00:53.057000,0 days 00:00:29.324000,0 days 00:44:35.997000,0 days 00:45:29.054000,0 days 00:45:58.378000,151.0,174.0,310.0,281.0,False,MEDIUM,8.0,True,Audi,0 days 00:43:36.898000,2026-09-25 08:59:42.928,12,,,,False,True,FP3,0.0,25.3,64.6
0 days 00:48:03.414000,BOR,5,0 days 00:02:05.036000,9.0,1.0,,0 days 00:48:02.103000,0 days 00:00:42.250000,0 days 00:00:49.681000,0 days 00:00:33.105000,0 days 00:46:40.628000,0 days 00:47:30.309000,0 days 00:48:03.414000,173.0,177.0,,265.0,False,MEDIUM,9.0,True,Audi,0 days 00:45:58.378000,2026-09-25 09:02:04.408,12,,,,False,False,FP3,0.0,25.3,64.6
0 days 00:59:18.646000,BOR,5,,10.0,2.0,0 days 00:57:16.951000,,,0 days 00:00:51.701000,0 days 00:00:28.962000,,0 days 00:58:49.834000,0 days 00:59:18.731000,168.0,174.0,309.0,282.0,False,SOFT,1.0,True,Audi,0 days 00:48:03.414000,2026-09-25 09:04:09.444,2167,,,,False,False,FP3,0.0,25.3,64.6
0 days 01:01:04.939000,BOR,5,0 days 00:01:46.293000,11.0,2.0,,,0 days 00:00:37.319000,0 days 00:00:43.332000,0 days 00:00:25.642000,0 days 00:59:55.965000,0 days 01:00:39.297000,0 days 01:01:04.939000,203.0,207.0,301.0,316.0,True,SOFT,2.0,True,Audi,0 days 00:59:18.646000,2026-09-25 09:15:24.676,1,,,,False,True,FP3,44.8,25.3,64.8
0 days 01:03:34.600000,BOR,5,0 days 00:02:29.661000,12.0,2.0,,,0 days 00:01:01.348000,0 days 00:00:59.113000,0 days 00:00:29.200000,0 days 01:02:06.287000,0 days 01:03:05.400000,0 days 01:03:34.600000,132.0,175.0,308.0,278.0,False,SOFT,3.0,True,Audi,0 days 01:01:04.939000,2026-09-25 09:17:10.969,12,,,,False,True,FP3,44.8,25.3,64.8
0 days 01:05:56.782000,BOR,5,0 days 00:02:22.182000,13.0,2.0,,,0 days 00:01:00.002000,0 days 00:00:52.482000,0 days 00:00:29.698000,0 days 01:04:34.602000,0 days 01:05:27.084000,0 days 01:05:56.782000,151.0,149.0,308.0,277.0,False,SOFT,4.0,True,Audi,0 days 01:03:34.600000,2026-09-25 09:19:40.630,12,,,,False,True,FP3,44.8,25.3,64.8
0 days 01:07:42.636000,BOR,5,0 days 00:01:45.854000,14.0,2.0,,,0 days 00:00:37.358000,0 days 00:00:42.974000,0 days 00:00:25.522000,0 days 01:06:34.140000,0 days 01:07:17.114000,0 days 01:07:42.636000,202.0,206.0,302.0,317.0,True,SOFT,5.0,True,Audi,0 days 01:05:56.782000,2026-09-25 09:22:02.812,21,,,,False,True,FP3,44.8,25.3,64.8
0 days 01:09:49.517000,BOR,5,0 days 00:02:06.881000,15.0,2.0,,0 days 01:09:48.247000,0 days 00:00:45.427000,0 days 00:00:49.326000,0 days 00:00:32.128000,0 days 01:08:28.063000,0 days 01:09:17.389000,0 days 01:09:49.517000,165.0,173.0,,275.0,False,SOFT,6.0,True,Audi,0 days 01:07:42.636000,2026-09-25 09:23:48.666,1,,,,False,False,FP3,44.8,25.3,64.8
0 days 01:14:25.202000,BOR,5,,16.0,3.0,0 days 01:12:27.516000,,,0 days 00:00:48.538000,0 days 00:00:28.632000,,0 days 01:13:56.629000,0 days 01:14:25.202000,171.0,185.0,287.0,283.0,False,SOFT,7.0,False,Audi,0 days 01:09:49.517000,2026-09-25 09:25:55.547,12,,,,False,False,FP3,44.8,25.3,64.8
0 days 01:16:34.790000,BOR,5,0 days 00:02:09.588000,17.0,3.0,,,0 days 00:00:42.401000,0 days 00:00:46.941000,0 days 00:00:40.246000,0 days 01:15:07.603000,0 days 01:15:54.544000,0 days 01:16:34.790000,183.0,184.0,49.0,250.0,False,SOFT,8.0,False,Audi,0 days 01:14:25.202000,2026-09-25 09:30:31.232,12,,,,False,True,FP3,44.8,25.3,64.8
0 days 01:19:18.617000,BOR,5,,18.0,3.0,,0 days 01:19:17.168000,0 days 00:01:09.788000,0 days 00:01:01.652000,0 days 00:00:32.403000,0 days 01:17:44.657000,0 days 01:18:46.408000,0 days 01:19:18.617000,138.0,128.0,,279.0,False,SOFT,9.0,False,Audi,0 days 01:16:34.790000,2026-09-25 09:32:40.820,1,,,,False,False,FP3,44.8,25.3,64.8
0 days 00:26:26.207000,SAI,55,,1.0,1.0,0 days 00:24:11.589000,,,0 days 00:00:59.921000,0 days 00:00:28.607000,,0 days 00:25:57.796000,0 days 00:26:26.245000,155.0,142.0,280.0,278.0,False,MEDIUM,1.0,True,Williams,0 days 00:24:11.589000,2026-09-25 08:40:17.619,167,,,,False,False,FP3,44.8,25.3,64.8
0 days 00:28:28.230000,SAI,55,0 days 00:02:02.023000,2.0,1.0,,,0 days 00:00:41.856000,0 days 00:00:50.103000,0 days 00:00:30.064000,0 days 00:27:08.063000,0 days 00:27:58.166000,0 days 00:28:28.230000,168.0,162.0,302.0,264.0,True,MEDIUM,2.0,True,Williams,0 days 00:26:26.207000,2026-09-25 08:42:32.237,1,,,,False,True,FP3,46.4,25.3,65.9
0 days 00:30:17.267000,SAI,55,0 days 00:01:49.037000,3.0,1.0,,,0 days 00:00:38.691000,0 days 00:00:44.590000,0 days 00:00:25.756000,0 days 00:29:06.921000,0 days 00:29:51.511000,0 days 00:30:17.267000,189.0,198.0,304.0,316.0,True,MEDIUM,3.0,True,Williams,0 days 00:28:28.230000,2026-09-25 08:44:34.260,1,,,,False,True,FP3,46.4,25.3,65.9
0 days 00:32:26.170000,SAI,55,0 days 00:02:08.903000,4.0,1.0,,,0 days 00:00:46.806000,0 days 00:00:52.534000,0 days 00:00:29.563000,0 days 00:31:04.073000,0 days 00:31:56.607000,0 days 00:32:26.170000,170.0,150.0,308.0,279.0,False,MEDIUM,4.0,True,Williams,0 days 00:30:17.267000,2026-09-25 08:46:23.297,1,,,,False,True,FP3,46.4,25.3,65.9
0 days 00:34:23.762000,SAI,55,0 days 00:01:57.592000,5.0,1.0,,,0 days 00:00:38.411000,0 days 00:00:49.950000,0 days 00:00:29.231000,0 days 00:33:04.581000,0 days 00:33:54.531000,0 days 00:34:23.762000,196.0,175.0,307.0,280.0,False,MEDIUM,5.0,True,Williams,0 days 00:32:26.170000,2026-09-25 08:48:32.200,1,,,,False,True,FP3,46.4,25.3,65.9
0 days 00:36:11.501000,SAI,55,0 days 00:01:47.739000,6.0,1.0,,,0 days 00:00:37.946000,0 days 00:00:43.816000,0 days 00:00:25.977000,0 days 00:35:01.708000,0 days 00:35:45.524000,0 days 00:36:11.501000,195.0,206.0,303.0,314.0,True,MEDIUM,6.0,True,Williams,0 days 00:34:23.762000,2026-09-25 08:50:29.792,1,,,,False,True,FP3,46.4,25.3,65.9
0 days 00:38:27.488000,SAI,55,0 days 00:02:15.987000,7.0,1.0,,,0 days 00:00:56.285000,0 days 00:00:50.282000,0 days 00:00:29.420000,0 days 00:37:07.786000,0 days 00:37:58.068000,0 days 00:38:27.488000,154.0,169.0,305.0,276.0,False,MEDIUM,7.0,True,Williams,0 days 00:36:11.501000,2026-09-25 08:52:17.531,12,,,,False,True,FP3,46.4,25.3,65.9
0 days 00:40:14.733000,SAI,55,0 days 00:01:47.245000,8.0,1.0,,,0 days 00:00:38.042000,0 days 00:00:43.718000,0 days 00:00:25.485000,0 days 00:39:05.530000,0 days 00:39:49.248000,0 days 00:40:14.733000,193.0,194.0,306.0,330.0,True,MEDIUM,8.0,True,Williams,0 days 00:38:27.488000,2026-09-25 08:54:33.518,1,,,,False,True,FP3,46.4,25.3,65.9
0 days 00:42:36.393000,SAI,55,0 days 00:02:21.660000,9.0,1.0,,,0 days 00:00:54.352000,0 days 00:00:57.903000,0 days 00:00:29.405000,0 days 00:41:09.085000,0 days 00:42:06.988000,0 days 00:42:36.393000,154.0,169.0,304.0,279.0,False,MEDIUM,9.0,True,Williams,0 days 00:40:14.733000,2026-09-25 08:56:20.763,1,,,,False,True,FP3,46.4,25.3,65.9
0 days 00:44:29.533000,SAI,55,0 days 00:01:53.140000,10.0,1.0,,0 days 00:44:28.194000,0 days 00:00:37.903000,0 days 00:00:43.825000,0 days 00:00:31.412000,0 days 00:43:14.296000,0 days 00:43:58.121000,0 days 00:44:29.533000,197.0,202.0,,290.0,False,MEDIUM,10.0,True,Williams,0 days 00:42:36.393000,2026-09-25 08:58:42.423,12,,,,False,False,FP3,46.4,25.3,65.9
0 days 00:47:08.608000,SAI,55,,11.0,2.0,0 days 00:45:03.074000,,0 days 00:01:24.151000,0 days 00:00:48.772000,0 days 00:00:26.229000,0 days 00:45:53.899000,0 days 00:46:42.683000,0 days 00:47:08.729000,133.0,168.0,305.0,324.0,False,MEDIUM,1.0,False,Williams,0 days 00:44:29.533000,2026-09-25 09:00:35.563,12,,,,False,False,FP3,46.4,25.3,65.9
0 days 00:48:58.251000,SAI,55,0 days 00:01:49.643000,12.0,2.0,,,0 days 00:00:39.346000,0 days 00:00:44.518000,0 days 00:00:25.779000,0 days 00:47:47.954000,0 days 00:48:32.472000,0 days 00:48:58.251000,192.0,195.0,310.0,325.0,False,MEDIUM,2.0,False,Williams,0 days 00:47:08.608000,2026-09-25 09:03:14.638,12,,,,False,True,FP3,46.4,25.3,65.9
0 days 00:50:46.942000,SAI,55,0 days 00:01:48.691000,13.0,2.0,,,0 days 00:00:38.917000,0 days 00:00:44.101000,0 days 00:00:25.673000,0 days 00:49:37.168000,0 days 00:50:21.269000,0 days 00:50:46.942000,192.0,192.0,306.0,323.0,False,MEDIUM,3.0,False,Williams,0 days 00:48:58.251000,2026-09-25 09:05:04.281,1,,,,False,True,FP3,45.1,25.3,66.6
0 days 00:52:34.889000,SAI,55,0 days 00:01:47.947000,14.0,2.0,,,0 days 00:00:38.622000,0 days 00:00:43.733000,0 days 00:00:25.592000,0 days 00:51:25.564000,0 days 00:52:09.297000,0 days 00:52:34.889000,197.0,202.0,307.0,326.0,False,MEDIUM,4.0,False,Williams,0 days 00:50:46.942000,2026-09-25 09:06:52.972,1,,,,False,True,FP3,45.1,25.3,66.6
0 days 00:54:51.087000,SAI,55,0 days 00:02:16.198000,15.0,2.0,,0 days 00:54:49.820000,0 days 00:00:45.731000,0 days 00:00:53.776000,0 days 00:00:36.691000,0 days 00:53:20.620000,0 days 00:54:14.396000,0 days 00:54:51.087000,133.0,161.0,,231.0,False,MEDIUM,5.0,False,Williams,0 days 00:52:34.889000,2026-09-25 09:08:40.919,167,,,,False,False,FP3,45.1,25.3,66.6
0 days 01:02:33.662000,SAI,55,,16.0,3.0,0 days 01:00:34.991000,,,0 days 00:00:47.907000,0 days 00:00:29.275000,,0 days 01:02:04.676000,0 days 01:02:33.787000,169.0,170.0,308.0,275.0,False,SOFT,1.0,True,Williams,0 days 00:54:51.087000,2026-09-25 09:10:57.117,1,,,,False,False,FP3,45.1,25.3,66.6
0 days 01:04:19.812000,SAI,55,0 days 00:01:46.150000,17.0,3.0,,,0 days 00:00:37.643000,0 days 00:00:43.225000,0 days 00:00:25.282000,0 days 01:03:11.305000,0 days 01:03:54.530000,0 days 01:04:19.812000,197.0,198.0,313.0,324.0,True,SOFT,2.0,True,Williams,0 days 01:02:33.662000,2026-09-25 09:18:39.692,12,,,,False,True,FP3,45.1,25.3,66.6
0 days 01:06:45.640000,SAI,55,0 days 00:02:25.828000,18.0,3.0,,,0 days 00:00:50.381000,0 days 00:01:06.606000,0 days 00:00:28.841000,0 days 01:05:10.193000,0 days 01:06:16.799000,0 days 01:06:45.640000,92.0,126.0,310.0,289.0,False,SOFT,3.0,True,Williams,0 days 01:04:19.812000,2026-09-25 09:20:25.842,12,,,,False,True,FP3,45.1,25.3,66.6
0 days 01:08:57.184000,SAI,55,0 days 00:02:11.544000,19.0,3.0,,,0 days 00:00:47.277000,0 days 00:00:54.694000,0 days 00:00:29.573000,0 days 01:07:32.917000,0 days 01:08:27.611000,0 days 01:08:57.184000,121.0,158.0,307.0,270.0,False,SOFT,4.0,True,Williams,0 days 01:06:45.640000,2026-09-25 09:22:51.670,12,,,,False,True,FP3,45.1,25.3,66.6
0 days 01:10:42.789000,SAI,55,0 days 00:01:45.605000,20.0,3.0,,,0 days 00:00:37.167000,0 days 00:00:43.153000,0 days 00:00:25.285000,0 days 01:09:34.351000,0 days 01:10:17.504000,0 days 01:10:42.789000,199.0,201.0,309.0,323.0,True,SOFT,5.0,True,Williams,0 days 01:08:57.184000,2026-09-25 09:25:03.214,1,,,,False,True,FP3,45.1,25.3,66.6
0 days 01:13:11.411000,SAI,55,0 days 00:02:28.622000,21.0,3.0,,,0 days 00:00:56.070000,0 days 00:01:03.423000,0 days 00:00:29.129000,0 days 01:11:38.859000,0 days 01:12:42.282000,0 days 01:13:11.411000,129.0,164.0,311.0,280.0,False,SOFT,6.0,True,Williams,0 days 01:10:42.789000,2026-09-25 09:26:48.819,12,,,,False,True,FP3,45.1,25.3,66.6
0 days 01:15:10.768000,SAI,55,0 days 00:01:59.357000,22.0,3.0,,,0 days 00:00:37.335000,0 days 00:00:52.857000,0 days 00:00:29.165000,0 days 01:13:48.746000,0 days 01:14:41.603000,0 days 01:15:10.768000,206.0,158.0,309.0,282.0,False,SOFT,7.0,True,Williams,0 days 01:13:11.411000,2026-09-25 09:29:17.441,12,,,,False,True,FP3,44.7,25.5,65.8
0 days 01:17:27.865000,SAI,55,0 days 00:02:17.097000,23.0,3.0,,,0 days 00:00:39.918000,0 days 00:00:56.825000,0 days 00:00:40.354000,0 days 01:15:50.686000,0 days 01:16:47.511000,0 days 01:17:27.865000,154.0,157.0,60.0,264.0,False,SOFT,8.0,True,Williams,0 days 01:15:10.768000,2026-09-25 09:31:16.798,21,,,,False,True,FP3,44.7,25.5,65.8
0 days 01:19:52.372000,SAI,55,0 days 00:02:24.507000,24.0,3.0,,0 days 01:19:51.117000,0 days 00:01:07.664000,0 days 00:00:47.268000,0 days 00:00:29.575000,0 days 01:18:35.529000,0 days 01:19:22.797000,0 days 01:19:52.372000,177.0,184.0,,318.0,False,SOFT,9.0,True,Williams,0 days 01:17:27.865000,2026-09-25 09:33:33.895,1,,,,False,False,FP3,44.7,25.5,65.8
0 days 00:31:59.150000,HAD,6,,1.0,1.0,0 days 00:29:52.171000,,,0 days 00:00:49.279000,0 days 00:00:29.676000,,0 days 00:31:29.726000,0 days 00:31:59.274000,171.0,193.0,290.0,261.0,False,MEDIUM,1.0,True,Red Bull Racing,0 days 00:29:52.171000,2026-09-25 08:45:58.201,1,,,,False,False,FP3,44.7,25.5,65.8
0 days 00:34:10.224000,HAD,6,0 days 00:02:11.074000,2.0,1.0,,,0 days 00:00:46.506000,0 days 00:00:52.521000,0 days 00:00:32.047000,0 days 00:32:45.656000,0 days 00:33:38.177000,0 days 00:34:10.224000,81.0,89.0,287.0,207.0,True,MEDIUM,2.0,True,Red Bull Racing,0 days 00:31:59.150000,2026-09-25 08:48:05.180,1,,,,False,True,FP3,44.7,25.5,65.8
0 days 00:35:58.353000,HAD,6,0 days 00:01:48.129000,3.0,1.0,,,0 days 00:00:38.662000,0 days 00:00:43.520000,0 days 00:00:25.947000,0 days 00:34:48.886000,0 days 00:35:32.406000,0 days 00:35:58.353000,192.0,210.0,301.0,318.0,True,MEDIUM,3.0,True,Red Bull Racing,0 days 00:34:10.224000,2026-09-25 08:50:16.254,1,,,,False,True,FP3,44.7,25.5,65.8
0 days 00:38:10.971000,HAD,6,0 days 00:02:12.618000,4.0,1.0,,,0 days 00:00:46.269000,0 days 00:00:56.746000,0 days 00:00:29.603000,0 days 00:36:44.622000,0 days 00:37:41.368000,0 days 00:38:10.971000,175.0,50.0,307.0,283.0,False,MEDIUM,4.0,True,Red Bull Racing,0 days 00:35:58.353000,2026-09-25 08:52:04.383,1,,,,False,True,FP3,44.7,25.5,65.8
0 days 00:40:15.031000,HAD,6,0 days 00:02:04.060000,5.0,1.0,,,0 days 00:00:43.846000,0 days 00:00:51.481000,0 days 00:00:28.733000,0 days 00:38:54.817000,0 days 00:39:46.298000,0 days 00:40:15.031000,201.0,192.0,311.0,281.0,False,MEDIUM,5.0,True,Red Bull Racing,0 days 00:38:10.971000,2026-09-25 08:54:17.001,12,,,,False,True,FP3,44.7,25.5,65.8
0 days 00:42:01.470000,HAD,6,0 days 00:01:46.439000,6.0,1.0,,,0 days 00:00:37.629000,0 days 00:00:43.114000,0 days 00:00:25.696000,0 days 00:40:52.660000,0 days 00:41:35.774000,0 days 00:42:01.470000,203.0,213.0,303.0,321.0,True,MEDIUM,6.0,True,Red Bull Racing,0 days 00:40:15.031000,2026-09-25 08:56:21.061,1,,,,False,True,FP3,44.7,25.5,65.8
0 days 00:44:11.890000,HAD,6,0 days 00:02:10.420000,7.0,1.0,,,0 days 00:00:43.620000,0 days 00:00:57.515000,0 days 00:00:29.285000,0 days 00:42:45.090000,0 days 00:43:42.605000,0 days 00:44:11.890000,161.0,129.0,304.0,282.0,False,MEDIUM,7.0,True,Red Bull Racing,0 days 00:42:01.470000,2026-09-25 08:58:07.500,12,,,,False,True,FP3,44.7,25.5,65.8
0 days 00:46:15.334000,HAD,6,0 days 00:02:03.444000,8.0,1.0,,,0 days 00:00:42.901000,0 days 00:00:50.942000,0 days 00:00:29.601000,0 days 00:44:54.791000,0 days 00:45:45.733000,0 days 00:46:15.334000,181.0,109.0,306.0,283.0,False,MEDIUM,8.0,True,Red Bull Racing,0 days 00:44:11.890000,2026-09-25 09:00:17.920,12,,,,False,True,FP3,44.7,25.5,65.8
0 days 00:48:01.033000,HAD,6,0 days 00:01:45.699000,9.0,1.0,,,0 days 00:00:37.224000,0 days 00:00:42.862000,0 days 00:00:25.613000,0 days 00:46:52.558000,0 days 00:47:35.420000,0 days 00:48:01.033000,209.0,217.0,304.0,319.0,True,MEDIUM,9.0,True,Red Bull Racing,0 days 00:46:15.334000,2026-09-25 09:02:21.364,21,,,,False,True,FP3,45.2,25.4,66.0
0 days 00:50:05.415000,HAD,6,0 days 00:02:04.382000,10.0,1.0,,,0 days 00:00:44.641000,0 days 00:00:50.727000,0 days 00:00:29.014000,0 days 00:48:45.674000,0 days 00:49:36.401000,0 days 00:50:05.415000,179.0,190.0,305.0,283.0,False,MEDIUM,10.0,True,Red Bull Racing,0 days 00:48:01.033000,2026-09-25 09:04:07.063,12,,,,False,True,FP3,45.2,25.4,66.0
0 days 00:51:58.696000,HAD,6,0 days 00:01:53.281000,11.0,1.0,,0 days 00:51:57.212000,0 days 00:00:36.994000,0 days 00:00:42.545000,0 days 00:00:33.742000,0 days 00:50:42.409000,0 days 00:51:24.954000,0 days 00:51:58.696000,214.0,217.0,,223.0,False,MEDIUM,11.0,True,Red Bull Racing,0 days 00:50:05.415000,2026-09-25 09:06:11.445,1,,,,False,False,FP3,45.2,25.4,66.0
0 days 00:57:57.610000,HAD,6,,12.0,2.0,0 days 00:55:57.192000,,,0 days 00:00:48.391000,0 days 00:00:30.116000,,0 days 00:57:27.788000,0 days 00:57:57.747000,181.0,198.0,281.0,260.0,False,SOFT,1.0,True,Red Bull Racing,0 days 00:51:58.696000,2026-09-25 09:08:04.726,167,,,,False,False,FP3,45.2,25.4,66.0
0 days 00:59:57.938000,HAD,6,0 days 00:02:00.328000,13.0,2.0,,,0 days 00:00:42.930000,0 days 00:00:48.630000,0 days 00:00:28.768000,0 days 00:58:40.540000,0 days 00:59:29.170000,0 days 00:59:57.938000,191.0,189.0,306.0,283.0,False,SOFT,2.0,True,Red Bull Racing,0 days 00:57:57.610000,2026-09-25 09:14:03.640,1,,,,False,True,FP3,45.2,25.4,66.0
0 days 01:01:43.165000,HAD,6,0 days 00:01:45.227000,14.0,2.0,,,0 days 00:00:36.910000,0 days 00:00:42.797000,0 days 00:00:25.520000,0 days 01:00:34.848000,0 days 01:01:17.645000,0 days 01:01:43.165000,224.0,214.0,303.0,321.0,True,SOFT,3.0,True,Red Bull Racing,0 days 00:59:57.938000,2026-09-25 09:16:03.968,1,,,,False,True,FP3,45.2,25.4,66.0
0 days 01:04:14.357000,HAD,6,,15.0,2.0,,,0 days 00:00:57.199000,0 days 00:01:04.476000,0 days 00:00:29.501000,0 days 01:02:40.599000,0 days 01:03:45.083000,0 days 01:04:14.411000,100.0,175.0,305.0,281.0,False,SOFT,4.0,True,Red Bull Racing,0 days 01:01:43.165000,2026-09-25 09:17:49.195,12,,,,False,False,FP3,45.2,25.4,66.0
0 days 01:06:38.414000,HAD,6,0 days 00:02:24.057000,16.0,2.0,,,0 days 00:00:57.309000,0 days 00:00:57.860000,0 days 00:00:28.888000,0 days 01:05:11.666000,0 days 01:06:09.526000,0 days 01:06:38.414000,180.0,79.0,320.0,288.0,False,SOFT,5.0,True,Red Bull Racing,0 days 01:04:14.357000,2026-09-25 09:20:20.387,12,,,,False,True,FP3,45.2,25.4,66.0
0 days 01:08:23.741000,HAD,6,0 days 00:01:45.327000,17.0,2.0,,,0 days 00:00:36.955000,0 days 00:00:42.615000,0 days 00:00:25.757000,0 days 01:07:15.369000,0 days 01:07:57.984000,0 days 01:08:23.741000,211.0,212.0,301.0,318.0,False,SOFT,6.0,True,Red Bull Racing,0 days 01:06:38.414000,2026-09-25 09:22:44.444,12,,,,False,True,FP3,46.4,25.3,65.8
0 days 01:10:33.024000,HAD,6,0 days 00:02:09.283000,18.0,2.0,,,0 days 00:00:42.763000,0 days 00:00:55.477000,0 days 00:00:31.043000,0 days 01:09:06.504000,0 days 01:10:01.981000,0 days 01:10:33.024000,164.0,63.0,299.0,245.0,False,SOFT,7.0,True,Red Bull Racing,0 days 01:08:23.741000,2026-09-25 09:24:29.771,1,,,,False,True,FP3,46.4,25.3,65.8
0 days 01:12:43.675000,HAD,6,0 days 00:02:10.651000,19.0,2.0,,,0 days 00:00:52.769000,0 days 00:00:48.403000,0 days 00:00:29.479000,0 days 01:11:25.793000,0 days 01:12:14.196000,0 days 01:12:43.675000,175.0,164.0,302.0,280.0,False,SOFT,8.0,True,Red Bull Racing,0 days 01:10:33.024000,2026-09-25 09:26:39.054,12,,,,False,True,FP3,46.4,25.3,65.8
0 days 01:14:28.851000,HAD,6,0 days 00:01:45.176000,20.0,2.0,,,0 days 00:00:37.060000,0 days 00:00:42.578000,0 days 00:00:25.538000,0 days 01:13:20.735000,0 days 01:14:03.313000,0 days 01:14:28.851000,211.0,213.0,303.0,320.0,True,SOFT,9.0,True,Red Bull Racing,0 days 01:12:43.675000,2026-09-25 09:28:49.705,1,,,,False,True,FP3,46.4,25.3,65.8
0 days 01:16:59.885000,HAD,6,,21.0,2.0,,,0 days 00:00:45.498000,0 days 00:00:54.023000,0 days 00:00:51.486000,0 days 01:15:14.538000,0 days 01:16:08.560000,0 days 01:16:59.885000,147.0,145.0,94.0,200.0,False,SOFT,10.0,True,Red Bull Racing,0 days 01:14:28.851000,2026-09-25 09:30:34.881,12,,,,False,False,FP3,46.4,25.3,65.8
0 days 01:19:35.557000,HAD,6,,22.0,2.0,,0 days 01:19:34.356000,0 days 00:01:13.105000,0 days 00:00:46.664000,0 days 00:00:35.943000,0 days 01:18:13.125000,0 days 01:18:59.881000,0 days 01:19:35.557000,184.0,181.0,,197.0,False,SOFT,11.0,True,Red Bull Racing,0 days 01:16:59.885000,2026-09-25 09:33:05.915,1,,,,False,False,FP3,46.4,25.3,65.8
0 days 00:31:02.809000,RUS,63,,1.0,1.0,0 days 00:29:01.366000,,,0 days 00:00:47.996000,0 days 00:00:26.744000,,0 days 00:30:36.144000,0 days 00:31:02.875000,164.0,184.0,299.0,308.0,False,MEDIUM,1.0,True,Mercedes,0 days 00:29:01.366000,2026-09-25 08:45:07.396,1,,,,False,False,FP3,46.4,25.3,65.8
0 days 00:32:59.200000,RUS,63,0 days 00:01:56.391000,2.0,1.0,,0 days 00:32:57.898000,0 days 00:00:41.129000,0 days 00:00:46.106000,0 days 00:00:29.156000,0 days 00:31:43.938000,0 days 00:32:30.044000,0 days 00:32:59.200000,177.0,207.0,,324.0,False,MEDIUM,2.0,True,Mercedes,0 days 00:31:02.809000,2026-09-25 08:47:08.839,1,,,,False,False,FP3,46.4,25.3,65.8
0 days 00:35:30.752000,RUS,63,,3.0,2.0,0 days 00:33:20.168000,,0 days 00:01:07.676000,0 days 00:00:52.589000,0 days 00:00:31.458000,0 days 00:34:06.921000,0 days 00:34:59.566000,0 days 00:35:30.951000,75.0,85.0,288.0,273.0,False,MEDIUM,1.0,True,Mercedes,0 days 00:32:59.200000,2026-09-25 08:49:05.230,1,,,,False,False,FP3,46.4,25.3,65.8
0 days 00:37:17.595000,RUS,63,0 days 00:01:46.843000,4.0,2.0,,,0 days 00:00:38.174000,0 days 00:00:43.062000,0 days 00:00:25.607000,0 days 00:36:08.926000,0 days 00:36:51.988000,0 days 00:37:17.595000,190.0,201.0,305.0,323.0,True,MEDIUM,2.0,True,Mercedes,0 days 00:35:30.752000,2026-09-25 08:51:36.782,1,,,,False,True,FP3,46.4,25.3,65.8
0 days 00:39:20.205000,RUS,63,0 days 00:02:02.610000,5.0,2.0,,,0 days 00:00:45.930000,0 days 00:00:47.291000,0 days 00:00:29.389000,0 days 00:38:03.525000,0 days 00:38:50.816000,0 days 00:39:20.205000,174.0,188.0,295.0,279.0,False,MEDIUM,3.0,True,Mercedes,0 days 00:37:17.595000,2026-09-25 08:53:23.625,12,,,,False,True,FP3,46.4,25.3,66.4
0 days 00:41:05.582000,RUS,63,0 days 00:01:45.377000,6.0,2.0,,,0 days 00:00:37.173000,0 days 00:00:42.366000,0 days 00:00:25.838000,0 days 00:39:57.378000,0 days 00:40:39.744000,0 days 00:41:05.582000,205.0,210.0,311.0,328.0,True,MEDIUM,4.0,True,Mercedes,0 days 00:39:20.205000,2026-09-25 08:55:26.235,1,,,,False,True,FP3,46.4,25.3,66.4
0 days 00:43:16.463000,RUS,63,0 days 00:02:10.881000,7.0,2.0,,,0 days 00:00:51.684000,0 days 00:00:50.174000,0 days 00:00:29.023000,0 days 00:41:57.266000,0 days 00:42:47.440000,0 days 00:43:16.463000,113.0,201.0,293.0,279.0,False,MEDIUM,5.0,True,Mercedes,0 days 00:41:05.582000,2026-09-25 08:57:11.612,12,,,,False,True,FP3,46.4,25.3,66.4
0 days 00:45:01.178000,RUS,63,0 days 00:01:44.715000,8.0,2.0,,,0 days 00:00:36.877000,0 days 00:00:42.355000,0 days 00:00:25.483000,0 days 00:43:53.340000,0 days 00:44:35.695000,0 days 00:45:01.178000,204.0,205.0,307.0,323.0,True,MEDIUM,6.0,True,Mercedes,0 days 00:43:16.463000,2026-09-25 08:59:22.493,12,,,,False,True,FP3,46.4,25.3,66.4
0 days 00:47:04.796000,RUS,63,0 days 00:02:03.618000,9.0,2.0,,0 days 00:47:03.502000,0 days 00:00:43.116000,0 days 00:00:48.812000,0 days 00:00:31.690000,0 days 00:45:44.294000,0 days 00:46:33.106000,0 days 00:47:04.796000,169.0,189.0,,283.0,False,MEDIUM,7.0,True,Mercedes,0 days 00:45:01.178000,2026-09-25 09:01:07.208,12,,,,False,False,FP3,46.4,25.3,66.4
0 days 00:52:53.629000,RUS,63,,10.0,3.0,0 days 00:51:01.061000,,,0 days 00:00:44.977000,0 days 00:00:26.433000,,0 days 00:52:27.489000,0 days 00:52:53.720000,179.0,202.0,297.0,304.0,False,SOFT,1.0,True,Mercedes,0 days 00:47:04.796000,2026-09-25 09:03:10.826,12,,,,False,False,FP3,46.4,25.3,66.4
0 days 00:55:02.666000,RUS,63,0 days 00:02:09.037000,11.0,3.0,,,0 days 00:00:53.723000,0 days 00:00:46.426000,0 days 00:00:28.888000,0 days 00:53:47.352000,0 days 00:54:33.778000,0 days 00:55:02.666000,182.0,202.0,294.0,285.0,False,SOFT,2.0,True,Mercedes,0 days 00:52:53.629000,2026-09-25 09:08:59.659,167,,,,False,False,FP3,46.4,25.3,66.4
0 days 00:56:46.843000,RUS,63,0 days 00:01:44.177000,12.0,3.0,,,0 days 00:00:36.783000,0 days 00:00:42.053000,0 days 00:00:25.341000,0 days 00:55:39.449000,0 days 00:56:21.502000,0 days 00:56:46.843000,207.0,211.0,308.0,326.0,True,SOFT,3.0,True,Mercedes,0 days 00:55:02.666000,2026-09-25 09:11:08.696,1,,,,False,True,FP3,46.4,25.3,66.4
0 days 00:58:51.681000,RUS,63,0 days 00:02:04.838000,13.0,3.0,,,0 days 00:00:45.510000,0 days 00:00:50.697000,0 days 00:00:28.631000,0 days 00:57:32.353000,0 days 00:58:23.050000,0 days 00:58:51.681000,155.0,194.0,296.0,286.0,False,SOFT,4.0,True,Mercedes,0 days 00:56:46.843000,2026-09-25 09:12:52.873,1,,,,False,True,FP3,46.4,25.3,66.4
0 days 01:00:35.702000,RUS,63,0 days 00:01:44.021000,14.0,3.0,,,0 days 00:00:36.570000,0 days 00:00:42.225000,0 days 00:00:25.226000,0 days 00:59:28.251000,0 days 01:00:10.476000,0 days 01:00:35.702000,214.0,209.0,311.0,325.0,True,SOFT,5.0,True,Mercedes,0 days 00:58:51.681000,2026-09-25 09:14:57.711,1,,,,False,True,FP3,46.4,25.3,66.4
0 days 01:02:52.491000,RUS,63,0 days 00:02:16.789000,15.0,3.0,,,0 days 00:00:49.759000,0 days 00:00:58.241000,0 days 00:00:28.789000,0 days 01:01:25.461000,0 days 01:02:23.702000,0 days 01:02:52.491000,151.0,188.0,296.0,285.0,False,SOFT,6.0,True,Mercedes,0 days 01:00:35.702000,2026-09-25 09:16:41.732,1,,,,False,True,FP3,45.0,25.4,65.9
0 days 01:04:59.452000,RUS,63,0 days 00:02:06.961000,16.0,3.0,,,0 days 00:00:46.992000,0 days 00:00:51.215000,0 days 00:00:28.754000,0 days 01:03:39.483000,0 days 01:04:30.698000,0 days 01:04:59.452000,183.0,170.0,299.0,287.0,False,SOFT,7.0,True,Mercedes,0 days 01:02:52.491000,2026-09-25 09:18:58.521,12,,,,False,True,FP3,45.0,25.4,65.9
0 days 01:07:12.816000,RUS,63,0 days 00:02:13.364000,17.0,3.0,,,0 days 00:00:36.509000,0 days 00:01:08.222000,0 days 00:00:28.633000,0 days 01:05:35.961000,0 days 01:06:44.183000,0 days 01:07:12.816000,216.0,193.0,298.0,287.0,False,SOFT,8.0,True,Mercedes,0 days 01:04:59.452000,2026-09-25 09:21:05.482,12,,,,False,True,FP3,45.0,25.4,65.9
0 days 01:09:23.385000,RUS,63,0 days 00:02:10.569000,18.0,3.0,,0 days 01:09:22.072000,0 days 00:00:50.975000,0 days 00:00:49.096000,0 days 00:00:30.498000,0 days 01:08:03.791000,0 days 01:08:52.887000,0 days 01:09:23.385000,178.0,179.0,,327.0,False,SOFT,9.0,True,Mercedes,0 days 01:07:12.816000,2026-09-25 09:23:18.846,12,,,,False,False,FP3,45.0,25.4,65.9
0 days 01:15:12.317000,RUS,63,,19.0,4.0,0 days 01:12:42.476000,,,0 days 00:00:48.898000,0 days 00:00:28.949000,,0 days 01:14:43.443000,0 days 01:15:12.336000,175.0,140.0,291.0,295.0,False,MEDIUM,8.0,False,Mercedes,0 days 01:09:23.385000,2026-09-25 09:25:29.415,12,,,,False,False,FP3,45.0,25.4,65.9
0 days 01:17:39.851000,RUS,63,0 days 00:02:27.534000,20.0,4.0,,,0 days 00:00:46.625000,0 days 00:00:55.572000,0 days 00:00:45.337000,0 days 01:15:58.942000,0 days 01:16:54.514000,0 days 01:17:39.851000,171.0,96.0,58.0,257.0,False,MEDIUM,9.0,False,Mercedes,0 days 01:15:12.317000,2026-09-25 09:31:18.347,21,,,,False,True,FP3,45.0,25.4,65.9
0 days 01:20:12.383000,RUS,63,,21.0,4.0,,0 days 01:20:11.081000,0 days 00:01:13.300000,0 days 00:00:46.702000,0 days 00:00:32.616000,0 days 01:18:53.190000,0 days 01:19:39.876000,0 days 01:20:12.383000,179.0,165.0,,282.0,False,MEDIUM,10.0,False,Mercedes,0 days 01:17:39.851000,2026-09-25 09:33:45.881,1,,,,False,False,FP3,45.0,25.4,65.9
0 days 00:23:35.486000,BOT,77,,1.0,1.0,0 days 00:21:29.514000,,,0 days 00:00:50.741000,0 days 00:00:30.891000,,0 days 00:23:04.681000,0 days 00:23:35.495000,169.0,182.0,290.0,263.0,False,SOFT,1.0,True,Cadillac,0 days 00:21:29.514000,2026-09-25 08:37:35.544,1,,,,False,False,FP3,45.0,25.4,65.9
0 days 00:25:28.960000,BOT,77,0 days 00:01:53.474000,2.0,1.0,,,0 days 00:00:40.228000,0 days 00:00:46.488000,0 days 00:00:26.758000,0 days 00:24:15.714000,0 days 00:25:02.202000,0 days 00:25:28.960000,189.0,195.0,289.0,311.0,True,SOFT,2.0,True,Cadillac,0 days 00:23:35.486000,2026-09-25 08:39:41.516,1,,,,False,True,FP3,45.0,25.4,65.9
0 days 00:28:03.786000,BOT,77,,3.0,1.0,,0 days 00:28:02.436000,0 days 00:00:58.587000,0 days 00:00:56.567000,0 days 00:00:39.638000,0 days 00:26:27.631000,0 days 00:27:24.288000,0 days 00:28:03.786000,140.0,153.0,,230.0,False,SOFT,3.0,True,Cadillac,0 days 00:25:28.960000,2026-09-25 08:41:34.990,167,,,,False,False,FP3,45.0,25.4,65.9
0 days 00:41:49.842000,BOT,77,,4.0,2.0,0 days 00:39:27.184000,,,0 days 00:00:57.583000,0 days 00:00:30.438000,,0 days 00:41:19.546000,0 days 00:41:49.994000,112.0,169.0,291.0,280.0,False,SOFT,4.0,False,Cadillac,0 days 00:28:03.786000,2026-09-25 08:44:09.816,12,,,,False,False,FP3,45.0,25.4,65.9
0 days 00:43:50.348000,BOT,77,0 days 00:02:00.506000,5.0,2.0,,,0 days 00:00:43.439000,0 days 00:00:47.417000,0 days 00:00:29.650000,0 days 00:42:33.281000,0 days 00:43:20.698000,0 days 00:43:50.348000,175.0,186.0,298.0,275.0,False,SOFT,5.0,False,Cadillac,0 days 00:41:49.842000,2026-09-25 08:57:55.872,12,,,,False,True,FP3,45.0,25.4,65.9
0 days 00:45:42.193000,BOT,77,0 days 00:01:51.845000,6.0,2.0,,,0 days 00:00:39.470000,0 days 00:00:45.670000,0 days 00:00:26.705000,0 days 00:44:29.818000,0 days 00:45:15.488000,0 days 00:45:42.193000,183.0,191.0,292.0,309.0,True,SOFT,6.0,False,Cadillac,0 days 00:43:50.348000,2026-09-25 08:59:56.378,12,,,,False,True,FP3,44.2,25.4,65.4
0 days 00:47:56.522000,BOT,77,0 days 00:02:14.329000,7.0,2.0,,,0 days 00:00:52.903000,0 days 00:00:52.095000,0 days 00:00:29.331000,0 days 00:46:35.096000,0 days 00:47:27.191000,0 days 00:47:56.522000,145.0,174.0,302.0,277.0,False,SOFT,7.0,False,Cadillac,0 days 00:45:42.193000,2026-09-25 09:01:48.223,12,,,,False,True,FP3,44.2,25.4,65.4
0 days 00:49:58.405000,BOT,77,0 days 00:02:01.883000,8.0,2.0,,,0 days 00:00:41.202000,0 days 00:00:51.094000,0 days 00:00:29.587000,0 days 00:48:37.724000,0 days 00:49:28.818000,0 days 00:49:58.405000,172.0,144.0,302.0,278.0,False,SOFT,8.0,False,Cadillac,0 days 00:47:56.522000,2026-09-25 09:04:02.552,12,,,,False,True,FP3,44.2,25.4,65.4
0 days 00:51:47.763000,BOT,77,0 days 00:01:49.358000,9.0,2.0,,,0 days 00:00:38.517000,0 days 00:00:44.631000,0 days 00:00:26.210000,0 days 00:50:36.922000,0 days 00:51:21.553000,0 days 00:51:47.763000,193.0,205.0,296.0,316.0,True,SOFT,9.0,False,Cadillac,0 days 00:49:58.405000,2026-09-25 09:06:04.435,1,,,,False,True,FP3,44.2,25.4,65.4
0 days 00:54:10.772000,BOT,77,0 days 00:02:23.009000,10.0,2.0,,,0 days 00:00:49.940000,0 days 00:01:03.564000,0 days 00:00:29.505000,0 days 00:52:37.703000,0 days 00:53:41.267000,0 days 00:54:10.772000,158.0,178.0,301.0,275.0,False,SOFT,10.0,False,Cadillac,0 days 00:51:47.763000,2026-09-25 09:07:53.793,167,,,,False,False,FP3,44.2,25.4,65.4
0 days 00:56:06.552000,BOT,77,0 days 00:01:55.780000,11.0,2.0,,0 days 00:56:05.276000,0 days 00:00:38.329000,0 days 00:00:44.669000,0 days 00:00:32.782000,0 days 00:54:49.101000,0 days 00:55:33.770000,0 days 00:56:06.552000,201.0,201.0,,317.0,False,SOFT,11.0,False,Cadillac,0 days 00:54:10.772000,2026-09-25 09:10:16.802,1,,,,False,False,FP3,45.2,25.3,66.0
0 days 01:04:42.964000,BOT,77,,12.0,3.0,0 days 01:02:22.752000,,,0 days 00:00:57.547000,0 days 00:00:32.735000,,0 days 01:04:10.451000,0 days 01:04:43.166000,101.0,103.0,301.0,275.0,False,SOFT,1.0,True,Cadillac,0 days 00:56:06.552000,2026-09-25 09:12:12.582,12,,,,False,False,FP3,45.2,25.3,66.0
0 days 01:06:38.233000,BOT,77,0 days 00:01:55.269000,13.0,3.0,,,0 days 00:00:39.211000,0 days 00:00:46.721000,0 days 00:00:29.337000,0 days 01:05:22.175000,0 days 01:06:08.896000,0 days 01:06:38.233000,188.0,190.0,298.0,277.0,False,SOFT,2.0,True,Cadillac,0 days 01:04:42.964000,2026-09-25 09:20:48.994,12,,,,False,True,FP3,45.2,25.3,66.0
0 days 01:08:45.528000,BOT,77,0 days 00:02:07.295000,14.0,3.0,,,0 days 00:00:40.905000,0 days 00:00:56.639000,0 days 00:00:29.751000,0 days 01:07:19.138000,0 days 01:08:15.777000,0 days 01:08:45.528000,176.0,144.0,299.0,275.0,False,SOFT,3.0,True,Cadillac,0 days 01:06:38.233000,2026-09-25 09:22:44.263,12,,,,False,True,FP3,45.2,25.3,66.0
0 days 01:10:51.928000,BOT,77,0 days 00:02:06.400000,15.0,3.0,,,0 days 00:00:43.954000,0 days 00:00:52.799000,0 days 00:00:29.647000,0 days 01:09:29.482000,0 days 01:10:22.281000,0 days 01:10:51.928000,171.0,181.0,296.0,273.0,False,SOFT,4.0,True,Cadillac,0 days 01:08:45.528000,2026-09-25 09:24:51.558,12,,,,False,True,FP3,45.2,25.3,66.0
0 days 01:12:50.903000,BOT,77,0 days 00:01:58.975000,16.0,3.0,,,0 days 00:00:38.210000,0 days 00:00:46.030000,0 days 00:00:34.735000,0 days 01:11:30.138000,0 days 01:12:16.168000,0 days 01:12:50.903000,193.0,166.0,301.0,268.0,False,SOFT,5.0,True,Cadillac,0 days 01:10:51.928000,2026-09-25 09:26:57.958,12,,,,False,True,FP3,45.2,25.3,66.0
0 days 01:14:39.490000,BOT,77,0 days 00:01:48.587000,17.0,3.0,,,0 days 00:00:38.552000,0 days 00:00:44.140000,0 days 00:00:25.895000,0 days 01:13:29.455000,0 days 01:14:13.595000,0 days 01:14:39.490000,200.0,197.0,311.0,321.0,True,SOFT,6.0,True,Cadillac,0 days 01:12:50.903000,2026-09-25 09:28:56.933,1,,,,False,True,FP3,45.2,25.3,66.0
0 days 01:17:00.980000,BOT,77,0 days 00:02:21.490000,18.0,3.0,,,0 days 00:00:48.313000,0 days 00:00:53.771000,0 days 00:00:39.406000,0 days 01:15:27.803000,0 days 01:16:21.574000,0 days 01:17:00.980000,146.0,174.0,67.0,238.0,False,SOFT,7.0,True,Cadillac,0 days 01:14:39.490000,2026-09-25 09:30:45.520,12,,,,False,True,FP3,45.2,25.3,66.0
0 days 01:19:32.611000,BOT,77,,19.0,3.0,,0 days 01:19:31.113000,0 days 00:01:07.938000,0 days 00:00:47.864000,0 days 00:00:35.633000,0 days 01:18:09.230000,0 days 01:18:57.022000,0 days 01:19:32.611000,175.0,185.0,,236.0,False,SOFT,8.0,True,Cadillac,0 days 01:17:00.980000,2026-09-25 09:33:07.010,1,,,,False,False,FP3,45.2,25.3,66.0
0 days 00:32:19.362000,PIA,81,,1.0,1.0,0 days 00:29:44.515000,,,0 days 00:00:54.354000,0 days 00:00:29.615000,,0 days 00:31:50.033000,0 days 00:32:19.574000,159.0,135.0,304.0,280.0,False,MEDIUM,1.0,True,McLaren,0 days 00:29:44.515000,2026-09-25 08:45:50.545,1,,,,False,False,FP3,45.2,25.3,66.0
0 days 00:34:28.683000,PIA,81,0 days 00:02:09.321000,2.0,1.0,,,0 days 00:00:42.524000,0 days 00:00:57.689000,0 days 00:00:29.108000,0 days 00:33:01.886000,0 days 00:33:59.575000,0 days 00:34:28.683000,172.0,164.0,305.0,280.0,True,MEDIUM,2.0,True,McLaren,0 days 00:32:19.362000,2026-09-25 08:48:25.392,1,,,,False,True,FP3,46.1,25.3,67.1
0 days 00:36:15.654000,PIA,81,0 days 00:01:46.971000,3.0,1.0,,,0 days 00:00:37.735000,0 days 00:00:43.466000,0 days 00:00:25.770000,0 days 00:35:06.418000,0 days 00:35:49.884000,0 days 00:36:15.654000,198.0,201.0,304.0,314.0,True,MEDIUM,3.0,True,McLaren,0 days 00:34:28.683000,2026-09-25 08:50:34.713,1,,,,False,True,FP3,46.1,25.3,67.1
0 days 00:38:30.887000,PIA,81,0 days 00:02:15.233000,4.0,1.0,,,0 days 00:00:56.295000,0 days 00:00:50.105000,0 days 00:00:28.833000,0 days 00:37:11.949000,0 days 00:38:02.054000,0 days 00:38:30.887000,144.0,195.0,306.0,280.0,False,MEDIUM,4.0,True,McLaren,0 days 00:36:15.654000,2026-09-25 08:52:21.684,12,,,,False,True,FP3,46.1,25.3,67.1
0 days 00:40:17.047000,PIA,81,0 days 00:01:46.160000,5.0,1.0,,,0 days 00:00:37.393000,0 days 00:00:43.213000,0 days 00:00:25.554000,0 days 00:39:08.280000,0 days 00:39:51.493000,0 days 00:40:17.047000,206.0,204.0,308.0,320.0,True,MEDIUM,5.0,True,McLaren,0 days 00:38:30.887000,2026-09-25 08:54:36.917,1,,,,False,True,FP3,46.1,25.3,67.1
0 days 00:42:40.419000,PIA,81,0 days 00:02:23.372000,6.0,1.0,,,0 days 00:00:54.361000,0 days 00:00:59.774000,0 days 00:00:29.237000,0 days 00:41:11.408000,0 days 00:42:11.182000,0 days 00:42:40.419000,145.0,151.0,306.0,277.0,False,MEDIUM,6.0,True,McLaren,0 days 00:40:17.047000,2026-09-25 08:56:23.077,1,,,,False,True,FP3,46.1,25.3,67.1
0 days 00:44:45.510000,PIA,81,0 days 00:02:05.091000,7.0,1.0,,,0 days 00:00:42.927000,0 days 00:00:53.040000,0 days 00:00:29.124000,0 days 00:43:23.346000,0 days 00:44:16.386000,0 days 00:44:45.510000,137.0,184.0,307.0,279.0,False,MEDIUM,7.0,True,McLaren,0 days 00:42:40.419000,2026-09-25 08:58:46.449,12,,,,False,True,FP3,46.1,25.3,67.1
0 days 00:46:31.365000,PIA,81,0 days 00:01:45.855000,8.0,1.0,,,0 days 00:00:37.313000,0 days 00:00:43.022000,0 days 00:00:25.520000,0 days 00:45:22.823000,0 days 00:46:05.845000,0 days 00:46:31.365000,205.0,203.0,313.0,315.0,True,MEDIUM,8.0,True,McLaren,0 days 00:44:45.510000,2026-09-25 09:00:51.540,12,,,,False,True,FP3,46.1,25.3,67.1
0 days 00:48:51.521000,PIA,81,0 days 00:02:20.156000,9.0,1.0,,0 days 00:48:50.268000,0 days 00:00:53.069000,0 days 00:00:54.482000,0 days 00:00:32.605000,0 days 00:47:24.434000,0 days 00:48:18.916000,0 days 00:48:51.521000,145.0,164.0,,290.0,False,MEDIUM,9.0,True,McLaren,0 days 00:46:31.365000,2026-09-25 09:02:37.395,12,,,,False,False,FP3,46.7,25.4,66.5
0 days 00:59:52.726000,PIA,81,,10.0,2.0,0 days 00:57:55.175000,,,0 days 00:00:47.700000,0 days 00:00:28.747000,,0 days 00:59:24.144000,0 days 00:59:52.881000,169.0,190.0,307.0,281.0,False,SOFT,1.0,True,McLaren,0 days 00:48:51.521000,2026-09-25 09:04:57.551,167,,,,False,False,FP3,46.7,25.4,66.5
0 days 01:01:37.695000,PIA,81,0 days 00:01:44.969000,11.0,2.0,,,0 days 00:00:37.020000,0 days 00:00:42.451000,0 days 00:00:25.498000,0 days 01:00:29.746000,0 days 01:01:12.197000,0 days 01:01:37.695000,202.0,203.0,304.0,316.0,True,SOFT,2.0,True,McLaren,0 days 00:59:52.726000,2026-09-25 09:15:58.756,1,,,,False,True,FP3,46.7,25.4,66.5
0 days 01:03:49.743000,PIA,81,0 days 00:02:12.048000,12.0,2.0,,,0 days 00:00:51.359000,0 days 00:00:51.392000,0 days 00:00:29.297000,0 days 01:02:29.054000,0 days 01:03:20.446000,0 days 01:03:49.743000,167.0,176.0,248.0,280.0,False,SOFT,3.0,True,McLaren,0 days 01:01:37.695000,2026-09-25 09:17:43.725,12,,,,False,True,FP3,46.7,25.4,66.5
0 days 01:06:08.276000,PIA,81,0 days 00:02:18.533000,13.0,2.0,,,0 days 00:00:48.669000,0 days 00:00:57.211000,0 days 00:00:32.653000,0 days 01:04:38.412000,0 days 01:05:35.623000,0 days 01:06:08.276000,152.0,156.0,277.0,283.0,False,SOFT,4.0,True,McLaren,0 days 01:03:49.743000,2026-09-25 09:19:55.773,12,,,,False,True,FP3,46.7,25.4,66.5
0 days 01:08:10.698000,PIA,81,0 days 00:02:02.422000,14.0,2.0,,,0 days 00:00:46.300000,0 days 00:00:47.135000,0 days 00:00:28.987000,0 days 01:06:54.576000,0 days 01:07:41.711000,0 days 01:08:10.698000,169.0,194.0,305.0,279.0,False,SOFT,5.0,True,McLaren,0 days 01:06:08.276000,2026-09-25 09:22:14.306,21,,,,False,True,FP3,46.7,25.4,66.5
0 days 01:09:55.869000,PIA,81,0 days 00:01:45.171000,15.0,2.0,,,0 days 00:00:36.882000,0 days 00:00:42.777000,0 days 00:00:25.512000,0 days 01:08:47.580000,0 days 01:09:30.357000,0 days 01:09:55.869000,206.0,208.0,303.0,310.0,False,SOFT,6.0,True,McLaren,0 days 01:08:10.698000,2026-09-25 09:24:16.728,1,,,,False,True,FP3,46.7,25.4,66.5
0 days 01:12:05.701000,PIA,81,0 days 00:02:09.832000,16.0,2.0,,,0 days 00:00:50.741000,0 days 00:00:50.091000,0 days 00:00:29,0 days 01:10:46.610000,0 days 01:11:36.701000,0 days 01:12:05.701000,148.0,187.0,307.0,278.0,False,SOFT,7.0,True,McLaren,0 days 01:09:55.869000,2026-09-25 09:26:01.899,12,,,,False,True,FP3,46.7,25.4,66.5
0 days 01:13:50.447000,PIA,81,0 days 00:01:44.746000,17.0,2.0,,,0 days 00:00:36.667000,0 days 00:00:42.686000,0 days 00:00:25.393000,0 days 01:12:42.368000,0 days 01:13:25.054000,0 days 01:13:50.447000,203.0,202.0,305.0,321.0,True,SOFT,8.0,True,McLaren,0 days 01:12:05.701000,2026-09-25 09:28:11.731,12,,,,False,True,FP3,46.7,25.4,66.5
0 days 01:16:03.160000,PIA,81,0 days 00:02:12.713000,18.0,2.0,,,0 days 00:00:49.165000,0 days 00:00:53.724000,0 days 00:00:29.824000,0 days 01:14:39.612000,0 days 01:15:33.336000,0 days 01:16:03.160000,161.0,149.0,309.0,291.0,False,SOFT,9.0,True,McLaren,0 days 01:13:50.447000,2026-09-25 09:29:56.477,12,,,,False,True,FP3,46.7,25.4,66.5
0 days 01:18:40.109000,PIA,81,,19.0,2.0,,,0 days 00:00:51.773000,0 days 00:01:02.352000,0 days 00:00:42.744000,0 days 01:16:55.145000,0 days 01:17:57.523000,0 days 01:18:40.205000,143.0,110.0,69.0,187.0,False,SOFT,10.0,True,McLaren,0 days 01:16:03.160000,2026-09-25 09:32:09.190,1,,,,False,False,FP3,46.7,25.4,66.5
0 days 01:21:09.347000,PIA,81,0 days 00:02:29.238000,20.0,2.0,,0 days 01:21:08.031000,0 days 00:01:11.595000,0 days 00:00:44.914000,0 days 00:00:32.729000,0 days 01:19:51.704000,0 days 01:20:36.618000,0 days 01:21:09.347000,189.0,203.0,,285.0,False,SOFT,11.0,True,McLaren,0 days 01:18:40.109000,2026-09-25 09:34:46.139,1,,,,False,False,FP3,46.7,25.4,66.5
0 days 00:23:45.699000,BEA,87,,1.0,1.0,0 days 00:21:41.946000,,,0 days 00:00:49.369000,0 days 00:00:30.943000,,0 days 00:23:15.081000,0 days 00:23:46.187000,162.0,169.0,267.0,254.0,False,SOFT,2.0,False,Haas F1 Team,0 days 00:21:41.946000,2026-09-25 08:37:47.976,1,,,,False,False,FP3,46.7,25.4,66.5
0 days 00:25:56.913000,BEA,87,0 days 00:02:11.214000,2.0,1.0,,,0 days 00:00:44.710000,0 days 00:00:49.500000,0 days 00:00:37.004000,0 days 00:24:30.409000,0 days 00:25:19.909000,0 days 00:25:56.913000,176.0,185.0,230.0,112.0,True,SOFT,3.0,False,Haas F1 Team,0 days 00:23:45.699000,2026-09-25 08:39:51.729,167,,,,False,False,FP3,46.7,25.4,66.5
0 days 00:28:06.674000,BEA,87,0 days 00:02:09.761000,3.0,1.0,,,0 days 00:00:43.683000,0 days 00:00:54.728000,0 days 00:00:31.350000,0 days 00:26:40.596000,0 days 00:27:35.324000,0 days 00:28:06.674000,173.0,168.0,292.0,254.0,True,SOFT,4.0,False,Haas F1 Team,0 days 00:25:56.913000,2026-09-25 08:42:02.943,71,,,,False,False,FP3,46.7,25.4,66.5
0 days 00:29:55.705000,BEA,87,0 days 00:01:49.031000,4.0,1.0,,,0 days 00:00:38.991000,0 days 00:00:44.207000,0 days 00:00:25.833000,0 days 00:28:45.665000,0 days 00:29:29.872000,0 days 00:29:55.705000,195.0,198.0,305.0,321.0,True,SOFT,5.0,False,Haas F1 Team,0 days 00:28:06.674000,2026-09-25 08:44:12.704,1,,,,False,True,FP3,45.9,25.5,65.4
0 days 00:32:15.249000,BEA,87,0 days 00:02:19.544000,5.0,1.0,,,0 days 00:00:56.264000,0 days 00:00:53.174000,0 days 00:00:30.106000,0 days 00:30:51.969000,0 days 00:31:45.143000,0 days 00:32:15.249000,132.0,107.0,292.0,276.0,False,SOFT,6.0,False,Haas F1 Team,0 days 00:29:55.705000,2026-09-25 08:46:01.735,1,,,,False,True,FP3,45.9,25.5,65.4
0 days 00:34:03.330000,BEA,87,0 days 00:01:48.081000,6.0,1.0,,,0 days 00:00:38.376000,0 days 00:00:43.934000,0 days 00:00:25.771000,0 days 00:32:53.625000,0 days 00:33:37.559000,0 days 00:34:03.330000,195.0,198.0,309.0,323.0,True,SOFT,7.0,False,Haas F1 Team,0 days 00:32:15.249000,2026-09-25 08:48:21.279,1,,,,False,True,FP3,45.9,25.5,65.4
0 days 00:36:19.979000,BEA,87,0 days 00:02:16.649000,7.0,1.0,,,0 days 00:00:51.353000,0 days 00:00:55.918000,0 days 00:00:29.378000,0 days 00:34:54.683000,0 days 00:35:50.601000,0 days 00:36:19.979000,142.0,162.0,300.0,279.0,False,SOFT,8.0,False,Haas F1 Team,0 days 00:34:03.330000,2026-09-25 08:50:09.360,1,,,,False,True,FP3,45.9,25.5,65.4
0 days 00:38:06.998000,BEA,87,0 days 00:01:47.019000,8.0,1.0,,,0 days 00:00:37.750000,0 days 00:00:43.581000,0 days 00:00:25.688000,0 days 00:36:57.729000,0 days 00:37:41.310000,0 days 00:38:06.998000,210.0,200.0,304.0,320.0,True,SOFT,9.0,False,Haas F1 Team,0 days 00:36:19.979000,2026-09-25 08:52:26.009,1,,,,False,True,FP3,45.9,25.5,65.4
0 days 00:40:20.140000,BEA,87,0 days 00:02:13.142000,9.0,1.0,,,0 days 00:00:50.209000,0 days 00:00:52.060000,0 days 00:00:30.873000,0 days 00:38:57.207000,0 days 00:39:49.267000,0 days 00:40:20.140000,146.0,111.0,301.0,280.0,False,SOFT,10.0,False,Haas F1 Team,0 days 00:38:06.998000,2026-09-25 08:54:13.028,12,,,,False,True,FP3,45.1,25.5,64.5
0 days 00:42:06.848000,BEA,87,0 days 00:01:46.708000,10.0,1.0,,,0 days 00:00:37.826000,0 days 00:00:43.205000,0 days 00:00:25.677000,0 days 00:40:57.966000,0 days 00:41:41.171000,0 days 00:42:06.848000,194.0,213.0,301.0,321.0,True,SOFT,11.0,False,Haas F1 Team,0 days 00:40:20.140000,2026-09-25 08:56:26.170,1,,,,False,True,FP3,45.1,25.5,64.5
0 days 00:44:16.138000,BEA,87,0 days 00:02:09.290000,11.0,1.0,,,0 days 00:00:49.023000,0 days 00:00:51.191000,0 days 00:00:29.076000,0 days 00:42:55.871000,0 days 00:43:47.062000,0 days 00:44:16.138000,159.0,185.0,283.0,280.0,False,SOFT,12.0,False,Haas F1 Team,0 days 00:42:06.848000,2026-09-25 08:58:12.878,12,,,,False,True,FP3,45.1,25.5,64.5
0 days 00:46:18.486000,BEA,87,0 days 00:02:02.348000,12.0,1.0,,,0 days 00:00:42.884000,0 days 00:00:50.310000,0 days 00:00:29.154000,0 days 00:44:59.022000,0 days 00:45:49.332000,0 days 00:46:18.486000,165.0,184.0,300.0,281.0,False,SOFT,13.0,False,Haas F1 Team,0 days 00:44:16.138000,2026-09-25 09:00:22.168,21,,,,False,True,FP3,45.1,25.5,64.5
0 days 00:48:04.770000,BEA,87,0 days 00:01:46.284000,13.0,1.0,,,0 days 00:00:37.777000,0 days 00:00:43.173000,0 days 00:00:25.334000,0 days 00:46:56.263000,0 days 00:47:39.436000,0 days 00:48:04.770000,193.0,212.0,319.0,322.0,True,SOFT,14.0,False,Haas F1 Team,0 days 00:46:18.486000,2026-09-25 09:02:24.516,12,,,,False,True,FP3,45.1,25.5,64.5
0 days 00:50:09.447000,BEA,87,0 days 00:02:04.677000,14.0,1.0,,0 days 00:50:08.163000,0 days 00:00:43.696000,0 days 00:00:48.797000,0 days 00:00:32.184000,0 days 00:48:48.466000,0 days 00:49:37.263000,0 days 00:50:09.447000,163.0,184.0,,286.0,False,SOFT,15.0,False,Haas F1 Team,0 days 00:48:04.770000,2026-09-25 09:04:10.800,21,,,,False,False,FP3,45.3,25.5,64.5
0 days 00:58:26.498000,BEA,87,,15.0,2.0,0 days 00:56:28.270000,,,0 days 00:00:47.632000,0 days 00:00:30.407000,,0 days 00:57:56.337000,0 days 00:58:26.620000,172.0,186.0,276.0,256.0,False,SOFT,1.0,True,Haas F1 Team,0 days 00:50:09.447000,2026-09-25 09:06:15.477,167,,,,False,False,FP3,45.3,25.5,64.5
0 days 01:00:25.959000,BEA,87,0 days 00:01:59.461000,16.0,2.0,,,0 days 00:00:40.520000,0 days 00:00:48.137000,0 days 00:00:30.804000,0 days 00:59:07.018000,0 days 00:59:55.155000,0 days 01:00:25.959000,173.0,167.0,296.0,276.0,False,SOFT,2.0,True,Haas F1 Team,0 days 00:58:26.498000,2026-09-25 09:14:32.528,1,,,,False,True,FP3,45.3,25.5,64.5
0 days 01:02:11.991000,BEA,87,0 days 00:01:46.032000,17.0,2.0,,,0 days 00:00:37.452000,0 days 00:00:43.130000,0 days 00:00:25.450000,0 days 01:01:03.411000,0 days 01:01:46.541000,0 days 01:02:11.991000,204.0,207.0,305.0,321.0,True,SOFT,3.0,True,Haas F1 Team,0 days 01:00:25.959000,2026-09-25 09:16:31.989,1,,,,False,True,FP3,45.3,25.5,64.5
0 days 01:04:43.356000,BEA,87,,18.0,2.0,,,0 days 00:00:56.277000,0 days 00:00:59.749000,0 days 00:00:35.390000,0 days 01:03:08.477000,0 days 01:04:08.246000,0 days 01:04:43.496000,153.0,114.0,182.0,248.0,False,SOFT,4.0,True,Haas F1 Team,0 days 01:02:11.991000,2026-09-25 09:18:18.021,12,,,,False,False,FP3,45.3,25.5,64.5
0 days 01:06:53.127000,BEA,87,0 days 00:02:09.771000,19.0,2.0,,,0 days 00:00:49.375000,0 days 00:00:50.950000,0 days 00:00:29.446000,0 days 01:05:32.731000,0 days 01:06:23.681000,0 days 01:06:53.127000,167.0,166.0,296.0,275.0,False,SOFT,5.0,True,Haas F1 Team,0 days 01:04:43.356000,2026-09-25 09:20:49.386,12,,,,False,True,FP3,45.3,25.5,64.5
0 days 01:08:38.819000,BEA,87,0 days 00:01:45.692000,20.0,2.0,,,0 days 00:00:37.239000,0 days 00:00:42.886000,0 days 00:00:25.567000,0 days 01:07:30.366000,0 days 01:08:13.252000,0 days 01:08:38.819000,212.0,206.0,303.0,317.0,True,SOFT,6.0,True,Haas F1 Team,0 days 01:06:53.127000,2026-09-25 09:22:59.157,12,,,,False,True,FP3,45.3,25.5,64.5
0 days 01:10:58.820000,BEA,87,0 days 00:02:20.001000,21.0,2.0,,,0 days 00:00:56.016000,0 days 00:00:54.497000,0 days 00:00:29.488000,0 days 01:09:34.835000,0 days 01:10:29.332000,0 days 01:10:58.820000,113.0,178.0,297.0,276.0,False,SOFT,7.0,True,Haas F1 Team,0 days 01:08:38.819000,2026-09-25 09:24:44.849,12,,,,False,True,FP3,45.3,25.5,64.5
0 days 01:12:44.949000,BEA,87,0 days 00:01:46.129000,22.0,2.0,,,0 days 00:00:37.211000,0 days 00:00:42.999000,0 days 00:00:25.919000,0 days 01:11:36.031000,0 days 01:12:19.030000,0 days 01:12:44.949000,207.0,212.0,307.0,320.0,False,SOFT,8.0,True,Haas F1 Team,0 days 01:10:58.820000,2026-09-25 09:27:04.850,12,,,,False,True,FP3,45.3,25.5,64.5
0 days 01:15:10.974000,BEA,87,0 days 00:02:26.025000,23.0,2.0,,,0 days 00:00:59.303000,0 days 00:00:57.699000,0 days 00:00:29.023000,0 days 01:13:44.252000,0 days 01:14:41.951000,0 days 01:15:10.974000,108.0,152.0,298.0,291.0,False,SOFT,9.0,True,Haas F1 Team,0 days 01:12:44.949000,2026-09-25 09:28:50.979,12,,,,False,True,FP3,45.3,25.5,64.5
0 days 01:17:31.908000,BEA,87,0 days 00:02:20.934000,24.0,2.0,,,0 days 00:00:45.488000,0 days 00:00:52.687000,0 days 00:00:42.759000,0 days 01:15:56.462000,0 days 01:16:49.149000,0 days 01:17:31.908000,149.0,161.0,46.0,233.0,False,SOFT,10.0,True,Haas F1 Team,0 days 01:15:10.974000,2026-09-25 09:31:17.004,21,,,,False,True,FP3,45.7,25.4,64.6
0 days 01:20:00.124000,BEA,87,0 days 00:02:28.216000,25.0,2.0,,0 days 01:19:58.603000,0 days 00:01:04.494000,0 days 00:00:46.731000,0 days 00:00:36.991000,0 days 01:18:36.402000,0 days 01:19:23.133000,0 days 01:20:00.124000,176.0,176.0,,272.0,False,SOFT,11.0,True,Haas F1 Team,0 days 01:17:31.908000,2026-09-25 09:33:37.938,1,,,,False,False,FP3,45.7,25.4,64.6
