Time,Driver,DriverNumber,LapTime,LapNumber,Stint,PitOutTime,PitInTime,Sector1Time,Sector2Time,Sector3Time,Sector1SessionTime,Sector2SessionTime,Sector3SessionTime,SpeedI1,SpeedI2,SpeedFL,SpeedST,IsPersonalBest,Compound,TyreLife,FreshTyre,Team,LapStartTime,LapStartDate,TrackStatus,Position,Deleted,DeletedReason,FastF1Generated,IsAccurate,Session
0 days 00:19:45.296000,RUS,63,,1.0,1.0,0 days 00:17:45.247000,,,0 days 00:00:45.682000,0 days 00:00:25.954000,,0 days 00:19:19.433000,0 days 00:19:45.622000,172.0,208.0,306.0,312.0,False,SOFT,1.0,True,Mercedes,0 days 00:17:45.247000,2026-09-25 12:04:59.338,1,,,,False,False,Q
0 days 00:21:56.448000,RUS,63,0 days 00:02:11.152000,2.0,1.0,,,0 days 00:00:49.812000,0 days 00:00:52.611000,0 days 00:00:28.729000,0 days 00:20:35.108000,0 days 00:21:27.719000,0 days 00:21:56.448000,156.0,194.0,297.0,285.0,True,SOFT,2.0,True,Mercedes,0 days 00:19:45.296000,2026-09-25 12:06:59.387,12,,,,False,True,Q
0 days 00:23:42.344000,RUS,63,0 days 00:01:45.896000,3.0,1.0,,,0 days 00:00:37.388000,0 days 00:00:43.181000,0 days 00:00:25.327000,0 days 00:22:33.836000,0 days 00:23:17.017000,0 days 00:23:42.344000,208.0,210.0,310.0,323.0,True,SOFT,3.0,True,Mercedes,0 days 00:21:56.448000,2026-09-25 12:09:10.539,1,,,,False,True,Q
0 days 00:25:45.006000,RUS,63,0 days 00:02:02.662000,4.0,1.0,,,0 days 00:00:44.168000,0 days 00:00:49.871000,0 days 00:00:28.623000,0 days 00:24:26.512000,0 days 00:25:16.383000,0 days 00:25:45.006000,172.0,198.0,298.0,286.0,False,SOFT,4.0,True,Mercedes,0 days 00:23:42.344000,2026-09-25 12:10:56.435,1,,,,False,True,Q
0 days 00:27:29.283000,RUS,63,0 days 00:01:44.277000,5.0,1.0,,,0 days 00:00:36.731000,0 days 00:00:42.337000,0 days 00:00:25.209000,0 days 00:26:21.737000,0 days 00:27:04.074000,0 days 00:27:29.283000,208.0,210.0,310.0,324.0,True,SOFT,5.0,True,Mercedes,0 days 00:25:45.006000,2026-09-25 12:12:59.097,12,,,,False,True,Q
0 days 00:29:40.752000,RUS,63,0 days 00:02:11.469000,6.0,1.0,,,0 days 00:00:45.131000,0 days 00:00:56.284000,0 days 00:00:30.054000,0 days 00:28:14.414000,0 days 00:29:10.698000,0 days 00:29:40.752000,163.0,128.0,296.0,283.0,False,SOFT,6.0,True,Mercedes,0 days 00:27:29.283000,2026-09-25 12:14:43.374,21,,,,False,True,Q
0 days 00:31:40.184000,RUS,63,0 days 00:01:59.432000,7.0,1.0,,,0 days 00:00:43.689000,0 days 00:00:47.255000,0 days 00:00:28.488000,0 days 00:30:24.441000,0 days 00:31:11.696000,0 days 00:31:40.184000,185.0,193.0,296.0,286.0,False,SOFT,7.0,True,Mercedes,0 days 00:29:40.752000,2026-09-25 12:16:54.843,1,,,,False,True,Q
0 days 00:33:23.799000,RUS,63,0 days 00:01:43.615000,8.0,1.0,,,0 days 00:00:36.552000,0 days 00:00:41.899000,0 days 00:00:25.164000,0 days 00:32:16.736000,0 days 00:32:58.635000,0 days 00:33:23.799000,209.0,212.0,313.0,324.0,True,SOFT,8.0,True,Mercedes,0 days 00:31:40.184000,2026-09-25 12:18:54.275,1,,,,False,True,Q
0 days 00:35:38.320000,RUS,63,0 days 00:02:14.521000,9.0,1.0,,0 days 00:35:37.120000,0 days 00:00:48.192000,0 days 00:00:52.088000,0 days 00:00:34.241000,0 days 00:34:11.991000,0 days 00:35:04.079000,0 days 00:35:38.320000,182.0,171.0,,283.0,False,SOFT,9.0,True,Mercedes,0 days 00:33:23.799000,2026-09-25 12:20:37.890,12,,,,False,False,Q
0 days 00:45:11.812000,RUS,63,,10.0,2.0,0 days 00:43:22.187000,,,0 days 00:00:44.305000,0 days 00:00:26.132000,,0 days 00:44:45.830000,0 days 00:45:11.812000,184.0,207.0,294.0,307.0,False,SOFT,1.0,True,Mercedes,0 days 00:35:38.320000,2026-09-25 12:22:52.411,12,,,,False,False,Q
0 days 00:47:05.138000,RUS,63,0 days 00:01:53.326000,11.0,2.0,,,0 days 00:00:38.443000,0 days 00:00:46.231000,0 days 00:00:28.652000,0 days 00:45:50.255000,0 days 00:46:36.486000,0 days 00:47:05.138000,191.0,202.0,296.0,284.0,True,SOFT,2.0,True,Mercedes,0 days 00:45:11.812000,2026-09-25 12:32:25.903,1,,,,False,True,Q
0 days 00:48:48.824000,RUS,63,0 days 00:01:43.686000,12.0,2.0,,,0 days 00:00:36.487000,0 days 00:00:42.026000,0 days 00:00:25.173000,0 days 00:47:41.625000,0 days 00:48:23.651000,0 days 00:48:48.824000,209.0,214.0,309.0,323.0,True,SOFT,3.0,True,Mercedes,0 days 00:47:05.138000,2026-09-25 12:34:19.229,1,,,,False,True,Q
0 days 00:50:48.619000,RUS,63,0 days 00:01:59.795000,13.0,2.0,,,0 days 00:00:43.201000,0 days 00:00:48.021000,0 days 00:00:28.573000,0 days 00:49:32.025000,0 days 00:50:20.046000,0 days 00:50:48.619000,161.0,196.0,297.0,284.0,False,SOFT,4.0,True,Mercedes,0 days 00:48:48.824000,2026-09-25 12:36:02.915,1,,,,False,True,Q
0 days 00:52:43.790000,RUS,63,0 days 00:01:55.171000,14.0,2.0,,,0 days 00:00:36.407000,0 days 00:00:50.100000,0 days 00:00:28.664000,0 days 00:51:25.026000,0 days 00:52:15.126000,0 days 00:52:43.790000,215.0,190.0,296.0,285.0,False,SOFT,5.0,True,Mercedes,0 days 00:50:48.619000,2026-09-25 12:38:02.710,1,,,,False,True,Q
0 days 00:54:27.583000,RUS,63,0 days 00:01:43.793000,15.0,2.0,,,0 days 00:00:36.607000,0 days 00:00:41.893000,0 days 00:00:25.293000,0 days 00:53:20.397000,0 days 00:54:02.290000,0 days 00:54:27.583000,206.0,215.0,312.0,326.0,False,SOFT,6.0,True,Mercedes,0 days 00:52:43.790000,2026-09-25 12:39:57.881,1,,,,False,True,Q
0 days 00:56:28.317000,RUS,63,0 days 00:02:00.734000,16.0,2.0,,,0 days 00:00:44.556000,0 days 00:00:47.609000,0 days 00:00:28.569000,0 days 00:55:12.139000,0 days 00:55:59.748000,0 days 00:56:28.317000,123.0,199.0,296.0,284.0,False,SOFT,7.0,True,Mercedes,0 days 00:54:27.583000,2026-09-25 12:41:41.674,12,,,,False,True,Q
0 days 00:58:11.779000,RUS,63,0 days 00:01:43.462000,17.0,2.0,,,0 days 00:00:36.550000,0 days 00:00:41.785000,0 days 00:00:25.127000,0 days 00:57:04.867000,0 days 00:57:46.652000,0 days 00:58:11.779000,208.0,210.0,309.0,323.0,True,SOFT,8.0,True,Mercedes,0 days 00:56:28.317000,2026-09-25 12:43:42.408,1,,,,False,True,Q
0 days 01:00:16.719000,RUS,63,0 days 00:02:04.940000,18.0,2.0,,0 days 01:00:15.556000,0 days 00:00:44.831000,0 days 00:00:47.499000,0 days 00:00:32.610000,0 days 00:58:56.610000,0 days 00:59:44.109000,0 days 01:00:16.719000,182.0,188.0,,282.0,False,SOFT,9.0,True,Mercedes,0 days 00:58:11.779000,2026-09-25 12:45:25.870,1,,,,False,False,Q
0 days 01:05:35.783000,RUS,63,,19.0,3.0,0 days 01:03:48.731000,,,0 days 00:00:44.158000,0 days 00:00:26.080000,,0 days 01:05:09.821000,0 days 01:05:36.035000,187.0,206.0,292.0,310.0,False,SOFT,1.0,True,Mercedes,0 days 01:00:16.719000,2026-09-25 12:47:30.810,12,,,,False,False,Q
0 days 01:07:29.045000,RUS,63,0 days 00:01:53.262000,20.0,3.0,,,0 days 00:00:39.093000,0 days 00:00:45.356000,0 days 00:00:28.813000,0 days 01:06:14.876000,0 days 01:07:00.232000,0 days 01:07:29.045000,188.0,207.0,293.0,280.0,True,SOFT,2.0,True,Mercedes,0 days 01:05:35.783000,2026-09-25 12:52:49.874,1,,,,False,True,Q
0 days 01:09:12.758000,RUS,63,0 days 00:01:43.713000,21.0,3.0,,,0 days 00:00:36.658000,0 days 00:00:41.995000,0 days 00:00:25.060000,0 days 01:08:05.703000,0 days 01:08:47.698000,0 days 01:09:12.758000,205.0,209.0,308.0,324.0,True,SOFT,3.0,True,Mercedes,0 days 01:07:29.045000,2026-09-25 12:54:43.136,1,,,,False,True,Q
0 days 01:11:09.605000,RUS,63,0 days 00:01:56.847000,22.0,3.0,,,0 days 00:00:41.823000,0 days 00:00:46.458000,0 days 00:00:28.566000,0 days 01:09:54.581000,0 days 01:10:41.039000,0 days 01:11:09.605000,186.0,195.0,294.0,282.0,False,SOFT,4.0,True,Mercedes,0 days 01:09:12.758000,2026-09-25 12:56:26.849,1,,,,False,True,Q
0 days 01:12:52.642000,RUS,63,0 days 00:01:43.037000,23.0,3.0,,,0 days 00:00:36.238000,0 days 00:00:41.800000,0 days 00:00:24.999000,0 days 01:11:45.843000,0 days 01:12:27.643000,0 days 01:12:52.642000,213.0,211.0,310.0,326.0,True,SOFT,5.0,True,Mercedes,0 days 01:11:09.605000,2026-09-25 12:58:23.696,1,,,,False,True,Q
0 days 01:15:03.649000,RUS,63,0 days 00:02:11.007000,24.0,3.0,,,0 days 00:00:51.407000,0 days 00:00:50.785000,0 days 00:00:28.815000,0 days 01:13:44.049000,0 days 01:14:34.834000,0 days 01:15:03.649000,151.0,193.0,297.0,282.0,False,SOFT,6.0,True,Mercedes,0 days 01:12:52.642000,2026-09-25 13:00:06.733,12,,,,False,True,Q
0 days 01:16:46.175000,RUS,63,0 days 00:01:42.526000,25.0,3.0,,,0 days 00:00:36.009000,0 days 00:00:41.659000,0 days 00:00:24.858000,0 days 01:15:39.658000,0 days 01:16:21.317000,0 days 01:16:46.175000,217.0,211.0,314.0,328.0,True,SOFT,7.0,True,Mercedes,0 days 01:15:03.649000,2026-09-25 13:02:17.740,12,,,,False,True,Q
0 days 01:19:14.009000,RUS,63,0 days 00:02:27.834000,26.0,3.0,,0 days 01:19:12.013000,0 days 00:00:47.222000,0 days 00:00:58.088000,0 days 00:00:42.524000,0 days 01:17:33.397000,0 days 01:18:31.485000,0 days 01:19:14.009000,142.0,150.0,,219.0,False,SOFT,8.0,True,Mercedes,0 days 01:16:46.175000,2026-09-25 13:04:00.266,1,,,,False,False,Q
0 days 00:20:58.086000,LEC,16,,1.0,1.0,0 days 00:18:24.624000,,,0 days 00:01:00.856000,0 days 00:00:31.343000,,0 days 00:20:26.808000,0 days 00:20:58.273000,156.0,130.0,259.0,252.0,False,SOFT,1.0,True,Ferrari,0 days 00:18:24.624000,2026-09-25 12:05:38.715,12,,,,False,False,Q
0 days 00:22:59.057000,LEC,16,0 days 00:02:00.971000,2.0,1.0,,,0 days 00:00:43.048000,0 days 00:00:47.733000,0 days 00:00:30.190000,0 days 00:21:41.134000,0 days 00:22:28.867000,0 days 00:22:59.057000,163.0,197.0,300.0,262.0,True,SOFT,2.0,True,Ferrari,0 days 00:20:58.086000,2026-09-25 12:08:12.177,1,,,,False,True,Q
0 days 00:24:44.458000,LEC,16,0 days 00:01:45.401000,3.0,1.0,,,0 days 00:00:37.054000,0 days 00:00:42.848000,0 days 00:00:25.499000,0 days 00:23:36.111000,0 days 00:24:18.959000,0 days 00:24:44.458000,198.0,210.0,306.0,321.0,True,SOFT,3.0,True,Ferrari,0 days 00:22:59.057000,2026-09-25 12:10:13.148,1,,,,False,True,Q
0 days 00:26:49.182000,LEC,16,0 days 00:02:04.724000,4.0,1.0,,,0 days 00:00:43.512000,0 days 00:00:51.572000,0 days 00:00:29.640000,0 days 00:25:27.970000,0 days 00:26:19.542000,0 days 00:26:49.182000,177.0,161.0,303.0,264.0,False,SOFT,4.0,True,Ferrari,0 days 00:24:44.458000,2026-09-25 12:11:58.549,1,,,,False,True,Q
0 days 00:28:45.493000,LEC,16,0 days 00:01:56.311000,5.0,1.0,,,0 days 00:00:36.680000,0 days 00:00:49.463000,0 days 00:00:30.168000,0 days 00:27:25.862000,0 days 00:28:15.325000,0 days 00:28:45.493000,213.0,184.0,299.0,258.0,False,SOFT,5.0,True,Ferrari,0 days 00:26:49.182000,2026-09-25 12:14:03.273,12,,,,False,True,Q
0 days 00:30:29.853000,LEC,16,0 days 00:01:44.360000,6.0,1.0,,,0 days 00:00:36.365000,0 days 00:00:42.679000,0 days 00:00:25.316000,0 days 00:29:21.858000,0 days 00:30:04.537000,0 days 00:30:29.853000,208.0,216.0,308.0,323.0,True,SOFT,6.0,True,Ferrari,0 days 00:28:45.493000,2026-09-25 12:15:59.584,1,,,,False,True,Q
0 days 00:32:34.143000,LEC,16,0 days 00:02:04.290000,7.0,1.0,,,0 days 00:00:44.567000,0 days 00:00:49.825000,0 days 00:00:29.898000,0 days 00:31:14.420000,0 days 00:32:04.245000,0 days 00:32:34.143000,165.0,173.0,302.0,259.0,False,SOFT,7.0,True,Ferrari,0 days 00:30:29.853000,2026-09-25 12:17:43.944,1,,,,False,True,Q
0 days 00:34:23.082000,LEC,16,0 days 00:01:48.939000,8.0,1.0,,,0 days 00:00:36.818000,0 days 00:00:43.638000,0 days 00:00:28.483000,0 days 00:33:10.961000,0 days 00:33:54.599000,0 days 00:34:23.082000,213.0,195.0,308.0,285.0,False,SOFT,8.0,True,Ferrari,0 days 00:32:34.143000,2026-09-25 12:19:48.234,1,,,,False,True,Q
0 days 00:36:29.047000,LEC,16,0 days 00:02:05.965000,9.0,1.0,,0 days 00:36:28.027000,0 days 00:00:41.955000,0 days 00:00:47.911000,0 days 00:00:36.099000,0 days 00:35:05.037000,0 days 00:35:52.948000,0 days 00:36:29.047000,169.0,178.0,,252.0,False,SOFT,9.0,True,Ferrari,0 days 00:34:23.082000,2026-09-25 12:21:37.173,12,,,,False,False,Q
0 days 00:44:54.334000,LEC,16,,10.0,2.0,0 days 00:42:43.952000,,,0 days 00:00:48.609000,0 days 00:00:29.038000,,0 days 00:44:25.347000,0 days 00:44:54.483000,167.0,185.0,249.0,257.0,False,SOFT,1.0,True,Ferrari,0 days 00:36:29.047000,2026-09-25 12:23:43.138,12,,,,False,False,Q
0 days 00:46:54.262000,LEC,16,0 days 00:01:59.928000,11.0,2.0,,,0 days 00:00:41.659000,0 days 00:00:48.563000,0 days 00:00:29.706000,0 days 00:45:35.993000,0 days 00:46:24.556000,0 days 00:46:54.262000,179.0,193.0,302.0,259.0,True,SOFT,2.0,True,Ferrari,0 days 00:44:54.334000,2026-09-25 12:32:08.425,1,,,,False,True,Q
0 days 00:48:38.097000,LEC,16,0 days 00:01:43.835000,12.0,2.0,,,0 days 00:00:36.450000,0 days 00:00:42.184000,0 days 00:00:25.201000,0 days 00:47:30.712000,0 days 00:48:12.896000,0 days 00:48:38.097000,208.0,214.0,309.0,325.0,True,SOFT,3.0,True,Ferrari,0 days 00:46:54.262000,2026-09-25 12:34:08.353,1,,,,False,True,Q
0 days 00:50:44.463000,LEC,16,0 days 00:02:06.366000,13.0,2.0,,,0 days 00:00:45.411000,0 days 00:00:50.922000,0 days 00:00:30.033000,0 days 00:49:23.508000,0 days 00:50:14.430000,0 days 00:50:44.463000,155.0,184.0,295.0,259.0,False,SOFT,4.0,True,Ferrari,0 days 00:48:38.097000,2026-09-25 12:35:52.188,1,,,,False,True,Q
0 days 00:52:28.430000,LEC,16,0 days 00:01:43.967000,14.0,2.0,,,0 days 00:00:36.489000,0 days 00:00:42.120000,0 days 00:00:25.358000,0 days 00:51:20.952000,0 days 00:52:03.072000,0 days 00:52:28.430000,210.0,210.0,308.0,324.0,False,SOFT,5.0,True,Ferrari,0 days 00:50:44.463000,2026-09-25 12:37:58.554,1,,,,False,True,Q
0 days 00:54:35.479000,LEC,16,0 days 00:02:07.049000,15.0,2.0,,,0 days 00:00:45.878000,0 days 00:00:51.192000,0 days 00:00:29.979000,0 days 00:53:14.308000,0 days 00:54:05.500000,0 days 00:54:35.479000,172.0,179.0,295.0,259.0,False,SOFT,6.0,True,Ferrari,0 days 00:52:28.430000,2026-09-25 12:39:42.521,1,,,,False,True,Q
0 days 00:56:19.259000,LEC,16,0 days 00:01:43.780000,16.0,2.0,,,0 days 00:00:36.456000,0 days 00:00:42.065000,0 days 00:00:25.259000,0 days 00:55:11.935000,0 days 00:55:54,0 days 00:56:19.259000,211.0,214.0,306.0,323.0,True,SOFT,7.0,True,Ferrari,0 days 00:54:35.479000,2026-09-25 12:41:49.570,12,,,,False,True,Q
0 days 00:58:33.723000,LEC,16,0 days 00:02:14.464000,17.0,2.0,,0 days 00:58:32.439000,0 days 00:00:48.996000,0 days 00:00:49.013000,0 days 00:00:36.455000,0 days 00:57:08.255000,0 days 00:57:57.268000,0 days 00:58:33.723000,168.0,184.0,,278.0,False,SOFT,8.0,True,Ferrari,0 days 00:56:19.259000,2026-09-25 12:43:33.350,21,,,,False,False,Q
0 days 01:09:59.660000,LEC,16,,18.0,3.0,0 days 01:07:59.836000,,,0 days 00:00:48.916000,0 days 00:00:28.234000,,0 days 01:09:31.612000,0 days 01:09:59.711000,160.0,172.0,254.0,271.0,False,SOFT,1.0,True,Ferrari,0 days 00:58:33.723000,2026-09-25 12:45:47.814,12,,,,False,False,Q
0 days 01:11:57.689000,LEC,16,0 days 00:01:58.029000,19.0,3.0,,,0 days 00:00:42.108000,0 days 00:00:46.895000,0 days 00:00:29.026000,0 days 01:10:41.768000,0 days 01:11:28.663000,0 days 01:11:57.689000,173.0,188.0,309.0,278.0,True,SOFT,2.0,True,Ferrari,0 days 01:09:59.660000,2026-09-25 12:57:13.751,1,,,,False,True,Q
0 days 01:13:41.161000,LEC,16,0 days 00:01:43.472000,20.0,3.0,,,0 days 00:00:36.165000,0 days 00:00:42.147000,0 days 00:00:25.160000,0 days 01:12:33.854000,0 days 01:13:16.001000,0 days 01:13:41.161000,217.0,213.0,310.0,327.0,True,SOFT,3.0,True,Ferrari,0 days 01:11:57.689000,2026-09-25 12:59:11.780,12,,,,False,True,Q
0 days 01:15:46.597000,LEC,16,0 days 00:02:05.436000,21.0,3.0,,,0 days 00:00:46.990000,0 days 00:00:49.249000,0 days 00:00:29.197000,0 days 01:14:28.151000,0 days 01:15:17.400000,0 days 01:15:46.597000,165.0,195.0,306.0,276.0,False,SOFT,4.0,True,Ferrari,0 days 01:13:41.161000,2026-09-25 13:00:55.252,21,,,,False,True,Q
0 days 01:17:29.960000,LEC,16,0 days 00:01:43.363000,22.0,3.0,,,0 days 00:00:36.079000,0 days 00:00:42.073000,0 days 00:00:25.211000,0 days 01:16:22.676000,0 days 01:17:04.749000,0 days 01:17:29.960000,214.0,213.0,310.0,325.0,True,SOFT,5.0,True,Ferrari,0 days 01:15:46.597000,2026-09-25 13:03:00.688,12,,,,False,True,Q
0 days 01:20:00.623000,LEC,16,,23.0,3.0,,0 days 01:19:58.535000,0 days 00:00:45.832000,0 days 00:01:01.275000,0 days 00:00:43.404000,0 days 01:18:15.944000,0 days 01:19:17.346000,0 days 01:20:00.785000,150.0,145.0,,234.0,False,SOFT,6.0,True,Ferrari,0 days 01:17:29.960000,2026-09-25 13:04:44.051,1,,,,False,False,Q
0 days 00:21:01.778000,PIA,81,,1.0,1.0,0 days 00:18:40.449000,,,0 days 00:00:50.544000,0 days 00:00:31.591000,,0 days 00:20:30.306000,0 days 00:21:01.997000,105.0,156.0,286.0,248.0,False,SOFT,1.0,True,McLaren,0 days 00:18:40.449000,2026-09-25 12:05:54.540,12,,,,False,False,Q
0 days 00:23:09.140000,PIA,81,0 days 00:02:07.362000,2.0,1.0,,,0 days 00:00:42.107000,0 days 00:00:55.114000,0 days 00:00:30.141000,0 days 00:21:43.885000,0 days 00:22:38.999000,0 days 00:23:09.140000,171.0,148.0,314.0,286.0,True,SOFT,2.0,True,McLaren,0 days 00:21:01.778000,2026-09-25 12:08:15.869,1,,,,False,True,Q
0 days 00:24:54.154000,PIA,81,0 days 00:01:45.014000,3.0,1.0,,,0 days 00:00:36.863000,0 days 00:00:42.759000,0 days 00:00:25.392000,0 days 00:23:46.003000,0 days 00:24:28.762000,0 days 00:24:54.154000,207.0,204.0,316.0,318.0,True,SOFT,3.0,True,McLaren,0 days 00:23:09.140000,2026-09-25 12:10:23.231,1,,,,False,True,Q
0 days 00:27:13.251000,PIA,81,0 days 00:02:19.097000,4.0,1.0,,,0 days 00:00:54.296000,0 days 00:00:56.053000,0 days 00:00:28.748000,0 days 00:25:48.450000,0 days 00:26:44.503000,0 days 00:27:13.251000,63.0,175.0,308.0,285.0,False,SOFT,4.0,True,McLaren,0 days 00:24:54.154000,2026-09-25 12:12:08.245,1,,,,False,True,Q
0 days 00:29:17.654000,PIA,81,0 days 00:02:04.403000,5.0,1.0,,,0 days 00:00:36.517000,0 days 00:00:58.371000,0 days 00:00:29.515000,0 days 00:27:49.768000,0 days 00:28:48.139000,0 days 00:29:17.654000,216.0,116.0,310.0,284.0,False,SOFT,5.0,True,McLaren,0 days 00:27:13.251000,2026-09-25 12:14:27.342,12,,,,False,True,Q
0 days 00:31:27.354000,PIA,81,0 days 00:02:09.700000,6.0,1.0,,,0 days 00:00:38.819000,0 days 00:00:59.534000,0 days 00:00:31.347000,0 days 00:29:56.473000,0 days 00:30:56.007000,0 days 00:31:27.354000,141.0,150.0,311.0,284.0,False,SOFT,6.0,True,McLaren,0 days 00:29:17.654000,2026-09-25 12:16:31.745,1,,,,False,True,Q
0 days 00:33:12.927000,PIA,81,0 days 00:01:45.573000,7.0,1.0,,,0 days 00:00:36.975000,0 days 00:00:42.915000,0 days 00:00:25.683000,0 days 00:32:04.329000,0 days 00:32:47.244000,0 days 00:33:12.927000,202.0,206.0,301.0,315.0,False,SOFT,7.0,True,McLaren,0 days 00:31:27.354000,2026-09-25 12:18:41.445,1,,,,False,True,Q
0 days 00:35:35.359000,PIA,81,0 days 00:02:22.432000,8.0,1.0,,0 days 00:35:34.081000,0 days 00:00:49.230000,0 days 00:00:55.630000,0 days 00:00:37.572000,0 days 00:34:02.157000,0 days 00:34:57.787000,0 days 00:35:35.359000,159.0,141.0,,231.0,False,SOFT,8.0,True,McLaren,0 days 00:33:12.927000,2026-09-25 12:20:27.018,12,,,,False,False,Q
0 days 00:44:44.960000,PIA,81,,9.0,2.0,0 days 00:42:34.961000,,,0 days 00:00:49.581000,0 days 00:00:29.679000,,0 days 00:44:15.385000,0 days 00:44:44.960000,149.0,186.0,286.0,258.0,False,SOFT,1.0,True,McLaren,0 days 00:35:35.359000,2026-09-25 12:22:49.450,12,,,,False,False,Q
0 days 00:46:42.656000,PIA,81,0 days 00:01:57.696000,10.0,2.0,,,0 days 00:00:41.332000,0 days 00:00:47.709000,0 days 00:00:28.655000,0 days 00:45:26.292000,0 days 00:46:14.001000,0 days 00:46:42.656000,176.0,176.0,310.0,285.0,True,SOFT,2.0,True,McLaren,0 days 00:44:44.960000,2026-09-25 12:31:59.051,1,,,,False,True,Q
0 days 00:48:26.706000,PIA,81,0 days 00:01:44.050000,11.0,2.0,,,0 days 00:00:36.323000,0 days 00:00:42.437000,0 days 00:00:25.290000,0 days 00:47:18.979000,0 days 00:48:01.416000,0 days 00:48:26.706000,204.0,208.0,306.0,318.0,True,SOFT,3.0,True,McLaren,0 days 00:46:42.656000,2026-09-25 12:33:56.747,1,,,,False,True,Q
0 days 00:50:35.757000,PIA,81,0 days 00:02:09.051000,12.0,2.0,,0 days 00:50:33.553000,0 days 00:00:43.836000,0 days 00:00:49.323000,0 days 00:00:35.892000,0 days 00:49:10.542000,0 days 00:49:59.865000,0 days 00:50:35.757000,171.0,163.0,,280.0,False,SOFT,4.0,True,McLaren,0 days 00:48:26.706000,2026-09-25 12:35:40.797,1,,,,False,False,Q
0 days 00:55:23.344000,PIA,81,,13.0,3.0,0 days 00:53:24.536000,,,0 days 00:00:49.941000,0 days 00:00:29.161000,,0 days 00:54:54.233000,0 days 00:55:23.521000,176.0,154.0,309.0,281.0,False,SOFT,5.0,False,McLaren,0 days 00:50:35.757000,2026-09-25 12:37:49.848,12,,,,False,False,Q
0 days 00:57:07.158000,PIA,81,0 days 00:01:43.814000,14.0,3.0,,,0 days 00:00:36.277000,0 days 00:00:42.237000,0 days 00:00:25.300000,0 days 00:55:59.621000,0 days 00:56:41.858000,0 days 00:57:07.158000,210.0,210.0,306.0,316.0,True,SOFT,6.0,False,McLaren,0 days 00:55:23.344000,2026-09-25 12:42:37.435,21,,,,False,True,Q
0 days 00:59:22.350000,PIA,81,0 days 00:02:15.192000,15.0,3.0,,0 days 00:59:21.124000,0 days 00:00:47.086000,0 days 00:00:51.491000,0 days 00:00:36.615000,0 days 00:57:54.244000,0 days 00:58:45.735000,0 days 00:59:22.350000,156.0,174.0,,241.0,False,SOFT,7.0,False,McLaren,0 days 00:57:07.158000,2026-09-25 12:44:21.249,1,,,,False,False,Q
0 days 01:06:03.823000,PIA,81,,16.0,4.0,0 days 01:04:02.813000,,,0 days 00:00:47.816000,0 days 00:00:28.754000,,0 days 01:05:35.230000,0 days 01:06:03.947000,177.0,196.0,292.0,281.0,False,SOFT,1.0,True,McLaren,0 days 00:59:22.350000,2026-09-25 12:46:36.441,12,,,,False,False,Q
0 days 01:08:05.211000,PIA,81,0 days 00:02:01.388000,17.0,4.0,,,0 days 00:00:41.072000,0 days 00:00:51.266000,0 days 00:00:29.050000,0 days 01:06:44.895000,0 days 01:07:36.161000,0 days 01:08:05.211000,180.0,155.0,309.0,282.0,True,SOFT,2.0,True,McLaren,0 days 01:06:03.823000,2026-09-25 12:53:17.914,1,,,,False,True,Q
0 days 01:09:48.782000,PIA,81,0 days 00:01:43.571000,18.0,4.0,,,0 days 00:00:36.295000,0 days 00:00:41.993000,0 days 00:00:25.283000,0 days 01:08:41.506000,0 days 01:09:23.499000,0 days 01:09:48.782000,212.0,213.0,306.0,320.0,True,SOFT,3.0,True,McLaren,0 days 01:08:05.211000,2026-09-25 12:55:19.302,1,,,,False,True,Q
0 days 01:11:49.957000,PIA,81,0 days 00:02:01.175000,19.0,4.0,,0 days 01:11:48.712000,0 days 00:00:41.793000,0 days 00:00:46.491000,0 days 00:00:32.891000,0 days 01:10:30.575000,0 days 01:11:17.066000,0 days 01:11:49.957000,178.0,182.0,,282.0,False,SOFT,4.0,True,McLaren,0 days 01:09:48.782000,2026-09-25 12:57:02.873,1,,,,False,False,Q
0 days 01:15:50.512000,PIA,81,,20.0,5.0,0 days 01:13:50.583000,,,0 days 00:00:52.104000,0 days 00:00:28.706000,,0 days 01:15:21.887000,0 days 01:15:50.691000,172.0,184.0,309.0,281.0,False,SOFT,1.0,True,McLaren,0 days 01:11:49.957000,2026-09-25 12:59:04.048,12,,,,False,False,Q
0 days 01:17:33.876000,PIA,81,0 days 00:01:43.364000,21.0,5.0,,,0 days 00:00:36.134000,0 days 00:00:42.028000,0 days 00:00:25.202000,0 days 01:16:26.646000,0 days 01:17:08.674000,0 days 01:17:33.876000,207.0,207.0,307.0,320.0,True,SOFT,2.0,True,McLaren,0 days 01:15:50.512000,2026-09-25 13:03:04.603,12,,,,False,True,Q
0 days 01:20:04.854000,PIA,81,,22.0,5.0,,0 days 01:20:02.070000,0 days 00:00:50.152000,0 days 00:00:54.718000,0 days 00:00:46.002000,0 days 01:18:24.139000,0 days 01:19:18.852000,0 days 01:20:04.936000,141.0,149.0,,215.0,False,SOFT,3.0,True,McLaren,0 days 01:17:33.876000,2026-09-25 13:04:47.967,1,,,,False,False,Q
0 days 00:20:05.998000,HAD,6,,1.0,1.0,0 days 00:17:54.503000,,,0 days 00:00:47.223000,0 days 00:00:29.923000,,0 days 00:19:36.205000,0 days 00:20:06.293000,171.0,189.0,287.0,259.0,False,SOFT,1.0,True,Red Bull Racing,0 days 00:17:54.503000,2026-09-25 12:05:08.594,1,,,,False,False,Q
0 days 00:22:09.428000,HAD,6,0 days 00:02:03.430000,2.0,1.0,,,0 days 00:00:41.465000,0 days 00:00:53.254000,0 days 00:00:28.711000,0 days 00:20:47.463000,0 days 00:21:40.717000,0 days 00:22:09.428000,193.0,183.0,308.0,285.0,True,SOFT,2.0,True,Red Bull Racing,0 days 00:20:05.998000,2026-09-25 12:07:20.089,12,,,,False,True,Q
0 days 00:23:54.130000,HAD,6,0 days 00:01:44.702000,3.0,1.0,,,0 days 00:00:36.791000,0 days 00:00:42.472000,0 days 00:00:25.439000,0 days 00:22:46.219000,0 days 00:23:28.691000,0 days 00:23:54.130000,211.0,218.0,307.0,323.0,True,SOFT,3.0,True,Red Bull Racing,0 days 00:22:09.428000,2026-09-25 12:09:23.519,1,,,,False,True,Q
0 days 00:26:03.128000,HAD,6,0 days 00:02:08.998000,4.0,1.0,,,0 days 00:00:49.423000,0 days 00:00:50.915000,0 days 00:00:28.660000,0 days 00:24:43.553000,0 days 00:25:34.468000,0 days 00:26:03.128000,174.0,198.0,307.0,285.0,False,SOFT,4.0,True,Red Bull Racing,0 days 00:23:54.130000,2026-09-25 12:11:08.221,1,,,,False,True,Q
0 days 00:27:47.685000,HAD,6,0 days 00:01:44.557000,5.0,1.0,,,0 days 00:00:36.514000,0 days 00:00:42.455000,0 days 00:00:25.588000,0 days 00:26:39.642000,0 days 00:27:22.097000,0 days 00:27:47.685000,202.0,216.0,305.0,323.0,True,SOFT,5.0,True,Red Bull Racing,0 days 00:26:03.128000,2026-09-25 12:13:17.219,12,,,,False,True,Q
0 days 00:30:01.668000,HAD,6,0 days 00:02:13.983000,6.0,1.0,,,0 days 00:00:50.697000,0 days 00:00:54.971000,0 days 00:00:28.315000,0 days 00:28:38.382000,0 days 00:29:33.353000,0 days 00:30:01.668000,159.0,172.0,317.0,295.0,False,SOFT,6.0,True,Red Bull Racing,0 days 00:27:47.685000,2026-09-25 12:15:01.776,1,,,,False,True,Q
0 days 00:31:45.829000,HAD,6,0 days 00:01:44.161000,7.0,1.0,,,0 days 00:00:36.364000,0 days 00:00:42.382000,0 days 00:00:25.415000,0 days 00:30:38.032000,0 days 00:31:20.414000,0 days 00:31:45.829000,219.0,207.0,305.0,322.0,True,SOFT,7.0,True,Red Bull Racing,0 days 00:30:01.668000,2026-09-25 12:17:15.759,1,,,,False,True,Q
0 days 00:33:57.157000,HAD,6,0 days 00:02:11.328000,8.0,1.0,,0 days 00:33:55.780000,0 days 00:00:48.476000,0 days 00:00:48.526000,0 days 00:00:34.326000,0 days 00:32:34.305000,0 days 00:33:22.831000,0 days 00:33:57.157000,179.0,196.0,,290.0,False,SOFT,8.0,True,Red Bull Racing,0 days 00:31:45.829000,2026-09-25 12:18:59.920,1,,,,False,False,Q
0 days 00:44:24.537000,HAD,6,,9.0,2.0,0 days 00:42:15.707000,,,0 days 00:00:46.572000,0 days 00:00:29.669000,,0 days 00:43:55.052000,0 days 00:44:24.668000,173.0,205.0,290.0,259.0,False,SOFT,1.0,True,Red Bull Racing,0 days 00:33:57.157000,2026-09-25 12:21:11.248,12,,,,False,False,Q
0 days 00:46:19.537000,HAD,6,0 days 00:01:55,10.0,2.0,,,0 days 00:00:41.165000,0 days 00:00:45.319000,0 days 00:00:28.516000,0 days 00:45:05.702000,0 days 00:45:51.021000,0 days 00:46:19.537000,192.0,193.0,307.0,285.0,True,SOFT,2.0,True,Red Bull Racing,0 days 00:44:24.537000,2026-09-25 12:31:38.628,1,,,,False,True,Q
0 days 00:48:03.773000,HAD,6,0 days 00:01:44.236000,11.0,2.0,,,0 days 00:00:36.680000,0 days 00:00:42.169000,0 days 00:00:25.387000,0 days 00:46:56.217000,0 days 00:47:38.386000,0 days 00:48:03.773000,211.0,212.0,306.0,323.0,True,SOFT,3.0,True,Red Bull Racing,0 days 00:46:19.537000,2026-09-25 12:33:33.628,1,,,,False,True,Q
0 days 00:50:13.216000,HAD,6,0 days 00:02:09.443000,12.0,2.0,,,0 days 00:00:51.381000,0 days 00:00:49.315000,0 days 00:00:28.747000,0 days 00:48:55.154000,0 days 00:49:44.469000,0 days 00:50:13.216000,167.0,193.0,305.0,283.0,False,SOFT,4.0,True,Red Bull Racing,0 days 00:48:03.773000,2026-09-25 12:35:17.864,1,,,,False,True,Q
0 days 00:51:57.096000,HAD,6,0 days 00:01:43.880000,13.0,2.0,,,0 days 00:00:36.357000,0 days 00:00:41.976000,0 days 00:00:25.547000,0 days 00:50:49.573000,0 days 00:51:31.549000,0 days 00:51:57.096000,216.0,212.0,305.0,323.0,True,SOFT,5.0,True,Red Bull Racing,0 days 00:50:13.216000,2026-09-25 12:37:27.307,1,,,,False,True,Q
0 days 00:54:07.980000,HAD,6,0 days 00:02:10.884000,14.0,2.0,,,0 days 00:00:53.346000,0 days 00:00:48.807000,0 days 00:00:28.731000,0 days 00:52:50.442000,0 days 00:53:39.249000,0 days 00:54:07.980000,166.0,192.0,305.0,284.0,False,SOFT,6.0,True,Red Bull Racing,0 days 00:51:57.096000,2026-09-25 12:39:11.187,1,,,,False,True,Q
0 days 00:56:21.785000,HAD,6,0 days 00:02:13.805000,15.0,2.0,,0 days 00:56:20.606000,0 days 00:00:36.374000,0 days 00:01:00.978000,0 days 00:00:36.453000,0 days 00:54:44.354000,0 days 00:55:45.332000,0 days 00:56:21.785000,218.0,151.0,,255.0,False,SOFT,7.0,True,Red Bull Racing,0 days 00:54:07.980000,2026-09-25 12:41:22.071,12,,,,False,False,Q
0 days 01:09:06.753000,HAD,6,,16.0,3.0,0 days 01:07:10.003000,,,0 days 00:00:46.818000,0 days 00:00:29.685000,,0 days 01:08:37.134000,0 days 01:09:06.753000,175.0,189.0,288.0,258.0,False,SOFT,1.0,True,Red Bull Racing,0 days 00:56:21.785000,2026-09-25 12:43:35.876,21,,,,False,False,Q
0 days 01:11:02.716000,HAD,6,0 days 00:01:55.963000,17.0,3.0,,,0 days 00:00:41.864000,0 days 00:00:45.614000,0 days 00:00:28.485000,0 days 01:09:48.617000,0 days 01:10:34.231000,0 days 01:11:02.716000,187.0,194.0,305.0,285.0,True,SOFT,2.0,True,Red Bull Racing,0 days 01:09:06.753000,2026-09-25 12:56:20.844,1,,,,False,True,Q
0 days 01:12:46.419000,HAD,6,0 days 00:01:43.703000,18.0,3.0,,,0 days 00:00:36.240000,0 days 00:00:42.049000,0 days 00:00:25.414000,0 days 01:11:38.956000,0 days 01:12:21.005000,0 days 01:12:46.419000,218.0,215.0,303.0,321.0,True,SOFT,3.0,True,Red Bull Racing,0 days 01:11:02.716000,2026-09-25 12:58:16.807,1,,,,False,True,Q
0 days 01:14:58.693000,HAD,6,0 days 00:02:12.274000,19.0,3.0,,,0 days 00:00:53.970000,0 days 00:00:49.498000,0 days 00:00:28.806000,0 days 01:13:40.389000,0 days 01:14:29.887000,0 days 01:14:58.693000,156.0,182.0,305.0,283.0,False,SOFT,4.0,True,Red Bull Racing,0 days 01:12:46.419000,2026-09-25 13:00:00.510,12,,,,False,True,Q
0 days 01:16:42.193000,HAD,6,0 days 00:01:43.500000,20.0,3.0,,,0 days 00:00:36.214000,0 days 00:00:41.919000,0 days 00:00:25.367000,0 days 01:15:34.907000,0 days 01:16:16.826000,0 days 01:16:42.193000,226.0,214.0,306.0,320.0,True,SOFT,5.0,True,Red Bull Racing,0 days 01:14:58.693000,2026-09-25 13:02:12.784,12,,,,False,True,Q
0 days 01:18:56.168000,HAD,6,,21.0,3.0,,0 days 01:18:56.168000,0 days 00:00:44.106000,0 days 00:00:50.177000,,0 days 01:17:26.385000,0 days 01:18:16.458000,,177.0,160.0,,246.0,False,SOFT,6.0,True,Red Bull Racing,0 days 01:16:42.193000,2026-09-25 13:03:56.284,1,,,,False,False,Q
0 days 00:20:59.627000,NOR,1,,1.0,1.0,0 days 00:18:31.867000,,,0 days 00:00:59.942000,0 days 00:00:31.842000,,0 days 00:20:27.939000,0 days 00:20:59.848000,171.0,129.0,236.0,275.0,False,SOFT,1.0,True,McLaren,0 days 00:18:31.867000,2026-09-25 12:05:45.958,12,,,,False,False,Q
0 days 00:23:03.848000,NOR,1,0 days 00:02:04.221000,2.0,1.0,,,0 days 00:00:42.238000,0 days 00:00:52.065000,0 days 00:00:29.918000,0 days 00:21:41.865000,0 days 00:22:33.930000,0 days 00:23:03.848000,178.0,97.0,308.0,285.0,True,SOFT,2.0,True,McLaren,0 days 00:20:59.627000,2026-09-25 12:08:13.718,1,,,,False,True,Q
0 days 00:24:49.689000,NOR,1,0 days 00:01:45.841000,3.0,1.0,,,0 days 00:00:37.442000,0 days 00:00:42.776000,0 days 00:00:25.623000,0 days 00:23:41.290000,0 days 00:24:24.066000,0 days 00:24:49.689000,213.0,208.0,303.0,314.0,True,SOFT,3.0,True,McLaren,0 days 00:23:03.848000,2026-09-25 12:10:17.939,1,,,,False,True,Q
0 days 00:26:59.995000,NOR,1,0 days 00:02:10.306000,4.0,1.0,,,0 days 00:00:46.109000,0 days 00:00:55.041000,0 days 00:00:29.156000,0 days 00:25:35.798000,0 days 00:26:30.839000,0 days 00:26:59.995000,162.0,120.0,313.0,286.0,False,SOFT,4.0,True,McLaren,0 days 00:24:49.689000,2026-09-25 12:12:03.780,1,,,,False,True,Q
0 days 00:28:45.804000,NOR,1,0 days 00:01:45.809000,5.0,1.0,,,0 days 00:00:36.480000,0 days 00:00:42.658000,0 days 00:00:26.671000,0 days 00:27:36.475000,0 days 00:28:19.133000,0 days 00:28:45.804000,212.0,216.0,312.0,310.0,True,SOFT,5.0,True,McLaren,0 days 00:26:59.995000,2026-09-25 12:14:14.086,12,,,,False,True,Q
0 days 00:30:42.733000,NOR,1,0 days 00:01:56.929000,6.0,1.0,,,0 days 00:00:40.803000,0 days 00:00:47.195000,0 days 00:00:28.931000,0 days 00:29:26.607000,0 days 00:30:13.802000,0 days 00:30:42.733000,190.0,193.0,307.0,282.0,False,SOFT,6.0,True,McLaren,0 days 00:28:45.804000,2026-09-25 12:15:59.895,1,,,,False,True,Q
0 days 00:32:27.304000,NOR,1,0 days 00:01:44.571000,7.0,1.0,,,0 days 00:00:36.343000,0 days 00:00:42.410000,0 days 00:00:25.818000,0 days 00:31:19.076000,0 days 00:32:01.486000,0 days 00:32:27.304000,210.0,206.0,302.0,315.0,True,SOFT,7.0,True,McLaren,0 days 00:30:42.733000,2026-09-25 12:17:56.824,1,,,,False,True,Q
0 days 00:34:36.996000,NOR,1,0 days 00:02:09.692000,8.0,1.0,,0 days 00:34:35.030000,0 days 00:00:45.924000,0 days 00:00:47.083000,0 days 00:00:36.685000,0 days 00:33:13.228000,0 days 00:34:00.311000,0 days 00:34:36.996000,180.0,189.0,,242.0,False,SOFT,8.0,True,McLaren,0 days 00:32:27.304000,2026-09-25 12:19:41.395,12,,,,False,False,Q
0 days 00:44:37.149000,NOR,1,,9.0,2.0,0 days 00:42:28.175000,,,0 days 00:00:46.682000,0 days 00:00:28.858000,,0 days 00:44:08.335000,0 days 00:44:37.149000,174.0,202.0,304.0,280.0,False,SOFT,1.0,True,McLaren,0 days 00:34:36.996000,2026-09-25 12:21:51.087,21,,,,False,False,Q
0 days 00:46:32.689000,NOR,1,0 days 00:01:55.540000,10.0,2.0,,,0 days 00:00:36.854000,0 days 00:00:49.794000,0 days 00:00:28.892000,0 days 00:45:14.003000,0 days 00:46:03.797000,0 days 00:46:32.689000,185.0,188.0,306.0,282.0,True,SOFT,2.0,True,McLaren,0 days 00:44:37.149000,2026-09-25 12:31:51.240,1,,,,False,True,Q
0 days 00:48:16.709000,NOR,1,0 days 00:01:44.020000,11.0,2.0,,,0 days 00:00:36.327000,0 days 00:00:42.247000,0 days 00:00:25.446000,0 days 00:47:09.016000,0 days 00:47:51.263000,0 days 00:48:16.709000,210.0,207.0,305.0,317.0,True,SOFT,3.0,True,McLaren,0 days 00:46:32.689000,2026-09-25 12:33:46.780,1,,,,False,True,Q
0 days 00:50:28.739000,NOR,1,0 days 00:02:12.030000,12.0,2.0,,0 days 00:50:27.921000,0 days 00:00:42.722000,0 days 00:00:52.693000,0 days 00:00:36.615000,0 days 00:48:59.431000,0 days 00:49:52.124000,0 days 00:50:28.739000,155.0,151.0,,237.0,False,SOFT,4.0,True,McLaren,0 days 00:48:16.709000,2026-09-25 12:35:30.800,1,,,,False,False,Q
0 days 00:55:13.702000,NOR,1,,13.0,3.0,0 days 00:53:15.193000,,,0 days 00:00:50.273000,0 days 00:00:29.364000,,0 days 00:54:44.430000,0 days 00:55:13.928000,186.0,147.0,303.0,279.0,False,SOFT,5.0,False,McLaren,0 days 00:50:28.739000,2026-09-25 12:37:42.830,1,,,,False,False,Q
0 days 00:56:57.857000,NOR,1,0 days 00:01:44.155000,14.0,3.0,,,0 days 00:00:36.529000,0 days 00:00:42.098000,0 days 00:00:25.528000,0 days 00:55:50.231000,0 days 00:56:32.329000,0 days 00:56:57.857000,214.0,207.0,304.0,314.0,False,SOFT,6.0,False,McLaren,0 days 00:55:13.702000,2026-09-25 12:42:27.793,12,,,,False,True,Q
0 days 00:59:08.148000,NOR,1,0 days 00:02:10.291000,15.0,3.0,,0 days 00:59:06.800000,0 days 00:00:43.942000,0 days 00:00:50.058000,0 days 00:00:36.291000,0 days 00:57:41.799000,0 days 00:58:31.857000,0 days 00:59:08.148000,142.0,175.0,,232.0,False,SOFT,7.0,False,McLaren,0 days 00:56:57.857000,2026-09-25 12:44:11.948,1,,,,False,False,Q
0 days 01:06:00.265000,NOR,1,,16.0,4.0,0 days 01:03:59.647000,,,0 days 00:00:46.898000,0 days 00:00:28.858000,,0 days 01:05:31.466000,0 days 01:06:00.289000,190.0,202.0,304.0,280.0,False,SOFT,1.0,True,McLaren,0 days 00:59:08.148000,2026-09-25 12:46:22.239,12,,,,False,False,Q
0 days 01:08:01.064000,NOR,1,0 days 00:02:00.799000,17.0,4.0,,,0 days 00:00:38.256000,0 days 00:00:53.386000,0 days 00:00:29.157000,0 days 01:06:38.521000,0 days 01:07:31.907000,0 days 01:08:01.064000,183.0,192.0,308.0,281.0,True,SOFT,2.0,True,McLaren,0 days 01:06:00.265000,2026-09-25 12:53:14.356,1,,,,False,True,Q
0 days 01:09:44.736000,NOR,1,0 days 00:01:43.672000,18.0,4.0,,,0 days 00:00:36.279000,0 days 00:00:41.840000,0 days 00:00:25.553000,0 days 01:08:37.343000,0 days 01:09:19.183000,0 days 01:09:44.736000,211.0,209.0,304.0,315.0,True,SOFT,3.0,True,McLaren,0 days 01:08:01.064000,2026-09-25 12:55:15.155,1,,,,False,True,Q
0 days 01:11:47.434000,NOR,1,0 days 00:02:02.698000,19.0,4.0,,0 days 01:11:46.174000,0 days 00:00:41.080000,0 days 00:00:48.468000,0 days 00:00:33.150000,0 days 01:10:25.816000,0 days 01:11:14.284000,0 days 01:11:47.434000,177.0,194.0,,276.0,False,SOFT,4.0,True,McLaren,0 days 01:09:44.736000,2026-09-25 12:56:58.827,1,,,,False,False,Q
0 days 01:15:56.150000,NOR,1,,20.0,5.0,0 days 01:13:55.669000,,,0 days 00:00:51.895000,0 days 00:00:29.689000,,0 days 01:15:26.474000,0 days 01:15:56.226000,189.0,198.0,305.0,279.0,False,SOFT,1.0,True,McLaren,0 days 01:11:47.434000,2026-09-25 12:59:01.525,12,,,,False,False,Q
0 days 01:18:28.079000,NOR,1,,21.0,5.0,,0 days 01:18:28.079000,0 days 00:00:51.738000,0 days 00:00:55.924000,,0 days 01:16:47.936000,0 days 01:17:43.807000,,96.0,132.0,,180.0,False,SOFT,2.0,True,McLaren,0 days 01:15:56.150000,2026-09-25 13:03:10.241,12,,,,False,False,Q
0 days 00:20:36.259000,HAM,44,,1.0,1.0,0 days 00:18:18.365000,,,0 days 00:00:48.173000,0 days 00:00:28.630000,,0 days 00:20:09.577000,0 days 00:20:36.487000,175.0,193.0,249.0,266.0,False,SOFT,1.0,True,Ferrari,0 days 00:18:18.365000,2026-09-25 12:05:32.456,12,,,,False,False,Q
0 days 00:22:34.026000,HAM,44,0 days 00:01:57.767000,2.0,1.0,,,0 days 00:00:41.265000,0 days 00:00:46.817000,0 days 00:00:29.685000,0 days 00:21:17.524000,0 days 00:22:04.341000,0 days 00:22:34.026000,184.0,201.0,301.0,257.0,True,SOFT,2.0,True,Ferrari,0 days 00:20:36.259000,2026-09-25 12:07:50.350,21,,,,False,True,Q
0 days 00:24:18.883000,HAM,44,0 days 00:01:44.857000,3.0,1.0,,,0 days 00:00:36.858000,0 days 00:00:42.862000,0 days 00:00:25.137000,0 days 00:23:10.884000,0 days 00:23:53.746000,0 days 00:24:18.883000,215.0,211.0,325.0,328.0,True,SOFT,3.0,True,Ferrari,0 days 00:22:34.026000,2026-09-25 12:09:48.117,1,,,,False,True,Q
0 days 00:26:32.549000,HAM,44,0 days 00:02:13.666000,4.0,1.0,,,0 days 00:00:44.616000,0 days 00:00:59.299000,0 days 00:00:29.751000,0 days 00:25:03.499000,0 days 00:26:02.798000,0 days 00:26:32.549000,160.0,191.0,301.0,258.0,False,SOFT,4.0,True,Ferrari,0 days 00:24:18.883000,2026-09-25 12:11:32.974,1,,,,False,True,Q
0 days 00:28:17.263000,HAM,44,0 days 00:01:44.714000,5.0,1.0,,,0 days 00:00:36.821000,0 days 00:00:42.445000,0 days 00:00:25.448000,0 days 00:27:09.370000,0 days 00:27:51.815000,0 days 00:28:17.263000,206.0,209.0,308.0,325.0,True,SOFT,5.0,True,Ferrari,0 days 00:26:32.549000,2026-09-25 12:13:46.640,12,,,,False,True,Q
0 days 00:30:20.915000,HAM,44,0 days 00:02:03.652000,6.0,1.0,,,0 days 00:00:46.301000,0 days 00:00:48.338000,0 days 00:00:29.013000,0 days 00:29:03.564000,0 days 00:29:51.902000,0 days 00:30:20.915000,163.0,196.0,306.0,277.0,False,SOFT,6.0,True,Ferrari,0 days 00:28:17.263000,2026-09-25 12:15:31.354,1,,,,False,True,Q
0 days 00:32:05.175000,HAM,44,0 days 00:01:44.260000,7.0,1.0,,,0 days 00:00:36.496000,0 days 00:00:42.344000,0 days 00:00:25.420000,0 days 00:30:57.411000,0 days 00:31:39.755000,0 days 00:32:05.175000,214.0,213.0,307.0,321.0,True,SOFT,7.0,True,Ferrari,0 days 00:30:20.915000,2026-09-25 12:17:35.006,1,,,,False,True,Q
0 days 00:34:27.384000,HAM,44,0 days 00:02:22.209000,8.0,1.0,,,0 days 00:00:56.219000,0 days 00:00:53.957000,0 days 00:00:32.033000,0 days 00:33:01.394000,0 days 00:33:55.351000,0 days 00:34:27.384000,163.0,161.0,302.0,259.0,False,SOFT,8.0,True,Ferrari,0 days 00:32:05.175000,2026-09-25 12:19:19.266,1,,,,False,True,Q
0 days 00:36:31.044000,HAM,44,0 days 00:02:03.660000,9.0,1.0,,0 days 00:36:29.729000,0 days 00:00:39.948000,0 days 00:00:48.394000,0 days 00:00:35.318000,0 days 00:35:07.332000,0 days 00:35:55.726000,0 days 00:36:31.044000,176.0,179.0,,226.0,False,SOFT,9.0,True,Ferrari,0 days 00:34:27.384000,2026-09-25 12:21:41.475,12,,,,False,False,Q
0 days 00:44:49.616000,HAM,44,,10.0,2.0,0 days 00:42:42.351000,,,0 days 00:00:51.833000,0 days 00:00:28.051000,,0 days 00:44:21.677000,0 days 00:44:49.616000,165.0,183.0,253.0,273.0,False,SOFT,1.0,True,Ferrari,0 days 00:36:31.044000,2026-09-25 12:23:45.135,12,,,,False,False,Q
0 days 00:46:48.069000,HAM,44,0 days 00:01:58.453000,11.0,2.0,,,0 days 00:00:41.391000,0 days 00:00:48.111000,0 days 00:00:28.951000,0 days 00:45:31.007000,0 days 00:46:19.118000,0 days 00:46:48.069000,185.0,148.0,307.0,281.0,True,SOFT,2.0,True,Ferrari,0 days 00:44:49.616000,2026-09-25 12:32:03.707,1,,,,False,True,Q
0 days 00:48:32.146000,HAM,44,0 days 00:01:44.077000,12.0,2.0,,,0 days 00:00:36.485000,0 days 00:00:42.319000,0 days 00:00:25.273000,0 days 00:47:24.554000,0 days 00:48:06.873000,0 days 00:48:32.146000,211.0,213.0,308.0,321.0,True,SOFT,3.0,True,Ferrari,0 days 00:46:48.069000,2026-09-25 12:34:02.160,1,,,,False,True,Q
0 days 00:50:38.984000,HAM,44,0 days 00:02:06.838000,13.0,2.0,,,0 days 00:00:47.027000,0 days 00:00:50.863000,0 days 00:00:28.948000,0 days 00:49:19.173000,0 days 00:50:10.036000,0 days 00:50:38.984000,159.0,197.0,305.0,280.0,False,SOFT,4.0,True,Ferrari,0 days 00:48:32.146000,2026-09-25 12:35:46.237,1,,,,False,True,Q
0 days 00:52:23.021000,HAM,44,0 days 00:01:44.037000,14.0,2.0,,,0 days 00:00:36.315000,0 days 00:00:42.280000,0 days 00:00:25.442000,0 days 00:51:15.299000,0 days 00:51:57.579000,0 days 00:52:23.021000,211.0,210.0,304.0,320.0,True,SOFT,5.0,True,Ferrari,0 days 00:50:38.984000,2026-09-25 12:37:53.075,1,,,,False,True,Q
0 days 00:54:23.842000,HAM,44,0 days 00:02:00.821000,15.0,2.0,,,0 days 00:00:45.450000,0 days 00:00:46.664000,0 days 00:00:28.707000,0 days 00:53:08.471000,0 days 00:53:55.135000,0 days 00:54:23.842000,181.0,200.0,305.0,281.0,False,SOFT,6.0,True,Ferrari,0 days 00:52:23.021000,2026-09-25 12:39:37.112,1,,,,False,True,Q
0 days 00:56:29.924000,HAM,44,0 days 00:02:06.082000,16.0,2.0,,0 days 00:56:28.569000,0 days 00:00:36.808000,0 days 00:00:46.023000,0 days 00:00:43.251000,0 days 00:55:00.650000,0 days 00:55:46.673000,0 days 00:56:29.924000,209.0,136.0,,251.0,False,SOFT,7.0,True,Ferrari,0 days 00:54:23.842000,2026-09-25 12:41:37.933,12,,,,False,False,Q
0 days 01:09:56.010000,HAM,44,,17.0,3.0,0 days 01:07:56.840000,,,0 days 00:00:49.762000,0 days 00:00:27.915000,,0 days 01:09:28.168000,0 days 01:09:56.022000,161.0,188.0,253.0,272.0,False,SOFT,1.0,True,Ferrari,0 days 00:56:29.924000,2026-09-25 12:43:44.015,12,,,,False,False,Q
0 days 01:11:52.813000,HAM,44,0 days 00:01:56.803000,18.0,3.0,,,0 days 00:00:40.800000,0 days 00:00:46.819000,0 days 00:00:29.184000,0 days 01:10:36.810000,0 days 01:11:23.629000,0 days 01:11:52.813000,181.0,197.0,304.0,276.0,True,SOFT,2.0,True,Ferrari,0 days 01:09:56.010000,2026-09-25 12:57:10.101,1,,,,False,True,Q
0 days 01:13:37.269000,HAM,44,0 days 00:01:44.456000,19.0,3.0,,,0 days 00:00:36.449000,0 days 00:00:42.585000,0 days 00:00:25.422000,0 days 01:12:29.262000,0 days 01:13:11.847000,0 days 01:13:37.269000,206.0,210.0,303.0,319.0,True,SOFT,3.0,True,Ferrari,0 days 01:11:52.813000,2026-09-25 12:59:06.904,12,,,,False,True,Q
0 days 01:15:43.232000,HAM,44,0 days 00:02:05.963000,20.0,3.0,,,0 days 00:00:47.840000,0 days 00:00:48.399000,0 days 00:00:29.724000,0 days 01:14:25.109000,0 days 01:15:13.508000,0 days 01:15:43.232000,161.0,193.0,302.0,261.0,False,SOFT,4.0,True,Ferrari,0 days 01:13:37.269000,2026-09-25 13:00:51.360,21,,,,False,True,Q
0 days 01:17:27.090000,HAM,44,0 days 00:01:43.858000,21.0,3.0,,,0 days 00:00:36.347000,0 days 00:00:42.087000,0 days 00:00:25.424000,0 days 01:16:19.579000,0 days 01:17:01.666000,0 days 01:17:27.090000,208.0,212.0,303.0,316.0,True,SOFT,5.0,True,Ferrari,0 days 01:15:43.232000,2026-09-25 13:02:57.323,12,,,,False,True,Q
0 days 01:19:53.483000,HAM,44,,22.0,3.0,,0 days 01:19:53.483000,0 days 00:00:45.974000,0 days 00:00:53.883000,,0 days 01:18:13.135000,0 days 01:19:06.968000,,164.0,91.0,,211.0,False,SOFT,6.0,True,Ferrari,0 days 01:17:27.090000,2026-09-25 13:04:41.181,1,,,,False,False,Q
0 days 00:19:09.534000,GAS,10,,1.0,1.0,0 days 00:17:01.584000,,,0 days 00:00:49.553000,0 days 00:00:29.769000,,0 days 00:18:39.813000,0 days 00:19:09.688000,166.0,171.0,293.0,277.0,False,SOFT,1.0,True,Alpine,0 days 00:17:01.584000,2026-09-25 12:04:15.675,1,,,,False,False,Q
0 days 00:21:09.876000,GAS,10,0 days 00:02:00.342000,2.0,1.0,,,0 days 00:00:42.875000,0 days 00:00:48.958000,0 days 00:00:28.509000,0 days 00:19:52.409000,0 days 00:20:41.367000,0 days 00:21:09.876000,172.0,191.0,311.0,286.0,True,SOFT,2.0,True,Alpine,0 days 00:19:09.534000,2026-09-25 12:06:23.625,12,,,,False,True,Q
0 days 00:22:56.984000,GAS,10,0 days 00:01:47.108000,3.0,1.0,,,0 days 00:00:38.120000,0 days 00:00:43.445000,0 days 00:00:25.543000,0 days 00:21:47.996000,0 days 00:22:31.441000,0 days 00:22:56.984000,197.0,209.0,307.0,315.0,True,SOFT,3.0,True,Alpine,0 days 00:21:09.876000,2026-09-25 12:08:23.967,1,,,,False,True,Q
0 days 00:25:11.049000,GAS,10,0 days 00:02:14.065000,4.0,1.0,,0 days 00:25:09.799000,0 days 00:00:49.471000,0 days 00:00:49.307000,0 days 00:00:35.287000,0 days 00:23:46.455000,0 days 00:24:35.762000,0 days 00:25:11.049000,133.0,177.0,,261.0,False,SOFT,4.0,True,Alpine,0 days 00:22:56.984000,2026-09-25 12:10:11.075,1,,,,False,False,Q
0 days 00:27:36.647000,GAS,10,0 days 00:02:25.598000,5.0,2.0,0 days 00:25:33.467000,,0 days 00:01:02.001000,0 days 00:00:53.590000,0 days 00:00:30.007000,0 days 00:26:13.050000,0 days 00:27:06.640000,0 days 00:27:36.647000,175.0,179.0,289.0,268.0,False,SOFT,1.0,True,Alpine,0 days 00:25:11.049000,2026-09-25 12:12:25.140,12,,,,False,False,Q
0 days 00:29:38.945000,GAS,10,0 days 00:02:02.298000,6.0,2.0,,,0 days 00:00:42.641000,0 days 00:00:50.713000,0 days 00:00:28.944000,0 days 00:28:19.288000,0 days 00:29:10.001000,0 days 00:29:38.945000,179.0,171.0,311.0,283.0,False,SOFT,2.0,True,Alpine,0 days 00:27:36.647000,2026-09-25 12:14:50.738,1,,,,False,True,Q
0 days 00:31:24.222000,GAS,10,0 days 00:01:45.277000,7.0,2.0,,,0 days 00:00:37.164000,0 days 00:00:42.720000,0 days 00:00:25.393000,0 days 00:30:16.109000,0 days 00:30:58.829000,0 days 00:31:24.222000,202.0,206.0,307.0,316.0,True,SOFT,3.0,True,Alpine,0 days 00:29:38.945000,2026-09-25 12:16:53.036,1,,,,False,True,Q
0 days 00:33:34.050000,GAS,10,0 days 00:02:09.828000,8.0,2.0,,,0 days 00:00:48.756000,0 days 00:00:52.582000,0 days 00:00:28.490000,0 days 00:32:12.978000,0 days 00:33:05.560000,0 days 00:33:34.050000,159.0,185.0,310.0,287.0,False,SOFT,4.0,True,Alpine,0 days 00:31:24.222000,2026-09-25 12:18:38.313,1,,,,False,True,Q
0 days 00:35:18.539000,GAS,10,0 days 00:01:44.489000,9.0,2.0,,,0 days 00:00:36.734000,0 days 00:00:42.478000,0 days 00:00:25.277000,0 days 00:34:10.784000,0 days 00:34:53.262000,0 days 00:35:18.539000,205.0,203.0,306.0,315.0,True,SOFT,5.0,True,Alpine,0 days 00:33:34.050000,2026-09-25 12:20:48.141,12,,,,False,True,Q
0 days 00:37:38.241000,GAS,10,0 days 00:02:19.702000,10.0,2.0,,0 days 00:37:37.043000,0 days 00:00:47.331000,0 days 00:00:51.847000,0 days 00:00:40.524000,0 days 00:36:05.870000,0 days 00:36:57.717000,0 days 00:37:38.241000,159.0,168.0,,213.0,False,SOFT,6.0,True,Alpine,0 days 00:35:18.539000,2026-09-25 12:22:32.630,1,,,,False,False,Q
0 days 00:49:47.945000,GAS,10,,11.0,3.0,0 days 00:47:48.407000,,,0 days 00:00:49.201000,0 days 00:00:29.427000,,0 days 00:49:18.538000,0 days 00:49:47.953000,173.0,171.0,295.0,278.0,False,SOFT,1.0,True,Alpine,0 days 00:37:38.241000,2026-09-25 12:24:52.332,12,,,,False,False,Q
0 days 00:51:50.787000,GAS,10,0 days 00:02:02.842000,12.0,3.0,,,0 days 00:00:40.849000,0 days 00:00:53.035000,0 days 00:00:28.958000,0 days 00:50:28.794000,0 days 00:51:21.829000,0 days 00:51:50.787000,186.0,176.0,313.0,287.0,True,SOFT,2.0,True,Alpine,0 days 00:49:47.945000,2026-09-25 12:37:02.036,1,,,,False,True,Q
0 days 00:53:34.893000,GAS,10,0 days 00:01:44.106000,13.0,3.0,,,0 days 00:00:36.716000,0 days 00:00:42.293000,0 days 00:00:25.097000,0 days 00:52:27.503000,0 days 00:53:09.796000,0 days 00:53:34.893000,213.0,207.0,309.0,318.0,True,SOFT,3.0,True,Alpine,0 days 00:51:50.787000,2026-09-25 12:39:04.878,1,,,,False,True,Q
0 days 00:56:04.486000,GAS,10,0 days 00:02:29.593000,14.0,3.0,,,0 days 00:00:58.709000,0 days 00:01:01.167000,0 days 00:00:29.717000,0 days 00:54:33.602000,0 days 00:55:34.769000,0 days 00:56:04.486000,157.0,175.0,286.0,266.0,False,SOFT,4.0,True,Alpine,0 days 00:53:34.893000,2026-09-25 12:40:48.984,12,,,,False,True,Q
0 days 00:58:04.626000,GAS,10,0 days 00:02:00.140000,15.0,3.0,,0 days 00:58:03.070000,0 days 00:00:38.949000,0 days 00:00:42.906000,0 days 00:00:38.285000,0 days 00:56:43.435000,0 days 00:57:26.341000,0 days 00:58:04.626000,189.0,208.0,,240.0,False,SOFT,5.0,True,Alpine,0 days 00:56:04.486000,2026-09-25 12:43:18.577,12,,,,False,False,Q
0 days 01:10:05.727000,GAS,10,,16.0,4.0,0 days 01:08:04.296000,,,0 days 00:00:49.089000,0 days 00:00:29.182000,,0 days 01:09:36.566000,0 days 01:10:05.779000,185.0,174.0,296.0,280.0,False,SOFT,1.0,True,Alpine,0 days 00:58:04.626000,2026-09-25 12:45:18.717,12,,,,False,False,Q
0 days 01:12:03.895000,GAS,10,0 days 00:01:58.168000,17.0,4.0,,,0 days 00:00:40.823000,0 days 00:00:48.973000,0 days 00:00:28.372000,0 days 01:10:46.550000,0 days 01:11:35.523000,0 days 01:12:03.895000,174.0,194.0,315.0,286.0,True,SOFT,2.0,True,Alpine,0 days 01:10:05.727000,2026-09-25 12:57:19.818,1,,,,False,True,Q
0 days 01:13:47.942000,GAS,10,0 days 00:01:44.047000,18.0,4.0,,,0 days 00:00:36.563000,0 days 00:00:42.315000,0 days 00:00:25.169000,0 days 01:12:40.458000,0 days 01:13:22.773000,0 days 01:13:47.942000,207.0,201.0,308.0,318.0,True,SOFT,3.0,True,Alpine,0 days 01:12:03.895000,2026-09-25 12:59:17.986,12,,,,False,True,Q
0 days 01:16:03.835000,GAS,10,0 days 00:02:15.893000,19.0,4.0,,,0 days 00:00:52.383000,0 days 00:00:55.184000,0 days 00:00:28.326000,0 days 01:14:40.325000,0 days 01:15:35.509000,0 days 01:16:03.835000,121.0,183.0,316.0,289.0,False,SOFT,4.0,True,Alpine,0 days 01:13:47.942000,2026-09-25 13:01:02.033,21,,,,False,True,Q
0 days 01:18:09.322000,GAS,10,,20.0,4.0,,0 days 01:18:09.322000,0 days 00:00:37.162000,0 days 00:00:42.495000,,0 days 01:16:41.133000,0 days 01:17:23.580000,,197.0,206.0,,253.0,False,SOFT,5.0,True,Alpine,0 days 01:16:03.835000,2026-09-25 13:03:17.926,12,,,,False,False,Q
0 days 00:19:45.285000,VER,3,,1.0,1.0,0 days 00:17:41.504000,,,0 days 00:00:48.861000,0 days 00:00:29.682000,,0 days 00:19:15.698000,0 days 00:19:45.497000,178.0,188.0,286.0,274.0,False,SOFT,1.0,True,Red Bull Racing,0 days 00:17:41.504000,2026-09-25 12:04:55.595,1,,,,False,False,Q
0 days 00:21:50.692000,VER,3,0 days 00:02:05.407000,2.0,1.0,,,0 days 00:00:43.163000,0 days 00:00:53.461000,0 days 00:00:28.783000,0 days 00:20:28.448000,0 days 00:21:21.909000,0 days 00:21:50.692000,184.0,198.0,306.0,283.0,True,SOFT,2.0,True,Red Bull Racing,0 days 00:19:45.285000,2026-09-25 12:06:59.376,12,,,,False,True,Q
0 days 00:23:35.860000,VER,3,0 days 00:01:45.168000,3.0,1.0,,,0 days 00:00:36.957000,0 days 00:00:42.599000,0 days 00:00:25.612000,0 days 00:22:27.649000,0 days 00:23:10.248000,0 days 00:23:35.860000,207.0,210.0,303.0,318.0,True,SOFT,3.0,True,Red Bull Racing,0 days 00:21:50.692000,2026-09-25 12:09:04.783,1,,,,False,True,Q
0 days 00:25:39.169000,VER,3,0 days 00:02:03.309000,4.0,1.0,,,0 days 00:00:46.921000,0 days 00:00:47.257000,0 days 00:00:29.131000,0 days 00:24:22.781000,0 days 00:25:10.038000,0 days 00:25:39.169000,180.0,195.0,305.0,282.0,False,SOFT,4.0,True,Red Bull Racing,0 days 00:23:35.860000,2026-09-25 12:10:49.951,1,,,,False,True,Q
0 days 00:27:23.448000,VER,3,0 days 00:01:44.279000,5.0,1.0,,,0 days 00:00:36.631000,0 days 00:00:42.348000,0 days 00:00:25.300000,0 days 00:26:15.800000,0 days 00:26:58.148000,0 days 00:27:23.448000,205.0,212.0,304.0,321.0,True,SOFT,5.0,True,Red Bull Racing,0 days 00:25:39.169000,2026-09-25 12:12:53.260,1,,,,False,True,Q
0 days 00:29:35.768000,VER,3,0 days 00:02:12.320000,6.0,1.0,,,0 days 00:00:45.770000,0 days 00:00:57.478000,0 days 00:00:29.072000,0 days 00:28:09.218000,0 days 00:29:06.696000,0 days 00:29:35.768000,153.0,96.0,306.0,282.0,False,SOFT,6.0,True,Red Bull Racing,0 days 00:27:23.448000,2026-09-25 12:14:37.539,12,,,,False,True,Q
0 days 00:31:19.809000,VER,3,0 days 00:01:44.041000,7.0,1.0,,,0 days 00:00:36.467000,0 days 00:00:41.992000,0 days 00:00:25.582000,0 days 00:30:12.235000,0 days 00:30:54.227000,0 days 00:31:19.809000,212.0,211.0,303.0,321.0,True,SOFT,7.0,True,Red Bull Racing,0 days 00:29:35.768000,2026-09-25 12:16:49.859,1,,,,False,True,Q
0 days 00:33:33.320000,VER,3,0 days 00:02:13.511000,8.0,1.0,,0 days 00:33:31.207000,0 days 00:00:47.105000,0 days 00:00:51.933000,0 days 00:00:34.473000,0 days 00:32:06.914000,0 days 00:32:58.847000,0 days 00:33:33.320000,164.0,105.0,,264.0,False,SOFT,8.0,True,Red Bull Racing,0 days 00:31:19.809000,2026-09-25 12:18:33.900,1,,,,False,False,Q
0 days 00:44:05.790000,VER,3,,9.0,2.0,0 days 00:42:00.780000,,,0 days 00:00:46.888000,0 days 00:00:30.544000,,0 days 00:43:35.385000,0 days 00:44:05.901000,173.0,200.0,257.0,253.0,False,SOFT,1.0,True,Red Bull Racing,0 days 00:33:33.320000,2026-09-25 12:20:47.411,12,,,,False,False,Q
0 days 00:46:04.099000,VER,3,0 days 00:01:58.309000,10.0,2.0,,,0 days 00:00:42.968000,0 days 00:00:46.404000,0 days 00:00:28.937000,0 days 00:44:48.758000,0 days 00:45:35.162000,0 days 00:46:04.099000,191.0,205.0,301.0,281.0,True,SOFT,2.0,True,Red Bull Racing,0 days 00:44:05.790000,2026-09-25 12:31:19.881,1,,,,False,True,Q
0 days 00:47:48.381000,VER,3,0 days 00:01:44.282000,11.0,2.0,,,0 days 00:00:36.686000,0 days 00:00:42.111000,0 days 00:00:25.485000,0 days 00:46:40.785000,0 days 00:47:22.896000,0 days 00:47:48.381000,206.0,210.0,301.0,318.0,True,SOFT,3.0,True,Red Bull Racing,0 days 00:46:04.099000,2026-09-25 12:33:18.190,1,,,,False,True,Q
0 days 00:49:57.847000,VER,3,0 days 00:02:09.466000,12.0,2.0,,,0 days 00:00:42.120000,0 days 00:00:54.932000,0 days 00:00:32.414000,0 days 00:48:30.501000,0 days 00:49:25.433000,0 days 00:49:57.847000,178.0,195.0,299.0,263.0,False,SOFT,4.0,True,Red Bull Racing,0 days 00:47:48.381000,2026-09-25 12:35:02.472,1,,,,False,True,Q
0 days 00:51:42.599000,VER,3,0 days 00:01:44.752000,13.0,2.0,,,0 days 00:00:36.492000,0 days 00:00:42.195000,0 days 00:00:26.065000,0 days 00:50:34.339000,0 days 00:51:16.534000,0 days 00:51:42.599000,223.0,206.0,298.0,314.0,False,SOFT,5.0,True,Red Bull Racing,0 days 00:49:57.847000,2026-09-25 12:37:11.938,1,,,,False,True,Q
0 days 00:53:44.199000,VER,3,0 days 00:02:01.600000,14.0,2.0,,,0 days 00:00:45.165000,0 days 00:00:47.263000,0 days 00:00:29.172000,0 days 00:52:27.764000,0 days 00:53:15.027000,0 days 00:53:44.199000,134.0,200.0,301.0,281.0,False,SOFT,6.0,True,Red Bull Racing,0 days 00:51:42.599000,2026-09-25 12:38:56.690,1,,,,False,True,Q
0 days 00:55:27.905000,VER,3,0 days 00:01:43.706000,15.0,2.0,,,0 days 00:00:36.395000,0 days 00:00:41.845000,0 days 00:00:25.466000,0 days 00:54:20.594000,0 days 00:55:02.439000,0 days 00:55:27.905000,215.0,207.0,302.0,318.0,True,SOFT,7.0,True,Red Bull Racing,0 days 00:53:44.199000,2026-09-25 12:40:58.290,12,,,,False,True,Q
0 days 00:57:41.045000,VER,3,0 days 00:02:13.140000,16.0,2.0,,0 days 00:57:39.786000,0 days 00:00:46.855000,0 days 00:00:51.991000,0 days 00:00:34.294000,0 days 00:56:14.760000,0 days 00:57:06.751000,0 days 00:57:41.045000,142.0,173.0,,253.0,False,SOFT,8.0,True,Red Bull Racing,0 days 00:55:27.905000,2026-09-25 12:42:41.996,21,,,,False,False,Q
0 days 01:05:50.230000,VER,3,,17.0,3.0,0 days 01:03:53.988000,,,0 days 00:00:46.039000,0 days 00:00:30.678000,,0 days 01:05:19.639000,0 days 01:05:50.459000,191.0,206.0,252.0,250.0,False,SOFT,1.0,True,Red Bull Racing,0 days 00:57:41.045000,2026-09-25 12:44:55.136,12,,,,False,False,Q
0 days 01:07:56.657000,VER,3,0 days 00:02:06.427000,18.0,3.0,,,0 days 00:00:45.938000,0 days 00:00:51.451000,0 days 00:00:29.038000,0 days 01:06:36.168000,0 days 01:07:27.619000,0 days 01:07:56.657000,189.0,202.0,299.0,278.0,True,SOFT,2.0,True,Red Bull Racing,0 days 01:05:50.230000,2026-09-25 12:53:04.321,1,,,,False,True,Q
0 days 01:09:41.144000,VER,3,0 days 00:01:44.487000,19.0,3.0,,,0 days 00:00:36.496000,0 days 00:00:42.225000,0 days 00:00:25.766000,0 days 01:08:33.153000,0 days 01:09:15.378000,0 days 01:09:41.144000,217.0,210.0,299.0,317.0,True,SOFT,3.0,True,Red Bull Racing,0 days 01:07:56.657000,2026-09-25 12:55:10.748,1,,,,False,True,Q
0 days 01:11:54.126000,VER,3,0 days 00:02:12.982000,20.0,3.0,,,0 days 00:00:43.006000,0 days 00:00:53.309000,0 days 00:00:36.667000,0 days 01:10:24.150000,0 days 01:11:17.459000,0 days 01:11:54.126000,180.0,158.0,277.0,217.0,False,SOFT,4.0,True,Red Bull Racing,0 days 01:09:41.144000,2026-09-25 12:56:55.235,1,,,,False,True,Q
0 days 01:13:59.366000,VER,3,0 days 00:02:05.240000,21.0,3.0,,,0 days 00:00:46.671000,0 days 00:00:47.598000,0 days 00:00:30.971000,0 days 01:12:40.797000,0 days 01:13:28.395000,0 days 01:13:59.366000,173.0,202.0,248.0,250.0,False,SOFT,5.0,True,Red Bull Racing,0 days 01:11:54.126000,2026-09-25 12:59:08.217,12,,,,False,True,Q
0 days 01:16:00.583000,VER,3,0 days 00:02:01.217000,22.0,3.0,,,0 days 00:00:43.192000,0 days 00:00:48.914000,0 days 00:00:29.111000,0 days 01:14:42.558000,0 days 01:15:31.472000,0 days 01:16:00.583000,184.0,180.0,303.0,280.0,False,SOFT,6.0,True,Red Bull Racing,0 days 01:13:59.366000,2026-09-25 13:01:13.457,1,,,,False,True,Q
0 days 01:17:44.664000,VER,3,0 days 00:01:44.081000,23.0,3.0,,,0 days 00:00:36.427000,0 days 00:00:42.047000,0 days 00:00:25.607000,0 days 01:16:37.010000,0 days 01:17:19.057000,0 days 01:17:44.664000,214.0,208.0,299.0,315.0,True,SOFT,7.0,True,Red Bull Racing,0 days 01:16:00.583000,2026-09-25 13:03:14.674,12,,,,False,True,Q
0 days 01:20:02.715000,VER,3,,24.0,3.0,,0 days 01:20:02.715000,0 days 00:00:43.826000,0 days 00:00:50.787000,,0 days 01:18:28.471000,0 days 01:19:19.301000,,165.0,139.0,,228.0,False,SOFT,8.0,True,Red Bull Racing,0 days 01:17:44.664000,2026-09-25 13:04:58.755,1,,,,False,False,Q
0 days 00:20:22.969000,SAI,55,,1.0,1.0,0 days 00:18:04.959000,,,0 days 00:00:48.812000,0 days 00:00:29.932000,,0 days 00:19:53.160000,0 days 00:20:23.148000,170.0,173.0,303.0,260.0,False,SOFT,1.0,True,Williams,0 days 00:18:04.959000,2026-09-25 12:05:19.050,12,,,,False,False,Q
0 days 00:22:23.782000,SAI,55,0 days 00:02:00.813000,2.0,1.0,,,0 days 00:00:38.394000,0 days 00:00:53.068000,0 days 00:00:29.351000,0 days 00:21:01.363000,0 days 00:21:54.431000,0 days 00:22:23.782000,189.0,167.0,311.0,271.0,True,SOFT,2.0,True,Williams,0 days 00:20:22.969000,2026-09-25 12:07:37.060,21,,,,False,True,Q
0 days 00:24:09.685000,SAI,55,0 days 00:01:45.903000,3.0,1.0,,,0 days 00:00:37.246000,0 days 00:00:43.230000,0 days 00:00:25.427000,0 days 00:23:01.028000,0 days 00:23:44.258000,0 days 00:24:09.685000,200.0,199.0,311.0,323.0,True,SOFT,3.0,True,Williams,0 days 00:22:23.782000,2026-09-25 12:09:37.873,1,,,,False,True,Q
0 days 00:26:22.397000,SAI,55,0 days 00:02:12.712000,4.0,1.0,,0 days 00:26:21.103000,0 days 00:00:47.570000,0 days 00:00:49.148000,0 days 00:00:35.994000,0 days 00:24:57.255000,0 days 00:25:46.403000,0 days 00:26:22.397000,106.0,169.0,,246.0,False,SOFT,4.0,True,Williams,0 days 00:24:09.685000,2026-09-25 12:11:23.776,1,,,,False,False,Q
0 days 00:29:02.121000,SAI,55,,5.0,2.0,0 days 00:26:47.869000,,0 days 00:01:11.226000,0 days 00:00:58.985000,0 days 00:00:29.504000,0 days 00:27:33.727000,0 days 00:28:32.685000,0 days 00:29:02.333000,177.0,145.0,308.0,265.0,False,SOFT,1.0,True,Williams,0 days 00:26:22.397000,2026-09-25 12:13:36.488,12,,,,False,False,Q
0 days 00:30:50.175000,SAI,55,0 days 00:01:48.054000,6.0,2.0,,,0 days 00:00:38.335000,0 days 00:00:44.036000,0 days 00:00:25.683000,0 days 00:29:40.456000,0 days 00:30:24.492000,0 days 00:30:50.175000,196.0,201.0,308.0,318.0,False,SOFT,2.0,True,Williams,0 days 00:29:02.121000,2026-09-25 12:16:16.212,1,,,,False,True,Q
0 days 00:32:52.736000,SAI,55,0 days 00:02:02.561000,7.0,2.0,,,0 days 00:00:43.981000,0 days 00:00:49.789000,0 days 00:00:28.791000,0 days 00:31:34.156000,0 days 00:32:23.945000,0 days 00:32:52.736000,167.0,187.0,310.0,284.0,False,SOFT,3.0,True,Williams,0 days 00:30:50.175000,2026-09-25 12:18:04.266,1,,,,False,True,Q
0 days 00:34:37.840000,SAI,55,0 days 00:01:45.104000,8.0,2.0,,,0 days 00:00:37.073000,0 days 00:00:42.807000,0 days 00:00:25.224000,0 days 00:33:29.809000,0 days 00:34:12.616000,0 days 00:34:37.840000,207.0,195.0,310.0,324.0,True,SOFT,4.0,True,Williams,0 days 00:32:52.736000,2026-09-25 12:20:06.827,12,,,,False,True,Q
0 days 00:36:51.084000,SAI,55,0 days 00:02:13.244000,9.0,2.0,,0 days 00:36:49.729000,0 days 00:00:47.235000,0 days 00:00:50.181000,0 days 00:00:35.828000,0 days 00:35:25.075000,0 days 00:36:15.256000,0 days 00:36:51.084000,159.0,176.0,,244.0,False,SOFT,5.0,True,Williams,0 days 00:34:37.840000,2026-09-25 12:21:51.931,21,,,,False,False,Q
0 days 00:43:50.850000,SAI,55,,10.0,3.0,0 days 00:41:48.832000,,,0 days 00:00:48.632000,0 days 00:00:29.722000,,0 days 00:43:21.152000,0 days 00:43:50.926000,169.0,171.0,307.0,261.0,False,SOFT,1.0,True,Williams,0 days 00:36:51.084000,2026-09-25 12:24:05.175,12,,,,False,False,Q
0 days 00:45:45.453000,SAI,55,0 days 00:01:54.603000,11.0,3.0,,,0 days 00:00:38.144000,0 days 00:00:47.160000,0 days 00:00:29.299000,0 days 00:44:28.994000,0 days 00:45:16.154000,0 days 00:45:45.453000,194.0,184.0,308.0,275.0,True,SOFT,2.0,True,Williams,0 days 00:43:50.850000,2026-09-25 12:31:04.941,1,,,,False,True,Q
0 days 00:47:30.302000,SAI,55,0 days 00:01:44.849000,12.0,3.0,,,0 days 00:00:36.861000,0 days 00:00:42.650000,0 days 00:00:25.338000,0 days 00:46:22.314000,0 days 00:47:04.964000,0 days 00:47:30.302000,214.0,203.0,308.0,322.0,True,SOFT,3.0,True,Williams,0 days 00:45:45.453000,2026-09-25 12:32:59.544,1,,,,False,True,Q
0 days 00:49:40.443000,SAI,55,0 days 00:02:10.141000,13.0,3.0,,0 days 00:49:38.131000,0 days 00:00:43.748000,0 days 00:00:49.480000,0 days 00:00:36.913000,0 days 00:48:14.050000,0 days 00:49:03.530000,0 days 00:49:40.443000,180.0,171.0,,276.0,False,SOFT,4.0,True,Williams,0 days 00:47:30.302000,2026-09-25 12:34:44.393,1,,,,False,False,Q
0 days 00:53:19.329000,SAI,55,,14.0,4.0,0 days 00:51:17.502000,,,0 days 00:00:49.426000,0 days 00:00:29.852000,,0 days 00:52:49.603000,0 days 00:53:19.616000,178.0,166.0,301.0,265.0,False,SOFT,1.0,True,Williams,0 days 00:49:40.443000,2026-09-25 12:36:54.534,1,,,,False,False,Q
0 days 00:55:18.750000,SAI,55,0 days 00:01:59.421000,15.0,4.0,,,0 days 00:00:37.858000,0 days 00:00:52.243000,0 days 00:00:29.320000,0 days 00:53:57.187000,0 days 00:54:49.430000,0 days 00:55:18.750000,193.0,170.0,308.0,275.0,False,SOFT,2.0,True,Williams,0 days 00:53:19.329000,2026-09-25 12:40:33.420,1,,,,False,True,Q
0 days 00:57:03.379000,SAI,55,0 days 00:01:44.629000,16.0,4.0,,,0 days 00:00:36.658000,0 days 00:00:42.853000,0 days 00:00:25.118000,0 days 00:55:55.408000,0 days 00:56:38.261000,0 days 00:57:03.379000,205.0,200.0,310.0,324.0,True,SOFT,3.0,True,Williams,0 days 00:55:18.750000,2026-09-25 12:42:32.841,12,,,,False,True,Q
0 days 00:59:15.780000,SAI,55,0 days 00:02:12.401000,17.0,4.0,,0 days 00:59:14.459000,0 days 00:00:45.309000,0 days 00:00:50.843000,0 days 00:00:36.249000,0 days 00:57:48.688000,0 days 00:58:39.531000,0 days 00:59:15.780000,169.0,155.0,,242.0,False,SOFT,4.0,True,Williams,0 days 00:57:03.379000,2026-09-25 12:44:17.470,1,,,,False,False,Q
0 days 01:05:56.063000,SAI,55,,18.0,5.0,0 days 01:03:57.219000,,,0 days 00:00:47.645000,0 days 00:00:29.817000,,0 days 01:05:26.303000,0 days 01:05:56.105000,184.0,183.0,290.0,267.0,False,SOFT,5.0,False,Williams,0 days 00:59:15.780000,2026-09-25 12:46:29.871,12,,,,False,False,Q
0 days 01:07:51.475000,SAI,55,0 days 00:01:55.412000,19.0,5.0,,,0 days 00:00:38.947000,0 days 00:00:47.006000,0 days 00:00:29.459000,0 days 01:06:35.010000,0 days 01:07:22.016000,0 days 01:07:51.475000,181.0,178.0,308.0,272.0,True,SOFT,6.0,False,Williams,0 days 01:05:56.063000,2026-09-25 12:53:10.154,1,,,,False,True,Q
0 days 01:09:36.566000,SAI,55,0 days 00:01:45.091000,20.0,5.0,,,0 days 00:00:36.983000,0 days 00:00:42.786000,0 days 00:00:25.322000,0 days 01:08:28.458000,0 days 01:09:11.244000,0 days 01:09:36.566000,202.0,207.0,308.0,322.0,True,SOFT,7.0,False,Williams,0 days 01:07:51.475000,2026-09-25 12:55:05.566,1,,,,False,True,Q
0 days 01:11:44.984000,SAI,55,0 days 00:02:08.418000,21.0,5.0,,0 days 01:11:43.636000,0 days 00:00:45.833000,0 days 00:00:48.168000,0 days 00:00:34.417000,0 days 01:10:22.399000,0 days 01:11:10.567000,0 days 01:11:44.984000,172.0,189.0,,268.0,False,SOFT,8.0,False,Williams,0 days 01:09:36.566000,2026-09-25 12:56:50.657,1,,,,False,False,Q
0 days 01:14:09.671000,SAI,55,0 days 00:02:24.687000,22.0,6.0,0 days 01:12:06.344000,,0 days 00:01:02.258000,0 days 00:00:52.329000,0 days 00:00:30.100000,0 days 01:12:47.242000,0 days 01:13:39.571000,0 days 01:14:09.671000,169.0,157.0,299.0,259.0,False,SOFT,1.0,True,Williams,0 days 01:11:44.984000,2026-09-25 12:58:59.075,12,,,,False,False,Q
0 days 01:16:10.439000,SAI,55,0 days 00:02:00.768000,23.0,6.0,,,0 days 00:00:37.838000,0 days 00:00:53.962000,0 days 00:00:28.968000,0 days 01:14:47.509000,0 days 01:15:41.471000,0 days 01:16:10.439000,188.0,181.0,310.0,276.0,False,SOFT,2.0,True,Williams,0 days 01:14:09.671000,2026-09-25 13:01:23.762,1,,,,False,True,Q
0 days 01:17:55.005000,SAI,55,0 days 00:01:44.566000,24.0,6.0,,,0 days 00:00:36.777000,0 days 00:00:42.590000,0 days 00:00:25.199000,0 days 01:16:47.216000,0 days 01:17:29.806000,0 days 01:17:55.005000,204.0,208.0,308.0,323.0,True,SOFT,3.0,True,Williams,0 days 01:16:10.439000,2026-09-25 13:03:24.530,12,,,,False,True,Q
0 days 01:20:23.314000,SAI,55,,25.0,6.0,,0 days 01:20:23.314000,0 days 00:00:48.169000,0 days 00:00:53.046000,,0 days 01:18:43.310000,0 days 01:19:36.360000,,147.0,151.0,,168.0,False,SOFT,4.0,True,Williams,0 days 01:17:55.005000,2026-09-25 13:05:09.096,1,,,,False,False,Q
0 days 00:18:54.818000,COL,43,,1.0,1.0,0 days 00:16:54.524000,,,0 days 00:00:48.912000,0 days 00:00:29.413000,,0 days 00:18:25.516000,0 days 00:18:54.982000,181.0,180.0,292.0,276.0,False,SOFT,1.0,True,Alpine,0 days 00:16:54.524000,2026-09-25 12:04:08.615,1,,,,False,False,Q
0 days 00:20:54.310000,COL,43,0 days 00:01:59.492000,2.0,1.0,,,0 days 00:00:41.057000,0 days 00:00:47.980000,0 days 00:00:30.455000,0 days 00:19:35.875000,0 days 00:20:23.855000,0 days 00:20:54.310000,176.0,161.0,314.0,284.0,True,SOFT,2.0,True,Alpine,0 days 00:18:54.818000,2026-09-25 12:06:08.909,12,,,,False,True,Q
0 days 00:22:40.078000,COL,43,0 days 00:01:45.768000,3.0,1.0,,,0 days 00:00:37.555000,0 days 00:00:43.149000,0 days 00:00:25.064000,0 days 00:21:31.865000,0 days 00:22:15.014000,0 days 00:22:40.078000,206.0,201.0,325.0,327.0,True,SOFT,3.0,True,Alpine,0 days 00:20:54.310000,2026-09-25 12:08:08.401,1,,,,False,True,Q
0 days 00:25:05.475000,COL,43,0 days 00:02:25.397000,4.0,1.0,,0 days 00:25:03.104000,0 days 00:00:50.622000,0 days 00:00:55.490000,0 days 00:00:39.285000,0 days 00:23:30.700000,0 days 00:24:26.190000,0 days 00:25:05.475000,154.0,189.0,,246.0,False,SOFT,4.0,True,Alpine,0 days 00:22:40.078000,2026-09-25 12:09:54.169,1,,,,False,False,Q
0 days 00:28:12.373000,COL,43,,5.0,2.0,0 days 00:26:05.549000,,,0 days 00:00:48.027000,0 days 00:00:29.236000,,0 days 00:27:43.232000,0 days 00:28:12.561000,186.0,183.0,295.0,280.0,False,SOFT,1.0,True,Alpine,0 days 00:25:05.475000,2026-09-25 12:12:19.566,12,,,,False,False,Q
0 days 00:30:07.763000,COL,43,0 days 00:01:55.390000,6.0,2.0,,,0 days 00:00:39.670000,0 days 00:00:47.019000,0 days 00:00:28.701000,0 days 00:28:52.043000,0 days 00:29:39.062000,0 days 00:30:07.763000,173.0,191.0,317.0,289.0,False,SOFT,2.0,True,Alpine,0 days 00:28:12.373000,2026-09-25 12:15:26.464,1,,,,False,True,Q
0 days 00:31:52.869000,COL,43,0 days 00:01:45.106000,7.0,2.0,,,0 days 00:00:37.448000,0 days 00:00:42.612000,0 days 00:00:25.046000,0 days 00:30:45.211000,0 days 00:31:27.823000,0 days 00:31:52.869000,205.0,207.0,321.0,321.0,True,SOFT,3.0,True,Alpine,0 days 00:30:07.763000,2026-09-25 12:17:21.854,1,,,,False,True,Q
0 days 00:34:05.654000,COL,43,0 days 00:02:12.785000,8.0,2.0,,,0 days 00:00:49.208000,0 days 00:00:55.010000,0 days 00:00:28.567000,0 days 00:32:42.077000,0 days 00:33:37.087000,0 days 00:34:05.654000,159.0,175.0,316.0,288.0,False,SOFT,4.0,True,Alpine,0 days 00:31:52.869000,2026-09-25 12:19:06.960,1,,,,False,True,Q
0 days 00:36:03.493000,COL,43,0 days 00:01:57.839000,9.0,2.0,,0 days 00:36:02.128000,0 days 00:00:37.685000,0 days 00:00:44.560000,0 days 00:00:35.594000,0 days 00:34:43.339000,0 days 00:35:27.899000,0 days 00:36:03.493000,191.0,175.0,,285.0,False,SOFT,5.0,True,Alpine,0 days 00:34:05.654000,2026-09-25 12:21:19.745,12,,,,False,False,Q
0 days 00:49:45.871000,COL,43,,10.0,3.0,0 days 00:47:45.641000,,,0 days 00:00:48.412000,0 days 00:00:29.575000,,0 days 00:49:16.308000,0 days 00:49:45.871000,179.0,181.0,272.0,281.0,False,SOFT,1.0,True,Alpine,0 days 00:36:03.493000,2026-09-25 12:23:17.584,12,,,,False,False,Q
0 days 00:51:46.466000,COL,43,0 days 00:02:00.595000,11.0,3.0,,,0 days 00:00:40.943000,0 days 00:00:51.415000,0 days 00:00:28.237000,0 days 00:50:26.814000,0 days 00:51:18.229000,0 days 00:51:46.466000,175.0,178.0,325.0,295.0,True,SOFT,2.0,True,Alpine,0 days 00:49:45.871000,2026-09-25 12:36:59.962,1,,,,False,True,Q
0 days 00:53:31.335000,COL,43,0 days 00:01:44.869000,12.0,3.0,,,0 days 00:00:37.025000,0 days 00:00:42.458000,0 days 00:00:25.386000,0 days 00:52:23.491000,0 days 00:53:05.949000,0 days 00:53:31.335000,209.0,200.0,306.0,316.0,True,SOFT,3.0,True,Alpine,0 days 00:51:46.466000,2026-09-25 12:39:00.557,1,,,,False,True,Q
0 days 00:55:58.614000,COL,43,0 days 00:02:27.279000,13.0,3.0,,,0 days 00:01:00.668000,0 days 00:00:56.834000,0 days 00:00:29.777000,0 days 00:54:32.003000,0 days 00:55:28.837000,0 days 00:55:58.614000,143.0,167.0,316.0,288.0,False,SOFT,4.0,True,Alpine,0 days 00:53:31.335000,2026-09-25 12:40:45.426,12,,,,False,True,Q
0 days 00:57:43.297000,COL,43,0 days 00:01:44.683000,14.0,3.0,,,0 days 00:00:36.957000,0 days 00:00:42.323000,0 days 00:00:25.403000,0 days 00:56:35.571000,0 days 00:57:17.894000,0 days 00:57:43.297000,220.0,201.0,305.0,314.0,True,SOFT,5.0,True,Alpine,0 days 00:55:58.614000,2026-09-25 12:43:12.705,12,,,,False,True,Q
0 days 01:00:07.264000,COL,43,0 days 00:02:23.967000,15.0,3.0,,0 days 01:00:06.046000,0 days 00:00:48.128000,0 days 00:00:55.880000,0 days 00:00:39.959000,0 days 00:58:31.425000,0 days 00:59:27.305000,0 days 01:00:07.264000,152.0,120.0,,236.0,False,SOFT,6.0,True,Alpine,0 days 00:57:43.297000,2026-09-25 12:44:57.388,1,,,,False,False,Q
0 days 01:10:02.889000,COL,43,,16.0,4.0,0 days 01:08:02.299000,,,0 days 00:00:49.094000,0 days 00:00:28.948000,,0 days 01:09:34.036000,0 days 01:10:02.889000,171.0,187.0,294.0,283.0,False,SOFT,1.0,True,Alpine,0 days 01:00:07.264000,2026-09-25 12:47:21.355,12,,,,False,False,Q
0 days 01:12:00.619000,COL,43,0 days 00:01:57.730000,17.0,4.0,,,0 days 00:00:40.989000,0 days 00:00:48.066000,0 days 00:00:28.675000,0 days 01:10:43.878000,0 days 01:11:31.944000,0 days 01:12:00.619000,175.0,186.0,315.0,288.0,True,SOFT,2.0,True,Alpine,0 days 01:10:02.889000,2026-09-25 12:57:16.980,1,,,,False,True,Q
0 days 01:14:25.487000,COL,43,0 days 00:02:24.868000,18.0,4.0,,,0 days 00:00:37.021000,0 days 00:01:18.002000,0 days 00:00:29.845000,0 days 01:12:37.640000,0 days 01:13:55.642000,0 days 01:14:25.487000,207.0,155.0,293.0,282.0,False,SOFT,3.0,True,Alpine,0 days 01:12:00.619000,2026-09-25 12:59:14.710,12,,,,False,True,Q
0 days 01:16:37.423000,COL,43,0 days 00:02:11.936000,19.0,4.0,,,0 days 00:00:49.865000,0 days 00:00:53.125000,0 days 00:00:28.946000,0 days 01:15:15.352000,0 days 01:16:08.477000,0 days 01:16:37.423000,155.0,189.0,311.0,283.0,False,SOFT,4.0,True,Alpine,0 days 01:14:25.487000,2026-09-25 13:01:39.578,12,,,,False,True,Q
0 days 01:18:22.386000,COL,43,0 days 00:01:44.963000,20.0,4.0,,,0 days 00:00:37.084000,0 days 00:00:42.517000,0 days 00:00:25.362000,0 days 01:17:14.507000,0 days 01:17:57.024000,0 days 01:18:22.386000,215.0,205.0,305.0,316.0,True,SOFT,5.0,True,Alpine,0 days 01:16:37.423000,2026-09-25 13:03:51.514,1,,,,False,True,Q
0 days 01:20:49.214000,COL,43,,21.0,4.0,,0 days 01:20:49.214000,0 days 00:00:49.210000,0 days 00:00:54.409000,,0 days 01:19:11.795000,0 days 01:20:06.213000,,139.0,166.0,,195.0,False,SOFT,6.0,True,Alpine,0 days 01:18:22.386000,2026-09-25 13:05:36.477,1,,,,False,False,Q
0 days 00:19:12.496000,BEA,87,,1.0,1.0,0 days 00:17:03.195000,,,0 days 00:00:48.586000,0 days 00:00:30.750000,,0 days 00:18:41.885000,0 days 00:19:12.666000,160.0,168.0,286.0,256.0,False,SOFT,1.0,True,Haas F1 Team,0 days 00:17:03.195000,2026-09-25 12:04:17.286,1,,,,False,False,Q
0 days 00:21:12.832000,BEA,87,0 days 00:02:00.336000,2.0,1.0,,,0 days 00:00:41.863000,0 days 00:00:48.827000,0 days 00:00:29.646000,0 days 00:19:54.359000,0 days 00:20:43.186000,0 days 00:21:12.832000,163.0,155.0,300.0,278.0,True,SOFT,2.0,True,Haas F1 Team,0 days 00:19:12.496000,2026-09-25 12:06:26.587,12,,,,False,True,Q
0 days 00:22:59.389000,BEA,87,0 days 00:01:46.557000,3.0,1.0,,,0 days 00:00:37.982000,0 days 00:00:43.080000,0 days 00:00:25.495000,0 days 00:21:50.814000,0 days 00:22:33.894000,0 days 00:22:59.389000,195.0,205.0,315.0,322.0,True,SOFT,3.0,True,Haas F1 Team,0 days 00:21:12.832000,2026-09-25 12:08:26.923,1,,,,False,True,Q
0 days 00:25:10.457000,BEA,87,0 days 00:02:11.068000,4.0,1.0,,,0 days 00:00:49.295000,0 days 00:00:52.730000,0 days 00:00:29.043000,0 days 00:23:48.684000,0 days 00:24:41.414000,0 days 00:25:10.457000,163.0,176.0,303.0,283.0,False,SOFT,4.0,True,Haas F1 Team,0 days 00:22:59.389000,2026-09-25 12:10:13.480,1,,,,False,True,Q
0 days 00:26:56.603000,BEA,87,0 days 00:01:46.146000,5.0,1.0,,,0 days 00:00:37.520000,0 days 00:00:42.707000,0 days 00:00:25.919000,0 days 00:25:47.977000,0 days 00:26:30.684000,0 days 00:26:56.603000,206.0,214.0,305.0,320.0,True,SOFT,5.0,True,Haas F1 Team,0 days 00:25:10.457000,2026-09-25 12:12:24.548,1,,,,False,True,Q
0 days 00:29:07.178000,BEA,87,0 days 00:02:10.575000,6.0,1.0,,,0 days 00:00:48.044000,0 days 00:00:53.581000,0 days 00:00:28.950000,0 days 00:27:44.647000,0 days 00:28:38.228000,0 days 00:29:07.178000,148.0,187.0,303.0,280.0,False,SOFT,6.0,True,Haas F1 Team,0 days 00:26:56.603000,2026-09-25 12:14:10.694,12,,,,False,True,Q
0 days 00:30:53.464000,BEA,87,0 days 00:01:46.286000,7.0,1.0,,,0 days 00:00:37.215000,0 days 00:00:43.391000,0 days 00:00:25.680000,0 days 00:29:44.393000,0 days 00:30:27.784000,0 days 00:30:53.464000,208.0,206.0,303.0,320.0,False,SOFT,7.0,True,Haas F1 Team,0 days 00:29:07.178000,2026-09-25 12:16:21.269,1,,,,False,True,Q
0 days 00:32:56.181000,BEA,87,0 days 00:02:02.717000,8.0,1.0,,,0 days 00:00:45.713000,0 days 00:00:48.032000,0 days 00:00:28.972000,0 days 00:31:39.177000,0 days 00:32:27.209000,0 days 00:32:56.181000,166.0,187.0,304.0,283.0,False,SOFT,8.0,True,Haas F1 Team,0 days 00:30:53.464000,2026-09-25 12:18:07.555,1,,,,False,True,Q
0 days 00:34:41.409000,BEA,87,0 days 00:01:45.228000,9.0,1.0,,,0 days 00:00:37.091000,0 days 00:00:42.713000,0 days 00:00:25.424000,0 days 00:33:33.272000,0 days 00:34:15.985000,0 days 00:34:41.409000,207.0,210.0,304.0,318.0,True,SOFT,9.0,True,Haas F1 Team,0 days 00:32:56.181000,2026-09-25 12:20:10.272,12,,,,False,True,Q
0 days 00:36:47.221000,BEA,87,0 days 00:02:05.812000,10.0,1.0,,0 days 00:36:45.883000,0 days 00:00:42.167000,0 days 00:00:48.866000,0 days 00:00:34.779000,0 days 00:35:23.576000,0 days 00:36:12.442000,0 days 00:36:47.221000,170.0,168.0,,277.0,False,SOFT,10.0,True,Haas F1 Team,0 days 00:34:41.409000,2026-09-25 12:21:55.500,21,,,,False,False,Q
0 days 00:44:27.098000,BEA,87,,11.0,2.0,0 days 00:42:17.715000,,,0 days 00:00:47.752000,0 days 00:00:29.364000,,0 days 00:43:57.997000,0 days 00:44:27.132000,168.0,179.0,298.0,273.0,False,SOFT,1.0,True,Haas F1 Team,0 days 00:36:47.221000,2026-09-25 12:24:01.312,12,,,,False,False,Q
0 days 00:46:22.841000,BEA,87,0 days 00:01:55.743000,12.0,2.0,,,0 days 00:00:39.974000,0 days 00:00:47.056000,0 days 00:00:28.713000,0 days 00:45:07.072000,0 days 00:45:54.128000,0 days 00:46:22.841000,168.0,199.0,302.0,284.0,True,SOFT,2.0,True,Haas F1 Team,0 days 00:44:27.098000,2026-09-25 12:31:41.189,1,,,,False,True,Q
0 days 00:48:08.245000,BEA,87,0 days 00:01:45.404000,13.0,2.0,,,0 days 00:00:37.073000,0 days 00:00:42.795000,0 days 00:00:25.536000,0 days 00:46:59.914000,0 days 00:47:42.709000,0 days 00:48:08.245000,203.0,211.0,304.0,321.0,True,SOFT,3.0,True,Haas F1 Team,0 days 00:46:22.841000,2026-09-25 12:33:36.932,1,,,,False,True,Q
0 days 00:50:16.058000,BEA,87,0 days 00:02:07.813000,14.0,2.0,,,0 days 00:00:48.818000,0 days 00:00:49.892000,0 days 00:00:29.103000,0 days 00:48:57.063000,0 days 00:49:46.955000,0 days 00:50:16.058000,158.0,188.0,302.0,282.0,False,SOFT,4.0,True,Haas F1 Team,0 days 00:48:08.245000,2026-09-25 12:35:22.336,1,,,,False,True,Q
0 days 00:52:00.833000,BEA,87,0 days 00:01:44.775000,15.0,2.0,,,0 days 00:00:36.839000,0 days 00:00:42.345000,0 days 00:00:25.591000,0 days 00:50:52.897000,0 days 00:51:35.242000,0 days 00:52:00.833000,204.0,216.0,303.0,319.0,True,SOFT,5.0,True,Haas F1 Team,0 days 00:50:16.058000,2026-09-25 12:37:30.149,1,,,,False,True,Q
0 days 00:54:13.366000,BEA,87,0 days 00:02:12.533000,16.0,2.0,,,0 days 00:00:51.311000,0 days 00:00:51.998000,0 days 00:00:29.224000,0 days 00:52:52.144000,0 days 00:53:44.142000,0 days 00:54:13.366000,124.0,144.0,303.0,285.0,False,SOFT,6.0,True,Haas F1 Team,0 days 00:52:00.833000,2026-09-25 12:39:14.924,1,,,,False,True,Q
0 days 00:56:16.107000,BEA,87,0 days 00:02:02.741000,17.0,2.0,,0 days 00:56:12.837000,0 days 00:00:36.800000,0 days 00:00:45.658000,0 days 00:00:40.283000,0 days 00:54:50.166000,0 days 00:55:35.824000,0 days 00:56:16.107000,209.0,111.0,,270.0,False,SOFT,7.0,True,Haas F1 Team,0 days 00:54:13.366000,2026-09-25 12:41:27.457,12,,,,False,False,Q
0 days 00:19:39.048000,LAW,30,,1.0,1.0,0 days 00:17:29.706000,,,0 days 00:00:50.051000,0 days 00:00:28.605000,,0 days 00:19:10.536000,0 days 00:19:39.605000,159.0,170.0,288.0,271.0,False,SOFT,1.0,True,Racing Bulls,0 days 00:17:29.706000,2026-09-25 12:04:43.797,1,,,,False,False,Q
0 days 00:21:39.255000,LAW,30,0 days 00:02:00.207000,2.0,1.0,,,0 days 00:00:42.064000,0 days 00:00:49.403000,0 days 00:00:28.740000,0 days 00:20:21.112000,0 days 00:21:10.515000,0 days 00:21:39.255000,175.0,193.0,309.0,281.0,True,SOFT,2.0,True,Racing Bulls,0 days 00:19:39.048000,2026-09-25 12:06:53.139,12,,,,False,True,Q
0 days 00:23:25.396000,LAW,30,0 days 00:01:46.141000,3.0,1.0,,,0 days 00:00:37.525000,0 days 00:00:42.948000,0 days 00:00:25.668000,0 days 00:22:16.780000,0 days 00:22:59.728000,0 days 00:23:25.396000,202.0,198.0,304.0,319.0,True,SOFT,3.0,True,Racing Bulls,0 days 00:21:39.255000,2026-09-25 12:08:53.346,1,,,,False,True,Q
0 days 00:25:30.681000,LAW,30,0 days 00:02:05.285000,4.0,1.0,,,0 days 00:00:44.291000,0 days 00:00:51.557000,0 days 00:00:29.437000,0 days 00:24:09.687000,0 days 00:25:01.244000,0 days 00:25:30.681000,161.0,137.0,309.0,281.0,False,SOFT,4.0,True,Racing Bulls,0 days 00:23:25.396000,2026-09-25 12:10:39.487,1,,,,False,True,Q
0 days 00:27:16.378000,LAW,30,0 days 00:01:45.697000,5.0,1.0,,,0 days 00:00:37.380000,0 days 00:00:42.917000,0 days 00:00:25.400000,0 days 00:26:08.061000,0 days 00:26:50.978000,0 days 00:27:16.378000,201.0,204.0,307.0,323.0,True,SOFT,5.0,True,Racing Bulls,0 days 00:25:30.681000,2026-09-25 12:12:44.772,1,,,,False,True,Q
0 days 00:29:34.677000,LAW,30,0 days 00:02:18.299000,6.0,1.0,,0 days 00:29:33.506000,0 days 00:00:45.401000,0 days 00:00:57.779000,0 days 00:00:35.119000,0 days 00:28:01.779000,0 days 00:28:59.558000,0 days 00:29:34.677000,150.0,160.0,,281.0,False,SOFT,6.0,True,Racing Bulls,0 days 00:27:16.378000,2026-09-25 12:14:30.469,12,,,,False,False,Q
0 days 00:31:59.661000,LAW,30,0 days 00:02:24.984000,7.0,2.0,0 days 00:29:58.263000,,0 days 00:01:06.437000,0 days 00:00:50.830000,0 days 00:00:27.717000,0 days 00:30:41.114000,0 days 00:31:31.944000,0 days 00:31:59.661000,162.0,176.0,298.0,285.0,False,SOFT,1.0,True,Racing Bulls,0 days 00:29:34.677000,2026-09-25 12:16:48.768,1,,,,False,False,Q
0 days 00:34:10.334000,LAW,30,0 days 00:02:10.673000,8.0,2.0,,,0 days 00:00:43.952000,0 days 00:00:56.878000,0 days 00:00:29.843000,0 days 00:32:43.613000,0 days 00:33:40.491000,0 days 00:34:10.334000,164.0,165.0,308.0,277.0,False,SOFT,2.0,True,Racing Bulls,0 days 00:31:59.661000,2026-09-25 12:19:13.752,1,,,,False,True,Q
0 days 00:35:55.869000,LAW,30,0 days 00:01:45.535000,9.0,2.0,,,0 days 00:00:37.515000,0 days 00:00:42.557000,0 days 00:00:25.463000,0 days 00:34:47.849000,0 days 00:35:30.406000,0 days 00:35:55.869000,204.0,204.0,303.0,320.0,True,SOFT,3.0,True,Racing Bulls,0 days 00:34:10.334000,2026-09-25 12:21:24.425,12,,,,False,True,Q
0 days 00:38:17.032000,LAW,30,0 days 00:02:21.163000,10.0,2.0,,0 days 00:38:15.828000,0 days 00:00:50.281000,0 days 00:00:52.180000,0 days 00:00:38.702000,0 days 00:36:46.150000,0 days 00:37:38.330000,0 days 00:38:17.032000,160.0,164.0,,252.0,False,SOFT,4.0,True,Racing Bulls,0 days 00:35:55.869000,2026-09-25 12:23:09.960,12,,,,False,False,Q
0 days 00:44:13.975000,LAW,30,,11.0,3.0,0 days 00:42:10.428000,,,0 days 00:00:47.744000,0 days 00:00:27.570000,,0 days 00:43:46.503000,0 days 00:44:14.052000,161.0,181.0,295.0,284.0,False,SOFT,1.0,True,Racing Bulls,0 days 00:38:17.032000,2026-09-25 12:25:31.123,21,,,,False,False,Q
0 days 00:46:10.416000,LAW,30,0 days 00:01:56.441000,12.0,3.0,,,0 days 00:00:41.337000,0 days 00:00:46.282000,0 days 00:00:28.822000,0 days 00:44:55.312000,0 days 00:45:41.594000,0 days 00:46:10.416000,175.0,187.0,309.0,282.0,True,SOFT,2.0,True,Racing Bulls,0 days 00:44:13.975000,2026-09-25 12:31:28.066,1,,,,False,True,Q
0 days 00:47:55.708000,LAW,30,0 days 00:01:45.292000,13.0,3.0,,,0 days 00:00:37.285000,0 days 00:00:42.489000,0 days 00:00:25.518000,0 days 00:46:47.701000,0 days 00:47:30.190000,0 days 00:47:55.708000,203.0,208.0,304.0,321.0,True,SOFT,3.0,True,Racing Bulls,0 days 00:46:10.416000,2026-09-25 12:33:24.507,1,,,,False,True,Q
0 days 00:50:00.797000,LAW,30,0 days 00:02:05.089000,14.0,3.0,,,0 days 00:00:43.057000,0 days 00:00:50.610000,0 days 00:00:31.422000,0 days 00:48:38.765000,0 days 00:49:29.375000,0 days 00:50:00.797000,166.0,177.0,301.0,247.0,False,SOFT,4.0,True,Racing Bulls,0 days 00:47:55.708000,2026-09-25 12:35:09.799,1,,,,False,True,Q
0 days 00:51:45.887000,LAW,30,0 days 00:01:45.090000,15.0,3.0,,,0 days 00:00:37.084000,0 days 00:00:42.687000,0 days 00:00:25.319000,0 days 00:50:37.881000,0 days 00:51:20.568000,0 days 00:51:45.887000,206.0,206.0,305.0,326.0,True,SOFT,5.0,True,Racing Bulls,0 days 00:50:00.797000,2026-09-25 12:37:14.888,1,,,,False,True,Q
0 days 00:53:49.194000,LAW,30,0 days 00:02:03.307000,16.0,3.0,,,0 days 00:00:47.599000,0 days 00:00:46.937000,0 days 00:00:28.771000,0 days 00:52:33.486000,0 days 00:53:20.423000,0 days 00:53:49.194000,166.0,185.0,308.0,284.0,False,SOFT,6.0,True,Racing Bulls,0 days 00:51:45.887000,2026-09-25 12:38:59.978,1,,,,False,True,Q
0 days 00:55:34.054000,LAW,30,0 days 00:01:44.860000,17.0,3.0,,,0 days 00:00:36.794000,0 days 00:00:42.508000,0 days 00:00:25.558000,0 days 00:54:25.988000,0 days 00:55:08.496000,0 days 00:55:34.054000,209.0,203.0,304.0,319.0,True,SOFT,7.0,True,Racing Bulls,0 days 00:53:49.194000,2026-09-25 12:41:03.285,12,,,,False,True,Q
0 days 00:57:48.958000,LAW,30,0 days 00:02:14.904000,18.0,3.0,,0 days 00:57:47.212000,0 days 00:00:42.983000,0 days 00:00:52.552000,0 days 00:00:39.369000,0 days 00:56:17.037000,0 days 00:57:09.589000,0 days 00:57:48.958000,171.0,173.0,,281.0,False,SOFT,8.0,True,Racing Bulls,0 days 00:55:34.054000,2026-09-25 12:42:48.145,21,,,,False,False,Q
0 days 00:20:15.991000,ALB,23,,1.0,1.0,0 days 00:17:58.362000,,,0 days 00:00:50.835000,0 days 00:00:29.486000,,0 days 00:19:46.601000,0 days 00:20:16.222000,171.0,175.0,305.0,264.0,False,SOFT,1.0,True,Williams,0 days 00:17:58.362000,2026-09-25 12:05:12.453,1,,,,False,False,Q
0 days 00:22:18.972000,ALB,23,0 days 00:02:02.981000,2.0,1.0,,,0 days 00:00:38.483000,0 days 00:00:54.870000,0 days 00:00:29.628000,0 days 00:20:54.474000,0 days 00:21:49.344000,0 days 00:22:18.972000,196.0,159.0,304.0,266.0,True,SOFT,2.0,True,Williams,0 days 00:20:15.991000,2026-09-25 12:07:30.082,12,,,,False,True,Q
0 days 00:24:06.054000,ALB,23,0 days 00:01:47.082000,3.0,1.0,,,0 days 00:00:37.632000,0 days 00:00:43.243000,0 days 00:00:26.207000,0 days 00:22:56.604000,0 days 00:23:39.847000,0 days 00:24:06.054000,214.0,207.0,308.0,323.0,True,SOFT,3.0,True,Williams,0 days 00:22:18.972000,2026-09-25 12:09:33.063,1,,,,False,True,Q
0 days 00:26:15.818000,ALB,23,0 days 00:02:09.764000,4.0,1.0,,0 days 00:26:13.651000,0 days 00:00:45.404000,0 days 00:00:50.278000,0 days 00:00:34.082000,0 days 00:24:51.458000,0 days 00:25:41.736000,0 days 00:26:15.818000,180.0,158.0,,290.0,False,SOFT,4.0,True,Williams,0 days 00:24:06.054000,2026-09-25 12:11:20.145,1,,,,False,False,Q
0 days 00:29:23.172000,ALB,23,,5.0,2.0,0 days 00:27:11.522000,,0 days 00:01:37.651000,0 days 00:00:57.582000,0 days 00:00:32.134000,0 days 00:27:53.577000,0 days 00:28:51.078000,0 days 00:29:23.422000,164.0,102.0,291.0,258.0,False,SOFT,1.0,True,Williams,0 days 00:26:15.818000,2026-09-25 12:13:29.909,12,,,,False,False,Q
0 days 00:31:09.240000,ALB,23,0 days 00:01:46.068000,6.0,2.0,,,0 days 00:00:37.416000,0 days 00:00:43.143000,0 days 00:00:25.509000,0 days 00:30:00.588000,0 days 00:30:43.731000,0 days 00:31:09.240000,211.0,198.0,306.0,321.0,True,SOFT,2.0,True,Williams,0 days 00:29:23.172000,2026-09-25 12:16:37.263,1,,,,False,True,Q
0 days 00:33:22.883000,ALB,23,0 days 00:02:13.643000,7.0,2.0,,,0 days 00:00:48.065000,0 days 00:00:56.388000,0 days 00:00:29.190000,0 days 00:31:57.305000,0 days 00:32:53.693000,0 days 00:33:22.883000,167.0,175.0,301.0,275.0,False,SOFT,3.0,True,Williams,0 days 00:31:09.240000,2026-09-25 12:18:23.331,1,,,,False,True,Q
0 days 00:35:07.914000,ALB,23,0 days 00:01:45.031000,8.0,2.0,,,0 days 00:00:37.173000,0 days 00:00:42.660000,0 days 00:00:25.198000,0 days 00:34:00.056000,0 days 00:34:42.716000,0 days 00:35:07.914000,210.0,206.0,307.0,325.0,True,SOFT,4.0,True,Williams,0 days 00:33:22.883000,2026-09-25 12:20:36.974,12,,,,False,True,Q
0 days 00:37:16.620000,ALB,23,0 days 00:02:08.706000,9.0,2.0,,0 days 00:37:15.327000,0 days 00:00:45.754000,0 days 00:00:48.122000,0 days 00:00:34.830000,0 days 00:35:53.668000,0 days 00:36:41.790000,0 days 00:37:16.620000,171.0,187.0,,257.0,False,SOFT,5.0,True,Williams,0 days 00:35:07.914000,2026-09-25 12:22:22.005,1,,,,False,False,Q
0 days 00:44:00.316000,ALB,23,,10.0,3.0,0 days 00:41:53.007000,,,0 days 00:00:49.871000,0 days 00:00:29.597000,,0 days 00:43:30.777000,0 days 00:44:00.316000,176.0,175.0,302.0,265.0,False,SOFT,1.0,True,Williams,0 days 00:37:16.620000,2026-09-25 12:24:30.711,12,,,,False,False,Q
0 days 00:45:57.639000,ALB,23,0 days 00:01:57.323000,11.0,3.0,,,0 days 00:00:37.950000,0 days 00:00:49.883000,0 days 00:00:29.490000,0 days 00:44:38.266000,0 days 00:45:28.149000,0 days 00:45:57.639000,178.0,182.0,303.0,265.0,True,SOFT,2.0,True,Williams,0 days 00:44:00.316000,2026-09-25 12:31:14.407,1,,,,False,True,Q
0 days 00:47:42.658000,ALB,23,0 days 00:01:45.019000,12.0,3.0,,,0 days 00:00:37.110000,0 days 00:00:42.740000,0 days 00:00:25.169000,0 days 00:46:34.749000,0 days 00:47:17.489000,0 days 00:47:42.658000,205.0,212.0,310.0,325.0,True,SOFT,3.0,True,Williams,0 days 00:45:57.639000,2026-09-25 12:33:11.730,1,,,,False,True,Q
0 days 00:49:46.999000,ALB,23,0 days 00:02:04.341000,13.0,3.0,,0 days 00:49:45.717000,0 days 00:00:43.534000,0 days 00:00:47.564000,0 days 00:00:33.243000,0 days 00:48:26.192000,0 days 00:49:13.756000,0 days 00:49:46.999000,175.0,185.0,,284.0,False,SOFT,4.0,True,Williams,0 days 00:47:42.658000,2026-09-25 12:34:56.749,1,,,,False,False,Q
0 days 00:53:12.373000,ALB,23,,14.0,4.0,0 days 00:51:13.330000,,,0 days 00:00:50.652000,0 days 00:00:29.485000,,0 days 00:52:43.005000,0 days 00:53:12.500000,172.0,174.0,295.0,268.0,False,SOFT,1.0,True,Williams,0 days 00:49:46.999000,2026-09-25 12:37:01.090,1,,,,False,False,Q
0 days 00:55:09.615000,ALB,23,0 days 00:01:57.242000,15.0,4.0,,,0 days 00:00:39.119000,0 days 00:00:48.585000,0 days 00:00:29.538000,0 days 00:53:51.492000,0 days 00:54:40.077000,0 days 00:55:09.615000,175.0,185.0,303.0,262.0,False,SOFT,2.0,True,Williams,0 days 00:53:12.373000,2026-09-25 12:40:26.464,1,,,,False,True,Q
0 days 00:56:54.616000,ALB,23,0 days 00:01:45.001000,16.0,4.0,,,0 days 00:00:36.887000,0 days 00:00:42.845000,0 days 00:00:25.269000,0 days 00:55:46.502000,0 days 00:56:29.347000,0 days 00:56:54.616000,207.0,206.0,307.0,323.0,True,SOFT,3.0,True,Williams,0 days 00:55:09.615000,2026-09-25 12:42:23.706,12,,,,False,True,Q
0 days 00:59:10.672000,ALB,23,0 days 00:02:16.056000,17.0,4.0,,0 days 00:59:09.275000,0 days 00:00:45.449000,0 days 00:00:55.017000,0 days 00:00:35.590000,0 days 00:57:40.065000,0 days 00:58:35.082000,0 days 00:59:10.672000,160.0,149.0,,283.0,False,SOFT,4.0,True,Williams,0 days 00:56:54.616000,2026-09-25 12:44:08.707,1,,,,False,False,Q
0 days 00:19:17.404000,OCO,31,,1.0,1.0,0 days 00:17:05.024000,,,0 days 00:00:49.453000,0 days 00:00:30.942000,,0 days 00:18:46.583000,0 days 00:19:17.711000,165.0,166.0,262.0,257.0,False,SOFT,1.0,True,Haas F1 Team,0 days 00:17:05.024000,2026-09-25 12:04:19.115,1,,,,False,False,Q
0 days 00:21:22.945000,OCO,31,0 days 00:02:05.541000,2.0,1.0,,,0 days 00:00:40.657000,0 days 00:00:54.012000,0 days 00:00:30.872000,0 days 00:19:58.061000,0 days 00:20:52.073000,0 days 00:21:22.945000,183.0,104.0,304.0,279.0,True,SOFT,2.0,True,Haas F1 Team,0 days 00:19:17.404000,2026-09-25 12:06:31.495,12,,,,False,True,Q
0 days 00:23:09.192000,OCO,31,0 days 00:01:46.247000,3.0,1.0,,,0 days 00:00:37.709000,0 days 00:00:43.426000,0 days 00:00:25.112000,0 days 00:22:00.654000,0 days 00:22:44.080000,0 days 00:23:09.192000,192.0,205.0,325.0,329.0,True,SOFT,3.0,True,Haas F1 Team,0 days 00:21:22.945000,2026-09-25 12:08:37.036,1,,,,False,True,Q
0 days 00:25:14.355000,OCO,31,0 days 00:02:05.163000,4.0,1.0,,,0 days 00:00:43.937000,0 days 00:00:51.945000,0 days 00:00:29.281000,0 days 00:23:53.129000,0 days 00:24:45.074000,0 days 00:25:14.355000,172.0,167.0,305.0,283.0,False,SOFT,4.0,True,Haas F1 Team,0 days 00:23:09.192000,2026-09-25 12:10:23.283,1,,,,False,True,Q
0 days 00:27:00.017000,OCO,31,0 days 00:01:45.662000,5.0,1.0,,,0 days 00:00:37.527000,0 days 00:00:42.883000,0 days 00:00:25.252000,0 days 00:25:51.882000,0 days 00:26:34.765000,0 days 00:27:00.017000,201.0,202.0,314.0,330.0,True,SOFT,5.0,True,Haas F1 Team,0 days 00:25:14.355000,2026-09-25 12:12:28.446,1,,,,False,True,Q
0 days 00:29:11.388000,OCO,31,0 days 00:02:11.371000,6.0,1.0,,,0 days 00:00:46.138000,0 days 00:00:56.086000,0 days 00:00:29.147000,0 days 00:27:46.155000,0 days 00:28:42.241000,0 days 00:29:11.388000,158.0,177.0,304.0,281.0,False,SOFT,6.0,True,Haas F1 Team,0 days 00:27:00.017000,2026-09-25 12:14:14.108,12,,,,False,True,Q
0 days 00:30:57.176000,OCO,31,0 days 00:01:45.788000,7.0,1.0,,,0 days 00:00:37.209000,0 days 00:00:42.935000,0 days 00:00:25.644000,0 days 00:29:48.597000,0 days 00:30:31.532000,0 days 00:30:57.176000,198.0,206.0,302.0,321.0,False,SOFT,7.0,True,Haas F1 Team,0 days 00:29:11.388000,2026-09-25 12:16:25.479,1,,,,False,True,Q
0 days 00:32:59.656000,OCO,31,0 days 00:02:02.480000,8.0,1.0,,,0 days 00:00:43.418000,0 days 00:00:49.831000,0 days 00:00:29.231000,0 days 00:31:40.594000,0 days 00:32:30.425000,0 days 00:32:59.656000,169.0,155.0,305.0,283.0,False,SOFT,8.0,True,Haas F1 Team,0 days 00:30:57.176000,2026-09-25 12:18:11.267,1,,,,False,True,Q
0 days 00:34:44.695000,OCO,31,0 days 00:01:45.039000,9.0,1.0,,,0 days 00:00:36.950000,0 days 00:00:42.691000,0 days 00:00:25.398000,0 days 00:33:36.606000,0 days 00:34:19.297000,0 days 00:34:44.695000,201.0,207.0,305.0,322.0,True,SOFT,9.0,True,Haas F1 Team,0 days 00:32:59.656000,2026-09-25 12:20:13.747,12,,,,False,True,Q
0 days 00:36:53.876000,OCO,31,0 days 00:02:09.181000,10.0,1.0,,0 days 00:36:52.604000,0 days 00:00:41.795000,0 days 00:00:50.606000,0 days 00:00:36.780000,0 days 00:35:26.490000,0 days 00:36:17.096000,0 days 00:36:53.876000,169.0,168.0,,281.0,False,SOFT,10.0,True,Haas F1 Team,0 days 00:34:44.695000,2026-09-25 12:21:58.786,21,,,,False,False,Q
0 days 00:44:30.119000,OCO,31,,11.0,2.0,0 days 00:42:20.623000,,,0 days 00:00:47.576000,0 days 00:00:30.535000,,0 days 00:43:59.810000,0 days 00:44:30.226000,164.0,178.0,263.0,256.0,False,SOFT,1.0,True,Haas F1 Team,0 days 00:36:53.876000,2026-09-25 12:24:07.967,12,,,,False,False,Q
0 days 00:46:26.292000,OCO,31,0 days 00:01:56.173000,12.0,2.0,,,0 days 00:00:39.993000,0 days 00:00:47.279000,0 days 00:00:28.901000,0 days 00:45:10.112000,0 days 00:45:57.391000,0 days 00:46:26.292000,174.0,180.0,304.0,284.0,True,SOFT,2.0,True,Haas F1 Team,0 days 00:44:30.119000,2026-09-25 12:31:44.210,1,,,,False,True,Q
0 days 00:48:11.368000,OCO,31,0 days 00:01:45.076000,13.0,2.0,,,0 days 00:00:37.036000,0 days 00:00:42.526000,0 days 00:00:25.514000,0 days 00:47:03.328000,0 days 00:47:45.854000,0 days 00:48:11.368000,197.0,214.0,305.0,323.0,True,SOFT,3.0,True,Haas F1 Team,0 days 00:46:26.292000,2026-09-25 12:33:40.383,1,,,,False,True,Q
0 days 00:50:19.914000,OCO,31,0 days 00:02:08.546000,14.0,2.0,,,0 days 00:00:46.790000,0 days 00:00:52.576000,0 days 00:00:29.180000,0 days 00:48:58.158000,0 days 00:49:50.734000,0 days 00:50:19.914000,164.0,176.0,303.0,282.0,False,SOFT,4.0,True,Haas F1 Team,0 days 00:48:11.368000,2026-09-25 12:35:25.459,1,,,,False,True,Q
0 days 00:52:04.930000,OCO,31,0 days 00:01:45.016000,15.0,2.0,,,0 days 00:00:36.803000,0 days 00:00:42.430000,0 days 00:00:25.783000,0 days 00:50:56.717000,0 days 00:51:39.147000,0 days 00:52:04.930000,208.0,209.0,302.0,322.0,True,SOFT,5.0,True,Haas F1 Team,0 days 00:50:19.914000,2026-09-25 12:37:34.005,1,,,,False,True,Q
0 days 00:54:10.881000,OCO,31,0 days 00:02:05.951000,16.0,2.0,,,0 days 00:00:46.433000,0 days 00:00:50.489000,0 days 00:00:29.029000,0 days 00:52:51.363000,0 days 00:53:41.852000,0 days 00:54:10.881000,155.0,178.0,305.0,284.0,False,SOFT,6.0,True,Haas F1 Team,0 days 00:52:04.930000,2026-09-25 12:39:19.021,1,,,,False,True,Q
0 days 00:55:56.067000,OCO,31,0 days 00:01:45.186000,17.0,2.0,,,0 days 00:00:36.775000,0 days 00:00:42.713000,0 days 00:00:25.698000,0 days 00:54:47.656000,0 days 00:55:30.369000,0 days 00:55:56.067000,203.0,206.0,299.0,318.0,False,SOFT,7.0,True,Haas F1 Team,0 days 00:54:10.881000,2026-09-25 12:41:24.972,12,,,,False,True,Q
0 days 00:58:20.642000,OCO,31,0 days 00:02:24.575000,18.0,2.0,,0 days 00:58:18.449000,0 days 00:00:52.759000,0 days 00:00:51.188000,0 days 00:00:40.628000,0 days 00:56:48.826000,0 days 00:57:40.014000,0 days 00:58:20.642000,171.0,159.0,,241.0,False,SOFT,8.0,True,Haas F1 Team,0 days 00:55:56.067000,2026-09-25 12:43:10.158,12,,,,False,False,Q
0 days 00:19:30.481000,LIN,41,,1.0,1.0,0 days 00:17:21.511000,,,0 days 00:00:49.270000,0 days 00:00:28.697000,,0 days 00:19:01.824000,0 days 00:19:30.705000,164.0,176.0,270.0,268.0,False,SOFT,1.0,True,Racing Bulls,0 days 00:17:21.511000,2026-09-25 12:04:35.602,1,,,,False,False,Q
0 days 00:21:30.560000,LIN,41,0 days 00:02:00.079000,2.0,1.0,,,0 days 00:00:41.470000,0 days 00:00:49.606000,0 days 00:00:29.003000,0 days 00:20:11.951000,0 days 00:21:01.557000,0 days 00:21:30.560000,180.0,184.0,310.0,276.0,True,SOFT,2.0,True,Racing Bulls,0 days 00:19:30.481000,2026-09-25 12:06:44.572,12,,,,False,True,Q
0 days 00:23:16.891000,LIN,41,0 days 00:01:46.331000,3.0,1.0,,,0 days 00:00:37.380000,0 days 00:00:43.523000,0 days 00:00:25.428000,0 days 00:22:07.940000,0 days 00:22:51.463000,0 days 00:23:16.891000,196.0,201.0,307.0,323.0,True,SOFT,3.0,True,Racing Bulls,0 days 00:21:30.560000,2026-09-25 12:08:44.651,1,,,,False,True,Q
0 days 00:25:29.873000,LIN,41,0 days 00:02:12.982000,4.0,1.0,,0 days 00:25:28.681000,0 days 00:00:47.084000,0 days 00:00:53.304000,0 days 00:00:32.594000,0 days 00:24:03.975000,0 days 00:24:57.279000,0 days 00:25:29.873000,164.0,189.0,,283.0,False,SOFT,4.0,True,Racing Bulls,0 days 00:23:16.891000,2026-09-25 12:10:30.982,1,,,,False,False,Q
0 days 00:29:26.284000,LIN,41,,5.0,2.0,0 days 00:27:18.423000,,,0 days 00:00:58.145000,0 days 00:00:30.544000,,0 days 00:28:55.808000,0 days 00:29:26.490000,170.0,167.0,304.0,254.0,False,SOFT,1.0,True,Racing Bulls,0 days 00:25:29.873000,2026-09-25 12:12:43.964,12,,,,False,False,Q
0 days 00:31:12.377000,LIN,41,0 days 00:01:46.093000,6.0,2.0,,,0 days 00:00:37.497000,0 days 00:00:42.988000,0 days 00:00:25.608000,0 days 00:30:03.781000,0 days 00:30:46.769000,0 days 00:31:12.377000,196.0,207.0,304.0,323.0,True,SOFT,2.0,True,Racing Bulls,0 days 00:29:26.284000,2026-09-25 12:16:40.375,1,,,,False,True,Q
0 days 00:33:27.449000,LIN,41,0 days 00:02:15.072000,7.0,2.0,,,0 days 00:00:48.779000,0 days 00:00:55.678000,0 days 00:00:30.615000,0 days 00:32:01.156000,0 days 00:32:56.834000,0 days 00:33:27.449000,159.0,157.0,306.0,270.0,False,SOFT,3.0,True,Racing Bulls,0 days 00:31:12.377000,2026-09-25 12:18:26.468,1,,,,False,True,Q
0 days 00:35:12.830000,LIN,41,0 days 00:01:45.381000,8.0,2.0,,,0 days 00:00:37.357000,0 days 00:00:42.626000,0 days 00:00:25.398000,0 days 00:34:04.806000,0 days 00:34:47.432000,0 days 00:35:12.830000,205.0,208.0,303.0,323.0,True,SOFT,4.0,True,Racing Bulls,0 days 00:33:27.449000,2026-09-25 12:20:41.540,12,,,,False,True,Q
0 days 00:37:19.532000,LIN,41,0 days 00:02:06.702000,9.0,2.0,,0 days 00:37:18.251000,0 days 00:00:42.980000,0 days 00:00:50.645000,0 days 00:00:33.077000,0 days 00:35:55.810000,0 days 00:36:46.455000,0 days 00:37:19.532000,156.0,169.0,,264.0,False,SOFT,5.0,True,Racing Bulls,0 days 00:35:12.830000,2026-09-25 12:22:26.921,1,,,,False,False,Q
0 days 00:44:42.860000,LIN,41,,10.0,3.0,0 days 00:42:03.861000,,,0 days 00:00:48.909000,0 days 00:00:28.806000,,0 days 00:44:14.179000,0 days 00:44:42.958000,146.0,176.0,265.0,266.0,False,SOFT,1.0,True,Racing Bulls,0 days 00:37:19.532000,2026-09-25 12:24:33.623,12,,,,False,False,Q
0 days 00:46:38.051000,LIN,41,0 days 00:01:55.191000,11.0,3.0,,,0 days 00:00:39.961000,0 days 00:00:46.527000,0 days 00:00:28.703000,0 days 00:45:22.821000,0 days 00:46:09.348000,0 days 00:46:38.051000,181.0,193.0,308.0,282.0,True,SOFT,2.0,True,Racing Bulls,0 days 00:44:42.860000,2026-09-25 12:31:56.951,1,,,,False,True,Q
0 days 00:48:23.452000,LIN,41,0 days 00:01:45.401000,12.0,3.0,,,0 days 00:00:37.163000,0 days 00:00:42.804000,0 days 00:00:25.434000,0 days 00:47:15.214000,0 days 00:47:58.018000,0 days 00:48:23.452000,206.0,201.0,305.0,323.0,True,SOFT,3.0,True,Racing Bulls,0 days 00:46:38.051000,2026-09-25 12:33:52.142,1,,,,False,True,Q
0 days 00:50:25.883000,LIN,41,0 days 00:02:02.431000,13.0,3.0,,,0 days 00:00:40.867000,0 days 00:00:52.353000,0 days 00:00:29.211000,0 days 00:49:04.319000,0 days 00:49:56.672000,0 days 00:50:25.883000,181.0,179.0,308.0,274.0,False,SOFT,4.0,True,Racing Bulls,0 days 00:48:23.452000,2026-09-25 12:35:37.543,1,,,,False,True,Q
0 days 00:52:10.989000,LIN,41,0 days 00:01:45.106000,14.0,3.0,,,0 days 00:00:37.180000,0 days 00:00:42.487000,0 days 00:00:25.439000,0 days 00:51:03.063000,0 days 00:51:45.550000,0 days 00:52:10.989000,207.0,215.0,304.0,324.0,True,SOFT,5.0,True,Racing Bulls,0 days 00:50:25.883000,2026-09-25 12:37:39.974,1,,,,False,True,Q
0 days 00:54:16.827000,LIN,41,0 days 00:02:05.838000,15.0,3.0,,,0 days 00:00:43.795000,0 days 00:00:52.532000,0 days 00:00:29.511000,0 days 00:52:54.784000,0 days 00:53:47.316000,0 days 00:54:16.827000,150.0,155.0,309.0,276.0,False,SOFT,6.0,True,Racing Bulls,0 days 00:52:10.989000,2026-09-25 12:39:25.080,1,,,,False,True,Q
0 days 00:56:39.982000,LIN,41,0 days 00:02:23.155000,16.0,3.0,,0 days 00:56:39.332000,0 days 00:00:58.083000,0 days 00:00:48.377000,0 days 00:00:36.695000,0 days 00:55:14.910000,0 days 00:56:03.287000,0 days 00:56:39.982000,175.0,184.0,,232.0,False,SOFT,7.0,True,Racing Bulls,0 days 00:54:16.827000,2026-09-25 12:41:30.918,12,,,,False,False,Q
0 days 00:19:55.064000,ANT,12,,1.0,1.0,0 days 00:17:49.620000,,,0 days 00:00:47.250000,0 days 00:00:27.227000,,0 days 00:19:27.933000,0 days 00:19:55.304000,178.0,185.0,294.0,282.0,False,SOFT,1.0,True,Mercedes,0 days 00:17:49.620000,2026-09-25 12:05:03.711,1,,,,False,False,Q
0 days 00:22:03.362000,ANT,12,0 days 00:02:08.298000,2.0,1.0,,,0 days 00:00:43.250000,0 days 00:00:56.124000,0 days 00:00:28.924000,0 days 00:20:38.314000,0 days 00:21:34.438000,0 days 00:22:03.362000,164.0,173.0,295.0,283.0,True,SOFT,2.0,True,Mercedes,0 days 00:19:55.064000,2026-09-25 12:07:09.155,12,,,,False,True,Q
0 days 00:23:48.866000,ANT,12,0 days 00:01:45.504000,3.0,1.0,,,0 days 00:00:37.067000,0 days 00:00:42.817000,0 days 00:00:25.620000,0 days 00:22:40.429000,0 days 00:23:23.246000,0 days 00:23:48.866000,208.0,200.0,309.0,322.0,True,SOFT,3.0,True,Mercedes,0 days 00:22:03.362000,2026-09-25 12:09:17.453,1,,,,False,True,Q
0 days 00:25:55.549000,ANT,12,0 days 00:02:06.683000,4.0,1.0,,,0 days 00:00:47.622000,0 days 00:00:50.296000,0 days 00:00:28.765000,0 days 00:24:36.488000,0 days 00:25:26.784000,0 days 00:25:55.549000,146.0,184.0,296.0,284.0,False,SOFT,4.0,True,Mercedes,0 days 00:23:48.866000,2026-09-25 12:11:02.957,1,,,,False,True,Q
0 days 00:41:00.186000,ANT,12,,5.0,1.0,,0 days 00:41:00.186000,0 days 00:01:06.319000,,,0 days 00:27:02.026000,,,100.0,184.0,,284.0,False,SOFT,5.0,True,Mercedes,0 days 00:25:55.549000,2026-09-25 12:13:09.640,12,,,,False,False,Q
0 days 00:19:23.826000,BOR,5,,1.0,1.0,0 days 00:17:14.947000,,,0 days 00:00:48.276000,0 days 00:00:30.104000,,0 days 00:18:53.785000,0 days 00:19:24.075000,166.0,183.0,261.0,268.0,False,SOFT,1.0,True,Audi,0 days 00:17:14.947000,2026-09-25 12:04:29.038,1,,,,False,False,Q
0 days 00:21:26.519000,BOR,5,0 days 00:02:02.693000,2.0,1.0,,,0 days 00:00:43.784000,0 days 00:00:48.375000,0 days 00:00:30.534000,0 days 00:20:07.610000,0 days 00:20:55.985000,0 days 00:21:26.519000,92.0,126.0,312.0,269.0,True,SOFT,2.0,True,Audi,0 days 00:19:23.826000,2026-09-25 12:06:37.917,12,,,,False,True,Q
0 days 00:23:12.643000,BOR,5,0 days 00:01:46.124000,3.0,1.0,,,0 days 00:00:37.591000,0 days 00:00:42.960000,0 days 00:00:25.573000,0 days 00:22:04.110000,0 days 00:22:47.070000,0 days 00:23:12.643000,202.0,205.0,305.0,317.0,True,SOFT,3.0,True,Audi,0 days 00:21:26.519000,2026-09-25 12:08:40.610,1,,,,False,True,Q
0 days 00:25:21.744000,BOR,5,0 days 00:02:09.101000,4.0,1.0,,,0 days 00:00:47.138000,0 days 00:00:52.352000,0 days 00:00:29.611000,0 days 00:23:59.781000,0 days 00:24:52.133000,0 days 00:25:21.744000,179.0,158.0,314.0,279.0,False,SOFT,4.0,True,Audi,0 days 00:23:12.643000,2026-09-25 12:10:26.734,1,,,,False,True,Q
0 days 00:27:07.543000,BOR,5,0 days 00:01:45.799000,5.0,1.0,,,0 days 00:00:37.306000,0 days 00:00:42.872000,0 days 00:00:25.621000,0 days 00:25:59.050000,0 days 00:26:41.922000,0 days 00:27:07.543000,207.0,205.0,304.0,317.0,True,SOFT,5.0,True,Audi,0 days 00:25:21.744000,2026-09-25 12:12:35.835,1,,,,False,True,Q
0 days 00:29:24.364000,BOR,5,0 days 00:02:16.821000,6.0,1.0,,0 days 00:29:23.015000,0 days 00:00:44.834000,0 days 00:00:53.253000,0 days 00:00:38.734000,0 days 00:27:52.377000,0 days 00:28:45.630000,0 days 00:29:24.364000,180.0,169.0,,240.0,False,SOFT,6.0,True,Audi,0 days 00:27:07.543000,2026-09-25 12:14:21.634,12,,,,False,False,Q
0 days 00:31:57.547000,BOR,5,,7.0,2.0,0 days 00:29:51.995000,,0 days 00:01:07.288000,0 days 00:00:53.200000,0 days 00:00:32.721000,0 days 00:30:31.688000,0 days 00:31:24.826000,0 days 00:31:57.713000,185.0,166.0,263.0,264.0,False,SOFT,1.0,True,Audi,0 days 00:29:24.364000,2026-09-25 12:16:38.455,1,,,,False,False,Q
0 days 00:33:55.117000,BOR,5,0 days 00:01:57.570000,8.0,2.0,,,0 days 00:00:41.910000,0 days 00:00:46.710000,0 days 00:00:28.950000,0 days 00:32:39.457000,0 days 00:33:26.167000,0 days 00:33:55.117000,185.0,168.0,309.0,281.0,False,SOFT,2.0,True,Audi,0 days 00:31:57.547000,2026-09-25 12:19:11.638,1,,,,False,True,Q
0 days 00:35:41.301000,BOR,5,0 days 00:01:46.184000,9.0,2.0,,,0 days 00:00:37.377000,0 days 00:00:43.114000,0 days 00:00:25.693000,0 days 00:34:32.494000,0 days 00:35:15.608000,0 days 00:35:41.301000,205.0,204.0,298.0,314.0,False,SOFT,3.0,True,Audi,0 days 00:33:55.117000,2026-09-25 12:21:09.208,12,,,,False,True,Q
0 days 00:38:07.751000,BOR,5,0 days 00:02:26.450000,10.0,2.0,,0 days 00:38:05.453000,0 days 00:00:50.996000,0 days 00:00:55.688000,0 days 00:00:39.766000,0 days 00:36:32.297000,0 days 00:37:27.985000,0 days 00:38:07.751000,151.0,158.0,,231.0,False,SOFT,4.0,True,Audi,0 days 00:35:41.301000,2026-09-25 12:22:55.392,12,,,,False,False,Q
0 days 00:19:18.417000,HUL,27,,1.0,1.0,0 days 00:17:11.411000,,,0 days 00:00:48.003000,0 days 00:00:29.842000,,0 days 00:18:48.679000,0 days 00:19:18.639000,160.0,164.0,261.0,265.0,False,SOFT,1.0,True,Audi,0 days 00:17:11.411000,2026-09-25 12:04:25.502,1,,,,False,False,Q
0 days 00:21:19.761000,HUL,27,0 days 00:02:01.344000,2.0,1.0,,,0 days 00:00:42.286000,0 days 00:00:48.360000,0 days 00:00:30.698000,0 days 00:20:00.703000,0 days 00:20:49.063000,0 days 00:21:19.761000,189.0,144.0,310.0,265.0,True,SOFT,2.0,True,Audi,0 days 00:19:18.417000,2026-09-25 12:06:32.508,12,,,,False,True,Q
0 days 00:23:06.450000,HUL,27,0 days 00:01:46.689000,3.0,1.0,,,0 days 00:00:37.736000,0 days 00:00:43.254000,0 days 00:00:25.699000,0 days 00:21:57.497000,0 days 00:22:40.751000,0 days 00:23:06.450000,205.0,198.0,305.0,315.0,True,SOFT,3.0,True,Audi,0 days 00:21:19.761000,2026-09-25 12:08:33.852,1,,,,False,True,Q
0 days 00:25:18.494000,HUL,27,0 days 00:02:12.044000,4.0,1.0,,,0 days 00:00:48.726000,0 days 00:00:54.048000,0 days 00:00:29.270000,0 days 00:23:55.176000,0 days 00:24:49.224000,0 days 00:25:18.494000,167.0,171.0,310.0,280.0,False,SOFT,4.0,True,Audi,0 days 00:23:06.450000,2026-09-25 12:10:20.541,1,,,,False,True,Q
0 days 00:27:04.859000,HUL,27,0 days 00:01:46.365000,5.0,1.0,,,0 days 00:00:37.512000,0 days 00:00:43.076000,0 days 00:00:25.777000,0 days 00:25:56.006000,0 days 00:26:39.082000,0 days 00:27:04.859000,199.0,202.0,300.0,312.0,True,SOFT,5.0,True,Audi,0 days 00:25:18.494000,2026-09-25 12:12:32.585,1,,,,False,True,Q
0 days 00:29:17.313000,HUL,27,0 days 00:02:12.454000,6.0,1.0,,0 days 00:29:16.641000,0 days 00:00:41.777000,0 days 00:00:57.633000,0 days 00:00:33.044000,0 days 00:27:46.636000,0 days 00:28:44.269000,0 days 00:29:17.313000,170.0,186.0,,266.0,False,SOFT,6.0,True,Audi,0 days 00:27:04.859000,2026-09-25 12:14:18.950,12,,,,False,False,Q
0 days 00:31:52.373000,HUL,27,,7.0,2.0,0 days 00:29:40.222000,,0 days 00:01:09.623000,0 days 00:00:55.014000,0 days 00:00:30.402000,0 days 00:30:26.957000,0 days 00:31:22.120000,0 days 00:31:52.629000,162.0,113.0,285.0,264.0,False,SOFT,1.0,True,Audi,0 days 00:29:17.313000,2026-09-25 12:16:31.404,1,,,,False,False,Q
0 days 00:33:48.511000,HUL,27,0 days 00:01:56.138000,8.0,2.0,,,0 days 00:00:40.409000,0 days 00:00:46.311000,0 days 00:00:29.418000,0 days 00:32:32.782000,0 days 00:33:19.093000,0 days 00:33:48.511000,189.0,163.0,309.0,280.0,False,SOFT,2.0,True,Audi,0 days 00:31:52.373000,2026-09-25 12:19:06.464,1,,,,False,True,Q
0 days 00:35:34.431000,HUL,27,0 days 00:01:45.920000,9.0,2.0,,,0 days 00:00:37.158000,0 days 00:00:42.975000,0 days 00:00:25.787000,0 days 00:34:25.669000,0 days 00:35:08.644000,0 days 00:35:34.431000,202.0,203.0,296.0,311.0,True,SOFT,3.0,True,Audi,0 days 00:33:48.511000,2026-09-25 12:21:02.602,12,,,,False,True,Q
0 days 00:37:53.863000,HUL,27,0 days 00:02:19.432000,10.0,2.0,,0 days 00:37:52.571000,0 days 00:00:46.724000,0 days 00:00:52.486000,0 days 00:00:40.222000,0 days 00:36:21.155000,0 days 00:37:13.641000,0 days 00:37:53.863000,171.0,144.0,,220.0,False,SOFT,4.0,True,Audi,0 days 00:35:34.431000,2026-09-25 12:22:48.522,1,,,,False,False,Q
0 days 00:19:15.554000,ALO,14,,1.0,1.0,0 days 00:17:06.468000,,,0 days 00:00:50.009000,0 days 00:00:30.736000,,0 days 00:18:44.941000,0 days 00:19:15.791000,179.0,154.0,288.0,272.0,False,SOFT,1.0,True,Aston Martin,0 days 00:17:06.468000,2026-09-25 12:04:20.559,1,,,,False,False,Q
0 days 00:21:16.269000,ALO,14,0 days 00:02:00.715000,2.0,1.0,,,0 days 00:00:38.240000,0 days 00:00:52.797000,0 days 00:00:29.678000,0 days 00:19:53.794000,0 days 00:20:46.591000,0 days 00:21:16.269000,210.0,177.0,291.0,275.0,True,SOFT,2.0,True,Aston Martin,0 days 00:19:15.554000,2026-09-25 12:06:29.645,12,,,,False,True,Q
0 days 00:23:04.114000,ALO,14,0 days 00:01:47.845000,3.0,1.0,,,0 days 00:00:38.355000,0 days 00:00:43.755000,0 days 00:00:25.735000,0 days 00:21:54.624000,0 days 00:22:38.379000,0 days 00:23:04.114000,211.0,195.0,313.0,316.0,True,SOFT,3.0,True,Aston Martin,0 days 00:21:16.269000,2026-09-25 12:08:30.360,1,,,,False,True,Q
0 days 00:25:12.494000,ALO,14,0 days 00:02:08.380000,4.0,1.0,,0 days 00:25:11.214000,0 days 00:00:44.403000,0 days 00:00:49.331000,0 days 00:00:34.646000,0 days 00:23:48.517000,0 days 00:24:37.848000,0 days 00:25:12.494000,181.0,174.0,,271.0,False,SOFT,4.0,True,Aston Martin,0 days 00:23:04.114000,2026-09-25 12:10:18.205,1,,,,False,False,Q
0 days 00:27:37.801000,ALO,14,0 days 00:02:25.307000,5.0,2.0,0 days 00:25:34.712000,,0 days 00:01:01.246000,0 days 00:00:54.318000,0 days 00:00:29.743000,0 days 00:26:13.740000,0 days 00:27:08.058000,0 days 00:27:37.801000,163.0,176.0,256.0,255.0,False,SOFT,1.0,True,Aston Martin,0 days 00:25:12.494000,2026-09-25 12:12:26.585,12,,,,False,False,Q
0 days 00:29:42.471000,ALO,14,0 days 00:02:04.670000,6.0,2.0,,,0 days 00:00:43.737000,0 days 00:00:50.342000,0 days 00:00:30.591000,0 days 00:28:21.538000,0 days 00:29:11.880000,0 days 00:29:42.471000,166.0,156.0,291.0,246.0,False,SOFT,2.0,True,Aston Martin,0 days 00:27:37.801000,2026-09-25 12:14:51.892,1,,,,False,True,Q
0 days 00:31:29.064000,ALO,14,0 days 00:01:46.593000,7.0,2.0,,,0 days 00:00:37.456000,0 days 00:00:43.241000,0 days 00:00:25.896000,0 days 00:30:19.927000,0 days 00:31:03.168000,0 days 00:31:29.064000,208.0,197.0,297.0,315.0,True,SOFT,3.0,True,Aston Martin,0 days 00:29:42.471000,2026-09-25 12:16:56.562,1,,,,False,True,Q
0 days 00:33:37.327000,ALO,14,0 days 00:02:08.263000,8.0,2.0,,,0 days 00:00:48.081000,0 days 00:00:50.553000,0 days 00:00:29.629000,0 days 00:32:17.145000,0 days 00:33:07.698000,0 days 00:33:37.327000,146.0,170.0,290.0,277.0,False,SOFT,4.0,True,Aston Martin,0 days 00:31:29.064000,2026-09-25 12:18:43.155,1,,,,False,True,Q
0 days 00:35:47.088000,ALO,14,0 days 00:02:09.761000,9.0,2.0,,0 days 00:35:45.808000,0 days 00:00:37.229000,0 days 00:00:55.295000,0 days 00:00:37.237000,0 days 00:34:14.556000,0 days 00:35:09.851000,0 days 00:35:47.088000,203.0,148.0,,230.0,False,SOFT,5.0,True,Aston Martin,0 days 00:33:37.327000,2026-09-25 12:20:51.418,12,,,,False,False,Q
0 days 00:19:00.364000,PER,11,,1.0,1.0,0 days 00:17:00.024000,,,0 days 00:00:49,0 days 00:00:29.524000,,0 days 00:18:30.979000,0 days 00:19:00.657000,179.0,183.0,299.0,274.0,False,SOFT,1.0,True,Cadillac,0 days 00:17:00.024000,2026-09-25 12:04:14.115,1,,,,False,False,Q
0 days 00:20:56.269000,PER,11,0 days 00:01:55.905000,2.0,1.0,,,0 days 00:00:38.769000,0 days 00:00:47.274000,0 days 00:00:29.862000,0 days 00:19:39.133000,0 days 00:20:26.407000,0 days 00:20:56.269000,187.0,142.0,302.0,270.0,True,SOFT,2.0,True,Cadillac,0 days 00:19:00.364000,2026-09-25 12:06:14.455,12,,,,False,True,Q
0 days 00:22:42.927000,PER,11,0 days 00:01:46.658000,3.0,1.0,,,0 days 00:00:37.526000,0 days 00:00:43.527000,0 days 00:00:25.605000,0 days 00:21:33.795000,0 days 00:22:17.322000,0 days 00:22:42.927000,202.0,201.0,305.0,324.0,True,SOFT,3.0,True,Cadillac,0 days 00:20:56.269000,2026-09-25 12:08:10.360,1,,,,False,True,Q
0 days 00:24:55.576000,PER,11,0 days 00:02:12.649000,4.0,1.0,,,0 days 00:00:46.673000,0 days 00:00:56.522000,0 days 00:00:29.454000,0 days 00:23:29.600000,0 days 00:24:26.122000,0 days 00:24:55.576000,151.0,163.0,300.0,282.0,False,SOFT,4.0,True,Cadillac,0 days 00:22:42.927000,2026-09-25 12:09:57.018,1,,,,False,True,Q
0 days 00:26:42.421000,PER,11,0 days 00:01:46.845000,5.0,1.0,,,0 days 00:00:37.603000,0 days 00:00:43.421000,0 days 00:00:25.821000,0 days 00:25:33.179000,0 days 00:26:16.600000,0 days 00:26:42.421000,203.0,201.0,298.0,318.0,False,SOFT,5.0,True,Cadillac,0 days 00:24:55.576000,2026-09-25 12:12:09.667,1,,,,False,True,Q
0 days 00:29:07.730000,PER,11,0 days 00:02:25.309000,6.0,1.0,,0 days 00:29:06.439000,0 days 00:00:44.145000,0 days 00:00:53.166000,0 days 00:00:47.998000,0 days 00:27:26.566000,0 days 00:28:19.732000,0 days 00:29:07.730000,135.0,154.0,,214.0,False,SOFT,6.0,True,Cadillac,0 days 00:26:42.421000,2026-09-25 12:13:56.512,12,,,,False,False,Q
0 days 00:31:50.657000,PER,11,,7.0,2.0,0 days 00:29:36.401000,,0 days 00:01:18.420000,0 days 00:00:54.888000,0 days 00:00:29.545000,0 days 00:30:26.266000,0 days 00:31:21.221000,0 days 00:31:50.850000,163.0,120.0,302.0,280.0,False,SOFT,1.0,True,Cadillac,0 days 00:29:07.730000,2026-09-25 12:16:21.821,1,,,,False,False,Q
0 days 00:33:45.216000,PER,11,0 days 00:01:54.559000,8.0,2.0,,,0 days 00:00:38.670000,0 days 00:00:46.914000,0 days 00:00:28.975000,0 days 00:32:29.327000,0 days 00:33:16.241000,0 days 00:33:45.216000,175.0,194.0,301.0,280.0,False,SOFT,2.0,True,Cadillac,0 days 00:31:50.657000,2026-09-25 12:19:04.748,1,,,,False,True,Q
0 days 00:35:45.405000,PER,11,0 days 00:02:00.189000,9.0,2.0,,0 days 00:35:43.790000,0 days 00:00:37.189000,0 days 00:00:45.309000,0 days 00:00:37.691000,0 days 00:34:22.405000,0 days 00:35:07.714000,0 days 00:35:45.405000,202.0,163.0,,274.0,False,SOFT,3.0,True,Cadillac,0 days 00:33:45.216000,2026-09-25 12:20:59.307,12,,,,False,False,Q
0 days 00:19:28.656000,STR,18,,1.0,1.0,0 days 00:17:17.370000,,,0 days 00:00:50.057000,0 days 00:00:30.822000,,0 days 00:18:58.014000,0 days 00:19:28.904000,164.0,128.0,295.0,273.0,False,SOFT,1.0,True,Aston Martin,0 days 00:17:17.370000,2026-09-25 12:04:31.461,1,,,,False,False,Q
0 days 00:21:52.702000,STR,18,0 days 00:02:24.046000,2.0,1.0,,0 days 00:21:51.378000,0 days 00:00:38.798000,0 days 00:01:08.154000,0 days 00:00:37.094000,0 days 00:20:07.454000,0 days 00:21:15.608000,0 days 00:21:52.702000,202.0,172.0,,263.0,False,SOFT,2.0,True,Aston Martin,0 days 00:19:28.656000,2026-09-25 12:06:42.747,12,,,,False,False,Q
0 days 00:24:18.744000,STR,18,0 days 00:02:26.042000,3.0,2.0,0 days 00:22:14.274000,,0 days 00:01:02.065000,0 days 00:00:53.852000,0 days 00:00:30.125000,0 days 00:22:54.767000,0 days 00:23:48.619000,0 days 00:24:18.744000,163.0,170.0,296.0,274.0,False,SOFT,1.0,True,Aston Martin,0 days 00:21:52.702000,2026-09-25 12:09:06.793,1,,,,False,False,Q
0 days 00:26:07.241000,STR,18,0 days 00:01:48.497000,4.0,2.0,,,0 days 00:00:38.215000,0 days 00:00:43.985000,0 days 00:00:26.297000,0 days 00:24:56.959000,0 days 00:25:40.944000,0 days 00:26:07.241000,206.0,202.0,292.0,301.0,True,SOFT,2.0,True,Aston Martin,0 days 00:24:18.744000,2026-09-25 12:11:32.835,1,,,,False,True,Q
0 days 00:28:11.285000,STR,18,0 days 00:02:04.044000,5.0,2.0,,,0 days 00:00:44.276000,0 days 00:00:50.155000,0 days 00:00:29.613000,0 days 00:26:51.517000,0 days 00:27:41.672000,0 days 00:28:11.285000,182.0,183.0,294.0,273.0,False,SOFT,3.0,True,Aston Martin,0 days 00:26:07.241000,2026-09-25 12:13:21.332,12,,,,False,True,Q
0 days 00:30:01.723000,STR,18,0 days 00:01:50.438000,6.0,2.0,,,0 days 00:00:37.850000,0 days 00:00:43.651000,0 days 00:00:28.937000,0 days 00:28:49.135000,0 days 00:29:32.786000,0 days 00:30:01.723000,211.0,202.0,288.0,279.0,False,SOFT,4.0,True,Aston Martin,0 days 00:28:11.285000,2026-09-25 12:15:25.376,1,,,,False,True,Q
0 days 00:32:12.069000,STR,18,0 days 00:02:10.346000,7.0,2.0,,,0 days 00:00:45.421000,0 days 00:00:54.946000,0 days 00:00:29.979000,0 days 00:30:47.144000,0 days 00:31:42.090000,0 days 00:32:12.069000,169.0,160.0,298.0,276.0,False,SOFT,5.0,True,Aston Martin,0 days 00:30:01.723000,2026-09-25 12:17:15.814,1,,,,False,True,Q
0 days 00:33:59.406000,STR,18,0 days 00:01:47.337000,8.0,2.0,,,0 days 00:00:37.727000,0 days 00:00:43.365000,0 days 00:00:26.245000,0 days 00:32:49.796000,0 days 00:33:33.161000,0 days 00:33:59.406000,206.0,201.0,291.0,300.0,True,SOFT,6.0,True,Aston Martin,0 days 00:32:12.069000,2026-09-25 12:19:26.160,1,,,,False,True,Q
0 days 00:36:44.750000,STR,18,0 days 00:02:45.344000,9.0,2.0,,0 days 00:36:43.436000,0 days 00:01:08.183000,0 days 00:00:57.463000,0 days 00:00:39.698000,0 days 00:35:07.589000,0 days 00:36:05.052000,0 days 00:36:44.750000,115.0,151.0,,252.0,False,SOFT,7.0,True,Aston Martin,0 days 00:33:59.406000,2026-09-25 12:21:13.497,12,,,,False,False,Q
0 days 00:18:51.228000,BOT,77,,1.0,1.0,0 days 00:16:48.078000,,,0 days 00:00:49.945000,0 days 00:00:29.993000,,0 days 00:18:21.347000,0 days 00:18:51.522000,170.0,184.0,296.0,272.0,False,SOFT,1.0,True,Cadillac,0 days 00:16:48.078000,2026-09-25 12:04:02.169,1,,,,False,False,Q
0 days 00:20:51.629000,BOT,77,0 days 00:02:00.401000,2.0,1.0,,,0 days 00:00:39.711000,0 days 00:00:49.739000,0 days 00:00:30.951000,0 days 00:19:30.939000,0 days 00:20:20.678000,0 days 00:20:51.629000,186.0,106.0,298.0,273.0,True,SOFT,2.0,True,Cadillac,0 days 00:18:51.228000,2026-09-25 12:06:05.319,12,,,,False,True,Q
0 days 00:22:39.919000,BOT,77,0 days 00:01:48.290000,3.0,1.0,,,0 days 00:00:38.267000,0 days 00:00:43.952000,0 days 00:00:26.071000,0 days 00:21:29.896000,0 days 00:22:13.848000,0 days 00:22:39.919000,199.0,200.0,297.0,318.0,True,SOFT,3.0,True,Cadillac,0 days 00:20:51.629000,2026-09-25 12:08:05.720,1,,,,False,True,Q
0 days 00:24:54.185000,BOT,77,0 days 00:02:14.266000,4.0,1.0,,,0 days 00:00:48.523000,0 days 00:00:56.072000,0 days 00:00:29.671000,0 days 00:23:28.442000,0 days 00:24:24.514000,0 days 00:24:54.185000,154.0,123.0,303.0,279.0,False,SOFT,4.0,True,Cadillac,0 days 00:22:39.919000,2026-09-25 12:09:54.010,1,,,,False,True,Q
0 days 00:26:53.936000,BOT,77,0 days 00:01:59.751000,5.0,1.0,,,0 days 00:00:40.926000,0 days 00:00:49.252000,0 days 00:00:29.573000,0 days 00:25:35.111000,0 days 00:26:24.363000,0 days 00:26:53.936000,165.0,182.0,302.0,276.0,False,SOFT,5.0,True,Cadillac,0 days 00:24:54.185000,2026-09-25 12:12:08.276,1,,,,False,True,Q
0 days 00:29:02.699000,BOT,77,0 days 00:02:08.763000,6.0,1.0,,0 days 00:29:00.430000,0 days 00:00:37.673000,0 days 00:00:54.425000,0 days 00:00:36.665000,0 days 00:27:31.609000,0 days 00:28:26.034000,0 days 00:29:02.699000,200.0,167.0,,263.0,False,SOFT,6.0,True,Cadillac,0 days 00:26:53.936000,2026-09-25 12:14:08.027,12,,,,False,False,Q
0 days 00:32:13.777000,BOT,77,,7.0,2.0,0 days 00:29:59.516000,,,0 days 00:00:54.838000,0 days 00:00:29.428000,,0 days 00:31:44.351000,0 days 00:32:14.076000,170.0,152.0,306.0,282.0,False,SOFT,1.0,True,Cadillac,0 days 00:29:02.699000,2026-09-25 12:16:16.790,1,,,,False,False,Q
0 days 00:34:12.013000,BOT,77,0 days 00:01:58.236000,8.0,2.0,,,0 days 00:00:39.171000,0 days 00:00:49.797000,0 days 00:00:29.268000,0 days 00:32:52.948000,0 days 00:33:42.745000,0 days 00:34:12.013000,192.0,140.0,305.0,281.0,False,SOFT,2.0,True,Cadillac,0 days 00:32:13.777000,2026-09-25 12:19:27.868,1,,,,False,True,Q
0 days 00:35:59.160000,BOT,77,0 days 00:01:47.147000,9.0,2.0,,,0 days 00:00:38.400000,0 days 00:00:43.416000,0 days 00:00:25.331000,0 days 00:34:50.413000,0 days 00:35:33.829000,0 days 00:35:59.160000,197.0,206.0,304.0,328.0,False,SOFT,3.0,True,Cadillac,0 days 00:34:12.013000,2026-09-25 12:21:26.104,12,,,,False,True,Q
0 days 00:38:23.998000,BOT,77,0 days 00:02:24.838000,10.0,2.0,,0 days 00:38:22.755000,0 days 00:00:48.481000,0 days 00:00:56.597000,0 days 00:00:39.760000,0 days 00:36:47.641000,0 days 00:37:44.238000,0 days 00:38:23.998000,157.0,156.0,,225.0,False,SOFT,4.0,True,Cadillac,0 days 00:35:59.160000,2026-09-25 12:23:13.251,12,,,,False,False,Q
