Time,Driver,DriverNumber,LapTime,LapNumber,Stint,PitOutTime,PitInTime,Sector1Time,Sector2Time,Sector3Time,Sector1SessionTime,Sector2SessionTime,Sector3SessionTime,SpeedI1,SpeedI2,SpeedFL,SpeedST,IsPersonalBest,Compound,TyreLife,FreshTyre,Team,LapStartTime,LapStartDate,TrackStatus,Position,Deleted,DeletedReason,FastF1Generated,IsAccurate,Session,TrackTemp,AirTemp,Humidity
0 days 00:16:51.498000,NOR,1,,1.0,1.0,0 days 00:15:10.348000,,,0 days 00:00:34.702000,0 days 00:00:29.204000,,0 days 00:16:22.492000,0 days 00:16:51.595000,215.0,216.0,285.0,,False,INTERMEDIATE,1.0,True,McLaren,0 days 00:15:10.348000,2026-08-21 10:31:44.245,1,,,,False,False,FP1,23.5,18.1,70.4
0 days 00:18:26.533000,NOR,1,0 days 00:01:35.035000,2.0,1.0,,0 days 00:18:25.211000,0 days 00:00:29.892000,0 days 00:00:31.504000,0 days 00:00:33.639000,0 days 00:17:21.390000,0 days 00:17:52.894000,0 days 00:18:26.533000,276.0,260.0,,227.0,False,INTERMEDIATE,2.0,True,McLaren,0 days 00:16:51.498000,2026-08-21 10:33:25.395,1,,,,False,False,FP1,22.7,18.1,69.9
0 days 00:25:47.471000,NOR,1,,3.0,2.0,0 days 00:23:52.773000,,,0 days 00:00:31.719000,0 days 00:00:26.008000,,0 days 00:25:21.698000,0 days 00:25:47.605000,245.0,234.0,308.0,227.0,False,MEDIUM,1.0,True,McLaren,0 days 00:18:26.533000,2026-08-21 10:35:00.430,1,,,,False,False,FP1,22.7,18.1,69.9
0 days 00:27:06.292000,NOR,1,0 days 00:01:18.821000,4.0,2.0,,,0 days 00:00:26.925000,0 days 00:00:26.998000,0 days 00:00:24.898000,0 days 00:26:14.396000,0 days 00:26:41.394000,0 days 00:27:06.292000,283.0,254.0,311.0,244.0,True,MEDIUM,2.0,True,McLaren,0 days 00:25:47.471000,2026-08-21 10:42:21.368,1,,,,False,True,FP1,22.7,18.1,69.9
0 days 00:28:21.831000,NOR,1,0 days 00:01:15.539000,5.0,2.0,,,0 days 00:00:26.284000,0 days 00:00:26.483000,0 days 00:00:22.772000,0 days 00:27:32.576000,0 days 00:27:59.059000,0 days 00:28:21.831000,286.0,278.0,303.0,297.0,True,MEDIUM,3.0,True,McLaren,0 days 00:27:06.292000,2026-08-21 10:43:40.189,1,,,,False,True,FP1,22.7,18.1,69.9
0 days 00:30:19.823000,NOR,1,0 days 00:01:57.992000,6.0,2.0,,,0 days 00:00:36.920000,0 days 00:00:47.053000,0 days 00:00:34.019000,0 days 00:28:58.751000,0 days 00:29:45.804000,0 days 00:30:19.823000,168.0,161.0,310.0,289.0,False,MEDIUM,4.0,True,McLaren,0 days 00:28:21.831000,2026-08-21 10:44:55.728,1,,,,False,True,FP1,22.7,18.1,69.9
0 days 00:31:39.356000,NOR,1,0 days 00:01:19.533000,7.0,2.0,,,0 days 00:00:25.870000,0 days 00:00:26.220000,0 days 00:00:27.443000,0 days 00:30:45.693000,0 days 00:31:11.913000,0 days 00:31:39.356000,287.0,282.0,242.0,306.0,False,MEDIUM,5.0,True,McLaren,0 days 00:30:19.823000,2026-08-21 10:46:53.720,12,,,,False,True,FP1,22.7,18.1,69.9
0 days 00:33:37.431000,NOR,1,0 days 00:01:58.075000,8.0,2.0,,,0 days 00:00:44.622000,0 days 00:00:43.179000,0 days 00:00:30.274000,0 days 00:32:23.978000,0 days 00:33:07.157000,0 days 00:33:37.431000,97.0,184.0,311.0,96.0,False,MEDIUM,6.0,True,McLaren,0 days 00:31:39.356000,2026-08-21 10:48:13.253,1,,,,False,True,FP1,22.7,18.1,69.9
0 days 00:34:52.389000,NOR,1,0 days 00:01:14.958000,9.0,2.0,,,0 days 00:00:25.708000,0 days 00:00:26.298000,0 days 00:00:22.952000,0 days 00:34:03.139000,0 days 00:34:29.437000,0 days 00:34:52.389000,287.0,280.0,306.0,309.0,True,MEDIUM,7.0,True,McLaren,0 days 00:33:37.431000,2026-08-21 10:50:11.328,1,,,,False,True,FP1,22.7,18.1,69.9
0 days 00:36:39.266000,NOR,1,0 days 00:01:46.877000,10.0,2.0,,0 days 00:36:38.011000,0 days 00:00:36.786000,0 days 00:00:38.056000,0 days 00:00:32.035000,0 days 00:35:29.175000,0 days 00:36:07.231000,0 days 00:36:39.266000,190.0,254.0,,226.0,False,MEDIUM,8.0,True,McLaren,0 days 00:34:52.389000,2026-08-21 10:51:26.286,1,,,,False,False,FP1,22.9,18.0,70.1
0 days 00:46:13.070000,NOR,1,,11.0,3.0,0 days 00:44:20.036000,,,0 days 00:00:33.695000,0 days 00:00:25.745000,,0 days 00:45:47.474000,0 days 00:46:13.164000,199.0,223.0,266.0,226.0,False,MEDIUM,9.0,False,McLaren,0 days 00:36:39.266000,2026-08-21 10:53:13.163,12,,,,False,False,FP1,22.9,18.0,70.1
0 days 00:47:35.028000,NOR,1,0 days 00:01:21.958000,12.0,3.0,,,0 days 00:00:28.805000,0 days 00:00:27.600000,0 days 00:00:25.553000,0 days 00:46:41.875000,0 days 00:47:09.475000,0 days 00:47:35.028000,234.0,271.0,312.0,265.0,False,MEDIUM,10.0,False,McLaren,0 days 00:46:13.070000,2026-08-21 11:02:46.967,1,,,,False,True,FP1,22.9,18.0,70.1
0 days 00:48:49.752000,NOR,1,0 days 00:01:14.724000,13.0,3.0,,,0 days 00:00:25.642000,0 days 00:00:26.244000,0 days 00:00:22.838000,0 days 00:48:00.670000,0 days 00:48:26.914000,0 days 00:48:49.752000,286.0,282.0,301.0,304.0,True,MEDIUM,11.0,False,McLaren,0 days 00:47:35.028000,2026-08-21 11:04:08.925,1,,,,False,True,FP1,22.9,18.0,70.1
0 days 00:50:12.415000,NOR,1,0 days 00:01:22.663000,14.0,3.0,,,0 days 00:00:30.431000,0 days 00:00:28.822000,0 days 00:00:23.410000,0 days 00:49:20.183000,0 days 00:49:49.005000,0 days 00:50:12.415000,258.0,243.0,309.0,255.0,False,MEDIUM,12.0,False,McLaren,0 days 00:48:49.752000,2026-08-21 11:05:23.649,1,,,,False,True,FP1,22.9,18.0,70.1
0 days 00:51:28.499000,NOR,1,0 days 00:01:16.084000,15.0,3.0,,,0 days 00:00:26.232000,0 days 00:00:26.884000,0 days 00:00:22.968000,0 days 00:50:38.647000,0 days 00:51:05.531000,0 days 00:51:28.499000,273.0,277.0,313.0,300.0,False,MEDIUM,13.0,False,McLaren,0 days 00:50:12.415000,2026-08-21 11:06:46.312,1,,,,False,True,FP1,22.9,18.0,70.1
0 days 00:52:44.083000,NOR,1,0 days 00:01:15.584000,16.0,3.0,,,0 days 00:00:25.994000,0 days 00:00:26.794000,0 days 00:00:22.796000,0 days 00:51:54.493000,0 days 00:52:21.287000,0 days 00:52:44.083000,275.0,279.0,313.0,304.0,False,MEDIUM,14.0,False,McLaren,0 days 00:51:28.499000,2026-08-21 11:08:02.396,1,,,,False,True,FP1,22.9,18.0,70.1
0 days 00:54:00.120000,NOR,1,0 days 00:01:16.037000,17.0,3.0,,,0 days 00:00:25.929000,0 days 00:00:26.956000,0 days 00:00:23.152000,0 days 00:53:10.012000,0 days 00:53:36.968000,0 days 00:54:00.120000,277.0,278.0,318.0,304.0,False,MEDIUM,15.0,False,McLaren,0 days 00:52:44.083000,2026-08-21 11:09:17.980,1,,,,False,True,FP1,22.9,18.0,70.1
0 days 00:55:16.136000,NOR,1,0 days 00:01:16.016000,18.0,3.0,,,0 days 00:00:25.968000,0 days 00:00:26.968000,0 days 00:00:23.080000,0 days 00:54:26.088000,0 days 00:54:53.056000,0 days 00:55:16.136000,277.0,278.0,317.0,308.0,False,MEDIUM,16.0,False,McLaren,0 days 00:54:00.120000,2026-08-21 11:10:34.017,1,,,,False,True,FP1,22.9,18.0,70.1
0 days 00:56:32.206000,NOR,1,0 days 00:01:16.070000,19.0,3.0,,,0 days 00:00:25.964000,0 days 00:00:27.182000,0 days 00:00:22.924000,0 days 00:55:42.100000,0 days 00:56:09.282000,0 days 00:56:32.206000,279.0,276.0,315.0,308.0,False,MEDIUM,17.0,False,McLaren,0 days 00:55:16.136000,2026-08-21 11:11:50.033,1,,,,False,True,FP1,22.8,18.0,70.3
0 days 00:57:48.418000,NOR,1,0 days 00:01:16.212000,20.0,3.0,,,0 days 00:00:25.923000,0 days 00:00:26.874000,0 days 00:00:23.415000,0 days 00:56:58.129000,0 days 00:57:25.003000,0 days 00:57:48.418000,277.0,279.0,311.0,307.0,False,MEDIUM,18.0,False,McLaren,0 days 00:56:32.206000,2026-08-21 11:13:06.103,12,,,,False,True,FP1,22.8,18.0,70.3
0 days 00:59:10.934000,NOR,1,0 days 00:01:22.516000,21.0,3.0,,0 days 00:59:09.555000,0 days 00:00:25.961000,0 days 00:00:27.446000,0 days 00:00:29.109000,0 days 00:58:14.379000,0 days 00:58:41.825000,0 days 00:59:10.934000,277.0,218.0,,303.0,False,MEDIUM,19.0,False,McLaren,0 days 00:57:48.418000,2026-08-21 11:14:22.315,1,,,,False,False,FP1,22.8,18.0,70.3
0 days 01:06:27.754000,NOR,1,,22.0,4.0,0 days 01:04:54.686000,,,0 days 00:00:28.351000,0 days 00:00:32.223000,,0 days 01:05:55.778000,0 days 01:06:27.833000,239.0,229.0,313.0,303.0,False,SOFT,1.0,True,McLaren,0 days 00:59:10.934000,2026-08-21 11:15:44.831,1,,,,False,False,FP1,22.8,18.0,70.3
0 days 01:07:51.376000,NOR,1,0 days 00:01:23.622000,23.0,4.0,,,0 days 00:00:26.592000,0 days 00:00:31.926000,0 days 00:00:25.104000,0 days 01:06:54.346000,0 days 01:07:26.272000,0 days 01:07:51.376000,230.0,235.0,307.0,296.0,False,SOFT,2.0,True,McLaren,0 days 01:06:27.754000,2026-08-21 11:23:01.651,1,,,,False,True,FP1,22.8,18.0,70.3
0 days 01:09:04.481000,NOR,1,0 days 00:01:13.105000,24.0,4.0,,,0 days 00:00:24.957000,0 days 00:00:25.828000,0 days 00:00:22.320000,0 days 01:08:16.333000,0 days 01:08:42.161000,0 days 01:09:04.481000,289.0,283.0,311.0,312.0,True,SOFT,3.0,True,McLaren,0 days 01:07:51.376000,2026-08-21 11:24:25.273,1,,,,False,True,FP1,22.8,18.0,70.3
0 days 01:11:00.994000,NOR,1,0 days 00:01:56.513000,25.0,4.0,,,0 days 00:00:42.751000,0 days 00:00:46.422000,0 days 00:00:27.340000,0 days 01:09:47.232000,0 days 01:10:33.654000,0 days 01:11:00.994000,83.0,209.0,277.0,239.0,False,SOFT,4.0,True,McLaren,0 days 01:09:04.481000,2026-08-21 11:25:38.378,1,,,,False,True,FP1,22.8,18.0,70.3
0 days 01:12:30.163000,NOR,1,0 days 00:01:29.169000,26.0,4.0,,,0 days 00:00:30.433000,0 days 00:00:32.012000,0 days 00:00:26.724000,0 days 01:11:31.427000,0 days 01:12:03.439000,0 days 01:12:30.163000,236.0,229.0,316.0,230.0,False,SOFT,5.0,True,McLaren,0 days 01:11:00.994000,2026-08-21 11:27:34.891,1,,,,False,True,FP1,22.8,18.0,70.3
0 days 01:13:43.233000,NOR,1,0 days 00:01:13.070000,27.0,4.0,,,0 days 00:00:25.175000,0 days 00:00:25.529000,0 days 00:00:22.366000,0 days 01:12:55.338000,0 days 01:13:20.867000,0 days 01:13:43.233000,289.0,281.0,306.0,310.0,True,SOFT,6.0,True,McLaren,0 days 01:12:30.163000,2026-08-21 11:29:04.060,1,,,,False,True,FP1,22.8,18.0,70.3
0 days 01:15:33.922000,NOR,1,0 days 00:01:50.689000,28.0,4.0,,,0 days 00:00:32.636000,0 days 00:00:34.104000,0 days 00:00:43.949000,0 days 01:14:15.869000,0 days 01:14:49.973000,0 days 01:15:33.922000,224.0,253.0,51.0,238.0,False,SOFT,7.0,True,McLaren,0 days 01:13:43.233000,2026-08-21 11:30:17.130,12,,,,False,True,FP1,22.8,18.0,70.3
0 days 01:18:13.132000,NOR,1,,29.0,4.0,,,0 days 00:00:59.654000,0 days 00:00:29.454000,0 days 00:01:09.991000,0 days 01:16:33.758000,0 days 01:17:03.294000,0 days 01:18:13.132000,232.0,273.0,146.0,233.0,False,SOFT,8.0,True,McLaren,0 days 01:15:33.922000,2026-08-21 11:32:07.819,2,,,,False,False,FP1,22.8,18.0,70.3
0 days 01:19:39.647000,NOR,1,0 days 00:01:26.515000,30.0,4.0,,0 days 01:19:37.203000,0 days 00:00:27.779000,0 days 00:00:28.488000,0 days 00:00:30.248000,0 days 01:18:40.911000,0 days 01:19:09.399000,0 days 01:19:39.647000,292.0,240.0,,260.0,False,SOFT,9.0,True,McLaren,0 days 01:18:13.132000,2026-08-21 11:34:47.029,2,,,,False,False,FP1,23.2,18.0,69.1
0 days 00:27:33.536000,VER,3,,1.0,1.0,0 days 00:25:59.032000,,,0 days 00:00:33.838000,0 days 00:00:26.786000,,0 days 00:27:07.098000,0 days 00:27:33.651000,231.0,228.0,322.0,,False,HARD,1.0,True,Red Bull Racing,0 days 00:25:59.032000,2026-08-21 10:42:32.929,1,,,,False,False,FP1,23.2,18.0,69.1
0 days 00:28:51.271000,VER,3,0 days 00:01:17.735000,2.0,1.0,,,0 days 00:00:26.893000,0 days 00:00:27.278000,0 days 00:00:23.564000,0 days 00:28:00.429000,0 days 00:28:27.707000,0 days 00:28:51.271000,270.0,271.0,287.0,264.0,True,HARD,2.0,True,Red Bull Racing,0 days 00:27:33.536000,2026-08-21 10:44:07.433,1,,,,False,True,FP1,23.2,18.0,69.1
0 days 00:30:07.563000,VER,3,0 days 00:01:16.292000,3.0,1.0,,,0 days 00:00:26.380000,0 days 00:00:26.806000,0 days 00:00:23.106000,0 days 00:29:17.651000,0 days 00:29:44.457000,0 days 00:30:07.563000,271.0,275.0,293.0,277.0,True,HARD,3.0,True,Red Bull Racing,0 days 00:28:51.271000,2026-08-21 10:45:25.168,1,,,,False,True,FP1,23.2,18.0,69.1
0 days 00:31:54.051000,VER,3,0 days 00:01:46.488000,4.0,1.0,,,0 days 00:00:41.906000,0 days 00:00:38.195000,0 days 00:00:26.387000,0 days 00:30:49.469000,0 days 00:31:27.664000,0 days 00:31:54.051000,128.0,173.0,303.0,151.0,False,HARD,4.0,True,Red Bull Racing,0 days 00:30:07.563000,2026-08-21 10:46:41.460,12,,,,False,True,FP1,23.2,18.0,69.1
0 days 00:33:09.432000,VER,3,0 days 00:01:15.381000,5.0,1.0,,,0 days 00:00:25.899000,0 days 00:00:26.597000,0 days 00:00:22.885000,0 days 00:32:19.950000,0 days 00:32:46.547000,0 days 00:33:09.432000,289.0,289.0,302.0,301.0,True,HARD,5.0,True,Red Bull Racing,0 days 00:31:54.051000,2026-08-21 10:48:27.948,1,,,,False,True,FP1,23.2,18.0,69.1
0 days 00:35:02.818000,VER,3,0 days 00:01:53.386000,6.0,1.0,,,0 days 00:00:40.392000,0 days 00:00:43.645000,0 days 00:00:29.349000,0 days 00:33:49.824000,0 days 00:34:33.469000,0 days 00:35:02.818000,168.0,207.0,302.0,221.0,False,HARD,6.0,True,Red Bull Racing,0 days 00:33:09.432000,2026-08-21 10:49:43.329,1,,,,False,True,FP1,23.2,18.0,69.1
0 days 00:36:17.760000,VER,3,0 days 00:01:14.942000,7.0,1.0,,,0 days 00:00:25.673000,0 days 00:00:26.380000,0 days 00:00:22.889000,0 days 00:35:28.491000,0 days 00:35:54.871000,0 days 00:36:17.760000,291.0,285.0,302.0,305.0,True,HARD,7.0,True,Red Bull Racing,0 days 00:35:02.818000,2026-08-21 10:51:36.715,1,,,,False,True,FP1,23.2,18.0,69.1
0 days 00:38:08.010000,VER,3,0 days 00:01:50.250000,8.0,1.0,,,0 days 00:00:43.275000,0 days 00:00:37.937000,0 days 00:00:29.038000,0 days 00:37:01.035000,0 days 00:37:38.972000,0 days 00:38:08.010000,174.0,233.0,301.0,208.0,False,HARD,8.0,True,Red Bull Racing,0 days 00:36:17.760000,2026-08-21 10:52:51.657,1,,,,False,True,FP1,23.6,18.0,69.7
0 days 00:39:22.858000,VER,3,0 days 00:01:14.848000,9.0,1.0,,,0 days 00:00:25.686000,0 days 00:00:26.390000,0 days 00:00:22.772000,0 days 00:38:33.696000,0 days 00:39:00.086000,0 days 00:39:22.858000,288.0,285.0,302.0,305.0,True,HARD,9.0,True,Red Bull Racing,0 days 00:38:08.010000,2026-08-21 10:54:41.907,1,,,,False,True,FP1,23.6,18.0,69.7
0 days 00:40:56.713000,VER,3,0 days 00:01:33.855000,10.0,1.0,,0 days 00:40:55.579000,0 days 00:00:32.366000,0 days 00:00:31.001000,0 days 00:00:30.488000,0 days 00:39:55.224000,0 days 00:40:26.225000,0 days 00:40:56.713000,243.0,226.0,,220.0,False,HARD,10.0,True,Red Bull Racing,0 days 00:39:22.858000,2026-08-21 10:55:56.755,12,,,,False,False,FP1,23.6,18.0,69.7
0 days 00:50:02.357000,VER,3,,11.0,2.0,0 days 00:48:13.934000,,,0 days 00:00:28.100000,0 days 00:00:31.168000,,0 days 00:49:31.366000,0 days 00:50:02.418000,291.0,286.0,315.0,220.0,False,HARD,11.0,False,Red Bull Racing,0 days 00:40:56.713000,2026-08-21 10:57:30.610,1,,,,False,False,FP1,23.6,18.0,69.7
0 days 00:51:19.583000,VER,3,0 days 00:01:17.226000,12.0,2.0,,,0 days 00:00:26.550000,0 days 00:00:27.375000,0 days 00:00:23.301000,0 days 00:50:28.907000,0 days 00:50:56.282000,0 days 00:51:19.583000,279.0,276.0,296.0,287.0,False,HARD,12.0,False,Red Bull Racing,0 days 00:50:02.357000,2026-08-21 11:06:36.254,1,,,,False,True,FP1,23.6,18.0,69.7
0 days 00:52:36.704000,VER,3,0 days 00:01:17.121000,13.0,2.0,,,0 days 00:00:26.424000,0 days 00:00:27.454000,0 days 00:00:23.243000,0 days 00:51:46.007000,0 days 00:52:13.461000,0 days 00:52:36.704000,276.0,272.0,299.0,289.0,False,HARD,13.0,False,Red Bull Racing,0 days 00:51:19.583000,2026-08-21 11:07:53.480,1,,,,False,True,FP1,23.6,18.0,69.7
0 days 00:53:53.556000,VER,3,0 days 00:01:16.852000,14.0,2.0,,,0 days 00:00:26.188000,0 days 00:00:27.466000,0 days 00:00:23.198000,0 days 00:53:02.892000,0 days 00:53:30.358000,0 days 00:53:53.556000,281.0,273.0,301.0,290.0,False,HARD,14.0,False,Red Bull Racing,0 days 00:52:36.704000,2026-08-21 11:09:10.601,1,,,,False,True,FP1,23.6,18.0,69.7
0 days 00:55:10.648000,VER,3,0 days 00:01:17.092000,15.0,2.0,,,0 days 00:00:26.227000,0 days 00:00:27.579000,0 days 00:00:23.286000,0 days 00:54:19.783000,0 days 00:54:47.362000,0 days 00:55:10.648000,280.0,272.0,300.0,293.0,False,HARD,15.0,False,Red Bull Racing,0 days 00:53:53.556000,2026-08-21 11:10:27.453,1,,,,False,True,FP1,23.6,18.1,69.7
0 days 00:56:28.026000,VER,3,0 days 00:01:17.378000,16.0,2.0,,,0 days 00:00:26.378000,0 days 00:00:27.526000,0 days 00:00:23.474000,0 days 00:55:37.026000,0 days 00:56:04.552000,0 days 00:56:28.026000,282.0,274.0,300.0,295.0,False,HARD,16.0,False,Red Bull Racing,0 days 00:55:10.648000,2026-08-21 11:11:44.545,1,,,,False,True,FP1,23.6,18.1,69.7
0 days 00:57:54.642000,VER,3,0 days 00:01:26.616000,17.0,2.0,,,0 days 00:00:27.612000,0 days 00:00:27.661000,0 days 00:00:31.343000,0 days 00:56:55.638000,0 days 00:57:23.299000,0 days 00:57:54.642000,282.0,271.0,299.0,292.0,False,HARD,17.0,False,Red Bull Racing,0 days 00:56:28.026000,2026-08-21 11:13:01.923,12,,,,False,True,FP1,23.6,18.1,69.7
0 days 00:59:18.632000,VER,3,0 days 00:01:23.990000,18.0,2.0,,0 days 00:59:17.367000,0 days 00:00:27.551000,0 days 00:00:27.991000,0 days 00:00:28.448000,0 days 00:58:22.193000,0 days 00:58:50.184000,0 days 00:59:18.632000,273.0,272.0,,271.0,False,HARD,18.0,False,Red Bull Racing,0 days 00:57:54.642000,2026-08-21 11:14:28.539,1,,,,False,False,FP1,23.6,18.1,69.7
0 days 01:03:50.537000,VER,3,,19.0,3.0,0 days 01:02:23.092000,,,0 days 00:00:32.238000,0 days 00:00:25.180000,,0 days 01:03:25.539000,0 days 01:03:50.777000,246.0,236.0,300.0,271.0,False,SOFT,1.0,True,Red Bull Racing,0 days 00:59:18.632000,2026-08-21 11:15:52.529,1,,,,False,False,FP1,23.6,18.1,69.7
0 days 01:05:04.862000,VER,3,0 days 00:01:14.325000,20.0,3.0,,,0 days 00:00:25.514000,0 days 00:00:26.323000,0 days 00:00:22.488000,0 days 01:04:16.051000,0 days 01:04:42.374000,0 days 01:05:04.862000,288.0,287.0,306.0,305.0,True,SOFT,2.0,True,Red Bull Racing,0 days 01:03:50.537000,2026-08-21 11:20:24.434,1,,,,False,True,FP1,23.6,18.1,69.7
0 days 01:07:00.209000,VER,3,0 days 00:01:55.347000,21.0,3.0,,0 days 01:06:59.115000,0 days 00:00:39.011000,0 days 00:00:42.251000,0 days 00:00:34.085000,0 days 01:05:43.873000,0 days 01:06:26.124000,0 days 01:07:00.209000,194.0,181.0,,234.0,False,SOFT,3.0,True,Red Bull Racing,0 days 01:05:04.862000,2026-08-21 11:21:38.759,1,,,,False,False,FP1,23.6,18.1,69.7
0 days 01:13:31.657000,VER,3,,22.0,4.0,0 days 01:11:18.559000,,,0 days 00:00:38.118000,0 days 00:00:40.548000,,0 days 01:12:51.174000,0 days 01:13:31.657000,219.0,101.0,213.0,234.0,False,HARD,19.0,False,Red Bull Racing,0 days 01:07:00.209000,2026-08-21 11:23:34.106,1,,,,False,False,FP1,24.6,18.2,70.3
0 days 01:15:13.915000,VER,3,0 days 00:01:42.258000,23.0,4.0,,,0 days 00:00:30.368000,0 days 00:00:30.907000,0 days 00:00:40.983000,0 days 01:14:02.025000,0 days 01:14:32.932000,0 days 01:15:13.915000,242.0,177.0,48.0,228.0,False,HARD,20.0,False,Red Bull Racing,0 days 01:13:31.657000,2026-08-21 11:30:05.554,12,,,,False,True,FP1,24.6,18.2,70.3
0 days 01:17:48.686000,VER,3,,24.0,4.0,,,0 days 00:00:55.863000,0 days 00:00:29.577000,0 days 00:01:09.275000,0 days 01:16:09.901000,0 days 01:16:39.531000,0 days 01:17:48.715000,271.0,215.0,94.0,209.0,False,HARD,21.0,False,Red Bull Racing,0 days 01:15:13.915000,2026-08-21 11:31:47.812,2,,,,False,False,FP1,24.9,18.3,69.8
0 days 01:19:21.459000,VER,3,0 days 00:01:32.773000,25.0,4.0,,0 days 01:19:20.087000,0 days 00:00:30.017000,0 days 00:00:28.290000,0 days 00:00:34.466000,0 days 01:18:18.703000,0 days 01:18:46.993000,0 days 01:19:21.459000,256.0,242.0,,244.0,False,HARD,22.0,False,Red Bull Racing,0 days 01:17:48.686000,2026-08-21 11:34:22.583,2,,,,False,False,FP1,24.9,18.3,69.8
0 days 00:21:28.465000,BOR,5,,1.0,1.0,0 days 00:19:30.174000,0 days 00:21:27.062000,,0 days 00:00:31.311000,0 days 00:00:31.055000,,0 days 00:20:58.561000,0 days 00:21:28.465000,219.0,230.0,,,False,INTERMEDIATE,1.0,True,Audi,0 days 00:19:30.174000,2026-08-21 10:36:04.071,1,,,,False,False,FP1,24.9,18.3,69.8
0 days 00:27:45.655000,BOR,5,,2.0,2.0,0 days 00:25:59.251000,,,0 days 00:00:31.487000,0 days 00:00:27.674000,,0 days 00:27:18.202000,0 days 00:27:45.874000,249.0,234.0,287.0,,False,HARD,1.0,True,Audi,0 days 00:21:28.465000,2026-08-21 10:38:02.362,1,,,,False,False,FP1,24.9,18.3,69.8
0 days 00:29:07.676000,BOR,5,0 days 00:01:22.021000,3.0,2.0,,,0 days 00:00:27.284000,0 days 00:00:28.136000,0 days 00:00:26.601000,0 days 00:28:12.939000,0 days 00:28:41.075000,0 days 00:29:07.676000,292.0,201.0,290.0,251.0,True,HARD,2.0,True,Audi,0 days 00:27:45.655000,2026-08-21 10:44:19.552,1,,,,False,True,FP1,24.9,18.3,69.8
0 days 00:30:24.002000,BOR,5,0 days 00:01:16.326000,4.0,2.0,,,0 days 00:00:26.162000,0 days 00:00:27.152000,0 days 00:00:23.012000,0 days 00:29:33.838000,0 days 00:30:00.990000,0 days 00:30:24.002000,291.0,291.0,305.0,280.0,True,HARD,3.0,True,Audi,0 days 00:29:07.676000,2026-08-21 10:45:41.573,1,,,,False,True,FP1,24.9,18.3,69.8
0 days 00:32:09.083000,BOR,5,0 days 00:01:45.081000,5.0,2.0,,,0 days 00:00:34.526000,0 days 00:00:38.337000,0 days 00:00:32.218000,0 days 00:30:58.528000,0 days 00:31:36.865000,0 days 00:32:09.083000,205.0,182.0,303.0,185.0,False,HARD,4.0,True,Audi,0 days 00:30:24.002000,2026-08-21 10:46:57.899,12,,,,False,True,FP1,24.9,18.3,69.8
0 days 00:33:42.083000,BOR,5,0 days 00:01:33,6.0,2.0,,,0 days 00:00:27.923000,0 days 00:00:34.124000,0 days 00:00:30.953000,0 days 00:32:37.006000,0 days 00:33:11.130000,0 days 00:33:42.083000,292.0,105.0,302.0,263.0,False,HARD,5.0,True,Audi,0 days 00:32:09.083000,2026-08-21 10:48:42.980,1,,,,False,True,FP1,24.9,18.3,69.8
0 days 00:34:57.753000,BOR,5,0 days 00:01:15.670000,7.0,2.0,,,0 days 00:00:25.911000,0 days 00:00:26.927000,0 days 00:00:22.832000,0 days 00:34:07.994000,0 days 00:34:34.921000,0 days 00:34:57.753000,289.0,291.0,309.0,295.0,True,HARD,6.0,True,Audi,0 days 00:33:42.083000,2026-08-21 10:50:15.980,1,,,,False,True,FP1,25.5,18.3,69.0
0 days 00:36:44.156000,BOR,5,0 days 00:01:46.403000,8.0,2.0,,,0 days 00:00:39.021000,0 days 00:00:33.186000,0 days 00:00:34.196000,0 days 00:35:36.774000,0 days 00:36:09.960000,0 days 00:36:44.156000,220.0,216.0,303.0,229.0,False,HARD,7.0,True,Audi,0 days 00:34:57.753000,2026-08-21 10:51:31.650,1,,,,False,True,FP1,25.5,18.3,69.0
0 days 00:38:04.446000,BOR,5,0 days 00:01:20.290000,9.0,2.0,,0 days 00:38:03.348000,0 days 00:00:25.889000,0 days 00:00:26.968000,0 days 00:00:27.433000,0 days 00:37:10.045000,0 days 00:37:37.013000,0 days 00:38:04.446000,291.0,291.0,,297.0,False,HARD,8.0,True,Audi,0 days 00:36:44.156000,2026-08-21 10:53:18.053,1,,,,False,False,FP1,25.5,18.3,69.0
0 days 00:40:16.153000,BOR,5,0 days 00:02:11.707000,10.0,3.0,0 days 00:38:25.490000,,0 days 00:01:00.246000,0 days 00:00:40.882000,0 days 00:00:30.579000,0 days 00:39:04.692000,0 days 00:39:45.574000,0 days 00:40:16.153000,212.0,125.0,302.0,297.0,False,HARD,9.0,False,Audi,0 days 00:38:04.446000,2026-08-21 10:54:38.343,12,,,,False,False,FP1,25.5,18.3,69.0
0 days 00:41:31.250000,BOR,5,0 days 00:01:15.097000,11.0,3.0,,,0 days 00:00:25.967000,0 days 00:00:26.576000,0 days 00:00:22.554000,0 days 00:40:42.120000,0 days 00:41:08.696000,0 days 00:41:31.250000,289.0,292.0,303.0,300.0,True,HARD,10.0,False,Audi,0 days 00:40:16.153000,2026-08-21 10:56:50.050,1,,,,False,True,FP1,25.5,18.3,69.0
0 days 00:43:09.392000,BOR,5,0 days 00:01:38.142000,12.0,3.0,,0 days 00:43:08.132000,0 days 00:00:32.554000,0 days 00:00:33.040000,0 days 00:00:32.548000,0 days 00:42:03.804000,0 days 00:42:36.844000,0 days 00:43:09.392000,210.0,212.0,,234.0,False,HARD,11.0,False,Audi,0 days 00:41:31.250000,2026-08-21 10:58:05.147,1,,,,False,False,FP1,25.7,18.3,66.8
0 days 00:52:05.556000,BOR,5,,13.0,4.0,0 days 00:50:21.270000,,,0 days 00:00:29.778000,0 days 00:00:25.768000,,0 days 00:51:39.972000,0 days 00:52:05.673000,244.0,234.0,301.0,234.0,False,HARD,12.0,False,Audi,0 days 00:43:09.392000,2026-08-21 10:59:43.289,1,,,,False,False,FP1,25.7,18.3,66.8
0 days 00:53:27.715000,BOR,5,0 days 00:01:22.159000,14.0,4.0,,,0 days 00:00:26.856000,0 days 00:00:27.340000,0 days 00:00:27.963000,0 days 00:52:32.412000,0 days 00:52:59.752000,0 days 00:53:27.715000,291.0,238.0,304.0,268.0,False,HARD,13.0,False,Audi,0 days 00:52:05.556000,2026-08-21 11:08:39.453,1,,,,False,True,FP1,25.7,18.3,66.8
0 days 00:54:43.255000,BOR,5,0 days 00:01:15.540000,15.0,4.0,,,0 days 00:00:26.105000,0 days 00:00:26.678000,0 days 00:00:22.757000,0 days 00:53:53.820000,0 days 00:54:20.498000,0 days 00:54:43.255000,291.0,293.0,313.0,293.0,False,HARD,14.0,False,Audi,0 days 00:53:27.715000,2026-08-21 11:10:01.612,1,,,,False,True,FP1,25.7,18.3,66.8
0 days 00:56:00.274000,BOR,5,0 days 00:01:17.019000,16.0,4.0,,,0 days 00:00:26.537000,0 days 00:00:27.362000,0 days 00:00:23.120000,0 days 00:55:09.792000,0 days 00:55:37.154000,0 days 00:56:00.274000,272.0,279.0,322.0,284.0,False,HARD,15.0,False,Audi,0 days 00:54:43.255000,2026-08-21 11:11:17.152,1,,,,False,True,FP1,25.7,18.3,66.8
0 days 00:57:18.138000,BOR,5,0 days 00:01:17.864000,17.0,4.0,,,0 days 00:00:27.106000,0 days 00:00:27.556000,0 days 00:00:23.202000,0 days 00:56:27.380000,0 days 00:56:54.936000,0 days 00:57:18.138000,281.0,284.0,323.0,240.0,False,HARD,16.0,False,Audi,0 days 00:56:00.274000,2026-08-21 11:12:34.171,1,,,,False,True,FP1,25.7,18.3,66.8
0 days 00:58:36.084000,BOR,5,0 days 00:01:17.946000,18.0,4.0,,,0 days 00:00:26.985000,0 days 00:00:27.754000,0 days 00:00:23.207000,0 days 00:57:45.123000,0 days 00:58:12.877000,0 days 00:58:36.084000,285.0,287.0,335.0,280.0,False,HARD,17.0,False,Audi,0 days 00:57:18.138000,2026-08-21 11:13:52.035,12,,,,False,True,FP1,25.7,18.3,66.8
0 days 00:59:53.207000,BOR,5,0 days 00:01:17.123000,19.0,4.0,,,0 days 00:00:26.506000,0 days 00:00:27.482000,0 days 00:00:23.135000,0 days 00:59:02.590000,0 days 00:59:30.072000,0 days 00:59:53.207000,275.0,278.0,305.0,283.0,False,HARD,18.0,False,Audi,0 days 00:58:36.084000,2026-08-21 11:15:09.981,1,,,,False,True,FP1,25.7,18.3,66.8
0 days 01:01:16.544000,BOR,5,0 days 00:01:23.337000,20.0,4.0,,0 days 01:01:16.131000,0 days 00:00:26.653000,0 days 00:00:27.505000,0 days 00:00:29.179000,0 days 01:00:19.860000,0 days 01:00:47.365000,0 days 01:01:16.544000,276.0,279.0,,288.0,False,HARD,19.0,False,Audi,0 days 00:59:53.207000,2026-08-21 11:16:27.104,1,,,,False,False,FP1,26.8,18.4,68.6
0 days 01:06:17.606000,BOR,5,,21.0,5.0,0 days 01:04:47.962000,,,0 days 00:00:29.024000,0 days 00:00:30.875000,,0 days 01:05:46.900000,0 days 01:06:17.743000,245.0,233.0,303.0,288.0,False,MEDIUM,1.0,True,Audi,0 days 01:01:16.544000,2026-08-21 11:17:50.441,1,,,,False,False,FP1,26.8,18.4,68.6
0 days 01:07:31.598000,BOR,5,0 days 00:01:13.992000,22.0,5.0,,,0 days 00:00:25.563000,0 days 00:00:26.091000,0 days 00:00:22.338000,0 days 01:06:43.169000,0 days 01:07:09.260000,0 days 01:07:31.598000,290.0,295.0,308.0,304.0,True,MEDIUM,2.0,True,Audi,0 days 01:06:17.606000,2026-08-21 11:22:51.503,1,,,,False,True,FP1,26.8,18.4,68.6
0 days 01:09:31.114000,BOR,5,0 days 00:01:59.516000,23.0,5.0,,0 days 01:09:29.950000,0 days 00:00:41.535000,0 days 00:00:42.537000,0 days 00:00:35.444000,0 days 01:08:13.133000,0 days 01:08:55.670000,0 days 01:09:31.114000,161.0,157.0,,237.0,False,MEDIUM,3.0,True,Audi,0 days 01:07:31.598000,2026-08-21 11:24:05.495,1,,,,False,False,FP1,26.8,18.4,68.6
0 days 01:11:17.894000,BOR,5,0 days 00:01:46.780000,24.0,6.0,0 days 01:09:42.099000,,0 days 00:00:43.369000,0 days 00:00:30.390000,0 days 00:00:33.021000,0 days 01:10:14.483000,0 days 01:10:44.873000,0 days 01:11:17.894000,244.0,231.0,306.0,237.0,False,MEDIUM,4.0,False,Audi,0 days 01:09:31.114000,2026-08-21 11:26:05.011,1,,,,False,False,FP1,26.8,18.4,68.6
0 days 01:12:31.947000,BOR,5,0 days 00:01:14.053000,25.0,6.0,,,0 days 00:00:25.451000,0 days 00:00:26.055000,0 days 00:00:22.547000,0 days 01:11:43.345000,0 days 01:12:09.400000,0 days 01:12:31.947000,291.0,292.0,306.0,306.0,False,MEDIUM,5.0,False,Audi,0 days 01:11:17.894000,2026-08-21 11:27:51.791,1,,,,False,True,FP1,26.8,18.4,68.6
0 days 01:14:13.624000,BOR,5,0 days 00:01:41.677000,26.0,6.0,,,0 days 00:00:35.727000,0 days 00:00:38.451000,0 days 00:00:27.499000,0 days 01:13:07.674000,0 days 01:13:46.125000,0 days 01:14:13.624000,187.0,194.0,253.0,208.0,False,MEDIUM,6.0,False,Audi,0 days 01:12:31.947000,2026-08-21 11:29:05.844,1,,,,False,True,FP1,26.8,18.4,68.6
0 days 01:16:32.508000,BOR,5,0 days 00:02:18.884000,27.0,6.0,,,0 days 00:00:32.678000,0 days 00:00:37.899000,0 days 00:01:08.307000,0 days 01:14:46.302000,0 days 01:15:24.201000,0 days 01:16:32.508000,200.0,179.0,78.0,193.0,False,MEDIUM,7.0,False,Audi,0 days 01:14:13.624000,2026-08-21 11:30:47.521,12,,,,False,True,FP1,26.6,18.5,68.7
0 days 01:18:25.887000,BOR,5,0 days 00:01:53.379000,28.0,6.0,,,0 days 00:00:29.031000,0 days 00:00:28.457000,0 days 00:00:55.891000,0 days 01:17:01.539000,0 days 01:17:29.996000,0 days 01:18:25.887000,300.0,246.0,42.0,229.0,False,MEDIUM,8.0,False,Audi,0 days 01:16:32.508000,2026-08-21 11:33:06.405,2,,,,False,True,FP1,26.6,18.5,68.7
0 days 01:20:33.618000,BOR,5,0 days 00:02:07.731000,29.0,6.0,,0 days 01:20:32.452000,0 days 00:00:59.791000,0 days 00:00:26.936000,0 days 00:00:41.004000,0 days 01:19:25.678000,0 days 01:19:52.614000,0 days 01:20:33.618000,300.0,286.0,,219.0,False,MEDIUM,9.0,False,Audi,0 days 01:18:25.887000,2026-08-21 11:34:59.784,2,,,,False,False,FP1,26.6,18.5,68.7
0 days 00:16:18.958000,GAS,10,,1.0,1.0,0 days 00:14:41.408000,,,0 days 00:00:34,0 days 00:00:28.779000,,0 days 00:15:50.586000,0 days 00:16:19.039000,178.0,250.0,283.0,,False,INTERMEDIATE,1.0,True,Alpine,0 days 00:14:41.408000,2026-08-21 10:31:15.305,1,,,,False,False,FP1,26.6,18.5,68.7
0 days 00:17:45.586000,GAS,10,0 days 00:01:26.628000,2.0,1.0,,,0 days 00:00:30.045000,0 days 00:00:30.982000,0 days 00:00:25.601000,0 days 00:16:49.003000,0 days 00:17:19.985000,0 days 00:17:45.586000,274.0,261.0,287.0,235.0,True,INTERMEDIATE,2.0,True,Alpine,0 days 00:16:18.958000,2026-08-21 10:32:52.855,1,,,,False,True,FP1,26.6,18.5,68.7
0 days 00:19:36.425000,GAS,10,0 days 00:01:50.839000,3.0,1.0,,0 days 00:19:35.161000,0 days 00:00:37.665000,0 days 00:00:37.317000,0 days 00:00:35.857000,0 days 00:18:23.251000,0 days 00:19:00.568000,0 days 00:19:36.425000,212.0,200.0,,194.0,False,INTERMEDIATE,3.0,True,Alpine,0 days 00:17:45.586000,2026-08-21 10:34:19.483,1,,,,False,False,FP1,26.6,18.5,68.7
0 days 00:30:30.425000,GAS,10,,4.0,2.0,0 days 00:29:02.112000,,,0 days 00:00:30.201000,0 days 00:00:27.229000,,0 days 00:30:03.527000,0 days 00:30:30.611000,277.0,245.0,297.0,194.0,False,HARD,1.0,True,Alpine,0 days 00:19:36.425000,2026-08-21 10:36:10.322,1,,,,False,False,FP1,26.6,18.5,68.7
0 days 00:31:58.368000,GAS,10,0 days 00:01:27.943000,5.0,2.0,,,0 days 00:00:28.523000,0 days 00:00:30.502000,0 days 00:00:28.918000,0 days 00:30:58.948000,0 days 00:31:29.450000,0 days 00:31:58.368000,284.0,235.0,297.0,228.0,False,HARD,2.0,True,Alpine,0 days 00:30:30.425000,2026-08-21 10:47:04.322,12,,,,False,True,FP1,26.6,18.5,68.7
0 days 00:33:15.600000,GAS,10,0 days 00:01:17.232000,6.0,2.0,,,0 days 00:00:26.544000,0 days 00:00:27.364000,0 days 00:00:23.324000,0 days 00:32:24.912000,0 days 00:32:52.276000,0 days 00:33:15.600000,290.0,286.0,309.0,278.0,True,HARD,3.0,True,Alpine,0 days 00:31:58.368000,2026-08-21 10:48:32.265,1,,,,False,True,FP1,26.6,18.5,68.7
0 days 00:34:57.359000,GAS,10,0 days 00:01:41.759000,7.0,2.0,,,0 days 00:00:35.941000,0 days 00:00:32.997000,0 days 00:00:32.821000,0 days 00:33:51.541000,0 days 00:34:24.538000,0 days 00:34:57.359000,187.0,208.0,282.0,235.0,False,HARD,4.0,True,Alpine,0 days 00:33:15.600000,2026-08-21 10:49:49.497,1,,,,False,True,FP1,26.6,18.5,68.7
0 days 00:36:34.219000,GAS,10,0 days 00:01:36.860000,8.0,2.0,,,0 days 00:00:30.957000,0 days 00:00:34.206000,0 days 00:00:31.697000,0 days 00:35:28.316000,0 days 00:36:02.522000,0 days 00:36:34.219000,189.0,212.0,285.0,265.0,False,HARD,5.0,True,Alpine,0 days 00:34:57.359000,2026-08-21 10:51:31.256,1,,,,False,True,FP1,26.6,18.5,68.7
0 days 00:37:51.616000,GAS,10,0 days 00:01:17.397000,9.0,2.0,,,0 days 00:00:27.060000,0 days 00:00:27.183000,0 days 00:00:23.154000,0 days 00:37:01.279000,0 days 00:37:28.462000,0 days 00:37:51.616000,291.0,282.0,303.0,267.0,False,HARD,6.0,True,Alpine,0 days 00:36:34.219000,2026-08-21 10:53:08.116,1,,,,False,True,FP1,26.6,18.5,68.7
0 days 00:39:36.372000,GAS,10,0 days 00:01:44.756000,10.0,2.0,,,0 days 00:00:37.342000,0 days 00:00:37.662000,0 days 00:00:29.752000,0 days 00:38:28.958000,0 days 00:39:06.620000,0 days 00:39:36.372000,163.0,239.0,295.0,210.0,False,HARD,7.0,True,Alpine,0 days 00:37:51.616000,2026-08-21 10:54:25.513,12,,,,False,True,FP1,26.7,18.5,66.6
0 days 00:40:52.516000,GAS,10,0 days 00:01:16.144000,11.0,2.0,,,0 days 00:00:26.154000,0 days 00:00:26.789000,0 days 00:00:23.201000,0 days 00:40:02.526000,0 days 00:40:29.315000,0 days 00:40:52.516000,291.0,284.0,308.0,302.0,True,HARD,8.0,True,Alpine,0 days 00:39:36.372000,2026-08-21 10:56:10.269,1,,,,False,True,FP1,26.7,18.5,66.6
0 days 00:42:48.481000,GAS,10,0 days 00:01:55.965000,12.0,2.0,,,0 days 00:00:43.706000,0 days 00:00:45.046000,0 days 00:00:27.213000,0 days 00:41:36.222000,0 days 00:42:21.268000,0 days 00:42:48.481000,141.0,229.0,294.0,172.0,False,HARD,9.0,True,Alpine,0 days 00:40:52.516000,2026-08-21 10:57:26.413,1,,,,False,True,FP1,26.7,18.5,66.6
0 days 00:44:04.211000,GAS,10,0 days 00:01:15.730000,13.0,2.0,,,0 days 00:00:26.194000,0 days 00:00:26.682000,0 days 00:00:22.854000,0 days 00:43:14.675000,0 days 00:43:41.357000,0 days 00:44:04.211000,291.0,287.0,309.0,294.0,True,HARD,10.0,True,Alpine,0 days 00:42:48.481000,2026-08-21 10:59:22.378,1,,,,False,True,FP1,26.7,18.5,66.6
0 days 00:45:50.396000,GAS,10,0 days 00:01:46.185000,14.0,2.0,,,0 days 00:00:39.080000,0 days 00:00:40.400000,0 days 00:00:26.705000,0 days 00:44:43.291000,0 days 00:45:23.691000,0 days 00:45:50.396000,155.0,231.0,291.0,233.0,False,HARD,11.0,True,Alpine,0 days 00:44:04.211000,2026-08-21 11:00:38.108,1,,,,False,True,FP1,26.7,18.5,66.6
0 days 00:47:05.705000,GAS,10,0 days 00:01:15.309000,15.0,2.0,,,0 days 00:00:25.995000,0 days 00:00:26.593000,0 days 00:00:22.721000,0 days 00:46:16.391000,0 days 00:46:42.984000,0 days 00:47:05.705000,291.0,288.0,316.0,302.0,True,HARD,12.0,True,Alpine,0 days 00:45:50.396000,2026-08-21 11:02:24.293,1,,,,False,True,FP1,26.7,18.5,66.6
0 days 00:48:25.318000,GAS,10,0 days 00:01:19.613000,16.0,2.0,,,0 days 00:00:28.357000,0 days 00:00:27.764000,0 days 00:00:23.492000,0 days 00:47:34.062000,0 days 00:48:01.826000,0 days 00:48:25.318000,287.0,281.0,320.0,238.0,False,HARD,13.0,True,Alpine,0 days 00:47:05.705000,2026-08-21 11:03:39.602,1,,,,False,True,FP1,26.7,18.5,66.6
0 days 00:49:42.685000,GAS,10,0 days 00:01:17.367000,17.0,2.0,,,0 days 00:00:26.916000,0 days 00:00:27.315000,0 days 00:00:23.136000,0 days 00:48:52.234000,0 days 00:49:19.549000,0 days 00:49:42.685000,275.0,275.0,322.0,271.0,False,HARD,14.0,True,Alpine,0 days 00:48:25.318000,2026-08-21 11:04:59.215,1,,,,False,True,FP1,26.7,18.5,66.6
0 days 00:50:59.811000,GAS,10,0 days 00:01:17.126000,18.0,2.0,,,0 days 00:00:26.542000,0 days 00:00:27.536000,0 days 00:00:23.048000,0 days 00:50:09.227000,0 days 00:50:36.763000,0 days 00:50:59.811000,285.0,283.0,324.0,302.0,False,HARD,15.0,True,Alpine,0 days 00:49:42.685000,2026-08-21 11:06:16.582,1,,,,False,True,FP1,26.7,18.5,66.6
0 days 00:52:25.155000,GAS,10,0 days 00:01:25.344000,19.0,2.0,,0 days 00:52:24,0 days 00:00:26.303000,0 days 00:00:27.526000,0 days 00:00:31.515000,0 days 00:51:26.114000,0 days 00:51:53.640000,0 days 00:52:25.155000,287.0,236.0,,296.0,False,HARD,16.0,True,Alpine,0 days 00:50:59.811000,2026-08-21 11:07:33.708,1,,,,False,False,FP1,26.6,18.5,66.4
0 days 01:04:47.883000,GAS,10,,20.0,3.0,0 days 01:03:21.688000,,,0 days 00:00:29.733000,0 days 00:00:25.533000,,0 days 01:04:22.654000,0 days 01:04:48.087000,260.0,241.0,302.0,296.0,False,SOFT,1.0,True,Alpine,0 days 00:52:25.155000,2026-08-21 11:08:59.052,12,,,,False,False,FP1,26.6,18.5,66.4
0 days 01:06:01.794000,GAS,10,0 days 00:01:13.911000,21.0,3.0,,,0 days 00:00:25.367000,0 days 00:00:26.100000,0 days 00:00:22.444000,0 days 01:05:13.250000,0 days 01:05:39.350000,0 days 01:06:01.794000,294.0,286.0,315.0,313.0,True,SOFT,2.0,True,Alpine,0 days 01:04:47.883000,2026-08-21 11:21:21.780,1,,,,False,True,FP1,26.6,18.5,66.4
0 days 01:08:05.372000,GAS,10,0 days 00:02:03.578000,22.0,3.0,,,0 days 00:00:43.658000,0 days 00:00:44.351000,0 days 00:00:35.569000,0 days 01:06:45.452000,0 days 01:07:29.803000,0 days 01:08:05.372000,168.0,138.0,244.0,245.0,False,SOFT,3.0,True,Alpine,0 days 01:06:01.794000,2026-08-21 11:22:35.691,1,,,,False,True,FP1,26.6,18.5,66.4
0 days 01:09:45.444000,GAS,10,0 days 00:01:40.072000,23.0,3.0,,,0 days 00:00:35.270000,0 days 00:00:37.940000,0 days 00:00:26.862000,0 days 01:08:40.642000,0 days 01:09:18.582000,0 days 01:09:45.444000,203.0,240.0,303.0,230.0,False,SOFT,4.0,True,Alpine,0 days 01:08:05.372000,2026-08-21 11:24:39.269,1,,,,False,True,FP1,26.6,18.5,66.4
0 days 01:11:06.774000,GAS,10,0 days 00:01:21.330000,24.0,3.0,,0 days 01:11:05.533000,0 days 00:00:25.714000,0 days 00:00:26.525000,0 days 00:00:29.091000,0 days 01:10:11.158000,0 days 01:10:37.683000,0 days 01:11:06.774000,292.0,285.0,,311.0,False,SOFT,5.0,True,Alpine,0 days 01:09:45.444000,2026-08-21 11:26:19.341,1,,,,False,False,FP1,26.6,18.5,66.4
0 days 01:13:48.190000,GAS,10,,25.0,4.0,0 days 01:11:41.414000,,0 days 00:01:34.437000,0 days 00:00:37.568000,0 days 00:00:29.326000,0 days 01:12:41.466000,0 days 01:13:19.080000,0 days 01:13:48.285000,191.0,239.0,311.0,311.0,False,HARD,17.0,False,Alpine,0 days 01:11:06.774000,2026-08-21 11:27:40.671,1,,,,False,False,FP1,26.6,18.5,66.4
0 days 01:15:44.564000,GAS,10,0 days 00:01:56.374000,26.0,4.0,,,0 days 00:00:34.398000,0 days 00:00:35.224000,0 days 00:00:46.752000,0 days 01:14:22.588000,0 days 01:14:57.812000,0 days 01:15:44.564000,206.0,239.0,54.0,230.0,False,HARD,18.0,False,Alpine,0 days 01:13:48.190000,2026-08-21 11:30:22.087,12,,,,False,True,FP1,26.6,18.5,66.4
0 days 01:17:53.279000,GAS,10,0 days 00:02:08.715000,27.0,4.0,,,0 days 00:00:55.779000,0 days 00:00:33.335000,0 days 00:00:39.601000,0 days 01:16:40.343000,0 days 01:17:13.678000,0 days 01:17:53.279000,240.0,209.0,68.0,197.0,False,HARD,19.0,False,Alpine,0 days 01:15:44.564000,2026-08-21 11:32:18.461,2,,,,False,True,FP1,26.6,18.5,66.4
0 days 01:19:57.594000,GAS,10,0 days 00:02:04.315000,28.0,4.0,,0 days 01:19:56.282000,0 days 00:00:58.675000,0 days 00:00:28.590000,0 days 00:00:37.050000,0 days 01:18:51.954000,0 days 01:19:20.544000,0 days 01:19:57.594000,284.0,270.0,,217.0,False,HARD,20.0,False,Alpine,0 days 01:17:53.279000,2026-08-21 11:34:27.176,2,,,,False,False,FP1,26.6,18.5,66.4
0 days 00:17:27.864000,PER,11,,1.0,1.0,0 days 00:15:40.707000,0 days 00:17:26.483000,,0 days 00:00:35.149000,0 days 00:00:36.931000,,0 days 00:16:51.037000,0 days 00:17:27.881000,227.0,214.0,,,False,INTERMEDIATE,1.0,True,Cadillac,0 days 00:15:40.707000,2026-08-21 10:32:14.604,1,,,,False,False,FP1,26.6,18.5,66.4
0 days 00:19:40.720000,PER,11,0 days 00:02:12.856000,2.0,2.0,0 days 00:17:40.709000,0 days 00:19:39.384000,0 days 00:01:10.890000,0 days 00:00:30.517000,0 days 00:00:31.449000,0 days 00:18:38.754000,0 days 00:19:09.271000,0 days 00:19:40.720000,269.0,254.0,,,False,INTERMEDIATE,1.0,False,Cadillac,0 days 00:17:27.864000,2026-08-21 10:34:01.761,1,,,,False,False,FP1,26.6,18.5,66.4
0 days 00:32:09.966000,PER,11,,3.0,3.0,0 days 00:30:31.127000,,,0 days 00:00:33.931000,0 days 00:00:32.016000,,0 days 00:31:38.214000,0 days 00:32:10.079000,242.0,219.0,309.0,,False,MEDIUM,1.0,True,Cadillac,0 days 00:19:40.720000,2026-08-21 10:36:14.617,12,,,,False,False,FP1,26.6,18.5,66.4
0 days 00:33:31.310000,PER,11,0 days 00:01:21.344000,4.0,3.0,,,0 days 00:00:27.831000,0 days 00:00:28.816000,0 days 00:00:24.697000,0 days 00:32:37.797000,0 days 00:33:06.613000,0 days 00:33:31.310000,275.0,265.0,317.0,256.0,True,MEDIUM,2.0,True,Cadillac,0 days 00:32:09.966000,2026-08-21 10:48:43.863,1,,,,False,True,FP1,26.3,18.6,66.0
0 days 00:35:10.311000,PER,11,0 days 00:01:39.001000,5.0,3.0,,,0 days 00:00:27.912000,0 days 00:00:38.880000,0 days 00:00:32.209000,0 days 00:33:59.222000,0 days 00:34:38.102000,0 days 00:35:10.311000,195.0,202.0,297.0,288.0,False,MEDIUM,3.0,True,Cadillac,0 days 00:33:31.310000,2026-08-21 10:50:05.207,1,,,,False,True,FP1,26.3,18.6,66.0
0 days 00:36:30.284000,PER,11,0 days 00:01:19.973000,6.0,3.0,,,0 days 00:00:27.257000,0 days 00:00:28.309000,0 days 00:00:24.407000,0 days 00:35:37.568000,0 days 00:36:05.877000,0 days 00:36:30.284000,281.0,286.0,311.0,265.0,True,MEDIUM,4.0,True,Cadillac,0 days 00:35:10.311000,2026-08-21 10:51:44.208,1,,,,False,True,FP1,26.3,18.6,66.0
0 days 00:38:14.462000,PER,11,0 days 00:01:44.178000,7.0,3.0,,,0 days 00:00:36.507000,0 days 00:00:35.275000,0 days 00:00:32.396000,0 days 00:37:06.791000,0 days 00:37:42.066000,0 days 00:38:14.462000,259.0,147.0,297.0,188.0,False,MEDIUM,5.0,True,Cadillac,0 days 00:36:30.284000,2026-08-21 10:53:04.181,1,,,,False,True,FP1,26.3,18.6,66.0
0 days 00:39:31.847000,PER,11,0 days 00:01:17.385000,8.0,3.0,,,0 days 00:00:26.796000,0 days 00:00:27.423000,0 days 00:00:23.166000,0 days 00:38:41.258000,0 days 00:39:08.681000,0 days 00:39:31.847000,287.0,284.0,313.0,281.0,True,MEDIUM,6.0,True,Cadillac,0 days 00:38:14.462000,2026-08-21 10:54:48.359,1,,,,False,True,FP1,26.3,18.6,66.0
0 days 00:41:16.734000,PER,11,0 days 00:01:44.887000,9.0,3.0,,,0 days 00:00:36.494000,0 days 00:00:41.903000,0 days 00:00:26.490000,0 days 00:40:08.341000,0 days 00:40:50.244000,0 days 00:41:16.734000,194.0,165.0,296.0,239.0,False,MEDIUM,7.0,True,Cadillac,0 days 00:39:31.847000,2026-08-21 10:56:05.744,12,,,,False,True,FP1,26.3,18.6,66.0
0 days 00:42:33.508000,PER,11,0 days 00:01:16.774000,10.0,3.0,,,0 days 00:00:26.520000,0 days 00:00:27.257000,0 days 00:00:22.997000,0 days 00:41:43.254000,0 days 00:42:10.511000,0 days 00:42:33.508000,288.0,283.0,307.0,299.0,True,MEDIUM,8.0,True,Cadillac,0 days 00:41:16.734000,2026-08-21 10:57:50.631,1,,,,False,True,FP1,26.3,18.6,66.0
0 days 00:44:12.254000,PER,11,0 days 00:01:38.746000,11.0,3.0,,0 days 00:44:11.083000,0 days 00:00:32.136000,0 days 00:00:35.324000,0 days 00:00:31.286000,0 days 00:43:05.644000,0 days 00:43:40.968000,0 days 00:44:12.254000,239.0,181.0,,236.0,False,MEDIUM,9.0,True,Cadillac,0 days 00:42:33.508000,2026-08-21 10:59:07.405,1,,,,False,False,FP1,26.3,18.6,66.0
0 days 00:52:53.497000,PER,11,,12.0,4.0,0 days 00:51:23.625000,,,0 days 00:00:30.311000,0 days 00:00:25.408000,,0 days 00:52:28.293000,0 days 00:52:53.530000,270.0,242.0,305.0,236.0,False,MEDIUM,10.0,False,Cadillac,0 days 00:44:12.254000,2026-08-21 11:00:46.151,1,,,,False,False,FP1,26.3,18.6,66.0
0 days 00:54:11.666000,PER,11,0 days 00:01:18.169000,13.0,4.0,,,0 days 00:00:27.088000,0 days 00:00:27.940000,0 days 00:00:23.141000,0 days 00:53:20.585000,0 days 00:53:48.525000,0 days 00:54:11.666000,290.0,286.0,317.0,255.0,False,MEDIUM,11.0,False,Cadillac,0 days 00:52:53.497000,2026-08-21 11:09:27.394,1,,,,False,True,FP1,26.3,18.6,66.0
0 days 00:55:54.466000,PER,11,0 days 00:01:42.800000,14.0,4.0,,,0 days 00:00:31.730000,0 days 00:00:42.265000,0 days 00:00:28.805000,0 days 00:54:43.396000,0 days 00:55:25.661000,0 days 00:55:54.466000,223.0,215.0,298.0,275.0,False,MEDIUM,12.0,False,Cadillac,0 days 00:54:11.666000,2026-08-21 11:10:45.563,1,,,,False,True,FP1,26.3,18.6,66.0
0 days 00:57:15.684000,PER,11,0 days 00:01:21.218000,15.0,4.0,,,0 days 00:00:26.439000,0 days 00:00:27.411000,0 days 00:00:27.368000,0 days 00:56:20.905000,0 days 00:56:48.316000,0 days 00:57:15.684000,289.0,282.0,269.0,294.0,False,MEDIUM,13.0,False,Cadillac,0 days 00:55:54.466000,2026-08-21 11:12:28.363,1,,,,False,True,FP1,26.3,18.6,66.0
0 days 00:58:52.375000,PER,11,0 days 00:01:36.691000,16.0,4.0,,,0 days 00:00:32.860000,0 days 00:00:39.382000,0 days 00:00:24.449000,0 days 00:57:48.544000,0 days 00:58:27.926000,0 days 00:58:52.375000,264.0,275.0,317.0,224.0,False,MEDIUM,14.0,False,Cadillac,0 days 00:57:15.684000,2026-08-21 11:13:49.581,12,,,,False,True,FP1,26.3,18.6,66.0
0 days 01:00:09.820000,PER,11,0 days 00:01:17.445000,17.0,4.0,,,0 days 00:00:26.526000,0 days 00:00:27.662000,0 days 00:00:23.257000,0 days 00:59:18.901000,0 days 00:59:46.563000,0 days 01:00:09.820000,271.0,273.0,317.0,302.0,False,MEDIUM,15.0,False,Cadillac,0 days 00:58:52.375000,2026-08-21 11:15:26.272,1,,,,False,True,FP1,26.3,18.6,66.0
0 days 01:01:28.085000,PER,11,0 days 00:01:18.265000,18.0,4.0,,,0 days 00:00:26.683000,0 days 00:00:28.093000,0 days 00:00:23.489000,0 days 01:00:36.503000,0 days 01:01:04.596000,0 days 01:01:28.085000,270.0,274.0,315.0,305.0,False,MEDIUM,16.0,False,Cadillac,0 days 01:00:09.820000,2026-08-21 11:16:43.717,1,,,,False,True,FP1,26.3,18.6,66.0
0 days 01:02:57.645000,PER,11,0 days 00:01:29.560000,19.0,4.0,,0 days 01:02:56.369000,0 days 00:00:28.872000,0 days 00:00:29.827000,0 days 00:00:30.861000,0 days 01:01:56.957000,0 days 01:02:26.784000,0 days 01:02:57.645000,276.0,245.0,,265.0,False,MEDIUM,17.0,False,Cadillac,0 days 01:01:28.085000,2026-08-21 11:18:01.982,1,,,,False,False,FP1,26.1,18.7,67.4
0 days 01:07:30.033000,PER,11,,20.0,5.0,0 days 01:05:57.200000,,,0 days 00:00:34.260000,0 days 00:00:25.680000,,0 days 01:07:04.507000,0 days 01:07:30.114000,246.0,247.0,300.0,265.0,False,SOFT,1.0,True,Cadillac,0 days 01:02:57.645000,2026-08-21 11:19:31.542,1,,,,False,False,FP1,26.1,18.7,67.4
0 days 01:08:45.733000,PER,11,0 days 00:01:15.700000,21.0,5.0,,,0 days 00:00:26.190000,0 days 00:00:26.746000,0 days 00:00:22.764000,0 days 01:07:56.223000,0 days 01:08:22.969000,0 days 01:08:45.733000,290.0,282.0,306.0,305.0,True,SOFT,2.0,True,Cadillac,0 days 01:07:30.033000,2026-08-21 11:24:03.930,1,,,,False,True,FP1,26.1,18.7,67.4
0 days 01:10:28.019000,PER,11,0 days 00:01:42.286000,22.0,5.0,,,0 days 00:00:37.037000,0 days 00:00:37.893000,0 days 00:00:27.356000,0 days 01:09:22.770000,0 days 01:10:00.663000,0 days 01:10:28.019000,178.0,216.0,297.0,238.0,False,SOFT,3.0,True,Cadillac,0 days 01:08:45.733000,2026-08-21 11:25:19.630,1,,,,False,True,FP1,26.1,18.7,67.4
0 days 01:11:44.158000,PER,11,0 days 00:01:16.139000,23.0,5.0,,,0 days 00:00:26.234000,0 days 00:00:26.973000,0 days 00:00:22.932000,0 days 01:10:54.253000,0 days 01:11:21.226000,0 days 01:11:44.158000,286.0,284.0,308.0,300.0,False,SOFT,4.0,True,Cadillac,0 days 01:10:28.019000,2026-08-21 11:27:01.916,1,,,,False,True,FP1,26.1,18.7,67.4
0 days 01:13:23.788000,PER,11,0 days 00:01:39.630000,24.0,5.0,,,0 days 00:00:36.489000,0 days 00:00:34.713000,0 days 00:00:28.428000,0 days 01:12:20.647000,0 days 01:12:55.360000,0 days 01:13:23.788000,209.0,250.0,267.0,236.0,False,SOFT,5.0,True,Cadillac,0 days 01:11:44.158000,2026-08-21 11:28:18.055,1,,,,False,True,FP1,26.1,18.7,67.4
0 days 01:14:47.042000,PER,11,0 days 00:01:23.254000,25.0,5.0,,,0 days 00:00:28.687000,0 days 00:00:27.967000,0 days 00:00:26.600000,0 days 01:13:52.475000,0 days 01:14:20.442000,0 days 01:14:47.042000,278.0,233.0,295.0,273.0,False,SOFT,6.0,True,Cadillac,0 days 01:13:23.788000,2026-08-21 11:29:57.685,1,,,,False,True,FP1,26.1,18.7,67.4
0 days 01:16:43.367000,PER,11,0 days 00:01:56.325000,26.0,5.0,,,0 days 00:00:33.126000,0 days 00:00:33.462000,0 days 00:00:49.737000,0 days 01:15:20.168000,0 days 01:15:53.630000,0 days 01:16:43.367000,254.0,198.0,44.0,260.0,False,SOFT,7.0,True,Cadillac,0 days 01:14:47.042000,2026-08-21 11:31:20.939,12,,,,False,True,FP1,26.1,18.7,67.4
0 days 01:19:20.581000,PER,11,,27.0,5.0,,,0 days 00:01:02.039000,0 days 00:00:32.338000,0 days 00:01:02.871000,0 days 01:17:45.545000,0 days 01:18:17.815000,0 days 01:19:20.581000,251.0,199.0,86.0,225.0,False,SOFT,8.0,True,Cadillac,0 days 01:16:43.367000,2026-08-21 11:33:17.264,2,,,,False,False,FP1,26.6,18.9,66.1
0 days 01:21:00.391000,PER,11,0 days 00:01:39.810000,28.0,5.0,,0 days 01:20:59.102000,0 days 00:00:28.539000,0 days 00:00:32.052000,0 days 00:00:39.219000,0 days 01:19:49.120000,0 days 01:20:21.172000,0 days 01:21:00.391000,280.0,174.0,,246.0,False,SOFT,9.0,True,Cadillac,0 days 01:19:20.581000,2026-08-21 11:35:54.478,2,,,,False,False,FP1,26.6,18.9,66.1
0 days 00:16:14.256000,ANT,12,,1.0,1.0,0 days 00:14:05.858000,0 days 00:16:12.212000,,0 days 00:00:35.858000,0 days 00:00:35.244000,,0 days 00:15:39.176000,0 days 00:16:14.256000,223.0,260.0,,,False,INTERMEDIATE,1.0,True,Mercedes,0 days 00:14:05.858000,2026-08-21 10:30:39.755,1,,,,False,False,FP1,26.6,18.9,66.1
0 days 00:20:53.417000,ANT,12,,2.0,2.0,0 days 00:19:18.761000,,,0 days 00:00:29.487000,0 days 00:00:29.645000,,0 days 00:20:23.893000,0 days 00:20:53.425000,250.0,253.0,289.0,,False,MEDIUM,1.0,True,Mercedes,0 days 00:16:14.256000,2026-08-21 10:32:48.153,1,,,,False,False,FP1,26.6,18.9,66.1
0 days 00:22:11.681000,ANT,12,0 days 00:01:18.264000,3.0,2.0,,,0 days 00:00:27.963000,0 days 00:00:27.179000,0 days 00:00:23.122000,0 days 00:21:21.380000,0 days 00:21:48.559000,0 days 00:22:11.681000,280.0,271.0,321.0,237.0,True,MEDIUM,2.0,True,Mercedes,0 days 00:20:53.417000,2026-08-21 10:37:27.314,1,,,,False,True,FP1,26.6,18.9,66.1
0 days 00:23:27.793000,ANT,12,0 days 00:01:16.112000,4.0,2.0,,,0 days 00:00:26.520000,0 days 00:00:26.782000,0 days 00:00:22.810000,0 days 00:22:38.201000,0 days 00:23:04.983000,0 days 00:23:27.793000,274.0,284.0,321.0,271.0,True,MEDIUM,3.0,True,Mercedes,0 days 00:22:11.681000,2026-08-21 10:38:45.578,1,,,,False,True,FP1,26.6,18.9,66.1
0 days 00:25:16.951000,ANT,12,0 days 00:01:49.158000,5.0,2.0,,,0 days 00:00:37.309000,0 days 00:00:44.363000,0 days 00:00:27.486000,0 days 00:24:05.102000,0 days 00:24:49.465000,0 days 00:25:16.951000,177.0,190.0,296.0,231.0,False,MEDIUM,4.0,True,Mercedes,0 days 00:23:27.793000,2026-08-21 10:40:01.690,1,,,,False,True,FP1,26.6,18.9,66.1
0 days 00:26:32.302000,ANT,12,0 days 00:01:15.351000,6.0,2.0,,,0 days 00:00:25.925000,0 days 00:00:26.745000,0 days 00:00:22.681000,0 days 00:25:42.876000,0 days 00:26:09.621000,0 days 00:26:32.302000,291.0,288.0,313.0,287.0,True,MEDIUM,5.0,True,Mercedes,0 days 00:25:16.951000,2026-08-21 10:41:50.848,1,,,,False,True,FP1,26.6,18.9,66.1
0 days 00:28:22.277000,ANT,12,0 days 00:01:49.975000,7.0,2.0,,,0 days 00:00:41.770000,0 days 00:00:42.051000,0 days 00:00:26.154000,0 days 00:27:14.072000,0 days 00:27:56.123000,0 days 00:28:22.277000,215.0,178.0,304.0,229.0,False,MEDIUM,6.0,True,Mercedes,0 days 00:26:32.302000,2026-08-21 10:43:06.199,1,,,,False,True,FP1,26.6,18.9,66.1
0 days 00:30:01.551000,ANT,12,0 days 00:01:39.274000,8.0,2.0,,,0 days 00:00:31.793000,0 days 00:00:36.478000,0 days 00:00:31.003000,0 days 00:28:54.070000,0 days 00:29:30.548000,0 days 00:30:01.551000,245.0,246.0,299.0,267.0,False,MEDIUM,7.0,True,Mercedes,0 days 00:28:22.277000,2026-08-21 10:44:56.174,1,,,,False,True,FP1,26.6,18.9,66.1
0 days 00:31:43.039000,ANT,12,0 days 00:01:41.488000,9.0,2.0,,0 days 00:31:41.599000,0 days 00:00:26.062000,0 days 00:00:35.741000,0 days 00:00:39.685000,0 days 00:30:27.613000,0 days 00:31:03.354000,0 days 00:31:43.039000,244.0,248.0,,298.0,False,MEDIUM,8.0,True,Mercedes,0 days 00:30:01.551000,2026-08-21 10:46:35.448,12,,,,False,False,FP1,26.6,18.9,66.1
0 days 00:33:55.372000,ANT,12,0 days 00:02:12.333000,10.0,3.0,0 days 00:32:23.088000,,0 days 00:01:11.443000,0 days 00:00:31.382000,0 days 00:00:29.508000,0 days 00:32:54.482000,0 days 00:33:25.864000,0 days 00:33:55.372000,234.0,246.0,301.0,298.0,False,MEDIUM,9.0,False,Mercedes,0 days 00:31:43.039000,2026-08-21 10:48:16.936,1,,,,False,False,FP1,26.6,18.9,66.1
0 days 00:35:27.064000,ANT,12,0 days 00:01:31.692000,11.0,3.0,,,0 days 00:00:29.799000,0 days 00:00:32.380000,0 days 00:00:29.513000,0 days 00:34:25.171000,0 days 00:34:57.551000,0 days 00:35:27.064000,246.0,227.0,301.0,291.0,False,MEDIUM,10.0,False,Mercedes,0 days 00:33:55.372000,2026-08-21 10:50:29.269,1,,,,False,True,FP1,26.6,18.9,66.1
0 days 00:37:00.451000,ANT,12,0 days 00:01:33.387000,12.0,3.0,,,0 days 00:00:28.572000,0 days 00:00:36.747000,0 days 00:00:28.068000,0 days 00:35:55.636000,0 days 00:36:32.383000,0 days 00:37:00.451000,225.0,222.0,302.0,304.0,False,MEDIUM,11.0,False,Mercedes,0 days 00:35:27.064000,2026-08-21 10:52:00.961,1,,,,False,True,FP1,26.6,18.9,66.1
0 days 00:38:14.720000,ANT,12,0 days 00:01:14.269000,13.0,3.0,,,0 days 00:00:25.448000,0 days 00:00:26.379000,0 days 00:00:22.442000,0 days 00:37:25.899000,0 days 00:37:52.278000,0 days 00:38:14.720000,291.0,285.0,308.0,313.0,True,MEDIUM,12.0,False,Mercedes,0 days 00:37:00.451000,2026-08-21 10:53:34.348,1,,,,False,True,FP1,26.6,18.9,66.1
0 days 00:40:10.709000,ANT,12,0 days 00:01:55.989000,14.0,3.0,,,0 days 00:00:39.234000,0 days 00:00:48.053000,0 days 00:00:28.702000,0 days 00:38:53.954000,0 days 00:39:42.007000,0 days 00:40:10.709000,156.0,208.0,300.0,208.0,False,MEDIUM,13.0,False,Mercedes,0 days 00:38:14.720000,2026-08-21 10:54:48.617,12,,,,False,True,FP1,26.6,18.9,66.1
0 days 00:41:33.374000,ANT,12,0 days 00:01:22.665000,15.0,3.0,,0 days 00:41:31.828000,0 days 00:00:25.574000,0 days 00:00:26.196000,0 days 00:00:30.895000,0 days 00:40:36.283000,0 days 00:41:02.479000,0 days 00:41:33.374000,290.0,285.0,,311.0,False,MEDIUM,14.0,False,Mercedes,0 days 00:40:10.709000,2026-08-21 10:56:44.606,1,,,,False,False,FP1,26.6,18.9,66.1
0 days 00:47:19.086000,ANT,12,,16.0,4.0,0 days 00:45:25.585000,,,0 days 00:00:30.013000,0 days 00:00:23.108000,,0 days 00:46:56.092000,0 days 00:47:19.231000,268.0,286.0,320.0,311.0,False,MEDIUM,15.0,False,Mercedes,0 days 00:41:33.374000,2026-08-21 10:58:07.271,1,,,,False,False,FP1,26.6,18.9,66.1
0 days 00:48:34.975000,ANT,12,0 days 00:01:15.889000,17.0,4.0,,,0 days 00:00:25.953000,0 days 00:00:27.140000,0 days 00:00:22.796000,0 days 00:47:45.039000,0 days 00:48:12.179000,0 days 00:48:34.975000,280.0,284.0,319.0,310.0,False,MEDIUM,16.0,False,Mercedes,0 days 00:47:19.086000,2026-08-21 11:03:52.983,1,,,,False,True,FP1,26.6,18.9,66.1
0 days 00:49:51.368000,ANT,12,0 days 00:01:16.393000,18.0,4.0,,,0 days 00:00:26.027000,0 days 00:00:27.428000,0 days 00:00:22.938000,0 days 00:49:01.002000,0 days 00:49:28.430000,0 days 00:49:51.368000,284.0,285.0,319.0,287.0,False,MEDIUM,17.0,False,Mercedes,0 days 00:48:34.975000,2026-08-21 11:05:08.872,1,,,,False,True,FP1,27.1,18.9,64.9
0 days 00:51:07.508000,ANT,12,0 days 00:01:16.140000,19.0,4.0,,,0 days 00:00:26.109000,0 days 00:00:27.296000,0 days 00:00:22.735000,0 days 00:50:17.477000,0 days 00:50:44.773000,0 days 00:51:07.508000,286.0,281.0,320.0,283.0,False,MEDIUM,18.0,False,Mercedes,0 days 00:49:51.368000,2026-08-21 11:06:25.265,1,,,,False,True,FP1,27.1,18.9,64.9
0 days 00:52:23.614000,ANT,12,0 days 00:01:16.106000,20.0,4.0,,,0 days 00:00:26.076000,0 days 00:00:27.149000,0 days 00:00:22.881000,0 days 00:51:33.584000,0 days 00:52:00.733000,0 days 00:52:23.614000,284.0,281.0,318.0,282.0,False,MEDIUM,19.0,False,Mercedes,0 days 00:51:07.508000,2026-08-21 11:07:41.405,1,,,,False,True,FP1,27.1,18.9,64.9
0 days 00:53:42.973000,ANT,12,0 days 00:01:19.359000,21.0,4.0,,,0 days 00:00:26.007000,0 days 00:00:27.224000,0 days 00:00:26.128000,0 days 00:52:49.621000,0 days 00:53:16.845000,0 days 00:53:42.973000,284.0,280.0,311.0,279.0,False,MEDIUM,20.0,False,Mercedes,0 days 00:52:23.614000,2026-08-21 11:08:57.511,1,,,,False,True,FP1,27.1,18.9,64.9
0 days 00:54:59.411000,ANT,12,0 days 00:01:16.438000,22.0,4.0,,,0 days 00:00:26.397000,0 days 00:00:27.188000,0 days 00:00:22.853000,0 days 00:54:09.370000,0 days 00:54:36.558000,0 days 00:54:59.411000,284.0,280.0,318.0,272.0,False,MEDIUM,21.0,False,Mercedes,0 days 00:53:42.973000,2026-08-21 11:10:16.870,1,,,,False,True,FP1,27.1,18.9,64.9
0 days 00:56:15.749000,ANT,12,0 days 00:01:16.338000,23.0,4.0,,,0 days 00:00:26.129000,0 days 00:00:27.408000,0 days 00:00:22.801000,0 days 00:55:25.540000,0 days 00:55:52.948000,0 days 00:56:15.749000,283.0,276.0,318.0,276.0,False,MEDIUM,22.0,False,Mercedes,0 days 00:54:59.411000,2026-08-21 11:11:33.308,1,,,,False,True,FP1,27.1,18.9,64.9
0 days 00:57:32.095000,ANT,12,0 days 00:01:16.346000,24.0,4.0,,,0 days 00:00:26.106000,0 days 00:00:27.427000,0 days 00:00:22.813000,0 days 00:56:41.855000,0 days 00:57:09.282000,0 days 00:57:32.095000,283.0,280.0,318.0,275.0,False,MEDIUM,23.0,False,Mercedes,0 days 00:56:15.749000,2026-08-21 11:12:49.646,1,,,,False,True,FP1,27.1,18.9,64.9
0 days 00:58:48.478000,ANT,12,0 days 00:01:16.383000,25.0,4.0,,,0 days 00:00:26.064000,0 days 00:00:27.487000,0 days 00:00:22.832000,0 days 00:57:58.159000,0 days 00:58:25.646000,0 days 00:58:48.478000,287.0,278.0,318.0,278.0,False,MEDIUM,24.0,False,Mercedes,0 days 00:57:32.095000,2026-08-21 11:14:05.992,12,,,,False,True,FP1,27.1,18.9,64.9
0 days 01:00:04.848000,ANT,12,0 days 00:01:16.370000,26.0,4.0,,,0 days 00:00:26.053000,0 days 00:00:27.514000,0 days 00:00:22.803000,0 days 00:59:14.531000,0 days 00:59:42.045000,0 days 01:00:04.848000,287.0,279.0,316.0,278.0,False,MEDIUM,25.0,False,Mercedes,0 days 00:58:48.478000,2026-08-21 11:15:22.375,1,,,,False,True,FP1,27.1,18.9,64.9
0 days 01:01:46.622000,ANT,12,0 days 00:01:41.774000,27.0,4.0,,0 days 01:01:45.397000,0 days 00:00:33.998000,0 days 00:00:32.379000,0 days 00:00:35.397000,0 days 01:00:38.846000,0 days 01:01:11.225000,0 days 01:01:46.622000,179.0,239.0,,273.0,False,MEDIUM,26.0,False,Mercedes,0 days 01:00:04.848000,2026-08-21 11:16:38.745,1,,,,False,False,FP1,27.1,18.9,64.9
0 days 01:07:01.053000,ANT,12,,28.0,5.0,0 days 01:05:30.665000,,,0 days 00:00:29.138000,0 days 00:00:28.378000,,0 days 01:06:32.880000,0 days 01:07:01.053000,252.0,251.0,313.0,273.0,False,SOFT,1.0,True,Mercedes,0 days 01:01:46.622000,2026-08-21 11:18:20.519,1,,,,False,False,FP1,27.1,18.9,64.9
0 days 01:08:31.877000,ANT,12,0 days 00:01:30.824000,29.0,5.0,,,0 days 00:00:29.590000,0 days 00:00:31.068000,0 days 00:00:30.166000,0 days 01:07:30.643000,0 days 01:08:01.711000,0 days 01:08:31.877000,274.0,233.0,299.0,208.0,False,SOFT,2.0,True,Mercedes,0 days 01:07:01.053000,2026-08-21 11:23:34.950,1,,,,False,True,FP1,27.1,18.9,64.9
0 days 01:10:01.867000,ANT,12,0 days 00:01:29.990000,30.0,5.0,,,0 days 00:00:27.927000,0 days 00:00:34.014000,0 days 00:00:28.049000,0 days 01:08:59.804000,0 days 01:09:33.818000,0 days 01:10:01.867000,211.0,182.0,299.0,301.0,False,SOFT,3.0,True,Mercedes,0 days 01:08:31.877000,2026-08-21 11:25:05.774,1,,,,False,True,FP1,27.1,18.9,64.9
0 days 01:11:14.816000,ANT,12,0 days 00:01:12.949000,31.0,5.0,,,0 days 00:00:25.042000,0 days 00:00:25.714000,0 days 00:00:22.193000,0 days 01:10:26.909000,0 days 01:10:52.623000,0 days 01:11:14.816000,293.0,285.0,311.0,312.0,True,SOFT,4.0,True,Mercedes,0 days 01:10:01.867000,2026-08-21 11:26:35.764,1,,,,False,True,FP1,28.0,19.0,64.4
0 days 01:13:06.177000,ANT,12,0 days 00:01:51.361000,32.0,5.0,,,0 days 00:00:36.394000,0 days 00:00:49.037000,0 days 00:00:25.930000,0 days 01:11:51.210000,0 days 01:12:40.247000,0 days 01:13:06.177000,151.0,217.0,303.0,252.0,False,SOFT,5.0,True,Mercedes,0 days 01:11:14.816000,2026-08-21 11:27:48.713,1,,,,False,True,FP1,28.0,19.0,64.4
0 days 01:14:28.625000,ANT,12,0 days 00:01:22.448000,33.0,5.0,,,0 days 00:00:25.105000,0 days 00:00:25.725000,0 days 00:00:31.618000,0 days 01:13:31.282000,0 days 01:13:57.007000,0 days 01:14:28.625000,294.0,284.0,195.0,319.0,False,SOFT,6.0,True,Mercedes,0 days 01:13:06.177000,2026-08-21 11:29:40.074,1,,,,False,True,FP1,28.0,19.0,64.4
0 days 01:17:18.638000,ANT,12,,34.0,5.0,,,0 days 00:00:39.155000,0 days 00:00:42.749000,0 days 00:01:28.076000,0 days 01:15:07.896000,0 days 01:15:50.701000,0 days 01:17:18.669000,175.0,146.0,163.0,169.0,False,SOFT,7.0,True,Mercedes,0 days 01:14:28.625000,2026-08-21 11:31:02.522,12,,,,False,False,FP1,28.0,19.0,64.4
0 days 01:19:16.292000,ANT,12,0 days 00:01:57.654000,35.0,5.0,,,0 days 00:00:28.786000,0 days 00:00:34.552000,0 days 00:00:54.316000,0 days 01:17:47.424000,0 days 01:18:21.976000,0 days 01:19:16.292000,268.0,176.0,57.0,250.0,False,SOFT,8.0,True,Mercedes,0 days 01:17:18.638000,2026-08-21 11:33:52.535,2,,,,False,True,FP1,28.0,19.0,64.4
0 days 01:21:21.843000,ANT,12,0 days 00:02:05.551000,36.0,5.0,,0 days 01:21:20.440000,0 days 00:00:57.865000,0 days 00:00:29.722000,0 days 00:00:37.964000,0 days 01:20:14.157000,0 days 01:20:43.879000,0 days 01:21:21.843000,235.0,227.0,,223.0,False,SOFT,9.0,True,Mercedes,0 days 01:19:16.292000,2026-08-21 11:35:50.189,2,,,,False,False,FP1,28.0,19.0,64.4
0 days 00:17:00.491000,ALO,14,,1.0,1.0,0 days 00:15:21.593000,,,0 days 00:00:36.186000,0 days 00:00:30.626000,,0 days 00:16:30.071000,0 days 00:17:00.580000,256.0,230.0,279.0,,False,INTERMEDIATE,1.0,True,Aston Martin,0 days 00:15:21.593000,2026-08-21 10:31:55.490,1,,,,False,False,FP1,28.0,19.0,64.4
0 days 00:18:36.211000,ALO,14,0 days 00:01:35.720000,2.0,1.0,,0 days 00:18:34.896000,0 days 00:00:30.471000,0 days 00:00:31.240000,0 days 00:00:34.009000,0 days 00:17:30.962000,0 days 00:18:02.202000,0 days 00:18:36.211000,275.0,256.0,,213.0,False,INTERMEDIATE,2.0,True,Aston Martin,0 days 00:17:00.491000,2026-08-21 10:33:34.388,1,,,,False,False,FP1,28.0,19.0,64.4
0 days 00:25:52.211000,ALO,14,,3.0,2.0,0 days 00:24:19.460000,,,0 days 00:00:31.791000,0 days 00:00:30.322000,,0 days 00:25:22.104000,0 days 00:25:52.395000,228.0,233.0,312.0,213.0,False,MEDIUM,1.0,True,Aston Martin,0 days 00:18:36.211000,2026-08-21 10:35:10.108,1,,,,False,False,FP1,28.0,19.0,64.4
0 days 00:27:09.842000,ALO,14,0 days 00:01:17.631000,4.0,2.0,,,0 days 00:00:27.160000,0 days 00:00:27.163000,0 days 00:00:23.308000,0 days 00:26:19.371000,0 days 00:26:46.534000,0 days 00:27:09.842000,272.0,267.0,320.0,259.0,True,MEDIUM,2.0,True,Aston Martin,0 days 00:25:52.211000,2026-08-21 10:42:26.108,1,,,,False,True,FP1,28.0,19.0,64.4
0 days 00:28:33.952000,ALO,14,0 days 00:01:24.110000,5.0,2.0,,,0 days 00:00:26.616000,0 days 00:00:31.394000,0 days 00:00:26.100000,0 days 00:27:36.458000,0 days 00:28:07.852000,0 days 00:28:33.952000,274.0,227.0,314.0,265.0,False,MEDIUM,3.0,True,Aston Martin,0 days 00:27:09.842000,2026-08-21 10:43:43.739,1,,,,False,True,FP1,27.6,19.1,62.5
0 days 00:30:05.429000,ALO,14,0 days 00:01:31.477000,6.0,2.0,,,0 days 00:00:26.315000,0 days 00:00:30.217000,0 days 00:00:34.945000,0 days 00:29:00.267000,0 days 00:29:30.484000,0 days 00:30:05.429000,273.0,237.0,305.0,287.0,False,MEDIUM,4.0,True,Aston Martin,0 days 00:28:33.952000,2026-08-21 10:45:07.849,1,,,,False,True,FP1,27.6,19.1,62.5
0 days 00:31:28.523000,ALO,14,0 days 00:01:23.094000,7.0,2.0,,,0 days 00:00:26.368000,0 days 00:00:27.116000,0 days 00:00:29.610000,0 days 00:30:31.797000,0 days 00:30:58.913000,0 days 00:31:28.523000,272.0,267.0,246.0,291.0,False,MEDIUM,5.0,True,Aston Martin,0 days 00:30:05.429000,2026-08-21 10:46:39.326,12,,,,False,True,FP1,27.6,19.1,62.5
0 days 00:33:04.824000,ALO,14,0 days 00:01:36.301000,8.0,2.0,,,0 days 00:00:31.823000,0 days 00:00:34.005000,0 days 00:00:30.473000,0 days 00:32:00.346000,0 days 00:32:34.351000,0 days 00:33:04.824000,228.0,226.0,298.0,213.0,False,MEDIUM,6.0,True,Aston Martin,0 days 00:31:28.523000,2026-08-21 10:48:02.420,1,,,,False,True,FP1,27.6,19.1,62.5
0 days 00:34:20.590000,ALO,14,0 days 00:01:15.766000,9.0,2.0,,,0 days 00:00:26.007000,0 days 00:00:26.719000,0 days 00:00:23.040000,0 days 00:33:30.831000,0 days 00:33:57.550000,0 days 00:34:20.590000,285.0,279.0,290.0,294.0,True,MEDIUM,7.0,True,Aston Martin,0 days 00:33:04.824000,2026-08-21 10:49:38.721,1,,,,False,True,FP1,27.6,19.1,62.5
0 days 00:36:03.247000,ALO,14,0 days 00:01:42.657000,10.0,2.0,,,0 days 00:00:34.512000,0 days 00:00:37.154000,0 days 00:00:30.991000,0 days 00:34:55.102000,0 days 00:35:32.256000,0 days 00:36:03.247000,223.0,224.0,297.0,209.0,False,MEDIUM,8.0,True,Aston Martin,0 days 00:34:20.590000,2026-08-21 10:50:54.487,1,,,,False,True,FP1,27.6,19.1,62.5
0 days 00:37:27.072000,ALO,14,0 days 00:01:23.825000,11.0,2.0,,0 days 00:37:25.943000,0 days 00:00:26.009000,0 days 00:00:26.767000,0 days 00:00:31.049000,0 days 00:36:29.256000,0 days 00:36:56.023000,0 days 00:37:27.072000,286.0,282.0,,303.0,False,MEDIUM,9.0,True,Aston Martin,0 days 00:36:03.247000,2026-08-21 10:52:37.144,1,,,,False,False,FP1,27.6,19.1,62.5
0 days 00:48:46.805000,ALO,14,,12.0,3.0,0 days 00:47:20.382000,,,0 days 00:00:29.745000,0 days 00:00:26.021000,,0 days 00:48:20.997000,0 days 00:48:46.936000,242.0,246.0,297.0,303.0,False,MEDIUM,10.0,False,Aston Martin,0 days 00:37:27.072000,2026-08-21 10:54:00.969,12,,,,False,False,FP1,27.6,19.1,62.5
0 days 00:50:07.561000,ALO,14,0 days 00:01:20.756000,13.0,3.0,,,0 days 00:00:25.983000,0 days 00:00:26.708000,0 days 00:00:28.065000,0 days 00:49:12.788000,0 days 00:49:39.496000,0 days 00:50:07.561000,285.0,278.0,253.0,304.0,False,MEDIUM,11.0,False,Aston Martin,0 days 00:48:46.805000,2026-08-21 11:05:20.702,1,,,,False,True,FP1,27.6,19.1,62.5
0 days 00:51:44.830000,ALO,14,0 days 00:01:37.269000,14.0,3.0,,,0 days 00:00:33.480000,0 days 00:00:37.349000,0 days 00:00:26.440000,0 days 00:50:41.041000,0 days 00:51:18.390000,0 days 00:51:44.830000,231.0,231.0,298.0,229.0,False,MEDIUM,12.0,False,Aston Martin,0 days 00:50:07.561000,2026-08-21 11:06:41.458,1,,,,False,True,FP1,27.6,19.1,62.5
0 days 00:53:00.525000,ALO,14,0 days 00:01:15.695000,15.0,3.0,,,0 days 00:00:25.919000,0 days 00:00:26.831000,0 days 00:00:22.945000,0 days 00:52:10.749000,0 days 00:52:37.580000,0 days 00:53:00.525000,285.0,280.0,289.0,308.0,True,MEDIUM,13.0,False,Aston Martin,0 days 00:51:44.830000,2026-08-21 11:08:18.727,1,,,,False,True,FP1,27.6,19.1,62.5
0 days 00:54:39.315000,ALO,14,0 days 00:01:38.790000,16.0,3.0,,,0 days 00:00:37.391000,0 days 00:00:36.060000,0 days 00:00:25.339000,0 days 00:53:37.916000,0 days 00:54:13.976000,0 days 00:54:39.315000,192.0,226.0,313.0,249.0,False,MEDIUM,14.0,False,Aston Martin,0 days 00:53:00.525000,2026-08-21 11:09:34.422,1,,,,False,True,FP1,27.6,19.1,62.5
0 days 00:55:56.320000,ALO,14,0 days 00:01:17.005000,17.0,3.0,,,0 days 00:00:26.429000,0 days 00:00:27.407000,0 days 00:00:23.169000,0 days 00:55:05.744000,0 days 00:55:33.151000,0 days 00:55:56.320000,271.0,268.0,315.0,292.0,False,MEDIUM,15.0,False,Aston Martin,0 days 00:54:39.315000,2026-08-21 11:11:13.212,1,,,,False,True,FP1,27.6,19.1,62.5
0 days 00:57:13.800000,ALO,14,0 days 00:01:17.480000,18.0,3.0,,,0 days 00:00:26.370000,0 days 00:00:27.670000,0 days 00:00:23.440000,0 days 00:56:22.690000,0 days 00:56:50.360000,0 days 00:57:13.800000,272.0,268.0,308.0,300.0,False,MEDIUM,16.0,False,Aston Martin,0 days 00:55:56.320000,2026-08-21 11:12:30.217,1,,,,False,True,FP1,27.6,19.1,62.5
0 days 00:58:39.892000,ALO,14,0 days 00:01:26.092000,19.0,3.0,,0 days 00:58:38.717000,0 days 00:00:26.433000,0 days 00:00:27.469000,0 days 00:00:32.190000,0 days 00:57:40.233000,0 days 00:58:07.702000,0 days 00:58:39.892000,271.0,265.0,,289.0,False,MEDIUM,17.0,False,Aston Martin,0 days 00:57:13.800000,2026-08-21 11:13:47.697,12,,,,False,False,FP1,27.6,19.1,62.5
0 days 01:04:41.689000,ALO,14,,20.0,4.0,0 days 01:03:15.711000,,,0 days 00:00:30.956000,0 days 00:00:26.638000,,0 days 01:04:15.279000,0 days 01:04:41.690000,261.0,233.0,298.0,289.0,False,SOFT,1.0,True,Aston Martin,0 days 00:58:39.892000,2026-08-21 11:15:13.789,1,,,,False,False,FP1,29.1,19.2,63.0
0 days 01:05:56.200000,ALO,14,0 days 00:01:14.511000,21.0,4.0,,,0 days 00:00:25.510000,0 days 00:00:26.437000,0 days 00:00:22.564000,0 days 01:05:07.199000,0 days 01:05:33.636000,0 days 01:05:56.200000,286.0,280.0,293.0,309.0,True,SOFT,2.0,True,Aston Martin,0 days 01:04:41.689000,2026-08-21 11:21:15.586,1,,,,False,True,FP1,29.1,19.2,63.0
0 days 01:07:36.389000,ALO,14,0 days 00:01:40.189000,22.0,4.0,,,0 days 00:00:36.815000,0 days 00:00:36.030000,0 days 00:00:27.344000,0 days 01:06:33.015000,0 days 01:07:09.045000,0 days 01:07:36.389000,224.0,213.0,300.0,237.0,False,SOFT,3.0,True,Aston Martin,0 days 01:05:56.200000,2026-08-21 11:22:30.097,1,,,,False,True,FP1,29.1,19.2,63.0
0 days 01:09:15.851000,ALO,14,0 days 00:01:39.462000,23.0,4.0,,,0 days 00:00:26.447000,0 days 00:00:38.789000,0 days 00:00:34.226000,0 days 01:08:02.836000,0 days 01:08:41.625000,0 days 01:09:15.851000,209.0,169.0,298.0,311.0,False,SOFT,4.0,True,Aston Martin,0 days 01:07:36.389000,2026-08-21 11:24:10.286,1,,,,False,True,FP1,29.1,19.2,63.0
0 days 01:10:54.066000,ALO,14,0 days 00:01:38.215000,24.0,4.0,,,0 days 00:00:29.763000,0 days 00:00:38.832000,0 days 00:00:29.620000,0 days 01:09:45.614000,0 days 01:10:24.446000,0 days 01:10:54.066000,220.0,227.0,298.0,310.0,False,SOFT,5.0,True,Aston Martin,0 days 01:09:15.851000,2026-08-21 11:25:49.748,1,,,,False,True,FP1,29.1,19.2,63.0
0 days 01:12:16.713000,ALO,14,0 days 00:01:22.647000,25.0,4.0,,0 days 01:12:15.527000,0 days 00:00:25.622000,0 days 00:00:26.625000,0 days 00:00:30.400000,0 days 01:11:19.688000,0 days 01:11:46.313000,0 days 01:12:16.713000,286.0,279.0,,307.0,False,SOFT,6.0,True,Aston Martin,0 days 01:10:54.066000,2026-08-21 11:27:27.963,1,,,,False,False,FP1,29.1,19.2,63.0
0 days 00:16:44.321000,LEC,16,,1.0,1.0,0 days 00:14:53.918000,,,0 days 00:00:34.785000,0 days 00:00:35.508000,,0 days 00:16:08.969000,0 days 00:16:44.330000,242.0,190.0,282.0,,False,INTERMEDIATE,1.0,True,Ferrari,0 days 00:14:53.918000,2026-08-21 10:31:27.815,1,,,,False,False,FP1,29.1,19.2,63.0
0 days 00:18:19.127000,LEC,16,0 days 00:01:34.806000,2.0,1.0,,0 days 00:18:17.818000,0 days 00:00:29.595000,0 days 00:00:31.009000,0 days 00:00:34.202000,0 days 00:17:13.916000,0 days 00:17:44.925000,0 days 00:18:19.127000,274.0,250.0,,225.0,False,INTERMEDIATE,2.0,True,Ferrari,0 days 00:16:44.321000,2026-08-21 10:33:18.218,1,,,,False,False,FP1,29.1,19.2,63.0
0 days 00:23:34.670000,LEC,16,,3.0,2.0,0 days 00:21:57.668000,,,0 days 00:00:35.393000,0 days 00:00:26.068000,,0 days 00:23:08.937000,0 days 00:23:34.935000,157.0,234.0,302.0,225.0,False,MEDIUM,1.0,True,Ferrari,0 days 00:18:19.127000,2026-08-21 10:34:53.024,1,,,,False,False,FP1,29.1,19.2,63.0
0 days 00:24:54.897000,LEC,16,0 days 00:01:20.227000,4.0,2.0,,,0 days 00:00:28.194000,0 days 00:00:28.326000,0 days 00:00:23.707000,0 days 00:24:02.864000,0 days 00:24:31.190000,0 days 00:24:54.897000,283.0,267.0,306.0,252.0,True,MEDIUM,2.0,True,Ferrari,0 days 00:23:34.670000,2026-08-21 10:40:08.567,1,,,,False,True,FP1,29.1,19.2,63.0
0 days 00:26:11.592000,LEC,16,0 days 00:01:16.695000,5.0,2.0,,,0 days 00:00:26.670000,0 days 00:00:27.119000,0 days 00:00:22.906000,0 days 00:25:21.567000,0 days 00:25:48.686000,0 days 00:26:11.592000,275.0,273.0,309.0,278.0,True,MEDIUM,3.0,True,Ferrari,0 days 00:24:54.897000,2026-08-21 10:41:28.794,1,,,,False,True,FP1,29.1,19.2,63.0
0 days 00:27:27.358000,LEC,16,0 days 00:01:15.766000,6.0,2.0,,,0 days 00:00:26.080000,0 days 00:00:26.857000,0 days 00:00:22.829000,0 days 00:26:37.672000,0 days 00:27:04.529000,0 days 00:27:27.358000,277.0,281.0,321.0,295.0,True,MEDIUM,4.0,True,Ferrari,0 days 00:26:11.592000,2026-08-21 10:42:45.489,1,,,,False,True,FP1,29.1,19.2,63.0
0 days 00:29:20.470000,LEC,16,0 days 00:01:53.112000,7.0,2.0,,,0 days 00:00:42.076000,0 days 00:00:45.063000,0 days 00:00:25.973000,0 days 00:28:09.434000,0 days 00:28:54.497000,0 days 00:29:20.470000,187.0,156.0,309.0,191.0,False,MEDIUM,5.0,True,Ferrari,0 days 00:27:27.358000,2026-08-21 10:44:01.255,1,,,,False,True,FP1,29.4,19.2,63.3
0 days 00:30:35.947000,LEC,16,0 days 00:01:15.477000,8.0,2.0,,,0 days 00:00:26.248000,0 days 00:00:26.557000,0 days 00:00:22.672000,0 days 00:29:46.718000,0 days 00:30:13.275000,0 days 00:30:35.947000,276.0,272.0,320.0,283.0,True,MEDIUM,6.0,True,Ferrari,0 days 00:29:20.470000,2026-08-21 10:45:54.367,1,,,,False,True,FP1,29.4,19.2,63.3
0 days 00:32:04.470000,LEC,16,0 days 00:01:28.523000,9.0,2.0,,,0 days 00:00:26.305000,0 days 00:00:31.896000,0 days 00:00:30.322000,0 days 00:31:02.252000,0 days 00:31:34.148000,0 days 00:32:04.470000,263.0,186.0,300.0,308.0,False,MEDIUM,7.0,True,Ferrari,0 days 00:30:35.947000,2026-08-21 10:47:09.844,12,,,,False,True,FP1,29.4,19.2,63.3
0 days 00:33:19.395000,LEC,16,0 days 00:01:14.925000,10.0,2.0,,,0 days 00:00:25.900000,0 days 00:00:26.528000,0 days 00:00:22.497000,0 days 00:32:30.370000,0 days 00:32:56.898000,0 days 00:33:19.395000,289.0,284.0,315.0,295.0,True,MEDIUM,8.0,True,Ferrari,0 days 00:32:04.470000,2026-08-21 10:48:38.367,1,,,,False,True,FP1,29.4,19.2,63.3
0 days 00:35:06.786000,LEC,16,0 days 00:01:47.391000,11.0,2.0,,,0 days 00:00:38.917000,0 days 00:00:39.118000,0 days 00:00:29.356000,0 days 00:33:58.312000,0 days 00:34:37.430000,0 days 00:35:06.786000,150.0,210.0,311.0,237.0,False,MEDIUM,9.0,True,Ferrari,0 days 00:33:19.395000,2026-08-21 10:49:53.292,1,,,,False,True,FP1,29.4,19.2,63.3
0 days 00:36:36.640000,LEC,16,0 days 00:01:29.854000,12.0,2.0,,,0 days 00:00:28.810000,0 days 00:00:29.038000,0 days 00:00:32.006000,0 days 00:35:35.596000,0 days 00:36:04.634000,0 days 00:36:36.640000,245.0,250.0,302.0,249.0,False,MEDIUM,10.0,True,Ferrari,0 days 00:35:06.786000,2026-08-21 10:51:40.683,1,,,,False,True,FP1,29.4,19.2,63.3
0 days 00:38:02.084000,LEC,16,0 days 00:01:25.444000,13.0,2.0,,,0 days 00:00:26.238000,0 days 00:00:32.388000,0 days 00:00:26.818000,0 days 00:37:02.878000,0 days 00:37:35.266000,0 days 00:38:02.084000,294.0,228.0,302.0,289.0,False,MEDIUM,11.0,True,Ferrari,0 days 00:36:36.640000,2026-08-21 10:53:10.537,1,,,,False,True,FP1,29.4,19.2,63.3
0 days 00:39:16.590000,LEC,16,0 days 00:01:14.506000,14.0,2.0,,,0 days 00:00:25.639000,0 days 00:00:26.465000,0 days 00:00:22.402000,0 days 00:38:27.723000,0 days 00:38:54.188000,0 days 00:39:16.590000,291.0,288.0,313.0,307.0,True,MEDIUM,12.0,True,Ferrari,0 days 00:38:02.084000,2026-08-21 10:54:35.981,1,,,,False,True,FP1,29.4,19.2,63.3
0 days 00:40:53.543000,LEC,16,0 days 00:01:36.953000,15.0,2.0,,,0 days 00:00:33.898000,0 days 00:00:34.775000,0 days 00:00:28.280000,0 days 00:39:50.488000,0 days 00:40:25.263000,0 days 00:40:53.543000,198.0,202.0,307.0,242.0,False,MEDIUM,13.0,True,Ferrari,0 days 00:39:16.590000,2026-08-21 10:55:50.487,12,,,,False,True,FP1,29.4,19.2,63.3
0 days 00:42:12.721000,LEC,16,0 days 00:01:19.178000,16.0,2.0,,,0 days 00:00:25.745000,0 days 00:00:27.942000,0 days 00:00:25.491000,0 days 00:41:19.288000,0 days 00:41:47.230000,0 days 00:42:12.721000,291.0,238.0,300.0,303.0,False,MEDIUM,14.0,True,Ferrari,0 days 00:40:53.543000,2026-08-21 10:57:27.440,1,,,,False,True,FP1,29.4,19.2,63.3
0 days 00:43:26.867000,LEC,16,0 days 00:01:14.146000,17.0,2.0,,,0 days 00:00:25.501000,0 days 00:00:26.308000,0 days 00:00:22.337000,0 days 00:42:38.222000,0 days 00:43:04.530000,0 days 00:43:26.867000,291.0,289.0,313.0,305.0,True,MEDIUM,15.0,True,Ferrari,0 days 00:42:12.721000,2026-08-21 10:58:46.618,1,,,,False,True,FP1,29.4,19.2,63.3
0 days 00:44:54.975000,LEC,16,0 days 00:01:28.108000,18.0,2.0,,0 days 00:44:53.804000,0 days 00:00:28.639000,0 days 00:00:29.897000,0 days 00:00:29.572000,0 days 00:43:55.506000,0 days 00:44:25.403000,0 days 00:44:54.975000,263.0,237.0,,259.0,False,MEDIUM,16.0,True,Ferrari,0 days 00:43:26.867000,2026-08-21 11:00:00.764,1,,,,False,False,FP1,29.4,19.2,63.3
0 days 00:50:29.862000,LEC,16,,19.0,3.0,0 days 00:48:34.077000,,,0 days 00:00:38.784000,0 days 00:00:24.863000,,0 days 00:50:05.199000,0 days 00:50:29.956000,291.0,251.0,318.0,259.0,False,MEDIUM,17.0,False,Ferrari,0 days 00:44:54.975000,2026-08-21 11:01:28.872,1,,,,False,False,FP1,29.4,19.2,63.3
0 days 00:51:46.202000,LEC,16,0 days 00:01:16.340000,20.0,3.0,,,0 days 00:00:26.298000,0 days 00:00:27.104000,0 days 00:00:22.938000,0 days 00:50:56.160000,0 days 00:51:23.264000,0 days 00:51:46.202000,276.0,271.0,316.0,296.0,False,MEDIUM,18.0,False,Ferrari,0 days 00:50:29.862000,2026-08-21 11:07:03.759,1,,,,False,True,FP1,29.4,19.2,63.3
0 days 00:53:02.184000,LEC,16,0 days 00:01:15.982000,21.0,3.0,,,0 days 00:00:26.060000,0 days 00:00:27.117000,0 days 00:00:22.805000,0 days 00:52:12.262000,0 days 00:52:39.379000,0 days 00:53:02.184000,279.0,268.0,318.0,303.0,False,MEDIUM,19.0,False,Ferrari,0 days 00:51:46.202000,2026-08-21 11:08:20.099,1,,,,False,True,FP1,29.4,19.2,63.3
0 days 00:54:17.922000,LEC,16,0 days 00:01:15.738000,22.0,3.0,,,0 days 00:00:25.875000,0 days 00:00:27.030000,0 days 00:00:22.833000,0 days 00:53:28.059000,0 days 00:53:55.089000,0 days 00:54:17.922000,276.0,269.0,313.0,306.0,False,MEDIUM,20.0,False,Ferrari,0 days 00:53:02.184000,2026-08-21 11:09:36.081,1,,,,False,True,FP1,30.7,19.3,63.2
0 days 00:55:33.692000,LEC,16,0 days 00:01:15.770000,23.0,3.0,,,0 days 00:00:25.924000,0 days 00:00:27.064000,0 days 00:00:22.782000,0 days 00:54:43.846000,0 days 00:55:10.910000,0 days 00:55:33.692000,279.0,276.0,319.0,301.0,False,MEDIUM,21.0,False,Ferrari,0 days 00:54:17.922000,2026-08-21 11:10:51.819,1,,,,False,True,FP1,30.7,19.3,63.2
0 days 00:56:49.455000,LEC,16,0 days 00:01:15.763000,24.0,3.0,,,0 days 00:00:25.941000,0 days 00:00:27.111000,0 days 00:00:22.711000,0 days 00:55:59.633000,0 days 00:56:26.744000,0 days 00:56:49.455000,281.0,278.0,314.0,303.0,False,MEDIUM,22.0,False,Ferrari,0 days 00:55:33.692000,2026-08-21 11:12:07.589,1,,,,False,True,FP1,30.7,19.3,63.2
0 days 00:58:06.108000,LEC,16,0 days 00:01:16.653000,25.0,3.0,,,0 days 00:00:26.105000,0 days 00:00:27.436000,0 days 00:00:23.112000,0 days 00:57:15.560000,0 days 00:57:42.996000,0 days 00:58:06.108000,282.0,275.0,316.0,304.0,False,MEDIUM,23.0,False,Ferrari,0 days 00:56:49.455000,2026-08-21 11:13:23.352,12,,,,False,True,FP1,30.7,19.3,63.2
0 days 00:59:22.638000,LEC,16,0 days 00:01:16.530000,26.0,3.0,,,0 days 00:00:26.191000,0 days 00:00:27.397000,0 days 00:00:22.942000,0 days 00:58:32.299000,0 days 00:58:59.696000,0 days 00:59:22.638000,277.0,267.0,312.0,302.0,False,MEDIUM,24.0,False,Ferrari,0 days 00:58:06.108000,2026-08-21 11:14:40.005,1,,,,False,True,FP1,30.7,19.3,63.2
0 days 01:00:47.442000,LEC,16,0 days 00:01:24.804000,27.0,3.0,,0 days 01:00:46.260000,0 days 00:00:26.070000,0 days 00:00:27.507000,0 days 00:00:31.227000,0 days 00:59:48.708000,0 days 01:00:16.215000,0 days 01:00:47.442000,280.0,248.0,,295.0,False,MEDIUM,25.0,False,Ferrari,0 days 00:59:22.638000,2026-08-21 11:15:56.535,1,,,,False,False,FP1,30.7,19.3,63.2
0 days 01:02:45.079000,LEC,16,0 days 00:01:57.637000,28.0,4.0,0 days 01:01:17.162000,,0 days 00:01:03.494000,0 days 00:00:28.811000,0 days 00:00:25.332000,0 days 01:01:50.936000,0 days 01:02:19.747000,0 days 01:02:45.079000,271.0,233.0,296.0,295.0,False,SOFT,1.0,True,Ferrari,0 days 01:00:47.442000,2026-08-21 11:17:21.339,1,,,,False,False,FP1,30.7,19.3,63.2
0 days 01:04:13.258000,LEC,16,0 days 00:01:28.179000,29.0,4.0,,,0 days 00:00:26.255000,0 days 00:00:33.822000,0 days 00:00:28.102000,0 days 01:03:11.334000,0 days 01:03:45.156000,0 days 01:04:13.258000,238.0,151.0,302.0,300.0,False,SOFT,2.0,True,Ferrari,0 days 01:02:45.079000,2026-08-21 11:19:18.976,1,,,,False,True,FP1,30.7,19.3,63.2
0 days 01:05:26.605000,LEC,16,0 days 00:01:13.347000,30.0,4.0,,,0 days 00:00:25.408000,0 days 00:00:25.803000,0 days 00:00:22.136000,0 days 01:04:38.666000,0 days 01:05:04.469000,0 days 01:05:26.605000,290.0,286.0,314.0,307.0,True,SOFT,3.0,True,Ferrari,0 days 01:04:13.258000,2026-08-21 11:20:47.155,1,,,,False,True,FP1,30.7,19.3,63.2
0 days 01:07:07.294000,LEC,16,0 days 00:01:40.689000,31.0,4.0,,0 days 01:07:06.147000,0 days 00:00:33.555000,0 days 00:00:35.390000,0 days 00:00:31.744000,0 days 01:06:00.160000,0 days 01:06:35.550000,0 days 01:07:07.294000,192.0,200.0,,240.0,False,SOFT,4.0,True,Ferrari,0 days 01:05:26.605000,2026-08-21 11:22:00.502,1,,,,False,False,FP1,30.7,19.3,63.2
0 days 01:09:07.052000,LEC,16,0 days 00:01:59.758000,32.0,5.0,0 days 01:07:29.557000,,0 days 00:00:56.145000,0 days 00:00:32.280000,0 days 00:00:31.333000,0 days 01:08:03.439000,0 days 01:08:35.719000,0 days 01:09:07.052000,252.0,218.0,304.0,240.0,False,SOFT,5.0,False,Ferrari,0 days 01:07:07.294000,2026-08-21 11:23:41.191,1,,,,False,False,FP1,30.7,19.3,63.2
0 days 01:10:34.940000,LEC,16,0 days 00:01:27.888000,33.0,5.0,,,0 days 00:00:27.499000,0 days 00:00:32.280000,0 days 00:00:28.109000,0 days 01:09:34.551000,0 days 01:10:06.831000,0 days 01:10:34.940000,276.0,208.0,302.0,306.0,False,SOFT,6.0,False,Ferrari,0 days 01:09:07.052000,2026-08-21 11:25:40.949,1,,,,False,True,FP1,30.7,19.3,63.2
0 days 01:11:48.178000,LEC,16,0 days 00:01:13.238000,34.0,5.0,,,0 days 00:00:25.221000,0 days 00:00:25.961000,0 days 00:00:22.056000,0 days 01:11:00.161000,0 days 01:11:26.122000,0 days 01:11:48.178000,292.0,287.0,310.0,306.0,True,SOFT,7.0,False,Ferrari,0 days 01:10:34.940000,2026-08-21 11:27:08.837,1,,,,False,True,FP1,30.7,19.3,63.2
0 days 01:13:20.760000,LEC,16,0 days 00:01:32.582000,35.0,5.0,,,0 days 00:00:30.780000,0 days 00:00:34.292000,0 days 00:00:27.510000,0 days 01:12:18.958000,0 days 01:12:53.250000,0 days 01:13:20.760000,218.0,206.0,304.0,247.0,False,SOFT,8.0,False,Ferrari,0 days 01:11:48.178000,2026-08-21 11:28:22.075,1,,,,False,True,FP1,30.7,19.3,63.2
0 days 01:14:37.304000,LEC,16,0 days 00:01:16.544000,36.0,5.0,,,0 days 00:00:25.023000,0 days 00:00:25.954000,0 days 00:00:25.567000,0 days 01:13:45.783000,0 days 01:14:11.737000,0 days 01:14:37.304000,292.0,286.0,234.0,310.0,False,SOFT,9.0,False,Ferrari,0 days 01:13:20.760000,2026-08-21 11:29:54.657,1,,,,False,True,FP1,30.7,19.3,63.2
0 days 01:17:18.290000,LEC,16,,37.0,5.0,,,0 days 00:00:36.169000,0 days 00:00:39.829000,0 days 00:01:24.819000,0 days 01:15:13.787000,0 days 01:15:53.614000,0 days 01:17:18.325000,174.0,169.0,3.0,198.0,False,SOFT,10.0,False,Ferrari,0 days 01:14:37.304000,2026-08-21 11:31:11.201,12,,,,False,False,FP1,29.9,19.4,62.9
0 days 01:19:24.105000,LEC,16,0 days 00:02:05.815000,38.0,5.0,,,0 days 00:00:39.695000,0 days 00:00:38.217000,0 days 00:00:47.903000,0 days 01:17:57.985000,0 days 01:18:36.202000,0 days 01:19:24.105000,161.0,154.0,68.0,186.0,False,SOFT,11.0,False,Ferrari,0 days 01:17:18.290000,2026-08-21 11:33:52.187,2,,,,False,True,FP1,29.9,19.4,62.9
0 days 01:21:31.569000,LEC,16,0 days 00:02:07.464000,39.0,5.0,,0 days 01:21:30.065000,0 days 00:00:55.578000,0 days 00:00:29.931000,0 days 00:00:41.955000,0 days 01:20:19.683000,0 days 01:20:49.614000,0 days 01:21:31.569000,288.0,245.0,,215.0,False,SOFT,12.0,False,Ferrari,0 days 01:19:24.105000,2026-08-21 11:35:58.002,2,,,,False,False,FP1,29.9,19.4,62.9
0 days 00:19:09.064000,STR,18,,1.0,1.0,0 days 00:17:16.411000,,,0 days 00:00:45.434000,0 days 00:00:31.187000,,0 days 00:18:37.995000,0 days 00:19:09.064000,195.0,201.0,273.0,,False,INTERMEDIATE,1.0,True,Aston Martin,0 days 00:17:16.411000,2026-08-21 10:33:50.308,1,,,,False,False,FP1,29.9,19.4,62.9
0 days 00:21:10.913000,STR,18,0 days 00:02:01.849000,2.0,1.0,,0 days 00:21:09.122000,0 days 00:00:40.451000,0 days 00:00:40.889000,0 days 00:00:40.509000,0 days 00:19:49.515000,0 days 00:20:30.404000,0 days 00:21:10.913000,150.0,211.0,,198.0,False,INTERMEDIATE,2.0,True,Aston Martin,0 days 00:19:09.064000,2026-08-21 10:35:42.961,1,,,,False,False,FP1,29.9,19.4,62.9
0 days 00:29:10.365000,STR,18,,3.0,2.0,0 days 00:27:35.513000,,,0 days 00:00:32.016000,0 days 00:00:27.457000,,0 days 00:28:43.069000,0 days 00:29:10.514000,256.0,232.0,297.0,198.0,False,MEDIUM,1.0,True,Aston Martin,0 days 00:21:10.913000,2026-08-21 10:37:44.810,1,,,,False,False,FP1,29.9,19.4,62.9
0 days 00:30:30.127000,STR,18,0 days 00:01:19.762000,4.0,2.0,,,0 days 00:00:27.547000,0 days 00:00:28.276000,0 days 00:00:23.939000,0 days 00:29:37.912000,0 days 00:30:06.188000,0 days 00:30:30.127000,285.0,279.0,296.0,258.0,True,MEDIUM,2.0,True,Aston Martin,0 days 00:29:10.365000,2026-08-21 10:45:44.262,1,,,,False,True,FP1,29.9,19.4,62.9
0 days 00:32:16.595000,STR,18,0 days 00:01:46.468000,5.0,2.0,,,0 days 00:00:33.263000,0 days 00:00:36.373000,0 days 00:00:36.832000,0 days 00:31:03.390000,0 days 00:31:39.763000,0 days 00:32:16.595000,236.0,171.0,297.0,243.0,False,MEDIUM,3.0,True,Aston Martin,0 days 00:30:30.127000,2026-08-21 10:47:04.024,12,,,,False,True,FP1,29.9,19.4,62.9
0 days 00:33:33.779000,STR,18,0 days 00:01:17.184000,6.0,2.0,,,0 days 00:00:26.717000,0 days 00:00:27.156000,0 days 00:00:23.311000,0 days 00:32:43.312000,0 days 00:33:10.468000,0 days 00:33:33.779000,286.0,281.0,296.0,285.0,True,MEDIUM,4.0,True,Aston Martin,0 days 00:32:16.595000,2026-08-21 10:48:50.492,1,,,,False,True,FP1,29.9,19.4,62.9
0 days 00:35:23.963000,STR,18,0 days 00:01:50.184000,7.0,2.0,,,0 days 00:00:35.702000,0 days 00:00:45.436000,0 days 00:00:29.046000,0 days 00:34:09.481000,0 days 00:34:54.917000,0 days 00:35:23.963000,227.0,147.0,297.0,222.0,False,MEDIUM,5.0,True,Aston Martin,0 days 00:33:33.779000,2026-08-21 10:50:07.676,1,,,,False,True,FP1,29.9,19.4,62.9
0 days 00:36:40.192000,STR,18,0 days 00:01:16.229000,8.0,2.0,,,0 days 00:00:26.312000,0 days 00:00:26.712000,0 days 00:00:23.205000,0 days 00:35:50.275000,0 days 00:36:16.987000,0 days 00:36:40.192000,285.0,279.0,291.0,299.0,True,MEDIUM,6.0,True,Aston Martin,0 days 00:35:23.963000,2026-08-21 10:51:57.860,1,,,,False,True,FP1,29.9,19.4,62.9
0 days 00:38:32.502000,STR,18,0 days 00:01:52.310000,9.0,2.0,,,0 days 00:00:41.330000,0 days 00:00:39.847000,0 days 00:00:31.133000,0 days 00:37:21.522000,0 days 00:38:01.369000,0 days 00:38:32.502000,141.0,228.0,298.0,221.0,False,MEDIUM,7.0,True,Aston Martin,0 days 00:36:40.192000,2026-08-21 10:53:14.089,1,,,,False,True,FP1,29.9,19.4,62.9
0 days 00:39:48.797000,STR,18,0 days 00:01:16.295000,10.0,2.0,,,0 days 00:00:26.405000,0 days 00:00:26.691000,0 days 00:00:23.199000,0 days 00:38:58.907000,0 days 00:39:25.598000,0 days 00:39:48.797000,284.0,281.0,292.0,299.0,False,MEDIUM,8.0,True,Aston Martin,0 days 00:38:32.502000,2026-08-21 10:55:06.399,12,,,,False,True,FP1,28.0,19.4,61.0
0 days 00:41:29.172000,STR,18,0 days 00:01:40.375000,11.0,2.0,,0 days 00:41:27.953000,0 days 00:00:31.722000,0 days 00:00:33.233000,0 days 00:00:35.420000,0 days 00:40:20.519000,0 days 00:40:53.752000,0 days 00:41:29.172000,230.0,201.0,,220.0,False,MEDIUM,9.0,True,Aston Martin,0 days 00:39:48.797000,2026-08-21 10:56:22.694,1,,,,False,False,FP1,28.0,19.4,61.0
0 days 00:49:51.581000,STR,18,,12.0,3.0,0 days 00:48:19.935000,,,0 days 00:00:29.755000,0 days 00:00:26.468000,,0 days 00:49:25.305000,0 days 00:49:51.652000,259.0,237.0,279.0,220.0,False,MEDIUM,10.0,False,Aston Martin,0 days 00:41:29.172000,2026-08-21 10:58:03.069,1,,,,False,False,FP1,28.0,19.4,61.0
0 days 00:51:21.996000,STR,18,0 days 00:01:30.415000,13.0,3.0,,,0 days 00:00:31.479000,0 days 00:00:34.220000,0 days 00:00:24.716000,0 days 00:50:23.060000,0 days 00:50:57.280000,0 days 00:51:21.996000,234.0,255.0,317.0,219.0,False,MEDIUM,11.0,False,Aston Martin,0 days 00:49:51.581000,2026-08-21 11:06:25.478,1,,,,False,True,FP1,28.0,19.4,61.0
0 days 00:52:39.573000,STR,18,0 days 00:01:17.577000,14.0,3.0,,,0 days 00:00:27.073000,0 days 00:00:27.316000,0 days 00:00:23.188000,0 days 00:51:49.069000,0 days 00:52:16.385000,0 days 00:52:39.573000,271.0,270.0,315.0,286.0,False,MEDIUM,12.0,False,Aston Martin,0 days 00:51:21.996000,2026-08-21 11:07:55.893,1,,,,False,True,FP1,28.0,19.4,61.0
0 days 00:53:56.747000,STR,18,0 days 00:01:17.174000,15.0,3.0,,,0 days 00:00:26.617000,0 days 00:00:27.551000,0 days 00:00:23.006000,0 days 00:53:06.190000,0 days 00:53:33.741000,0 days 00:53:56.747000,269.0,267.0,316.0,298.0,False,MEDIUM,13.0,False,Aston Martin,0 days 00:52:39.573000,2026-08-21 11:09:13.470,1,,,,False,True,FP1,28.0,19.4,61.0
0 days 00:55:14.140000,STR,18,0 days 00:01:17.393000,16.0,3.0,,,0 days 00:00:26.589000,0 days 00:00:27.562000,0 days 00:00:23.242000,0 days 00:54:23.336000,0 days 00:54:50.898000,0 days 00:55:14.140000,267.0,265.0,314.0,298.0,False,MEDIUM,14.0,False,Aston Martin,0 days 00:53:56.747000,2026-08-21 11:10:30.644,1,,,,False,True,FP1,28.0,19.4,61.0
0 days 00:56:43.053000,STR,18,0 days 00:01:28.913000,17.0,3.0,,0 days 00:56:41.481000,0 days 00:00:26.663000,0 days 00:00:29.113000,0 days 00:00:33.137000,0 days 00:55:40.803000,0 days 00:56:09.916000,0 days 00:56:43.053000,267.0,214.0,,298.0,False,MEDIUM,15.0,False,Aston Martin,0 days 00:55:14.140000,2026-08-21 11:11:48.037,1,,,,False,False,FP1,28.0,19.4,61.0
0 days 01:03:08.682000,STR,18,,18.0,4.0,0 days 01:01:41.554000,,,0 days 00:00:28.897000,0 days 00:00:28.722000,,0 days 01:02:40.123000,0 days 01:03:08.781000,263.0,237.0,298.0,298.0,False,SOFT,1.0,True,Aston Martin,0 days 00:56:43.053000,2026-08-21 11:13:16.950,12,,,,False,False,FP1,28.0,19.4,61.0
0 days 01:04:23.881000,STR,18,0 days 00:01:15.199000,19.0,4.0,,,0 days 00:00:26.010000,0 days 00:00:26.479000,0 days 00:00:22.710000,0 days 01:03:34.692000,0 days 01:04:01.171000,0 days 01:04:23.881000,286.0,281.0,302.0,307.0,True,SOFT,2.0,True,Aston Martin,0 days 01:03:08.682000,2026-08-21 11:19:42.579,1,,,,False,True,FP1,28.0,19.4,61.0
0 days 01:06:09.460000,STR,18,0 days 00:01:45.579000,20.0,4.0,,,0 days 00:00:36.606000,0 days 00:00:41.770000,0 days 00:00:27.203000,0 days 01:05:00.487000,0 days 01:05:42.257000,0 days 01:06:09.460000,192.0,225.0,299.0,225.0,False,SOFT,3.0,True,Aston Martin,0 days 01:04:23.881000,2026-08-21 11:20:57.778,1,,,,False,True,FP1,28.0,19.4,61.0
0 days 01:07:24.822000,STR,18,0 days 00:01:15.362000,21.0,4.0,,,0 days 00:00:26.062000,0 days 00:00:26.535000,0 days 00:00:22.765000,0 days 01:06:35.522000,0 days 01:07:02.057000,0 days 01:07:24.822000,286.0,279.0,293.0,309.0,False,SOFT,4.0,True,Aston Martin,0 days 01:06:09.460000,2026-08-21 11:22:43.357,1,,,,False,True,FP1,28.0,19.4,61.0
0 days 01:09:20.750000,STR,18,0 days 00:01:55.928000,22.0,4.0,,,0 days 00:00:42.455000,0 days 00:00:37.880000,0 days 00:00:35.593000,0 days 01:08:07.277000,0 days 01:08:45.157000,0 days 01:09:20.750000,179.0,214.0,298.0,215.0,False,SOFT,5.0,True,Aston Martin,0 days 01:07:24.822000,2026-08-21 11:23:58.719,1,,,,False,True,FP1,28.0,19.4,61.0
0 days 01:10:58.279000,STR,18,0 days 00:01:37.529000,23.0,4.0,,,0 days 00:00:26.689000,0 days 00:00:37.026000,0 days 00:00:33.814000,0 days 01:09:47.439000,0 days 01:10:24.465000,0 days 01:10:58.279000,189.0,164.0,299.0,307.0,False,SOFT,6.0,True,Aston Martin,0 days 01:09:20.750000,2026-08-21 11:25:54.647,1,,,,False,True,FP1,28.0,19.4,61.0
0 days 01:12:41.556000,STR,18,0 days 00:01:43.277000,24.0,4.0,,0 days 01:12:40.353000,0 days 00:00:34.625000,0 days 00:00:34.503000,0 days 00:00:34.149000,0 days 01:11:32.904000,0 days 01:12:07.407000,0 days 01:12:41.556000,222.0,198.0,,308.0,False,SOFT,7.0,True,Aston Martin,0 days 01:10:58.279000,2026-08-21 11:27:32.176,1,,,,False,False,FP1,27.7,19.4,60.9
0 days 00:16:41.930000,TSU,22,,1.0,1.0,0 days 00:14:49.609000,0 days 00:16:40.539000,,0 days 00:00:36.538000,0 days 00:00:39.125000,,0 days 00:16:02.982000,0 days 00:16:41.930000,228.0,156.0,,,False,INTERMEDIATE,1.0,True,Racing Bulls,0 days 00:14:49.609000,2026-08-21 10:31:23.506,1,,,,False,False,FP1,27.7,19.4,60.9
0 days 00:21:21.582000,TSU,22,,2.0,2.0,0 days 00:19:50.341000,,,0 days 00:00:31.847000,0 days 00:00:26.247000,,0 days 00:20:55.662000,0 days 00:21:21.828000,247.0,229.0,285.0,,False,HARD,1.0,True,Racing Bulls,0 days 00:16:41.930000,2026-08-21 10:33:15.827,1,,,,False,False,FP1,27.7,19.4,60.9
0 days 00:22:43.030000,TSU,22,0 days 00:01:21.448000,3.0,2.0,,,0 days 00:00:28.720000,0 days 00:00:28.168000,0 days 00:00:24.560000,0 days 00:21:50.302000,0 days 00:22:18.470000,0 days 00:22:43.030000,279.0,274.0,283.0,222.0,True,HARD,2.0,True,Racing Bulls,0 days 00:21:21.582000,2026-08-21 10:37:55.479,1,,,,False,True,FP1,27.7,19.4,60.9
0 days 00:24:01.957000,TSU,22,0 days 00:01:18.927000,4.0,2.0,,,0 days 00:00:27.715000,0 days 00:00:27.578000,0 days 00:00:23.634000,0 days 00:23:10.745000,0 days 00:23:38.323000,0 days 00:24:01.957000,286.0,272.0,307.0,225.0,True,HARD,3.0,True,Racing Bulls,0 days 00:22:43.030000,2026-08-21 10:39:16.927,1,,,,False,True,FP1,27.7,19.4,60.9
0 days 00:25:19.279000,TSU,22,0 days 00:01:17.322000,5.0,2.0,,,0 days 00:00:26.753000,0 days 00:00:27.304000,0 days 00:00:23.265000,0 days 00:24:28.710000,0 days 00:24:56.014000,0 days 00:25:19.279000,283.0,274.0,310.0,254.0,True,HARD,4.0,True,Racing Bulls,0 days 00:24:01.957000,2026-08-21 10:40:35.854,1,,,,False,True,FP1,27.7,19.4,60.9
0 days 00:26:54.645000,TSU,22,0 days 00:01:35.366000,6.0,2.0,,,0 days 00:00:34.909000,0 days 00:00:33.708000,0 days 00:00:26.749000,0 days 00:25:54.188000,0 days 00:26:27.896000,0 days 00:26:54.645000,197.0,235.0,301.0,189.0,False,HARD,5.0,True,Racing Bulls,0 days 00:25:19.279000,2026-08-21 10:41:53.176,1,,,,False,True,FP1,27.7,19.4,60.9
0 days 00:28:11.944000,TSU,22,0 days 00:01:17.299000,7.0,2.0,,,0 days 00:00:26.495000,0 days 00:00:27.442000,0 days 00:00:23.362000,0 days 00:27:21.140000,0 days 00:27:48.582000,0 days 00:28:11.944000,293.0,287.0,299.0,293.0,True,HARD,6.0,True,Racing Bulls,0 days 00:26:54.645000,2026-08-21 10:43:28.542,1,,,,False,True,FP1,27.7,19.4,60.9
0 days 00:30:09.492000,TSU,22,0 days 00:01:57.548000,8.0,2.0,,,0 days 00:00:39.228000,0 days 00:00:42.918000,0 days 00:00:35.402000,0 days 00:28:51.172000,0 days 00:29:34.090000,0 days 00:30:09.492000,156.0,230.0,264.0,192.0,False,HARD,7.0,True,Racing Bulls,0 days 00:28:11.944000,2026-08-21 10:44:45.841,1,,,,False,True,FP1,27.7,19.4,60.9
0 days 00:31:44.355000,TSU,22,0 days 00:01:34.863000,9.0,2.0,,,0 days 00:00:32.967000,0 days 00:00:33.382000,0 days 00:00:28.514000,0 days 00:30:42.459000,0 days 00:31:15.841000,0 days 00:31:44.355000,202.0,151.0,309.0,225.0,False,HARD,8.0,True,Racing Bulls,0 days 00:30:09.492000,2026-08-21 10:46:43.389,12,,,,False,True,FP1,27.7,19.4,60.9
0 days 00:33:08.096000,TSU,22,0 days 00:01:23.741000,10.0,2.0,,,0 days 00:00:27.759000,0 days 00:00:29.123000,0 days 00:00:26.859000,0 days 00:32:12.114000,0 days 00:32:41.237000,0 days 00:33:08.096000,258.0,239.0,301.0,295.0,False,HARD,9.0,True,Racing Bulls,0 days 00:31:44.355000,2026-08-21 10:48:18.252,1,,,,False,True,FP1,28.3,19.3,62.0
0 days 00:34:24.770000,TSU,22,0 days 00:01:16.674000,11.0,2.0,,,0 days 00:00:26.156000,0 days 00:00:27.159000,0 days 00:00:23.359000,0 days 00:33:34.252000,0 days 00:34:01.411000,0 days 00:34:24.770000,293.0,287.0,298.0,300.0,True,HARD,10.0,True,Racing Bulls,0 days 00:33:08.096000,2026-08-21 10:49:41.993,1,,,,False,True,FP1,28.3,19.3,62.0
0 days 00:36:05.629000,TSU,22,0 days 00:01:40.859000,12.0,2.0,,,0 days 00:00:34.098000,0 days 00:00:36.444000,0 days 00:00:30.317000,0 days 00:34:58.868000,0 days 00:35:35.312000,0 days 00:36:05.629000,221.0,109.0,303.0,206.0,False,HARD,11.0,True,Racing Bulls,0 days 00:34:24.770000,2026-08-21 10:50:58.667,1,,,,False,True,FP1,28.3,19.3,62.0
0 days 00:37:22.126000,TSU,22,0 days 00:01:16.497000,13.0,2.0,,,0 days 00:00:26.016000,0 days 00:00:27.195000,0 days 00:00:23.286000,0 days 00:36:31.645000,0 days 00:36:58.840000,0 days 00:37:22.126000,292.0,286.0,304.0,300.0,True,HARD,12.0,True,Racing Bulls,0 days 00:36:05.629000,2026-08-21 10:52:39.526,1,,,,False,True,FP1,28.3,19.3,62.0
0 days 00:39:09.576000,TSU,22,0 days 00:01:47.450000,14.0,2.0,,,0 days 00:00:40.725000,0 days 00:00:40.444000,0 days 00:00:26.281000,0 days 00:38:02.851000,0 days 00:38:43.295000,0 days 00:39:09.576000,133.0,204.0,301.0,219.0,False,HARD,13.0,True,Racing Bulls,0 days 00:37:22.126000,2026-08-21 10:53:56.023,1,,,,False,True,FP1,28.3,19.3,62.0
0 days 00:40:25.441000,TSU,22,0 days 00:01:15.865000,15.0,2.0,,,0 days 00:00:25.928000,0 days 00:00:26.930000,0 days 00:00:23.007000,0 days 00:39:35.504000,0 days 00:40:02.434000,0 days 00:40:25.441000,291.0,285.0,305.0,305.0,True,HARD,14.0,True,Racing Bulls,0 days 00:39:09.576000,2026-08-21 10:55:43.473,12,,,,False,True,FP1,28.3,19.3,62.0
0 days 00:42:02.988000,TSU,22,0 days 00:01:37.547000,16.0,2.0,,0 days 00:42:01.890000,0 days 00:00:31.979000,0 days 00:00:32.669000,0 days 00:00:32.899000,0 days 00:40:57.420000,0 days 00:41:30.089000,0 days 00:42:02.988000,227.0,248.0,,238.0,False,HARD,15.0,True,Racing Bulls,0 days 00:40:25.441000,2026-08-21 10:56:59.338,1,,,,False,False,FP1,28.3,19.3,62.0
0 days 00:49:32.729000,TSU,22,,17.0,3.0,0 days 00:47:51.643000,,,0 days 00:00:28.242000,0 days 00:00:23.584000,,0 days 00:49:09.265000,0 days 00:49:32.788000,288.0,283.0,320.0,238.0,False,HARD,16.0,False,Racing Bulls,0 days 00:42:02.988000,2026-08-21 10:58:36.885,1,,,,False,False,FP1,28.3,19.3,62.0
0 days 00:50:50.885000,TSU,22,0 days 00:01:18.156000,18.0,3.0,,,0 days 00:00:26.687000,0 days 00:00:28.019000,0 days 00:00:23.450000,0 days 00:49:59.416000,0 days 00:50:27.435000,0 days 00:50:50.885000,286.0,273.0,305.0,292.0,False,HARD,17.0,False,Racing Bulls,0 days 00:49:32.729000,2026-08-21 11:06:06.626,1,,,,False,True,FP1,28.3,19.3,62.0
0 days 00:52:09.361000,TSU,22,0 days 00:01:18.476000,19.0,3.0,,,0 days 00:00:26.810000,0 days 00:00:28.121000,0 days 00:00:23.545000,0 days 00:51:17.695000,0 days 00:51:45.816000,0 days 00:52:09.361000,277.0,268.0,313.0,294.0,False,HARD,18.0,False,Racing Bulls,0 days 00:50:50.885000,2026-08-21 11:07:24.782,1,,,,False,True,FP1,28.3,19.3,62.0
0 days 00:53:28.008000,TSU,22,0 days 00:01:18.647000,20.0,3.0,,,0 days 00:00:26.923000,0 days 00:00:28.198000,0 days 00:00:23.526000,0 days 00:52:36.284000,0 days 00:53:04.482000,0 days 00:53:28.008000,279.0,268.0,311.0,285.0,False,HARD,19.0,False,Racing Bulls,0 days 00:52:09.361000,2026-08-21 11:08:43.258,1,,,,False,True,FP1,28.7,19.3,62.7
0 days 00:54:46.833000,TSU,22,0 days 00:01:18.825000,21.0,3.0,,,0 days 00:00:27.033000,0 days 00:00:28.164000,0 days 00:00:23.628000,0 days 00:53:55.041000,0 days 00:54:23.205000,0 days 00:54:46.833000,281.0,273.0,305.0,265.0,False,HARD,20.0,False,Racing Bulls,0 days 00:53:28.008000,2026-08-21 11:10:01.905,1,,,,False,True,FP1,28.7,19.3,62.7
0 days 00:56:05.382000,TSU,22,0 days 00:01:18.549000,22.0,3.0,,,0 days 00:00:26.801000,0 days 00:00:28.137000,0 days 00:00:23.611000,0 days 00:55:13.634000,0 days 00:55:41.771000,0 days 00:56:05.382000,282.0,271.0,320.0,296.0,False,HARD,21.0,False,Racing Bulls,0 days 00:54:46.833000,2026-08-21 11:11:20.730,1,,,,False,True,FP1,28.7,19.3,62.7
0 days 00:57:23.653000,TSU,22,0 days 00:01:18.271000,23.0,3.0,,,0 days 00:00:26.491000,0 days 00:00:28.317000,0 days 00:00:23.463000,0 days 00:56:31.873000,0 days 00:57:00.190000,0 days 00:57:23.653000,279.0,272.0,327.0,307.0,False,HARD,22.0,False,Racing Bulls,0 days 00:56:05.382000,2026-08-21 11:12:39.279,1,,,,False,True,FP1,28.7,19.3,62.7
0 days 00:58:49.604000,TSU,22,0 days 00:01:25.951000,24.0,3.0,,0 days 00:58:48.410000,0 days 00:00:26.571000,0 days 00:00:28.477000,0 days 00:00:30.903000,0 days 00:57:50.224000,0 days 00:58:18.701000,0 days 00:58:49.604000,278.0,269.0,,296.0,False,HARD,23.0,False,Racing Bulls,0 days 00:57:23.653000,2026-08-21 11:13:57.550,12,,,,False,False,FP1,28.7,19.3,62.7
0 days 01:03:56.488000,TSU,22,,25.0,4.0,0 days 01:02:27.712000,,,0 days 00:00:30.410000,0 days 00:00:28.210000,,0 days 01:03:28.478000,0 days 01:03:56.642000,241.0,183.0,302.0,296.0,False,MEDIUM,1.0,True,Racing Bulls,0 days 00:58:49.604000,2026-08-21 11:15:23.501,1,,,,False,False,FP1,28.7,19.3,62.7
0 days 01:05:11.598000,TSU,22,0 days 00:01:15.110000,26.0,4.0,,,0 days 00:00:25.798000,0 days 00:00:26.543000,0 days 00:00:22.769000,0 days 01:04:22.286000,0 days 01:04:48.829000,0 days 01:05:11.598000,290.0,287.0,302.0,305.0,True,MEDIUM,2.0,True,Racing Bulls,0 days 01:03:56.488000,2026-08-21 11:20:30.385,1,,,,False,True,FP1,28.7,19.3,62.7
0 days 01:06:58.504000,TSU,22,0 days 00:01:46.906000,27.0,4.0,,,0 days 00:00:40.516000,0 days 00:00:39.393000,0 days 00:00:26.997000,0 days 01:05:52.114000,0 days 01:06:31.507000,0 days 01:06:58.504000,160.0,126.0,308.0,226.0,False,MEDIUM,3.0,True,Racing Bulls,0 days 01:05:11.598000,2026-08-21 11:21:45.495,1,,,,False,True,FP1,28.7,19.3,62.7
0 days 01:08:40.966000,TSU,22,0 days 00:01:42.462000,28.0,4.0,,,0 days 00:00:31.831000,0 days 00:00:35.841000,0 days 00:00:34.790000,0 days 01:07:30.335000,0 days 01:08:06.176000,0 days 01:08:40.966000,246.0,238.0,303.0,246.0,False,MEDIUM,4.0,True,Racing Bulls,0 days 01:06:58.504000,2026-08-21 11:23:32.401,1,,,,False,True,FP1,28.7,19.3,62.7
0 days 01:09:56.260000,TSU,22,0 days 00:01:15.294000,29.0,4.0,,,0 days 00:00:25.655000,0 days 00:00:26.602000,0 days 00:00:23.037000,0 days 01:09:06.621000,0 days 01:09:33.223000,0 days 01:09:56.260000,293.0,286.0,293.0,309.0,False,MEDIUM,5.0,True,Racing Bulls,0 days 01:08:40.966000,2026-08-21 11:25:14.863,1,,,,False,True,FP1,28.7,19.3,62.7
0 days 01:11:43.898000,TSU,22,0 days 00:01:47.638000,30.0,4.0,,,0 days 00:00:40.629000,0 days 00:00:41.117000,0 days 00:00:25.892000,0 days 01:10:36.889000,0 days 01:11:18.006000,0 days 01:11:43.898000,142.0,213.0,303.0,195.0,False,MEDIUM,6.0,True,Racing Bulls,0 days 01:09:56.260000,2026-08-21 11:26:30.157,1,,,,False,True,FP1,28.7,19.3,62.7
0 days 01:12:59.454000,TSU,22,0 days 00:01:15.556000,31.0,4.0,,,0 days 00:00:25.813000,0 days 00:00:26.718000,0 days 00:00:23.025000,0 days 01:12:09.711000,0 days 01:12:36.429000,0 days 01:12:59.454000,293.0,287.0,300.0,308.0,False,MEDIUM,7.0,True,Racing Bulls,0 days 01:11:43.898000,2026-08-21 11:28:17.795,1,,,,False,True,FP1,28.7,19.3,62.7
0 days 01:14:50.554000,TSU,22,0 days 00:01:51.100000,32.0,4.0,,,0 days 00:00:41.580000,0 days 00:00:40.001000,0 days 00:00:29.519000,0 days 01:13:41.034000,0 days 01:14:21.035000,0 days 01:14:50.554000,132.0,182.0,282.0,186.0,False,MEDIUM,8.0,True,Racing Bulls,0 days 01:12:59.454000,2026-08-21 11:29:33.351,1,,,,False,True,FP1,29.6,19.2,62.1
0 days 01:17:28.648000,TSU,22,,33.0,4.0,,,0 days 00:00:33.198000,0 days 00:00:33.789000,0 days 00:01:31.018000,0 days 01:15:23.959000,0 days 01:15:57.703000,0 days 01:17:29.676000,202.0,243.0,182.0,213.0,False,MEDIUM,9.0,True,Racing Bulls,0 days 01:14:50.554000,2026-08-21 11:31:24.451,12,,,,False,False,FP1,29.6,19.2,62.1
0 days 01:19:26.072000,TSU,22,0 days 00:01:57.424000,34.0,4.0,,,0 days 00:00:32.250000,0 days 00:00:36.108000,0 days 00:00:49.066000,0 days 01:18:00.898000,0 days 01:18:37.006000,0 days 01:19:26.072000,199.0,180.0,55.0,205.0,False,MEDIUM,10.0,True,Racing Bulls,0 days 01:17:28.648000,2026-08-21 11:34:02.545,2,,,,False,True,FP1,29.6,19.2,62.1
0 days 01:21:44.911000,TSU,22,0 days 00:02:18.839000,35.0,4.0,,0 days 01:21:43.482000,0 days 00:01:04.688000,0 days 00:00:37.532000,0 days 00:00:36.619000,0 days 01:20:30.760000,0 days 01:21:08.292000,0 days 01:21:44.911000,172.0,199.0,,191.0,False,MEDIUM,11.0,True,Racing Bulls,0 days 01:19:26.072000,2026-08-21 11:35:59.969,2,,,,False,False,FP1,29.6,19.2,62.1
0 days 00:16:34.773000,ALB,23,,1.0,1.0,0 days 00:14:48.137000,0 days 00:16:33.274000,,0 days 00:00:36.375000,0 days 00:00:34.367000,,0 days 00:16:00.498000,0 days 00:16:34.773000,226.0,222.0,,,False,INTERMEDIATE,1.0,True,Williams,0 days 00:14:48.137000,2026-08-21 10:31:22.034,1,,,,False,False,FP1,29.6,19.2,62.1
0 days 00:26:01.285000,ALB,23,,2.0,2.0,0 days 00:24:29.467000,,,0 days 00:00:32.612000,0 days 00:00:27.446000,,0 days 00:25:34.151000,0 days 00:26:01.423000,261.0,147.0,281.0,,False,SOFT,1.0,True,Williams,0 days 00:16:34.773000,2026-08-21 10:33:08.670,1,,,,False,False,FP1,29.6,19.2,62.1
0 days 00:27:27.428000,ALB,23,0 days 00:01:26.143000,3.0,2.0,,,0 days 00:00:28.124000,0 days 00:00:30.390000,0 days 00:00:27.629000,0 days 00:26:29.409000,0 days 00:26:59.799000,0 days 00:27:27.428000,288.0,238.0,291.0,240.0,True,SOFT,2.0,True,Williams,0 days 00:26:01.285000,2026-08-21 10:42:35.182,1,,,,False,True,FP1,29.4,19.2,62.5
0 days 00:28:46.304000,ALB,23,0 days 00:01:18.876000,4.0,2.0,,,0 days 00:00:27.137000,0 days 00:00:27.669000,0 days 00:00:24.070000,0 days 00:27:54.565000,0 days 00:28:22.234000,0 days 00:28:46.304000,288.0,254.0,276.0,275.0,True,SOFT,3.0,True,Williams,0 days 00:27:27.428000,2026-08-21 10:44:01.325,1,,,,False,True,FP1,29.4,19.2,62.5
0 days 00:30:42.105000,ALB,23,0 days 00:01:55.801000,5.0,2.0,,,0 days 00:00:40.971000,0 days 00:00:46.450000,0 days 00:00:28.380000,0 days 00:29:27.275000,0 days 00:30:13.725000,0 days 00:30:42.105000,194.0,146.0,291.0,212.0,False,SOFT,4.0,True,Williams,0 days 00:28:46.304000,2026-08-21 10:45:20.201,1,,,,False,True,FP1,29.4,19.2,62.5
0 days 00:32:22.156000,ALB,23,0 days 00:01:40.051000,6.0,2.0,,,0 days 00:00:26.622000,0 days 00:00:36.929000,0 days 00:00:36.500000,0 days 00:31:08.727000,0 days 00:31:45.656000,0 days 00:32:22.156000,290.0,113.0,281.0,282.0,False,SOFT,5.0,True,Williams,0 days 00:30:42.105000,2026-08-21 10:47:16.002,12,,,,False,True,FP1,29.4,19.2,62.5
0 days 00:34:00.014000,ALB,23,0 days 00:01:37.858000,7.0,2.0,,,0 days 00:00:30.510000,0 days 00:00:35.408000,0 days 00:00:31.940000,0 days 00:32:52.666000,0 days 00:33:28.074000,0 days 00:34:00.014000,194.0,137.0,294.0,273.0,False,SOFT,6.0,True,Williams,0 days 00:32:22.156000,2026-08-21 10:48:56.053,1,,,,False,True,FP1,29.4,19.2,62.5
0 days 00:35:17.451000,ALB,23,0 days 00:01:17.437000,8.0,2.0,,,0 days 00:00:26.707000,0 days 00:00:27.297000,0 days 00:00:23.433000,0 days 00:34:26.721000,0 days 00:34:54.018000,0 days 00:35:17.451000,292.0,283.0,296.0,288.0,True,SOFT,7.0,True,Williams,0 days 00:34:00.014000,2026-08-21 10:50:33.911,1,,,,False,True,FP1,29.4,19.2,62.5
0 days 00:37:10.411000,ALB,23,0 days 00:01:52.960000,9.0,2.0,,,0 days 00:00:43.832000,0 days 00:00:40.836000,0 days 00:00:28.292000,0 days 00:36:01.283000,0 days 00:36:42.119000,0 days 00:37:10.411000,139.0,232.0,289.0,214.0,False,SOFT,8.0,True,Williams,0 days 00:35:17.451000,2026-08-21 10:51:51.348,1,,,,False,True,FP1,28.6,19.3,62.5
0 days 00:38:27.175000,ALB,23,0 days 00:01:16.764000,10.0,2.0,,,0 days 00:00:26.394000,0 days 00:00:27.283000,0 days 00:00:23.087000,0 days 00:37:36.805000,0 days 00:38:04.088000,0 days 00:38:27.175000,293.0,283.0,301.0,299.0,True,SOFT,9.0,True,Williams,0 days 00:37:10.411000,2026-08-21 10:53:44.308,1,,,,False,True,FP1,28.6,19.3,62.5
0 days 00:40:22.913000,ALB,23,0 days 00:01:55.738000,11.0,2.0,,,0 days 00:00:43.212000,0 days 00:00:37.876000,0 days 00:00:34.650000,0 days 00:39:10.387000,0 days 00:39:48.263000,0 days 00:40:22.913000,115.0,225.0,282.0,246.0,False,SOFT,10.0,True,Williams,0 days 00:38:27.175000,2026-08-21 10:55:01.072,12,,,,False,True,FP1,28.6,19.3,62.5
0 days 00:41:39.225000,ALB,23,0 days 00:01:16.312000,12.0,2.0,,,0 days 00:00:26.259000,0 days 00:00:27.124000,0 days 00:00:22.929000,0 days 00:40:49.172000,0 days 00:41:16.296000,0 days 00:41:39.225000,290.0,283.0,298.0,294.0,True,SOFT,11.0,True,Williams,0 days 00:40:22.913000,2026-08-21 10:56:56.810,1,,,,False,True,FP1,28.6,19.3,62.5
0 days 00:43:21.515000,ALB,23,0 days 00:01:42.290000,13.0,2.0,,,0 days 00:00:38.336000,0 days 00:00:36.692000,0 days 00:00:27.262000,0 days 00:42:17.561000,0 days 00:42:54.253000,0 days 00:43:21.515000,210.0,226.0,290.0,211.0,False,SOFT,12.0,True,Williams,0 days 00:41:39.225000,2026-08-21 10:58:13.122,1,,,,False,True,FP1,28.6,19.3,62.5
0 days 00:44:37.923000,ALB,23,0 days 00:01:16.408000,14.0,2.0,,,0 days 00:00:26.148000,0 days 00:00:27.311000,0 days 00:00:22.949000,0 days 00:43:47.663000,0 days 00:44:14.974000,0 days 00:44:37.923000,292.0,282.0,302.0,299.0,False,SOFT,13.0,True,Williams,0 days 00:43:21.515000,2026-08-21 10:59:55.412,1,,,,False,True,FP1,28.1,19.3,62.4
0 days 00:46:11.927000,ALB,23,0 days 00:01:34.004000,15.0,2.0,,0 days 00:46:10.664000,0 days 00:00:30.912000,0 days 00:00:32.893000,0 days 00:00:30.199000,0 days 00:45:08.835000,0 days 00:45:41.728000,0 days 00:46:11.927000,175.0,257.0,,261.0,False,SOFT,14.0,True,Williams,0 days 00:44:37.923000,2026-08-21 11:01:11.820,1,,,,False,False,FP1,28.1,19.3,62.4
0 days 00:48:11.021000,ALB,23,0 days 00:01:59.094000,16.0,3.0,0 days 00:46:23.937000,0 days 00:48:09.856000,0 days 00:00:58.334000,0 days 00:00:30.385000,0 days 00:00:30.375000,0 days 00:47:10.261000,0 days 00:47:40.646000,0 days 00:48:11.021000,262.0,273.0,,261.0,False,SOFT,15.0,False,Williams,0 days 00:46:11.927000,2026-08-21 11:02:45.824,1,,,,False,False,FP1,28.1,19.3,62.4
0 days 00:49:56.208000,ALB,23,0 days 00:01:45.187000,17.0,4.0,0 days 00:48:31.155000,,0 days 00:00:48.549000,0 days 00:00:28.056000,0 days 00:00:28.582000,0 days 00:48:59.570000,0 days 00:49:27.626000,0 days 00:49:56.208000,295.0,288.0,315.0,261.0,False,SOFT,16.0,False,Williams,0 days 00:48:11.021000,2026-08-21 11:04:44.918,1,,,,False,False,FP1,28.1,19.3,62.4
0 days 00:51:14.944000,ALB,23,0 days 00:01:18.736000,18.0,4.0,,,0 days 00:00:26.851000,0 days 00:00:28.545000,0 days 00:00:23.340000,0 days 00:50:23.059000,0 days 00:50:51.604000,0 days 00:51:14.944000,234.0,275.0,312.0,289.0,False,SOFT,17.0,False,Williams,0 days 00:49:56.208000,2026-08-21 11:06:30.105,1,,,,False,True,FP1,28.1,19.3,62.4
0 days 00:52:32.612000,ALB,23,0 days 00:01:17.668000,19.0,4.0,,,0 days 00:00:26.676000,0 days 00:00:27.848000,0 days 00:00:23.144000,0 days 00:51:41.620000,0 days 00:52:09.468000,0 days 00:52:32.612000,278.0,275.0,316.0,281.0,False,SOFT,18.0,False,Williams,0 days 00:51:14.944000,2026-08-21 11:07:48.841,1,,,,False,True,FP1,28.1,19.3,62.4
0 days 00:53:50.545000,ALB,23,0 days 00:01:17.933000,20.0,4.0,,,0 days 00:00:26.702000,0 days 00:00:27.999000,0 days 00:00:23.232000,0 days 00:52:59.314000,0 days 00:53:27.313000,0 days 00:53:50.545000,280.0,278.0,317.0,303.0,False,SOFT,19.0,False,Williams,0 days 00:52:32.612000,2026-08-21 11:09:06.509,1,,,,False,True,FP1,28.0,19.3,62.5
0 days 00:55:08.439000,ALB,23,0 days 00:01:17.894000,21.0,4.0,,,0 days 00:00:26.693000,0 days 00:00:28.107000,0 days 00:00:23.094000,0 days 00:54:17.238000,0 days 00:54:45.345000,0 days 00:55:08.439000,281.0,278.0,320.0,303.0,False,SOFT,20.0,False,Williams,0 days 00:53:50.545000,2026-08-21 11:10:24.442,1,,,,False,True,FP1,28.0,19.3,62.5
0 days 00:56:26.236000,ALB,23,0 days 00:01:17.797000,22.0,4.0,,,0 days 00:00:26.705000,0 days 00:00:28.044000,0 days 00:00:23.048000,0 days 00:55:35.144000,0 days 00:56:03.188000,0 days 00:56:26.236000,280.0,278.0,320.0,296.0,False,SOFT,21.0,False,Williams,0 days 00:55:08.439000,2026-08-21 11:11:42.336,1,,,,False,True,FP1,28.0,19.3,62.5
0 days 00:58:06.034000,ALB,23,0 days 00:01:39.798000,23.0,4.0,,0 days 00:58:04.760000,0 days 00:00:33.677000,0 days 00:00:34.206000,0 days 00:00:31.915000,0 days 00:56:59.913000,0 days 00:57:34.119000,0 days 00:58:06.034000,196.0,199.0,,302.0,False,SOFT,22.0,False,Williams,0 days 00:56:26.236000,2026-08-21 11:13:00.133,12,,,,False,False,FP1,28.0,19.3,62.5
0 days 01:05:18.445000,ALB,23,,24.0,5.0,0 days 01:03:41.937000,,,0 days 00:00:31.274000,0 days 00:00:27.847000,,0 days 01:04:50.859000,0 days 01:05:18.617000,265.0,227.0,305.0,302.0,False,MEDIUM,1.0,True,Williams,0 days 00:58:06.034000,2026-08-21 11:14:39.931,1,,,,False,False,FP1,28.0,19.3,62.5
0 days 01:06:33.802000,ALB,23,0 days 00:01:15.357000,25.0,5.0,,,0 days 00:00:25.837000,0 days 00:00:26.736000,0 days 00:00:22.784000,0 days 01:05:44.282000,0 days 01:06:11.018000,0 days 01:06:33.802000,292.0,286.0,303.0,303.0,True,MEDIUM,2.0,True,Williams,0 days 01:05:18.445000,2026-08-21 11:21:52.342,1,,,,False,True,FP1,28.0,19.3,62.5
0 days 01:08:36.249000,ALB,23,0 days 00:02:02.447000,26.0,5.0,,,0 days 00:00:41.322000,0 days 00:00:50.274000,0 days 00:00:30.851000,0 days 01:07:15.124000,0 days 01:08:05.398000,0 days 01:08:36.249000,142.0,118.0,303.0,233.0,False,MEDIUM,3.0,True,Williams,0 days 01:06:33.802000,2026-08-21 11:23:07.699,1,,,,False,True,FP1,28.0,19.3,62.5
0 days 01:10:20.567000,ALB,23,0 days 00:01:44.318000,27.0,5.0,,,0 days 00:00:25.765000,0 days 00:00:48.958000,0 days 00:00:29.595000,0 days 01:09:02.014000,0 days 01:09:50.972000,0 days 01:10:20.567000,289.0,92.0,305.0,314.0,False,MEDIUM,4.0,True,Williams,0 days 01:08:36.249000,2026-08-21 11:25:10.146,1,,,,False,True,FP1,28.0,19.3,62.5
0 days 01:11:36.142000,ALB,23,0 days 00:01:15.575000,28.0,5.0,,,0 days 00:00:25.840000,0 days 00:00:27.017000,0 days 00:00:22.718000,0 days 01:10:46.407000,0 days 01:11:13.424000,0 days 01:11:36.142000,289.0,286.0,302.0,312.0,False,MEDIUM,5.0,True,Williams,0 days 01:10:20.567000,2026-08-21 11:26:54.464,1,,,,False,True,FP1,28.0,19.3,62.5
0 days 01:13:10.647000,ALB,23,0 days 00:01:34.505000,29.0,5.0,,,0 days 00:00:32.737000,0 days 00:00:32.502000,0 days 00:00:29.266000,0 days 01:12:08.879000,0 days 01:12:41.381000,0 days 01:13:10.647000,144.0,188.0,305.0,260.0,False,MEDIUM,6.0,True,Williams,0 days 01:11:36.142000,2026-08-21 11:28:10.039,1,,,,False,True,FP1,27.4,19.4,62.1
0 days 01:14:26.494000,ALB,23,0 days 00:01:15.847000,30.0,5.0,,,0 days 00:00:25.914000,0 days 00:00:26.931000,0 days 00:00:23.002000,0 days 01:13:36.561000,0 days 01:14:03.492000,0 days 01:14:26.494000,290.0,286.0,299.0,307.0,False,MEDIUM,7.0,True,Williams,0 days 01:13:10.647000,2026-08-21 11:29:44.544,1,,,,False,True,FP1,27.4,19.4,62.1
0 days 01:16:29.140000,ALB,23,0 days 00:02:02.646000,31.0,5.0,,,0 days 00:00:33.316000,0 days 00:00:40.277000,0 days 00:00:49.053000,0 days 01:14:59.810000,0 days 01:15:40.087000,0 days 01:16:29.140000,165.0,171.0,68.0,241.0,False,MEDIUM,8.0,True,Williams,0 days 01:14:26.494000,2026-08-21 11:31:00.391,12,,,,False,True,FP1,27.4,19.4,62.1
0 days 01:18:52.991000,ALB,23,0 days 00:02:23.851000,32.0,5.0,,,0 days 00:00:54.739000,0 days 00:00:29.358000,0 days 00:00:59.754000,0 days 01:17:23.879000,0 days 01:17:53.237000,0 days 01:18:52.991000,282.0,249.0,5.0,207.0,False,MEDIUM,9.0,True,Williams,0 days 01:16:29.140000,2026-08-21 11:33:03.037,2,,,,False,True,FP1,27.4,19.4,62.1
0 days 01:20:32.320000,ALB,23,0 days 00:01:39.329000,33.0,5.0,,0 days 01:20:31.059000,0 days 00:00:29.834000,0 days 00:00:27.816000,0 days 00:00:41.679000,0 days 01:19:22.825000,0 days 01:19:50.641000,0 days 01:20:32.320000,286.0,277.0,,241.0,False,MEDIUM,10.0,True,Williams,0 days 01:18:52.991000,2026-08-21 11:35:26.888,2,,,,False,False,FP1,27.4,19.4,62.1
0 days 00:15:26.183000,HUL,27,,1.0,1.0,0 days 00:13:30.160000,,,0 days 00:00:36.531000,0 days 00:00:29.155000,,0 days 00:14:57.241000,0 days 00:15:26.431000,229.0,190.0,284.0,,False,INTERMEDIATE,1.0,True,Audi,0 days 00:13:30.160000,2026-08-21 10:30:04.057,1,,,,False,False,FP1,27.4,19.4,62.1
0 days 00:16:52.738000,HUL,27,0 days 00:01:26.555000,2.0,1.0,,,0 days 00:00:30.015000,0 days 00:00:30.699000,0 days 00:00:25.841000,0 days 00:15:56.198000,0 days 00:16:26.897000,0 days 00:16:52.738000,272.0,243.0,287.0,215.0,True,INTERMEDIATE,2.0,True,Audi,0 days 00:15:26.183000,2026-08-21 10:32:00.080,1,,,,False,True,FP1,27.4,19.4,62.1
0 days 00:18:37.902000,HUL,27,0 days 00:01:45.164000,3.0,1.0,,0 days 00:18:36.690000,0 days 00:00:34.205000,0 days 00:00:35.132000,0 days 00:00:35.827000,0 days 00:17:26.943000,0 days 00:18:02.075000,0 days 00:18:37.902000,230.0,180.0,,181.0,False,INTERMEDIATE,3.0,True,Audi,0 days 00:16:52.738000,2026-08-21 10:33:26.635,1,,,,False,False,FP1,27.4,19.4,62.1
0 days 00:23:56.651000,HUL,27,,4.0,2.0,0 days 00:22:24.606000,,,0 days 00:00:31.714000,0 days 00:00:27.239000,,0 days 00:23:29.722000,0 days 00:23:56.898000,247.0,225.0,316.0,181.0,False,HARD,1.0,True,Audi,0 days 00:18:37.902000,2026-08-21 10:35:11.799,1,,,,False,False,FP1,27.4,19.4,62.1
0 days 00:25:17.826000,HUL,27,0 days 00:01:21.175000,5.0,2.0,,,0 days 00:00:27.776000,0 days 00:00:28.482000,0 days 00:00:24.917000,0 days 00:24:24.427000,0 days 00:24:52.909000,0 days 00:25:17.826000,285.0,276.0,314.0,249.0,True,HARD,2.0,True,Audi,0 days 00:23:56.651000,2026-08-21 10:40:30.548,1,,,,False,True,FP1,27.4,19.4,62.1
0 days 00:26:35.333000,HUL,27,0 days 00:01:17.507000,6.0,2.0,,,0 days 00:00:26.921000,0 days 00:00:27.424000,0 days 00:00:23.162000,0 days 00:25:44.747000,0 days 00:26:12.171000,0 days 00:26:35.333000,277.0,281.0,308.0,265.0,True,HARD,3.0,True,Audi,0 days 00:25:17.826000,2026-08-21 10:41:51.723,1,,,,False,True,FP1,27.9,19.3,63.3
0 days 00:27:51.789000,HUL,27,0 days 00:01:16.456000,7.0,2.0,,,0 days 00:00:26.644000,0 days 00:00:26.988000,0 days 00:00:22.824000,0 days 00:27:01.977000,0 days 00:27:28.965000,0 days 00:27:51.789000,272.0,277.0,306.0,266.0,True,HARD,4.0,True,Audi,0 days 00:26:35.333000,2026-08-21 10:43:09.230,1,,,,False,True,FP1,27.9,19.3,63.3
0 days 00:29:32.045000,HUL,27,0 days 00:01:40.256000,8.0,2.0,,,0 days 00:00:37.963000,0 days 00:00:36.437000,0 days 00:00:25.856000,0 days 00:28:29.752000,0 days 00:29:06.189000,0 days 00:29:32.045000,181.0,239.0,301.0,225.0,False,HARD,5.0,True,Audi,0 days 00:27:51.789000,2026-08-21 10:44:25.686,1,,,,False,True,FP1,27.9,19.3,63.3
0 days 00:30:47.796000,HUL,27,0 days 00:01:15.751000,9.0,2.0,,,0 days 00:00:26.322000,0 days 00:00:26.756000,0 days 00:00:22.673000,0 days 00:29:58.367000,0 days 00:30:25.123000,0 days 00:30:47.796000,288.0,293.0,299.0,280.0,True,HARD,6.0,True,Audi,0 days 00:29:32.045000,2026-08-21 10:46:05.942,1,,,,False,True,FP1,27.9,19.3,63.3
0 days 00:32:30.340000,HUL,27,0 days 00:01:42.544000,10.0,2.0,,,0 days 00:00:36.192000,0 days 00:00:38.165000,0 days 00:00:28.187000,0 days 00:31:23.988000,0 days 00:32:02.153000,0 days 00:32:30.340000,187.0,182.0,302.0,213.0,False,HARD,7.0,True,Audi,0 days 00:30:47.796000,2026-08-21 10:47:21.693,12,,,,False,True,FP1,27.9,19.3,63.3
0 days 00:33:49.198000,HUL,27,0 days 00:01:18.858000,11.0,2.0,,,0 days 00:00:26.077000,0 days 00:00:26.711000,0 days 00:00:26.070000,0 days 00:32:56.417000,0 days 00:33:23.128000,0 days 00:33:49.198000,290.0,290.0,225.0,284.0,False,HARD,8.0,True,Audi,0 days 00:32:30.340000,2026-08-21 10:49:04.237,1,,,,False,True,FP1,27.9,19.3,63.3
0 days 00:35:33.376000,HUL,27,0 days 00:01:44.178000,12.0,2.0,,,0 days 00:00:40.633000,0 days 00:00:37.193000,0 days 00:00:26.352000,0 days 00:34:29.831000,0 days 00:35:07.024000,0 days 00:35:33.376000,193.0,235.0,302.0,140.0,False,HARD,9.0,True,Audi,0 days 00:33:49.198000,2026-08-21 10:50:23.095,1,,,,False,True,FP1,27.9,19.3,63.3
0 days 00:36:56.867000,HUL,27,0 days 00:01:23.491000,13.0,2.0,,0 days 00:36:55.743000,0 days 00:00:26.346000,0 days 00:00:26.746000,0 days 00:00:30.399000,0 days 00:35:59.722000,0 days 00:36:26.468000,0 days 00:36:56.867000,289.0,293.0,,294.0,False,HARD,10.0,True,Audi,0 days 00:35:33.376000,2026-08-21 10:52:07.273,1,,,,False,False,FP1,27.9,19.3,63.3
0 days 00:44:42.834000,HUL,27,,14.0,3.0,0 days 00:42:59.882000,,,0 days 00:00:31.787000,0 days 00:00:25.629000,,0 days 00:44:17.411000,0 days 00:44:42.874000,243.0,236.0,302.0,294.0,False,HARD,11.0,False,Audi,0 days 00:36:56.867000,2026-08-21 10:53:30.764,12,,,,False,False,FP1,27.9,19.3,63.3
0 days 00:46:04.846000,HUL,27,0 days 00:01:22.012000,15.0,3.0,,,0 days 00:00:26.604000,0 days 00:00:30.220000,0 days 00:00:25.188000,0 days 00:45:09.438000,0 days 00:45:39.658000,0 days 00:46:04.846000,265.0,244.0,301.0,287.0,False,HARD,12.0,False,Audi,0 days 00:44:42.834000,2026-08-21 11:01:16.731,1,,,,False,True,FP1,27.5,19.2,63.8
0 days 00:47:20.496000,HUL,27,0 days 00:01:15.650000,16.0,3.0,,,0 days 00:00:26.183000,0 days 00:00:26.693000,0 days 00:00:22.774000,0 days 00:46:31.029000,0 days 00:46:57.722000,0 days 00:47:20.496000,287.0,293.0,308.0,298.0,True,HARD,13.0,False,Audi,0 days 00:46:04.846000,2026-08-21 11:02:38.743,1,,,,False,True,FP1,27.5,19.2,63.8
0 days 00:49:03.674000,HUL,27,0 days 00:01:43.178000,17.0,3.0,,,0 days 00:00:36.526000,0 days 00:00:37.686000,0 days 00:00:28.966000,0 days 00:47:57.022000,0 days 00:48:34.708000,0 days 00:49:03.674000,164.0,229.0,302.0,231.0,False,HARD,14.0,False,Audi,0 days 00:47:20.496000,2026-08-21 11:03:54.393,1,,,,False,True,FP1,27.5,19.2,63.8
0 days 00:50:22.926000,HUL,27,0 days 00:01:19.252000,18.0,3.0,,,0 days 00:00:28.107000,0 days 00:00:27.912000,0 days 00:00:23.233000,0 days 00:49:31.781000,0 days 00:49:59.693000,0 days 00:50:22.926000,280.0,282.0,313.0,298.0,False,HARD,15.0,False,Audi,0 days 00:49:03.674000,2026-08-21 11:05:37.571,1,,,,False,True,FP1,27.5,19.2,63.8
0 days 00:51:39.905000,HUL,27,0 days 00:01:16.979000,19.0,3.0,,,0 days 00:00:26.468000,0 days 00:00:27.396000,0 days 00:00:23.115000,0 days 00:50:49.394000,0 days 00:51:16.790000,0 days 00:51:39.905000,277.0,278.0,310.0,299.0,False,HARD,16.0,False,Audi,0 days 00:50:22.926000,2026-08-21 11:06:56.823,1,,,,False,True,FP1,27.5,19.2,63.8
0 days 00:52:56.557000,HUL,27,0 days 00:01:16.652000,20.0,3.0,,,0 days 00:00:26.431000,0 days 00:00:27.348000,0 days 00:00:22.873000,0 days 00:52:06.336000,0 days 00:52:33.684000,0 days 00:52:56.557000,275.0,279.0,310.0,291.0,False,HARD,17.0,False,Audi,0 days 00:51:39.905000,2026-08-21 11:08:13.802,1,,,,False,True,FP1,27.5,19.2,63.8
0 days 00:54:13.740000,HUL,27,0 days 00:01:17.183000,21.0,3.0,,,0 days 00:00:26.392000,0 days 00:00:27.161000,0 days 00:00:23.630000,0 days 00:53:22.949000,0 days 00:53:50.110000,0 days 00:54:13.740000,275.0,280.0,312.0,296.0,False,HARD,18.0,False,Audi,0 days 00:52:56.557000,2026-08-21 11:09:30.454,1,,,,False,True,FP1,27.5,19.2,63.8
0 days 00:55:31.390000,HUL,27,0 days 00:01:17.650000,22.0,3.0,,,0 days 00:00:27.012000,0 days 00:00:27.370000,0 days 00:00:23.268000,0 days 00:54:40.752000,0 days 00:55:08.122000,0 days 00:55:31.390000,269.0,279.0,307.0,298.0,False,HARD,19.0,False,Audi,0 days 00:54:13.740000,2026-08-21 11:10:47.637,1,,,,False,True,FP1,27.5,19.2,63.8
0 days 00:56:47.967000,HUL,27,0 days 00:01:16.577000,23.0,3.0,,,0 days 00:00:26.345000,0 days 00:00:27.292000,0 days 00:00:22.940000,0 days 00:55:57.735000,0 days 00:56:25.027000,0 days 00:56:47.967000,274.0,276.0,307.0,295.0,False,HARD,20.0,False,Audi,0 days 00:55:31.390000,2026-08-21 11:12:05.287,1,,,,False,True,FP1,27.5,19.2,63.8
0 days 00:58:12.152000,HUL,27,0 days 00:01:24.185000,24.0,3.0,,0 days 00:58:10.898000,0 days 00:00:28.388000,0 days 00:00:28.419000,0 days 00:00:27.378000,0 days 00:57:16.355000,0 days 00:57:44.774000,0 days 00:58:12.152000,274.0,283.0,,294.0,False,HARD,21.0,False,Audi,0 days 00:56:47.967000,2026-08-21 11:13:21.864,12,,,,False,False,FP1,27.5,19.2,63.8
0 days 01:05:25.483000,HUL,27,,25.0,4.0,0 days 01:04:03.177000,,,0 days 00:00:29.222000,0 days 00:00:24.547000,,0 days 01:05:01.212000,0 days 01:05:25.556000,246.0,239.0,305.0,294.0,False,MEDIUM,1.0,True,Audi,0 days 00:58:12.152000,2026-08-21 11:14:46.049,1,,,,False,False,FP1,27.5,19.2,63.8
0 days 01:06:39.267000,HUL,27,0 days 00:01:13.784000,26.0,4.0,,,0 days 00:00:25.434000,0 days 00:00:26.079000,0 days 00:00:22.271000,0 days 01:05:50.917000,0 days 01:06:16.996000,0 days 01:06:39.267000,291.0,290.0,303.0,309.0,True,MEDIUM,2.0,True,Audi,0 days 01:05:25.483000,2026-08-21 11:21:59.380,1,,,,False,True,FP1,26.8,19.3,63.9
0 days 01:08:24.220000,HUL,27,0 days 00:01:44.953000,27.0,4.0,,,0 days 00:00:37.478000,0 days 00:00:37.093000,0 days 00:00:30.382000,0 days 01:07:16.745000,0 days 01:07:53.838000,0 days 01:08:24.220000,174.0,218.0,220.0,217.0,False,MEDIUM,3.0,True,Audi,0 days 01:06:39.267000,2026-08-21 11:23:13.164,1,,,,False,True,FP1,26.8,19.3,63.9
0 days 01:10:06.792000,HUL,27,0 days 00:01:42.572000,28.0,4.0,,,0 days 00:00:36.522000,0 days 00:00:36.469000,0 days 00:00:29.581000,0 days 01:09:00.742000,0 days 01:09:37.211000,0 days 01:10:06.792000,215.0,233.0,305.0,188.0,False,MEDIUM,4.0,True,Audi,0 days 01:08:24.220000,2026-08-21 11:24:58.117,1,,,,False,True,FP1,26.8,19.3,63.9
0 days 01:11:20.650000,HUL,27,0 days 00:01:13.858000,29.0,4.0,,,0 days 00:00:25.436000,0 days 00:00:26.021000,0 days 00:00:22.401000,0 days 01:10:32.228000,0 days 01:10:58.249000,0 days 01:11:20.650000,290.0,289.0,302.0,309.0,False,MEDIUM,5.0,True,Audi,0 days 01:10:06.792000,2026-08-21 11:26:40.689,1,,,,False,True,FP1,26.8,19.3,63.9
0 days 01:12:57.880000,HUL,27,0 days 00:01:37.230000,30.0,4.0,,,0 days 00:00:36.959000,0 days 00:00:33.699000,0 days 00:00:26.572000,0 days 01:11:57.609000,0 days 01:12:31.308000,0 days 01:12:57.880000,192.0,179.0,261.0,226.0,False,MEDIUM,6.0,True,Audi,0 days 01:11:20.650000,2026-08-21 11:27:54.547,1,,,,False,True,FP1,26.8,19.3,63.9
0 days 01:14:23.719000,HUL,27,0 days 00:01:25.839000,31.0,4.0,,,0 days 00:00:28.665000,0 days 00:00:30.736000,0 days 00:00:26.438000,0 days 01:13:26.545000,0 days 01:13:57.281000,0 days 01:14:23.719000,249.0,178.0,262.0,257.0,False,MEDIUM,7.0,True,Audi,0 days 01:12:57.880000,2026-08-21 11:29:31.777,1,,,,False,True,FP1,26.8,19.3,63.9
0 days 01:16:45.178000,HUL,27,0 days 00:02:21.459000,32.0,4.0,,,0 days 00:00:31.400000,0 days 00:00:33.935000,0 days 00:01:16.124000,0 days 01:14:55.119000,0 days 01:15:29.054000,0 days 01:16:45.178000,232.0,197.0,107.0,230.0,False,MEDIUM,8.0,True,Audi,0 days 01:14:23.719000,2026-08-21 11:30:57.616,12,,,,False,True,FP1,26.8,19.3,63.9
0 days 01:18:58.459000,HUL,27,0 days 00:02:13.281000,33.0,4.0,,,0 days 00:00:28.562000,0 days 00:00:27.846000,0 days 00:01:16.873000,0 days 01:17:13.740000,0 days 01:17:41.586000,0 days 01:18:58.459000,298.0,269.0,3.0,249.0,False,MEDIUM,9.0,True,Audi,0 days 01:16:45.178000,2026-08-21 11:33:19.075,2,,,,False,True,FP1,26.8,19.3,63.9
0 days 01:20:39.124000,HUL,27,0 days 00:01:40.665000,34.0,4.0,,0 days 01:20:37.909000,0 days 00:00:32.682000,0 days 00:00:30.465000,0 days 00:00:37.518000,0 days 01:19:31.141000,0 days 01:20:01.606000,0 days 01:20:39.124000,250.0,245.0,,238.0,False,MEDIUM,10.0,True,Audi,0 days 01:18:58.459000,2026-08-21 11:35:32.356,2,,,,False,False,FP1,26.8,19.3,63.9
0 days 00:22:52.107000,LAW,30,,1.0,1.0,0 days 00:21:18.844000,,,0 days 00:00:30.920000,0 days 00:00:26.191000,,0 days 00:22:26.168000,0 days 00:22:52.234000,238.0,231.0,299.0,,False,HARD,1.0,True,Red Bull Racing,0 days 00:21:18.844000,2026-08-21 10:37:52.741,1,,,,False,False,FP1,26.8,19.3,63.9
0 days 00:24:11.173000,LAW,30,0 days 00:01:19.066000,2.0,1.0,,,0 days 00:00:28.051000,0 days 00:00:27.068000,0 days 00:00:23.947000,0 days 00:23:20.158000,0 days 00:23:47.226000,0 days 00:24:11.173000,295.0,295.0,280.0,230.0,True,HARD,2.0,True,Red Bull Racing,0 days 00:22:52.107000,2026-08-21 10:39:26.004,1,,,,False,True,FP1,26.8,19.3,63.9
0 days 00:25:40.459000,LAW,30,0 days 00:01:29.286000,3.0,1.0,,,0 days 00:00:31.106000,0 days 00:00:31.129000,0 days 00:00:27.051000,0 days 00:24:42.279000,0 days 00:25:13.408000,0 days 00:25:40.459000,239.0,249.0,299.0,211.0,False,HARD,3.0,True,Red Bull Racing,0 days 00:24:11.173000,2026-08-21 10:40:45.070,1,,,,False,True,FP1,26.8,19.3,63.9
0 days 00:27:09.011000,LAW,30,0 days 00:01:28.552000,4.0,1.0,,,0 days 00:00:26.480000,0 days 00:00:31.291000,0 days 00:00:30.781000,0 days 00:26:06.939000,0 days 00:26:38.230000,0 days 00:27:09.011000,289.0,162.0,302.0,267.0,False,HARD,4.0,True,Red Bull Racing,0 days 00:25:40.459000,2026-08-21 10:42:14.356,1,,,,False,True,FP1,26.8,19.3,63.9
0 days 00:28:24.642000,LAW,30,0 days 00:01:15.631000,5.0,1.0,,,0 days 00:00:26.254000,0 days 00:00:26.448000,0 days 00:00:22.929000,0 days 00:27:35.265000,0 days 00:28:01.713000,0 days 00:28:24.642000,288.0,284.0,304.0,282.0,True,HARD,5.0,True,Red Bull Racing,0 days 00:27:09.011000,2026-08-21 10:43:42.908,1,,,,False,True,FP1,27.3,19.2,63.7
0 days 00:30:24.330000,LAW,30,0 days 00:01:59.688000,6.0,1.0,,,0 days 00:00:37.304000,0 days 00:00:47.809000,0 days 00:00:34.575000,0 days 00:29:01.946000,0 days 00:29:49.755000,0 days 00:30:24.330000,198.0,65.0,303.0,239.0,False,HARD,6.0,True,Red Bull Racing,0 days 00:28:24.642000,2026-08-21 10:44:58.539,1,,,,False,True,FP1,27.3,19.2,63.7
0 days 00:31:40.282000,LAW,30,0 days 00:01:15.952000,7.0,1.0,,,0 days 00:00:26.387000,0 days 00:00:26.398000,0 days 00:00:23.167000,0 days 00:30:50.717000,0 days 00:31:17.115000,0 days 00:31:40.282000,284.0,288.0,303.0,289.0,False,HARD,7.0,True,Red Bull Racing,0 days 00:30:24.330000,2026-08-21 10:46:58.227,12,,,,False,True,FP1,27.3,19.2,63.7
0 days 00:33:34.313000,LAW,30,0 days 00:01:54.031000,8.0,1.0,,,0 days 00:00:38.184000,0 days 00:00:40.429000,0 days 00:00:35.418000,0 days 00:32:18.466000,0 days 00:32:58.895000,0 days 00:33:34.313000,167.0,207.0,256.0,216.0,False,HARD,8.0,True,Red Bull Racing,0 days 00:31:40.282000,2026-08-21 10:48:14.179,1,,,,False,True,FP1,27.3,19.2,63.7
0 days 00:35:06.578000,LAW,30,0 days 00:01:32.265000,9.0,1.0,,,0 days 00:00:35.436000,0 days 00:00:30.764000,0 days 00:00:26.065000,0 days 00:34:09.749000,0 days 00:34:40.513000,0 days 00:35:06.578000,252.0,234.0,302.0,130.0,False,HARD,9.0,True,Red Bull Racing,0 days 00:33:34.313000,2026-08-21 10:50:08.210,1,,,,False,True,FP1,27.3,19.2,63.7
0 days 00:36:22.233000,LAW,30,0 days 00:01:15.655000,10.0,1.0,,,0 days 00:00:26.249000,0 days 00:00:26.571000,0 days 00:00:22.835000,0 days 00:35:32.827000,0 days 00:35:59.398000,0 days 00:36:22.233000,288.0,287.0,302.0,295.0,False,HARD,10.0,True,Red Bull Racing,0 days 00:35:06.578000,2026-08-21 10:51:40.475,1,,,,False,True,FP1,27.3,19.2,63.7
0 days 00:38:11.507000,LAW,30,0 days 00:01:49.274000,11.0,1.0,,,0 days 00:00:37.606000,0 days 00:00:41.269000,0 days 00:00:30.399000,0 days 00:36:59.839000,0 days 00:37:41.108000,0 days 00:38:11.507000,135.0,236.0,303.0,252.0,False,HARD,11.0,True,Red Bull Racing,0 days 00:36:22.233000,2026-08-21 10:52:56.130,1,,,,False,True,FP1,27.3,19.2,63.7
0 days 00:39:26.866000,LAW,30,0 days 00:01:15.359000,12.0,1.0,,,0 days 00:00:26.195000,0 days 00:00:26.464000,0 days 00:00:22.700000,0 days 00:38:37.702000,0 days 00:39:04.166000,0 days 00:39:26.866000,288.0,288.0,305.0,299.0,True,HARD,12.0,True,Red Bull Racing,0 days 00:38:11.507000,2026-08-21 10:54:45.404,1,,,,False,True,FP1,27.3,19.2,63.7
0 days 00:41:05.256000,LAW,30,0 days 00:01:38.390000,13.0,1.0,,0 days 00:41:04.048000,0 days 00:00:33.374000,0 days 00:00:31.770000,0 days 00:00:33.246000,0 days 00:40:00.240000,0 days 00:40:32.010000,0 days 00:41:05.256000,220.0,238.0,,269.0,False,HARD,13.0,True,Red Bull Racing,0 days 00:39:26.866000,2026-08-21 10:56:00.763,12,,,,False,False,FP1,27.3,19.2,63.7
0 days 00:51:34.692000,LAW,30,,14.0,2.0,0 days 00:49:48.066000,,,0 days 00:00:28.293000,0 days 00:00:23.729000,,0 days 00:51:11.188000,0 days 00:51:34.819000,285.0,284.0,319.0,269.0,False,HARD,14.0,False,Red Bull Racing,0 days 00:41:05.256000,2026-08-21 10:57:39.153,1,,,,False,False,FP1,27.3,19.2,63.7
0 days 00:52:53.092000,LAW,30,0 days 00:01:18.400000,15.0,2.0,,,0 days 00:00:27.046000,0 days 00:00:27.672000,0 days 00:00:23.682000,0 days 00:52:01.738000,0 days 00:52:29.410000,0 days 00:52:53.092000,282.0,275.0,297.0,280.0,False,HARD,15.0,False,Red Bull Racing,0 days 00:51:34.692000,2026-08-21 11:08:08.589,1,,,,False,True,FP1,27.3,19.2,63.7
0 days 00:54:10.857000,LAW,30,0 days 00:01:17.765000,16.0,2.0,,,0 days 00:00:26.889000,0 days 00:00:27.575000,0 days 00:00:23.301000,0 days 00:53:19.981000,0 days 00:53:47.556000,0 days 00:54:10.857000,285.0,275.0,301.0,280.0,False,HARD,16.0,False,Red Bull Racing,0 days 00:52:53.092000,2026-08-21 11:09:26.989,1,,,,False,True,FP1,27.3,19.2,63.7
0 days 00:55:28.593000,LAW,30,0 days 00:01:17.736000,17.0,2.0,,,0 days 00:00:26.824000,0 days 00:00:27.575000,0 days 00:00:23.337000,0 days 00:54:37.681000,0 days 00:55:05.256000,0 days 00:55:28.593000,283.0,275.0,297.0,282.0,False,HARD,17.0,False,Red Bull Racing,0 days 00:54:10.857000,2026-08-21 11:10:44.754,1,,,,False,True,FP1,27.3,19.2,63.7
0 days 00:56:50.590000,LAW,30,0 days 00:01:21.997000,18.0,2.0,,0 days 00:56:49.247000,0 days 00:00:26.771000,0 days 00:00:27.675000,0 days 00:00:27.551000,0 days 00:55:55.364000,0 days 00:56:23.039000,0 days 00:56:50.590000,282.0,272.0,,279.0,False,HARD,18.0,False,Red Bull Racing,0 days 00:55:28.593000,2026-08-21 11:12:02.490,1,,,,False,False,FP1,27.3,19.2,63.7
0 days 01:02:53.557000,LAW,30,,19.0,3.0,0 days 01:01:24.777000,,,0 days 00:00:31.202000,0 days 00:00:28.056000,,0 days 01:02:25.856000,0 days 01:02:53.713000,250.0,231.0,301.0,279.0,False,SOFT,1.0,True,Red Bull Racing,0 days 00:56:50.590000,2026-08-21 11:13:24.487,12,,,,False,False,FP1,27.3,19.2,63.7
0 days 01:04:22.575000,LAW,30,0 days 00:01:29.018000,20.0,3.0,,,0 days 00:00:30.313000,0 days 00:00:30.793000,0 days 00:00:27.912000,0 days 01:03:23.870000,0 days 01:03:54.663000,0 days 01:04:22.575000,255.0,237.0,299.0,292.0,False,SOFT,2.0,True,Red Bull Racing,0 days 01:02:53.557000,2026-08-21 11:19:27.454,1,,,,False,True,FP1,27.8,19.1,63.3
0 days 01:05:37.884000,LAW,30,0 days 00:01:15.309000,21.0,3.0,,,0 days 00:00:26.005000,0 days 00:00:26.570000,0 days 00:00:22.734000,0 days 01:04:48.580000,0 days 01:05:15.150000,0 days 01:05:37.884000,290.0,288.0,301.0,304.0,True,SOFT,3.0,True,Red Bull Racing,0 days 01:04:22.575000,2026-08-21 11:20:56.472,1,,,,False,True,FP1,27.8,19.1,63.3
0 days 01:07:20.753000,LAW,30,0 days 00:01:42.869000,22.0,3.0,,,0 days 00:00:37.168000,0 days 00:00:35.968000,0 days 00:00:29.733000,0 days 01:06:15.052000,0 days 01:06:51.020000,0 days 01:07:20.753000,216.0,244.0,218.0,266.0,False,SOFT,4.0,True,Red Bull Racing,0 days 01:05:37.884000,2026-08-21 11:22:11.781,1,,,,False,True,FP1,27.8,19.1,63.3
0 days 01:08:54.976000,LAW,30,0 days 00:01:34.223000,23.0,3.0,,,0 days 00:00:33.355000,0 days 00:00:35.607000,0 days 00:00:25.261000,0 days 01:07:54.108000,0 days 01:08:29.715000,0 days 01:08:54.976000,153.0,233.0,300.0,238.0,False,SOFT,5.0,True,Red Bull Racing,0 days 01:07:20.753000,2026-08-21 11:23:54.650,1,,,,False,True,FP1,27.8,19.1,63.3
0 days 01:10:09.837000,LAW,30,0 days 00:01:14.861000,24.0,3.0,,,0 days 00:00:25.751000,0 days 00:00:26.249000,0 days 00:00:22.861000,0 days 01:09:20.727000,0 days 01:09:46.976000,0 days 01:10:09.837000,289.0,289.0,307.0,307.0,True,SOFT,6.0,True,Red Bull Racing,0 days 01:08:54.976000,2026-08-21 11:25:28.873,1,,,,False,True,FP1,27.8,19.1,63.3
0 days 01:11:54.741000,LAW,30,0 days 00:01:44.904000,25.0,3.0,,,0 days 00:00:38.111000,0 days 00:00:38.157000,0 days 00:00:28.636000,0 days 01:10:47.948000,0 days 01:11:26.105000,0 days 01:11:54.741000,185.0,146.0,255.0,251.0,False,SOFT,7.0,True,Red Bull Racing,0 days 01:10:09.837000,2026-08-21 11:26:43.734,1,,,,False,True,FP1,27.8,19.1,63.3
0 days 01:13:26.273000,LAW,30,0 days 00:01:31.532000,26.0,3.0,,,0 days 00:00:31.335000,0 days 00:00:32.135000,0 days 00:00:28.062000,0 days 01:12:26.076000,0 days 01:12:58.211000,0 days 01:13:26.273000,157.0,245.0,302.0,229.0,False,SOFT,8.0,True,Red Bull Racing,0 days 01:11:54.741000,2026-08-21 11:28:28.638,1,,,,False,True,FP1,27.8,19.1,63.3
0 days 01:14:52.665000,LAW,30,0 days 00:01:26.392000,27.0,3.0,,,0 days 00:00:29.676000,0 days 00:00:30.538000,0 days 00:00:26.178000,0 days 01:13:55.949000,0 days 01:14:26.487000,0 days 01:14:52.665000,226.0,214.0,267.0,307.0,False,SOFT,9.0,True,Red Bull Racing,0 days 01:13:26.273000,2026-08-21 11:30:00.170,12,,,,False,True,FP1,27.8,19.1,63.3
0 days 01:17:36.712000,LAW,30,,28.0,3.0,,,0 days 00:00:33.353000,0 days 00:00:32.982000,0 days 00:01:37.593000,0 days 01:15:26.297000,0 days 01:15:59.629000,0 days 01:17:36.712000,232.0,206.0,59.0,206.0,False,SOFT,10.0,True,Red Bull Racing,0 days 01:14:52.665000,2026-08-21 11:31:26.562,2,,,,False,False,FP1,27.8,19.1,63.3
0 days 01:19:30.870000,LAW,30,0 days 00:01:54.158000,29.0,3.0,,,0 days 00:00:29.963000,0 days 00:00:32.440000,0 days 00:00:51.755000,0 days 01:18:06.675000,0 days 01:18:39.115000,0 days 01:19:30.870000,287.0,208.0,69.0,243.0,False,SOFT,11.0,True,Red Bull Racing,0 days 01:17:36.712000,2026-08-21 11:34:10.609,2,,,,False,True,FP1,27.8,19.1,63.3
0 days 01:21:33.810000,LAW,30,0 days 00:02:02.940000,30.0,3.0,,0 days 01:21:32.509000,0 days 00:01:01.124000,0 days 00:00:27.525000,0 days 00:00:34.291000,0 days 01:20:31.994000,0 days 01:20:59.519000,0 days 01:21:33.810000,279.0,272.0,,225.0,False,SOFT,12.0,True,Red Bull Racing,0 days 01:19:30.870000,2026-08-21 11:36:04.767,2,,,,False,False,FP1,27.8,19.1,63.3
0 days 00:16:17.542000,OCO,31,,1.0,1.0,0 days 00:14:26.680000,0 days 00:16:15.965000,,0 days 00:00:36.709000,0 days 00:00:37.987000,,0 days 00:15:39.738000,0 days 00:16:17.542000,222.0,158.0,,,False,INTERMEDIATE,1.0,True,Haas F1 Team,0 days 00:14:26.680000,2026-08-21 10:31:00.577,1,,,,False,False,FP1,27.8,19.1,63.3
0 days 00:25:36.034000,OCO,31,,2.0,2.0,0 days 00:24:01.523000,,,0 days 00:00:32.558000,0 days 00:00:29.039000,,0 days 00:25:07.207000,0 days 00:25:36.163000,255.0,226.0,291.0,,False,MEDIUM,1.0,True,Haas F1 Team,0 days 00:16:17.542000,2026-08-21 10:32:51.439,1,,,,False,False,FP1,27.8,19.1,63.3
0 days 00:26:58.280000,OCO,31,0 days 00:01:22.246000,3.0,2.0,,,0 days 00:00:28.657000,0 days 00:00:29.472000,0 days 00:00:24.117000,0 days 00:26:04.691000,0 days 00:26:34.163000,0 days 00:26:58.280000,277.0,279.0,293.0,235.0,True,MEDIUM,2.0,True,Haas F1 Team,0 days 00:25:36.034000,2026-08-21 10:42:09.931,1,,,,False,True,FP1,27.8,19.1,63.3
0 days 00:28:19.785000,OCO,31,0 days 00:01:21.505000,4.0,2.0,,,0 days 00:00:27.957000,0 days 00:00:29.097000,0 days 00:00:24.451000,0 days 00:27:26.237000,0 days 00:27:55.334000,0 days 00:28:19.785000,261.0,281.0,270.0,240.0,True,MEDIUM,3.0,True,Haas F1 Team,0 days 00:26:58.280000,2026-08-21 10:43:32.177,1,,,,False,True,FP1,27.6,19.1,64.0
0 days 00:30:12.898000,OCO,31,0 days 00:01:53.113000,5.0,2.0,,,0 days 00:00:39.622000,0 days 00:00:39.295000,0 days 00:00:34.196000,0 days 00:28:59.407000,0 days 00:29:38.702000,0 days 00:30:12.898000,193.0,209.0,297.0,159.0,False,MEDIUM,4.0,True,Haas F1 Team,0 days 00:28:19.785000,2026-08-21 10:44:53.682,1,,,,False,True,FP1,27.6,19.1,64.0
0 days 00:31:37.443000,OCO,31,0 days 00:01:24.545000,6.0,2.0,,,0 days 00:00:27.125000,0 days 00:00:27.869000,0 days 00:00:29.551000,0 days 00:30:40.023000,0 days 00:31:07.892000,0 days 00:31:37.443000,283.0,284.0,227.0,251.0,False,MEDIUM,5.0,True,Haas F1 Team,0 days 00:30:12.898000,2026-08-21 10:46:46.795,12,,,,False,True,FP1,27.6,19.1,64.0
0 days 00:33:23.793000,OCO,31,0 days 00:01:46.350000,7.0,2.0,,,0 days 00:00:38.230000,0 days 00:00:34.863000,0 days 00:00:33.257000,0 days 00:32:15.673000,0 days 00:32:50.536000,0 days 00:33:23.793000,203.0,241.0,300.0,96.0,False,MEDIUM,6.0,True,Haas F1 Team,0 days 00:31:37.443000,2026-08-21 10:48:11.340,1,,,,False,True,FP1,27.6,19.1,64.0
0 days 00:34:40.580000,OCO,31,0 days 00:01:16.787000,8.0,2.0,,,0 days 00:00:26.493000,0 days 00:00:27.270000,0 days 00:00:23.024000,0 days 00:33:50.286000,0 days 00:34:17.556000,0 days 00:34:40.580000,284.0,283.0,308.0,280.0,True,MEDIUM,7.0,True,Haas F1 Team,0 days 00:33:23.793000,2026-08-21 10:49:57.690,1,,,,False,True,FP1,27.6,19.1,64.0
0 days 00:36:43.354000,OCO,31,0 days 00:02:02.774000,9.0,2.0,,0 days 00:36:42.133000,0 days 00:00:41.389000,0 days 00:00:42.631000,0 days 00:00:38.754000,0 days 00:35:21.969000,0 days 00:36:04.600000,0 days 00:36:43.354000,136.0,159.0,,176.0,False,MEDIUM,8.0,True,Haas F1 Team,0 days 00:34:40.580000,2026-08-21 10:51:14.477,1,,,,False,False,FP1,27.6,19.1,64.0
0 days 00:38:36.201000,OCO,31,0 days 00:01:52.847000,10.0,3.0,0 days 00:37:02.352000,,0 days 00:00:49.747000,0 days 00:00:32.932000,0 days 00:00:30.168000,0 days 00:37:33.101000,0 days 00:38:06.033000,0 days 00:38:36.201000,260.0,245.0,300.0,176.0,False,MEDIUM,1.0,False,Haas F1 Team,0 days 00:36:43.354000,2026-08-21 10:53:17.251,1,,,,False,False,FP1,27.6,19.1,64.0
0 days 00:39:52.432000,OCO,31,0 days 00:01:16.231000,11.0,3.0,,,0 days 00:00:26.263000,0 days 00:00:26.970000,0 days 00:00:22.998000,0 days 00:39:02.464000,0 days 00:39:29.434000,0 days 00:39:52.432000,285.0,285.0,305.0,284.0,True,MEDIUM,2.0,False,Haas F1 Team,0 days 00:38:36.201000,2026-08-21 10:55:10.098,12,,,,False,True,FP1,27.6,19.1,64.0
0 days 00:41:31.928000,OCO,31,0 days 00:01:39.496000,12.0,3.0,,0 days 00:41:30.797000,0 days 00:00:31.643000,0 days 00:00:35.084000,0 days 00:00:32.769000,0 days 00:40:24.075000,0 days 00:40:59.159000,0 days 00:41:31.928000,217.0,201.0,,218.0,False,MEDIUM,3.0,False,Haas F1 Team,0 days 00:39:52.432000,2026-08-21 10:56:26.329,1,,,,False,False,FP1,27.6,19.1,64.0
0 days 00:47:04.464000,OCO,31,,13.0,4.0,0 days 00:45:41.646000,,,0 days 00:00:29.542000,0 days 00:00:23.886000,,0 days 00:46:40.664000,0 days 00:47:04.540000,288.0,284.0,314.0,218.0,False,MEDIUM,4.0,False,Haas F1 Team,0 days 00:41:31.928000,2026-08-21 10:58:05.825,1,,,,False,False,FP1,27.6,19.1,64.0
0 days 00:48:22.363000,OCO,31,0 days 00:01:17.899000,14.0,4.0,,,0 days 00:00:26.742000,0 days 00:00:27.733000,0 days 00:00:23.424000,0 days 00:47:31.206000,0 days 00:47:58.939000,0 days 00:48:22.363000,269.0,270.0,310.0,266.0,False,MEDIUM,5.0,False,Haas F1 Team,0 days 00:47:04.464000,2026-08-21 11:03:38.361,1,,,,False,True,FP1,27.6,19.1,64.0
0 days 00:49:40.310000,OCO,31,0 days 00:01:17.947000,15.0,4.0,,,0 days 00:00:26.727000,0 days 00:00:27.813000,0 days 00:00:23.407000,0 days 00:48:49.090000,0 days 00:49:16.903000,0 days 00:49:40.310000,270.0,268.0,309.0,280.0,False,MEDIUM,6.0,False,Haas F1 Team,0 days 00:48:22.363000,2026-08-21 11:04:56.260,1,,,,False,True,FP1,27.6,19.1,64.0
0 days 00:50:57.973000,OCO,31,0 days 00:01:17.663000,16.0,4.0,,,0 days 00:00:26.655000,0 days 00:00:27.749000,0 days 00:00:23.259000,0 days 00:50:06.965000,0 days 00:50:34.714000,0 days 00:50:57.973000,267.0,268.0,309.0,284.0,False,MEDIUM,7.0,False,Haas F1 Team,0 days 00:49:40.310000,2026-08-21 11:06:14.207,1,,,,False,True,FP1,27.6,19.1,64.0
0 days 00:52:15.594000,OCO,31,0 days 00:01:17.621000,17.0,4.0,,,0 days 00:00:26.690000,0 days 00:00:27.709000,0 days 00:00:23.222000,0 days 00:51:24.663000,0 days 00:51:52.372000,0 days 00:52:15.594000,272.0,271.0,313.0,284.0,False,MEDIUM,8.0,False,Haas F1 Team,0 days 00:50:57.973000,2026-08-21 11:07:31.870,1,,,,False,True,FP1,27.6,19.1,64.0
0 days 00:53:33.018000,OCO,31,0 days 00:01:17.424000,18.0,4.0,,,0 days 00:00:26.393000,0 days 00:00:27.727000,0 days 00:00:23.304000,0 days 00:52:41.987000,0 days 00:53:09.714000,0 days 00:53:33.018000,270.0,269.0,315.0,294.0,False,MEDIUM,9.0,False,Haas F1 Team,0 days 00:52:15.594000,2026-08-21 11:08:49.491,1,,,,False,True,FP1,27.6,19.1,64.0
0 days 00:54:50.124000,OCO,31,0 days 00:01:17.106000,19.0,4.0,,,0 days 00:00:26.321000,0 days 00:00:27.644000,0 days 00:00:23.141000,0 days 00:53:59.339000,0 days 00:54:26.983000,0 days 00:54:50.124000,275.0,269.0,311.0,299.0,False,MEDIUM,10.0,False,Haas F1 Team,0 days 00:53:33.018000,2026-08-21 11:10:06.915,1,,,,False,True,FP1,27.3,19.1,63.8
0 days 00:56:07.757000,OCO,31,0 days 00:01:17.633000,20.0,4.0,,,0 days 00:00:26.425000,0 days 00:00:27.921000,0 days 00:00:23.287000,0 days 00:55:16.549000,0 days 00:55:44.470000,0 days 00:56:07.757000,275.0,273.0,318.0,289.0,False,MEDIUM,11.0,False,Haas F1 Team,0 days 00:54:50.124000,2026-08-21 11:11:24.021,1,,,,False,True,FP1,27.3,19.1,63.8
0 days 00:57:25.241000,OCO,31,0 days 00:01:17.484000,21.0,4.0,,,0 days 00:00:26.405000,0 days 00:00:27.850000,0 days 00:00:23.229000,0 days 00:56:34.162000,0 days 00:57:02.012000,0 days 00:57:25.241000,276.0,272.0,316.0,302.0,False,MEDIUM,12.0,False,Haas F1 Team,0 days 00:56:07.757000,2026-08-21 11:12:41.654,1,,,,False,True,FP1,27.3,19.1,63.8
0 days 00:59:01.382000,OCO,31,0 days 00:01:36.141000,22.0,4.0,,0 days 00:59:00.117000,0 days 00:00:30.115000,0 days 00:00:33.820000,0 days 00:00:32.206000,0 days 00:57:55.356000,0 days 00:58:29.176000,0 days 00:59:01.382000,260.0,188.0,,256.0,False,MEDIUM,13.0,False,Haas F1 Team,0 days 00:57:25.241000,2026-08-21 11:13:59.138,12,,,,False,False,FP1,27.3,19.1,63.8
0 days 01:04:57.514000,OCO,31,,23.0,5.0,0 days 01:03:27.128000,,,0 days 00:00:32.912000,0 days 00:00:26.230000,,0 days 01:04:31.471000,0 days 01:04:57.571000,245.0,230.0,300.0,256.0,False,SOFT,1.0,True,Haas F1 Team,0 days 00:59:01.382000,2026-08-21 11:15:35.279,1,,,,False,False,FP1,27.3,19.1,63.8
0 days 01:06:12.475000,OCO,31,0 days 00:01:14.961000,24.0,5.0,,,0 days 00:00:25.842000,0 days 00:00:26.556000,0 days 00:00:22.563000,0 days 01:05:23.356000,0 days 01:05:49.912000,0 days 01:06:12.475000,288.0,286.0,309.0,298.0,True,SOFT,2.0,True,Haas F1 Team,0 days 01:04:57.514000,2026-08-21 11:21:31.411,1,,,,False,True,FP1,27.3,19.1,63.8
0 days 01:08:19.578000,OCO,31,0 days 00:02:07.103000,25.0,5.0,,0 days 01:08:18.329000,0 days 00:00:39.424000,0 days 00:00:44.283000,0 days 00:00:43.396000,0 days 01:06:51.899000,0 days 01:07:36.182000,0 days 01:08:19.578000,133.0,149.0,,237.0,False,SOFT,3.0,True,Haas F1 Team,0 days 01:06:12.475000,2026-08-21 11:22:46.372,1,,,,False,False,FP1,27.3,19.1,63.8
0 days 01:10:12.438000,OCO,31,0 days 00:01:52.860000,26.0,6.0,0 days 01:08:30.440000,,0 days 00:00:46.303000,0 days 00:00:34.111000,0 days 00:00:32.446000,0 days 01:09:05.881000,0 days 01:09:39.992000,0 days 01:10:12.438000,177.0,229.0,302.0,237.0,False,SOFT,1.0,False,Haas F1 Team,0 days 01:08:19.578000,2026-08-21 11:24:53.475,1,,,,False,False,FP1,27.3,19.1,63.8
0 days 01:11:27.335000,OCO,31,0 days 00:01:14.897000,27.0,6.0,,,0 days 00:00:25.850000,0 days 00:00:26.572000,0 days 00:00:22.475000,0 days 01:10:38.288000,0 days 01:11:04.860000,0 days 01:11:27.335000,287.0,287.0,308.0,304.0,True,SOFT,2.0,False,Haas F1 Team,0 days 01:10:12.438000,2026-08-21 11:26:46.335,1,,,,False,True,FP1,27.3,19.1,63.8
0 days 01:13:36.141000,OCO,31,0 days 00:02:08.806000,28.0,6.0,,,0 days 00:00:36.989000,0 days 00:00:42.159000,0 days 00:00:49.658000,0 days 01:12:04.324000,0 days 01:12:46.483000,0 days 01:13:36.141000,119.0,170.0,131.0,247.0,False,SOFT,3.0,False,Haas F1 Team,0 days 01:11:27.335000,2026-08-21 11:28:01.232,1,,,,False,True,FP1,27.3,19.1,63.8
0 days 01:15:23.529000,OCO,31,0 days 00:01:47.388000,29.0,6.0,,,0 days 00:00:30.156000,0 days 00:00:33.630000,0 days 00:00:43.602000,0 days 01:14:06.297000,0 days 01:14:39.927000,0 days 01:15:23.529000,197.0,230.0,67.0,245.0,False,SOFT,4.0,False,Haas F1 Team,0 days 01:13:36.141000,2026-08-21 11:30:10.038,12,,,,False,True,FP1,27.3,19.1,63.8
0 days 01:17:34.496000,OCO,31,0 days 00:02:10.967000,30.0,6.0,,,0 days 00:00:48.165000,0 days 00:00:32.593000,0 days 00:00:50.209000,0 days 01:16:11.694000,0 days 01:16:44.287000,0 days 01:17:34.496000,261.0,243.0,49.0,218.0,False,SOFT,5.0,False,Haas F1 Team,0 days 01:15:23.529000,2026-08-21 11:31:57.426,2,,,,False,True,FP1,27.3,19.1,63.8
0 days 01:19:36.564000,OCO,31,0 days 00:02:02.068000,31.0,6.0,,0 days 01:19:35.216000,0 days 00:00:51.996000,0 days 00:00:27.653000,0 days 00:00:42.419000,0 days 01:18:26.492000,0 days 01:18:54.145000,0 days 01:19:36.564000,286.0,284.0,,213.0,False,SOFT,6.0,False,Haas F1 Team,0 days 01:17:34.496000,2026-08-21 11:34:08.393,2,,,,False,False,FP1,27.3,19.1,63.8
0 days 00:16:25.195000,LIN,41,,1.0,1.0,0 days 00:14:35.833000,0 days 00:16:23.570000,,0 days 00:00:35.028000,0 days 00:00:39.300000,,0 days 00:15:46.126000,0 days 00:16:25.195000,227.0,198.0,,,False,INTERMEDIATE,1.0,True,Racing Bulls,0 days 00:14:35.833000,2026-08-21 10:31:09.730,1,,,,False,False,FP1,27.3,19.1,63.8
0 days 00:21:06.749000,LIN,41,,2.0,2.0,0 days 00:19:37.233000,,,0 days 00:00:31.097000,0 days 00:00:26.034000,,0 days 00:20:40.956000,0 days 00:21:06.887000,254.0,234.0,285.0,,False,HARD,1.0,True,Racing Bulls,0 days 00:16:25.195000,2026-08-21 10:32:59.092,1,,,,False,False,FP1,27.3,19.1,63.8
0 days 00:22:28.791000,LIN,41,0 days 00:01:22.042000,3.0,2.0,,,0 days 00:00:28.646000,0 days 00:00:28.803000,0 days 00:00:24.593000,0 days 00:21:35.395000,0 days 00:22:04.198000,0 days 00:22:28.791000,277.0,231.0,317.0,218.0,True,HARD,2.0,True,Racing Bulls,0 days 00:21:06.749000,2026-08-21 10:37:40.646,1,,,,False,True,FP1,27.3,19.1,63.8
0 days 00:23:47.199000,LIN,41,0 days 00:01:18.408000,4.0,2.0,,,0 days 00:00:27.288000,0 days 00:00:27.569000,0 days 00:00:23.551000,0 days 00:22:56.079000,0 days 00:23:23.648000,0 days 00:23:47.199000,273.0,273.0,304.0,263.0,True,HARD,3.0,True,Racing Bulls,0 days 00:22:28.791000,2026-08-21 10:39:02.688,1,,,,False,True,FP1,27.1,19.0,62.6
0 days 00:25:06.679000,LIN,41,0 days 00:01:19.480000,5.0,2.0,,,0 days 00:00:26.900000,0 days 00:00:27.427000,0 days 00:00:25.153000,0 days 00:24:14.099000,0 days 00:24:41.526000,0 days 00:25:06.679000,275.0,273.0,294.0,279.0,False,HARD,4.0,True,Racing Bulls,0 days 00:23:47.199000,2026-08-21 10:40:21.096,1,,,,False,True,FP1,27.1,19.0,62.6
0 days 00:26:49.514000,LIN,41,0 days 00:01:42.835000,6.0,2.0,,,0 days 00:00:33.541000,0 days 00:00:39.761000,0 days 00:00:29.533000,0 days 00:25:40.220000,0 days 00:26:19.981000,0 days 00:26:49.514000,182.0,192.0,299.0,218.0,False,HARD,5.0,True,Racing Bulls,0 days 00:25:06.679000,2026-08-21 10:41:40.576,1,,,,False,True,FP1,27.1,19.0,62.6
0 days 00:28:05.986000,LIN,41,0 days 00:01:16.472000,7.0,2.0,,,0 days 00:00:26.298000,0 days 00:00:26.847000,0 days 00:00:23.327000,0 days 00:27:15.812000,0 days 00:27:42.659000,0 days 00:28:05.986000,294.0,287.0,299.0,284.0,True,HARD,6.0,True,Racing Bulls,0 days 00:26:49.514000,2026-08-21 10:43:23.411,1,,,,False,True,FP1,27.1,19.0,62.6
0 days 00:29:46.448000,LIN,41,0 days 00:01:40.462000,8.0,2.0,,,0 days 00:00:32.667000,0 days 00:00:40.218000,0 days 00:00:27.577000,0 days 00:28:38.653000,0 days 00:29:18.871000,0 days 00:29:46.448000,188.0,173.0,299.0,240.0,False,HARD,7.0,True,Racing Bulls,0 days 00:28:05.986000,2026-08-21 10:44:39.883,1,,,,False,True,FP1,27.1,19.0,62.6
0 days 00:31:02.400000,LIN,41,0 days 00:01:15.952000,9.0,2.0,,,0 days 00:00:26.194000,0 days 00:00:26.636000,0 days 00:00:23.122000,0 days 00:30:12.642000,0 days 00:30:39.278000,0 days 00:31:02.400000,292.0,286.0,300.0,288.0,True,HARD,8.0,True,Racing Bulls,0 days 00:29:46.448000,2026-08-21 10:46:20.345,1,,,,False,True,FP1,27.1,19.0,62.6
0 days 00:32:44.502000,LIN,41,0 days 00:01:42.102000,10.0,2.0,,,0 days 00:00:34.268000,0 days 00:00:40.447000,0 days 00:00:27.387000,0 days 00:31:36.668000,0 days 00:32:17.115000,0 days 00:32:44.502000,146.0,237.0,303.0,294.0,False,HARD,9.0,True,Racing Bulls,0 days 00:31:02.400000,2026-08-21 10:47:36.297,12,,,,False,True,FP1,27.1,19.0,62.6
0 days 00:34:00.244000,LIN,41,0 days 00:01:15.742000,11.0,2.0,,,0 days 00:00:25.980000,0 days 00:00:26.764000,0 days 00:00:22.998000,0 days 00:33:10.482000,0 days 00:33:37.246000,0 days 00:34:00.244000,292.0,285.0,311.0,303.0,True,HARD,10.0,True,Racing Bulls,0 days 00:32:44.502000,2026-08-21 10:49:18.399,1,,,,False,True,FP1,27.1,19.0,62.6
0 days 00:35:44.815000,LIN,41,0 days 00:01:44.571000,12.0,2.0,,,0 days 00:00:36.360000,0 days 00:00:37.863000,0 days 00:00:30.348000,0 days 00:34:36.604000,0 days 00:35:14.467000,0 days 00:35:44.815000,132.0,216.0,251.0,220.0,False,HARD,11.0,True,Racing Bulls,0 days 00:34:00.244000,2026-08-21 10:50:34.141,1,,,,False,True,FP1,27.1,19.0,62.6
0 days 00:37:21.046000,LIN,41,0 days 00:01:36.231000,13.0,2.0,,,0 days 00:00:38.419000,0 days 00:00:30.417000,0 days 00:00:27.395000,0 days 00:36:23.234000,0 days 00:36:53.651000,0 days 00:37:21.046000,159.0,247.0,297.0,215.0,False,HARD,12.0,True,Racing Bulls,0 days 00:35:44.815000,2026-08-21 10:52:18.712,1,,,,False,True,FP1,27.1,19.0,62.6
0 days 00:38:37.390000,LIN,41,0 days 00:01:16.344000,14.0,2.0,,,0 days 00:00:26.372000,0 days 00:00:26.796000,0 days 00:00:23.176000,0 days 00:37:47.418000,0 days 00:38:14.214000,0 days 00:38:37.390000,292.0,287.0,305.0,295.0,False,HARD,13.0,True,Racing Bulls,0 days 00:37:21.046000,2026-08-21 10:53:54.943,1,,,,False,True,FP1,27.1,19.0,62.6
0 days 00:40:03.872000,LIN,41,0 days 00:01:26.482000,15.0,2.0,,0 days 00:40:02.740000,0 days 00:00:28.259000,0 days 00:00:30.595000,0 days 00:00:27.628000,0 days 00:39:05.649000,0 days 00:39:36.244000,0 days 00:40:03.872000,267.0,268.0,,290.0,False,HARD,14.0,True,Racing Bulls,0 days 00:38:37.390000,2026-08-21 10:55:11.287,12,,,,False,False,FP1,27.1,19.0,62.6
0 days 00:45:18.765000,LIN,41,,16.0,3.0,0 days 00:43:34.682000,,,0 days 00:00:28.381000,0 days 00:00:23.910000,,0 days 00:44:54.970000,0 days 00:45:18.820000,288.0,276.0,307.0,290.0,False,HARD,10.0,False,Racing Bulls,0 days 00:40:03.872000,2026-08-21 10:56:37.769,1,,,,False,False,FP1,27.6,19.0,63.4
0 days 00:46:37.471000,LIN,41,0 days 00:01:18.706000,17.0,3.0,,,0 days 00:00:27.322000,0 days 00:00:27.895000,0 days 00:00:23.489000,0 days 00:45:46.087000,0 days 00:46:13.982000,0 days 00:46:37.471000,280.0,270.0,307.0,273.0,False,HARD,11.0,False,Racing Bulls,0 days 00:45:18.765000,2026-08-21 11:01:52.662,1,,,,False,True,FP1,27.6,19.0,63.4
0 days 00:47:55.611000,LIN,41,0 days 00:01:18.140000,18.0,3.0,,,0 days 00:00:26.902000,0 days 00:00:27.815000,0 days 00:00:23.423000,0 days 00:47:04.373000,0 days 00:47:32.188000,0 days 00:47:55.611000,277.0,270.0,303.0,290.0,False,HARD,12.0,False,Racing Bulls,0 days 00:46:37.471000,2026-08-21 11:03:11.368,1,,,,False,True,FP1,27.6,19.0,63.4
0 days 00:49:13.710000,LIN,41,0 days 00:01:18.099000,19.0,3.0,,,0 days 00:00:26.740000,0 days 00:00:27.877000,0 days 00:00:23.482000,0 days 00:48:22.351000,0 days 00:48:50.228000,0 days 00:49:13.710000,280.0,265.0,306.0,290.0,False,HARD,13.0,False,Racing Bulls,0 days 00:47:55.611000,2026-08-21 11:04:29.508,1,,,,False,True,FP1,27.6,19.0,63.4
0 days 00:50:32.133000,LIN,41,0 days 00:01:18.423000,20.0,3.0,,,0 days 00:00:26.904000,0 days 00:00:28.028000,0 days 00:00:23.491000,0 days 00:49:40.614000,0 days 00:50:08.642000,0 days 00:50:32.133000,276.0,266.0,311.0,292.0,False,HARD,14.0,False,Racing Bulls,0 days 00:49:13.710000,2026-08-21 11:05:47.607,1,,,,False,True,FP1,27.6,19.0,63.4
0 days 00:51:50.455000,LIN,41,0 days 00:01:18.322000,21.0,3.0,,,0 days 00:00:26.782000,0 days 00:00:27.941000,0 days 00:00:23.599000,0 days 00:50:58.915000,0 days 00:51:26.856000,0 days 00:51:50.455000,279.0,270.0,321.0,297.0,False,HARD,15.0,False,Racing Bulls,0 days 00:50:32.133000,2026-08-21 11:07:06.030,1,,,,False,True,FP1,27.6,19.0,63.4
0 days 00:53:10.327000,LIN,41,0 days 00:01:19.872000,22.0,3.0,,,0 days 00:00:27.879000,0 days 00:00:28.310000,0 days 00:00:23.683000,0 days 00:52:18.334000,0 days 00:52:46.644000,0 days 00:53:10.327000,278.0,269.0,310.0,309.0,False,HARD,16.0,False,Racing Bulls,0 days 00:51:50.455000,2026-08-21 11:08:24.352,1,,,,False,True,FP1,27.6,19.0,63.4
0 days 00:54:28.166000,LIN,41,0 days 00:01:17.839000,23.0,3.0,,,0 days 00:00:26.524000,0 days 00:00:27.896000,0 days 00:00:23.419000,0 days 00:53:36.851000,0 days 00:54:04.747000,0 days 00:54:28.166000,286.0,277.0,321.0,298.0,False,HARD,17.0,False,Racing Bulls,0 days 00:53:10.327000,2026-08-21 11:09:44.224,1,,,,False,True,FP1,27.6,19.0,63.4
0 days 00:55:46.174000,LIN,41,0 days 00:01:18.008000,24.0,3.0,,,0 days 00:00:26.462000,0 days 00:00:27.983000,0 days 00:00:23.563000,0 days 00:54:54.628000,0 days 00:55:22.611000,0 days 00:55:46.174000,274.0,281.0,298.0,303.0,False,HARD,18.0,False,Racing Bulls,0 days 00:54:28.166000,2026-08-21 11:11:02.063,1,,,,False,True,FP1,27.6,19.0,63.4
0 days 00:57:08.073000,LIN,41,0 days 00:01:21.899000,25.0,3.0,,0 days 00:57:06.841000,0 days 00:00:26.822000,0 days 00:00:28.399000,0 days 00:00:26.678000,0 days 00:56:12.996000,0 days 00:56:41.395000,0 days 00:57:08.073000,272.0,283.0,,289.0,False,HARD,19.0,False,Racing Bulls,0 days 00:55:46.174000,2026-08-21 11:12:20.071,1,,,,False,False,FP1,27.6,19.0,63.4
0 days 01:03:03.737000,LIN,41,,26.0,4.0,0 days 01:01:36.683000,,,0 days 00:00:29.172000,0 days 00:00:28.355000,,0 days 01:02:35.639000,0 days 01:03:03.853000,251.0,251.0,303.0,289.0,False,MEDIUM,1.0,True,Racing Bulls,0 days 00:57:08.073000,2026-08-21 11:13:41.970,12,,,,False,False,FP1,27.6,19.0,63.4
0 days 01:04:18.467000,LIN,41,0 days 00:01:14.730000,27.0,4.0,,,0 days 00:00:25.620000,0 days 00:00:26.391000,0 days 00:00:22.719000,0 days 01:03:29.357000,0 days 01:03:55.748000,0 days 01:04:18.467000,293.0,288.0,300.0,307.0,True,MEDIUM,2.0,True,Racing Bulls,0 days 01:03:03.737000,2026-08-21 11:19:37.634,1,,,,False,True,FP1,27.6,19.0,63.4
0 days 01:06:02.008000,LIN,41,0 days 00:01:43.541000,28.0,4.0,,,0 days 00:00:32.323000,0 days 00:00:44.298000,0 days 00:00:26.920000,0 days 01:04:50.790000,0 days 01:05:35.088000,0 days 01:06:02.008000,148.0,215.0,306.0,273.0,False,MEDIUM,3.0,True,Racing Bulls,0 days 01:04:18.467000,2026-08-21 11:20:52.364,1,,,,False,True,FP1,27.6,19.0,63.4
0 days 01:07:40.220000,LIN,41,0 days 00:01:38.212000,29.0,4.0,,,0 days 00:00:35.157000,0 days 00:00:35.542000,0 days 00:00:27.513000,0 days 01:06:37.165000,0 days 01:07:12.707000,0 days 01:07:40.220000,199.0,239.0,304.0,239.0,False,MEDIUM,4.0,True,Racing Bulls,0 days 01:06:02.008000,2026-08-21 11:22:35.905,1,,,,False,True,FP1,27.6,19.0,63.4
0 days 01:09:00.995000,LIN,41,0 days 00:01:20.775000,30.0,4.0,,,0 days 00:00:25.510000,0 days 00:00:29.243000,0 days 00:00:26.022000,0 days 01:08:05.730000,0 days 01:08:34.973000,0 days 01:09:00.995000,295.0,215.0,303.0,309.0,False,MEDIUM,5.0,True,Racing Bulls,0 days 01:07:40.220000,2026-08-21 11:24:14.117,1,,,,False,True,FP1,27.6,19.0,63.4
0 days 01:10:15.280000,LIN,41,0 days 00:01:14.285000,31.0,4.0,,,0 days 00:00:25.393000,0 days 00:00:26.313000,0 days 00:00:22.579000,0 days 01:09:26.388000,0 days 01:09:52.701000,0 days 01:10:15.280000,293.0,289.0,308.0,309.0,True,MEDIUM,6.0,True,Racing Bulls,0 days 01:09:00.995000,2026-08-21 11:25:34.892,1,,,,False,True,FP1,27.9,19.0,63.0
0 days 01:12:01.155000,LIN,41,0 days 00:01:45.875000,32.0,4.0,,,0 days 00:00:43.215000,0 days 00:00:37.321000,0 days 00:00:25.339000,0 days 01:10:58.495000,0 days 01:11:35.816000,0 days 01:12:01.155000,105.0,226.0,306.0,243.0,False,MEDIUM,7.0,True,Racing Bulls,0 days 01:10:15.280000,2026-08-21 11:26:49.177,1,,,,False,True,FP1,27.9,19.0,63.0
0 days 01:13:15.933000,LIN,41,0 days 00:01:14.778000,33.0,4.0,,,0 days 00:00:25.587000,0 days 00:00:26.543000,0 days 00:00:22.648000,0 days 01:12:26.742000,0 days 01:12:53.285000,0 days 01:13:15.933000,294.0,289.0,303.0,311.0,False,MEDIUM,8.0,True,Racing Bulls,0 days 01:12:01.155000,2026-08-21 11:28:35.052,1,,,,False,True,FP1,27.9,19.0,63.0
0 days 01:14:44.960000,LIN,41,0 days 00:01:29.027000,34.0,4.0,,,0 days 00:00:31.543000,0 days 00:00:31.220000,0 days 00:00:26.264000,0 days 01:13:47.476000,0 days 01:14:18.696000,0 days 01:14:44.960000,241.0,260.0,259.0,303.0,False,MEDIUM,9.0,True,Racing Bulls,0 days 01:13:15.933000,2026-08-21 11:29:49.830,1,,,,False,True,FP1,27.9,19.0,63.0
0 days 01:16:34.409000,LIN,41,0 days 00:01:49.449000,35.0,4.0,,,0 days 00:00:31.341000,0 days 00:00:32.878000,0 days 00:00:45.230000,0 days 01:15:16.301000,0 days 01:15:49.179000,0 days 01:16:34.409000,224.0,233.0,75.0,230.0,False,MEDIUM,10.0,True,Racing Bulls,0 days 01:14:44.960000,2026-08-21 11:31:18.857,12,,,,False,True,FP1,27.9,19.0,63.0
0 days 01:19:13.450000,LIN,41,,36.0,4.0,,,0 days 00:01:03.125000,0 days 00:00:30.904000,0 days 00:01:04.949000,0 days 01:17:37.711000,0 days 01:18:08.715000,0 days 01:19:13.561000,294.0,227.0,5.0,227.0,False,MEDIUM,11.0,True,Racing Bulls,0 days 01:16:34.409000,2026-08-21 11:33:08.306,2,,,,False,False,FP1,27.9,19.0,63.0
0 days 01:20:57.521000,LIN,41,0 days 00:01:44.071000,37.0,4.0,,0 days 01:20:56.313000,0 days 00:00:29.113000,0 days 00:00:34.156000,0 days 00:00:40.802000,0 days 01:19:42.563000,0 days 01:20:16.719000,0 days 01:20:57.521000,260.0,200.0,,247.0,False,MEDIUM,12.0,True,Racing Bulls,0 days 01:19:13.450000,2026-08-21 11:35:47.347,2,,,,False,False,FP1,27.9,19.0,63.0
0 days 00:16:48.777000,COL,43,,1.0,1.0,0 days 00:15:00.069000,,,0 days 00:00:34.330000,0 days 00:00:32.299000,,0 days 00:16:16.760000,0 days 00:16:48.960000,224.0,213.0,288.0,,False,INTERMEDIATE,1.0,True,Alpine,0 days 00:15:00.069000,2026-08-21 10:31:33.966,1,,,,False,False,FP1,27.9,19.0,63.0
0 days 00:18:14.620000,COL,43,0 days 00:01:25.843000,2.0,1.0,,,0 days 00:00:29.523000,0 days 00:00:30.161000,0 days 00:00:26.159000,0 days 00:17:18.300000,0 days 00:17:48.461000,0 days 00:18:14.620000,279.0,261.0,288.0,214.0,True,INTERMEDIATE,2.0,True,Alpine,0 days 00:16:48.777000,2026-08-21 10:33:22.674,1,,,,False,True,FP1,27.9,19.0,63.0
0 days 00:19:58.855000,COL,43,0 days 00:01:44.235000,3.0,1.0,,0 days 00:19:58.513000,0 days 00:00:34.325000,0 days 00:00:34.578000,0 days 00:00:35.332000,0 days 00:18:48.945000,0 days 00:19:23.523000,0 days 00:19:58.855000,193.0,242.0,,229.0,False,INTERMEDIATE,3.0,True,Alpine,0 days 00:18:14.620000,2026-08-21 10:34:48.517,1,,,,False,False,FP1,27.9,19.0,63.0
0 days 00:27:39.942000,COL,43,,4.0,2.0,0 days 00:26:10.282000,,,0 days 00:00:30.200000,0 days 00:00:24.866000,,0 days 00:27:15.311000,0 days 00:27:40.100000,272.0,268.0,313.0,229.0,False,HARD,1.0,True,Alpine,0 days 00:19:58.855000,2026-08-21 10:36:32.752,1,,,,False,False,FP1,27.9,19.0,63.0
0 days 00:28:58.646000,COL,43,0 days 00:01:18.704000,5.0,2.0,,,0 days 00:00:27.328000,0 days 00:00:27.727000,0 days 00:00:23.649000,0 days 00:28:07.270000,0 days 00:28:34.997000,0 days 00:28:58.646000,281.0,277.0,318.0,267.0,True,HARD,2.0,True,Alpine,0 days 00:27:39.942000,2026-08-21 10:44:13.839,1,,,,False,True,FP1,27.9,19.0,63.0
0 days 00:30:16.329000,COL,43,0 days 00:01:17.683000,6.0,2.0,,,0 days 00:00:26.645000,0 days 00:00:27.547000,0 days 00:00:23.491000,0 days 00:29:25.291000,0 days 00:29:52.838000,0 days 00:30:16.329000,280.0,274.0,320.0,276.0,True,HARD,3.0,True,Alpine,0 days 00:28:58.646000,2026-08-21 10:45:32.543,1,,,,False,True,FP1,27.9,19.0,63.0
0 days 00:32:08.668000,COL,43,0 days 00:01:52.339000,7.0,2.0,,,0 days 00:00:36.294000,0 days 00:00:42.312000,0 days 00:00:33.733000,0 days 00:30:52.623000,0 days 00:31:34.935000,0 days 00:32:08.668000,158.0,189.0,315.0,280.0,False,HARD,4.0,True,Alpine,0 days 00:30:16.329000,2026-08-21 10:46:50.226,12,,,,False,True,FP1,27.9,19.0,63.0
0 days 00:33:29.680000,COL,43,0 days 00:01:21.012000,8.0,2.0,,,0 days 00:00:27.098000,0 days 00:00:28.459000,0 days 00:00:25.455000,0 days 00:32:35.766000,0 days 00:33:04.225000,0 days 00:33:29.680000,270.0,239.0,317.0,274.0,False,HARD,5.0,True,Alpine,0 days 00:32:08.668000,2026-08-21 10:48:42.565,1,,,,False,True,FP1,27.8,18.9,61.9
0 days 00:34:51.748000,COL,43,0 days 00:01:22.068000,9.0,2.0,,,0 days 00:00:26.667000,0 days 00:00:28.006000,0 days 00:00:27.395000,0 days 00:33:56.347000,0 days 00:34:24.353000,0 days 00:34:51.748000,270.0,284.0,311.0,285.0,False,HARD,6.0,True,Alpine,0 days 00:33:29.680000,2026-08-21 10:50:03.577,1,,,,False,True,FP1,27.8,18.9,61.9
0 days 00:36:08.717000,COL,43,0 days 00:01:16.969000,10.0,2.0,,,0 days 00:00:26.418000,0 days 00:00:27.271000,0 days 00:00:23.280000,0 days 00:35:18.166000,0 days 00:35:45.437000,0 days 00:36:08.717000,280.0,279.0,309.0,290.0,True,HARD,7.0,True,Alpine,0 days 00:34:51.748000,2026-08-21 10:51:25.645,1,,,,False,True,FP1,27.8,18.9,61.9
0 days 00:37:27.305000,COL,43,0 days 00:01:18.588000,11.0,2.0,,,0 days 00:00:27.048000,0 days 00:00:27.956000,0 days 00:00:23.584000,0 days 00:36:35.765000,0 days 00:37:03.721000,0 days 00:37:27.305000,283.0,284.0,323.0,294.0,False,HARD,8.0,True,Alpine,0 days 00:36:08.717000,2026-08-21 10:52:42.614,1,,,,False,True,FP1,27.8,18.9,61.9
0 days 00:38:44.922000,COL,43,0 days 00:01:17.617000,12.0,2.0,,,0 days 00:00:26.544000,0 days 00:00:27.734000,0 days 00:00:23.339000,0 days 00:37:53.849000,0 days 00:38:21.583000,0 days 00:38:44.922000,283.0,281.0,325.0,291.0,False,HARD,9.0,True,Alpine,0 days 00:37:27.305000,2026-08-21 10:54:01.202,1,,,,False,True,FP1,27.8,18.9,61.9
0 days 00:40:02.309000,COL,43,0 days 00:01:17.387000,13.0,2.0,,,0 days 00:00:26.363000,0 days 00:00:27.642000,0 days 00:00:23.382000,0 days 00:39:11.285000,0 days 00:39:38.927000,0 days 00:40:02.309000,282.0,277.0,319.0,296.0,False,HARD,10.0,True,Alpine,0 days 00:38:44.922000,2026-08-21 10:55:18.819,12,,,,False,True,FP1,27.8,18.9,61.9
0 days 00:41:20.243000,COL,43,0 days 00:01:17.934000,14.0,2.0,,,0 days 00:00:26.740000,0 days 00:00:27.950000,0 days 00:00:23.244000,0 days 00:40:29.049000,0 days 00:40:56.999000,0 days 00:41:20.243000,280.0,278.0,319.0,293.0,False,HARD,11.0,True,Alpine,0 days 00:40:02.309000,2026-08-21 10:56:36.206,1,,,,False,True,FP1,27.8,18.9,61.9
0 days 00:42:37.586000,COL,43,0 days 00:01:17.343000,15.0,2.0,,,0 days 00:00:26.439000,0 days 00:00:27.560000,0 days 00:00:23.344000,0 days 00:41:46.682000,0 days 00:42:14.242000,0 days 00:42:37.586000,282.0,279.0,318.0,298.0,False,HARD,12.0,True,Alpine,0 days 00:41:20.243000,2026-08-21 10:57:54.140,1,,,,False,True,FP1,27.8,18.9,61.9
0 days 00:43:55.920000,COL,43,0 days 00:01:18.334000,16.0,2.0,,,0 days 00:00:27.002000,0 days 00:00:27.943000,0 days 00:00:23.389000,0 days 00:43:04.588000,0 days 00:43:32.531000,0 days 00:43:55.920000,285.0,277.0,328.0,283.0,False,HARD,13.0,True,Alpine,0 days 00:42:37.586000,2026-08-21 10:59:11.483,1,,,,False,True,FP1,27.8,18.9,61.9
0 days 00:45:13.012000,COL,43,0 days 00:01:17.092000,17.0,2.0,,,0 days 00:00:26.328000,0 days 00:00:27.613000,0 days 00:00:23.151000,0 days 00:44:22.248000,0 days 00:44:49.861000,0 days 00:45:13.012000,277.0,279.0,326.0,310.0,False,HARD,14.0,True,Alpine,0 days 00:43:55.920000,2026-08-21 11:00:29.817,1,,,,False,True,FP1,27.8,18.9,61.9
0 days 00:47:30.644000,COL,43,0 days 00:02:17.632000,18.0,2.0,,,0 days 00:00:47.453000,0 days 00:00:58.604000,0 days 00:00:31.575000,0 days 00:46:00.465000,0 days 00:46:59.069000,0 days 00:47:30.644000,100.0,87.0,298.0,223.0,False,HARD,15.0,True,Alpine,0 days 00:45:13.012000,2026-08-21 11:01:46.909,1,,,,False,True,FP1,27.6,18.9,61.5
0 days 00:48:56.303000,COL,43,0 days 00:01:25.659000,19.0,2.0,,0 days 00:48:55.155000,0 days 00:00:26.875000,0 days 00:00:27.558000,0 days 00:00:31.226000,0 days 00:47:57.519000,0 days 00:48:25.077000,0 days 00:48:56.303000,293.0,287.0,,289.0,False,HARD,16.0,True,Alpine,0 days 00:47:30.644000,2026-08-21 11:04:04.541,1,,,,False,False,FP1,27.6,18.9,61.5
0 days 01:00:32.328000,COL,43,,20.0,3.0,0 days 00:59:02.273000,,,0 days 00:00:29.578000,0 days 00:00:25.697000,,0 days 01:00:06.838000,0 days 01:00:32.533000,281.0,236.0,302.0,289.0,False,SOFT,1.0,True,Alpine,0 days 00:48:56.303000,2026-08-21 11:05:30.200,12,,,,False,False,FP1,27.6,18.9,61.5
0 days 01:01:47.154000,COL,43,0 days 00:01:14.826000,21.0,3.0,,,0 days 00:00:25.782000,0 days 00:00:26.562000,0 days 00:00:22.482000,0 days 01:00:58.110000,0 days 01:01:24.672000,0 days 01:01:47.154000,298.0,289.0,315.0,306.0,True,SOFT,2.0,True,Alpine,0 days 01:00:32.328000,2026-08-21 11:17:06.225,1,,,,False,True,FP1,27.6,18.9,61.5
0 days 01:04:07.413000,COL,43,0 days 00:02:20.259000,22.0,3.0,,,0 days 00:00:49.983000,0 days 00:00:56.798000,0 days 00:00:33.478000,0 days 01:02:37.137000,0 days 01:03:33.935000,0 days 01:04:07.413000,87.0,156.0,214.0,223.0,False,SOFT,3.0,True,Alpine,0 days 01:01:47.154000,2026-08-21 11:18:21.051,1,,,,False,True,FP1,27.6,18.9,61.5
0 days 01:05:42.715000,COL,43,0 days 00:01:35.302000,23.0,3.0,,,0 days 00:00:36.327000,0 days 00:00:33.226000,0 days 00:00:25.749000,0 days 01:04:43.740000,0 days 01:05:16.966000,0 days 01:05:42.715000,245.0,238.0,304.0,198.0,False,SOFT,4.0,True,Alpine,0 days 01:04:07.413000,2026-08-21 11:20:41.310,1,,,,False,True,FP1,27.6,18.9,61.5
0 days 01:06:58.065000,COL,43,0 days 00:01:15.350000,24.0,3.0,,,0 days 00:00:25.806000,0 days 00:00:26.508000,0 days 00:00:23.036000,0 days 01:06:08.521000,0 days 01:06:35.029000,0 days 01:06:58.065000,295.0,288.0,310.0,312.0,False,SOFT,5.0,True,Alpine,0 days 01:05:42.715000,2026-08-21 11:22:16.612,1,,,,False,True,FP1,27.6,18.9,61.5
0 days 01:09:25.034000,COL,43,0 days 00:02:26.969000,25.0,3.0,,,0 days 00:00:48.727000,0 days 00:01:02.829000,0 days 00:00:35.413000,0 days 01:07:46.792000,0 days 01:08:49.621000,0 days 01:09:25.034000,93.0,178.0,293.0,287.0,False,SOFT,6.0,True,Alpine,0 days 01:06:58.065000,2026-08-21 11:23:31.962,1,,,,False,True,FP1,27.6,18.9,61.5
0 days 01:10:44.260000,COL,43,0 days 00:01:19.226000,26.0,3.0,,,0 days 00:00:27.114000,0 days 00:00:28.611000,0 days 00:00:23.501000,0 days 01:09:52.148000,0 days 01:10:20.759000,0 days 01:10:44.260000,294.0,281.0,297.0,274.0,False,SOFT,7.0,True,Alpine,0 days 01:09:25.034000,2026-08-21 11:25:58.931,1,,,,False,True,FP1,28.0,18.9,62.3
0 days 01:12:06.399000,COL,43,0 days 00:01:22.139000,27.0,3.0,,0 days 01:12:05.200000,0 days 00:00:28.211000,0 days 00:00:27.224000,0 days 00:00:26.704000,0 days 01:11:12.471000,0 days 01:11:39.695000,0 days 01:12:06.399000,275.0,283.0,,240.0,False,SOFT,8.0,True,Alpine,0 days 01:10:44.260000,2026-08-21 11:27:18.157,1,,,,False,False,FP1,28.0,18.9,62.3
0 days 01:14:08.544000,COL,43,0 days 00:02:02.145000,28.0,4.0,0 days 01:12:24.077000,,0 days 00:00:53.869000,0 days 00:00:38.725000,0 days 00:00:29.551000,0 days 01:13:00.268000,0 days 01:13:38.993000,0 days 01:14:08.544000,164.0,239.0,308.0,240.0,False,HARD,17.0,False,Alpine,0 days 01:12:06.399000,2026-08-21 11:28:40.296,1,,,,False,False,FP1,28.0,18.9,62.3
0 days 01:16:28.133000,COL,43,0 days 00:02:19.589000,29.0,4.0,,,0 days 00:00:32.697000,0 days 00:00:35.580000,0 days 00:01:11.312000,0 days 01:14:41.241000,0 days 01:15:16.821000,0 days 01:16:28.133000,212.0,223.0,4.0,230.0,False,HARD,18.0,False,Alpine,0 days 01:14:08.544000,2026-08-21 11:30:42.441,12,,,,False,True,FP1,28.0,18.9,62.3
0 days 01:18:18.516000,COL,43,0 days 00:01:50.383000,30.0,4.0,,,0 days 00:00:30.904000,0 days 00:00:29.783000,0 days 00:00:49.696000,0 days 01:16:59.037000,0 days 01:17:28.820000,0 days 01:18:18.516000,287.0,259.0,56.0,224.0,False,HARD,19.0,False,Alpine,0 days 01:16:28.133000,2026-08-21 11:33:02.030,2,,,,False,True,FP1,28.0,18.9,62.3
0 days 01:20:40.060000,COL,43,0 days 00:02:21.544000,31.0,4.0,,0 days 01:20:38.831000,0 days 00:01:14.270000,0 days 00:00:30.568000,0 days 00:00:36.706000,0 days 01:19:32.786000,0 days 01:20:03.354000,0 days 01:20:40.060000,226.0,271.0,,141.0,False,HARD,20.0,False,Alpine,0 days 01:18:18.516000,2026-08-21 11:34:52.413,2,,,,False,False,FP1,28.0,18.9,62.3
0 days 00:15:47.621000,HAM,44,,1.0,1.0,0 days 00:14:14.993000,,,0 days 00:00:33.445000,0 days 00:00:27.428000,,0 days 00:15:20.373000,0 days 00:15:47.766000,248.0,222.0,280.0,,False,INTERMEDIATE,1.0,True,Ferrari,0 days 00:14:14.993000,2026-08-21 10:30:48.890,1,,,,False,False,FP1,28.0,18.9,62.3
0 days 00:17:13.183000,HAM,44,0 days 00:01:25.562000,2.0,1.0,,,0 days 00:00:29.704000,0 days 00:00:30.302000,0 days 00:00:25.556000,0 days 00:16:17.325000,0 days 00:16:47.627000,0 days 00:17:13.183000,271.0,255.0,281.0,239.0,True,INTERMEDIATE,2.0,True,Ferrari,0 days 00:15:47.621000,2026-08-21 10:32:21.518,1,,,,False,True,FP1,28.0,18.9,62.3
0 days 00:18:51.229000,HAM,44,0 days 00:01:38.046000,3.0,1.0,,0 days 00:18:49.995000,0 days 00:00:29.855000,0 days 00:00:31.536000,0 days 00:00:36.655000,0 days 00:17:43.038000,0 days 00:18:14.574000,0 days 00:18:51.229000,258.0,249.0,,263.0,False,INTERMEDIATE,3.0,True,Ferrari,0 days 00:17:13.183000,2026-08-21 10:33:47.080,1,,,,False,False,FP1,28.0,18.9,62.3
0 days 00:23:42.219000,HAM,44,,4.0,2.0,0 days 00:22:04.706000,,,0 days 00:00:34.380000,0 days 00:00:28.144000,,0 days 00:23:14.240000,0 days 00:23:42.269000,256.0,215.0,295.0,263.0,False,MEDIUM,1.0,True,Ferrari,0 days 00:18:51.229000,2026-08-21 10:35:25.126,1,,,,False,False,FP1,28.0,18.9,62.3
0 days 00:24:59.928000,HAM,44,0 days 00:01:17.709000,5.0,2.0,,,0 days 00:00:27.139000,0 days 00:00:27.415000,0 days 00:00:23.155000,0 days 00:24:09.358000,0 days 00:24:36.773000,0 days 00:24:59.928000,288.0,283.0,311.0,285.0,True,MEDIUM,2.0,True,Ferrari,0 days 00:23:42.219000,2026-08-21 10:40:16.116,1,,,,False,True,FP1,28.0,18.9,62.3
0 days 00:26:44.105000,HAM,44,0 days 00:01:44.177000,6.0,2.0,,,0 days 00:00:32.494000,0 days 00:00:43.297000,0 days 00:00:28.386000,0 days 00:25:32.422000,0 days 00:26:15.719000,0 days 00:26:44.105000,179.0,177.0,297.0,260.0,False,MEDIUM,3.0,True,Ferrari,0 days 00:24:59.928000,2026-08-21 10:41:33.825,1,,,,False,True,FP1,28.0,18.9,62.3
0 days 00:27:59.991000,HAM,44,0 days 00:01:15.886000,7.0,2.0,,,0 days 00:00:26.582000,0 days 00:00:26.701000,0 days 00:00:22.603000,0 days 00:27:10.687000,0 days 00:27:37.388000,0 days 00:27:59.991000,288.0,284.0,311.0,301.0,True,MEDIUM,4.0,True,Ferrari,0 days 00:26:44.105000,2026-08-21 10:43:18.002,1,,,,False,True,FP1,28.0,18.9,62.3
0 days 00:29:54.913000,HAM,44,0 days 00:01:54.922000,8.0,2.0,,,0 days 00:00:41.141000,0 days 00:00:46.228000,0 days 00:00:27.553000,0 days 00:28:41.132000,0 days 00:29:27.360000,0 days 00:29:54.913000,143.0,230.0,296.0,234.0,False,MEDIUM,5.0,True,Ferrari,0 days 00:27:59.991000,2026-08-21 10:44:33.888,1,,,,False,True,FP1,28.0,18.9,62.3
0 days 00:31:10.037000,HAM,44,0 days 00:01:15.124000,9.0,2.0,,,0 days 00:00:26.147000,0 days 00:00:26.451000,0 days 00:00:22.526000,0 days 00:30:21.060000,0 days 00:30:47.511000,0 days 00:31:10.037000,286.0,283.0,311.0,302.0,True,MEDIUM,6.0,True,Ferrari,0 days 00:29:54.913000,2026-08-21 10:46:28.810,12,,,,False,True,FP1,28.0,18.9,62.3
0 days 00:33:13.830000,HAM,44,0 days 00:02:03.793000,10.0,2.0,,,0 days 00:00:47.071000,0 days 00:00:46.023000,0 days 00:00:30.699000,0 days 00:31:57.108000,0 days 00:32:43.131000,0 days 00:33:13.830000,134.0,237.0,302.0,234.0,False,MEDIUM,7.0,True,Ferrari,0 days 00:31:10.037000,2026-08-21 10:47:43.934,21,,,,False,True,FP1,27.5,18.9,62.2
0 days 00:34:28.572000,HAM,44,0 days 00:01:14.742000,11.0,2.0,,,0 days 00:00:25.735000,0 days 00:00:26.375000,0 days 00:00:22.632000,0 days 00:33:39.565000,0 days 00:34:05.940000,0 days 00:34:28.572000,288.0,284.0,311.0,309.0,True,MEDIUM,8.0,True,Ferrari,0 days 00:33:13.830000,2026-08-21 10:49:47.727,1,,,,False,True,FP1,28.8,18.9,61.9
0 days 00:36:28.417000,HAM,44,0 days 00:01:59.845000,12.0,2.0,,,0 days 00:00:50.704000,0 days 00:00:42.623000,0 days 00:00:26.518000,0 days 00:35:19.276000,0 days 00:36:01.899000,0 days 00:36:28.417000,95.0,245.0,301.0,228.0,False,MEDIUM,9.0,True,Ferrari,0 days 00:34:28.572000,2026-08-21 10:51:02.469,1,,,,False,True,FP1,28.8,18.9,61.9
0 days 00:37:42.676000,HAM,44,0 days 00:01:14.259000,13.0,2.0,,,0 days 00:00:25.734000,0 days 00:00:26.154000,0 days 00:00:22.371000,0 days 00:36:54.151000,0 days 00:37:20.305000,0 days 00:37:42.676000,291.0,285.0,310.0,306.0,True,MEDIUM,10.0,True,Ferrari,0 days 00:36:28.417000,2026-08-21 10:53:02.314,1,,,,False,True,FP1,28.8,18.9,61.9
0 days 00:39:23.577000,HAM,44,0 days 00:01:40.901000,14.0,2.0,,0 days 00:39:22.378000,0 days 00:00:41.206000,0 days 00:00:29.817000,0 days 00:00:29.878000,0 days 00:38:23.882000,0 days 00:38:53.699000,0 days 00:39:23.577000,241.0,162.0,,257.0,False,MEDIUM,11.0,True,Ferrari,0 days 00:37:42.676000,2026-08-21 10:54:16.573,1,,,,False,False,FP1,28.8,18.9,61.9
0 days 00:45:36.773000,HAM,44,,15.0,3.0,0 days 00:43:57.598000,,,0 days 00:00:29.352000,0 days 00:00:24.009000,,0 days 00:45:13.015000,0 days 00:45:36.870000,214.0,246.0,307.0,257.0,False,MEDIUM,12.0,False,Ferrari,0 days 00:39:23.577000,2026-08-21 10:55:57.474,12,,,,False,False,FP1,28.8,18.9,61.9
0 days 00:46:53.263000,HAM,44,0 days 00:01:16.490000,16.0,3.0,,,0 days 00:00:26.438000,0 days 00:00:27.148000,0 days 00:00:22.904000,0 days 00:46:03.211000,0 days 00:46:30.359000,0 days 00:46:53.263000,271.0,269.0,308.0,292.0,False,MEDIUM,13.0,False,Ferrari,0 days 00:45:36.773000,2026-08-21 11:02:10.670,1,,,,False,True,FP1,28.8,18.9,61.9
0 days 00:48:09.100000,HAM,44,0 days 00:01:15.837000,17.0,3.0,,,0 days 00:00:26.082000,0 days 00:00:26.907000,0 days 00:00:22.848000,0 days 00:47:19.345000,0 days 00:47:46.252000,0 days 00:48:09.100000,277.0,275.0,313.0,296.0,False,MEDIUM,14.0,False,Ferrari,0 days 00:46:53.263000,2026-08-21 11:03:27.160,1,,,,False,True,FP1,28.8,18.9,61.9
0 days 00:49:24.647000,HAM,44,0 days 00:01:15.547000,18.0,3.0,,,0 days 00:00:25.988000,0 days 00:00:26.796000,0 days 00:00:22.763000,0 days 00:48:35.088000,0 days 00:49:01.884000,0 days 00:49:24.647000,280.0,270.0,313.0,301.0,False,MEDIUM,15.0,False,Ferrari,0 days 00:48:09.100000,2026-08-21 11:04:42.997,1,,,,False,True,FP1,28.6,18.9,61.2
0 days 00:50:40.181000,HAM,44,0 days 00:01:15.534000,19.0,3.0,,,0 days 00:00:25.903000,0 days 00:00:26.899000,0 days 00:00:22.732000,0 days 00:49:50.550000,0 days 00:50:17.449000,0 days 00:50:40.181000,278.0,273.0,317.0,293.0,False,MEDIUM,16.0,False,Ferrari,0 days 00:49:24.647000,2026-08-21 11:05:58.544,1,,,,False,True,FP1,28.6,18.9,61.2
0 days 00:51:55.785000,HAM,44,0 days 00:01:15.604000,20.0,3.0,,,0 days 00:00:25.939000,0 days 00:00:26.872000,0 days 00:00:22.793000,0 days 00:51:06.120000,0 days 00:51:32.992000,0 days 00:51:55.785000,278.0,270.0,316.0,298.0,False,MEDIUM,17.0,False,Ferrari,0 days 00:50:40.181000,2026-08-21 11:07:14.078,1,,,,False,True,FP1,28.6,18.9,61.2
0 days 00:53:12.970000,HAM,44,0 days 00:01:17.185000,21.0,3.0,,,0 days 00:00:25.865000,0 days 00:00:26.914000,0 days 00:00:24.406000,0 days 00:52:21.650000,0 days 00:52:48.564000,0 days 00:53:12.970000,281.0,279.0,320.0,299.0,False,MEDIUM,18.0,False,Ferrari,0 days 00:51:55.785000,2026-08-21 11:08:29.682,1,,,,False,True,FP1,28.6,18.9,61.2
0 days 00:54:34.697000,HAM,44,0 days 00:01:21.727000,22.0,3.0,,,0 days 00:00:26.295000,0 days 00:00:28.189000,0 days 00:00:27.243000,0 days 00:53:39.265000,0 days 00:54:07.454000,0 days 00:54:34.697000,281.0,190.0,316.0,301.0,False,MEDIUM,19.0,False,Ferrari,0 days 00:53:12.970000,2026-08-21 11:09:46.867,1,,,,False,True,FP1,28.6,18.9,61.2
0 days 00:55:50.438000,HAM,44,0 days 00:01:15.741000,23.0,3.0,,,0 days 00:00:25.856000,0 days 00:00:26.954000,0 days 00:00:22.931000,0 days 00:55:00.553000,0 days 00:55:27.507000,0 days 00:55:50.438000,286.0,281.0,319.0,302.0,False,MEDIUM,20.0,False,Ferrari,0 days 00:54:34.697000,2026-08-21 11:11:08.594,1,,,,False,True,FP1,28.6,18.9,61.2
0 days 00:57:06.575000,HAM,44,0 days 00:01:16.137000,24.0,3.0,,,0 days 00:00:25.869000,0 days 00:00:27.140000,0 days 00:00:23.128000,0 days 00:56:16.307000,0 days 00:56:43.447000,0 days 00:57:06.575000,281.0,274.0,314.0,305.0,False,MEDIUM,21.0,False,Ferrari,0 days 00:55:50.438000,2026-08-21 11:12:24.335,1,,,,False,True,FP1,28.6,18.9,61.2
0 days 00:58:25.938000,HAM,44,0 days 00:01:19.363000,25.0,3.0,,0 days 00:58:24.682000,0 days 00:00:26.053000,0 days 00:00:27.068000,0 days 00:00:26.242000,0 days 00:57:32.628000,0 days 00:57:59.696000,0 days 00:58:25.938000,269.0,281.0,,299.0,False,MEDIUM,22.0,False,Ferrari,0 days 00:57:06.575000,2026-08-21 11:13:40.472,12,,,,False,False,FP1,28.6,18.9,61.2
0 days 01:05:10.457000,HAM,44,,26.0,4.0,0 days 01:03:34.781000,,,0 days 00:00:33.922000,0 days 00:00:25.701000,,0 days 01:04:44.962000,0 days 01:05:10.521000,238.0,247.0,302.0,299.0,False,SOFT,1.0,True,Ferrari,0 days 00:58:25.938000,2026-08-21 11:14:59.835,1,,,,False,False,FP1,28.6,18.9,61.2
0 days 01:06:23.596000,HAM,44,0 days 00:01:13.139000,27.0,4.0,,,0 days 00:00:25.090000,0 days 00:00:25.915000,0 days 00:00:22.134000,0 days 01:05:35.547000,0 days 01:06:01.462000,0 days 01:06:23.596000,292.0,286.0,320.0,306.0,True,SOFT,2.0,True,Ferrari,0 days 01:05:10.457000,2026-08-21 11:21:44.354,1,,,,False,True,FP1,28.6,18.9,61.2
0 days 01:08:37.377000,HAM,44,0 days 00:02:13.781000,28.0,4.0,,0 days 01:08:35.979000,0 days 00:00:50.052000,0 days 00:00:46.092000,0 days 00:00:37.637000,0 days 01:07:13.648000,0 days 01:07:59.740000,0 days 01:08:37.377000,123.0,169.0,,226.0,False,SOFT,3.0,True,Ferrari,0 days 01:06:23.596000,2026-08-21 11:22:57.493,1,,,,False,False,FP1,28.6,18.9,61.2
0 days 01:11:00.399000,HAM,44,0 days 00:02:23.022000,29.0,5.0,0 days 01:09:01.228000,,0 days 00:01:18.207000,0 days 00:00:36.499000,0 days 00:00:28.316000,0 days 01:09:55.584000,0 days 01:10:32.083000,0 days 01:11:00.399000,245.0,110.0,304.0,226.0,False,SOFT,4.0,False,Ferrari,0 days 01:08:37.377000,2026-08-21 11:25:11.274,1,,,,False,False,FP1,29.9,18.9,62.1
0 days 01:12:26.295000,HAM,44,0 days 00:01:25.896000,30.0,5.0,,,0 days 00:00:29.142000,0 days 00:00:29.945000,0 days 00:00:26.809000,0 days 01:11:29.541000,0 days 01:11:59.486000,0 days 01:12:26.295000,255.0,242.0,304.0,265.0,False,SOFT,5.0,False,Ferrari,0 days 01:11:00.399000,2026-08-21 11:27:34.296,1,,,,False,True,FP1,29.9,18.9,62.1
0 days 01:13:57.309000,HAM,44,0 days 00:01:31.014000,31.0,5.0,,,0 days 00:00:29.779000,0 days 00:00:34.083000,0 days 00:00:27.152000,0 days 01:12:56.074000,0 days 01:13:30.157000,0 days 01:13:57.309000,170.0,244.0,301.0,310.0,False,SOFT,6.0,False,Ferrari,0 days 01:12:26.295000,2026-08-21 11:29:00.192,1,,,,False,True,FP1,29.9,18.9,62.1
0 days 01:16:15.613000,HAM,44,0 days 00:02:18.304000,32.0,5.0,,,0 days 00:00:25.505000,0 days 00:00:38.481000,0 days 00:01:14.318000,0 days 01:14:22.814000,0 days 01:15:01.295000,0 days 01:16:15.613000,230.0,166.0,4.0,307.0,False,SOFT,7.0,False,Ferrari,0 days 01:13:57.309000,2026-08-21 11:30:31.206,12,,,,False,True,FP1,29.9,18.9,62.1
0 days 01:18:14.476000,HAM,44,0 days 00:01:58.863000,33.0,5.0,,,0 days 00:00:30.762000,0 days 00:00:30.811000,0 days 00:00:57.290000,0 days 01:16:46.375000,0 days 01:17:17.186000,0 days 01:18:14.476000,234.0,179.0,30.0,241.0,False,SOFT,8.0,False,Ferrari,0 days 01:16:15.613000,2026-08-21 11:32:49.510,2,,,,False,True,FP1,29.9,18.9,62.1
0 days 01:20:22.416000,HAM,44,0 days 00:02:07.940000,34.0,5.0,,0 days 01:20:21.126000,0 days 00:00:55.327000,0 days 00:00:33.594000,0 days 00:00:39.019000,0 days 01:19:09.803000,0 days 01:19:43.397000,0 days 01:20:22.416000,209.0,177.0,,221.0,False,SOFT,9.0,False,Ferrari,0 days 01:18:14.476000,2026-08-21 11:34:48.373,2,,,,False,False,FP1,29.9,18.9,62.1
0 days 00:18:14.152000,SAI,55,,1.0,1.0,0 days 00:16:24.867000,0 days 00:18:12.695000,,0 days 00:00:35.241000,0 days 00:00:39.708000,,0 days 00:17:34.532000,0 days 00:18:14.152000,233.0,213.0,,,False,INTERMEDIATE,1.0,True,Williams,0 days 00:16:24.867000,2026-08-21 10:32:58.764,1,,,,False,False,FP1,29.9,18.9,62.1
0 days 00:23:49.990000,SAI,55,,2.0,2.0,0 days 00:22:11.242000,,,0 days 00:00:32.334000,0 days 00:00:32.579000,,0 days 00:23:17.551000,0 days 00:23:50.054000,252.0,210.0,295.0,,False,SOFT,1.0,True,Williams,0 days 00:18:14.152000,2026-08-21 10:34:48.049,1,,,,False,False,FP1,29.9,18.9,62.1
0 days 00:25:13.682000,SAI,55,0 days 00:01:23.692000,3.0,2.0,,,0 days 00:00:27.632000,0 days 00:00:28.397000,0 days 00:00:27.663000,0 days 00:24:17.622000,0 days 00:24:46.019000,0 days 00:25:13.682000,290.0,243.0,296.0,254.0,True,SOFT,2.0,True,Williams,0 days 00:23:49.990000,2026-08-21 10:40:23.887,1,,,,False,True,FP1,29.9,18.9,62.1
0 days 00:26:31.738000,SAI,55,0 days 00:01:18.056000,4.0,2.0,,,0 days 00:00:26.715000,0 days 00:00:27.624000,0 days 00:00:23.717000,0 days 00:25:40.397000,0 days 00:26:08.021000,0 days 00:26:31.738000,282.0,260.0,283.0,284.0,True,SOFT,3.0,True,Williams,0 days 00:25:13.682000,2026-08-21 10:41:47.579,1,,,,False,True,FP1,29.9,18.9,62.1
0 days 00:28:30.936000,SAI,55,0 days 00:01:59.198000,5.0,2.0,,,0 days 00:00:44.011000,0 days 00:00:44.837000,0 days 00:00:30.350000,0 days 00:27:15.749000,0 days 00:28:00.586000,0 days 00:28:30.936000,188.0,180.0,285.0,169.0,False,SOFT,4.0,True,Williams,0 days 00:26:31.738000,2026-08-21 10:43:05.635,1,,,,False,True,FP1,29.5,18.9,61.0
0 days 00:29:58.814000,SAI,55,0 days 00:01:27.878000,6.0,2.0,,,0 days 00:00:26.723000,0 days 00:00:31.912000,0 days 00:00:29.243000,0 days 00:28:57.659000,0 days 00:29:29.571000,0 days 00:29:58.814000,282.0,237.0,293.0,298.0,False,SOFT,5.0,True,Williams,0 days 00:28:30.936000,2026-08-21 10:45:04.833,1,,,,False,True,FP1,29.5,18.9,61.0
0 days 00:31:38.345000,SAI,55,0 days 00:01:39.531000,7.0,2.0,,0 days 00:31:36.997000,0 days 00:00:26.181000,0 days 00:00:27.409000,0 days 00:00:45.941000,0 days 00:30:24.995000,0 days 00:30:52.404000,0 days 00:31:38.345000,293.0,273.0,,305.0,False,SOFT,6.0,True,Williams,0 days 00:29:58.814000,2026-08-21 10:46:32.711,12,,,,False,False,FP1,29.5,18.9,61.0
0 days 00:34:10.493000,SAI,55,,8.0,3.0,0 days 00:32:37.843000,,0 days 00:01:35.159000,0 days 00:00:31.131000,0 days 00:00:25.839000,0 days 00:33:13.667000,0 days 00:33:44.889000,0 days 00:34:10.517000,233.0,240.0,290.0,305.0,False,SOFT,1.0,False,Williams,0 days 00:31:38.345000,2026-08-21 10:48:12.242,1,,,,False,False,FP1,29.5,18.9,61.0
0 days 00:35:37.984000,SAI,55,0 days 00:01:27.491000,9.0,3.0,,,0 days 00:00:26.382000,0 days 00:00:27.665000,0 days 00:00:33.444000,0 days 00:34:36.875000,0 days 00:35:04.540000,0 days 00:35:37.984000,296.0,287.0,183.0,305.0,False,SOFT,2.0,False,Williams,0 days 00:34:10.493000,2026-08-21 10:50:44.390,1,,,,False,True,FP1,29.5,18.9,61.0
0 days 00:37:26.660000,SAI,55,0 days 00:01:48.676000,10.0,3.0,,,0 days 00:00:40.005000,0 days 00:00:36.654000,0 days 00:00:32.017000,0 days 00:36:17.989000,0 days 00:36:54.643000,0 days 00:37:26.660000,197.0,163.0,291.0,97.0,False,SOFT,3.0,False,Williams,0 days 00:35:37.984000,2026-08-21 10:52:11.881,1,,,,False,True,FP1,29.5,18.9,61.0
0 days 00:38:44.150000,SAI,55,0 days 00:01:17.490000,11.0,3.0,,,0 days 00:00:26.431000,0 days 00:00:27.651000,0 days 00:00:23.408000,0 days 00:37:53.091000,0 days 00:38:20.742000,0 days 00:38:44.150000,297.0,286.0,305.0,304.0,True,SOFT,4.0,False,Williams,0 days 00:37:26.660000,2026-08-21 10:54:00.557,1,,,,False,True,FP1,29.5,18.9,61.0
0 days 00:40:39.309000,SAI,55,0 days 00:01:55.159000,12.0,3.0,,,0 days 00:00:43.241000,0 days 00:00:45.413000,0 days 00:00:26.505000,0 days 00:39:27.391000,0 days 00:40:12.804000,0 days 00:40:39.309000,124.0,229.0,291.0,129.0,False,SOFT,5.0,False,Williams,0 days 00:38:44.150000,2026-08-21 10:55:18.047,12,,,,False,True,FP1,29.5,18.9,61.0
0 days 00:41:56.450000,SAI,55,0 days 00:01:17.141000,13.0,3.0,,,0 days 00:00:26.354000,0 days 00:00:27.532000,0 days 00:00:23.255000,0 days 00:41:05.663000,0 days 00:41:33.195000,0 days 00:41:56.450000,296.0,288.0,307.0,307.0,True,SOFT,6.0,False,Williams,0 days 00:40:39.309000,2026-08-21 10:57:13.206,1,,,,False,True,FP1,29.5,18.9,61.0
0 days 00:43:33.096000,SAI,55,0 days 00:01:36.646000,14.0,3.0,,,0 days 00:00:33.658000,0 days 00:00:37.201000,0 days 00:00:25.787000,0 days 00:42:30.108000,0 days 00:43:07.309000,0 days 00:43:33.096000,197.0,224.0,308.0,231.0,False,SOFT,7.0,False,Williams,0 days 00:41:56.450000,2026-08-21 10:58:30.347,1,,,,False,True,FP1,29.5,18.9,61.0
0 days 00:44:57.772000,SAI,55,0 days 00:01:24.676000,15.0,3.0,,,0 days 00:00:27.045000,0 days 00:00:28.210000,0 days 00:00:29.421000,0 days 00:44:00.141000,0 days 00:44:28.351000,0 days 00:44:57.772000,288.0,282.0,306.0,289.0,False,SOFT,8.0,False,Williams,0 days 00:43:33.096000,2026-08-21 11:00:06.993,1,,,,False,True,FP1,29.5,18.9,61.0
0 days 00:46:18.506000,SAI,55,0 days 00:01:20.734000,16.0,3.0,,,0 days 00:00:27.928000,0 days 00:00:28.613000,0 days 00:00:24.193000,0 days 00:45:25.700000,0 days 00:45:54.313000,0 days 00:46:18.506000,278.0,273.0,314.0,257.0,False,SOFT,9.0,False,Williams,0 days 00:44:57.772000,2026-08-21 11:01:31.669,1,,,,False,True,FP1,29.5,18.9,61.0
0 days 00:47:38.178000,SAI,55,0 days 00:01:19.672000,17.0,3.0,,,0 days 00:00:27.485000,0 days 00:00:28.636000,0 days 00:00:23.551000,0 days 00:46:45.991000,0 days 00:47:14.627000,0 days 00:47:38.178000,270.0,278.0,323.0,269.0,False,SOFT,10.0,False,Williams,0 days 00:46:18.506000,2026-08-21 11:02:52.403,1,,,,False,True,FP1,29.5,18.9,61.0
0 days 00:48:56.964000,SAI,55,0 days 00:01:18.786000,18.0,3.0,,,0 days 00:00:26.854000,0 days 00:00:28.358000,0 days 00:00:23.574000,0 days 00:48:05.032000,0 days 00:48:33.390000,0 days 00:48:56.964000,278.0,278.0,319.0,294.0,False,SOFT,11.0,False,Williams,0 days 00:47:38.178000,2026-08-21 11:04:12.075,1,,,,False,True,FP1,29.5,19.0,61.0
0 days 00:50:15.997000,SAI,55,0 days 00:01:19.033000,19.0,3.0,,,0 days 00:00:26.999000,0 days 00:00:28.419000,0 days 00:00:23.615000,0 days 00:49:23.963000,0 days 00:49:52.382000,0 days 00:50:15.997000,286.0,279.0,322.0,289.0,False,SOFT,12.0,False,Williams,0 days 00:48:56.964000,2026-08-21 11:05:30.861,1,,,,False,True,FP1,29.5,19.0,61.0
0 days 00:51:44.242000,SAI,55,0 days 00:01:28.245000,20.0,3.0,,0 days 00:51:43.033000,0 days 00:00:27.864000,0 days 00:00:29.391000,0 days 00:00:30.990000,0 days 00:50:43.861000,0 days 00:51:13.252000,0 days 00:51:44.242000,284.0,286.0,,242.0,False,SOFT,13.0,False,Williams,0 days 00:50:15.997000,2026-08-21 11:06:49.894,1,,,,False,False,FP1,29.5,19.0,61.0
0 days 01:01:16.696000,SAI,55,,21.0,4.0,0 days 00:59:48.851000,,,0 days 00:00:30.210000,0 days 00:00:25.769000,,0 days 01:00:51.075000,0 days 01:01:16.850000,229.0,262.0,301.0,242.0,False,MEDIUM,1.0,True,Williams,0 days 00:51:44.242000,2026-08-21 11:08:18.139,12,,,,False,False,FP1,29.5,19.0,61.0
0 days 01:02:51.025000,SAI,55,0 days 00:01:34.329000,22.0,4.0,,,0 days 00:00:30.047000,0 days 00:00:35.991000,0 days 00:00:28.291000,0 days 01:01:46.743000,0 days 01:02:22.734000,0 days 01:02:51.025000,214.0,225.0,302.0,295.0,False,MEDIUM,2.0,True,Williams,0 days 01:01:16.696000,2026-08-21 11:17:50.593,1,,,,False,True,FP1,29.5,19.0,61.0
0 days 01:04:07.908000,SAI,55,0 days 00:01:16.883000,23.0,4.0,,,0 days 00:00:26.219000,0 days 00:00:27.333000,0 days 00:00:23.331000,0 days 01:03:17.244000,0 days 01:03:44.577000,0 days 01:04:07.908000,292.0,291.0,311.0,304.0,True,MEDIUM,3.0,True,Williams,0 days 01:02:51.025000,2026-08-21 11:19:24.922,1,,,,False,True,FP1,29.5,19.0,61.0
0 days 01:05:54.090000,SAI,55,0 days 00:01:46.182000,24.0,4.0,,,0 days 00:00:45.587000,0 days 00:00:34.373000,0 days 00:00:26.222000,0 days 01:04:53.495000,0 days 01:05:27.868000,0 days 01:05:54.090000,203.0,242.0,300.0,165.0,False,MEDIUM,4.0,True,Williams,0 days 01:04:07.908000,2026-08-21 11:20:41.805,1,,,,False,True,FP1,29.5,19.0,61.0
0 days 01:07:10.897000,SAI,55,0 days 00:01:16.807000,25.0,4.0,,,0 days 00:00:26.290000,0 days 00:00:27.583000,0 days 00:00:22.934000,0 days 01:06:20.380000,0 days 01:06:47.963000,0 days 01:07:10.897000,291.0,289.0,321.0,310.0,True,MEDIUM,5.0,True,Williams,0 days 01:05:54.090000,2026-08-21 11:22:27.987,1,,,,False,True,FP1,29.5,19.0,61.0
0 days 01:09:03.896000,SAI,55,0 days 00:01:52.999000,26.0,4.0,,,0 days 00:00:42.682000,0 days 00:00:41.807000,0 days 00:00:28.510000,0 days 01:07:53.579000,0 days 01:08:35.386000,0 days 01:09:03.896000,175.0,212.0,265.0,236.0,False,MEDIUM,6.0,True,Williams,0 days 01:07:10.897000,2026-08-21 11:23:44.794,1,,,,False,True,FP1,29.5,19.0,61.0
0 days 01:10:41.112000,SAI,55,0 days 00:01:37.216000,27.0,4.0,,,0 days 00:00:33.064000,0 days 00:00:34.680000,0 days 00:00:29.472000,0 days 01:09:36.960000,0 days 01:10:11.640000,0 days 01:10:41.112000,243.0,226.0,301.0,221.0,False,MEDIUM,7.0,True,Williams,0 days 01:09:03.896000,2026-08-21 11:25:37.793,1,,,,False,True,FP1,29.5,19.0,61.0
0 days 01:11:57.457000,SAI,55,0 days 00:01:16.345000,28.0,4.0,,,0 days 00:00:26.092000,0 days 00:00:27.361000,0 days 00:00:22.892000,0 days 01:11:07.204000,0 days 01:11:34.565000,0 days 01:11:57.457000,291.0,290.0,321.0,308.0,True,MEDIUM,8.0,True,Williams,0 days 01:10:41.112000,2026-08-21 11:27:15.009,1,,,,False,True,FP1,29.5,19.0,61.0
0 days 01:13:46.475000,SAI,55,0 days 00:01:49.018000,29.0,4.0,,,0 days 00:00:39.402000,0 days 00:00:38.828000,0 days 00:00:30.788000,0 days 01:12:36.859000,0 days 01:13:15.687000,0 days 01:13:46.475000,177.0,179.0,301.0,200.0,False,MEDIUM,9.0,True,Williams,0 days 01:11:57.457000,2026-08-21 11:28:31.354,1,,,,False,True,FP1,29.5,19.0,61.0
0 days 01:15:37.850000,SAI,55,0 days 00:01:51.375000,30.0,4.0,,,0 days 00:00:31.289000,0 days 00:00:36.467000,0 days 00:00:43.619000,0 days 01:14:17.764000,0 days 01:14:54.231000,0 days 01:15:37.850000,192.0,194.0,49.0,302.0,False,MEDIUM,10.0,True,Williams,0 days 01:13:46.475000,2026-08-21 11:30:20.372,12,,,,False,True,FP1,29.5,19.0,61.0
0 days 01:17:46.912000,SAI,55,0 days 00:02:09.062000,31.0,4.0,,,0 days 00:00:56.976000,0 days 00:00:29.506000,0 days 00:00:42.580000,0 days 01:16:34.826000,0 days 01:17:04.332000,0 days 01:17:46.912000,273.0,267.0,81.0,209.0,False,MEDIUM,11.0,True,Williams,0 days 01:15:37.850000,2026-08-21 11:32:11.747,2,,,,False,True,FP1,29.5,19.0,61.0
0 days 01:19:46.458000,SAI,55,0 days 00:01:59.546000,32.0,4.0,,0 days 01:19:45.198000,0 days 00:00:55.512000,0 days 00:00:28.970000,0 days 00:00:35.064000,0 days 01:18:42.424000,0 days 01:19:11.394000,0 days 01:19:46.458000,284.0,275.0,,215.0,False,MEDIUM,12.0,True,Williams,0 days 01:17:46.912000,2026-08-21 11:34:20.809,2,,,,False,False,FP1,29.5,19.0,61.0
0 days 00:16:44.709000,RUS,63,,1.0,1.0,0 days 00:14:31.815000,0 days 00:16:43.336000,,0 days 00:00:38.928000,0 days 00:00:38.364000,,0 days 00:16:06.545000,0 days 00:16:44.709000,222.0,207.0,,,False,INTERMEDIATE,1.0,True,Mercedes,0 days 00:14:31.815000,2026-08-21 10:31:05.712,1,,,,False,False,FP1,29.5,19.1,61.9
0 days 00:20:45.292000,RUS,63,,2.0,2.0,0 days 00:19:13.585000,,,0 days 00:00:32.088000,0 days 00:00:26.544000,,0 days 00:20:18.956000,0 days 00:20:45.519000,245.0,230.0,286.0,,False,MEDIUM,1.0,True,Mercedes,0 days 00:16:44.709000,2026-08-21 10:33:18.606,1,,,,False,False,FP1,29.5,19.1,61.9
0 days 00:22:06.222000,RUS,63,0 days 00:01:20.930000,3.0,2.0,,,0 days 00:00:28.856000,0 days 00:00:28.256000,0 days 00:00:23.818000,0 days 00:21:14.148000,0 days 00:21:42.404000,0 days 00:22:06.222000,278.0,270.0,314.0,206.0,True,MEDIUM,2.0,True,Mercedes,0 days 00:20:45.292000,2026-08-21 10:37:19.189,1,,,,False,True,FP1,29.5,19.1,61.9
0 days 00:23:23.666000,RUS,63,0 days 00:01:17.444000,4.0,2.0,,,0 days 00:00:27.097000,0 days 00:00:27.291000,0 days 00:00:23.056000,0 days 00:22:33.319000,0 days 00:23:00.610000,0 days 00:23:23.666000,286.0,280.0,317.0,238.0,True,MEDIUM,3.0,True,Mercedes,0 days 00:22:06.222000,2026-08-21 10:38:40.119,1,,,,False,True,FP1,29.5,19.1,61.9
0 days 00:24:40.335000,RUS,63,0 days 00:01:16.669000,5.0,2.0,,,0 days 00:00:26.509000,0 days 00:00:27.024000,0 days 00:00:23.136000,0 days 00:23:50.175000,0 days 00:24:17.199000,0 days 00:24:40.335000,281.0,276.0,309.0,251.0,True,MEDIUM,4.0,True,Mercedes,0 days 00:23:23.666000,2026-08-21 10:39:57.563,1,,,,False,True,FP1,29.5,19.1,61.9
0 days 00:25:56.899000,RUS,63,0 days 00:01:16.564000,6.0,2.0,,,0 days 00:00:26.288000,0 days 00:00:27.144000,0 days 00:00:23.132000,0 days 00:25:06.623000,0 days 00:25:33.767000,0 days 00:25:56.899000,278.0,278.0,314.0,267.0,True,MEDIUM,5.0,True,Mercedes,0 days 00:24:40.335000,2026-08-21 10:41:14.232,1,,,,False,True,FP1,29.5,19.1,61.9
0 days 00:27:19.713000,RUS,63,0 days 00:01:22.814000,7.0,2.0,,,0 days 00:00:26.353000,0 days 00:00:28.561000,0 days 00:00:27.900000,0 days 00:26:23.252000,0 days 00:26:51.813000,0 days 00:27:19.713000,281.0,211.0,300.0,268.0,False,MEDIUM,6.0,True,Mercedes,0 days 00:25:56.899000,2026-08-21 10:42:30.796,1,,,,False,True,FP1,29.5,19.1,61.9
0 days 00:28:35.158000,RUS,63,0 days 00:01:15.445000,8.0,2.0,,,0 days 00:00:25.786000,0 days 00:00:26.892000,0 days 00:00:22.767000,0 days 00:27:45.499000,0 days 00:28:12.391000,0 days 00:28:35.158000,292.0,282.0,307.0,289.0,True,MEDIUM,7.0,True,Mercedes,0 days 00:27:19.713000,2026-08-21 10:43:53.610,1,,,,False,True,FP1,29.5,19.1,61.9
0 days 00:30:28.888000,RUS,63,0 days 00:01:53.730000,9.0,2.0,,,0 days 00:00:40.330000,0 days 00:00:46.021000,0 days 00:00:27.379000,0 days 00:29:15.488000,0 days 00:30:01.509000,0 days 00:30:28.888000,121.0,214.0,295.0,225.0,False,MEDIUM,8.0,True,Mercedes,0 days 00:28:35.158000,2026-08-21 10:45:09.055,1,,,,False,True,FP1,29.5,19.1,61.9
0 days 00:31:43.839000,RUS,63,0 days 00:01:14.951000,10.0,2.0,,,0 days 00:00:25.822000,0 days 00:00:26.533000,0 days 00:00:22.596000,0 days 00:30:54.710000,0 days 00:31:21.243000,0 days 00:31:43.839000,293.0,286.0,307.0,284.0,True,MEDIUM,9.0,True,Mercedes,0 days 00:30:28.888000,2026-08-21 10:47:02.785,12,,,,False,True,FP1,29.5,19.1,61.9
0 days 00:33:51.744000,RUS,63,0 days 00:02:07.905000,11.0,2.0,,,0 days 00:00:45.894000,0 days 00:00:54.274000,0 days 00:00:27.737000,0 days 00:32:29.733000,0 days 00:33:24.007000,0 days 00:33:51.744000,115.0,130.0,294.0,169.0,False,MEDIUM,10.0,True,Mercedes,0 days 00:31:43.839000,2026-08-21 10:48:17.736,1,,,,False,True,FP1,29.5,19.1,61.9
0 days 00:35:06.652000,RUS,63,0 days 00:01:14.908000,12.0,2.0,,,0 days 00:00:25.745000,0 days 00:00:26.522000,0 days 00:00:22.641000,0 days 00:34:17.489000,0 days 00:34:44.011000,0 days 00:35:06.652000,292.0,286.0,306.0,287.0,True,MEDIUM,11.0,True,Mercedes,0 days 00:33:51.744000,2026-08-21 10:50:25.641,1,,,,False,True,FP1,29.3,19.2,60.2
0 days 00:36:54.310000,RUS,63,0 days 00:01:47.658000,13.0,2.0,,,0 days 00:00:33.483000,0 days 00:00:44.954000,0 days 00:00:29.221000,0 days 00:35:40.135000,0 days 00:36:25.089000,0 days 00:36:54.310000,246.0,110.0,299.0,194.0,False,MEDIUM,12.0,True,Mercedes,0 days 00:35:06.652000,2026-08-21 10:51:40.549,1,,,,False,True,FP1,29.3,19.2,60.2
0 days 00:38:08.836000,RUS,63,0 days 00:01:14.526000,14.0,2.0,,,0 days 00:00:25.599000,0 days 00:00:26.386000,0 days 00:00:22.541000,0 days 00:37:19.909000,0 days 00:37:46.295000,0 days 00:38:08.836000,293.0,286.0,313.0,293.0,True,MEDIUM,13.0,True,Mercedes,0 days 00:36:54.310000,2026-08-21 10:53:28.207,1,,,,False,True,FP1,29.3,19.2,60.2
0 days 00:39:44.184000,RUS,63,0 days 00:01:35.348000,15.0,2.0,,0 days 00:39:43.051000,0 days 00:00:34.385000,0 days 00:00:30.702000,0 days 00:00:30.261000,0 days 00:38:43.221000,0 days 00:39:13.923000,0 days 00:39:44.184000,241.0,274.0,,250.0,False,MEDIUM,14.0,True,Mercedes,0 days 00:38:08.836000,2026-08-21 10:54:42.733,12,,,,False,False,FP1,29.3,19.2,60.2
0 days 00:45:53.711000,RUS,63,,16.0,3.0,0 days 00:44:16.614000,,,0 days 00:00:28.072000,0 days 00:00:23.215000,,0 days 00:45:30.726000,0 days 00:45:53.724000,291.0,290.0,317.0,250.0,False,MEDIUM,15.0,False,Mercedes,0 days 00:39:44.184000,2026-08-21 10:56:18.081,1,,,,False,False,FP1,29.3,19.2,60.2
0 days 00:47:10.221000,RUS,63,0 days 00:01:16.510000,17.0,3.0,,,0 days 00:00:26.347000,0 days 00:00:27.150000,0 days 00:00:23.013000,0 days 00:46:20.058000,0 days 00:46:47.208000,0 days 00:47:10.221000,276.0,276.0,311.0,292.0,False,MEDIUM,16.0,False,Mercedes,0 days 00:45:53.711000,2026-08-21 11:02:27.608,1,,,,False,True,FP1,29.3,19.2,60.2
0 days 00:48:26.433000,RUS,63,0 days 00:01:16.212000,18.0,3.0,,,0 days 00:00:26.210000,0 days 00:00:27.110000,0 days 00:00:22.892000,0 days 00:47:36.431000,0 days 00:48:03.541000,0 days 00:48:26.433000,280.0,281.0,317.0,285.0,False,MEDIUM,17.0,False,Mercedes,0 days 00:47:10.221000,2026-08-21 11:03:44.118,1,,,,False,True,FP1,29.3,19.2,60.2
0 days 00:49:49.275000,RUS,63,0 days 00:01:22.842000,19.0,3.0,,,0 days 00:00:26.501000,0 days 00:00:27.904000,0 days 00:00:28.437000,0 days 00:48:52.934000,0 days 00:49:20.838000,0 days 00:49:49.275000,285.0,208.0,297.0,282.0,False,MEDIUM,18.0,False,Mercedes,0 days 00:48:26.433000,2026-08-21 11:05:00.330,1,,,,False,True,FP1,29.3,19.2,60.2
0 days 00:51:05.461000,RUS,63,0 days 00:01:16.186000,20.0,3.0,,,0 days 00:00:26.162000,0 days 00:00:27.134000,0 days 00:00:22.890000,0 days 00:50:15.437000,0 days 00:50:42.571000,0 days 00:51:05.461000,279.0,278.0,317.0,291.0,False,MEDIUM,19.0,False,Mercedes,0 days 00:49:49.275000,2026-08-21 11:06:23.172,1,,,,False,True,FP1,29.3,19.2,60.2
0 days 00:52:21.553000,RUS,63,0 days 00:01:16.092000,21.0,3.0,,,0 days 00:00:25.960000,0 days 00:00:27.188000,0 days 00:00:22.944000,0 days 00:51:31.421000,0 days 00:51:58.609000,0 days 00:52:21.553000,284.0,277.0,321.0,305.0,False,MEDIUM,20.0,False,Mercedes,0 days 00:51:05.461000,2026-08-21 11:07:39.358,1,,,,False,True,FP1,29.3,19.2,60.2
0 days 00:53:37.766000,RUS,63,0 days 00:01:16.213000,22.0,3.0,,,0 days 00:00:25.923000,0 days 00:00:27.258000,0 days 00:00:23.032000,0 days 00:52:47.476000,0 days 00:53:14.734000,0 days 00:53:37.766000,283.0,278.0,317.0,308.0,False,MEDIUM,21.0,False,Mercedes,0 days 00:52:21.553000,2026-08-21 11:08:55.450,1,,,,False,True,FP1,29.3,19.2,60.2
0 days 00:54:53.845000,RUS,63,0 days 00:01:16.079000,23.0,3.0,,,0 days 00:00:25.938000,0 days 00:00:27.233000,0 days 00:00:22.908000,0 days 00:54:03.704000,0 days 00:54:30.937000,0 days 00:54:53.845000,284.0,278.0,316.0,303.0,False,MEDIUM,22.0,False,Mercedes,0 days 00:53:37.766000,2026-08-21 11:10:11.663,1,,,,False,True,FP1,29.3,19.2,60.2
0 days 00:56:10.510000,RUS,63,0 days 00:01:16.665000,24.0,3.0,,,0 days 00:00:25.856000,0 days 00:00:27.615000,0 days 00:00:23.194000,0 days 00:55:19.701000,0 days 00:55:47.316000,0 days 00:56:10.510000,285.0,275.0,322.0,305.0,False,MEDIUM,23.0,False,Mercedes,0 days 00:54:53.845000,2026-08-21 11:11:27.742,1,,,,False,True,FP1,29.3,19.2,60.2
0 days 00:57:27.233000,RUS,63,0 days 00:01:16.723000,25.0,3.0,,,0 days 00:00:26.060000,0 days 00:00:27.533000,0 days 00:00:23.130000,0 days 00:56:36.570000,0 days 00:57:04.103000,0 days 00:57:27.233000,283.0,277.0,319.0,304.0,False,MEDIUM,24.0,False,Mercedes,0 days 00:56:10.510000,2026-08-21 11:12:44.407,1,,,,False,True,FP1,29.0,19.2,60.7
0 days 00:58:45.696000,RUS,63,0 days 00:01:18.463000,26.0,3.0,,,0 days 00:00:26.200000,0 days 00:00:28.969000,0 days 00:00:23.294000,0 days 00:57:53.433000,0 days 00:58:22.402000,0 days 00:58:45.696000,283.0,275.0,318.0,300.0,False,MEDIUM,25.0,False,Mercedes,0 days 00:57:27.233000,2026-08-21 11:14:01.130,12,,,,False,True,FP1,29.0,19.2,60.7
0 days 01:00:02.777000,RUS,63,0 days 00:01:17.081000,27.0,3.0,,,0 days 00:00:26.169000,0 days 00:00:27.640000,0 days 00:00:23.272000,0 days 00:59:11.865000,0 days 00:59:39.505000,0 days 01:00:02.777000,288.0,280.0,301.0,301.0,False,MEDIUM,26.0,False,Mercedes,0 days 00:58:45.696000,2026-08-21 11:15:19.593,1,,,,False,True,FP1,29.0,19.2,60.7
0 days 01:01:31.525000,RUS,63,0 days 00:01:28.748000,28.0,3.0,,0 days 01:01:30.143000,0 days 00:00:26.457000,0 days 00:00:27.583000,0 days 00:00:34.708000,0 days 01:00:29.234000,0 days 01:00:56.817000,0 days 01:01:31.525000,269.0,279.0,,292.0,False,MEDIUM,27.0,False,Mercedes,0 days 01:00:02.777000,2026-08-21 11:16:36.674,1,,,,False,False,FP1,29.0,19.2,60.7
0 days 01:06:30.023000,RUS,63,,29.0,4.0,0 days 01:05:03.425000,,,0 days 00:00:31.190000,0 days 00:00:24.437000,,0 days 01:06:05.778000,0 days 01:06:30.177000,167.0,270.0,303.0,292.0,False,SOFT,1.0,True,Mercedes,0 days 01:01:31.525000,2026-08-21 11:18:05.422,1,,,,False,False,FP1,29.0,19.2,60.7
0 days 01:07:57.234000,RUS,63,0 days 00:01:27.211000,30.0,4.0,,,0 days 00:00:28.290000,0 days 00:00:30.392000,0 days 00:00:28.529000,0 days 01:06:58.313000,0 days 01:07:28.705000,0 days 01:07:57.234000,288.0,229.0,300.0,269.0,False,SOFT,2.0,True,Mercedes,0 days 01:06:30.023000,2026-08-21 11:23:03.920,1,,,,False,True,FP1,29.0,19.2,60.7
0 days 01:09:10.700000,RUS,63,0 days 00:01:13.466000,31.0,4.0,,,0 days 00:00:25.152000,0 days 00:00:26.076000,0 days 00:00:22.238000,0 days 01:08:22.386000,0 days 01:08:48.462000,0 days 01:09:10.700000,294.0,286.0,313.0,315.0,True,SOFT,3.0,True,Mercedes,0 days 01:07:57.234000,2026-08-21 11:24:31.131,1,,,,False,True,FP1,29.0,19.2,60.7
0 days 01:11:24.481000,RUS,63,0 days 00:02:13.781000,32.0,4.0,,,0 days 00:00:45.041000,0 days 00:00:53.481000,0 days 00:00:35.259000,0 days 01:09:55.741000,0 days 01:10:49.222000,0 days 01:11:24.481000,157.0,68.0,294.0,221.0,False,SOFT,4.0,True,Mercedes,0 days 01:09:10.700000,2026-08-21 11:25:44.597,1,,,,False,True,FP1,29.0,19.2,60.7
0 days 01:12:50.997000,RUS,63,0 days 00:01:26.516000,33.0,4.0,,,0 days 00:00:30.596000,0 days 00:00:30.103000,0 days 00:00:25.817000,0 days 01:11:55.077000,0 days 01:12:25.180000,0 days 01:12:50.997000,237.0,235.0,297.0,299.0,False,SOFT,5.0,True,Mercedes,0 days 01:11:24.481000,2026-08-21 11:27:58.378,1,,,,False,True,FP1,29.0,19.2,60.7
0 days 01:14:04.071000,RUS,63,0 days 00:01:13.074000,34.0,4.0,,,0 days 00:00:25.043000,0 days 00:00:25.794000,0 days 00:00:22.237000,0 days 01:13:16.040000,0 days 01:13:41.834000,0 days 01:14:04.071000,292.0,284.0,313.0,319.0,True,SOFT,6.0,True,Mercedes,0 days 01:12:50.997000,2026-08-21 11:29:24.894,1,,,,False,True,FP1,29.0,19.2,60.7
0 days 01:16:56.013000,RUS,63,,35.0,4.0,,,0 days 00:00:42.508000,0 days 00:00:48.167000,0 days 00:01:21.189000,0 days 01:14:46.830000,0 days 01:15:34.901000,0 days 01:16:56.028000,133.0,154.0,134.0,216.0,False,SOFT,7.0,True,Mercedes,0 days 01:14:04.071000,2026-08-21 11:30:37.968,12,,,,False,False,FP1,29.0,19.2,60.7
0 days 01:19:09.702000,RUS,63,0 days 00:02:13.689000,36.0,4.0,,,0 days 00:00:28.472000,0 days 00:00:29.730000,0 days 00:01:15.487000,0 days 01:17:24.485000,0 days 01:17:54.215000,0 days 01:19:09.702000,288.0,235.0,3.0,254.0,False,SOFT,8.0,True,Mercedes,0 days 01:16:56.013000,2026-08-21 11:33:29.910,2,,,,False,True,FP1,29.0,19.2,60.7
0 days 01:20:45.087000,RUS,63,0 days 00:01:35.385000,37.0,4.0,,0 days 01:20:43.700000,0 days 00:00:29.454000,0 days 00:00:27.916000,0 days 00:00:38.015000,0 days 01:19:39.156000,0 days 01:20:07.072000,0 days 01:20:45.087000,261.0,277.0,,236.0,False,SOFT,9.0,True,Mercedes,0 days 01:19:09.702000,2026-08-21 11:35:43.599,2,,,,False,False,FP1,29.1,19.2,59.9
0 days 00:21:20.074000,BOT,77,,1.0,1.0,0 days 00:19:40.332000,0 days 00:21:18.703000,,0 days 00:00:32.768000,0 days 00:00:35.713000,,0 days 00:20:44.425000,0 days 00:21:20.141000,232.0,220.0,,,False,INTERMEDIATE,1.0,True,Cadillac,0 days 00:19:40.332000,2026-08-21 10:36:14.229,1,,,,False,False,FP1,29.1,19.2,59.9
0 days 00:23:22.131000,BOT,77,0 days 00:02:02.057000,2.0,2.0,0 days 00:21:32.588000,0 days 00:23:20.787000,0 days 00:00:59.544000,0 days 00:00:30.596000,0 days 00:00:31.917000,0 days 00:22:19.618000,0 days 00:22:50.214000,0 days 00:23:22.131000,270.0,238.0,,,False,INTERMEDIATE,1.0,False,Cadillac,0 days 00:21:20.074000,2026-08-21 10:37:53.971,1,,,,False,False,FP1,29.1,19.2,59.9
0 days 00:28:41.800000,BOT,77,,3.0,3.0,0 days 00:27:10.477000,,,0 days 00:00:33.619000,0 days 00:00:27.011000,,0 days 00:28:14.960000,0 days 00:28:41.965000,255.0,216.0,316.0,,False,MEDIUM,1.0,True,Cadillac,0 days 00:23:22.131000,2026-08-21 10:39:56.028,1,,,,False,False,FP1,29.1,19.2,59.9
0 days 00:30:01.680000,BOT,77,0 days 00:01:19.880000,4.0,3.0,,,0 days 00:00:27.567000,0 days 00:00:28.635000,0 days 00:00:23.678000,0 days 00:29:09.367000,0 days 00:29:38.002000,0 days 00:30:01.680000,262.0,257.0,307.0,251.0,True,MEDIUM,2.0,True,Cadillac,0 days 00:28:41.800000,2026-08-21 10:45:15.697,1,,,,False,True,FP1,29.1,19.2,59.9
0 days 00:31:42.030000,BOT,77,0 days 00:01:40.350000,5.0,3.0,,,0 days 00:00:34.199000,0 days 00:00:36.918000,0 days 00:00:29.233000,0 days 00:30:35.879000,0 days 00:31:12.797000,0 days 00:31:42.030000,256.0,189.0,297.0,180.0,False,MEDIUM,3.0,True,Cadillac,0 days 00:30:01.680000,2026-08-21 10:46:35.577,12,,,,False,True,FP1,29.1,19.2,59.9
0 days 00:33:00.778000,BOT,77,0 days 00:01:18.748000,6.0,3.0,,,0 days 00:00:27.105000,0 days 00:00:28.168000,0 days 00:00:23.475000,0 days 00:32:09.135000,0 days 00:32:37.303000,0 days 00:33:00.778000,284.0,279.0,283.0,250.0,True,MEDIUM,4.0,True,Cadillac,0 days 00:31:42.030000,2026-08-21 10:48:15.927,1,,,,False,True,FP1,29.1,19.2,59.9
0 days 00:34:40.595000,BOT,77,0 days 00:01:39.817000,7.0,3.0,,,0 days 00:00:35.486000,0 days 00:00:35.780000,0 days 00:00:28.551000,0 days 00:33:36.264000,0 days 00:34:12.044000,0 days 00:34:40.595000,264.0,119.0,296.0,237.0,False,MEDIUM,5.0,True,Cadillac,0 days 00:33:00.778000,2026-08-21 10:49:34.675,1,,,,False,True,FP1,29.1,19.2,59.9
0 days 00:35:58.337000,BOT,77,0 days 00:01:17.742000,8.0,3.0,,,0 days 00:00:26.789000,0 days 00:00:27.878000,0 days 00:00:23.075000,0 days 00:35:07.384000,0 days 00:35:35.262000,0 days 00:35:58.337000,287.0,282.0,301.0,277.0,True,MEDIUM,6.0,True,Cadillac,0 days 00:34:40.595000,2026-08-21 10:51:14.492,1,,,,False,True,FP1,29.1,19.2,59.9
0 days 00:37:35.731000,BOT,77,0 days 00:01:37.394000,9.0,3.0,,,0 days 00:00:34.516000,0 days 00:00:35.484000,0 days 00:00:27.394000,0 days 00:36:32.853000,0 days 00:37:08.337000,0 days 00:37:35.731000,159.0,244.0,296.0,228.0,False,MEDIUM,7.0,True,Cadillac,0 days 00:35:58.337000,2026-08-21 10:52:32.234,1,,,,False,True,FP1,29.1,19.2,59.9
0 days 00:38:52.879000,BOT,77,0 days 00:01:17.148000,10.0,3.0,,,0 days 00:00:26.639000,0 days 00:00:27.412000,0 days 00:00:23.097000,0 days 00:38:02.370000,0 days 00:38:29.782000,0 days 00:38:52.879000,287.0,281.0,303.0,281.0,True,MEDIUM,8.0,True,Cadillac,0 days 00:37:35.731000,2026-08-21 10:54:09.628,1,,,,False,True,FP1,29.1,19.2,59.9
0 days 00:40:34.063000,BOT,77,0 days 00:01:41.184000,11.0,3.0,,0 days 00:40:32.829000,0 days 00:00:35.049000,0 days 00:00:31.989000,0 days 00:00:34.146000,0 days 00:39:27.928000,0 days 00:39:59.917000,0 days 00:40:34.063000,131.0,229.0,,236.0,False,MEDIUM,9.0,True,Cadillac,0 days 00:38:52.879000,2026-08-21 10:55:26.776,12,,,,False,False,FP1,29.1,19.2,59.9
0 days 00:53:05.879000,BOT,77,,12.0,4.0,0 days 00:51:27.819000,,,0 days 00:00:35.410000,0 days 00:00:26.827000,,0 days 00:52:39.273000,0 days 00:53:05.965000,266.0,128.0,300.0,236.0,False,MEDIUM,10.0,False,Cadillac,0 days 00:40:34.063000,2026-08-21 10:57:07.960,1,,,,False,False,FP1,29.1,19.2,59.9
0 days 00:54:22.779000,BOT,77,0 days 00:01:16.900000,13.0,4.0,,,0 days 00:00:26.419000,0 days 00:00:27.175000,0 days 00:00:23.306000,0 days 00:53:32.298000,0 days 00:53:59.473000,0 days 00:54:22.779000,288.0,283.0,307.0,297.0,True,MEDIUM,11.0,False,Cadillac,0 days 00:53:05.879000,2026-08-21 11:09:39.776,1,,,,False,True,FP1,29.1,19.2,59.9
0 days 00:55:59.797000,BOT,77,0 days 00:01:37.018000,14.0,4.0,,,0 days 00:00:36.020000,0 days 00:00:35.062000,0 days 00:00:25.936000,0 days 00:54:58.799000,0 days 00:55:33.861000,0 days 00:55:59.797000,248.0,200.0,305.0,238.0,False,MEDIUM,12.0,False,Cadillac,0 days 00:54:22.779000,2026-08-21 11:10:56.676,1,,,,False,True,FP1,29.1,19.2,59.9
0 days 00:57:36.160000,BOT,77,0 days 00:01:36.363000,15.0,4.0,,,0 days 00:00:30.268000,0 days 00:00:39.497000,0 days 00:00:26.598000,0 days 00:56:30.065000,0 days 00:57:09.562000,0 days 00:57:36.160000,277.0,163.0,300.0,253.0,False,MEDIUM,13.0,False,Cadillac,0 days 00:55:59.797000,2026-08-21 11:12:33.694,1,,,,False,True,FP1,29.1,19.2,59.9
0 days 00:58:53.489000,BOT,77,0 days 00:01:17.329000,16.0,4.0,,,0 days 00:00:26.429000,0 days 00:00:27.714000,0 days 00:00:23.186000,0 days 00:58:02.589000,0 days 00:58:30.303000,0 days 00:58:53.489000,289.0,284.0,316.0,296.0,False,MEDIUM,14.0,False,Cadillac,0 days 00:57:36.160000,2026-08-21 11:14:10.057,12,,,,False,True,FP1,28.6,19.1,59.8
0 days 01:00:19.385000,BOT,77,0 days 00:01:25.896000,17.0,4.0,,,0 days 00:00:28.966000,0 days 00:00:32.881000,0 days 00:00:24.049000,0 days 00:59:22.455000,0 days 00:59:55.336000,0 days 01:00:19.385000,230.0,242.0,316.0,253.0,False,MEDIUM,15.0,False,Cadillac,0 days 00:58:53.489000,2026-08-21 11:15:27.386,1,,,,False,True,FP1,28.6,19.1,59.8
0 days 01:01:36.987000,BOT,77,0 days 00:01:17.602000,18.0,4.0,,,0 days 00:00:26.528000,0 days 00:00:27.883000,0 days 00:00:23.191000,0 days 01:00:45.913000,0 days 01:01:13.796000,0 days 01:01:36.987000,278.0,276.0,314.0,285.0,False,MEDIUM,16.0,False,Cadillac,0 days 01:00:19.385000,2026-08-21 11:16:53.282,1,,,,False,True,FP1,28.6,19.1,59.8
0 days 01:03:01.479000,BOT,77,0 days 00:01:24.492000,19.0,4.0,,0 days 01:03:00.744000,0 days 00:00:26.702000,0 days 00:00:28.263000,0 days 00:00:29.527000,0 days 01:02:03.689000,0 days 01:02:31.952000,0 days 01:03:01.479000,279.0,266.0,,292.0,False,MEDIUM,17.0,False,Cadillac,0 days 01:01:36.987000,2026-08-21 11:18:10.884,1,,,,False,False,FP1,28.6,19.1,59.8
0 days 01:07:21.257000,BOT,77,,20.0,5.0,0 days 01:05:52.013000,,,0 days 00:00:29.685000,0 days 00:00:28.055000,,0 days 01:06:53.378000,0 days 01:07:21.341000,276.0,245.0,296.0,292.0,False,SOFT,1.0,True,Cadillac,0 days 01:03:01.479000,2026-08-21 11:19:35.376,1,,,,False,False,FP1,28.6,19.1,59.8
0 days 01:08:36.837000,BOT,77,0 days 00:01:15.580000,21.0,5.0,,,0 days 00:00:26.068000,0 days 00:00:26.832000,0 days 00:00:22.680000,0 days 01:07:47.325000,0 days 01:08:14.157000,0 days 01:08:36.837000,285.0,283.0,315.0,300.0,True,SOFT,2.0,True,Cadillac,0 days 01:07:21.257000,2026-08-21 11:23:55.154,1,,,,False,True,FP1,28.6,19.1,59.8
0 days 01:10:14.777000,BOT,77,0 days 00:01:37.940000,22.0,5.0,,,0 days 00:00:31.618000,0 days 00:00:32.972000,0 days 00:00:33.350000,0 days 01:09:08.455000,0 days 01:09:41.427000,0 days 01:10:14.777000,262.0,221.0,302.0,258.0,False,SOFT,3.0,True,Cadillac,0 days 01:08:36.837000,2026-08-21 11:25:10.734,1,,,,False,True,FP1,28.6,19.1,59.8
0 days 01:11:31.257000,BOT,77,0 days 00:01:16.480000,23.0,5.0,,,0 days 00:00:26.310000,0 days 00:00:27.408000,0 days 00:00:22.762000,0 days 01:10:41.087000,0 days 01:11:08.495000,0 days 01:11:31.257000,290.0,284.0,306.0,295.0,False,SOFT,4.0,True,Cadillac,0 days 01:10:14.777000,2026-08-21 11:26:48.674,1,,,,False,True,FP1,28.6,19.1,59.8
0 days 01:13:14.254000,BOT,77,0 days 00:01:42.997000,24.0,5.0,,,0 days 00:00:34.368000,0 days 00:00:36.498000,0 days 00:00:32.131000,0 days 01:12:05.625000,0 days 01:12:42.123000,0 days 01:13:14.254000,220.0,183.0,301.0,234.0,False,SOFT,5.0,True,Cadillac,0 days 01:11:31.257000,2026-08-21 11:28:05.154,1,,,,False,True,FP1,28.6,19.1,59.8
0 days 01:14:31.232000,BOT,77,0 days 00:01:16.978000,25.0,5.0,,,0 days 00:00:26.351000,0 days 00:00:27.811000,0 days 00:00:22.816000,0 days 01:13:40.605000,0 days 01:14:08.416000,0 days 01:14:31.232000,233.0,289.0,298.0,294.0,False,SOFT,6.0,True,Cadillac,0 days 01:13:14.254000,2026-08-21 11:29:48.151,1,,,,False,True,FP1,28.6,19.1,59.8
0 days 01:16:58.234000,BOT,77,0 days 00:02:27.002000,26.0,5.0,,,0 days 00:00:37.813000,0 days 00:00:32.650000,0 days 00:01:16.539000,0 days 01:15:09.045000,0 days 01:15:41.695000,0 days 01:16:58.234000,177.0,198.0,158.0,191.0,False,SOFT,7.0,True,Cadillac,0 days 01:14:31.232000,2026-08-21 11:31:05.129,12,,,,False,True,FP1,28.1,19.0,61.3
0 days 01:19:12.736000,BOT,77,0 days 00:02:14.502000,27.0,5.0,,,0 days 00:00:29.264000,0 days 00:00:34.205000,0 days 00:01:11.033000,0 days 01:17:27.498000,0 days 01:18:01.703000,0 days 01:19:12.736000,211.0,169.0,59.0,249.0,False,SOFT,8.0,True,Cadillac,0 days 01:16:58.234000,2026-08-21 11:33:32.131,2,,,,False,True,FP1,28.1,19.0,61.3
0 days 01:20:48.585000,BOT,77,0 days 00:01:35.849000,28.0,5.0,,0 days 01:20:47.381000,0 days 00:00:29.251000,0 days 00:00:28.811000,0 days 00:00:37.787000,0 days 01:19:41.987000,0 days 01:20:10.798000,0 days 01:20:48.585000,262.0,280.0,,246.0,False,SOFT,9.0,True,Cadillac,0 days 01:19:12.736000,2026-08-21 11:35:46.633,2,,,,False,False,FP1,28.1,19.0,61.3
0 days 00:16:07.473000,PIA,81,,1.0,1.0,0 days 00:14:21.412000,0 days 00:16:06.170000,,0 days 00:00:35.129000,0 days 00:00:36.636000,,0 days 00:15:30.988000,0 days 00:16:07.552000,231.0,223.0,,,False,INTERMEDIATE,1.0,True,McLaren,0 days 00:14:21.412000,2026-08-21 10:30:55.309,1,,,,False,False,FP1,28.1,19.0,61.3
0 days 00:18:07.777000,PIA,81,0 days 00:02:00.304000,2.0,2.0,0 days 00:16:35.570000,,0 days 00:01:02.278000,0 days 00:00:31.471000,0 days 00:00:26.555000,0 days 00:17:09.751000,0 days 00:17:41.222000,0 days 00:18:07.777000,260.0,235.0,285.0,,False,MEDIUM,1.0,True,McLaren,0 days 00:16:07.473000,2026-08-21 10:32:41.370,1,,,,False,False,FP1,28.1,19.0,61.3
0 days 00:19:31.088000,PIA,81,0 days 00:01:23.311000,3.0,2.0,,,0 days 00:00:29.283000,0 days 00:00:28.741000,0 days 00:00:25.287000,0 days 00:18:37.060000,0 days 00:19:05.801000,0 days 00:19:31.088000,277.0,253.0,286.0,209.0,True,MEDIUM,2.0,True,McLaren,0 days 00:18:07.777000,2026-08-21 10:34:41.674,1,,,,False,True,FP1,28.1,19.0,61.3
0 days 00:20:51.568000,PIA,81,0 days 00:01:20.480000,4.0,2.0,,,0 days 00:00:28.276000,0 days 00:00:27.712000,0 days 00:00:24.492000,0 days 00:19:59.364000,0 days 00:20:27.076000,0 days 00:20:51.568000,278.0,239.0,287.0,236.0,True,MEDIUM,3.0,True,McLaren,0 days 00:19:31.088000,2026-08-21 10:36:04.985,1,,,,False,True,FP1,28.1,19.0,61.3
0 days 00:22:37.910000,PIA,81,0 days 00:01:46.342000,5.0,2.0,,,0 days 00:00:37.590000,0 days 00:00:39.670000,0 days 00:00:29.082000,0 days 00:21:29.158000,0 days 00:22:08.828000,0 days 00:22:37.910000,194.0,181.0,307.0,215.0,False,MEDIUM,4.0,True,McLaren,0 days 00:20:51.568000,2026-08-21 10:37:25.465,1,,,,False,True,FP1,28.1,19.0,61.3
0 days 00:23:54.945000,PIA,81,0 days 00:01:17.035000,6.0,2.0,,,0 days 00:00:26.599000,0 days 00:00:26.808000,0 days 00:00:23.628000,0 days 00:23:04.509000,0 days 00:23:31.317000,0 days 00:23:54.945000,287.0,280.0,299.0,247.0,True,MEDIUM,5.0,True,McLaren,0 days 00:22:37.910000,2026-08-21 10:39:11.807,1,,,,False,True,FP1,28.1,19.0,61.3
0 days 00:25:43.714000,PIA,81,0 days 00:01:48.769000,7.0,2.0,,,0 days 00:00:37.649000,0 days 00:00:39.915000,0 days 00:00:31.205000,0 days 00:24:32.594000,0 days 00:25:12.509000,0 days 00:25:43.714000,215.0,94.0,319.0,236.0,False,MEDIUM,6.0,True,McLaren,0 days 00:23:54.945000,2026-08-21 10:40:28.842,1,,,,False,True,FP1,28.1,19.0,61.3
0 days 00:26:59.828000,PIA,81,0 days 00:01:16.114000,8.0,2.0,,,0 days 00:00:26.249000,0 days 00:00:26.659000,0 days 00:00:23.206000,0 days 00:26:09.963000,0 days 00:26:36.622000,0 days 00:26:59.828000,288.0,282.0,306.0,257.0,True,MEDIUM,7.0,True,McLaren,0 days 00:25:43.714000,2026-08-21 10:42:17.611,1,,,,False,True,FP1,28.1,19.0,61.3
0 days 00:28:40.450000,PIA,81,0 days 00:01:40.622000,9.0,2.0,,,0 days 00:00:35.401000,0 days 00:00:38.705000,0 days 00:00:26.516000,0 days 00:27:35.229000,0 days 00:28:13.934000,0 days 00:28:40.450000,237.0,193.0,313.0,235.0,False,MEDIUM,8.0,True,McLaren,0 days 00:26:59.828000,2026-08-21 10:43:33.725,1,,,,False,True,FP1,28.1,19.0,61.3
0 days 00:29:56.068000,PIA,81,0 days 00:01:15.618000,10.0,2.0,,,0 days 00:00:25.886000,0 days 00:00:26.377000,0 days 00:00:23.355000,0 days 00:29:06.336000,0 days 00:29:32.713000,0 days 00:29:56.068000,289.0,282.0,301.0,280.0,True,MEDIUM,9.0,True,McLaren,0 days 00:28:40.450000,2026-08-21 10:45:14.347,1,,,,False,True,FP1,28.1,19.0,61.3
0 days 00:31:44.629000,PIA,81,0 days 00:01:48.561000,11.0,2.0,,0 days 00:31:43.394000,0 days 00:00:37.647000,0 days 00:00:32.091000,0 days 00:00:38.823000,0 days 00:30:33.715000,0 days 00:31:05.806000,0 days 00:31:44.629000,231.0,235.0,,264.0,False,MEDIUM,10.0,True,McLaren,0 days 00:29:56.068000,2026-08-21 10:46:29.965,12,,,,False,False,FP1,28.1,19.0,61.3
0 days 00:40:49.396000,PIA,81,,12.0,3.0,0 days 00:38:52.947000,,,0 days 00:00:29.713000,0 days 00:00:25.739000,,0 days 00:40:23.891000,0 days 00:40:49.516000,251.0,235.0,310.0,264.0,False,MEDIUM,11.0,False,McLaren,0 days 00:31:44.629000,2026-08-21 10:48:18.526,12,,,,False,False,FP1,28.1,19.0,61.3
0 days 00:42:19.361000,PIA,81,0 days 00:01:29.965000,13.0,3.0,,,0 days 00:00:28.397000,0 days 00:00:30.694000,0 days 00:00:30.874000,0 days 00:41:17.793000,0 days 00:41:48.487000,0 days 00:42:19.361000,241.0,232.0,310.0,273.0,False,MEDIUM,12.0,False,McLaren,0 days 00:40:49.396000,2026-08-21 10:57:23.293,1,,,,False,True,FP1,28.9,19.0,59.7
0 days 00:43:34.640000,PIA,81,0 days 00:01:15.279000,14.0,3.0,,,0 days 00:00:25.658000,0 days 00:00:26.459000,0 days 00:00:23.162000,0 days 00:42:45.019000,0 days 00:43:11.478000,0 days 00:43:34.640000,290.0,279.0,304.0,283.0,True,MEDIUM,13.0,False,McLaren,0 days 00:42:19.361000,2026-08-21 10:58:53.258,1,,,,False,True,FP1,28.9,19.0,59.7
0 days 00:45:17.740000,PIA,81,0 days 00:01:43.100000,15.0,3.0,,,0 days 00:00:34.232000,0 days 00:00:40.616000,0 days 00:00:28.252000,0 days 00:44:08.872000,0 days 00:44:49.488000,0 days 00:45:17.740000,181.0,98.0,311.0,243.0,False,MEDIUM,14.0,False,McLaren,0 days 00:43:34.640000,2026-08-21 11:00:08.537,1,,,,False,True,FP1,28.9,19.0,59.7
0 days 00:46:32.956000,PIA,81,0 days 00:01:15.216000,16.0,3.0,,,0 days 00:00:26.015000,0 days 00:00:26.288000,0 days 00:00:22.913000,0 days 00:45:43.755000,0 days 00:46:10.043000,0 days 00:46:32.956000,287.0,281.0,299.0,291.0,True,MEDIUM,15.0,False,McLaren,0 days 00:45:17.740000,2026-08-21 11:01:51.637,1,,,,False,True,FP1,28.9,19.0,59.7
0 days 00:48:01.104000,PIA,81,0 days 00:01:28.148000,17.0,3.0,,,0 days 00:00:29.572000,0 days 00:00:33.563000,0 days 00:00:25.013000,0 days 00:47:02.528000,0 days 00:47:36.091000,0 days 00:48:01.104000,272.0,254.0,273.0,260.0,False,MEDIUM,16.0,False,McLaren,0 days 00:46:32.956000,2026-08-21 11:03:06.853,1,,,,False,True,FP1,28.9,19.0,59.7
0 days 00:49:17.614000,PIA,81,0 days 00:01:16.510000,18.0,3.0,,,0 days 00:00:26.643000,0 days 00:00:26.862000,0 days 00:00:23.005000,0 days 00:48:27.747000,0 days 00:48:54.609000,0 days 00:49:17.614000,275.0,275.0,309.0,271.0,False,MEDIUM,17.0,False,McLaren,0 days 00:48:01.104000,2026-08-21 11:04:35.001,1,,,,False,True,FP1,28.9,19.0,59.7
0 days 00:50:33.809000,PIA,81,0 days 00:01:16.195000,19.0,3.0,,,0 days 00:00:26.204000,0 days 00:00:26.766000,0 days 00:00:23.225000,0 days 00:49:43.818000,0 days 00:50:10.584000,0 days 00:50:33.809000,276.0,278.0,319.0,288.0,False,MEDIUM,18.0,False,McLaren,0 days 00:49:17.614000,2026-08-21 11:05:51.511,1,,,,False,True,FP1,28.9,19.0,59.7
0 days 00:51:50.572000,PIA,81,0 days 00:01:16.763000,20.0,3.0,,,0 days 00:00:26.076000,0 days 00:00:27.380000,0 days 00:00:23.307000,0 days 00:50:59.885000,0 days 00:51:27.265000,0 days 00:51:50.572000,276.0,283.0,338.0,295.0,False,MEDIUM,19.0,False,McLaren,0 days 00:50:33.809000,2026-08-21 11:07:07.706,1,,,,False,True,FP1,28.9,19.0,59.7
0 days 00:53:07.756000,PIA,81,0 days 00:01:17.184000,21.0,3.0,,,0 days 00:00:26.772000,0 days 00:00:27.164000,0 days 00:00:23.248000,0 days 00:52:17.344000,0 days 00:52:44.508000,0 days 00:53:07.756000,275.0,275.0,317.0,300.0,False,MEDIUM,20.0,False,McLaren,0 days 00:51:50.572000,2026-08-21 11:08:24.469,1,,,,False,True,FP1,28.9,19.0,59.7
0 days 00:54:24.322000,PIA,81,0 days 00:01:16.566000,22.0,3.0,,,0 days 00:00:26.166000,0 days 00:00:27.246000,0 days 00:00:23.154000,0 days 00:53:33.922000,0 days 00:54:01.168000,0 days 00:54:24.322000,277.0,279.0,320.0,296.0,False,MEDIUM,21.0,False,McLaren,0 days 00:53:07.756000,2026-08-21 11:09:41.653,1,,,,False,True,FP1,28.9,19.0,59.7
0 days 00:55:41.004000,PIA,81,0 days 00:01:16.682000,23.0,3.0,,,0 days 00:00:26.293000,0 days 00:00:27.178000,0 days 00:00:23.211000,0 days 00:54:50.615000,0 days 00:55:17.793000,0 days 00:55:41.004000,276.0,276.0,315.0,298.0,False,MEDIUM,22.0,False,McLaren,0 days 00:54:24.322000,2026-08-21 11:10:58.219,1,,,,False,True,FP1,28.9,19.0,59.7
0 days 00:57:02.297000,PIA,81,0 days 00:01:21.293000,24.0,3.0,,0 days 00:57:01.044000,0 days 00:00:26.047000,0 days 00:00:27.150000,0 days 00:00:28.096000,0 days 00:56:07.051000,0 days 00:56:34.201000,0 days 00:57:02.297000,278.0,281.0,,304.0,False,MEDIUM,23.0,False,McLaren,0 days 00:55:41.004000,2026-08-21 11:12:14.901,1,,,,False,False,FP1,28.9,19.0,59.7
0 days 01:03:19.464000,PIA,81,,25.0,4.0,0 days 01:01:53.924000,,,0 days 00:00:29.337000,0 days 00:00:24.636000,,0 days 01:02:55.072000,0 days 01:03:19.532000,245.0,234.0,313.0,304.0,False,SOFT,1.0,True,McLaren,0 days 00:57:02.297000,2026-08-21 11:13:36.194,12,,,,False,False,FP1,28.9,19.0,59.7
0 days 01:04:33.072000,PIA,81,0 days 00:01:13.608000,26.0,4.0,,,0 days 00:00:25.189000,0 days 00:00:25.859000,0 days 00:00:22.560000,0 days 01:03:44.653000,0 days 01:04:10.512000,0 days 01:04:33.072000,293.0,281.0,303.0,305.0,True,SOFT,2.0,True,McLaren,0 days 01:03:19.464000,2026-08-21 11:19:53.361,1,,,,False,True,FP1,28.2,19.0,60.3
0 days 01:06:23.042000,PIA,81,0 days 00:01:49.970000,27.0,4.0,,,0 days 00:00:38.509000,0 days 00:00:41.085000,0 days 00:00:30.376000,0 days 01:05:11.581000,0 days 01:05:52.666000,0 days 01:06:23.042000,153.0,115.0,313.0,226.0,False,SOFT,3.0,True,McLaren,0 days 01:04:33.072000,2026-08-21 11:21:06.969,1,,,,False,True,FP1,28.2,19.0,60.3
0 days 01:07:36.976000,PIA,81,0 days 00:01:13.934000,28.0,4.0,,,0 days 00:00:25.546000,0 days 00:00:25.977000,0 days 00:00:22.411000,0 days 01:06:48.588000,0 days 01:07:14.565000,0 days 01:07:36.976000,292.0,282.0,310.0,308.0,False,SOFT,4.0,True,McLaren,0 days 01:06:23.042000,2026-08-21 11:22:56.939,1,,,,False,True,FP1,28.2,19.0,60.3
0 days 01:09:27.220000,PIA,81,0 days 00:01:50.244000,29.0,4.0,,,0 days 00:00:36.618000,0 days 00:00:37.312000,0 days 00:00:36.314000,0 days 01:08:13.594000,0 days 01:08:50.906000,0 days 01:09:27.220000,203.0,175.0,244.0,241.0,False,SOFT,5.0,True,McLaren,0 days 01:07:36.976000,2026-08-21 11:24:10.873,1,,,,False,True,FP1,28.2,19.0,60.3
0 days 01:11:09.909000,PIA,81,0 days 00:01:42.689000,30.0,4.0,,,0 days 00:00:33.592000,0 days 00:00:39.062000,0 days 00:00:30.035000,0 days 01:10:00.812000,0 days 01:10:39.874000,0 days 01:11:09.909000,198.0,71.0,313.0,219.0,False,SOFT,6.0,True,McLaren,0 days 01:09:27.220000,2026-08-21 11:26:01.117,1,,,,False,True,FP1,28.2,19.0,60.3
0 days 01:12:23.729000,PIA,81,0 days 00:01:13.820000,31.0,4.0,,,0 days 00:00:25.236000,0 days 00:00:26.062000,0 days 00:00:22.522000,0 days 01:11:35.145000,0 days 01:12:01.207000,0 days 01:12:23.729000,292.0,282.0,300.0,309.0,False,SOFT,7.0,True,McLaren,0 days 01:11:09.909000,2026-08-21 11:27:43.806,1,,,,False,True,FP1,28.2,19.0,60.3
0 days 01:14:01.508000,PIA,81,0 days 00:01:37.779000,32.0,4.0,,,0 days 00:00:33.918000,0 days 00:00:34.744000,0 days 00:00:29.117000,0 days 01:12:57.647000,0 days 01:13:32.391000,0 days 01:14:01.508000,216.0,216.0,313.0,283.0,False,SOFT,8.0,True,McLaren,0 days 01:12:23.729000,2026-08-21 11:28:57.626,1,,,,False,True,FP1,28.2,19.0,60.3
0 days 01:15:55.264000,PIA,81,0 days 00:01:53.756000,33.0,4.0,,,0 days 00:00:28.204000,0 days 00:00:34.744000,0 days 00:00:50.808000,0 days 01:14:29.712000,0 days 01:15:04.456000,0 days 01:15:55.264000,215.0,242.0,75.0,314.0,False,SOFT,9.0,True,McLaren,0 days 01:14:01.508000,2026-08-21 11:30:35.405,12,,,,False,True,FP1,28.2,19.0,60.3
0 days 01:18:19.803000,PIA,81,0 days 00:02:24.539000,34.0,4.0,,,0 days 00:00:57.461000,0 days 00:00:32.659000,0 days 00:00:54.419000,0 days 01:16:52.725000,0 days 01:17:25.384000,0 days 01:18:19.803000,273.0,198.0,17.0,230.0,False,SOFT,10.0,True,McLaren,0 days 01:15:55.264000,2026-08-21 11:32:29.161,2,,,,False,True,FP1,29.1,19.0,59.1
0 days 01:20:27.912000,PIA,81,0 days 00:02:08.109000,35.0,4.0,,0 days 01:20:26.381000,0 days 00:00:57.052000,0 days 00:00:30.708000,0 days 00:00:40.349000,0 days 01:19:16.855000,0 days 01:19:47.563000,0 days 01:20:27.912000,269.0,239.0,,240.0,False,SOFT,11.0,True,McLaren,0 days 01:18:19.803000,2026-08-21 11:34:53.700,2,,,,False,False,FP1,29.1,19.0,59.1
0 days 00:16:38.711000,BEA,87,,1.0,1.0,0 days 00:14:45.899000,0 days 00:16:37.386000,,0 days 00:00:39.736000,0 days 00:00:37,,0 days 00:16:01.873000,0 days 00:16:38.711000,213.0,210.0,,,False,INTERMEDIATE,1.0,True,Haas F1 Team,0 days 00:14:45.899000,2026-08-21 10:31:19.796,1,,,,False,False,FP1,29.1,19.0,59.1
0 days 00:22:58.239000,BEA,87,,2.0,2.0,0 days 00:21:29.603000,,,0 days 00:00:31.598000,0 days 00:00:25.077000,,0 days 00:22:33.758000,0 days 00:22:58.452000,249.0,260.0,302.0,,False,MEDIUM,1.0,True,Haas F1 Team,0 days 00:16:38.711000,2026-08-21 10:33:12.608,1,,,,False,False,FP1,29.1,19.0,59.1
0 days 00:24:25.105000,BEA,87,0 days 00:01:26.866000,3.0,2.0,,,0 days 00:00:28.174000,0 days 00:00:32.736000,0 days 00:00:25.956000,0 days 00:23:26.413000,0 days 00:23:59.149000,0 days 00:24:25.105000,244.0,242.0,294.0,245.0,True,MEDIUM,2.0,True,Haas F1 Team,0 days 00:22:58.239000,2026-08-21 10:39:32.136,1,,,,False,True,FP1,29.1,19.0,59.1
0 days 00:25:43.206000,BEA,87,0 days 00:01:18.101000,4.0,2.0,,,0 days 00:00:26.894000,0 days 00:00:27.836000,0 days 00:00:23.371000,0 days 00:24:51.999000,0 days 00:25:19.835000,0 days 00:25:43.206000,286.0,281.0,309.0,271.0,True,MEDIUM,3.0,True,Haas F1 Team,0 days 00:24:25.105000,2026-08-21 10:40:59.002,1,,,,False,True,FP1,29.1,19.0,59.1
0 days 00:27:55.755000,BEA,87,0 days 00:02:12.549000,5.0,2.0,,,0 days 00:00:52.486000,0 days 00:00:50.334000,0 days 00:00:29.729000,0 days 00:26:35.692000,0 days 00:27:26.026000,0 days 00:27:55.755000,118.0,159.0,296.0,184.0,False,MEDIUM,4.0,True,Haas F1 Team,0 days 00:25:43.206000,2026-08-21 10:42:17.103,1,,,,False,True,FP1,29.1,19.0,59.1
0 days 00:29:12.712000,BEA,87,0 days 00:01:16.957000,6.0,2.0,,,0 days 00:00:26.619000,0 days 00:00:27.306000,0 days 00:00:23.032000,0 days 00:28:22.374000,0 days 00:28:49.680000,0 days 00:29:12.712000,286.0,282.0,311.0,268.0,True,MEDIUM,5.0,True,Haas F1 Team,0 days 00:27:55.755000,2026-08-21 10:44:29.652,1,,,,False,True,FP1,29.1,19.0,59.1
0 days 00:31:31.663000,BEA,87,0 days 00:02:18.951000,7.0,2.0,,,0 days 00:00:56.076000,0 days 00:00:53.142000,0 days 00:00:29.733000,0 days 00:30:08.788000,0 days 00:31:01.930000,0 days 00:31:31.663000,113.0,174.0,295.0,202.0,False,MEDIUM,6.0,True,Haas F1 Team,0 days 00:29:12.712000,2026-08-21 10:45:46.609,12,,,,False,True,FP1,28.2,18.9,59.4
0 days 00:33:18.086000,BEA,87,0 days 00:01:46.423000,8.0,2.0,,,0 days 00:00:32.840000,0 days 00:00:39.625000,0 days 00:00:33.958000,0 days 00:32:04.503000,0 days 00:32:44.128000,0 days 00:33:18.086000,178.0,156.0,296.0,271.0,False,MEDIUM,7.0,True,Haas F1 Team,0 days 00:31:31.663000,2026-08-21 10:48:05.560,1,,,,False,True,FP1,28.2,18.9,59.4
0 days 00:34:34.955000,BEA,87,0 days 00:01:16.869000,9.0,2.0,,,0 days 00:00:26.639000,0 days 00:00:27.170000,0 days 00:00:23.060000,0 days 00:33:44.725000,0 days 00:34:11.895000,0 days 00:34:34.955000,287.0,284.0,303.0,280.0,True,MEDIUM,8.0,True,Haas F1 Team,0 days 00:33:18.086000,2026-08-21 10:49:51.983,1,,,,False,True,FP1,28.2,18.9,59.4
0 days 00:36:30.787000,BEA,87,0 days 00:01:55.832000,10.0,2.0,,,0 days 00:00:46.063000,0 days 00:00:41.230000,0 days 00:00:28.539000,0 days 00:35:21.018000,0 days 00:36:02.248000,0 days 00:36:30.787000,150.0,243.0,305.0,199.0,False,MEDIUM,9.0,True,Haas F1 Team,0 days 00:34:34.955000,2026-08-21 10:51:08.852,1,,,,False,True,FP1,28.2,18.9,59.4
0 days 00:37:47.242000,BEA,87,0 days 00:01:16.455000,11.0,2.0,,,0 days 00:00:26.289000,0 days 00:00:27.150000,0 days 00:00:23.016000,0 days 00:36:57.076000,0 days 00:37:24.226000,0 days 00:37:47.242000,290.0,286.0,310.0,289.0,True,MEDIUM,10.0,True,Haas F1 Team,0 days 00:36:30.787000,2026-08-21 10:53:04.684,1,,,,False,True,FP1,28.2,18.9,59.4
0 days 00:39:39.064000,BEA,87,0 days 00:01:51.822000,12.0,2.0,,0 days 00:39:37.929000,0 days 00:00:35.801000,0 days 00:00:41.273000,0 days 00:00:34.748000,0 days 00:38:23.043000,0 days 00:39:04.316000,0 days 00:39:39.064000,192.0,167.0,,220.0,False,MEDIUM,11.0,True,Haas F1 Team,0 days 00:37:47.242000,2026-08-21 10:54:21.139,12,,,,False,False,FP1,28.2,18.9,59.4
0 days 00:46:27.161000,BEA,87,,13.0,3.0,0 days 00:45:01.181000,,,0 days 00:00:30.239000,0 days 00:00:25.775000,,0 days 00:46:01.584000,0 days 00:46:27.758000,271.0,227.0,297.0,220.0,False,MEDIUM,2.0,False,Haas F1 Team,0 days 00:39:39.064000,2026-08-21 10:56:12.961,1,,,,False,False,FP1,28.2,18.9,59.4
0 days 00:47:43.612000,BEA,87,0 days 00:01:16.451000,14.0,3.0,,,0 days 00:00:26.394000,0 days 00:00:27.092000,0 days 00:00:22.965000,0 days 00:46:53.555000,0 days 00:47:20.647000,0 days 00:47:43.612000,286.0,283.0,309.0,294.0,True,MEDIUM,3.0,False,Haas F1 Team,0 days 00:46:27.161000,2026-08-21 11:03:01.058,1,,,,False,True,FP1,28.2,18.9,59.4
0 days 00:49:29.710000,BEA,87,0 days 00:01:46.098000,15.0,3.0,,,0 days 00:00:43.099000,0 days 00:00:38.914000,0 days 00:00:24.085000,0 days 00:48:26.711000,0 days 00:49:05.625000,0 days 00:49:29.710000,125.0,271.0,315.0,201.0,False,MEDIUM,4.0,False,Haas F1 Team,0 days 00:47:43.612000,2026-08-21 11:04:17.509,1,,,,False,True,FP1,28.4,18.9,59.6
0 days 00:50:47.983000,BEA,87,0 days 00:01:18.273000,16.0,3.0,,,0 days 00:00:26.996000,0 days 00:00:27.882000,0 days 00:00:23.395000,0 days 00:49:56.706000,0 days 00:50:24.588000,0 days 00:50:47.983000,268.0,267.0,311.0,295.0,False,MEDIUM,5.0,False,Haas F1 Team,0 days 00:49:29.710000,2026-08-21 11:06:03.607,1,,,,False,True,FP1,28.4,18.9,59.6
0 days 00:52:05.865000,BEA,87,0 days 00:01:17.882000,17.0,3.0,,,0 days 00:00:26.788000,0 days 00:00:27.723000,0 days 00:00:23.371000,0 days 00:51:14.771000,0 days 00:51:42.494000,0 days 00:52:05.865000,270.0,268.0,318.0,293.0,False,MEDIUM,6.0,False,Haas F1 Team,0 days 00:50:47.983000,2026-08-21 11:07:21.880,1,,,,False,True,FP1,28.4,18.9,59.6
0 days 00:53:24.461000,BEA,87,0 days 00:01:18.596000,18.0,3.0,,,0 days 00:00:27.010000,0 days 00:00:28.023000,0 days 00:00:23.563000,0 days 00:52:32.875000,0 days 00:53:00.898000,0 days 00:53:24.461000,280.0,275.0,313.0,271.0,False,MEDIUM,7.0,False,Haas F1 Team,0 days 00:52:05.865000,2026-08-21 11:08:39.762,1,,,,False,True,FP1,28.4,18.9,59.6
0 days 00:54:41.862000,BEA,87,0 days 00:01:17.401000,19.0,3.0,,,0 days 00:00:26.492000,0 days 00:00:27.660000,0 days 00:00:23.249000,0 days 00:53:50.953000,0 days 00:54:18.613000,0 days 00:54:41.862000,278.0,271.0,318.0,300.0,False,MEDIUM,8.0,False,Haas F1 Team,0 days 00:53:24.461000,2026-08-21 11:09:58.358,1,,,,False,True,FP1,28.4,18.9,59.6
0 days 00:55:59.518000,BEA,87,0 days 00:01:17.656000,20.0,3.0,,,0 days 00:00:26.487000,0 days 00:00:27.836000,0 days 00:00:23.333000,0 days 00:55:08.349000,0 days 00:55:36.185000,0 days 00:55:59.518000,278.0,275.0,317.0,300.0,False,MEDIUM,9.0,False,Haas F1 Team,0 days 00:54:41.862000,2026-08-21 11:11:15.759,1,,,,False,True,FP1,28.4,18.9,59.6
0 days 00:57:17.370000,BEA,87,0 days 00:01:17.852000,21.0,3.0,,,0 days 00:00:26.648000,0 days 00:00:27.821000,0 days 00:00:23.383000,0 days 00:56:26.166000,0 days 00:56:53.987000,0 days 00:57:17.370000,277.0,272.0,317.0,295.0,False,MEDIUM,10.0,False,Haas F1 Team,0 days 00:55:59.518000,2026-08-21 11:12:33.415,1,,,,False,True,FP1,28.4,18.9,59.6
0 days 00:58:35.853000,BEA,87,0 days 00:01:18.483000,22.0,3.0,,,0 days 00:00:27.202000,0 days 00:00:27.806000,0 days 00:00:23.475000,0 days 00:57:44.572000,0 days 00:58:12.378000,0 days 00:58:35.853000,280.0,271.0,314.0,295.0,False,MEDIUM,11.0,False,Haas F1 Team,0 days 00:57:17.370000,2026-08-21 11:13:51.267,12,,,,False,True,FP1,28.4,18.9,59.6
0 days 01:00:03.493000,BEA,87,0 days 00:01:27.640000,23.0,3.0,,0 days 01:00:02.225000,0 days 00:00:30.346000,0 days 00:00:29.753000,0 days 00:00:27.541000,0 days 00:59:06.199000,0 days 00:59:35.952000,0 days 01:00:03.493000,268.0,240.0,,243.0,False,MEDIUM,12.0,False,Haas F1 Team,0 days 00:58:35.853000,2026-08-21 11:15:09.750,1,,,,False,False,FP1,27.9,19.0,59.0
0 days 01:05:47.004000,BEA,87,,24.0,4.0,0 days 01:04:15.108000,,,0 days 00:00:33.419000,0 days 00:00:27.931000,,0 days 01:05:19.257000,0 days 01:05:47.041000,274.0,232.0,300.0,243.0,False,SOFT,1.0,True,Haas F1 Team,0 days 01:00:03.493000,2026-08-21 11:16:37.390,1,,,,False,False,FP1,27.9,19.0,59.0
0 days 01:07:01.878000,BEA,87,0 days 00:01:14.874000,25.0,4.0,,,0 days 00:00:25.852000,0 days 00:00:26.577000,0 days 00:00:22.445000,0 days 01:06:12.856000,0 days 01:06:39.433000,0 days 01:07:01.878000,288.0,284.0,315.0,302.0,True,SOFT,2.0,True,Haas F1 Team,0 days 01:05:47.004000,2026-08-21 11:22:20.901,1,,,,False,True,FP1,27.9,19.0,59.0
0 days 01:09:10.023000,BEA,87,0 days 00:02:08.145000,26.0,4.0,,,0 days 00:00:48.373000,0 days 00:00:46.458000,0 days 00:00:33.314000,0 days 01:07:50.251000,0 days 01:08:36.709000,0 days 01:09:10.023000,136.0,153.0,256.0,192.0,False,SOFT,3.0,True,Haas F1 Team,0 days 01:07:01.878000,2026-08-21 11:23:35.775,1,,,,False,True,FP1,27.9,19.0,59.0
0 days 01:10:49.342000,BEA,87,0 days 00:01:39.319000,27.0,4.0,,,0 days 00:00:36.528000,0 days 00:00:37.311000,0 days 00:00:25.480000,0 days 01:09:46.551000,0 days 01:10:23.862000,0 days 01:10:49.342000,186.0,234.0,300.0,166.0,False,SOFT,4.0,True,Haas F1 Team,0 days 01:09:10.023000,2026-08-21 11:25:43.920,1,,,,False,True,FP1,27.9,19.0,59.0
0 days 01:12:04.230000,BEA,87,0 days 00:01:14.888000,28.0,4.0,,,0 days 00:00:25.842000,0 days 00:00:26.525000,0 days 00:00:22.521000,0 days 01:11:15.184000,0 days 01:11:41.709000,0 days 01:12:04.230000,289.0,287.0,310.0,302.0,False,SOFT,5.0,True,Haas F1 Team,0 days 01:10:49.342000,2026-08-21 11:27:23.239,1,,,,False,True,FP1,27.9,19.0,59.0
0 days 01:13:40.057000,BEA,87,0 days 00:01:35.827000,29.0,4.0,,,0 days 00:00:34.752000,0 days 00:00:33.536000,0 days 00:00:27.539000,0 days 01:12:38.982000,0 days 01:13:12.518000,0 days 01:13:40.057000,209.0,196.0,262.0,261.0,False,SOFT,6.0,True,Haas F1 Team,0 days 01:12:04.230000,2026-08-21 11:28:38.127,1,,,,False,True,FP1,27.9,19.0,59.0
0 days 01:15:24.365000,BEA,87,0 days 00:01:44.308000,30.0,4.0,,,0 days 00:00:29.870000,0 days 00:00:30.726000,0 days 00:00:43.712000,0 days 01:14:09.927000,0 days 01:14:40.653000,0 days 01:15:24.365000,266.0,234.0,83.0,250.0,False,SOFT,7.0,True,Haas F1 Team,0 days 01:13:40.057000,2026-08-21 11:30:13.954,12,,,,False,True,FP1,27.9,19.0,59.0
0 days 01:17:49.350000,BEA,87,0 days 00:02:24.985000,31.0,4.0,,,0 days 00:00:53.048000,0 days 00:00:30.067000,0 days 00:01:01.870000,0 days 01:16:17.413000,0 days 01:16:47.480000,0 days 01:17:49.350000,287.0,240.0,116.0,222.0,False,SOFT,8.0,True,Haas F1 Team,0 days 01:15:24.365000,2026-08-21 11:31:58.262,2,,,,False,True,FP1,27.9,19.0,59.0
0 days 01:19:25.164000,BEA,87,0 days 00:01:35.814000,32.0,4.0,,0 days 01:19:23.963000,0 days 00:00:29.533000,0 days 00:00:28.219000,0 days 00:00:38.062000,0 days 01:18:18.883000,0 days 01:18:47.102000,0 days 01:19:25.164000,248.0,263.0,,244.0,False,SOFT,9.0,True,Haas F1 Team,0 days 01:17:49.350000,2026-08-21 11:34:23.247,2,,,,False,False,FP1,27.9,19.0,59.0
