Time,Driver,DriverNumber,LapTime,LapNumber,Stint,PitOutTime,PitInTime,Sector1Time,Sector2Time,Sector3Time,Sector1SessionTime,Sector2SessionTime,Sector3SessionTime,SpeedI1,SpeedI2,SpeedFL,SpeedST,IsPersonalBest,Compound,TyreLife,FreshTyre,Team,LapStartTime,LapStartDate,TrackStatus,Position,Deleted,DeletedReason,FastF1Generated,IsAccurate,Session
0 days 00:15:32.424000,ANT,12,,1.0,1.0,0 days 00:14:01.486000,,,0 days 00:00:30.640000,0 days 00:00:25.794000,,0 days 00:15:07.949000,0 days 00:15:32.550000,250.0,268.0,298.0,,False,MEDIUM,1.0,True,Mercedes,0 days 00:14:01.486000,2026-08-21 14:30:23.871,1,,,,False,False,SQ
0 days 00:17:00.741000,ANT,12,0 days 00:01:28.317000,2.0,1.0,,,0 days 00:00:30.628000,0 days 00:00:30.851000,0 days 00:00:26.838000,0 days 00:16:03.052000,0 days 00:16:33.903000,0 days 00:17:00.741000,246.0,236.0,302.0,268.0,True,MEDIUM,2.0,True,Mercedes,0 days 00:15:32.424000,2026-08-21 14:31:54.809,1,,,,False,True,SQ
0 days 00:18:29.033000,ANT,12,0 days 00:01:28.292000,3.0,1.0,,0 days 00:18:27.632000,0 days 00:00:25.165000,0 days 00:00:25.987000,0 days 00:00:37.140000,0 days 00:17:25.906000,0 days 00:17:51.893000,0 days 00:18:29.033000,295.0,287.0,,317.0,False,MEDIUM,3.0,True,Mercedes,0 days 00:17:00.741000,2026-08-21 14:33:23.126,1,,,,False,False,SQ
0 days 00:21:45.468000,ANT,12,,4.0,2.0,0 days 00:20:05.079000,,,0 days 00:00:38.448000,0 days 00:00:27.733000,,0 days 00:21:17.769000,0 days 00:21:45.725000,229.0,224.0,303.0,317.0,False,MEDIUM,4.0,False,Mercedes,0 days 00:18:29.033000,2026-08-21 14:34:51.418,1,,,,False,False,SQ
0 days 00:22:59.136000,ANT,12,0 days 00:01:13.668000,5.0,2.0,,,0 days 00:00:25.157000,0 days 00:00:26.067000,0 days 00:00:22.444000,0 days 00:22:10.625000,0 days 00:22:36.692000,0 days 00:22:59.136000,296.0,285.0,312.0,320.0,True,MEDIUM,5.0,False,Mercedes,0 days 00:21:45.468000,2026-08-21 14:38:07.853,1,,,,False,True,SQ
0 days 00:24:42.711000,ANT,12,0 days 00:01:43.575000,6.0,2.0,,,0 days 00:00:35.594000,0 days 00:00:40.436000,0 days 00:00:27.545000,0 days 00:23:34.730000,0 days 00:24:15.166000,0 days 00:24:42.711000,163.0,144.0,308.0,259.0,False,MEDIUM,6.0,False,Mercedes,0 days 00:22:59.136000,2026-08-21 14:39:21.521,1,,,,False,True,SQ
0 days 00:26:21.259000,ANT,12,0 days 00:01:38.548000,7.0,2.0,,0 days 00:26:19.960000,0 days 00:00:30.547000,0 days 00:00:33.961000,0 days 00:00:34.040000,0 days 00:25:13.258000,0 days 00:25:47.219000,0 days 00:26:21.259000,224.0,158.0,,310.0,False,MEDIUM,7.0,False,Mercedes,0 days 00:24:42.711000,2026-08-21 14:41:05.096,1,,,,False,False,SQ
0 days 00:36:56.660000,ANT,12,,8.0,3.0,0 days 00:35:23.303000,,,0 days 00:00:30.742000,0 days 00:00:26.375000,,0 days 00:36:30.438000,0 days 00:36:56.778000,258.0,249.0,302.0,310.0,False,MEDIUM,1.0,True,Mercedes,0 days 00:26:21.259000,2026-08-21 14:42:43.644,12,,,,False,False,SQ
0 days 00:38:22.302000,ANT,12,0 days 00:01:25.642000,9.0,3.0,,,0 days 00:00:30.906000,0 days 00:00:29.147000,0 days 00:00:25.589000,0 days 00:37:27.566000,0 days 00:37:56.713000,0 days 00:38:22.302000,249.0,241.0,303.0,166.0,True,MEDIUM,2.0,True,Mercedes,0 days 00:36:56.660000,2026-08-21 14:53:19.045,1,,,,False,True,SQ
0 days 00:39:34.813000,ANT,12,0 days 00:01:12.511000,10.0,3.0,,,0 days 00:00:24.787000,0 days 00:00:25.533000,0 days 00:00:22.191000,0 days 00:38:47.089000,0 days 00:39:12.622000,0 days 00:39:34.813000,295.0,285.0,310.0,319.0,True,MEDIUM,3.0,True,Mercedes,0 days 00:38:22.302000,2026-08-21 14:54:44.687,1,,,,False,True,SQ
0 days 00:41:19.919000,ANT,12,0 days 00:01:45.106000,11.0,3.0,,0 days 00:41:16.603000,0 days 00:00:35.203000,0 days 00:00:37.610000,0 days 00:00:32.293000,0 days 00:40:10.016000,0 days 00:40:47.626000,0 days 00:41:19.919000,181.0,228.0,,258.0,False,MEDIUM,4.0,True,Mercedes,0 days 00:39:34.813000,2026-08-21 14:55:57.198,1,,,,False,False,SQ
0 days 00:54:43.995000,ANT,12,,12.0,4.0,0 days 00:53:16.552000,,,0 days 00:00:29.615000,0 days 00:00:25.263000,,0 days 00:54:18.791000,0 days 00:54:44.144000,262.0,272.0,299.0,258.0,False,SOFT,1.0,True,Mercedes,0 days 00:41:19.919000,2026-08-21 14:57:42.304,12,,,,False,False,SQ
0 days 00:56:08.994000,ANT,12,0 days 00:01:24.999000,13.0,4.0,,,0 days 00:00:29.645000,0 days 00:00:29.855000,0 days 00:00:25.499000,0 days 00:55:13.640000,0 days 00:55:43.495000,0 days 00:56:08.994000,242.0,238.0,307.0,280.0,True,SOFT,2.0,True,Mercedes,0 days 00:54:43.995000,2026-08-21 15:11:06.380,1,,,,False,True,SQ
0 days 00:57:20.788000,ANT,12,0 days 00:01:11.794000,14.0,4.0,,,0 days 00:00:24.431000,0 days 00:00:25.416000,0 days 00:00:21.947000,0 days 00:56:33.425000,0 days 00:56:58.841000,0 days 00:57:20.788000,293.0,285.0,314.0,320.0,True,SOFT,3.0,True,Mercedes,0 days 00:56:08.994000,2026-08-21 15:12:31.379,1,,,,False,True,SQ
0 days 00:58:51.895000,ANT,12,,15.0,4.0,,0 days 01:00:38.009000,0 days 00:00:32.808000,0 days 00:00:36.346000,0 days 00:00:21.947000,0 days 00:57:53.669000,0 days 00:58:29.948000,0 days 01:00:38.009000,207.0,156.0,,253.0,False,SOFT,4.0,True,Mercedes,0 days 00:57:20.788000,2026-08-21 15:13:43.173,1,,,,False,False,SQ
0 days 00:17:32.408000,NOR,1,,1.0,1.0,0 days 00:16:07.917000,,,0 days 00:00:27.912000,0 days 00:00:26.301000,,0 days 00:17:06.182000,0 days 00:17:32.568000,236.0,227.0,271.0,,False,MEDIUM,1.0,True,McLaren,0 days 00:16:07.917000,2026-08-21 14:32:30.302,1,,,,False,False,SQ
0 days 00:18:54.954000,NOR,1,0 days 00:01:22.546000,2.0,1.0,,,0 days 00:00:27.913000,0 days 00:00:30.003000,0 days 00:00:24.630000,0 days 00:18:00.321000,0 days 00:18:30.324000,0 days 00:18:54.954000,238.0,230.0,309.0,275.0,True,MEDIUM,2.0,True,McLaren,0 days 00:17:32.408000,2026-08-21 14:33:54.793,1,,,,False,True,SQ
0 days 00:20:08.025000,NOR,1,0 days 00:01:13.071000,3.0,1.0,,,0 days 00:00:25.159000,0 days 00:00:25.617000,0 days 00:00:22.295000,0 days 00:19:20.113000,0 days 00:19:45.730000,0 days 00:20:08.025000,289.0,283.0,309.0,309.0,True,MEDIUM,3.0,True,McLaren,0 days 00:18:54.954000,2026-08-21 14:35:17.339,1,,,,False,True,SQ
0 days 00:21:54.068000,NOR,1,0 days 00:01:46.043000,4.0,1.0,,0 days 00:21:52.782000,0 days 00:00:42.037000,0 days 00:00:32.115000,0 days 00:00:31.891000,0 days 00:20:50.062000,0 days 00:21:22.177000,0 days 00:21:54.068000,202.0,228.0,,182.0,False,MEDIUM,4.0,True,McLaren,0 days 00:20:08.025000,2026-08-21 14:36:30.410,1,,,,False,False,SQ
0 days 00:35:04.190000,NOR,1,,5.0,2.0,0 days 00:33:44.994000,,,0 days 00:00:27.097000,0 days 00:00:23.962000,,0 days 00:34:40.336000,0 days 00:35:04.202000,234.0,231.0,308.0,182.0,False,MEDIUM,1.0,True,McLaren,0 days 00:21:54.068000,2026-08-21 14:38:16.453,12,,,,False,False,SQ
0 days 00:36:27.983000,NOR,1,0 days 00:01:23.793000,6.0,2.0,,,0 days 00:00:28.749000,0 days 00:00:30.421000,0 days 00:00:24.623000,0 days 00:35:32.939000,0 days 00:36:03.360000,0 days 00:36:27.983000,229.0,229.0,306.0,302.0,True,MEDIUM,2.0,True,McLaren,0 days 00:35:04.190000,2026-08-21 14:51:26.575,1,,,,False,True,SQ
0 days 00:37:40.497000,NOR,1,0 days 00:01:12.514000,7.0,2.0,,,0 days 00:00:24.861000,0 days 00:00:25.266000,0 days 00:00:22.387000,0 days 00:36:52.844000,0 days 00:37:18.110000,0 days 00:37:40.497000,290.0,283.0,302.0,304.0,True,MEDIUM,3.0,True,McLaren,0 days 00:36:27.983000,2026-08-21 14:52:50.368,1,,,,False,True,SQ
0 days 00:39:20.385000,NOR,1,0 days 00:01:39.888000,8.0,2.0,,,0 days 00:00:35.797000,0 days 00:00:34.841000,0 days 00:00:29.250000,0 days 00:38:16.294000,0 days 00:38:51.135000,0 days 00:39:20.385000,203.0,206.0,262.0,174.0,False,MEDIUM,4.0,True,McLaren,0 days 00:37:40.497000,2026-08-21 14:54:02.882,1,,,,False,True,SQ
0 days 00:40:58.588000,NOR,1,0 days 00:01:38.203000,9.0,2.0,,,0 days 00:00:34.921000,0 days 00:00:33.882000,0 days 00:00:29.400000,0 days 00:39:55.306000,0 days 00:40:29.188000,0 days 00:40:58.588000,191.0,224.0,307.0,211.0,False,MEDIUM,5.0,True,McLaren,0 days 00:39:20.385000,2026-08-21 14:55:42.770,1,,,,False,True,SQ
0 days 00:42:10.777000,NOR,1,0 days 00:01:12.189000,10.0,2.0,,,0 days 00:00:24.755000,0 days 00:00:25.258000,0 days 00:00:22.176000,0 days 00:41:23.343000,0 days 00:41:48.601000,0 days 00:42:10.777000,290.0,285.0,304.0,310.0,True,MEDIUM,6.0,True,McLaren,0 days 00:40:58.588000,2026-08-21 14:57:20.973,1,,,,False,True,SQ
0 days 00:43:47.332000,NOR,1,0 days 00:01:36.555000,11.0,2.0,,0 days 00:43:46.010000,0 days 00:00:30.808000,0 days 00:00:32.064000,0 days 00:00:33.683000,0 days 00:42:41.585000,0 days 00:43:13.649000,0 days 00:43:47.332000,229.0,193.0,,236.0,False,MEDIUM,7.0,True,McLaren,0 days 00:42:10.777000,2026-08-21 14:58:33.162,1,,,,False,False,SQ
0 days 00:54:34.377000,NOR,1,,12.0,3.0,0 days 00:53:13.255000,,,0 days 00:00:28.266000,0 days 00:00:24.473000,,0 days 00:54:09.983000,0 days 00:54:34.582000,231.0,233.0,280.0,236.0,False,SOFT,1.0,True,McLaren,0 days 00:43:47.332000,2026-08-21 15:00:09.717,12,,,,False,False,SQ
0 days 00:55:53.498000,NOR,1,0 days 00:01:19.121000,13.0,3.0,,,0 days 00:00:27.186000,0 days 00:00:27.805000,0 days 00:00:24.130000,0 days 00:55:01.563000,0 days 00:55:29.368000,0 days 00:55:53.498000,245.0,228.0,309.0,281.0,True,SOFT,2.0,True,McLaren,0 days 00:54:34.377000,2026-08-21 15:10:56.762,1,,,,False,True,SQ
0 days 00:57:05.106000,NOR,1,0 days 00:01:11.608000,14.0,3.0,,,0 days 00:00:24.622000,0 days 00:00:24.983000,0 days 00:00:22.003000,0 days 00:56:18.120000,0 days 00:56:43.103000,0 days 00:57:05.106000,291.0,281.0,306.0,308.0,True,SOFT,3.0,True,McLaren,0 days 00:55:53.498000,2026-08-21 15:12:15.883,1,,,,False,True,SQ
0 days 00:58:48.018000,NOR,1,0 days 00:01:42.912000,15.0,3.0,,0 days 00:58:45.392000,0 days 00:00:34.422000,0 days 00:00:32.328000,0 days 00:00:36.162000,0 days 00:57:39.528000,0 days 00:58:11.856000,0 days 00:58:48.018000,232.0,195.0,,249.0,False,SOFT,4.0,True,McLaren,0 days 00:57:05.106000,2026-08-21 15:13:27.491,1,,,,False,False,SQ
0 days 00:15:37.015000,RUS,63,,1.0,1.0,0 days 00:14:07.617000,,,0 days 00:00:30.167000,0 days 00:00:26.370000,,0 days 00:15:10.646000,0 days 00:15:37.176000,273.0,274.0,301.0,,False,MEDIUM,1.0,True,Mercedes,0 days 00:14:07.617000,2026-08-21 14:30:30.002,1,,,,False,False,SQ
0 days 00:17:06.205000,RUS,63,0 days 00:01:29.190000,2.0,1.0,,,0 days 00:00:29.165000,0 days 00:00:33.063000,0 days 00:00:26.962000,0 days 00:16:06.180000,0 days 00:16:39.243000,0 days 00:17:06.205000,190.0,232.0,301.0,251.0,True,MEDIUM,2.0,True,Mercedes,0 days 00:15:37.015000,2026-08-21 14:31:59.400,1,,,,False,True,SQ
0 days 00:18:20.034000,RUS,63,0 days 00:01:13.829000,3.0,1.0,,,0 days 00:00:25.282000,0 days 00:00:26.134000,0 days 00:00:22.413000,0 days 00:17:31.487000,0 days 00:17:57.621000,0 days 00:18:20.034000,295.0,286.0,311.0,317.0,True,MEDIUM,3.0,True,Mercedes,0 days 00:17:06.205000,2026-08-21 14:33:28.590,1,,,,False,True,SQ
0 days 00:20:01.535000,RUS,63,0 days 00:01:41.501000,4.0,1.0,,,0 days 00:00:37.943000,0 days 00:00:34.610000,0 days 00:00:28.948000,0 days 00:18:57.977000,0 days 00:19:32.587000,0 days 00:20:01.535000,235.0,239.0,264.0,239.0,False,MEDIUM,4.0,True,Mercedes,0 days 00:18:20.034000,2026-08-21 14:34:42.419,1,,,,False,True,SQ
0 days 00:21:36.455000,RUS,63,0 days 00:01:34.920000,5.0,1.0,,,0 days 00:00:33.883000,0 days 00:00:34.665000,0 days 00:00:26.372000,0 days 00:20:35.418000,0 days 00:21:10.083000,0 days 00:21:36.455000,247.0,231.0,298.0,139.0,False,MEDIUM,5.0,True,Mercedes,0 days 00:20:01.535000,2026-08-21 14:36:23.920,1,,,,False,True,SQ
0 days 00:22:49.905000,RUS,63,0 days 00:01:13.450000,6.0,1.0,,,0 days 00:00:25.122000,0 days 00:00:26.211000,0 days 00:00:22.117000,0 days 00:22:01.577000,0 days 00:22:27.788000,0 days 00:22:49.905000,295.0,283.0,314.0,321.0,True,MEDIUM,6.0,True,Mercedes,0 days 00:21:36.455000,2026-08-21 14:37:58.840,1,,,,False,True,SQ
0 days 00:24:41.881000,RUS,63,0 days 00:01:51.976000,7.0,1.0,,,0 days 00:00:38.009000,0 days 00:00:37.616000,0 days 00:00:36.351000,0 days 00:23:27.914000,0 days 00:24:05.530000,0 days 00:24:41.881000,203.0,162.0,296.0,204.0,False,MEDIUM,7.0,True,Mercedes,0 days 00:22:49.905000,2026-08-21 14:39:12.290,1,,,,False,True,SQ
0 days 00:25:55.159000,RUS,63,0 days 00:01:13.278000,8.0,1.0,,,0 days 00:00:25.122000,0 days 00:00:26.054000,0 days 00:00:22.102000,0 days 00:25:07.003000,0 days 00:25:33.057000,0 days 00:25:55.159000,294.0,285.0,310.0,316.0,True,MEDIUM,8.0,True,Mercedes,0 days 00:24:41.881000,2026-08-21 14:41:04.266,1,,,,False,True,SQ
0 days 00:27:34.430000,RUS,63,0 days 00:01:39.271000,9.0,1.0,,0 days 00:27:33.247000,0 days 00:00:32.651000,0 days 00:00:34.308000,0 days 00:00:32.312000,0 days 00:26:27.810000,0 days 00:27:02.118000,0 days 00:27:34.430000,249.0,251.0,,217.0,False,MEDIUM,9.0,True,Mercedes,0 days 00:25:55.159000,2026-08-21 14:42:17.544,1,,,,False,False,SQ
0 days 00:37:00.970000,RUS,63,,10.0,2.0,0 days 00:35:28.527000,,,0 days 00:00:33.078000,0 days 00:00:25.666000,,0 days 00:36:35.387000,0 days 00:37:00.998000,283.0,255.0,307.0,217.0,False,MEDIUM,1.0,True,Mercedes,0 days 00:27:34.430000,2026-08-21 14:43:56.815,12,,,,False,False,SQ
0 days 00:38:30.536000,RUS,63,0 days 00:01:29.566000,11.0,2.0,,,0 days 00:00:28.844000,0 days 00:00:35.586000,0 days 00:00:25.136000,0 days 00:37:29.814000,0 days 00:38:05.400000,0 days 00:38:30.536000,246.0,229.0,302.0,275.0,True,MEDIUM,2.0,True,Mercedes,0 days 00:37:00.970000,2026-08-21 14:53:23.355,1,,,,False,True,SQ
0 days 00:39:42.771000,RUS,63,0 days 00:01:12.235000,12.0,2.0,,,0 days 00:00:24.651000,0 days 00:00:25.507000,0 days 00:00:22.077000,0 days 00:38:55.187000,0 days 00:39:20.694000,0 days 00:39:42.771000,294.0,284.0,310.0,321.0,True,MEDIUM,3.0,True,Mercedes,0 days 00:38:30.536000,2026-08-21 14:54:52.921,1,,,,False,True,SQ
0 days 00:41:27.506000,RUS,63,0 days 00:01:44.735000,13.0,2.0,,0 days 00:41:26.171000,0 days 00:00:40.188000,0 days 00:00:34.053000,0 days 00:00:30.494000,0 days 00:40:22.959000,0 days 00:40:57.012000,0 days 00:41:27.506000,191.0,270.0,,222.0,False,MEDIUM,4.0,True,Mercedes,0 days 00:39:42.771000,2026-08-21 14:56:05.156,1,,,,False,False,SQ
0 days 00:54:50.162000,RUS,63,,14.0,3.0,0 days 00:53:22.937000,,,0 days 00:00:29.945000,0 days 00:00:23.900000,,0 days 00:54:26.302000,0 days 00:54:50.243000,283.0,272.0,303.0,222.0,False,SOFT,1.0,True,Mercedes,0 days 00:41:27.506000,2026-08-21 14:57:49.891,12,,,,False,False,SQ
0 days 00:56:18.742000,RUS,63,0 days 00:01:28.580000,15.0,3.0,,,0 days 00:00:31.901000,0 days 00:00:31.555000,0 days 00:00:25.124000,0 days 00:55:22.063000,0 days 00:55:53.618000,0 days 00:56:18.742000,232.0,234.0,302.0,287.0,True,SOFT,2.0,True,Mercedes,0 days 00:54:50.162000,2026-08-21 15:11:12.547,1,,,,False,True,SQ
0 days 00:57:30.309000,RUS,63,0 days 00:01:11.567000,16.0,3.0,,,0 days 00:00:24.381000,0 days 00:00:25.434000,0 days 00:00:21.752000,0 days 00:56:43.123000,0 days 00:57:08.557000,0 days 00:57:30.309000,294.0,285.0,317.0,321.0,True,SOFT,3.0,True,Mercedes,0 days 00:56:18.742000,2026-08-21 15:12:41.127,1,,,,False,True,SQ
0 days 00:59:16.143000,RUS,63,0 days 00:01:45.834000,17.0,3.0,,0 days 00:59:14.103000,0 days 00:00:33.987000,0 days 00:00:35.020000,0 days 00:00:36.827000,0 days 00:58:04.296000,0 days 00:58:39.316000,0 days 00:59:16.143000,220.0,195.0,,240.0,False,SOFT,4.0,True,Mercedes,0 days 00:57:30.309000,2026-08-21 15:13:52.694,1,,,,False,False,SQ
0 days 00:16:52.289000,HAM,44,,1.0,1.0,0 days 00:15:20.932000,,,0 days 00:00:29.040000,0 days 00:00:26.047000,,0 days 00:16:26.333000,0 days 00:16:52.501000,267.0,226.0,308.0,,False,MEDIUM,1.0,True,Ferrari,0 days 00:15:20.932000,2026-08-21 14:31:43.317,1,,,,False,False,SQ
0 days 00:18:24.231000,HAM,44,0 days 00:01:31.942000,2.0,1.0,,,0 days 00:00:31.610000,0 days 00:00:31.643000,0 days 00:00:28.689000,0 days 00:17:23.899000,0 days 00:17:55.542000,0 days 00:18:24.231000,223.0,233.0,311.0,310.0,True,MEDIUM,2.0,True,Ferrari,0 days 00:16:52.289000,2026-08-21 14:33:14.674,1,,,,False,True,SQ
0 days 00:19:37.382000,HAM,44,0 days 00:01:13.151000,3.0,1.0,,,0 days 00:00:25.074000,0 days 00:00:25.564000,0 days 00:00:22.513000,0 days 00:18:49.305000,0 days 00:19:14.869000,0 days 00:19:37.382000,290.0,286.0,293.0,313.0,True,MEDIUM,3.0,True,Ferrari,0 days 00:18:24.231000,2026-08-21 14:34:46.616,1,,,,False,True,SQ
0 days 00:21:15.411000,HAM,44,0 days 00:01:38.029000,4.0,1.0,,,0 days 00:00:35.753000,0 days 00:00:32.798000,0 days 00:00:29.478000,0 days 00:20:13.135000,0 days 00:20:45.933000,0 days 00:21:15.411000,178.0,231.0,175.0,224.0,False,MEDIUM,4.0,True,Ferrari,0 days 00:19:37.382000,2026-08-21 14:35:59.767,1,,,,False,True,SQ
0 days 00:22:54.645000,HAM,44,0 days 00:01:39.234000,5.0,1.0,,,0 days 00:00:38.017000,0 days 00:00:35.180000,0 days 00:00:26.037000,0 days 00:21:53.428000,0 days 00:22:28.608000,0 days 00:22:54.645000,177.0,230.0,309.0,148.0,False,MEDIUM,5.0,True,Ferrari,0 days 00:21:15.411000,2026-08-21 14:37:37.796,1,,,,False,True,SQ
0 days 00:24:17.935000,HAM,44,0 days 00:01:23.290000,6.0,1.0,,,0 days 00:00:25.998000,0 days 00:00:30.395000,0 days 00:00:26.897000,0 days 00:23:20.643000,0 days 00:23:51.038000,0 days 00:24:17.935000,245.0,245.0,309.0,311.0,False,MEDIUM,6.0,True,Ferrari,0 days 00:22:54.645000,2026-08-21 14:39:17.030,1,,,,False,True,SQ
0 days 00:25:42.115000,HAM,44,0 days 00:01:24.180000,7.0,1.0,,0 days 00:25:38.485000,0 days 00:00:24.853000,0 days 00:00:25.929000,0 days 00:00:33.398000,0 days 00:24:42.788000,0 days 00:25:08.717000,0 days 00:25:42.115000,291.0,278.0,,312.0,False,MEDIUM,7.0,True,Ferrari,0 days 00:24:17.935000,2026-08-21 14:40:40.320,1,,,,False,False,SQ
0 days 00:35:49.591000,HAM,44,,8.0,2.0,0 days 00:34:12.740000,,,0 days 00:00:28.644000,0 days 00:00:28.167000,,0 days 00:35:21.449000,0 days 00:35:49.836000,243.0,184.0,311.0,312.0,False,MEDIUM,1.0,True,Ferrari,0 days 00:25:42.115000,2026-08-21 14:42:04.500,12,,,,False,False,SQ
0 days 00:37:21.715000,HAM,44,0 days 00:01:32.124000,9.0,2.0,,,0 days 00:00:30.753000,0 days 00:00:33.763000,0 days 00:00:27.608000,0 days 00:36:20.344000,0 days 00:36:54.107000,0 days 00:37:21.715000,177.0,230.0,309.0,312.0,True,MEDIUM,2.0,True,Ferrari,0 days 00:35:49.591000,2026-08-21 14:52:11.976,1,,,,False,True,SQ
0 days 00:38:34.160000,HAM,44,0 days 00:01:12.445000,10.0,2.0,,,0 days 00:00:24.821000,0 days 00:00:25.469000,0 days 00:00:22.155000,0 days 00:37:46.536000,0 days 00:38:12.005000,0 days 00:38:34.160000,290.0,283.0,301.0,313.0,True,MEDIUM,3.0,True,Ferrari,0 days 00:37:21.715000,2026-08-21 14:53:44.100,1,,,,False,True,SQ
0 days 00:40:14.350000,HAM,44,0 days 00:01:40.190000,11.0,2.0,,0 days 00:40:13.056000,0 days 00:00:35.462000,0 days 00:00:31.871000,0 days 00:00:32.857000,0 days 00:39:09.622000,0 days 00:39:41.493000,0 days 00:40:14.350000,195.0,227.0,,219.0,False,MEDIUM,4.0,True,Ferrari,0 days 00:38:34.160000,2026-08-21 14:54:56.545,1,,,,False,False,SQ
0 days 00:55:18.157000,HAM,44,,12.0,3.0,0 days 00:53:38.982000,,,0 days 00:00:28.538000,0 days 00:00:26.593000,,0 days 00:54:51.644000,0 days 00:55:18.249000,271.0,233.0,260.0,219.0,False,SOFT,1.0,True,Ferrari,0 days 00:40:14.350000,2026-08-21 14:56:36.735,12,,,,False,False,SQ
0 days 00:56:48.740000,HAM,44,0 days 00:01:30.583000,13.0,3.0,,,0 days 00:00:28.056000,0 days 00:00:29.619000,0 days 00:00:32.908000,0 days 00:55:46.213000,0 days 00:56:15.832000,0 days 00:56:48.740000,276.0,162.0,310.0,256.0,True,SOFT,2.0,True,Ferrari,0 days 00:55:18.157000,2026-08-21 15:11:40.542,1,,,,False,True,SQ
0 days 00:58:00.931000,HAM,44,0 days 00:01:12.191000,14.0,3.0,,,0 days 00:00:24.916000,0 days 00:00:25.311000,0 days 00:00:21.964000,0 days 00:57:13.656000,0 days 00:57:38.967000,0 days 00:58:00.931000,289.0,288.0,307.0,313.0,True,SOFT,3.0,True,Ferrari,0 days 00:56:48.740000,2026-08-21 15:13:11.125,1,,,,False,True,SQ
0 days 01:00:38.009000,HAM,44,,15.0,3.0,,0 days 01:00:38.009000,0 days 00:00:34.612000,0 days 00:00:30.129000,,0 days 00:58:35.620000,0 days 00:59:05.783000,,209.0,209.0,,230.0,False,SOFT,4.0,True,Ferrari,0 days 00:58:00.931000,2026-08-21 15:14:23.316,12,,,,False,False,SQ
0 days 00:16:45.636000,LEC,16,,1.0,1.0,0 days 00:15:16.130000,,,0 days 00:00:29.934000,0 days 00:00:28.113000,,0 days 00:16:17.523000,0 days 00:16:45.855000,272.0,233.0,242.0,,False,MEDIUM,1.0,True,Ferrari,0 days 00:15:16.130000,2026-08-21 14:31:38.515,1,,,,False,False,SQ
0 days 00:18:14.494000,LEC,16,0 days 00:01:28.858000,2.0,1.0,,,0 days 00:00:30.226000,0 days 00:00:31.320000,0 days 00:00:27.312000,0 days 00:17:15.862000,0 days 00:17:47.182000,0 days 00:18:14.494000,273.0,241.0,310.0,238.0,True,MEDIUM,2.0,True,Ferrari,0 days 00:16:45.636000,2026-08-21 14:33:08.021,1,,,,False,True,SQ
0 days 00:19:27.723000,LEC,16,0 days 00:01:13.229000,3.0,1.0,,,0 days 00:00:25.211000,0 days 00:00:25.719000,0 days 00:00:22.299000,0 days 00:18:39.705000,0 days 00:19:05.424000,0 days 00:19:27.723000,291.0,285.0,306.0,310.0,True,MEDIUM,3.0,True,Ferrari,0 days 00:18:14.494000,2026-08-21 14:34:36.879,1,,,,False,True,SQ
0 days 00:21:05.338000,LEC,16,0 days 00:01:37.615000,4.0,1.0,,,0 days 00:00:36.121000,0 days 00:00:34.926000,0 days 00:00:26.568000,0 days 00:20:03.844000,0 days 00:20:38.770000,0 days 00:21:05.338000,200.0,216.0,311.0,275.0,False,MEDIUM,4.0,True,Ferrari,0 days 00:19:27.723000,2026-08-21 14:35:50.108,1,,,,False,True,SQ
0 days 00:22:18.351000,LEC,16,0 days 00:01:13.013000,5.0,1.0,,,0 days 00:00:25.051000,0 days 00:00:25.700000,0 days 00:00:22.262000,0 days 00:21:30.389000,0 days 00:21:56.089000,0 days 00:22:18.351000,290.0,288.0,296.0,310.0,True,MEDIUM,5.0,True,Ferrari,0 days 00:21:05.338000,2026-08-21 14:37:27.723,1,,,,False,True,SQ
0 days 00:23:54.764000,LEC,16,0 days 00:01:36.413000,6.0,1.0,,,0 days 00:00:34.473000,0 days 00:00:34.217000,0 days 00:00:27.723000,0 days 00:22:52.824000,0 days 00:23:27.041000,0 days 00:23:54.764000,193.0,158.0,309.0,264.0,False,MEDIUM,6.0,True,Ferrari,0 days 00:22:18.351000,2026-08-21 14:38:40.736,1,,,,False,True,SQ
0 days 00:25:07.775000,LEC,16,0 days 00:01:13.011000,7.0,1.0,,,0 days 00:00:25.084000,0 days 00:00:25.718000,0 days 00:00:22.209000,0 days 00:24:19.848000,0 days 00:24:45.566000,0 days 00:25:07.775000,292.0,286.0,306.0,311.0,True,MEDIUM,7.0,True,Ferrari,0 days 00:23:54.764000,2026-08-21 14:40:17.149,1,,,,False,True,SQ
0 days 00:26:43.900000,LEC,16,0 days 00:01:36.125000,8.0,1.0,,0 days 00:26:42.695000,0 days 00:00:31.774000,0 days 00:00:32.804000,0 days 00:00:31.547000,0 days 00:25:39.549000,0 days 00:26:12.353000,0 days 00:26:43.900000,213.0,216.0,,242.0,False,MEDIUM,8.0,True,Ferrari,0 days 00:25:07.775000,2026-08-21 14:41:30.160,1,,,,False,False,SQ
0 days 00:35:45.281000,LEC,16,,9.0,2.0,0 days 00:34:08.679000,,,0 days 00:00:29.148000,0 days 00:00:28.709000,,0 days 00:35:16.716000,0 days 00:35:45.398000,248.0,239.0,245.0,242.0,False,MEDIUM,1.0,True,Ferrari,0 days 00:26:43.900000,2026-08-21 14:43:06.285,12,,,,False,False,SQ
0 days 00:37:10.111000,LEC,16,0 days 00:01:24.830000,10.0,2.0,,,0 days 00:00:28.155000,0 days 00:00:29.266000,0 days 00:00:27.409000,0 days 00:36:13.436000,0 days 00:36:42.702000,0 days 00:37:10.111000,275.0,243.0,310.0,246.0,True,MEDIUM,2.0,True,Ferrari,0 days 00:35:45.281000,2026-08-21 14:52:07.666,1,,,,False,True,SQ
0 days 00:38:22.301000,LEC,16,0 days 00:01:12.190000,11.0,2.0,,,0 days 00:00:24.805000,0 days 00:00:25.342000,0 days 00:00:22.043000,0 days 00:37:34.916000,0 days 00:38:00.258000,0 days 00:38:22.301000,291.0,287.0,298.0,313.0,True,MEDIUM,3.0,True,Ferrari,0 days 00:37:10.111000,2026-08-21 14:53:32.496,1,,,,False,True,SQ
0 days 00:40:02.991000,LEC,16,0 days 00:01:40.690000,12.0,2.0,,0 days 00:40:01.822000,0 days 00:00:34.341000,0 days 00:00:33.574000,0 days 00:00:32.775000,0 days 00:38:56.642000,0 days 00:39:30.216000,0 days 00:40:02.991000,219.0,208.0,,220.0,False,MEDIUM,4.0,True,Ferrari,0 days 00:38:22.301000,2026-08-21 14:54:44.686,1,,,,False,False,SQ
0 days 00:55:03.919000,LEC,16,,13.0,3.0,0 days 00:53:27.744000,,,0 days 00:00:30.004000,0 days 00:00:28.257000,,0 days 00:54:35.744000,0 days 00:55:03.963000,273.0,232.0,244.0,220.0,False,SOFT,1.0,True,Ferrari,0 days 00:40:02.991000,2026-08-21 14:56:25.376,12,,,,False,False,SQ
0 days 00:56:29.447000,LEC,16,0 days 00:01:25.528000,14.0,3.0,,,0 days 00:00:28.959000,0 days 00:00:29.262000,0 days 00:00:27.307000,0 days 00:55:32.878000,0 days 00:56:02.140000,0 days 00:56:29.447000,273.0,180.0,310.0,247.0,True,SOFT,2.0,True,Ferrari,0 days 00:55:03.919000,2026-08-21 15:11:26.304,1,,,,False,True,SQ
0 days 00:57:41.069000,LEC,16,0 days 00:01:11.622000,15.0,3.0,,,0 days 00:00:24.599000,0 days 00:00:25.146000,0 days 00:00:21.877000,0 days 00:56:54.046000,0 days 00:57:19.192000,0 days 00:57:41.069000,290.0,288.0,299.0,309.0,True,SOFT,3.0,True,Ferrari,0 days 00:56:29.447000,2026-08-21 15:12:51.832,1,,,,False,True,SQ
0 days 00:59:23.622000,LEC,16,,16.0,3.0,,0 days 00:59:23.622000,0 days 00:00:33.375000,0 days 00:00:33.237000,,0 days 00:58:14.489000,0 days 00:58:47.780000,,209.0,173.0,,235.0,False,SOFT,4.0,True,Ferrari,0 days 00:57:41.069000,2026-08-21 15:14:03.454,1,,,,False,False,SQ
0 days 00:18:36.308000,PIA,81,,1.0,1.0,0 days 00:16:51.533000,,,0 days 00:00:33.015000,0 days 00:00:31.399000,,0 days 00:18:04.976000,0 days 00:18:38.165000,200.0,249.0,267.0,,False,MEDIUM,1.0,True,McLaren,0 days 00:16:51.533000,2026-08-21 14:33:13.918,1,,,,False,False,SQ
0 days 00:20:04.220000,PIA,81,0 days 00:01:27.912000,2.0,1.0,,,0 days 00:00:29.523000,0 days 00:00:29.532000,0 days 00:00:28.857000,0 days 00:19:05.831000,0 days 00:19:35.363000,0 days 00:20:04.220000,250.0,245.0,314.0,261.0,True,MEDIUM,2.0,True,McLaren,0 days 00:18:36.308000,2026-08-21 14:34:58.693,1,,,,False,True,SQ
0 days 00:21:17.346000,PIA,81,0 days 00:01:13.126000,3.0,1.0,,,0 days 00:00:24.940000,0 days 00:00:25.758000,0 days 00:00:22.428000,0 days 00:20:29.160000,0 days 00:20:54.918000,0 days 00:21:17.346000,294.0,284.0,300.0,314.0,True,MEDIUM,3.0,True,McLaren,0 days 00:20:04.220000,2026-08-21 14:36:26.605,1,,,,False,True,SQ
0 days 00:23:03.733000,PIA,81,0 days 00:01:46.387000,4.0,1.0,,0 days 00:23:02.509000,0 days 00:00:38.548000,0 days 00:00:35.277000,0 days 00:00:32.562000,0 days 00:21:55.894000,0 days 00:22:31.171000,0 days 00:23:03.733000,216.0,214.0,,231.0,False,MEDIUM,4.0,True,McLaren,0 days 00:21:17.346000,2026-08-21 14:37:39.731,1,,,,False,False,SQ
0 days 00:35:30.618000,PIA,81,,5.0,2.0,0 days 00:33:59.750000,,,0 days 00:00:29.046000,0 days 00:00:25.190000,,0 days 00:35:05.468000,0 days 00:35:30.618000,245.0,240.0,310.0,231.0,False,MEDIUM,1.0,True,McLaren,0 days 00:23:03.733000,2026-08-21 14:39:26.118,12,,,,False,False,SQ
0 days 00:36:58.319000,PIA,81,0 days 00:01:27.701000,6.0,2.0,,,0 days 00:00:27.888000,0 days 00:00:31.295000,0 days 00:00:28.518000,0 days 00:35:58.506000,0 days 00:36:29.801000,0 days 00:36:58.319000,228.0,240.0,312.0,305.0,True,MEDIUM,2.0,True,McLaren,0 days 00:35:30.618000,2026-08-21 14:51:53.003,1,,,,False,True,SQ
0 days 00:38:10.345000,PIA,81,0 days 00:01:12.026000,7.0,2.0,,,0 days 00:00:24.719000,0 days 00:00:25.230000,0 days 00:00:22.077000,0 days 00:37:23.038000,0 days 00:37:48.268000,0 days 00:38:10.345000,292.0,281.0,302.0,311.0,True,MEDIUM,3.0,True,McLaren,0 days 00:36:58.319000,2026-08-21 14:53:20.704,1,,,,False,True,SQ
0 days 00:39:51.006000,PIA,81,0 days 00:01:40.661000,8.0,2.0,,,0 days 00:00:33.997000,0 days 00:00:37.087000,0 days 00:00:29.577000,0 days 00:38:44.342000,0 days 00:39:21.429000,0 days 00:39:51.006000,226.0,156.0,192.0,244.0,False,MEDIUM,4.0,True,McLaren,0 days 00:38:10.345000,2026-08-21 14:54:32.730,1,,,,False,True,SQ
0 days 00:41:27.648000,PIA,81,0 days 00:01:36.642000,9.0,2.0,,,0 days 00:00:37.665000,0 days 00:00:32.606000,0 days 00:00:26.371000,0 days 00:40:28.671000,0 days 00:41:01.277000,0 days 00:41:27.648000,212.0,237.0,310.0,155.0,False,MEDIUM,5.0,True,McLaren,0 days 00:39:51.006000,2026-08-21 14:56:13.391,1,,,,False,True,SQ
0 days 00:42:39.756000,PIA,81,0 days 00:01:12.108000,10.0,2.0,,,0 days 00:00:24.734000,0 days 00:00:25.223000,0 days 00:00:22.151000,0 days 00:41:52.382000,0 days 00:42:17.605000,0 days 00:42:39.756000,292.0,287.0,303.0,309.0,False,MEDIUM,6.0,True,McLaren,0 days 00:41:27.648000,2026-08-21 14:57:50.033,1,,,,False,True,SQ
0 days 00:44:17.570000,PIA,81,0 days 00:01:37.814000,11.0,2.0,,0 days 00:44:16.375000,0 days 00:00:31.518000,0 days 00:00:32.408000,0 days 00:00:33.888000,0 days 00:43:11.274000,0 days 00:43:43.682000,0 days 00:44:17.570000,219.0,203.0,,230.0,False,MEDIUM,7.0,True,McLaren,0 days 00:42:39.756000,2026-08-21 14:59:02.141,1,,,,False,False,SQ
0 days 00:55:08.407000,PIA,81,,12.0,3.0,0 days 00:53:31.654000,,,0 days 00:00:29.084000,0 days 00:00:25.585000,,0 days 00:54:42.864000,0 days 00:55:08.566000,254.0,263.0,253.0,230.0,False,SOFT,1.0,True,McLaren,0 days 00:44:17.570000,2026-08-21 15:00:39.955,12,,,,False,False,SQ
0 days 00:56:36.405000,PIA,81,0 days 00:01:27.998000,13.0,3.0,,,0 days 00:00:28.677000,0 days 00:00:32.563000,0 days 00:00:26.758000,0 days 00:55:37.084000,0 days 00:56:09.647000,0 days 00:56:36.405000,257.0,235.0,312.0,252.0,True,SOFT,2.0,True,McLaren,0 days 00:55:08.407000,2026-08-21 15:11:30.792,1,,,,False,True,SQ
0 days 00:57:48.071000,PIA,81,0 days 00:01:11.666000,14.0,3.0,,,0 days 00:00:24.467000,0 days 00:00:25.169000,0 days 00:00:22.030000,0 days 00:57:00.872000,0 days 00:57:26.041000,0 days 00:57:48.071000,294.0,288.0,303.0,309.0,True,SOFT,3.0,True,McLaren,0 days 00:56:36.405000,2026-08-21 15:12:58.790,1,,,,False,True,SQ
0 days 00:59:15.683000,PIA,81,,15.0,3.0,,0 days 01:00:38.009000,0 days 00:00:32.353000,0 days 00:00:33.106000,0 days 00:00:22.030000,0 days 00:58:20.564000,0 days 00:58:53.653000,0 days 01:00:38.009000,223.0,181.0,,245.0,False,SOFT,4.0,True,McLaren,0 days 00:57:48.071000,2026-08-21 15:14:10.456,1,,,,False,False,SQ
0 days 00:17:19.793000,HUL,27,,1.0,1.0,0 days 00:15:46.848000,,,0 days 00:00:33.486000,0 days 00:00:27.875000,,0 days 00:16:51.970000,0 days 00:17:19.971000,262.0,237.0,272.0,,False,MEDIUM,1.0,True,Audi,0 days 00:15:46.848000,2026-08-21 14:32:09.233,1,,,,False,False,SQ
0 days 00:18:46.814000,HUL,27,0 days 00:01:27.021000,2.0,1.0,,,0 days 00:00:30.514000,0 days 00:00:30.178000,0 days 00:00:26.329000,0 days 00:17:50.307000,0 days 00:18:20.485000,0 days 00:18:46.814000,245.0,241.0,304.0,237.0,True,MEDIUM,2.0,True,Audi,0 days 00:17:19.793000,2026-08-21 14:33:42.178,1,,,,False,True,SQ
0 days 00:20:01.592000,HUL,27,0 days 00:01:14.778000,3.0,1.0,,,0 days 00:00:25.910000,0 days 00:00:26.397000,0 days 00:00:22.471000,0 days 00:19:12.724000,0 days 00:19:39.121000,0 days 00:20:01.592000,292.0,292.0,311.0,301.0,True,MEDIUM,3.0,True,Audi,0 days 00:18:46.814000,2026-08-21 14:35:09.199,1,,,,False,True,SQ
0 days 00:21:45.551000,HUL,27,0 days 00:01:43.959000,4.0,1.0,,0 days 00:21:42.931000,0 days 00:00:34.536000,0 days 00:00:34.848000,0 days 00:00:34.575000,0 days 00:20:36.128000,0 days 00:21:10.976000,0 days 00:21:45.551000,222.0,219.0,,195.0,False,MEDIUM,4.0,True,Audi,0 days 00:20:01.592000,2026-08-21 14:36:23.977,1,,,,False,False,SQ
0 days 00:23:58.906000,HUL,27,0 days 00:02:13.355000,5.0,2.0,0 days 00:22:29.505000,,0 days 00:01:15.021000,0 days 00:00:30.482000,0 days 00:00:27.852000,0 days 00:23:00.572000,0 days 00:23:31.054000,0 days 00:23:58.906000,246.0,238.0,304.0,195.0,False,MEDIUM,5.0,False,Audi,0 days 00:21:45.551000,2026-08-21 14:38:07.936,1,,,,False,False,SQ
0 days 00:25:13.190000,HUL,27,0 days 00:01:14.284000,6.0,2.0,,,0 days 00:00:25.728000,0 days 00:00:26.130000,0 days 00:00:22.426000,0 days 00:24:24.634000,0 days 00:24:50.764000,0 days 00:25:13.190000,289.0,289.0,305.0,302.0,True,MEDIUM,6.0,False,Audi,0 days 00:23:58.906000,2026-08-21 14:40:21.291,1,,,,False,True,SQ
0 days 00:26:54.659000,HUL,27,0 days 00:01:41.469000,7.0,2.0,,0 days 00:26:53.403000,0 days 00:00:32.519000,0 days 00:00:34.103000,0 days 00:00:34.847000,0 days 00:25:45.709000,0 days 00:26:19.812000,0 days 00:26:54.659000,228.0,201.0,,234.0,False,MEDIUM,7.0,False,Audi,0 days 00:25:13.190000,2026-08-21 14:41:35.575,1,,,,False,False,SQ
0 days 00:34:05.715000,HUL,27,,8.0,3.0,0 days 00:32:43.568000,,,0 days 00:00:28.678000,0 days 00:00:25.311000,,0 days 00:33:40.566000,0 days 00:34:05.836000,246.0,241.0,303.0,234.0,False,MEDIUM,1.0,True,Audi,0 days 00:26:54.659000,2026-08-21 14:43:17.044,12,,,,False,False,SQ
0 days 00:35:19.641000,HUL,27,0 days 00:01:13.926000,9.0,3.0,,,0 days 00:00:25.666000,0 days 00:00:25.977000,0 days 00:00:22.283000,0 days 00:34:31.381000,0 days 00:34:57.358000,0 days 00:35:19.641000,290.0,290.0,304.0,301.0,True,MEDIUM,2.0,True,Audi,0 days 00:34:05.715000,2026-08-21 14:50:28.100,1,,,,False,True,SQ
0 days 00:37:00.440000,HUL,27,0 days 00:01:40.799000,10.0,3.0,,0 days 00:36:59.278000,0 days 00:00:31.705000,0 days 00:00:34.700000,0 days 00:00:34.394000,0 days 00:35:51.346000,0 days 00:36:26.046000,0 days 00:37:00.440000,233.0,196.0,,232.0,False,MEDIUM,3.0,True,Audi,0 days 00:35:19.641000,2026-08-21 14:51:42.026,1,,,,False,False,SQ
0 days 00:40:43.376000,HUL,27,,11.0,4.0,0 days 00:39:14.260000,,,0 days 00:00:30.408000,0 days 00:00:28.551000,,0 days 00:40:14.922000,0 days 00:40:43.511000,245.0,242.0,303.0,232.0,False,MEDIUM,1.0,True,Audi,0 days 00:37:00.440000,2026-08-21 14:53:22.825,1,,,,False,False,SQ
0 days 00:41:56.992000,HUL,27,0 days 00:01:13.616000,12.0,4.0,,,0 days 00:00:25.399000,0 days 00:00:25.964000,0 days 00:00:22.253000,0 days 00:41:08.775000,0 days 00:41:34.739000,0 days 00:41:56.992000,289.0,289.0,307.0,306.0,True,MEDIUM,2.0,True,Audi,0 days 00:40:43.376000,2026-08-21 14:57:05.761,1,,,,False,True,SQ
0 days 00:43:34.430000,HUL,27,0 days 00:01:37.438000,13.0,4.0,,0 days 00:43:33.130000,0 days 00:00:32.794000,0 days 00:00:31.737000,0 days 00:00:32.907000,0 days 00:42:29.786000,0 days 00:43:01.523000,0 days 00:43:34.430000,244.0,225.0,,228.0,False,MEDIUM,3.0,True,Audi,0 days 00:41:56.992000,2026-08-21 14:58:19.377,1,,,,False,False,SQ
0 days 00:20:08.004000,GAS,10,,1.0,1.0,0 days 00:18:33.481000,,,0 days 00:00:28.640000,0 days 00:00:30.109000,,0 days 00:19:37.924000,0 days 00:20:08.410000,258.0,252.0,304.0,,False,MEDIUM,1.0,True,Alpine,0 days 00:18:33.481000,2026-08-21 14:34:55.866,1,,,,False,False,SQ
0 days 00:21:21.981000,GAS,10,0 days 00:01:13.977000,2.0,1.0,,,0 days 00:00:25.505000,0 days 00:00:26.012000,0 days 00:00:22.460000,0 days 00:20:33.509000,0 days 00:20:59.521000,0 days 00:21:21.981000,294.0,288.0,313.0,305.0,True,MEDIUM,2.0,True,Alpine,0 days 00:20:08.004000,2026-08-21 14:36:30.389,1,,,,False,True,SQ
0 days 00:23:04.498000,GAS,10,0 days 00:01:42.517000,3.0,1.0,,,0 days 00:00:37.489000,0 days 00:00:33.627000,0 days 00:00:31.401000,0 days 00:21:59.470000,0 days 00:22:33.097000,0 days 00:23:04.498000,242.0,244.0,274.0,235.0,False,MEDIUM,3.0,True,Alpine,0 days 00:21:21.981000,2026-08-21 14:37:44.366,1,,,,False,True,SQ
0 days 00:24:50.832000,GAS,10,0 days 00:01:46.334000,4.0,1.0,,,0 days 00:00:37.424000,0 days 00:00:36.341000,0 days 00:00:32.569000,0 days 00:23:41.922000,0 days 00:24:18.263000,0 days 00:24:50.832000,223.0,236.0,298.0,226.0,False,MEDIUM,4.0,True,Alpine,0 days 00:23:04.498000,2026-08-21 14:39:26.883,1,,,,False,True,SQ
0 days 00:26:05.084000,GAS,10,0 days 00:01:14.252000,5.0,1.0,,,0 days 00:00:25.590000,0 days 00:00:26.179000,0 days 00:00:22.483000,0 days 00:25:16.422000,0 days 00:25:42.601000,0 days 00:26:05.084000,295.0,284.0,306.0,295.0,False,MEDIUM,5.0,True,Alpine,0 days 00:24:50.832000,2026-08-21 14:41:13.217,1,,,,False,True,SQ
0 days 00:27:48.271000,GAS,10,0 days 00:01:43.187000,6.0,1.0,,0 days 00:27:46.917000,0 days 00:00:34.699000,0 days 00:00:33.861000,0 days 00:00:34.627000,0 days 00:26:39.783000,0 days 00:27:13.644000,0 days 00:27:48.271000,199.0,193.0,,227.0,False,MEDIUM,6.0,True,Alpine,0 days 00:26:05.084000,2026-08-21 14:42:27.469,1,,,,False,False,SQ
0 days 00:41:16.778000,GAS,10,,7.0,2.0,0 days 00:39:50.600000,,,0 days 00:00:28.107000,0 days 00:00:25.744000,,0 days 00:40:51.103000,0 days 00:41:16.778000,275.0,236.0,302.0,227.0,False,MEDIUM,1.0,True,Alpine,0 days 00:27:48.271000,2026-08-21 14:44:10.656,12,,,,False,False,SQ
0 days 00:42:29.498000,GAS,10,0 days 00:01:12.720000,8.0,2.0,,,0 days 00:00:25,0 days 00:00:25.620000,0 days 00:00:22.100000,0 days 00:41:41.778000,0 days 00:42:07.398000,0 days 00:42:29.498000,294.0,287.0,313.0,317.0,True,MEDIUM,2.0,True,Alpine,0 days 00:41:16.778000,2026-08-21 14:57:39.163,1,,,,False,True,SQ
0 days 00:44:12.849000,GAS,10,0 days 00:01:43.351000,9.0,2.0,,0 days 00:44:11.346000,0 days 00:00:33.480000,0 days 00:00:35.356000,0 days 00:00:34.515000,0 days 00:43:02.978000,0 days 00:43:38.334000,0 days 00:44:12.849000,220.0,230.0,,237.0,False,MEDIUM,3.0,True,Alpine,0 days 00:42:29.498000,2026-08-21 14:58:51.883,1,,,,False,False,SQ
0 days 00:57:13.267000,GAS,10,,10.0,3.0,0 days 00:55:48.028000,,,0 days 00:00:29.077000,0 days 00:00:25.474000,,0 days 00:56:47.895000,0 days 00:57:13.380000,275.0,239.0,304.0,237.0,False,SOFT,1.0,True,Alpine,0 days 00:44:12.849000,2026-08-21 15:00:35.234,12,,,,False,False,SQ
0 days 00:58:25.845000,GAS,10,0 days 00:01:12.578000,11.0,3.0,,,0 days 00:00:25.094000,0 days 00:00:25.493000,0 days 00:00:21.991000,0 days 00:57:38.361000,0 days 00:58:03.854000,0 days 00:58:25.845000,294.0,287.0,315.0,316.0,True,SOFT,2.0,True,Alpine,0 days 00:57:13.267000,2026-08-21 15:13:35.652,1,,,,False,True,SQ
0 days 01:00:37.994000,GAS,10,,12.0,3.0,,0 days 01:00:37.994000,0 days 00:00:35.475000,0 days 00:00:33.155000,,0 days 00:59:01.436000,0 days 00:59:34.602000,,207.0,243.0,,255.0,False,SOFT,3.0,True,Alpine,0 days 00:58:25.845000,2026-08-21 15:14:48.230,12,,,,False,False,SQ
0 days 00:20:27.635000,BOR,5,,1.0,1.0,0 days 00:18:39.181000,,,0 days 00:00:31.227000,0 days 00:00:31.902000,,0 days 00:19:55.824000,0 days 00:20:27.830000,250.0,218.0,306.0,,False,MEDIUM,1.0,True,Audi,0 days 00:18:39.181000,2026-08-21 14:35:01.566,1,,,,False,False,SQ
0 days 00:21:41.365000,BOR,5,0 days 00:01:13.730000,2.0,1.0,,,0 days 00:00:25.315000,0 days 00:00:25.889000,0 days 00:00:22.526000,0 days 00:20:52.950000,0 days 00:21:18.839000,0 days 00:21:41.365000,293.0,292.0,308.0,309.0,True,MEDIUM,2.0,True,Audi,0 days 00:20:27.635000,2026-08-21 14:36:50.020,1,,,,False,True,SQ
0 days 00:23:25.048000,BOR,5,0 days 00:01:43.683000,3.0,1.0,,,0 days 00:00:35.734000,0 days 00:00:37.382000,0 days 00:00:30.567000,0 days 00:22:17.099000,0 days 00:22:54.481000,0 days 00:23:25.048000,214.0,136.0,237.0,262.0,False,MEDIUM,3.0,True,Audi,0 days 00:21:41.365000,2026-08-21 14:38:03.750,1,,,,False,True,SQ
0 days 00:25:05.833000,BOR,5,0 days 00:01:40.785000,4.0,1.0,,,0 days 00:00:32.625000,0 days 00:00:38.086000,0 days 00:00:30.074000,0 days 00:23:57.673000,0 days 00:24:35.759000,0 days 00:25:05.833000,220.0,138.0,304.0,220.0,False,MEDIUM,4.0,True,Audi,0 days 00:23:25.048000,2026-08-21 14:39:47.433,1,,,,False,True,SQ
0 days 00:26:19.893000,BOR,5,0 days 00:01:14.060000,5.0,1.0,,,0 days 00:00:25.587000,0 days 00:00:26.109000,0 days 00:00:22.364000,0 days 00:25:31.420000,0 days 00:25:57.529000,0 days 00:26:19.893000,292.0,287.0,306.0,308.0,False,MEDIUM,5.0,True,Audi,0 days 00:25:05.833000,2026-08-21 14:41:28.218,1,,,,False,True,SQ
0 days 00:28:01.996000,BOR,5,0 days 00:01:42.103000,6.0,1.0,,0 days 00:28:00.763000,0 days 00:00:36.184000,0 days 00:00:32.348000,0 days 00:00:33.571000,0 days 00:26:56.077000,0 days 00:27:28.425000,0 days 00:28:01.996000,191.0,221.0,,224.0,False,MEDIUM,6.0,True,Audi,0 days 00:26:19.893000,2026-08-21 14:42:42.278,1,,,,False,False,SQ
0 days 00:40:36.452000,BOR,5,,7.0,2.0,0 days 00:39:09.196000,,,0 days 00:00:28.956000,0 days 00:00:28.949000,,0 days 00:40:08.122000,0 days 00:40:37.094000,247.0,195.0,303.0,224.0,False,MEDIUM,1.0,True,Audi,0 days 00:28:01.996000,2026-08-21 14:44:24.381,12,,,,False,False,SQ
0 days 00:41:49.238000,BOR,5,0 days 00:01:12.786000,8.0,2.0,,,0 days 00:00:25.100000,0 days 00:00:25.697000,0 days 00:00:21.989000,0 days 00:41:01.552000,0 days 00:41:27.249000,0 days 00:41:49.238000,292.0,291.0,310.0,306.0,True,MEDIUM,2.0,True,Audi,0 days 00:40:36.452000,2026-08-21 14:56:58.837,1,,,,False,True,SQ
0 days 00:43:29.691000,BOR,5,0 days 00:01:40.453000,9.0,2.0,,0 days 00:43:28.411000,0 days 00:00:34.553000,0 days 00:00:34.376000,0 days 00:00:31.524000,0 days 00:42:23.791000,0 days 00:42:58.167000,0 days 00:43:29.691000,240.0,188.0,,263.0,False,MEDIUM,3.0,True,Audi,0 days 00:41:49.238000,2026-08-21 14:58:11.623,1,,,,False,False,SQ
0 days 00:56:42.567000,BOR,5,,10.0,3.0,0 days 00:55:15.155000,,,0 days 00:00:28.854000,0 days 00:00:29.587000,,0 days 00:56:12.994000,0 days 00:56:42.567000,246.0,219.0,305.0,263.0,False,SOFT,1.0,True,Audi,0 days 00:43:29.691000,2026-08-21 14:59:52.076,12,,,,False,False,SQ
0 days 00:57:55.150000,BOR,5,0 days 00:01:12.583000,11.0,3.0,,,0 days 00:00:24.973000,0 days 00:00:25.541000,0 days 00:00:22.069000,0 days 00:57:07.540000,0 days 00:57:33.081000,0 days 00:57:55.150000,292.0,290.0,310.0,308.0,True,SOFT,2.0,True,Audi,0 days 00:56:42.567000,2026-08-21 15:13:04.952,1,,,,False,True,SQ
0 days 01:00:37.916000,BOR,5,,12.0,3.0,,0 days 01:00:37.916000,0 days 00:00:35.460000,0 days 00:00:32.046000,,0 days 00:58:30.682000,0 days 00:59:02.654000,,212.0,162.0,,220.0,False,SOFT,3.0,True,Audi,0 days 00:57:55.150000,2026-08-21 15:14:17.535,12,,,,False,False,SQ
0 days 00:17:45.923000,LIN,41,,1.0,1.0,0 days 00:16:14.115000,,,0 days 00:00:32.338000,0 days 00:00:26.752000,,0 days 00:17:19.315000,0 days 00:17:46.164000,231.0,238.0,248.0,,False,MEDIUM,1.0,True,Racing Bulls,0 days 00:16:14.115000,2026-08-21 14:32:36.500,1,,,,False,False,SQ
0 days 00:19:09.787000,LIN,41,0 days 00:01:23.864000,2.0,1.0,,,0 days 00:00:29.737000,0 days 00:00:29.358000,0 days 00:00:24.769000,0 days 00:18:15.660000,0 days 00:18:45.018000,0 days 00:19:09.787000,249.0,239.0,303.0,237.0,True,MEDIUM,2.0,True,Racing Bulls,0 days 00:17:45.923000,2026-08-21 14:34:08.308,1,,,,False,True,SQ
0 days 00:20:23.966000,LIN,41,0 days 00:01:14.179000,3.0,1.0,,,0 days 00:00:25.243000,0 days 00:00:26.222000,0 days 00:00:22.714000,0 days 00:19:35.030000,0 days 00:20:01.252000,0 days 00:20:23.966000,298.0,289.0,303.0,312.0,True,MEDIUM,3.0,True,Racing Bulls,0 days 00:19:09.787000,2026-08-21 14:35:32.172,1,,,,False,True,SQ
0 days 00:22:10.019000,LIN,41,0 days 00:01:46.053000,4.0,1.0,,,0 days 00:00:35.573000,0 days 00:00:40.284000,0 days 00:00:30.196000,0 days 00:20:59.539000,0 days 00:21:39.823000,0 days 00:22:10.019000,138.0,197.0,247.0,260.0,False,MEDIUM,4.0,True,Racing Bulls,0 days 00:20:23.966000,2026-08-21 14:36:46.351,1,,,,False,True,SQ
0 days 00:23:44.504000,LIN,41,0 days 00:01:34.485000,5.0,1.0,,,0 days 00:00:33.088000,0 days 00:00:35.864000,0 days 00:00:25.533000,0 days 00:22:43.107000,0 days 00:23:18.971000,0 days 00:23:44.504000,225.0,229.0,301.0,226.0,False,MEDIUM,5.0,True,Racing Bulls,0 days 00:22:10.019000,2026-08-21 14:38:32.404,1,,,,False,True,SQ
0 days 00:24:58.561000,LIN,41,0 days 00:01:14.057000,6.0,1.0,,,0 days 00:00:25.259000,0 days 00:00:26.174000,0 days 00:00:22.624000,0 days 00:24:09.763000,0 days 00:24:35.937000,0 days 00:24:58.561000,298.0,289.0,300.0,311.0,True,MEDIUM,6.0,True,Racing Bulls,0 days 00:23:44.504000,2026-08-21 14:40:06.889,1,,,,False,True,SQ
0 days 00:26:38.831000,LIN,41,0 days 00:01:40.270000,7.0,1.0,,0 days 00:26:37.335000,0 days 00:00:35.844000,0 days 00:00:31.479000,0 days 00:00:32.947000,0 days 00:25:34.405000,0 days 00:26:05.884000,0 days 00:26:38.831000,246.0,228.0,,141.0,False,MEDIUM,7.0,True,Racing Bulls,0 days 00:24:58.561000,2026-08-21 14:41:20.946,1,,,,False,False,SQ
0 days 00:40:27.411000,LIN,41,,8.0,2.0,0 days 00:38:54.871000,,,0 days 00:00:32.563000,0 days 00:00:27.002000,,0 days 00:40:00.409000,0 days 00:40:27.430000,231.0,231.0,247.0,141.0,False,MEDIUM,1.0,True,Racing Bulls,0 days 00:26:38.831000,2026-08-21 14:43:01.216,12,,,,False,False,SQ
0 days 00:41:53.673000,LIN,41,0 days 00:01:26.262000,9.0,2.0,,,0 days 00:00:29.817000,0 days 00:00:31.704000,0 days 00:00:24.741000,0 days 00:40:57.228000,0 days 00:41:28.932000,0 days 00:41:53.673000,248.0,218.0,304.0,243.0,True,MEDIUM,2.0,True,Racing Bulls,0 days 00:40:27.411000,2026-08-21 14:56:49.796,1,,,,False,True,SQ
0 days 00:43:06.458000,LIN,41,0 days 00:01:12.785000,10.0,2.0,,,0 days 00:00:24.903000,0 days 00:00:25.734000,0 days 00:00:22.148000,0 days 00:42:18.576000,0 days 00:42:44.310000,0 days 00:43:06.458000,298.0,290.0,299.0,313.0,True,MEDIUM,3.0,True,Racing Bulls,0 days 00:41:53.673000,2026-08-21 14:58:16.058,1,,,,False,True,SQ
0 days 00:44:41.627000,LIN,41,0 days 00:01:35.169000,11.0,2.0,,0 days 00:44:40.213000,0 days 00:00:32.845000,0 days 00:00:31.962000,0 days 00:00:30.362000,0 days 00:43:39.303000,0 days 00:44:11.265000,0 days 00:44:41.627000,238.0,233.0,,229.0,False,MEDIUM,4.0,True,Racing Bulls,0 days 00:43:06.458000,2026-08-21 14:59:28.843,1,,,,False,False,SQ
0 days 00:55:28.057000,LIN,41,,12.0,3.0,0 days 00:53:45.943000,,,0 days 00:00:31.305000,0 days 00:00:26.481000,,0 days 00:55:01.588000,0 days 00:55:28.125000,241.0,240.0,247.0,229.0,False,SOFT,1.0,True,Racing Bulls,0 days 00:44:41.627000,2026-08-21 15:01:04.012,12,,,,False,False,SQ
0 days 00:56:53.489000,LIN,41,0 days 00:01:25.432000,13.0,3.0,,,0 days 00:00:29.798000,0 days 00:00:28.633000,0 days 00:00:27.001000,0 days 00:55:57.855000,0 days 00:56:26.488000,0 days 00:56:53.489000,244.0,235.0,303.0,243.0,True,SOFT,2.0,True,Racing Bulls,0 days 00:55:28.057000,2026-08-21 15:11:50.442,1,,,,False,True,SQ
0 days 00:58:06.226000,LIN,41,0 days 00:01:12.737000,14.0,3.0,,,0 days 00:00:24.812000,0 days 00:00:25.768000,0 days 00:00:22.157000,0 days 00:57:18.301000,0 days 00:57:44.069000,0 days 00:58:06.226000,298.0,290.0,303.0,313.0,True,SOFT,3.0,True,Racing Bulls,0 days 00:56:53.489000,2026-08-21 15:13:15.874,1,,,,False,True,SQ
0 days 01:00:38.009000,LIN,41,,15.0,3.0,,0 days 01:00:38.009000,0 days 00:00:32.933000,0 days 00:00:34.480000,,0 days 00:58:39.151000,0 days 00:59:13.681000,,201.0,252.0,,264.0,False,SOFT,4.0,True,Racing Bulls,0 days 00:58:06.226000,2026-08-21 15:14:28.611,12,,,,False,False,SQ
0 days 00:18:17.795000,VER,3,,1.0,1.0,0 days 00:16:34.102000,,,0 days 00:00:28.490000,0 days 00:00:30.663000,,0 days 00:17:47.341000,0 days 00:18:18.039000,236.0,252.0,295.0,,False,MEDIUM,1.0,True,Red Bull Racing,0 days 00:16:34.102000,2026-08-21 14:32:56.487,1,,,,False,False,SQ
0 days 00:19:46.896000,VER,3,0 days 00:01:29.101000,2.0,1.0,,,0 days 00:00:28.353000,0 days 00:00:35.958000,0 days 00:00:24.790000,0 days 00:18:46.148000,0 days 00:19:22.106000,0 days 00:19:46.896000,249.0,251.0,303.0,269.0,True,MEDIUM,2.0,True,Red Bull Racing,0 days 00:18:17.795000,2026-08-21 14:34:40.180,1,,,,False,True,SQ
0 days 00:21:00.747000,VER,3,0 days 00:01:13.851000,3.0,1.0,,,0 days 00:00:25.352000,0 days 00:00:26.039000,0 days 00:00:22.460000,0 days 00:20:12.248000,0 days 00:20:38.287000,0 days 00:21:00.747000,292.0,290.0,304.0,312.0,True,MEDIUM,3.0,True,Red Bull Racing,0 days 00:19:46.896000,2026-08-21 14:36:09.281,1,,,,False,True,SQ
0 days 00:22:48.539000,VER,3,0 days 00:01:47.792000,4.0,1.0,,,0 days 00:00:44.585000,0 days 00:00:36.684000,0 days 00:00:26.523000,0 days 00:21:45.332000,0 days 00:22:22.016000,0 days 00:22:48.539000,203.0,220.0,271.0,78.0,False,MEDIUM,4.0,True,Red Bull Racing,0 days 00:21:00.747000,2026-08-21 14:37:23.132,1,,,,False,True,SQ
0 days 00:24:33.605000,VER,3,0 days 00:01:45.066000,5.0,1.0,,,0 days 00:00:32.620000,0 days 00:00:36.407000,0 days 00:00:36.039000,0 days 00:23:21.159000,0 days 00:23:57.566000,0 days 00:24:33.605000,226.0,209.0,297.0,204.0,False,MEDIUM,5.0,True,Red Bull Racing,0 days 00:22:48.539000,2026-08-21 14:39:10.924,1,,,,False,True,SQ
0 days 00:25:47.190000,VER,3,0 days 00:01:13.585000,6.0,1.0,,,0 days 00:00:25.321000,0 days 00:00:25.912000,0 days 00:00:22.352000,0 days 00:24:58.926000,0 days 00:25:24.838000,0 days 00:25:47.190000,291.0,286.0,303.0,311.0,True,MEDIUM,6.0,True,Red Bull Racing,0 days 00:24:33.605000,2026-08-21 14:40:55.990,1,,,,False,True,SQ
0 days 00:27:26.289000,VER,3,0 days 00:01:39.099000,7.0,1.0,,0 days 00:27:25.110000,0 days 00:00:33.591000,0 days 00:00:33.001000,0 days 00:00:32.507000,0 days 00:26:20.781000,0 days 00:26:53.782000,0 days 00:27:26.289000,211.0,216.0,,214.0,False,MEDIUM,7.0,True,Red Bull Racing,0 days 00:25:47.190000,2026-08-21 14:42:09.575,1,,,,False,False,SQ
0 days 00:36:05.637000,VER,3,,8.0,2.0,0 days 00:34:40.273000,,,0 days 00:00:30.421000,0 days 00:00:25.336000,,0 days 00:35:40.430000,0 days 00:36:05.637000,243.0,239.0,273.0,214.0,False,MEDIUM,1.0,True,Red Bull Racing,0 days 00:27:26.289000,2026-08-21 14:43:48.674,12,,,,False,False,SQ
0 days 00:37:33.719000,VER,3,0 days 00:01:28.082000,9.0,2.0,,,0 days 00:00:27.852000,0 days 00:00:28.841000,0 days 00:00:31.389000,0 days 00:36:33.489000,0 days 00:37:02.330000,0 days 00:37:33.719000,280.0,253.0,299.0,270.0,True,MEDIUM,2.0,True,Red Bull Racing,0 days 00:36:05.637000,2026-08-21 14:52:28.022,1,,,,False,True,SQ
0 days 00:38:46.490000,VER,3,0 days 00:01:12.771000,10.0,2.0,,,0 days 00:00:24.945000,0 days 00:00:25.572000,0 days 00:00:22.254000,0 days 00:37:58.664000,0 days 00:38:24.236000,0 days 00:38:46.490000,290.0,287.0,300.0,313.0,True,MEDIUM,3.0,True,Red Bull Racing,0 days 00:37:33.719000,2026-08-21 14:53:56.104,1,,,,False,True,SQ
0 days 00:40:29.932000,VER,3,0 days 00:01:43.442000,11.0,2.0,,0 days 00:40:28.852000,0 days 00:00:40.835000,0 days 00:00:32.704000,0 days 00:00:29.903000,0 days 00:39:27.325000,0 days 00:40:00.029000,0 days 00:40:29.932000,180.0,260.0,,135.0,False,MEDIUM,4.0,True,Red Bull Racing,0 days 00:38:46.490000,2026-08-21 14:55:08.875,1,,,,False,False,SQ
0 days 00:55:31.419000,VER,3,,12.0,3.0,0 days 00:53:54.542000,,,0 days 00:00:28.840000,0 days 00:00:26.281000,,0 days 00:55:05.244000,0 days 00:55:31.558000,247.0,239.0,252.0,135.0,False,SOFT,1.0,True,Red Bull Racing,0 days 00:40:29.932000,2026-08-21 14:56:52.317,12,,,,False,False,SQ
0 days 00:57:02.003000,VER,3,0 days 00:01:30.584000,13.0,3.0,,,0 days 00:00:27.927000,0 days 00:00:33.674000,0 days 00:00:28.983000,0 days 00:55:59.346000,0 days 00:56:33.020000,0 days 00:57:02.003000,271.0,215.0,300.0,244.0,True,SOFT,2.0,True,Red Bull Racing,0 days 00:55:31.419000,2026-08-21 15:11:53.804,1,,,,False,True,SQ
0 days 00:58:14.097000,VER,3,0 days 00:01:12.094000,14.0,3.0,,,0 days 00:00:24.667000,0 days 00:00:25.381000,0 days 00:00:22.046000,0 days 00:57:26.670000,0 days 00:57:52.051000,0 days 00:58:14.097000,293.0,289.0,306.0,313.0,True,SOFT,3.0,True,Red Bull Racing,0 days 00:57:02.003000,2026-08-21 15:13:24.388,1,,,,False,True,SQ
0 days 01:00:37.884000,VER,3,,15.0,3.0,,0 days 01:00:37.884000,0 days 00:00:35.020000,0 days 00:00:33.278000,,0 days 00:58:49.260000,0 days 00:59:22.440000,,213.0,192.0,,210.0,False,SOFT,4.0,True,Red Bull Racing,0 days 00:58:14.097000,2026-08-21 15:14:36.482,12,,,,False,False,SQ
0 days 00:20:33.166000,ALO,14,,1.0,1.0,0 days 00:18:47.084000,,,0 days 00:00:29.525000,0 days 00:00:36.932000,,0 days 00:19:56.324000,0 days 00:20:33.266000,187.0,188.0,285.0,,False,MEDIUM,1.0,True,Aston Martin,0 days 00:18:47.084000,2026-08-21 14:35:09.469,1,,,,False,False,SQ
0 days 00:22:04.539000,ALO,14,0 days 00:01:31.373000,2.0,1.0,,,0 days 00:00:29.380000,0 days 00:00:33.237000,0 days 00:00:28.756000,0 days 00:21:02.546000,0 days 00:21:35.783000,0 days 00:22:04.539000,233.0,214.0,283.0,287.0,True,MEDIUM,2.0,True,Aston Martin,0 days 00:20:33.166000,2026-08-21 14:36:55.551,1,,,,False,True,SQ
0 days 00:23:38.888000,ALO,14,0 days 00:01:34.349000,3.0,1.0,,,0 days 00:00:34.372000,0 days 00:00:33.135000,0 days 00:00:26.842000,0 days 00:22:38.911000,0 days 00:23:12.046000,0 days 00:23:38.888000,236.0,220.0,283.0,285.0,False,MEDIUM,3.0,True,Aston Martin,0 days 00:22:04.539000,2026-08-21 14:38:26.924,1,,,,False,True,SQ
0 days 00:24:54.902000,ALO,14,0 days 00:01:16.014000,4.0,1.0,,,0 days 00:00:26.118000,0 days 00:00:26.857000,0 days 00:00:23.039000,0 days 00:24:05.006000,0 days 00:24:31.863000,0 days 00:24:54.902000,286.0,265.0,287.0,284.0,True,MEDIUM,4.0,True,Aston Martin,0 days 00:23:38.888000,2026-08-21 14:40:01.273,1,,,,False,True,SQ
0 days 00:26:35.544000,ALO,14,0 days 00:01:40.642000,5.0,1.0,,0 days 00:26:34.243000,0 days 00:00:32.904000,0 days 00:00:32.202000,0 days 00:00:35.536000,0 days 00:25:27.806000,0 days 00:26:00.008000,0 days 00:26:35.544000,232.0,187.0,,245.0,False,MEDIUM,5.0,True,Aston Martin,0 days 00:24:54.902000,2026-08-21 14:41:17.287,1,,,,False,False,SQ
0 days 00:20:17.974000,COL,43,,1.0,1.0,0 days 00:18:35.106000,,,0 days 00:00:30.523000,0 days 00:00:30.001000,,0 days 00:19:48.083000,0 days 00:20:18.123000,281.0,234.0,308.0,,False,MEDIUM,1.0,True,Alpine,0 days 00:18:35.106000,2026-08-21 14:34:57.491,1,,,,False,False,SQ
0 days 00:21:32.592000,COL,43,0 days 00:01:14.618000,2.0,1.0,,,0 days 00:00:25.440000,0 days 00:00:26.515000,0 days 00:00:22.663000,0 days 00:20:43.414000,0 days 00:21:09.929000,0 days 00:21:32.592000,297.0,289.0,315.0,312.0,True,MEDIUM,2.0,True,Alpine,0 days 00:20:17.974000,2026-08-21 14:36:40.359,1,,,,False,True,SQ
0 days 00:23:16.916000,COL,43,0 days 00:01:44.324000,3.0,1.0,,,0 days 00:00:39.854000,0 days 00:00:35.171000,0 days 00:00:29.299000,0 days 00:22:12.446000,0 days 00:22:47.617000,0 days 00:23:16.916000,211.0,195.0,231.0,142.0,False,MEDIUM,3.0,True,Alpine,0 days 00:21:32.592000,2026-08-21 14:37:54.977,1,,,,False,True,SQ
0 days 00:24:59.527000,COL,43,0 days 00:01:42.611000,4.0,1.0,,,0 days 00:00:38.717000,0 days 00:00:32.928000,0 days 00:00:30.966000,0 days 00:23:55.633000,0 days 00:24:28.561000,0 days 00:24:59.527000,229.0,238.0,305.0,153.0,False,MEDIUM,4.0,True,Alpine,0 days 00:23:16.916000,2026-08-21 14:39:39.301,1,,,,False,True,SQ
0 days 00:26:14.445000,COL,43,0 days 00:01:14.918000,5.0,1.0,,,0 days 00:00:25.738000,0 days 00:00:26.429000,0 days 00:00:22.751000,0 days 00:25:25.265000,0 days 00:25:51.694000,0 days 00:26:14.445000,296.0,286.0,307.0,302.0,False,MEDIUM,5.0,True,Alpine,0 days 00:24:59.527000,2026-08-21 14:41:21.912,1,,,,False,True,SQ
0 days 00:28:00.763000,COL,43,0 days 00:01:46.318000,6.0,1.0,,0 days 00:27:59.294000,0 days 00:00:38.036000,0 days 00:00:32.669000,0 days 00:00:35.613000,0 days 00:26:52.481000,0 days 00:27:25.150000,0 days 00:28:00.763000,206.0,218.0,,170.0,False,MEDIUM,6.0,True,Alpine,0 days 00:26:14.445000,2026-08-21 14:42:36.830,1,,,,False,False,SQ
0 days 00:37:41.062000,COL,43,,7.0,2.0,0 days 00:36:00.076000,,,0 days 00:00:33.784000,0 days 00:00:31.440000,,0 days 00:37:09.627000,0 days 00:37:41.202000,282.0,225.0,313.0,170.0,False,MEDIUM,1.0,True,Alpine,0 days 00:28:00.763000,2026-08-21 14:44:23.148,12,,,,False,False,SQ
0 days 00:38:54.501000,COL,43,0 days 00:01:13.439000,8.0,2.0,,,0 days 00:00:25.327000,0 days 00:00:25.870000,0 days 00:00:22.242000,0 days 00:38:06.389000,0 days 00:38:32.259000,0 days 00:38:54.501000,297.0,291.0,314.0,314.0,True,MEDIUM,2.0,True,Alpine,0 days 00:37:41.062000,2026-08-21 14:54:03.447,1,,,,False,True,SQ
0 days 00:40:38.807000,COL,43,0 days 00:01:44.306000,9.0,2.0,,0 days 00:40:37.510000,0 days 00:00:36.633000,0 days 00:00:32.471000,0 days 00:00:35.202000,0 days 00:39:31.134000,0 days 00:40:03.605000,0 days 00:40:38.807000,210.0,185.0,,208.0,False,MEDIUM,3.0,True,Alpine,0 days 00:38:54.501000,2026-08-21 14:55:16.886,1,,,,False,False,SQ
0 days 00:18:28.860000,LAW,30,,1.0,1.0,0 days 00:16:43.434000,,,0 days 00:00:34.700000,0 days 00:00:29.483000,,0 days 00:17:59.430000,0 days 00:18:29.007000,159.0,228.0,294.0,,False,MEDIUM,1.0,True,Red Bull Racing,0 days 00:16:43.434000,2026-08-21 14:33:05.819,1,,,,False,False,SQ
0 days 00:19:43.319000,LAW,30,0 days 00:01:14.459000,2.0,1.0,,,0 days 00:00:25.972000,0 days 00:00:25.958000,0 days 00:00:22.529000,0 days 00:18:54.832000,0 days 00:19:20.790000,0 days 00:19:43.319000,292.0,289.0,310.0,310.0,True,MEDIUM,2.0,True,Red Bull Racing,0 days 00:18:28.860000,2026-08-21 14:34:51.245,1,,,,False,True,SQ
0 days 00:21:27.189000,LAW,30,0 days 00:01:43.870000,3.0,1.0,,,0 days 00:00:35.989000,0 days 00:00:39.681000,0 days 00:00:28.200000,0 days 00:20:19.308000,0 days 00:20:58.989000,0 days 00:21:27.189000,195.0,114.0,298.0,279.0,False,MEDIUM,3.0,True,Red Bull Racing,0 days 00:19:43.319000,2026-08-21 14:36:05.704,1,,,,False,True,SQ
0 days 00:22:40.797000,LAW,30,0 days 00:01:13.608000,4.0,1.0,,,0 days 00:00:25.535000,0 days 00:00:25.805000,0 days 00:00:22.268000,0 days 00:21:52.724000,0 days 00:22:18.529000,0 days 00:22:40.797000,291.0,289.0,305.0,312.0,True,MEDIUM,4.0,True,Red Bull Racing,0 days 00:21:27.189000,2026-08-21 14:37:49.574,1,,,,False,True,SQ
0 days 00:24:36.735000,LAW,30,0 days 00:01:55.938000,5.0,1.0,,,0 days 00:00:37.266000,0 days 00:00:42.516000,0 days 00:00:36.156000,0 days 00:23:18.063000,0 days 00:24:00.579000,0 days 00:24:36.735000,126.0,158.0,299.0,281.0,False,MEDIUM,5.0,True,Red Bull Racing,0 days 00:22:40.797000,2026-08-21 14:39:03.182,1,,,,False,True,SQ
0 days 00:25:50.155000,LAW,30,0 days 00:01:13.420000,6.0,1.0,,,0 days 00:00:25.286000,0 days 00:00:25.870000,0 days 00:00:22.264000,0 days 00:25:02.021000,0 days 00:25:27.891000,0 days 00:25:50.155000,293.0,290.0,310.0,314.0,True,MEDIUM,6.0,True,Red Bull Racing,0 days 00:24:36.735000,2026-08-21 14:40:59.120,1,,,,False,True,SQ
0 days 00:27:31.300000,LAW,30,0 days 00:01:41.145000,7.0,1.0,,0 days 00:27:30.097000,0 days 00:00:32.599000,0 days 00:00:33.876000,0 days 00:00:34.670000,0 days 00:26:22.754000,0 days 00:26:56.630000,0 days 00:27:31.300000,219.0,219.0,,272.0,False,MEDIUM,7.0,True,Red Bull Racing,0 days 00:25:50.155000,2026-08-21 14:42:12.540,1,,,,False,False,SQ
0 days 00:36:39.809000,LAW,30,,8.0,2.0,0 days 00:35:12.895000,,,0 days 00:00:30.232000,0 days 00:00:25.964000,,0 days 00:36:13.943000,0 days 00:36:39.922000,247.0,246.0,269.0,272.0,False,MEDIUM,1.0,True,Red Bull Racing,0 days 00:27:31.300000,2026-08-21 14:43:53.685,12,,,,False,False,SQ
0 days 00:38:03.451000,LAW,30,0 days 00:01:23.642000,9.0,2.0,,,0 days 00:00:29.878000,0 days 00:00:29.025000,0 days 00:00:24.739000,0 days 00:37:09.687000,0 days 00:37:38.712000,0 days 00:38:03.451000,246.0,241.0,299.0,235.0,True,MEDIUM,2.0,True,Red Bull Racing,0 days 00:36:39.809000,2026-08-21 14:53:02.194,1,,,,False,True,SQ
0 days 00:39:16.617000,LAW,30,0 days 00:01:13.166000,10.0,2.0,,,0 days 00:00:25.210000,0 days 00:00:25.670000,0 days 00:00:22.286000,0 days 00:38:28.661000,0 days 00:38:54.331000,0 days 00:39:16.617000,293.0,288.0,301.0,312.0,True,MEDIUM,3.0,True,Red Bull Racing,0 days 00:38:03.451000,2026-08-21 14:54:25.836,1,,,,False,True,SQ
0 days 00:41:03.719000,LAW,30,0 days 00:01:47.102000,11.0,2.0,,,0 days 00:00:35.819000,0 days 00:00:38.060000,0 days 00:00:33.223000,0 days 00:39:52.436000,0 days 00:40:30.496000,0 days 00:41:03.719000,197.0,216.0,297.0,259.0,False,MEDIUM,4.0,True,Red Bull Racing,0 days 00:39:16.617000,2026-08-21 14:55:39.002,1,,,,False,True,SQ
0 days 00:42:16.855000,LAW,30,0 days 00:01:13.136000,12.0,2.0,,,0 days 00:00:25.238000,0 days 00:00:25.747000,0 days 00:00:22.151000,0 days 00:41:28.957000,0 days 00:41:54.704000,0 days 00:42:16.855000,296.0,290.0,306.0,306.0,True,MEDIUM,5.0,True,Red Bull Racing,0 days 00:41:03.719000,2026-08-21 14:57:26.104,1,,,,False,True,SQ
0 days 00:43:56.219000,LAW,30,0 days 00:01:39.364000,13.0,2.0,,0 days 00:43:51.770000,0 days 00:00:29.641000,0 days 00:00:31.279000,0 days 00:00:38.444000,0 days 00:42:46.496000,0 days 00:43:17.775000,0 days 00:43:56.219000,256.0,218.0,,280.0,False,MEDIUM,6.0,True,Red Bull Racing,0 days 00:42:16.855000,2026-08-21 14:58:39.240,1,,,,False,False,SQ
0 days 00:17:17.575000,BEA,87,,1.0,1.0,0 days 00:15:29.928000,,,0 days 00:00:32.715000,0 days 00:00:35.851000,,0 days 00:16:41.846000,0 days 00:17:17.831000,274.0,182.0,305.0,,False,MEDIUM,1.0,True,Haas F1 Team,0 days 00:15:29.928000,2026-08-21 14:31:52.313,1,,,,False,False,SQ
0 days 00:18:33.009000,BEA,87,0 days 00:01:15.434000,2.0,1.0,,,0 days 00:00:25.942000,0 days 00:00:26.640000,0 days 00:00:22.852000,0 days 00:17:43.517000,0 days 00:18:10.157000,0 days 00:18:33.009000,286.0,284.0,307.0,297.0,True,MEDIUM,2.0,True,Haas F1 Team,0 days 00:17:17.575000,2026-08-21 14:33:39.960,1,,,,False,True,SQ
0 days 00:20:19.816000,BEA,87,0 days 00:01:46.807000,3.0,1.0,,0 days 00:20:18.560000,0 days 00:00:40.584000,0 days 00:00:34.258000,0 days 00:00:31.965000,0 days 00:19:13.593000,0 days 00:19:47.851000,0 days 00:20:19.816000,186.0,244.0,,142.0,False,MEDIUM,3.0,True,Haas F1 Team,0 days 00:18:33.009000,2026-08-21 14:34:55.394,1,,,,False,False,SQ
0 days 00:24:26.721000,BEA,87,,4.0,2.0,0 days 00:22:40.517000,,,0 days 00:00:31.203000,0 days 00:00:34.689000,,0 days 00:23:52.147000,0 days 00:24:26.946000,135.0,229.0,305.0,142.0,False,MEDIUM,4.0,False,Haas F1 Team,0 days 00:20:19.816000,2026-08-21 14:36:42.201,1,,,,False,False,SQ
0 days 00:25:41.449000,BEA,87,0 days 00:01:14.728000,5.0,2.0,,,0 days 00:00:25.533000,0 days 00:00:26.476000,0 days 00:00:22.719000,0 days 00:24:52.254000,0 days 00:25:18.730000,0 days 00:25:41.449000,287.0,285.0,305.0,307.0,True,MEDIUM,5.0,False,Haas F1 Team,0 days 00:24:26.721000,2026-08-21 14:40:49.106,1,,,,False,True,SQ
0 days 00:27:23.846000,BEA,87,0 days 00:01:42.397000,6.0,2.0,,0 days 00:27:22.594000,0 days 00:00:35.241000,0 days 00:00:33.848000,0 days 00:00:33.308000,0 days 00:26:16.690000,0 days 00:26:50.538000,0 days 00:27:23.846000,205.0,205.0,,202.0,False,MEDIUM,6.0,False,Haas F1 Team,0 days 00:25:41.449000,2026-08-21 14:42:03.834,1,,,,False,False,SQ
0 days 00:17:14.613000,OCO,31,,1.0,1.0,0 days 00:15:26.617000,,,0 days 00:00:34.616000,0 days 00:00:33.465000,,0 days 00:16:41.165000,0 days 00:17:14.831000,181.0,163.0,306.0,,False,MEDIUM,1.0,True,Haas F1 Team,0 days 00:15:26.617000,2026-08-21 14:31:49.002,1,,,,False,False,SQ
0 days 00:18:29.823000,OCO,31,0 days 00:01:15.210000,2.0,1.0,,,0 days 00:00:26.018000,0 days 00:00:26.328000,0 days 00:00:22.864000,0 days 00:17:40.631000,0 days 00:18:06.959000,0 days 00:18:29.823000,287.0,287.0,304.0,293.0,True,MEDIUM,2.0,True,Haas F1 Team,0 days 00:17:14.613000,2026-08-21 14:33:36.998,1,,,,False,True,SQ
0 days 00:20:15.360000,OCO,31,0 days 00:01:45.537000,3.0,1.0,,0 days 00:20:14.202000,0 days 00:00:33.732000,0 days 00:00:34.546000,0 days 00:00:37.259000,0 days 00:19:03.555000,0 days 00:19:38.101000,0 days 00:20:15.360000,207.0,151.0,,227.0,False,MEDIUM,3.0,True,Haas F1 Team,0 days 00:18:29.823000,2026-08-21 14:34:52.208,1,,,,False,False,SQ
0 days 00:24:11.202000,OCO,31,,4.0,2.0,0 days 00:22:36.946000,,,0 days 00:00:33.316000,0 days 00:00:29.186000,,0 days 00:23:42.100000,0 days 00:24:11.464000,231.0,231.0,306.0,227.0,False,MEDIUM,4.0,False,Haas F1 Team,0 days 00:20:15.360000,2026-08-21 14:36:37.745,1,,,,False,False,SQ
0 days 00:25:25.705000,OCO,31,0 days 00:01:14.503000,5.0,2.0,,,0 days 00:00:25.520000,0 days 00:00:26.398000,0 days 00:00:22.585000,0 days 00:24:36.722000,0 days 00:25:03.120000,0 days 00:25:25.705000,286.0,286.0,300.0,304.0,True,MEDIUM,5.0,False,Haas F1 Team,0 days 00:24:11.202000,2026-08-21 14:40:33.587,1,,,,False,True,SQ
0 days 00:27:05.970000,OCO,31,0 days 00:01:40.265000,6.0,2.0,,0 days 00:27:04.736000,0 days 00:00:33.068000,0 days 00:00:32.975000,0 days 00:00:34.222000,0 days 00:25:58.773000,0 days 00:26:31.748000,0 days 00:27:05.970000,227.0,202.0,,254.0,False,MEDIUM,6.0,False,Haas F1 Team,0 days 00:25:25.705000,2026-08-21 14:41:48.090,1,,,,False,False,SQ
0 days 00:34:20.819000,OCO,31,,7.0,3.0,0 days 00:32:51.429000,,,0 days 00:00:31.126000,0 days 00:00:26.143000,,0 days 00:33:54.796000,0 days 00:34:20.916000,272.0,230.0,306.0,254.0,False,MEDIUM,1.0,True,Haas F1 Team,0 days 00:27:05.970000,2026-08-21 14:43:28.355,12,,,,False,False,SQ
0 days 00:35:34.712000,OCO,31,0 days 00:01:13.893000,8.0,3.0,,,0 days 00:00:25.479000,0 days 00:00:26.054000,0 days 00:00:22.360000,0 days 00:34:46.298000,0 days 00:35:12.352000,0 days 00:35:34.712000,288.0,286.0,303.0,305.0,True,MEDIUM,2.0,True,Haas F1 Team,0 days 00:34:20.819000,2026-08-21 14:50:43.204,1,,,,False,True,SQ
0 days 00:37:19.789000,OCO,31,0 days 00:01:45.077000,9.0,3.0,,0 days 00:37:16.747000,0 days 00:00:32.013000,0 days 00:00:35.881000,0 days 00:00:37.183000,0 days 00:36:06.725000,0 days 00:36:42.606000,0 days 00:37:19.789000,212.0,158.0,,243.0,False,MEDIUM,3.0,True,Haas F1 Team,0 days 00:35:34.712000,2026-08-21 14:51:57.097,1,,,,False,False,SQ
0 days 00:40:52.380000,OCO,31,,10.0,4.0,0 days 00:39:21.088000,,,0 days 00:00:30.983000,0 days 00:00:26.106000,,0 days 00:40:26.274000,0 days 00:40:52.561000,236.0,229.0,305.0,243.0,False,MEDIUM,4.0,False,Haas F1 Team,0 days 00:37:19.789000,2026-08-21 14:53:42.174,1,,,,False,False,SQ
0 days 00:42:06.470000,OCO,31,0 days 00:01:14.090000,11.0,4.0,,,0 days 00:00:25.383000,0 days 00:00:26.234000,0 days 00:00:22.473000,0 days 00:41:17.763000,0 days 00:41:43.997000,0 days 00:42:06.470000,286.0,286.0,296.0,306.0,False,MEDIUM,5.0,False,Haas F1 Team,0 days 00:40:52.380000,2026-08-21 14:57:14.765,1,,,,False,True,SQ
0 days 00:43:46.372000,OCO,31,0 days 00:01:39.902000,12.0,4.0,,0 days 00:43:45.103000,0 days 00:00:32.748000,0 days 00:00:33.477000,0 days 00:00:33.677000,0 days 00:42:39.218000,0 days 00:43:12.695000,0 days 00:43:46.372000,201.0,203.0,,229.0,False,MEDIUM,6.0,False,Haas F1 Team,0 days 00:42:06.470000,2026-08-21 14:58:28.855,1,,,,False,False,SQ
0 days 00:18:02.458000,TSU,22,,1.0,1.0,0 days 00:16:21.273000,,,0 days 00:00:31.013000,0 days 00:00:26.066000,,0 days 00:17:37.068000,0 days 00:18:02.711000,230.0,236.0,253.0,,False,MEDIUM,1.0,True,Racing Bulls,0 days 00:16:21.273000,2026-08-21 14:32:43.658,1,,,,False,False,SQ
0 days 00:19:30.551000,TSU,22,0 days 00:01:28.093000,2.0,1.0,,,0 days 00:00:29.423000,0 days 00:00:30.256000,0 days 00:00:28.414000,0 days 00:18:31.881000,0 days 00:19:02.137000,0 days 00:19:30.551000,247.0,186.0,300.0,252.0,True,MEDIUM,2.0,True,Racing Bulls,0 days 00:18:02.458000,2026-08-21 14:34:24.843,1,,,,False,True,SQ
0 days 00:20:45.157000,TSU,22,0 days 00:01:14.606000,3.0,1.0,,,0 days 00:00:25.361000,0 days 00:00:26.159000,0 days 00:00:23.086000,0 days 00:19:55.912000,0 days 00:20:22.071000,0 days 00:20:45.157000,294.0,289.0,298.0,314.0,True,MEDIUM,3.0,True,Racing Bulls,0 days 00:19:30.551000,2026-08-21 14:35:52.936,1,,,,False,True,SQ
0 days 00:22:26.118000,TSU,22,0 days 00:01:40.961000,4.0,1.0,,,0 days 00:00:37.414000,0 days 00:00:34.293000,0 days 00:00:29.254000,0 days 00:21:22.571000,0 days 00:21:56.864000,0 days 00:22:26.118000,213.0,206.0,251.0,224.0,False,MEDIUM,4.0,True,Racing Bulls,0 days 00:20:45.157000,2026-08-21 14:37:07.542,1,,,,False,True,SQ
0 days 00:24:04.969000,TSU,22,0 days 00:01:38.851000,5.0,1.0,,,0 days 00:00:38.074000,0 days 00:00:33.857000,0 days 00:00:26.920000,0 days 00:23:04.192000,0 days 00:23:38.049000,0 days 00:24:04.969000,197.0,164.0,301.0,177.0,False,MEDIUM,5.0,True,Racing Bulls,0 days 00:22:26.118000,2026-08-21 14:38:48.503,1,,,,False,True,SQ
0 days 00:25:19.459000,TSU,22,0 days 00:01:14.490000,6.0,1.0,,,0 days 00:00:25.353000,0 days 00:00:26.524000,0 days 00:00:22.613000,0 days 00:24:30.322000,0 days 00:24:56.846000,0 days 00:25:19.459000,296.0,288.0,303.0,312.0,True,MEDIUM,6.0,True,Racing Bulls,0 days 00:24:04.969000,2026-08-21 14:40:27.354,1,,,,False,True,SQ
0 days 00:26:58.578000,TSU,22,0 days 00:01:39.119000,7.0,1.0,,0 days 00:26:57.325000,0 days 00:00:32.687000,0 days 00:00:33.725000,0 days 00:00:32.707000,0 days 00:25:52.146000,0 days 00:26:25.871000,0 days 00:26:58.578000,230.0,240.0,,244.0,False,MEDIUM,7.0,True,Racing Bulls,0 days 00:25:19.459000,2026-08-21 14:41:41.844,1,,,,False,False,SQ
0 days 00:40:20.464000,TSU,22,,8.0,2.0,0 days 00:38:48.386000,,,0 days 00:00:31.412000,0 days 00:00:26.744000,,0 days 00:39:53.785000,0 days 00:40:20.464000,243.0,238.0,259.0,244.0,False,MEDIUM,1.0,True,Racing Bulls,0 days 00:26:58.578000,2026-08-21 14:43:20.963,12,,,,False,False,SQ
0 days 00:41:45.509000,TSU,22,0 days 00:01:25.045000,9.0,2.0,,,0 days 00:00:29.634000,0 days 00:00:29.388000,0 days 00:00:26.023000,0 days 00:40:50.098000,0 days 00:41:19.486000,0 days 00:41:45.509000,247.0,230.0,301.0,254.0,True,MEDIUM,2.0,True,Racing Bulls,0 days 00:40:20.464000,2026-08-21 14:56:42.849,1,,,,False,True,SQ
0 days 00:42:58.654000,TSU,22,0 days 00:01:13.145000,10.0,2.0,,,0 days 00:00:25.055000,0 days 00:00:25.831000,0 days 00:00:22.259000,0 days 00:42:10.564000,0 days 00:42:36.395000,0 days 00:42:58.654000,295.0,289.0,296.0,311.0,True,MEDIUM,3.0,True,Racing Bulls,0 days 00:41:45.509000,2026-08-21 14:58:07.894,1,,,,False,True,SQ
0 days 00:44:38.349000,TSU,22,0 days 00:01:39.695000,11.0,2.0,,0 days 00:44:37.103000,0 days 00:00:35.692000,0 days 00:00:32.243000,0 days 00:00:31.760000,0 days 00:43:34.346000,0 days 00:44:06.589000,0 days 00:44:38.349000,194.0,238.0,,242.0,False,MEDIUM,4.0,True,Racing Bulls,0 days 00:42:58.654000,2026-08-21 14:59:21.039,1,,,,False,False,SQ
0 days 00:20:21.165000,STR,18,,1.0,1.0,0 days 00:18:38.212000,,,0 days 00:00:30.743000,0 days 00:00:26.276000,,0 days 00:19:54.898000,0 days 00:20:21.295000,249.0,239.0,298.0,,False,MEDIUM,1.0,True,Aston Martin,0 days 00:18:38.212000,2026-08-21 14:35:00.597,1,,,,False,False,SQ
0 days 00:21:36.556000,STR,18,0 days 00:01:15.391000,2.0,1.0,,,0 days 00:00:26.117000,0 days 00:00:26.388000,0 days 00:00:22.886000,0 days 00:20:47.282000,0 days 00:21:13.670000,0 days 00:21:36.556000,286.0,280.0,305.0,308.0,True,MEDIUM,2.0,True,Aston Martin,0 days 00:20:21.165000,2026-08-21 14:36:43.550,1,,,,False,True,SQ
0 days 00:23:22.748000,STR,18,0 days 00:01:46.192000,3.0,1.0,,,0 days 00:00:37.323000,0 days 00:00:39.390000,0 days 00:00:29.479000,0 days 00:22:13.879000,0 days 00:22:53.269000,0 days 00:23:22.748000,229.0,208.0,296.0,223.0,False,MEDIUM,3.0,True,Aston Martin,0 days 00:21:36.556000,2026-08-21 14:37:58.941,1,,,,False,True,SQ
0 days 00:24:38.155000,STR,18,0 days 00:01:15.407000,4.0,1.0,,,0 days 00:00:25.967000,0 days 00:00:26.622000,0 days 00:00:22.818000,0 days 00:23:48.715000,0 days 00:24:15.337000,0 days 00:24:38.155000,286.0,281.0,305.0,304.0,False,MEDIUM,4.0,True,Aston Martin,0 days 00:23:22.748000,2026-08-21 14:39:45.133,1,,,,False,True,SQ
0 days 00:26:33.248000,STR,18,0 days 00:01:55.093000,5.0,1.0,,0 days 00:26:31.963000,0 days 00:00:40.929000,0 days 00:00:40.695000,0 days 00:00:33.469000,0 days 00:25:19.084000,0 days 00:25:59.779000,0 days 00:26:33.248000,141.0,191.0,,251.0,False,MEDIUM,5.0,True,Aston Martin,0 days 00:24:38.155000,2026-08-21 14:41:00.540,1,,,,False,False,SQ
0 days 00:18:09.318000,ALB,23,,1.0,1.0,0 days 00:16:27.193000,,,0 days 00:00:30.808000,0 days 00:00:27.764000,,0 days 00:17:41.657000,0 days 00:18:09.570000,258.0,271.0,307.0,,False,MEDIUM,1.0,True,Williams,0 days 00:16:27.193000,2026-08-21 14:32:49.578,1,,,,False,False,SQ
0 days 00:19:41.667000,ALB,23,0 days 00:01:32.349000,2.0,1.0,,,0 days 00:00:29.548000,0 days 00:00:33.517000,0 days 00:00:29.284000,0 days 00:18:38.866000,0 days 00:19:12.383000,0 days 00:19:41.667000,152.0,242.0,308.0,312.0,True,MEDIUM,2.0,True,Williams,0 days 00:18:09.318000,2026-08-21 14:34:31.703,1,,,,False,True,SQ
0 days 00:20:56.263000,ALB,23,0 days 00:01:14.596000,3.0,1.0,,,0 days 00:00:25.446000,0 days 00:00:26.497000,0 days 00:00:22.653000,0 days 00:20:07.113000,0 days 00:20:33.610000,0 days 00:20:56.263000,296.0,287.0,308.0,324.0,True,MEDIUM,3.0,True,Williams,0 days 00:19:41.667000,2026-08-21 14:36:04.052,1,,,,False,True,SQ
0 days 00:22:38.422000,ALB,23,0 days 00:01:42.159000,4.0,1.0,,,0 days 00:00:38.186000,0 days 00:00:34.779000,0 days 00:00:29.194000,0 days 00:21:34.449000,0 days 00:22:09.228000,0 days 00:22:38.422000,228.0,239.0,275.0,235.0,False,MEDIUM,4.0,True,Williams,0 days 00:20:56.263000,2026-08-21 14:37:18.648,1,,,,False,True,SQ
0 days 00:24:23.590000,ALB,23,0 days 00:01:45.168000,5.0,1.0,,,0 days 00:00:38.121000,0 days 00:00:34.829000,0 days 00:00:32.218000,0 days 00:23:16.543000,0 days 00:23:51.372000,0 days 00:24:23.590000,217.0,238.0,303.0,154.0,False,MEDIUM,5.0,True,Williams,0 days 00:22:38.422000,2026-08-21 14:39:00.807,1,,,,False,True,SQ
0 days 00:25:38.741000,ALB,23,0 days 00:01:15.151000,6.0,1.0,,,0 days 00:00:25.582000,0 days 00:00:26.895000,0 days 00:00:22.674000,0 days 00:24:49.172000,0 days 00:25:16.067000,0 days 00:25:38.741000,292.0,283.0,309.0,316.0,False,MEDIUM,6.0,True,Williams,0 days 00:24:23.590000,2026-08-21 14:40:45.975,1,,,,False,True,SQ
0 days 00:27:15.215000,ALB,23,0 days 00:01:36.474000,7.0,1.0,,0 days 00:27:13.997000,0 days 00:00:34.083000,0 days 00:00:31.041000,0 days 00:00:31.350000,0 days 00:26:12.824000,0 days 00:26:43.865000,0 days 00:27:15.215000,228.0,243.0,,248.0,False,MEDIUM,7.0,True,Williams,0 days 00:25:38.741000,2026-08-21 14:42:01.126,1,,,,False,False,SQ
0 days 00:34:31.293000,ALB,23,,8.0,2.0,0 days 00:32:59.863000,,,0 days 00:00:31.065000,0 days 00:00:26.349000,,0 days 00:34:04.944000,0 days 00:34:31.413000,271.0,270.0,305.0,248.0,False,MEDIUM,8.0,False,Williams,0 days 00:27:15.215000,2026-08-21 14:43:37.600,12,,,,False,False,SQ
0 days 00:35:45.587000,ALB,23,0 days 00:01:14.294000,9.0,2.0,,,0 days 00:00:25.375000,0 days 00:00:26.538000,0 days 00:00:22.381000,0 days 00:34:56.668000,0 days 00:35:23.206000,0 days 00:35:45.587000,296.0,286.0,308.0,322.0,True,MEDIUM,9.0,False,Williams,0 days 00:34:31.293000,2026-08-21 14:50:53.678,1,,,,False,True,SQ
0 days 00:37:30.648000,ALB,23,0 days 00:01:45.061000,10.0,2.0,,0 days 00:37:29.262000,0 days 00:00:39.357000,0 days 00:00:35.742000,0 days 00:00:29.962000,0 days 00:36:24.944000,0 days 00:37:00.686000,0 days 00:37:30.648000,170.0,238.0,,174.0,False,MEDIUM,10.0,False,Williams,0 days 00:35:45.587000,2026-08-21 14:52:07.972,1,,,,False,False,SQ
0 days 00:41:34.676000,ALB,23,,11.0,3.0,0 days 00:39:57.562000,,,0 days 00:00:33.917000,0 days 00:00:26.814000,,0 days 00:41:07.918000,0 days 00:41:34.770000,273.0,258.0,307.0,174.0,False,MEDIUM,1.0,True,Williams,0 days 00:37:30.648000,2026-08-21 14:53:53.033,1,,,,False,False,SQ
0 days 00:43:03.256000,ALB,23,0 days 00:01:28.580000,12.0,3.0,,0 days 00:43:01.785000,0 days 00:00:25.866000,0 days 00:00:27.382000,0 days 00:00:35.332000,0 days 00:42:00.542000,0 days 00:42:27.924000,0 days 00:43:03.256000,294.0,185.0,,323.0,False,MEDIUM,2.0,True,Williams,0 days 00:41:34.676000,2026-08-21 14:57:57.061,1,,,,False,False,SQ
0 days 00:18:59.684000,BOT,77,,1.0,1.0,0 days 00:17:32.037000,,,0 days 00:00:30.158000,0 days 00:00:26.285000,,0 days 00:18:33.481000,0 days 00:18:59.824000,273.0,234.0,301.0,,False,MEDIUM,1.0,True,Cadillac,0 days 00:17:32.037000,2026-08-21 14:33:54.422,1,,,,False,False,SQ
0 days 00:20:15.592000,BOT,77,0 days 00:01:15.908000,2.0,1.0,,,0 days 00:00:26.296000,0 days 00:00:26.930000,0 days 00:00:22.682000,0 days 00:19:25.980000,0 days 00:19:52.910000,0 days 00:20:15.592000,287.0,285.0,307.0,293.0,True,MEDIUM,2.0,True,Cadillac,0 days 00:18:59.684000,2026-08-21 14:35:22.069,1,,,,False,True,SQ
0 days 00:21:53.565000,BOT,77,0 days 00:01:37.973000,3.0,1.0,,,0 days 00:00:39.174000,0 days 00:00:32.437000,0 days 00:00:26.362000,0 days 00:20:54.766000,0 days 00:21:27.203000,0 days 00:21:53.565000,253.0,235.0,300.0,266.0,False,MEDIUM,3.0,True,Cadillac,0 days 00:20:15.592000,2026-08-21 14:36:37.977,1,,,,False,True,SQ
0 days 00:23:09.488000,BOT,77,0 days 00:01:15.923000,4.0,1.0,,,0 days 00:00:26.215000,0 days 00:00:26.990000,0 days 00:00:22.718000,0 days 00:22:19.780000,0 days 00:22:46.770000,0 days 00:23:09.488000,294.0,286.0,311.0,301.0,False,MEDIUM,4.0,True,Cadillac,0 days 00:21:53.565000,2026-08-21 14:38:15.950,1,,,,False,True,SQ
0 days 00:24:54.178000,BOT,77,0 days 00:01:44.690000,5.0,1.0,,,0 days 00:00:34.503000,0 days 00:00:35.699000,0 days 00:00:34.488000,0 days 00:23:43.991000,0 days 00:24:19.690000,0 days 00:24:54.178000,207.0,225.0,302.0,238.0,False,MEDIUM,5.0,True,Cadillac,0 days 00:23:09.488000,2026-08-21 14:39:31.873,1,,,,False,True,SQ
0 days 00:26:09.650000,BOT,77,0 days 00:01:15.472000,6.0,1.0,,,0 days 00:00:25.824000,0 days 00:00:27.010000,0 days 00:00:22.638000,0 days 00:25:20.002000,0 days 00:25:47.012000,0 days 00:26:09.650000,294.0,288.0,313.0,308.0,True,MEDIUM,6.0,True,Cadillac,0 days 00:24:54.178000,2026-08-21 14:41:16.563,1,,,,False,True,SQ
0 days 00:27:54.522000,BOT,77,0 days 00:01:44.872000,7.0,1.0,,0 days 00:27:50.573000,0 days 00:00:33.191000,0 days 00:00:34.755000,0 days 00:00:36.926000,0 days 00:26:42.841000,0 days 00:27:17.596000,0 days 00:27:54.522000,201.0,215.0,,258.0,False,MEDIUM,7.0,True,Cadillac,0 days 00:26:09.650000,2026-08-21 14:42:32.035,1,,,,False,False,SQ
0 days 00:15:40.208000,PER,11,,1.0,1.0,0 days 00:14:10.273000,,,0 days 00:00:29.812000,0 days 00:00:26.140000,,0 days 00:15:14.068000,0 days 00:15:40.380000,239.0,236.0,297.0,,False,MEDIUM,1.0,True,Cadillac,0 days 00:14:10.273000,2026-08-21 14:30:32.658,1,,,,False,False,SQ
0 days 00:17:09.720000,PER,11,0 days 00:01:29.512000,2.0,1.0,,,0 days 00:00:26.560000,0 days 00:00:33.943000,0 days 00:00:29.009000,0 days 00:16:06.768000,0 days 00:16:40.711000,0 days 00:17:09.720000,231.0,211.0,300.0,295.0,True,MEDIUM,2.0,True,Cadillac,0 days 00:15:40.208000,2026-08-21 14:32:02.593,1,,,,False,True,SQ
0 days 00:18:25.887000,PER,11,0 days 00:01:16.167000,3.0,1.0,,,0 days 00:00:26.163000,0 days 00:00:26.970000,0 days 00:00:23.034000,0 days 00:17:35.883000,0 days 00:18:02.853000,0 days 00:18:25.887000,291.0,286.0,318.0,306.0,True,MEDIUM,3.0,True,Cadillac,0 days 00:17:09.720000,2026-08-21 14:33:32.105,1,,,,False,True,SQ
0 days 00:20:03.393000,PER,11,0 days 00:01:37.506000,4.0,1.0,,0 days 00:19:59.704000,0 days 00:00:31.125000,0 days 00:00:32.860000,0 days 00:00:33.521000,0 days 00:18:57.012000,0 days 00:19:29.872000,0 days 00:20:03.393000,253.0,242.0,,245.0,False,MEDIUM,4.0,True,Cadillac,0 days 00:18:25.887000,2026-08-21 14:34:48.272,1,,,,False,False,SQ
0 days 00:25:30.537000,PER,11,,5.0,2.0,0 days 00:23:55.046000,,,0 days 00:00:34.160000,0 days 00:00:26.913000,,0 days 00:25:03.645000,0 days 00:25:30.791000,210.0,212.0,300.0,245.0,False,MEDIUM,5.0,False,Cadillac,0 days 00:20:03.393000,2026-08-21 14:36:25.778,1,,,,False,False,SQ
0 days 00:26:46.082000,PER,11,0 days 00:01:15.545000,6.0,2.0,,,0 days 00:00:25.929000,0 days 00:00:26.849000,0 days 00:00:22.767000,0 days 00:25:56.466000,0 days 00:26:23.315000,0 days 00:26:46.082000,289.0,284.0,305.0,306.0,True,MEDIUM,6.0,False,Cadillac,0 days 00:25:30.537000,2026-08-21 14:41:52.922,1,,,,False,True,SQ
0 days 00:28:28.917000,PER,11,0 days 00:01:42.835000,7.0,2.0,,0 days 00:28:27.223000,0 days 00:00:34.269000,0 days 00:00:35.979000,0 days 00:00:32.587000,0 days 00:27:20.351000,0 days 00:27:56.330000,0 days 00:28:28.917000,207.0,192.0,,223.0,False,MEDIUM,7.0,False,Cadillac,0 days 00:26:46.082000,2026-08-21 14:43:08.467,12,,,,False,False,SQ
0 days 00:17:51.228000,SAI,55,,1.0,1.0,0 days 00:16:18.570000,,,0 days 00:00:32.575000,0 days 00:00:25.932000,,0 days 00:17:25.333000,0 days 00:17:51.427000,278.0,264.0,304.0,,False,MEDIUM,1.0,True,Williams,0 days 00:16:18.570000,2026-08-21 14:32:40.955,1,,,,False,False,SQ
0 days 00:19:22.541000,SAI,55,0 days 00:01:31.313000,2.0,1.0,,,0 days 00:00:31.474000,0 days 00:00:33.124000,0 days 00:00:26.715000,0 days 00:18:22.702000,0 days 00:18:55.826000,0 days 00:19:22.541000,243.0,225.0,306.0,310.0,True,MEDIUM,2.0,True,Williams,0 days 00:17:51.228000,2026-08-21 14:34:13.613,1,,,,False,True,SQ
0 days 00:20:37.484000,SAI,55,0 days 00:01:14.943000,3.0,1.0,,,0 days 00:00:25.478000,0 days 00:00:26.661000,0 days 00:00:22.804000,0 days 00:19:48.019000,0 days 00:20:14.680000,0 days 00:20:37.484000,297.0,288.0,311.0,316.0,True,MEDIUM,3.0,True,Williams,0 days 00:19:22.541000,2026-08-21 14:35:44.926,1,,,,False,True,SQ
0 days 00:22:31.991000,SAI,55,0 days 00:01:54.507000,4.0,1.0,,0 days 00:22:29.781000,0 days 00:00:39.311000,0 days 00:00:35.004000,0 days 00:00:40.192000,0 days 00:21:16.795000,0 days 00:21:51.799000,0 days 00:22:31.991000,187.0,234.0,,204.0,False,MEDIUM,4.0,True,Williams,0 days 00:20:37.484000,2026-08-21 14:36:59.869,1,,,,False,False,SQ
0 days 00:24:46.001000,SAI,55,0 days 00:02:14.010000,5.0,2.0,0 days 00:22:47.665000,,0 days 00:00:59.545000,0 days 00:00:35.697000,0 days 00:00:38.768000,0 days 00:23:31.536000,0 days 00:24:07.233000,0 days 00:24:46.001000,244.0,223.0,304.0,204.0,False,MEDIUM,5.0,False,Williams,0 days 00:22:31.991000,2026-08-21 14:38:54.376,1,,,,False,False,SQ
0 days 00:26:00.739000,SAI,55,0 days 00:01:14.738000,6.0,2.0,,,0 days 00:00:25.602000,0 days 00:00:26.600000,0 days 00:00:22.536000,0 days 00:25:11.603000,0 days 00:25:38.203000,0 days 00:26:00.739000,295.0,287.0,315.0,313.0,True,MEDIUM,6.0,False,Williams,0 days 00:24:46.001000,2026-08-21 14:41:08.386,1,,,,False,True,SQ
0 days 00:27:44.820000,SAI,55,0 days 00:01:44.081000,7.0,2.0,,0 days 00:27:43.624000,0 days 00:00:36.323000,0 days 00:00:35.029000,0 days 00:00:32.729000,0 days 00:26:37.062000,0 days 00:27:12.091000,0 days 00:27:44.820000,192.0,189.0,,228.0,False,MEDIUM,7.0,False,Williams,0 days 00:26:00.739000,2026-08-21 14:42:23.124,1,,,,False,False,SQ
0 days 00:18:14.116000,NOR,1,,1.0,1.0,0 days 00:16:47.086000,,,0 days 00:00:29.478000,0 days 00:00:25.322000,,0 days 00:17:48.853000,0 days 00:18:14.333000,174.0,228.0,267.0,,False,SOFT,5.0,False,McLaren,0 days 00:16:47.086000,2026-08-22 14:03:22.850,1,,,,False,False,Q
0 days 00:19:36.032000,NOR,1,0 days 00:01:21.916000,2.0,1.0,,,0 days 00:00:27.948000,0 days 00:00:28.003000,0 days 00:00:25.965000,0 days 00:18:42.064000,0 days 00:19:10.067000,0 days 00:19:36.032000,246.0,232.0,299.0,272.0,True,SOFT,6.0,False,McLaren,0 days 00:18:14.116000,2026-08-22 14:04:49.880,1,,,,False,True,Q
0 days 00:20:49.092000,NOR,1,0 days 00:01:13.060000,3.0,1.0,,,0 days 00:00:25.162000,0 days 00:00:25.717000,0 days 00:00:22.181000,0 days 00:20:01.194000,0 days 00:20:26.911000,0 days 00:20:49.092000,290.0,285.0,307.0,309.0,True,SOFT,7.0,False,McLaren,0 days 00:19:36.032000,2026-08-22 14:06:11.796,1,,,,False,True,Q
0 days 00:22:29.924000,NOR,1,0 days 00:01:40.832000,4.0,1.0,,0 days 00:22:27.411000,0 days 00:00:34.663000,0 days 00:00:31.557000,0 days 00:00:34.612000,0 days 00:21:23.755000,0 days 00:21:55.312000,0 days 00:22:29.924000,226.0,195.0,,196.0,False,SOFT,8.0,False,McLaren,0 days 00:20:49.092000,2026-08-22 14:07:24.856,1,,,,False,False,Q
0 days 00:28:02.660000,NOR,1,,5.0,2.0,0 days 00:26:34.169000,,,0 days 00:00:28.482000,0 days 00:00:24.718000,,0 days 00:27:37.984000,0 days 00:28:02.823000,233.0,225.0,279.0,196.0,False,SOFT,9.0,False,McLaren,0 days 00:22:29.924000,2026-08-22 14:09:05.688,1,,,,False,False,Q
0 days 00:29:28.296000,NOR,1,0 days 00:01:25.636000,6.0,2.0,,,0 days 00:00:27.529000,0 days 00:00:29.531000,0 days 00:00:28.576000,0 days 00:28:30.189000,0 days 00:28:59.720000,0 days 00:29:28.296000,247.0,211.0,301.0,279.0,False,SOFT,10.0,False,McLaren,0 days 00:28:02.660000,2026-08-22 14:14:38.424,1,,,,False,True,Q
0 days 00:30:40.991000,NOR,1,0 days 00:01:12.695000,7.0,2.0,,,0 days 00:00:24.944000,0 days 00:00:25.548000,0 days 00:00:22.203000,0 days 00:29:53.240000,0 days 00:30:18.788000,0 days 00:30:40.991000,290.0,286.0,306.0,311.0,True,SOFT,11.0,False,McLaren,0 days 00:29:28.296000,2026-08-22 14:16:04.060,1,,,,False,True,Q
0 days 00:32:14.716000,NOR,1,0 days 00:01:33.725000,8.0,2.0,,0 days 00:32:13.097000,0 days 00:00:31.124000,0 days 00:00:31.190000,0 days 00:00:31.411000,0 days 00:31:12.115000,0 days 00:31:43.305000,0 days 00:32:14.716000,239.0,132.0,,258.0,False,SOFT,12.0,False,McLaren,0 days 00:30:40.991000,2026-08-22 14:17:16.755,1,,,,False,False,Q
0 days 00:41:25.519000,NOR,1,,9.0,3.0,0 days 00:39:57.904000,,,0 days 00:00:30.275000,0 days 00:00:25.339000,,0 days 00:41:00.239000,0 days 00:41:25.519000,237.0,235.0,266.0,258.0,False,SOFT,1.0,True,McLaren,0 days 00:32:14.716000,2026-08-22 14:18:50.480,1,,,,False,False,Q
0 days 00:42:47.382000,NOR,1,0 days 00:01:21.863000,10.0,3.0,,,0 days 00:00:28.040000,0 days 00:00:28.260000,0 days 00:00:25.563000,0 days 00:41:53.559000,0 days 00:42:21.819000,0 days 00:42:47.382000,249.0,231.0,301.0,270.0,True,SOFT,2.0,True,McLaren,0 days 00:41:25.519000,2026-08-22 14:28:01.283,1,,,,False,True,Q
0 days 00:43:59.242000,NOR,1,0 days 00:01:11.860000,11.0,3.0,,,0 days 00:00:24.582000,0 days 00:00:25.210000,0 days 00:00:22.068000,0 days 00:43:11.964000,0 days 00:43:37.174000,0 days 00:43:59.242000,291.0,275.0,307.0,311.0,True,SOFT,3.0,True,McLaren,0 days 00:42:47.382000,2026-08-22 14:29:23.146,1,,,,False,True,Q
0 days 00:45:32.304000,NOR,1,0 days 00:01:33.062000,12.0,3.0,,0 days 00:45:30.958000,0 days 00:00:30.315000,0 days 00:00:32.210000,0 days 00:00:30.537000,0 days 00:44:29.557000,0 days 00:45:01.767000,0 days 00:45:32.304000,222.0,197.0,,244.0,False,SOFT,4.0,True,McLaren,0 days 00:43:59.242000,2026-08-22 14:30:35.006,1,,,,False,False,Q
0 days 00:50:58.094000,NOR,1,,13.0,4.0,0 days 00:49:20.736000,,,0 days 00:00:31.191000,0 days 00:00:28.741000,,0 days 00:50:29.356000,0 days 00:50:58.258000,269.0,148.0,303.0,244.0,False,SOFT,1.0,True,McLaren,0 days 00:45:32.304000,2026-08-22 14:32:08.068,1,,,,False,False,Q
0 days 00:52:09.722000,NOR,1,0 days 00:01:11.628000,14.0,4.0,,,0 days 00:00:24.643000,0 days 00:00:25.024000,0 days 00:00:21.961000,0 days 00:51:22.737000,0 days 00:51:47.761000,0 days 00:52:09.722000,291.0,279.0,308.0,306.0,True,SOFT,2.0,True,McLaren,0 days 00:50:58.094000,2026-08-22 14:37:33.858,1,,,,False,True,Q
0 days 00:53:43.571000,NOR,1,0 days 00:01:33.849000,15.0,4.0,,0 days 00:53:42.072000,0 days 00:00:31.492000,0 days 00:00:31.051000,0 days 00:00:31.306000,0 days 00:52:41.214000,0 days 00:53:12.265000,0 days 00:53:43.571000,231.0,186.0,,162.0,False,SOFT,3.0,True,McLaren,0 days 00:52:09.722000,2026-08-22 14:38:45.486,1,,,,False,False,Q
0 days 01:02:47.659000,NOR,1,,16.0,5.0,0 days 01:01:20.166000,,,0 days 00:00:27.014000,0 days 00:00:25.925000,,0 days 01:02:21.879000,0 days 01:02:47.737000,250.0,232.0,304.0,162.0,False,SOFT,1.0,True,McLaren,0 days 00:53:43.571000,2026-08-22 14:40:19.335,12,,,,False,False,Q
0 days 01:03:59.003000,NOR,1,0 days 00:01:11.344000,17.0,5.0,,,0 days 00:00:24.549000,0 days 00:00:24.956000,0 days 00:00:21.839000,0 days 01:03:12.208000,0 days 01:03:37.164000,0 days 01:03:59.003000,292.0,275.0,314.0,308.0,True,SOFT,2.0,True,McLaren,0 days 01:02:47.659000,2026-08-22 14:49:23.423,1,,,,False,True,Q
0 days 01:05:29.321000,NOR,1,0 days 00:01:30.318000,18.0,5.0,,0 days 01:05:28.076000,0 days 00:00:29.762000,0 days 00:00:29.205000,0 days 00:00:31.351000,0 days 01:04:28.765000,0 days 01:04:57.970000,0 days 01:05:29.321000,246.0,242.0,,264.0,False,SOFT,3.0,True,McLaren,0 days 01:03:59.003000,2026-08-22 14:50:34.767,1,,,,False,False,Q
0 days 01:08:26.126000,NOR,1,,19.0,6.0,0 days 01:07:02.710000,,,0 days 00:00:26.941000,0 days 00:00:25.109000,,0 days 01:08:01.057000,0 days 01:08:26.440000,269.0,225.0,304.0,264.0,False,SOFT,1.0,True,McLaren,0 days 01:05:29.321000,2026-08-22 14:52:05.085,1,,,,False,False,Q
0 days 01:09:37.289000,NOR,1,0 days 00:01:11.163000,20.0,6.0,,,0 days 00:00:24.456000,0 days 00:00:24.898000,0 days 00:00:21.809000,0 days 01:08:50.582000,0 days 01:09:15.480000,0 days 01:09:37.289000,293.0,277.0,309.0,307.0,True,SOFT,2.0,True,McLaren,0 days 01:08:26.126000,2026-08-22 14:55:01.890,1,,,,False,True,Q
0 days 01:11:17.018000,NOR,1,0 days 00:01:39.729000,21.0,6.0,,0 days 01:11:15.433000,0 days 00:00:31.442000,0 days 00:00:32.475000,0 days 00:00:35.812000,0 days 01:10:08.731000,0 days 01:10:41.206000,0 days 01:11:17.018000,211.0,181.0,,258.0,False,SOFT,3.0,True,McLaren,0 days 01:09:37.289000,2026-08-22 14:56:13.053,1,,,,False,False,Q
0 days 00:19:02.051000,RUS,63,,1.0,1.0,0 days 00:17:30.717000,,,0 days 00:00:34.299000,0 days 00:00:26.361000,,0 days 00:18:35.690000,0 days 00:19:02.263000,152.0,144.0,304.0,,False,SOFT,5.0,False,Mercedes,0 days 00:17:30.717000,2026-08-22 14:04:06.481,1,,,,False,False,Q
0 days 00:20:29.678000,RUS,63,0 days 00:01:27.627000,2.0,1.0,,,0 days 00:00:29.010000,0 days 00:00:31.035000,0 days 00:00:27.582000,0 days 00:19:31.061000,0 days 00:20:02.096000,0 days 00:20:29.678000,248.0,237.0,300.0,279.0,True,SOFT,6.0,False,Mercedes,0 days 00:19:02.051000,2026-08-22 14:05:37.815,1,,,,False,True,Q
0 days 00:21:42.617000,RUS,63,0 days 00:01:12.939000,3.0,1.0,,,0 days 00:00:24.992000,0 days 00:00:25.822000,0 days 00:00:22.125000,0 days 00:20:54.670000,0 days 00:21:20.492000,0 days 00:21:42.617000,293.0,284.0,306.0,318.0,True,SOFT,7.0,False,Mercedes,0 days 00:20:29.678000,2026-08-22 14:07:05.442,1,,,,False,True,Q
0 days 00:23:25.921000,RUS,63,0 days 00:01:43.304000,4.0,1.0,,0 days 00:23:23.889000,0 days 00:00:34.217000,0 days 00:00:37.045000,0 days 00:00:32.042000,0 days 00:22:16.834000,0 days 00:22:53.879000,0 days 00:23:25.921000,249.0,189.0,,172.0,False,SOFT,8.0,False,Mercedes,0 days 00:21:42.617000,2026-08-22 14:08:18.381,1,,,,False,False,Q
0 days 00:31:00.486000,RUS,63,,5.0,2.0,0 days 00:29:32.674000,,,0 days 00:00:31.623000,0 days 00:00:25.057000,,0 days 00:30:35.491000,0 days 00:31:00.657000,243.0,234.0,299.0,172.0,False,SOFT,9.0,False,Mercedes,0 days 00:23:25.921000,2026-08-22 14:10:01.685,1,,,,False,False,Q
0 days 00:32:13.410000,RUS,63,0 days 00:01:12.924000,6.0,2.0,,,0 days 00:00:25.061000,0 days 00:00:25.833000,0 days 00:00:22.030000,0 days 00:31:25.547000,0 days 00:31:51.380000,0 days 00:32:13.410000,295.0,287.0,308.0,320.0,True,SOFT,10.0,False,Mercedes,0 days 00:31:00.486000,2026-08-22 14:17:36.250,1,,,,False,True,Q
0 days 00:33:42.385000,RUS,63,0 days 00:01:28.975000,7.0,2.0,,0 days 00:33:41.220000,0 days 00:00:29.918000,0 days 00:00:30.362000,0 days 00:00:28.695000,0 days 00:32:43.328000,0 days 00:33:13.690000,0 days 00:33:42.385000,246.0,268.0,,234.0,False,SOFT,11.0,False,Mercedes,0 days 00:32:13.410000,2026-08-22 14:18:49.174,1,,,,False,False,Q
0 days 00:40:14.160000,RUS,63,,8.0,3.0,0 days 00:38:45.281000,,,0 days 00:00:28.265000,0 days 00:00:27.797000,,0 days 00:39:46.475000,0 days 00:40:14.160000,288.0,232.0,301.0,234.0,False,SOFT,1.0,True,Mercedes,0 days 00:33:42.385000,2026-08-22 14:20:18.149,1,,,,False,False,Q
0 days 00:41:26.119000,RUS,63,0 days 00:01:11.959000,9.0,3.0,,,0 days 00:00:24.618000,0 days 00:00:25.526000,0 days 00:00:21.815000,0 days 00:40:38.778000,0 days 00:41:04.304000,0 days 00:41:26.119000,295.0,283.0,315.0,320.0,True,SOFT,2.0,True,Mercedes,0 days 00:40:14.160000,2026-08-22 14:26:49.924,1,,,,False,True,Q
0 days 00:42:59.492000,RUS,63,0 days 00:01:33.373000,10.0,3.0,,0 days 00:42:58.219000,0 days 00:00:30.609000,0 days 00:00:29.861000,0 days 00:00:32.903000,0 days 00:41:56.728000,0 days 00:42:26.589000,0 days 00:42:59.492000,252.0,263.0,,217.0,False,SOFT,3.0,True,Mercedes,0 days 00:41:26.119000,2026-08-22 14:28:01.883,1,,,,False,False,Q
0 days 00:49:32.187000,RUS,63,,11.0,4.0,0 days 00:48:06.337000,,,0 days 00:00:28.567000,0 days 00:00:23.119000,,0 days 00:49:09.068000,0 days 00:49:32.337000,290.0,272.0,306.0,217.0,False,SOFT,1.0,True,Mercedes,0 days 00:42:59.492000,2026-08-22 14:29:35.256,1,,,,False,False,Q
0 days 00:51:07.899000,RUS,63,0 days 00:01:35.712000,12.0,4.0,,,0 days 00:00:30.352000,0 days 00:00:35.499000,0 days 00:00:29.861000,0 days 00:50:02.539000,0 days 00:50:38.038000,0 days 00:51:07.899000,242.0,237.0,301.0,284.0,False,SOFT,2.0,True,Mercedes,0 days 00:49:32.187000,2026-08-22 14:36:07.951,1,,,,False,True,Q
0 days 00:53:01.702000,RUS,63,0 days 00:01:53.803000,13.0,4.0,,0 days 00:53:00.378000,0 days 00:00:42.245000,0 days 00:00:36.183000,0 days 00:00:35.375000,0 days 00:51:50.144000,0 days 00:52:26.327000,0 days 00:53:01.702000,191.0,204.0,,319.0,False,SOFT,3.0,True,Mercedes,0 days 00:51:07.899000,2026-08-22 14:37:43.663,1,,,,False,False,Q
0 days 01:02:04.603000,RUS,63,,14.0,5.0,0 days 01:00:36.344000,,,0 days 00:00:27.903000,0 days 00:00:27.009000,,0 days 01:01:37.726000,0 days 01:02:04.641000,273.0,272.0,304.0,319.0,False,SOFT,1.0,True,Mercedes,0 days 00:53:01.702000,2026-08-22 14:39:37.466,12,,,,False,False,Q
0 days 01:03:28.563000,RUS,63,0 days 00:01:23.960000,15.0,5.0,,,0 days 00:00:27.656000,0 days 00:00:31.074000,0 days 00:00:25.230000,0 days 01:02:32.259000,0 days 01:03:03.333000,0 days 01:03:28.563000,246.0,239.0,303.0,278.0,True,SOFT,2.0,True,Mercedes,0 days 01:02:04.603000,2026-08-22 14:48:40.367,1,,,,False,True,Q
0 days 01:04:40.058000,RUS,63,0 days 00:01:11.495000,16.0,5.0,,,0 days 00:00:24.506000,0 days 00:00:25.248000,0 days 00:00:21.741000,0 days 01:03:53.069000,0 days 01:04:18.317000,0 days 01:04:40.058000,293.0,284.0,311.0,316.0,True,SOFT,3.0,True,Mercedes,0 days 01:03:28.563000,2026-08-22 14:50:04.327,1,,,,False,True,Q
0 days 01:06:00.884000,RUS,63,0 days 00:01:20.826000,17.0,5.0,,0 days 01:05:59.667000,0 days 00:00:27.677000,0 days 00:00:26.869000,0 days 00:00:26.280000,0 days 01:05:07.735000,0 days 01:05:34.604000,0 days 01:06:00.884000,245.0,276.0,,241.0,False,SOFT,4.0,True,Mercedes,0 days 01:04:40.058000,2026-08-22 14:51:15.822,1,,,,False,False,Q
0 days 01:08:30.833000,RUS,63,0 days 00:02:29.949000,18.0,6.0,0 days 01:07:07.587000,,0 days 00:01:33.240000,0 days 00:00:27.386000,0 days 00:00:29.323000,0 days 01:07:34.124000,0 days 01:08:01.510000,0 days 01:08:30.833000,264.0,231.0,302.0,241.0,False,SOFT,1.0,True,Mercedes,0 days 01:06:00.884000,2026-08-22 14:52:36.648,1,,,,False,False,Q
0 days 01:09:42.098000,RUS,63,0 days 00:01:11.265000,19.0,6.0,,,0 days 00:00:24.300000,0 days 00:00:25.178000,0 days 00:00:21.787000,0 days 01:08:55.133000,0 days 01:09:20.311000,0 days 01:09:42.098000,297.0,282.0,315.0,319.0,True,SOFT,2.0,True,Mercedes,0 days 01:08:30.833000,2026-08-22 14:55:06.597,1,,,,False,True,Q
0 days 01:11:23.508000,RUS,63,0 days 00:01:41.410000,20.0,6.0,,0 days 01:11:22.653000,0 days 00:00:32.633000,0 days 00:00:34.287000,0 days 00:00:34.490000,0 days 01:10:14.731000,0 days 01:10:49.018000,0 days 01:11:23.508000,219.0,192.0,,245.0,False,SOFT,3.0,True,Mercedes,0 days 01:09:42.098000,2026-08-22 14:56:17.862,1,,,,False,False,Q
0 days 00:18:52.089000,ANT,12,,1.0,1.0,0 days 00:17:17.834000,,,0 days 00:00:32.749000,0 days 00:00:25.753000,,0 days 00:18:26.397000,0 days 00:18:53.933000,282.0,261.0,310.0,,False,SOFT,5.0,False,Mercedes,0 days 00:17:17.834000,2026-08-22 14:03:53.598,1,,,,False,False,Q
0 days 00:20:20.376000,ANT,12,0 days 00:01:28.287000,2.0,1.0,,,0 days 00:00:31.071000,0 days 00:00:30.303000,0 days 00:00:26.913000,0 days 00:19:23.160000,0 days 00:19:53.463000,0 days 00:20:20.376000,241.0,229.0,304.0,270.0,True,SOFT,6.0,False,Mercedes,0 days 00:18:52.089000,2026-08-22 14:05:27.853,1,,,,False,True,Q
0 days 00:21:33.509000,ANT,12,0 days 00:01:13.133000,3.0,1.0,,,0 days 00:00:24.988000,0 days 00:00:25.711000,0 days 00:00:22.434000,0 days 00:20:45.364000,0 days 00:21:11.075000,0 days 00:21:33.509000,296.0,283.0,306.0,316.0,True,SOFT,7.0,False,Mercedes,0 days 00:20:20.376000,2026-08-22 14:06:56.140,1,,,,False,True,Q
0 days 00:23:09.553000,ANT,12,0 days 00:01:36.044000,4.0,1.0,,0 days 00:23:08.326000,0 days 00:00:33.387000,0 days 00:00:31.415000,0 days 00:00:31.242000,0 days 00:22:06.896000,0 days 00:22:38.311000,0 days 00:23:09.553000,237.0,245.0,,110.0,False,SOFT,8.0,False,Mercedes,0 days 00:21:33.509000,2026-08-22 14:08:09.273,1,,,,False,False,Q
0 days 00:30:52.505000,ANT,12,,5.0,2.0,0 days 00:29:17.528000,,,0 days 00:00:32.940000,0 days 00:00:27.276000,,0 days 00:30:25.290000,0 days 00:30:53.003000,136.0,229.0,303.0,110.0,False,SOFT,9.0,False,Mercedes,0 days 00:23:09.553000,2026-08-22 14:09:45.317,1,,,,False,False,Q
0 days 00:32:05.527000,ANT,12,0 days 00:01:13.022000,6.0,2.0,,,0 days 00:00:24.971000,0 days 00:00:25.825000,0 days 00:00:22.226000,0 days 00:31:17.476000,0 days 00:31:43.301000,0 days 00:32:05.527000,296.0,287.0,304.0,322.0,True,SOFT,10.0,False,Mercedes,0 days 00:30:52.505000,2026-08-22 14:17:28.269,1,,,,False,True,Q
0 days 00:33:38.561000,ANT,12,0 days 00:01:33.034000,7.0,2.0,,0 days 00:33:37.218000,0 days 00:00:31.336000,0 days 00:00:31.230000,0 days 00:00:30.468000,0 days 00:32:36.863000,0 days 00:33:08.093000,0 days 00:33:38.561000,234.0,248.0,,253.0,False,SOFT,11.0,False,Mercedes,0 days 00:32:05.527000,2026-08-22 14:18:41.291,1,,,,False,False,Q
0 days 00:40:07.948000,ANT,12,,8.0,3.0,0 days 00:38:38.874000,,,0 days 00:00:29.112000,0 days 00:00:25.333000,,0 days 00:39:42.709000,0 days 00:40:07.948000,238.0,228.0,300.0,253.0,False,SOFT,1.0,True,Mercedes,0 days 00:33:38.561000,2026-08-22 14:20:14.325,1,,,,False,False,Q
0 days 00:41:20.338000,ANT,12,0 days 00:01:12.390000,9.0,3.0,,,0 days 00:00:24.843000,0 days 00:00:25.523000,0 days 00:00:22.024000,0 days 00:40:32.791000,0 days 00:40:58.314000,0 days 00:41:20.338000,295.0,285.0,307.0,319.0,True,SOFT,2.0,True,Mercedes,0 days 00:40:07.948000,2026-08-22 14:26:43.712,1,,,,False,True,Q
0 days 00:42:56.920000,ANT,12,0 days 00:01:36.582000,10.0,3.0,,0 days 00:42:55.650000,0 days 00:00:34.419000,0 days 00:00:31.438000,0 days 00:00:30.725000,0 days 00:41:54.757000,0 days 00:42:26.195000,0 days 00:42:56.920000,190.0,255.0,,164.0,False,SOFT,3.0,True,Mercedes,0 days 00:41:20.338000,2026-08-22 14:27:56.102,1,,,,False,False,Q
0 days 00:49:28.761000,ANT,12,,11.0,4.0,0 days 00:48:01.150000,,,0 days 00:00:29.544000,0 days 00:00:23.350000,,0 days 00:49:05.422000,0 days 00:49:28.992000,277.0,266.0,313.0,164.0,False,SOFT,1.0,True,Mercedes,0 days 00:42:56.920000,2026-08-22 14:29:32.684,1,,,,False,False,Q
0 days 00:50:51.689000,ANT,12,0 days 00:01:22.928000,12.0,4.0,,,0 days 00:00:28.603000,0 days 00:00:28.425000,0 days 00:00:25.900000,0 days 00:49:57.364000,0 days 00:50:25.789000,0 days 00:50:51.689000,248.0,234.0,303.0,273.0,False,SOFT,2.0,True,Mercedes,0 days 00:49:28.761000,2026-08-22 14:36:04.525,1,,,,False,True,Q
0 days 00:52:03.604000,ANT,12,0 days 00:01:11.915000,13.0,4.0,,,0 days 00:00:24.633000,0 days 00:00:25.427000,0 days 00:00:21.855000,0 days 00:51:16.322000,0 days 00:51:41.749000,0 days 00:52:03.604000,294.0,287.0,313.0,319.0,True,SOFT,3.0,True,Mercedes,0 days 00:50:51.689000,2026-08-22 14:37:27.453,1,,,,False,True,Q
0 days 00:53:39.633000,ANT,12,0 days 00:01:36.029000,14.0,4.0,,0 days 00:53:38.293000,0 days 00:00:33.477000,0 days 00:00:30.519000,0 days 00:00:32.033000,0 days 00:52:37.081000,0 days 00:53:07.600000,0 days 00:53:39.633000,222.0,253.0,,262.0,False,SOFT,4.0,True,Mercedes,0 days 00:52:03.604000,2026-08-22 14:38:39.368,1,,,,False,False,Q
0 days 01:01:51.692000,ANT,12,,15.0,5.0,0 days 01:00:27.038000,,,0 days 00:00:28.294000,0 days 00:00:23.574000,,0 days 01:01:28.212000,0 days 01:01:51.779000,286.0,271.0,300.0,262.0,False,SOFT,1.0,True,Mercedes,0 days 00:53:39.633000,2026-08-22 14:40:15.397,12,,,,False,False,Q
0 days 01:03:14.598000,ANT,12,0 days 00:01:22.906000,16.0,5.0,,,0 days 00:00:28.846000,0 days 00:00:28.913000,0 days 00:00:25.147000,0 days 01:02:20.538000,0 days 01:02:49.451000,0 days 01:03:14.598000,248.0,229.0,304.0,264.0,True,SOFT,2.0,True,Mercedes,0 days 01:01:51.692000,2026-08-22 14:48:27.456,1,,,,False,True,Q
0 days 01:04:26.273000,ANT,12,0 days 00:01:11.675000,17.0,5.0,,,0 days 00:00:24.373000,0 days 00:00:25.380000,0 days 00:00:21.922000,0 days 01:03:38.971000,0 days 01:04:04.351000,0 days 01:04:26.273000,294.0,282.0,310.0,318.0,True,SOFT,3.0,True,Mercedes,0 days 01:03:14.598000,2026-08-22 14:49:50.362,1,,,,False,True,Q
0 days 01:05:51.855000,ANT,12,0 days 00:01:25.582000,18.0,5.0,,0 days 01:05:50.698000,0 days 00:00:28.902000,0 days 00:00:29.029000,0 days 00:00:27.651000,0 days 01:04:55.175000,0 days 01:05:24.204000,0 days 01:05:51.855000,247.0,272.0,,269.0,False,SOFT,4.0,True,Mercedes,0 days 01:04:26.273000,2026-08-22 14:51:02.037,1,,,,False,False,Q
0 days 01:08:18.733000,ANT,12,0 days 00:02:26.878000,19.0,6.0,0 days 01:06:54.537000,,0 days 00:01:34.347000,0 days 00:00:27.846000,0 days 00:00:24.685000,0 days 01:07:26.202000,0 days 01:07:54.048000,0 days 01:08:18.733000,236.0,229.0,303.0,269.0,False,SOFT,1.0,True,Mercedes,0 days 01:05:51.855000,2026-08-22 14:52:27.619,1,,,,False,False,Q
0 days 01:09:30.029000,ANT,12,0 days 00:01:11.296000,20.0,6.0,,,0 days 00:00:24.498000,0 days 00:00:25.155000,0 days 00:00:21.643000,0 days 01:08:43.231000,0 days 01:09:08.386000,0 days 01:09:30.029000,297.0,283.0,308.0,315.0,True,SOFT,2.0,True,Mercedes,0 days 01:08:18.733000,2026-08-22 14:54:54.497,1,,,,False,True,Q
0 days 01:11:11.766000,ANT,12,0 days 00:01:41.737000,21.0,6.0,,0 days 01:11:09.675000,0 days 00:00:32.643000,0 days 00:00:34.633000,0 days 00:00:34.461000,0 days 01:10:02.672000,0 days 01:10:37.305000,0 days 01:11:11.766000,199.0,193.0,,263.0,False,SOFT,3.0,True,Mercedes,0 days 01:09:30.029000,2026-08-22 14:56:05.793,1,,,,False,False,Q
0 days 00:18:45.408000,PIA,81,,1.0,1.0,0 days 00:17:11.125000,,,0 days 00:00:32.618000,0 days 00:00:25.893000,,0 days 00:18:19.535000,0 days 00:18:45.533000,269.0,256.0,250.0,,False,SOFT,5.0,False,McLaren,0 days 00:17:11.125000,2026-08-22 14:03:46.889,1,,,,False,False,Q
0 days 00:20:12.278000,PIA,81,0 days 00:01:26.870000,2.0,1.0,,,0 days 00:00:29.235000,0 days 00:00:29.338000,0 days 00:00:28.297000,0 days 00:19:14.643000,0 days 00:19:43.981000,0 days 00:20:12.278000,249.0,254.0,303.0,250.0,True,SOFT,6.0,False,McLaren,0 days 00:18:45.408000,2026-08-22 14:05:21.172,1,,,,False,True,Q
0 days 00:21:25.126000,PIA,81,0 days 00:01:12.848000,3.0,1.0,,,0 days 00:00:25.002000,0 days 00:00:25.658000,0 days 00:00:22.188000,0 days 00:20:37.280000,0 days 00:21:02.938000,0 days 00:21:25.126000,295.0,285.0,305.0,309.0,True,SOFT,7.0,False,McLaren,0 days 00:20:12.278000,2026-08-22 14:06:48.042,1,,,,False,True,Q
0 days 00:23:02.990000,PIA,81,0 days 00:01:37.864000,4.0,1.0,,0 days 00:23:01.723000,0 days 00:00:31.490000,0 days 00:00:34.357000,0 days 00:00:32.017000,0 days 00:21:56.616000,0 days 00:22:30.973000,0 days 00:23:02.990000,226.0,218.0,,243.0,False,SOFT,8.0,False,McLaren,0 days 00:21:25.126000,2026-08-22 14:08:00.890,1,,,,False,False,Q
0 days 00:27:56.309000,PIA,81,,5.0,2.0,0 days 00:26:30.040000,,,0 days 00:00:29.354000,0 days 00:00:25.990000,,0 days 00:27:30.330000,0 days 00:27:56.577000,270.0,246.0,249.0,243.0,False,SOFT,9.0,False,McLaren,0 days 00:23:02.990000,2026-08-22 14:09:38.754,1,,,,False,False,Q
0 days 00:29:23.025000,PIA,81,0 days 00:01:26.716000,6.0,2.0,,,0 days 00:00:29.709000,0 days 00:00:30.511000,0 days 00:00:26.496000,0 days 00:28:26.018000,0 days 00:28:56.529000,0 days 00:29:23.025000,249.0,255.0,304.0,245.0,False,SOFT,10.0,False,McLaren,0 days 00:27:56.309000,2026-08-22 14:14:32.073,1,,,,False,True,Q
0 days 00:30:35.635000,PIA,81,0 days 00:01:12.610000,7.0,2.0,,,0 days 00:00:24.925000,0 days 00:00:25.555000,0 days 00:00:22.130000,0 days 00:29:47.950000,0 days 00:30:13.505000,0 days 00:30:35.635000,292.0,286.0,314.0,311.0,True,SOFT,11.0,False,McLaren,0 days 00:29:23.025000,2026-08-22 14:15:58.789,1,,,,False,True,Q
0 days 00:32:08.694000,PIA,81,0 days 00:01:33.059000,8.0,2.0,,0 days 00:32:07.488000,0 days 00:00:31.192000,0 days 00:00:31.885000,0 days 00:00:29.982000,0 days 00:31:06.827000,0 days 00:31:38.712000,0 days 00:32:08.694000,220.0,244.0,,249.0,False,SOFT,12.0,False,McLaren,0 days 00:30:35.635000,2026-08-22 14:17:11.399,1,,,,False,False,Q
0 days 00:41:40.020000,PIA,81,,9.0,3.0,0 days 00:40:09.432000,,,0 days 00:00:29.027000,0 days 00:00:26.044000,,0 days 00:41:13.981000,0 days 00:41:40.035000,274.0,257.0,250.0,249.0,False,SOFT,1.0,True,McLaren,0 days 00:32:08.694000,2026-08-22 14:18:44.458,1,,,,False,False,Q
0 days 00:43:07.442000,PIA,81,0 days 00:01:27.422000,10.0,3.0,,,0 days 00:00:29.071000,0 days 00:00:33.439000,0 days 00:00:24.912000,0 days 00:42:09.091000,0 days 00:42:42.530000,0 days 00:43:07.442000,244.0,218.0,307.0,252.0,True,SOFT,2.0,True,McLaren,0 days 00:41:40.020000,2026-08-22 14:28:15.784,1,,,,False,True,Q
0 days 00:44:19.276000,PIA,81,0 days 00:01:11.834000,11.0,3.0,,,0 days 00:00:24.630000,0 days 00:00:25.126000,0 days 00:00:22.078000,0 days 00:43:32.072000,0 days 00:43:57.198000,0 days 00:44:19.276000,294.0,279.0,308.0,316.0,True,SOFT,3.0,True,McLaren,0 days 00:43:07.442000,2026-08-22 14:29:43.206,1,,,,False,True,Q
0 days 00:45:59.436000,PIA,81,0 days 00:01:40.160000,12.0,3.0,,0 days 00:45:56.297000,0 days 00:00:32.043000,0 days 00:00:34.472000,0 days 00:00:33.645000,0 days 00:44:51.319000,0 days 00:45:25.791000,0 days 00:45:59.436000,217.0,200.0,,262.0,False,SOFT,4.0,True,McLaren,0 days 00:44:19.276000,2026-08-22 14:30:55.040,1,,,,False,False,Q
0 days 00:50:42.036000,PIA,81,,13.0,4.0,0 days 00:49:13.746000,,,0 days 00:00:27.731000,0 days 00:00:27.978000,,0 days 00:50:14.058000,0 days 00:50:42.109000,276.0,260.0,305.0,262.0,False,SOFT,1.0,True,McLaren,0 days 00:45:59.436000,2026-08-22 14:32:35.200,1,,,,False,False,Q
0 days 00:51:53.677000,PIA,81,0 days 00:01:11.641000,14.0,4.0,,,0 days 00:00:24.482000,0 days 00:00:25.149000,0 days 00:00:22.010000,0 days 00:51:06.518000,0 days 00:51:31.667000,0 days 00:51:53.677000,291.0,283.0,314.0,308.0,True,SOFT,2.0,True,McLaren,0 days 00:50:42.036000,2026-08-22 14:37:17.800,1,,,,False,True,Q
0 days 00:53:30.173000,PIA,81,0 days 00:01:36.496000,15.0,4.0,,0 days 00:53:28.860000,0 days 00:00:33.762000,0 days 00:00:30.921000,0 days 00:00:31.813000,0 days 00:52:27.439000,0 days 00:52:58.360000,0 days 00:53:30.173000,227.0,224.0,,270.0,False,SOFT,3.0,True,McLaren,0 days 00:51:53.677000,2026-08-22 14:38:29.441,1,,,,False,False,Q
0 days 01:03:04.010000,PIA,81,,16.0,5.0,0 days 01:01:43.410000,,,0 days 00:00:27.046000,0 days 00:00:24.200000,,0 days 01:02:39.913000,0 days 01:03:04.010000,276.0,258.0,306.0,270.0,False,SOFT,1.0,True,McLaren,0 days 00:53:30.173000,2026-08-22 14:40:05.937,12,,,,False,False,Q
0 days 01:04:15.587000,PIA,81,0 days 00:01:11.577000,17.0,5.0,,,0 days 00:00:24.510000,0 days 00:00:25.095000,0 days 00:00:21.972000,0 days 01:03:28.520000,0 days 01:03:53.615000,0 days 01:04:15.587000,294.0,280.0,314.0,307.0,True,SOFT,2.0,True,McLaren,0 days 01:03:04.010000,2026-08-22 14:49:39.774,1,,,,False,True,Q
0 days 01:05:43.720000,PIA,81,0 days 00:01:28.133000,18.0,5.0,,0 days 01:05:42.593000,0 days 00:00:29.607000,0 days 00:00:29.707000,0 days 00:00:28.819000,0 days 01:04:45.194000,0 days 01:05:14.901000,0 days 01:05:43.720000,242.0,252.0,,260.0,False,SOFT,3.0,True,McLaren,0 days 01:04:15.587000,2026-08-22 14:50:51.351,1,,,,False,False,Q
0 days 01:08:38.405000,PIA,81,,19.0,6.0,0 days 01:07:06.962000,,,0 days 00:00:26.825000,0 days 00:00:28.138000,,0 days 01:08:10.321000,0 days 01:08:38.532000,270.0,260.0,305.0,260.0,False,SOFT,1.0,True,McLaren,0 days 01:05:43.720000,2026-08-22 14:52:19.484,1,,,,False,False,Q
0 days 01:09:49.710000,PIA,81,0 days 00:01:11.305000,20.0,6.0,,,0 days 00:00:24.432000,0 days 00:00:24.988000,0 days 00:00:21.885000,0 days 01:09:02.837000,0 days 01:09:27.825000,0 days 01:09:49.710000,293.0,280.0,309.0,307.0,True,SOFT,2.0,True,McLaren,0 days 01:08:38.405000,2026-08-22 14:55:14.169,1,,,,False,True,Q
0 days 01:11:27.055000,PIA,81,0 days 00:01:37.345000,21.0,6.0,,0 days 01:11:25.433000,0 days 00:00:32.208000,0 days 00:00:30.672000,0 days 00:00:34.465000,0 days 01:10:21.918000,0 days 01:10:52.590000,0 days 01:11:27.055000,227.0,203.0,,239.0,False,SOFT,3.0,True,McLaren,0 days 01:09:49.710000,2026-08-22 14:56:25.474,1,,,,False,False,Q
0 days 00:16:10.067000,HAM,44,,1.0,1.0,0 days 00:14:24.269000,,,0 days 00:00:32.203000,0 days 00:00:26.334000,,0 days 00:15:43.733000,0 days 00:16:10.319000,246.0,225.0,245.0,,False,SOFT,5.0,False,Ferrari,0 days 00:14:24.269000,2026-08-22 14:01:00.033,1,,,,False,False,Q
0 days 00:17:41.100000,HAM,44,0 days 00:01:31.033000,2.0,1.0,,,0 days 00:00:31.659000,0 days 00:00:30.002000,0 days 00:00:29.372000,0 days 00:16:41.726000,0 days 00:17:11.728000,0 days 00:17:41.100000,275.0,242.0,308.0,244.0,True,SOFT,6.0,False,Ferrari,0 days 00:16:10.067000,2026-08-22 14:02:45.831,1,,,,False,True,Q
0 days 00:18:54.506000,HAM,44,0 days 00:01:13.406000,3.0,1.0,,,0 days 00:00:25.383000,0 days 00:00:25.742000,0 days 00:00:22.281000,0 days 00:18:06.483000,0 days 00:18:32.225000,0 days 00:18:54.506000,289.0,278.0,303.0,310.0,True,SOFT,7.0,False,Ferrari,0 days 00:17:41.100000,2026-08-22 14:04:16.864,1,,,,False,True,Q
0 days 00:20:35.930000,HAM,44,0 days 00:01:41.424000,4.0,1.0,,,0 days 00:00:37.929000,0 days 00:00:34.399000,0 days 00:00:29.096000,0 days 00:19:32.435000,0 days 00:20:06.834000,0 days 00:20:35.930000,208.0,236.0,183.0,215.0,False,SOFT,8.0,False,Ferrari,0 days 00:18:54.506000,2026-08-22 14:05:30.270,1,,,,False,True,Q
0 days 00:22:10.010000,HAM,44,0 days 00:01:34.080000,5.0,1.0,,,0 days 00:00:38.524000,0 days 00:00:30.006000,0 days 00:00:25.550000,0 days 00:21:14.454000,0 days 00:21:44.460000,0 days 00:22:10.010000,251.0,243.0,308.0,138.0,False,SOFT,9.0,False,Ferrari,0 days 00:20:35.930000,2026-08-22 14:07:11.694,1,,,,False,True,Q
0 days 00:23:47.322000,HAM,44,0 days 00:01:37.312000,6.0,1.0,,0 days 00:23:46.033000,0 days 00:00:39.423000,0 days 00:00:29.043000,0 days 00:00:28.846000,0 days 00:22:49.433000,0 days 00:23:18.476000,0 days 00:23:47.322000,265.0,235.0,,309.0,False,SOFT,10.0,False,Ferrari,0 days 00:22:10.010000,2026-08-22 14:08:45.774,1,,,,False,False,Q
0 days 00:28:16.343000,HAM,44,,7.0,2.0,0 days 00:26:45.040000,,,0 days 00:00:32.247000,0 days 00:00:26.056000,,0 days 00:27:50.352000,0 days 00:28:16.527000,256.0,224.0,244.0,309.0,False,SOFT,9.0,False,Ferrari,0 days 00:23:47.322000,2026-08-22 14:10:23.086,1,,,,False,False,Q
0 days 00:29:47.877000,HAM,44,0 days 00:01:31.534000,8.0,2.0,,,0 days 00:00:30.221000,0 days 00:00:31.287000,0 days 00:00:30.026000,0 days 00:28:46.564000,0 days 00:29:17.851000,0 days 00:29:47.877000,267.0,233.0,314.0,243.0,False,SOFT,10.0,False,Ferrari,0 days 00:28:16.343000,2026-08-22 14:14:52.107,1,,,,False,True,Q
0 days 00:31:00.550000,HAM,44,0 days 00:01:12.673000,9.0,2.0,,,0 days 00:00:24.939000,0 days 00:00:25.659000,0 days 00:00:22.075000,0 days 00:30:12.816000,0 days 00:30:38.475000,0 days 00:31:00.550000,289.0,285.0,312.0,314.0,True,SOFT,11.0,False,Ferrari,0 days 00:29:47.877000,2026-08-22 14:16:23.641,1,,,,False,True,Q
0 days 00:32:38.201000,HAM,44,0 days 00:01:37.651000,10.0,2.0,,0 days 00:32:36.955000,0 days 00:00:33.591000,0 days 00:00:34.062000,0 days 00:00:29.998000,0 days 00:31:34.141000,0 days 00:32:08.203000,0 days 00:32:38.201000,224.0,241.0,,217.0,False,SOFT,12.0,False,Ferrari,0 days 00:31:00.550000,2026-08-22 14:17:36.314,1,,,,False,False,Q
0 days 00:41:23.587000,HAM,44,,11.0,3.0,0 days 00:39:42.131000,,,0 days 00:00:33.852000,0 days 00:00:28.086000,,0 days 00:40:55.537000,0 days 00:41:23.753000,268.0,231.0,246.0,217.0,False,SOFT,1.0,True,Ferrari,0 days 00:32:38.201000,2026-08-22 14:19:13.965,1,,,,False,False,Q
0 days 00:42:51.634000,HAM,44,0 days 00:01:28.047000,12.0,3.0,,,0 days 00:00:30.604000,0 days 00:00:30.577000,0 days 00:00:26.866000,0 days 00:41:54.191000,0 days 00:42:24.768000,0 days 00:42:51.634000,275.0,241.0,308.0,250.0,True,SOFT,2.0,True,Ferrari,0 days 00:41:23.587000,2026-08-22 14:27:59.351,1,,,,False,True,Q
0 days 00:44:03.604000,HAM,44,0 days 00:01:11.970000,13.0,3.0,,,0 days 00:00:24.873000,0 days 00:00:25.223000,0 days 00:00:21.874000,0 days 00:43:16.507000,0 days 00:43:41.730000,0 days 00:44:03.604000,290.0,285.0,300.0,309.0,True,SOFT,3.0,True,Ferrari,0 days 00:42:51.634000,2026-08-22 14:29:27.398,1,,,,False,True,Q
0 days 00:45:41.288000,HAM,44,0 days 00:01:37.684000,14.0,3.0,,0 days 00:45:40.015000,0 days 00:00:32.202000,0 days 00:00:32.567000,0 days 00:00:32.915000,0 days 00:44:35.806000,0 days 00:45:08.373000,0 days 00:45:41.288000,229.0,241.0,,221.0,False,SOFT,4.0,True,Ferrari,0 days 00:44:03.604000,2026-08-22 14:30:39.368,1,,,,False,False,Q
0 days 00:50:05.894000,HAM,44,,15.0,4.0,0 days 00:48:29.219000,,,0 days 00:00:33.221000,0 days 00:00:26.768000,,0 days 00:49:39.191000,0 days 00:50:06.047000,268.0,232.0,244.0,221.0,False,SOFT,5.0,False,Ferrari,0 days 00:45:41.288000,2026-08-22 14:32:17.052,1,,,,False,False,Q
0 days 00:51:33.355000,HAM,44,0 days 00:01:27.461000,16.0,4.0,,,0 days 00:00:30.680000,0 days 00:00:30.935000,0 days 00:00:25.846000,0 days 00:50:36.574000,0 days 00:51:07.509000,0 days 00:51:33.355000,271.0,228.0,307.0,222.0,False,SOFT,6.0,False,Ferrari,0 days 00:50:05.894000,2026-08-22 14:36:41.658,1,,,,False,True,Q
0 days 00:53:10.411000,HAM,44,0 days 00:01:37.056000,17.0,4.0,,0 days 00:53:07.109000,0 days 00:00:32.518000,0 days 00:00:31.200000,0 days 00:00:33.338000,0 days 00:52:05.873000,0 days 00:52:37.073000,0 days 00:53:10.411000,210.0,242.0,,310.0,False,SOFT,7.0,False,Ferrari,0 days 00:51:33.355000,2026-08-22 14:38:09.119,1,,,,False,False,Q
0 days 01:02:41.810000,HAM,44,,18.0,5.0,0 days 01:00:59.548000,,,0 days 00:00:33.268000,0 days 00:00:26.351000,,0 days 01:02:15.610000,0 days 01:02:41.898000,263.0,234.0,247.0,310.0,False,SOFT,1.0,True,Ferrari,0 days 00:53:10.411000,2026-08-22 14:39:46.175,12,,,,False,False,Q
0 days 01:04:11.787000,HAM,44,0 days 00:01:29.977000,19.0,5.0,,,0 days 00:00:33.666000,0 days 00:00:30.895000,0 days 00:00:25.416000,0 days 01:03:15.476000,0 days 01:03:46.371000,0 days 01:04:11.787000,269.0,226.0,308.0,247.0,True,SOFT,2.0,True,Ferrari,0 days 01:02:41.810000,2026-08-22 14:49:17.574,1,,,,False,True,Q
0 days 01:05:23.897000,HAM,44,0 days 00:01:12.110000,20.0,5.0,,,0 days 00:00:24.925000,0 days 00:00:25.271000,0 days 00:00:21.914000,0 days 01:04:36.712000,0 days 01:05:01.983000,0 days 01:05:23.897000,288.0,285.0,307.0,307.0,True,SOFT,3.0,True,Ferrari,0 days 01:04:11.787000,2026-08-22 14:50:47.551,1,,,,False,True,Q
0 days 01:06:47.445000,HAM,44,0 days 00:01:23.548000,21.0,5.0,,0 days 01:06:46.217000,0 days 00:00:28.163000,0 days 00:00:27.275000,0 days 00:00:28.110000,0 days 01:05:52.060000,0 days 01:06:19.335000,0 days 01:06:47.445000,276.0,247.0,,233.0,False,SOFT,4.0,True,Ferrari,0 days 01:05:23.897000,2026-08-22 14:51:59.661,1,,,,False,False,Q
0 days 01:09:18.608000,HAM,44,,22.0,6.0,0 days 01:07:53.310000,,0 days 00:01:38.095000,0 days 00:00:28.289000,0 days 00:00:24.743000,0 days 01:08:25.656000,0 days 01:08:53.971000,0 days 01:09:18.792000,277.0,226.0,309.0,233.0,False,SOFT,1.0,True,Ferrari,0 days 01:06:47.445000,2026-08-22 14:53:23.209,1,,,,False,False,Q
0 days 01:10:46.180000,HAM,44,0 days 00:01:27.572000,23.0,6.0,,,0 days 00:00:29.185000,0 days 00:00:33.044000,0 days 00:00:25.343000,0 days 01:09:47.793000,0 days 01:10:20.837000,0 days 01:10:46.180000,258.0,236.0,307.0,263.0,False,SOFT,2.0,True,Ferrari,0 days 01:09:18.608000,2026-08-22 14:55:54.372,1,,,,False,True,Q
0 days 01:11:57.674000,HAM,44,0 days 00:01:11.494000,24.0,6.0,,,0 days 00:00:24.658000,0 days 00:00:25.048000,0 days 00:00:21.788000,0 days 01:11:10.838000,0 days 01:11:35.886000,0 days 01:11:57.674000,289.0,285.0,299.0,306.0,True,SOFT,3.0,True,Ferrari,0 days 01:10:46.180000,2026-08-22 14:57:21.944,1,,,,False,True,Q
0 days 01:13:57.055000,HAM,44,,25.0,6.0,,0 days 01:13:57.055000,0 days 00:00:33.180000,0 days 00:00:30.801000,,0 days 01:12:30.908000,0 days 01:13:01.761000,,210.0,210.0,,213.0,False,SOFT,4.0,True,Ferrari,0 days 01:11:57.674000,2026-08-22 14:58:33.438,1,,,,False,False,Q
0 days 00:16:00.594000,LEC,16,,1.0,1.0,0 days 00:14:18.207000,,,0 days 00:00:30.566000,0 days 00:00:28.029000,,0 days 00:15:32.624000,0 days 00:16:00.883000,271.0,228.0,240.0,,False,SOFT,11.0,False,Ferrari,0 days 00:14:18.207000,2026-08-22 14:00:53.971,1,,,,False,False,Q
0 days 00:17:37.299000,LEC,16,0 days 00:01:36.705000,2.0,1.0,,,0 days 00:00:29.427000,0 days 00:00:32.945000,0 days 00:00:34.333000,0 days 00:16:30.021000,0 days 00:17:02.966000,0 days 00:17:37.299000,272.0,140.0,309.0,251.0,True,SOFT,12.0,False,Ferrari,0 days 00:16:00.594000,2026-08-22 14:02:36.358,1,,,,False,True,Q
0 days 00:18:50.923000,LEC,16,0 days 00:01:13.624000,3.0,1.0,,,0 days 00:00:25.181000,0 days 00:00:26.120000,0 days 00:00:22.323000,0 days 00:18:02.480000,0 days 00:18:28.600000,0 days 00:18:50.923000,290.0,285.0,313.0,309.0,True,SOFT,13.0,False,Ferrari,0 days 00:17:37.299000,2026-08-22 14:04:13.063,1,,,,False,True,Q
0 days 00:20:27.766000,LEC,16,0 days 00:01:36.843000,4.0,1.0,,,0 days 00:00:32.797000,0 days 00:00:34.197000,0 days 00:00:29.849000,0 days 00:19:23.720000,0 days 00:19:57.917000,0 days 00:20:27.766000,212.0,202.0,200.0,144.0,False,SOFT,14.0,False,Ferrari,0 days 00:18:50.923000,2026-08-22 14:05:26.687,1,,,,False,True,Q
0 days 00:22:03.179000,LEC,16,0 days 00:01:35.413000,5.0,1.0,,,0 days 00:00:40.206000,0 days 00:00:30.104000,0 days 00:00:25.103000,0 days 00:21:07.972000,0 days 00:21:38.076000,0 days 00:22:03.179000,273.0,232.0,308.0,138.0,False,SOFT,15.0,False,Ferrari,0 days 00:20:27.766000,2026-08-22 14:07:03.530,1,,,,False,True,Q
0 days 00:23:16.243000,LEC,16,0 days 00:01:13.064000,6.0,1.0,,,0 days 00:00:25.069000,0 days 00:00:25.873000,0 days 00:00:22.122000,0 days 00:22:28.248000,0 days 00:22:54.121000,0 days 00:23:16.243000,291.0,285.0,309.0,308.0,True,SOFT,16.0,False,Ferrari,0 days 00:22:03.179000,2026-08-22 14:08:38.943,1,,,,False,True,Q
0 days 00:24:50.507000,LEC,16,0 days 00:01:34.264000,7.0,1.0,,0 days 00:24:49.267000,0 days 00:00:31.644000,0 days 00:00:31.807000,0 days 00:00:30.813000,0 days 00:23:47.887000,0 days 00:24:19.694000,0 days 00:24:50.507000,223.0,227.0,,257.0,False,SOFT,17.0,False,Ferrari,0 days 00:23:16.243000,2026-08-22 14:09:52.007,1,,,,False,False,Q
0 days 00:41:06.256000,LEC,16,,8.0,2.0,0 days 00:39:38.121000,,,0 days 00:00:29.388000,0 days 00:00:25.681000,,0 days 00:40:40.575000,0 days 00:41:06.301000,274.0,231.0,245.0,257.0,False,SOFT,1.0,True,Ferrari,0 days 00:24:50.507000,2026-08-22 14:11:26.271,1,,,,False,False,Q
0 days 00:42:30.793000,LEC,16,0 days 00:01:24.537000,9.0,2.0,,,0 days 00:00:28.185000,0 days 00:00:31.202000,0 days 00:00:25.150000,0 days 00:41:34.441000,0 days 00:42:05.643000,0 days 00:42:30.793000,275.0,229.0,310.0,249.0,True,SOFT,2.0,True,Ferrari,0 days 00:41:06.256000,2026-08-22 14:27:42.020,1,,,,False,True,Q
0 days 00:43:42.703000,LEC,16,0 days 00:01:11.910000,10.0,2.0,,,0 days 00:00:24.831000,0 days 00:00:25.284000,0 days 00:00:21.795000,0 days 00:42:55.624000,0 days 00:43:20.908000,0 days 00:43:42.703000,291.0,288.0,303.0,308.0,True,SOFT,3.0,True,Ferrari,0 days 00:42:30.793000,2026-08-22 14:29:06.557,1,,,,False,True,Q
0 days 00:45:19.082000,LEC,16,0 days 00:01:36.379000,11.0,2.0,,0 days 00:45:17.928000,0 days 00:00:33.307000,0 days 00:00:31.447000,0 days 00:00:31.625000,0 days 00:44:16.010000,0 days 00:44:47.457000,0 days 00:45:19.082000,263.0,236.0,,254.0,False,SOFT,4.0,True,Ferrari,0 days 00:43:42.703000,2026-08-22 14:30:18.467,1,,,,False,False,Q
0 days 00:49:49.663000,LEC,16,,12.0,3.0,0 days 00:48:24.016000,,,0 days 00:00:29.017000,0 days 00:00:25.969000,,0 days 00:49:23.734000,0 days 00:49:49.879000,272.0,231.0,248.0,254.0,False,SOFT,5.0,False,Ferrari,0 days 00:45:19.082000,2026-08-22 14:31:54.846,1,,,,False,False,Q
0 days 00:51:21.808000,LEC,16,0 days 00:01:32.145000,13.0,3.0,,,0 days 00:00:28.527000,0 days 00:00:30.037000,0 days 00:00:33.581000,0 days 00:50:18.190000,0 days 00:50:48.227000,0 days 00:51:21.808000,274.0,118.0,309.0,248.0,False,SOFT,6.0,False,Ferrari,0 days 00:49:49.663000,2026-08-22 14:36:25.427,1,,,,False,True,Q
0 days 00:52:34.188000,LEC,16,0 days 00:01:12.380000,14.0,3.0,,,0 days 00:00:25.020000,0 days 00:00:25.470000,0 days 00:00:21.890000,0 days 00:51:46.828000,0 days 00:52:12.298000,0 days 00:52:34.188000,288.0,289.0,308.0,310.0,False,SOFT,7.0,False,Ferrari,0 days 00:51:21.808000,2026-08-22 14:37:57.572,1,,,,False,True,Q
0 days 00:54:06.975000,LEC,16,0 days 00:01:32.787000,15.0,3.0,,0 days 00:54:05.675000,0 days 00:00:31.149000,0 days 00:00:29.859000,0 days 00:00:31.779000,0 days 00:53:05.337000,0 days 00:53:35.196000,0 days 00:54:06.975000,238.0,221.0,,242.0,False,SOFT,8.0,False,Ferrari,0 days 00:52:34.188000,2026-08-22 14:39:09.952,1,,,,False,False,Q
0 days 01:02:20.349000,LEC,16,,16.0,4.0,0 days 01:00:47.942000,,,0 days 00:00:28.797000,0 days 00:00:25.462000,,0 days 01:01:54.998000,0 days 01:02:20.381000,275.0,227.0,244.0,242.0,False,SOFT,1.0,True,Ferrari,0 days 00:54:06.975000,2026-08-22 14:40:42.739,12,,,,False,False,Q
0 days 01:03:45.498000,LEC,16,0 days 00:01:25.149000,17.0,4.0,,,0 days 00:00:28.208000,0 days 00:00:27.904000,0 days 00:00:29.037000,0 days 01:02:48.557000,0 days 01:03:16.461000,0 days 01:03:45.498000,277.0,227.0,310.0,247.0,True,SOFT,2.0,True,Ferrari,0 days 01:02:20.349000,2026-08-22 14:48:56.113,1,,,,False,True,Q
0 days 01:04:57.165000,LEC,16,0 days 00:01:11.667000,18.0,4.0,,,0 days 00:00:24.642000,0 days 00:00:25.232000,0 days 00:00:21.793000,0 days 01:04:10.140000,0 days 01:04:35.372000,0 days 01:04:57.165000,290.0,286.0,299.0,309.0,True,SOFT,3.0,True,Ferrari,0 days 01:03:45.498000,2026-08-22 14:50:21.262,1,,,,False,True,Q
0 days 01:06:23.044000,LEC,16,0 days 00:01:25.879000,19.0,4.0,,0 days 01:06:21.769000,0 days 00:00:29.062000,0 days 00:00:28.847000,0 days 00:00:27.970000,0 days 01:05:26.227000,0 days 01:05:55.074000,0 days 01:06:23.044000,277.0,238.0,,248.0,False,SOFT,4.0,True,Ferrari,0 days 01:04:57.165000,2026-08-22 14:51:32.929,1,,,,False,False,Q
0 days 01:08:58.895000,LEC,16,,20.0,5.0,0 days 01:07:30.293000,,,0 days 00:00:27.545000,0 days 00:00:25.199000,,0 days 01:08:33.704000,0 days 01:08:59.105000,276.0,230.0,245.0,248.0,False,SOFT,1.0,True,Ferrari,0 days 01:06:23.044000,2026-08-22 14:52:58.808,1,,,,False,False,Q
0 days 01:10:17.161000,LEC,16,0 days 00:01:18.266000,21.0,5.0,,,0 days 00:00:27.093000,0 days 00:00:26.868000,0 days 00:00:24.305000,0 days 01:09:25.988000,0 days 01:09:52.856000,0 days 01:10:17.161000,277.0,247.0,308.0,250.0,False,SOFT,2.0,True,Ferrari,0 days 01:08:58.895000,2026-08-22 14:55:34.659,1,,,,False,True,Q
0 days 01:11:28.719000,LEC,16,0 days 00:01:11.558000,22.0,5.0,,,0 days 00:00:24.570000,0 days 00:00:25.170000,0 days 00:00:21.818000,0 days 01:10:41.731000,0 days 01:11:06.901000,0 days 01:11:28.719000,290.0,283.0,295.0,307.0,True,SOFT,3.0,True,Ferrari,0 days 01:10:17.161000,2026-08-22 14:56:52.925,1,,,,False,True,Q
0 days 01:13:57.055000,LEC,16,,23.0,5.0,,0 days 01:13:57.055000,0 days 00:00:33.104000,0 days 00:00:34.451000,,0 days 01:12:01.893000,0 days 01:12:36.353000,,190.0,197.0,,256.0,False,SOFT,4.0,True,Ferrari,0 days 01:11:28.719000,2026-08-22 14:58:04.483,1,,,,False,False,Q
0 days 00:16:21.588000,VER,3,,1.0,1.0,0 days 00:14:39.582000,,,0 days 00:00:29.226000,0 days 00:00:26.679000,,0 days 00:15:54.988000,0 days 00:16:21.779000,241.0,233.0,272.0,,False,SOFT,4.0,False,Red Bull Racing,0 days 00:14:39.582000,2026-08-22 14:01:15.346,1,,,,False,False,Q
0 days 00:17:55.113000,VER,3,0 days 00:01:33.525000,2.0,1.0,,,0 days 00:00:27.428000,0 days 00:00:31.329000,0 days 00:00:34.768000,0 days 00:16:49.016000,0 days 00:17:20.345000,0 days 00:17:55.113000,277.0,239.0,297.0,273.0,True,SOFT,5.0,False,Red Bull Racing,0 days 00:16:21.588000,2026-08-22 14:02:57.352,1,,,,False,True,Q
0 days 00:19:08.700000,VER,3,0 days 00:01:13.587000,3.0,1.0,,,0 days 00:00:25.185000,0 days 00:00:25.999000,0 days 00:00:22.403000,0 days 00:18:20.298000,0 days 00:18:46.297000,0 days 00:19:08.700000,291.0,286.0,315.0,309.0,True,SOFT,6.0,False,Red Bull Racing,0 days 00:17:55.113000,2026-08-22 14:04:30.877,1,,,,False,True,Q
0 days 00:20:50.473000,VER,3,0 days 00:01:41.773000,4.0,1.0,,,0 days 00:00:38.015000,0 days 00:00:32.783000,0 days 00:00:30.975000,0 days 00:19:46.715000,0 days 00:20:19.498000,0 days 00:20:50.473000,211.0,228.0,271.0,202.0,False,SOFT,7.0,False,Red Bull Racing,0 days 00:19:08.700000,2026-08-22 14:05:44.464,1,,,,False,True,Q
0 days 00:22:22.587000,VER,3,0 days 00:01:32.114000,5.0,1.0,,,0 days 00:00:29.886000,0 days 00:00:30.147000,0 days 00:00:32.081000,0 days 00:21:20.359000,0 days 00:21:50.506000,0 days 00:22:22.587000,241.0,231.0,297.0,241.0,False,SOFT,8.0,False,Red Bull Racing,0 days 00:20:50.473000,2026-08-22 14:07:26.237,1,,,,False,True,Q
0 days 00:23:35.877000,VER,3,0 days 00:01:13.290000,6.0,1.0,,,0 days 00:00:25.243000,0 days 00:00:26.015000,0 days 00:00:22.032000,0 days 00:22:47.830000,0 days 00:23:13.845000,0 days 00:23:35.877000,293.0,287.0,314.0,309.0,True,SOFT,9.0,False,Red Bull Racing,0 days 00:22:22.587000,2026-08-22 14:08:58.351,1,,,,False,True,Q
0 days 00:25:06.442000,VER,3,0 days 00:01:30.565000,7.0,1.0,,0 days 00:25:04.792000,0 days 00:00:29.444000,0 days 00:00:29.811000,0 days 00:00:31.310000,0 days 00:24:05.321000,0 days 00:24:35.132000,0 days 00:25:06.442000,203.0,254.0,,236.0,False,SOFT,10.0,False,Red Bull Racing,0 days 00:23:35.877000,2026-08-22 14:10:11.641,1,,,,False,False,Q
0 days 00:39:51.288000,VER,3,,8.0,2.0,0 days 00:38:26.396000,,,0 days 00:00:28.897000,0 days 00:00:24.938000,,0 days 00:39:26.391000,0 days 00:39:51.428000,238.0,231.0,270.0,236.0,False,SOFT,4.0,False,Red Bull Racing,0 days 00:25:06.442000,2026-08-22 14:11:42.206,1,,,,False,False,Q
0 days 00:41:12.418000,VER,3,0 days 00:01:21.130000,9.0,2.0,,,0 days 00:00:27.217000,0 days 00:00:27.846000,0 days 00:00:26.067000,0 days 00:40:18.505000,0 days 00:40:46.351000,0 days 00:41:12.418000,268.0,236.0,300.0,270.0,True,SOFT,5.0,False,Red Bull Racing,0 days 00:39:51.288000,2026-08-22 14:26:27.052,1,,,,False,True,Q
0 days 00:42:25.052000,VER,3,0 days 00:01:12.634000,10.0,2.0,,,0 days 00:00:24.931000,0 days 00:00:25.680000,0 days 00:00:22.023000,0 days 00:41:37.349000,0 days 00:42:03.029000,0 days 00:42:25.052000,295.0,288.0,315.0,312.0,True,SOFT,6.0,False,Red Bull Racing,0 days 00:41:12.418000,2026-08-22 14:27:48.182,1,,,,False,True,Q
0 days 00:43:54.833000,VER,3,0 days 00:01:29.781000,11.0,2.0,,0 days 00:43:51.714000,0 days 00:00:27.913000,0 days 00:00:31.955000,0 days 00:00:29.913000,0 days 00:42:52.965000,0 days 00:43:24.920000,0 days 00:43:54.833000,224.0,252.0,,248.0,False,SOFT,7.0,False,Red Bull Racing,0 days 00:42:25.052000,2026-08-22 14:29:00.816,1,,,,False,False,Q
0 days 00:49:15.646000,VER,3,,12.0,3.0,0 days 00:47:54.056000,,,0 days 00:00:28.574000,0 days 00:00:24.654000,,0 days 00:48:51.063000,0 days 00:49:15.907000,257.0,233.0,274.0,248.0,False,SOFT,1.0,True,Red Bull Racing,0 days 00:43:54.833000,2026-08-22 14:30:30.597,1,,,,False,False,Q
0 days 00:50:35.664000,VER,3,0 days 00:01:20.018000,13.0,3.0,,,0 days 00:00:27.111000,0 days 00:00:28.040000,0 days 00:00:24.867000,0 days 00:49:42.757000,0 days 00:50:10.797000,0 days 00:50:35.664000,275.0,238.0,300.0,267.0,False,SOFT,2.0,True,Red Bull Racing,0 days 00:49:15.646000,2026-08-22 14:35:51.410,1,,,,False,True,Q
0 days 00:51:47.538000,VER,3,0 days 00:01:11.874000,14.0,3.0,,,0 days 00:00:24.769000,0 days 00:00:25.304000,0 days 00:00:21.801000,0 days 00:51:00.433000,0 days 00:51:25.737000,0 days 00:51:47.538000,292.0,291.0,317.0,312.0,True,SOFT,3.0,True,Red Bull Racing,0 days 00:50:35.664000,2026-08-22 14:37:11.428,1,,,,False,True,Q
0 days 00:53:21.583000,VER,3,0 days 00:01:34.045000,15.0,3.0,,0 days 00:53:20.402000,0 days 00:00:29.251000,0 days 00:00:33.691000,0 days 00:00:31.103000,0 days 00:52:16.789000,0 days 00:52:50.480000,0 days 00:53:21.583000,228.0,232.0,,246.0,False,SOFT,4.0,True,Red Bull Racing,0 days 00:51:47.538000,2026-08-22 14:38:23.302,1,,,,False,False,Q
0 days 01:02:01.055000,VER,3,,16.0,4.0,0 days 01:00:32.320000,,,0 days 00:00:27.631000,0 days 00:00:24.037000,,0 days 01:01:37.085000,0 days 01:02:01.082000,253.0,234.0,273.0,246.0,False,SOFT,1.0,True,Red Bull Racing,0 days 00:53:21.583000,2026-08-22 14:39:57.347,12,,,,False,False,Q
0 days 01:03:21.184000,VER,3,0 days 00:01:20.129000,17.0,4.0,,,0 days 00:00:26.913000,0 days 00:00:28.230000,0 days 00:00:24.986000,0 days 01:02:27.968000,0 days 01:02:56.198000,0 days 01:03:21.184000,274.0,234.0,302.0,272.0,True,SOFT,2.0,True,Red Bull Racing,0 days 01:02:01.055000,2026-08-22 14:48:36.819,1,,,,False,True,Q
0 days 01:04:32.861000,VER,3,0 days 00:01:11.677000,18.0,4.0,,,0 days 00:00:24.543000,0 days 00:00:25.263000,0 days 00:00:21.871000,0 days 01:03:45.727000,0 days 01:04:10.990000,0 days 01:04:32.861000,293.0,288.0,315.0,313.0,True,SOFT,3.0,True,Red Bull Racing,0 days 01:03:21.184000,2026-08-22 14:49:56.948,1,,,,False,True,Q
0 days 01:05:54.009000,VER,3,0 days 00:01:21.148000,19.0,4.0,,0 days 01:05:52.776000,0 days 00:00:27.088000,0 days 00:00:27.080000,0 days 00:00:26.980000,0 days 01:04:59.949000,0 days 01:05:27.029000,0 days 01:05:54.009000,257.0,253.0,,234.0,False,SOFT,4.0,True,Red Bull Racing,0 days 01:04:32.861000,2026-08-22 14:51:08.625,1,,,,False,False,Q
0 days 01:08:44.788000,VER,3,,20.0,5.0,0 days 01:07:13.259000,,,0 days 00:00:28.212000,0 days 00:00:24.357000,,0 days 01:08:20.431000,0 days 01:08:44.959000,256.0,227.0,302.0,234.0,False,SOFT,1.0,True,Red Bull Racing,0 days 01:05:54.009000,2026-08-22 14:52:29.773,1,,,,False,False,Q
0 days 01:09:56.406000,VER,3,0 days 00:01:11.618000,21.0,5.0,,,0 days 00:00:24.533000,0 days 00:00:25.320000,0 days 00:00:21.765000,0 days 01:09:09.321000,0 days 01:09:34.641000,0 days 01:09:56.406000,296.0,287.0,316.0,313.0,True,SOFT,2.0,True,Red Bull Racing,0 days 01:08:44.788000,2026-08-22 14:55:20.552,1,,,,False,True,Q
0 days 01:11:31.755000,VER,3,0 days 00:01:35.349000,22.0,5.0,,0 days 01:11:30.176000,0 days 00:00:32.760000,0 days 00:00:31.383000,0 days 00:00:31.206000,0 days 01:10:29.166000,0 days 01:11:00.549000,0 days 01:11:31.755000,235.0,211.0,,251.0,False,SOFT,3.0,True,Red Bull Racing,0 days 01:09:56.406000,2026-08-22 14:56:32.170,1,,,,False,False,Q
0 days 00:16:16.593000,LAW,30,,1.0,1.0,0 days 00:14:31.238000,,,0 days 00:00:31.020000,0 days 00:00:25.648000,,0 days 00:15:51.019000,0 days 00:16:16.876000,246.0,232.0,277.0,,False,SOFT,1.0,True,Red Bull Racing,0 days 00:14:31.238000,2026-08-22 14:01:07.002,1,,,,False,False,Q
0 days 00:17:45.611000,LAW,30,0 days 00:01:29.018000,2.0,1.0,,,0 days 00:00:28.372000,0 days 00:00:30.262000,0 days 00:00:30.384000,0 days 00:16:44.965000,0 days 00:17:15.227000,0 days 00:17:45.611000,258.0,226.0,301.0,255.0,True,SOFT,2.0,True,Red Bull Racing,0 days 00:16:16.593000,2026-08-22 14:02:52.357,1,,,,False,True,Q
0 days 00:18:59.020000,LAW,30,0 days 00:01:13.409000,3.0,1.0,,,0 days 00:00:25.147000,0 days 00:00:26.011000,0 days 00:00:22.251000,0 days 00:18:10.758000,0 days 00:18:36.769000,0 days 00:18:59.020000,295.0,289.0,316.0,317.0,True,SOFT,3.0,True,Red Bull Racing,0 days 00:17:45.611000,2026-08-22 14:04:21.375,1,,,,False,True,Q
0 days 00:20:43.872000,LAW,30,0 days 00:01:44.852000,4.0,1.0,,,0 days 00:00:38.116000,0 days 00:00:37.830000,0 days 00:00:28.906000,0 days 00:19:37.136000,0 days 00:20:14.966000,0 days 00:20:43.872000,141.0,224.0,235.0,285.0,False,SOFT,4.0,True,Red Bull Racing,0 days 00:18:59.020000,2026-08-22 14:05:34.784,1,,,,False,True,Q
0 days 00:22:27.267000,LAW,30,0 days 00:01:43.395000,5.0,1.0,,,0 days 00:00:36.502000,0 days 00:00:33.517000,0 days 00:00:33.376000,0 days 00:21:20.374000,0 days 00:21:53.891000,0 days 00:22:27.267000,232.0,233.0,296.0,169.0,False,SOFT,5.0,True,Red Bull Racing,0 days 00:20:43.872000,2026-08-22 14:07:19.636,1,,,,False,True,Q
0 days 00:23:57.045000,LAW,30,0 days 00:01:29.778000,6.0,1.0,,0 days 00:23:55.792000,0 days 00:00:25.598000,0 days 00:00:33.680000,0 days 00:00:30.500000,0 days 00:22:52.865000,0 days 00:23:26.545000,0 days 00:23:57.045000,296.0,179.0,,310.0,False,SOFT,6.0,True,Red Bull Racing,0 days 00:22:27.267000,2026-08-22 14:09:03.031,1,,,,False,False,Q
0 days 00:30:01.477000,LAW,30,,7.0,2.0,0 days 00:28:28.978000,,,0 days 00:00:29.214000,0 days 00:00:27.905000,,0 days 00:29:33.674000,0 days 00:30:01.650000,283.0,236.0,259.0,310.0,False,SOFT,7.0,False,Red Bull Racing,0 days 00:23:57.045000,2026-08-22 14:10:32.809,1,,,,False,False,Q
0 days 00:31:22.871000,LAW,30,0 days 00:01:21.394000,8.0,2.0,,,0 days 00:00:28.955000,0 days 00:00:27.721000,0 days 00:00:24.718000,0 days 00:30:30.432000,0 days 00:30:58.153000,0 days 00:31:22.871000,273.0,235.0,300.0,274.0,False,SOFT,8.0,False,Red Bull Racing,0 days 00:30:01.477000,2026-08-22 14:16:37.241,1,,,,False,True,Q
0 days 00:32:36.263000,LAW,30,0 days 00:01:13.392000,9.0,2.0,,,0 days 00:00:25.189000,0 days 00:00:25.973000,0 days 00:00:22.230000,0 days 00:31:48.060000,0 days 00:32:14.033000,0 days 00:32:36.263000,294.0,289.0,314.0,314.0,True,SOFT,9.0,False,Red Bull Racing,0 days 00:31:22.871000,2026-08-22 14:17:58.635,1,,,,False,True,Q
0 days 00:34:05.819000,LAW,30,0 days 00:01:29.556000,10.0,2.0,,0 days 00:34:04.616000,0 days 00:00:30.037000,0 days 00:00:29.238000,0 days 00:00:30.281000,0 days 00:33:06.300000,0 days 00:33:35.538000,0 days 00:34:05.819000,253.0,254.0,,277.0,False,SOFT,10.0,False,Red Bull Racing,0 days 00:32:36.263000,2026-08-22 14:19:12.027,1,,,,False,False,Q
0 days 00:40:52.791000,LAW,30,,11.0,3.0,0 days 00:39:29.721000,,,0 days 00:00:28.513000,0 days 00:00:24.865000,,0 days 00:40:27.950000,0 days 00:40:53.109000,281.0,250.0,257.0,277.0,False,SOFT,1.0,True,Red Bull Racing,0 days 00:34:05.819000,2026-08-22 14:20:41.583,1,,,,False,False,Q
0 days 00:42:14.836000,LAW,30,0 days 00:01:22.045000,12.0,3.0,,,0 days 00:00:28.568000,0 days 00:00:28.616000,0 days 00:00:24.861000,0 days 00:41:21.359000,0 days 00:41:49.975000,0 days 00:42:14.836000,276.0,245.0,299.0,261.0,True,SOFT,2.0,True,Red Bull Racing,0 days 00:40:52.791000,2026-08-22 14:27:28.555,1,,,,False,True,Q
0 days 00:43:27.474000,LAW,30,0 days 00:01:12.638000,13.0,3.0,,,0 days 00:00:25.012000,0 days 00:00:25.582000,0 days 00:00:22.044000,0 days 00:42:39.848000,0 days 00:43:05.430000,0 days 00:43:27.474000,296.0,288.0,316.0,312.0,True,SOFT,3.0,True,Red Bull Racing,0 days 00:42:14.836000,2026-08-22 14:28:50.600,1,,,,False,True,Q
0 days 00:45:00.909000,LAW,30,0 days 00:01:33.435000,14.0,3.0,,0 days 00:44:55.703000,0 days 00:00:28.333000,0 days 00:00:31.399000,0 days 00:00:33.703000,0 days 00:43:55.807000,0 days 00:44:27.206000,0 days 00:45:00.909000,250.0,246.0,,286.0,False,SOFT,4.0,True,Red Bull Racing,0 days 00:43:27.474000,2026-08-22 14:30:03.238,1,,,,False,False,Q
0 days 00:49:21.385000,LAW,30,,15.0,4.0,0 days 00:47:58.040000,,,0 days 00:00:28.182000,0 days 00:00:24.735000,,0 days 00:48:56.703000,0 days 00:49:21.679000,260.0,238.0,271.0,286.0,False,SOFT,1.0,True,Red Bull Racing,0 days 00:45:00.909000,2026-08-22 14:31:36.673,1,,,,False,False,Q
0 days 00:50:46.307000,LAW,30,0 days 00:01:24.922000,16.0,4.0,,,0 days 00:00:27.873000,0 days 00:00:28.313000,0 days 00:00:28.736000,0 days 00:49:49.258000,0 days 00:50:17.571000,0 days 00:50:46.307000,269.0,245.0,300.0,265.0,False,SOFT,2.0,True,Red Bull Racing,0 days 00:49:21.385000,2026-08-22 14:35:57.149,1,,,,False,True,Q
0 days 00:51:58.608000,LAW,30,0 days 00:01:12.301000,17.0,4.0,,,0 days 00:00:24.862000,0 days 00:00:25.320000,0 days 00:00:22.119000,0 days 00:51:11.169000,0 days 00:51:36.489000,0 days 00:51:58.608000,294.0,289.0,315.0,313.0,True,SOFT,3.0,True,Red Bull Racing,0 days 00:50:46.307000,2026-08-22 14:37:22.071,1,,,,False,True,Q
0 days 00:53:37.360000,LAW,30,0 days 00:01:38.752000,18.0,4.0,,0 days 00:53:36.092000,0 days 00:00:32.335000,0 days 00:00:32.901000,0 days 00:00:33.516000,0 days 00:52:30.943000,0 days 00:53:03.844000,0 days 00:53:37.360000,223.0,251.0,,246.0,False,SOFT,4.0,True,Red Bull Racing,0 days 00:51:58.608000,2026-08-22 14:38:34.372,1,,,,False,False,Q
0 days 01:02:10.718000,LAW,30,,19.0,5.0,0 days 01:00:41.301000,,,0 days 00:00:28.394000,0 days 00:00:24.616000,,0 days 01:01:46.208000,0 days 01:02:10.718000,257.0,237.0,272.0,246.0,False,SOFT,1.0,True,Red Bull Racing,0 days 00:53:37.360000,2026-08-22 14:40:13.124,12,,,,False,False,Q
0 days 01:03:33.078000,LAW,30,0 days 00:01:22.360000,20.0,5.0,,,0 days 00:00:27.330000,0 days 00:00:28.533000,0 days 00:00:26.497000,0 days 01:02:38.048000,0 days 01:03:06.581000,0 days 01:03:33.078000,274.0,224.0,302.0,274.0,True,SOFT,2.0,True,Red Bull Racing,0 days 01:02:10.718000,2026-08-22 14:48:46.482,1,,,,False,True,Q
0 days 01:04:44.889000,LAW,30,0 days 00:01:11.811000,21.0,5.0,,,0 days 00:00:24.682000,0 days 00:00:25.234000,0 days 00:00:21.895000,0 days 01:03:57.760000,0 days 01:04:22.994000,0 days 01:04:44.889000,297.0,291.0,316.0,315.0,True,SOFT,3.0,True,Red Bull Racing,0 days 01:03:33.078000,2026-08-22 14:50:08.842,1,,,,False,True,Q
0 days 01:06:07.484000,LAW,30,0 days 00:01:22.595000,22.0,5.0,,0 days 01:06:06.238000,0 days 00:00:26.911000,0 days 00:00:28.011000,0 days 00:00:27.673000,0 days 01:05:11.800000,0 days 01:05:39.811000,0 days 01:06:07.484000,256.0,251.0,,289.0,False,SOFT,4.0,True,Red Bull Racing,0 days 01:04:44.889000,2026-08-22 14:51:20.653,1,,,,False,False,Q
0 days 01:08:49.991000,LAW,30,,23.0,6.0,0 days 01:07:27.637000,,,0 days 00:00:27.437000,0 days 00:00:24.259000,,0 days 01:08:25.793000,0 days 01:08:50.112000,265.0,236.0,302.0,289.0,False,SOFT,1.0,True,Red Bull Racing,0 days 01:06:07.484000,2026-08-22 14:52:43.248,1,,,,False,False,Q
0 days 01:10:01.724000,LAW,30,0 days 00:01:11.733000,24.0,6.0,,,0 days 00:00:24.574000,0 days 00:00:25.221000,0 days 00:00:21.938000,0 days 01:09:14.565000,0 days 01:09:39.786000,0 days 01:10:01.724000,297.0,289.0,315.0,315.0,True,SOFT,2.0,True,Red Bull Racing,0 days 01:08:49.991000,2026-08-22 14:55:25.755,1,,,,False,True,Q
0 days 01:11:40.567000,LAW,30,0 days 00:01:38.843000,25.0,6.0,,0 days 01:11:38.754000,0 days 00:00:30.462000,0 days 00:00:33.043000,0 days 00:00:35.338000,0 days 01:10:32.186000,0 days 01:11:05.229000,0 days 01:11:40.567000,239.0,150.0,,274.0,False,SOFT,3.0,True,Red Bull Racing,0 days 01:10:01.724000,2026-08-22 14:56:37.488,1,,,,False,False,Q
0 days 00:15:50.160000,BOR,5,,1.0,1.0,0 days 00:14:14.758000,,,0 days 00:00:30.743000,0 days 00:00:24.999000,,0 days 00:15:25.171000,0 days 00:15:50.426000,234.0,249.0,315.0,,False,SOFT,3.0,False,Audi,0 days 00:14:14.758000,2026-08-22 14:00:50.522,1,,,,False,False,Q
0 days 00:17:24.863000,BOR,5,0 days 00:01:34.703000,2.0,1.0,,,0 days 00:00:29.006000,0 days 00:00:30.111000,0 days 00:00:35.586000,0 days 00:16:19.166000,0 days 00:16:49.277000,0 days 00:17:24.863000,271.0,180.0,303.0,252.0,True,SOFT,4.0,False,Audi,0 days 00:15:50.160000,2026-08-22 14:02:25.924,1,,,,False,True,Q
0 days 00:18:44.825000,BOR,5,0 days 00:01:19.962000,3.0,1.0,,0 days 00:18:43.564000,0 days 00:00:25.759000,0 days 00:00:26.223000,0 days 00:00:27.980000,0 days 00:17:50.622000,0 days 00:18:16.845000,0 days 00:18:44.825000,292.0,288.0,,301.0,False,SOFT,5.0,False,Audi,0 days 00:17:24.863000,2026-08-22 14:04:00.627,1,,,,False,False,Q
0 days 00:22:35.532000,BOR,5,,4.0,2.0,0 days 00:20:58.474000,,,0 days 00:00:31.555000,0 days 00:00:26.446000,,0 days 00:22:09.240000,0 days 00:22:35.739000,258.0,273.0,270.0,301.0,False,SOFT,1.0,True,Audi,0 days 00:18:44.825000,2026-08-22 14:05:20.589,1,,,,False,False,Q
0 days 00:24:14.804000,BOR,5,0 days 00:01:39.272000,5.0,2.0,,,0 days 00:00:29.471000,0 days 00:00:38.483000,0 days 00:00:31.318000,0 days 00:23:05.003000,0 days 00:23:43.486000,0 days 00:24:14.804000,241.0,132.0,299.0,252.0,False,SOFT,2.0,True,Audi,0 days 00:22:35.532000,2026-08-22 14:09:11.296,1,,,,False,True,Q
0 days 00:25:28.783000,BOR,5,0 days 00:01:13.979000,6.0,2.0,,,0 days 00:00:25.611000,0 days 00:00:26.087000,0 days 00:00:22.281000,0 days 00:24:40.415000,0 days 00:25:06.502000,0 days 00:25:28.783000,293.0,286.0,304.0,302.0,True,SOFT,3.0,True,Audi,0 days 00:24:14.804000,2026-08-22 14:10:50.568,1,,,,False,True,Q
0 days 00:26:53.985000,BOR,5,0 days 00:01:25.202000,7.0,2.0,,0 days 00:26:53.176000,0 days 00:00:28.933000,0 days 00:00:28.110000,0 days 00:00:28.159000,0 days 00:25:57.716000,0 days 00:26:25.826000,0 days 00:26:53.985000,247.0,232.0,,249.0,False,SOFT,4.0,True,Audi,0 days 00:25:28.783000,2026-08-22 14:12:04.547,1,,,,False,False,Q
0 days 00:30:17.098000,BOR,5,,8.0,3.0,0 days 00:28:48.141000,,,0 days 00:00:30.733000,0 days 00:00:25.621000,,0 days 00:29:51.617000,0 days 00:30:17.216000,247.0,238.0,306.0,249.0,False,SOFT,1.0,True,Audi,0 days 00:26:53.985000,2026-08-22 14:13:29.749,1,,,,False,False,Q
0 days 00:31:30.240000,BOR,5,0 days 00:01:13.142000,9.0,3.0,,,0 days 00:00:25.395000,0 days 00:00:25.705000,0 days 00:00:22.042000,0 days 00:30:42.493000,0 days 00:31:08.198000,0 days 00:31:30.240000,293.0,290.0,309.0,310.0,True,SOFT,2.0,True,Audi,0 days 00:30:17.098000,2026-08-22 14:16:52.862,1,,,,False,True,Q
0 days 00:33:09.704000,BOR,5,0 days 00:01:39.464000,10.0,3.0,,0 days 00:33:08.468000,0 days 00:00:34.454000,0 days 00:00:31.040000,0 days 00:00:33.970000,0 days 00:32:04.694000,0 days 00:32:35.734000,0 days 00:33:09.704000,236.0,222.0,,221.0,False,SOFT,3.0,True,Audi,0 days 00:31:30.240000,2026-08-22 14:18:06.004,1,,,,False,False,Q
0 days 00:44:46.946000,BOR,5,,11.0,4.0,0 days 00:43:20.473000,,,0 days 00:00:28.502000,0 days 00:00:25.973000,,0 days 00:44:21.090000,0 days 00:44:47.009000,244.0,233.0,305.0,221.0,False,SOFT,1.0,True,Audi,0 days 00:33:09.704000,2026-08-22 14:19:45.468,1,,,,False,False,Q
0 days 00:45:59.508000,BOR,5,0 days 00:01:12.562000,12.0,4.0,,,0 days 00:00:25.029000,0 days 00:00:25.521000,0 days 00:00:22.012000,0 days 00:45:11.975000,0 days 00:45:37.496000,0 days 00:45:59.508000,291.0,288.0,304.0,308.0,True,SOFT,2.0,True,Audi,0 days 00:44:46.946000,2026-08-22 14:31:22.710,1,,,,False,True,Q
0 days 00:47:39.509000,BOR,5,0 days 00:01:40.001000,13.0,4.0,,0 days 00:47:36.773000,0 days 00:00:31.942000,0 days 00:00:31.899000,0 days 00:00:36.160000,0 days 00:46:31.450000,0 days 00:47:03.349000,0 days 00:47:39.509000,223.0,191.0,,215.0,False,SOFT,3.0,True,Audi,0 days 00:45:59.508000,2026-08-22 14:32:35.272,1,,,,False,False,Q
0 days 00:51:52.364000,BOR,5,,14.0,5.0,0 days 00:50:18.165000,,,0 days 00:00:33.348000,0 days 00:00:27.568000,,0 days 00:51:24.828000,0 days 00:51:52.848000,151.0,101.0,305.0,215.0,False,SOFT,1.0,True,Audi,0 days 00:47:39.509000,2026-08-22 14:34:15.273,1,,,,False,False,Q
0 days 00:53:04.797000,BOR,5,0 days 00:01:12.433000,15.0,5.0,,,0 days 00:00:25.025000,0 days 00:00:25.524000,0 days 00:00:21.884000,0 days 00:52:17.389000,0 days 00:52:42.913000,0 days 00:53:04.797000,291.0,290.0,305.0,307.0,True,SOFT,2.0,True,Audi,0 days 00:51:52.364000,2026-08-22 14:38:28.128,1,,,,False,True,Q
0 days 00:54:46.394000,BOR,5,0 days 00:01:41.597000,16.0,5.0,,0 days 00:54:45.058000,0 days 00:00:34.912000,0 days 00:00:32.660000,0 days 00:00:34.025000,0 days 00:53:39.709000,0 days 00:54:12.369000,0 days 00:54:46.394000,231.0,204.0,,218.0,False,SOFT,3.0,True,Audi,0 days 00:53:04.797000,2026-08-22 14:39:40.561,1,,,,False,False,Q
0 days 01:02:40.132000,BOR,5,,17.0,6.0,0 days 01:01:08.266000,,,0 days 00:00:28.901000,0 days 00:00:25.303000,,0 days 01:02:14.923000,0 days 01:02:40.132000,248.0,231.0,303.0,218.0,False,SOFT,4.0,False,Audi,0 days 00:54:46.394000,2026-08-22 14:41:22.158,12,,,,False,False,Q
0 days 01:03:53.162000,BOR,5,0 days 00:01:13.030000,18.0,6.0,,,0 days 00:00:25.255000,0 days 00:00:25.694000,0 days 00:00:22.081000,0 days 01:03:05.387000,0 days 01:03:31.081000,0 days 01:03:53.162000,289.0,288.0,305.0,306.0,True,SOFT,5.0,False,Audi,0 days 01:02:40.132000,2026-08-22 14:49:15.896,1,,,,False,True,Q
0 days 01:05:24.249000,BOR,5,0 days 00:01:31.087000,19.0,6.0,,0 days 01:05:23.030000,0 days 00:00:31.481000,0 days 00:00:31.057000,0 days 00:00:28.549000,0 days 01:04:24.643000,0 days 01:04:55.700000,0 days 01:05:24.249000,242.0,229.0,,270.0,False,SOFT,6.0,False,Audi,0 days 01:03:53.162000,2026-08-22 14:50:28.926,1,,,,False,False,Q
0 days 01:08:13.631000,BOR,5,,20.0,7.0,0 days 01:06:49.422000,,,0 days 00:00:28.032000,0 days 00:00:25.224000,,0 days 01:07:48.509000,0 days 01:08:13.915000,248.0,232.0,302.0,270.0,False,SOFT,1.0,True,Audi,0 days 01:05:24.249000,2026-08-22 14:52:00.013,1,,,,False,False,Q
0 days 01:09:25.710000,BOR,5,0 days 00:01:12.079000,21.0,7.0,,,0 days 00:00:24.947000,0 days 00:00:25.294000,0 days 00:00:21.838000,0 days 01:08:38.578000,0 days 01:09:03.872000,0 days 01:09:25.710000,292.0,288.0,303.0,305.0,True,SOFT,2.0,True,Audi,0 days 01:08:13.631000,2026-08-22 14:54:49.395,1,,,,False,True,Q
0 days 01:11:05.735000,BOR,5,0 days 00:01:40.025000,22.0,7.0,,0 days 01:11:04.434000,0 days 00:00:32.733000,0 days 00:00:35.465000,0 days 00:00:31.827000,0 days 01:09:58.443000,0 days 01:10:33.908000,0 days 01:11:05.735000,217.0,198.0,,245.0,False,SOFT,3.0,True,Audi,0 days 01:09:25.710000,2026-08-22 14:56:01.474,1,,,,False,False,Q
0 days 00:15:31.410000,LIN,41,,1.0,1.0,0 days 00:14:03.223000,,,0 days 00:00:29.032000,0 days 00:00:25.215000,,0 days 00:15:06.235000,0 days 00:15:31.561000,232.0,231.0,300.0,,False,SOFT,4.0,False,Racing Bulls,0 days 00:14:03.223000,2026-08-22 14:00:38.987,1,,,,False,False,Q
0 days 00:16:46.030000,LIN,41,0 days 00:01:14.620000,2.0,1.0,,,0 days 00:00:25.732000,0 days 00:00:26.468000,0 days 00:00:22.420000,0 days 00:15:57.142000,0 days 00:16:23.610000,0 days 00:16:46.030000,297.0,287.0,320.0,310.0,True,SOFT,5.0,False,Racing Bulls,0 days 00:15:31.410000,2026-08-22 14:02:07.174,1,,,,False,True,Q
0 days 00:18:19.146000,LIN,41,0 days 00:01:33.116000,3.0,1.0,,0 days 00:18:18.086000,0 days 00:00:30.822000,0 days 00:00:32.849000,0 days 00:00:29.445000,0 days 00:17:16.852000,0 days 00:17:49.701000,0 days 00:18:19.146000,257.0,240.0,,298.0,False,SOFT,6.0,False,Racing Bulls,0 days 00:16:46.030000,2026-08-22 14:03:21.794,1,,,,False,False,Q
0 days 00:22:30.933000,LIN,41,,4.0,2.0,0 days 00:20:51.564000,,,0 days 00:00:30.898000,0 days 00:00:39,,0 days 00:21:52.029000,0 days 00:22:31.208000,250.0,208.0,298.0,298.0,False,SOFT,1.0,True,Racing Bulls,0 days 00:18:19.146000,2026-08-22 14:04:54.910,1,,,,False,False,Q
0 days 00:23:44.314000,LIN,41,0 days 00:01:13.381000,5.0,2.0,,,0 days 00:00:25.370000,0 days 00:00:25.877000,0 days 00:00:22.134000,0 days 00:22:56.303000,0 days 00:23:22.180000,0 days 00:23:44.314000,292.0,288.0,318.0,306.0,True,SOFT,2.0,True,Racing Bulls,0 days 00:22:30.933000,2026-08-22 14:09:06.697,1,,,,False,True,Q
0 days 00:25:12.614000,LIN,41,0 days 00:01:28.300000,6.0,2.0,,0 days 00:25:11.377000,0 days 00:00:29.025000,0 days 00:00:30.462000,0 days 00:00:28.813000,0 days 00:24:13.339000,0 days 00:24:43.801000,0 days 00:25:12.614000,245.0,236.0,,275.0,False,SOFT,3.0,True,Racing Bulls,0 days 00:23:44.314000,2026-08-22 14:10:20.078,1,,,,False,False,Q
0 days 00:29:42.123000,LIN,41,,7.0,3.0,0 days 00:27:55.983000,,,0 days 00:00:29.408000,0 days 00:00:31.906000,,0 days 00:29:10.316000,0 days 00:29:42.264000,247.0,231.0,301.0,275.0,False,SOFT,1.0,True,Racing Bulls,0 days 00:25:12.614000,2026-08-22 14:11:48.378,1,,,,False,False,Q
0 days 00:30:55.197000,LIN,41,0 days 00:01:13.074000,8.0,3.0,,,0 days 00:00:24.992000,0 days 00:00:25.941000,0 days 00:00:22.141000,0 days 00:30:07.115000,0 days 00:30:33.056000,0 days 00:30:55.197000,290.0,286.0,317.0,308.0,True,SOFT,2.0,True,Racing Bulls,0 days 00:29:42.123000,2026-08-22 14:16:17.887,1,,,,False,True,Q
0 days 00:32:32.087000,LIN,41,0 days 00:01:36.890000,9.0,3.0,,0 days 00:32:30.343000,0 days 00:00:32.015000,0 days 00:00:30.450000,0 days 00:00:34.425000,0 days 00:31:27.212000,0 days 00:31:57.662000,0 days 00:32:32.087000,258.0,227.0,,271.0,False,SOFT,3.0,True,Racing Bulls,0 days 00:30:55.197000,2026-08-22 14:17:30.961,1,,,,False,False,Q
0 days 00:43:47.156000,LIN,41,,10.0,4.0,0 days 00:42:20.386000,,,0 days 00:00:31.113000,0 days 00:00:25.088000,,0 days 00:43:22.075000,0 days 00:43:47.182000,246.0,210.0,302.0,271.0,False,SOFT,1.0,True,Racing Bulls,0 days 00:32:32.087000,2026-08-22 14:19:07.851,1,,,,False,False,Q
0 days 00:44:59.681000,LIN,41,0 days 00:01:12.525000,11.0,4.0,,,0 days 00:00:24.875000,0 days 00:00:25.676000,0 days 00:00:21.974000,0 days 00:44:12.031000,0 days 00:44:37.707000,0 days 00:44:59.681000,291.0,288.0,320.0,311.0,True,SOFT,2.0,True,Racing Bulls,0 days 00:43:47.156000,2026-08-22 14:30:22.920,1,,,,False,True,Q
0 days 00:46:34.764000,LIN,41,0 days 00:01:35.083000,12.0,4.0,,0 days 00:46:33.367000,0 days 00:00:31.087000,0 days 00:00:31.914000,0 days 00:00:32.082000,0 days 00:45:30.768000,0 days 00:46:02.682000,0 days 00:46:34.764000,224.0,232.0,,267.0,False,SOFT,3.0,True,Racing Bulls,0 days 00:44:59.681000,2026-08-22 14:31:35.445,1,,,,False,False,Q
0 days 00:52:33.393000,LIN,41,,13.0,5.0,0 days 00:51:08.697000,,,0 days 00:00:31.074000,0 days 00:00:24.653000,,0 days 00:52:08.758000,0 days 00:52:33.561000,260.0,228.0,302.0,267.0,False,SOFT,1.0,True,Racing Bulls,0 days 00:46:34.764000,2026-08-22 14:33:10.528,1,,,,False,False,Q
0 days 00:53:46.243000,LIN,41,0 days 00:01:12.850000,14.0,5.0,,,0 days 00:00:25.006000,0 days 00:00:25.873000,0 days 00:00:21.971000,0 days 00:52:58.399000,0 days 00:53:24.272000,0 days 00:53:46.243000,290.0,288.0,316.0,308.0,False,SOFT,2.0,True,Racing Bulls,0 days 00:52:33.393000,2026-08-22 14:39:09.157,1,,,,False,True,Q
0 days 00:55:19.619000,LIN,41,0 days 00:01:33.376000,15.0,5.0,,0 days 00:55:18.360000,0 days 00:00:32.235000,0 days 00:00:31.014000,0 days 00:00:30.127000,0 days 00:54:18.478000,0 days 00:54:49.492000,0 days 00:55:19.619000,230.0,242.0,,240.0,False,SOFT,3.0,True,Racing Bulls,0 days 00:53:46.243000,2026-08-22 14:40:22.007,1,,,,False,False,Q
0 days 01:02:31.887000,LIN,41,,16.0,6.0,0 days 01:00:53.892000,,,0 days 00:00:31.190000,0 days 00:00:26.711000,,0 days 01:02:05.292000,0 days 01:02:31.975000,250.0,237.0,244.0,240.0,False,SOFT,4.0,False,Racing Bulls,0 days 00:55:19.619000,2026-08-22 14:41:55.383,12,,,,False,False,Q
0 days 01:03:57.565000,LIN,41,0 days 00:01:25.678000,17.0,6.0,,,0 days 00:00:29.547000,0 days 00:00:31.493000,0 days 00:00:24.638000,0 days 01:03:01.434000,0 days 01:03:32.927000,0 days 01:03:57.565000,250.0,227.0,302.0,240.0,True,SOFT,5.0,False,Racing Bulls,0 days 01:02:31.887000,2026-08-22 14:49:07.651,1,,,,False,True,Q
0 days 01:05:09.938000,LIN,41,0 days 00:01:12.373000,18.0,6.0,,,0 days 00:00:24.937000,0 days 00:00:25.532000,0 days 00:00:21.904000,0 days 01:04:22.502000,0 days 01:04:48.034000,0 days 01:05:09.938000,290.0,287.0,313.0,310.0,True,SOFT,6.0,False,Racing Bulls,0 days 01:03:57.565000,2026-08-22 14:50:33.329,1,,,,False,True,Q
0 days 01:06:32.187000,LIN,41,0 days 00:01:22.249000,19.0,6.0,,0 days 01:06:30.977000,0 days 00:00:26.907000,0 days 00:00:27.860000,0 days 00:00:27.482000,0 days 01:05:36.845000,0 days 01:06:04.705000,0 days 01:06:32.187000,254.0,239.0,,274.0,False,SOFT,7.0,False,Racing Bulls,0 days 01:05:09.938000,2026-08-22 14:51:45.702,1,,,,False,False,Q
0 days 01:09:10.683000,LIN,41,,20.0,7.0,0 days 01:07:49.976000,,,0 days 00:00:27.888000,0 days 00:00:24.420000,,0 days 01:08:46.350000,0 days 01:09:10.887000,247.0,227.0,301.0,274.0,False,SOFT,1.0,True,Racing Bulls,0 days 01:06:32.187000,2026-08-22 14:53:07.951,1,,,,False,False,Q
0 days 01:10:22.868000,LIN,41,0 days 00:01:12.185000,21.0,7.0,,,0 days 00:00:24.808000,0 days 00:00:25.477000,0 days 00:00:21.900000,0 days 01:09:35.491000,0 days 01:10:00.968000,0 days 01:10:22.868000,292.0,287.0,316.0,308.0,True,SOFT,2.0,True,Racing Bulls,0 days 01:09:10.683000,2026-08-22 14:55:46.447,1,,,,False,True,Q
0 days 01:11:59.352000,LIN,41,0 days 00:01:36.484000,22.0,7.0,,0 days 01:11:57.959000,0 days 00:00:34.090000,0 days 00:00:30.273000,0 days 00:00:32.121000,0 days 01:10:56.958000,0 days 01:11:27.231000,0 days 01:11:59.352000,251.0,236.0,,267.0,False,SOFT,3.0,True,Racing Bulls,0 days 01:10:22.868000,2026-08-22 14:56:58.632,1,,,,False,False,Q
0 days 00:17:01.275000,GAS,10,,1.0,1.0,0 days 00:15:29.905000,,,0 days 00:00:28.704000,0 days 00:00:29.403000,,0 days 00:16:31.872000,0 days 00:17:01.476000,275.0,235.0,304.0,,False,SOFT,6.0,False,Alpine,0 days 00:15:29.905000,2026-08-22 14:02:05.669,1,,,,False,False,Q
0 days 00:18:25.598000,GAS,10,0 days 00:01:24.323000,2.0,1.0,,0 days 00:18:24.116000,0 days 00:00:25.659000,0 days 00:00:26.339000,0 days 00:00:32.325000,0 days 00:17:26.934000,0 days 00:17:53.273000,0 days 00:18:25.598000,294.0,286.0,,306.0,False,SOFT,7.0,False,Alpine,0 days 00:17:01.275000,2026-08-22 14:03:37.039,1,,,,False,False,Q
0 days 00:22:34.588000,GAS,10,,3.0,2.0,0 days 00:20:56.113000,,,0 days 00:00:30.205000,0 days 00:00:32.468000,,0 days 00:22:02.120000,0 days 00:22:34.770000,269.0,264.0,297.0,306.0,False,SOFT,4.0,False,Alpine,0 days 00:18:25.598000,2026-08-22 14:05:01.362,1,,,,False,False,Q
0 days 00:23:48.424000,GAS,10,0 days 00:01:13.836000,4.0,2.0,,,0 days 00:00:25.620000,0 days 00:00:25.980000,0 days 00:00:22.236000,0 days 00:23:00.208000,0 days 00:23:26.188000,0 days 00:23:48.424000,295.0,288.0,312.0,296.0,True,SOFT,5.0,False,Alpine,0 days 00:22:34.588000,2026-08-22 14:09:10.352,1,,,,False,True,Q
0 days 00:25:23.288000,GAS,10,0 days 00:01:34.864000,5.0,2.0,,0 days 00:25:22.007000,0 days 00:00:31.525000,0 days 00:00:31.132000,0 days 00:00:32.207000,0 days 00:24:19.949000,0 days 00:24:51.081000,0 days 00:25:23.288000,245.0,234.0,,246.0,False,SOFT,6.0,False,Alpine,0 days 00:23:48.424000,2026-08-22 14:10:24.188,1,,,,False,False,Q
0 days 00:29:09.243000,GAS,10,,6.0,3.0,0 days 00:27:44.658000,,,0 days 00:00:27.692000,0 days 00:00:25.550000,,0 days 00:28:43.693000,0 days 00:29:09.448000,296.0,235.0,303.0,246.0,False,SOFT,1.0,True,Alpine,0 days 00:25:23.288000,2026-08-22 14:11:59.052,1,,,,False,False,Q
0 days 00:30:22.358000,GAS,10,0 days 00:01:13.115000,7.0,3.0,,,0 days 00:00:25.283000,0 days 00:00:25.581000,0 days 00:00:22.251000,0 days 00:29:34.526000,0 days 00:30:00.107000,0 days 00:30:22.358000,294.0,287.0,309.0,315.0,True,SOFT,2.0,True,Alpine,0 days 00:29:09.243000,2026-08-22 14:15:45.007,1,,,,False,True,Q
0 days 00:32:02.361000,GAS,10,0 days 00:01:40.003000,8.0,3.0,,0 days 00:32:00.942000,0 days 00:00:31.495000,0 days 00:00:34.855000,0 days 00:00:33.653000,0 days 00:30:53.853000,0 days 00:31:28.708000,0 days 00:32:02.361000,242.0,233.0,,255.0,False,SOFT,3.0,True,Alpine,0 days 00:30:22.358000,2026-08-22 14:16:58.122,1,,,,False,False,Q
0 days 00:43:25.653000,GAS,10,,9.0,4.0,0 days 00:42:00.934000,,,0 days 00:00:28.600000,0 days 00:00:26.054000,,0 days 00:42:59.781000,0 days 00:43:25.653000,280.0,239.0,303.0,255.0,False,SOFT,1.0,True,Alpine,0 days 00:32:02.361000,2026-08-22 14:18:38.125,1,,,,False,False,Q
0 days 00:44:38.347000,GAS,10,0 days 00:01:12.694000,10.0,4.0,,,0 days 00:00:25.183000,0 days 00:00:25.459000,0 days 00:00:22.052000,0 days 00:43:50.836000,0 days 00:44:16.295000,0 days 00:44:38.347000,296.0,287.0,309.0,317.0,True,SOFT,2.0,True,Alpine,0 days 00:43:25.653000,2026-08-22 14:30:01.417,1,,,,False,True,Q
0 days 00:46:19.217000,GAS,10,0 days 00:01:40.870000,11.0,4.0,,0 days 00:46:18.052000,0 days 00:00:36.046000,0 days 00:00:31.827000,0 days 00:00:32.997000,0 days 00:45:14.393000,0 days 00:45:46.220000,0 days 00:46:19.217000,233.0,220.0,,275.0,False,SOFT,3.0,True,Alpine,0 days 00:44:38.347000,2026-08-22 14:31:14.111,1,,,,False,False,Q
0 days 00:51:59.259000,GAS,10,,12.0,5.0,0 days 00:50:22.123000,,,0 days 00:00:30.461000,0 days 00:00:27.347000,,0 days 00:51:31.969000,0 days 00:51:59.536000,240.0,193.0,312.0,275.0,False,SOFT,1.0,True,Alpine,0 days 00:46:19.217000,2026-08-22 14:32:54.981,1,,,,False,False,Q
0 days 00:53:11.875000,GAS,10,0 days 00:01:12.616000,13.0,5.0,,,0 days 00:00:25.086000,0 days 00:00:25.505000,0 days 00:00:22.025000,0 days 00:52:24.345000,0 days 00:52:49.850000,0 days 00:53:11.875000,294.0,283.0,311.0,331.0,True,SOFT,2.0,True,Alpine,0 days 00:51:59.259000,2026-08-22 14:38:35.023,1,,,,False,True,Q
0 days 00:54:54.526000,GAS,10,0 days 00:01:42.651000,14.0,5.0,,0 days 00:54:52.027000,0 days 00:00:34.351000,0 days 00:00:32.938000,0 days 00:00:35.362000,0 days 00:53:46.226000,0 days 00:54:19.164000,0 days 00:54:54.526000,221.0,225.0,,259.0,False,SOFT,3.0,True,Alpine,0 days 00:53:11.875000,2026-08-22 14:39:47.639,1,,,,False,False,Q
0 days 00:15:15.968000,TSU,22,,1.0,1.0,0 days 00:13:43.491000,,,0 days 00:00:28.818000,0 days 00:00:25.259000,,0 days 00:14:50.766000,0 days 00:15:16.226000,238.0,231.0,296.0,,False,SOFT,1.0,True,Racing Bulls,0 days 00:13:43.491000,2026-08-22 14:00:19.255,1,,,,False,False,Q
0 days 00:16:30.255000,TSU,22,0 days 00:01:14.287000,2.0,1.0,,,0 days 00:00:25.690000,0 days 00:00:26.283000,0 days 00:00:22.314000,0 days 00:15:41.658000,0 days 00:16:07.941000,0 days 00:16:30.255000,291.0,286.0,318.0,309.0,True,SOFT,2.0,True,Racing Bulls,0 days 00:15:15.968000,2026-08-22 14:01:51.732,1,,,,False,True,Q
0 days 00:18:06.250000,TSU,22,0 days 00:01:35.995000,3.0,1.0,,0 days 00:18:04.955000,0 days 00:00:29.667000,0 days 00:00:34.845000,0 days 00:00:31.483000,0 days 00:16:59.922000,0 days 00:17:34.767000,0 days 00:18:06.250000,249.0,158.0,,264.0,False,SOFT,3.0,True,Racing Bulls,0 days 00:16:30.255000,2026-08-22 14:03:06.019,1,,,,False,False,Q
0 days 00:22:15.328000,TSU,22,,4.0,2.0,0 days 00:20:44.891000,,,0 days 00:00:31.061000,0 days 00:00:28.730000,,0 days 00:21:46.608000,0 days 00:22:15.530000,246.0,135.0,301.0,264.0,False,SOFT,1.0,True,Racing Bulls,0 days 00:18:06.250000,2026-08-22 14:04:42.014,1,,,,False,False,Q
0 days 00:23:28.717000,TSU,22,0 days 00:01:13.389000,5.0,2.0,,,0 days 00:00:25.256000,0 days 00:00:25.941000,0 days 00:00:22.192000,0 days 00:22:40.584000,0 days 00:23:06.525000,0 days 00:23:28.717000,290.0,286.0,310.0,311.0,True,SOFT,2.0,True,Racing Bulls,0 days 00:22:15.328000,2026-08-22 14:08:51.092,1,,,,False,True,Q
0 days 00:25:07.098000,TSU,22,0 days 00:01:38.381000,6.0,2.0,,0 days 00:25:03.535000,0 days 00:00:31.418000,0 days 00:00:34.552000,0 days 00:00:32.411000,0 days 00:24:00.135000,0 days 00:24:34.687000,0 days 00:25:07.098000,233.0,247.0,,265.0,False,SOFT,3.0,True,Racing Bulls,0 days 00:23:28.717000,2026-08-22 14:10:04.481,1,,,,False,False,Q
0 days 00:30:00.269000,TSU,22,,7.0,3.0,0 days 00:28:18.347000,,,0 days 00:00:28.444000,0 days 00:00:30.636000,,0 days 00:29:29.690000,0 days 00:30:00.418000,231.0,229.0,302.0,265.0,False,SOFT,1.0,True,Racing Bulls,0 days 00:25:07.098000,2026-08-22 14:11:42.862,1,,,,False,False,Q
0 days 00:31:13.354000,TSU,22,0 days 00:01:13.085000,8.0,3.0,,,0 days 00:00:25.086000,0 days 00:00:25.935000,0 days 00:00:22.064000,0 days 00:30:25.355000,0 days 00:30:51.290000,0 days 00:31:13.354000,291.0,289.0,316.0,312.0,True,SOFT,2.0,True,Racing Bulls,0 days 00:30:00.269000,2026-08-22 14:16:36.033,1,,,,False,True,Q
0 days 00:32:53.236000,TSU,22,0 days 00:01:39.882000,9.0,3.0,,0 days 00:32:52.597000,0 days 00:00:32.228000,0 days 00:00:34.452000,0 days 00:00:33.202000,0 days 00:31:45.582000,0 days 00:32:20.034000,0 days 00:32:53.236000,181.0,218.0,,239.0,False,SOFT,3.0,True,Racing Bulls,0 days 00:31:13.354000,2026-08-22 14:17:49.118,1,,,,False,False,Q
0 days 00:44:33.294000,TSU,22,,10.0,4.0,0 days 00:43:03.797000,,,0 days 00:00:28.781000,0 days 00:00:28.290000,,0 days 00:44:05.059000,0 days 00:44:33.392000,240.0,248.0,299.0,239.0,False,SOFT,1.0,True,Racing Bulls,0 days 00:32:53.236000,2026-08-22 14:19:29.000,1,,,,False,False,Q
0 days 00:45:46,TSU,22,0 days 00:01:12.706000,11.0,4.0,,,0 days 00:00:24.912000,0 days 00:00:25.745000,0 days 00:00:22.049000,0 days 00:44:58.206000,0 days 00:45:23.951000,0 days 00:45:46,289.0,285.0,309.0,308.0,True,SOFT,2.0,True,Racing Bulls,0 days 00:44:33.294000,2026-08-22 14:31:09.058,1,,,,False,True,Q
0 days 00:47:16.294000,TSU,22,0 days 00:01:30.294000,12.0,4.0,,0 days 00:47:14.994000,0 days 00:00:29.450000,0 days 00:00:31.453000,0 days 00:00:29.391000,0 days 00:46:15.450000,0 days 00:46:46.903000,0 days 00:47:16.294000,247.0,227.0,,268.0,False,SOFT,3.0,True,Racing Bulls,0 days 00:45:46,2026-08-22 14:32:21.764,1,,,,False,False,Q
0 days 00:51:39.300000,TSU,22,,13.0,5.0,0 days 00:50:13.276000,,,0 days 00:00:30.434000,0 days 00:00:25.851000,,0 days 00:51:13.517000,0 days 00:51:39.478000,243.0,164.0,300.0,268.0,False,SOFT,1.0,True,Racing Bulls,0 days 00:47:16.294000,2026-08-22 14:33:52.058,1,,,,False,False,Q
0 days 00:52:51.927000,TSU,22,0 days 00:01:12.627000,14.0,5.0,,,0 days 00:00:24.966000,0 days 00:00:25.760000,0 days 00:00:21.901000,0 days 00:52:04.266000,0 days 00:52:30.026000,0 days 00:52:51.927000,290.0,287.0,311.0,309.0,True,SOFT,2.0,True,Racing Bulls,0 days 00:51:39.300000,2026-08-22 14:38:15.064,1,,,,False,True,Q
0 days 00:54:26.769000,TSU,22,0 days 00:01:34.842000,15.0,5.0,,0 days 00:54:25.557000,0 days 00:00:30.961000,0 days 00:00:31.890000,0 days 00:00:31.991000,0 days 00:53:22.888000,0 days 00:53:54.778000,0 days 00:54:26.769000,251.0,201.0,,258.0,False,SOFT,3.0,True,Racing Bulls,0 days 00:52:51.927000,2026-08-22 14:39:27.691,1,,,,False,False,Q
0 days 00:14:51.463000,HUL,27,,1.0,1.0,0 days 00:13:26.866000,,,0 days 00:00:28.784000,0 days 00:00:25.521000,,0 days 00:14:26.004000,0 days 00:14:51.657000,245.0,245.0,291.0,,False,MEDIUM,9.0,False,Audi,0 days 00:13:26.866000,2026-08-22 14:00:02.630,1,,,,False,False,Q
0 days 00:16:12.906000,HUL,27,0 days 00:01:21.443000,2.0,1.0,,,0 days 00:00:27.946000,0 days 00:00:28.140000,0 days 00:00:25.357000,0 days 00:15:19.409000,0 days 00:15:47.549000,0 days 00:16:12.906000,249.0,238.0,302.0,276.0,True,MEDIUM,10.0,False,Audi,0 days 00:14:51.463000,2026-08-22 14:01:27.227,1,,,,False,True,Q
0 days 00:17:31.555000,HUL,27,0 days 00:01:18.649000,3.0,1.0,,0 days 00:17:30.279000,0 days 00:00:25.830000,0 days 00:00:26.402000,0 days 00:00:26.417000,0 days 00:16:38.736000,0 days 00:17:05.138000,0 days 00:17:31.555000,293.0,288.0,,303.0,False,MEDIUM,11.0,False,Audi,0 days 00:16:12.906000,2026-08-22 14:02:48.670,1,,,,False,False,Q
0 days 00:20:30.920000,HUL,27,,4.0,2.0,0 days 00:19:01.069000,,,0 days 00:00:31.301000,0 days 00:00:26.602000,,0 days 00:20:04.334000,0 days 00:20:31.141000,252.0,236.0,265.0,303.0,False,SOFT,1.0,True,Audi,0 days 00:17:31.555000,2026-08-22 14:04:07.319,1,,,,False,False,Q
0 days 00:21:54.800000,HUL,27,0 days 00:01:23.880000,5.0,2.0,,,0 days 00:00:28.286000,0 days 00:00:29.702000,0 days 00:00:25.892000,0 days 00:20:59.206000,0 days 00:21:28.908000,0 days 00:21:54.800000,249.0,243.0,302.0,260.0,False,SOFT,2.0,True,Audi,0 days 00:20:30.920000,2026-08-22 14:07:06.684,1,,,,False,True,Q
0 days 00:23:08.107000,HUL,27,0 days 00:01:13.307000,6.0,2.0,,,0 days 00:00:25.240000,0 days 00:00:25.938000,0 days 00:00:22.129000,0 days 00:22:20.040000,0 days 00:22:45.978000,0 days 00:23:08.107000,292.0,289.0,305.0,307.0,True,SOFT,3.0,True,Audi,0 days 00:21:54.800000,2026-08-22 14:08:30.564,1,,,,False,True,Q
0 days 00:24:43.380000,HUL,27,0 days 00:01:35.273000,7.0,2.0,,0 days 00:24:42.040000,0 days 00:00:31.920000,0 days 00:00:31.945000,0 days 00:00:31.408000,0 days 00:23:40.027000,0 days 00:24:11.972000,0 days 00:24:43.380000,244.0,216.0,,236.0,False,SOFT,4.0,True,Audi,0 days 00:23:08.107000,2026-08-22 14:09:43.871,1,,,,False,False,Q
0 days 00:28:34.126000,HUL,27,,8.0,3.0,0 days 00:27:01.176000,,,0 days 00:00:28.905000,0 days 00:00:28.041000,,0 days 00:28:06.135000,0 days 00:28:34.380000,248.0,233.0,303.0,236.0,False,SOFT,1.0,True,Audi,0 days 00:24:43.380000,2026-08-22 14:11:19.144,1,,,,False,False,Q
0 days 00:29:47.314000,HUL,27,0 days 00:01:13.188000,9.0,3.0,,,0 days 00:00:25.418000,0 days 00:00:25.635000,0 days 00:00:22.135000,0 days 00:28:59.544000,0 days 00:29:25.179000,0 days 00:29:47.314000,292.0,289.0,306.0,306.0,True,SOFT,2.0,True,Audi,0 days 00:28:34.126000,2026-08-22 14:15:09.890,1,,,,False,True,Q
0 days 00:31:28.229000,HUL,27,0 days 00:01:40.915000,10.0,3.0,,0 days 00:31:25.496000,0 days 00:00:33.582000,0 days 00:00:34.864000,0 days 00:00:32.469000,0 days 00:30:20.896000,0 days 00:30:55.760000,0 days 00:31:28.229000,249.0,224.0,,189.0,False,SOFT,3.0,True,Audi,0 days 00:29:47.314000,2026-08-22 14:16:23.078,1,,,,False,False,Q
0 days 00:40:00.086000,HUL,27,,11.0,4.0,0 days 00:38:32.476000,,,0 days 00:00:28.315000,0 days 00:00:25.690000,,0 days 00:39:34.503000,0 days 00:40:00.154000,246.0,232.0,302.0,189.0,False,SOFT,1.0,True,Audi,0 days 00:31:28.229000,2026-08-22 14:18:03.993,1,,,,False,False,Q
0 days 00:41:12.965000,HUL,27,0 days 00:01:12.879000,12.0,4.0,,,0 days 00:00:25.385000,0 days 00:00:25.592000,0 days 00:00:21.902000,0 days 00:40:25.471000,0 days 00:40:51.063000,0 days 00:41:12.965000,291.0,288.0,310.0,303.0,True,SOFT,2.0,True,Audi,0 days 00:40:00.086000,2026-08-22 14:26:35.850,1,,,,False,True,Q
0 days 00:42:44.981000,HUL,27,0 days 00:01:32.016000,13.0,4.0,,0 days 00:42:43.769000,0 days 00:00:29.727000,0 days 00:00:31.891000,0 days 00:00:30.398000,0 days 00:41:42.692000,0 days 00:42:14.583000,0 days 00:42:44.981000,249.0,226.0,,242.0,False,SOFT,3.0,True,Audi,0 days 00:41:12.965000,2026-08-22 14:27:48.729,1,,,,False,False,Q
0 days 00:44:40.872000,HUL,27,0 days 00:01:55.891000,14.0,5.0,0 days 00:43:14.216000,,0 days 00:00:57.385000,0 days 00:00:28.258000,0 days 00:00:30.248000,0 days 00:43:42.366000,0 days 00:44:10.624000,0 days 00:44:40.872000,246.0,241.0,306.0,242.0,False,SOFT,1.0,True,Audi,0 days 00:42:44.981000,2026-08-22 14:29:20.745,1,,,,False,False,Q
0 days 00:45:53.714000,HUL,27,0 days 00:01:12.842000,15.0,5.0,,,0 days 00:00:25.198000,0 days 00:00:25.670000,0 days 00:00:21.974000,0 days 00:45:06.070000,0 days 00:45:31.740000,0 days 00:45:53.714000,292.0,287.0,300.0,302.0,True,SOFT,2.0,True,Audi,0 days 00:44:40.872000,2026-08-22 14:31:16.636,1,,,,False,True,Q
0 days 00:47:25.185000,HUL,27,0 days 00:01:31.471000,16.0,5.0,,0 days 00:47:23.893000,0 days 00:00:30.459000,0 days 00:00:31.208000,0 days 00:00:29.804000,0 days 00:46:24.173000,0 days 00:46:55.381000,0 days 00:47:25.185000,262.0,226.0,,236.0,False,SOFT,3.0,True,Audi,0 days 00:45:53.714000,2026-08-22 14:32:29.478,1,,,,False,False,Q
0 days 00:51:15.032000,HUL,27,,17.0,6.0,0 days 00:49:38.417000,,,0 days 00:00:28.142000,0 days 00:00:34.662000,,0 days 00:50:40.500000,0 days 00:51:15.208000,245.0,234.0,302.0,236.0,False,SOFT,1.0,True,Audi,0 days 00:47:25.185000,2026-08-22 14:34:00.949,1,,,,False,False,Q
0 days 00:52:27.829000,HUL,27,0 days 00:01:12.797000,18.0,6.0,,,0 days 00:00:25.317000,0 days 00:00:25.502000,0 days 00:00:21.978000,0 days 00:51:40.349000,0 days 00:52:05.851000,0 days 00:52:27.829000,289.0,289.0,301.0,301.0,True,SOFT,2.0,True,Audi,0 days 00:51:15.032000,2026-08-22 14:37:50.796,1,,,,False,True,Q
0 days 00:54:00.833000,HUL,27,0 days 00:01:33.004000,19.0,6.0,,0 days 00:53:59.607000,0 days 00:00:32.732000,0 days 00:00:30.355000,0 days 00:00:29.917000,0 days 00:53:00.561000,0 days 00:53:30.916000,0 days 00:54:00.833000,251.0,236.0,,224.0,False,SOFT,3.0,True,Audi,0 days 00:52:27.829000,2026-08-22 14:39:03.593,1,,,,False,False,Q
0 days 00:17:14.226000,COL,43,,1.0,1.0,0 days 00:15:32.030000,,,0 days 00:00:32.312000,0 days 00:00:30.209000,,0 days 00:16:44.102000,0 days 00:17:14.415000,280.0,225.0,304.0,,False,SOFT,9.0,False,Alpine,0 days 00:15:32.030000,2026-08-22 14:02:07.794,1,,,,False,False,Q
0 days 00:18:37.026000,COL,43,0 days 00:01:22.800000,2.0,1.0,,0 days 00:18:34.067000,0 days 00:00:25.862000,0 days 00:00:26.876000,0 days 00:00:30.062000,0 days 00:17:40.088000,0 days 00:18:06.964000,0 days 00:18:37.026000,297.0,285.0,,308.0,False,SOFT,10.0,False,Alpine,0 days 00:17:14.226000,2026-08-22 14:03:49.990,1,,,,False,False,Q
0 days 00:22:42.187000,COL,43,,3.0,2.0,0 days 00:21:03.898000,,,0 days 00:00:28.884000,0 days 00:00:25.998000,,0 days 00:22:16.233000,0 days 00:22:42.442000,270.0,232.0,306.0,308.0,False,SOFT,1.0,True,Alpine,0 days 00:18:37.026000,2026-08-22 14:05:12.790,1,,,,False,False,Q
0 days 00:23:56.008000,COL,43,0 days 00:01:13.821000,4.0,2.0,,,0 days 00:00:25.292000,0 days 00:00:26.066000,0 days 00:00:22.463000,0 days 00:23:07.479000,0 days 00:23:33.545000,0 days 00:23:56.008000,295.0,288.0,307.0,318.0,True,SOFT,2.0,True,Alpine,0 days 00:22:42.187000,2026-08-22 14:09:17.951,1,,,,False,True,Q
0 days 00:25:37.733000,COL,43,0 days 00:01:41.725000,5.0,2.0,,0 days 00:25:36.522000,0 days 00:00:33.126000,0 days 00:00:32.316000,0 days 00:00:36.283000,0 days 00:24:29.134000,0 days 00:25:01.450000,0 days 00:25:37.733000,214.0,222.0,,246.0,False,SOFT,3.0,True,Alpine,0 days 00:23:56.008000,2026-08-22 14:10:31.772,1,,,,False,False,Q
0 days 00:29:16.812000,COL,43,,6.0,3.0,0 days 00:27:46.075000,,,0 days 00:00:28.221000,0 days 00:00:25.093000,,0 days 00:28:51.863000,0 days 00:29:17.105000,290.0,234.0,304.0,246.0,False,SOFT,1.0,True,Alpine,0 days 00:25:37.733000,2026-08-22 14:12:13.497,1,,,,False,False,Q
0 days 00:30:30.134000,COL,43,0 days 00:01:13.322000,7.0,3.0,,,0 days 00:00:25.032000,0 days 00:00:25.868000,0 days 00:00:22.422000,0 days 00:29:41.844000,0 days 00:30:07.712000,0 days 00:30:30.134000,297.0,290.0,311.0,319.0,True,SOFT,2.0,True,Alpine,0 days 00:29:16.812000,2026-08-22 14:15:52.576,1,,,,False,True,Q
0 days 00:32:12.530000,COL,43,0 days 00:01:42.396000,8.0,3.0,,0 days 00:32:11.285000,0 days 00:00:36.035000,0 days 00:00:33.286000,0 days 00:00:33.075000,0 days 00:31:06.169000,0 days 00:31:39.455000,0 days 00:32:12.530000,201.0,174.0,,230.0,False,SOFT,3.0,True,Alpine,0 days 00:30:30.134000,2026-08-22 14:17:05.898,1,,,,False,False,Q
0 days 00:43:35.919000,COL,43,,9.0,4.0,0 days 00:42:04.387000,,,0 days 00:00:28.385000,0 days 00:00:25.150000,,0 days 00:43:10.917000,0 days 00:43:35.919000,289.0,232.0,306.0,230.0,False,SOFT,1.0,True,Alpine,0 days 00:32:12.530000,2026-08-22 14:18:48.294,1,,,,False,False,Q
0 days 00:44:48.719000,COL,43,0 days 00:01:12.800000,10.0,4.0,,,0 days 00:00:24.929000,0 days 00:00:25.743000,0 days 00:00:22.128000,0 days 00:44:00.848000,0 days 00:44:26.591000,0 days 00:44:48.719000,299.0,289.0,315.0,322.0,True,SOFT,2.0,True,Alpine,0 days 00:43:35.919000,2026-08-22 14:30:11.683,1,,,,False,True,Q
0 days 00:46:29.568000,COL,43,0 days 00:01:40.849000,11.0,4.0,,0 days 00:46:28.279000,0 days 00:00:32.039000,0 days 00:00:34.248000,0 days 00:00:34.562000,0 days 00:45:20.758000,0 days 00:45:55.006000,0 days 00:46:29.568000,201.0,191.0,,263.0,False,SOFT,3.0,True,Alpine,0 days 00:44:48.719000,2026-08-22 14:31:24.483,1,,,,False,False,Q
0 days 00:52:10.265000,COL,43,,12.0,5.0,0 days 00:50:31.854000,,,0 days 00:00:30.305000,0 days 00:00:24.690000,,0 days 00:51:45.575000,0 days 00:52:10.358000,242.0,238.0,314.0,263.0,False,SOFT,1.0,True,Alpine,0 days 00:46:29.568000,2026-08-22 14:33:05.332,1,,,,False,False,Q
0 days 00:53:33.683000,COL,43,0 days 00:01:23.418000,13.0,5.0,,0 days 00:53:32.487000,0 days 00:00:25.097000,0 days 00:00:26.913000,0 days 00:00:31.408000,0 days 00:52:35.362000,0 days 00:53:02.275000,0 days 00:53:33.683000,297.0,244.0,,331.0,False,SOFT,2.0,True,Alpine,0 days 00:52:10.265000,2026-08-22 14:38:46.029,1,,,,False,False,Q
0 days 00:15:07.189000,OCO,31,,1.0,1.0,0 days 00:13:34.835000,,,0 days 00:00:31.288000,0 days 00:00:26.820000,,0 days 00:14:40.535000,0 days 00:15:07.405000,251.0,230.0,242.0,,False,SOFT,1.0,True,Haas F1 Team,0 days 00:13:34.835000,2026-08-22 14:00:10.599,1,,,,False,False,Q
0 days 00:16:36.296000,OCO,31,0 days 00:01:29.107000,2.0,1.0,,,0 days 00:00:30.147000,0 days 00:00:32.812000,0 days 00:00:26.148000,0 days 00:15:37.336000,0 days 00:16:10.148000,0 days 00:16:36.296000,275.0,230.0,305.0,228.0,True,SOFT,2.0,True,Haas F1 Team,0 days 00:15:07.189000,2026-08-22 14:01:42.953,1,,,,False,True,Q
0 days 00:17:57.140000,OCO,31,0 days 00:01:20.844000,3.0,1.0,,0 days 00:17:55.866000,0 days 00:00:26.046000,0 days 00:00:26.418000,0 days 00:00:28.380000,0 days 00:17:02.342000,0 days 00:17:28.760000,0 days 00:17:57.140000,288.0,285.0,,304.0,False,SOFT,3.0,True,Haas F1 Team,0 days 00:16:36.296000,2026-08-22 14:03:12.060,1,,,,False,False,Q
0 days 00:19:46.619000,OCO,31,0 days 00:01:49.479000,4.0,2.0,0 days 00:18:18.367000,,0 days 00:00:51.803000,0 days 00:00:30.894000,0 days 00:00:26.782000,0 days 00:18:48.943000,0 days 00:19:19.837000,0 days 00:19:46.619000,265.0,231.0,247.0,304.0,False,SOFT,1.0,True,Haas F1 Team,0 days 00:17:57.140000,2026-08-22 14:04:32.904,1,,,,False,False,Q
0 days 00:21:13.813000,OCO,31,0 days 00:01:27.194000,5.0,2.0,,,0 days 00:00:29.621000,0 days 00:00:31.052000,0 days 00:00:26.521000,0 days 00:20:16.240000,0 days 00:20:47.292000,0 days 00:21:13.813000,248.0,242.0,303.0,237.0,True,SOFT,2.0,True,Haas F1 Team,0 days 00:19:46.619000,2026-08-22 14:06:22.383,1,,,,False,True,Q
0 days 00:22:28.044000,OCO,31,0 days 00:01:14.231000,6.0,2.0,,,0 days 00:00:25.438000,0 days 00:00:26.296000,0 days 00:00:22.497000,0 days 00:21:39.251000,0 days 00:22:05.547000,0 days 00:22:28.044000,289.0,282.0,306.0,305.0,True,SOFT,3.0,True,Haas F1 Team,0 days 00:21:13.813000,2026-08-22 14:07:49.577,1,,,,False,True,Q
0 days 00:24:14.520000,OCO,31,0 days 00:01:46.476000,7.0,2.0,,0 days 00:24:11.805000,0 days 00:00:35.692000,0 days 00:00:33.059000,0 days 00:00:37.725000,0 days 00:23:03.736000,0 days 00:23:36.795000,0 days 00:24:14.520000,234.0,148.0,,143.0,False,SOFT,4.0,True,Haas F1 Team,0 days 00:22:28.044000,2026-08-22 14:09:03.808,1,,,,False,False,Q
0 days 00:28:23.009000,OCO,31,,8.0,3.0,0 days 00:26:54.093000,,,0 days 00:00:31.651000,0 days 00:00:27.101000,,0 days 00:27:55.952000,0 days 00:28:23.797000,251.0,233.0,248.0,143.0,False,SOFT,1.0,True,Haas F1 Team,0 days 00:24:14.520000,2026-08-22 14:10:50.284,1,,,,False,False,Q
0 days 00:29:51.615000,OCO,31,0 days 00:01:28.606000,9.0,3.0,,,0 days 00:00:29.338000,0 days 00:00:29.481000,0 days 00:00:29.787000,0 days 00:28:52.347000,0 days 00:29:21.828000,0 days 00:29:51.615000,261.0,236.0,307.0,246.0,False,SOFT,2.0,True,Haas F1 Team,0 days 00:28:23.009000,2026-08-22 14:14:58.773,1,,,,False,True,Q
0 days 00:31:05.159000,OCO,31,0 days 00:01:13.544000,10.0,3.0,,,0 days 00:00:25.091000,0 days 00:00:26.098000,0 days 00:00:22.355000,0 days 00:30:16.706000,0 days 00:30:42.804000,0 days 00:31:05.159000,288.0,286.0,300.0,310.0,True,SOFT,3.0,True,Haas F1 Team,0 days 00:29:51.615000,2026-08-22 14:16:27.379,1,,,,False,True,Q
0 days 00:32:45.780000,OCO,31,0 days 00:01:40.621000,11.0,3.0,,0 days 00:32:44.499000,0 days 00:00:30.445000,0 days 00:00:35.790000,0 days 00:00:34.386000,0 days 00:31:35.604000,0 days 00:32:11.394000,0 days 00:32:45.780000,219.0,117.0,,266.0,False,SOFT,4.0,True,Haas F1 Team,0 days 00:31:05.159000,2026-08-22 14:17:40.923,1,,,,False,False,Q
0 days 00:42:59.937000,OCO,31,,12.0,4.0,0 days 00:41:36.691000,,,0 days 00:00:28.752000,0 days 00:00:25.233000,,0 days 00:42:34.823000,0 days 00:42:59.937000,275.0,230.0,306.0,266.0,False,SOFT,1.0,True,Haas F1 Team,0 days 00:32:45.780000,2026-08-22 14:19:21.544,1,,,,False,False,Q
0 days 00:44:13.311000,OCO,31,0 days 00:01:13.374000,13.0,4.0,,,0 days 00:00:25.098000,0 days 00:00:25.969000,0 days 00:00:22.307000,0 days 00:43:25.035000,0 days 00:43:51.004000,0 days 00:44:13.311000,289.0,285.0,301.0,307.0,True,SOFT,2.0,True,Haas F1 Team,0 days 00:42:59.937000,2026-08-22 14:29:35.701,1,,,,False,True,Q
0 days 00:45:45.882000,OCO,31,0 days 00:01:32.571000,14.0,4.0,,0 days 00:45:44.734000,0 days 00:00:29.867000,0 days 00:00:30.916000,0 days 00:00:31.788000,0 days 00:44:43.178000,0 days 00:45:14.094000,0 days 00:45:45.882000,231.0,234.0,,254.0,False,SOFT,3.0,True,Haas F1 Team,0 days 00:44:13.311000,2026-08-22 14:30:49.075,1,,,,False,False,Q
0 days 00:51:02.018000,OCO,31,,15.0,5.0,0 days 00:49:33.245000,,,0 days 00:00:28.550000,0 days 00:00:31.767000,,0 days 00:50:30.341000,0 days 00:51:02.507000,278.0,235.0,307.0,254.0,False,SOFT,1.0,True,Haas F1 Team,0 days 00:45:45.882000,2026-08-22 14:32:21.646,1,,,,False,False,Q
0 days 00:52:15.155000,OCO,31,0 days 00:01:13.137000,16.0,5.0,,,0 days 00:00:25.055000,0 days 00:00:25.807000,0 days 00:00:22.275000,0 days 00:51:27.073000,0 days 00:51:52.880000,0 days 00:52:15.155000,288.0,286.0,302.0,308.0,True,SOFT,2.0,True,Haas F1 Team,0 days 00:51:02.018000,2026-08-22 14:37:37.782,1,,,,False,True,Q
0 days 00:53:56.969000,OCO,31,0 days 00:01:41.814000,17.0,5.0,,0 days 00:53:55.680000,0 days 00:00:31.303000,0 days 00:00:33.913000,0 days 00:00:36.598000,0 days 00:52:46.458000,0 days 00:53:20.371000,0 days 00:53:56.969000,232.0,93.0,,246.0,False,SOFT,3.0,True,Haas F1 Team,0 days 00:52:15.155000,2026-08-22 14:38:50.919,1,,,,False,False,Q
0 days 00:15:52.458000,ALB,23,,1.0,1.0,0 days 00:14:09.433000,,,0 days 00:00:30.475000,0 days 00:00:27.874000,,0 days 00:15:24.671000,0 days 00:15:53.660000,230.0,275.0,296.0,,False,SOFT,1.0,True,Williams,0 days 00:14:09.433000,2026-08-22 14:00:45.197,1,,,,False,False,Q
0 days 00:17:31.990000,ALB,23,0 days 00:01:39.532000,2.0,1.0,,,0 days 00:00:28.633000,0 days 00:00:35.307000,0 days 00:00:35.592000,0 days 00:16:21.091000,0 days 00:16:56.398000,0 days 00:17:31.990000,291.0,223.0,295.0,290.0,True,SOFT,2.0,True,Williams,0 days 00:15:52.458000,2026-08-22 14:02:28.222,1,,,,False,True,Q
0 days 00:18:46.874000,ALB,23,0 days 00:01:14.884000,3.0,1.0,,,0 days 00:00:25.729000,0 days 00:00:26.614000,0 days 00:00:22.541000,0 days 00:17:57.719000,0 days 00:18:24.333000,0 days 00:18:46.874000,298.0,284.0,306.0,306.0,True,SOFT,3.0,True,Williams,0 days 00:17:31.990000,2026-08-22 14:04:07.754,1,,,,False,True,Q
0 days 00:20:19.576000,ALB,23,0 days 00:01:32.702000,4.0,1.0,,0 days 00:20:16.688000,0 days 00:00:30.319000,0 days 00:00:30.203000,0 days 00:00:32.180000,0 days 00:19:17.193000,0 days 00:19:47.396000,0 days 00:20:19.576000,250.0,240.0,,235.0,False,SOFT,4.0,True,Williams,0 days 00:18:46.874000,2026-08-22 14:05:22.638,1,,,,False,False,Q
0 days 00:23:40.728000,ALB,23,,5.0,2.0,0 days 00:22:12.967000,,,0 days 00:00:31.557000,0 days 00:00:25.648000,,0 days 00:23:15.123000,0 days 00:23:40.939000,299.0,269.0,299.0,235.0,False,SOFT,1.0,True,Williams,0 days 00:20:19.576000,2026-08-22 14:06:55.340,1,,,,False,False,Q
0 days 00:24:54.554000,ALB,23,0 days 00:01:13.826000,6.0,2.0,,,0 days 00:00:25.192000,0 days 00:00:26.334000,0 days 00:00:22.300000,0 days 00:24:05.920000,0 days 00:24:32.254000,0 days 00:24:54.554000,302.0,285.0,304.0,320.0,True,SOFT,2.0,True,Williams,0 days 00:23:40.728000,2026-08-22 14:10:16.492,1,,,,False,True,Q
0 days 00:26:26.262000,ALB,23,0 days 00:01:31.708000,7.0,2.0,,0 days 00:26:24.934000,0 days 00:00:31.563000,0 days 00:00:30.536000,0 days 00:00:29.609000,0 days 00:25:26.117000,0 days 00:25:56.653000,0 days 00:26:26.262000,253.0,240.0,,249.0,False,SOFT,3.0,True,Williams,0 days 00:24:54.554000,2026-08-22 14:11:30.318,1,,,,False,False,Q
0 days 00:30:10.635000,ALB,23,,8.0,3.0,0 days 00:28:36.280000,,,0 days 00:00:30.741000,0 days 00:00:26.578000,,0 days 00:29:44.189000,0 days 00:30:10.810000,285.0,269.0,300.0,249.0,False,SOFT,1.0,True,Williams,0 days 00:26:26.262000,2026-08-22 14:13:02.026,1,,,,False,False,Q
0 days 00:31:24.187000,ALB,23,0 days 00:01:13.552000,9.0,3.0,,,0 days 00:00:25.223000,0 days 00:00:26.216000,0 days 00:00:22.113000,0 days 00:30:35.858000,0 days 00:31:02.074000,0 days 00:31:24.187000,296.0,286.0,311.0,320.0,True,SOFT,2.0,True,Williams,0 days 00:30:10.635000,2026-08-22 14:16:46.399,1,,,,False,True,Q
0 days 00:33:03.763000,ALB,23,0 days 00:01:39.576000,10.0,3.0,,0 days 00:33:02.391000,0 days 00:00:33.634000,0 days 00:00:31.994000,0 days 00:00:33.948000,0 days 00:31:57.821000,0 days 00:32:29.815000,0 days 00:33:03.763000,213.0,213.0,,264.0,False,SOFT,3.0,True,Williams,0 days 00:31:24.187000,2026-08-22 14:17:59.951,1,,,,False,False,Q
0 days 00:41:49.146000,ALB,23,,11.0,4.0,0 days 00:40:24.950000,,,0 days 00:00:28.783000,0 days 00:00:25.685000,,0 days 00:41:23.706000,0 days 00:41:49.297000,256.0,281.0,298.0,264.0,False,SOFT,4.0,False,Williams,0 days 00:33:03.763000,2026-08-22 14:19:39.527,1,,,,False,False,Q
0 days 00:43:03.086000,ALB,23,0 days 00:01:13.940000,12.0,4.0,,,0 days 00:00:25.339000,0 days 00:00:26.256000,0 days 00:00:22.345000,0 days 00:42:14.485000,0 days 00:42:40.741000,0 days 00:43:03.086000,297.0,285.0,310.0,317.0,True,SOFT,5.0,False,Williams,0 days 00:41:49.146000,2026-08-22 14:28:24.910,1,,,,False,True,Q
0 days 00:44:33.887000,ALB,23,0 days 00:01:30.801000,13.0,4.0,,0 days 00:44:32.575000,0 days 00:00:31.373000,0 days 00:00:30.352000,0 days 00:00:29.076000,0 days 00:43:34.459000,0 days 00:44:04.811000,0 days 00:44:33.887000,242.0,238.0,,274.0,False,SOFT,6.0,False,Williams,0 days 00:43:03.086000,2026-08-22 14:29:38.850,1,,,,False,False,Q
0 days 00:50:28.404000,ALB,23,,14.0,5.0,0 days 00:49:03.859000,,,0 days 00:00:29.648000,0 days 00:00:25.089000,,0 days 00:50:03.337000,0 days 00:50:28.686000,267.0,273.0,298.0,274.0,False,SOFT,1.0,True,Williams,0 days 00:44:33.887000,2026-08-22 14:31:09.651,1,,,,False,False,Q
0 days 00:51:41.586000,ALB,23,0 days 00:01:13.182000,15.0,5.0,,,0 days 00:00:25.190000,0 days 00:00:25.873000,0 days 00:00:22.119000,0 days 00:50:53.594000,0 days 00:51:19.467000,0 days 00:51:41.586000,296.0,287.0,309.0,316.0,True,SOFT,2.0,True,Williams,0 days 00:50:28.404000,2026-08-22 14:37:04.168,1,,,,False,True,Q
0 days 00:53:23.599000,ALB,23,0 days 00:01:42.013000,16.0,5.0,,0 days 00:53:22.932000,0 days 00:00:31.836000,0 days 00:00:34.769000,0 days 00:00:35.408000,0 days 00:52:13.422000,0 days 00:52:48.191000,0 days 00:53:23.599000,224.0,123.0,,268.0,False,SOFT,3.0,True,Williams,0 days 00:51:41.586000,2026-08-22 14:38:17.350,1,,,,False,False,Q
0 days 00:15:42.266000,SAI,55,,1.0,1.0,0 days 00:14:06.254000,,,0 days 00:00:30.823000,0 days 00:00:26.458000,,0 days 00:15:15.843000,0 days 00:15:42.405000,256.0,265.0,296.0,,False,SOFT,1.0,True,Williams,0 days 00:14:06.254000,2026-08-22 14:00:42.018,1,,,,False,False,Q
0 days 00:17:08.039000,SAI,55,0 days 00:01:25.773000,2.0,1.0,,,0 days 00:00:26.903000,0 days 00:00:30.764000,0 days 00:00:28.106000,0 days 00:16:09.169000,0 days 00:16:39.933000,0 days 00:17:08.039000,296.0,223.0,300.0,309.0,True,SOFT,2.0,True,Williams,0 days 00:15:42.266000,2026-08-22 14:02:18.030,1,,,,False,True,Q
0 days 00:18:22.772000,SAI,55,0 days 00:01:14.733000,3.0,1.0,,,0 days 00:00:25.563000,0 days 00:00:26.610000,0 days 00:00:22.560000,0 days 00:17:33.602000,0 days 00:18:00.212000,0 days 00:18:22.772000,298.0,285.0,312.0,316.0,True,SOFT,3.0,True,Williams,0 days 00:17:08.039000,2026-08-22 14:03:43.803,1,,,,False,True,Q
0 days 00:19:56.608000,SAI,55,0 days 00:01:33.836000,4.0,1.0,,0 days 00:19:55.262000,0 days 00:00:32.985000,0 days 00:00:30.998000,0 days 00:00:29.853000,0 days 00:18:55.757000,0 days 00:19:26.755000,0 days 00:19:56.608000,242.0,238.0,,220.0,False,SOFT,4.0,True,Williams,0 days 00:18:22.772000,2026-08-22 14:04:58.536,1,,,,False,False,Q
0 days 00:23:03.460000,SAI,55,,5.0,2.0,0 days 00:21:28.493000,,,0 days 00:00:32.485000,0 days 00:00:26.284000,,0 days 00:22:37.176000,0 days 00:23:03.670000,302.0,267.0,301.0,220.0,False,SOFT,1.0,True,Williams,0 days 00:19:56.608000,2026-08-22 14:06:32.372,1,,,,False,False,Q
0 days 00:24:17.432000,SAI,55,0 days 00:01:13.972000,6.0,2.0,,,0 days 00:00:25.216000,0 days 00:00:26.408000,0 days 00:00:22.348000,0 days 00:23:28.676000,0 days 00:23:55.084000,0 days 00:24:17.432000,300.0,287.0,312.0,320.0,True,SOFT,2.0,True,Williams,0 days 00:23:03.460000,2026-08-22 14:09:39.224,1,,,,False,True,Q
0 days 00:26:00.513000,SAI,55,0 days 00:01:43.081000,7.0,2.0,,0 days 00:25:57.273000,0 days 00:00:32.590000,0 days 00:00:31.831000,0 days 00:00:38.660000,0 days 00:24:50.022000,0 days 00:25:21.853000,0 days 00:26:00.513000,225.0,239.0,,227.0,False,SOFT,3.0,True,Williams,0 days 00:24:17.432000,2026-08-22 14:10:53.196,1,,,,False,False,Q
0 days 00:30:34.256000,SAI,55,,8.0,3.0,0 days 00:29:02.381000,,,0 days 00:00:32.912000,0 days 00:00:24.788000,,0 days 00:30:09.468000,0 days 00:30:34.475000,298.0,277.0,300.0,227.0,False,SOFT,1.0,True,Williams,0 days 00:26:00.513000,2026-08-22 14:12:36.277,1,,,,False,False,Q
0 days 00:31:47.830000,SAI,55,0 days 00:01:13.574000,9.0,3.0,,,0 days 00:00:25.091000,0 days 00:00:26.107000,0 days 00:00:22.376000,0 days 00:30:59.347000,0 days 00:31:25.454000,0 days 00:31:47.830000,298.0,288.0,306.0,321.0,True,SOFT,2.0,True,Williams,0 days 00:30:34.256000,2026-08-22 14:17:10.020,1,,,,False,True,Q
0 days 00:33:28.245000,SAI,55,0 days 00:01:40.415000,10.0,3.0,,0 days 00:33:26.916000,0 days 00:00:35.617000,0 days 00:00:33.684000,0 days 00:00:31.114000,0 days 00:32:23.447000,0 days 00:32:57.131000,0 days 00:33:28.245000,207.0,194.0,,200.0,False,SOFT,3.0,True,Williams,0 days 00:31:47.830000,2026-08-22 14:18:23.594,1,,,,False,False,Q
0 days 00:15:48.167000,ALO,14,,1.0,1.0,0 days 00:14:10.748000,,,0 days 00:00:30.364000,0 days 00:00:25.173000,,0 days 00:15:23.129000,0 days 00:15:48.379000,246.0,223.0,270.0,,False,SOFT,1.0,True,Aston Martin,0 days 00:14:10.748000,2026-08-22 14:00:46.512,1,,,,False,False,Q
0 days 00:17:19.700000,ALO,14,0 days 00:01:31.533000,2.0,1.0,,,0 days 00:00:27.762000,0 days 00:00:30.794000,0 days 00:00:32.977000,0 days 00:16:15.929000,0 days 00:16:46.723000,0 days 00:17:19.700000,265.0,234.0,300.0,273.0,True,SOFT,2.0,True,Aston Martin,0 days 00:15:48.167000,2026-08-22 14:02:23.931,1,,,,False,True,Q
0 days 00:18:34.335000,ALO,14,0 days 00:01:14.635000,3.0,1.0,,,0 days 00:00:25.624000,0 days 00:00:26.255000,0 days 00:00:22.756000,0 days 00:17:45.324000,0 days 00:18:11.579000,0 days 00:18:34.335000,286.0,279.0,289.0,300.0,True,SOFT,3.0,True,Aston Martin,0 days 00:17:19.700000,2026-08-22 14:03:55.464,1,,,,False,True,Q
0 days 00:20:08.709000,ALO,14,0 days 00:01:34.374000,4.0,1.0,,0 days 00:20:07.407000,0 days 00:00:31.311000,0 days 00:00:31.913000,0 days 00:00:31.150000,0 days 00:19:05.646000,0 days 00:19:37.559000,0 days 00:20:08.709000,235.0,186.0,,232.0,False,SOFT,4.0,True,Aston Martin,0 days 00:18:34.335000,2026-08-22 14:05:10.099,1,,,,False,False,Q
0 days 00:23:13.839000,ALO,14,,5.0,2.0,0 days 00:21:34.027000,,,0 days 00:00:29.899000,0 days 00:00:32.187000,,0 days 00:22:41.786000,0 days 00:23:14.123000,269.0,228.0,300.0,232.0,False,SOFT,1.0,True,Aston Martin,0 days 00:20:08.709000,2026-08-22 14:06:44.473,1,,,,False,False,Q
0 days 00:24:27.489000,ALO,14,0 days 00:01:13.650000,6.0,2.0,,,0 days 00:00:25.331000,0 days 00:00:25.922000,0 days 00:00:22.397000,0 days 00:23:39.170000,0 days 00:24:05.092000,0 days 00:24:27.489000,286.0,279.0,286.0,307.0,True,SOFT,2.0,True,Aston Martin,0 days 00:23:13.839000,2026-08-22 14:09:49.603,1,,,,False,True,Q
0 days 00:26:09.032000,ALO,14,0 days 00:01:41.543000,7.0,2.0,,0 days 00:26:07.805000,0 days 00:00:33.677000,0 days 00:00:33.576000,0 days 00:00:34.290000,0 days 00:25:01.166000,0 days 00:25:34.742000,0 days 00:26:09.032000,233.0,172.0,,216.0,False,SOFT,3.0,True,Aston Martin,0 days 00:24:27.489000,2026-08-22 14:11:03.253,1,,,,False,False,Q
0 days 00:29:57.716000,ALO,14,,8.0,3.0,0 days 00:28:09.184000,,,0 days 00:00:29.328000,0 days 00:00:35.260000,,0 days 00:29:22.490000,0 days 00:29:57.846000,265.0,195.0,300.0,216.0,False,SOFT,1.0,True,Aston Martin,0 days 00:26:09.032000,2026-08-22 14:12:44.796,1,,,,False,False,Q
0 days 00:31:11.398000,ALO,14,0 days 00:01:13.682000,9.0,3.0,,,0 days 00:00:25.388000,0 days 00:00:25.970000,0 days 00:00:22.324000,0 days 00:30:23.104000,0 days 00:30:49.074000,0 days 00:31:11.398000,286.0,280.0,290.0,306.0,False,SOFT,2.0,True,Aston Martin,0 days 00:29:57.716000,2026-08-22 14:16:33.480,1,,,,False,True,Q
0 days 00:32:58.171000,ALO,14,0 days 00:01:46.773000,10.0,3.0,,0 days 00:32:55.405000,0 days 00:00:32.265000,0 days 00:00:37.566000,0 days 00:00:36.942000,0 days 00:31:43.663000,0 days 00:32:21.229000,0 days 00:32:58.171000,202.0,173.0,,214.0,False,SOFT,3.0,True,Aston Martin,0 days 00:31:11.398000,2026-08-22 14:17:47.162,1,,,,False,False,Q
0 days 00:15:08.722000,STR,18,,1.0,1.0,0 days 00:13:37.585000,,,0 days 00:00:29.327000,0 days 00:00:25.542000,,0 days 00:14:43.332000,0 days 00:15:09.039000,267.0,236.0,267.0,,False,SOFT,1.0,True,Aston Martin,0 days 00:13:37.585000,2026-08-22 14:00:13.349,1,,,,False,False,Q
0 days 00:16:41.673000,STR,18,0 days 00:01:32.951000,2.0,1.0,,,0 days 00:00:30.061000,0 days 00:00:32.941000,0 days 00:00:29.949000,0 days 00:15:38.783000,0 days 00:16:11.724000,0 days 00:16:41.673000,263.0,232.0,296.0,221.0,True,SOFT,2.0,True,Aston Martin,0 days 00:15:08.722000,2026-08-22 14:01:44.486,1,,,,False,True,Q
0 days 00:17:56.804000,STR,18,0 days 00:01:15.131000,3.0,1.0,,,0 days 00:00:26.021000,0 days 00:00:26.407000,0 days 00:00:22.703000,0 days 00:17:07.694000,0 days 00:17:34.101000,0 days 00:17:56.804000,287.0,279.0,301.0,304.0,True,SOFT,3.0,True,Aston Martin,0 days 00:16:41.673000,2026-08-22 14:03:17.437,1,,,,False,True,Q
0 days 00:19:29.366000,STR,18,0 days 00:01:32.562000,4.0,1.0,,0 days 00:19:26.433000,0 days 00:00:29.592000,0 days 00:00:30.668000,0 days 00:00:32.302000,0 days 00:18:26.396000,0 days 00:18:57.064000,0 days 00:19:29.366000,236.0,226.0,,247.0,False,SOFT,4.0,True,Aston Martin,0 days 00:17:56.804000,2026-08-22 14:04:32.568,1,,,,False,False,Q
0 days 00:22:54.186000,STR,18,,5.0,2.0,0 days 00:21:21.576000,,,0 days 00:00:28.130000,0 days 00:00:29.391000,,0 days 00:22:24.864000,0 days 00:22:54.458000,240.0,250.0,298.0,247.0,False,SOFT,1.0,True,Aston Martin,0 days 00:19:29.366000,2026-08-22 14:06:05.130,1,,,,False,False,Q
0 days 00:24:08.411000,STR,18,0 days 00:01:14.225000,6.0,2.0,,,0 days 00:00:25.543000,0 days 00:00:26.080000,0 days 00:00:22.602000,0 days 00:23:19.729000,0 days 00:23:45.809000,0 days 00:24:08.411000,285.0,279.0,297.0,309.0,True,SOFT,2.0,True,Aston Martin,0 days 00:22:54.186000,2026-08-22 14:09:29.950,1,,,,False,True,Q
0 days 00:25:43.720000,STR,18,0 days 00:01:35.309000,7.0,2.0,,0 days 00:25:42.098000,0 days 00:00:30.144000,0 days 00:00:32.053000,0 days 00:00:33.112000,0 days 00:24:38.555000,0 days 00:25:10.608000,0 days 00:25:43.720000,235.0,229.0,,236.0,False,SOFT,3.0,True,Aston Martin,0 days 00:24:08.411000,2026-08-22 14:10:44.175,1,,,,False,False,Q
0 days 00:28:58.249000,STR,18,,8.0,3.0,0 days 00:27:36.916000,,,0 days 00:00:27.745000,0 days 00:00:25.289000,,0 days 00:28:33.040000,0 days 00:28:58.534000,264.0,244.0,298.0,236.0,False,SOFT,1.0,True,Aston Martin,0 days 00:25:43.720000,2026-08-22 14:12:19.484,1,,,,False,False,Q
0 days 00:30:12.067000,STR,18,0 days 00:01:13.818000,9.0,3.0,,,0 days 00:00:25.479000,0 days 00:00:25.883000,0 days 00:00:22.456000,0 days 00:29:23.728000,0 days 00:29:49.611000,0 days 00:30:12.067000,286.0,281.0,301.0,303.0,True,SOFT,2.0,True,Aston Martin,0 days 00:28:58.249000,2026-08-22 14:15:34.013,1,,,,False,True,Q
0 days 00:31:48.974000,STR,18,0 days 00:01:36.907000,10.0,3.0,,0 days 00:31:47.545000,0 days 00:00:33.150000,0 days 00:00:30.561000,0 days 00:00:33.196000,0 days 00:30:45.217000,0 days 00:31:15.778000,0 days 00:31:48.974000,203.0,228.0,,260.0,False,SOFT,3.0,True,Aston Martin,0 days 00:30:12.067000,2026-08-22 14:16:47.831,1,,,,False,False,Q
0 days 00:15:00.617000,BEA,87,,1.0,1.0,0 days 00:13:30.382000,,,0 days 00:00:31.208000,0 days 00:00:26.732000,,0 days 00:14:33.925000,0 days 00:15:00.891000,246.0,227.0,281.0,,False,SOFT,1.0,True,Haas F1 Team,0 days 00:13:30.382000,2026-08-22 14:00:06.146,1,,,,False,False,Q
0 days 00:16:26.329000,BEA,87,0 days 00:01:25.712000,2.0,1.0,,,0 days 00:00:29.845000,0 days 00:00:30.293000,0 days 00:00:25.574000,0 days 00:15:30.462000,0 days 00:16:00.755000,0 days 00:16:26.329000,275.0,223.0,303.0,223.0,True,SOFT,2.0,True,Haas F1 Team,0 days 00:15:00.617000,2026-08-22 14:01:36.381,1,,,,False,True,Q
0 days 00:17:48.900000,BEA,87,0 days 00:01:22.571000,3.0,1.0,,0 days 00:17:45.558000,0 days 00:00:25.574000,0 days 00:00:26.477000,0 days 00:00:30.520000,0 days 00:16:51.903000,0 days 00:17:18.380000,0 days 00:17:48.900000,287.0,283.0,,300.0,False,SOFT,3.0,True,Haas F1 Team,0 days 00:16:26.329000,2026-08-22 14:03:02.093,1,,,,False,False,Q
0 days 00:20:06.032000,BEA,87,0 days 00:02:17.132000,4.0,2.0,0 days 00:18:36.178000,,0 days 00:01:18.761000,0 days 00:00:31.895000,0 days 00:00:26.476000,0 days 00:19:07.661000,0 days 00:19:39.556000,0 days 00:20:06.032000,270.0,231.0,285.0,300.0,False,SOFT,1.0,True,Haas F1 Team,0 days 00:17:48.900000,2026-08-22 14:04:24.664,1,,,,False,False,Q
0 days 00:21:35.857000,BEA,87,0 days 00:01:29.825000,5.0,2.0,,,0 days 00:00:30.702000,0 days 00:00:32.027000,0 days 00:00:27.096000,0 days 00:20:36.734000,0 days 00:21:08.761000,0 days 00:21:35.857000,145.0,225.0,304.0,264.0,False,SOFT,2.0,True,Haas F1 Team,0 days 00:20:06.032000,2026-08-22 14:06:41.796,1,,,,False,True,Q
0 days 00:22:50.020000,BEA,87,0 days 00:01:14.163000,6.0,2.0,,,0 days 00:00:25.557000,0 days 00:00:26.094000,0 days 00:00:22.512000,0 days 00:22:01.414000,0 days 00:22:27.508000,0 days 00:22:50.020000,289.0,284.0,299.0,306.0,True,SOFT,3.0,True,Haas F1 Team,0 days 00:21:35.857000,2026-08-22 14:08:11.621,1,,,,False,True,Q
0 days 00:24:24.945000,BEA,87,0 days 00:01:34.925000,7.0,2.0,,0 days 00:24:23.616000,0 days 00:00:32.679000,0 days 00:00:33.001000,0 days 00:00:29.245000,0 days 00:23:22.699000,0 days 00:23:55.700000,0 days 00:24:24.945000,249.0,222.0,,212.0,False,SOFT,4.0,True,Haas F1 Team,0 days 00:22:50.020000,2026-08-22 14:09:25.784,1,,,,False,False,Q
0 days 00:28:27.339000,BEA,87,,8.0,3.0,0 days 00:26:55.805000,,,0 days 00:00:31.648000,0 days 00:00:26.581000,,0 days 00:28:00.780000,0 days 00:28:27.566000,263.0,230.0,287.0,212.0,False,SOFT,1.0,True,Haas F1 Team,0 days 00:24:24.945000,2026-08-22 14:11:00.709,1,,,,False,False,Q
0 days 00:30:03.503000,BEA,87,0 days 00:01:36.164000,9.0,3.0,,,0 days 00:00:31.397000,0 days 00:00:32.644000,0 days 00:00:32.123000,0 days 00:28:58.736000,0 days 00:29:31.380000,0 days 00:30:03.503000,164.0,224.0,306.0,259.0,False,SOFT,2.0,True,Haas F1 Team,0 days 00:28:27.339000,2026-08-22 14:15:03.103,1,,,,False,True,Q
0 days 00:31:17.329000,BEA,87,0 days 00:01:13.826000,10.0,3.0,,,0 days 00:00:25.394000,0 days 00:00:26.075000,0 days 00:00:22.357000,0 days 00:30:28.897000,0 days 00:30:54.972000,0 days 00:31:17.329000,287.0,286.0,299.0,308.0,True,SOFT,3.0,True,Haas F1 Team,0 days 00:30:03.503000,2026-08-22 14:16:39.267,1,,,,False,True,Q
0 days 00:32:58.864000,BEA,87,0 days 00:01:41.535000,11.0,3.0,,0 days 00:32:57.352000,0 days 00:00:34.762000,0 days 00:00:32.837000,0 days 00:00:33.936000,0 days 00:31:52.091000,0 days 00:32:24.928000,0 days 00:32:58.864000,233.0,176.0,,208.0,False,SOFT,4.0,True,Haas F1 Team,0 days 00:31:17.329000,2026-08-22 14:17:53.093,1,,,,False,False,Q
0 days 00:15:22.711000,BOT,77,,1.0,1.0,0 days 00:13:52.905000,,,0 days 00:00:31.262000,0 days 00:00:26.906000,,0 days 00:14:55.907000,0 days 00:15:23.093000,267.0,217.0,296.0,,False,SOFT,1.0,True,Cadillac,0 days 00:13:52.905000,2026-08-22 14:00:28.669,1,,,,False,False,Q
0 days 00:16:48.402000,BOT,77,0 days 00:01:25.691000,2.0,1.0,,,0 days 00:00:27.398000,0 days 00:00:30.273000,0 days 00:00:28.020000,0 days 00:15:50.109000,0 days 00:16:20.382000,0 days 00:16:48.402000,294.0,203.0,301.0,264.0,True,SOFT,2.0,True,Cadillac,0 days 00:15:22.711000,2026-08-22 14:01:58.475,1,,,,False,True,Q
0 days 00:18:04.054000,BOT,77,0 days 00:01:15.652000,3.0,1.0,,,0 days 00:00:26.146000,0 days 00:00:26.819000,0 days 00:00:22.687000,0 days 00:17:14.548000,0 days 00:17:41.367000,0 days 00:18:04.054000,293.0,285.0,315.0,299.0,True,SOFT,3.0,True,Cadillac,0 days 00:16:48.402000,2026-08-22 14:03:24.166,1,,,,False,True,Q
0 days 00:19:35.050000,BOT,77,0 days 00:01:30.996000,4.0,1.0,,0 days 00:19:33.755000,0 days 00:00:29.242000,0 days 00:00:30.542000,0 days 00:00:31.212000,0 days 00:18:33.296000,0 days 00:19:03.838000,0 days 00:19:35.050000,267.0,222.0,,269.0,False,SOFT,4.0,True,Cadillac,0 days 00:18:04.054000,2026-08-22 14:04:39.818,1,,,,False,False,Q
0 days 00:22:45.223000,BOT,77,,5.0,2.0,0 days 00:21:11.304000,,,0 days 00:00:29.454000,0 days 00:00:27.596000,,0 days 00:22:17.639000,0 days 00:22:45.395000,278.0,207.0,300.0,269.0,False,SOFT,1.0,True,Cadillac,0 days 00:19:35.050000,2026-08-22 14:06:10.814,1,,,,False,False,Q
0 days 00:24:00.193000,BOT,77,0 days 00:01:14.970000,6.0,2.0,,,0 days 00:00:25.869000,0 days 00:00:26.574000,0 days 00:00:22.527000,0 days 00:23:11.092000,0 days 00:23:37.666000,0 days 00:24:00.193000,293.0,287.0,311.0,304.0,True,SOFT,2.0,True,Cadillac,0 days 00:22:45.223000,2026-08-22 14:09:20.987,1,,,,False,True,Q
0 days 00:25:39.489000,BOT,77,0 days 00:01:39.296000,7.0,2.0,,0 days 00:25:38.330000,0 days 00:00:29.415000,0 days 00:00:32.130000,0 days 00:00:37.751000,0 days 00:24:29.608000,0 days 00:25:01.738000,0 days 00:25:39.489000,218.0,214.0,,264.0,False,SOFT,3.0,True,Cadillac,0 days 00:24:00.193000,2026-08-22 14:10:35.957,1,,,,False,False,Q
0 days 00:29:31.299000,BOT,77,,8.0,3.0,0 days 00:27:48.581000,,,0 days 00:00:29.817000,0 days 00:00:30.536000,,0 days 00:29:00.945000,0 days 00:29:31.630000,266.0,182.0,301.0,264.0,False,SOFT,1.0,True,Cadillac,0 days 00:25:39.489000,2026-08-22 14:12:15.253,1,,,,False,False,Q
0 days 00:30:45.670000,BOT,77,0 days 00:01:14.371000,9.0,3.0,,,0 days 00:00:25.600000,0 days 00:00:26.341000,0 days 00:00:22.430000,0 days 00:29:56.899000,0 days 00:30:23.240000,0 days 00:30:45.670000,292.0,285.0,308.0,307.0,True,SOFT,2.0,True,Cadillac,0 days 00:29:31.299000,2026-08-22 14:16:07.063,1,,,,False,True,Q
0 days 00:32:25.282000,BOT,77,0 days 00:01:39.612000,10.0,3.0,,0 days 00:32:24.140000,0 days 00:00:30.721000,0 days 00:00:34.160000,0 days 00:00:34.731000,0 days 00:31:16.391000,0 days 00:31:50.551000,0 days 00:32:25.282000,224.0,202.0,,235.0,False,SOFT,3.0,True,Cadillac,0 days 00:30:45.670000,2026-08-22 14:17:21.434,1,,,,False,False,Q
0 days 00:15:26.299000,PER,11,,1.0,1.0,0 days 00:13:57.679000,,,0 days 00:00:29.751000,0 days 00:00:26.673000,,0 days 00:14:59.626000,0 days 00:15:26.530000,267.0,225.0,297.0,,False,SOFT,1.0,True,Cadillac,0 days 00:13:57.679000,2026-08-22 14:00:33.443,1,,,,False,False,Q
0 days 00:16:53.404000,PER,11,0 days 00:01:27.105000,2.0,1.0,,,0 days 00:00:26.959000,0 days 00:00:32.681000,0 days 00:00:27.465000,0 days 00:15:53.258000,0 days 00:16:25.939000,0 days 00:16:53.404000,291.0,187.0,300.0,268.0,True,SOFT,2.0,True,Cadillac,0 days 00:15:26.299000,2026-08-22 14:02:02.063,1,,,,False,True,Q
0 days 00:18:09.285000,PER,11,0 days 00:01:15.881000,3.0,1.0,,,0 days 00:00:26.150000,0 days 00:00:26.806000,0 days 00:00:22.925000,0 days 00:17:19.554000,0 days 00:17:46.360000,0 days 00:18:09.285000,292.0,283.0,313.0,303.0,True,SOFT,3.0,True,Cadillac,0 days 00:16:53.404000,2026-08-22 14:03:29.168,1,,,,False,True,Q
0 days 00:19:42.536000,PER,11,0 days 00:01:33.251000,4.0,1.0,,0 days 00:19:41.141000,0 days 00:00:33.382000,0 days 00:00:30.471000,0 days 00:00:29.398000,0 days 00:18:42.667000,0 days 00:19:13.138000,0 days 00:19:42.536000,252.0,243.0,,242.0,False,SOFT,4.0,True,Cadillac,0 days 00:18:09.285000,2026-08-22 14:04:45.049,1,,,,False,False,Q
0 days 00:22:47.544000,PER,11,,5.0,2.0,0 days 00:21:16.761000,,,0 days 00:00:28.437000,0 days 00:00:27.859000,,0 days 00:22:19.858000,0 days 00:22:47.879000,276.0,212.0,300.0,242.0,False,SOFT,1.0,True,Cadillac,0 days 00:19:42.536000,2026-08-22 14:06:18.300,1,,,,False,False,Q
0 days 00:24:02.608000,PER,11,0 days 00:01:15.064000,6.0,2.0,,,0 days 00:00:25.642000,0 days 00:00:26.660000,0 days 00:00:22.762000,0 days 00:23:13.186000,0 days 00:23:39.846000,0 days 00:24:02.608000,292.0,286.0,311.0,309.0,True,SOFT,2.0,True,Cadillac,0 days 00:22:47.544000,2026-08-22 14:09:23.308,1,,,,False,True,Q
0 days 00:25:41.396000,PER,11,0 days 00:01:38.788000,7.0,2.0,,0 days 00:25:40.040000,0 days 00:00:29.602000,0 days 00:00:30.317000,0 days 00:00:38.869000,0 days 00:24:32.210000,0 days 00:25:02.527000,0 days 00:25:41.396000,279.0,215.0,,244.0,False,SOFT,3.0,True,Cadillac,0 days 00:24:02.608000,2026-08-22 14:10:38.372,1,,,,False,False,Q
0 days 00:29:34.878000,PER,11,,8.0,3.0,0 days 00:27:51.516000,,,0 days 00:00:30.362000,0 days 00:00:30.887000,,0 days 00:29:04.040000,0 days 00:29:35.096000,275.0,192.0,300.0,244.0,False,SOFT,1.0,True,Cadillac,0 days 00:25:41.396000,2026-08-22 14:12:17.160,1,,,,False,False,Q
0 days 00:30:49.478000,PER,11,0 days 00:01:14.600000,9.0,3.0,,,0 days 00:00:25.717000,0 days 00:00:26.339000,0 days 00:00:22.544000,0 days 00:30:00.595000,0 days 00:30:26.934000,0 days 00:30:49.478000,291.0,284.0,313.0,308.0,True,SOFT,2.0,True,Cadillac,0 days 00:29:34.878000,2026-08-22 14:16:10.642,1,,,,False,True,Q
0 days 00:32:29.724000,PER,11,0 days 00:01:40.246000,10.0,3.0,,0 days 00:32:28.177000,0 days 00:00:33.231000,0 days 00:00:32.160000,0 days 00:00:34.855000,0 days 00:31:22.709000,0 days 00:31:54.869000,0 days 00:32:29.724000,262.0,249.0,,248.0,False,SOFT,3.0,True,Cadillac,0 days 00:30:49.478000,2026-08-22 14:17:25.242,1,,,,False,False,Q
