Time,Driver,DriverNumber,LapTime,LapNumber,Stint,PitOutTime,PitInTime,Sector1Time,Sector2Time,Sector3Time,Sector1SessionTime,Sector2SessionTime,Sector3SessionTime,SpeedI1,SpeedI2,SpeedFL,SpeedST,IsPersonalBest,Compound,TyreLife,FreshTyre,Team,LapStartTime,LapStartDate,TrackStatus,Position,Deleted,DeletedReason,FastF1Generated,IsAccurate,Session,TrackTemp,AirTemp,Humidity
0 days 00:18:26.912000,NOR,1,,1.0,1.0,0 days 00:16:26.857000,,,0 days 00:00:39.285000,0 days 00:00:49.956000,,0 days 00:17:37.127000,0 days 00:18:26.912000,189.0,218.0,207.0,216.0,False,MEDIUM,1.0,True,McLaren,0 days 00:16:26.857000,2026-09-11 11:31:29.675,1,,,,False,False,FP1,48.0,26.4,17.0
0 days 00:20:06.479000,NOR,1,0 days 00:01:39.567000,2.0,1.0,,,0 days 00:00:31.186000,0 days 00:00:35.724000,0 days 00:00:32.657000,0 days 00:18:58.098000,0 days 00:19:33.822000,0 days 00:20:06.479000,213.0,239.0,214.0,286.0,True,MEDIUM,2.0,True,McLaren,0 days 00:18:26.912000,2026-09-11 11:33:29.730,1,,,,False,True,FP1,48.0,26.4,17.0
0 days 00:22:17.781000,NOR,1,0 days 00:02:11.302000,3.0,1.0,,,0 days 00:00:41.933000,0 days 00:00:48.661000,0 days 00:00:40.708000,0 days 00:20:48.412000,0 days 00:21:37.073000,0 days 00:22:17.781000,116.0,183.0,220.0,182.0,False,MEDIUM,3.0,True,McLaren,0 days 00:20:06.479000,2026-09-11 11:35:09.297,1,,,,False,True,FP1,48.0,26.4,17.0
0 days 00:23:55.032000,NOR,1,0 days 00:01:37.251000,4.0,1.0,,,0 days 00:00:30.227000,0 days 00:00:34.981000,0 days 00:00:32.043000,0 days 00:22:48.008000,0 days 00:23:22.989000,0 days 00:23:55.032000,216.0,251.0,215.0,286.0,True,MEDIUM,4.0,True,McLaren,0 days 00:22:17.781000,2026-09-11 11:37:20.599,1,,,,False,True,FP1,48.0,26.4,17.0
0 days 00:26:30.928000,NOR,1,,5.0,1.0,,,0 days 00:00:46.707000,0 days 00:00:56.325000,0 days 00:00:52.909000,0 days 00:24:41.971000,0 days 00:25:38.173000,0 days 00:26:31.070000,114.0,137.0,219.0,122.0,False,MEDIUM,5.0,True,McLaren,0 days 00:23:55.032000,2026-09-11 11:38:57.850,1,,,,False,False,FP1,48.0,26.4,17.0
0 days 00:28:07.615000,NOR,1,0 days 00:01:36.687000,6.0,1.0,,,0 days 00:00:30.440000,0 days 00:00:34.587000,0 days 00:00:31.660000,0 days 00:27:01.368000,0 days 00:27:35.955000,0 days 00:28:07.615000,221.0,261.0,214.0,288.0,True,MEDIUM,6.0,True,McLaren,0 days 00:26:30.928000,2026-09-11 11:41:33.746,1,,,,False,True,FP1,48.0,26.4,17.0
0 days 00:30:30.204000,NOR,1,0 days 00:02:22.589000,7.0,1.0,,,0 days 00:00:49.324000,0 days 00:00:51.763000,0 days 00:00:41.502000,0 days 00:28:56.939000,0 days 00:29:48.702000,0 days 00:30:30.204000,121.0,128.0,225.0,152.0,False,MEDIUM,7.0,True,McLaren,0 days 00:28:07.615000,2026-09-11 11:43:10.433,1,,,,False,True,FP1,48.0,26.4,17.0
0 days 00:32:06.295000,NOR,1,0 days 00:01:36.091000,8.0,1.0,,,0 days 00:00:30.009000,0 days 00:00:34.446000,0 days 00:00:31.636000,0 days 00:31:00.213000,0 days 00:31:34.659000,0 days 00:32:06.295000,226.0,261.0,206.0,290.0,True,MEDIUM,8.0,True,McLaren,0 days 00:30:30.204000,2026-09-11 11:45:33.022,1,,,,False,True,FP1,48.0,26.4,17.0
0 days 00:34:39.655000,NOR,1,,9.0,1.0,,0 days 00:34:38.530000,0 days 00:00:47.826000,0 days 00:01:00.532000,0 days 00:00:44.915000,0 days 00:32:54.354000,0 days 00:33:54.930000,0 days 00:34:39.655000,120.0,157.0,,168.0,False,MEDIUM,9.0,True,McLaren,0 days 00:32:06.295000,2026-09-11 11:47:09.113,1,,,,False,False,FP1,48.0,26.4,17.0
0 days 00:46:22.975000,NOR,1,,10.0,2.0,0 days 00:44:37.871000,,,0 days 00:00:37.690000,0 days 00:00:38.420000,,0 days 00:45:44.830000,0 days 00:46:22.992000,203.0,237.0,226.0,187.0,False,MEDIUM,10.0,False,McLaren,0 days 00:34:39.655000,2026-09-11 11:49:42.473,1,,,,False,False,FP1,48.0,26.4,17.0
0 days 00:48:13.802000,NOR,1,0 days 00:01:50.827000,11.0,2.0,,,0 days 00:00:29.787000,0 days 00:00:40.619000,0 days 00:00:40.421000,0 days 00:46:52.762000,0 days 00:47:33.381000,0 days 00:48:13.802000,216.0,154.0,224.0,298.0,False,MEDIUM,11.0,False,McLaren,0 days 00:46:22.975000,2026-09-11 12:01:25.793,1,,,,False,True,FP1,48.0,26.4,17.0
0 days 00:49:50.330000,NOR,1,0 days 00:01:36.528000,12.0,2.0,,,0 days 00:00:29.915000,0 days 00:00:34.577000,0 days 00:00:32.036000,0 days 00:48:43.717000,0 days 00:49:18.294000,0 days 00:49:50.330000,221.0,251.0,201.0,295.0,False,MEDIUM,12.0,False,McLaren,0 days 00:48:13.802000,2026-09-11 12:03:16.620,1,,,,False,True,FP1,48.0,26.4,17.0
0 days 00:51:43.156000,NOR,1,0 days 00:01:52.826000,13.0,2.0,,0 days 00:51:42.158000,0 days 00:00:35.907000,0 days 00:00:38.750000,0 days 00:00:38.169000,0 days 00:50:26.237000,0 days 00:51:04.987000,0 days 00:51:43.156000,177.0,210.0,,259.0,False,MEDIUM,13.0,False,McLaren,0 days 00:49:50.330000,2026-09-11 12:04:53.148,1,,,,False,False,FP1,48.0,26.4,17.0
0 days 00:56:24.439000,NOR,1,,14.0,3.0,0 days 00:54:42.031000,,,0 days 00:00:38.203000,0 days 00:00:37.414000,,0 days 00:55:47.277000,0 days 00:56:24.523000,196.0,238.0,227.0,236.0,False,SOFT,1.0,True,McLaren,0 days 00:51:43.156000,2026-09-11 12:06:45.974,1,,,,False,False,FP1,48.0,26.4,17.0
0 days 00:57:59.474000,NOR,1,0 days 00:01:35.035000,15.0,3.0,,,0 days 00:00:29.394000,0 days 00:00:34.029000,0 days 00:00:31.612000,0 days 00:56:53.833000,0 days 00:57:27.862000,0 days 00:57:59.474000,225.0,254.0,197.0,295.0,True,SOFT,2.0,True,McLaren,0 days 00:56:24.439000,2026-09-11 12:11:27.257,1,,,,False,True,FP1,48.7,26.6,17.0
0 days 01:00:30.415000,NOR,1,,16.0,3.0,,,0 days 00:00:49.629000,0 days 00:01:03.529000,0 days 00:00:37.807000,0 days 00:58:49.355000,0 days 00:59:52.812000,0 days 01:00:30.492000,112.0,122.0,227.0,162.0,False,SOFT,3.0,True,McLaren,0 days 00:57:59.474000,2026-09-11 12:13:02.292,1,,,,False,False,FP1,48.7,26.6,17.0
0 days 01:02:05.362000,NOR,1,0 days 00:01:34.947000,17.0,3.0,,,0 days 00:00:29.419000,0 days 00:00:34.086000,0 days 00:00:31.442000,0 days 01:00:59.834000,0 days 01:01:33.920000,0 days 01:02:05.362000,223.0,255.0,200.0,296.0,True,SOFT,4.0,True,McLaren,0 days 01:00:30.415000,2026-09-11 12:15:33.233,1,,,,False,True,FP1,48.7,26.6,17.0
0 days 01:04:02.965000,NOR,1,0 days 00:01:57.603000,18.0,3.0,,,0 days 00:00:41.731000,0 days 00:00:42.648000,0 days 00:00:33.224000,0 days 01:02:47.093000,0 days 01:03:29.741000,0 days 01:04:02.965000,145.0,228.0,224.0,207.0,False,SOFT,5.0,True,McLaren,0 days 01:02:05.362000,2026-09-11 12:17:08.180,1,,,,False,True,FP1,48.7,26.6,17.0
0 days 01:05:39.757000,NOR,1,0 days 00:01:36.792000,19.0,3.0,,,0 days 00:00:30.016000,0 days 00:00:34.793000,0 days 00:00:31.983000,0 days 01:04:32.981000,0 days 01:05:07.774000,0 days 01:05:39.757000,221.0,256.0,226.0,290.0,False,SOFT,6.0,True,McLaren,0 days 01:04:02.965000,2026-09-11 12:19:05.783,1,,,,False,True,FP1,48.7,26.6,17.0
0 days 01:07:16.492000,NOR,1,0 days 00:01:36.735000,20.0,3.0,,,0 days 00:00:30.118000,0 days 00:00:34.673000,0 days 00:00:31.944000,0 days 01:06:09.875000,0 days 01:06:44.548000,0 days 01:07:16.492000,223.0,254.0,225.0,291.0,False,SOFT,7.0,True,McLaren,0 days 01:05:39.757000,2026-09-11 12:20:42.575,1,,,,False,True,FP1,48.7,26.6,17.0
0 days 01:08:58.725000,NOR,1,0 days 00:01:42.233000,21.0,3.0,,,0 days 00:00:29.848000,0 days 00:00:35.778000,0 days 00:00:36.607000,0 days 01:07:46.340000,0 days 01:08:22.118000,0 days 01:08:58.725000,224.0,183.0,219.0,292.0,False,SOFT,8.0,True,McLaren,0 days 01:07:16.492000,2026-09-11 12:22:19.310,1,,,,False,True,FP1,48.4,26.7,17.0
0 days 01:10:36.824000,NOR,1,0 days 00:01:38.099000,22.0,3.0,,,0 days 00:00:30.421000,0 days 00:00:34.928000,0 days 00:00:32.750000,0 days 01:09:29.146000,0 days 01:10:04.074000,0 days 01:10:36.824000,220.0,252.0,225.0,291.0,False,SOFT,9.0,True,McLaren,0 days 01:08:58.725000,2026-09-11 12:24:01.543,1,,,,False,True,FP1,48.4,26.7,17.0
0 days 01:12:16.449000,NOR,1,0 days 00:01:39.625000,23.0,3.0,,,0 days 00:00:30.041000,0 days 00:00:35.616000,0 days 00:00:33.968000,0 days 01:11:06.865000,0 days 01:11:42.481000,0 days 01:12:16.449000,223.0,249.0,223.0,293.0,False,SOFT,10.0,True,McLaren,0 days 01:10:36.824000,2026-09-11 12:25:39.642,12,,,,False,True,FP1,48.4,26.7,17.0
0 days 01:13:58.103000,NOR,1,0 days 00:01:41.654000,24.0,3.0,,0 days 01:13:57.094000,0 days 00:00:30.095000,0 days 00:00:35.187000,0 days 00:00:36.372000,0 days 01:12:46.544000,0 days 01:13:21.731000,0 days 01:13:58.103000,221.0,247.0,,295.0,False,SOFT,11.0,True,McLaren,0 days 01:12:16.449000,2026-09-11 12:27:19.267,1,,,,False,False,FP1,48.4,26.7,17.0
0 days 01:16:02.638000,NOR,1,0 days 00:02:04.535000,25.0,4.0,0 days 01:14:31.990000,,0 days 00:00:57.558000,0 days 00:00:34.869000,0 days 00:00:32.108000,0 days 01:14:55.661000,0 days 01:15:30.530000,0 days 01:16:02.638000,213.0,257.0,226.0,259.0,False,MEDIUM,14.0,False,McLaren,0 days 01:13:58.103000,2026-09-11 12:29:00.921,1,,,,False,False,FP1,48.4,26.7,17.0
0 days 01:18:13.441000,NOR,1,0 days 00:02:10.803000,26.0,4.0,,,0 days 00:00:40.827000,0 days 00:00:46.500000,0 days 00:00:43.476000,0 days 01:16:43.465000,0 days 01:17:29.965000,0 days 01:18:13.441000,158.0,145.0,83.0,196.0,False,MEDIUM,15.0,False,McLaren,0 days 01:16:02.638000,2026-09-11 12:31:05.456,1,,,,False,True,FP1,48.4,26.7,17.0
0 days 01:20:47.931000,NOR,1,,27.0,4.0,,0 days 01:20:46.853000,0 days 00:01:12.637000,0 days 00:00:38.978000,0 days 00:00:42.804000,0 days 01:19:26.172000,0 days 01:20:05.186000,0 days 01:20:47.931000,166.0,200.0,,221.0,False,MEDIUM,16.0,False,McLaren,0 days 01:18:13.441000,2026-09-11 12:33:16.259,1,,,,False,False,FP1,48.4,26.7,17.0
0 days 00:18:21.044000,VER,3,,1.0,1.0,0 days 00:16:17.315000,,,0 days 00:00:40.556000,0 days 00:00:54.255000,,0 days 00:17:26.915000,0 days 00:18:21.093000,180.0,189.0,207.0,197.0,False,MEDIUM,1.0,True,Red Bull Racing,0 days 00:16:17.315000,2026-09-11 11:31:20.133,1,,,,False,False,FP1,48.4,26.7,17.0
0 days 00:20:00.301000,VER,3,0 days 00:01:39.257000,2.0,1.0,,,0 days 00:00:30.854000,0 days 00:00:35.558000,0 days 00:00:32.845000,0 days 00:18:51.898000,0 days 00:19:27.456000,0 days 00:20:00.301000,202.0,253.0,231.0,265.0,True,MEDIUM,2.0,True,Red Bull Racing,0 days 00:18:21.044000,2026-09-11 11:33:23.862,1,,,,False,True,FP1,48.4,26.7,17.0
0 days 00:21:38.371000,VER,3,0 days 00:01:38.070000,3.0,1.0,,,0 days 00:00:30.437000,0 days 00:00:34.734000,0 days 00:00:32.899000,0 days 00:20:30.738000,0 days 00:21:05.472000,0 days 00:21:38.371000,220.0,252.0,229.0,286.0,True,MEDIUM,3.0,True,Red Bull Racing,0 days 00:20:00.301000,2026-09-11 11:35:03.119,1,,,,False,True,FP1,48.4,26.7,17.0
0 days 00:24:21.655000,VER,3,,4.0,1.0,,,0 days 00:00:59.841000,0 days 00:01:00.499000,0 days 00:00:42.876000,0 days 00:22:38.373000,0 days 00:23:38.862000,0 days 00:24:21.750000,78.0,148.0,229.0,146.0,False,MEDIUM,4.0,True,Red Bull Racing,0 days 00:21:38.371000,2026-09-11 11:36:41.189,1,,,,False,False,FP1,48.4,26.7,17.0
0 days 00:25:58.338000,VER,3,0 days 00:01:36.683000,5.0,1.0,,,0 days 00:00:29.614000,0 days 00:00:34.466000,0 days 00:00:32.603000,0 days 00:24:51.269000,0 days 00:25:25.735000,0 days 00:25:58.338000,232.0,251.0,216.0,295.0,True,MEDIUM,5.0,True,Red Bull Racing,0 days 00:24:21.655000,2026-09-11 11:39:24.473,1,,,,False,True,FP1,48.4,26.7,17.0
0 days 00:28:37.477000,VER,3,,6.0,1.0,,,0 days 00:00:58.080000,0 days 00:00:59.948000,0 days 00:00:41.237000,0 days 00:26:56.522000,0 days 00:27:56.537000,0 days 00:28:37.657000,133.0,146.0,231.0,164.0,False,MEDIUM,6.0,True,Red Bull Racing,0 days 00:25:58.338000,2026-09-11 11:41:01.156,1,,,,False,False,FP1,48.6,26.7,17.0
0 days 00:30:13.371000,VER,3,0 days 00:01:35.894000,7.0,1.0,,,0 days 00:00:29.737000,0 days 00:00:33.905000,0 days 00:00:32.252000,0 days 00:29:07.214000,0 days 00:29:41.119000,0 days 00:30:13.371000,234.0,257.0,212.0,292.0,True,MEDIUM,7.0,True,Red Bull Racing,0 days 00:28:37.477000,2026-09-11 11:43:40.295,1,,,,False,True,FP1,48.6,26.7,17.0
0 days 00:32:14.682000,VER,3,0 days 00:02:01.311000,8.0,1.0,,0 days 00:32:13.709000,0 days 00:00:37.102000,0 days 00:00:42.777000,0 days 00:00:41.432000,0 days 00:30:50.473000,0 days 00:31:33.250000,0 days 00:32:14.682000,120.0,211.0,,248.0,False,MEDIUM,8.0,True,Red Bull Racing,0 days 00:30:13.371000,2026-09-11 11:45:16.189,1,,,,False,False,FP1,48.6,26.7,17.0
0 days 00:42:18.008000,VER,3,,9.0,2.0,0 days 00:40:33.376000,,,0 days 00:00:39.507000,0 days 00:00:38.468000,,0 days 00:41:39.778000,0 days 00:42:18.090000,203.0,210.0,218.0,199.0,False,MEDIUM,9.0,False,Red Bull Racing,0 days 00:32:14.682000,2026-09-11 11:47:17.500,1,,,,False,False,FP1,48.6,26.7,17.0
0 days 00:43:57.891000,VER,3,0 days 00:01:39.883000,10.0,2.0,,,0 days 00:00:30.699000,0 days 00:00:35.838000,0 days 00:00:33.346000,0 days 00:42:48.707000,0 days 00:43:24.545000,0 days 00:43:57.891000,216.0,245.0,218.0,274.0,False,MEDIUM,10.0,False,Red Bull Racing,0 days 00:42:18.008000,2026-09-11 11:57:20.826,1,,,,False,True,FP1,48.6,26.7,17.0
0 days 00:45:39.551000,VER,3,0 days 00:01:41.660000,11.0,2.0,,,0 days 00:00:31.060000,0 days 00:00:37.084000,0 days 00:00:33.516000,0 days 00:44:28.951000,0 days 00:45:06.035000,0 days 00:45:39.551000,219.0,245.0,223.0,280.0,False,MEDIUM,11.0,False,Red Bull Racing,0 days 00:43:57.891000,2026-09-11 11:59:00.709,1,,,,False,True,FP1,48.6,26.7,17.0
0 days 00:47:20.389000,VER,3,0 days 00:01:40.838000,12.0,2.0,,,0 days 00:00:30.781000,0 days 00:00:36.332000,0 days 00:00:33.725000,0 days 00:46:10.332000,0 days 00:46:46.664000,0 days 00:47:20.389000,217.0,245.0,220.0,283.0,False,MEDIUM,12.0,False,Red Bull Racing,0 days 00:45:39.551000,2026-09-11 12:00:42.369,1,,,,False,True,FP1,48.6,26.7,17.0
0 days 00:49:01.652000,VER,3,0 days 00:01:41.263000,13.0,2.0,,,0 days 00:00:31.487000,0 days 00:00:36.192000,0 days 00:00:33.584000,0 days 00:47:51.876000,0 days 00:48:28.068000,0 days 00:49:01.652000,213.0,246.0,220.0,279.0,False,MEDIUM,13.0,False,Red Bull Racing,0 days 00:47:20.389000,2026-09-11 12:02:23.207,1,,,,False,True,FP1,48.6,26.7,17.0
0 days 00:50:44.141000,VER,3,0 days 00:01:42.489000,14.0,2.0,,,0 days 00:00:31.354000,0 days 00:00:36.239000,0 days 00:00:34.896000,0 days 00:49:33.006000,0 days 00:50:09.245000,0 days 00:50:44.141000,213.0,254.0,214.0,281.0,False,MEDIUM,14.0,False,Red Bull Racing,0 days 00:49:01.652000,2026-09-11 12:04:04.470,1,,,,False,True,FP1,48.6,26.7,17.0
0 days 00:52:40.064000,VER,3,0 days 00:01:55.923000,15.0,2.0,,0 days 00:52:39.014000,0 days 00:00:35.067000,0 days 00:00:42.324000,0 days 00:00:38.532000,0 days 00:51:19.208000,0 days 00:52:01.532000,0 days 00:52:40.064000,174.0,220.0,,203.0,False,MEDIUM,15.0,False,Red Bull Racing,0 days 00:50:44.141000,2026-09-11 12:05:46.959,1,,,,False,False,FP1,48.6,26.7,17.0
0 days 01:01:11.926000,VER,3,,16.0,3.0,0 days 00:59:22.308000,,,0 days 00:00:46.163000,0 days 00:00:35.103000,,0 days 01:00:36.981000,0 days 01:01:11.953000,185.0,235.0,231.0,182.0,False,SOFT,1.0,True,Red Bull Racing,0 days 00:52:40.064000,2026-09-11 12:07:42.882,1,,,,False,False,FP1,48.6,26.7,17.0
0 days 01:02:46.629000,VER,3,0 days 00:01:34.703000,17.0,3.0,,,0 days 00:00:29.358000,0 days 00:00:33.853000,0 days 00:00:31.492000,0 days 01:01:41.284000,0 days 01:02:15.137000,0 days 01:02:46.629000,234.0,253.0,218.0,297.0,True,SOFT,2.0,True,Red Bull Racing,0 days 01:01:11.926000,2026-09-11 12:16:14.744,1,,,,False,True,FP1,48.6,26.7,17.0
0 days 01:05:21.804000,VER,3,,18.0,3.0,,0 days 01:05:20.765000,0 days 00:00:55.754000,0 days 00:00:54.871000,0 days 00:00:44.592000,0 days 01:03:42.514000,0 days 01:04:37.397000,0 days 01:05:21.804000,125.0,134.0,,152.0,False,SOFT,3.0,True,Red Bull Racing,0 days 01:02:46.629000,2026-09-11 12:17:49.447,1,,,,False,False,FP1,48.6,26.7,17.0
0 days 01:07:53.129000,VER,3,,19.0,4.0,0 days 01:05:54.620000,,0 days 00:01:02.085000,0 days 00:00:44.491000,0 days 00:00:44.626000,0 days 01:06:24.021000,0 days 01:07:08.592000,0 days 01:07:53.129000,166.0,221.0,229.0,187.0,False,SOFT,4.0,False,Red Bull Racing,0 days 01:05:21.804000,2026-09-11 12:20:24.622,1,,,,False,False,FP1,48.5,26.6,16.6
0 days 01:09:40.867000,VER,3,0 days 00:01:47.738000,20.0,4.0,,,0 days 00:00:29.495000,0 days 00:00:34.036000,0 days 00:00:44.207000,0 days 01:08:22.624000,0 days 01:08:56.660000,0 days 01:09:40.867000,232.0,252.0,136.0,296.0,False,SOFT,5.0,False,Red Bull Racing,0 days 01:07:53.129000,2026-09-11 12:22:55.947,1,,,,False,True,FP1,48.5,26.6,16.6
0 days 01:12:13.771000,VER,3,,21.0,4.0,,,0 days 00:00:51.012000,0 days 00:00:53.797000,0 days 00:00:48.193000,0 days 01:10:31.977000,0 days 01:11:25.788000,0 days 01:12:13.771000,142.0,138.0,139.0,162.0,False,SOFT,6.0,False,Red Bull Racing,0 days 01:09:40.867000,2026-09-11 12:24:43.685,12,,,,False,False,FP1,48.5,26.6,16.6
0 days 01:14:37.960000,VER,3,0 days 00:02:24.189000,22.0,4.0,,,0 days 00:00:46.271000,0 days 00:00:54.143000,0 days 00:00:43.775000,0 days 01:13:00.042000,0 days 01:13:54.185000,0 days 01:14:37.960000,153.0,78.0,226.0,156.0,False,SOFT,7.0,False,Red Bull Racing,0 days 01:12:13.771000,2026-09-11 12:27:16.589,1,,,,False,True,FP1,48.5,26.6,16.6
0 days 01:16:27.845000,VER,3,0 days 00:01:49.885000,23.0,4.0,,,0 days 00:00:29.549000,0 days 00:00:40.653000,0 days 00:00:39.683000,0 days 01:15:07.509000,0 days 01:15:48.162000,0 days 01:16:27.845000,235.0,170.0,181.0,286.0,False,SOFT,8.0,False,Red Bull Racing,0 days 01:14:37.960000,2026-09-11 12:29:40.778,1,,,,False,True,FP1,48.5,26.6,16.6
0 days 01:18:38.721000,VER,3,0 days 00:02:10.876000,24.0,4.0,,,0 days 00:00:40.801000,0 days 00:00:43.876000,0 days 00:00:46.199000,0 days 01:17:08.646000,0 days 01:17:52.522000,0 days 01:18:38.721000,158.0,160.0,45.0,175.0,False,SOFT,9.0,False,Red Bull Racing,0 days 01:16:27.845000,2026-09-11 12:31:30.663,1,,,,False,True,FP1,48.5,26.6,16.6
0 days 01:21:04.317000,VER,3,0 days 00:02:25.596000,25.0,4.0,,0 days 01:21:03.270000,0 days 00:01:07.386000,0 days 00:00:41.647000,0 days 00:00:36.563000,0 days 01:19:46.107000,0 days 01:20:27.754000,0 days 01:21:04.317000,176.0,191.0,,193.0,False,SOFT,10.0,False,Red Bull Racing,0 days 01:18:38.721000,2026-09-11 12:33:41.539,12,,,,False,False,FP1,48.5,26.6,16.6
0 days 00:18:15.063000,BOR,5,,1.0,1.0,0 days 00:16:00.764000,,,0 days 00:00:42.480000,0 days 00:00:48.641000,,0 days 00:17:26.683000,0 days 00:18:15.139000,145.0,190.0,224.0,126.0,False,HARD,1.0,True,Audi,0 days 00:16:00.764000,2026-09-11 11:31:03.582,1,,,,False,False,FP1,48.5,26.6,16.6
0 days 00:19:55.758000,BOR,5,0 days 00:01:40.695000,2.0,1.0,,,0 days 00:00:30.688000,0 days 00:00:36.476000,0 days 00:00:33.531000,0 days 00:18:45.751000,0 days 00:19:22.227000,0 days 00:19:55.758000,192.0,230.0,226.0,277.0,True,HARD,2.0,True,Audi,0 days 00:18:15.063000,2026-09-11 11:33:17.881,1,,,,False,True,FP1,48.5,26.6,16.6
0 days 00:21:34.800000,BOR,5,0 days 00:01:39.042000,3.0,1.0,,,0 days 00:00:30.278000,0 days 00:00:35.615000,0 days 00:00:33.149000,0 days 00:20:26.036000,0 days 00:21:01.651000,0 days 00:21:34.800000,214.0,245.0,225.0,290.0,True,HARD,3.0,True,Audi,0 days 00:19:55.758000,2026-09-11 11:34:58.576,1,,,,False,True,FP1,48.5,26.6,16.8
0 days 00:23:13.828000,BOR,5,0 days 00:01:39.028000,4.0,1.0,,,0 days 00:00:30.235000,0 days 00:00:35.511000,0 days 00:00:33.282000,0 days 00:22:05.035000,0 days 00:22:40.546000,0 days 00:23:13.828000,220.0,250.0,224.0,295.0,True,HARD,4.0,True,Audi,0 days 00:21:34.800000,2026-09-11 11:36:37.618,1,,,,False,True,FP1,48.5,26.6,16.8
0 days 00:25:55.523000,BOR,5,,5.0,1.0,,,0 days 00:00:54.681000,0 days 00:01:05.108000,0 days 00:00:41.747000,0 days 00:24:08.745000,0 days 00:25:13.884000,0 days 00:25:55.553000,87.0,153.0,213.0,144.0,False,HARD,5.0,True,Audi,0 days 00:23:13.828000,2026-09-11 11:38:16.646,1,,,,False,False,FP1,48.5,26.6,16.8
0 days 00:27:40.080000,BOR,5,0 days 00:01:44.557000,6.0,1.0,,0 days 00:27:38.996000,0 days 00:00:29.958000,0 days 00:00:35.408000,0 days 00:00:39.191000,0 days 00:26:25.481000,0 days 00:27:00.889000,0 days 00:27:40.080000,206.0,226.0,,304.0,False,HARD,6.0,True,Audi,0 days 00:25:55.523000,2026-09-11 11:40:58.341,1,,,,False,False,FP1,48.5,26.6,16.8
0 days 00:30:11.495000,BOR,5,,7.0,2.0,0 days 00:28:13.028000,,0 days 00:01:06.237000,0 days 00:00:45.502000,0 days 00:00:39.829000,0 days 00:28:46.306000,0 days 00:29:31.935000,0 days 00:30:11.623000,165.0,176.0,217.0,185.0,False,HARD,7.0,False,Audi,0 days 00:27:40.080000,2026-09-11 11:42:42.898,1,,,,False,False,FP1,48.5,26.6,16.8
0 days 00:31:49.160000,BOR,5,0 days 00:01:37.665000,8.0,2.0,,,0 days 00:00:29.702000,0 days 00:00:35.186000,0 days 00:00:32.777000,0 days 00:30:41.197000,0 days 00:31:16.383000,0 days 00:31:49.160000,214.0,245.0,205.0,306.0,True,HARD,8.0,False,Audi,0 days 00:30:11.495000,2026-09-11 11:45:14.313,1,,,,False,True,FP1,48.5,26.6,16.8
0 days 00:34:08.489000,BOR,5,0 days 00:02:19.329000,9.0,2.0,,,0 days 00:00:48.509000,0 days 00:00:50.382000,0 days 00:00:40.438000,0 days 00:32:37.669000,0 days 00:33:28.051000,0 days 00:34:08.489000,131.0,166.0,219.0,105.0,False,HARD,9.0,False,Audi,0 days 00:31:49.160000,2026-09-11 11:46:51.978,1,,,,False,True,FP1,48.5,26.6,16.8
0 days 00:35:45.109000,BOR,5,0 days 00:01:36.620000,10.0,2.0,,,0 days 00:00:29.535000,0 days 00:00:34.641000,0 days 00:00:32.444000,0 days 00:34:38.024000,0 days 00:35:12.665000,0 days 00:35:45.109000,223.0,250.0,215.0,309.0,True,HARD,10.0,False,Audi,0 days 00:34:08.489000,2026-09-11 11:49:11.307,1,,,,False,True,FP1,48.5,26.6,16.8
0 days 00:38:16.757000,BOR,5,,11.0,2.0,,,0 days 00:00:48.671000,0 days 00:00:56.729000,0 days 00:00:46.174000,0 days 00:36:34.173000,0 days 00:37:30.788000,0 days 00:38:16.890000,136.0,140.0,218.0,146.0,False,HARD,11.0,False,Audi,0 days 00:35:45.109000,2026-09-11 11:50:47.927,1,,,,False,False,FP1,48.5,26.6,16.8
0 days 00:39:53.056000,BOR,5,0 days 00:01:36.299000,12.0,2.0,,,0 days 00:00:29.605000,0 days 00:00:34.444000,0 days 00:00:32.250000,0 days 00:38:46.362000,0 days 00:39:20.806000,0 days 00:39:53.056000,223.0,254.0,215.0,299.0,True,HARD,12.0,False,Audi,0 days 00:38:16.757000,2026-09-11 11:53:19.575,1,,,,False,True,FP1,48.5,26.6,16.8
0 days 00:42:26.283000,BOR,5,,13.0,2.0,,,0 days 00:00:53.107000,0 days 00:00:55.004000,0 days 00:00:45.135000,0 days 00:40:46.494000,0 days 00:41:41.404000,0 days 00:42:26.399000,126.0,182.0,218.0,173.0,False,HARD,13.0,False,Audi,0 days 00:39:53.056000,2026-09-11 11:54:55.874,1,,,,False,False,FP1,48.5,26.6,16.8
0 days 00:44:02.422000,BOR,5,0 days 00:01:36.139000,14.0,2.0,,,0 days 00:00:29.421000,0 days 00:00:34.655000,0 days 00:00:32.063000,0 days 00:42:55.704000,0 days 00:43:30.359000,0 days 00:44:02.422000,230.0,251.0,212.0,310.0,True,HARD,14.0,False,Audi,0 days 00:42:26.283000,2026-09-11 11:57:29.101,1,,,,False,True,FP1,48.5,26.6,16.8
0 days 00:46:17.838000,BOR,5,0 days 00:02:15.416000,15.0,2.0,,,0 days 00:00:48.627000,0 days 00:00:48.624000,0 days 00:00:38.165000,0 days 00:44:51.049000,0 days 00:45:39.673000,0 days 00:46:17.838000,164.0,192.0,219.0,152.0,False,HARD,15.0,False,Audi,0 days 00:44:02.422000,2026-09-11 11:59:05.240,1,,,,False,True,FP1,48.5,26.6,16.8
0 days 00:47:59.043000,BOR,5,0 days 00:01:41.205000,16.0,2.0,,0 days 00:47:58.058000,0 days 00:00:29.362000,0 days 00:00:34.551000,0 days 00:00:37.292000,0 days 00:46:47.200000,0 days 00:47:21.751000,0 days 00:47:59.043000,227.0,251.0,,311.0,False,HARD,16.0,False,Audi,0 days 00:46:17.838000,2026-09-11 12:01:20.656,1,,,,False,False,FP1,48.9,26.7,17.3
0 days 00:58:09.660000,BOR,5,,17.0,3.0,0 days 00:56:22.882000,,,0 days 00:00:39.244000,0 days 00:00:35.543000,,0 days 00:57:34.342000,0 days 00:58:09.756000,141.0,217.0,220.0,187.0,False,SOFT,1.0,True,Audi,0 days 00:47:59.043000,2026-09-11 12:03:01.861,1,,,,False,False,FP1,48.9,26.7,17.3
0 days 00:59:45.312000,BOR,5,0 days 00:01:35.652000,18.0,3.0,,,0 days 00:00:29.145000,0 days 00:00:34.304000,0 days 00:00:32.203000,0 days 00:58:38.805000,0 days 00:59:13.109000,0 days 00:59:45.312000,231.0,254.0,216.0,310.0,True,SOFT,2.0,True,Audi,0 days 00:58:09.660000,2026-09-11 12:13:12.478,1,,,,False,True,FP1,48.9,26.7,17.3
0 days 01:02:13.883000,BOR,5,0 days 00:02:28.571000,19.0,3.0,,0 days 01:02:12.816000,0 days 00:00:49.997000,0 days 00:00:53.210000,0 days 00:00:45.364000,0 days 01:00:35.309000,0 days 01:01:28.519000,0 days 01:02:13.883000,142.0,167.0,,127.0,False,SOFT,3.0,True,Audi,0 days 00:59:45.312000,2026-09-11 12:14:48.130,1,,,,False,False,FP1,48.9,26.7,17.3
0 days 01:04:55.283000,BOR,5,,20.0,4.0,0 days 01:03:01.151000,,0 days 00:01:16.003000,0 days 00:00:46.155000,0 days 00:00:39.211000,0 days 01:03:30.109000,0 days 01:04:16.320000,0 days 01:04:55.283000,174.0,191.0,218.0,211.0,False,SOFT,4.0,False,Audi,0 days 01:02:13.883000,2026-09-11 12:17:16.701,1,,,,False,False,FP1,48.9,26.7,17.3
0 days 01:06:31.307000,BOR,5,0 days 00:01:36.024000,21.0,4.0,,,0 days 00:00:29.290000,0 days 00:00:34.446000,0 days 00:00:32.288000,0 days 01:05:24.573000,0 days 01:05:59.019000,0 days 01:06:31.307000,229.0,251.0,221.0,309.0,False,SOFT,5.0,False,Audi,0 days 01:04:55.283000,2026-09-11 12:19:58.101,1,,,,False,True,FP1,48.9,26.7,17.3
0 days 01:09:04.824000,BOR,5,,22.0,4.0,,0 days 01:09:03.673000,0 days 00:00:51.534000,0 days 00:00:56.272000,0 days 00:00:45.664000,0 days 01:07:23.044000,0 days 01:08:19.301000,0 days 01:09:04.903000,116.0,185.0,,138.0,False,SOFT,6.0,False,Audi,0 days 01:06:31.307000,2026-09-11 12:21:34.125,1,,,,False,False,FP1,48.9,26.7,17.3
0 days 01:11:27.506000,BOR,5,0 days 00:02:22.682000,23.0,5.0,0 days 01:09:29.445000,,0 days 00:00:59.292000,0 days 00:00:43.584000,0 days 00:00:39.806000,0 days 01:10:04.116000,0 days 01:10:47.700000,0 days 01:11:27.506000,163.0,208.0,218.0,163.0,False,SOFT,7.0,False,Audi,0 days 01:09:04.824000,2026-09-11 12:24:07.642,1,,,,False,False,FP1,48.9,26.7,17.3
0 days 01:13:06.003000,BOR,5,0 days 00:01:38.497000,24.0,5.0,,,0 days 00:00:29.421000,0 days 00:00:35.871000,0 days 00:00:33.205000,0 days 01:11:56.927000,0 days 01:12:32.798000,0 days 01:13:06.003000,228.0,248.0,203.0,312.0,False,SOFT,8.0,False,Audi,0 days 01:11:27.506000,2026-09-11 12:26:30.324,12,,,,False,True,FP1,48.9,26.7,17.3
0 days 01:15:04.282000,BOR,5,0 days 00:01:58.279000,25.0,5.0,,,0 days 00:00:34.068000,0 days 00:00:44.624000,0 days 00:00:39.587000,0 days 01:13:40.071000,0 days 01:14:24.695000,0 days 01:15:04.282000,206.0,163.0,220.0,272.0,False,SOFT,9.0,False,Audi,0 days 01:13:06.003000,2026-09-11 12:28:08.821,1,,,,False,True,FP1,48.9,26.7,17.3
0 days 01:17:23.731000,BOR,5,0 days 00:02:19.449000,26.0,5.0,,,0 days 00:00:36.338000,0 days 00:00:51.669000,0 days 00:00:51.442000,0 days 01:15:40.620000,0 days 01:16:32.289000,0 days 01:17:23.731000,164.0,167.0,45.0,191.0,False,SOFT,10.0,False,Audi,0 days 01:15:04.282000,2026-09-11 12:30:07.100,1,,,,False,True,FP1,49.0,26.8,17.1
0 days 01:19:44.232000,BOR,5,0 days 00:02:20.501000,27.0,5.0,,0 days 01:19:43.219000,0 days 00:01:02.279000,0 days 00:00:40.881000,0 days 00:00:37.341000,0 days 01:18:26.010000,0 days 01:19:06.891000,0 days 01:19:44.232000,197.0,167.0,,282.0,False,SOFT,11.0,False,Audi,0 days 01:17:23.731000,2026-09-11 12:32:26.549,1,,,,False,False,FP1,49.0,26.8,17.1
0 days 00:18:22.966000,GAS,10,,1.0,1.0,0 days 00:16:06.059000,0 days 00:18:21.762000,,0 days 00:00:45.284000,0 days 00:00:52.548000,,0 days 00:17:30.545000,0 days 00:18:22.966000,156.0,198.0,,174.0,False,MEDIUM,1.0,True,Alpine,0 days 00:16:06.059000,2026-09-11 11:31:08.877,1,,,,False,False,FP1,49.0,26.8,17.1
0 days 00:31:33.585000,GAS,10,,2.0,2.0,0 days 00:29:39.353000,,,0 days 00:00:39.659000,0 days 00:00:43.636000,,0 days 00:30:50.274000,0 days 00:31:33.796000,172.0,198.0,176.0,214.0,False,MEDIUM,1.0,False,Alpine,0 days 00:18:22.966000,2026-09-11 11:33:25.784,1,,,,False,False,FP1,49.0,26.8,17.1
0 days 00:33:18.482000,GAS,10,0 days 00:01:44.897000,3.0,2.0,,,0 days 00:00:33.687000,0 days 00:00:36.656000,0 days 00:00:34.554000,0 days 00:32:07.272000,0 days 00:32:43.928000,0 days 00:33:18.482000,191.0,222.0,226.0,258.0,True,MEDIUM,2.0,False,Alpine,0 days 00:31:33.585000,2026-09-11 11:46:36.403,1,,,,False,True,FP1,49.0,26.8,17.1
0 days 00:34:58.930000,GAS,10,0 days 00:01:40.448000,4.0,2.0,,,0 days 00:00:31.446000,0 days 00:00:35.906000,0 days 00:00:33.096000,0 days 00:33:49.928000,0 days 00:34:25.834000,0 days 00:34:58.930000,203.0,227.0,218.0,258.0,True,MEDIUM,3.0,False,Alpine,0 days 00:33:18.482000,2026-09-11 11:48:21.300,1,,,,False,True,FP1,49.0,26.8,17.1
0 days 00:37:29.471000,GAS,10,,5.0,2.0,,,0 days 00:00:43.074000,0 days 00:01:01.984000,0 days 00:00:45.393000,0 days 00:35:42.322000,0 days 00:36:44.335000,0 days 00:37:29.602000,127.0,114.0,196.0,185.0,False,MEDIUM,4.0,False,Alpine,0 days 00:34:58.930000,2026-09-11 11:50:01.748,1,,,,False,False,FP1,49.0,26.9,17.0
0 days 00:39:33.419000,GAS,10,0 days 00:02:03.948000,6.0,2.0,,,0 days 00:00:35.916000,0 days 00:00:50.006000,0 days 00:00:38.026000,0 days 00:38:05.387000,0 days 00:38:55.393000,0 days 00:39:33.419000,170.0,172.0,210.0,181.0,False,MEDIUM,5.0,False,Alpine,0 days 00:37:29.471000,2026-09-11 11:52:32.289,1,,,,False,True,FP1,49.0,26.9,17.0
0 days 00:41:11.460000,GAS,10,0 days 00:01:38.041000,7.0,2.0,,,0 days 00:00:30.148000,0 days 00:00:34.751000,0 days 00:00:33.142000,0 days 00:40:03.567000,0 days 00:40:38.318000,0 days 00:41:11.460000,213.0,248.0,209.0,289.0,True,MEDIUM,6.0,False,Alpine,0 days 00:39:33.419000,2026-09-11 11:54:36.237,1,,,,False,True,FP1,49.0,26.9,17.0
0 days 00:43:25.417000,GAS,10,0 days 00:02:13.957000,8.0,2.0,,,0 days 00:00:44.002000,0 days 00:00:49.696000,0 days 00:00:40.259000,0 days 00:41:55.462000,0 days 00:42:45.158000,0 days 00:43:25.417000,146.0,141.0,209.0,175.0,False,MEDIUM,7.0,False,Alpine,0 days 00:41:11.460000,2026-09-11 11:56:14.278,1,,,,False,True,FP1,49.0,26.9,17.0
0 days 00:45:03.504000,GAS,10,0 days 00:01:38.087000,9.0,2.0,,,0 days 00:00:30.174000,0 days 00:00:34.659000,0 days 00:00:33.254000,0 days 00:43:55.591000,0 days 00:44:30.250000,0 days 00:45:03.504000,219.0,257.0,194.0,287.0,False,MEDIUM,8.0,False,Alpine,0 days 00:43:25.417000,2026-09-11 11:58:28.235,1,,,,False,True,FP1,49.0,26.9,17.0
0 days 00:47:20.167000,GAS,10,0 days 00:02:16.663000,10.0,2.0,,0 days 00:47:19.221000,0 days 00:00:47.432000,0 days 00:00:46.204000,0 days 00:00:43.027000,0 days 00:45:50.936000,0 days 00:46:37.140000,0 days 00:47:20.167000,126.0,188.0,,146.0,False,MEDIUM,9.0,False,Alpine,0 days 00:45:03.504000,2026-09-11 12:00:06.322,1,,,,False,False,FP1,49.0,26.9,17.0
0 days 00:56:01.469000,GAS,10,,11.0,3.0,0 days 00:54:07.728000,,,0 days 00:00:43.085000,0 days 00:00:36.674000,,0 days 00:55:24.870000,0 days 00:56:01.522000,175.0,204.0,228.0,211.0,False,MEDIUM,11.0,False,Alpine,0 days 00:47:20.167000,2026-09-11 12:02:22.985,1,,,,False,False,FP1,49.0,26.9,17.0
0 days 00:57:38.676000,GAS,10,0 days 00:01:37.207000,12.0,3.0,,,0 days 00:00:29.834000,0 days 00:00:34.633000,0 days 00:00:32.740000,0 days 00:56:31.303000,0 days 00:57:05.936000,0 days 00:57:38.676000,222.0,254.0,207.0,278.0,True,MEDIUM,12.0,False,Alpine,0 days 00:56:01.469000,2026-09-11 12:11:04.287,1,,,,False,True,FP1,49.0,26.9,17.0
0 days 00:59:50.544000,GAS,10,0 days 00:02:11.868000,13.0,3.0,,0 days 00:59:49.500000,0 days 00:00:38.096000,0 days 00:00:47.058000,0 days 00:00:46.714000,0 days 00:58:16.772000,0 days 00:59:03.830000,0 days 00:59:50.544000,161.0,186.0,,194.0,False,MEDIUM,13.0,False,Alpine,0 days 00:57:38.676000,2026-09-11 12:12:41.494,1,,,,False,False,FP1,49.0,26.9,17.0
0 days 01:02:22.524000,GAS,10,,14.0,4.0,0 days 01:00:24.249000,,0 days 00:01:05.011000,0 days 00:00:46.966000,0 days 00:00:40.080000,0 days 01:00:55.653000,0 days 01:01:42.718000,0 days 01:02:22.677000,172.0,212.0,227.0,214.0,False,SOFT,1.0,True,Alpine,0 days 00:59:50.544000,2026-09-11 12:14:53.362,1,,,,False,False,FP1,49.0,26.9,17.0
0 days 01:03:58.768000,GAS,10,0 days 00:01:36.244000,15.0,4.0,,,0 days 00:00:29.707000,0 days 00:00:34.181000,0 days 00:00:32.356000,0 days 01:02:52.231000,0 days 01:03:26.412000,0 days 01:03:58.768000,227.0,263.0,195.0,280.0,True,SOFT,2.0,True,Alpine,0 days 01:02:22.524000,2026-09-11 12:17:25.342,1,,,,False,True,FP1,49.0,26.9,17.0
0 days 01:06:21.176000,GAS,10,0 days 00:02:22.408000,16.0,4.0,,,0 days 00:00:45.257000,0 days 00:00:54.521000,0 days 00:00:42.630000,0 days 01:04:44.025000,0 days 01:05:38.546000,0 days 01:06:21.176000,139.0,154.0,163.0,181.0,False,SOFT,3.0,True,Alpine,0 days 01:03:58.768000,2026-09-11 12:19:01.586,1,,,,False,True,FP1,49.2,26.8,17.2
0 days 01:08:26.323000,GAS,10,0 days 00:02:05.147000,17.0,4.0,,,0 days 00:00:40.626000,0 days 00:00:46.531000,0 days 00:00:37.990000,0 days 01:07:01.802000,0 days 01:07:48.333000,0 days 01:08:26.323000,165.0,197.0,229.0,196.0,False,SOFT,4.0,True,Alpine,0 days 01:06:21.176000,2026-09-11 12:21:23.994,1,,,,False,True,FP1,49.2,26.8,17.2
0 days 01:10:02.598000,GAS,10,0 days 00:01:36.275000,18.0,4.0,,,0 days 00:00:29.647000,0 days 00:00:34.568000,0 days 00:00:32.060000,0 days 01:08:55.970000,0 days 01:09:30.538000,0 days 01:10:02.598000,225.0,264.0,211.0,288.0,False,SOFT,5.0,True,Alpine,0 days 01:08:26.323000,2026-09-11 12:23:29.141,1,,,,False,True,FP1,49.2,26.8,17.2
0 days 01:12:19.356000,GAS,10,0 days 00:02:16.758000,19.0,4.0,,,0 days 00:00:41.089000,0 days 00:00:48.231000,0 days 00:00:47.438000,0 days 01:10:43.687000,0 days 01:11:31.918000,0 days 01:12:19.356000,171.0,212.0,156.0,176.0,False,SOFT,6.0,True,Alpine,0 days 01:10:02.598000,2026-09-11 12:25:05.416,12,,,,False,True,FP1,49.2,26.8,17.2
0 days 01:14:24.825000,GAS,10,0 days 00:02:05.469000,20.0,4.0,,,0 days 00:00:39.638000,0 days 00:00:47.858000,0 days 00:00:37.973000,0 days 01:12:58.994000,0 days 01:13:46.852000,0 days 01:14:24.825000,158.0,206.0,231.0,217.0,False,SOFT,7.0,True,Alpine,0 days 01:12:19.356000,2026-09-11 12:27:22.174,1,,,,False,True,FP1,49.2,26.8,17.2
0 days 01:16:00.582000,GAS,10,0 days 00:01:35.757000,21.0,4.0,,,0 days 00:00:29.467000,0 days 00:00:34.217000,0 days 00:00:32.073000,0 days 01:14:54.292000,0 days 01:15:28.509000,0 days 01:16:00.582000,223.0,268.0,204.0,291.0,False,SOFT,8.0,True,Alpine,0 days 01:14:24.825000,2026-09-11 12:29:27.643,1,,,,False,True,FP1,49.2,26.8,17.2
0 days 01:18:29.470000,GAS,10,0 days 00:02:28.888000,22.0,4.0,,,0 days 00:00:45.646000,0 days 00:00:53.930000,0 days 00:00:49.312000,0 days 01:16:46.228000,0 days 01:17:40.158000,0 days 01:18:29.470000,132.0,142.0,66.0,156.0,False,SOFT,9.0,True,Alpine,0 days 01:16:00.582000,2026-09-11 12:31:03.400,1,,,,False,True,FP1,49.2,26.8,17.2
0 days 01:20:45.495000,GAS,10,0 days 00:02:16.025000,23.0,4.0,,0 days 01:20:44.416000,0 days 00:00:56.982000,0 days 00:00:39.405000,0 days 00:00:39.638000,0 days 01:19:26.452000,0 days 01:20:05.857000,0 days 01:20:45.495000,175.0,203.0,,274.0,False,SOFT,10.0,True,Alpine,0 days 01:18:29.470000,2026-09-11 12:33:32.288,1,,,,False,False,FP1,49.2,26.8,17.2
0 days 00:17:41.871000,PER,11,,1.0,1.0,0 days 00:15:37.526000,0 days 00:17:40.865000,,0 days 00:00:48.865000,0 days 00:00:44.885000,,0 days 00:16:57.172000,0 days 00:17:41.982000,169.0,205.0,,172.0,False,MEDIUM,1.0,True,Cadillac,0 days 00:15:37.526000,2026-09-11 11:30:40.344,1,,,,False,False,FP1,49.2,26.8,17.2
0 days 00:20:09.765000,PER,11,0 days 00:02:27.894000,2.0,2.0,0 days 00:18:23.222000,,0 days 00:01:09.545000,0 days 00:00:41.015000,0 days 00:00:37.334000,0 days 00:18:51.416000,0 days 00:19:32.431000,0 days 00:20:09.765000,195.0,214.0,220.0,186.0,False,MEDIUM,1.0,False,Cadillac,0 days 00:17:41.871000,2026-09-11 11:32:44.689,1,,,,False,False,FP1,49.2,26.6,16.8
0 days 00:21:52.990000,PER,11,0 days 00:01:43.225000,3.0,2.0,,,0 days 00:00:31.566000,0 days 00:00:37.518000,0 days 00:00:34.141000,0 days 00:20:41.331000,0 days 00:21:18.849000,0 days 00:21:52.990000,197.0,234.0,222.0,253.0,True,MEDIUM,2.0,False,Cadillac,0 days 00:20:09.765000,2026-09-11 11:35:12.583,1,,,,False,True,FP1,49.2,26.6,16.8
0 days 00:23:35.635000,PER,11,0 days 00:01:42.645000,4.0,2.0,,,0 days 00:00:31.062000,0 days 00:00:37.130000,0 days 00:00:34.453000,0 days 00:22:24.052000,0 days 00:23:01.182000,0 days 00:23:35.635000,202.0,241.0,223.0,276.0,True,MEDIUM,3.0,False,Cadillac,0 days 00:21:52.990000,2026-09-11 11:36:55.808,1,,,,False,True,FP1,49.2,26.6,16.8
0 days 00:26:09.387000,PER,11,,5.0,2.0,,,0 days 00:00:46.731000,0 days 00:00:53.460000,0 days 00:00:53.492000,0 days 00:24:22.672000,0 days 00:25:16.071000,0 days 00:26:09.477000,123.0,163.0,208.0,159.0,False,MEDIUM,4.0,False,Cadillac,0 days 00:23:35.635000,2026-09-11 11:38:38.453,1,,,,False,False,FP1,49.2,26.6,16.8
0 days 00:27:50.242000,PER,11,0 days 00:01:40.855000,6.0,2.0,,,0 days 00:00:30.931000,0 days 00:00:36.165000,0 days 00:00:33.759000,0 days 00:26:40.318000,0 days 00:27:16.483000,0 days 00:27:50.242000,207.0,244.0,205.0,276.0,True,MEDIUM,5.0,False,Cadillac,0 days 00:26:09.387000,2026-09-11 11:41:12.205,1,,,,False,True,FP1,49.2,26.6,16.8
0 days 00:30:21.083000,PER,11,,7.0,2.0,,0 days 00:30:19.913000,0 days 00:00:53.436000,0 days 00:00:49.642000,0 days 00:00:47.670000,0 days 00:28:43.771000,0 days 00:29:33.464000,0 days 00:30:21.389000,168.0,163.0,,120.0,False,MEDIUM,6.0,False,Cadillac,0 days 00:27:50.242000,2026-09-11 11:42:53.060,1,,,,False,False,FP1,49.2,26.6,16.8
0 days 00:33:08.692000,PER,11,,8.0,3.0,0 days 00:31:09.615000,,0 days 00:01:17.443000,0 days 00:00:44.830000,0 days 00:00:45.530000,0 days 00:31:38.611000,0 days 00:32:23.334000,0 days 00:33:08.769000,174.0,195.0,221.0,212.0,False,MEDIUM,7.0,False,Cadillac,0 days 00:30:21.083000,2026-09-11 11:45:23.901,1,,,,False,False,FP1,48.6,26.5,16.9
0 days 00:34:48.362000,PER,11,0 days 00:01:39.670000,9.0,3.0,,,0 days 00:00:30.440000,0 days 00:00:35.796000,0 days 00:00:33.434000,0 days 00:33:39.132000,0 days 00:34:14.928000,0 days 00:34:48.362000,216.0,244.0,208.0,290.0,True,MEDIUM,8.0,False,Cadillac,0 days 00:33:08.692000,2026-09-11 11:48:11.510,1,,,,False,True,FP1,48.6,26.5,16.9
0 days 00:37:17.844000,PER,11,0 days 00:02:29.482000,10.0,3.0,,,0 days 00:00:50.408000,0 days 00:00:53.640000,0 days 00:00:45.434000,0 days 00:35:38.770000,0 days 00:36:32.410000,0 days 00:37:17.844000,99.0,163.0,222.0,151.0,False,MEDIUM,9.0,False,Cadillac,0 days 00:34:48.362000,2026-09-11 11:49:51.180,1,,,,False,True,FP1,48.6,26.5,16.9
0 days 00:38:56.844000,PER,11,0 days 00:01:39,11.0,3.0,,,0 days 00:00:30.338000,0 days 00:00:35.643000,0 days 00:00:33.019000,0 days 00:37:48.182000,0 days 00:38:23.825000,0 days 00:38:56.844000,220.0,246.0,214.0,286.0,True,MEDIUM,10.0,False,Cadillac,0 days 00:37:17.844000,2026-09-11 11:52:20.662,1,,,,False,True,FP1,48.6,26.5,16.9
0 days 00:41:36.537000,PER,11,,12.0,3.0,,,0 days 00:00:50.847000,0 days 00:01:02.315000,0 days 00:00:46.374000,0 days 00:39:48.003000,0 days 00:40:50.258000,0 days 00:41:36.551000,129.0,189.0,226.0,128.0,False,MEDIUM,11.0,False,Cadillac,0 days 00:38:56.844000,2026-09-11 11:53:59.662,1,,,,False,False,FP1,48.6,26.5,16.9
0 days 00:43:15.628000,PER,11,0 days 00:01:39.091000,13.0,3.0,,,0 days 00:00:30.164000,0 days 00:00:35.719000,0 days 00:00:33.208000,0 days 00:42:06.701000,0 days 00:42:42.420000,0 days 00:43:15.628000,215.0,249.0,211.0,288.0,False,MEDIUM,12.0,False,Cadillac,0 days 00:41:36.537000,2026-09-11 11:56:39.355,1,,,,False,True,FP1,48.6,26.5,16.9
0 days 00:45:23.293000,PER,11,0 days 00:02:07.665000,14.0,3.0,,0 days 00:45:22.125000,0 days 00:00:41.800000,0 days 00:00:47.587000,0 days 00:00:38.278000,0 days 00:43:57.428000,0 days 00:44:45.015000,0 days 00:45:23.293000,160.0,224.0,,226.0,False,MEDIUM,13.0,False,Cadillac,0 days 00:43:15.628000,2026-09-11 11:58:18.446,1,,,,False,False,FP1,48.6,26.5,16.9
0 days 00:55:33.048000,PER,11,,15.0,4.0,0 days 00:53:44.732000,,,0 days 00:00:40.032000,0 days 00:00:39.747000,,0 days 00:54:53.494000,0 days 00:55:33.058000,175.0,187.0,223.0,197.0,False,SOFT,1.0,True,Cadillac,0 days 00:45:23.293000,2026-09-11 12:00:26.111,1,,,,False,False,FP1,48.6,26.5,16.9
0 days 00:57:11.613000,PER,11,0 days 00:01:38.565000,16.0,4.0,,,0 days 00:00:30.223000,0 days 00:00:35.382000,0 days 00:00:32.960000,0 days 00:56:03.271000,0 days 00:56:38.653000,0 days 00:57:11.613000,227.0,249.0,201.0,282.0,True,SOFT,2.0,True,Cadillac,0 days 00:55:33.048000,2026-09-11 12:10:35.866,1,,,,False,True,FP1,48.6,26.5,16.9
0 days 00:59:28.436000,PER,11,0 days 00:02:16.823000,17.0,4.0,,0 days 00:59:27.399000,0 days 00:00:47.479000,0 days 00:00:48.786000,0 days 00:00:40.558000,0 days 00:57:59.092000,0 days 00:58:47.878000,0 days 00:59:28.436000,157.0,209.0,,157.0,False,SOFT,3.0,True,Cadillac,0 days 00:57:11.613000,2026-09-11 12:12:14.431,1,,,,False,False,FP1,48.6,26.5,16.9
0 days 01:02:15.651000,PER,11,,18.0,5.0,0 days 01:00:04.186000,,0 days 00:01:08.145000,0 days 00:00:53.163000,0 days 00:00:45.991000,0 days 01:00:36.724000,0 days 01:01:29.944000,0 days 01:02:15.791000,129.0,179.0,223.0,168.0,False,SOFT,4.0,False,Cadillac,0 days 00:59:28.436000,2026-09-11 12:14:31.254,1,,,,False,False,FP1,48.6,26.5,16.9
0 days 01:03:53.801000,PER,11,0 days 00:01:38.150000,19.0,5.0,,,0 days 00:00:30.209000,0 days 00:00:35.023000,0 days 00:00:32.918000,0 days 01:02:45.860000,0 days 01:03:20.883000,0 days 01:03:53.801000,224.0,250.0,208.0,283.0,True,SOFT,5.0,False,Cadillac,0 days 01:02:15.651000,2026-09-11 12:17:18.469,1,,,,False,True,FP1,49.4,26.6,16.8
0 days 01:06:34.820000,PER,11,,20.0,5.0,,,0 days 00:00:53.055000,0 days 00:01:00.050000,0 days 00:00:47.729000,0 days 01:04:47.128000,0 days 01:05:47.230000,0 days 01:06:34.820000,97.0,160.0,142.0,117.0,False,SOFT,6.0,False,Cadillac,0 days 01:03:53.801000,2026-09-11 12:18:56.619,1,,,,False,False,FP1,49.4,26.6,16.8
0 days 01:09:06.703000,PER,11,,21.0,5.0,,,0 days 00:00:48.900000,0 days 00:00:58.589000,0 days 00:00:44.467000,0 days 01:07:23.826000,0 days 01:08:22.411000,0 days 01:09:06.730000,130.0,130.0,225.0,171.0,False,SOFT,7.0,False,Cadillac,0 days 01:06:34.820000,2026-09-11 12:21:37.638,1,,,,False,False,FP1,49.4,26.6,16.8
0 days 01:10:59.677000,PER,11,0 days 00:01:52.974000,22.0,5.0,,,0 days 00:00:30.070000,0 days 00:00:35.009000,0 days 00:00:47.895000,0 days 01:09:36.773000,0 days 01:10:11.782000,0 days 01:10:59.677000,218.0,251.0,137.0,298.0,False,SOFT,8.0,False,Cadillac,0 days 01:09:06.703000,2026-09-11 12:24:09.521,1,,,,False,True,FP1,49.4,26.6,16.8
0 days 01:13:27.505000,PER,11,0 days 00:02:27.828000,23.0,5.0,,,0 days 00:00:48.550000,0 days 00:00:55.518000,0 days 00:00:43.760000,0 days 01:11:48.227000,0 days 01:12:43.745000,0 days 01:13:27.505000,140.0,180.0,225.0,167.0,False,SOFT,9.0,False,Cadillac,0 days 01:10:59.677000,2026-09-11 12:26:02.495,12,,,,False,True,FP1,49.4,26.6,16.8
0 days 01:15:05.833000,PER,11,0 days 00:01:38.328000,24.0,5.0,,,0 days 00:00:30.021000,0 days 00:00:35.052000,0 days 00:00:33.255000,0 days 01:13:57.526000,0 days 01:14:32.578000,0 days 01:15:05.833000,221.0,248.0,209.0,296.0,False,SOFT,10.0,False,Cadillac,0 days 01:13:27.505000,2026-09-11 12:28:30.323,1,,,,False,True,FP1,49.4,26.6,16.8
0 days 01:17:29.181000,PER,11,0 days 00:02:23.348000,25.0,5.0,,,0 days 00:00:45.558000,0 days 00:00:51.100000,0 days 00:00:46.690000,0 days 01:15:51.391000,0 days 01:16:42.491000,0 days 01:17:29.181000,143.0,173.0,41.0,131.0,False,SOFT,11.0,False,Cadillac,0 days 01:15:05.833000,2026-09-11 12:30:08.651,1,,,,False,True,FP1,49.4,26.6,16.8
0 days 01:19:59.921000,PER,11,,26.0,5.0,,0 days 01:19:58.812000,0 days 00:01:05.608000,0 days 00:00:42.331000,0 days 00:00:42.738000,0 days 01:18:34.939000,0 days 01:19:17.256000,0 days 01:19:59.921000,146.0,220.0,,221.0,False,SOFT,12.0,False,Cadillac,0 days 01:17:29.181000,2026-09-11 12:32:31.999,1,,,,False,False,FP1,49.4,26.6,16.8
0 days 00:18:01.014000,ANT,12,,1.0,1.0,0 days 00:15:51.414000,,,0 days 00:00:43.923000,0 days 00:00:46.022000,,0 days 00:17:15.237000,0 days 00:18:01.097000,193.0,209.0,198.0,196.0,False,MEDIUM,1.0,True,Mercedes,0 days 00:15:51.414000,2026-09-11 11:30:54.232,1,,,,False,False,FP1,49.4,26.6,16.8
0 days 00:19:58.321000,ANT,12,0 days 00:01:57.307000,2.0,1.0,,,0 days 00:00:31.282000,0 days 00:00:43.439000,0 days 00:00:42.586000,0 days 00:18:32.296000,0 days 00:19:15.735000,0 days 00:19:58.321000,187.0,207.0,193.0,277.0,True,MEDIUM,2.0,True,Mercedes,0 days 00:18:01.014000,2026-09-11 11:33:03.832,1,,,,False,True,FP1,49.4,26.6,16.8
0 days 00:21:35.615000,ANT,12,0 days 00:01:37.294000,3.0,1.0,,,0 days 00:00:30.511000,0 days 00:00:34.392000,0 days 00:00:32.391000,0 days 00:20:28.832000,0 days 00:21:03.224000,0 days 00:21:35.615000,225.0,253.0,210.0,290.0,True,MEDIUM,3.0,True,Mercedes,0 days 00:19:58.321000,2026-09-11 11:35:01.139,1,,,,False,True,FP1,49.4,26.6,17.0
0 days 00:24:06.901000,ANT,12,,4.0,1.0,,,0 days 00:00:49.469000,0 days 00:00:55.343000,0 days 00:00:46.512000,0 days 00:22:25.292000,0 days 00:23:21.399000,0 days 00:24:07.046000,116.0,175.0,211.0,128.0,False,MEDIUM,4.0,True,Mercedes,0 days 00:21:35.615000,2026-09-11 11:36:38.433,1,,,,False,False,FP1,49.4,26.6,17.0
0 days 00:26:14.107000,ANT,12,0 days 00:02:07.206000,5.0,1.0,,,0 days 00:00:33.725000,0 days 00:00:42.876000,0 days 00:00:50.605000,0 days 00:24:40.626000,0 days 00:25:23.502000,0 days 00:26:14.107000,172.0,208.0,191.0,191.0,False,MEDIUM,5.0,True,Mercedes,0 days 00:24:06.901000,2026-09-11 11:39:09.719,1,,,,False,True,FP1,49.4,26.6,17.0
0 days 00:28:10.718000,ANT,12,0 days 00:01:56.611000,6.0,1.0,,,0 days 00:00:35.893000,0 days 00:00:42.121000,0 days 00:00:38.597000,0 days 00:26:50,0 days 00:27:32.121000,0 days 00:28:10.718000,163.0,226.0,218.0,240.0,False,MEDIUM,6.0,True,Mercedes,0 days 00:26:14.107000,2026-09-11 11:41:16.925,1,,,,False,True,FP1,49.4,26.6,17.0
0 days 00:29:47.561000,ANT,12,0 days 00:01:36.843000,7.0,1.0,,,0 days 00:00:29.799000,0 days 00:00:35.372000,0 days 00:00:31.672000,0 days 00:28:40.517000,0 days 00:29:15.889000,0 days 00:29:47.561000,228.0,253.0,213.0,283.0,True,MEDIUM,7.0,True,Mercedes,0 days 00:28:10.718000,2026-09-11 11:43:13.536,1,,,,False,True,FP1,49.4,26.6,17.0
0 days 00:32:09.711000,ANT,12,0 days 00:02:22.150000,8.0,1.0,,,0 days 00:00:46.447000,0 days 00:00:50.113000,0 days 00:00:45.590000,0 days 00:30:34.008000,0 days 00:31:24.121000,0 days 00:32:09.711000,166.0,214.0,192.0,120.0,False,MEDIUM,8.0,True,Mercedes,0 days 00:29:47.561000,2026-09-11 11:44:50.379,1,,,,False,True,FP1,49.4,26.6,17.0
0 days 00:34:13.254000,ANT,12,0 days 00:02:03.543000,9.0,1.0,,,0 days 00:00:35.211000,0 days 00:00:46.774000,0 days 00:00:41.558000,0 days 00:32:44.922000,0 days 00:33:31.696000,0 days 00:34:13.254000,164.0,179.0,215.0,203.0,False,MEDIUM,9.0,True,Mercedes,0 days 00:32:09.711000,2026-09-11 11:47:12.529,1,,,,False,True,FP1,49.4,26.6,17.0
0 days 00:35:48.402000,ANT,12,0 days 00:01:35.148000,10.0,1.0,,,0 days 00:00:29.707000,0 days 00:00:33.902000,0 days 00:00:31.539000,0 days 00:34:42.961000,0 days 00:35:16.863000,0 days 00:35:48.402000,228.0,257.0,213.0,287.0,True,MEDIUM,10.0,True,Mercedes,0 days 00:34:13.254000,2026-09-11 11:49:16.072,1,,,,False,True,FP1,49.4,26.6,17.0
0 days 00:38:05.331000,ANT,12,0 days 00:02:16.929000,11.0,1.0,,0 days 00:38:04.438000,0 days 00:00:40.332000,0 days 00:00:51.234000,0 days 00:00:45.363000,0 days 00:36:28.734000,0 days 00:37:19.968000,0 days 00:38:05.331000,150.0,168.0,,182.0,False,MEDIUM,11.0,True,Mercedes,0 days 00:35:48.402000,2026-09-11 11:50:51.220,1,,,,False,False,FP1,49.4,26.6,17.0
0 days 00:44:24.464000,ANT,12,,12.0,2.0,0 days 00:42:39.102000,,,0 days 00:00:39.926000,0 days 00:00:34.288000,,0 days 00:43:50.380000,0 days 00:44:24.639000,144.0,238.0,216.0,183.0,False,SOFT,1.0,True,Mercedes,0 days 00:38:05.331000,2026-09-11 11:53:08.149,1,,,,False,False,FP1,49.4,26.6,17.0
0 days 00:45:59.329000,ANT,12,0 days 00:01:34.865000,13.0,2.0,,,0 days 00:00:29.601000,0 days 00:00:33.713000,0 days 00:00:31.551000,0 days 00:44:54.065000,0 days 00:45:27.778000,0 days 00:45:59.329000,228.0,259.0,216.0,289.0,True,SOFT,2.0,True,Mercedes,0 days 00:44:24.464000,2026-09-11 11:59:27.282,1,,,,False,True,FP1,49.6,26.9,16.8
0 days 00:48:24.325000,ANT,12,0 days 00:02:24.996000,14.0,2.0,,0 days 00:48:23.367000,0 days 00:00:46.719000,0 days 00:00:52.435000,0 days 00:00:45.842000,0 days 00:46:46.048000,0 days 00:47:38.483000,0 days 00:48:24.325000,107.0,182.0,,232.0,False,SOFT,3.0,True,Mercedes,0 days 00:45:59.329000,2026-09-11 12:01:02.147,1,,,,False,False,FP1,49.6,26.9,16.8
0 days 00:51:15.246000,ANT,12,,15.0,3.0,0 days 00:49:21.395000,,0 days 00:01:30.500000,0 days 00:00:44.416000,0 days 00:00:35.929000,0 days 00:49:54.952000,0 days 00:50:39.485000,0 days 00:51:15.249000,155.0,225.0,219.0,159.0,False,SOFT,4.0,False,Mercedes,0 days 00:48:24.325000,2026-09-11 12:03:27.143,1,,,,False,False,FP1,49.6,26.9,16.8
0 days 00:52:49.929000,ANT,12,0 days 00:01:34.683000,16.0,3.0,,,0 days 00:00:29.549000,0 days 00:00:33.661000,0 days 00:00:31.473000,0 days 00:51:44.795000,0 days 00:52:18.456000,0 days 00:52:49.929000,229.0,260.0,215.0,285.0,True,SOFT,5.0,False,Mercedes,0 days 00:51:15.246000,2026-09-11 12:06:18.064,1,,,,False,True,FP1,49.6,26.9,16.8
0 days 00:55:08.936000,ANT,12,0 days 00:02:19.007000,17.0,3.0,,0 days 00:55:07.913000,0 days 00:00:38.619000,0 days 00:00:54.714000,0 days 00:00:45.674000,0 days 00:53:28.548000,0 days 00:54:23.262000,0 days 00:55:08.936000,149.0,163.0,,183.0,False,SOFT,6.0,False,Mercedes,0 days 00:52:49.929000,2026-09-11 12:07:52.747,1,,,,False,False,FP1,49.6,26.9,16.8
0 days 00:58:37.942000,ANT,12,,18.0,4.0,0 days 00:56:32.257000,,,0 days 00:00:45.242000,0 days 00:00:45.602000,,0 days 00:57:52.570000,0 days 00:58:37.995000,86.0,219.0,190.0,209.0,False,SOFT,7.0,False,Mercedes,0 days 00:55:08.936000,2026-09-11 12:10:11.754,1,,,,False,False,FP1,49.6,26.9,16.8
0 days 01:00:44.388000,ANT,12,0 days 00:02:06.446000,19.0,4.0,,,0 days 00:00:40.275000,0 days 00:00:43.835000,0 days 00:00:42.336000,0 days 00:59:18.217000,0 days 01:00:02.052000,0 days 01:00:44.388000,157.0,201.0,217.0,194.0,False,SOFT,8.0,False,Mercedes,0 days 00:58:37.942000,2026-09-11 12:13:40.760,1,,,,False,True,FP1,49.6,26.9,16.8
0 days 01:02:50.638000,ANT,12,0 days 00:02:06.250000,20.0,4.0,,,0 days 00:00:35.690000,0 days 00:00:47.266000,0 days 00:00:43.294000,0 days 01:01:20.078000,0 days 01:02:07.344000,0 days 01:02:50.638000,171.0,200.0,212.0,166.0,False,SOFT,9.0,False,Mercedes,0 days 01:00:44.388000,2026-09-11 12:15:47.206,1,,,,False,True,FP1,49.5,27.0,16.7
0 days 01:04:25.001000,ANT,12,0 days 00:01:34.363000,21.0,4.0,,,0 days 00:00:29.397000,0 days 00:00:33.725000,0 days 00:00:31.241000,0 days 01:03:20.035000,0 days 01:03:53.760000,0 days 01:04:25.001000,229.0,261.0,221.0,291.0,True,SOFT,10.0,False,Mercedes,0 days 01:02:50.638000,2026-09-11 12:17:53.456,1,,,,False,True,FP1,49.5,27.0,16.7
0 days 01:06:39.671000,ANT,12,0 days 00:02:14.670000,22.0,4.0,,0 days 01:06:38.640000,0 days 00:00:42.393000,0 days 00:00:49.304000,0 days 00:00:42.973000,0 days 01:05:07.394000,0 days 01:05:56.698000,0 days 01:06:39.671000,158.0,202.0,,168.0,False,SOFT,11.0,False,Mercedes,0 days 01:04:25.001000,2026-09-11 12:19:27.819,1,,,,False,False,FP1,49.5,27.0,16.7
0 days 01:13:03.262000,ANT,12,,23.0,5.0,0 days 01:11:28.397000,,,0 days 00:00:36.780000,0 days 00:00:32.788000,,0 days 01:12:30.582000,0 days 01:13:03.314000,188.0,250.0,222.0,250.0,False,MEDIUM,12.0,False,Mercedes,0 days 01:06:39.671000,2026-09-11 12:21:42.489,12,,,,False,False,FP1,49.5,27.0,16.7
0 days 01:14:43.100000,ANT,12,0 days 00:01:39.838000,24.0,5.0,,,0 days 00:00:30.844000,0 days 00:00:35.991000,0 days 00:00:33.003000,0 days 01:13:34.106000,0 days 01:14:10.097000,0 days 01:14:43.100000,205.0,249.0,210.0,288.0,False,MEDIUM,13.0,False,Mercedes,0 days 01:13:03.262000,2026-09-11 12:28:06.080,1,,,,False,True,FP1,49.5,27.0,16.7
0 days 01:16:22.581000,ANT,12,0 days 00:01:39.481000,25.0,5.0,,,0 days 00:00:30.743000,0 days 00:00:35.655000,0 days 00:00:33.083000,0 days 01:15:13.843000,0 days 01:15:49.498000,0 days 01:16:22.581000,218.0,249.0,210.0,288.0,False,MEDIUM,14.0,False,Mercedes,0 days 01:14:43.100000,2026-09-11 12:29:45.918,1,,,,False,True,FP1,49.5,27.0,16.7
0 days 01:18:46.597000,ANT,12,0 days 00:02:24.016000,26.0,5.0,,,0 days 00:00:35.565000,0 days 00:00:53.025000,0 days 00:00:55.426000,0 days 01:16:58.146000,0 days 01:17:51.171000,0 days 01:18:46.597000,137.0,147.0,71.0,190.0,False,MEDIUM,15.0,False,Mercedes,0 days 01:16:22.581000,2026-09-11 12:31:25.399,1,,,,False,True,FP1,49.5,27.0,16.7
0 days 01:21:35.091000,ANT,12,,27.0,5.0,,0 days 01:21:34.018000,0 days 00:01:16.200000,0 days 00:00:48.645000,0 days 00:00:43.639000,0 days 01:20:02.952000,0 days 01:20:51.619000,0 days 01:21:35.091000,210.0,143.0,,229.0,False,MEDIUM,16.0,False,Mercedes,0 days 01:18:46.597000,2026-09-11 12:33:49.415,12,,,,False,False,FP1,49.5,27.0,16.7
0 days 00:17:11.127000,ALO,14,,1.0,1.0,0 days 00:15:18.750000,,,0 days 00:00:39.118000,0 days 00:00:42.938000,,0 days 00:16:28.404000,0 days 00:17:11.268000,183.0,215.0,217.0,245.0,False,MEDIUM,1.0,True,Aston Martin,0 days 00:15:18.750000,2026-09-11 11:30:21.568,1,,,,False,False,FP1,49.5,27.0,16.7
0 days 00:18:53.789000,ALO,14,0 days 00:01:42.662000,2.0,1.0,,,0 days 00:00:32.021000,0 days 00:00:36.191000,0 days 00:00:34.450000,0 days 00:17:43.148000,0 days 00:18:19.339000,0 days 00:18:53.789000,204.0,246.0,221.0,247.0,True,MEDIUM,2.0,True,Aston Martin,0 days 00:17:11.127000,2026-09-11 11:32:13.945,1,,,,False,True,FP1,49.5,27.0,16.7
0 days 00:20:42.917000,ALO,14,0 days 00:01:49.128000,3.0,1.0,,,0 days 00:00:34.453000,0 days 00:00:38.381000,0 days 00:00:36.294000,0 days 00:19:28.242000,0 days 00:20:06.623000,0 days 00:20:42.917000,193.0,235.0,223.0,229.0,False,MEDIUM,3.0,True,Aston Martin,0 days 00:18:53.789000,2026-09-11 11:33:56.607,1,,,,False,True,FP1,49.5,27.0,16.7
0 days 00:22:23.074000,ALO,14,0 days 00:01:40.157000,4.0,1.0,,,0 days 00:00:30.960000,0 days 00:00:35.803000,0 days 00:00:33.394000,0 days 00:21:13.877000,0 days 00:21:49.680000,0 days 00:22:23.074000,214.0,242.0,222.0,276.0,True,MEDIUM,4.0,True,Aston Martin,0 days 00:20:42.917000,2026-09-11 11:35:45.735,1,,,,False,True,FP1,49.4,26.9,16.5
0 days 00:24:04.184000,ALO,14,0 days 00:01:41.110000,5.0,1.0,,,0 days 00:00:31.311000,0 days 00:00:35.950000,0 days 00:00:33.849000,0 days 00:22:54.385000,0 days 00:23:30.335000,0 days 00:24:04.184000,207.0,242.0,212.0,254.0,False,MEDIUM,5.0,True,Aston Martin,0 days 00:22:23.074000,2026-09-11 11:37:25.892,1,,,,False,True,FP1,49.4,26.9,16.5
0 days 00:26:04.192000,ALO,14,0 days 00:02:00.008000,6.0,1.0,,,0 days 00:00:32.788000,0 days 00:00:43.393000,0 days 00:00:43.827000,0 days 00:24:36.972000,0 days 00:25:20.365000,0 days 00:26:04.192000,196.0,181.0,201.0,257.0,False,MEDIUM,6.0,True,Aston Martin,0 days 00:24:04.184000,2026-09-11 11:39:07.002,1,,,,False,True,FP1,49.4,26.9,16.5
0 days 00:27:43.567000,ALO,14,0 days 00:01:39.375000,7.0,1.0,,,0 days 00:00:30.958000,0 days 00:00:35.237000,0 days 00:00:33.180000,0 days 00:26:35.150000,0 days 00:27:10.387000,0 days 00:27:43.567000,220.0,244.0,191.0,278.0,True,MEDIUM,7.0,True,Aston Martin,0 days 00:26:04.192000,2026-09-11 11:41:07.010,1,,,,False,True,FP1,49.4,26.9,16.5
0 days 00:29:52.506000,ALO,14,0 days 00:02:08.939000,8.0,1.0,,,0 days 00:00:38.884000,0 days 00:00:46.309000,0 days 00:00:43.746000,0 days 00:28:22.451000,0 days 00:29:08.760000,0 days 00:29:52.506000,180.0,161.0,205.0,191.0,False,MEDIUM,8.0,True,Aston Martin,0 days 00:27:43.567000,2026-09-11 11:42:46.385,1,,,,False,True,FP1,49.4,26.9,16.5
0 days 00:31:31.272000,ALO,14,0 days 00:01:38.766000,9.0,1.0,,,0 days 00:00:30.644000,0 days 00:00:35.089000,0 days 00:00:33.033000,0 days 00:30:23.150000,0 days 00:30:58.239000,0 days 00:31:31.272000,223.0,248.0,190.0,278.0,True,MEDIUM,9.0,True,Aston Martin,0 days 00:29:52.506000,2026-09-11 11:44:55.324,1,,,,False,True,FP1,49.4,26.9,16.5
0 days 00:33:40.781000,ALO,14,0 days 00:02:09.509000,10.0,1.0,,0 days 00:33:39.876000,0 days 00:00:41.795000,0 days 00:00:43.476000,0 days 00:00:44.238000,0 days 00:32:13.067000,0 days 00:32:56.543000,0 days 00:33:40.781000,109.0,192.0,,236.0,False,MEDIUM,10.0,True,Aston Martin,0 days 00:31:31.272000,2026-09-11 11:46:34.090,1,,,,False,False,FP1,49.4,26.9,16.5
0 days 00:40:06.459000,ALO,14,,11.0,2.0,0 days 00:38:22.421000,,,0 days 00:00:41.397000,0 days 00:00:36.714000,,0 days 00:39:30.018000,0 days 00:40:06.702000,186.0,224.0,211.0,187.0,False,MEDIUM,11.0,False,Aston Martin,0 days 00:33:40.781000,2026-09-11 11:48:43.599,1,,,,False,False,FP1,49.4,26.9,16.5
0 days 00:41:44.469000,ALO,14,0 days 00:01:38.010000,12.0,2.0,,,0 days 00:00:30.609000,0 days 00:00:34.921000,0 days 00:00:32.480000,0 days 00:40:37.068000,0 days 00:41:11.989000,0 days 00:41:44.469000,223.0,250.0,208.0,277.0,True,MEDIUM,12.0,False,Aston Martin,0 days 00:40:06.459000,2026-09-11 11:55:09.277,1,,,,False,True,FP1,49.4,26.9,16.5
0 days 00:43:52.670000,ALO,14,0 days 00:02:08.201000,13.0,2.0,,,0 days 00:00:42.281000,0 days 00:00:45.051000,0 days 00:00:40.869000,0 days 00:42:26.750000,0 days 00:43:11.801000,0 days 00:43:52.670000,168.0,226.0,209.0,176.0,False,MEDIUM,13.0,False,Aston Martin,0 days 00:41:44.469000,2026-09-11 11:56:47.287,1,,,,False,True,FP1,49.4,26.9,16.5
0 days 00:45:48.649000,ALO,14,0 days 00:01:55.979000,14.0,2.0,,,0 days 00:00:30.638000,0 days 00:00:46.900000,0 days 00:00:38.441000,0 days 00:44:23.308000,0 days 00:45:10.208000,0 days 00:45:48.649000,223.0,211.0,207.0,279.0,False,MEDIUM,14.0,False,Aston Martin,0 days 00:43:52.670000,2026-09-11 11:58:55.488,1,,,,False,True,FP1,49.4,26.9,16.5
0 days 00:47:36.726000,ALO,14,0 days 00:01:48.077000,15.0,2.0,,0 days 00:47:35.736000,0 days 00:00:30.426000,0 days 00:00:35.313000,0 days 00:00:42.338000,0 days 00:46:19.075000,0 days 00:46:54.388000,0 days 00:47:36.726000,220.0,249.0,,280.0,False,MEDIUM,15.0,False,Aston Martin,0 days 00:45:48.649000,2026-09-11 12:00:51.467,1,,,,False,False,FP1,48.9,27.0,15.1
0 days 00:58:39.673000,ALO,14,,16.0,3.0,0 days 00:56:44.657000,,,0 days 00:00:43.617000,0 days 00:00:43.309000,,0 days 00:57:56.633000,0 days 00:58:39.827000,188.0,205.0,205.0,230.0,False,SOFT,1.0,True,Aston Martin,0 days 00:47:36.726000,2026-09-11 12:02:39.544,1,,,,False,False,FP1,48.9,27.0,15.1
0 days 01:00:39.203000,ALO,14,0 days 00:01:59.530000,17.0,3.0,,,0 days 00:00:35.753000,0 days 00:00:43.087000,0 days 00:00:40.690000,0 days 00:59:15.426000,0 days 00:59:58.513000,0 days 01:00:39.203000,182.0,202.0,207.0,252.0,False,SOFT,2.0,True,Aston Martin,0 days 00:58:39.673000,2026-09-11 12:13:42.491,1,,,,False,True,FP1,48.9,27.0,15.1
0 days 01:02:16.557000,ALO,14,0 days 00:01:37.354000,18.0,3.0,,,0 days 00:00:30.068000,0 days 00:00:34.978000,0 days 00:00:32.308000,0 days 01:01:09.271000,0 days 01:01:44.249000,0 days 01:02:16.557000,223.0,254.0,211.0,281.0,True,SOFT,3.0,True,Aston Martin,0 days 01:00:39.203000,2026-09-11 12:15:42.021,1,,,,False,True,FP1,48.9,27.0,15.1
0 days 01:04:35.395000,ALO,14,0 days 00:02:18.838000,19.0,3.0,,,0 days 00:00:47.076000,0 days 00:00:52.489000,0 days 00:00:39.273000,0 days 01:03:03.633000,0 days 01:03:56.122000,0 days 01:04:35.395000,151.0,165.0,211.0,147.0,False,SOFT,4.0,True,Aston Martin,0 days 01:02:16.557000,2026-09-11 12:17:19.375,1,,,,False,True,FP1,48.9,27.0,15.1
0 days 01:06:39.625000,ALO,14,0 days 00:02:04.230000,20.0,3.0,,,0 days 00:00:35.853000,0 days 00:00:50.333000,0 days 00:00:38.044000,0 days 01:05:11.248000,0 days 01:06:01.581000,0 days 01:06:39.625000,183.0,150.0,213.0,210.0,False,SOFT,5.0,True,Aston Martin,0 days 01:04:35.395000,2026-09-11 12:19:38.213,1,,,,False,True,FP1,48.9,27.0,15.1
0 days 01:08:16.098000,ALO,14,0 days 00:01:36.473000,21.0,3.0,,,0 days 00:00:30.058000,0 days 00:00:34.555000,0 days 00:00:31.860000,0 days 01:07:09.683000,0 days 01:07:44.238000,0 days 01:08:16.098000,223.0,250.0,211.0,278.0,True,SOFT,6.0,True,Aston Martin,0 days 01:06:39.625000,2026-09-11 12:21:42.443,1,,,,False,True,FP1,48.9,27.0,15.1
0 days 01:10:45.603000,ALO,14,0 days 00:02:29.505000,22.0,3.0,,,0 days 00:00:45.484000,0 days 00:00:55.490000,0 days 00:00:48.531000,0 days 01:09:01.582000,0 days 01:09:57.072000,0 days 01:10:45.603000,177.0,123.0,212.0,201.0,False,SOFT,7.0,True,Aston Martin,0 days 01:08:16.098000,2026-09-11 12:23:18.916,1,,,,False,True,FP1,48.9,27.0,15.1
0 days 01:12:55.014000,ALO,14,0 days 00:02:09.411000,23.0,3.0,,,0 days 00:00:30.168000,0 days 00:00:45.829000,0 days 00:00:53.414000,0 days 01:11:15.771000,0 days 01:12:01.600000,0 days 01:12:55.014000,222.0,126.0,209.0,278.0,False,SOFT,8.0,True,Aston Martin,0 days 01:10:45.603000,2026-09-11 12:25:48.421,12,,,,False,True,FP1,48.9,27.0,15.1
0 days 01:14:47.630000,ALO,14,0 days 00:01:52.616000,24.0,3.0,,,0 days 00:00:30.290000,0 days 00:00:35.660000,0 days 00:00:46.666000,0 days 01:13:25.304000,0 days 01:14:00.964000,0 days 01:14:47.630000,220.0,252.0,194.0,283.0,False,SOFT,9.0,True,Aston Martin,0 days 01:12:55.014000,2026-09-11 12:27:57.832,1,,,,False,True,FP1,48.9,27.0,15.1
0 days 01:16:46.882000,ALO,14,0 days 00:01:59.252000,25.0,3.0,,,0 days 00:00:30.412000,0 days 00:00:46.006000,0 days 00:00:42.834000,0 days 01:15:18.042000,0 days 01:16:04.048000,0 days 01:16:46.882000,220.0,102.0,141.0,281.0,False,SOFT,10.0,True,Aston Martin,0 days 01:14:47.630000,2026-09-11 12:29:50.448,1,,,,False,True,FP1,48.9,27.0,15.1
0 days 01:19:02.546000,ALO,14,0 days 00:02:15.664000,26.0,3.0,,,0 days 00:00:36.996000,0 days 00:00:47.593000,0 days 00:00:51.075000,0 days 01:17:23.878000,0 days 01:18:11.471000,0 days 01:19:02.546000,182.0,133.0,65.0,248.0,False,SOFT,11.0,True,Aston Martin,0 days 01:16:46.882000,2026-09-11 12:31:49.700,1,,,,False,True,FP1,47.9,26.9,15.8
0 days 00:17:54.416000,LEC,16,,1.0,1.0,0 days 00:15:48.374000,,,0 days 00:00:42.435000,0 days 00:00:43.598000,,0 days 00:17:10.987000,0 days 00:17:54.486000,177.0,185.0,208.0,188.0,False,MEDIUM,1.0,True,Ferrari,0 days 00:15:48.374000,2026-09-11 11:30:51.192,1,,,,False,False,FP1,47.9,26.9,15.8
0 days 00:19:36.419000,LEC,16,0 days 00:01:42.003000,2.0,1.0,,,0 days 00:00:31.381000,0 days 00:00:36.686000,0 days 00:00:33.936000,0 days 00:18:25.797000,0 days 00:19:02.483000,0 days 00:19:36.419000,203.0,237.0,225.0,276.0,True,MEDIUM,2.0,True,Ferrari,0 days 00:17:54.416000,2026-09-11 11:32:57.234,1,,,,False,True,FP1,47.9,26.9,15.8
0 days 00:21:14.923000,LEC,16,0 days 00:01:38.504000,3.0,1.0,,,0 days 00:00:30.083000,0 days 00:00:35.758000,0 days 00:00:32.663000,0 days 00:20:06.502000,0 days 00:20:42.260000,0 days 00:21:14.923000,205.0,242.0,224.0,295.0,True,MEDIUM,3.0,True,Ferrari,0 days 00:19:36.419000,2026-09-11 11:34:39.237,1,,,,False,True,FP1,47.9,26.9,15.8
0 days 00:23:28.819000,LEC,16,0 days 00:02:13.896000,4.0,1.0,,,0 days 00:00:32.361000,0 days 00:00:48.623000,0 days 00:00:52.912000,0 days 00:21:47.284000,0 days 00:22:35.907000,0 days 00:23:28.819000,141.0,163.0,218.0,297.0,False,MEDIUM,4.0,True,Ferrari,0 days 00:21:14.923000,2026-09-11 11:36:17.741,1,,,,False,True,FP1,47.9,26.9,15.8
0 days 00:25:05.544000,LEC,16,0 days 00:01:36.725000,5.0,1.0,,,0 days 00:00:30.057000,0 days 00:00:34.584000,0 days 00:00:32.084000,0 days 00:23:58.876000,0 days 00:24:33.460000,0 days 00:25:05.544000,212.0,253.0,209.0,293.0,True,MEDIUM,5.0,True,Ferrari,0 days 00:23:28.819000,2026-09-11 11:38:31.637,1,,,,False,True,FP1,47.9,26.9,15.8
0 days 00:27:20.518000,LEC,16,0 days 00:02:14.974000,6.0,1.0,,,0 days 00:00:42.271000,0 days 00:00:48.172000,0 days 00:00:44.531000,0 days 00:25:47.815000,0 days 00:26:35.987000,0 days 00:27:20.518000,149.0,144.0,221.0,144.0,False,MEDIUM,6.0,True,Ferrari,0 days 00:25:05.544000,2026-09-11 11:40:08.362,1,,,,False,True,FP1,47.9,26.9,15.8
0 days 00:28:56.186000,LEC,16,0 days 00:01:35.668000,7.0,1.0,,,0 days 00:00:29.608000,0 days 00:00:34.196000,0 days 00:00:31.864000,0 days 00:27:50.126000,0 days 00:28:24.322000,0 days 00:28:56.186000,215.0,251.0,212.0,293.0,True,MEDIUM,7.0,True,Ferrari,0 days 00:27:20.518000,2026-09-11 11:42:23.336,1,,,,False,True,FP1,47.9,26.9,15.8
0 days 00:31:17.203000,LEC,16,0 days 00:02:21.017000,8.0,1.0,,,0 days 00:00:47.578000,0 days 00:00:50.957000,0 days 00:00:42.482000,0 days 00:29:43.764000,0 days 00:30:34.721000,0 days 00:31:17.203000,155.0,152.0,225.0,153.0,False,MEDIUM,8.0,True,Ferrari,0 days 00:28:56.186000,2026-09-11 11:43:59.004,1,,,,False,True,FP1,47.9,26.9,15.8
0 days 00:32:53.203000,LEC,16,0 days 00:01:36,9.0,1.0,,,0 days 00:00:29.555000,0 days 00:00:34.464000,0 days 00:00:31.981000,0 days 00:31:46.758000,0 days 00:32:21.222000,0 days 00:32:53.203000,215.0,253.0,210.0,292.0,False,MEDIUM,9.0,True,Ferrari,0 days 00:31:17.203000,2026-09-11 11:46:20.021,1,,,,False,True,FP1,47.9,26.9,15.8
0 days 00:35:10.233000,LEC,16,0 days 00:02:17.030000,10.0,1.0,,,0 days 00:00:41.423000,0 days 00:00:48.984000,0 days 00:00:46.623000,0 days 00:33:34.626000,0 days 00:34:23.610000,0 days 00:35:10.233000,133.0,210.0,224.0,184.0,False,MEDIUM,10.0,True,Ferrari,0 days 00:32:53.203000,2026-09-11 11:47:56.021,1,,,,False,True,FP1,47.9,26.9,15.8
0 days 00:37:05.147000,LEC,16,0 days 00:01:54.914000,11.0,1.0,,,0 days 00:00:29.514000,0 days 00:00:43.643000,0 days 00:00:41.757000,0 days 00:35:39.747000,0 days 00:36:23.390000,0 days 00:37:05.147000,213.0,183.0,226.0,296.0,False,MEDIUM,11.0,True,Ferrari,0 days 00:35:10.233000,2026-09-11 11:50:13.051,1,,,,False,True,FP1,48.6,26.8,16.3
0 days 00:38:39.830000,LEC,16,0 days 00:01:34.683000,12.0,1.0,,,0 days 00:00:29.213000,0 days 00:00:33.730000,0 days 00:00:31.740000,0 days 00:37:34.360000,0 days 00:38:08.090000,0 days 00:38:39.830000,216.0,257.0,211.0,295.0,True,MEDIUM,12.0,True,Ferrari,0 days 00:37:05.147000,2026-09-11 11:52:07.965,1,,,,False,True,FP1,48.6,26.8,16.3
0 days 00:41:06.882000,LEC,16,0 days 00:02:27.052000,13.0,1.0,,,0 days 00:00:59.183000,0 days 00:00:42.919000,0 days 00:00:44.950000,0 days 00:39:39.013000,0 days 00:40:21.932000,0 days 00:41:06.882000,151.0,179.0,224.0,119.0,False,MEDIUM,13.0,True,Ferrari,0 days 00:38:39.830000,2026-09-11 11:53:42.648,1,,,,False,True,FP1,48.6,26.8,16.3
0 days 00:42:57.530000,LEC,16,0 days 00:01:50.648000,14.0,1.0,,0 days 00:42:56.591000,0 days 00:00:29.493000,0 days 00:00:35.269000,0 days 00:00:45.886000,0 days 00:41:36.375000,0 days 00:42:11.644000,0 days 00:42:57.530000,215.0,117.0,,292.0,False,MEDIUM,14.0,True,Ferrari,0 days 00:41:06.882000,2026-09-11 11:56:09.700,1,,,,False,False,FP1,48.6,26.8,16.3
0 days 00:55:53.425000,LEC,16,,15.0,2.0,0 days 00:54:04.493000,,,0 days 00:00:40.623000,0 days 00:00:35.240000,,0 days 00:55:18.314000,0 days 00:55:53.536000,170.0,224.0,227.0,206.0,False,SOFT,1.0,True,Ferrari,0 days 00:42:57.530000,2026-09-11 11:58:00.348,1,,,,False,False,FP1,48.6,26.8,16.3
0 days 00:57:28.996000,LEC,16,0 days 00:01:35.571000,16.0,2.0,,,0 days 00:00:29.431000,0 days 00:00:34.216000,0 days 00:00:31.924000,0 days 00:56:22.856000,0 days 00:56:57.072000,0 days 00:57:28.996000,216.0,252.0,213.0,291.0,False,SOFT,2.0,True,Ferrari,0 days 00:55:53.425000,2026-09-11 12:10:56.243,1,,,,False,True,FP1,48.6,26.8,16.3
0 days 00:59:31.900000,LEC,16,0 days 00:02:02.904000,17.0,2.0,,,0 days 00:00:39.263000,0 days 00:00:44.793000,0 days 00:00:38.848000,0 days 00:58:08.259000,0 days 00:58:53.052000,0 days 00:59:31.900000,173.0,206.0,227.0,176.0,False,SOFT,3.0,True,Ferrari,0 days 00:57:28.996000,2026-09-11 12:12:31.814,1,,,,False,True,FP1,48.6,26.8,16.3
0 days 01:01:21.048000,LEC,16,0 days 00:01:49.148000,18.0,2.0,,0 days 01:01:20.116000,0 days 00:00:29.081000,0 days 00:00:33.868000,0 days 00:00:46.199000,0 days 01:00:00.981000,0 days 01:00:34.849000,0 days 01:01:21.048000,215.0,250.0,,295.0,False,SOFT,4.0,True,Ferrari,0 days 00:59:31.900000,2026-09-11 12:14:34.718,1,,,,False,False,FP1,48.6,26.8,16.3
0 days 01:03:51.656000,LEC,16,,19.0,3.0,0 days 01:02:11.690000,,0 days 00:01:16.183000,0 days 00:00:39.788000,0 days 00:00:34.682000,0 days 01:02:37.348000,0 days 01:03:17.125000,0 days 01:03:51.712000,195.0,211.0,226.0,202.0,False,SOFT,5.0,False,Ferrari,0 days 01:01:21.048000,2026-09-11 12:16:23.866,1,,,,False,False,FP1,48.6,26.8,16.3
0 days 01:05:26.805000,LEC,16,0 days 00:01:35.149000,20.0,3.0,,,0 days 00:00:29.306000,0 days 00:00:33.960000,0 days 00:00:31.883000,0 days 01:04:20.962000,0 days 01:04:54.922000,0 days 01:05:26.805000,217.0,252.0,212.0,293.0,False,SOFT,6.0,False,Ferrari,0 days 01:03:51.656000,2026-09-11 12:18:54.474,1,,,,False,True,FP1,48.6,26.8,16.3
0 days 01:07:37.593000,LEC,16,0 days 00:02:10.788000,21.0,3.0,,,0 days 00:00:40.110000,0 days 00:00:49.030000,0 days 00:00:41.648000,0 days 01:06:06.915000,0 days 01:06:55.945000,0 days 01:07:37.593000,166.0,139.0,228.0,175.0,False,SOFT,7.0,False,Ferrari,0 days 01:05:26.805000,2026-09-11 12:20:29.623,1,,,,False,True,FP1,48.9,26.9,15.5
0 days 01:09:41.415000,LEC,16,0 days 00:02:03.822000,22.0,3.0,,,0 days 00:00:29.256000,0 days 00:00:46.426000,0 days 00:00:48.140000,0 days 01:08:06.849000,0 days 01:08:53.275000,0 days 01:09:41.415000,218.0,213.0,173.0,296.0,False,SOFT,8.0,False,Ferrari,0 days 01:07:37.593000,2026-09-11 12:22:40.411,1,,,,False,True,FP1,48.9,26.9,15.5
0 days 01:11:50.712000,LEC,16,0 days 00:02:09.297000,23.0,3.0,,,0 days 00:00:35.307000,0 days 00:00:45.717000,0 days 00:00:48.273000,0 days 01:10:16.722000,0 days 01:11:02.439000,0 days 01:11:50.712000,174.0,181.0,229.0,223.0,False,SOFT,9.0,False,Ferrari,0 days 01:09:41.415000,2026-09-11 12:24:44.233,12,,,,False,True,FP1,48.9,26.9,15.5
0 days 01:13:25.248000,LEC,16,0 days 00:01:34.536000,24.0,3.0,,,0 days 00:00:29.136000,0 days 00:00:33.688000,0 days 00:00:31.712000,0 days 01:12:19.848000,0 days 01:12:53.536000,0 days 01:13:25.248000,217.0,253.0,220.0,295.0,True,SOFT,10.0,False,Ferrari,0 days 01:11:50.712000,2026-09-11 12:26:53.530,1,,,,False,True,FP1,48.9,26.9,15.5
0 days 01:15:23.578000,LEC,16,0 days 00:01:58.330000,25.0,3.0,,,0 days 00:00:42.235000,0 days 00:00:39.806000,0 days 00:00:36.289000,0 days 01:14:07.483000,0 days 01:14:47.289000,0 days 01:15:23.578000,197.0,166.0,227.0,125.0,False,SOFT,11.0,False,Ferrari,0 days 01:13:25.248000,2026-09-11 12:28:28.066,1,,,,False,True,FP1,48.9,26.9,15.5
0 days 01:17:35.378000,LEC,16,0 days 00:02:11.800000,26.0,3.0,,,0 days 00:00:32.936000,0 days 00:00:48.115000,0 days 00:00:50.749000,0 days 01:15:56.514000,0 days 01:16:44.629000,0 days 01:17:35.378000,165.0,167.0,39.0,214.0,False,SOFT,12.0,False,Ferrari,0 days 01:15:23.578000,2026-09-11 12:30:26.396,1,,,,False,True,FP1,48.9,26.9,15.5
0 days 01:20:01.203000,LEC,16,0 days 00:02:25.825000,27.0,3.0,,0 days 01:20:00.280000,0 days 00:01:02.020000,0 days 00:00:43.409000,0 days 00:00:40.396000,0 days 01:18:37.398000,0 days 01:19:20.807000,0 days 01:20:01.203000,199.0,193.0,,262.0,False,SOFT,13.0,False,Ferrari,0 days 01:17:35.378000,2026-09-11 12:32:38.196,1,,,,False,False,FP1,48.9,26.9,15.5
0 days 00:17:27.265000,STR,18,,1.0,1.0,0 days 00:15:26.376000,,,0 days 00:00:42.087000,0 days 00:00:47.700000,,0 days 00:16:39.766000,0 days 00:17:27.385000,171.0,215.0,210.0,190.0,False,MEDIUM,1.0,True,Aston Martin,0 days 00:15:26.376000,2026-09-11 11:30:29.194,1,,,,False,False,FP1,48.9,26.9,15.5
0 days 00:19:12.488000,STR,18,0 days 00:01:45.223000,2.0,1.0,,,0 days 00:00:32.096000,0 days 00:00:38.130000,0 days 00:00:34.997000,0 days 00:17:59.361000,0 days 00:18:37.491000,0 days 00:19:12.488000,189.0,241.0,218.0,246.0,True,MEDIUM,2.0,True,Aston Martin,0 days 00:17:27.265000,2026-09-11 11:32:30.083,1,,,,False,True,FP1,48.9,26.9,15.5
0 days 00:20:53.986000,STR,18,0 days 00:01:41.498000,3.0,1.0,,,0 days 00:00:30.953000,0 days 00:00:36.662000,0 days 00:00:33.883000,0 days 00:19:43.441000,0 days 00:20:20.103000,0 days 00:20:53.986000,210.0,246.0,216.0,285.0,True,MEDIUM,3.0,True,Aston Martin,0 days 00:19:12.488000,2026-09-11 11:34:15.306,1,,,,False,True,FP1,48.9,26.9,15.5
0 days 00:23:19.189000,STR,18,0 days 00:02:25.203000,4.0,1.0,,,0 days 00:00:42.392000,0 days 00:00:54.179000,0 days 00:00:48.632000,0 days 00:21:36.378000,0 days 00:22:30.557000,0 days 00:23:19.189000,150.0,151.0,192.0,176.0,False,MEDIUM,4.0,True,Aston Martin,0 days 00:20:53.986000,2026-09-11 11:35:56.804,1,,,,False,True,FP1,49.6,26.9,15.5
0 days 00:24:59.173000,STR,18,0 days 00:01:39.984000,5.0,1.0,,,0 days 00:00:31.053000,0 days 00:00:35.387000,0 days 00:00:33.544000,0 days 00:23:50.242000,0 days 00:24:25.629000,0 days 00:24:59.173000,215.0,248.0,194.0,278.0,True,MEDIUM,5.0,True,Aston Martin,0 days 00:23:19.189000,2026-09-11 11:38:22.007,1,,,,False,True,FP1,49.6,26.9,15.5
0 days 00:27:25.684000,STR,18,0 days 00:02:26.511000,6.0,1.0,,,0 days 00:00:42.563000,0 days 00:00:54.107000,0 days 00:00:49.841000,0 days 00:25:41.736000,0 days 00:26:35.843000,0 days 00:27:25.684000,143.0,159.0,180.0,162.0,False,MEDIUM,6.0,True,Aston Martin,0 days 00:24:59.173000,2026-09-11 11:40:01.991,1,,,,False,True,FP1,49.6,26.9,15.5
0 days 00:29:05.278000,STR,18,0 days 00:01:39.594000,7.0,1.0,,,0 days 00:00:31.317000,0 days 00:00:35.127000,0 days 00:00:33.150000,0 days 00:27:57.001000,0 days 00:28:32.128000,0 days 00:29:05.278000,218.0,253.0,187.0,279.0,True,MEDIUM,7.0,True,Aston Martin,0 days 00:27:25.684000,2026-09-11 11:42:28.502,1,,,,False,True,FP1,49.3,27.1,15.3
0 days 00:31:39.836000,STR,18,,8.0,1.0,,,0 days 00:00:47.352000,0 days 00:00:54.366000,0 days 00:00:52.738000,0 days 00:29:52.888000,0 days 00:30:47.261000,0 days 00:31:39.884000,74.0,180.0,205.0,135.0,False,MEDIUM,8.0,True,Aston Martin,0 days 00:29:05.278000,2026-09-11 11:44:08.096,1,,,,False,False,FP1,49.3,27.1,15.3
0 days 00:33:19.505000,STR,18,0 days 00:01:39.669000,9.0,1.0,,,0 days 00:00:30.644000,0 days 00:00:35.086000,0 days 00:00:33.939000,0 days 00:32:10.480000,0 days 00:32:45.566000,0 days 00:33:19.505000,222.0,249.0,191.0,282.0,False,MEDIUM,9.0,True,Aston Martin,0 days 00:31:39.836000,2026-09-11 11:46:42.654,1,,,,False,True,FP1,49.3,27.1,15.3
0 days 00:35:43.476000,STR,18,0 days 00:02:23.971000,10.0,1.0,,,0 days 00:00:44.381000,0 days 00:00:59.619000,0 days 00:00:39.971000,0 days 00:34:03.886000,0 days 00:35:03.505000,0 days 00:35:43.476000,126.0,125.0,206.0,131.0,False,MEDIUM,10.0,True,Aston Martin,0 days 00:33:19.505000,2026-09-11 11:48:22.323,1,,,,False,True,FP1,49.3,27.1,15.3
0 days 00:37:21.874000,STR,18,0 days 00:01:38.398000,11.0,1.0,,,0 days 00:00:30.605000,0 days 00:00:34.959000,0 days 00:00:32.834000,0 days 00:36:14.081000,0 days 00:36:49.040000,0 days 00:37:21.874000,222.0,254.0,195.0,278.0,True,MEDIUM,11.0,True,Aston Martin,0 days 00:35:43.476000,2026-09-11 11:50:46.294,1,,,,False,True,FP1,49.3,27.1,15.3
0 days 00:39:43.943000,STR,18,0 days 00:02:22.069000,12.0,1.0,,0 days 00:39:42.851000,0 days 00:00:46.578000,0 days 00:00:48.995000,0 days 00:00:46.496000,0 days 00:38:08.452000,0 days 00:38:57.447000,0 days 00:39:43.943000,159.0,181.0,,147.0,False,MEDIUM,12.0,True,Aston Martin,0 days 00:37:21.874000,2026-09-11 11:52:24.692,1,,,,False,False,FP1,49.3,27.1,15.3
0 days 00:50:53.548000,STR,18,,13.0,2.0,0 days 00:48:57.736000,,,0 days 00:00:40.987000,0 days 00:00:44.413000,,0 days 00:50:09.299000,0 days 00:50:53.548000,167.0,189.0,205.0,215.0,False,MEDIUM,13.0,False,Aston Martin,0 days 00:39:43.943000,2026-09-11 11:54:46.761,1,,,,False,False,FP1,49.3,27.1,15.3
0 days 00:52:32.857000,STR,18,0 days 00:01:39.309000,14.0,2.0,,,0 days 00:00:30.867000,0 days 00:00:35.199000,0 days 00:00:33.243000,0 days 00:51:24.415000,0 days 00:51:59.614000,0 days 00:52:32.857000,220.0,251.0,209.0,277.0,False,MEDIUM,14.0,False,Aston Martin,0 days 00:50:53.548000,2026-09-11 12:05:56.366,1,,,,False,True,FP1,49.3,27.1,15.3
0 days 00:54:37.368000,STR,18,0 days 00:02:04.511000,15.0,2.0,,0 days 00:54:36.297000,0 days 00:00:36.662000,0 days 00:00:42.947000,0 days 00:00:44.902000,0 days 00:53:09.519000,0 days 00:53:52.466000,0 days 00:54:37.368000,170.0,205.0,,217.0,False,MEDIUM,15.0,False,Aston Martin,0 days 00:52:32.857000,2026-09-11 12:07:35.675,1,,,,False,False,FP1,49.3,27.1,15.3
0 days 00:59:51.050000,STR,18,,16.0,3.0,0 days 00:57:56.023000,,,0 days 00:00:39.426000,0 days 00:00:46.984000,,0 days 00:59:04.356000,0 days 00:59:51.328000,196.0,184.0,199.0,221.0,False,SOFT,1.0,True,Aston Martin,0 days 00:54:37.368000,2026-09-11 12:09:40.186,1,,,,False,False,FP1,49.3,27.1,15.3
0 days 01:01:45.030000,STR,18,0 days 00:01:53.980000,17.0,3.0,,,0 days 00:00:36.964000,0 days 00:00:40.077000,0 days 00:00:36.939000,0 days 01:00:28.014000,0 days 01:01:08.091000,0 days 01:01:45.030000,159.0,221.0,207.0,235.0,False,SOFT,2.0,True,Aston Martin,0 days 00:59:51.050000,2026-09-11 12:14:53.868,1,,,,False,True,FP1,49.4,27.3,15.3
0 days 01:03:22.500000,STR,18,0 days 00:01:37.470000,18.0,3.0,,,0 days 00:00:30.462000,0 days 00:00:34.569000,0 days 00:00:32.439000,0 days 01:02:15.492000,0 days 01:02:50.061000,0 days 01:03:22.500000,224.0,253.0,212.0,279.0,True,SOFT,3.0,True,Aston Martin,0 days 01:01:45.030000,2026-09-11 12:16:47.848,1,,,,False,True,FP1,49.4,27.3,15.3
0 days 01:06:03.528000,STR,18,,19.0,3.0,,,0 days 00:00:45.955000,0 days 00:00:59.797000,0 days 00:00:55.241000,0 days 01:04:08.674000,0 days 01:05:08.473000,0 days 01:06:03.549000,117.0,124.0,129.0,148.0,False,SOFT,4.0,True,Aston Martin,0 days 01:03:22.500000,2026-09-11 12:18:25.318,1,,,,False,False,FP1,49.4,27.3,15.3
0 days 01:08:18.305000,STR,18,0 days 00:02:14.777000,20.0,3.0,,,0 days 00:00:40.429000,0 days 00:00:52.414000,0 days 00:00:41.934000,0 days 01:06:43.957000,0 days 01:07:36.371000,0 days 01:08:18.305000,177.0,192.0,206.0,224.0,False,SOFT,5.0,True,Aston Martin,0 days 01:06:03.528000,2026-09-11 12:21:06.346,1,,,,False,True,FP1,49.4,27.3,15.3
0 days 01:09:55.559000,STR,18,0 days 00:01:37.254000,21.0,3.0,,,0 days 00:00:30.323000,0 days 00:00:34.710000,0 days 00:00:32.221000,0 days 01:08:48.628000,0 days 01:09:23.338000,0 days 01:09:55.559000,222.0,251.0,218.0,280.0,True,SOFT,6.0,True,Aston Martin,0 days 01:08:18.305000,2026-09-11 12:23:21.123,1,,,,False,True,FP1,49.4,27.3,15.3
0 days 01:12:44.044000,STR,18,,22.0,3.0,,,0 days 00:00:53.605000,0 days 00:01:12.267000,0 days 00:00:42.537000,0 days 01:10:49.367000,0 days 01:12:01.614000,0 days 01:12:44.044000,106.0,169.0,205.0,140.0,False,SOFT,7.0,True,Aston Martin,0 days 01:09:55.559000,2026-09-11 12:24:58.377,12,,,,False,False,FP1,49.4,27.3,15.3
0 days 01:14:21.346000,STR,18,0 days 00:01:37.302000,23.0,3.0,,,0 days 00:00:30.405000,0 days 00:00:34.454000,0 days 00:00:32.443000,0 days 01:13:14.449000,0 days 01:13:48.903000,0 days 01:14:21.346000,225.0,252.0,213.0,278.0,False,SOFT,8.0,True,Aston Martin,0 days 01:12:44.044000,2026-09-11 12:27:46.862,1,,,,False,True,FP1,49.4,27.3,15.3
0 days 01:16:44.738000,STR,18,0 days 00:02:23.392000,24.0,3.0,,,0 days 00:00:54.021000,0 days 00:00:48.290000,0 days 00:00:41.081000,0 days 01:15:15.367000,0 days 01:16:03.657000,0 days 01:16:44.738000,139.0,173.0,178.0,84.0,False,SOFT,9.0,True,Aston Martin,0 days 01:14:21.346000,2026-09-11 12:29:24.164,1,,,,False,True,FP1,49.4,27.3,15.3
0 days 01:18:59.548000,STR,18,0 days 00:02:14.810000,25.0,3.0,,,0 days 00:00:37.071000,0 days 00:00:47.681000,0 days 00:00:50.058000,0 days 01:17:21.809000,0 days 01:18:09.490000,0 days 01:18:59.548000,150.0,144.0,55.0,199.0,False,SOFT,10.0,True,Aston Martin,0 days 01:16:44.738000,2026-09-11 12:31:47.556,1,,,,False,True,FP1,49.4,27.3,15.3
0 days 01:21:42.617000,STR,18,,26.0,3.0,,0 days 01:21:41.581000,0 days 00:01:15.425000,0 days 00:00:44.581000,0 days 00:00:43.071000,0 days 01:20:15.120000,0 days 01:20:59.660000,0 days 01:21:42.617000,159.0,178.0,,264.0,False,SOFT,11.0,True,Aston Martin,0 days 01:18:59.548000,2026-09-11 12:34:02.366,12,,,,False,False,FP1,49.4,27.3,15.3
0 days 00:17:23.187000,TSU,22,,1.0,1.0,0 days 00:15:23.504000,,,0 days 00:00:41.747000,0 days 00:00:45.521000,,0 days 00:16:37.858000,0 days 00:17:23.339000,170.0,213.0,212.0,187.0,False,MEDIUM,1.0,True,Racing Bulls,0 days 00:15:23.504000,2026-09-11 11:30:26.322,1,,,,False,False,FP1,49.9,27.3,15.4
0 days 00:19:05.737000,TSU,22,0 days 00:01:42.550000,2.0,1.0,,,0 days 00:00:31.605000,0 days 00:00:37.099000,0 days 00:00:33.846000,0 days 00:17:54.792000,0 days 00:18:31.891000,0 days 00:19:05.737000,202.0,236.0,217.0,269.0,True,MEDIUM,2.0,True,Racing Bulls,0 days 00:17:23.187000,2026-09-11 11:32:26.005,1,,,,False,True,FP1,49.9,27.3,15.4
0 days 00:20:47.103000,TSU,22,0 days 00:01:41.366000,3.0,1.0,,,0 days 00:00:31.565000,0 days 00:00:36.359000,0 days 00:00:33.442000,0 days 00:19:37.302000,0 days 00:20:13.661000,0 days 00:20:47.103000,214.0,243.0,221.0,274.0,True,MEDIUM,3.0,True,Racing Bulls,0 days 00:19:05.737000,2026-09-11 11:34:08.555,1,,,,False,True,FP1,49.9,27.3,15.4
0 days 00:23:09.591000,TSU,22,0 days 00:02:22.488000,4.0,1.0,,,0 days 00:00:46.833000,0 days 00:00:55.307000,0 days 00:00:40.348000,0 days 00:21:33.936000,0 days 00:22:29.243000,0 days 00:23:09.591000,124.0,158.0,222.0,148.0,False,MEDIUM,4.0,True,Racing Bulls,0 days 00:20:47.103000,2026-09-11 11:35:49.921,1,,,,False,True,FP1,49.9,27.3,15.4
0 days 00:24:48.845000,TSU,22,0 days 00:01:39.254000,5.0,1.0,,,0 days 00:00:30.623000,0 days 00:00:35.438000,0 days 00:00:33.193000,0 days 00:23:40.214000,0 days 00:24:15.652000,0 days 00:24:48.845000,229.0,246.0,210.0,295.0,True,MEDIUM,5.0,True,Racing Bulls,0 days 00:23:09.591000,2026-09-11 11:38:12.409,1,,,,False,True,FP1,49.9,27.3,15.4
0 days 00:27:12.208000,TSU,22,0 days 00:02:23.363000,6.0,1.0,,,0 days 00:00:48.842000,0 days 00:00:57.055000,0 days 00:00:37.466000,0 days 00:25:37.687000,0 days 00:26:34.742000,0 days 00:27:12.208000,105.0,175.0,226.0,143.0,False,MEDIUM,6.0,True,Racing Bulls,0 days 00:24:48.845000,2026-09-11 11:39:51.663,1,,,,False,True,FP1,49.9,27.3,15.4
0 days 00:28:50.357000,TSU,22,0 days 00:01:38.149000,7.0,1.0,,,0 days 00:00:30.264000,0 days 00:00:34.918000,0 days 00:00:32.967000,0 days 00:27:42.472000,0 days 00:28:17.390000,0 days 00:28:50.357000,228.0,255.0,213.0,284.0,True,MEDIUM,7.0,True,Racing Bulls,0 days 00:27:12.208000,2026-09-11 11:42:15.026,1,,,,False,True,FP1,49.9,27.3,15.4
0 days 00:31:27.592000,TSU,22,,8.0,1.0,,,0 days 00:00:53.956000,0 days 00:00:58.752000,0 days 00:00:44.552000,0 days 00:29:44.588000,0 days 00:30:43.312000,0 days 00:31:27.767000,103.0,196.0,225.0,118.0,False,MEDIUM,8.0,True,Racing Bulls,0 days 00:28:50.357000,2026-09-11 11:43:53.175,1,,,,False,False,FP1,49.9,27.3,15.4
0 days 00:33:05.146000,TSU,22,0 days 00:01:37.554000,9.0,1.0,,,0 days 00:00:30.065000,0 days 00:00:34.803000,0 days 00:00:32.686000,0 days 00:31:57.657000,0 days 00:32:32.460000,0 days 00:33:05.146000,231.0,253.0,216.0,292.0,True,MEDIUM,9.0,True,Racing Bulls,0 days 00:31:27.592000,2026-09-11 11:46:30.410,1,,,,False,True,FP1,49.9,27.3,15.4
0 days 00:35:34.797000,TSU,22,0 days 00:02:29.651000,10.0,1.0,,0 days 00:35:33.926000,0 days 00:00:50.039000,0 days 00:00:57.342000,0 days 00:00:42.270000,0 days 00:33:55.185000,0 days 00:34:52.527000,0 days 00:35:34.797000,97.0,148.0,,111.0,False,MEDIUM,10.0,True,Racing Bulls,0 days 00:33:05.146000,2026-09-11 11:48:07.964,1,,,,False,False,FP1,49.5,27.3,15.1
0 days 00:38:08.914000,TSU,22,,11.0,2.0,0 days 00:36:12.625000,,0 days 00:01:06.827000,0 days 00:00:41.937000,0 days 00:00:45.330000,0 days 00:36:41.921000,0 days 00:37:23.956000,0 days 00:38:09.070000,180.0,195.0,225.0,217.0,False,MEDIUM,11.0,False,Racing Bulls,0 days 00:35:34.797000,2026-09-11 11:50:37.615,1,,,,False,False,FP1,49.5,27.3,15.1
0 days 00:39:45.853000,TSU,22,0 days 00:01:36.939000,12.0,2.0,,,0 days 00:00:30.021000,0 days 00:00:34.423000,0 days 00:00:32.495000,0 days 00:38:38.935000,0 days 00:39:13.358000,0 days 00:39:45.853000,234.0,257.0,216.0,289.0,True,MEDIUM,12.0,False,Racing Bulls,0 days 00:38:08.914000,2026-09-11 11:53:11.732,1,,,,False,True,FP1,49.5,27.3,15.1
0 days 00:42:10.842000,TSU,22,0 days 00:02:24.989000,13.0,2.0,,,0 days 00:00:46.400000,0 days 00:00:58.058000,0 days 00:00:40.531000,0 days 00:40:32.253000,0 days 00:41:30.311000,0 days 00:42:10.842000,153.0,162.0,226.0,165.0,False,MEDIUM,13.0,False,Racing Bulls,0 days 00:39:45.853000,2026-09-11 11:54:48.671,1,,,,False,True,FP1,49.5,27.3,15.1
0 days 00:44:04.512000,TSU,22,0 days 00:01:53.670000,14.0,2.0,,0 days 00:44:03.598000,0 days 00:00:30.005000,0 days 00:00:34.675000,0 days 00:00:48.990000,0 days 00:42:40.847000,0 days 00:43:15.522000,0 days 00:44:04.512000,232.0,257.0,,293.0,False,MEDIUM,14.0,False,Racing Bulls,0 days 00:42:10.842000,2026-09-11 11:57:13.660,1,,,,False,False,FP1,49.8,27.3,15.1
0 days 00:48:53.552000,TSU,22,,15.0,3.0,0 days 00:47:01.769000,,,0 days 00:00:42.408000,0 days 00:00:35.553000,,0 days 00:48:18.255000,0 days 00:48:53.690000,157.0,205.0,230.0,193.0,False,SOFT,1.0,True,Racing Bulls,0 days 00:44:04.512000,2026-09-11 11:59:07.330,1,,,,False,False,FP1,49.8,27.3,15.1
0 days 00:50:53.716000,TSU,22,0 days 00:02:00.164000,16.0,3.0,,0 days 00:50:52.779000,0 days 00:00:29.736000,0 days 00:00:34.324000,0 days 00:00:56.104000,0 days 00:49:23.288000,0 days 00:49:57.612000,0 days 00:50:53.716000,235.0,253.0,,292.0,False,SOFT,2.0,True,Racing Bulls,0 days 00:48:53.552000,2026-09-11 12:03:56.370,1,,,,False,False,FP1,49.8,27.3,15.1
0 days 00:17:36.699000,ALB,23,,1.0,1.0,0 days 00:15:32.887000,,,0 days 00:00:49.876000,0 days 00:00:41.416000,,0 days 00:16:55.610000,0 days 00:17:36.814000,163.0,180.0,209.0,196.0,False,MEDIUM,1.0,True,Williams,0 days 00:15:32.887000,2026-09-11 11:30:35.705,1,,,,False,False,FP1,49.8,27.3,15.1
0 days 00:19:22.120000,ALB,23,0 days 00:01:45.421000,2.0,1.0,,,0 days 00:00:32.007000,0 days 00:00:38.335000,0 days 00:00:35.079000,0 days 00:18:08.706000,0 days 00:18:47.041000,0 days 00:19:22.120000,187.0,221.0,218.0,232.0,True,MEDIUM,2.0,True,Williams,0 days 00:17:36.699000,2026-09-11 11:32:39.517,1,,,,False,True,FP1,49.8,27.3,15.1
0 days 00:21:05.744000,ALB,23,0 days 00:01:43.624000,3.0,1.0,,,0 days 00:00:32.277000,0 days 00:00:36.748000,0 days 00:00:34.599000,0 days 00:19:54.397000,0 days 00:20:31.145000,0 days 00:21:05.744000,203.0,236.0,211.0,255.0,True,MEDIUM,3.0,True,Williams,0 days 00:19:22.120000,2026-09-11 11:34:24.938,1,,,,False,True,FP1,49.8,27.3,15.1
0 days 00:23:33.499000,ALB,23,0 days 00:02:27.755000,4.0,1.0,,,0 days 00:00:42.108000,0 days 00:00:52.496000,0 days 00:00:53.151000,0 days 00:21:47.852000,0 days 00:22:40.348000,0 days 00:23:33.499000,148.0,99.0,205.0,163.0,False,MEDIUM,4.0,True,Williams,0 days 00:21:05.744000,2026-09-11 11:36:08.562,1,,,,False,True,FP1,49.8,27.3,15.1
0 days 00:25:16.030000,ALB,23,0 days 00:01:42.531000,5.0,1.0,,,0 days 00:00:31.924000,0 days 00:00:36.646000,0 days 00:00:33.961000,0 days 00:24:05.423000,0 days 00:24:42.069000,0 days 00:25:16.030000,205.0,232.0,195.0,265.0,True,MEDIUM,5.0,True,Williams,0 days 00:23:33.499000,2026-09-11 11:38:36.317,1,,,,False,True,FP1,49.8,27.3,15.1
0 days 00:27:33.019000,ALB,23,0 days 00:02:16.989000,6.0,1.0,,,0 days 00:00:44.980000,0 days 00:00:52.253000,0 days 00:00:39.756000,0 days 00:26:01.010000,0 days 00:26:53.263000,0 days 00:27:33.019000,142.0,147.0,223.0,168.0,False,MEDIUM,6.0,True,Williams,0 days 00:25:16.030000,2026-09-11 11:40:18.848,1,,,,False,True,FP1,49.8,27.3,15.1
0 days 00:29:13.143000,ALB,23,0 days 00:01:40.124000,7.0,1.0,,,0 days 00:00:30.834000,0 days 00:00:35.911000,0 days 00:00:33.379000,0 days 00:28:03.853000,0 days 00:28:39.764000,0 days 00:29:13.143000,210.0,235.0,216.0,270.0,True,MEDIUM,7.0,True,Williams,0 days 00:27:33.019000,2026-09-11 11:42:35.837,1,,,,False,True,FP1,49.7,27.3,15.3
0 days 00:31:30.440000,ALB,23,0 days 00:02:17.297000,8.0,1.0,,,0 days 00:00:46.895000,0 days 00:00:46.216000,0 days 00:00:44.186000,0 days 00:30:00.038000,0 days 00:30:46.254000,0 days 00:31:30.440000,141.0,206.0,215.0,171.0,False,MEDIUM,8.0,True,Williams,0 days 00:29:13.143000,2026-09-11 11:44:15.961,1,,,,False,True,FP1,49.7,27.3,15.3
0 days 00:33:29.002000,ALB,23,0 days 00:01:58.562000,9.0,1.0,,,0 days 00:00:31.142000,0 days 00:00:41.776000,0 days 00:00:45.644000,0 days 00:32:01.582000,0 days 00:32:43.358000,0 days 00:33:29.002000,214.0,217.0,225.0,279.0,False,MEDIUM,9.0,True,Williams,0 days 00:31:30.440000,2026-09-11 11:46:33.258,1,,,,False,True,FP1,49.7,27.3,15.3
0 days 00:35:08.512000,ALB,23,0 days 00:01:39.510000,10.0,1.0,,,0 days 00:00:30.649000,0 days 00:00:35.431000,0 days 00:00:33.430000,0 days 00:33:59.651000,0 days 00:34:35.082000,0 days 00:35:08.512000,215.0,243.0,207.0,292.0,True,MEDIUM,10.0,True,Williams,0 days 00:33:29.002000,2026-09-11 11:48:31.820,1,,,,False,True,FP1,49.7,27.3,15.3
0 days 00:37:40.382000,ALB,23,,11.0,1.0,,,0 days 00:00:48.995000,0 days 00:00:55.776000,0 days 00:00:46.988000,0 days 00:35:57.795000,0 days 00:36:53.675000,0 days 00:37:40.459000,133.0,128.0,223.0,147.0,False,MEDIUM,11.0,True,Williams,0 days 00:35:08.512000,2026-09-11 11:50:11.330,1,,,,False,False,FP1,49.7,27.3,15.3
0 days 00:39:20.160000,ALB,23,0 days 00:01:39.778000,12.0,1.0,,,0 days 00:00:30.537000,0 days 00:00:35.881000,0 days 00:00:33.360000,0 days 00:38:10.919000,0 days 00:38:46.800000,0 days 00:39:20.160000,219.0,220.0,200.0,278.0,False,MEDIUM,12.0,True,Williams,0 days 00:37:40.382000,2026-09-11 11:52:43.200,1,,,,False,True,FP1,49.7,27.3,15.3
0 days 00:41:49.612000,ALB,23,0 days 00:02:29.452000,13.0,1.0,,,0 days 00:00:52.621000,0 days 00:00:52.247000,0 days 00:00:44.584000,0 days 00:40:12.781000,0 days 00:41:05.028000,0 days 00:41:49.612000,102.0,207.0,223.0,151.0,False,MEDIUM,13.0,True,Williams,0 days 00:39:20.160000,2026-09-11 11:54:22.978,1,,,,False,True,FP1,50.0,27.2,15.6
0 days 00:43:29.027000,ALB,23,0 days 00:01:39.415000,14.0,1.0,,,0 days 00:00:30.403000,0 days 00:00:35.735000,0 days 00:00:33.277000,0 days 00:42:20.015000,0 days 00:42:55.750000,0 days 00:43:29.027000,220.0,236.0,213.0,288.0,True,MEDIUM,14.0,True,Williams,0 days 00:41:49.612000,2026-09-11 11:56:52.430,1,,,,False,True,FP1,50.0,27.2,15.6
0 days 00:46:17.241000,ALB,23,,15.0,1.0,,0 days 00:46:16.096000,0 days 00:00:49.465000,0 days 00:01:06.931000,0 days 00:00:51.718000,0 days 00:44:18.645000,0 days 00:45:25.553000,0 days 00:46:17.241000,133.0,178.0,,156.0,False,MEDIUM,15.0,True,Williams,0 days 00:43:29.027000,2026-09-11 11:58:31.845,1,,,,False,False,FP1,50.0,27.2,15.6
0 days 00:56:10.737000,ALB,23,,16.0,2.0,0 days 00:54:14.308000,,,0 days 00:00:39.434000,0 days 00:00:43.472000,,0 days 00:55:27.448000,0 days 00:56:10.810000,205.0,215.0,226.0,221.0,False,SOFT,1.0,True,Williams,0 days 00:46:17.241000,2026-09-11 12:01:20.059,1,,,,False,False,FP1,50.0,27.2,15.6
0 days 00:57:48.617000,ALB,23,0 days 00:01:37.880000,17.0,2.0,,,0 days 00:00:29.915000,0 days 00:00:34.983000,0 days 00:00:32.982000,0 days 00:56:40.652000,0 days 00:57:15.635000,0 days 00:57:48.617000,221.0,257.0,195.0,288.0,True,SOFT,2.0,True,Williams,0 days 00:56:10.737000,2026-09-11 12:11:13.555,1,,,,False,True,FP1,50.0,27.2,15.6
0 days 01:00:28.504000,ALB,23,,18.0,2.0,,0 days 01:00:27.311000,0 days 00:00:51.385000,0 days 00:00:58.737000,0 days 00:00:49.593000,0 days 00:58:40.239000,0 days 00:59:38.938000,0 days 01:00:28.504000,113.0,135.0,,175.0,False,SOFT,3.0,True,Williams,0 days 00:57:48.617000,2026-09-11 12:12:51.435,1,,,,False,False,FP1,50.0,27.2,15.6
0 days 01:07:56.404000,ALB,23,,19.0,3.0,0 days 01:05:47.246000,,,0 days 00:00:42.370000,0 days 00:00:52.881000,,0 days 01:07:03.623000,0 days 01:07:56.411000,175.0,129.0,196.0,169.0,False,SOFT,4.0,False,Williams,0 days 01:00:28.504000,2026-09-11 12:15:31.322,1,,,,False,False,FP1,50.0,27.2,15.6
0 days 01:09:54.120000,ALB,23,0 days 00:01:57.716000,20.0,3.0,,,0 days 00:00:35.036000,0 days 00:00:40.691000,0 days 00:00:41.989000,0 days 01:08:31.440000,0 days 01:09:12.131000,0 days 01:09:54.120000,198.0,214.0,229.0,220.0,False,SOFT,5.0,False,Williams,0 days 01:07:56.404000,2026-09-11 12:22:59.222,1,,,,False,True,FP1,50.0,27.2,15.6
0 days 01:11:32.427000,ALB,23,0 days 00:01:38.307000,21.0,3.0,,,0 days 00:00:29.931000,0 days 00:00:34.856000,0 days 00:00:33.520000,0 days 01:10:24.051000,0 days 01:10:58.907000,0 days 01:11:32.427000,227.0,256.0,209.0,292.0,False,SOFT,6.0,False,Williams,0 days 01:09:54.120000,2026-09-11 12:24:56.938,12,,,,False,True,FP1,50.0,27.2,15.6
0 days 01:14:08.269000,ALB,23,,22.0,3.0,,,0 days 00:01:05.411000,0 days 00:00:52.233000,0 days 00:00:38.333000,0 days 01:12:37.957000,0 days 01:13:30.233000,0 days 01:14:08.362000,104.0,214.0,224.0,127.0,False,SOFT,7.0,False,Williams,0 days 01:11:32.427000,2026-09-11 12:26:35.245,21,,,,False,False,FP1,50.0,27.2,15.6
0 days 01:15:45.860000,ALB,23,0 days 00:01:37.591000,23.0,3.0,,,0 days 00:00:30.021000,0 days 00:00:34.816000,0 days 00:00:32.754000,0 days 01:14:38.290000,0 days 01:15:13.106000,0 days 01:15:45.860000,225.0,258.0,215.0,292.0,True,SOFT,8.0,False,Williams,0 days 01:14:08.269000,2026-09-11 12:29:11.087,1,,,,False,True,FP1,50.0,27.2,15.6
0 days 01:18:13.042000,ALB,23,0 days 00:02:27.182000,24.0,3.0,,,0 days 00:00:48.347000,0 days 00:00:52.377000,0 days 00:00:46.458000,0 days 01:16:34.207000,0 days 01:17:26.584000,0 days 01:18:13.042000,131.0,152.0,60.0,143.0,False,SOFT,9.0,False,Williams,0 days 01:15:45.860000,2026-09-11 12:30:48.678,1,,,,False,True,FP1,50.3,27.2,15.8
0 days 01:20:42.896000,ALB,23,0 days 00:02:29.854000,25.0,3.0,,0 days 01:20:41.958000,0 days 00:01:07.190000,0 days 00:00:38.097000,0 days 00:00:44.567000,0 days 01:19:20.232000,0 days 01:19:58.329000,0 days 01:20:42.896000,208.0,175.0,,259.0,False,SOFT,10.0,False,Williams,0 days 01:18:13.042000,2026-09-11 12:33:15.860,1,,,,False,False,FP1,50.3,27.2,15.8
0 days 00:24:52.982000,HUL,27,,1.0,1.0,0 days 00:22:58.749000,,,0 days 00:00:49.044000,0 days 00:00:36.927000,,0 days 00:24:16.344000,0 days 00:24:53.177000,168.0,155.0,219.0,178.0,False,MEDIUM,1.0,True,Audi,0 days 00:22:58.749000,2026-09-11 11:38:01.567,1,,,,False,False,FP1,50.3,27.2,15.8
0 days 00:26:33.828000,HUL,27,0 days 00:01:40.846000,2.0,1.0,,,0 days 00:00:30.832000,0 days 00:00:36.757000,0 days 00:00:33.257000,0 days 00:25:23.814000,0 days 00:26:00.571000,0 days 00:26:33.828000,205.0,227.0,224.0,268.0,True,MEDIUM,2.0,True,Audi,0 days 00:24:52.982000,2026-09-11 11:39:55.800,1,,,,False,True,FP1,50.3,27.2,15.8
0 days 00:28:13.518000,HUL,27,0 days 00:01:39.690000,3.0,1.0,,,0 days 00:00:30.426000,0 days 00:00:36.282000,0 days 00:00:32.982000,0 days 00:27:04.254000,0 days 00:27:40.536000,0 days 00:28:13.518000,218.0,238.0,225.0,289.0,True,MEDIUM,3.0,True,Audi,0 days 00:26:33.828000,2026-09-11 11:41:36.646,1,,,,False,True,FP1,50.3,27.2,15.8
0 days 00:30:34.335000,HUL,27,0 days 00:02:20.817000,4.0,1.0,,,0 days 00:00:46.236000,0 days 00:00:50.659000,0 days 00:00:43.922000,0 days 00:28:59.754000,0 days 00:29:50.413000,0 days 00:30:34.335000,120.0,130.0,210.0,142.0,False,MEDIUM,4.0,True,Audi,0 days 00:28:13.518000,2026-09-11 11:43:16.336,1,,,,False,True,FP1,50.3,27.2,15.8
0 days 00:32:11.895000,HUL,27,0 days 00:01:37.560000,5.0,1.0,,,0 days 00:00:30.187000,0 days 00:00:35.004000,0 days 00:00:32.369000,0 days 00:31:04.522000,0 days 00:31:39.526000,0 days 00:32:11.895000,218.0,247.0,215.0,310.0,True,MEDIUM,5.0,True,Audi,0 days 00:30:34.335000,2026-09-11 11:45:37.153,1,,,,False,True,FP1,50.3,27.2,15.8
0 days 00:34:39.829000,HUL,27,0 days 00:02:27.934000,6.0,1.0,,,0 days 00:00:49.641000,0 days 00:00:57.305000,0 days 00:00:40.988000,0 days 00:33:01.536000,0 days 00:33:58.841000,0 days 00:34:39.829000,131.0,122.0,212.0,126.0,False,MEDIUM,6.0,True,Audi,0 days 00:32:11.895000,2026-09-11 11:47:14.713,1,,,,False,True,FP1,50.3,27.2,15.8
0 days 00:36:16.442000,HUL,27,0 days 00:01:36.613000,7.0,1.0,,,0 days 00:00:29.836000,0 days 00:00:34.800000,0 days 00:00:31.977000,0 days 00:35:09.665000,0 days 00:35:44.465000,0 days 00:36:16.442000,228.0,250.0,207.0,296.0,True,MEDIUM,7.0,True,Audi,0 days 00:34:39.829000,2026-09-11 11:49:42.647,1,,,,False,True,FP1,50.6,27.1,15.7
0 days 00:38:43.698000,HUL,27,0 days 00:02:27.256000,8.0,1.0,,,0 days 00:00:49.219000,0 days 00:00:51.452000,0 days 00:00:46.585000,0 days 00:37:05.661000,0 days 00:37:57.113000,0 days 00:38:43.698000,167.0,145.0,213.0,132.0,False,MEDIUM,8.0,True,Audi,0 days 00:36:16.442000,2026-09-11 11:51:19.260,1,,,,False,True,FP1,50.6,27.1,15.7
0 days 00:40:19.784000,HUL,27,0 days 00:01:36.086000,9.0,1.0,,,0 days 00:00:29.542000,0 days 00:00:34.599000,0 days 00:00:31.945000,0 days 00:39:13.240000,0 days 00:39:47.839000,0 days 00:40:19.784000,232.0,254.0,218.0,308.0,True,MEDIUM,9.0,True,Audi,0 days 00:38:43.698000,2026-09-11 11:53:46.516,1,,,,False,True,FP1,50.6,27.1,15.7
0 days 00:42:18.832000,HUL,27,0 days 00:01:59.048000,10.0,1.0,,0 days 00:42:17.860000,0 days 00:00:39.191000,0 days 00:00:39.996000,0 days 00:00:39.861000,0 days 00:40:58.975000,0 days 00:41:38.971000,0 days 00:42:18.832000,203.0,219.0,,161.0,False,MEDIUM,10.0,True,Audi,0 days 00:40:19.784000,2026-09-11 11:55:22.602,1,,,,False,False,FP1,50.6,27.1,15.7
0 days 00:51:22.106000,HUL,27,,11.0,2.0,0 days 00:49:34.786000,,,0 days 00:00:40.734000,0 days 00:00:36.706000,,0 days 00:50:45.702000,0 days 00:51:22.267000,176.0,200.0,217.0,187.0,False,SOFT,1.0,True,Audi,0 days 00:42:18.832000,2026-09-11 11:57:21.650,1,,,,False,False,FP1,50.6,27.1,15.7
0 days 00:52:58.016000,HUL,27,0 days 00:01:35.910000,12.0,2.0,,,0 days 00:00:29.629000,0 days 00:00:34.578000,0 days 00:00:31.703000,0 days 00:51:51.735000,0 days 00:52:26.313000,0 days 00:52:58.016000,229.0,251.0,223.0,308.0,True,SOFT,2.0,True,Audi,0 days 00:51:22.106000,2026-09-11 12:06:24.924,1,,,,False,True,FP1,50.6,27.1,15.7
0 days 00:55:16.173000,HUL,27,0 days 00:02:18.157000,13.0,2.0,,0 days 00:55:15.296000,0 days 00:00:44.483000,0 days 00:00:48.951000,0 days 00:00:44.723000,0 days 00:53:42.499000,0 days 00:54:31.450000,0 days 00:55:16.173000,154.0,216.0,,145.0,False,SOFT,3.0,True,Audi,0 days 00:52:58.016000,2026-09-11 12:08:00.834,1,,,,False,False,FP1,50.6,27.1,15.7
0 days 00:57:41.843000,HUL,27,0 days 00:02:25.670000,14.0,3.0,0 days 00:55:49.011000,,0 days 00:01:02.072000,0 days 00:00:44.506000,0 days 00:00:39.092000,0 days 00:56:18.245000,0 days 00:57:02.751000,0 days 00:57:41.843000,182.0,215.0,222.0,182.0,False,SOFT,4.0,False,Audi,0 days 00:55:16.173000,2026-09-11 12:10:18.991,1,,,,False,False,FP1,50.6,27.1,15.7
0 days 00:59:17.376000,HUL,27,0 days 00:01:35.533000,15.0,3.0,,,0 days 00:00:29.458000,0 days 00:00:34.559000,0 days 00:00:31.516000,0 days 00:58:11.301000,0 days 00:58:45.860000,0 days 00:59:17.376000,233.0,251.0,223.0,301.0,True,SOFT,5.0,False,Audi,0 days 00:57:41.843000,2026-09-11 12:12:44.661,1,,,,False,True,FP1,50.1,27.2,15.4
0 days 01:01:40.769000,HUL,27,0 days 00:02:23.393000,16.0,3.0,,0 days 01:01:39.803000,0 days 00:00:45.203000,0 days 00:00:53.083000,0 days 00:00:45.107000,0 days 01:00:02.579000,0 days 01:00:55.662000,0 days 01:01:40.769000,150.0,161.0,,190.0,False,SOFT,6.0,False,Audi,0 days 00:59:17.376000,2026-09-11 12:14:20.194,1,,,,False,False,FP1,50.1,27.2,15.4
0 days 01:04:12.279000,HUL,27,,17.0,4.0,0 days 01:02:21.775000,,0 days 00:01:11.749000,0 days 00:00:42.624000,0 days 00:00:37.122000,0 days 01:02:52.802000,0 days 01:03:35.454000,0 days 01:04:12.376000,127.0,213.0,215.0,192.0,False,SOFT,1.0,False,Audi,0 days 01:01:40.769000,2026-09-11 12:16:43.587,1,,,,False,False,FP1,50.1,27.2,15.4
0 days 01:05:47.808000,HUL,27,0 days 00:01:35.529000,18.0,4.0,,,0 days 00:00:29.374000,0 days 00:00:34.392000,0 days 00:00:31.763000,0 days 01:04:41.653000,0 days 01:05:16.045000,0 days 01:05:47.808000,234.0,251.0,221.0,309.0,True,SOFT,2.0,False,Audi,0 days 01:04:12.279000,2026-09-11 12:19:15.097,1,,,,False,True,FP1,50.1,27.2,15.4
0 days 01:07:54.922000,HUL,27,0 days 00:02:07.114000,19.0,4.0,,,0 days 00:00:43.080000,0 days 00:00:48.393000,0 days 00:00:35.641000,0 days 01:06:30.888000,0 days 01:07:19.281000,0 days 01:07:54.922000,154.0,201.0,225.0,166.0,False,SOFT,3.0,False,Audi,0 days 01:05:47.808000,2026-09-11 12:20:50.626,1,,,,False,True,FP1,50.1,27.2,15.4
0 days 01:09:32.270000,HUL,27,0 days 00:01:37.348000,20.0,4.0,,,0 days 00:00:29.703000,0 days 00:00:35.420000,0 days 00:00:32.225000,0 days 01:08:24.625000,0 days 01:09:00.045000,0 days 01:09:32.270000,228.0,249.0,227.0,291.0,False,SOFT,4.0,False,Audi,0 days 01:07:54.922000,2026-09-11 12:22:57.740,1,,,,False,True,FP1,50.1,27.2,15.4
0 days 01:11:10.191000,HUL,27,0 days 00:01:37.921000,21.0,4.0,,,0 days 00:00:30.116000,0 days 00:00:35.591000,0 days 00:00:32.214000,0 days 01:10:02.386000,0 days 01:10:37.977000,0 days 01:11:10.191000,223.0,245.0,227.0,292.0,False,SOFT,5.0,False,Audi,0 days 01:09:32.270000,2026-09-11 12:24:35.088,1,,,,False,True,FP1,50.1,27.2,15.4
0 days 01:12:48.395000,HUL,27,0 days 00:01:38.204000,22.0,4.0,,,0 days 00:00:30.174000,0 days 00:00:35.365000,0 days 00:00:32.665000,0 days 01:11:40.365000,0 days 01:12:15.730000,0 days 01:12:48.395000,223.0,248.0,225.0,288.0,False,SOFT,6.0,False,Audi,0 days 01:11:10.191000,2026-09-11 12:26:13.009,12,,,,False,True,FP1,50.1,27.2,15.4
0 days 01:14:26.463000,HUL,27,0 days 00:01:38.068000,23.0,4.0,,,0 days 00:00:29.985000,0 days 00:00:35.444000,0 days 00:00:32.639000,0 days 01:13:18.380000,0 days 01:13:53.824000,0 days 01:14:26.463000,229.0,250.0,225.0,290.0,False,SOFT,7.0,False,Audi,0 days 01:12:48.395000,2026-09-11 12:27:51.213,1,,,,False,True,FP1,49.9,27.2,15.4
0 days 01:16:06.930000,HUL,27,0 days 00:01:40.467000,24.0,4.0,,,0 days 00:00:30.648000,0 days 00:00:36.752000,0 days 00:00:33.067000,0 days 01:14:57.111000,0 days 01:15:33.863000,0 days 01:16:06.930000,199.0,242.0,218.0,264.0,False,SOFT,8.0,False,Audi,0 days 01:14:26.463000,2026-09-11 12:29:29.281,1,,,,False,True,FP1,49.9,27.2,15.4
0 days 01:18:35.369000,HUL,27,0 days 00:02:28.439000,25.0,4.0,,,0 days 00:00:42.935000,0 days 00:00:52.350000,0 days 00:00:53.154000,0 days 01:16:49.865000,0 days 01:17:42.215000,0 days 01:18:35.369000,134.0,151.0,52.0,165.0,False,SOFT,9.0,False,Audi,0 days 01:16:06.930000,2026-09-11 12:31:09.748,1,,,,False,True,FP1,49.9,27.2,15.4
0 days 01:20:49.328000,HUL,27,0 days 00:02:13.959000,26.0,4.0,,0 days 01:20:48.384000,0 days 00:01:00.651000,0 days 00:00:36.937000,0 days 00:00:36.371000,0 days 01:19:36.020000,0 days 01:20:12.957000,0 days 01:20:49.328000,198.0,232.0,,273.0,False,SOFT,10.0,False,Audi,0 days 01:18:35.369000,2026-09-11 12:33:38.187,1,,,,False,False,FP1,49.9,27.2,15.4
0 days 00:18:11.075000,LAW,30,,1.0,1.0,0 days 00:15:58.701000,,,0 days 00:00:41.443000,0 days 00:00:46.756000,,0 days 00:17:24.528000,0 days 00:18:11.125000,171.0,227.0,220.0,150.0,False,MEDIUM,1.0,True,Red Bull Racing,0 days 00:15:58.701000,2026-09-11 11:31:01.519,1,,,,False,False,FP1,49.9,27.2,15.4
0 days 00:19:51.358000,LAW,30,0 days 00:01:40.283000,2.0,1.0,,,0 days 00:00:31.045000,0 days 00:00:36.060000,0 days 00:00:33.178000,0 days 00:18:42.120000,0 days 00:19:18.180000,0 days 00:19:51.358000,199.0,248.0,229.0,291.0,True,MEDIUM,2.0,True,Red Bull Racing,0 days 00:18:11.075000,2026-09-11 11:33:13.893,1,,,,False,True,FP1,49.9,27.2,15.4
0 days 00:21:30.506000,LAW,30,0 days 00:01:39.148000,3.0,1.0,,,0 days 00:00:30.915000,0 days 00:00:35.307000,0 days 00:00:32.926000,0 days 00:20:22.273000,0 days 00:20:57.580000,0 days 00:21:30.506000,211.0,253.0,227.0,289.0,True,MEDIUM,3.0,True,Red Bull Racing,0 days 00:19:51.358000,2026-09-11 11:34:54.176,1,,,,False,True,FP1,49.9,27.2,15.4
0 days 00:23:58.960000,LAW,30,0 days 00:02:28.454000,4.0,1.0,,,0 days 00:00:48.173000,0 days 00:00:58.919000,0 days 00:00:41.362000,0 days 00:22:18.679000,0 days 00:23:17.598000,0 days 00:23:58.960000,108.0,156.0,227.0,139.0,False,MEDIUM,4.0,True,Red Bull Racing,0 days 00:21:30.506000,2026-09-11 11:36:33.324,1,,,,False,True,FP1,49.9,27.2,15.4
0 days 00:25:35.793000,LAW,30,0 days 00:01:36.833000,5.0,1.0,,,0 days 00:00:29.953000,0 days 00:00:34.222000,0 days 00:00:32.658000,0 days 00:24:28.913000,0 days 00:25:03.135000,0 days 00:25:35.793000,222.0,261.0,196.0,300.0,True,MEDIUM,5.0,True,Red Bull Racing,0 days 00:23:58.960000,2026-09-11 11:39:01.778,1,,,,False,True,FP1,49.9,27.2,15.4
0 days 00:28:19.858000,LAW,30,,6.0,1.0,,,0 days 00:00:52.096000,0 days 00:01:08.171000,0 days 00:00:43.765000,0 days 00:26:28.086000,0 days 00:27:36.310000,0 days 00:28:19.858000,107.0,77.0,226.0,138.0,False,MEDIUM,6.0,True,Red Bull Racing,0 days 00:25:35.793000,2026-09-11 11:40:38.611,1,,,,False,False,FP1,50.2,27.3,15.6
0 days 00:29:57.095000,LAW,30,0 days 00:01:37.237000,7.0,1.0,,,0 days 00:00:30.228000,0 days 00:00:34.261000,0 days 00:00:32.748000,0 days 00:28:50.086000,0 days 00:29:24.347000,0 days 00:29:57.095000,225.0,266.0,206.0,293.0,False,MEDIUM,7.0,True,Red Bull Racing,0 days 00:28:19.858000,2026-09-11 11:43:22.676,1,,,,False,True,FP1,50.2,27.3,15.6
0 days 00:32:08.842000,LAW,30,0 days 00:02:11.747000,8.0,1.0,,0 days 00:32:07.743000,0 days 00:00:40.576000,0 days 00:00:50.921000,0 days 00:00:40.250000,0 days 00:30:37.671000,0 days 00:31:28.592000,0 days 00:32:08.842000,166.0,202.0,,219.0,False,MEDIUM,8.0,True,Red Bull Racing,0 days 00:29:57.095000,2026-09-11 11:44:59.913,1,,,,False,False,FP1,50.2,27.3,15.6
0 days 00:42:14.002000,LAW,30,,9.0,2.0,0 days 00:40:23.279000,,,0 days 00:00:43.835000,0 days 00:00:35.698000,,0 days 00:41:38.549000,0 days 00:42:14.197000,159.0,224.0,226.0,184.0,False,SOFT,1.0,True,Red Bull Racing,0 days 00:32:08.842000,2026-09-11 11:47:11.660,1,,,,False,False,FP1,50.2,27.3,15.6
0 days 00:43:49.693000,LAW,30,0 days 00:01:35.691000,10.0,2.0,,,0 days 00:00:29.572000,0 days 00:00:33.868000,0 days 00:00:32.251000,0 days 00:42:43.574000,0 days 00:43:17.442000,0 days 00:43:49.693000,234.0,264.0,206.0,299.0,True,SOFT,2.0,True,Red Bull Racing,0 days 00:42:14.002000,2026-09-11 11:57:16.820,1,,,,False,True,FP1,50.2,27.3,15.6
0 days 00:46:07.510000,LAW,30,0 days 00:02:17.817000,11.0,2.0,,0 days 00:46:06.479000,0 days 00:00:45.209000,0 days 00:00:47.367000,0 days 00:00:45.241000,0 days 00:44:34.902000,0 days 00:45:22.269000,0 days 00:46:07.510000,163.0,180.0,,201.0,False,SOFT,3.0,True,Red Bull Racing,0 days 00:43:49.693000,2026-09-11 11:58:52.511,1,,,,False,False,FP1,50.2,27.3,15.6
0 days 00:48:43.959000,LAW,30,,12.0,3.0,0 days 00:46:43.912000,,0 days 00:01:11.354000,0 days 00:00:46.525000,0 days 00:00:38.595000,0 days 00:47:19.221000,0 days 00:48:05.593000,0 days 00:48:44.163000,144.0,192.0,225.0,162.0,False,SOFT,4.0,False,Red Bull Racing,0 days 00:46:07.510000,2026-09-11 12:01:10.328,1,,,,False,False,FP1,50.2,27.3,15.6
0 days 00:50:19.498000,LAW,30,0 days 00:01:35.539000,13.0,3.0,,,0 days 00:00:29.753000,0 days 00:00:33.697000,0 days 00:00:32.089000,0 days 00:49:13.712000,0 days 00:49:47.409000,0 days 00:50:19.498000,228.0,273.0,213.0,292.0,True,SOFT,5.0,False,Red Bull Racing,0 days 00:48:43.959000,2026-09-11 12:03:46.777,1,,,,False,True,FP1,50.2,27.3,15.5
0 days 00:52:17.273000,LAW,30,0 days 00:01:57.775000,14.0,3.0,,0 days 00:52:16.362000,0 days 00:00:37.872000,0 days 00:00:41.771000,0 days 00:00:38.132000,0 days 00:50:57.370000,0 days 00:51:39.141000,0 days 00:52:17.273000,185.0,196.0,,228.0,False,SOFT,6.0,False,Red Bull Racing,0 days 00:50:19.498000,2026-09-11 12:05:22.316,1,,,,False,False,FP1,50.2,27.3,15.5
0 days 00:59:42.165000,LAW,30,,15.0,4.0,0 days 00:58:02.810000,,,0 days 00:00:37.917000,0 days 00:00:36.914000,,0 days 00:59:05.483000,0 days 00:59:42.234000,201.0,230.0,220.0,262.0,False,SOFT,7.0,False,Red Bull Racing,0 days 00:52:17.273000,2026-09-11 12:07:20.091,1,,,,False,False,FP1,50.2,27.3,15.5
0 days 01:01:23.901000,LAW,30,0 days 00:01:41.736000,16.0,4.0,,,0 days 00:00:31.410000,0 days 00:00:36.545000,0 days 00:00:33.781000,0 days 01:00:13.575000,0 days 01:00:50.120000,0 days 01:01:23.901000,207.0,244.0,218.0,274.0,False,SOFT,8.0,False,Red Bull Racing,0 days 00:59:42.165000,2026-09-11 12:14:44.983,1,,,,False,True,FP1,50.2,27.3,15.5
0 days 01:03:05.095000,LAW,30,0 days 00:01:41.194000,17.0,4.0,,,0 days 00:00:31.501000,0 days 00:00:36.166000,0 days 00:00:33.527000,0 days 01:01:55.402000,0 days 01:02:31.568000,0 days 01:03:05.095000,209.0,243.0,221.0,278.0,False,SOFT,9.0,False,Red Bull Racing,0 days 01:01:23.901000,2026-09-11 12:16:26.719,1,,,,False,True,FP1,51.0,27.5,15.2
0 days 01:04:45.337000,LAW,30,0 days 00:01:40.242000,18.0,4.0,,,0 days 00:00:31.307000,0 days 00:00:35.658000,0 days 00:00:33.277000,0 days 01:03:36.402000,0 days 01:04:12.060000,0 days 01:04:45.337000,214.0,256.0,219.0,277.0,False,SOFT,10.0,False,Red Bull Racing,0 days 01:03:05.095000,2026-09-11 12:18:07.913,1,,,,False,True,FP1,51.0,27.5,15.2
0 days 01:06:25.902000,LAW,30,0 days 00:01:40.565000,19.0,4.0,,,0 days 00:00:31.346000,0 days 00:00:35.723000,0 days 00:00:33.496000,0 days 01:05:16.683000,0 days 01:05:52.406000,0 days 01:06:25.902000,210.0,248.0,220.0,279.0,False,SOFT,11.0,False,Red Bull Racing,0 days 01:04:45.337000,2026-09-11 12:19:48.155,1,,,,False,True,FP1,51.0,27.5,15.2
0 days 01:08:06.800000,LAW,30,0 days 00:01:40.898000,20.0,4.0,,,0 days 00:00:31.372000,0 days 00:00:35.724000,0 days 00:00:33.802000,0 days 01:06:57.274000,0 days 01:07:32.998000,0 days 01:08:06.800000,216.0,243.0,219.0,273.0,False,SOFT,12.0,False,Red Bull Racing,0 days 01:06:25.902000,2026-09-11 12:21:28.720,1,,,,False,True,FP1,51.0,27.5,15.2
0 days 01:09:48.723000,LAW,30,0 days 00:01:41.923000,21.0,4.0,,,0 days 00:00:31.381000,0 days 00:00:36.243000,0 days 00:00:34.299000,0 days 01:08:38.181000,0 days 01:09:14.424000,0 days 01:09:48.723000,212.0,242.0,217.0,280.0,False,SOFT,13.0,False,Red Bull Racing,0 days 01:08:06.800000,2026-09-11 12:23:09.618,1,,,,False,True,FP1,51.0,27.5,15.2
0 days 01:11:31.883000,LAW,30,0 days 00:01:43.160000,22.0,4.0,,,0 days 00:00:31.704000,0 days 00:00:36.936000,0 days 00:00:34.520000,0 days 01:10:20.427000,0 days 01:10:57.363000,0 days 01:11:31.883000,210.0,240.0,221.0,276.0,False,SOFT,14.0,False,Red Bull Racing,0 days 01:09:48.723000,2026-09-11 12:24:51.541,1,,,,False,True,FP1,50.7,27.7,14.9
0 days 01:13:18.039000,LAW,30,0 days 00:01:46.156000,23.0,4.0,,0 days 01:13:17.052000,0 days 00:00:31.493000,0 days 00:00:37.088000,0 days 00:00:37.575000,0 days 01:12:03.376000,0 days 01:12:40.464000,0 days 01:13:18.039000,213.0,237.0,,282.0,False,SOFT,15.0,False,Red Bull Racing,0 days 01:11:31.883000,2026-09-11 12:26:34.701,12,,,,False,False,FP1,50.7,27.7,14.9
0 days 01:15:24.395000,LAW,30,0 days 00:02:06.356000,24.0,5.0,0 days 01:13:49.131000,,0 days 00:00:55.323000,0 days 00:00:36.730000,0 days 00:00:34.303000,0 days 01:14:13.362000,0 days 01:14:50.092000,0 days 01:15:24.395000,194.0,251.0,223.0,249.0,False,MEDIUM,9.0,False,Red Bull Racing,0 days 01:13:18.039000,2026-09-11 12:28:20.857,1,,,,False,False,FP1,50.7,27.7,14.9
0 days 01:17:49.258000,LAW,30,0 days 00:02:24.863000,25.0,5.0,,,0 days 00:00:37.064000,0 days 00:00:56.461000,0 days 00:00:51.338000,0 days 01:16:01.459000,0 days 01:16:57.920000,0 days 01:17:49.258000,155.0,188.0,87.0,180.0,False,MEDIUM,10.0,False,Red Bull Racing,0 days 01:15:24.395000,2026-09-11 12:30:27.213,1,,,,False,True,FP1,50.7,27.7,14.9
0 days 01:20:14.706000,LAW,30,0 days 00:02:25.448000,26.0,5.0,,0 days 01:20:13.651000,0 days 00:01:09.068000,0 days 00:00:36.167000,0 days 00:00:40.213000,0 days 01:18:58.326000,0 days 01:19:34.493000,0 days 01:20:14.706000,203.0,237.0,,272.0,False,MEDIUM,11.0,False,Red Bull Racing,0 days 01:17:49.258000,2026-09-11 12:32:52.076,1,,,,False,False,FP1,50.7,27.7,14.9
0 days 00:16:55.926000,OCO,31,,1.0,1.0,0 days 00:15:00.821000,,,0 days 00:00:43.432000,0 days 00:00:39.934000,,0 days 00:16:16.243000,0 days 00:16:55.969000,168.0,204.0,213.0,166.0,False,MEDIUM,1.0,True,Haas F1 Team,0 days 00:15:00.821000,2026-09-11 11:30:03.639,1,,,,False,False,FP1,50.7,27.7,14.9
0 days 00:18:40.262000,OCO,31,0 days 00:01:44.336000,2.0,1.0,,,0 days 00:00:32.080000,0 days 00:00:37.621000,0 days 00:00:34.635000,0 days 00:17:28.006000,0 days 00:18:05.627000,0 days 00:18:40.262000,192.0,231.0,197.0,276.0,True,MEDIUM,2.0,True,Haas F1 Team,0 days 00:16:55.926000,2026-09-11 11:31:58.744,1,,,,False,True,FP1,50.7,27.6,15.1
0 days 00:20:53.967000,OCO,31,0 days 00:02:13.705000,3.0,1.0,,0 days 00:20:52.944000,0 days 00:00:38.759000,0 days 00:00:47.485000,0 days 00:00:47.461000,0 days 00:19:19.021000,0 days 00:20:06.506000,0 days 00:20:53.967000,172.0,112.0,,225.0,False,MEDIUM,3.0,True,Haas F1 Team,0 days 00:18:40.262000,2026-09-11 11:33:43.080,1,,,,False,False,FP1,50.7,27.6,15.1
0 days 00:31:22.154000,OCO,31,,4.0,2.0,0 days 00:29:34.506000,,,0 days 00:00:41.460000,0 days 00:00:38.742000,,0 days 00:30:43.532000,0 days 00:31:22.170000,184.0,185.0,220.0,188.0,False,MEDIUM,4.0,False,Haas F1 Team,0 days 00:20:53.967000,2026-09-11 11:35:56.785,1,,,,False,False,FP1,50.7,27.6,15.1
0 days 00:33:03.336000,OCO,31,0 days 00:01:41.182000,5.0,2.0,,,0 days 00:00:31.200000,0 days 00:00:36.523000,0 days 00:00:33.459000,0 days 00:31:53.354000,0 days 00:32:29.877000,0 days 00:33:03.336000,207.0,238.0,224.0,259.0,True,MEDIUM,5.0,False,Haas F1 Team,0 days 00:31:22.154000,2026-09-11 11:46:24.972,1,,,,False,True,FP1,50.7,27.6,15.1
0 days 00:34:42.752000,OCO,31,0 days 00:01:39.416000,6.0,2.0,,,0 days 00:00:30.604000,0 days 00:00:35.864000,0 days 00:00:32.948000,0 days 00:33:33.940000,0 days 00:34:09.804000,0 days 00:34:42.752000,217.0,241.0,224.0,285.0,True,MEDIUM,6.0,False,Haas F1 Team,0 days 00:33:03.336000,2026-09-11 11:48:06.154,1,,,,False,True,FP1,50.7,27.6,15.1
0 days 00:37:06.141000,OCO,31,0 days 00:02:23.389000,7.0,2.0,,0 days 00:37:05.101000,0 days 00:00:39.088000,0 days 00:00:54.907000,0 days 00:00:49.394000,0 days 00:35:21.840000,0 days 00:36:16.747000,0 days 00:37:06.141000,134.0,165.0,,226.0,False,MEDIUM,7.0,False,Haas F1 Team,0 days 00:34:42.752000,2026-09-11 11:49:45.570,1,,,,False,False,FP1,51.2,27.7,15.4
0 days 00:39:41.882000,OCO,31,,8.0,3.0,0 days 00:37:48.116000,,0 days 00:01:10.657000,0 days 00:00:42.911000,0 days 00:00:42.238000,0 days 00:38:17.016000,0 days 00:38:59.889000,0 days 00:39:41.957000,182.0,207.0,216.0,199.0,False,MEDIUM,8.0,False,Haas F1 Team,0 days 00:37:06.141000,2026-09-11 11:52:08.959,1,,,,False,False,FP1,51.2,27.7,15.4
0 days 00:41:19.868000,OCO,31,0 days 00:01:37.986000,9.0,3.0,,,0 days 00:00:30.260000,0 days 00:00:35.121000,0 days 00:00:32.605000,0 days 00:40:12.142000,0 days 00:40:47.263000,0 days 00:41:19.868000,213.0,252.0,214.0,288.0,True,MEDIUM,9.0,False,Haas F1 Team,0 days 00:39:41.882000,2026-09-11 11:54:44.700,1,,,,False,True,FP1,51.2,27.7,15.4
0 days 00:43:38.476000,OCO,31,0 days 00:02:18.608000,10.0,3.0,,,0 days 00:00:45.392000,0 days 00:00:49.384000,0 days 00:00:43.832000,0 days 00:42:05.260000,0 days 00:42:54.644000,0 days 00:43:38.476000,112.0,83.0,220.0,124.0,False,MEDIUM,10.0,False,Haas F1 Team,0 days 00:41:19.868000,2026-09-11 11:56:22.686,1,,,,False,True,FP1,51.2,27.7,15.4
0 days 00:45:16.177000,OCO,31,0 days 00:01:37.701000,11.0,3.0,,,0 days 00:00:30.051000,0 days 00:00:35.001000,0 days 00:00:32.649000,0 days 00:44:08.527000,0 days 00:44:43.528000,0 days 00:45:16.177000,213.0,249.0,212.0,291.0,True,MEDIUM,11.0,False,Haas F1 Team,0 days 00:43:38.476000,2026-09-11 11:58:41.294,1,,,,False,True,FP1,50.1,27.6,15.1
0 days 00:47:32.855000,OCO,31,0 days 00:02:16.678000,12.0,3.0,,0 days 00:47:31.798000,0 days 00:00:42.195000,0 days 00:00:48.723000,0 days 00:00:45.760000,0 days 00:45:58.372000,0 days 00:46:47.095000,0 days 00:47:32.855000,152.0,102.0,,165.0,False,MEDIUM,12.0,False,Haas F1 Team,0 days 00:45:16.177000,2026-09-11 12:00:18.995,1,,,,False,False,FP1,50.1,27.6,15.1
0 days 00:50:05.055000,OCO,31,,13.0,4.0,0 days 00:48:17.176000,,0 days 00:01:13.470000,0 days 00:00:42.592000,0 days 00:00:36.046000,0 days 00:48:46.543000,0 days 00:49:29.205000,0 days 00:50:05.055000,175.0,205.0,226.0,159.0,False,MEDIUM,13.0,False,Haas F1 Team,0 days 00:47:32.855000,2026-09-11 12:02:35.673,1,,,,False,False,FP1,50.1,27.6,15.1
0 days 00:51:42.323000,OCO,31,0 days 00:01:37.268000,14.0,4.0,,,0 days 00:00:30.071000,0 days 00:00:34.612000,0 days 00:00:32.585000,0 days 00:50:35.126000,0 days 00:51:09.738000,0 days 00:51:42.323000,208.0,252.0,215.0,289.0,True,MEDIUM,14.0,False,Haas F1 Team,0 days 00:50:05.055000,2026-09-11 12:05:07.873,1,,,,False,True,FP1,50.5,27.5,15.3
0 days 00:53:37.402000,OCO,31,0 days 00:01:55.079000,15.0,4.0,,0 days 00:53:36.355000,0 days 00:00:33.315000,0 days 00:00:40.769000,0 days 00:00:40.995000,0 days 00:52:15.638000,0 days 00:52:56.407000,0 days 00:53:37.402000,185.0,212.0,,223.0,False,MEDIUM,15.0,False,Haas F1 Team,0 days 00:51:42.323000,2026-09-11 12:06:45.141,1,,,,False,False,FP1,50.5,27.5,15.3
0 days 01:00:47.469000,OCO,31,,16.0,5.0,0 days 00:58:54.815000,,,0 days 00:00:40.865000,0 days 00:00:43.724000,,0 days 01:00:04.034000,0 days 01:00:47.493000,174.0,211.0,222.0,200.0,False,SOFT,1.0,True,Haas F1 Team,0 days 00:53:37.402000,2026-09-11 12:08:40.220,1,,,,False,False,FP1,50.5,27.5,15.3
0 days 01:02:23.589000,OCO,31,0 days 00:01:36.120000,17.0,5.0,,,0 days 00:00:29.645000,0 days 00:00:34.238000,0 days 00:00:32.237000,0 days 01:01:17.114000,0 days 01:01:51.352000,0 days 01:02:23.589000,211.0,252.0,215.0,293.0,True,SOFT,2.0,True,Haas F1 Team,0 days 01:00:47.469000,2026-09-11 12:15:50.287,1,,,,False,True,FP1,50.5,27.5,15.3
0 days 01:04:50.188000,OCO,31,0 days 00:02:26.599000,18.0,5.0,,0 days 01:04:49.132000,0 days 00:00:46.889000,0 days 00:00:53.624000,0 days 00:00:46.086000,0 days 01:03:10.478000,0 days 01:04:04.102000,0 days 01:04:50.188000,94.0,182.0,,151.0,False,SOFT,3.0,True,Haas F1 Team,0 days 01:02:23.589000,2026-09-11 12:17:26.407,1,,,,False,False,FP1,50.5,27.5,15.3
0 days 01:07:42.266000,OCO,31,,19.0,6.0,0 days 01:05:36.718000,,0 days 00:01:19.309000,0 days 00:00:48.904000,0 days 00:00:43.942000,0 days 01:06:09.799000,0 days 01:06:58.596000,0 days 01:07:42.495000,101.0,175.0,225.0,168.0,False,SOFT,4.0,False,Haas F1 Team,0 days 01:04:50.188000,2026-09-11 12:19:53.006,1,,,,False,False,FP1,50.5,27.5,15.3
0 days 01:09:18.100000,OCO,31,0 days 00:01:35.834000,20.0,6.0,,,0 days 00:00:29.648000,0 days 00:00:34.286000,0 days 00:00:31.900000,0 days 01:08:11.914000,0 days 01:08:46.200000,0 days 01:09:18.100000,208.0,251.0,216.0,294.0,True,SOFT,5.0,False,Haas F1 Team,0 days 01:07:42.266000,2026-09-11 12:22:45.084,1,,,,False,True,FP1,50.3,27.3,15.4
0 days 01:11:38.354000,OCO,31,0 days 00:02:20.254000,21.0,6.0,,0 days 01:11:37.814000,0 days 00:00:43.190000,0 days 00:00:48.595000,0 days 00:00:48.469000,0 days 01:10:01.290000,0 days 01:10:49.885000,0 days 01:11:38.354000,99.0,174.0,,166.0,False,SOFT,6.0,False,Haas F1 Team,0 days 01:09:18.100000,2026-09-11 12:24:20.918,12,,,,False,False,FP1,50.3,27.3,15.4
0 days 01:14:14.045000,OCO,31,,22.0,7.0,0 days 01:12:18.941000,,0 days 00:01:12.953000,0 days 00:00:41.218000,0 days 00:00:41.322000,0 days 01:12:51.583000,0 days 01:13:32.811000,0 days 01:14:14.051000,155.0,215.0,225.0,182.0,False,SOFT,7.0,False,Haas F1 Team,0 days 01:11:38.354000,2026-09-11 12:26:41.172,21,,,,False,False,FP1,50.3,27.3,15.4
0 days 01:15:50.872000,OCO,31,0 days 00:01:36.827000,23.0,7.0,,,0 days 00:00:29.880000,0 days 00:00:34.437000,0 days 00:00:32.510000,0 days 01:14:43.925000,0 days 01:15:18.362000,0 days 01:15:50.872000,200.0,250.0,213.0,292.0,False,SOFT,8.0,False,Haas F1 Team,0 days 01:14:14.045000,2026-09-11 12:29:16.863,1,,,,False,True,FP1,50.3,27.3,15.4
0 days 01:18:03.545000,OCO,31,0 days 00:02:12.673000,24.0,7.0,,,0 days 00:00:45.016000,0 days 00:00:45.816000,0 days 00:00:41.841000,0 days 01:16:35.888000,0 days 01:17:21.704000,0 days 01:18:03.545000,122.0,211.0,75.0,147.0,False,SOFT,9.0,False,Haas F1 Team,0 days 01:15:50.872000,2026-09-11 12:30:53.690,1,,,,False,True,FP1,50.3,27.3,15.4
0 days 01:20:17.407000,OCO,31,0 days 00:02:13.862000,25.0,7.0,,0 days 01:20:16.309000,0 days 00:01:00.694000,0 days 00:00:36.505000,0 days 00:00:36.663000,0 days 01:19:04.239000,0 days 01:19:40.744000,0 days 01:20:17.407000,183.0,246.0,,257.0,False,SOFT,10.0,False,Haas F1 Team,0 days 01:18:03.545000,2026-09-11 12:33:06.363,1,,,,False,False,FP1,50.3,27.3,15.4
0 days 00:18:31.309000,LIN,41,,1.0,1.0,0 days 00:16:23.497000,,,0 days 00:00:41.527000,0 days 00:00:56.981000,,0 days 00:17:34.595000,0 days 00:18:31.475000,169.0,210.0,215.0,192.0,False,MEDIUM,1.0,True,Racing Bulls,0 days 00:16:23.497000,2026-09-11 11:31:26.315,1,,,,False,False,FP1,50.8,27.2,15.1
0 days 00:20:11.442000,LIN,41,0 days 00:01:40.133000,2.0,1.0,,,0 days 00:00:31.325000,0 days 00:00:35.560000,0 days 00:00:33.248000,0 days 00:19:02.634000,0 days 00:19:38.194000,0 days 00:20:11.442000,196.0,238.0,223.0,251.0,True,MEDIUM,2.0,True,Racing Bulls,0 days 00:18:31.309000,2026-09-11 11:33:34.127,1,,,,False,True,FP1,50.8,27.2,15.1
0 days 00:22:01.589000,LIN,41,0 days 00:01:50.147000,3.0,1.0,,,0 days 00:00:31.108000,0 days 00:00:39.484000,0 days 00:00:39.555000,0 days 00:20:42.550000,0 days 00:21:22.034000,0 days 00:22:01.589000,201.0,172.0,222.0,244.0,False,MEDIUM,3.0,True,Racing Bulls,0 days 00:20:11.442000,2026-09-11 11:35:14.260,1,,,,False,True,FP1,50.8,27.2,15.1
0 days 00:23:39.984000,LIN,41,0 days 00:01:38.395000,4.0,1.0,,,0 days 00:00:30.454000,0 days 00:00:35.216000,0 days 00:00:32.725000,0 days 00:22:32.043000,0 days 00:23:07.259000,0 days 00:23:39.984000,215.0,249.0,218.0,274.0,True,MEDIUM,4.0,True,Racing Bulls,0 days 00:22:01.589000,2026-09-11 11:37:04.407,1,,,,False,True,FP1,50.8,27.2,15.1
0 days 00:26:17.550000,LIN,41,,5.0,1.0,,,0 days 00:00:47.701000,0 days 00:01:02.221000,0 days 00:00:47.625000,0 days 00:24:27.945000,0 days 00:25:30.265000,0 days 00:26:17.711000,110.0,189.0,228.0,124.0,False,MEDIUM,5.0,True,Racing Bulls,0 days 00:23:39.984000,2026-09-11 11:38:42.802,1,,,,False,False,FP1,50.8,27.2,15.1
0 days 00:27:55.060000,LIN,41,0 days 00:01:37.510000,6.0,1.0,,,0 days 00:00:29.684000,0 days 00:00:34.632000,0 days 00:00:33.194000,0 days 00:26:47.234000,0 days 00:27:21.866000,0 days 00:27:55.060000,230.0,250.0,209.0,293.0,True,MEDIUM,6.0,True,Racing Bulls,0 days 00:26:17.550000,2026-09-11 11:41:20.368,1,,,,False,True,FP1,50.8,27.2,15.1
0 days 00:30:06.792000,LIN,41,0 days 00:02:11.732000,7.0,1.0,,,0 days 00:00:50.221000,0 days 00:00:44.946000,0 days 00:00:36.565000,0 days 00:28:45.281000,0 days 00:29:30.227000,0 days 00:30:06.792000,182.0,198.0,229.0,75.0,False,MEDIUM,7.0,True,Racing Bulls,0 days 00:27:55.060000,2026-09-11 11:42:57.878,1,,,,False,True,FP1,50.8,27.2,15.1
0 days 00:32:02.434000,LIN,41,0 days 00:01:55.642000,8.0,1.0,,,0 days 00:00:29.895000,0 days 00:00:44.339000,0 days 00:00:41.408000,0 days 00:30:36.687000,0 days 00:31:21.026000,0 days 00:32:02.434000,221.0,193.0,224.0,293.0,False,MEDIUM,8.0,True,Racing Bulls,0 days 00:30:06.792000,2026-09-11 11:45:09.610,1,,,,False,True,FP1,50.8,27.2,15.1
0 days 00:33:39.407000,LIN,41,0 days 00:01:36.973000,9.0,1.0,,,0 days 00:00:29.943000,0 days 00:00:34.288000,0 days 00:00:32.742000,0 days 00:32:32.377000,0 days 00:33:06.665000,0 days 00:33:39.407000,220.0,256.0,212.0,292.0,True,MEDIUM,9.0,True,Racing Bulls,0 days 00:32:02.434000,2026-09-11 11:47:05.252,1,,,,False,True,FP1,50.8,27.2,15.1
0 days 00:36:08.138000,LIN,41,0 days 00:02:28.731000,10.0,1.0,,,0 days 00:00:51.620000,0 days 00:01:00.878000,0 days 00:00:36.233000,0 days 00:34:31.027000,0 days 00:35:31.905000,0 days 00:36:08.138000,96.0,200.0,227.0,176.0,False,MEDIUM,10.0,True,Racing Bulls,0 days 00:33:39.407000,2026-09-11 11:48:42.225,1,,,,False,True,FP1,50.0,27.3,15.5
0 days 00:37:59.753000,LIN,41,0 days 00:01:51.615000,11.0,1.0,,,0 days 00:00:29.624000,0 days 00:00:41.392000,0 days 00:00:40.599000,0 days 00:36:37.762000,0 days 00:37:19.154000,0 days 00:37:59.753000,231.0,185.0,228.0,293.0,False,MEDIUM,11.0,True,Racing Bulls,0 days 00:36:08.138000,2026-09-11 11:51:10.956,1,,,,False,True,FP1,50.0,27.3,15.5
0 days 00:39:45.944000,LIN,41,0 days 00:01:46.191000,12.0,1.0,,0 days 00:39:44.902000,0 days 00:00:29.852000,0 days 00:00:34.539000,0 days 00:00:41.800000,0 days 00:38:29.605000,0 days 00:39:04.144000,0 days 00:39:45.944000,227.0,252.0,,293.0,False,MEDIUM,12.0,True,Racing Bulls,0 days 00:37:59.753000,2026-09-11 11:53:02.571,1,,,,False,False,FP1,50.0,27.3,15.5
0 days 00:47:04.156000,LIN,41,,13.0,2.0,0 days 00:45:24.083000,,,0 days 00:00:38.782000,0 days 00:00:33.886000,,0 days 00:46:30.550000,0 days 00:47:04.310000,165.0,240.0,226.0,206.0,False,SOFT,1.0,True,Racing Bulls,0 days 00:39:45.944000,2026-09-11 11:54:48.762,1,,,,False,False,FP1,50.0,27.3,15.5
0 days 00:48:39.975000,LIN,41,0 days 00:01:35.819000,14.0,2.0,,,0 days 00:00:29.706000,0 days 00:00:34.050000,0 days 00:00:32.063000,0 days 00:47:33.862000,0 days 00:48:07.912000,0 days 00:48:39.975000,230.0,251.0,214.0,293.0,True,SOFT,2.0,True,Racing Bulls,0 days 00:47:04.156000,2026-09-11 12:02:06.974,1,,,,False,True,FP1,50.0,27.3,15.5
0 days 00:51:01.594000,LIN,41,0 days 00:02:21.619000,15.0,2.0,,0 days 00:51:00.534000,0 days 00:00:50.382000,0 days 00:00:49.007000,0 days 00:00:42.230000,0 days 00:49:30.357000,0 days 00:50:19.364000,0 days 00:51:01.594000,178.0,189.0,,195.0,False,SOFT,3.0,True,Racing Bulls,0 days 00:48:39.975000,2026-09-11 12:03:42.793,1,,,,False,False,FP1,50.0,27.3,15.5
0 days 00:53:30.367000,LIN,41,0 days 00:02:28.773000,16.0,3.0,0 days 00:51:43.064000,,0 days 00:01:09.812000,0 days 00:00:43.408000,0 days 00:00:35.553000,0 days 00:52:11.406000,0 days 00:52:54.814000,0 days 00:53:30.367000,159.0,218.0,228.0,199.0,False,SOFT,4.0,False,Racing Bulls,0 days 00:51:01.594000,2026-09-11 12:06:04.412,1,,,,False,False,FP1,50.0,27.3,15.5
0 days 00:55:06.022000,LIN,41,0 days 00:01:35.655000,17.0,3.0,,,0 days 00:00:29.458000,0 days 00:00:33.886000,0 days 00:00:32.311000,0 days 00:53:59.825000,0 days 00:54:33.711000,0 days 00:55:06.022000,224.0,252.0,215.0,292.0,True,SOFT,5.0,False,Racing Bulls,0 days 00:53:30.367000,2026-09-11 12:08:33.185,1,,,,False,True,FP1,50.0,27.3,15.5
0 days 00:57:23.404000,LIN,41,0 days 00:02:17.382000,18.0,3.0,,0 days 00:57:22.454000,0 days 00:00:48.500000,0 days 00:00:47.813000,0 days 00:00:41.069000,0 days 00:55:54.522000,0 days 00:56:42.335000,0 days 00:57:23.404000,150.0,194.0,,152.0,False,SOFT,6.0,False,Racing Bulls,0 days 00:55:06.022000,2026-09-11 12:10:08.840,1,,,,False,False,FP1,50.0,27.3,15.5
0 days 00:59:57.505000,LIN,41,,19.0,4.0,0 days 00:58:01.795000,,0 days 00:01:08.483000,0 days 00:00:50.875000,0 days 00:00:34.695000,0 days 00:58:32.113000,0 days 00:59:23.117000,0 days 00:59:57.708000,141.0,237.0,228.0,191.0,False,SOFT,7.0,False,Racing Bulls,0 days 00:57:23.404000,2026-09-11 12:12:26.222,1,,,,False,False,FP1,50.6,27.3,15.4
0 days 01:01:32.538000,LIN,41,0 days 00:01:35.033000,20.0,4.0,,,0 days 00:00:29.383000,0 days 00:00:33.799000,0 days 00:00:31.851000,0 days 01:00:26.888000,0 days 01:01:00.687000,0 days 01:01:32.538000,228.0,257.0,213.0,298.0,True,SOFT,8.0,False,Racing Bulls,0 days 00:59:57.505000,2026-09-11 12:15:00.323,1,,,,False,True,FP1,50.6,27.3,15.4
0 days 01:03:36.408000,LIN,41,0 days 00:02:03.870000,21.0,4.0,,0 days 01:03:35.349000,0 days 00:00:36.910000,0 days 00:00:48.005000,0 days 00:00:38.955000,0 days 01:02:09.448000,0 days 01:02:57.453000,0 days 01:03:36.408000,165.0,180.0,,237.0,False,SOFT,9.0,False,Racing Bulls,0 days 01:01:32.538000,2026-09-11 12:16:35.356,1,,,,False,False,FP1,50.6,27.3,15.4
0 days 01:08:42.693000,LIN,41,,22.0,5.0,0 days 01:06:58.465000,,,0 days 00:00:42.150000,0 days 00:00:34.389000,,0 days 01:08:08.502000,0 days 01:08:42.781000,161.0,220.0,225.0,226.0,False,SOFT,10.0,False,Racing Bulls,0 days 01:03:36.408000,2026-09-11 12:18:39.226,1,,,,False,False,FP1,50.6,27.3,15.4
0 days 01:10:18.322000,LIN,41,0 days 00:01:35.629000,23.0,5.0,,,0 days 00:00:29.595000,0 days 00:00:33.910000,0 days 00:00:32.124000,0 days 01:09:12.288000,0 days 01:09:46.198000,0 days 01:10:18.322000,228.0,257.0,207.0,294.0,False,SOFT,11.0,False,Racing Bulls,0 days 01:08:42.693000,2026-09-11 12:23:45.511,1,,,,False,True,FP1,50.6,27.3,15.4
0 days 01:12:03.140000,LIN,41,0 days 00:01:44.818000,24.0,5.0,,,0 days 00:00:33.669000,0 days 00:00:37.529000,0 days 00:00:33.620000,0 days 01:10:51.991000,0 days 01:11:29.520000,0 days 01:12:03.140000,213.0,249.0,215.0,271.0,False,SOFT,12.0,False,Racing Bulls,0 days 01:10:18.322000,2026-09-11 12:25:21.140,12,,,,False,True,FP1,50.6,27.3,15.4
0 days 01:13:42.815000,LIN,41,0 days 00:01:39.675000,25.0,5.0,,,0 days 00:00:31.538000,0 days 00:00:35.321000,0 days 00:00:32.816000,0 days 01:12:34.678000,0 days 01:13:09.999000,0 days 01:13:42.815000,214.0,249.0,223.0,283.0,False,SOFT,13.0,False,Racing Bulls,0 days 01:12:03.140000,2026-09-11 12:27:05.958,1,,,,False,True,FP1,50.6,27.3,15.4
0 days 01:15:25.033000,LIN,41,0 days 00:01:42.218000,26.0,5.0,,,0 days 00:00:30.924000,0 days 00:00:36.848000,0 days 00:00:34.446000,0 days 01:14:13.739000,0 days 01:14:50.587000,0 days 01:15:25.033000,195.0,242.0,216.0,286.0,False,SOFT,14.0,False,Racing Bulls,0 days 01:13:42.815000,2026-09-11 12:28:45.633,1,,,,False,True,FP1,50.6,27.3,15.4
0 days 01:17:57.098000,LIN,41,,27.0,5.0,,,0 days 00:00:45.943000,0 days 00:01:01.300000,0 days 00:00:44.720000,0 days 01:16:11.144000,0 days 01:17:12.390000,0 days 01:17:57.112000,117.0,115.0,75.0,123.0,False,SOFT,15.0,False,Racing Bulls,0 days 01:15:25.033000,2026-09-11 12:30:27.851,1,,,,False,False,FP1,50.6,27.3,15.4
0 days 01:20:19.574000,LIN,41,0 days 00:02:22.476000,28.0,5.0,,0 days 01:20:18.496000,0 days 00:01:08.805000,0 days 00:00:38.113000,0 days 00:00:35.558000,0 days 01:19:05.903000,0 days 01:19:44.016000,0 days 01:20:19.574000,210.0,240.0,,255.0,False,SOFT,16.0,False,Racing Bulls,0 days 01:17:57.098000,2026-09-11 12:32:59.916,1,,,,False,False,FP1,51.1,27.3,15.4
0 days 00:21:03.912000,COL,43,,1.0,1.0,0 days 00:18:50.820000,0 days 00:21:02.727000,,0 days 00:00:50.845000,0 days 00:00:43.485000,,0 days 00:20:20.517000,0 days 00:21:03.912000,145.0,150.0,,201.0,False,MEDIUM,1.0,True,Alpine,0 days 00:18:50.820000,2026-09-11 11:33:53.638,1,,,,False,False,FP1,51.1,27.3,15.4
0 days 00:31:42.188000,COL,43,,2.0,2.0,0 days 00:29:57.448000,,,0 days 00:00:41.353000,0 days 00:00:35.039000,,0 days 00:31:07.513000,0 days 00:31:42.273000,170.0,224.0,223.0,227.0,False,MEDIUM,1.0,False,Alpine,0 days 00:21:03.912000,2026-09-11 11:36:06.730,1,,,,False,False,FP1,51.1,27.3,15.4
0 days 00:33:24.153000,COL,43,0 days 00:01:41.965000,3.0,2.0,,,0 days 00:00:31.448000,0 days 00:00:36.549000,0 days 00:00:33.968000,0 days 00:32:13.636000,0 days 00:32:50.185000,0 days 00:33:24.153000,207.0,235.0,215.0,274.0,True,MEDIUM,2.0,False,Alpine,0 days 00:31:42.188000,2026-09-11 11:46:45.006,1,,,,False,True,FP1,51.1,27.3,15.4
0 days 00:35:04.367000,COL,43,0 days 00:01:40.214000,4.0,2.0,,,0 days 00:00:31.115000,0 days 00:00:35.788000,0 days 00:00:33.311000,0 days 00:33:55.268000,0 days 00:34:31.056000,0 days 00:35:04.367000,209.0,244.0,219.0,292.0,True,MEDIUM,3.0,False,Alpine,0 days 00:33:24.153000,2026-09-11 11:48:26.971,1,,,,False,True,FP1,51.1,27.3,15.4
0 days 00:36:53.849000,COL,43,0 days 00:01:49.482000,5.0,2.0,,,0 days 00:00:31.180000,0 days 00:00:37.056000,0 days 00:00:41.246000,0 days 00:35:35.547000,0 days 00:36:12.603000,0 days 00:36:53.849000,206.0,182.0,206.0,295.0,False,MEDIUM,4.0,False,Alpine,0 days 00:35:04.367000,2026-09-11 11:50:07.185,1,,,,False,True,FP1,51.1,27.3,15.4
0 days 00:38:33.956000,COL,43,0 days 00:01:40.107000,6.0,2.0,,,0 days 00:00:31.506000,0 days 00:00:35.614000,0 days 00:00:32.987000,0 days 00:37:25.355000,0 days 00:38:00.969000,0 days 00:38:33.956000,208.0,248.0,225.0,286.0,True,MEDIUM,5.0,False,Alpine,0 days 00:36:53.849000,2026-09-11 11:51:56.667,1,,,,False,True,FP1,51.1,27.3,15.4
0 days 00:40:12.576000,COL,43,0 days 00:01:38.620000,7.0,2.0,,,0 days 00:00:30.433000,0 days 00:00:35.302000,0 days 00:00:32.885000,0 days 00:39:04.389000,0 days 00:39:39.691000,0 days 00:40:12.576000,215.0,249.0,225.0,288.0,True,MEDIUM,6.0,False,Alpine,0 days 00:38:33.956000,2026-09-11 11:53:36.774,1,,,,False,True,FP1,51.1,27.3,15.4
0 days 00:42:32.879000,COL,43,0 days 00:02:20.303000,8.0,2.0,,,0 days 00:00:41.179000,0 days 00:00:57.134000,0 days 00:00:41.990000,0 days 00:40:53.755000,0 days 00:41:50.889000,0 days 00:42:32.879000,132.0,121.0,224.0,164.0,False,MEDIUM,7.0,False,Alpine,0 days 00:40:12.576000,2026-09-11 11:55:15.394,1,,,,False,True,FP1,51.1,27.3,15.4
0 days 00:44:11.168000,COL,43,0 days 00:01:38.289000,9.0,2.0,,,0 days 00:00:30.302000,0 days 00:00:35.295000,0 days 00:00:32.692000,0 days 00:43:03.181000,0 days 00:43:38.476000,0 days 00:44:11.168000,215.0,248.0,225.0,291.0,True,MEDIUM,8.0,False,Alpine,0 days 00:42:32.879000,2026-09-11 11:57:35.697,1,,,,False,True,FP1,51.5,27.4,15.2
0 days 00:45:50.718000,COL,43,0 days 00:01:39.550000,10.0,2.0,,,0 days 00:00:30.619000,0 days 00:00:35.452000,0 days 00:00:33.479000,0 days 00:44:41.787000,0 days 00:45:17.239000,0 days 00:45:50.718000,217.0,246.0,225.0,290.0,False,MEDIUM,9.0,False,Alpine,0 days 00:44:11.168000,2026-09-11 11:59:13.986,1,,,,False,True,FP1,51.5,27.4,15.2
0 days 00:47:29.311000,COL,43,0 days 00:01:38.593000,11.0,2.0,,,0 days 00:00:29.983000,0 days 00:00:35.355000,0 days 00:00:33.255000,0 days 00:46:20.701000,0 days 00:46:56.056000,0 days 00:47:29.311000,220.0,248.0,223.0,300.0,False,MEDIUM,10.0,False,Alpine,0 days 00:45:50.718000,2026-09-11 12:00:53.536,1,,,,False,True,FP1,51.5,27.4,15.2
0 days 00:49:29.967000,COL,43,0 days 00:02:00.656000,12.0,2.0,,0 days 00:49:29.111000,0 days 00:00:41.846000,0 days 00:00:41.437000,0 days 00:00:37.373000,0 days 00:48:11.157000,0 days 00:48:52.594000,0 days 00:49:29.967000,178.0,246.0,,231.0,False,MEDIUM,11.0,False,Alpine,0 days 00:47:29.311000,2026-09-11 12:02:32.129,1,,,,False,False,FP1,51.5,27.4,15.2
0 days 00:56:48.573000,COL,43,,13.0,3.0,0 days 00:54:54.366000,,,0 days 00:00:42.815000,0 days 00:00:35.927000,,0 days 00:56:12.761000,0 days 00:56:48.660000,145.0,236.0,226.0,200.0,False,MEDIUM,13.0,False,Alpine,0 days 00:49:29.967000,2026-09-11 12:04:32.785,1,,,,False,False,FP1,51.5,27.4,15.2
0 days 00:58:27.491000,COL,43,0 days 00:01:38.918000,14.0,3.0,,,0 days 00:00:30.157000,0 days 00:00:34.735000,0 days 00:00:34.026000,0 days 00:57:18.730000,0 days 00:57:53.465000,0 days 00:58:27.491000,223.0,256.0,178.0,279.0,False,MEDIUM,14.0,False,Alpine,0 days 00:56:48.573000,2026-09-11 12:11:51.391,1,,,,False,True,FP1,51.5,27.4,15.2
0 days 01:00:21.084000,COL,43,0 days 00:01:53.593000,15.0,3.0,,0 days 01:00:20.030000,0 days 00:00:36.408000,0 days 00:00:37.762000,0 days 00:00:39.423000,0 days 00:59:03.899000,0 days 00:59:41.661000,0 days 01:00:21.084000,199.0,229.0,,209.0,False,MEDIUM,15.0,False,Alpine,0 days 00:58:27.491000,2026-09-11 12:13:30.309,1,,,,False,False,FP1,51.5,27.4,15.2
0 days 01:02:44.884000,COL,43,0 days 00:02:23.800000,16.0,4.0,0 days 01:00:54.477000,,0 days 00:01:02.023000,0 days 00:00:40.825000,0 days 00:00:40.952000,0 days 01:01:23.107000,0 days 01:02:03.932000,0 days 01:02:44.884000,198.0,219.0,229.0,239.0,False,SOFT,1.0,True,Alpine,0 days 01:00:21.084000,2026-09-11 12:15:23.902,1,,,,False,False,FP1,51.5,27.4,15.2
0 days 01:04:21.282000,COL,43,0 days 00:01:36.398000,17.0,4.0,,,0 days 00:00:29.687000,0 days 00:00:34.040000,0 days 00:00:32.671000,0 days 01:03:14.571000,0 days 01:03:48.611000,0 days 01:04:21.282000,223.0,258.0,187.0,278.0,True,SOFT,2.0,True,Alpine,0 days 01:02:44.884000,2026-09-11 12:17:47.702,1,,,,False,True,FP1,51.5,27.4,15.2
0 days 01:07:13.223000,COL,43,,18.0,4.0,,,0 days 00:00:56.687000,0 days 00:01:18.927000,0 days 00:00:36.467000,0 days 01:05:18.144000,0 days 01:06:36.914000,0 days 01:07:13.404000,93.0,190.0,225.0,123.0,False,SOFT,3.0,True,Alpine,0 days 01:04:21.282000,2026-09-11 12:19:24.100,1,,,,False,False,FP1,51.0,27.6,14.9
0 days 01:08:49.156000,COL,43,0 days 00:01:35.933000,19.0,4.0,,,0 days 00:00:29.723000,0 days 00:00:34.031000,0 days 00:00:32.179000,0 days 01:07:42.946000,0 days 01:08:16.977000,0 days 01:08:49.156000,223.0,256.0,212.0,285.0,True,SOFT,4.0,True,Alpine,0 days 01:07:13.223000,2026-09-11 12:22:16.041,1,,,,False,True,FP1,51.0,27.6,14.9
0 days 01:11:46.681000,COL,43,,20.0,4.0,,,0 days 00:00:49.368000,0 days 00:01:11.233000,0 days 00:00:56.777000,0 days 01:09:38.807000,0 days 01:10:50.124000,0 days 01:11:46.707000,97.0,105.0,143.0,138.0,False,SOFT,5.0,True,Alpine,0 days 01:08:49.156000,2026-09-11 12:23:51.974,12,,,,False,False,FP1,51.0,27.6,14.9
0 days 01:14:02.179000,COL,43,0 days 00:02:15.498000,21.0,4.0,,,0 days 00:00:50.863000,0 days 00:00:42.102000,0 days 00:00:42.533000,0 days 01:12:37.544000,0 days 01:13:19.646000,0 days 01:14:02.179000,170.0,86.0,226.0,125.0,False,SOFT,6.0,True,Alpine,0 days 01:11:46.681000,2026-09-11 12:26:49.499,1,,,,False,True,FP1,51.0,27.6,14.9
0 days 01:15:39.278000,COL,43,0 days 00:01:37.099000,22.0,4.0,,,0 days 00:00:29.715000,0 days 00:00:34.468000,0 days 00:00:32.916000,0 days 01:14:31.894000,0 days 01:15:06.362000,0 days 01:15:39.278000,222.0,253.0,208.0,280.0,False,SOFT,7.0,True,Alpine,0 days 01:14:02.179000,2026-09-11 12:29:04.997,1,,,,False,True,FP1,51.0,27.6,14.9
0 days 01:17:44.382000,COL,43,0 days 00:02:05.104000,23.0,4.0,,,0 days 00:00:37.298000,0 days 00:00:42.745000,0 days 00:00:45.061000,0 days 01:16:16.576000,0 days 01:16:59.321000,0 days 01:17:44.382000,138.0,219.0,72.0,239.0,False,SOFT,8.0,True,Alpine,0 days 01:15:39.278000,2026-09-11 12:30:42.096,1,,,,False,True,FP1,51.0,27.6,14.9
0 days 01:20:02.317000,COL,43,0 days 00:02:17.935000,24.0,4.0,,0 days 01:20:01.187000,0 days 00:01:04.893000,0 days 00:00:35.092000,0 days 00:00:37.950000,0 days 01:18:49.275000,0 days 01:19:24.367000,0 days 01:20:02.317000,214.0,254.0,,272.0,False,SOFT,9.0,True,Alpine,0 days 01:17:44.382000,2026-09-11 12:32:47.200,1,,,,False,False,FP1,51.0,27.6,14.9
0 days 00:17:45.619000,HAM,44,,1.0,1.0,0 days 00:15:43.860000,,,0 days 00:00:42.920000,0 days 00:00:42.797000,,0 days 00:17:02.939000,0 days 00:17:45.619000,171.0,237.0,220.0,200.0,False,MEDIUM,1.0,True,Ferrari,0 days 00:15:43.860000,2026-09-11 11:30:46.678,1,,,,False,False,FP1,51.0,27.6,14.9
0 days 00:19:25.050000,HAM,44,0 days 00:01:39.431000,2.0,1.0,,,0 days 00:00:30.745000,0 days 00:00:35.991000,0 days 00:00:32.695000,0 days 00:18:16.364000,0 days 00:18:52.355000,0 days 00:19:25.050000,190.0,233.0,223.0,279.0,True,MEDIUM,2.0,True,Ferrari,0 days 00:17:45.619000,2026-09-11 11:32:48.437,1,,,,False,True,FP1,51.0,27.6,14.9
0 days 00:21:28.883000,HAM,44,0 days 00:02:03.833000,3.0,1.0,,,0 days 00:00:38.078000,0 days 00:00:52.644000,0 days 00:00:33.111000,0 days 00:20:03.128000,0 days 00:20:55.772000,0 days 00:21:28.883000,163.0,224.0,227.0,191.0,False,MEDIUM,3.0,True,Ferrari,0 days 00:19:25.050000,2026-09-11 11:34:27.868,1,,,,False,True,FP1,51.0,27.6,14.9
0 days 00:23:04.949000,HAM,44,0 days 00:01:36.066000,4.0,1.0,,,0 days 00:00:29.616000,0 days 00:00:34.225000,0 days 00:00:32.225000,0 days 00:21:58.499000,0 days 00:22:32.724000,0 days 00:23:04.949000,215.0,256.0,209.0,292.0,True,MEDIUM,4.0,True,Ferrari,0 days 00:21:28.883000,2026-09-11 11:36:31.701,1,,,,False,True,FP1,51.0,27.6,14.9
0 days 00:25:43.728000,HAM,44,,5.0,1.0,,,0 days 00:00:52.643000,0 days 00:01:06.184000,0 days 00:00:40.019000,0 days 00:23:57.814000,0 days 00:25:03.963000,0 days 00:25:43.907000,106.0,134.0,225.0,137.0,False,MEDIUM,5.0,True,Ferrari,0 days 00:23:04.949000,2026-09-11 11:38:07.767,1,,,,False,False,FP1,51.0,27.6,14.9
0 days 00:27:19.291000,HAM,44,0 days 00:01:35.563000,6.0,1.0,,,0 days 00:00:29.558000,0 days 00:00:34.124000,0 days 00:00:31.881000,0 days 00:26:13.286000,0 days 00:26:47.410000,0 days 00:27:19.291000,214.0,254.0,212.0,291.0,True,MEDIUM,6.0,True,Ferrari,0 days 00:25:43.728000,2026-09-11 11:40:46.546,1,,,,False,True,FP1,51.0,27.6,14.9
0 days 00:29:59.205000,HAM,44,,7.0,1.0,,,0 days 00:00:54.950000,0 days 00:01:04.535000,0 days 00:00:40.465000,0 days 00:28:14.489000,0 days 00:29:19.055000,0 days 00:29:59.431000,109.0,155.0,226.0,127.0,False,MEDIUM,7.0,True,Ferrari,0 days 00:27:19.291000,2026-09-11 11:42:22.109,1,,,,False,False,FP1,50.7,27.7,15.1
0 days 00:31:56.159000,HAM,44,0 days 00:01:56.954000,8.0,1.0,,,0 days 00:00:34.932000,0 days 00:00:44.530000,0 days 00:00:37.492000,0 days 00:30:34.137000,0 days 00:31:18.667000,0 days 00:31:56.159000,172.0,228.0,228.0,226.0,False,MEDIUM,8.0,True,Ferrari,0 days 00:29:59.205000,2026-09-11 11:45:02.023,1,,,,False,True,FP1,50.7,27.7,15.1
0 days 00:33:59.850000,HAM,44,0 days 00:02:03.691000,9.0,1.0,,,0 days 00:00:30.382000,0 days 00:00:54.503000,0 days 00:00:38.806000,0 days 00:32:26.541000,0 days 00:33:21.044000,0 days 00:33:59.850000,193.0,157.0,227.0,294.0,False,MEDIUM,9.0,True,Ferrari,0 days 00:31:56.159000,2026-09-11 11:46:58.977,1,,,,False,True,FP1,50.7,27.7,15.1
0 days 00:35:34.653000,HAM,44,0 days 00:01:34.803000,10.0,1.0,,,0 days 00:00:29.382000,0 days 00:00:33.817000,0 days 00:00:31.604000,0 days 00:34:29.232000,0 days 00:35:03.049000,0 days 00:35:34.653000,216.0,253.0,211.0,293.0,True,MEDIUM,10.0,True,Ferrari,0 days 00:33:59.850000,2026-09-11 11:49:02.668,1,,,,False,True,FP1,50.7,27.7,15.1
0 days 00:38:06.576000,HAM,44,,11.0,1.0,,0 days 00:38:05.576000,0 days 00:00:46.925000,0 days 00:01:02.155000,0 days 00:00:42.694000,0 days 00:36:21.873000,0 days 00:37:24.049000,0 days 00:38:06.576000,122.0,134.0,,151.0,False,MEDIUM,11.0,True,Ferrari,0 days 00:35:34.653000,2026-09-11 11:50:37.471,1,,,,False,False,FP1,50.7,27.7,15.1
0 days 00:40:47.158000,HAM,44,,12.0,2.0,0 days 00:38:44.591000,,0 days 00:01:05.432000,0 days 00:00:58.892000,0 days 00:00:36.328000,0 days 00:39:12.190000,0 days 00:40:11.077000,0 days 00:40:47.227000,116.0,167.0,226.0,207.0,False,MEDIUM,12.0,False,Ferrari,0 days 00:38:06.576000,2026-09-11 11:53:09.394,1,,,,False,False,FP1,50.7,27.7,15.1
0 days 00:42:59.276000,HAM,44,0 days 00:02:12.118000,13.0,2.0,,,0 days 00:00:29.371000,0 days 00:00:54.841000,0 days 00:00:47.906000,0 days 00:41:16.529000,0 days 00:42:11.370000,0 days 00:42:59.276000,209.0,116.0,226.0,292.0,False,MEDIUM,13.0,False,Ferrari,0 days 00:40:47.158000,2026-09-11 11:55:49.976,1,,,,False,True,FP1,51.1,27.6,15.5
0 days 00:44:33.896000,HAM,44,0 days 00:01:34.620000,14.0,2.0,,,0 days 00:00:29.328000,0 days 00:00:33.918000,0 days 00:00:31.374000,0 days 00:43:28.604000,0 days 00:44:02.522000,0 days 00:44:33.896000,212.0,257.0,214.0,294.0,True,MEDIUM,14.0,False,Ferrari,0 days 00:42:59.276000,2026-09-11 11:58:02.094,1,,,,False,True,FP1,51.1,27.6,15.5
0 days 00:46:25.039000,HAM,44,0 days 00:01:51.143000,15.0,2.0,,0 days 00:46:24.055000,0 days 00:00:35.252000,0 days 00:00:37.299000,0 days 00:00:38.592000,0 days 00:45:09.148000,0 days 00:45:46.447000,0 days 00:46:25.039000,210.0,225.0,,254.0,False,MEDIUM,15.0,False,Ferrari,0 days 00:44:33.896000,2026-09-11 11:59:36.714,1,,,,False,False,FP1,51.1,27.6,15.5
0 days 00:56:34.479000,HAM,44,,16.0,3.0,0 days 00:54:22.656000,,,0 days 00:00:51.173000,0 days 00:00:42.552000,,0 days 00:55:52.121000,0 days 00:56:34.570000,139.0,237.0,230.0,199.0,False,SOFT,1.0,True,Ferrari,0 days 00:46:25.039000,2026-09-11 12:01:27.857,1,,,,False,False,FP1,51.1,27.6,15.5
0 days 00:58:46.358000,HAM,44,0 days 00:02:11.879000,17.0,3.0,,,0 days 00:00:34.049000,0 days 00:00:57.473000,0 days 00:00:40.357000,0 days 00:57:08.528000,0 days 00:58:06.001000,0 days 00:58:46.358000,177.0,192.0,230.0,225.0,False,SOFT,2.0,True,Ferrari,0 days 00:56:34.479000,2026-09-11 12:11:37.297,1,,,,False,True,FP1,51.1,27.6,15.5
0 days 01:00:59.902000,HAM,44,0 days 00:02:13.544000,18.0,3.0,,,0 days 00:00:41.126000,0 days 00:00:50.470000,0 days 00:00:41.948000,0 days 00:59:27.484000,0 days 01:00:17.954000,0 days 01:00:59.902000,132.0,217.0,227.0,169.0,False,SOFT,3.0,True,Ferrari,0 days 00:58:46.358000,2026-09-11 12:13:49.176,1,,,,False,True,FP1,51.1,27.6,15.5
0 days 01:02:34.527000,HAM,44,0 days 00:01:34.625000,19.0,3.0,,,0 days 00:00:29.147000,0 days 00:00:33.729000,0 days 00:00:31.749000,0 days 01:01:29.049000,0 days 01:02:02.778000,0 days 01:02:34.527000,216.0,256.0,218.0,297.0,False,SOFT,4.0,True,Ferrari,0 days 01:00:59.902000,2026-09-11 12:16:02.720,1,,,,False,True,FP1,51.1,27.6,15.5
0 days 01:05:47.514000,HAM,44,,20.0,3.0,,,0 days 00:01:05.055000,0 days 00:01:25.248000,0 days 00:00:42.672000,0 days 01:03:39.713000,0 days 01:05:04.843000,0 days 01:05:47.620000,85.0,181.0,226.0,94.0,False,SOFT,5.0,True,Ferrari,0 days 01:02:34.527000,2026-09-11 12:17:37.345,1,,,,False,False,FP1,51.1,27.6,15.5
0 days 01:08:05.434000,HAM,44,0 days 00:02:17.920000,21.0,3.0,,,0 days 00:00:29.286000,0 days 00:00:50.179000,0 days 00:00:58.455000,0 days 01:06:16.800000,0 days 01:07:06.979000,0 days 01:08:05.434000,221.0,100.0,227.0,297.0,False,SOFT,6.0,True,Ferrari,0 days 01:05:47.514000,2026-09-11 12:20:50.332,1,,,,False,True,FP1,51.1,27.6,15.5
0 days 01:10:16.450000,HAM,44,0 days 00:02:11.016000,22.0,3.0,,,0 days 00:00:29.579000,0 days 00:00:52.468000,0 days 00:00:48.969000,0 days 01:08:35.013000,0 days 01:09:27.481000,0 days 01:10:16.450000,210.0,116.0,226.0,277.0,False,SOFT,7.0,True,Ferrari,0 days 01:08:05.434000,2026-09-11 12:23:08.252,1,,,,False,True,FP1,51.1,27.6,15.5
0 days 01:12:33.895000,HAM,44,0 days 00:02:17.445000,23.0,3.0,,,0 days 00:00:31.272000,0 days 00:01:05.094000,0 days 00:00:41.079000,0 days 01:10:47.722000,0 days 01:11:52.816000,0 days 01:12:33.895000,157.0,137.0,228.0,294.0,False,SOFT,8.0,True,Ferrari,0 days 01:10:16.450000,2026-09-11 12:25:19.268,12,,,,False,True,FP1,51.4,27.7,15.8
0 days 01:14:08.760000,HAM,44,0 days 00:01:34.865000,24.0,3.0,,,0 days 00:00:29.234000,0 days 00:00:33.908000,0 days 00:00:31.723000,0 days 01:13:03.129000,0 days 01:13:37.037000,0 days 01:14:08.760000,215.0,250.0,209.0,292.0,False,SOFT,9.0,True,Ferrari,0 days 01:12:33.895000,2026-09-11 12:27:36.713,1,,,,False,True,FP1,51.4,27.7,15.8
0 days 01:16:46.820000,HAM,44,,25.0,3.0,,,0 days 00:00:31.205000,0 days 00:01:28.401000,0 days 00:00:38.439000,0 days 01:14:40.063000,0 days 01:16:08.441000,0 days 01:16:46.826000,204.0,133.0,208.0,272.0,False,SOFT,10.0,True,Ferrari,0 days 01:14:08.760000,2026-09-11 12:29:11.578,1,,,,False,False,FP1,51.4,27.7,15.8
0 days 01:18:57.310000,HAM,44,0 days 00:02:10.490000,26.0,3.0,,,0 days 00:00:31.629000,0 days 00:00:49.988000,0 days 00:00:48.873000,0 days 01:17:18.449000,0 days 01:18:08.437000,0 days 01:18:57.310000,183.0,148.0,66.0,260.0,False,SOFT,11.0,True,Ferrari,0 days 01:16:46.820000,2026-09-11 12:31:49.638,1,,,,False,True,FP1,51.4,27.7,15.8
0 days 01:21:16.818000,HAM,44,0 days 00:02:19.508000,27.0,3.0,,0 days 01:21:14.210000,0 days 00:01:05.884000,0 days 00:00:36.670000,0 days 00:00:36.954000,0 days 01:20:03.194000,0 days 01:20:39.864000,0 days 01:21:16.818000,190.0,236.0,,259.0,False,SOFT,12.0,True,Ferrari,0 days 01:18:57.310000,2026-09-11 12:34:00.128,12,,,,False,False,FP1,51.4,27.7,15.8
0 days 00:17:16.419000,SAI,55,,1.0,1.0,0 days 00:15:10.650000,,,0 days 00:00:43.609000,0 days 00:00:41.921000,,0 days 00:16:34.717000,0 days 00:17:16.581000,166.0,215.0,212.0,161.0,False,MEDIUM,1.0,True,Williams,0 days 00:15:10.650000,2026-09-11 11:30:13.468,1,,,,False,False,FP1,51.4,27.7,15.8
0 days 00:19:00.418000,SAI,55,0 days 00:01:43.999000,2.0,1.0,,,0 days 00:00:32.266000,0 days 00:00:37.265000,0 days 00:00:34.468000,0 days 00:17:48.685000,0 days 00:18:25.950000,0 days 00:19:00.418000,198.0,234.0,212.0,248.0,True,MEDIUM,2.0,True,Williams,0 days 00:17:16.419000,2026-09-11 11:32:19.237,1,,,,False,True,FP1,51.4,27.7,15.8
0 days 00:20:46.505000,SAI,55,0 days 00:01:46.087000,3.0,1.0,,,0 days 00:00:31.369000,0 days 00:00:36.547000,0 days 00:00:38.171000,0 days 00:19:31.787000,0 days 00:20:08.334000,0 days 00:20:46.505000,212.0,224.0,207.0,276.0,False,MEDIUM,3.0,True,Williams,0 days 00:19:00.418000,2026-09-11 11:34:03.236,1,,,,False,True,FP1,51.4,27.7,15.8
0 days 00:22:57.680000,SAI,55,0 days 00:02:11.175000,4.0,1.0,,,0 days 00:00:34.580000,0 days 00:00:53.704000,0 days 00:00:42.891000,0 days 00:21:21.085000,0 days 00:22:14.789000,0 days 00:22:57.680000,172.0,163.0,183.0,215.0,False,MEDIUM,4.0,True,Williams,0 days 00:20:46.505000,2026-09-11 11:35:49.323,1,,,,False,True,FP1,51.3,27.8,15.8
0 days 00:24:47.687000,SAI,55,0 days 00:01:50.007000,5.0,1.0,,,0 days 00:00:32.629000,0 days 00:00:40.890000,0 days 00:00:36.488000,0 days 00:23:30.309000,0 days 00:24:11.199000,0 days 00:24:47.687000,179.0,205.0,222.0,258.0,False,MEDIUM,5.0,True,Williams,0 days 00:22:57.680000,2026-09-11 11:38:00.498,1,,,,False,True,FP1,51.3,27.8,15.8
0 days 00:26:28.529000,SAI,55,0 days 00:01:40.842000,6.0,1.0,,,0 days 00:00:30.721000,0 days 00:00:35.892000,0 days 00:00:34.229000,0 days 00:25:18.408000,0 days 00:25:54.300000,0 days 00:26:28.529000,213.0,227.0,189.0,278.0,True,MEDIUM,6.0,True,Williams,0 days 00:24:47.687000,2026-09-11 11:39:50.505,1,,,,False,True,FP1,51.3,27.8,15.8
0 days 00:28:49.706000,SAI,55,0 days 00:02:21.177000,7.0,1.0,,,0 days 00:00:46.007000,0 days 00:00:53.116000,0 days 00:00:42.054000,0 days 00:27:14.536000,0 days 00:28:07.652000,0 days 00:28:49.706000,137.0,173.0,222.0,188.0,False,MEDIUM,7.0,True,Williams,0 days 00:26:28.529000,2026-09-11 11:41:31.347,1,,,,False,True,FP1,51.3,27.8,15.8
0 days 00:30:29.211000,SAI,55,0 days 00:01:39.505000,8.0,1.0,,,0 days 00:00:30.593000,0 days 00:00:35.549000,0 days 00:00:33.363000,0 days 00:29:20.299000,0 days 00:29:55.848000,0 days 00:30:29.211000,215.0,239.0,201.0,278.0,True,MEDIUM,8.0,True,Williams,0 days 00:28:49.706000,2026-09-11 11:43:52.524,1,,,,False,True,FP1,51.3,27.8,15.8
0 days 00:32:52.051000,SAI,55,0 days 00:02:22.840000,9.0,1.0,,,0 days 00:00:50.082000,0 days 00:00:54.484000,0 days 00:00:38.274000,0 days 00:31:19.293000,0 days 00:32:13.777000,0 days 00:32:52.051000,141.0,189.0,223.0,193.0,False,MEDIUM,9.0,True,Williams,0 days 00:30:29.211000,2026-09-11 11:45:32.029,1,,,,False,True,FP1,51.3,27.8,15.8
0 days 00:34:31.493000,SAI,55,0 days 00:01:39.442000,10.0,1.0,,,0 days 00:00:30.521000,0 days 00:00:35.482000,0 days 00:00:33.439000,0 days 00:33:22.572000,0 days 00:33:58.054000,0 days 00:34:31.493000,221.0,239.0,203.0,282.0,True,MEDIUM,10.0,True,Williams,0 days 00:32:52.051000,2026-09-11 11:47:54.869,1,,,,False,True,FP1,51.3,27.8,15.8
0 days 00:37:11.187000,SAI,55,,11.0,1.0,,,0 days 00:00:54.105000,0 days 00:00:55.807000,0 days 00:00:49.660000,0 days 00:35:25.843000,0 days 00:36:21.772000,0 days 00:37:11.227000,118.0,183.0,224.0,132.0,False,MEDIUM,11.0,True,Williams,0 days 00:34:31.493000,2026-09-11 11:49:34.311,1,,,,False,False,FP1,51.3,27.8,15.8
0 days 00:38:50.451000,SAI,55,0 days 00:01:39.264000,12.0,1.0,,,0 days 00:00:30.500000,0 days 00:00:35.296000,0 days 00:00:33.468000,0 days 00:37:41.687000,0 days 00:38:16.983000,0 days 00:38:50.451000,217.0,247.0,199.0,287.0,True,MEDIUM,12.0,True,Williams,0 days 00:37:11.187000,2026-09-11 11:52:14.005,1,,,,False,True,FP1,50.3,27.9,14.6
0 days 00:41:31.800000,SAI,55,,13.0,1.0,,,0 days 00:01:01.663000,0 days 00:00:59.234000,0 days 00:00:40.599000,0 days 00:39:52.370000,0 days 00:40:51.476000,0 days 00:41:32.061000,108.0,195.0,223.0,119.0,False,MEDIUM,13.0,True,Williams,0 days 00:38:50.451000,2026-09-11 11:53:53.269,1,,,,False,False,FP1,50.3,27.9,14.6
0 days 00:43:10.814000,SAI,55,0 days 00:01:39.014000,14.0,1.0,,,0 days 00:00:30.329000,0 days 00:00:35.607000,0 days 00:00:33.078000,0 days 00:42:02.129000,0 days 00:42:37.736000,0 days 00:43:10.814000,226.0,239.0,212.0,285.0,True,MEDIUM,14.0,True,Williams,0 days 00:41:31.800000,2026-09-11 11:56:34.618,1,,,,False,True,FP1,50.3,27.9,14.6
0 days 00:45:45.291000,SAI,55,,15.0,1.0,,,0 days 00:00:55.690000,0 days 00:00:56.217000,0 days 00:00:42.444000,0 days 00:44:06.848000,0 days 00:45:02.990000,0 days 00:45:45.316000,79.0,183.0,224.0,185.0,False,MEDIUM,15.0,True,Williams,0 days 00:43:10.814000,2026-09-11 11:58:13.632,1,,,,False,False,FP1,50.3,27.9,14.6
0 days 00:47:25.330000,SAI,55,0 days 00:01:40.039000,16.0,1.0,,,0 days 00:00:30.473000,0 days 00:00:35.406000,0 days 00:00:34.160000,0 days 00:46:15.764000,0 days 00:46:51.170000,0 days 00:47:25.330000,222.0,245.0,206.0,282.0,False,MEDIUM,16.0,True,Williams,0 days 00:45:45.291000,2026-09-11 12:00:48.109,1,,,,False,True,FP1,50.3,27.9,14.6
0 days 00:49:24.887000,SAI,55,0 days 00:01:59.557000,17.0,1.0,,0 days 00:49:23.845000,0 days 00:00:38.616000,0 days 00:00:40.938000,0 days 00:00:40.003000,0 days 00:48:03.946000,0 days 00:48:44.884000,0 days 00:49:24.887000,181.0,223.0,,215.0,False,MEDIUM,17.0,True,Williams,0 days 00:47:25.330000,2026-09-11 12:02:28.148,1,,,,False,False,FP1,50.3,27.9,14.6
0 days 00:55:41.977000,SAI,55,,18.0,2.0,0 days 00:53:54.980000,,,0 days 00:00:41.125000,0 days 00:00:36.493000,,0 days 00:55:05.711000,0 days 00:55:42.121000,189.0,207.0,225.0,205.0,False,SOFT,1.0,True,Williams,0 days 00:49:24.887000,2026-09-11 12:04:27.705,1,,,,False,False,FP1,50.3,27.9,14.6
0 days 00:57:52.280000,SAI,55,0 days 00:02:10.303000,19.0,2.0,,,0 days 00:00:30.415000,0 days 00:00:58.400000,0 days 00:00:41.488000,0 days 00:56:12.392000,0 days 00:57:10.792000,0 days 00:57:52.280000,180.0,181.0,226.0,284.0,False,SOFT,2.0,True,Williams,0 days 00:55:41.977000,2026-09-11 12:10:44.795,1,,,,False,True,FP1,49.8,27.8,14.6
0 days 00:59:29.495000,SAI,55,0 days 00:01:37.215000,20.0,2.0,,,0 days 00:00:30.015000,0 days 00:00:34.675000,0 days 00:00:32.525000,0 days 00:58:22.295000,0 days 00:58:56.970000,0 days 00:59:29.495000,225.0,252.0,215.0,287.0,True,SOFT,3.0,True,Williams,0 days 00:57:52.280000,2026-09-11 12:12:55.098,1,,,,False,True,FP1,49.8,27.8,14.6
0 days 01:02:21.437000,SAI,55,,21.0,2.0,,,0 days 00:01:01.686000,0 days 00:01:00.469000,0 days 00:00:49.736000,0 days 01:00:31.520000,0 days 01:01:31.866000,0 days 01:02:21.504000,114.0,210.0,149.0,93.0,False,SOFT,4.0,True,Williams,0 days 00:59:29.495000,2026-09-11 12:14:32.313,1,,,,False,False,FP1,49.8,27.8,14.6
0 days 01:04:17.703000,SAI,55,0 days 00:01:56.266000,22.0,2.0,,,0 days 00:00:39.132000,0 days 00:00:40.249000,0 days 00:00:36.885000,0 days 01:03:00.569000,0 days 01:03:40.818000,0 days 01:04:17.703000,173.0,239.0,228.0,223.0,False,SOFT,5.0,True,Williams,0 days 01:02:21.437000,2026-09-11 12:17:24.255,1,,,,False,True,FP1,49.8,27.8,14.6
0 days 01:05:54.573000,SAI,55,0 days 00:01:36.870000,23.0,2.0,,,0 days 00:00:29.957000,0 days 00:00:34.541000,0 days 00:00:32.372000,0 days 01:04:47.660000,0 days 01:05:22.201000,0 days 01:05:54.573000,224.0,252.0,214.0,292.0,True,SOFT,6.0,True,Williams,0 days 01:04:17.703000,2026-09-11 12:19:20.521,1,,,,False,True,FP1,49.8,27.8,14.6
0 days 01:08:25.484000,SAI,55,,24.0,2.0,,,0 days 00:00:50.408000,0 days 00:00:55.605000,0 days 00:00:44.914000,0 days 01:06:45.190000,0 days 01:07:40.746000,0 days 01:08:25.484000,117.0,174.0,149.0,174.0,False,SOFT,7.0,True,Williams,0 days 01:05:54.573000,2026-09-11 12:20:57.391,1,,,,False,False,FP1,49.8,27.8,14.6
0 days 01:10:28.975000,SAI,55,0 days 00:02:03.491000,25.0,2.0,,,0 days 00:00:41.745000,0 days 00:00:46.042000,0 days 00:00:35.704000,0 days 01:09:07.229000,0 days 01:09:53.271000,0 days 01:10:28.975000,153.0,214.0,227.0,230.0,False,SOFT,8.0,True,Williams,0 days 01:08:25.484000,2026-09-11 12:23:28.302,1,,,,False,True,FP1,49.8,27.8,14.6
0 days 01:12:06.647000,SAI,55,0 days 00:01:37.672000,26.0,2.0,,,0 days 00:00:30.014000,0 days 00:00:34.790000,0 days 00:00:32.868000,0 days 01:10:58.989000,0 days 01:11:33.779000,0 days 01:12:06.647000,226.0,247.0,205.0,291.0,False,SOFT,9.0,True,Williams,0 days 01:10:28.975000,2026-09-11 12:25:31.793,12,,,,False,True,FP1,49.8,27.8,14.6
0 days 01:14:10.658000,SAI,55,0 days 00:02:04.011000,27.0,2.0,,0 days 01:14:09.582000,0 days 00:00:43.956000,0 days 00:00:39.977000,0 days 00:00:40.078000,0 days 01:12:50.603000,0 days 01:13:30.580000,0 days 01:14:10.658000,145.0,214.0,,175.0,False,SOFT,10.0,True,Williams,0 days 01:12:06.647000,2026-09-11 12:27:09.465,1,,,,False,False,FP1,49.8,27.8,14.6
0 days 01:16:33.663000,SAI,55,0 days 00:02:23.005000,28.0,3.0,0 days 01:14:43.728000,,0 days 00:01:00.205000,0 days 00:00:46.587000,0 days 00:00:36.213000,0 days 01:15:10.863000,0 days 01:15:57.450000,0 days 01:16:33.663000,166.0,128.0,211.0,190.0,False,MEDIUM,18.0,False,Williams,0 days 01:14:10.658000,2026-09-11 12:29:13.476,1,,,,False,False,FP1,51.6,27.7,14.9
0 days 01:18:42.279000,SAI,55,0 days 00:02:08.616000,29.0,3.0,,,0 days 00:00:36.773000,0 days 00:00:42.468000,0 days 00:00:49.375000,0 days 01:17:10.436000,0 days 01:17:52.904000,0 days 01:18:42.279000,175.0,156.0,95.0,227.0,False,MEDIUM,19.0,False,Williams,0 days 01:16:33.663000,2026-09-11 12:31:36.481,1,,,,False,True,FP1,51.6,27.7,14.9
0 days 01:21:13.079000,SAI,55,,30.0,3.0,,0 days 01:21:11.918000,0 days 00:01:10.508000,0 days 00:00:40.336000,0 days 00:00:39.811000,0 days 01:19:52.984000,0 days 01:20:33.339000,0 days 01:21:13.079000,193.0,188.0,,258.0,False,MEDIUM,20.0,False,Williams,0 days 01:18:42.279000,2026-09-11 12:33:45.097,12,,,,False,False,FP1,51.6,27.7,14.9
0 days 00:17:07.685000,RUS,63,,1.0,1.0,0 days 00:15:06.586000,,,0 days 00:00:41.094000,0 days 00:00:46.034000,,0 days 00:16:21.847000,0 days 00:17:07.689000,167.0,210.0,188.0,208.0,False,MEDIUM,1.0,True,Mercedes,0 days 00:15:06.586000,2026-09-11 11:30:09.404,1,,,,False,False,FP1,51.6,27.7,14.9
0 days 00:18:52.720000,RUS,63,0 days 00:01:45.035000,2.0,1.0,,,0 days 00:00:32.668000,0 days 00:00:37.944000,0 days 00:00:34.423000,0 days 00:17:40.353000,0 days 00:18:18.297000,0 days 00:18:52.720000,192.0,225.0,218.0,253.0,True,MEDIUM,2.0,True,Mercedes,0 days 00:17:07.685000,2026-09-11 11:32:10.503,1,,,,False,True,FP1,51.6,27.7,14.9
0 days 00:20:34.256000,RUS,63,0 days 00:01:41.536000,3.0,1.0,,,0 days 00:00:31.344000,0 days 00:00:36.664000,0 days 00:00:33.528000,0 days 00:19:24.064000,0 days 00:20:00.728000,0 days 00:20:34.256000,189.0,239.0,215.0,280.0,True,MEDIUM,3.0,True,Mercedes,0 days 00:18:52.720000,2026-09-11 11:33:55.538,1,,,,False,True,FP1,51.6,27.7,14.9
0 days 00:22:14.631000,RUS,63,0 days 00:01:40.375000,4.0,1.0,,,0 days 00:00:30.889000,0 days 00:00:36.287000,0 days 00:00:33.199000,0 days 00:21:05.145000,0 days 00:21:41.432000,0 days 00:22:14.631000,212.0,250.0,216.0,283.0,True,MEDIUM,4.0,True,Mercedes,0 days 00:20:34.256000,2026-09-11 11:35:37.074,1,,,,False,True,FP1,51.6,27.7,14.9
0 days 00:24:41.594000,RUS,63,0 days 00:02:26.963000,5.0,1.0,,,0 days 00:00:43.288000,0 days 00:01:00.303000,0 days 00:00:43.372000,0 days 00:22:57.919000,0 days 00:23:58.222000,0 days 00:24:41.594000,128.0,130.0,207.0,216.0,False,MEDIUM,5.0,True,Mercedes,0 days 00:22:14.631000,2026-09-11 11:37:17.449,1,,,,False,True,FP1,51.6,27.7,14.9
0 days 00:26:19.481000,RUS,63,0 days 00:01:37.887000,6.0,1.0,,,0 days 00:00:30.173000,0 days 00:00:35.074000,0 days 00:00:32.640000,0 days 00:25:11.767000,0 days 00:25:46.841000,0 days 00:26:19.481000,217.0,252.0,212.0,283.0,True,MEDIUM,6.0,True,Mercedes,0 days 00:24:41.594000,2026-09-11 11:39:44.412,1,,,,False,True,FP1,51.6,27.7,14.9
0 days 00:28:59.163000,RUS,63,,7.0,1.0,,,0 days 00:00:52.795000,0 days 00:01:02.048000,0 days 00:00:44.892000,0 days 00:27:12.440000,0 days 00:28:14.509000,0 days 00:28:59.277000,122.0,185.0,212.0,153.0,False,MEDIUM,7.0,True,Mercedes,0 days 00:26:19.481000,2026-09-11 11:41:22.299,1,,,,False,False,FP1,51.6,27.7,14.9
0 days 00:30:35.732000,RUS,63,0 days 00:01:36.569000,8.0,1.0,,,0 days 00:00:29.797000,0 days 00:00:34.555000,0 days 00:00:32.217000,0 days 00:29:28.960000,0 days 00:30:03.515000,0 days 00:30:35.732000,224.0,253.0,213.0,287.0,True,MEDIUM,8.0,True,Mercedes,0 days 00:28:59.163000,2026-09-11 11:44:01.981,1,,,,False,True,FP1,51.6,27.7,14.9
0 days 00:33:14.674000,RUS,63,,9.0,1.0,,,0 days 00:00:58.297000,0 days 00:00:58.889000,0 days 00:00:41.785000,0 days 00:31:34.296000,0 days 00:32:33.174000,0 days 00:33:14.807000,114.0,88.0,215.0,131.0,False,MEDIUM,9.0,True,Mercedes,0 days 00:30:35.732000,2026-09-11 11:45:38.550,1,,,,False,False,FP1,51.6,27.7,14.9
0 days 00:34:50.787000,RUS,63,0 days 00:01:36.113000,10.0,1.0,,,0 days 00:00:29.563000,0 days 00:00:34.626000,0 days 00:00:31.924000,0 days 00:33:44.237000,0 days 00:34:18.863000,0 days 00:34:50.787000,226.0,253.0,209.0,289.0,True,MEDIUM,10.0,True,Mercedes,0 days 00:33:14.674000,2026-09-11 11:48:17.492,1,,,,False,True,FP1,51.9,27.8,15.2
0 days 00:37:08.726000,RUS,63,0 days 00:02:17.939000,11.0,1.0,,0 days 00:37:07.875000,0 days 00:00:49.761000,0 days 00:00:43.409000,0 days 00:00:44.769000,0 days 00:35:40.548000,0 days 00:36:23.957000,0 days 00:37:08.726000,123.0,192.0,,198.0,False,MEDIUM,11.0,True,Mercedes,0 days 00:34:50.787000,2026-09-11 11:49:53.605,1,,,,False,False,FP1,51.9,27.8,15.2
0 days 00:43:57.080000,RUS,63,,12.0,2.0,0 days 00:42:08.892000,,,0 days 00:00:44.380000,0 days 00:00:35.528000,,0 days 00:43:21.775000,0 days 00:43:57.208000,194.0,228.0,226.0,253.0,False,SOFT,1.0,True,Mercedes,0 days 00:37:08.726000,2026-09-11 11:52:11.544,1,,,,False,False,FP1,51.9,27.8,15.2
0 days 00:46:11.404000,RUS,63,0 days 00:02:14.324000,13.0,2.0,,,0 days 00:00:29.507000,0 days 00:00:54.547000,0 days 00:00:50.270000,0 days 00:44:26.587000,0 days 00:45:21.134000,0 days 00:46:11.404000,223.0,118.0,207.0,292.0,False,SOFT,2.0,True,Mercedes,0 days 00:43:57.080000,2026-09-11 11:58:59.898,1,,,,False,True,FP1,51.9,27.8,15.2
0 days 00:47:47.485000,RUS,63,0 days 00:01:36.081000,14.0,2.0,,,0 days 00:00:30.253000,0 days 00:00:34.355000,0 days 00:00:31.473000,0 days 00:46:41.657000,0 days 00:47:16.012000,0 days 00:47:47.485000,221.0,253.0,216.0,288.0,True,SOFT,3.0,True,Mercedes,0 days 00:46:11.404000,2026-09-11 12:01:14.222,1,,,,False,True,FP1,51.9,27.8,15.2
0 days 00:50:24.335000,RUS,63,,15.0,2.0,,,0 days 00:00:55.853000,0 days 00:01:01.552000,0 days 00:00:39.515000,0 days 00:48:43.553000,0 days 00:49:45.128000,0 days 00:50:24.571000,94.0,166.0,214.0,152.0,False,SOFT,4.0,True,Mercedes,0 days 00:47:47.485000,2026-09-11 12:02:50.303,1,,,,False,False,FP1,51.9,27.8,15.2
0 days 00:51:59.064000,RUS,63,0 days 00:01:34.729000,16.0,2.0,,,0 days 00:00:29.502000,0 days 00:00:33.947000,0 days 00:00:31.280000,0 days 00:50:53.837000,0 days 00:51:27.784000,0 days 00:51:59.064000,229.0,258.0,213.0,287.0,True,SOFT,5.0,True,Mercedes,0 days 00:50:24.335000,2026-09-11 12:05:27.153,1,,,,False,True,FP1,51.9,27.8,15.2
0 days 00:54:46.882000,RUS,63,,17.0,2.0,,,0 days 00:00:59.514000,0 days 00:01:04.839000,0 days 00:00:43.347000,0 days 00:52:58.835000,0 days 00:54:03.681000,0 days 00:54:46.882000,108.0,151.0,213.0,119.0,False,SOFT,6.0,True,Mercedes,0 days 00:51:59.064000,2026-09-11 12:07:01.882,1,,,,False,False,FP1,51.9,27.8,15.2
0 days 00:56:21.027000,RUS,63,0 days 00:01:34.145000,18.0,2.0,,,0 days 00:00:29.332000,0 days 00:00:33.677000,0 days 00:00:31.136000,0 days 00:55:16.214000,0 days 00:55:49.891000,0 days 00:56:21.027000,232.0,259.0,216.0,283.0,True,SOFT,7.0,True,Mercedes,0 days 00:54:46.882000,2026-09-11 12:09:49.700,1,,,,False,True,FP1,51.8,27.8,15.0
0 days 00:59:08.400000,RUS,63,,19.0,2.0,,,0 days 00:00:53.988000,0 days 00:01:08.365000,0 days 00:00:45.136000,0 days 00:57:15.113000,0 days 00:58:23.478000,0 days 00:59:08.593000,98.0,116.0,219.0,164.0,False,SOFT,8.0,True,Mercedes,0 days 00:56:21.027000,2026-09-11 12:11:23.845,1,,,,False,False,FP1,51.8,27.8,15.0
0 days 01:00:42.477000,RUS,63,0 days 00:01:34.077000,20.0,2.0,,,0 days 00:00:29.187000,0 days 00:00:33.715000,0 days 00:00:31.175000,0 days 00:59:37.587000,0 days 01:00:11.302000,0 days 01:00:42.477000,228.0,260.0,218.0,290.0,True,SOFT,9.0,True,Mercedes,0 days 00:59:08.400000,2026-09-11 12:14:11.218,1,,,,False,True,FP1,51.8,27.8,15.0
0 days 01:02:42.695000,RUS,63,0 days 00:02:00.218000,21.0,2.0,,0 days 01:02:41.829000,0 days 00:00:37.883000,0 days 00:00:40.368000,0 days 00:00:41.967000,0 days 01:01:20.360000,0 days 01:02:00.728000,0 days 01:02:42.695000,162.0,222.0,,218.0,False,SOFT,10.0,True,Mercedes,0 days 01:00:42.477000,2026-09-11 12:15:45.295,1,,,,False,False,FP1,51.8,27.8,15.0
0 days 01:08:55.427000,RUS,63,,22.0,3.0,0 days 01:07:18.576000,,,0 days 00:00:37.577000,0 days 00:00:33.474000,,0 days 01:08:22.145000,0 days 01:08:55.438000,202.0,202.0,223.0,241.0,False,MEDIUM,12.0,False,Mercedes,0 days 01:02:42.695000,2026-09-11 12:17:45.513,1,,,,False,False,FP1,51.8,27.8,15.0
0 days 01:10:34.290000,RUS,63,0 days 00:01:38.863000,23.0,3.0,,,0 days 00:00:30.370000,0 days 00:00:35.743000,0 days 00:00:32.750000,0 days 01:09:25.797000,0 days 01:10:01.540000,0 days 01:10:34.290000,215.0,252.0,218.0,287.0,False,MEDIUM,13.0,False,Mercedes,0 days 01:08:55.427000,2026-09-11 12:23:58.245,1,,,,False,True,FP1,51.8,27.8,15.0
0 days 01:12:13.836000,RUS,63,0 days 00:01:39.546000,24.0,3.0,,,0 days 00:00:30.444000,0 days 00:00:35.803000,0 days 00:00:33.299000,0 days 01:11:04.734000,0 days 01:11:40.537000,0 days 01:12:13.836000,218.0,248.0,214.0,289.0,False,MEDIUM,14.0,False,Mercedes,0 days 01:10:34.290000,2026-09-11 12:25:37.108,12,,,,False,True,FP1,51.8,27.8,15.0
0 days 01:13:53.876000,RUS,63,0 days 00:01:40.040000,25.0,3.0,,,0 days 00:00:30.882000,0 days 00:00:35.957000,0 days 00:00:33.201000,0 days 01:12:44.718000,0 days 01:13:20.675000,0 days 01:13:53.876000,218.0,250.0,212.0,285.0,False,MEDIUM,15.0,False,Mercedes,0 days 01:12:13.836000,2026-09-11 12:27:16.654,1,,,,False,True,FP1,51.8,27.8,15.0
0 days 01:15:34.925000,RUS,63,0 days 00:01:41.049000,26.0,3.0,,,0 days 00:00:31.037000,0 days 00:00:36.303000,0 days 00:00:33.709000,0 days 01:14:24.913000,0 days 01:15:01.216000,0 days 01:15:34.925000,209.0,251.0,212.0,286.0,False,MEDIUM,16.0,False,Mercedes,0 days 01:13:53.876000,2026-09-11 12:28:56.694,1,,,,False,True,FP1,51.8,27.8,15.0
0 days 01:18:42.173000,RUS,63,,27.0,3.0,,,0 days 00:00:49.759000,0 days 00:01:10.668000,0 days 00:01:06.836000,0 days 01:16:24.780000,0 days 01:17:35.540000,0 days 01:18:42.173000,109.0,96.0,78.0,132.0,False,MEDIUM,17.0,False,Mercedes,0 days 01:15:34.925000,2026-09-11 12:30:37.743,1,,,,False,False,FP1,51.8,27.8,15.0
0 days 01:21:12.593000,RUS,63,,28.0,3.0,,0 days 01:21:11.432000,0 days 00:01:09.515000,0 days 00:00:40.669000,0 days 00:00:40.096000,0 days 01:19:51.859000,0 days 01:20:32.558000,0 days 01:21:12.593000,193.0,190.0,,254.0,False,MEDIUM,18.0,False,Mercedes,0 days 01:18:42.173000,2026-09-11 12:33:44.991,12,,,,False,False,FP1,51.9,27.8,14.7
0 days 00:17:32.132000,BOT,77,,1.0,1.0,0 days 00:15:34.931000,,,0 days 00:00:42.921000,0 days 00:00:42.477000,,0 days 00:16:49.968000,0 days 00:17:32.345000,170.0,202.0,216.0,187.0,False,MEDIUM,1.0,True,Cadillac,0 days 00:15:34.931000,2026-09-11 11:30:37.749,1,,,,False,False,FP1,51.9,27.8,14.7
0 days 00:19:17.234000,BOT,77,0 days 00:01:45.102000,2.0,1.0,,,0 days 00:00:31.837000,0 days 00:00:38.186000,0 days 00:00:35.079000,0 days 00:18:03.969000,0 days 00:18:42.155000,0 days 00:19:17.234000,205.0,224.0,219.0,242.0,True,MEDIUM,2.0,True,Cadillac,0 days 00:17:32.132000,2026-09-11 11:32:34.950,1,,,,False,True,FP1,51.9,27.8,14.7
0 days 00:21:00.699000,BOT,77,0 days 00:01:43.465000,3.0,1.0,,,0 days 00:00:31.454000,0 days 00:00:37.397000,0 days 00:00:34.614000,0 days 00:19:48.688000,0 days 00:20:26.085000,0 days 00:21:00.699000,213.0,233.0,220.0,250.0,True,MEDIUM,3.0,True,Cadillac,0 days 00:19:17.234000,2026-09-11 11:34:20.052,1,,,,False,True,FP1,51.9,27.8,14.7
0 days 00:22:44.302000,BOT,77,0 days 00:01:43.603000,4.0,1.0,,,0 days 00:00:31.328000,0 days 00:00:37.632000,0 days 00:00:34.643000,0 days 00:21:32.027000,0 days 00:22:09.659000,0 days 00:22:44.302000,208.0,236.0,220.0,276.0,False,MEDIUM,4.0,True,Cadillac,0 days 00:21:00.699000,2026-09-11 11:36:03.517,1,,,,False,True,FP1,51.9,27.8,14.7
0 days 00:25:03.013000,BOT,77,0 days 00:02:18.711000,5.0,1.0,,,0 days 00:00:45.456000,0 days 00:00:49.838000,0 days 00:00:43.417000,0 days 00:23:29.758000,0 days 00:24:19.596000,0 days 00:25:03.013000,82.0,201.0,221.0,184.0,False,MEDIUM,5.0,True,Cadillac,0 days 00:22:44.302000,2026-09-11 11:37:47.120,1,,,,False,True,FP1,51.9,27.8,14.7
0 days 00:27:04.800000,BOT,77,0 days 00:02:01.787000,6.0,1.0,,,0 days 00:00:33.434000,0 days 00:00:47.197000,0 days 00:00:41.156000,0 days 00:25:36.447000,0 days 00:26:23.644000,0 days 00:27:04.800000,158.0,187.0,223.0,246.0,False,MEDIUM,6.0,True,Cadillac,0 days 00:25:03.013000,2026-09-11 11:40:05.831,1,,,,False,True,FP1,51.9,27.8,14.7
0 days 00:28:46.306000,BOT,77,0 days 00:01:41.506000,7.0,1.0,,,0 days 00:00:30.808000,0 days 00:00:36.474000,0 days 00:00:34.224000,0 days 00:27:35.608000,0 days 00:28:12.082000,0 days 00:28:46.306000,216.0,232.0,202.0,271.0,True,MEDIUM,7.0,True,Cadillac,0 days 00:27:04.800000,2026-09-11 11:42:07.618,1,,,,False,True,FP1,51.9,27.8,14.7
0 days 00:30:56.151000,BOT,77,0 days 00:02:09.845000,8.0,1.0,,,0 days 00:00:41.897000,0 days 00:00:49.005000,0 days 00:00:38.943000,0 days 00:29:28.203000,0 days 00:30:17.208000,0 days 00:30:56.151000,62.0,179.0,224.0,191.0,False,MEDIUM,8.0,True,Cadillac,0 days 00:28:46.306000,2026-09-11 11:43:49.124,1,,,,False,True,FP1,51.9,27.8,14.7
0 days 00:32:37.463000,BOT,77,0 days 00:01:41.312000,9.0,1.0,,,0 days 00:00:30.602000,0 days 00:00:36.580000,0 days 00:00:34.130000,0 days 00:31:26.753000,0 days 00:32:03.333000,0 days 00:32:37.463000,214.0,236.0,206.0,279.0,True,MEDIUM,9.0,True,Cadillac,0 days 00:30:56.151000,2026-09-11 11:45:58.969,1,,,,False,True,FP1,51.9,27.8,14.7
0 days 00:35:02.784000,BOT,77,0 days 00:02:25.321000,10.0,1.0,,,0 days 00:00:44.645000,0 days 00:00:55.044000,0 days 00:00:45.632000,0 days 00:33:22.108000,0 days 00:34:17.152000,0 days 00:35:02.784000,68.0,228.0,223.0,191.0,False,MEDIUM,10.0,True,Cadillac,0 days 00:32:37.463000,2026-09-11 11:47:40.281,1,,,,False,True,FP1,50.9,27.8,13.3
0 days 00:37:03.519000,BOT,77,0 days 00:02:00.735000,11.0,1.0,,0 days 00:37:02.582000,0 days 00:00:30.761000,0 days 00:00:40.767000,0 days 00:00:49.207000,0 days 00:35:33.545000,0 days 00:36:14.312000,0 days 00:37:03.519000,219.0,176.0,,288.0,False,MEDIUM,11.0,True,Cadillac,0 days 00:35:02.784000,2026-09-11 11:50:05.602,1,,,,False,False,FP1,50.9,27.8,13.3
0 days 00:39:48.798000,BOT,77,,12.0,2.0,0 days 00:37:46.353000,,0 days 00:01:10.959000,0 days 00:00:44.086000,0 days 00:00:50.093000,0 days 00:38:14.733000,0 days 00:38:58.853000,0 days 00:39:48.805000,199.0,209.0,224.0,204.0,False,MEDIUM,12.0,False,Cadillac,0 days 00:37:03.519000,2026-09-11 11:52:06.337,1,,,,False,False,FP1,50.9,27.8,13.3
0 days 00:41:29.730000,BOT,77,0 days 00:01:40.932000,13.0,2.0,,,0 days 00:00:30.453000,0 days 00:00:36.254000,0 days 00:00:34.225000,0 days 00:40:19.251000,0 days 00:40:55.505000,0 days 00:41:29.730000,222.0,244.0,208.0,294.0,True,MEDIUM,13.0,False,Cadillac,0 days 00:39:48.798000,2026-09-11 11:54:51.616,1,,,,False,True,FP1,50.9,27.8,13.3
0 days 00:43:44.059000,BOT,77,0 days 00:02:14.329000,14.0,2.0,,0 days 00:43:42.880000,0 days 00:00:44.314000,0 days 00:00:47.678000,0 days 00:00:42.337000,0 days 00:42:14.044000,0 days 00:43:01.722000,0 days 00:43:44.059000,172.0,197.0,,212.0,False,MEDIUM,14.0,False,Cadillac,0 days 00:41:29.730000,2026-09-11 11:56:32.548,1,,,,False,False,FP1,50.9,27.8,13.3
0 days 00:56:55.654000,BOT,77,,15.0,3.0,0 days 00:54:58.304000,,,0 days 00:00:47.119000,0 days 00:00:38.183000,,0 days 00:56:17.757000,0 days 00:56:55.816000,160.0,217.0,225.0,186.0,False,SOFT,1.0,True,Cadillac,0 days 00:43:44.059000,2026-09-11 11:58:46.877,1,,,,False,False,FP1,50.9,27.8,13.3
0 days 00:58:36.017000,BOT,77,0 days 00:01:40.363000,16.0,3.0,,,0 days 00:00:30.266000,0 days 00:00:36.220000,0 days 00:00:33.877000,0 days 00:57:25.920000,0 days 00:58:02.140000,0 days 00:58:36.017000,226.0,257.0,209.0,294.0,True,SOFT,2.0,True,Cadillac,0 days 00:56:55.654000,2026-09-11 12:11:58.472,1,,,,False,True,FP1,50.9,27.8,13.3
0 days 01:00:55.695000,BOT,77,0 days 00:02:19.678000,17.0,3.0,,,0 days 00:00:45.355000,0 days 00:00:52.438000,0 days 00:00:41.885000,0 days 00:59:21.372000,0 days 01:00:13.810000,0 days 01:00:55.695000,143.0,192.0,179.0,186.0,False,SOFT,3.0,True,Cadillac,0 days 00:58:36.017000,2026-09-11 12:13:38.835,1,,,,False,True,FP1,50.9,27.8,13.3
0 days 01:03:02.854000,BOT,77,0 days 00:02:07.159000,18.0,3.0,,,0 days 00:00:38.660000,0 days 00:00:50.186000,0 days 00:00:38.313000,0 days 01:01:34.355000,0 days 01:02:24.541000,0 days 01:03:02.854000,177.0,189.0,226.0,201.0,False,SOFT,4.0,True,Cadillac,0 days 01:00:55.695000,2026-09-11 12:15:58.513,1,,,,False,True,FP1,51.1,27.8,12.8
0 days 01:05:08.643000,BOT,77,0 days 00:02:05.789000,19.0,3.0,,,0 days 00:00:40.177000,0 days 00:00:47.803000,0 days 00:00:37.809000,0 days 01:03:43.031000,0 days 01:04:30.834000,0 days 01:05:08.643000,139.0,194.0,227.0,184.0,False,SOFT,5.0,True,Cadillac,0 days 01:03:02.854000,2026-09-11 12:18:05.672,1,,,,False,True,FP1,51.1,27.8,12.8
0 days 01:06:47.927000,BOT,77,0 days 00:01:39.284000,20.0,3.0,,,0 days 00:00:30.012000,0 days 00:00:35.882000,0 days 00:00:33.390000,0 days 01:05:38.655000,0 days 01:06:14.537000,0 days 01:06:47.927000,225.0,244.0,209.0,299.0,True,SOFT,6.0,True,Cadillac,0 days 01:05:08.643000,2026-09-11 12:20:11.461,1,,,,False,True,FP1,51.1,27.8,12.8
0 days 01:09:11.427000,BOT,77,0 days 00:02:23.500000,21.0,3.0,,,0 days 00:00:45.403000,0 days 00:00:53.294000,0 days 00:00:44.803000,0 days 01:07:33.330000,0 days 01:08:26.624000,0 days 01:09:11.427000,152.0,175.0,157.0,171.0,False,SOFT,7.0,True,Cadillac,0 days 01:06:47.927000,2026-09-11 12:21:50.745,1,,,,False,True,FP1,51.1,27.8,12.8
0 days 01:11:20.533000,BOT,77,0 days 00:02:09.106000,22.0,3.0,,,0 days 00:00:41.258000,0 days 00:00:48.877000,0 days 00:00:38.971000,0 days 01:09:52.685000,0 days 01:10:41.562000,0 days 01:11:20.533000,169.0,203.0,226.0,173.0,False,SOFT,8.0,True,Cadillac,0 days 01:09:11.427000,2026-09-11 12:24:14.245,1,,,,False,True,FP1,51.1,27.8,12.8
0 days 01:13:35.447000,BOT,77,0 days 00:02:14.914000,23.0,3.0,,,0 days 00:00:30.105000,0 days 00:00:56.655000,0 days 00:00:48.154000,0 days 01:11:50.638000,0 days 01:12:47.293000,0 days 01:13:35.447000,222.0,155.0,224.0,296.0,False,SOFT,9.0,True,Cadillac,0 days 01:11:20.533000,2026-09-11 12:26:23.351,12,,,,False,True,FP1,51.1,27.8,12.8
0 days 01:15:14.265000,BOT,77,0 days 00:01:38.818000,24.0,3.0,,,0 days 00:00:30.164000,0 days 00:00:35.595000,0 days 00:00:33.059000,0 days 01:14:05.611000,0 days 01:14:41.206000,0 days 01:15:14.265000,228.0,249.0,215.0,291.0,True,SOFT,10.0,True,Cadillac,0 days 01:13:35.447000,2026-09-11 12:28:38.265,1,,,,False,True,FP1,51.1,27.8,12.8
0 days 01:17:20.503000,BOT,77,0 days 00:02:06.238000,25.0,3.0,,0 days 01:17:19.624000,0 days 00:00:41.037000,0 days 00:00:45.674000,0 days 00:00:39.527000,0 days 01:15:55.302000,0 days 01:16:40.976000,0 days 01:17:20.503000,183.0,200.0,,154.0,False,SOFT,11.0,True,Cadillac,0 days 01:15:14.265000,2026-09-11 12:30:17.083,1,,,,False,False,FP1,51.1,27.8,12.8
0 days 00:18:06.783000,PIA,81,,1.0,1.0,0 days 00:15:54.706000,,,0 days 00:00:42.130000,0 days 00:00:43.121000,,0 days 00:17:23.880000,0 days 00:18:06.848000,171.0,198.0,222.0,159.0,False,MEDIUM,1.0,True,McLaren,0 days 00:15:54.706000,2026-09-11 11:30:57.524,1,,,,False,False,FP1,51.1,27.8,12.8
0 days 00:19:47.441000,PIA,81,0 days 00:01:40.658000,2.0,1.0,,,0 days 00:00:30.957000,0 days 00:00:35.862000,0 days 00:00:33.839000,0 days 00:18:37.740000,0 days 00:19:13.602000,0 days 00:19:47.441000,201.0,217.0,212.0,251.0,True,MEDIUM,2.0,True,McLaren,0 days 00:18:06.783000,2026-09-11 11:33:09.601,1,,,,False,True,FP1,51.1,27.8,12.8
0 days 00:22:09.543000,PIA,81,0 days 00:02:22.102000,3.0,1.0,,,0 days 00:00:48.285000,0 days 00:00:48.563000,0 days 00:00:45.254000,0 days 00:20:35.726000,0 days 00:21:24.289000,0 days 00:22:09.543000,153.0,169.0,225.0,190.0,False,MEDIUM,3.0,True,McLaren,0 days 00:19:47.441000,2026-09-11 11:34:50.259,1,,,,False,True,FP1,51.1,27.8,12.8
0 days 00:23:47.284000,PIA,81,0 days 00:01:37.741000,4.0,1.0,,,0 days 00:00:30.118000,0 days 00:00:34.952000,0 days 00:00:32.671000,0 days 00:22:39.661000,0 days 00:23:14.613000,0 days 00:23:47.284000,213.0,244.0,216.0,290.0,True,MEDIUM,4.0,True,McLaren,0 days 00:22:09.543000,2026-09-11 11:37:12.361,1,,,,False,True,FP1,51.1,27.8,12.8
0 days 00:26:23.717000,PIA,81,,5.0,1.0,,,0 days 00:00:46.068000,0 days 00:01:00.338000,0 days 00:00:50.128000,0 days 00:24:33.645000,0 days 00:25:33.882000,0 days 00:26:23.868000,145.0,134.0,221.0,111.0,False,MEDIUM,5.0,True,McLaren,0 days 00:23:47.284000,2026-09-11 11:38:50.102,1,,,,False,False,FP1,51.1,27.8,12.8
0 days 00:28:00.914000,PIA,81,0 days 00:01:37.197000,6.0,1.0,,,0 days 00:00:30.045000,0 days 00:00:34.769000,0 days 00:00:32.383000,0 days 00:26:53.762000,0 days 00:27:28.531000,0 days 00:28:00.914000,219.0,246.0,215.0,291.0,True,MEDIUM,6.0,True,McLaren,0 days 00:26:23.717000,2026-09-11 11:41:26.535,1,,,,False,True,FP1,51.1,27.8,12.8
0 days 00:30:21.292000,PIA,81,0 days 00:02:20.378000,7.0,1.0,,,0 days 00:00:48.536000,0 days 00:00:52.231000,0 days 00:00:39.611000,0 days 00:28:49.450000,0 days 00:29:41.681000,0 days 00:30:21.292000,119.0,121.0,226.0,179.0,False,MEDIUM,7.0,True,McLaren,0 days 00:28:00.914000,2026-09-11 11:43:03.732,1,,,,False,True,FP1,52.1,27.9,13.2
0 days 00:31:57.916000,PIA,81,0 days 00:01:36.624000,8.0,1.0,,,0 days 00:00:29.755000,0 days 00:00:34.417000,0 days 00:00:32.452000,0 days 00:30:51.047000,0 days 00:31:25.464000,0 days 00:31:57.916000,224.0,253.0,208.0,292.0,True,MEDIUM,8.0,True,McLaren,0 days 00:30:21.292000,2026-09-11 11:45:24.110,1,,,,False,True,FP1,52.1,27.9,13.2
0 days 00:34:22.427000,PIA,81,0 days 00:02:24.511000,9.0,1.0,,0 days 00:34:22.122000,0 days 00:00:49.525000,0 days 00:00:47.029000,0 days 00:00:47.957000,0 days 00:32:47.441000,0 days 00:33:34.470000,0 days 00:34:22.427000,153.0,166.0,,160.0,False,MEDIUM,9.0,True,McLaren,0 days 00:31:57.916000,2026-09-11 11:47:00.734,1,,,,False,False,FP1,52.1,27.9,13.2
0 days 00:44:30.760000,PIA,81,,10.0,2.0,0 days 00:42:42.405000,,,0 days 00:00:40.669000,0 days 00:00:37.764000,,0 days 00:43:53.208000,0 days 00:44:30.841000,193.0,223.0,225.0,235.0,False,MEDIUM,10.0,False,McLaren,0 days 00:34:22.427000,2026-09-11 11:49:25.245,1,,,,False,False,FP1,52.1,27.9,13.2
0 days 00:46:06.995000,PIA,81,0 days 00:01:36.235000,11.0,2.0,,,0 days 00:00:29.721000,0 days 00:00:34.253000,0 days 00:00:32.261000,0 days 00:45:00.481000,0 days 00:45:34.734000,0 days 00:46:06.995000,227.0,253.0,215.0,288.0,True,MEDIUM,11.0,False,McLaren,0 days 00:44:30.760000,2026-09-11 11:59:33.578,1,,,,False,True,FP1,52.1,27.9,13.2
0 days 00:48:27.418000,PIA,81,0 days 00:02:20.423000,12.0,2.0,,0 days 00:48:26.410000,0 days 00:00:51.300000,0 days 00:00:45.005000,0 days 00:00:44.118000,0 days 00:46:58.295000,0 days 00:47:43.300000,0 days 00:48:27.418000,145.0,176.0,,175.0,False,MEDIUM,12.0,False,McLaren,0 days 00:46:06.995000,2026-09-11 12:01:09.813,1,,,,False,False,FP1,52.1,27.9,13.2
0 days 00:50:59.745000,PIA,81,,13.0,3.0,0 days 00:49:00.846000,,0 days 00:01:04.997000,0 days 00:00:43.750000,0 days 00:00:43.717000,0 days 00:49:32.535000,0 days 00:50:16.305000,0 days 00:50:59.891000,111.0,211.0,213.0,228.0,False,SOFT,1.0,True,McLaren,0 days 00:48:27.418000,2026-09-11 12:03:30.236,1,,,,False,False,FP1,52.1,27.9,13.2
0 days 00:53:02.836000,PIA,81,0 days 00:02:03.091000,14.0,3.0,,,0 days 00:00:37.807000,0 days 00:00:44.207000,0 days 00:00:41.077000,0 days 00:51:37.552000,0 days 00:52:21.759000,0 days 00:53:02.836000,167.0,203.0,229.0,195.0,False,SOFT,2.0,True,McLaren,0 days 00:50:59.745000,2026-09-11 12:06:02.563,1,,,,False,True,FP1,52.1,27.9,13.2
0 days 00:54:38.116000,PIA,81,0 days 00:01:35.280000,15.0,3.0,,,0 days 00:00:29.707000,0 days 00:00:34.044000,0 days 00:00:31.529000,0 days 00:53:32.543000,0 days 00:54:06.587000,0 days 00:54:38.116000,227.0,253.0,223.0,285.0,True,SOFT,3.0,True,McLaren,0 days 00:53:02.836000,2026-09-11 12:08:05.654,1,,,,False,True,FP1,52.1,27.9,13.2
0 days 00:57:07.389000,PIA,81,0 days 00:02:29.273000,16.0,3.0,,,0 days 00:00:49.599000,0 days 00:00:56.903000,0 days 00:00:42.771000,0 days 00:55:27.715000,0 days 00:56:24.618000,0 days 00:57:07.389000,130.0,133.0,226.0,133.0,False,SOFT,4.0,True,McLaren,0 days 00:54:38.116000,2026-09-11 12:09:40.934,1,,,,False,True,FP1,52.1,27.9,13.2
0 days 00:58:42.537000,PIA,81,0 days 00:01:35.148000,17.0,3.0,,,0 days 00:00:29.666000,0 days 00:00:33.938000,0 days 00:00:31.544000,0 days 00:57:37.055000,0 days 00:58:10.993000,0 days 00:58:42.537000,226.0,254.0,217.0,285.0,True,SOFT,5.0,True,McLaren,0 days 00:57:07.389000,2026-09-11 12:12:10.207,1,,,,False,True,FP1,52.1,27.9,13.2
0 days 01:01:06.428000,PIA,81,0 days 00:02:23.891000,18.0,3.0,,0 days 01:01:05.501000,0 days 00:00:47.030000,0 days 00:00:50.446000,0 days 00:00:46.415000,0 days 00:59:29.567000,0 days 01:00:20.013000,0 days 01:01:06.428000,149.0,163.0,,164.0,False,SOFT,6.0,True,McLaren,0 days 00:58:42.537000,2026-09-11 12:13:45.355,1,,,,False,False,FP1,52.2,28.1,13.7
0 days 01:14:52.782000,PIA,81,,19.0,4.0,0 days 01:13:09.314000,,,0 days 00:00:37.060000,0 days 00:00:38.146000,,0 days 01:14:14.786000,0 days 01:14:52.782000,181.0,232.0,227.0,216.0,False,SOFT,1.0,False,McLaren,0 days 01:01:06.428000,2026-09-11 12:16:09.246,12,,,,False,False,FP1,52.2,28.1,13.7
0 days 01:16:29.213000,PIA,81,0 days 00:01:36.431000,20.0,4.0,,,0 days 00:00:29.949000,0 days 00:00:34.612000,0 days 00:00:31.870000,0 days 01:15:22.731000,0 days 01:15:57.343000,0 days 01:16:29.213000,219.0,251.0,221.0,291.0,False,SOFT,2.0,False,McLaren,0 days 01:14:52.782000,2026-09-11 12:29:55.600,1,,,,False,True,FP1,52.2,28.1,13.7
0 days 01:18:55.609000,PIA,81,0 days 00:02:26.396000,21.0,4.0,,,0 days 00:00:47.682000,0 days 00:00:48.204000,0 days 00:00:50.510000,0 days 01:17:16.895000,0 days 01:18:05.099000,0 days 01:18:55.609000,131.0,177.0,57.0,154.0,False,SOFT,3.0,False,McLaren,0 days 01:16:29.213000,2026-09-11 12:31:32.031,1,,,,False,True,FP1,52.2,28.1,13.7
0 days 01:21:21.279000,PIA,81,0 days 00:02:25.670000,22.0,4.0,,0 days 01:21:20.233000,0 days 00:01:06.306000,0 days 00:00:37.399000,0 days 00:00:41.965000,0 days 01:20:01.915000,0 days 01:20:39.314000,0 days 01:21:21.279000,214.0,188.0,,259.0,False,SOFT,4.0,False,McLaren,0 days 01:18:55.609000,2026-09-11 12:33:58.427,12,,,,False,False,FP1,52.2,28.1,13.7
0 days 00:16:59.642000,BEA,87,,1.0,1.0,0 days 00:15:04.289000,,,0 days 00:00:41.800000,0 days 00:00:41.166000,,0 days 00:16:18.660000,0 days 00:16:59.673000,156.0,203.0,210.0,176.0,False,MEDIUM,1.0,True,Haas F1 Team,0 days 00:15:04.289000,2026-09-11 11:30:07.107,1,,,,False,False,FP1,52.2,28.1,13.7
0 days 00:18:43.257000,BEA,87,0 days 00:01:43.615000,2.0,1.0,,,0 days 00:00:31.875000,0 days 00:00:36.976000,0 days 00:00:34.764000,0 days 00:17:31.517000,0 days 00:18:08.493000,0 days 00:18:43.257000,201.0,228.0,201.0,261.0,True,MEDIUM,2.0,True,Haas F1 Team,0 days 00:16:59.642000,2026-09-11 11:32:02.460,1,,,,False,True,FP1,52.2,28.1,13.7
0 days 00:20:50.726000,BEA,87,0 days 00:02:07.469000,3.0,1.0,,0 days 00:20:49.703000,0 days 00:00:39.888000,0 days 00:00:47.724000,0 days 00:00:39.857000,0 days 00:19:23.145000,0 days 00:20:10.869000,0 days 00:20:50.726000,79.0,217.0,,230.0,False,MEDIUM,3.0,True,Haas F1 Team,0 days 00:18:43.257000,2026-09-11 11:33:46.075,1,,,,False,False,FP1,52.2,28.1,13.7
0 days 00:27:41.711000,BEA,87,,4.0,2.0,0 days 00:25:57.444000,,,0 days 00:00:38.741000,0 days 00:00:36.860000,,0 days 00:27:05.114000,0 days 00:27:41.893000,162.0,174.0,222.0,218.0,False,MEDIUM,4.0,False,Haas F1 Team,0 days 00:20:50.726000,2026-09-11 11:35:53.544,1,,,,False,False,FP1,52.2,28.1,13.7
0 days 00:29:21.873000,BEA,87,0 days 00:01:40.162000,5.0,2.0,,,0 days 00:00:30.914000,0 days 00:00:36.231000,0 days 00:00:33.017000,0 days 00:28:12.625000,0 days 00:28:48.856000,0 days 00:29:21.873000,203.0,233.0,223.0,286.0,True,MEDIUM,5.0,False,Haas F1 Team,0 days 00:27:41.711000,2026-09-11 11:42:44.529,1,,,,False,True,FP1,52.2,28.1,13.7
0 days 00:31:01.503000,BEA,87,0 days 00:01:39.630000,6.0,2.0,,,0 days 00:00:30.488000,0 days 00:00:36.255000,0 days 00:00:32.887000,0 days 00:29:52.361000,0 days 00:30:28.616000,0 days 00:31:01.503000,211.0,246.0,221.0,289.0,True,MEDIUM,6.0,False,Haas F1 Team,0 days 00:29:21.873000,2026-09-11 11:44:24.691,1,,,,False,True,FP1,51.2,28.2,13.9
0 days 00:33:37.351000,BEA,87,,7.0,2.0,,0 days 00:33:36.116000,0 days 00:00:56.445000,0 days 00:00:56.378000,0 days 00:00:42.842000,0 days 00:31:58.285000,0 days 00:32:54.654000,0 days 00:33:37.351000,135.0,138.0,,115.0,False,MEDIUM,7.0,False,Haas F1 Team,0 days 00:31:01.503000,2026-09-11 11:46:04.321,1,,,,False,False,FP1,51.2,28.2,13.9
0 days 00:36:57.705000,BEA,87,,8.0,3.0,0 days 00:35:00.461000,,,0 days 00:00:46.570000,0 days 00:00:42.491000,,0 days 00:36:15.500000,0 days 00:36:57.843000,176.0,168.0,221.0,193.0,False,MEDIUM,8.0,False,Haas F1 Team,0 days 00:33:37.351000,2026-09-11 11:48:40.169,1,,,,False,False,FP1,51.2,28.2,13.9
0 days 00:38:36.006000,BEA,87,0 days 00:01:38.301000,9.0,3.0,,,0 days 00:00:30.397000,0 days 00:00:35.002000,0 days 00:00:32.902000,0 days 00:37:28.102000,0 days 00:38:03.104000,0 days 00:38:36.006000,209.0,246.0,207.0,286.0,True,MEDIUM,9.0,False,Haas F1 Team,0 days 00:36:57.705000,2026-09-11 11:52:00.523,1,,,,False,True,FP1,51.2,28.2,13.9
0 days 00:41:01.577000,BEA,87,0 days 00:02:25.571000,10.0,3.0,,0 days 00:41:00.554000,0 days 00:00:54.843000,0 days 00:00:50.179000,0 days 00:00:40.549000,0 days 00:39:30.849000,0 days 00:40:21.028000,0 days 00:41:01.577000,128.0,183.0,,139.0,False,MEDIUM,10.0,False,Haas F1 Team,0 days 00:38:36.006000,2026-09-11 11:53:38.824,1,,,,False,False,FP1,51.2,28.2,13.9
0 days 00:43:32.147000,BEA,87,,11.0,4.0,0 days 00:41:40.134000,,0 days 00:01:08.285000,0 days 00:00:40.855000,0 days 00:00:41.325000,0 days 00:42:10.049000,0 days 00:42:51.176000,0 days 00:43:32.240000,190.0,195.0,224.0,212.0,False,MEDIUM,11.0,False,Haas F1 Team,0 days 00:41:01.577000,2026-09-11 11:56:04.395,1,,,,False,False,FP1,50.9,28.2,14.3
0 days 00:45:09.885000,BEA,87,0 days 00:01:37.738000,12.0,4.0,,,0 days 00:00:30.034000,0 days 00:00:34.896000,0 days 00:00:32.808000,0 days 00:44:02.181000,0 days 00:44:37.077000,0 days 00:45:09.885000,210.0,249.0,205.0,290.0,True,MEDIUM,12.0,False,Haas F1 Team,0 days 00:43:32.147000,2026-09-11 11:58:34.965,1,,,,False,True,FP1,50.9,28.2,14.3
0 days 00:47:10.503000,BEA,87,0 days 00:02:00.618000,13.0,4.0,,0 days 00:47:09.465000,0 days 00:00:42.580000,0 days 00:00:40.275000,0 days 00:00:37.763000,0 days 00:45:52.465000,0 days 00:46:32.740000,0 days 00:47:10.503000,163.0,195.0,,198.0,False,MEDIUM,13.0,False,Haas F1 Team,0 days 00:45:09.885000,2026-09-11 12:00:12.703,1,,,,False,False,FP1,50.9,28.2,14.3
0 days 00:58:30.530000,BEA,87,,14.0,5.0,0 days 00:56:36.382000,,,0 days 00:00:42.187000,0 days 00:00:39.139000,,0 days 00:57:52.164000,0 days 00:58:30.567000,161.0,201.0,226.0,106.0,False,SOFT,1.0,True,Haas F1 Team,0 days 00:47:10.503000,2026-09-11 12:02:13.321,1,,,,False,False,FP1,50.9,28.2,14.3
0 days 01:00:35.299000,BEA,87,0 days 00:02:04.769000,15.0,5.0,,,0 days 00:00:38.936000,0 days 00:00:46.186000,0 days 00:00:39.647000,0 days 00:59:09.466000,0 days 00:59:55.652000,0 days 01:00:35.299000,132.0,218.0,227.0,144.0,False,SOFT,2.0,True,Haas F1 Team,0 days 00:58:30.530000,2026-09-11 12:13:33.348,1,,,,False,True,FP1,50.9,28.2,14.3
0 days 01:02:12.271000,BEA,87,0 days 00:01:36.972000,16.0,5.0,,,0 days 00:00:29.664000,0 days 00:00:34.547000,0 days 00:00:32.761000,0 days 01:01:04.963000,0 days 01:01:39.510000,0 days 01:02:12.271000,213.0,252.0,210.0,293.0,True,SOFT,3.0,True,Haas F1 Team,0 days 01:00:35.299000,2026-09-11 12:15:38.117,1,,,,False,True,FP1,50.9,28.2,14.3
0 days 01:04:45.414000,BEA,87,,17.0,5.0,,0 days 01:04:44.285000,0 days 00:00:57.069000,0 days 00:00:52.549000,0 days 00:00:43.391000,0 days 01:03:09.516000,0 days 01:04:02.101000,0 days 01:04:45.414000,121.0,156.0,,135.0,False,SOFT,4.0,True,Haas F1 Team,0 days 01:02:12.271000,2026-09-11 12:17:15.089,1,,,,False,False,FP1,50.9,28.2,14.3
0 days 01:07:46.576000,BEA,87,,18.0,6.0,0 days 01:05:40.718000,,0 days 00:01:32.404000,0 days 00:00:44.003000,0 days 00:00:44.879000,0 days 01:06:17.791000,0 days 01:07:01.905000,0 days 01:07:46.607000,130.0,187.0,225.0,172.0,False,SOFT,5.0,False,Haas F1 Team,0 days 01:04:45.414000,2026-09-11 12:19:48.232,1,,,,False,False,FP1,50.9,28.2,14.3
0 days 01:09:23.429000,BEA,87,0 days 00:01:36.853000,19.0,6.0,,,0 days 00:00:29.653000,0 days 00:00:34.666000,0 days 00:00:32.534000,0 days 01:08:16.229000,0 days 01:08:50.895000,0 days 01:09:23.429000,213.0,250.0,212.0,295.0,True,SOFT,6.0,False,Haas F1 Team,0 days 01:07:46.576000,2026-09-11 12:22:49.394,1,,,,False,True,FP1,50.9,28.2,14.3
0 days 01:11:42.212000,BEA,87,0 days 00:02:18.783000,20.0,6.0,,0 days 01:11:41.160000,0 days 00:00:45.730000,0 days 00:00:52.074000,0 days 00:00:40.979000,0 days 01:10:09.159000,0 days 01:11:01.233000,0 days 01:11:42.212000,152.0,200.0,,146.0,False,SOFT,7.0,False,Haas F1 Team,0 days 01:09:23.429000,2026-09-11 12:24:26.247,12,,,,False,False,FP1,50.9,28.2,14.3
0 days 01:14:17.601000,BEA,87,,21.0,7.0,0 days 01:12:22.785000,,0 days 00:01:11.750000,0 days 00:00:45.237000,0 days 00:00:38.396000,0 days 01:12:54.299000,0 days 01:13:39.428000,0 days 01:14:17.668000,156.0,209.0,225.0,180.0,False,SOFT,8.0,False,Haas F1 Team,0 days 01:11:42.212000,2026-09-11 12:26:45.030,21,,,,False,False,FP1,50.9,28.2,14.3
0 days 01:15:54.358000,BEA,87,0 days 00:01:36.757000,22.0,7.0,,,0 days 00:00:29.849000,0 days 00:00:34.532000,0 days 00:00:32.376000,0 days 01:14:47.450000,0 days 01:15:21.982000,0 days 01:15:54.358000,212.0,257.0,209.0,292.0,False,SOFT,9.0,False,Haas F1 Team,0 days 01:14:17.601000,2026-09-11 12:29:20.419,1,,,,False,True,FP1,50.9,28.2,14.7
0 days 01:17:58.023000,BEA,87,0 days 00:02:03.665000,23.0,7.0,,,0 days 00:00:42.123000,0 days 00:00:42.358000,0 days 00:00:39.184000,0 days 01:16:36.481000,0 days 01:17:18.839000,0 days 01:17:58.023000,121.0,206.0,67.0,197.0,False,SOFT,10.0,False,Haas F1 Team,0 days 01:15:54.358000,2026-09-11 12:30:57.176,1,,,,False,True,FP1,50.9,28.2,14.7
0 days 01:20:43.742000,BEA,87,,24.0,7.0,,0 days 01:20:42.550000,0 days 00:01:12.280000,0 days 00:00:35.359000,0 days 00:00:57.992000,0 days 01:19:10.497000,0 days 01:19:45.750000,0 days 01:20:43.806000,211.0,250.0,,280.0,False,SOFT,11.0,False,Haas F1 Team,0 days 01:17:58.023000,2026-09-11 12:33:00.841,1,,,,False,False,FP1,50.9,28.2,14.7
0 days 00:18:07.919000,NOR,1,,1.0,1.0,0 days 00:16:09.040000,,,0 days 00:00:38.241000,0 days 00:00:44.431000,,0 days 00:17:23.683000,0 days 00:18:08.024000,182.0,229.0,225.0,192.0,False,MEDIUM,1.0,True,McLaren,0 days 00:16:09.040000,2026-09-11 15:01:21.028,1,,,,False,False,FP2,52.8,30.1,11.7
0 days 00:20:08.024000,NOR,1,0 days 00:02:00.105000,2.0,1.0,,0 days 00:20:06.977000,0 days 00:00:32.449000,0 days 00:00:43.452000,0 days 00:00:44.204000,0 days 00:18:40.368000,0 days 00:19:23.820000,0 days 00:20:08.024000,202.0,158.0,,259.0,False,MEDIUM,2.0,True,McLaren,0 days 00:18:07.919000,2026-09-11 15:03:19.907,1,,,,False,False,FP2,52.8,30.1,11.7
0 days 00:18:38.424000,VER,3,,1.0,1.0,0 days 00:16:36.928000,,,0 days 00:00:50.387000,0 days 00:00:39.237000,,0 days 00:17:59.292000,0 days 00:18:38.424000,181.0,222.0,227.0,240.0,False,MEDIUM,1.0,True,Red Bull Racing,0 days 00:16:36.928000,2026-09-11 15:01:48.916,1,,,,False,False,FP2,52.8,30.1,11.7
0 days 00:20:14.399000,VER,3,0 days 00:01:35.975000,2.0,1.0,,,0 days 00:00:29.689000,0 days 00:00:33.792000,0 days 00:00:32.494000,0 days 00:19:08.113000,0 days 00:19:41.905000,0 days 00:20:14.399000,233.0,264.0,220.0,288.0,True,MEDIUM,2.0,True,Red Bull Racing,0 days 00:18:38.424000,2026-09-11 15:03:50.412,1,,,,False,True,FP2,52.8,30.1,11.7
0 days 00:22:53.422000,VER,3,,3.0,1.0,,,0 days 00:00:56.282000,0 days 00:00:57.996000,0 days 00:00:44.748000,0 days 00:21:10.877000,0 days 00:22:08.815000,0 days 00:22:53.422000,112.0,140.0,230.0,143.0,False,MEDIUM,3.0,True,Red Bull Racing,0 days 00:20:14.399000,2026-09-11 15:05:26.387,1,,,,False,False,FP2,52.8,30.1,11.7
0 days 00:24:28.601000,VER,3,0 days 00:01:35.179000,4.0,1.0,,,0 days 00:00:29.339000,0 days 00:00:33.631000,0 days 00:00:32.209000,0 days 00:23:22.761000,0 days 00:23:56.392000,0 days 00:24:28.601000,237.0,266.0,219.0,288.0,True,MEDIUM,4.0,True,Red Bull Racing,0 days 00:22:53.422000,2026-09-11 15:08:05.410,1,,,,False,True,FP2,52.8,30.1,11.7
0 days 00:27:06.147000,VER,3,,5.0,1.0,,,0 days 00:00:53.284000,0 days 00:00:58.019000,0 days 00:00:46.223000,0 days 00:25:22.035000,0 days 00:26:20.034000,0 days 00:27:06.147000,131.0,148.0,171.0,120.0,False,MEDIUM,5.0,True,Red Bull Racing,0 days 00:24:28.601000,2026-09-11 15:09:40.589,1,,,,False,False,FP2,52.8,30.1,11.7
0 days 00:29:16.467000,VER,3,0 days 00:02:10.320000,6.0,1.0,,,0 days 00:00:42.703000,0 days 00:00:45.032000,0 days 00:00:42.585000,0 days 00:27:48.850000,0 days 00:28:33.882000,0 days 00:29:16.467000,151.0,208.0,232.0,172.0,False,MEDIUM,6.0,True,Red Bull Racing,0 days 00:27:06.147000,2026-09-11 15:12:18.135,1,,,,False,True,FP2,52.8,30.1,11.7
0 days 00:30:50.845000,VER,3,0 days 00:01:34.378000,7.0,1.0,,,0 days 00:00:29.015000,0 days 00:00:33.424000,0 days 00:00:31.939000,0 days 00:29:45.482000,0 days 00:30:18.906000,0 days 00:30:50.845000,236.0,262.0,219.0,299.0,True,MEDIUM,7.0,True,Red Bull Racing,0 days 00:29:16.467000,2026-09-11 15:14:28.455,1,,,,False,True,FP2,52.8,30.1,11.7
0 days 00:32:54.931000,VER,3,0 days 00:02:04.086000,8.0,1.0,,0 days 00:32:53.888000,0 days 00:00:38.459000,0 days 00:00:44.942000,0 days 00:00:40.685000,0 days 00:31:29.304000,0 days 00:32:14.246000,0 days 00:32:54.931000,164.0,184.0,,183.0,False,MEDIUM,8.0,True,Red Bull Racing,0 days 00:30:50.845000,2026-09-11 15:16:02.833,1,,,,False,False,FP2,52.8,30.1,11.7
0 days 00:41:11.614000,VER,3,,9.0,2.0,0 days 00:39:15.809000,,,0 days 00:00:47.137000,0 days 00:00:36.498000,,0 days 00:40:35.344000,0 days 00:41:11.869000,159.0,186.0,229.0,188.0,False,SOFT,1.0,True,Red Bull Racing,0 days 00:32:54.931000,2026-09-11 15:18:06.919,1,,,,False,False,FP2,52.8,30.1,11.7
0 days 00:42:45.677000,VER,3,0 days 00:01:34.063000,10.0,2.0,,,0 days 00:00:29.061000,0 days 00:00:33.324000,0 days 00:00:31.678000,0 days 00:41:40.675000,0 days 00:42:13.999000,0 days 00:42:45.677000,238.0,268.0,219.0,291.0,True,SOFT,2.0,True,Red Bull Racing,0 days 00:41:11.614000,2026-09-11 15:26:23.602,1,,,,False,True,FP2,52.8,30.1,11.7
0 days 00:44:50.600000,VER,3,0 days 00:02:04.923000,11.0,2.0,,0 days 00:44:49.491000,0 days 00:00:41.608000,0 days 00:00:43.578000,0 days 00:00:39.737000,0 days 00:43:27.285000,0 days 00:44:10.863000,0 days 00:44:50.600000,151.0,58.0,,236.0,False,SOFT,3.0,True,Red Bull Racing,0 days 00:42:45.677000,2026-09-11 15:27:57.665,1,,,,False,False,FP2,52.6,30.1,11.8
0 days 01:04:29.723000,VER,3,,12.0,3.0,0 days 01:02:39.722000,,,0 days 00:00:37.900000,0 days 00:00:37.099000,,0 days 01:03:52.716000,0 days 01:04:29.753000,193.0,206.0,221.0,205.0,False,SOFT,4.0,False,Red Bull Racing,0 days 01:02:39.722000,2026-09-11 15:47:51.710,1,,,,False,False,FP2,52.6,30.1,11.8
0 days 01:06:08.337000,VER,3,0 days 00:01:38.614000,13.0,3.0,,,0 days 00:00:30.530000,0 days 00:00:35.263000,0 days 00:00:32.821000,0 days 01:05:00.253000,0 days 01:05:35.516000,0 days 01:06:08.337000,216.0,241.0,225.0,274.0,False,SOFT,5.0,False,Red Bull Racing,0 days 01:04:29.723000,2026-09-11 15:49:41.711,1,,,,False,True,FP2,52.6,30.1,11.8
0 days 01:07:47.554000,VER,3,0 days 00:01:39.217000,14.0,3.0,,,0 days 00:00:30.456000,0 days 00:00:35.746000,0 days 00:00:33.015000,0 days 01:06:38.793000,0 days 01:07:14.539000,0 days 01:07:47.554000,213.0,246.0,222.0,278.0,False,SOFT,6.0,False,Red Bull Racing,0 days 01:06:08.337000,2026-09-11 15:51:20.325,1,,,,False,True,FP2,52.6,30.1,11.8
0 days 01:09:31.730000,VER,3,0 days 00:01:44.176000,15.0,3.0,,,0 days 00:00:31.663000,0 days 00:00:38.483000,0 days 00:00:34.030000,0 days 01:08:19.217000,0 days 01:08:57.700000,0 days 01:09:31.730000,203.0,237.0,222.0,251.0,False,SOFT,7.0,False,Red Bull Racing,0 days 01:07:47.554000,2026-09-11 15:52:59.542,1,,,,False,True,FP2,52.6,30.1,11.8
0 days 01:11:12.535000,VER,3,0 days 00:01:40.805000,16.0,3.0,,,0 days 00:00:30.911000,0 days 00:00:36.415000,0 days 00:00:33.479000,0 days 01:10:02.641000,0 days 01:10:39.056000,0 days 01:11:12.535000,213.0,231.0,224.0,281.0,False,SOFT,8.0,False,Red Bull Racing,0 days 01:09:31.730000,2026-09-11 15:54:43.718,1,,,,False,True,FP2,52.6,30.1,11.8
0 days 01:12:51.893000,VER,3,0 days 00:01:39.358000,17.0,3.0,,,0 days 00:00:30.337000,0 days 00:00:35.637000,0 days 00:00:33.384000,0 days 01:11:42.872000,0 days 01:12:18.509000,0 days 01:12:51.893000,218.0,250.0,222.0,287.0,False,SOFT,9.0,False,Red Bull Racing,0 days 01:11:12.535000,2026-09-11 15:56:24.523,1,,,,False,True,FP2,52.6,30.1,11.8
0 days 01:14:32.562000,VER,3,0 days 00:01:40.669000,18.0,3.0,,,0 days 00:00:30.191000,0 days 00:00:35.742000,0 days 00:00:34.736000,0 days 01:13:22.084000,0 days 01:13:57.826000,0 days 01:14:32.562000,215.0,245.0,217.0,287.0,False,SOFT,10.0,False,Red Bull Racing,0 days 01:12:51.893000,2026-09-11 15:58:03.881,1,,,,False,True,FP2,52.6,30.1,11.8
0 days 01:16:13.613000,VER,3,0 days 00:01:41.051000,19.0,3.0,,,0 days 00:00:30.464000,0 days 00:00:36.471000,0 days 00:00:34.116000,0 days 01:15:03.026000,0 days 01:15:39.497000,0 days 01:16:13.613000,220.0,232.0,219.0,289.0,False,SOFT,11.0,False,Red Bull Racing,0 days 01:14:32.562000,2026-09-11 15:59:44.550,1,,,,False,True,FP2,52.6,30.1,11.8
0 days 01:18:58.440000,VER,3,,20.0,3.0,,,0 days 00:00:53.926000,0 days 00:01:00.932000,0 days 00:00:49.997000,0 days 01:17:07.673000,0 days 01:18:08.567000,0 days 01:18:58.440000,113.0,121.0,99.0,145.0,False,SOFT,12.0,False,Red Bull Racing,0 days 01:16:13.613000,2026-09-11 16:01:25.601,1,,,,False,False,FP2,52.8,30.1,12.2
0 days 01:21:39.901000,VER,3,,21.0,3.0,,,0 days 00:01:12.098000,0 days 00:00:43.923000,0 days 00:00:45.356000,0 days 01:20:10.743000,0 days 01:20:54.721000,0 days 01:21:40.015000,179.0,178.0,59.0,203.0,False,SOFT,13.0,False,Red Bull Racing,0 days 01:18:58.440000,2026-09-11 16:04:10.428,1,,,,False,False,FP2,52.8,30.1,12.2
0 days 01:24:06.385000,VER,3,0 days 00:02:26.484000,22.0,3.0,,0 days 01:24:05.229000,0 days 00:01:07.638000,0 days 00:00:40.344000,0 days 00:00:38.502000,0 days 01:22:47.539000,0 days 01:23:27.883000,0 days 01:24:06.385000,214.0,207.0,,275.0,False,SOFT,14.0,False,Red Bull Racing,0 days 01:21:39.901000,2026-09-11 16:06:51.889,1,,,,False,False,FP2,52.8,30.1,12.2
0 days 00:18:22.041000,BOR,5,,1.0,1.0,0 days 00:16:24.981000,,,0 days 00:00:39.194000,0 days 00:00:40.512000,,0 days 00:17:42.199000,0 days 00:18:22.092000,173.0,216.0,211.0,196.0,False,MEDIUM,1.0,True,Audi,0 days 00:16:24.981000,2026-09-11 15:01:36.969,1,,,,False,False,FP2,52.8,30.1,12.2
0 days 00:19:58.972000,BOR,5,0 days 00:01:36.931000,2.0,1.0,,,0 days 00:00:29.539000,0 days 00:00:34.579000,0 days 00:00:32.813000,0 days 00:18:51.580000,0 days 00:19:26.159000,0 days 00:19:58.972000,224.0,258.0,213.0,311.0,True,MEDIUM,2.0,True,Audi,0 days 00:18:22.041000,2026-09-11 15:03:34.029,1,,,,False,True,FP2,52.8,30.1,12.2
0 days 00:22:35.147000,BOR,5,,3.0,1.0,,0 days 00:22:34.019000,0 days 00:00:50.958000,0 days 00:01:00.115000,0 days 00:00:45.048000,0 days 00:20:50.230000,0 days 00:21:50.345000,0 days 00:22:35.253000,114.0,142.0,,133.0,False,MEDIUM,3.0,True,Audi,0 days 00:19:58.972000,2026-09-11 15:05:10.960,1,,,,False,False,FP2,52.8,30.1,12.2
0 days 00:24:46.054000,BOR,5,0 days 00:02:10.907000,4.0,2.0,0 days 00:22:59.766000,,0 days 00:00:51.044000,0 days 00:00:43.985000,0 days 00:00:35.878000,0 days 00:23:26.191000,0 days 00:24:10.176000,0 days 00:24:46.054000,185.0,205.0,215.0,232.0,False,MEDIUM,4.0,False,Audi,0 days 00:22:35.147000,2026-09-11 15:07:47.135,1,,,,False,False,FP2,52.8,30.1,12.2
0 days 00:26:33.535000,BOR,5,0 days 00:01:47.481000,5.0,2.0,,0 days 00:26:32.559000,0 days 00:00:29.306000,0 days 00:00:34.652000,0 days 00:00:43.523000,0 days 00:25:15.360000,0 days 00:25:50.012000,0 days 00:26:33.535000,228.0,252.0,,306.0,False,MEDIUM,5.0,False,Audi,0 days 00:24:46.054000,2026-09-11 15:09:58.042,1,,,,False,False,FP2,51.8,30.2,12.1
0 days 00:29:31.327000,BOR,5,,6.0,3.0,0 days 00:27:09.906000,,0 days 00:01:13.484000,0 days 00:00:52.636000,0 days 00:00:51.757000,0 days 00:27:47.208000,0 days 00:28:39.810000,0 days 00:29:31.493000,114.0,168.0,208.0,179.0,False,MEDIUM,6.0,False,Audi,0 days 00:26:33.535000,2026-09-11 15:11:45.523,1,,,,False,False,FP2,51.8,30.2,12.1
0 days 00:31:07.480000,BOR,5,0 days 00:01:36.153000,7.0,3.0,,,0 days 00:00:29.503000,0 days 00:00:34.415000,0 days 00:00:32.235000,0 days 00:30:00.830000,0 days 00:30:35.245000,0 days 00:31:07.480000,224.0,254.0,222.0,306.0,True,MEDIUM,7.0,False,Audi,0 days 00:29:31.327000,2026-09-11 15:14:43.315,1,,,,False,True,FP2,51.8,30.2,12.1
0 days 00:33:37.037000,BOR,5,0 days 00:02:29.557000,8.0,3.0,,,0 days 00:00:49.013000,0 days 00:00:55.157000,0 days 00:00:45.387000,0 days 00:31:56.493000,0 days 00:32:51.650000,0 days 00:33:37.037000,149.0,129.0,215.0,149.0,False,MEDIUM,8.0,False,Audi,0 days 00:31:07.480000,2026-09-11 15:16:19.468,1,,,,False,True,FP2,51.8,30.2,12.1
0 days 00:35:12.816000,BOR,5,0 days 00:01:35.779000,9.0,3.0,,,0 days 00:00:29.287000,0 days 00:00:34.366000,0 days 00:00:32.126000,0 days 00:34:06.324000,0 days 00:34:40.690000,0 days 00:35:12.816000,226.0,254.0,222.0,304.0,True,MEDIUM,9.0,False,Audi,0 days 00:33:37.037000,2026-09-11 15:18:49.025,1,,,,False,True,FP2,51.8,30.2,12.1
0 days 00:37:45.130000,BOR,5,,10.0,3.0,,,0 days 00:00:50.067000,0 days 00:01:02.396000,0 days 00:00:39.726000,0 days 00:36:03.106000,0 days 00:37:05.587000,0 days 00:37:45.130000,114.0,159.0,213.0,105.0,False,MEDIUM,10.0,False,Audi,0 days 00:35:12.816000,2026-09-11 15:20:24.804,1,,,,False,False,FP2,51.8,30.2,12.1
0 days 00:39:31.113000,BOR,5,0 days 00:01:45.983000,11.0,3.0,,0 days 00:39:30.121000,0 days 00:00:29.353000,0 days 00:00:34.476000,0 days 00:00:42.154000,0 days 00:38:14.483000,0 days 00:38:48.959000,0 days 00:39:31.113000,224.0,255.0,,303.0,False,MEDIUM,11.0,False,Audi,0 days 00:37:45.130000,2026-09-11 15:22:57.118,1,,,,False,False,FP2,51.8,30.2,12.1
0 days 00:47:46.410000,BOR,5,,12.0,4.0,0 days 00:45:56.836000,,,0 days 00:00:41.641000,0 days 00:00:37.709000,,0 days 00:47:08.958000,0 days 00:47:46.551000,189.0,199.0,218.0,144.0,False,SOFT,1.0,True,Audi,0 days 00:39:31.113000,2026-09-11 15:24:43.101,1,,,,False,False,FP2,51.8,30.2,12.1
0 days 00:49:21.580000,BOR,5,0 days 00:01:35.170000,13.0,4.0,,,0 days 00:00:29.113000,0 days 00:00:33.892000,0 days 00:00:32.165000,0 days 00:48:15.523000,0 days 00:48:49.415000,0 days 00:49:21.580000,229.0,259.0,219.0,307.0,True,SOFT,2.0,True,Audi,0 days 00:47:46.410000,2026-09-11 15:32:58.398,1,,,,False,True,FP2,51.8,30.2,12.1
0 days 01:01:55.378000,BOR,5,,14.0,4.0,,0 days 00:52:31.634000,0 days 00:00:56.614000,,,0 days 00:50:18.540000,,,96.0,,,157.0,False,SOFT,3.0,True,Audi,0 days 00:49:21.580000,2026-09-11 15:34:33.568,125,,,,False,False,FP2,51.8,30.2,12.1
0 days 01:03:46.385000,BOR,5,,15.0,5.0,0 days 01:01:55.378000,,,0 days 00:00:38.233000,0 days 00:00:34.094000,,0 days 01:03:12.727000,0 days 01:03:46.450000,194.0,232.0,221.0,200.0,False,MEDIUM,12.0,False,Audi,0 days 01:01:55.378000,2026-09-11 15:47:07.366,1,,,,False,False,FP2,51.8,30.2,12.1
0 days 01:05:27.109000,BOR,5,0 days 00:01:40.724000,16.0,5.0,,,0 days 00:00:30.094000,0 days 00:00:36.925000,0 days 00:00:33.705000,0 days 01:04:16.479000,0 days 01:04:53.404000,0 days 01:05:27.109000,215.0,239.0,219.0,305.0,False,MEDIUM,13.0,False,Audi,0 days 01:03:46.385000,2026-09-11 15:48:58.373,1,,,,False,True,FP2,51.8,30.2,12.1
0 days 01:07:08.488000,BOR,5,0 days 00:01:41.379000,17.0,5.0,,,0 days 00:00:30.479000,0 days 00:00:36.961000,0 days 00:00:33.939000,0 days 01:05:57.588000,0 days 01:06:34.549000,0 days 01:07:08.488000,219.0,245.0,217.0,298.0,False,MEDIUM,14.0,False,Audi,0 days 01:05:27.109000,2026-09-11 15:50:39.097,1,,,,False,True,FP2,51.8,30.2,12.1
0 days 01:08:50.180000,BOR,5,0 days 00:01:41.692000,18.0,5.0,,,0 days 00:00:30.706000,0 days 00:00:36.818000,0 days 00:00:34.168000,0 days 01:07:39.194000,0 days 01:08:16.012000,0 days 01:08:50.180000,220.0,243.0,217.0,295.0,False,MEDIUM,15.0,False,Audi,0 days 01:07:08.488000,2026-09-11 15:52:20.476,1,,,,False,True,FP2,51.8,30.2,12.1
0 days 01:10:32.389000,BOR,5,0 days 00:01:42.209000,19.0,5.0,,,0 days 00:00:30.639000,0 days 00:00:36.956000,0 days 00:00:34.614000,0 days 01:09:20.819000,0 days 01:09:57.775000,0 days 01:10:32.389000,218.0,242.0,219.0,297.0,False,MEDIUM,16.0,False,Audi,0 days 01:08:50.180000,2026-09-11 15:54:02.168,1,,,,False,True,FP2,52.8,30.4,12.0
0 days 01:12:15.438000,BOR,5,0 days 00:01:43.049000,20.0,5.0,,,0 days 00:00:30.711000,0 days 00:00:37.176000,0 days 00:00:35.162000,0 days 01:11:03.100000,0 days 01:11:40.276000,0 days 01:12:15.438000,215.0,235.0,208.0,286.0,False,MEDIUM,17.0,False,Audi,0 days 01:10:32.389000,2026-09-11 15:55:44.377,1,,,,False,True,FP2,52.8,30.4,12.0
0 days 01:14:03.750000,BOR,5,0 days 00:01:48.312000,21.0,5.0,,0 days 01:14:02.727000,0 days 00:00:32.008000,0 days 00:00:37.930000,0 days 00:00:38.374000,0 days 01:12:47.446000,0 days 01:13:25.376000,0 days 01:14:03.750000,202.0,230.0,,265.0,False,MEDIUM,18.0,False,Audi,0 days 01:12:15.438000,2026-09-11 15:57:27.426,1,,,,False,False,FP2,52.8,30.4,12.0
0 days 01:16:10.182000,BOR,5,0 days 00:02:06.432000,22.0,6.0,0 days 01:14:35.427000,,0 days 00:00:56,0 days 00:00:36.910000,0 days 00:00:33.522000,0 days 01:14:59.750000,0 days 01:15:36.660000,0 days 01:16:10.182000,209.0,243.0,220.0,255.0,False,SOFT,4.0,False,Audi,0 days 01:14:03.750000,2026-09-11 15:59:15.738,1,,,,False,False,FP2,52.8,30.4,12.0
0 days 01:18:20.727000,BOR,5,0 days 00:02:10.545000,23.0,6.0,,,0 days 00:00:31.249000,0 days 00:00:49.612000,0 days 00:00:49.684000,0 days 01:16:41.431000,0 days 01:17:31.043000,0 days 01:18:20.727000,214.0,143.0,52.0,277.0,False,SOFT,5.0,False,Audi,0 days 01:16:10.182000,2026-09-11 16:01:22.170,1,,,,False,True,FP2,52.8,30.4,12.0
0 days 01:20:58.819000,BOR,5,,24.0,6.0,,,0 days 00:01:03.991000,0 days 00:00:45.479000,0 days 00:00:48.680000,0 days 01:19:24.917000,0 days 01:20:10.335000,0 days 01:20:58.819000,186.0,164.0,60.0,289.0,False,SOFT,6.0,False,Audi,0 days 01:18:20.727000,2026-09-11 16:03:32.715,1,,,,False,False,FP2,52.8,30.4,12.0
0 days 01:23:16.018000,BOR,5,0 days 00:02:17.199000,25.0,6.0,,0 days 01:23:15.087000,0 days 00:00:56.622000,0 days 00:00:37.460000,0 days 00:00:43.117000,0 days 01:21:55.441000,0 days 01:22:32.901000,0 days 01:23:16.018000,210.0,239.0,,291.0,False,SOFT,7.0,False,Audi,0 days 01:20:58.819000,2026-09-11 16:06:10.807,1,,,,False,False,FP2,52.8,30.4,12.0
0 days 00:18:17.754000,GAS,10,,1.0,1.0,0 days 00:16:18.944000,,,0 days 00:00:43.108000,0 days 00:00:41.309000,,0 days 00:17:36.709000,0 days 00:18:17.843000,179.0,204.0,224.0,215.0,False,MEDIUM,1.0,True,Alpine,0 days 00:16:18.944000,2026-09-11 15:01:30.932,1,,,,False,False,FP2,52.8,30.4,12.0
0 days 00:19:55.382000,GAS,10,0 days 00:01:37.628000,2.0,1.0,,,0 days 00:00:29.844000,0 days 00:00:34.750000,0 days 00:00:33.034000,0 days 00:18:47.598000,0 days 00:19:22.348000,0 days 00:19:55.382000,220.0,242.0,208.0,294.0,True,MEDIUM,2.0,True,Alpine,0 days 00:18:17.754000,2026-09-11 15:03:29.742,1,,,,False,True,FP2,52.8,30.4,12.0
0 days 00:22:30.659000,GAS,10,,3.0,1.0,,,0 days 00:00:52.159000,0 days 00:01:01.462000,0 days 00:00:41.568000,0 days 00:20:47.746000,0 days 00:21:49.188000,0 days 00:22:30.659000,101.0,145.0,226.0,130.0,False,MEDIUM,3.0,True,Alpine,0 days 00:19:55.382000,2026-09-11 15:05:07.370,1,,,,False,False,FP2,52.7,30.5,12.1
0 days 00:24:06.627000,GAS,10,0 days 00:01:35.968000,4.0,1.0,,,0 days 00:00:29.458000,0 days 00:00:34.119000,0 days 00:00:32.391000,0 days 00:23:00.117000,0 days 00:23:34.236000,0 days 00:24:06.627000,230.0,259.0,209.0,293.0,True,MEDIUM,4.0,True,Alpine,0 days 00:22:30.659000,2026-09-11 15:07:42.647,1,,,,False,True,FP2,52.7,30.5,12.1
0 days 00:26:48.857000,GAS,10,,5.0,1.0,,,0 days 00:00:55.206000,0 days 00:01:03.707000,0 days 00:00:43.506000,0 days 00:25:01.962000,0 days 00:26:05.724000,0 days 00:26:49.012000,146.0,120.0,228.0,115.0,False,MEDIUM,5.0,True,Alpine,0 days 00:24:06.627000,2026-09-11 15:09:18.615,1,,,,False,False,FP2,52.7,30.5,12.1
0 days 00:28:24.811000,GAS,10,0 days 00:01:35.954000,6.0,1.0,,,0 days 00:00:29.416000,0 days 00:00:34.206000,0 days 00:00:32.332000,0 days 00:27:18.273000,0 days 00:27:52.479000,0 days 00:28:24.811000,230.0,258.0,208.0,294.0,True,MEDIUM,6.0,True,Alpine,0 days 00:26:48.857000,2026-09-11 15:12:00.845,1,,,,False,True,FP2,52.7,30.5,12.1
0 days 00:30:46.947000,GAS,10,0 days 00:02:22.136000,7.0,1.0,,0 days 00:30:46.028000,0 days 00:00:43.627000,0 days 00:00:50.302000,0 days 00:00:48.207000,0 days 00:29:08.438000,0 days 00:29:58.740000,0 days 00:30:46.947000,123.0,173.0,,219.0,False,MEDIUM,7.0,True,Alpine,0 days 00:28:24.811000,2026-09-11 15:13:36.799,1,,,,False,False,FP2,52.7,30.5,12.1
0 days 00:48:24.257000,GAS,10,,8.0,2.0,0 days 00:46:32.243000,,,0 days 00:00:43.295000,0 days 00:00:37.932000,,0 days 00:47:46.566000,0 days 00:48:24.257000,181.0,204.0,229.0,242.0,False,SOFT,1.0,True,Alpine,0 days 00:30:46.947000,2026-09-11 15:15:58.935,1,,,,False,False,FP2,52.7,30.5,12.1
0 days 00:49:59.216000,GAS,10,0 days 00:01:34.959000,9.0,2.0,,,0 days 00:00:29.249000,0 days 00:00:33.543000,0 days 00:00:32.167000,0 days 00:48:53.506000,0 days 00:49:27.049000,0 days 00:49:59.216000,232.0,264.0,194.0,297.0,True,SOFT,2.0,True,Alpine,0 days 00:48:24.257000,2026-09-11 15:33:36.245,1,,,,False,True,FP2,52.7,30.5,12.1
0 days 01:01:53.363000,GAS,10,,10.0,2.0,,0 days 00:53:02.171000,,,,,,,,,,,False,SOFT,3.0,True,Alpine,0 days 00:49:59.216000,2026-09-11 15:35:11.204,125,,,,False,False,FP2,52.7,30.5,12.1
0 days 01:03:43.513000,GAS,10,,11.0,3.0,0 days 01:01:53.363000,,,0 days 00:00:38.298000,0 days 00:00:34.232000,,0 days 01:03:09.462000,0 days 01:03:43.575000,201.0,227.0,220.0,226.0,False,MEDIUM,8.0,False,Alpine,0 days 01:01:53.363000,2026-09-11 15:47:05.351,1,,,,False,False,FP2,52.6,30.5,11.7
0 days 01:05:24.204000,GAS,10,0 days 00:01:40.691000,12.0,3.0,,,0 days 00:00:30.429000,0 days 00:00:36.741000,0 days 00:00:33.521000,0 days 01:04:13.942000,0 days 01:04:50.683000,0 days 01:05:24.204000,214.0,246.0,221.0,290.0,False,MEDIUM,9.0,False,Alpine,0 days 01:03:43.513000,2026-09-11 15:48:55.501,1,,,,False,True,FP2,52.6,30.5,11.7
0 days 01:07:04.783000,GAS,10,0 days 00:01:40.579000,13.0,3.0,,,0 days 00:00:30.749000,0 days 00:00:36.337000,0 days 00:00:33.493000,0 days 01:05:54.953000,0 days 01:06:31.290000,0 days 01:07:04.783000,212.0,247.0,219.0,290.0,False,MEDIUM,10.0,False,Alpine,0 days 01:05:24.204000,2026-09-11 15:50:36.192,1,,,,False,True,FP2,52.6,30.5,11.7
0 days 01:08:45.570000,GAS,10,0 days 00:01:40.787000,14.0,3.0,,,0 days 00:00:30.552000,0 days 00:00:36.458000,0 days 00:00:33.777000,0 days 01:07:35.335000,0 days 01:08:11.793000,0 days 01:08:45.570000,221.0,243.0,219.0,294.0,False,MEDIUM,11.0,False,Alpine,0 days 01:07:04.783000,2026-09-11 15:52:16.771,1,,,,False,True,FP2,52.6,30.5,11.7
0 days 01:10:26.810000,GAS,10,0 days 00:01:41.240000,15.0,3.0,,,0 days 00:00:30.888000,0 days 00:00:36.484000,0 days 00:00:33.868000,0 days 01:09:16.458000,0 days 01:09:52.942000,0 days 01:10:26.810000,218.0,250.0,218.0,289.0,False,MEDIUM,12.0,False,Alpine,0 days 01:08:45.570000,2026-09-11 15:53:57.558,1,,,,False,True,FP2,52.6,30.5,11.7
0 days 01:12:08.196000,GAS,10,0 days 00:01:41.386000,16.0,3.0,,,0 days 00:00:30.949000,0 days 00:00:36.357000,0 days 00:00:34.080000,0 days 01:10:57.759000,0 days 01:11:34.116000,0 days 01:12:08.196000,215.0,249.0,217.0,293.0,False,MEDIUM,13.0,False,Alpine,0 days 01:10:26.810000,2026-09-11 15:55:38.798,1,,,,False,True,FP2,52.6,30.5,11.7
0 days 01:13:50.765000,GAS,10,0 days 00:01:42.569000,17.0,3.0,,,0 days 00:00:31.012000,0 days 00:00:36.898000,0 days 00:00:34.659000,0 days 01:12:39.208000,0 days 01:13:16.106000,0 days 01:13:50.765000,210.0,244.0,218.0,295.0,False,MEDIUM,14.0,False,Alpine,0 days 01:12:08.196000,2026-09-11 15:57:20.184,1,,,,False,True,FP2,52.6,30.5,11.7
0 days 01:15:33.295000,GAS,10,0 days 00:01:42.530000,18.0,3.0,,,0 days 00:00:31.121000,0 days 00:00:36.717000,0 days 00:00:34.692000,0 days 01:14:21.886000,0 days 01:14:58.603000,0 days 01:15:33.295000,212.0,249.0,215.0,283.0,False,MEDIUM,15.0,False,Alpine,0 days 01:13:50.765000,2026-09-11 15:59:02.753,1,,,,False,True,FP2,52.6,30.5,11.7
0 days 01:18:14.048000,GAS,10,,19.0,3.0,,,0 days 00:00:41.332000,0 days 00:00:54.052000,0 days 00:01:05.197000,0 days 01:16:14.973000,0 days 01:17:08.890000,0 days 01:18:14.048000,145.0,138.0,28.0,181.0,False,MEDIUM,16.0,False,Alpine,0 days 01:15:33.295000,2026-09-11 16:00:45.283,1,,,,False,False,FP2,52.6,30.5,11.7
0 days 01:21:24.921000,GAS,10,,20.0,3.0,,,0 days 00:01:15.336000,0 days 00:00:59.088000,0 days 00:00:56.491000,0 days 01:19:29.532000,0 days 01:20:28.435000,0 days 01:21:24.986000,146.0,135.0,58.0,198.0,False,MEDIUM,17.0,False,Alpine,0 days 01:18:14.048000,2026-09-11 16:03:26.036,1,,,,False,False,FP2,52.6,30.5,11.7
0 days 01:23:48.728000,GAS,10,0 days 00:02:23.807000,21.0,3.0,,0 days 01:23:46.619000,0 days 00:01:05.509000,0 days 00:00:39.061000,0 days 00:00:39.237000,0 days 01:22:30.430000,0 days 01:23:09.491000,0 days 01:23:48.728000,202.0,227.0,,257.0,False,MEDIUM,18.0,False,Alpine,0 days 01:21:24.921000,2026-09-11 16:06:36.909,1,,,,False,False,FP2,52.3,30.6,11.2
0 days 00:17:30.179000,PER,11,,1.0,1.0,0 days 00:15:24.169000,,,0 days 00:00:39.209000,0 days 00:00:44.399000,,0 days 00:16:45.937000,0 days 00:17:30.282000,175.0,224.0,223.0,177.0,False,MEDIUM,1.0,True,Cadillac,0 days 00:15:24.169000,2026-09-11 15:00:36.157,1,,,,False,False,FP2,52.3,30.6,11.2
0 days 00:19:07.979000,PER,11,0 days 00:01:37.800000,2.0,1.0,,,0 days 00:00:29.491000,0 days 00:00:35.369000,0 days 00:00:32.940000,0 days 00:17:59.670000,0 days 00:18:35.039000,0 days 00:19:07.979000,213.0,245.0,203.0,301.0,True,MEDIUM,2.0,True,Cadillac,0 days 00:17:30.179000,2026-09-11 15:02:42.167,1,,,,False,True,FP2,52.3,30.6,11.2
0 days 00:21:58.888000,PER,11,,3.0,1.0,,,0 days 00:00:54.032000,0 days 00:01:10.801000,0 days 00:00:46.200000,0 days 00:20:02.281000,0 days 00:21:13.033000,0 days 00:21:59.006000,107.0,130.0,221.0,122.0,False,MEDIUM,3.0,True,Cadillac,0 days 00:19:07.979000,2026-09-11 15:04:19.967,1,,,,False,False,FP2,52.3,30.6,11.2
0 days 00:23:36.891000,PER,11,0 days 00:01:38.003000,4.0,1.0,,,0 days 00:00:30.146000,0 days 00:00:35.122000,0 days 00:00:32.735000,0 days 00:22:29.034000,0 days 00:23:04.156000,0 days 00:23:36.891000,216.0,248.0,215.0,293.0,True,MEDIUM,4.0,True,Cadillac,0 days 00:21:58.888000,2026-09-11 15:07:10.876,1,,,,False,True,FP2,52.3,30.6,11.2
0 days 00:26:32.828000,PER,11,,5.0,1.0,,,0 days 00:00:58.828000,0 days 00:01:03.757000,0 days 00:00:53.263000,0 days 00:24:35.995000,0 days 00:25:39.710000,0 days 00:26:32.828000,115.0,132.0,171.0,114.0,False,MEDIUM,5.0,True,Cadillac,0 days 00:23:36.891000,2026-09-11 15:08:48.879,1,,,,False,False,FP2,52.3,30.6,11.2
0 days 00:28:57.269000,PER,11,0 days 00:02:24.441000,6.0,1.0,,,0 days 00:00:45.184000,0 days 00:00:52.811000,0 days 00:00:46.446000,0 days 00:27:18.012000,0 days 00:28:10.823000,0 days 00:28:57.269000,96.0,162.0,224.0,203.0,False,MEDIUM,6.0,True,Cadillac,0 days 00:26:32.828000,2026-09-11 15:11:44.816,1,,,,False,True,FP2,52.3,30.6,11.2
0 days 00:30:34.780000,PER,11,0 days 00:01:37.511000,7.0,1.0,,,0 days 00:00:30.104000,0 days 00:00:34.653000,0 days 00:00:32.754000,0 days 00:29:27.373000,0 days 00:30:02.026000,0 days 00:30:34.780000,218.0,247.0,216.0,293.0,True,MEDIUM,7.0,True,Cadillac,0 days 00:28:57.269000,2026-09-11 15:14:09.257,1,,,,False,True,FP2,52.3,30.6,11.2
0 days 00:32:44.907000,PER,11,0 days 00:02:10.127000,8.0,1.0,,0 days 00:32:43.948000,0 days 00:00:36.305000,0 days 00:00:48.077000,0 days 00:00:45.745000,0 days 00:31:11.085000,0 days 00:31:59.162000,0 days 00:32:44.907000,182.0,169.0,,210.0,False,MEDIUM,8.0,True,Cadillac,0 days 00:30:34.780000,2026-09-11 15:15:46.768,1,,,,False,False,FP2,52.3,30.6,11.2
0 days 00:41:26.170000,PER,11,,9.0,2.0,0 days 00:39:34.830000,,,0 days 00:00:42.346000,0 days 00:00:39.992000,,0 days 00:40:46.481000,0 days 00:41:26.399000,180.0,204.0,227.0,209.0,False,SOFT,1.0,True,Cadillac,0 days 00:32:44.907000,2026-09-11 15:17:56.895,1,,,,False,False,FP2,52.3,30.6,11.2
0 days 00:43:03.365000,PER,11,0 days 00:01:37.195000,10.0,2.0,,,0 days 00:00:29.832000,0 days 00:00:34.626000,0 days 00:00:32.737000,0 days 00:41:56.002000,0 days 00:42:30.628000,0 days 00:43:03.365000,221.0,251.0,218.0,301.0,True,SOFT,2.0,True,Cadillac,0 days 00:41:26.170000,2026-09-11 15:26:38.158,1,,,,False,True,FP2,52.0,30.4,11.3
0 days 00:45:46.987000,PER,11,,11.0,2.0,,0 days 00:45:45.868000,0 days 00:00:52.121000,0 days 00:00:59.024000,0 days 00:00:52.224000,0 days 00:43:55.739000,0 days 00:44:54.842000,0 days 00:45:47.005000,141.0,149.0,,123.0,False,SOFT,3.0,True,Cadillac,0 days 00:43:03.365000,2026-09-11 15:28:15.353,1,,,,False,False,FP2,52.0,30.4,11.3
0 days 00:48:43.763000,PER,11,,12.0,3.0,0 days 00:46:35.701000,,0 days 00:01:29.395000,0 days 00:00:48.314000,0 days 00:00:39.160000,0 days 00:47:16.443000,0 days 00:48:04.773000,0 days 00:48:43.763000,140.0,222.0,227.0,141.0,False,SOFT,4.0,False,Cadillac,0 days 00:45:46.987000,2026-09-11 15:30:58.975,1,,,,False,False,FP2,52.0,30.4,11.3
0 days 01:02:25.822000,PER,11,,13.0,3.0,,0 days 00:50:58.894000,0 days 00:00:29.971000,0 days 00:00:46.917000,,0 days 00:49:13.832000,0 days 00:50:00.873000,,220.0,152.0,,292.0,False,SOFT,5.0,False,Cadillac,0 days 00:48:43.763000,2026-09-11 15:33:55.751,125,,,,False,False,FP2,52.0,30.4,11.3
0 days 01:04:17.438000,PER,11,,14.0,4.0,0 days 01:02:25.822000,,,0 days 00:00:41.869000,0 days 00:00:36.674000,,0 days 01:03:40.856000,0 days 01:04:17.468000,185.0,163.0,217.0,206.0,False,MEDIUM,9.0,False,Cadillac,0 days 01:02:25.822000,2026-09-11 15:47:37.810,1,,,,False,False,FP2,52.0,30.4,11.3
0 days 01:05:59.311000,PER,11,0 days 00:01:41.873000,15.0,4.0,,,0 days 00:00:31.028000,0 days 00:00:37.183000,0 days 00:00:33.662000,0 days 01:04:48.466000,0 days 01:05:25.649000,0 days 01:05:59.311000,206.0,224.0,220.0,263.0,False,MEDIUM,10.0,False,Cadillac,0 days 01:04:17.438000,2026-09-11 15:49:29.426,1,,,,False,True,FP2,52.0,30.4,11.3
0 days 01:07:45.360000,PER,11,0 days 00:01:46.049000,16.0,4.0,,,0 days 00:00:30.971000,0 days 00:00:38.444000,0 days 00:00:36.634000,0 days 01:06:30.282000,0 days 01:07:08.726000,0 days 01:07:45.360000,206.0,216.0,216.0,278.0,False,MEDIUM,11.0,False,Cadillac,0 days 01:05:59.311000,2026-09-11 15:51:11.299,1,,,,False,True,FP2,52.0,30.4,11.3
0 days 01:09:29.211000,PER,11,0 days 00:01:43.851000,17.0,4.0,,,0 days 00:00:31.792000,0 days 00:00:37.957000,0 days 00:00:34.102000,0 days 01:08:17.152000,0 days 01:08:55.109000,0 days 01:09:29.211000,204.0,222.0,219.0,240.0,False,MEDIUM,12.0,False,Cadillac,0 days 01:07:45.360000,2026-09-11 15:52:57.348,1,,,,False,True,FP2,52.0,30.4,11.3
0 days 01:11:16.377000,PER,11,0 days 00:01:47.166000,18.0,4.0,,,0 days 00:00:31.374000,0 days 00:00:38.454000,0 days 00:00:37.338000,0 days 01:10:00.585000,0 days 01:10:39.039000,0 days 01:11:16.377000,209.0,200.0,219.0,253.0,False,MEDIUM,13.0,False,Cadillac,0 days 01:09:29.211000,2026-09-11 15:54:41.199,1,,,,False,True,FP2,52.0,30.4,11.3
0 days 01:13:00.788000,PER,11,0 days 00:01:44.411000,19.0,4.0,,,0 days 00:00:31.437000,0 days 00:00:38.373000,0 days 00:00:34.601000,0 days 01:11:47.814000,0 days 01:12:26.187000,0 days 01:13:00.788000,208.0,220.0,216.0,277.0,False,MEDIUM,14.0,False,Cadillac,0 days 01:11:16.377000,2026-09-11 15:56:28.365,1,,,,False,True,FP2,52.0,30.4,11.3
0 days 01:14:45.168000,PER,11,0 days 00:01:44.380000,20.0,4.0,,,0 days 00:00:32.299000,0 days 00:00:37.715000,0 days 00:00:34.366000,0 days 01:13:33.087000,0 days 01:14:10.802000,0 days 01:14:45.168000,205.0,224.0,215.0,241.0,False,MEDIUM,15.0,False,Cadillac,0 days 01:13:00.788000,2026-09-11 15:58:12.776,1,,,,False,True,FP2,51.7,30.2,11.4
0 days 01:16:28.718000,PER,11,0 days 00:01:43.550000,21.0,4.0,,,0 days 00:00:31.737000,0 days 00:00:37.345000,0 days 00:00:34.468000,0 days 01:15:16.905000,0 days 01:15:54.250000,0 days 01:16:28.718000,211.0,232.0,215.0,252.0,False,MEDIUM,16.0,False,Cadillac,0 days 01:14:45.168000,2026-09-11 15:59:57.156,1,,,,False,True,FP2,51.7,30.2,11.4
0 days 01:19:05.372000,PER,11,,22.0,4.0,,,0 days 00:00:44.113000,0 days 00:01:00.050000,0 days 00:00:52.446000,0 days 01:17:13.235000,0 days 01:18:12.926000,0 days 01:19:05.381000,132.0,128.0,41.0,133.0,False,MEDIUM,17.0,False,Cadillac,0 days 01:16:28.718000,2026-09-11 16:01:40.706,1,,,,False,False,FP2,51.7,30.2,11.4
0 days 01:21:49.208000,PER,11,,23.0,4.0,,,0 days 00:01:08.017000,0 days 00:00:47.866000,0 days 00:00:47.994000,0 days 01:20:13.373000,0 days 01:21:01.256000,0 days 01:21:49.208000,161.0,177.0,37.0,190.0,False,MEDIUM,18.0,False,Cadillac,0 days 01:19:05.372000,2026-09-11 16:04:17.360,1,,,,False,False,FP2,51.7,30.2,11.4
0 days 01:24:12.905000,PER,11,0 days 00:02:23.697000,24.0,4.0,,0 days 01:24:11.846000,0 days 00:01:04.090000,0 days 00:00:41.232000,0 days 00:00:38.375000,0 days 01:22:53.298000,0 days 01:23:34.530000,0 days 01:24:12.905000,189.0,209.0,,225.0,False,MEDIUM,19.0,False,Cadillac,0 days 01:21:49.208000,2026-09-11 16:07:01.196,1,,,,False,False,FP2,51.7,30.2,11.4
0 days 00:17:52.671000,ANT,12,,1.0,1.0,0 days 00:15:43.408000,,,0 days 00:00:42.020000,0 days 00:00:40.344000,,0 days 00:17:12.462000,0 days 00:17:52.772000,171.0,221.0,218.0,185.0,False,MEDIUM,1.0,True,Mercedes,0 days 00:15:43.408000,2026-09-11 15:00:55.396,1,,,,False,False,FP2,51.7,30.2,11.4
0 days 00:19:53.724000,ANT,12,0 days 00:02:01.053000,2.0,1.0,,,0 days 00:00:29.654000,0 days 00:00:50.406000,0 days 00:00:40.993000,0 days 00:18:22.325000,0 days 00:19:12.731000,0 days 00:19:53.724000,221.0,156.0,213.0,297.0,True,MEDIUM,2.0,True,Mercedes,0 days 00:17:52.671000,2026-09-11 15:03:04.659,1,,,,False,True,FP2,51.7,30.2,11.4
0 days 00:21:28.152000,ANT,12,0 days 00:01:34.428000,3.0,1.0,,,0 days 00:00:29.279000,0 days 00:00:34.035000,0 days 00:00:31.114000,0 days 00:20:23.003000,0 days 00:20:57.038000,0 days 00:21:28.152000,231.0,259.0,222.0,293.0,True,MEDIUM,3.0,True,Mercedes,0 days 00:19:53.724000,2026-09-11 15:05:05.712,1,,,,False,True,FP2,51.7,30.2,11.4
0 days 00:23:59.976000,ANT,12,,4.0,1.0,,0 days 00:23:58.837000,0 days 00:00:45.543000,0 days 00:00:56.629000,0 days 00:00:49.617000,0 days 00:22:13.949000,0 days 00:23:10.419000,0 days 00:23:59.976000,112.0,108.0,,151.0,False,MEDIUM,4.0,True,Mercedes,0 days 00:21:28.152000,2026-09-11 15:06:40.140,1,,,,False,False,FP2,51.7,30.2,11.4
0 days 00:27:09.105000,ANT,12,,5.0,2.0,0 days 00:25:12.219000,,,0 days 00:00:44.952000,0 days 00:00:40.601000,,0 days 00:26:28.536000,0 days 00:27:09.105000,192.0,202.0,213.0,218.0,False,MEDIUM,5.0,False,Mercedes,0 days 00:23:59.976000,2026-09-11 15:09:11.964,1,,,,False,False,FP2,51.7,30.2,11.4
0 days 00:29:00.321000,ANT,12,0 days 00:01:51.216000,6.0,2.0,,0 days 00:28:59.203000,0 days 00:00:29.445000,0 days 00:00:33.803000,0 days 00:00:47.968000,0 days 00:27:38.550000,0 days 00:28:12.353000,0 days 00:29:00.321000,228.0,259.0,,295.0,False,MEDIUM,6.0,False,Mercedes,0 days 00:27:09.105000,2026-09-11 15:12:21.093,1,,,,False,False,FP2,51.6,30.3,11.2
0 days 00:32:09.221000,ANT,12,,7.0,3.0,0 days 00:30:08.815000,,,0 days 00:00:50.260000,0 days 00:00:37.460000,,0 days 00:31:31.953000,0 days 00:32:09.274000,154.0,224.0,217.0,183.0,False,MEDIUM,7.0,False,Mercedes,0 days 00:29:00.321000,2026-09-11 15:14:12.309,1,,,,False,False,FP2,51.6,30.3,11.2
0 days 00:33:43.147000,ANT,12,0 days 00:01:33.926000,8.0,3.0,,,0 days 00:00:28.977000,0 days 00:00:33.481000,0 days 00:00:31.468000,0 days 00:32:38.198000,0 days 00:33:11.679000,0 days 00:33:43.147000,231.0,262.0,220.0,294.0,True,MEDIUM,8.0,False,Mercedes,0 days 00:32:09.221000,2026-09-11 15:17:21.209,1,,,,False,True,FP2,51.6,30.3,11.2
0 days 00:35:51.476000,ANT,12,0 days 00:02:08.329000,9.0,3.0,,0 days 00:35:50.430000,0 days 00:00:41.056000,0 days 00:00:46.522000,0 days 00:00:40.751000,0 days 00:34:24.203000,0 days 00:35:10.725000,0 days 00:35:51.476000,151.0,186.0,,127.0,False,MEDIUM,9.0,False,Mercedes,0 days 00:33:43.147000,2026-09-11 15:18:55.135,1,,,,False,False,FP2,51.6,30.3,11.2
0 days 00:42:24.959000,ANT,12,,10.0,4.0,0 days 00:40:27.723000,,,0 days 00:00:43.414000,0 days 00:00:36.644000,,0 days 00:41:48.525000,0 days 00:42:25.059000,178.0,224.0,217.0,207.0,False,SOFT,1.0,True,Mercedes,0 days 00:35:51.476000,2026-09-11 15:21:03.464,1,,,,False,False,FP2,51.6,30.3,11.2
0 days 00:43:58.621000,ANT,12,0 days 00:01:33.662000,11.0,4.0,,,0 days 00:00:28.986000,0 days 00:00:33.545000,0 days 00:00:31.131000,0 days 00:42:53.945000,0 days 00:43:27.490000,0 days 00:43:58.621000,231.0,263.0,223.0,303.0,True,SOFT,2.0,True,Mercedes,0 days 00:42:24.959000,2026-09-11 15:27:36.947,1,,,,False,True,FP2,51.6,30.3,11.2
0 days 00:46:32.148000,ANT,12,,12.0,4.0,,0 days 00:46:31.043000,0 days 00:00:47.651000,0 days 00:00:55.433000,0 days 00:00:50.241000,0 days 00:44:46.474000,0 days 00:45:42.165000,0 days 00:46:32.214000,130.0,177.0,,144.0,False,SOFT,3.0,True,Mercedes,0 days 00:43:58.621000,2026-09-11 15:29:10.609,1,,,,False,False,FP2,51.6,30.3,11.2
0 days 00:49:18.126000,ANT,12,,13.0,5.0,0 days 00:47:27.473000,,0 days 00:01:30.074000,0 days 00:00:40.691000,0 days 00:00:35.212000,0 days 00:48:02.304000,0 days 00:48:42.977000,0 days 00:49:18.126000,188.0,230.0,219.0,193.0,False,SOFT,4.0,False,Mercedes,0 days 00:46:32.148000,2026-09-11 15:31:44.136,1,,,,False,False,FP2,51.6,30.3,11.2
0 days 01:02:52.279000,ANT,12,,14.0,5.0,,0 days 00:51:22.754000,0 days 00:00:28.877000,,,0 days 00:49:47.004000,,,233.0,,,303.0,False,SOFT,5.0,False,Mercedes,0 days 00:49:18.126000,2026-09-11 15:34:30.114,125,,,,False,False,FP2,51.3,30.3,11.2
0 days 01:04:45.808000,ANT,12,,15.0,6.0,0 days 01:02:52.279000,,,0 days 00:00:36.459000,0 days 00:00:37.349000,,0 days 01:04:08.686000,0 days 01:04:45.927000,211.0,243.0,213.0,217.0,False,MEDIUM,10.0,False,Mercedes,0 days 01:02:52.279000,2026-09-11 15:48:04.267,1,,,,False,False,FP2,51.3,30.3,11.2
0 days 01:06:25.430000,ANT,12,0 days 00:01:39.622000,16.0,6.0,,,0 days 00:00:30.310000,0 days 00:00:36.129000,0 days 00:00:33.183000,0 days 01:05:16.118000,0 days 01:05:52.247000,0 days 01:06:25.430000,218.0,246.0,218.0,289.0,False,MEDIUM,11.0,False,Mercedes,0 days 01:04:45.808000,2026-09-11 15:49:57.796,1,,,,False,True,FP2,51.3,30.3,11.2
0 days 01:08:04.979000,ANT,12,0 days 00:01:39.549000,17.0,6.0,,,0 days 00:00:30.498000,0 days 00:00:36.005000,0 days 00:00:33.046000,0 days 01:06:55.928000,0 days 01:07:31.933000,0 days 01:08:04.979000,218.0,246.0,220.0,290.0,False,MEDIUM,12.0,False,Mercedes,0 days 01:06:25.430000,2026-09-11 15:51:37.418,1,,,,False,True,FP2,51.3,30.3,11.2
0 days 01:09:45.100000,ANT,12,0 days 00:01:40.121000,18.0,6.0,,,0 days 00:00:30.540000,0 days 00:00:36.083000,0 days 00:00:33.498000,0 days 01:08:35.519000,0 days 01:09:11.602000,0 days 01:09:45.100000,220.0,248.0,219.0,290.0,False,MEDIUM,13.0,False,Mercedes,0 days 01:08:04.979000,2026-09-11 15:53:16.967,1,,,,False,True,FP2,51.3,30.3,11.2
0 days 01:11:27.696000,ANT,12,0 days 00:01:42.596000,19.0,6.0,,,0 days 00:00:30.827000,0 days 00:00:36.917000,0 days 00:00:34.852000,0 days 01:10:15.927000,0 days 01:10:52.844000,0 days 01:11:27.696000,212.0,237.0,219.0,276.0,False,MEDIUM,14.0,False,Mercedes,0 days 01:09:45.100000,2026-09-11 15:54:57.088,1,,,,False,True,FP2,51.3,30.3,11.2
0 days 01:13:08.685000,ANT,12,0 days 00:01:40.989000,20.0,6.0,,,0 days 00:00:30.996000,0 days 00:00:36.480000,0 days 00:00:33.513000,0 days 01:11:58.692000,0 days 01:12:35.172000,0 days 01:13:08.685000,219.0,244.0,215.0,281.0,False,MEDIUM,15.0,False,Mercedes,0 days 01:11:27.696000,2026-09-11 15:56:39.684,1,,,,False,True,FP2,51.3,30.3,11.2
0 days 01:14:49.221000,ANT,12,0 days 00:01:40.536000,21.0,6.0,,,0 days 00:00:30.806000,0 days 00:00:36.384000,0 days 00:00:33.346000,0 days 01:13:39.491000,0 days 01:14:15.875000,0 days 01:14:49.221000,218.0,247.0,218.0,288.0,False,MEDIUM,16.0,False,Mercedes,0 days 01:13:08.685000,2026-09-11 15:58:20.673,1,,,,False,True,FP2,51.3,30.3,11.2
0 days 01:17:15.601000,ANT,12,0 days 00:02:26.380000,22.0,6.0,,,0 days 00:00:42.268000,0 days 00:00:55.973000,0 days 00:00:48.139000,0 days 01:15:31.489000,0 days 01:16:27.462000,0 days 01:17:15.601000,125.0,146.0,51.0,163.0,False,MEDIUM,17.0,False,Mercedes,0 days 01:14:49.221000,2026-09-11 16:00:01.209,1,,,,False,True,FP2,51.3,30.3,11.2
0 days 01:19:56.016000,ANT,12,,23.0,6.0,,,0 days 00:01:11.807000,0 days 00:00:46.609000,0 days 00:00:41.878000,0 days 01:18:27.618000,0 days 01:19:14.178000,0 days 01:19:56.016000,216.0,166.0,58.0,280.0,False,MEDIUM,18.0,False,Mercedes,0 days 01:17:15.601000,2026-09-11 16:02:27.589,1,,,,False,False,FP2,51.3,30.3,11.2
0 days 01:22:26.241000,ANT,12,,24.0,6.0,,0 days 01:22:25.088000,0 days 00:01:10.908000,0 days 00:00:42.778000,0 days 00:00:36.564000,0 days 01:21:06.930000,0 days 01:21:49.802000,0 days 01:22:26.241000,212.0,206.0,,287.0,False,MEDIUM,19.0,False,Mercedes,0 days 01:19:56.016000,2026-09-11 16:05:08.004,1,,,,False,False,FP2,51.7,30.2,11.4
0 days 00:40:29.015000,ALO,14,,1.0,1.0,0 days 00:38:49.148000,,,0 days 00:00:38.041000,0 days 00:00:35.149000,,0 days 00:39:54.224000,0 days 00:40:29.171000,188.0,232.0,212.0,231.0,False,MEDIUM,1.0,True,Aston Martin,0 days 00:38:49.148000,2026-09-11 15:24:01.136,1,,,,False,False,FP2,51.7,30.2,11.4
0 days 00:42:06.915000,ALO,14,0 days 00:01:37.900000,2.0,1.0,,,0 days 00:00:30.173000,0 days 00:00:35.138000,0 days 00:00:32.589000,0 days 00:40:59.188000,0 days 00:41:34.326000,0 days 00:42:06.915000,221.0,248.0,203.0,285.0,True,MEDIUM,2.0,True,Aston Martin,0 days 00:40:29.015000,2026-09-11 15:25:41.003,1,,,,False,True,FP2,51.7,30.2,11.4
0 days 00:44:14.164000,ALO,14,0 days 00:02:07.249000,3.0,1.0,,,0 days 00:00:38.813000,0 days 00:00:46.495000,0 days 00:00:41.941000,0 days 00:42:45.728000,0 days 00:43:32.223000,0 days 00:44:14.164000,88.0,184.0,208.0,205.0,True,MEDIUM,3.0,True,Aston Martin,0 days 00:42:06.915000,2026-09-11 15:27:18.903,1,,,,False,True,FP2,51.7,30.2,11.4
0 days 00:45:51.640000,ALO,14,0 days 00:01:37.476000,4.0,1.0,,,0 days 00:00:30.016000,0 days 00:00:35.414000,0 days 00:00:32.046000,0 days 00:44:44.180000,0 days 00:45:19.594000,0 days 00:45:51.640000,224.0,242.0,217.0,285.0,True,MEDIUM,4.0,True,Aston Martin,0 days 00:44:14.164000,2026-09-11 15:29:26.152,1,,,,False,True,FP2,51.7,30.2,11.4
0 days 00:47:43.782000,ALO,14,0 days 00:01:52.142000,5.0,1.0,,0 days 00:47:43.230000,0 days 00:00:33.879000,0 days 00:00:38.918000,0 days 00:00:39.345000,0 days 00:46:25.519000,0 days 00:47:04.437000,0 days 00:47:43.782000,192.0,209.0,,256.0,False,MEDIUM,5.0,True,Aston Martin,0 days 00:45:51.640000,2026-09-11 15:31:03.628,1,,,,False,False,FP2,51.7,30.2,11.4
0 days 01:02:20.427000,ALO,14,,6.0,2.0,0 days 00:48:50.821000,0 days 00:50:52.220000,0 days 00:01:33.974000,0 days 00:00:41.150000,,0 days 00:49:18.018000,0 days 00:49:59.239000,,185.0,198.0,,217.0,False,SOFT,1.0,True,Aston Martin,0 days 00:47:43.782000,2026-09-11 15:32:55.770,125,,,,False,False,FP2,51.7,30.2,11.4
0 days 01:04:09.774000,ALO,14,,7.0,3.0,0 days 01:02:20.427000,,,0 days 00:00:37.453000,0 days 00:00:37.953000,,0 days 01:03:32.170000,0 days 01:04:09.842000,199.0,235.0,195.0,224.0,False,SOFT,2.0,False,Aston Martin,0 days 01:02:20.427000,2026-09-11 15:47:32.415,1,,,,False,False,FP2,52.0,30.2,11.4
0 days 01:05:55.558000,ALO,14,0 days 00:01:45.784000,8.0,3.0,,,0 days 00:00:33.262000,0 days 00:00:37.707000,0 days 00:00:34.815000,0 days 01:04:43.036000,0 days 01:05:20.743000,0 days 01:05:55.558000,200.0,239.0,214.0,259.0,True,SOFT,3.0,False,Aston Martin,0 days 01:04:09.774000,2026-09-11 15:49:21.762,1,,,,False,True,FP2,52.0,30.2,11.4
0 days 01:07:41.524000,ALO,14,0 days 00:01:45.966000,9.0,3.0,,,0 days 00:00:29.958000,0 days 00:00:38.250000,0 days 00:00:37.758000,0 days 01:06:25.516000,0 days 01:07:03.766000,0 days 01:07:41.524000,223.0,181.0,212.0,290.0,False,SOFT,4.0,False,Aston Martin,0 days 01:05:55.558000,2026-09-11 15:51:07.546,1,,,,False,True,FP2,52.0,30.2,11.4
0 days 01:09:18.304000,ALO,14,0 days 00:01:36.780000,10.0,3.0,,,0 days 00:00:29.909000,0 days 00:00:35.128000,0 days 00:00:31.743000,0 days 01:08:11.433000,0 days 01:08:46.561000,0 days 01:09:18.304000,223.0,242.0,218.0,289.0,True,SOFT,5.0,False,Aston Martin,0 days 01:07:41.524000,2026-09-11 15:52:53.512,1,,,,False,True,FP2,52.0,30.2,11.4
0 days 01:11:42.153000,ALO,14,0 days 00:02:23.849000,11.0,3.0,,,0 days 00:00:45.252000,0 days 00:00:46.429000,0 days 00:00:52.168000,0 days 01:10:03.556000,0 days 01:10:49.985000,0 days 01:11:42.153000,137.0,207.0,207.0,135.0,False,SOFT,6.0,False,Aston Martin,0 days 01:09:18.304000,2026-09-11 15:54:30.292,1,,,,False,True,FP2,52.0,30.2,11.4
0 days 01:13:36.944000,ALO,14,0 days 00:01:54.791000,12.0,3.0,,,0 days 00:00:34.639000,0 days 00:00:42.723000,0 days 00:00:37.429000,0 days 01:12:16.792000,0 days 01:12:59.515000,0 days 01:13:36.944000,185.0,216.0,215.0,234.0,False,SOFT,7.0,False,Aston Martin,0 days 01:11:42.153000,2026-09-11 15:56:54.141,1,,,,False,True,FP2,52.0,30.2,11.4
0 days 01:15:13.891000,ALO,14,0 days 00:01:36.947000,13.0,3.0,,,0 days 00:00:29.765000,0 days 00:00:34.713000,0 days 00:00:32.469000,0 days 01:14:06.709000,0 days 01:14:41.422000,0 days 01:15:13.891000,224.0,248.0,217.0,289.0,False,SOFT,8.0,False,Aston Martin,0 days 01:13:36.944000,2026-09-11 15:58:48.932,1,,,,False,True,FP2,52.0,30.2,11.4
0 days 01:17:22.511000,ALO,14,0 days 00:02:08.620000,14.0,3.0,,,0 days 00:00:35.282000,0 days 00:00:44.948000,0 days 00:00:48.390000,0 days 01:15:49.173000,0 days 01:16:34.121000,0 days 01:17:22.511000,88.0,135.0,174.0,264.0,False,SOFT,9.0,False,Aston Martin,0 days 01:15:13.891000,2026-09-11 16:00:25.879,1,,,,False,True,FP2,51.6,30.1,11.4
0 days 01:19:43.976000,ALO,14,0 days 00:02:21.465000,15.0,3.0,,,0 days 00:01:07.238000,0 days 00:00:38.725000,0 days 00:00:35.502000,0 days 01:18:29.749000,0 days 01:19:08.474000,0 days 01:19:43.976000,188.0,238.0,183.0,276.0,False,SOFT,10.0,False,Aston Martin,0 days 01:17:22.511000,2026-09-11 16:02:34.499,1,,,,False,True,FP2,51.6,30.1,11.4
0 days 01:21:54.880000,ALO,14,0 days 00:02:10.904000,16.0,3.0,,0 days 01:21:53.896000,0 days 00:00:53.565000,0 days 00:00:38.285000,0 days 00:00:39.054000,0 days 01:20:37.541000,0 days 01:21:15.826000,0 days 01:21:54.880000,218.0,237.0,,274.0,False,SOFT,11.0,False,Aston Martin,0 days 01:19:43.976000,2026-09-11 16:04:55.964,1,,,,False,False,FP2,51.6,30.1,11.4
0 days 00:17:18.389000,LEC,16,,1.0,1.0,0 days 00:15:18.743000,,,0 days 00:00:42.212000,0 days 00:00:36.976000,,0 days 00:16:41.683000,0 days 00:17:18.598000,174.0,212.0,225.0,219.0,False,MEDIUM,1.0,True,Ferrari,0 days 00:15:18.743000,2026-09-11 15:00:30.731,1,,,,False,False,FP2,51.6,30.1,11.4
0 days 00:18:53.946000,LEC,16,0 days 00:01:35.557000,2.0,1.0,,,0 days 00:00:29.538000,0 days 00:00:34.261000,0 days 00:00:31.758000,0 days 00:17:47.927000,0 days 00:18:22.188000,0 days 00:18:53.946000,218.0,254.0,211.0,294.0,True,MEDIUM,2.0,True,Ferrari,0 days 00:17:18.389000,2026-09-11 15:02:30.377,1,,,,False,True,FP2,51.6,30.1,11.4
0 days 00:21:20.874000,LEC,16,0 days 00:02:26.928000,3.0,1.0,,,0 days 00:00:48.277000,0 days 00:00:54.730000,0 days 00:00:43.921000,0 days 00:19:42.223000,0 days 00:20:36.953000,0 days 00:21:20.874000,127.0,143.0,226.0,134.0,False,MEDIUM,3.0,True,Ferrari,0 days 00:18:53.946000,2026-09-11 15:04:05.934,1,,,,False,True,FP2,51.6,30.1,11.4
0 days 00:22:56.116000,LEC,16,0 days 00:01:35.242000,4.0,1.0,,,0 days 00:00:29.345000,0 days 00:00:34.046000,0 days 00:00:31.851000,0 days 00:21:50.219000,0 days 00:22:24.265000,0 days 00:22:56.116000,219.0,255.0,209.0,294.0,True,MEDIUM,4.0,True,Ferrari,0 days 00:21:20.874000,2026-09-11 15:06:32.862,1,,,,False,True,FP2,51.6,30.1,11.4
0 days 00:25:20.638000,LEC,16,0 days 00:02:24.522000,5.0,1.0,,,0 days 00:00:50.755000,0 days 00:00:52.359000,0 days 00:00:41.408000,0 days 00:23:46.871000,0 days 00:24:39.230000,0 days 00:25:20.638000,110.0,171.0,228.0,146.0,False,MEDIUM,5.0,True,Ferrari,0 days 00:22:56.116000,2026-09-11 15:08:08.104,1,,,,False,True,FP2,51.6,30.1,11.4
0 days 00:26:55.067000,LEC,16,0 days 00:01:34.429000,6.0,1.0,,,0 days 00:00:29.076000,0 days 00:00:33.763000,0 days 00:00:31.590000,0 days 00:25:49.714000,0 days 00:26:23.477000,0 days 00:26:55.067000,222.0,256.0,213.0,296.0,True,MEDIUM,6.0,True,Ferrari,0 days 00:25:20.638000,2026-09-11 15:10:32.626,1,,,,False,True,FP2,51.6,30.1,11.4
0 days 00:29:24.723000,LEC,16,0 days 00:02:29.656000,7.0,1.0,,,0 days 00:00:47.730000,0 days 00:00:54.994000,0 days 00:00:46.932000,0 days 00:27:42.797000,0 days 00:28:37.791000,0 days 00:29:24.723000,115.0,141.0,226.0,163.0,False,MEDIUM,7.0,True,Ferrari,0 days 00:26:55.067000,2026-09-11 15:12:07.055,1,,,,False,True,FP2,51.6,30.1,11.4
0 days 00:30:59.203000,LEC,16,0 days 00:01:34.480000,8.0,1.0,,,0 days 00:00:29.041000,0 days 00:00:33.670000,0 days 00:00:31.769000,0 days 00:29:53.764000,0 days 00:30:27.434000,0 days 00:30:59.203000,222.0,257.0,207.0,297.0,False,MEDIUM,8.0,True,Ferrari,0 days 00:29:24.723000,2026-09-11 15:14:36.711,1,,,,False,True,FP2,51.6,30.1,11.4
0 days 00:33:03.952000,LEC,16,0 days 00:02:04.749000,9.0,1.0,,0 days 00:33:03.078000,0 days 00:00:40.626000,0 days 00:00:42.871000,0 days 00:00:41.252000,0 days 00:31:39.829000,0 days 00:32:22.700000,0 days 00:33:03.952000,181.0,189.0,,197.0,False,MEDIUM,9.0,True,Ferrari,0 days 00:30:59.203000,2026-09-11 15:16:11.191,1,,,,False,False,FP2,51.6,30.1,11.4
0 days 00:42:04.517000,LEC,16,,10.0,2.0,0 days 00:40:15.953000,,,0 days 00:00:39.369000,0 days 00:00:34.741000,,0 days 00:41:30.024000,0 days 00:42:04.694000,179.0,225.0,227.0,214.0,False,SOFT,1.0,True,Ferrari,0 days 00:33:03.952000,2026-09-11 15:18:15.940,1,,,,False,False,FP2,51.6,30.1,11.4
0 days 00:43:38.337000,LEC,16,0 days 00:01:33.820000,11.0,2.0,,,0 days 00:00:29.001000,0 days 00:00:33.614000,0 days 00:00:31.205000,0 days 00:42:33.518000,0 days 00:43:07.132000,0 days 00:43:38.337000,220.0,256.0,215.0,296.0,True,SOFT,2.0,True,Ferrari,0 days 00:42:04.517000,2026-09-11 15:27:16.505,1,,,,False,True,FP2,51.3,30.0,11.2
0 days 00:45:57.631000,LEC,16,0 days 00:02:19.294000,12.0,2.0,,0 days 00:45:56.633000,0 days 00:00:44.001000,0 days 00:00:51.245000,0 days 00:00:44.048000,0 days 00:44:22.338000,0 days 00:45:13.583000,0 days 00:45:57.631000,141.0,177.0,,156.0,False,SOFT,3.0,True,Ferrari,0 days 00:43:38.337000,2026-09-11 15:28:50.325,1,,,,False,False,FP2,51.3,30.0,11.2
0 days 00:48:13.365000,LEC,16,0 days 00:02:15.734000,13.0,3.0,0 days 00:46:22.241000,,0 days 00:00:55.047000,0 days 00:00:44.937000,0 days 00:00:35.750000,0 days 00:46:52.678000,0 days 00:47:37.615000,0 days 00:48:13.365000,140.0,189.0,230.0,184.0,False,SOFT,4.0,False,Ferrari,0 days 00:45:57.631000,2026-09-11 15:31:09.619,1,,,,False,False,FP2,51.3,30.0,11.2
0 days 00:49:47.140000,LEC,16,0 days 00:01:33.775000,14.0,3.0,,,0 days 00:00:28.846000,0 days 00:00:33.427000,0 days 00:00:31.502000,0 days 00:48:42.211000,0 days 00:49:15.638000,0 days 00:49:47.140000,222.0,257.0,212.0,295.0,True,SOFT,5.0,False,Ferrari,0 days 00:48:13.365000,2026-09-11 15:33:25.353,1,,,,False,True,FP2,51.3,30.0,11.2
0 days 01:02:35.122000,LEC,16,,15.0,3.0,,0 days 00:52:35.068000,,,,,,,,,,175.0,False,SOFT,6.0,False,Ferrari,0 days 00:49:47.140000,2026-09-11 15:34:59.128,125,,,,False,False,FP2,51.3,30.0,11.2
0 days 01:04:24.352000,LEC,16,,16.0,4.0,0 days 01:02:35.122000,,,0 days 00:00:38.618000,0 days 00:00:36.365000,,0 days 01:03:48.231000,0 days 01:04:24.433000,185.0,223.0,219.0,201.0,False,SOFT,7.0,False,Ferrari,0 days 01:02:35.122000,2026-09-11 15:47:47.110,1,,,,False,False,FP2,51.3,30.0,11.2
0 days 01:06:02.965000,LEC,16,0 days 00:01:38.613000,17.0,4.0,,,0 days 00:00:30.071000,0 days 00:00:35.601000,0 days 00:00:32.941000,0 days 01:04:54.423000,0 days 01:05:30.024000,0 days 01:06:02.965000,215.0,245.0,221.0,299.0,False,SOFT,8.0,False,Ferrari,0 days 01:04:24.352000,2026-09-11 15:49:36.340,1,,,,False,True,FP2,51.3,30.0,11.2
0 days 01:07:45.938000,LEC,16,0 days 00:01:42.973000,18.0,4.0,,,0 days 00:00:31.549000,0 days 00:00:36.257000,0 days 00:00:35.167000,0 days 01:06:34.514000,0 days 01:07:10.771000,0 days 01:07:45.938000,201.0,242.0,218.0,301.0,False,SOFT,9.0,False,Ferrari,0 days 01:06:02.965000,2026-09-11 15:51:14.953,1,,,,False,True,FP2,51.3,30.0,11.2
0 days 01:09:29.728000,LEC,16,0 days 00:01:43.790000,19.0,4.0,,,0 days 00:00:31.727000,0 days 00:00:37.789000,0 days 00:00:34.274000,0 days 01:08:17.665000,0 days 01:08:55.454000,0 days 01:09:29.728000,202.0,207.0,220.0,244.0,False,SOFT,10.0,False,Ferrari,0 days 01:07:45.938000,2026-09-11 15:52:57.926,1,,,,False,True,FP2,51.3,30.0,11.2
0 days 01:11:11.775000,LEC,16,0 days 00:01:42.047000,20.0,4.0,,,0 days 00:00:31.081000,0 days 00:00:37.453000,0 days 00:00:33.513000,0 days 01:10:00.809000,0 days 01:10:38.262000,0 days 01:11:11.775000,189.0,237.0,221.0,249.0,False,SOFT,11.0,False,Ferrari,0 days 01:09:29.728000,2026-09-11 15:54:41.716,1,,,,False,True,FP2,51.7,30.2,11.1
0 days 01:12:51.186000,LEC,16,0 days 00:01:39.411000,21.0,4.0,,,0 days 00:00:30.398000,0 days 00:00:35.592000,0 days 00:00:33.421000,0 days 01:11:42.173000,0 days 01:12:17.765000,0 days 01:12:51.186000,215.0,248.0,220.0,292.0,False,SOFT,12.0,False,Ferrari,0 days 01:11:11.775000,2026-09-11 15:56:23.763,1,,,,False,True,FP2,51.7,30.2,11.1
0 days 01:14:33.368000,LEC,16,0 days 00:01:42.182000,22.0,4.0,,,0 days 00:00:30.351000,0 days 00:00:35.805000,0 days 00:00:36.026000,0 days 01:13:21.537000,0 days 01:13:57.342000,0 days 01:14:33.368000,216.0,248.0,220.0,298.0,False,SOFT,13.0,False,Ferrari,0 days 01:12:51.186000,2026-09-11 15:58:03.174,1,,,,False,True,FP2,51.7,30.2,11.1
0 days 01:16:15.152000,LEC,16,0 days 00:01:41.784000,23.0,4.0,,,0 days 00:00:30.567000,0 days 00:00:36.397000,0 days 00:00:34.820000,0 days 01:15:03.935000,0 days 01:15:40.332000,0 days 01:16:15.152000,211.0,232.0,217.0,280.0,False,SOFT,14.0,False,Ferrari,0 days 01:14:33.368000,2026-09-11 15:59:45.356,1,,,,False,True,FP2,51.7,30.2,11.1
0 days 01:18:48.273000,LEC,16,,24.0,4.0,,,0 days 00:00:47.377000,0 days 00:00:52.178000,0 days 00:00:53.484000,0 days 01:17:02.822000,0 days 01:17:54.827000,0 days 01:18:48.273000,135.0,139.0,46.0,166.0,False,SOFT,15.0,False,Ferrari,0 days 01:16:15.152000,2026-09-11 16:01:27.140,1,,,,False,False,FP2,51.7,30.2,11.1
0 days 01:21:35.812000,LEC,16,,25.0,4.0,,,0 days 00:01:14.011000,0 days 00:00:47.533000,0 days 00:00:46.030000,0 days 01:20:02.393000,0 days 01:20:49.921000,0 days 01:21:35.812000,145.0,168.0,62.0,160.0,False,SOFT,16.0,False,Ferrari,0 days 01:18:48.273000,2026-09-11 16:04:00.261,1,,,,False,False,FP2,51.7,30.2,11.1
0 days 01:24:00.796000,LEC,16,0 days 00:02:24.984000,26.0,4.0,,0 days 01:23:59.666000,0 days 00:01:08.082000,0 days 00:00:38.967000,0 days 00:00:37.935000,0 days 01:22:43.894000,0 days 01:23:22.861000,0 days 01:24:00.796000,182.0,232.0,,223.0,False,SOFT,17.0,False,Ferrari,0 days 01:21:35.812000,2026-09-11 16:06:47.800,1,,,,False,False,FP2,51.7,30.2,11.1
0 days 00:20:35.339000,STR,18,,1.0,1.0,0 days 00:18:49.323000,,,0 days 00:00:40.258000,0 days 00:00:36.452000,,0 days 00:19:58.972000,0 days 00:20:35.424000,169.0,235.0,206.0,193.0,False,MEDIUM,1.0,True,Aston Martin,0 days 00:18:49.323000,2026-09-11 15:04:01.311,1,,,,False,False,FP2,51.7,30.2,11.1
0 days 00:22:14.406000,STR,18,0 days 00:01:39.067000,2.0,1.0,,,0 days 00:00:30.558000,0 days 00:00:35.434000,0 days 00:00:33.075000,0 days 00:21:05.897000,0 days 00:21:41.331000,0 days 00:22:14.406000,217.0,251.0,214.0,283.0,True,MEDIUM,2.0,True,Aston Martin,0 days 00:20:35.339000,2026-09-11 15:05:47.327,1,,,,False,True,FP2,51.4,30.2,10.7
0 days 00:24:33.365000,STR,18,0 days 00:02:18.959000,3.0,1.0,,,0 days 00:00:38.827000,0 days 00:00:54.828000,0 days 00:00:45.304000,0 days 00:22:53.233000,0 days 00:23:48.061000,0 days 00:24:33.365000,149.0,157.0,196.0,218.0,False,MEDIUM,3.0,True,Aston Martin,0 days 00:22:14.406000,2026-09-11 15:07:26.394,1,,,,False,True,FP2,51.4,30.2,10.7
0 days 00:26:11.433000,STR,18,0 days 00:01:38.068000,4.0,1.0,,,0 days 00:00:30.438000,0 days 00:00:34.875000,0 days 00:00:32.755000,0 days 00:25:03.803000,0 days 00:25:38.678000,0 days 00:26:11.433000,220.0,247.0,209.0,286.0,True,MEDIUM,4.0,True,Aston Martin,0 days 00:24:33.365000,2026-09-11 15:09:45.353,1,,,,False,True,FP2,51.4,30.2,10.7
0 days 00:28:36.811000,STR,18,0 days 00:02:25.378000,5.0,1.0,,,0 days 00:00:48.421000,0 days 00:00:57.301000,0 days 00:00:39.656000,0 days 00:26:59.854000,0 days 00:27:57.155000,0 days 00:28:36.811000,143.0,152.0,204.0,161.0,False,MEDIUM,5.0,True,Aston Martin,0 days 00:26:11.433000,2026-09-11 15:11:23.421,1,,,,False,True,FP2,51.4,30.2,10.7
0 days 00:30:14.578000,STR,18,0 days 00:01:37.767000,6.0,1.0,,,0 days 00:00:30.203000,0 days 00:00:34.790000,0 days 00:00:32.774000,0 days 00:29:07.014000,0 days 00:29:41.804000,0 days 00:30:14.578000,224.0,251.0,210.0,287.0,True,MEDIUM,6.0,True,Aston Martin,0 days 00:28:36.811000,2026-09-11 15:13:48.799,1,,,,False,True,FP2,51.4,30.2,10.7
0 days 00:32:39.839000,STR,18,0 days 00:02:25.261000,7.0,1.0,,,0 days 00:00:48.419000,0 days 00:00:53.409000,0 days 00:00:43.433000,0 days 00:31:02.997000,0 days 00:31:56.406000,0 days 00:32:39.839000,144.0,152.0,209.0,153.0,False,MEDIUM,7.0,True,Aston Martin,0 days 00:30:14.578000,2026-09-11 15:15:26.566,1,,,,False,True,FP2,51.4,30.2,10.7
0 days 00:34:17.263000,STR,18,0 days 00:01:37.424000,8.0,1.0,,,0 days 00:00:30.119000,0 days 00:00:34.658000,0 days 00:00:32.647000,0 days 00:33:09.958000,0 days 00:33:44.616000,0 days 00:34:17.263000,223.0,253.0,213.0,282.0,True,MEDIUM,8.0,True,Aston Martin,0 days 00:32:39.839000,2026-09-11 15:17:51.827,1,,,,False,True,FP2,51.4,30.2,10.7
0 days 00:36:20.819000,STR,18,0 days 00:02:03.556000,9.0,1.0,,0 days 00:36:19.869000,0 days 00:00:37.138000,0 days 00:00:42.233000,0 days 00:00:44.185000,0 days 00:34:54.401000,0 days 00:35:36.634000,0 days 00:36:20.819000,172.0,196.0,,224.0,False,MEDIUM,9.0,True,Aston Martin,0 days 00:34:17.263000,2026-09-11 15:19:29.251,1,,,,False,False,FP2,51.4,30.2,10.7
0 days 00:42:44.989000,STR,18,,10.0,2.0,0 days 00:40:56.619000,,,0 days 00:00:41.886000,0 days 00:00:36.749000,,0 days 00:42:08.362000,0 days 00:42:45.058000,177.0,209.0,206.0,220.0,False,SOFT,1.0,True,Aston Martin,0 days 00:36:20.819000,2026-09-11 15:21:32.807,1,,,,False,False,FP2,51.4,30.2,10.7
0 days 00:44:22.262000,STR,18,0 days 00:01:37.273000,11.0,2.0,,,0 days 00:00:30.072000,0 days 00:00:34.680000,0 days 00:00:32.521000,0 days 00:43:15.061000,0 days 00:43:49.741000,0 days 00:44:22.262000,223.0,253.0,212.0,287.0,True,SOFT,2.0,True,Aston Martin,0 days 00:42:44.989000,2026-09-11 15:27:56.977,1,,,,False,True,FP2,51.4,30.2,10.7
0 days 00:47:00.107000,STR,18,,12.0,2.0,,,0 days 00:00:50.164000,0 days 00:00:59.653000,0 days 00:00:47.920000,0 days 00:45:12.534000,0 days 00:46:12.268000,0 days 00:47:00.114000,62.0,140.0,204.0,153.0,False,SOFT,3.0,True,Aston Martin,0 days 00:44:22.262000,2026-09-11 15:29:34.250,1,,,,False,False,FP2,51.5,30.3,10.8
0 days 00:49:40.121000,STR,18,,13.0,2.0,,,0 days 00:00:46.859000,,,0 days 00:47:46.972000,,,116.0,140.0,160.0,163.0,False,SOFT,4.0,True,Aston Martin,0 days 00:47:00.107000,2026-09-11 15:32:12.095,1,,,,False,False,FP2,51.5,30.3,10.8
0 days 00:52:17.501000,STR,18,,14.0,2.0,,0 days 00:52:17.501000,0 days 00:00:37.438000,,0 days 00:00:47.920000,0 days 00:50:17.834000,,0 days 00:52:17.501000,190.0,,,248.0,False,SOFT,5.0,True,Aston Martin,0 days 00:49:40.121000,2026-09-11 15:34:52.109,125,,,,False,False,FP2,51.5,30.3,10.8
0 days 01:05:08.367000,STR,18,,15.0,3.0,0 days 01:03:09.650000,,,0 days 00:00:41.259000,0 days 00:00:35.830000,,0 days 01:04:32.704000,0 days 01:05:08.367000,179.0,213.0,216.0,200.0,False,SOFT,6.0,False,Aston Martin,0 days 01:03:09.650000,2026-09-11 15:48:21.638,1,,,,False,False,FP2,51.5,30.3,10.8
0 days 01:06:53.125000,STR,18,0 days 00:01:44.758000,16.0,3.0,,,0 days 00:00:31.614000,0 days 00:00:38.210000,0 days 00:00:34.934000,0 days 01:05:39.981000,0 days 01:06:18.191000,0 days 01:06:53.125000,199.0,232.0,206.0,280.0,False,SOFT,7.0,False,Aston Martin,0 days 01:05:08.367000,2026-09-11 15:50:20.355,1,,,,False,True,FP2,51.5,30.3,10.8
0 days 01:08:37.532000,STR,18,0 days 00:01:44.407000,17.0,3.0,,,0 days 00:00:31.804000,0 days 00:00:38.069000,0 days 00:00:34.534000,0 days 01:07:24.929000,0 days 01:08:02.998000,0 days 01:08:37.532000,209.0,226.0,202.0,279.0,False,SOFT,8.0,False,Aston Martin,0 days 01:06:53.125000,2026-09-11 15:52:05.113,1,,,,False,True,FP2,51.5,30.3,10.8
0 days 01:10:19.652000,STR,18,0 days 00:01:42.120000,18.0,3.0,,,0 days 00:00:31.539000,0 days 00:00:36.542000,0 days 00:00:34.039000,0 days 01:09:09.071000,0 days 01:09:45.613000,0 days 01:10:19.652000,217.0,242.0,209.0,280.0,False,SOFT,9.0,False,Aston Martin,0 days 01:08:37.532000,2026-09-11 15:53:49.520,1,,,,False,True,FP2,51.5,30.3,10.8
0 days 01:12:04.052000,STR,18,0 days 00:01:44.400000,19.0,3.0,,,0 days 00:00:33.164000,0 days 00:00:36.781000,0 days 00:00:34.455000,0 days 01:10:52.816000,0 days 01:11:29.597000,0 days 01:12:04.052000,214.0,238.0,209.0,283.0,False,SOFT,10.0,False,Aston Martin,0 days 01:10:19.652000,2026-09-11 15:55:31.640,1,,,,False,True,FP2,51.6,30.3,10.7
0 days 01:14:29.023000,STR,18,0 days 00:02:24.971000,20.0,3.0,,0 days 01:14:27.662000,0 days 00:00:31.394000,0 days 00:01:05.101000,0 days 00:00:48.476000,0 days 01:12:35.446000,0 days 01:13:40.547000,0 days 01:14:29.023000,163.0,167.0,,283.0,False,SOFT,11.0,False,Aston Martin,0 days 01:12:04.052000,2026-09-11 15:57:16.040,1,,,,False,False,FP2,51.6,30.3,10.7
0 days 00:16:57.767000,TSU,22,,1.0,1.0,0 days 00:15:05.424000,,,0 days 00:00:39.931000,0 days 00:00:34.316000,,0 days 00:16:23.699000,0 days 00:16:57.864000,172.0,222.0,228.0,188.0,False,MEDIUM,1.0,True,Racing Bulls,0 days 00:15:05.424000,2026-09-11 15:00:17.412,1,,,,False,False,FP2,51.6,30.3,10.7
0 days 00:18:35.475000,TSU,22,0 days 00:01:37.708000,2.0,1.0,,,0 days 00:00:29.887000,0 days 00:00:34.869000,0 days 00:00:32.952000,0 days 00:17:27.654000,0 days 00:18:02.523000,0 days 00:18:35.475000,221.0,257.0,213.0,300.0,True,MEDIUM,2.0,True,Racing Bulls,0 days 00:16:57.767000,2026-09-11 15:02:09.755,1,,,,False,True,FP2,51.6,30.3,10.7
0 days 00:21:12.965000,TSU,22,,3.0,1.0,,,0 days 00:00:55.026000,0 days 00:01:01.482000,0 days 00:00:40.997000,0 days 00:19:30.803000,0 days 00:20:32.295000,0 days 00:21:13.111000,101.0,167.0,229.0,127.0,False,MEDIUM,3.0,True,Racing Bulls,0 days 00:18:35.475000,2026-09-11 15:03:47.463,1,,,,False,False,FP2,51.6,30.3,10.7
0 days 00:22:49.568000,TSU,22,0 days 00:01:36.603000,4.0,1.0,,,0 days 00:00:29.736000,0 days 00:00:34.532000,0 days 00:00:32.335000,0 days 00:21:42.701000,0 days 00:22:17.233000,0 days 00:22:49.568000,224.0,256.0,217.0,293.0,True,MEDIUM,4.0,True,Racing Bulls,0 days 00:21:12.965000,2026-09-11 15:06:24.953,1,,,,False,True,FP2,51.6,30.3,10.7
0 days 00:25:42.614000,TSU,22,,5.0,1.0,,,0 days 00:00:56.920000,0 days 00:01:06.652000,0 days 00:00:49.540000,0 days 00:23:46.680000,0 days 00:24:53.475000,0 days 00:25:42.756000,102.0,119.0,151.0,135.0,False,MEDIUM,5.0,True,Racing Bulls,0 days 00:22:49.568000,2026-09-11 15:08:01.556,1,,,,False,False,FP2,51.0,30.4,10.5
0 days 00:27:53.756000,TSU,22,0 days 00:02:11.142000,6.0,1.0,,,0 days 00:00:43.943000,0 days 00:00:46.312000,0 days 00:00:40.887000,0 days 00:26:26.557000,0 days 00:27:12.869000,0 days 00:27:53.756000,151.0,212.0,230.0,176.0,False,MEDIUM,6.0,True,Racing Bulls,0 days 00:25:42.614000,2026-09-11 15:10:54.602,1,,,,False,True,FP2,51.0,30.4,10.5
0 days 00:29:29.878000,TSU,22,0 days 00:01:36.122000,7.0,1.0,,,0 days 00:00:29.331000,0 days 00:00:34.177000,0 days 00:00:32.614000,0 days 00:28:23.087000,0 days 00:28:57.264000,0 days 00:29:29.878000,232.0,261.0,216.0,294.0,True,MEDIUM,7.0,True,Racing Bulls,0 days 00:27:53.756000,2026-09-11 15:13:05.744,1,,,,False,True,FP2,51.0,30.4,10.5
0 days 00:32:18.259000,TSU,22,,8.0,1.0,,0 days 00:32:17.181000,0 days 00:00:57.006000,0 days 00:01:02.445000,0 days 00:00:48.722000,0 days 00:30:27.221000,0 days 00:31:29.673000,0 days 00:32:18.259000,101.0,80.0,,130.0,False,MEDIUM,8.0,True,Racing Bulls,0 days 00:29:29.878000,2026-09-11 15:14:41.866,1,,,,False,False,FP2,51.0,30.4,10.5
0 days 00:34:48.384000,TSU,22,,9.0,2.0,0 days 00:32:55.198000,,0 days 00:01:06.767000,0 days 00:00:47.294000,0 days 00:00:36.160000,0 days 00:33:25.203000,0 days 00:34:12.448000,0 days 00:34:48.415000,115.0,196.0,229.0,196.0,False,MEDIUM,9.0,False,Racing Bulls,0 days 00:32:18.259000,2026-09-11 15:17:30.247,1,,,,False,False,FP2,51.0,30.4,10.5
0 days 00:36:23.792000,TSU,22,0 days 00:01:35.408000,10.0,2.0,,,0 days 00:00:29.188000,0 days 00:00:33.939000,0 days 00:00:32.281000,0 days 00:35:17.572000,0 days 00:35:51.511000,0 days 00:36:23.792000,234.0,256.0,223.0,294.0,True,MEDIUM,10.0,False,Racing Bulls,0 days 00:34:48.384000,2026-09-11 15:20:00.372,1,,,,False,True,FP2,50.2,30.1,10.7
0 days 00:38:27.062000,TSU,22,0 days 00:02:03.270000,11.0,2.0,,0 days 00:38:26.062000,0 days 00:00:42.248000,0 days 00:00:40.526000,0 days 00:00:40.496000,0 days 00:37:06.040000,0 days 00:37:46.566000,0 days 00:38:27.062000,185.0,196.0,,157.0,False,MEDIUM,11.0,False,Racing Bulls,0 days 00:36:23.792000,2026-09-11 15:21:35.780,1,,,,False,False,FP2,50.2,30.1,10.7
0 days 00:45:18.095000,TSU,22,,12.0,3.0,0 days 00:43:16.989000,,,0 days 00:00:46.966000,0 days 00:00:38.736000,,0 days 00:44:39.435000,0 days 00:45:18.116000,158.0,186.0,229.0,161.0,False,SOFT,1.0,True,Racing Bulls,0 days 00:38:27.062000,2026-09-11 15:23:39.050,1,,,,False,False,FP2,50.2,30.1,10.7
0 days 00:47:21.643000,TSU,22,0 days 00:02:03.548000,13.0,3.0,,0 days 00:47:20.459000,0 days 00:00:28.956000,0 days 00:00:47.290000,0 days 00:00:47.302000,0 days 00:45:47.051000,0 days 00:46:34.341000,0 days 00:47:21.643000,237.0,146.0,,298.0,False,SOFT,2.0,True,Racing Bulls,0 days 00:45:18.095000,2026-09-11 15:30:30.083,1,,,,False,False,FP2,50.2,30.1,10.7
0 days 00:50:06.335000,TSU,22,,14.0,4.0,0 days 00:47:59.315000,,0 days 00:01:12.341000,0 days 00:00:53.915000,0 days 00:00:38.472000,0 days 00:48:34.051000,0 days 00:49:27.908000,0 days 00:50:06.335000,120.0,91.0,228.0,152.0,False,SOFT,3.0,False,Racing Bulls,0 days 00:47:21.643000,2026-09-11 15:32:33.631,1,,,,False,False,FP2,50.2,30.1,10.7
0 days 01:02:13.138000,TSU,22,,15.0,4.0,,0 days 00:52:46.394000,,,,,,,,,,,False,SOFT,4.0,False,Racing Bulls,0 days 00:50:06.335000,2026-09-11 15:35:18.323,125,,,,False,False,FP2,50.2,30.1,10.7
0 days 01:04:08.496000,TSU,22,,16.0,5.0,0 days 01:02:13.138000,,,0 days 00:00:38.388000,0 days 00:00:42.860000,,0 days 01:03:25.946000,0 days 01:04:08.748000,196.0,204.0,227.0,222.0,False,SOFT,5.0,False,Racing Bulls,0 days 01:02:13.138000,2026-09-11 15:47:25.126,1,,,,False,False,FP2,50.7,30.1,11.1
0 days 01:05:43.254000,TSU,22,0 days 00:01:34.758000,17.0,5.0,,,0 days 00:00:28.887000,0 days 00:00:34.063000,0 days 00:00:31.808000,0 days 01:04:37.383000,0 days 01:05:11.446000,0 days 01:05:43.254000,235.0,254.0,218.0,300.0,True,SOFT,6.0,False,Racing Bulls,0 days 01:04:08.496000,2026-09-11 15:49:20.484,1,,,,False,True,FP2,50.7,30.1,11.1
0 days 01:07:53.047000,TSU,22,0 days 00:02:09.793000,18.0,5.0,,,0 days 00:00:36.901000,0 days 00:00:57.376000,0 days 00:00:35.516000,0 days 01:06:20.155000,0 days 01:07:17.531000,0 days 01:07:53.047000,111.0,146.0,222.0,227.0,False,SOFT,7.0,False,Racing Bulls,0 days 01:05:43.254000,2026-09-11 15:50:55.242,1,,,,False,True,FP2,50.7,30.1,11.1
0 days 01:09:33.932000,TSU,22,0 days 00:01:40.885000,19.0,5.0,,,0 days 00:00:30.884000,0 days 00:00:36.422000,0 days 00:00:33.579000,0 days 01:08:23.931000,0 days 01:09:00.353000,0 days 01:09:33.932000,216.0,236.0,224.0,256.0,False,SOFT,8.0,False,Racing Bulls,0 days 01:07:53.047000,2026-09-11 15:53:05.035,1,,,,False,True,FP2,50.9,30.2,11.1
0 days 01:11:17.967000,TSU,22,0 days 00:01:44.035000,20.0,5.0,,,0 days 00:00:31.107000,0 days 00:00:37.616000,0 days 00:00:35.312000,0 days 01:10:05.039000,0 days 01:10:42.655000,0 days 01:11:17.967000,198.0,212.0,226.0,250.0,False,SOFT,9.0,False,Racing Bulls,0 days 01:09:33.932000,2026-09-11 15:54:45.920,1,,,,False,True,FP2,50.9,30.2,11.1
0 days 01:13:01.012000,TSU,22,0 days 00:01:43.045000,21.0,5.0,,,0 days 00:00:30.452000,0 days 00:00:37.896000,0 days 00:00:34.697000,0 days 01:11:48.419000,0 days 01:12:26.315000,0 days 01:13:01.012000,220.0,221.0,219.0,271.0,False,SOFT,10.0,False,Racing Bulls,0 days 01:11:17.967000,2026-09-11 15:56:29.955,1,,,,False,True,FP2,50.9,30.2,11.1
0 days 01:14:40.741000,TSU,22,0 days 00:01:39.729000,22.0,5.0,,,0 days 00:00:30.993000,0 days 00:00:35.657000,0 days 00:00:33.079000,0 days 01:13:32.005000,0 days 01:14:07.662000,0 days 01:14:40.741000,220.0,248.0,223.0,249.0,False,SOFT,11.0,False,Racing Bulls,0 days 01:13:01.012000,2026-09-11 15:58:13.000,1,,,,False,True,FP2,50.9,30.2,11.1
0 days 01:16:19.500000,TSU,22,0 days 00:01:38.759000,23.0,5.0,,,0 days 00:00:30.461000,0 days 00:00:35.390000,0 days 00:00:32.908000,0 days 01:15:11.202000,0 days 01:15:46.592000,0 days 01:16:19.500000,225.0,248.0,224.0,280.0,False,SOFT,12.0,False,Racing Bulls,0 days 01:14:40.741000,2026-09-11 15:59:52.729,1,,,,False,True,FP2,51.1,30.3,11.1
0 days 01:18:41.818000,TSU,22,0 days 00:02:22.318000,24.0,5.0,,,0 days 00:00:36.141000,0 days 00:00:52.767000,0 days 00:00:53.410000,0 days 01:16:55.641000,0 days 01:17:48.408000,0 days 01:18:41.818000,159.0,160.0,99.0,270.0,False,SOFT,13.0,False,Racing Bulls,0 days 01:16:19.500000,2026-09-11 16:01:31.488,1,,,,False,True,FP2,51.1,30.3,11.1
0 days 01:21:20.869000,TSU,22,,25.0,5.0,,,0 days 00:01:05.643000,0 days 00:00:40.243000,0 days 00:00:52.980000,0 days 01:19:47.707000,0 days 01:20:28.039000,0 days 01:21:20.923000,196.0,207.0,94.0,235.0,False,SOFT,14.0,False,Racing Bulls,0 days 01:18:41.818000,2026-09-11 16:03:53.806,1,,,,False,False,FP2,51.1,30.3,11.1
0 days 01:23:43.838000,TSU,22,0 days 00:02:22.969000,26.0,5.0,,0 days 01:23:42.791000,0 days 00:01:05.417000,0 days 00:00:40.443000,0 days 00:00:37.109000,0 days 01:22:26.286000,0 days 01:23:06.729000,0 days 01:23:43.838000,192.0,206.0,,250.0,False,SOFT,15.0,False,Racing Bulls,0 days 01:21:20.869000,2026-09-11 16:06:32.857,1,,,,False,False,FP2,50.8,30.2,11.1
0 days 00:20:51.879000,ALB,23,,1.0,1.0,0 days 00:19:00.573000,,,0 days 00:00:39.571000,0 days 00:00:42.794000,,0 days 00:20:09.368000,0 days 00:20:51.933000,178.0,211.0,196.0,202.0,False,MEDIUM,1.0,True,Williams,0 days 00:19:00.573000,2026-09-11 15:04:12.561,1,,,,False,False,FP2,50.8,30.2,11.1
0 days 00:22:33.089000,ALB,23,0 days 00:01:41.210000,2.0,1.0,,,0 days 00:00:31.970000,0 days 00:00:36.089000,0 days 00:00:33.151000,0 days 00:21:23.849000,0 days 00:21:59.938000,0 days 00:22:33.089000,202.0,236.0,221.0,276.0,True,MEDIUM,2.0,True,Williams,0 days 00:20:51.879000,2026-09-11 15:06:03.867,1,,,,False,True,FP2,50.8,30.2,11.1
0 days 00:24:54.538000,ALB,23,0 days 00:02:21.449000,3.0,1.0,,,0 days 00:00:44.454000,0 days 00:00:50.868000,0 days 00:00:46.127000,0 days 00:23:17.543000,0 days 00:24:08.411000,0 days 00:24:54.538000,138.0,152.0,196.0,166.0,False,MEDIUM,3.0,True,Williams,0 days 00:22:33.089000,2026-09-11 15:07:45.077,1,,,,False,True,FP2,50.8,30.2,11.1
0 days 00:26:33.485000,ALB,23,0 days 00:01:38.947000,4.0,1.0,,,0 days 00:00:31.228000,0 days 00:00:34.862000,0 days 00:00:32.857000,0 days 00:25:25.766000,0 days 00:26:00.628000,0 days 00:26:33.485000,216.0,248.0,223.0,274.0,True,MEDIUM,4.0,True,Williams,0 days 00:24:54.538000,2026-09-11 15:10:06.526,1,,,,False,True,FP2,50.5,30.1,11.0
0 days 00:28:49.373000,ALB,23,0 days 00:02:15.888000,5.0,1.0,,0 days 00:28:48.404000,0 days 00:00:48.443000,0 days 00:00:44.807000,0 days 00:00:42.638000,0 days 00:27:21.928000,0 days 00:28:06.735000,0 days 00:28:49.373000,160.0,183.0,,195.0,False,MEDIUM,5.0,True,Williams,0 days 00:26:33.485000,2026-09-11 15:11:45.473,1,,,,False,False,FP2,50.5,30.1,11.0
0 days 00:33:50.007000,ALB,23,,6.0,2.0,0 days 00:31:53.508000,,,0 days 00:00:46.834000,0 days 00:00:41.883000,,0 days 00:33:08.438000,0 days 00:33:50.217000,178.0,210.0,226.0,188.0,False,MEDIUM,6.0,False,Williams,0 days 00:28:49.373000,2026-09-11 15:14:01.361,1,,,,False,False,FP2,50.5,30.1,11.0
0 days 00:35:28.881000,ALB,23,0 days 00:01:38.874000,7.0,2.0,,,0 days 00:00:31.250000,0 days 00:00:35.086000,0 days 00:00:32.538000,0 days 00:34:21.257000,0 days 00:34:56.343000,0 days 00:35:28.881000,219.0,247.0,213.0,284.0,True,MEDIUM,7.0,False,Williams,0 days 00:33:50.007000,2026-09-11 15:19:01.995,1,,,,False,True,FP2,51.0,30.1,11.2
0 days 00:37:59.080000,ALB,23,,8.0,2.0,,,0 days 00:00:47.836000,0 days 00:00:59.283000,0 days 00:00:43.042000,0 days 00:36:17.088000,0 days 00:37:16.314000,0 days 00:37:59.227000,134.0,127.0,227.0,146.0,False,MEDIUM,8.0,False,Williams,0 days 00:35:28.881000,2026-09-11 15:20:40.869,1,,,,False,False,FP2,51.0,30.1,11.2
0 days 00:39:36.707000,ALB,23,0 days 00:01:37.627000,9.0,2.0,,,0 days 00:00:29.981000,0 days 00:00:34.917000,0 days 00:00:32.729000,0 days 00:38:29.061000,0 days 00:39:03.978000,0 days 00:39:36.707000,223.0,259.0,213.0,286.0,True,MEDIUM,9.0,False,Williams,0 days 00:37:59.080000,2026-09-11 15:23:11.068,1,,,,False,True,FP2,51.0,30.1,11.2
0 days 00:41:53.803000,ALB,23,0 days 00:02:17.096000,10.0,2.0,,0 days 00:41:52.879000,0 days 00:00:41.795000,0 days 00:00:50.012000,0 days 00:00:45.289000,0 days 00:40:18.502000,0 days 00:41:08.514000,0 days 00:41:53.803000,149.0,172.0,,183.0,False,MEDIUM,10.0,False,Williams,0 days 00:39:36.707000,2026-09-11 15:24:48.695,1,,,,False,False,FP2,51.0,30.1,11.2
0 days 00:44:19.259000,ALB,23,0 days 00:02:25.456000,11.0,3.0,0 days 00:42:28.042000,,0 days 00:01:04.612000,0 days 00:00:44.393000,0 days 00:00:36.451000,0 days 00:42:58.415000,0 days 00:43:42.808000,0 days 00:44:19.259000,173.0,208.0,227.0,241.0,False,SOFT,1.0,True,Williams,0 days 00:41:53.803000,2026-09-11 15:27:05.791,1,,,,False,False,FP2,51.0,30.1,11.2
0 days 00:45:56.195000,ALB,23,0 days 00:01:36.936000,12.0,3.0,,,0 days 00:00:29.863000,0 days 00:00:34.642000,0 days 00:00:32.431000,0 days 00:44:49.122000,0 days 00:45:23.764000,0 days 00:45:56.195000,229.0,260.0,215.0,288.0,True,SOFT,2.0,True,Williams,0 days 00:44:19.259000,2026-09-11 15:29:31.247,1,,,,False,True,FP2,51.0,30.1,11.2
0 days 00:48:26.770000,ALB,23,,13.0,3.0,,,0 days 00:00:50.513000,0 days 00:00:52.607000,0 days 00:00:47.407000,0 days 00:46:46.998000,0 days 00:47:39.519000,0 days 00:48:26.770000,147.0,128.0,165.0,155.0,False,SOFT,3.0,True,Williams,0 days 00:45:56.195000,2026-09-11 15:31:08.183,1,,,,False,False,FP2,51.0,30.1,11.2
0 days 01:03:05.305000,ALB,23,,14.0,3.0,,0 days 00:50:40.881000,0 days 00:00:41.409000,0 days 00:00:47.954000,,0 days 00:49:08.363000,0 days 00:49:56.391000,,177.0,206.0,,209.0,False,SOFT,4.0,True,Williams,0 days 00:48:26.770000,2026-09-11 15:33:38.758,125,,,,False,False,FP2,51.0,30.1,11.2
0 days 01:04:59.957000,ALB,23,,15.0,4.0,0 days 01:03:05.305000,,,0 days 00:00:38.849000,0 days 00:00:35.167000,,0 days 01:04:25.027000,0 days 01:05:00.074000,172.0,223.0,219.0,218.0,False,MEDIUM,11.0,False,Williams,0 days 01:03:05.305000,2026-09-11 15:48:17.293,1,,,,False,False,FP2,51.0,30.1,11.2
0 days 01:06:41.724000,ALB,23,0 days 00:01:41.767000,16.0,4.0,,,0 days 00:00:31.555000,0 days 00:00:36.560000,0 days 00:00:33.652000,0 days 01:05:31.512000,0 days 01:06:08.072000,0 days 01:06:41.724000,197.0,238.0,220.0,294.0,False,MEDIUM,12.0,False,Williams,0 days 01:04:59.957000,2026-09-11 15:50:11.945,1,,,,False,True,FP2,51.0,30.1,11.2
0 days 01:08:22.845000,ALB,23,0 days 00:01:41.121000,17.0,4.0,,,0 days 00:00:30.911000,0 days 00:00:36.308000,0 days 00:00:33.902000,0 days 01:07:12.635000,0 days 01:07:48.943000,0 days 01:08:22.845000,215.0,241.0,216.0,291.0,False,MEDIUM,13.0,False,Williams,0 days 01:06:41.724000,2026-09-11 15:51:53.712,1,,,,False,True,FP2,51.0,30.1,11.2
0 days 01:10:04.463000,ALB,23,0 days 00:01:41.618000,18.0,4.0,,,0 days 00:00:31.198000,0 days 00:00:36.554000,0 days 00:00:33.866000,0 days 01:08:54.043000,0 days 01:09:30.597000,0 days 01:10:04.463000,212.0,239.0,218.0,284.0,False,MEDIUM,14.0,False,Williams,0 days 01:08:22.845000,2026-09-11 15:53:34.833,1,,,,False,True,FP2,50.8,30.3,11.3
0 days 01:11:47.193000,ALB,23,0 days 00:01:42.730000,19.0,4.0,,,0 days 00:00:31.058000,0 days 00:00:36.994000,0 days 00:00:34.678000,0 days 01:10:35.521000,0 days 01:11:12.515000,0 days 01:11:47.193000,217.0,241.0,215.0,285.0,False,MEDIUM,15.0,False,Williams,0 days 01:10:04.463000,2026-09-11 15:55:16.451,1,,,,False,True,FP2,50.8,30.3,11.3
0 days 01:13:30.278000,ALB,23,0 days 00:01:43.085000,20.0,4.0,,,0 days 00:00:31.520000,0 days 00:00:37.070000,0 days 00:00:34.495000,0 days 01:12:18.713000,0 days 01:12:55.783000,0 days 01:13:30.278000,211.0,244.0,214.0,277.0,False,MEDIUM,16.0,False,Williams,0 days 01:11:47.193000,2026-09-11 15:56:59.181,1,,,,False,True,FP2,50.8,30.3,11.3
0 days 01:15:13.677000,ALB,23,0 days 00:01:43.399000,21.0,4.0,,,0 days 00:00:31.630000,0 days 00:00:37.164000,0 days 00:00:34.605000,0 days 01:14:01.908000,0 days 01:14:39.072000,0 days 01:15:13.677000,219.0,244.0,214.0,282.0,False,MEDIUM,17.0,False,Williams,0 days 01:13:30.278000,2026-09-11 15:58:42.266,1,,,,False,True,FP2,50.8,30.3,11.3
0 days 01:17:25.576000,ALB,23,0 days 00:02:11.899000,22.0,4.0,,0 days 01:17:24.436000,0 days 00:00:34.625000,0 days 00:00:51.989000,0 days 00:00:45.285000,0 days 01:15:48.302000,0 days 01:16:40.291000,0 days 01:17:25.576000,107.0,189.0,,275.0,False,MEDIUM,18.0,False,Williams,0 days 01:15:13.677000,2026-09-11 16:00:25.665,1,,,,False,False,FP2,51.1,30.3,11.3
0 days 00:17:57.789000,HUL,27,,1.0,1.0,0 days 00:16:02.572000,,,0 days 00:00:39.102000,0 days 00:00:40.247000,,0 days 00:17:17.749000,0 days 00:17:57.855000,170.0,230.0,211.0,175.0,False,HARD,1.0,True,Audi,0 days 00:16:02.572000,2026-09-11 15:01:14.560,1,,,,False,False,FP2,51.1,30.3,11.3
0 days 00:19:34.596000,HUL,27,0 days 00:01:36.807000,2.0,1.0,,,0 days 00:00:29.719000,0 days 00:00:34.856000,0 days 00:00:32.232000,0 days 00:18:27.508000,0 days 00:19:02.364000,0 days 00:19:34.596000,222.0,258.0,213.0,304.0,True,HARD,2.0,True,Audi,0 days 00:17:57.789000,2026-09-11 15:03:09.777,1,,,,False,True,FP2,51.1,30.3,11.3
0 days 00:22:05.601000,HUL,27,,3.0,1.0,,,0 days 00:00:45.234000,0 days 00:00:55.435000,0 days 00:00:50.414000,0 days 00:20:20.029000,0 days 00:21:15.439000,0 days 00:22:05.795000,154.0,140.0,215.0,156.0,False,HARD,3.0,True,Audi,0 days 00:19:34.596000,2026-09-11 15:04:46.584,1,,,,False,False,FP2,51.1,30.3,11.3
0 days 00:23:42.264000,HUL,27,0 days 00:01:36.663000,4.0,1.0,,,0 days 00:00:29.547000,0 days 00:00:34.539000,0 days 00:00:32.577000,0 days 00:22:35.148000,0 days 00:23:09.687000,0 days 00:23:42.264000,232.0,256.0,220.0,300.0,True,HARD,4.0,True,Audi,0 days 00:22:05.601000,2026-09-11 15:07:17.589,1,,,,False,True,FP2,51.1,30.3,11.3
0 days 00:26:13.101000,HUL,27,,5.0,1.0,,,0 days 00:00:49.459000,0 days 00:00:55.594000,0 days 00:00:45.839000,0 days 00:24:31.924000,0 days 00:25:27.561000,0 days 00:26:13.242000,133.0,160.0,216.0,136.0,False,HARD,5.0,True,Audi,0 days 00:23:42.264000,2026-09-11 15:08:54.252,1,,,,False,False,FP2,51.1,30.3,11.3
0 days 00:27:49.410000,HUL,27,0 days 00:01:36.309000,6.0,1.0,,,0 days 00:00:29.604000,0 days 00:00:34.350000,0 days 00:00:32.355000,0 days 00:26:42.705000,0 days 00:27:17.055000,0 days 00:27:49.410000,234.0,257.0,205.0,298.0,True,HARD,6.0,True,Audi,0 days 00:26:13.101000,2026-09-11 15:11:25.089,1,,,,False,True,FP2,51.1,30.3,11.3
0 days 00:30:25.565000,HUL,27,,7.0,1.0,,,0 days 00:00:47.664000,0 days 00:01:00.431000,0 days 00:00:47.913000,0 days 00:28:37.372000,0 days 00:29:37.867000,0 days 00:30:25.565000,142.0,137.0,212.0,147.0,False,HARD,7.0,True,Audi,0 days 00:27:49.410000,2026-09-11 15:13:01.398,1,,,,False,False,FP2,51.1,30.3,11.3
0 days 00:32:01.311000,HUL,27,0 days 00:01:35.746000,8.0,1.0,,,0 days 00:00:29.453000,0 days 00:00:34.346000,0 days 00:00:31.947000,0 days 00:30:55.018000,0 days 00:31:29.364000,0 days 00:32:01.311000,231.0,258.0,218.0,299.0,True,HARD,8.0,True,Audi,0 days 00:30:25.565000,2026-09-11 15:15:37.553,1,,,,False,True,FP2,51.1,30.3,11.3
0 days 00:34:03.744000,HUL,27,0 days 00:02:02.433000,9.0,1.0,,0 days 00:34:02.678000,0 days 00:00:42.869000,0 days 00:00:38.504000,0 days 00:00:41.060000,0 days 00:32:44.180000,0 days 00:33:22.684000,0 days 00:34:03.744000,168.0,213.0,,191.0,False,HARD,9.0,True,Audi,0 days 00:32:01.311000,2026-09-11 15:17:13.299,1,,,,False,False,FP2,51.1,30.3,11.3
0 days 00:45:12.080000,HUL,27,,10.0,2.0,0 days 00:43:22.839000,,,0 days 00:00:39.529000,0 days 00:00:35.730000,,0 days 00:44:36.562000,0 days 00:45:12.134000,186.0,241.0,212.0,198.0,False,SOFT,1.0,True,Audi,0 days 00:34:03.744000,2026-09-11 15:19:15.732,1,,,,False,False,FP2,51.2,30.1,11.4
0 days 00:46:47.140000,HUL,27,0 days 00:01:35.060000,11.0,2.0,,,0 days 00:00:29.091000,0 days 00:00:34.231000,0 days 00:00:31.738000,0 days 00:45:41.171000,0 days 00:46:15.402000,0 days 00:46:47.140000,236.0,254.0,221.0,299.0,True,SOFT,2.0,True,Audi,0 days 00:45:12.080000,2026-09-11 15:30:24.068,1,,,,False,True,FP2,51.2,30.1,11.4
0 days 00:49:10.709000,HUL,27,0 days 00:02:23.569000,12.0,2.0,,0 days 00:49:09.754000,0 days 00:00:44.650000,0 days 00:00:53.604000,0 days 00:00:45.315000,0 days 00:47:31.790000,0 days 00:48:25.394000,0 days 00:49:10.709000,149.0,162.0,,157.0,False,SOFT,3.0,True,Audi,0 days 00:46:47.140000,2026-09-11 15:31:59.128,1,,,,False,False,FP2,51.2,30.1,11.4
0 days 01:04:02.381000,HUL,27,,13.0,3.0,0 days 01:02:06.844000,,,0 days 00:00:40.428000,0 days 00:00:39.884000,,0 days 01:03:22.727000,0 days 01:04:02.404000,166.0,230.0,210.0,196.0,False,SOFT,4.0,False,Audi,0 days 01:02:06.844000,2026-09-11 15:47:18.832,1,,,,False,False,FP2,51.2,30.1,11.4
0 days 01:05:50.933000,HUL,27,0 days 00:01:48.552000,14.0,3.0,,,0 days 00:00:29.962000,0 days 00:00:41.659000,0 days 00:00:36.931000,0 days 01:04:32.343000,0 days 01:05:14.002000,0 days 01:05:50.933000,196.0,195.0,215.0,303.0,False,SOFT,5.0,False,Audi,0 days 01:04:02.381000,2026-09-11 15:49:14.369,1,,,,False,True,FP2,51.2,30.1,11.4
0 days 01:07:26.140000,HUL,27,0 days 00:01:35.207000,15.0,3.0,,,0 days 00:00:29.371000,0 days 00:00:33.971000,0 days 00:00:31.865000,0 days 01:06:20.304000,0 days 01:06:54.275000,0 days 01:07:26.140000,233.0,255.0,221.0,303.0,False,SOFT,6.0,False,Audi,0 days 01:05:50.933000,2026-09-11 15:51:02.921,1,,,,False,True,FP2,51.2,30.1,11.4
0 days 01:09:46.489000,HUL,27,0 days 00:02:20.349000,16.0,3.0,,0 days 01:09:45.479000,0 days 00:00:43.804000,0 days 00:00:50.813000,0 days 00:00:45.732000,0 days 01:08:09.944000,0 days 01:09:00.757000,0 days 01:09:46.489000,176.0,152.0,,158.0,False,SOFT,7.0,False,Audi,0 days 01:07:26.140000,2026-09-11 15:52:38.128,1,,,,False,False,FP2,51.2,30.1,11.4
0 days 01:12:32.284000,HUL,27,,17.0,4.0,0 days 01:10:35.915000,,0 days 00:01:19.811000,0 days 00:00:46.361000,0 days 00:00:39.636000,0 days 01:11:06.438000,0 days 01:11:52.909000,0 days 01:12:32.339000,173.0,170.0,215.0,142.0,False,SOFT,8.0,False,Audi,0 days 01:09:46.489000,2026-09-11 15:54:58.477,1,,,,False,False,FP2,51.1,30.2,11.4
0 days 01:14:07.430000,HUL,27,0 days 00:01:35.146000,18.0,4.0,,,0 days 00:00:29.234000,0 days 00:00:34.194000,0 days 00:00:31.718000,0 days 01:13:01.518000,0 days 01:13:35.712000,0 days 01:14:07.430000,232.0,254.0,221.0,302.0,False,SOFT,9.0,False,Audi,0 days 01:12:32.284000,2026-09-11 15:57:44.272,1,,,,False,True,FP2,51.1,30.2,11.4
0 days 01:15:55.187000,HUL,27,0 days 00:01:47.757000,19.0,4.0,,,0 days 00:00:35.342000,0 days 00:00:38.366000,0 days 00:00:34.049000,0 days 01:14:42.772000,0 days 01:15:21.138000,0 days 01:15:55.187000,185.0,221.0,208.0,231.0,False,SOFT,10.0,False,Audi,0 days 01:14:07.430000,2026-09-11 15:59:19.418,1,,,,False,True,FP2,51.1,30.2,11.4
0 days 01:18:03.476000,HUL,27,0 days 00:02:08.289000,20.0,4.0,,,0 days 00:00:35.269000,0 days 00:00:45.953000,0 days 00:00:47.067000,0 days 01:16:30.456000,0 days 01:17:16.409000,0 days 01:18:03.476000,168.0,189.0,60.0,206.0,False,SOFT,11.0,False,Audi,0 days 01:15:55.187000,2026-09-11 16:01:07.175,1,,,,False,True,FP2,51.1,30.2,11.4
0 days 01:20:36.171000,HUL,27,,21.0,4.0,,,0 days 00:01:04.985000,0 days 00:00:42.586000,0 days 00:00:45.045000,0 days 01:19:08.662000,0 days 01:19:51.206000,0 days 01:20:36.171000,178.0,196.0,64.0,264.0,False,SOFT,12.0,False,Audi,0 days 01:18:03.476000,2026-09-11 16:03:15.464,1,,,,False,False,FP2,51.1,30.2,11.4
0 days 01:22:57.778000,HUL,27,0 days 00:02:21.607000,22.0,4.0,,0 days 01:22:56.645000,0 days 00:01:07.090000,0 days 00:00:37.364000,0 days 00:00:37.153000,0 days 01:21:43.261000,0 days 01:22:20.625000,0 days 01:22:57.778000,212.0,221.0,,274.0,False,SOFT,13.0,False,Audi,0 days 01:20:36.171000,2026-09-11 16:05:48.159,1,,,,False,False,FP2,51.1,30.2,11.4
0 days 00:18:02.593000,LAW,30,,1.0,1.0,0 days 00:15:45.299000,,,0 days 00:00:43.453000,0 days 00:00:42.012000,,0 days 00:17:20.726000,0 days 00:18:02.680000,172.0,195.0,224.0,191.0,False,MEDIUM,1.0,True,Red Bull Racing,0 days 00:15:45.299000,2026-09-11 15:00:57.287,1,,,,False,False,FP2,51.1,30.2,11.4
0 days 00:19:39.570000,LAW,30,0 days 00:01:36.977000,2.0,1.0,,,0 days 00:00:30.460000,0 days 00:00:34.416000,0 days 00:00:32.101000,0 days 00:18:33.053000,0 days 00:19:07.469000,0 days 00:19:39.570000,227.0,262.0,208.0,286.0,True,MEDIUM,2.0,True,Red Bull Racing,0 days 00:18:02.593000,2026-09-11 15:03:14.581,1,,,,False,True,FP2,51.1,30.2,11.4
0 days 00:22:21.572000,LAW,30,,3.0,1.0,,,0 days 00:00:53.560000,0 days 00:01:03.561000,0 days 00:00:44.824000,0 days 00:20:33.308000,0 days 00:21:36.923000,0 days 00:22:21.629000,123.0,179.0,226.0,128.0,False,MEDIUM,3.0,True,Red Bull Racing,0 days 00:19:39.570000,2026-09-11 15:04:51.558,1,,,,False,False,FP2,51.0,30.2,11.3
0 days 00:23:57.239000,LAW,30,0 days 00:01:35.667000,4.0,1.0,,,0 days 00:00:29.746000,0 days 00:00:33.759000,0 days 00:00:32.162000,0 days 00:22:51.318000,0 days 00:23:25.077000,0 days 00:23:57.239000,234.0,268.0,213.0,291.0,True,MEDIUM,4.0,True,Red Bull Racing,0 days 00:22:21.572000,2026-09-11 15:07:33.560,1,,,,False,True,FP2,51.0,30.2,11.3
0 days 00:26:25.789000,LAW,30,0 days 00:02:28.550000,5.0,1.0,,0 days 00:26:24.731000,0 days 00:00:48.051000,0 days 00:00:53.704000,0 days 00:00:46.795000,0 days 00:24:45.290000,0 days 00:25:38.994000,0 days 00:26:25.789000,132.0,136.0,,143.0,False,MEDIUM,5.0,True,Red Bull Racing,0 days 00:23:57.239000,2026-09-11 15:09:09.227,1,,,,False,False,FP2,51.0,30.2,11.3
0 days 00:29:04.047000,LAW,30,,6.0,2.0,0 days 00:27:00.884000,,0 days 00:01:08.156000,0 days 00:00:48.224000,0 days 00:00:41.913000,0 days 00:27:34.062000,0 days 00:28:22.297000,0 days 00:29:04.108000,152.0,194.0,227.0,186.0,False,MEDIUM,6.0,False,Red Bull Racing,0 days 00:26:25.789000,2026-09-11 15:11:37.777,1,,,,False,False,FP2,51.0,30.2,11.3
0 days 00:30:39.128000,LAW,30,0 days 00:01:35.081000,7.0,2.0,,,0 days 00:00:29.641000,0 days 00:00:33.424000,0 days 00:00:32.016000,0 days 00:29:33.688000,0 days 00:30:07.112000,0 days 00:30:39.128000,234.0,271.0,209.0,290.0,True,MEDIUM,7.0,False,Red Bull Racing,0 days 00:29:04.047000,2026-09-11 15:14:16.035,1,,,,False,True,FP2,51.0,30.2,11.3
0 days 00:32:37.982000,LAW,30,0 days 00:01:58.854000,8.0,2.0,,0 days 00:32:37.046000,0 days 00:00:35.171000,0 days 00:00:45.127000,0 days 00:00:38.556000,0 days 00:31:14.299000,0 days 00:31:59.426000,0 days 00:32:37.982000,184.0,213.0,,242.0,False,MEDIUM,8.0,False,Red Bull Racing,0 days 00:30:39.128000,2026-09-11 15:15:51.116,1,,,,False,False,FP2,51.0,30.2,11.3
0 days 00:41:01.881000,LAW,30,,9.0,3.0,0 days 00:39:06.945000,,,0 days 00:00:46.827000,0 days 00:00:36.679000,,0 days 00:40:25.411000,0 days 00:41:01.881000,151.0,200.0,227.0,196.0,False,SOFT,1.0,True,Red Bull Racing,0 days 00:32:37.982000,2026-09-11 15:17:49.970,1,,,,False,False,FP2,51.0,30.2,11.3
0 days 00:42:36.819000,LAW,30,0 days 00:01:34.938000,10.0,3.0,,,0 days 00:00:29.565000,0 days 00:00:33.604000,0 days 00:00:31.769000,0 days 00:41:31.446000,0 days 00:42:05.050000,0 days 00:42:36.819000,231.0,262.0,209.0,288.0,True,SOFT,2.0,True,Red Bull Racing,0 days 00:41:01.881000,2026-09-11 15:26:13.869,1,,,,False,True,FP2,51.0,30.2,11.3
0 days 00:44:59.235000,LAW,30,0 days 00:02:22.416000,11.0,3.0,,0 days 00:44:58.249000,0 days 00:00:49.931000,0 days 00:00:50.193000,0 days 00:00:42.292000,0 days 00:43:26.750000,0 days 00:44:16.943000,0 days 00:44:59.235000,93.0,199.0,,155.0,False,SOFT,3.0,True,Red Bull Racing,0 days 00:42:36.819000,2026-09-11 15:27:48.807,1,,,,False,False,FP2,51.0,30.2,11.3
0 days 00:47:51.920000,LAW,30,,12.0,4.0,0 days 00:45:37.005000,,0 days 00:01:15.376000,0 days 00:00:56.418000,0 days 00:00:40.861000,0 days 00:46:14.808000,0 days 00:47:11.255000,0 days 00:47:51.969000,129.0,142.0,229.0,151.0,False,SOFT,4.0,False,Red Bull Racing,0 days 00:44:59.235000,2026-09-11 15:30:11.223,1,,,,False,False,FP2,50.8,30.2,11.5
0 days 00:49:29.021000,LAW,30,0 days 00:01:37.101000,13.0,4.0,,,0 days 00:00:29.394000,0 days 00:00:33.488000,0 days 00:00:34.219000,0 days 00:48:21.314000,0 days 00:48:54.802000,0 days 00:49:29.021000,234.0,266.0,169.0,290.0,False,SOFT,5.0,False,Red Bull Racing,0 days 00:47:51.920000,2026-09-11 15:33:03.908,1,,,,False,True,FP2,50.8,30.2,11.5
0 days 01:03:02.845000,LAW,30,,14.0,4.0,,0 days 00:52:03.298000,0 days 00:00:41.648000,,,0 days 00:50:10.788000,,,165.0,,,208.0,False,SOFT,6.0,False,Red Bull Racing,0 days 00:49:29.021000,2026-09-11 15:34:41.009,125,,,,False,False,FP2,50.8,30.2,11.5
0 days 01:04:57.232000,LAW,30,,15.0,5.0,0 days 01:03:02.845000,,,0 days 00:00:38.619000,0 days 00:00:34.475000,,0 days 01:04:23.133000,0 days 01:04:57.276000,187.0,226.0,223.0,245.0,False,MEDIUM,9.0,False,Red Bull Racing,0 days 01:03:02.845000,2026-09-11 15:48:14.833,1,,,,False,False,FP2,50.8,30.2,11.5
0 days 01:06:37.195000,LAW,30,0 days 00:01:39.963000,16.0,5.0,,,0 days 00:00:30.781000,0 days 00:00:35.892000,0 days 00:00:33.290000,0 days 01:05:28.013000,0 days 01:06:03.905000,0 days 01:06:37.195000,210.0,241.0,224.0,282.0,False,MEDIUM,10.0,False,Red Bull Racing,0 days 01:04:57.232000,2026-09-11 15:50:09.220,1,,,,False,True,FP2,50.8,30.2,11.5
0 days 01:08:26.283000,LAW,30,0 days 00:01:49.088000,17.0,5.0,,0 days 01:08:25.223000,0 days 00:00:31.117000,0 days 00:00:35.870000,0 days 00:00:42.101000,0 days 01:07:08.312000,0 days 01:07:44.182000,0 days 01:08:26.283000,209.0,247.0,,285.0,False,MEDIUM,11.0,False,Red Bull Racing,0 days 01:06:37.195000,2026-09-11 15:51:49.183,1,,,,False,False,FP2,50.8,30.2,11.5
0 days 01:15:09.626000,LAW,30,,18.0,6.0,0 days 01:13:35.254000,,,0 days 00:00:36.319000,0 days 00:00:33.416000,,0 days 01:14:36.333000,0 days 01:15:09.754000,192.0,245.0,222.0,240.0,False,MEDIUM,12.0,False,Red Bull Racing,0 days 01:08:26.283000,2026-09-11 15:53:38.271,1,,,,False,False,FP2,50.8,30.2,11.5
0 days 01:17:36.608000,LAW,30,0 days 00:02:26.982000,19.0,6.0,,,0 days 00:00:35.162000,0 days 00:00:55.947000,0 days 00:00:55.873000,0 days 01:15:44.788000,0 days 01:16:40.735000,0 days 01:17:36.608000,157.0,138.0,82.0,171.0,False,MEDIUM,13.0,False,Red Bull Racing,0 days 01:15:09.626000,2026-09-11 16:00:21.614,1,,,,False,True,FP2,50.8,30.2,11.5
0 days 01:20:21.703000,LAW,30,,20.0,6.0,,,0 days 00:01:10.306000,0 days 00:00:45.988000,0 days 00:00:48.776000,0 days 01:18:47.089000,0 days 01:19:33.095000,0 days 01:20:21.703000,163.0,180.0,85.0,285.0,False,MEDIUM,14.0,False,Red Bull Racing,0 days 01:17:36.608000,2026-09-11 16:02:48.596,1,,,,False,False,FP2,51.0,30.3,11.5
0 days 01:22:43.813000,LAW,30,0 days 00:02:22.110000,21.0,6.0,,0 days 01:22:42.706000,0 days 00:01:05.958000,0 days 00:00:35.486000,0 days 00:00:40.666000,0 days 01:21:27.661000,0 days 01:22:03.147000,0 days 01:22:43.813000,215.0,246.0,,284.0,False,MEDIUM,15.0,False,Red Bull Racing,0 days 01:20:21.703000,2026-09-11 16:05:33.691,1,,,,False,False,FP2,51.0,30.3,11.5
0 days 00:16:41.432000,OCO,31,,1.0,1.0,0 days 00:14:53.005000,,,0 days 00:00:40.238000,0 days 00:00:36.295000,,0 days 00:16:05.415000,0 days 00:16:41.640000,175.0,224.0,216.0,171.0,False,MEDIUM,1.0,True,Haas F1 Team,0 days 00:14:53.005000,2026-09-11 15:00:04.993,1,,,,False,False,FP2,51.0,30.3,11.5
0 days 00:18:19.310000,OCO,31,0 days 00:01:37.878000,2.0,1.0,,,0 days 00:00:30.189000,0 days 00:00:34.951000,0 days 00:00:32.738000,0 days 00:17:11.621000,0 days 00:17:46.572000,0 days 00:18:19.310000,215.0,252.0,202.0,294.0,True,MEDIUM,2.0,True,Haas F1 Team,0 days 00:16:41.432000,2026-09-11 15:01:53.420,1,,,,False,True,FP2,51.0,30.3,11.5
0 days 00:20:49.814000,OCO,31,,3.0,1.0,,,0 days 00:00:48.497000,0 days 00:00:54.119000,0 days 00:00:47.732000,0 days 00:19:08.167000,0 days 00:20:02.322000,0 days 00:20:49.824000,98.0,168.0,149.0,163.0,False,MEDIUM,3.0,True,Haas F1 Team,0 days 00:18:19.310000,2026-09-11 15:03:31.298,1,,,,False,False,FP2,51.0,30.3,11.5
0 days 00:23:00.132000,OCO,31,0 days 00:02:10.318000,4.0,1.0,,,0 days 00:00:45.051000,0 days 00:00:44.490000,0 days 00:00:40.777000,0 days 00:21:34.865000,0 days 00:22:19.355000,0 days 00:23:00.132000,136.0,235.0,222.0,186.0,False,MEDIUM,4.0,True,Haas F1 Team,0 days 00:20:49.814000,2026-09-11 15:06:01.802,1,,,,False,True,FP2,51.0,30.3,11.5
0 days 00:24:36.729000,OCO,31,0 days 00:01:36.597000,5.0,1.0,,,0 days 00:00:29.677000,0 days 00:00:34.422000,0 days 00:00:32.498000,0 days 00:23:29.809000,0 days 00:24:04.231000,0 days 00:24:36.729000,222.0,250.0,204.0,290.0,True,MEDIUM,5.0,True,Haas F1 Team,0 days 00:23:00.132000,2026-09-11 15:08:12.120,1,,,,False,True,FP2,51.0,30.3,11.5
0 days 00:27:11.387000,OCO,31,,6.0,1.0,,,0 days 00:00:47.064000,0 days 00:00:58.280000,0 days 00:00:49.394000,0 days 00:25:24.003000,0 days 00:26:22.237000,0 days 00:27:12.341000,94.0,76.0,164.0,179.0,False,MEDIUM,6.0,True,Haas F1 Team,0 days 00:24:36.729000,2026-09-11 15:09:48.717,1,,,,False,False,FP2,51.0,30.3,11.5
0 days 00:29:38.909000,OCO,31,0 days 00:02:27.522000,7.0,1.0,,,0 days 00:00:45.383000,0 days 00:00:49.756000,0 days 00:00:52.383000,0 days 00:27:56.770000,0 days 00:28:46.526000,0 days 00:29:38.909000,134.0,72.0,221.0,156.0,False,MEDIUM,7.0,True,Haas F1 Team,0 days 00:27:11.387000,2026-09-11 15:12:23.375,1,,,,False,True,FP2,50.6,30.3,11.6
0 days 00:31:14.841000,OCO,31,0 days 00:01:35.932000,8.0,1.0,,,0 days 00:00:29.464000,0 days 00:00:34.118000,0 days 00:00:32.350000,0 days 00:30:08.373000,0 days 00:30:42.491000,0 days 00:31:14.841000,215.0,252.0,203.0,295.0,True,MEDIUM,8.0,True,Haas F1 Team,0 days 00:29:38.909000,2026-09-11 15:14:50.897,1,,,,False,True,FP2,50.6,30.3,11.6
0 days 00:33:48.729000,OCO,31,,9.0,1.0,,0 days 00:33:47.657000,0 days 00:00:48.822000,0 days 00:00:55.152000,0 days 00:00:49.846000,0 days 00:32:03.852000,0 days 00:32:59.026000,0 days 00:33:48.815000,91.0,179.0,,144.0,False,MEDIUM,9.0,True,Haas F1 Team,0 days 00:31:14.841000,2026-09-11 15:16:26.829,1,,,,False,False,FP2,50.6,30.3,11.6
0 days 00:36:18.716000,OCO,31,0 days 00:02:29.987000,10.0,2.0,0 days 00:34:27.477000,,0 days 00:01:07.776000,0 days 00:00:41.795000,0 days 00:00:40.416000,0 days 00:34:56.505000,0 days 00:35:38.300000,0 days 00:36:18.716000,185.0,215.0,227.0,209.0,False,MEDIUM,10.0,False,Haas F1 Team,0 days 00:33:48.729000,2026-09-11 15:19:00.717,1,,,,False,False,FP2,49.9,30.1,11.8
0 days 00:37:54.282000,OCO,31,0 days 00:01:35.566000,11.0,2.0,,,0 days 00:00:29.448000,0 days 00:00:34.145000,0 days 00:00:31.973000,0 days 00:36:48.164000,0 days 00:37:22.309000,0 days 00:37:54.282000,211.0,251.0,203.0,288.0,True,MEDIUM,11.0,False,Haas F1 Team,0 days 00:36:18.716000,2026-09-11 15:21:30.704,1,,,,False,True,FP2,49.9,30.1,11.8
0 days 00:39:52.687000,OCO,31,0 days 00:01:58.405000,12.0,2.0,,0 days 00:39:51.239000,0 days 00:00:37.650000,0 days 00:00:40.869000,0 days 00:00:39.886000,0 days 00:38:31.932000,0 days 00:39:12.801000,0 days 00:39:52.687000,174.0,215.0,,202.0,False,MEDIUM,12.0,False,Haas F1 Team,0 days 00:37:54.282000,2026-09-11 15:23:06.270,1,,,,False,False,FP2,49.9,30.1,11.8
0 days 00:45:22.719000,OCO,31,,13.0,3.0,0 days 00:43:29.665000,,,0 days 00:00:41.361000,0 days 00:00:41.049000,,0 days 00:44:42.092000,0 days 00:45:22.719000,181.0,230.0,230.0,193.0,False,SOFT,1.0,True,Haas F1 Team,0 days 00:39:52.687000,2026-09-11 15:25:04.675,1,,,,False,False,FP2,49.9,30.1,11.8
0 days 00:46:57.586000,OCO,31,0 days 00:01:34.867000,14.0,3.0,,,0 days 00:00:29.266000,0 days 00:00:33.830000,0 days 00:00:31.771000,0 days 00:45:51.985000,0 days 00:46:25.815000,0 days 00:46:57.586000,223.0,253.0,205.0,294.0,True,SOFT,2.0,True,Haas F1 Team,0 days 00:45:22.719000,2026-09-11 15:30:34.707,1,,,,False,True,FP2,49.9,30.1,11.8
0 days 00:49:33.053000,OCO,31,,15.0,3.0,,0 days 00:49:31.896000,0 days 00:00:50.010000,0 days 00:00:53.938000,0 days 00:00:51.351000,0 days 00:47:47.847000,0 days 00:48:41.721000,0 days 00:49:33.053000,123.0,160.0,,145.0,False,SOFT,3.0,True,Haas F1 Team,0 days 00:46:57.586000,2026-09-11 15:32:09.574,1,,,,False,False,FP2,49.9,30.1,11.8
0 days 01:03:51.827000,OCO,31,,16.0,4.0,0 days 01:01:59.867000,,,0 days 00:00:40.968000,0 days 00:00:35.042000,,0 days 01:03:16.986000,0 days 01:03:51.903000,192.0,228.0,221.0,190.0,False,SOFT,4.0,False,Haas F1 Team,0 days 01:01:59.867000,2026-09-11 15:47:11.855,1,,,,False,False,FP2,49.9,30.1,11.8
0 days 01:05:32.517000,OCO,31,0 days 00:01:40.690000,17.0,4.0,,,0 days 00:00:30.394000,0 days 00:00:36.829000,0 days 00:00:33.467000,0 days 01:04:22.221000,0 days 01:04:59.050000,0 days 01:05:32.517000,197.0,240.0,222.0,292.0,False,SOFT,5.0,False,Haas F1 Team,0 days 01:03:51.827000,2026-09-11 15:49:03.815,1,,,,False,True,FP2,49.9,30.1,11.8
0 days 01:07:12.735000,OCO,31,0 days 00:01:40.218000,18.0,4.0,,,0 days 00:00:30.524000,0 days 00:00:36.479000,0 days 00:00:33.215000,0 days 01:06:03.041000,0 days 01:06:39.520000,0 days 01:07:12.735000,218.0,240.0,222.0,290.0,False,SOFT,6.0,False,Haas F1 Team,0 days 01:05:32.517000,2026-09-11 15:50:44.505,1,,,,False,True,FP2,49.9,30.1,11.8
0 days 01:08:53.161000,OCO,31,0 days 00:01:40.426000,19.0,4.0,,,0 days 00:00:30.519000,0 days 00:00:36.600000,0 days 00:00:33.307000,0 days 01:07:43.254000,0 days 01:08:19.854000,0 days 01:08:53.161000,220.0,241.0,221.0,298.0,False,SOFT,7.0,False,Haas F1 Team,0 days 01:07:12.735000,2026-09-11 15:52:24.723,1,,,,False,True,FP2,49.9,30.1,11.8
0 days 01:10:33.496000,OCO,31,0 days 00:01:40.335000,20.0,4.0,,,0 days 00:00:30.416000,0 days 00:00:36.300000,0 days 00:00:33.619000,0 days 01:09:23.577000,0 days 01:09:59.877000,0 days 01:10:33.496000,218.0,248.0,222.0,295.0,False,SOFT,8.0,False,Haas F1 Team,0 days 01:08:53.161000,2026-09-11 15:54:05.149,1,,,,False,True,FP2,49.9,30.1,11.8
0 days 01:12:15.667000,OCO,31,0 days 00:01:42.171000,21.0,4.0,,,0 days 00:00:30.906000,0 days 00:00:36.421000,0 days 00:00:34.844000,0 days 01:11:04.402000,0 days 01:11:40.823000,0 days 01:12:15.667000,215.0,237.0,222.0,264.0,False,SOFT,9.0,False,Haas F1 Team,0 days 01:10:33.496000,2026-09-11 15:55:45.484,1,,,,False,True,FP2,49.9,30.1,11.8
0 days 01:13:57.034000,OCO,31,0 days 00:01:41.367000,22.0,4.0,,,0 days 00:00:30.994000,0 days 00:00:36.591000,0 days 00:00:33.782000,0 days 01:12:46.661000,0 days 01:13:23.252000,0 days 01:13:57.034000,211.0,247.0,218.0,286.0,False,SOFT,10.0,False,Haas F1 Team,0 days 01:12:15.667000,2026-09-11 15:57:27.655,1,,,,False,True,FP2,49.9,30.1,11.8
0 days 01:15:37.873000,OCO,31,0 days 00:01:40.839000,23.0,4.0,,,0 days 00:00:30.857000,0 days 00:00:36.626000,0 days 00:00:33.356000,0 days 01:14:27.891000,0 days 01:15:04.517000,0 days 01:15:37.873000,218.0,240.0,219.0,296.0,False,SOFT,11.0,False,Haas F1 Team,0 days 01:13:57.034000,2026-09-11 15:59:09.022,1,,,,False,True,FP2,49.9,30.1,11.8
0 days 01:17:39.766000,OCO,31,0 days 00:02:01.893000,24.0,4.0,,,0 days 00:00:30.796000,0 days 00:00:41.542000,0 days 00:00:49.555000,0 days 01:16:08.669000,0 days 01:16:50.211000,0 days 01:17:39.766000,216.0,167.0,69.0,286.0,False,SOFT,12.0,False,Haas F1 Team,0 days 01:15:37.873000,2026-09-11 16:00:49.861,1,,,,False,True,FP2,49.8,30.1,11.6
0 days 01:20:25.956000,OCO,31,,25.0,4.0,,,0 days 00:01:10.239000,0 days 00:00:46.311000,0 days 00:00:49.540000,0 days 01:18:50.210000,0 days 01:19:36.486000,0 days 01:20:25.960000,196.0,165.0,52.0,272.0,False,SOFT,13.0,False,Haas F1 Team,0 days 01:17:39.766000,2026-09-11 16:02:51.754,1,,,,False,False,FP2,49.8,30.1,11.6
0 days 01:22:45.890000,OCO,31,0 days 00:02:19.934000,26.0,4.0,,0 days 01:22:44.784000,0 days 00:01:04.218000,0 days 00:00:36.705000,0 days 00:00:39.011000,0 days 01:21:30.174000,0 days 01:22:06.879000,0 days 01:22:45.890000,202.0,240.0,,277.0,False,SOFT,14.0,False,Haas F1 Team,0 days 01:20:25.956000,2026-09-11 16:05:37.944,1,,,,False,False,FP2,49.8,30.1,11.6
0 days 00:18:13.161000,LIN,41,,1.0,1.0,0 days 00:16:15.709000,,,0 days 00:00:39.871000,0 days 00:00:44.536000,,0 days 00:17:28.782000,0 days 00:18:13.283000,175.0,223.0,227.0,217.0,False,MEDIUM,1.0,True,Racing Bulls,0 days 00:16:15.709000,2026-09-11 15:01:27.697,1,,,,False,False,FP2,49.8,30.1,11.6
0 days 00:19:48.923000,LIN,41,0 days 00:01:35.762000,2.0,1.0,,,0 days 00:00:29.417000,0 days 00:00:34.217000,0 days 00:00:32.128000,0 days 00:18:42.578000,0 days 00:19:16.795000,0 days 00:19:48.923000,230.0,256.0,213.0,300.0,True,MEDIUM,2.0,True,Racing Bulls,0 days 00:18:13.161000,2026-09-11 15:03:25.149,1,,,,False,True,FP2,49.8,30.1,11.6
0 days 00:22:26.637000,LIN,41,,3.0,1.0,,,0 days 00:00:53.054000,0 days 00:01:02.280000,0 days 00:00:42.443000,0 days 00:20:42.861000,0 days 00:21:44.376000,0 days 00:22:26.790000,123.0,185.0,230.0,150.0,False,MEDIUM,3.0,True,Racing Bulls,0 days 00:19:48.923000,2026-09-11 15:05:00.911,1,,,,False,False,FP2,49.8,30.1,11.6
0 days 00:24:01.736000,LIN,41,0 days 00:01:35.099000,4.0,1.0,,,0 days 00:00:28.930000,0 days 00:00:34.129000,0 days 00:00:32.040000,0 days 00:22:55.567000,0 days 00:23:29.696000,0 days 00:24:01.736000,231.0,253.0,209.0,300.0,True,MEDIUM,4.0,True,Racing Bulls,0 days 00:22:26.637000,2026-09-11 15:07:38.625,1,,,,False,True,FP2,49.8,30.1,11.6
0 days 00:26:46.418000,LIN,41,,5.0,1.0,,0 days 00:26:45.159000,0 days 00:00:55.692000,0 days 00:00:58.619000,0 days 00:00:50.202000,0 days 00:24:57.709000,0 days 00:25:56.225000,0 days 00:26:46.418000,122.0,158.0,,140.0,False,MEDIUM,5.0,True,Racing Bulls,0 days 00:24:01.736000,2026-09-11 15:09:13.724,1,,,,False,False,FP2,49.8,30.1,11.6
0 days 00:29:34.437000,LIN,41,,6.0,2.0,0 days 00:27:26.603000,,0 days 00:01:08.481000,0 days 00:00:49.743000,0 days 00:00:49.891000,0 days 00:27:54.856000,0 days 00:28:44.779000,0 days 00:29:34.506000,171.0,199.0,221.0,172.0,False,MEDIUM,6.0,False,Racing Bulls,0 days 00:26:46.418000,2026-09-11 15:11:58.406,1,,,,False,False,FP2,50.0,30.1,11.6
0 days 00:31:09.584000,LIN,41,0 days 00:01:35.147000,7.0,2.0,,,0 days 00:00:29.118000,0 days 00:00:33.996000,0 days 00:00:32.033000,0 days 00:30:03.555000,0 days 00:30:37.551000,0 days 00:31:09.584000,236.0,256.0,206.0,301.0,False,MEDIUM,7.0,False,Racing Bulls,0 days 00:29:34.437000,2026-09-11 15:14:46.425,1,,,,False,True,FP2,50.0,30.1,11.6
0 days 00:33:41.864000,LIN,41,,8.0,2.0,,,0 days 00:00:51.992000,0 days 00:00:55.951000,0 days 00:00:44.464000,0 days 00:32:01.696000,0 days 00:32:57.651000,0 days 00:33:42.288000,170.0,217.0,229.0,138.0,False,MEDIUM,8.0,False,Racing Bulls,0 days 00:31:09.584000,2026-09-11 15:16:21.572,1,,,,False,False,FP2,50.0,30.1,11.6
0 days 00:35:16.902000,LIN,41,0 days 00:01:35.038000,9.0,2.0,,,0 days 00:00:28.892000,0 days 00:00:34.092000,0 days 00:00:32.054000,0 days 00:34:10.756000,0 days 00:34:44.848000,0 days 00:35:16.902000,236.0,253.0,214.0,299.0,True,MEDIUM,9.0,False,Racing Bulls,0 days 00:33:41.864000,2026-09-11 15:18:53.852,1,,,,False,True,FP2,50.0,30.1,11.6
0 days 00:37:05.975000,LIN,41,0 days 00:01:49.073000,10.0,2.0,,0 days 00:37:05.067000,0 days 00:00:33.131000,0 days 00:00:39.109000,0 days 00:00:36.833000,0 days 00:35:50.033000,0 days 00:36:29.142000,0 days 00:37:05.975000,200.0,249.0,,239.0,False,MEDIUM,10.0,False,Racing Bulls,0 days 00:35:16.902000,2026-09-11 15:20:28.890,1,,,,False,False,FP2,50.0,30.1,11.6
0 days 00:42:18.350000,LIN,41,,11.0,3.0,0 days 00:40:21.729000,,,0 days 00:00:47.917000,0 days 00:00:33.289000,,0 days 00:41:45.206000,0 days 00:42:18.356000,115.0,246.0,230.0,216.0,False,SOFT,1.0,True,Racing Bulls,0 days 00:37:05.975000,2026-09-11 15:22:17.963,1,,,,False,False,FP2,50.0,30.1,11.6
0 days 00:43:52.240000,LIN,41,0 days 00:01:33.890000,12.0,3.0,,,0 days 00:00:28.822000,0 days 00:00:33.743000,0 days 00:00:31.325000,0 days 00:42:47.172000,0 days 00:43:20.915000,0 days 00:43:52.240000,238.0,253.0,227.0,300.0,True,SOFT,2.0,True,Racing Bulls,0 days 00:42:18.350000,2026-09-11 15:27:30.338,1,,,,False,True,FP2,50.0,30.1,11.6
0 days 00:46:25.583000,LIN,41,,13.0,3.0,,0 days 00:46:24.523000,0 days 00:00:51.981000,0 days 00:00:56.735000,0 days 00:00:44.557000,0 days 00:44:44.419000,0 days 00:45:41.068000,0 days 00:46:25.583000,102.0,169.0,,131.0,False,SOFT,3.0,True,Racing Bulls,0 days 00:43:52.240000,2026-09-11 15:29:04.228,1,,,,False,False,FP2,50.0,30.1,11.6
0 days 00:49:10.316000,LIN,41,,14.0,4.0,0 days 00:47:04.661000,,0 days 00:01:12.375000,0 days 00:00:52.321000,0 days 00:00:40.026000,0 days 00:47:38.003000,0 days 00:48:30.379000,0 days 00:49:10.316000,138.0,114.0,231.0,182.0,False,SOFT,4.0,False,Racing Bulls,0 days 00:46:25.583000,2026-09-11 15:31:37.571,1,,,,False,False,FP2,50.0,30.1,11.6
0 days 00:54:40.413000,LIN,41,,15.0,4.0,,0 days 00:54:40.413000,0 days 00:00:28.829000,,,0 days 00:49:39.199000,,,236.0,,,297.0,False,SOFT,5.0,False,Racing Bulls,0 days 00:49:10.316000,2026-09-11 15:34:22.304,125,,,,False,False,FP2,50.0,30.1,11.6
0 days 00:17:10.454000,COL,43,,1.0,1.0,0 days 00:15:14.522000,,,0 days 00:00:46.678000,0 days 00:00:35.739000,,0 days 00:16:34.835000,0 days 00:17:10.494000,192.0,233.0,226.0,217.0,False,MEDIUM,1.0,True,Alpine,0 days 00:15:14.522000,2026-09-11 15:00:26.510,1,,,,False,False,FP2,50.0,30.1,11.6
0 days 00:18:47.971000,COL,43,0 days 00:01:37.517000,2.0,1.0,,,0 days 00:00:30.022000,0 days 00:00:34.710000,0 days 00:00:32.785000,0 days 00:17:40.476000,0 days 00:18:15.186000,0 days 00:18:47.971000,225.0,255.0,206.0,295.0,True,MEDIUM,2.0,True,Alpine,0 days 00:17:10.454000,2026-09-11 15:02:22.442,1,,,,False,True,FP2,50.0,30.1,11.6
0 days 00:21:44.165000,COL,43,,3.0,1.0,,,0 days 00:01:00.701000,0 days 00:01:11.704000,0 days 00:00:43.898000,0 days 00:19:48.809000,0 days 00:21:00.440000,0 days 00:21:44.220000,100.0,131.0,226.0,106.0,False,MEDIUM,3.0,True,Alpine,0 days 00:18:47.971000,2026-09-11 15:03:59.959,1,,,,False,False,FP2,50.0,30.1,11.6
0 days 00:23:20.307000,COL,43,0 days 00:01:36.142000,4.0,1.0,,,0 days 00:00:29.522000,0 days 00:00:34.114000,0 days 00:00:32.506000,0 days 00:22:13.687000,0 days 00:22:47.801000,0 days 00:23:20.307000,226.0,261.0,207.0,292.0,True,MEDIUM,4.0,True,Alpine,0 days 00:21:44.165000,2026-09-11 15:06:56.153,1,,,,False,True,FP2,49.8,30.1,11.7
0 days 00:26:38,COL,43,,5.0,1.0,,,0 days 00:01:11.656000,0 days 00:01:21.862000,0 days 00:00:44.103000,0 days 00:24:32.319000,0 days 00:25:53.897000,0 days 00:26:38.120000,74.0,146.0,226.0,78.0,False,MEDIUM,5.0,True,Alpine,0 days 00:23:20.307000,2026-09-11 15:08:32.295,1,,,,False,False,FP2,49.8,30.1,11.7
0 days 00:28:15.860000,COL,43,0 days 00:01:37.860000,6.0,1.0,,,0 days 00:00:29.727000,0 days 00:00:34.954000,0 days 00:00:33.179000,0 days 00:27:07.727000,0 days 00:27:42.681000,0 days 00:28:15.860000,225.0,231.0,207.0,295.0,False,MEDIUM,6.0,True,Alpine,0 days 00:26:38,2026-09-11 15:11:49.988,1,,,,False,True,FP2,49.8,30.1,11.7
0 days 00:30:14.913000,COL,43,0 days 00:01:59.053000,7.0,1.0,,0 days 00:30:13.799000,0 days 00:00:36.537000,0 days 00:00:43.790000,0 days 00:00:38.726000,0 days 00:28:52.397000,0 days 00:29:36.187000,0 days 00:30:14.913000,179.0,228.0,,174.0,False,MEDIUM,7.0,True,Alpine,0 days 00:28:15.860000,2026-09-11 15:13:27.848,1,,,,False,False,FP2,49.8,30.1,11.7
0 days 00:43:07.930000,COL,43,,8.0,2.0,0 days 00:41:17.869000,,,0 days 00:00:45.165000,0 days 00:00:35.623000,,0 days 00:42:32.566000,0 days 00:43:08.031000,171.0,230.0,229.0,226.0,False,SOFT,1.0,True,Alpine,0 days 00:30:14.913000,2026-09-11 15:15:26.901,1,,,,False,False,FP2,49.8,30.1,11.7
0 days 00:44:43.816000,COL,43,0 days 00:01:35.886000,9.0,2.0,,,0 days 00:00:29.113000,0 days 00:00:34.482000,0 days 00:00:32.291000,0 days 00:43:37.043000,0 days 00:44:11.525000,0 days 00:44:43.816000,230.0,256.0,210.0,302.0,True,SOFT,2.0,True,Alpine,0 days 00:43:07.930000,2026-09-11 15:28:19.918,1,,,,False,True,FP2,49.8,30.1,11.7
0 days 00:48:04.603000,COL,43,,10.0,2.0,,0 days 00:48:03.570000,0 days 00:01:01.691000,0 days 00:01:22.115000,0 days 00:00:56.833000,0 days 00:45:45.692000,0 days 00:47:07.770000,0 days 00:48:04.695000,84.0,122.0,,126.0,False,SOFT,3.0,True,Alpine,0 days 00:44:43.816000,2026-09-11 15:29:55.804,1,,,,False,False,FP2,49.8,30.1,11.7
0 days 01:02:27.313000,COL,43,,11.0,3.0,0 days 00:48:40.179000,0 days 00:50:50.093000,0 days 00:01:12.524000,0 days 00:00:41.399000,,0 days 00:49:17.195000,0 days 00:49:58.636000,,188.0,214.0,,143.0,False,SOFT,4.0,False,Alpine,0 days 00:48:04.603000,2026-09-11 15:33:16.591,125,,,,False,False,FP2,49.8,30.1,11.7
0 days 01:04:13.624000,COL,43,,12.0,4.0,0 days 01:02:27.313000,,,0 days 00:00:38.800000,0 days 00:00:35.467000,,0 days 01:03:38.293000,0 days 01:04:13.624000,179.0,235.0,217.0,227.0,False,MEDIUM,8.0,False,Alpine,0 days 01:02:27.313000,2026-09-11 15:47:39.301,1,,,,False,False,FP2,49.8,30.1,11.7
0 days 01:05:57.229000,COL,43,0 days 00:01:43.605000,13.0,4.0,,,0 days 00:00:31.700000,0 days 00:00:36.886000,0 days 00:00:35.019000,0 days 01:04:45.324000,0 days 01:05:22.210000,0 days 01:05:57.229000,204.0,229.0,211.0,290.0,False,MEDIUM,9.0,False,Alpine,0 days 01:04:13.624000,2026-09-11 15:49:25.612,1,,,,False,True,FP2,49.8,30.1,11.7
0 days 01:07:44.596000,COL,43,0 days 00:01:47.367000,14.0,4.0,,,0 days 00:00:31.454000,0 days 00:00:39.053000,0 days 00:00:36.860000,0 days 01:06:28.683000,0 days 01:07:07.736000,0 days 01:07:44.596000,188.0,229.0,207.0,284.0,False,MEDIUM,10.0,False,Alpine,0 days 01:05:57.229000,2026-09-11 15:51:09.217,1,,,,False,True,FP2,49.5,30.2,11.7
0 days 01:09:26.107000,COL,43,0 days 00:01:41.511000,15.0,4.0,,,0 days 00:00:31.282000,0 days 00:00:36.444000,0 days 00:00:33.785000,0 days 01:08:15.878000,0 days 01:08:52.322000,0 days 01:09:26.107000,213.0,243.0,220.0,286.0,False,MEDIUM,11.0,False,Alpine,0 days 01:07:44.596000,2026-09-11 15:52:56.584,1,,,,False,True,FP2,49.5,30.2,11.7
0 days 01:11:06.608000,COL,43,0 days 00:01:40.501000,16.0,4.0,,,0 days 00:00:30.691000,0 days 00:00:36.159000,0 days 00:00:33.651000,0 days 01:09:56.798000,0 days 01:10:32.957000,0 days 01:11:06.608000,215.0,251.0,220.0,288.0,False,MEDIUM,12.0,False,Alpine,0 days 01:09:26.107000,2026-09-11 15:54:38.095,1,,,,False,True,FP2,49.5,30.2,11.7
0 days 01:12:47.533000,COL,43,0 days 00:01:40.925000,17.0,4.0,,,0 days 00:00:30.742000,0 days 00:00:36.277000,0 days 00:00:33.906000,0 days 01:11:37.350000,0 days 01:12:13.627000,0 days 01:12:47.533000,216.0,254.0,217.0,292.0,False,MEDIUM,13.0,False,Alpine,0 days 01:11:06.608000,2026-09-11 15:56:18.596,1,,,,False,True,FP2,49.5,30.2,11.7
0 days 01:14:29.295000,COL,43,0 days 00:01:41.762000,18.0,4.0,,,0 days 00:00:30.768000,0 days 00:00:36.754000,0 days 00:00:34.240000,0 days 01:13:18.301000,0 days 01:13:55.055000,0 days 01:14:29.295000,213.0,247.0,218.0,292.0,False,MEDIUM,14.0,False,Alpine,0 days 01:12:47.533000,2026-09-11 15:57:59.521,1,,,,False,True,FP2,49.5,30.2,11.7
0 days 01:16:14.589000,COL,43,0 days 00:01:45.294000,19.0,4.0,,,0 days 00:00:32.083000,0 days 00:00:37.830000,0 days 00:00:35.381000,0 days 01:15:01.378000,0 days 01:15:39.208000,0 days 01:16:14.589000,195.0,241.0,209.0,293.0,False,MEDIUM,15.0,False,Alpine,0 days 01:14:29.295000,2026-09-11 15:59:41.283,1,,,,False,True,FP2,49.5,30.2,11.7
0 days 01:18:15.777000,COL,43,0 days 00:02:01.188000,20.0,4.0,,,0 days 00:00:36.748000,0 days 00:00:42.073000,0 days 00:00:42.367000,0 days 01:16:51.337000,0 days 01:17:33.410000,0 days 01:18:15.777000,168.0,175.0,52.0,227.0,False,MEDIUM,16.0,False,Alpine,0 days 01:16:14.589000,2026-09-11 16:01:26.577,1,,,,False,True,FP2,49.5,30.2,11.7
0 days 01:20:48.035000,COL,43,,21.0,4.0,,,0 days 00:01:06.728000,0 days 00:00:39.270000,0 days 00:00:46.142000,0 days 01:19:22.626000,0 days 01:20:02.018000,0 days 01:20:48.143000,193.0,190.0,40.0,287.0,False,MEDIUM,17.0,False,Alpine,0 days 01:18:15.777000,2026-09-11 16:03:27.765,1,,,,False,False,FP2,49.5,30.2,11.7
0 days 01:23:05.437000,COL,43,0 days 00:02:17.402000,22.0,4.0,,0 days 01:23:04.244000,0 days 00:01:03.708000,0 days 00:00:36.651000,0 days 00:00:37.043000,0 days 01:21:51.743000,0 days 01:22:28.394000,0 days 01:23:05.437000,212.0,246.0,,284.0,False,MEDIUM,18.0,False,Alpine,0 days 01:20:48.035000,2026-09-11 16:06:00.023,1,,,,False,False,FP2,49.5,30.2,11.7
0 days 00:17:39.609000,HAM,44,,1.0,1.0,0 days 00:15:34.270000,,,0 days 00:00:42.645000,0 days 00:00:40.663000,,0 days 00:16:59.071000,0 days 00:17:39.724000,163.0,225.0,225.0,191.0,False,MEDIUM,1.0,True,Ferrari,0 days 00:15:34.270000,2026-09-11 15:00:46.258,1,,,,False,False,FP2,49.5,30.2,11.7
0 days 00:19:15.201000,HAM,44,0 days 00:01:35.592000,2.0,1.0,,,0 days 00:00:29.653000,0 days 00:00:34.077000,0 days 00:00:31.862000,0 days 00:18:09.262000,0 days 00:18:43.339000,0 days 00:19:15.201000,221.0,254.0,206.0,295.0,True,MEDIUM,2.0,True,Ferrari,0 days 00:17:39.609000,2026-09-11 15:02:51.597,1,,,,False,True,FP2,49.5,30.2,11.7
0 days 00:22:15.483000,HAM,44,,3.0,1.0,,,0 days 00:00:52.865000,0 days 00:01:12.448000,0 days 00:00:55.002000,0 days 00:20:08.227000,0 days 00:21:20.689000,0 days 00:22:15.619000,102.0,202.0,226.0,125.0,False,MEDIUM,3.0,True,Ferrari,0 days 00:19:15.201000,2026-09-11 15:04:27.189,1,,,,False,False,FP2,49.5,30.2,11.7
0 days 00:23:50.308000,HAM,44,0 days 00:01:34.825000,4.0,1.0,,,0 days 00:00:29.168000,0 days 00:00:34.036000,0 days 00:00:31.621000,0 days 00:22:44.651000,0 days 00:23:18.687000,0 days 00:23:50.308000,208.0,255.0,210.0,295.0,True,MEDIUM,4.0,True,Ferrari,0 days 00:22:15.483000,2026-09-11 15:07:27.471,1,,,,False,True,FP2,49.5,30.2,11.7
0 days 00:26:21.318000,HAM,44,,5.0,1.0,,0 days 00:26:20.248000,0 days 00:00:48.155000,0 days 00:00:54.893000,0 days 00:00:47.949000,0 days 00:24:38.689000,0 days 00:25:33.538000,0 days 00:26:21.318000,152.0,164.0,,143.0,False,MEDIUM,5.0,True,Ferrari,0 days 00:23:50.308000,2026-09-11 15:09:02.296,1,,,,False,False,FP2,49.2,30.3,11.8
0 days 00:29:10.432000,HAM,44,,6.0,2.0,0 days 00:27:07.741000,,0 days 00:01:16.036000,0 days 00:00:48.458000,0 days 00:00:44.576000,0 days 00:27:37.569000,0 days 00:28:26.070000,0 days 00:29:10.432000,127.0,198.0,230.0,214.0,False,MEDIUM,6.0,False,Ferrari,0 days 00:26:21.318000,2026-09-11 15:11:33.306,1,,,,False,False,FP2,49.2,30.3,11.8
0 days 00:30:45.518000,HAM,44,0 days 00:01:35.086000,7.0,2.0,,,0 days 00:00:28.949000,0 days 00:00:33.630000,0 days 00:00:32.507000,0 days 00:29:39.381000,0 days 00:30:13.011000,0 days 00:30:45.518000,223.0,258.0,210.0,298.0,False,MEDIUM,7.0,False,Ferrari,0 days 00:29:10.432000,2026-09-11 15:14:22.420,1,,,,False,True,FP2,49.2,30.3,11.8
0 days 00:32:34.067000,HAM,44,0 days 00:01:48.549000,8.0,2.0,,0 days 00:32:33.015000,0 days 00:00:35.898000,0 days 00:00:36.486000,0 days 00:00:36.165000,0 days 00:31:21.416000,0 days 00:31:57.902000,0 days 00:32:34.067000,215.0,234.0,,258.0,False,MEDIUM,8.0,False,Ferrari,0 days 00:30:45.518000,2026-09-11 15:15:57.506,1,,,,False,False,FP2,49.2,30.3,11.8
0 days 00:42:56.772000,HAM,44,,9.0,3.0,0 days 00:41:06.881000,,,0 days 00:00:40.896000,0 days 00:00:34.434000,,0 days 00:42:22.415000,0 days 00:42:56.790000,135.0,231.0,228.0,209.0,False,SOFT,1.0,True,Ferrari,0 days 00:32:34.067000,2026-09-11 15:17:46.055,1,,,,False,False,FP2,49.2,30.3,11.8
0 days 00:44:30.583000,HAM,44,0 days 00:01:33.811000,10.0,3.0,,,0 days 00:00:28.886000,0 days 00:00:33.755000,0 days 00:00:31.170000,0 days 00:43:25.658000,0 days 00:43:59.413000,0 days 00:44:30.583000,223.0,257.0,213.0,297.0,True,SOFT,2.0,True,Ferrari,0 days 00:42:56.772000,2026-09-11 15:28:08.760,1,,,,False,True,FP2,49.2,30.3,11.8
0 days 00:47:18.533000,HAM,44,,11.0,3.0,,,0 days 00:00:57.541000,0 days 00:01:06.427000,0 days 00:00:43.999000,0 days 00:45:28.221000,0 days 00:46:34.767000,0 days 00:47:18.537000,118.0,143.0,199.0,112.0,False,SOFT,3.0,True,Ferrari,0 days 00:44:30.583000,2026-09-11 15:29:42.571,1,,,,False,False,FP2,49.2,30.3,11.8
0 days 00:49:34.386000,HAM,44,0 days 00:02:15.853000,12.0,3.0,,,0 days 00:00:45.954000,0 days 00:00:52.823000,0 days 00:00:37.076000,0 days 00:48:04.487000,0 days 00:48:57.310000,0 days 00:49:34.386000,100.0,217.0,230.0,161.0,False,SOFT,4.0,True,Ferrari,0 days 00:47:18.533000,2026-09-11 15:32:30.521,1,,,,False,True,FP2,49.2,30.3,11.8
0 days 01:03:25.180000,HAM,44,,13.0,3.0,,0 days 00:51:55.704000,0 days 00:00:34.866000,,,0 days 00:50:09.474000,,,181.0,,,254.0,False,SOFT,5.0,True,Ferrari,0 days 00:49:34.386000,2026-09-11 15:34:46.374,125,,,,False,False,FP2,49.2,30.3,11.8
0 days 01:05:18.783000,HAM,44,,14.0,4.0,0 days 01:03:25.180000,,,0 days 00:00:38.569000,0 days 00:00:43.366000,,0 days 01:04:35.596000,0 days 01:05:18.783000,177.0,219.0,220.0,232.0,False,MEDIUM,9.0,False,Ferrari,0 days 01:03:25.180000,2026-09-11 15:48:37.168,1,,,,False,False,FP2,49.2,30.3,11.8
0 days 01:06:58.891000,HAM,44,0 days 00:01:40.108000,15.0,4.0,,,0 days 00:00:31.227000,0 days 00:00:35.827000,0 days 00:00:33.054000,0 days 01:05:50.010000,0 days 01:06:25.837000,0 days 01:06:58.891000,208.0,241.0,220.0,295.0,False,MEDIUM,10.0,False,Ferrari,0 days 01:05:18.783000,2026-09-11 15:50:30.771,1,,,,False,True,FP2,49.2,30.3,11.8
0 days 01:08:38.549000,HAM,44,0 days 00:01:39.658000,16.0,4.0,,,0 days 00:00:30.361000,0 days 00:00:35.787000,0 days 00:00:33.510000,0 days 01:07:29.252000,0 days 01:08:05.039000,0 days 01:08:38.549000,215.0,238.0,220.0,293.0,False,MEDIUM,11.0,False,Ferrari,0 days 01:06:58.891000,2026-09-11 15:52:10.879,1,,,,False,True,FP2,49.2,30.3,11.8
0 days 01:10:20.145000,HAM,44,0 days 00:01:41.596000,17.0,4.0,,,0 days 00:00:31.107000,0 days 00:00:36.330000,0 days 00:00:34.159000,0 days 01:09:09.656000,0 days 01:09:45.986000,0 days 01:10:20.145000,207.0,224.0,218.0,257.0,False,MEDIUM,12.0,False,Ferrari,0 days 01:08:38.549000,2026-09-11 15:53:50.537,1,,,,False,True,FP2,49.1,30.3,11.6
0 days 01:12:01.555000,HAM,44,0 days 00:01:41.410000,18.0,4.0,,,0 days 00:00:31.203000,0 days 00:00:36.377000,0 days 00:00:33.830000,0 days 01:10:51.348000,0 days 01:11:27.725000,0 days 01:12:01.555000,208.0,237.0,218.0,299.0,False,MEDIUM,13.0,False,Ferrari,0 days 01:10:20.145000,2026-09-11 15:55:32.133,1,,,,False,True,FP2,49.1,30.3,11.6
0 days 01:13:41.862000,HAM,44,0 days 00:01:40.307000,19.0,4.0,,,0 days 00:00:30.528000,0 days 00:00:36.024000,0 days 00:00:33.755000,0 days 01:12:32.083000,0 days 01:13:08.107000,0 days 01:13:41.862000,212.0,240.0,218.0,291.0,False,MEDIUM,14.0,False,Ferrari,0 days 01:12:01.555000,2026-09-11 15:57:13.543,1,,,,False,True,FP2,49.1,30.3,11.6
0 days 01:15:22.190000,HAM,44,0 days 00:01:40.328000,20.0,4.0,,,0 days 00:00:30.572000,0 days 00:00:35.870000,0 days 00:00:33.886000,0 days 01:14:12.434000,0 days 01:14:48.304000,0 days 01:15:22.190000,211.0,243.0,216.0,294.0,False,MEDIUM,15.0,False,Ferrari,0 days 01:13:41.862000,2026-09-11 15:58:53.850,1,,,,False,True,FP2,49.1,30.3,11.6
0 days 01:17:44.091000,HAM,44,0 days 00:02:21.901000,21.0,4.0,,,0 days 00:00:38.771000,0 days 00:00:53.076000,0 days 00:00:50.054000,0 days 01:16:00.961000,0 days 01:16:54.037000,0 days 01:17:44.091000,160.0,156.0,63.0,191.0,False,MEDIUM,16.0,False,Ferrari,0 days 01:15:22.190000,2026-09-11 16:00:34.178,1,,,,False,True,FP2,49.1,30.3,11.6
0 days 01:20:30.553000,HAM,44,,22.0,4.0,,,0 days 00:01:15.525000,0 days 00:00:46.624000,0 days 00:00:44.240000,0 days 01:18:59.831000,0 days 01:19:46.441000,0 days 01:20:30.619000,153.0,201.0,44.0,191.0,False,MEDIUM,17.0,False,Ferrari,0 days 01:17:44.091000,2026-09-11 16:02:56.079,1,,,,False,False,FP2,49.1,30.3,11.6
0 days 01:22:56.780000,HAM,44,0 days 00:02:26.227000,23.0,4.0,,0 days 01:22:55.649000,0 days 00:01:07.159000,0 days 00:00:41.163000,0 days 00:00:37.905000,0 days 01:21:37.712000,0 days 01:22:18.875000,0 days 01:22:56.780000,209.0,194.0,,280.0,False,MEDIUM,18.0,False,Ferrari,0 days 01:20:30.553000,2026-09-11 16:05:42.541,1,,,,False,False,FP2,49.1,30.3,11.6
0 days 00:18:25.772000,SAI,55,,1.0,1.0,0 days 00:16:21.222000,,,0 days 00:00:39.170000,0 days 00:00:47.242000,,0 days 00:17:38.744000,0 days 00:18:25.900000,170.0,216.0,224.0,192.0,False,MEDIUM,1.0,True,Williams,0 days 00:16:21.222000,2026-09-11 15:01:33.210,1,,,,False,False,FP2,49.1,30.3,11.6
0 days 00:20:05.196000,SAI,55,0 days 00:01:39.424000,2.0,1.0,,,0 days 00:00:31.050000,0 days 00:00:35.710000,0 days 00:00:32.664000,0 days 00:18:56.822000,0 days 00:19:32.532000,0 days 00:20:05.196000,209.0,248.0,217.0,286.0,True,MEDIUM,2.0,True,Williams,0 days 00:18:25.772000,2026-09-11 15:03:37.760,1,,,,False,True,FP2,49.1,30.3,11.6
0 days 00:22:11.295000,SAI,55,0 days 00:02:06.099000,3.0,1.0,,0 days 00:22:10.221000,0 days 00:00:40.915000,0 days 00:00:44.028000,0 days 00:00:41.156000,0 days 00:20:46.111000,0 days 00:21:30.139000,0 days 00:22:11.295000,166.0,186.0,,190.0,False,MEDIUM,3.0,True,Williams,0 days 00:20:05.196000,2026-09-11 15:05:17.184,1,,,,False,False,FP2,49.1,30.3,11.6
0 days 00:25:07.781000,SAI,55,,4.0,2.0,0 days 00:23:13.388000,,0 days 00:01:35.099000,0 days 00:00:43.875000,0 days 00:00:37.574000,0 days 00:23:46.617000,0 days 00:24:30.402000,0 days 00:25:07.986000,143.0,184.0,207.0,185.0,False,MEDIUM,4.0,False,Williams,0 days 00:22:11.295000,2026-09-11 15:07:23.283,1,,,,False,False,FP2,49.1,30.3,11.6
0 days 00:26:45.959000,SAI,55,0 days 00:01:38.178000,5.0,2.0,,,0 days 00:00:30.356000,0 days 00:00:35.231000,0 days 00:00:32.591000,0 days 00:25:38.137000,0 days 00:26:13.368000,0 days 00:26:45.959000,214.0,255.0,215.0,283.0,True,MEDIUM,5.0,False,Williams,0 days 00:25:07.781000,2026-09-11 15:10:19.769,1,,,,False,True,FP2,49.4,30.2,11.7
0 days 00:29:35.755000,SAI,55,,6.0,2.0,,,0 days 00:00:55.950000,0 days 00:00:58.983000,0 days 00:00:54.898000,0 days 00:27:42.380000,0 days 00:28:41.216000,0 days 00:29:35.866000,107.0,129.0,145.0,168.0,False,MEDIUM,6.0,False,Williams,0 days 00:26:45.959000,2026-09-11 15:11:57.947,1,,,,False,False,FP2,49.4,30.2,11.7
0 days 00:31:35.867000,SAI,55,0 days 00:02:00.112000,7.0,2.0,,,0 days 00:00:41.739000,0 days 00:00:42.479000,0 days 00:00:35.894000,0 days 00:30:17.494000,0 days 00:30:59.973000,0 days 00:31:35.867000,162.0,226.0,203.0,230.0,False,MEDIUM,7.0,False,Williams,0 days 00:29:35.755000,2026-09-11 15:14:47.743,1,,,,False,True,FP2,49.4,30.2,11.7
0 days 00:33:12.735000,SAI,55,0 days 00:01:36.868000,8.0,2.0,,,0 days 00:00:29.835000,0 days 00:00:34.727000,0 days 00:00:32.306000,0 days 00:32:05.702000,0 days 00:32:40.429000,0 days 00:33:12.735000,226.0,252.0,215.0,290.0,True,MEDIUM,8.0,False,Williams,0 days 00:31:35.867000,2026-09-11 15:16:47.855,1,,,,False,True,FP2,49.4,30.2,11.7
0 days 00:35:54.914000,SAI,55,,9.0,2.0,,,0 days 00:00:59.117000,0 days 00:01:03.226000,0 days 00:00:39.683000,0 days 00:34:12.215000,0 days 00:35:15.371000,0 days 00:35:54.914000,69.0,145.0,207.0,138.0,False,MEDIUM,9.0,False,Williams,0 days 00:33:12.735000,2026-09-11 15:18:24.723,1,,,,False,False,FP2,49.4,30.2,11.7
0 days 00:37:41.132000,SAI,55,0 days 00:01:46.218000,10.0,2.0,,0 days 00:37:40.028000,0 days 00:00:30.058000,0 days 00:00:36.254000,0 days 00:00:39.906000,0 days 00:36:24.972000,0 days 00:37:01.226000,0 days 00:37:41.132000,227.0,218.0,,288.0,False,MEDIUM,10.0,False,Williams,0 days 00:35:54.914000,2026-09-11 15:21:06.902,1,,,,False,False,FP2,49.4,30.2,11.7
0 days 00:41:54.619000,SAI,55,,11.0,3.0,0 days 00:40:10.298000,,,0 days 00:00:40.360000,0 days 00:00:36.202000,,0 days 00:41:18.661000,0 days 00:41:54.676000,193.0,229.0,229.0,220.0,False,SOFT,1.0,True,Williams,0 days 00:37:41.132000,2026-09-11 15:22:53.120,1,,,,False,False,FP2,49.4,30.2,11.7
0 days 00:44:06.038000,SAI,55,0 days 00:02:11.419000,12.0,3.0,,,0 days 00:00:35.217000,0 days 00:00:58.111000,0 days 00:00:38.091000,0 days 00:42:29.836000,0 days 00:43:27.947000,0 days 00:44:06.038000,70.0,117.0,229.0,295.0,False,SOFT,2.0,True,Williams,0 days 00:41:54.619000,2026-09-11 15:27:06.607,1,,,,False,True,FP2,49.4,30.2,11.7
0 days 00:45:42.329000,SAI,55,0 days 00:01:36.291000,13.0,3.0,,,0 days 00:00:29.617000,0 days 00:00:34.435000,0 days 00:00:32.239000,0 days 00:44:35.655000,0 days 00:45:10.090000,0 days 00:45:42.329000,226.0,252.0,211.0,294.0,True,SOFT,3.0,True,Williams,0 days 00:44:06.038000,2026-09-11 15:29:18.026,1,,,,False,True,FP2,49.4,30.2,11.7
0 days 00:48:32.223000,SAI,55,,14.0,3.0,,,0 days 00:00:53.570000,0 days 00:01:01.723000,0 days 00:00:54.560000,0 days 00:46:36.032000,0 days 00:47:37.851000,0 days 00:48:32.223000,119.0,118.0,149.0,145.0,False,SOFT,4.0,True,Williams,0 days 00:45:42.329000,2026-09-11 15:30:54.317,1,,,,False,False,FP2,49.4,30.2,11.7
0 days 01:02:45.343000,SAI,55,,15.0,3.0,,0 days 00:50:45.537000,0 days 00:00:43.218000,0 days 00:00:42.070000,,0 days 00:49:15.652000,0 days 00:49:57.672000,,153.0,206.0,,245.0,False,SOFT,5.0,True,Williams,0 days 00:48:32.223000,2026-09-11 15:33:44.211,125,,,,False,False,FP2,49.4,30.2,11.7
0 days 01:04:37.321000,SAI,55,,16.0,4.0,0 days 01:02:45.343000,,,0 days 00:00:39.082000,0 days 00:00:34.893000,,0 days 01:04:02.545000,0 days 01:04:37.428000,187.0,221.0,215.0,215.0,False,MEDIUM,11.0,False,Williams,0 days 01:02:45.343000,2026-09-11 15:47:57.331,1,,,,False,False,FP2,49.4,30.2,11.7
0 days 01:06:18.656000,SAI,55,0 days 00:01:41.335000,17.0,4.0,,,0 days 00:00:30.809000,0 days 00:00:36.426000,0 days 00:00:34.100000,0 days 01:05:08.130000,0 days 01:05:44.556000,0 days 01:06:18.656000,217.0,242.0,214.0,291.0,False,MEDIUM,12.0,False,Williams,0 days 01:04:37.321000,2026-09-11 15:49:49.309,1,,,,False,True,FP2,49.4,30.2,11.7
0 days 01:08:00.992000,SAI,55,0 days 00:01:42.336000,18.0,4.0,,,0 days 00:00:31.282000,0 days 00:00:36.719000,0 days 00:00:34.335000,0 days 01:06:49.938000,0 days 01:07:26.657000,0 days 01:08:00.992000,213.0,241.0,216.0,288.0,False,MEDIUM,13.0,False,Williams,0 days 01:06:18.656000,2026-09-11 15:51:30.644,1,,,,False,True,FP2,49.4,30.2,11.7
0 days 01:09:43.841000,SAI,55,0 days 00:01:42.849000,19.0,4.0,,,0 days 00:00:31.411000,0 days 00:00:36.797000,0 days 00:00:34.641000,0 days 01:08:32.403000,0 days 01:09:09.200000,0 days 01:09:43.841000,215.0,246.0,215.0,283.0,False,MEDIUM,14.0,False,Williams,0 days 01:08:00.992000,2026-09-11 15:53:12.980,1,,,,False,True,FP2,49.7,30.2,11.7
0 days 01:11:27.317000,SAI,55,0 days 00:01:43.476000,20.0,4.0,,,0 days 00:00:31.499000,0 days 00:00:37.071000,0 days 00:00:34.906000,0 days 01:10:15.340000,0 days 01:10:52.411000,0 days 01:11:27.317000,215.0,234.0,214.0,281.0,False,MEDIUM,15.0,False,Williams,0 days 01:09:43.841000,2026-09-11 15:54:55.829,1,,,,False,True,FP2,49.7,30.2,11.7
0 days 01:13:17.580000,SAI,55,0 days 00:01:50.263000,21.0,4.0,,0 days 01:13:16.636000,0 days 00:00:33.527000,0 days 00:00:38.637000,0 days 00:00:38.099000,0 days 01:12:00.844000,0 days 01:12:39.481000,0 days 01:13:17.580000,201.0,209.0,,233.0,False,MEDIUM,16.0,False,Williams,0 days 01:11:27.317000,2026-09-11 15:56:39.305,1,,,,False,False,FP2,49.7,30.2,11.7
0 days 01:15:25.966000,SAI,55,0 days 00:02:08.386000,22.0,5.0,0 days 01:13:50.055000,,0 days 00:00:57.178000,0 days 00:00:37.274000,0 days 00:00:33.934000,0 days 01:14:14.758000,0 days 01:14:52.032000,0 days 01:15:25.966000,191.0,235.0,218.0,243.0,False,SOFT,6.0,False,Williams,0 days 01:13:17.580000,2026-09-11 15:58:29.568,1,,,,False,False,FP2,49.7,30.2,11.7
0 days 01:17:30.808000,SAI,55,0 days 00:02:04.842000,23.0,5.0,,,0 days 00:00:30.843000,0 days 00:00:44.939000,0 days 00:00:49.060000,0 days 01:15:56.809000,0 days 01:16:41.748000,0 days 01:17:30.808000,213.0,156.0,53.0,283.0,False,SOFT,7.0,False,Williams,0 days 01:15:25.966000,2026-09-11 16:00:37.954,1,,,,False,True,FP2,49.7,30.2,11.7
0 days 01:19:59.906000,SAI,55,0 days 00:02:29.098000,24.0,5.0,,,0 days 00:01:06.487000,0 days 00:00:40.341000,0 days 00:00:42.270000,0 days 01:18:37.295000,0 days 01:19:17.636000,0 days 01:19:59.906000,198.0,192.0,73.0,271.0,False,SOFT,8.0,False,Williams,0 days 01:17:30.808000,2026-09-11 16:02:42.796,1,,,,False,True,FP2,49.7,30.2,11.7
0 days 01:22:36.642000,SAI,55,,25.0,5.0,,0 days 01:22:35.489000,0 days 00:01:09.827000,0 days 00:00:46.492000,0 days 00:00:40.340000,0 days 01:21:09.810000,0 days 01:21:56.365000,0 days 01:22:36.643000,185.0,176.0,,271.0,False,SOFT,9.0,False,Williams,0 days 01:19:59.906000,2026-09-11 16:05:11.894,1,,,,False,False,FP2,49.7,30.2,11.7
0 days 00:16:51.914000,RUS,63,,1.0,1.0,0 days 00:15:01.846000,,,0 days 00:00:38.799000,0 days 00:00:36.601000,,0 days 00:16:15.609000,0 days 00:16:51.943000,176.0,236.0,212.0,229.0,False,MEDIUM,1.0,True,Mercedes,0 days 00:15:01.846000,2026-09-11 15:00:13.834,1,,,,False,False,FP2,49.7,30.2,11.7
0 days 00:18:27.925000,RUS,63,0 days 00:01:36.011000,2.0,1.0,,,0 days 00:00:29.610000,0 days 00:00:34.543000,0 days 00:00:31.858000,0 days 00:17:21.524000,0 days 00:17:56.067000,0 days 00:18:27.925000,220.0,258.0,217.0,302.0,True,MEDIUM,2.0,True,Mercedes,0 days 00:16:51.914000,2026-09-11 15:02:03.902,1,,,,False,True,FP2,49.7,30.2,11.8
0 days 00:20:55.190000,RUS,63,0 days 00:02:27.265000,3.0,1.0,,0 days 00:20:54.147000,0 days 00:00:54.806000,0 days 00:00:49.274000,0 days 00:00:43.185000,0 days 00:19:22.731000,0 days 00:20:12.005000,0 days 00:20:55.190000,121.0,174.0,,148.0,False,MEDIUM,3.0,True,Mercedes,0 days 00:18:27.925000,2026-09-11 15:03:39.913,1,,,,False,False,FP2,49.7,30.2,11.8
0 days 00:23:24.768000,RUS,63,0 days 00:02:29.578000,4.0,2.0,0 days 00:21:29.582000,,0 days 00:01:05.670000,0 days 00:00:49.246000,0 days 00:00:34.662000,0 days 00:22:00.860000,0 days 00:22:50.106000,0 days 00:23:24.768000,176.0,211.0,216.0,191.0,False,MEDIUM,4.0,False,Mercedes,0 days 00:20:55.190000,2026-09-11 15:06:07.178,1,,,,False,False,FP2,49.7,30.2,11.8
0 days 00:24:59.400000,RUS,63,0 days 00:01:34.632000,5.0,2.0,,,0 days 00:00:29.218000,0 days 00:00:34.038000,0 days 00:00:31.376000,0 days 00:23:53.986000,0 days 00:24:28.024000,0 days 00:24:59.400000,230.0,258.0,219.0,294.0,True,MEDIUM,5.0,False,Mercedes,0 days 00:23:24.768000,2026-09-11 15:08:36.756,1,,,,False,True,FP2,49.7,30.2,11.8
0 days 00:27:43.977000,RUS,63,,6.0,2.0,,,0 days 00:00:56.295000,0 days 00:01:06.908000,0 days 00:00:41.417000,0 days 00:25:55.865000,0 days 00:27:02.710000,0 days 00:27:43.995000,120.0,120.0,214.0,136.0,False,MEDIUM,6.0,False,Mercedes,0 days 00:24:59.400000,2026-09-11 15:10:11.388,1,,,,False,False,FP2,49.7,30.2,11.8
0 days 00:29:18.495000,RUS,63,0 days 00:01:34.518000,7.0,2.0,,,0 days 00:00:29.264000,0 days 00:00:33.831000,0 days 00:00:31.423000,0 days 00:28:13.241000,0 days 00:28:47.072000,0 days 00:29:18.495000,229.0,260.0,220.0,293.0,True,MEDIUM,7.0,False,Mercedes,0 days 00:27:43.977000,2026-09-11 15:12:55.965,1,,,,False,True,FP2,49.7,30.2,11.8
0 days 00:31:59.680000,RUS,63,,8.0,2.0,,,0 days 00:00:55.979000,0 days 00:01:03.795000,0 days 00:00:41.288000,0 days 00:30:14.768000,0 days 00:31:18.544000,0 days 00:31:59.696000,118.0,165.0,215.0,142.0,False,MEDIUM,8.0,False,Mercedes,0 days 00:29:18.495000,2026-09-11 15:14:30.483,1,,,,False,False,FP2,49.7,30.2,11.8
0 days 00:33:33.705000,RUS,63,0 days 00:01:34.025000,9.0,2.0,,,0 days 00:00:29.156000,0 days 00:00:33.706000,0 days 00:00:31.163000,0 days 00:32:28.836000,0 days 00:33:02.542000,0 days 00:33:33.705000,230.0,259.0,220.0,294.0,True,MEDIUM,9.0,False,Mercedes,0 days 00:31:59.680000,2026-09-11 15:17:11.668,1,,,,False,True,FP2,49.7,30.2,11.8
0 days 00:35:34.485000,RUS,63,0 days 00:02:00.780000,10.0,2.0,,0 days 00:35:33.368000,0 days 00:00:36.630000,0 days 00:00:42.762000,0 days 00:00:41.388000,0 days 00:34:10.335000,0 days 00:34:53.097000,0 days 00:35:34.485000,138.0,206.0,,246.0,False,MEDIUM,10.0,False,Mercedes,0 days 00:33:33.705000,2026-09-11 15:18:45.693,1,,,,False,False,FP2,49.7,30.2,11.8
0 days 00:42:33.492000,RUS,63,,11.0,3.0,0 days 00:40:53.322000,,,0 days 00:00:39.125000,0 days 00:00:33.845000,,0 days 00:41:59.806000,0 days 00:42:33.492000,211.0,240.0,215.0,255.0,False,SOFT,1.0,True,Mercedes,0 days 00:35:34.485000,2026-09-11 15:20:46.473,1,,,,False,False,FP2,49.7,30.2,11.8
0 days 00:44:14.106000,RUS,63,0 days 00:01:40.614000,12.0,3.0,,0 days 00:44:13.096000,0 days 00:00:28.929000,0 days 00:00:33.779000,0 days 00:00:37.906000,0 days 00:43:02.421000,0 days 00:43:36.200000,0 days 00:44:14.106000,231.0,267.0,,302.0,False,SOFT,2.0,True,Mercedes,0 days 00:42:33.492000,2026-09-11 15:27:45.480,1,,,,False,False,FP2,49.7,30.2,11.8
0 days 00:47:27.145000,RUS,63,,13.0,4.0,0 days 00:44:53.774000,,0 days 00:01:19.989000,0 days 00:01:11.700000,0 days 00:00:41.438000,0 days 00:45:34.178000,0 days 00:46:45.896000,0 days 00:47:27.238000,116.0,116.0,215.0,159.0,False,SOFT,3.0,False,Mercedes,0 days 00:44:14.106000,2026-09-11 15:29:26.094,1,,,,False,False,FP2,49.6,30.2,11.7
0 days 00:49:01.144000,RUS,63,0 days 00:01:33.999000,14.0,4.0,,,0 days 00:00:29.143000,0 days 00:00:33.587000,0 days 00:00:31.269000,0 days 00:47:56.288000,0 days 00:48:29.875000,0 days 00:49:01.144000,231.0,262.0,218.0,298.0,True,SOFT,4.0,False,Mercedes,0 days 00:47:27.145000,2026-09-11 15:32:39.133,1,,,,False,True,FP2,49.6,30.2,11.7
0 days 01:02:59.648000,RUS,63,,15.0,4.0,,0 days 00:51:47.767000,0 days 00:01:01.645000,,,0 days 00:50:03.129000,,,94.0,,,109.0,False,SOFT,5.0,False,Mercedes,0 days 00:49:01.144000,2026-09-11 15:34:13.132,125,,,,False,False,FP2,49.6,30.2,11.7
0 days 01:04:54.531000,RUS,63,,16.0,5.0,0 days 01:02:59.648000,,,0 days 00:00:40.866000,0 days 00:00:33.336000,,0 days 01:04:21.312000,0 days 01:04:54.648000,191.0,244.0,222.0,230.0,False,MEDIUM,11.0,False,Mercedes,0 days 01:02:59.648000,2026-09-11 15:48:11.636,1,,,,False,False,FP2,49.6,30.2,11.7
0 days 01:06:33.164000,RUS,63,0 days 00:01:38.633000,17.0,5.0,,,0 days 00:00:29.985000,0 days 00:00:35.886000,0 days 00:00:32.762000,0 days 01:05:24.516000,0 days 01:06:00.402000,0 days 01:06:33.164000,219.0,253.0,221.0,291.0,False,MEDIUM,12.0,False,Mercedes,0 days 01:04:54.531000,2026-09-11 15:50:06.519,1,,,,False,True,FP2,49.6,30.2,11.7
0 days 01:08:12.639000,RUS,63,0 days 00:01:39.475000,18.0,5.0,,,0 days 00:00:30.460000,0 days 00:00:35.998000,0 days 00:00:33.017000,0 days 01:07:03.624000,0 days 01:07:39.622000,0 days 01:08:12.639000,220.0,250.0,218.0,291.0,False,MEDIUM,13.0,False,Mercedes,0 days 01:06:33.164000,2026-09-11 15:51:45.152,1,,,,False,True,FP2,49.6,30.2,11.7
0 days 01:09:52.267000,RUS,63,0 days 00:01:39.628000,19.0,5.0,,,0 days 00:00:30.390000,0 days 00:00:36.272000,0 days 00:00:32.966000,0 days 01:08:43.029000,0 days 01:09:19.301000,0 days 01:09:52.267000,219.0,250.0,219.0,290.0,False,MEDIUM,14.0,False,Mercedes,0 days 01:08:12.639000,2026-09-11 15:53:24.627,1,,,,False,True,FP2,49.6,30.2,11.7
0 days 01:11:37.586000,RUS,63,0 days 00:01:45.319000,20.0,5.0,,,0 days 00:00:30.525000,0 days 00:00:36.305000,0 days 00:00:38.489000,0 days 01:10:22.792000,0 days 01:10:59.097000,0 days 01:11:37.586000,217.0,245.0,215.0,289.0,False,MEDIUM,15.0,False,Mercedes,0 days 01:09:52.267000,2026-09-11 15:55:04.255,1,,,,False,True,FP2,49.6,30.2,11.7
0 days 01:13:17.965000,RUS,63,0 days 00:01:40.379000,21.0,5.0,,,0 days 00:00:30.662000,0 days 00:00:36.318000,0 days 00:00:33.399000,0 days 01:12:08.248000,0 days 01:12:44.566000,0 days 01:13:17.965000,221.0,250.0,218.0,289.0,False,MEDIUM,16.0,False,Mercedes,0 days 01:11:37.586000,2026-09-11 15:56:49.574,1,,,,False,True,FP2,49.3,30.3,11.6
0 days 01:14:57.905000,RUS,63,0 days 00:01:39.940000,22.0,5.0,,,0 days 00:00:30.480000,0 days 00:00:36.042000,0 days 00:00:33.418000,0 days 01:13:48.445000,0 days 01:14:24.487000,0 days 01:14:57.905000,218.0,247.0,217.0,293.0,False,MEDIUM,17.0,False,Mercedes,0 days 01:13:17.965000,2026-09-11 15:58:29.953,1,,,,False,True,FP2,49.3,30.3,11.6
0 days 01:18:08.287000,RUS,63,,23.0,5.0,,,0 days 00:00:49.926000,0 days 00:01:10.444000,0 days 00:01:09.848000,0 days 01:15:48.078000,0 days 01:16:58.478000,0 days 01:18:08.287000,109.0,103.0,68.0,123.0,False,MEDIUM,18.0,False,Mercedes,0 days 01:14:57.905000,2026-09-11 16:00:09.893,1,,,,False,False,FP2,49.3,30.3,11.6
0 days 01:20:51.448000,RUS,63,,24.0,5.0,,,0 days 00:01:13.495000,0 days 00:00:43.707000,0 days 00:00:46.068000,0 days 01:19:21.826000,0 days 01:20:05.503000,0 days 01:20:51.448000,179.0,182.0,77.0,231.0,False,MEDIUM,19.0,False,Mercedes,0 days 01:18:08.287000,2026-09-11 16:03:20.275,1,,,,False,False,FP2,49.3,30.3,11.6
0 days 01:23:20.433000,RUS,63,0 days 00:02:28.985000,25.0,5.0,,0 days 01:23:19.415000,0 days 00:01:08.801000,0 days 00:00:37.540000,0 days 00:00:42.644000,0 days 01:22:00.249000,0 days 01:22:37.789000,0 days 01:23:20.433000,201.0,214.0,,289.0,False,MEDIUM,20.0,False,Mercedes,0 days 01:20:51.448000,2026-09-11 16:06:03.436,1,,,,False,False,FP2,49.3,30.3,11.6
0 days 00:17:23.084000,BOT,77,,1.0,1.0,0 days 00:15:20.870000,,,0 days 00:00:42.306000,0 days 00:00:39.644000,,0 days 00:16:43.745000,0 days 00:17:23.228000,180.0,211.0,223.0,182.0,False,MEDIUM,1.0,True,Cadillac,0 days 00:15:20.870000,2026-09-11 15:00:32.858,1,,,,False,False,FP2,49.3,30.3,11.6
0 days 00:19:03.100000,BOT,77,0 days 00:01:40.016000,2.0,1.0,,,0 days 00:00:30.651000,0 days 00:00:35.957000,0 days 00:00:33.408000,0 days 00:17:53.735000,0 days 00:18:29.692000,0 days 00:19:03.100000,222.0,247.0,213.0,288.0,True,MEDIUM,2.0,True,Cadillac,0 days 00:17:23.084000,2026-09-11 15:02:35.072,1,,,,False,True,FP2,49.3,30.3,11.6
0 days 00:21:25.613000,BOT,77,0 days 00:02:22.513000,3.0,1.0,,,0 days 00:00:45.528000,0 days 00:00:51.629000,0 days 00:00:45.356000,0 days 00:19:48.628000,0 days 00:20:40.257000,0 days 00:21:25.613000,133.0,165.0,223.0,148.0,False,MEDIUM,3.0,True,Cadillac,0 days 00:19:03.100000,2026-09-11 15:04:15.088,1,,,,False,True,FP2,49.3,30.3,11.6
0 days 00:23:05.384000,BOT,77,0 days 00:01:39.771000,4.0,1.0,,,0 days 00:00:30.337000,0 days 00:00:35.513000,0 days 00:00:33.921000,0 days 00:21:55.950000,0 days 00:22:31.463000,0 days 00:23:05.384000,220.0,246.0,208.0,295.0,True,MEDIUM,4.0,True,Cadillac,0 days 00:21:25.613000,2026-09-11 15:06:37.601,1,,,,False,True,FP2,49.3,30.3,11.6
0 days 00:25:35.329000,BOT,77,0 days 00:02:29.945000,5.0,1.0,,0 days 00:25:34.288000,0 days 00:00:44.216000,0 days 00:00:57.665000,0 days 00:00:48.064000,0 days 00:23:49.600000,0 days 00:24:47.265000,0 days 00:25:35.329000,132.0,164.0,,189.0,False,MEDIUM,5.0,True,Cadillac,0 days 00:23:05.384000,2026-09-11 15:08:17.372,1,,,,False,False,FP2,49.3,30.3,11.6
0 days 00:28:20.636000,BOT,77,,6.0,2.0,0 days 00:26:17.500000,,0 days 00:01:15.168000,0 days 00:00:45.914000,0 days 00:00:44.195000,0 days 00:26:50.686000,0 days 00:27:36.627000,0 days 00:28:20.770000,184.0,180.0,224.0,216.0,False,MEDIUM,6.0,False,Cadillac,0 days 00:25:35.329000,2026-09-11 15:10:47.317,1,,,,False,False,FP2,49.3,30.3,11.6
0 days 00:30:18.844000,BOT,77,0 days 00:01:58.208000,7.0,2.0,,,0 days 00:00:30.076000,0 days 00:00:43.049000,0 days 00:00:45.083000,0 days 00:28:50.712000,0 days 00:29:33.761000,0 days 00:30:18.844000,234.0,190.0,224.0,300.0,False,MEDIUM,7.0,False,Cadillac,0 days 00:28:20.636000,2026-09-11 15:13:32.624,1,,,,False,True,FP2,49.3,30.3,11.6
0 days 00:31:58.008000,BOT,77,0 days 00:01:39.164000,8.0,2.0,,,0 days 00:00:30.043000,0 days 00:00:35.611000,0 days 00:00:33.510000,0 days 00:30:48.887000,0 days 00:31:24.498000,0 days 00:31:58.008000,229.0,249.0,211.0,284.0,True,MEDIUM,8.0,False,Cadillac,0 days 00:30:18.844000,2026-09-11 15:15:30.832,1,,,,False,True,FP2,49.3,30.3,11.6
0 days 00:34:02.881000,BOT,77,0 days 00:02:04.873000,9.0,2.0,,0 days 00:34:01.819000,0 days 00:00:39.739000,0 days 00:00:44.083000,0 days 00:00:41.051000,0 days 00:32:37.747000,0 days 00:33:21.830000,0 days 00:34:02.881000,122.0,196.0,,251.0,False,MEDIUM,9.0,False,Cadillac,0 days 00:31:58.008000,2026-09-11 15:17:09.996,1,,,,False,False,FP2,49.1,30.3,11.6
0 days 00:45:03.312000,BOT,77,,10.0,3.0,0 days 00:43:09.147000,,,0 days 00:00:46.858000,0 days 00:00:39.599000,,0 days 00:44:24.016000,0 days 00:45:03.433000,139.0,191.0,228.0,224.0,False,SOFT,1.0,True,Cadillac,0 days 00:34:02.881000,2026-09-11 15:19:14.869,1,,,,False,False,FP2,49.1,30.3,11.6
0 days 00:46:41.039000,BOT,77,0 days 00:01:37.727000,11.0,3.0,,,0 days 00:00:29.796000,0 days 00:00:35.075000,0 days 00:00:32.856000,0 days 00:45:33.108000,0 days 00:46:08.183000,0 days 00:46:41.039000,223.0,250.0,217.0,300.0,True,SOFT,2.0,True,Cadillac,0 days 00:45:03.312000,2026-09-11 15:30:15.300,1,,,,False,True,FP2,49.1,30.3,11.6
0 days 00:48:55.572000,BOT,77,0 days 00:02:14.533000,12.0,3.0,,,0 days 00:00:41.602000,0 days 00:00:49.065000,0 days 00:00:43.866000,0 days 00:47:22.641000,0 days 00:48:11.706000,0 days 00:48:55.572000,153.0,169.0,156.0,179.0,False,SOFT,3.0,True,Cadillac,0 days 00:46:41.039000,2026-09-11 15:31:53.027,1,,,,False,True,FP2,49.1,30.3,11.6
0 days 01:02:22.051000,BOT,77,,13.0,3.0,,0 days 00:51:37.532000,0 days 00:00:42.745000,,,0 days 00:49:38.667000,,,102.0,,,226.0,False,SOFT,4.0,True,Cadillac,0 days 00:48:55.572000,2026-09-11 15:34:07.560,125,,,,False,False,FP2,49.1,30.3,11.6
0 days 01:04:11.268000,BOT,77,,14.0,4.0,0 days 01:02:22.051000,,,0 days 00:00:39.489000,0 days 00:00:35.926000,,0 days 01:03:35.576000,0 days 01:04:11.827000,191.0,222.0,218.0,177.0,False,SOFT,5.0,False,Cadillac,0 days 01:02:22.051000,2026-09-11 15:47:34.039,1,,,,False,False,FP2,49.1,30.3,11.6
0 days 01:05:56.627000,BOT,77,0 days 00:01:45.359000,15.0,4.0,,,0 days 00:00:32.991000,0 days 00:00:37.610000,0 days 00:00:34.758000,0 days 01:04:44.259000,0 days 01:05:21.869000,0 days 01:05:56.627000,203.0,225.0,219.0,232.0,False,SOFT,6.0,False,Cadillac,0 days 01:04:11.268000,2026-09-11 15:49:23.256,1,,,,False,True,FP2,49.1,30.3,11.6
0 days 01:07:45.709000,BOT,77,0 days 00:01:49.082000,16.0,4.0,,,0 days 00:00:31.861000,0 days 00:00:41.313000,0 days 00:00:35.908000,0 days 01:06:28.488000,0 days 01:07:09.801000,0 days 01:07:45.709000,206.0,232.0,216.0,283.0,False,SOFT,7.0,False,Cadillac,0 days 01:05:56.627000,2026-09-11 15:51:08.615,1,,,,False,True,FP2,49.1,30.3,11.6
0 days 01:09:33.064000,BOT,77,0 days 00:01:47.355000,17.0,4.0,,,0 days 00:00:33.220000,0 days 00:00:38.188000,0 days 00:00:35.947000,0 days 01:08:18.929000,0 days 01:08:57.117000,0 days 01:09:33.064000,200.0,230.0,217.0,222.0,False,SOFT,8.0,False,Cadillac,0 days 01:07:45.709000,2026-09-11 15:52:57.697,1,,,,False,True,FP2,49.1,30.3,11.6
0 days 01:11:17.830000,BOT,77,0 days 00:01:44.766000,18.0,4.0,,,0 days 00:00:31.495000,0 days 00:00:37.800000,0 days 00:00:35.471000,0 days 01:10:04.559000,0 days 01:10:42.359000,0 days 01:11:17.830000,189.0,217.0,218.0,261.0,False,SOFT,9.0,False,Cadillac,0 days 01:09:33.064000,2026-09-11 15:54:45.052,1,,,,False,True,FP2,49.1,30.3,11.6
0 days 01:13:02.985000,BOT,77,0 days 00:01:45.155000,19.0,4.0,,,0 days 00:00:31.874000,0 days 00:00:37.726000,0 days 00:00:35.555000,0 days 01:11:49.704000,0 days 01:12:27.430000,0 days 01:13:02.985000,202.0,216.0,218.0,267.0,False,SOFT,10.0,False,Cadillac,0 days 01:11:17.830000,2026-09-11 15:56:29.818,1,,,,False,True,FP2,49.2,30.3,11.5
0 days 01:14:47.865000,BOT,77,0 days 00:01:44.880000,20.0,4.0,,,0 days 00:00:31.406000,0 days 00:00:38.222000,0 days 00:00:35.252000,0 days 01:13:34.391000,0 days 01:14:12.613000,0 days 01:14:47.865000,208.0,230.0,217.0,271.0,False,SOFT,11.0,False,Cadillac,0 days 01:13:02.985000,2026-09-11 15:58:14.973,1,,,,False,True,FP2,49.2,30.3,11.5
0 days 01:16:43.995000,BOT,77,0 days 00:01:56.130000,21.0,4.0,,,0 days 00:00:32.305000,0 days 00:00:42.146000,0 days 00:00:41.679000,0 days 01:15:20.170000,0 days 01:16:02.316000,0 days 01:16:43.995000,206.0,182.0,166.0,268.0,False,SOFT,12.0,False,Cadillac,0 days 01:14:47.865000,2026-09-11 15:59:59.853,1,,,,False,True,FP2,49.2,30.3,11.5
0 days 01:19:09.637000,BOT,77,0 days 00:02:25.642000,22.0,4.0,,,0 days 00:00:44.279000,0 days 00:00:53.627000,0 days 00:00:47.736000,0 days 01:17:28.274000,0 days 01:18:21.901000,0 days 01:19:09.637000,141.0,154.0,57.0,133.0,False,SOFT,13.0,False,Cadillac,0 days 01:16:43.995000,2026-09-11 16:01:55.983,1,,,,False,True,FP2,49.2,30.3,11.5
0 days 01:21:50.802000,BOT,77,,23.0,4.0,,,0 days 00:01:09.654000,0 days 00:00:44.777000,0 days 00:00:46.736000,0 days 01:20:19.453000,0 days 01:21:04.257000,0 days 01:21:50.802000,186.0,166.0,44.0,230.0,False,SOFT,14.0,False,Cadillac,0 days 01:19:09.637000,2026-09-11 16:04:21.625,1,,,,False,False,FP2,49.2,30.3,11.5
0 days 01:24:33.365000,BOT,77,,24.0,4.0,,0 days 01:24:32.318000,0 days 00:01:04.881000,0 days 00:00:51.604000,0 days 00:00:46.023000,0 days 01:22:55.943000,0 days 01:23:47.432000,0 days 01:24:33.365000,160.0,128.0,,225.0,False,SOFT,15.0,False,Cadillac,0 days 01:21:50.802000,2026-09-11 16:07:02.790,1,,,,False,False,FP2,49.2,30.3,11.5
0 days 00:17:47.305000,PIA,81,,1.0,1.0,0 days 00:15:36.513000,,,0 days 00:00:39.384000,0 days 00:00:39.751000,,0 days 00:17:07.806000,0 days 00:17:47.398000,166.0,218.0,227.0,159.0,False,MEDIUM,1.0,True,McLaren,0 days 00:15:36.513000,2026-09-11 15:00:48.501,1,,,,False,False,FP2,49.2,30.3,11.5
0 days 00:20:01.821000,PIA,81,0 days 00:02:14.516000,2.0,1.0,,,0 days 00:00:31.517000,0 days 00:00:55.294000,0 days 00:00:47.705000,0 days 00:18:18.822000,0 days 00:19:14.116000,0 days 00:20:01.821000,145.0,196.0,228.0,299.0,True,MEDIUM,2.0,True,McLaren,0 days 00:17:47.305000,2026-09-11 15:02:59.293,1,,,,False,True,FP2,49.2,30.3,11.5
0 days 00:21:37.267000,PIA,81,0 days 00:01:35.446000,3.0,1.0,,,0 days 00:00:29.416000,0 days 00:00:34.333000,0 days 00:00:31.697000,0 days 00:20:31.237000,0 days 00:21:05.570000,0 days 00:21:37.267000,223.0,254.0,222.0,295.0,True,MEDIUM,3.0,True,McLaren,0 days 00:20:01.821000,2026-09-11 15:05:13.809,1,,,,False,True,FP2,49.2,30.3,11.5
0 days 00:24:03.272000,PIA,81,0 days 00:02:26.005000,4.0,1.0,,,0 days 00:00:48.051000,0 days 00:00:53.954000,0 days 00:00:44,0 days 00:22:25.318000,0 days 00:23:19.272000,0 days 00:24:03.272000,129.0,88.0,222.0,150.0,False,MEDIUM,4.0,True,McLaren,0 days 00:21:37.267000,2026-09-11 15:06:49.255,1,,,,False,True,FP2,49.2,30.3,11.5
0 days 00:25:38.882000,PIA,81,0 days 00:01:35.610000,5.0,1.0,,,0 days 00:00:29.579000,0 days 00:00:34.390000,0 days 00:00:31.641000,0 days 00:24:32.851000,0 days 00:25:07.241000,0 days 00:25:38.882000,215.0,254.0,221.0,288.0,False,MEDIUM,5.0,True,McLaren,0 days 00:24:03.272000,2026-09-11 15:09:15.260,1,,,,False,True,FP2,49.2,30.3,11.5
0 days 00:28:13.243000,PIA,81,,6.0,1.0,,,0 days 00:00:55.038000,0 days 00:01:00.188000,0 days 00:00:39.168000,0 days 00:26:34.216000,0 days 00:27:34.403000,0 days 00:28:13.370000,116.0,126.0,227.0,133.0,False,MEDIUM,6.0,True,McLaren,0 days 00:25:38.882000,2026-09-11 15:10:50.870,1,,,,False,False,FP2,49.2,30.3,11.5
0 days 00:29:48.380000,PIA,81,0 days 00:01:35.137000,7.0,1.0,,,0 days 00:00:29.408000,0 days 00:00:33.986000,0 days 00:00:31.743000,0 days 00:28:42.651000,0 days 00:29:16.637000,0 days 00:29:48.380000,227.0,258.0,217.0,287.0,True,MEDIUM,7.0,True,McLaren,0 days 00:28:13.243000,2026-09-11 15:13:25.231,1,,,,False,True,FP2,49.1,30.4,11.5
0 days 00:32:08.392000,PIA,81,0 days 00:02:20.012000,8.0,1.0,,0 days 00:32:07.415000,0 days 00:00:42.454000,0 days 00:00:48.887000,0 days 00:00:48.671000,0 days 00:30:30.834000,0 days 00:31:19.721000,0 days 00:32:08.392000,154.0,170.0,,177.0,False,MEDIUM,8.0,True,McLaren,0 days 00:29:48.380000,2026-09-11 15:15:00.368,1,,,,False,False,FP2,49.1,30.4,11.5
0 days 00:40:37.877000,PIA,81,,9.0,2.0,0 days 00:38:45.118000,,,0 days 00:00:42.595000,0 days 00:00:37.899000,,0 days 00:40:00.197000,0 days 00:40:37.904000,134.0,235.0,227.0,198.0,False,SOFT,1.0,True,McLaren,0 days 00:32:08.392000,2026-09-11 15:17:20.380,1,,,,False,False,FP2,49.1,30.4,11.5
0 days 00:42:12.350000,PIA,81,0 days 00:01:34.473000,10.0,2.0,,,0 days 00:00:29.237000,0 days 00:00:33.820000,0 days 00:00:31.416000,0 days 00:41:07.114000,0 days 00:41:40.934000,0 days 00:42:12.350000,230.0,259.0,219.0,289.0,True,SOFT,2.0,True,McLaren,0 days 00:40:37.877000,2026-09-11 15:25:49.865,1,,,,False,True,FP2,49.1,30.4,11.5
0 days 00:44:41.787000,PIA,81,0 days 00:02:29.437000,11.0,2.0,,,0 days 00:00:46.145000,0 days 00:01:01.432000,0 days 00:00:41.860000,0 days 00:42:58.495000,0 days 00:43:59.927000,0 days 00:44:41.787000,113.0,105.0,230.0,139.0,False,SOFT,3.0,True,McLaren,0 days 00:42:12.350000,2026-09-11 15:27:24.338,1,,,,False,True,FP2,49.1,30.4,11.5
0 days 00:46:15.987000,PIA,81,0 days 00:01:34.200000,12.0,2.0,,,0 days 00:00:29.059000,0 days 00:00:33.759000,0 days 00:00:31.382000,0 days 00:45:10.846000,0 days 00:45:44.605000,0 days 00:46:15.987000,229.0,260.0,217.0,286.0,True,SOFT,4.0,True,McLaren,0 days 00:44:41.787000,2026-09-11 15:29:53.775,1,,,,False,True,FP2,49.1,30.4,11.5
0 days 00:48:43.273000,PIA,81,0 days 00:02:27.286000,13.0,2.0,,,0 days 00:00:45.965000,0 days 00:00:54.560000,0 days 00:00:46.761000,0 days 00:47:01.952000,0 days 00:47:56.512000,0 days 00:48:43.273000,141.0,134.0,155.0,151.0,False,SOFT,5.0,True,McLaren,0 days 00:46:15.987000,2026-09-11 15:31:27.975,1,,,,False,True,FP2,49.1,30.4,11.5
0 days 01:02:43.606000,PIA,81,,14.0,2.0,,0 days 00:51:03.603000,0 days 00:00:40.146000,0 days 00:00:45.640000,,0 days 00:49:23.596000,0 days 00:50:09.381000,,178.0,192.0,,223.0,False,SOFT,6.0,True,McLaren,0 days 00:48:43.273000,2026-09-11 15:33:55.261,125,,,,False,False,FP2,49.1,30.4,11.5
0 days 01:04:33.511000,PIA,81,,15.0,3.0,0 days 01:02:43.606000,,,0 days 00:00:36.615000,0 days 00:00:36.775000,,0 days 01:03:56.919000,0 days 01:04:33.592000,193.0,241.0,223.0,224.0,False,MEDIUM,9.0,False,McLaren,0 days 01:02:43.606000,2026-09-11 15:47:55.594,1,,,,False,False,FP2,49.0,30.4,11.5
0 days 01:06:14.130000,PIA,81,0 days 00:01:40.619000,16.0,3.0,,,0 days 00:00:31.135000,0 days 00:00:35.793000,0 days 00:00:33.691000,0 days 01:05:04.646000,0 days 01:05:40.439000,0 days 01:06:14.130000,209.0,237.0,216.0,293.0,False,MEDIUM,10.0,False,McLaren,0 days 01:04:33.511000,2026-09-11 15:49:45.499,1,,,,False,True,FP2,49.0,30.4,11.5
0 days 01:07:54.926000,PIA,81,0 days 00:01:40.796000,17.0,3.0,,,0 days 00:00:30.940000,0 days 00:00:35.920000,0 days 00:00:33.936000,0 days 01:06:45.070000,0 days 01:07:20.990000,0 days 01:07:54.926000,220.0,245.0,217.0,283.0,False,MEDIUM,11.0,False,McLaren,0 days 01:06:14.130000,2026-09-11 15:51:26.118,1,,,,False,True,FP2,49.0,30.4,11.5
0 days 01:09:36.157000,PIA,81,0 days 00:01:41.231000,18.0,3.0,,,0 days 00:00:31.098000,0 days 00:00:35.901000,0 days 00:00:34.232000,0 days 01:08:26.024000,0 days 01:09:01.925000,0 days 01:09:36.157000,218.0,239.0,218.0,280.0,False,MEDIUM,12.0,False,McLaren,0 days 01:07:54.926000,2026-09-11 15:53:06.914,1,,,,False,True,FP2,49.0,30.4,11.5
0 days 01:11:31.277000,PIA,81,0 days 00:01:55.120000,19.0,3.0,,,0 days 00:00:31.047000,0 days 00:00:49.629000,0 days 00:00:34.444000,0 days 01:10:07.204000,0 days 01:10:56.833000,0 days 01:11:31.277000,219.0,234.0,210.0,277.0,False,MEDIUM,13.0,False,McLaren,0 days 01:09:36.157000,2026-09-11 15:54:48.145,1,,,,False,True,FP2,49.0,30.4,11.5
0 days 01:13:15.322000,PIA,81,0 days 00:01:44.045000,20.0,3.0,,,0 days 00:00:31.128000,0 days 00:00:37.364000,0 days 00:00:35.553000,0 days 01:12:02.405000,0 days 01:12:39.769000,0 days 01:13:15.322000,207.0,223.0,217.0,276.0,False,MEDIUM,14.0,False,McLaren,0 days 01:11:31.277000,2026-09-11 15:56:43.265,1,,,,False,True,FP2,49.0,30.4,11.5
0 days 01:14:56.787000,PIA,81,0 days 00:01:41.465000,21.0,3.0,,,0 days 00:00:30.915000,0 days 00:00:36.440000,0 days 00:00:34.110000,0 days 01:13:46.237000,0 days 01:14:22.677000,0 days 01:14:56.787000,216.0,240.0,217.0,275.0,False,MEDIUM,15.0,False,McLaren,0 days 01:13:15.322000,2026-09-11 15:58:27.310,1,,,,False,True,FP2,49.0,30.4,11.5
0 days 01:17:29.717000,PIA,81,,22.0,3.0,,,0 days 00:00:37.593000,0 days 00:00:58.877000,0 days 00:00:56.510000,0 days 01:15:34.513000,0 days 01:16:33.445000,0 days 01:17:29.717000,117.0,124.0,61.0,186.0,False,MEDIUM,16.0,False,McLaren,0 days 01:14:56.787000,2026-09-11 16:00:08.775,1,,,,False,False,FP2,49.3,30.3,11.4
0 days 01:20:18.156000,PIA,81,,23.0,3.0,,,0 days 00:01:05.389000,0 days 00:00:55.093000,0 days 00:00:47.903000,0 days 01:18:35.254000,0 days 01:19:30.329000,0 days 01:20:18.156000,185.0,132.0,78.0,274.0,False,MEDIUM,17.0,False,McLaren,0 days 01:17:29.717000,2026-09-11 16:02:41.705,1,,,,False,False,FP2,49.3,30.3,11.4
0 days 01:22:40.952000,PIA,81,0 days 00:02:22.796000,24.0,3.0,,0 days 01:22:39.989000,0 days 00:01:06.857000,0 days 00:00:35.823000,0 days 00:00:40.116000,0 days 01:21:25.013000,0 days 01:22:00.836000,0 days 01:22:40.952000,214.0,243.0,,281.0,False,MEDIUM,18.0,False,McLaren,0 days 01:20:18.156000,2026-09-11 16:05:30.144,1,,,,False,False,FP2,49.3,30.3,11.4
0 days 00:16:45.815000,BEA,87,,1.0,1.0,0 days 00:14:56.099000,,,0 days 00:00:40.958000,0 days 00:00:36.557000,,0 days 00:16:09.400000,0 days 00:16:45.916000,165.0,214.0,224.0,187.0,False,MEDIUM,1.0,True,Haas F1 Team,0 days 00:14:56.099000,2026-09-11 15:00:08.087,1,,,,False,False,FP2,49.3,30.3,11.4
0 days 00:18:23.746000,BEA,87,0 days 00:01:37.931000,2.0,1.0,,,0 days 00:00:30.015000,0 days 00:00:35.007000,0 days 00:00:32.909000,0 days 00:17:15.830000,0 days 00:17:50.837000,0 days 00:18:23.746000,216.0,251.0,200.0,297.0,True,MEDIUM,2.0,True,Haas F1 Team,0 days 00:16:45.815000,2026-09-11 15:01:57.803,1,,,,False,True,FP2,49.3,30.3,11.4
0 days 00:20:58.269000,BEA,87,,3.0,1.0,,,0 days 00:00:56.145000,0 days 00:00:53.658000,0 days 00:00:44.811000,0 days 00:19:20.162000,0 days 00:20:13.789000,0 days 00:20:58.393000,126.0,157.0,147.0,142.0,False,MEDIUM,3.0,True,Haas F1 Team,0 days 00:18:23.746000,2026-09-11 15:03:35.734,1,,,,False,False,FP2,49.3,30.3,11.4
0 days 00:23:13.742000,BEA,87,0 days 00:02:15.473000,4.0,1.0,,,0 days 00:00:45.475000,0 days 00:00:52.644000,0 days 00:00:37.354000,0 days 00:21:43.744000,0 days 00:22:36.388000,0 days 00:23:13.742000,124.0,174.0,225.0,181.0,False,MEDIUM,4.0,True,Haas F1 Team,0 days 00:20:58.269000,2026-09-11 15:06:10.257,1,,,,False,True,FP2,49.3,30.3,11.4
0 days 00:24:50.617000,BEA,87,0 days 00:01:36.875000,5.0,1.0,,,0 days 00:00:29.573000,0 days 00:00:34.440000,0 days 00:00:32.862000,0 days 00:23:43.315000,0 days 00:24:17.755000,0 days 00:24:50.617000,220.0,249.0,201.0,294.0,True,MEDIUM,5.0,True,Haas F1 Team,0 days 00:23:13.742000,2026-09-11 15:08:25.730,1,,,,False,True,FP2,49.0,30.3,11.5
0 days 00:27:22.556000,BEA,87,,6.0,1.0,,0 days 00:27:21.398000,0 days 00:00:53.784000,0 days 00:00:54.238000,0 days 00:00:43.702000,0 days 00:25:44.616000,0 days 00:26:38.898000,0 days 00:27:22.584000,133.0,168.0,,139.0,False,MEDIUM,6.0,True,Haas F1 Team,0 days 00:24:50.617000,2026-09-11 15:10:02.605,1,,,,False,False,FP2,49.0,30.3,11.5
0 days 00:29:54.788000,BEA,87,,7.0,2.0,0 days 00:27:59.410000,,0 days 00:01:07.789000,0 days 00:00:47.302000,0 days 00:00:37.338000,0 days 00:28:30.418000,0 days 00:29:17.745000,0 days 00:29:54.996000,152.0,72.0,226.0,185.0,False,MEDIUM,7.0,False,Haas F1 Team,0 days 00:27:22.556000,2026-09-11 15:12:34.544,1,,,,False,False,FP2,49.0,30.3,11.5
0 days 00:31:30.697000,BEA,87,0 days 00:01:35.909000,8.0,2.0,,,0 days 00:00:29.393000,0 days 00:00:34.237000,0 days 00:00:32.279000,0 days 00:30:24.181000,0 days 00:30:58.418000,0 days 00:31:30.697000,221.0,247.0,200.0,294.0,True,MEDIUM,8.0,False,Haas F1 Team,0 days 00:29:54.788000,2026-09-11 15:15:06.776,1,,,,False,True,FP2,49.0,30.3,11.5
0 days 00:34:01.803000,BEA,87,,9.0,2.0,,0 days 00:34:00.744000,0 days 00:00:51.871000,0 days 00:00:56.120000,0 days 00:00:43.070000,0 days 00:32:22.853000,0 days 00:33:18.976000,0 days 00:34:01.991000,138.0,163.0,,143.0,False,MEDIUM,9.0,False,Haas F1 Team,0 days 00:31:30.697000,2026-09-11 15:16:42.685,1,,,,False,False,FP2,49.0,30.3,11.5
0 days 00:36:29.725000,BEA,87,0 days 00:02:27.922000,10.0,3.0,0 days 00:34:38.245000,,0 days 00:01:06.492000,0 days 00:00:45.984000,0 days 00:00:35.446000,0 days 00:35:08.295000,0 days 00:35:54.279000,0 days 00:36:29.725000,157.0,203.0,228.0,184.0,False,MEDIUM,10.0,False,Haas F1 Team,0 days 00:34:01.803000,2026-09-11 15:19:13.791,1,,,,False,False,FP2,48.7,30.4,11.6
0 days 00:38:05.727000,BEA,87,0 days 00:01:36.002000,11.0,3.0,,,0 days 00:00:29.399000,0 days 00:00:34.281000,0 days 00:00:32.322000,0 days 00:36:59.124000,0 days 00:37:33.405000,0 days 00:38:05.727000,231.0,252.0,209.0,294.0,False,MEDIUM,11.0,False,Haas F1 Team,0 days 00:36:29.725000,2026-09-11 15:21:41.713,1,,,,False,True,FP2,48.7,30.4,11.6
0 days 00:40:08.797000,BEA,87,0 days 00:02:03.070000,12.0,3.0,,0 days 00:40:07.764000,0 days 00:00:40.372000,0 days 00:00:42.556000,0 days 00:00:40.142000,0 days 00:38:46.099000,0 days 00:39:28.655000,0 days 00:40:08.797000,165.0,193.0,,189.0,False,MEDIUM,12.0,False,Haas F1 Team,0 days 00:38:05.727000,2026-09-11 15:23:17.715,1,,,,False,False,FP2,48.7,30.4,11.6
0 days 00:45:26.489000,BEA,87,,13.0,4.0,0 days 00:43:33.217000,,,0 days 00:00:41.541000,0 days 00:00:40.386000,,0 days 00:44:46.176000,0 days 00:45:26.557000,164.0,222.0,229.0,190.0,False,SOFT,1.0,True,Haas F1 Team,0 days 00:40:08.797000,2026-09-11 15:25:20.785,1,,,,False,False,FP2,48.7,30.4,11.6
0 days 00:47:01.692000,BEA,87,0 days 00:01:35.203000,14.0,4.0,,,0 days 00:00:29.086000,0 days 00:00:33.945000,0 days 00:00:32.172000,0 days 00:45:55.575000,0 days 00:46:29.520000,0 days 00:47:01.692000,221.0,253.0,204.0,302.0,True,SOFT,2.0,True,Haas F1 Team,0 days 00:45:26.489000,2026-09-11 15:30:38.477,1,,,,False,True,FP2,48.7,30.4,11.6
0 days 00:49:44.363000,BEA,87,,15.0,4.0,,0 days 00:49:43.277000,0 days 00:00:54.082000,0 days 00:00:59.685000,0 days 00:00:48.852000,0 days 00:47:55.878000,0 days 00:48:55.597000,0 days 00:49:44.363000,91.0,135.0,,130.0,False,SOFT,3.0,True,Haas F1 Team,0 days 00:47:01.692000,2026-09-11 15:32:13.680,1,,,,False,False,FP2,48.7,30.4,11.6
0 days 01:03:56.101000,BEA,87,,16.0,5.0,0 days 01:02:01.478000,,,0 days 00:00:40.746000,0 days 00:00:36.192000,,0 days 01:03:20.105000,0 days 01:03:56.201000,166.0,204.0,211.0,201.0,False,MEDIUM,13.0,False,Haas F1 Team,0 days 01:02:01.478000,2026-09-11 15:47:13.466,1,,,,False,False,FP2,48.7,30.4,11.6
0 days 01:05:37.706000,BEA,87,0 days 00:01:41.605000,17.0,5.0,,,0 days 00:00:31.116000,0 days 00:00:36.690000,0 days 00:00:33.799000,0 days 01:04:27.217000,0 days 01:05:03.907000,0 days 01:05:37.706000,212.0,240.0,218.0,287.0,False,MEDIUM,14.0,False,Haas F1 Team,0 days 01:03:56.101000,2026-09-11 15:49:08.089,1,,,,False,True,FP2,48.7,30.4,11.6
0 days 01:07:18.468000,BEA,87,0 days 00:01:40.762000,18.0,5.0,,,0 days 00:00:30.754000,0 days 00:00:36.583000,0 days 00:00:33.425000,0 days 01:06:08.460000,0 days 01:06:45.043000,0 days 01:07:18.468000,218.0,239.0,219.0,288.0,False,MEDIUM,15.0,False,Haas F1 Team,0 days 01:05:37.706000,2026-09-11 15:50:49.694,1,,,,False,True,FP2,48.8,30.4,11.1
0 days 01:08:59.307000,BEA,87,0 days 00:01:40.839000,19.0,5.0,,,0 days 00:00:30.499000,0 days 00:00:36.477000,0 days 00:00:33.863000,0 days 01:07:48.967000,0 days 01:08:25.444000,0 days 01:08:59.307000,221.0,242.0,219.0,283.0,False,MEDIUM,16.0,False,Haas F1 Team,0 days 01:07:18.468000,2026-09-11 15:52:30.456,1,,,,False,True,FP2,48.8,30.4,11.1
0 days 01:10:40.482000,BEA,87,0 days 00:01:41.175000,20.0,5.0,,,0 days 00:00:30.710000,0 days 00:00:36.707000,0 days 00:00:33.758000,0 days 01:09:30.017000,0 days 01:10:06.724000,0 days 01:10:40.482000,218.0,240.0,219.0,291.0,False,MEDIUM,17.0,False,Haas F1 Team,0 days 01:08:59.307000,2026-09-11 15:54:11.295,1,,,,False,True,FP2,48.8,30.4,11.1
0 days 01:12:22.258000,BEA,87,0 days 00:01:41.776000,21.0,5.0,,,0 days 00:00:30.753000,0 days 00:00:36.878000,0 days 00:00:34.145000,0 days 01:11:11.235000,0 days 01:11:48.113000,0 days 01:12:22.258000,209.0,239.0,214.0,271.0,False,MEDIUM,18.0,False,Haas F1 Team,0 days 01:10:40.482000,2026-09-11 15:55:52.470,1,,,,False,True,FP2,48.8,30.4,11.1
0 days 01:14:04.165000,BEA,87,0 days 00:01:41.907000,22.0,5.0,,,0 days 00:00:30.900000,0 days 00:00:36.841000,0 days 00:00:34.166000,0 days 01:12:53.158000,0 days 01:13:29.999000,0 days 01:14:04.165000,213.0,240.0,216.0,273.0,False,MEDIUM,19.0,False,Haas F1 Team,0 days 01:12:22.258000,2026-09-11 15:57:34.246,1,,,,False,True,FP2,48.8,30.4,11.1
0 days 01:15:46.128000,BEA,87,0 days 00:01:41.963000,23.0,5.0,,,0 days 00:00:30.859000,0 days 00:00:36.960000,0 days 00:00:34.144000,0 days 01:14:35.024000,0 days 01:15:11.984000,0 days 01:15:46.128000,213.0,239.0,216.0,288.0,False,MEDIUM,20.0,False,Haas F1 Team,0 days 01:14:04.165000,2026-09-11 15:59:16.153,1,,,,False,True,FP2,48.8,30.4,11.1
0 days 01:18:06.374000,BEA,87,0 days 00:02:20.246000,24.0,5.0,,,0 days 00:00:44.754000,0 days 00:00:46.762000,0 days 00:00:48.730000,0 days 01:16:30.882000,0 days 01:17:17.644000,0 days 01:18:06.374000,129.0,168.0,37.0,165.0,False,MEDIUM,21.0,False,Haas F1 Team,0 days 01:15:46.128000,2026-09-11 16:00:58.116,1,,,,False,True,FP2,48.8,30.4,11.1
0 days 01:20:29.462000,BEA,87,0 days 00:02:23.088000,25.0,5.0,,,0 days 00:01:04.693000,0 days 00:00:40.396000,0 days 00:00:37.999000,0 days 01:19:11.067000,0 days 01:19:51.463000,0 days 01:20:29.462000,201.0,190.0,106.0,251.0,False,MEDIUM,22.0,False,Haas F1 Team,0 days 01:18:06.374000,2026-09-11 16:03:18.362,1,,,,False,True,FP2,48.9,30.5,11.1
0 days 01:23:14.587000,BEA,87,,26.0,5.0,,0 days 01:23:13.443000,0 days 00:01:00.953000,0 days 00:00:54.614000,0 days 00:00:49.495000,0 days 01:21:30.595000,0 days 01:22:25.189000,0 days 01:23:14.587000,201.0,93.0,,272.0,False,MEDIUM,23.0,False,Haas F1 Team,0 days 01:20:29.462000,2026-09-11 16:05:41.450,1,,,,False,False,FP2,48.9,30.5,11.1
0 days 00:27:57.297000,NOR,1,,1.0,1.0,0 days 00:26:11.320000,,,0 days 00:00:37.447000,0 days 00:00:34.017000,,0 days 00:27:23.476000,0 days 00:27:58.090000,203.0,235.0,226.0,204.0,False,SOFT,1.0,True,McLaren,0 days 00:26:11.320000,2026-09-12 10:42:06.562,1,,,,False,False,FP3,44.9,24.7,41.5
0 days 00:29:54.983000,NOR,1,0 days 00:01:57.686000,2.0,1.0,,,0 days 00:00:32.326000,0 days 00:00:45.265000,0 days 00:00:40.095000,0 days 00:28:29.623000,0 days 00:29:14.888000,0 days 00:29:54.983000,156.0,198.0,226.0,301.0,True,SOFT,2.0,True,McLaren,0 days 00:27:57.297000,2026-09-12 10:43:52.539,1,,,,False,True,FP3,44.9,24.7,41.5
0 days 00:31:57.959000,NOR,1,0 days 00:02:02.976000,3.0,1.0,,,0 days 00:00:29.785000,0 days 00:00:54.427000,0 days 00:00:38.764000,0 days 00:30:24.768000,0 days 00:31:19.195000,0 days 00:31:57.959000,233.0,172.0,230.0,293.0,True,SOFT,3.0,True,McLaren,0 days 00:29:54.983000,2026-09-12 10:45:50.225,12,,,,False,True,FP3,45.0,24.7,41.8
0 days 00:33:32.058000,NOR,1,0 days 00:01:34.099000,4.0,1.0,,,0 days 00:00:29.035000,0 days 00:00:33.902000,0 days 00:00:31.162000,0 days 00:32:26.994000,0 days 00:33:00.896000,0 days 00:33:32.058000,227.0,254.0,216.0,300.0,True,SOFT,4.0,True,McLaren,0 days 00:31:57.959000,2026-09-12 10:47:53.201,1,,,,False,True,FP3,45.0,24.7,41.8
0 days 00:36:03.017000,NOR,1,,5.0,1.0,,,0 days 00:00:54.205000,0 days 00:00:56.624000,0 days 00:00:40.070000,0 days 00:34:26.417000,0 days 00:35:23.117000,0 days 00:36:03.017000,72.0,106.0,229.0,142.0,False,SOFT,5.0,True,McLaren,0 days 00:33:32.058000,2026-09-12 10:49:27.300,12,,,,False,False,FP3,45.0,24.7,41.8
0 days 01:17:52.197000,NOR,1,,6.0,1.0,,0 days 00:37:50.089000,0 days 00:00:28.967000,0 days 00:00:33.505000,,0 days 00:36:32.139000,0 days 00:37:05.623000,,229.0,258.0,,299.0,False,SOFT,6.0,True,McLaren,0 days 00:36:03.017000,2026-09-12 10:51:58.259,125,,,,False,False,FP3,44.9,24.6,41.7
0 days 01:19:44.409000,NOR,1,,7.0,2.0,0 days 01:17:52.197000,,,0 days 00:00:41.319000,0 days 00:00:41.922000,,0 days 01:19:02.683000,0 days 01:19:44.494000,203.0,228.0,229.0,226.0,False,SOFT,1.0,True,McLaren,0 days 01:17:52.197000,2026-09-12 11:33:47.439,1,,,,False,False,FP3,44.9,24.6,41.7
0 days 01:21:30.120000,NOR,1,0 days 00:01:45.711000,8.0,2.0,,,0 days 00:00:29.042000,0 days 00:00:42.430000,0 days 00:00:34.239000,0 days 01:20:13.451000,0 days 01:20:55.881000,0 days 01:21:30.120000,232.0,205.0,232.0,303.0,False,SOFT,2.0,True,McLaren,0 days 01:19:44.409000,2026-09-12 11:35:39.651,1,,,,False,True,FP3,44.9,24.6,41.7
0 days 01:23:03.153000,NOR,1,0 days 00:01:33.033000,9.0,2.0,,,0 days 00:00:28.894000,0 days 00:00:33.374000,0 days 00:00:30.765000,0 days 01:21:59.014000,0 days 01:22:32.388000,0 days 01:23:03.153000,232.0,258.0,218.0,302.0,True,SOFT,3.0,True,McLaren,0 days 01:21:30.120000,2026-09-12 11:37:25.362,1,,,,False,True,FP3,44.9,24.6,41.7
0 days 01:25:48.540000,NOR,1,,10.0,2.0,,,0 days 00:00:53.519000,0 days 00:01:03.183000,0 days 00:00:48.683000,0 days 01:23:56.806000,0 days 01:24:59.965000,0 days 01:25:48.540000,107.0,109.0,229.0,147.0,False,SOFT,4.0,True,McLaren,0 days 01:23:03.153000,2026-09-12 11:38:58.395,1,,,,False,False,FP3,44.9,24.6,41.7
0 days 01:27:21.721000,NOR,1,0 days 00:01:33.181000,11.0,2.0,,,0 days 00:00:28.799000,0 days 00:00:33.454000,0 days 00:00:30.928000,0 days 01:26:17.339000,0 days 01:26:50.793000,0 days 01:27:21.721000,234.0,256.0,220.0,302.0,False,SOFT,5.0,True,McLaren,0 days 01:25:48.540000,2026-09-12 11:41:43.782,1,,,,False,True,FP3,45.4,24.6,41.4
0 days 01:29:51.772000,NOR,1,,12.0,2.0,,,0 days 00:00:46.882000,0 days 00:01:01.638000,0 days 00:00:41.575000,0 days 01:28:08.796000,0 days 01:29:10.331000,0 days 01:29:51.772000,123.0,119.0,231.0,153.0,False,SOFT,6.0,True,McLaren,0 days 01:27:21.721000,2026-09-12 11:43:16.963,1,,,,False,False,FP3,45.4,24.6,41.4
0 days 01:31:48.918000,NOR,1,,13.0,2.0,,0 days 01:31:48.918000,0 days 00:00:28.948000,,,0 days 01:30:20.803000,,,230.0,,,301.0,False,SOFT,7.0,True,McLaren,0 days 01:29:51.772000,2026-09-12 11:45:47.014,125,,,,False,False,FP3,45.4,24.6,41.4
0 days 00:36:26.602000,VER,3,,1.0,1.0,0 days 00:34:33.202000,,,0 days 00:00:44.479000,0 days 00:00:41.304000,,0 days 00:35:45.382000,0 days 00:36:26.602000,186.0,217.0,226.0,187.0,False,SOFT,1.0,True,Red Bull Racing,0 days 00:34:33.202000,2026-09-12 10:50:28.444,1,,,,False,False,FP3,45.4,24.6,41.4
0 days 01:17:08.251000,VER,3,,2.0,1.0,,0 days 00:38:26.722000,0 days 00:00:29.124000,,,0 days 00:36:55.849000,,,237.0,,,297.0,False,SOFT,2.0,True,Red Bull Racing,0 days 00:36:26.602000,2026-09-12 10:52:21.844,125,,,,False,False,FP3,45.4,24.6,41.4
0 days 01:19:03.256000,VER,3,,3.0,2.0,0 days 01:17:08.251000,,,0 days 00:00:38.153000,0 days 00:00:37.348000,,0 days 01:18:26.081000,0 days 01:19:03.315000,198.0,234.0,227.0,210.0,False,SOFT,3.0,False,Red Bull Racing,0 days 01:17:08.251000,2026-09-12 11:33:03.493,1,,,,False,False,FP3,44.9,24.7,41.5
0 days 01:20:36.778000,VER,3,0 days 00:01:33.522000,4.0,2.0,,,0 days 00:00:28.920000,0 days 00:00:33.222000,0 days 00:00:31.380000,0 days 01:19:32.176000,0 days 01:20:05.398000,0 days 01:20:36.778000,238.0,264.0,216.0,296.0,True,SOFT,4.0,False,Red Bull Racing,0 days 01:19:03.256000,2026-09-12 11:34:58.498,1,,,,False,True,FP3,44.9,24.7,41.5
0 days 01:22:25.843000,VER,3,0 days 00:01:49.065000,5.0,2.0,,0 days 01:22:24.905000,0 days 00:00:34.197000,0 days 00:00:36.704000,0 days 00:00:38.164000,0 days 01:21:10.975000,0 days 01:21:47.679000,0 days 01:22:25.843000,200.0,215.0,,227.0,False,SOFT,5.0,False,Red Bull Racing,0 days 01:20:36.778000,2026-09-12 11:36:32.020,1,,,,False,False,FP3,44.9,24.7,41.5
0 days 01:24:57.237000,VER,3,,6.0,3.0,0 days 01:23:03.269000,,0 days 00:01:06.895000,0 days 00:00:46.534000,0 days 00:00:37.911000,0 days 01:23:32.956000,0 days 01:24:19.447000,0 days 01:24:57.303000,188.0,235.0,230.0,243.0,False,SOFT,1.0,True,Red Bull Racing,0 days 01:22:25.843000,2026-09-12 11:38:21.085,1,,,,False,False,FP3,44.9,24.7,41.5
0 days 01:26:30.409000,VER,3,0 days 00:01:33.172000,7.0,3.0,,,0 days 00:00:28.675000,0 days 00:00:33.154000,0 days 00:00:31.343000,0 days 01:25:25.912000,0 days 01:25:59.066000,0 days 01:26:30.409000,238.0,264.0,219.0,299.0,True,SOFT,2.0,True,Red Bull Racing,0 days 01:24:57.237000,2026-09-12 11:40:52.479,1,,,,False,True,FP3,44.9,24.7,41.5
0 days 01:28:39.021000,VER,3,0 days 00:02:08.612000,8.0,3.0,,,0 days 00:00:44.803000,0 days 00:00:45.254000,0 days 00:00:38.555000,0 days 01:27:15.212000,0 days 01:28:00.466000,0 days 01:28:39.021000,160.0,169.0,164.0,188.0,False,SOFT,3.0,True,Red Bull Racing,0 days 01:26:30.409000,2026-09-12 11:42:25.651,1,,,,False,True,FP3,45.5,24.9,41.7
0 days 01:31:02.094000,VER,3,,9.0,3.0,,0 days 01:31:02.094000,0 days 00:00:43.274000,0 days 00:00:50.093000,,0 days 01:29:22.519000,0 days 01:30:12.475000,,154.0,181.0,,192.0,False,SOFT,4.0,True,Red Bull Racing,0 days 01:28:39.021000,2026-09-12 11:44:34.263,125,,,,False,False,FP3,45.5,24.9,41.7
0 days 00:21:01.073000,BOR,5,,1.0,1.0,0 days 00:19:18.666000,,,0 days 00:00:38.821000,0 days 00:00:35.438000,,0 days 00:20:25.869000,0 days 00:21:01.073000,184.0,230.0,227.0,211.0,False,MEDIUM,1.0,True,Audi,0 days 00:19:18.666000,2026-09-12 10:35:13.908,1,,,,False,False,FP3,45.5,24.9,41.7
0 days 00:22:36.850000,BOR,5,0 days 00:01:35.777000,2.0,1.0,,,0 days 00:00:29.411000,0 days 00:00:34.231000,0 days 00:00:32.135000,0 days 00:21:30.484000,0 days 00:22:04.715000,0 days 00:22:36.850000,226.0,258.0,214.0,297.0,True,MEDIUM,2.0,True,Audi,0 days 00:21:01.073000,2026-09-12 10:36:56.315,1,,,,False,True,FP3,45.5,24.9,41.7
0 days 00:25:10.217000,BOR,5,,3.0,1.0,,,0 days 00:00:58.290000,0 days 00:00:56.735000,0 days 00:00:38.310000,0 days 00:23:35.354000,0 days 00:24:31.984000,0 days 00:25:10.217000,106.0,177.0,228.0,145.0,False,MEDIUM,3.0,True,Audi,0 days 00:22:36.850000,2026-09-12 10:38:32.092,1,,,,False,False,FP3,45.5,24.9,41.7
0 days 00:27:03.778000,BOR,5,0 days 00:01:53.561000,4.0,1.0,,,0 days 00:00:34.945000,0 days 00:00:42.090000,0 days 00:00:36.526000,0 days 00:25:45.162000,0 days 00:26:27.252000,0 days 00:27:03.778000,186.0,204.0,229.0,192.0,False,MEDIUM,4.0,True,Audi,0 days 00:25:10.217000,2026-09-12 10:41:05.459,1,,,,False,True,FP3,45.6,25.0,42.0
0 days 00:28:39.291000,BOR,5,0 days 00:01:35.513000,5.0,1.0,,,0 days 00:00:29.357000,0 days 00:00:34.049000,0 days 00:00:32.107000,0 days 00:27:33.135000,0 days 00:28:07.184000,0 days 00:28:39.291000,225.0,253.0,223.0,295.0,True,MEDIUM,5.0,True,Audi,0 days 00:27:03.778000,2026-09-12 10:42:59.020,1,,,,False,True,FP3,45.6,25.0,42.0
0 days 00:31:22.975000,BOR,5,,6.0,1.0,,,0 days 00:00:55.033000,0 days 00:01:07.053000,0 days 00:00:41.645000,0 days 00:29:34.548000,0 days 00:30:41.605000,0 days 00:31:23.094000,147.0,144.0,229.0,164.0,False,MEDIUM,6.0,True,Audi,0 days 00:28:39.291000,2026-09-12 10:44:34.533,12,,,,False,False,FP3,45.6,25.0,42.0
0 days 00:32:59.020000,BOR,5,0 days 00:01:36.045000,7.0,1.0,,,0 days 00:00:29.573000,0 days 00:00:34.378000,0 days 00:00:32.094000,0 days 00:31:52.548000,0 days 00:32:26.926000,0 days 00:32:59.020000,225.0,255.0,220.0,297.0,False,MEDIUM,7.0,True,Audi,0 days 00:31:22.975000,2026-09-12 10:47:18.217,1,,,,False,True,FP3,45.6,25.0,42.0
0 days 00:35:19.726000,BOR,5,0 days 00:02:20.706000,8.0,1.0,,0 days 00:35:18.664000,0 days 00:00:47.132000,0 days 00:00:53.047000,0 days 00:00:40.527000,0 days 00:33:46.152000,0 days 00:34:39.199000,0 days 00:35:19.726000,138.0,157.0,,182.0,False,MEDIUM,8.0,True,Audi,0 days 00:32:59.020000,2026-09-12 10:48:54.262,12,,,,False,False,FP3,45.4,24.9,41.7
0 days 01:19:20.375000,BOR,5,,9.0,2.0,0 days 01:17:20.244000,,,0 days 00:00:39.236000,0 days 00:00:38.049000,,0 days 01:18:42.562000,0 days 01:19:20.412000,186.0,215.0,224.0,204.0,False,SOFT,1.0,True,Audi,0 days 01:17:20.244000,2026-09-12 11:33:15.486,1,,,,False,False,FP3,45.4,24.9,41.7
0 days 01:20:54.926000,BOR,5,0 days 00:01:34.551000,10.0,2.0,,,0 days 00:00:29.206000,0 days 00:00:33.814000,0 days 00:00:31.531000,0 days 01:19:49.581000,0 days 01:20:23.395000,0 days 01:20:54.926000,230.0,257.0,222.0,302.0,True,SOFT,2.0,True,Audi,0 days 01:19:20.375000,2026-09-12 11:35:15.617,1,,,,False,True,FP3,45.4,24.9,41.7
0 days 01:23:34.316000,BOR,5,,11.0,2.0,,0 days 01:23:33.162000,0 days 00:00:52.524000,0 days 00:00:58.476000,0 days 00:00:48.301000,0 days 01:21:47.642000,0 days 01:22:46.205000,0 days 01:23:34.316000,134.0,147.0,,178.0,False,SOFT,3.0,True,Audi,0 days 01:20:54.926000,2026-09-12 11:36:50.168,1,,,,False,False,FP3,45.4,24.9,41.7
0 days 01:26:21.406000,BOR,5,,12.0,3.0,0 days 01:24:15.587000,,0 days 00:01:13.388000,0 days 00:00:46.378000,0 days 00:00:47.402000,0 days 01:24:47.803000,0 days 01:25:34.219000,0 days 01:26:21.406000,163.0,215.0,228.0,203.0,False,SOFT,4.0,False,Audi,0 days 01:23:34.316000,2026-09-12 11:39:29.558,1,,,,False,False,FP3,45.4,24.9,41.7
0 days 01:27:55.694000,BOR,5,0 days 00:01:34.288000,13.0,3.0,,,0 days 00:00:29.187000,0 days 00:00:33.789000,0 days 00:00:31.312000,0 days 01:26:50.593000,0 days 01:27:24.382000,0 days 01:27:55.694000,228.0,254.0,222.0,298.0,True,SOFT,5.0,False,Audi,0 days 01:26:21.406000,2026-09-12 11:42:16.648,1,,,,False,True,FP3,45.4,24.9,41.7
0 days 01:30:46.193000,BOR,5,,14.0,3.0,,,0 days 00:01:00.239000,0 days 00:00:59.801000,0 days 00:00:50.405000,0 days 01:28:56.095000,0 days 01:29:55.969000,0 days 01:30:46.193000,108.0,131.0,229.0,132.0,False,SOFT,6.0,False,Audi,0 days 01:27:55.694000,2026-09-12 11:43:50.936,12,,,,False,False,FP3,45.4,24.9,41.7
0 days 00:29:00.438000,GAS,10,,1.0,1.0,0 days 00:27:07.249000,,,0 days 00:00:41.310000,0 days 00:00:38.926000,,0 days 00:28:21.721000,0 days 00:29:00.509000,185.0,181.0,227.0,234.0,False,SOFT,1.0,True,Alpine,0 days 00:27:07.249000,2026-09-12 10:43:02.491,1,,,,False,False,FP3,45.4,24.9,41.7
0 days 00:31:09.335000,GAS,10,0 days 00:02:08.897000,2.0,1.0,,,0 days 00:00:43.319000,0 days 00:00:49.100000,0 days 00:00:36.478000,0 days 00:29:43.757000,0 days 00:30:32.857000,0 days 00:31:09.335000,139.0,187.0,229.0,172.0,True,SOFT,2.0,True,Alpine,0 days 00:29:00.438000,2026-09-12 10:44:55.680,12,,,,False,True,FP3,45.4,24.9,41.7
0 days 00:32:44.979000,GAS,10,0 days 00:01:35.644000,3.0,1.0,,,0 days 00:00:29.778000,0 days 00:00:34.330000,0 days 00:00:31.536000,0 days 00:31:39.113000,0 days 00:32:13.443000,0 days 00:32:44.979000,227.0,254.0,219.0,298.0,True,SOFT,3.0,True,Alpine,0 days 00:31:09.335000,2026-09-12 10:47:04.577,1,,,,False,True,FP3,45.4,24.9,41.7
0 days 00:35:27.430000,GAS,10,,4.0,1.0,,,0 days 00:00:53.844000,0 days 00:01:01.911000,0 days 00:00:46.691000,0 days 00:33:39.011000,0 days 00:34:40.985000,0 days 00:35:27.430000,113.0,142.0,171.0,122.0,False,SOFT,4.0,True,Alpine,0 days 00:32:44.979000,2026-09-12 10:48:40.221,12,,,,False,False,FP3,45.4,24.9,41.0
0 days 01:16:11.940000,GAS,10,,5.0,1.0,,0 days 00:37:39.123000,0 days 00:00:38.639000,0 days 00:00:44.429000,,0 days 00:36:06.268000,0 days 00:36:50.693000,,164.0,216.0,,211.0,False,SOFT,5.0,True,Alpine,0 days 00:35:27.430000,2026-09-12 10:51:22.672,125,,,,False,False,FP3,45.4,24.9,41.0
0 days 01:18:01.117000,GAS,10,,6.0,2.0,0 days 01:16:11.940000,,,0 days 00:00:38.043000,0 days 00:00:40.439000,,0 days 01:17:20.918000,0 days 01:18:01.309000,198.0,219.0,230.0,220.0,False,SOFT,6.0,False,Alpine,0 days 01:16:11.940000,2026-09-12 11:32:07.182,1,,,,False,False,FP3,45.4,24.9,41.0
0 days 01:19:36.088000,GAS,10,0 days 00:01:34.971000,7.0,2.0,,,0 days 00:00:29.249000,0 days 00:00:34.267000,0 days 00:00:31.455000,0 days 01:18:30.366000,0 days 01:19:04.633000,0 days 01:19:36.088000,230.0,257.0,210.0,299.0,True,SOFT,7.0,False,Alpine,0 days 01:18:01.117000,2026-09-12 11:33:56.359,1,,,,False,True,FP3,45.4,24.9,41.0
0 days 01:21:35.641000,GAS,10,0 days 00:01:59.553000,8.0,2.0,,0 days 01:21:34.679000,0 days 00:00:34.255000,0 days 00:00:47.096000,0 days 00:00:38.202000,0 days 01:20:10.343000,0 days 01:20:57.439000,0 days 01:21:35.641000,186.0,218.0,,247.0,False,SOFT,8.0,False,Alpine,0 days 01:19:36.088000,2026-09-12 11:35:31.330,1,,,,False,False,FP3,45.4,24.9,41.0
0 days 01:23:51.532000,GAS,10,0 days 00:02:15.891000,9.0,3.0,0 days 01:22:08.682000,,0 days 00:00:59.401000,0 days 00:00:39.173000,0 days 00:00:37.317000,0 days 01:22:35.042000,0 days 01:23:14.215000,0 days 01:23:51.532000,172.0,227.0,229.0,232.0,False,SOFT,1.0,True,Alpine,0 days 01:21:35.641000,2026-09-12 11:37:30.883,1,,,,False,False,FP3,45.4,24.9,41.0
0 days 01:25:46.857000,GAS,10,0 days 00:01:55.325000,10.0,3.0,,0 days 01:25:45.884000,0 days 00:00:29.051000,0 days 00:00:37.975000,0 days 00:00:48.299000,0 days 01:24:20.583000,0 days 01:24:58.558000,0 days 01:25:46.857000,232.0,135.0,,301.0,False,SOFT,2.0,True,Alpine,0 days 01:23:51.532000,2026-09-12 11:39:46.774,1,,,,False,False,FP3,45.4,24.9,41.0
0 days 01:28:27.471000,GAS,10,,11.0,4.0,0 days 01:26:20.765000,,0 days 00:01:05.432000,0 days 00:00:51.296000,0 days 00:00:43.752000,0 days 01:26:52.489000,0 days 01:27:43.876000,0 days 01:28:28.396000,150.0,148.0,162.0,203.0,False,SOFT,3.0,False,Alpine,0 days 01:25:46.857000,2026-09-12 11:41:42.099,1,,,,False,False,FP3,45.4,24.9,41.0
0 days 01:30:26.335000,GAS,10,0 days 00:01:58.864000,12.0,4.0,,,0 days 00:00:39.308000,0 days 00:00:42.429000,0 days 00:00:37.127000,0 days 01:29:06.779000,0 days 01:29:49.208000,0 days 01:30:26.335000,162.0,206.0,232.0,232.0,False,SOFT,4.0,False,Alpine,0 days 01:28:27.471000,2026-09-12 11:44:22.713,1,,,,False,True,FP3,45.8,25.0,40.9
0 days 01:33:05.396000,GAS,10,,13.0,4.0,,0 days 01:33:05.396000,,,,,,,,,,299.0,False,SOFT,5.0,False,Alpine,0 days 01:30:26.335000,2026-09-12 11:46:21.577,125,,,,False,False,FP3,45.8,25.0,40.9
0 days 00:24:54.583000,PER,11,,1.0,1.0,0 days 00:23:07.889000,,,0 days 00:00:42.468000,0 days 00:00:35.912000,,0 days 00:24:18.984000,0 days 00:24:54.661000,158.0,232.0,224.0,187.0,False,SOFT,1.0,True,Cadillac,0 days 00:23:07.889000,2026-09-12 10:39:03.131,1,,,,False,False,FP3,45.8,25.0,40.9
0 days 00:26:32.499000,PER,11,0 days 00:01:37.916000,2.0,1.0,,,0 days 00:00:30.125000,0 days 00:00:35.119000,0 days 00:00:32.672000,0 days 00:25:24.708000,0 days 00:25:59.827000,0 days 00:26:32.499000,232.0,244.0,211.0,271.0,True,SOFT,2.0,True,Cadillac,0 days 00:24:54.583000,2026-09-12 10:40:49.825,1,,,,False,True,FP3,45.8,25.0,40.9
0 days 00:29:11.828000,PER,11,,3.0,1.0,,0 days 00:29:10.771000,0 days 00:00:51.619000,0 days 00:00:57.198000,0 days 00:00:50.501000,0 days 00:27:24.404000,0 days 00:28:21.583000,0 days 00:29:12.005000,126.0,150.0,,145.0,False,SOFT,3.0,True,Cadillac,0 days 00:26:32.499000,2026-09-12 10:42:27.741,1,,,,False,False,FP3,45.8,25.0,40.9
0 days 00:31:40.712000,PER,11,0 days 00:02:28.884000,4.0,2.0,0 days 00:29:36.553000,,0 days 00:01:04.266000,0 days 00:00:45.642000,0 days 00:00:38.976000,0 days 00:30:16.094000,0 days 00:31:01.736000,0 days 00:31:40.712000,136.0,234.0,227.0,119.0,False,SOFT,4.0,False,Cadillac,0 days 00:29:11.828000,2026-09-12 10:45:07.070,12,,,,False,False,FP3,45.8,25.0,40.9
0 days 00:33:17.195000,PER,11,0 days 00:01:36.483000,5.0,2.0,,,0 days 00:00:29.685000,0 days 00:00:34.375000,0 days 00:00:32.423000,0 days 00:32:10.397000,0 days 00:32:44.772000,0 days 00:33:17.195000,231.0,250.0,210.0,294.0,True,SOFT,5.0,False,Cadillac,0 days 00:31:40.712000,2026-09-12 10:47:35.954,1,,,,False,True,FP3,45.8,25.0,40.9
0 days 00:35:51.402000,PER,11,,6.0,2.0,,0 days 00:35:50.251000,0 days 00:00:54.705000,0 days 00:00:54.507000,0 days 00:00:44.851000,0 days 00:34:12.196000,0 days 00:35:06.627000,0 days 00:35:51.402000,129.0,155.0,,138.0,False,SOFT,6.0,False,Cadillac,0 days 00:33:17.195000,2026-09-12 10:49:12.437,12,,,,False,False,FP3,45.8,25.0,40.9
0 days 01:18:13.772000,PER,11,,7.0,3.0,0 days 01:16:24.471000,,,0 days 00:00:40.303000,0 days 00:00:38.291000,,0 days 01:17:35.729000,0 days 01:18:13.962000,187.0,180.0,227.0,208.0,False,SOFT,1.0,True,Cadillac,0 days 01:16:24.471000,2026-09-12 11:32:19.713,1,,,,False,False,FP3,45.8,25.0,40.9
0 days 01:19:50.641000,PER,11,0 days 00:01:36.869000,8.0,3.0,,,0 days 00:00:29.589000,0 days 00:00:34.903000,0 days 00:00:32.377000,0 days 01:18:43.361000,0 days 01:19:18.264000,0 days 01:19:50.641000,230.0,248.0,210.0,291.0,False,SOFT,2.0,True,Cadillac,0 days 01:18:13.772000,2026-09-12 11:34:09.014,1,,,,False,True,FP3,45.5,25.0,40.6
0 days 01:22:06.421000,PER,11,0 days 00:02:15.780000,9.0,3.0,,0 days 01:22:05.426000,0 days 00:00:47.724000,0 days 00:00:45.705000,0 days 00:00:42.351000,0 days 01:20:38.365000,0 days 01:21:24.070000,0 days 01:22:06.421000,150.0,206.0,,114.0,False,SOFT,3.0,True,Cadillac,0 days 01:19:50.641000,2026-09-12 11:35:45.883,1,,,,False,False,FP3,45.5,25.0,40.6
0 days 01:25:01.615000,PER,11,,10.0,4.0,0 days 01:22:46.111000,,0 days 00:01:11.948000,0 days 00:00:57.858000,0 days 00:00:45.388000,0 days 01:23:18.696000,0 days 01:24:16.432000,0 days 01:25:01.749000,156.0,171.0,226.0,202.0,False,SOFT,4.0,False,Cadillac,0 days 01:22:06.421000,2026-09-12 11:38:01.663,1,,,,False,False,FP3,45.5,25.0,40.6
0 days 01:26:38.056000,PER,11,0 days 00:01:36.441000,11.0,4.0,,,0 days 00:00:29.389000,0 days 00:00:34.680000,0 days 00:00:32.372000,0 days 01:25:31.004000,0 days 01:26:05.684000,0 days 01:26:38.056000,229.0,246.0,212.0,296.0,True,SOFT,5.0,False,Cadillac,0 days 01:25:01.615000,2026-09-12 11:40:56.857,1,,,,False,True,FP3,45.5,25.0,40.6
0 days 01:29:26.097000,PER,11,,12.0,4.0,,,0 days 00:00:53.687000,0 days 00:01:06.702000,0 days 00:00:47.521000,0 days 01:27:31.938000,0 days 01:28:38.631000,0 days 01:29:26.097000,127.0,150.0,164.0,124.0,False,SOFT,6.0,False,Cadillac,0 days 01:26:38.056000,2026-09-12 11:42:33.298,1,,,,False,False,FP3,45.5,25.0,40.6
0 days 01:31:48.356000,PER,11,,13.0,4.0,,0 days 01:31:48.356000,0 days 00:00:37.947000,0 days 00:00:42.016000,,0 days 01:30:04.096000,0 days 01:30:46.193000,,191.0,210.0,,182.0,False,SOFT,7.0,False,Cadillac,0 days 01:29:26.097000,2026-09-12 11:45:21.339,125,,,,False,False,FP3,45.5,25.0,40.6
0 days 00:29:12.654000,ANT,12,,1.0,1.0,0 days 00:27:15.432000,,,0 days 00:00:44.897000,0 days 00:00:38.791000,,0 days 00:28:34.119000,0 days 00:29:12.778000,211.0,205.0,219.0,240.0,False,SOFT,1.0,True,Mercedes,0 days 00:27:15.432000,2026-09-12 10:43:10.674,1,,,,False,False,FP3,45.5,25.0,40.6
0 days 00:31:15.284000,ANT,12,0 days 00:02:02.630000,2.0,1.0,,,0 days 00:00:43.415000,0 days 00:00:43.982000,0 days 00:00:35.233000,0 days 00:29:56.069000,0 days 00:30:40.051000,0 days 00:31:15.284000,180.0,208.0,221.0,139.0,True,SOFT,2.0,True,Mercedes,0 days 00:29:12.654000,2026-09-12 10:45:07.896,12,,,,False,True,FP3,45.5,25.0,40.6
0 days 00:32:48.948000,ANT,12,0 days 00:01:33.664000,3.0,1.0,,,0 days 00:00:29.227000,0 days 00:00:33.442000,0 days 00:00:30.995000,0 days 00:31:44.511000,0 days 00:32:17.953000,0 days 00:32:48.948000,230.0,258.0,223.0,295.0,True,SOFT,3.0,True,Mercedes,0 days 00:31:15.284000,2026-09-12 10:47:10.526,1,,,,False,True,FP3,45.5,25.0,40.6
0 days 00:35:12.477000,ANT,12,0 days 00:02:23.529000,4.0,1.0,,,0 days 00:00:46.506000,0 days 00:00:54.662000,0 days 00:00:42.361000,0 days 00:33:35.454000,0 days 00:34:30.116000,0 days 00:35:12.477000,128.0,152.0,159.0,153.0,False,SOFT,4.0,True,Mercedes,0 days 00:32:48.948000,2026-09-12 10:48:44.190,12,,,,False,True,FP3,45.5,25.0,40.6
0 days 00:37:16.586000,ANT,12,0 days 00:02:04.109000,5.0,1.0,,,0 days 00:00:46.659000,0 days 00:00:40.565000,0 days 00:00:36.885000,0 days 00:35:59.136000,0 days 00:36:39.701000,0 days 00:37:16.586000,168.0,238.0,120.0,189.0,False,SOFT,5.0,True,Mercedes,0 days 00:35:12.477000,2026-09-12 10:51:07.719,12,,,,False,True,FP3,45.5,25.0,40.6
0 days 01:18:10.962000,ANT,12,,6.0,1.0,,0 days 00:39:48.117000,,,,,,,,,,,False,SOFT,6.0,True,Mercedes,0 days 00:37:16.586000,2026-09-12 10:53:11.828,251,,,,False,False,FP3,45.5,25.0,40.6
0 days 01:19:52.079000,ANT,12,,7.0,2.0,0 days 01:18:10.962000,,,0 days 00:00:37.644000,0 days 00:00:35.515000,,0 days 01:19:16.909000,0 days 01:19:52.301000,199.0,244.0,220.0,249.0,False,SOFT,1.0,True,Mercedes,0 days 01:18:10.962000,2026-09-12 11:34:06.204,1,,,,False,False,FP3,45.4,24.9,40.9
0 days 01:21:25.339000,ANT,12,0 days 00:01:33.260000,8.0,2.0,,,0 days 00:00:28.724000,0 days 00:00:33.537000,0 days 00:00:30.999000,0 days 01:20:20.803000,0 days 01:20:54.340000,0 days 01:21:25.339000,232.0,259.0,222.0,301.0,True,SOFT,2.0,True,Mercedes,0 days 01:19:52.079000,2026-09-12 11:35:47.321,1,,,,False,True,FP3,45.4,24.9,40.9
0 days 01:24:11.161000,ANT,12,,9.0,2.0,,,0 days 00:00:55.465000,0 days 00:01:09.862000,0 days 00:00:40.346000,0 days 01:22:21.162000,0 days 01:23:31.012000,0 days 01:24:11.197000,107.0,200.0,223.0,109.0,False,SOFT,3.0,True,Mercedes,0 days 01:21:25.339000,2026-09-12 11:37:20.581,1,,,,False,False,FP3,45.4,24.9,40.9
0 days 01:25:43.958000,ANT,12,0 days 00:01:32.797000,10.0,2.0,,,0 days 00:00:28.683000,0 days 00:00:33.306000,0 days 00:00:30.808000,0 days 01:24:39.844000,0 days 01:25:13.150000,0 days 01:25:43.958000,233.0,258.0,223.0,300.0,True,SOFT,4.0,True,Mercedes,0 days 01:24:11.161000,2026-09-12 11:40:06.403,1,,,,False,True,FP3,45.4,24.9,40.9
0 days 01:28:21.092000,ANT,12,,11.0,2.0,,,0 days 00:00:50.930000,0 days 00:01:01.348000,0 days 00:00:44.868000,0 days 01:26:35.025000,0 days 01:27:36.422000,0 days 01:28:21.118000,140.0,148.0,156.0,166.0,False,SOFT,5.0,True,Mercedes,0 days 01:25:43.958000,2026-09-12 11:41:39.200,1,,,,False,False,FP3,45.4,24.9,40.9
0 days 01:30:18.553000,ANT,12,0 days 00:01:57.461000,12.0,2.0,,,0 days 00:00:42.339000,0 days 00:00:41.550000,0 days 00:00:33.572000,0 days 01:29:03.431000,0 days 01:29:44.981000,0 days 01:30:18.553000,180.0,219.0,222.0,199.0,False,SOFT,6.0,True,Mercedes,0 days 01:28:21.092000,2026-09-12 11:44:16.334,1,,,,False,True,FP3,45.4,24.9,40.9
0 days 01:32:31.821000,ANT,12,,13.0,2.0,,0 days 01:32:31.821000,0 days 00:00:28.743000,,,0 days 01:30:47.490000,,,228.0,,,300.0,False,SOFT,7.0,True,Mercedes,0 days 01:30:18.553000,2026-09-12 11:46:13.795,125,,,,False,False,FP3,45.4,24.9,40.9
0 days 00:22:53.076000,ALO,14,,1.0,1.0,0 days 00:21:13.524000,,,0 days 00:00:37.259000,0 days 00:00:35.523000,,0 days 00:22:17.717000,0 days 00:22:53.127000,192.0,234.0,206.0,245.0,False,SOFT,1.0,True,Aston Martin,0 days 00:21:13.524000,2026-09-12 10:37:08.766,1,,,,False,False,FP3,45.6,24.8,41.6
0 days 00:24:30.501000,ALO,14,0 days 00:01:37.425000,2.0,1.0,,,0 days 00:00:30.350000,0 days 00:00:34.913000,0 days 00:00:32.162000,0 days 00:23:23.426000,0 days 00:23:58.339000,0 days 00:24:30.501000,220.0,246.0,224.0,286.0,True,SOFT,2.0,True,Aston Martin,0 days 00:22:53.076000,2026-09-12 10:38:48.318,1,,,,False,True,FP3,45.6,24.8,41.6
0 days 00:26:33.737000,ALO,14,0 days 00:02:03.236000,3.0,1.0,,,0 days 00:00:39.539000,0 days 00:00:42.705000,0 days 00:00:40.992000,0 days 00:25:10.040000,0 days 00:25:52.745000,0 days 00:26:33.737000,174.0,166.0,199.0,208.0,False,SOFT,3.0,True,Aston Martin,0 days 00:24:30.501000,2026-09-12 10:40:25.743,1,,,,False,True,FP3,45.6,24.8,41.6
0 days 00:28:09.445000,ALO,14,0 days 00:01:35.708000,4.0,1.0,,,0 days 00:00:29.924000,0 days 00:00:34.335000,0 days 00:00:31.449000,0 days 00:27:03.661000,0 days 00:27:37.996000,0 days 00:28:09.445000,224.0,246.0,225.0,284.0,True,SOFT,4.0,True,Aston Martin,0 days 00:26:33.737000,2026-09-12 10:42:28.979,1,,,,False,True,FP3,45.6,24.8,41.6
0 days 00:30:17.504000,ALO,14,0 days 00:02:08.059000,5.0,1.0,,,0 days 00:00:41.737000,0 days 00:00:46.676000,0 days 00:00:39.646000,0 days 00:28:51.182000,0 days 00:29:37.858000,0 days 00:30:17.504000,137.0,210.0,211.0,191.0,False,SOFT,5.0,True,Aston Martin,0 days 00:28:09.445000,2026-09-12 10:44:04.687,1,,,,False,True,FP3,45.6,24.8,41.6
0 days 00:31:54.176000,ALO,14,0 days 00:01:36.672000,6.0,1.0,,,0 days 00:00:30.059000,0 days 00:00:34.933000,0 days 00:00:31.680000,0 days 00:30:47.563000,0 days 00:31:22.496000,0 days 00:31:54.176000,224.0,246.0,222.0,287.0,False,SOFT,6.0,True,Aston Martin,0 days 00:30:17.504000,2026-09-12 10:46:12.746,12,,,,False,True,FP3,45.6,24.8,41.6
0 days 00:33:56.419000,ALO,14,0 days 00:02:02.243000,7.0,1.0,,,0 days 00:00:37.075000,0 days 00:00:44.628000,0 days 00:00:40.540000,0 days 00:32:31.251000,0 days 00:33:15.879000,0 days 00:33:56.419000,153.0,190.0,211.0,213.0,False,SOFT,7.0,True,Aston Martin,0 days 00:31:54.176000,2026-09-12 10:47:49.418,12,,,,False,True,FP3,45.6,24.8,41.6
0 days 00:35:32.068000,ALO,14,0 days 00:01:35.649000,8.0,1.0,,,0 days 00:00:29.793000,0 days 00:00:34.373000,0 days 00:00:31.483000,0 days 00:34:26.212000,0 days 00:35:00.585000,0 days 00:35:32.068000,223.0,246.0,224.0,285.0,True,SOFT,8.0,True,Aston Martin,0 days 00:33:56.419000,2026-09-12 10:49:51.661,1,,,,False,True,FP3,45.6,24.8,41.6
0 days 01:16:44.244000,ALO,14,,9.0,1.0,,0 days 00:37:45.354000,0 days 00:00:37.022000,0 days 00:00:48.811000,,0 days 00:36:09.294000,0 days 00:36:58.620000,,153.0,134.0,,212.0,False,SOFT,9.0,True,Aston Martin,0 days 00:35:32.068000,2026-09-12 10:51:27.310,125,,,,False,False,FP3,45.6,24.8,41.6
0 days 01:18:31.017000,ALO,14,,10.0,2.0,0 days 01:16:44.244000,,,0 days 00:00:37.055000,0 days 00:00:35.823000,,0 days 01:17:55.463000,0 days 01:18:31.150000,199.0,244.0,213.0,216.0,False,SOFT,1.0,True,Aston Martin,0 days 01:16:44.244000,2026-09-12 11:32:39.486,1,,,,False,False,FP3,45.6,24.8,41.6
0 days 01:20:06.588000,ALO,14,0 days 00:01:35.571000,11.0,2.0,,,0 days 00:00:29.738000,0 days 00:00:34.230000,0 days 00:00:31.603000,0 days 01:19:00.755000,0 days 01:19:34.985000,0 days 01:20:06.588000,223.0,250.0,218.0,291.0,True,SOFT,2.0,True,Aston Martin,0 days 01:18:31.017000,2026-09-12 11:34:26.259,1,,,,False,True,FP3,45.8,24.8,41.5
0 days 01:22:18.341000,ALO,14,0 days 00:02:11.753000,12.0,2.0,,0 days 01:22:17.280000,0 days 00:00:41.859000,0 days 00:00:47.041000,0 days 00:00:42.853000,0 days 01:20:48.447000,0 days 01:21:35.488000,0 days 01:22:18.341000,169.0,221.0,,188.0,False,SOFT,3.0,True,Aston Martin,0 days 01:20:06.588000,2026-09-12 11:36:01.830,1,,,,False,False,FP3,45.8,24.8,41.5
0 days 01:24:49.323000,ALO,14,,13.0,3.0,0 days 01:22:56.938000,,0 days 00:01:06.969000,0 days 00:00:44.477000,0 days 00:00:39.572000,0 days 01:23:25.457000,0 days 01:24:09.978000,0 days 01:24:49.459000,181.0,199.0,214.0,237.0,False,SOFT,4.0,False,Aston Martin,0 days 01:22:18.341000,2026-09-12 11:38:13.583,1,,,,False,False,FP3,45.8,24.8,41.5
0 days 01:26:24.343000,ALO,14,0 days 00:01:35.020000,14.0,3.0,,,0 days 00:00:29.645000,0 days 00:00:33.978000,0 days 00:00:31.397000,0 days 01:25:18.968000,0 days 01:25:52.946000,0 days 01:26:24.343000,225.0,249.0,221.0,290.0,True,SOFT,5.0,False,Aston Martin,0 days 01:24:49.323000,2026-09-12 11:40:44.565,1,,,,False,True,FP3,45.8,24.8,41.5
0 days 01:28:42.871000,ALO,14,0 days 00:02:18.528000,15.0,3.0,,,0 days 00:00:45.124000,0 days 00:00:50.426000,0 days 00:00:42.978000,0 days 01:27:09.467000,0 days 01:27:59.893000,0 days 01:28:42.871000,134.0,111.0,214.0,139.0,False,SOFT,6.0,False,Aston Martin,0 days 01:26:24.343000,2026-09-12 11:42:19.585,1,,,,False,True,FP3,45.8,24.8,41.5
0 days 01:30:39.346000,ALO,14,0 days 00:01:56.475000,16.0,3.0,,,0 days 00:00:34.538000,0 days 00:00:44.057000,0 days 00:00:37.880000,0 days 01:29:17.409000,0 days 01:30:01.466000,0 days 01:30:39.346000,122.0,230.0,213.0,210.0,False,SOFT,7.0,False,Aston Martin,0 days 01:28:42.871000,2026-09-12 11:44:38.113,12,,,,False,True,FP3,45.8,24.8,41.5
0 days 00:28:31.280000,LEC,16,,1.0,1.0,0 days 00:26:42.595000,,,0 days 00:00:40.449000,0 days 00:00:35.217000,,0 days 00:27:56.328000,0 days 00:28:31.351000,159.0,222.0,225.0,167.0,False,SOFT,1.0,True,Ferrari,0 days 00:26:42.595000,2026-09-12 10:42:37.837,1,,,,False,False,FP3,45.8,24.8,41.5
0 days 00:30:05.713000,LEC,16,0 days 00:01:34.433000,2.0,1.0,,,0 days 00:00:29.449000,0 days 00:00:33.657000,0 days 00:00:31.327000,0 days 00:29:00.729000,0 days 00:29:34.386000,0 days 00:30:05.713000,225.0,257.0,206.0,287.0,True,SOFT,2.0,True,Ferrari,0 days 00:28:31.280000,2026-09-12 10:44:26.522,1,,,,False,True,FP3,45.8,24.8,41.5
0 days 00:32:35.734000,LEC,16,,3.0,1.0,,,0 days 00:00:46.757000,0 days 00:00:52.029000,0 days 00:00:51.274000,0 days 00:30:52.684000,0 days 00:31:44.659000,0 days 00:32:35.835000,145.0,160.0,226.0,136.0,False,SOFT,3.0,True,Ferrari,0 days 00:30:05.713000,2026-09-12 10:46:00.955,12,,,,False,False,FP3,46.0,24.9,40.7
0 days 00:34:09.066000,LEC,16,0 days 00:01:33.332000,4.0,1.0,,,0 days 00:00:29.016000,0 days 00:00:33.308000,0 days 00:00:31.008000,0 days 00:33:04.750000,0 days 00:33:38.058000,0 days 00:34:09.066000,227.0,252.0,221.0,293.0,True,SOFT,4.0,True,Ferrari,0 days 00:32:35.734000,2026-09-12 10:48:30.976,12,,,,False,True,FP3,46.0,24.9,40.7
0 days 00:36:29.151000,LEC,16,0 days 00:02:20.085000,5.0,1.0,,0 days 00:36:28.603000,0 days 00:00:46.045000,0 days 00:00:50.115000,0 days 00:00:43.925000,0 days 00:34:55.111000,0 days 00:35:45.226000,0 days 00:36:29.151000,138.0,181.0,,152.0,False,SOFT,5.0,True,Ferrari,0 days 00:34:09.066000,2026-09-12 10:50:04.308,1,,,,False,False,FP3,46.0,24.9,40.7
0 days 01:17:10.986000,LEC,16,,6.0,2.0,0 days 00:37:12.146000,0 days 00:39:24.602000,,,,,,,,,,,False,SOFT,6.0,False,Ferrari,0 days 00:36:29.151000,2026-09-12 10:52:24.393,125,,,,False,False,FP3,46.0,24.9,40.7
0 days 01:19:13.750000,LEC,16,,7.0,3.0,0 days 01:17:10.986000,,,0 days 00:00:39.858000,0 days 00:00:36.456000,,0 days 01:18:37.671000,0 days 01:19:14.003000,165.0,219.0,228.0,184.0,False,SOFT,1.0,True,Ferrari,0 days 01:17:10.986000,2026-09-12 11:33:06.228,1,,,,False,False,FP3,46.0,24.9,40.7
0 days 01:20:46.713000,LEC,16,0 days 00:01:32.963000,8.0,3.0,,,0 days 00:00:28.810000,0 days 00:00:33.083000,0 days 00:00:31.070000,0 days 01:19:42.560000,0 days 01:20:15.643000,0 days 01:20:46.713000,222.0,262.0,215.0,293.0,True,SOFT,2.0,True,Ferrari,0 days 01:19:13.750000,2026-09-12 11:35:08.992,1,,,,False,True,FP3,46.0,24.9,40.7
0 days 01:23:05.987000,LEC,16,0 days 00:02:19.274000,9.0,3.0,,,0 days 00:00:40.674000,0 days 00:00:55.563000,0 days 00:00:43.037000,0 days 01:21:27.387000,0 days 01:22:22.950000,0 days 01:23:05.987000,149.0,171.0,227.0,182.0,False,SOFT,3.0,True,Ferrari,0 days 01:20:46.713000,2026-09-12 11:36:41.955,1,,,,False,True,FP3,46.0,24.9,40.7
0 days 01:24:39.172000,LEC,16,0 days 00:01:33.185000,10.0,3.0,,,0 days 00:00:28.971000,0 days 00:00:33.218000,0 days 00:00:30.996000,0 days 01:23:34.958000,0 days 01:24:08.176000,0 days 01:24:39.172000,223.0,258.0,216.0,292.0,False,SOFT,4.0,True,Ferrari,0 days 01:23:05.987000,2026-09-12 11:39:01.229,1,,,,False,True,FP3,46.0,24.9,40.7
0 days 01:27:02.148000,LEC,16,0 days 00:02:22.976000,11.0,3.0,,,0 days 00:00:47.959000,0 days 00:00:50.786000,0 days 00:00:44.231000,0 days 01:25:27.131000,0 days 01:26:17.917000,0 days 01:27:02.148000,136.0,158.0,158.0,157.0,False,SOFT,5.0,True,Ferrari,0 days 01:24:39.172000,2026-09-12 11:40:34.414,1,,,,False,True,FP3,46.0,24.9,40.7
0 days 01:29:14.077000,LEC,16,0 days 00:02:11.929000,12.0,3.0,,,0 days 00:00:44.174000,0 days 00:00:51.065000,0 days 00:00:36.690000,0 days 01:27:46.322000,0 days 01:28:37.387000,0 days 01:29:14.077000,130.0,171.0,230.0,181.0,False,SOFT,6.0,True,Ferrari,0 days 01:27:02.148000,2026-09-12 11:42:57.390,1,,,,False,True,FP3,46.0,24.9,40.7
0 days 01:31:27.404000,LEC,16,,13.0,3.0,,0 days 01:31:27.404000,0 days 00:00:29.114000,0 days 00:00:40.777000,,0 days 01:29:43.460000,0 days 01:30:24.256000,,220.0,187.0,,293.0,False,SOFT,7.0,True,Ferrari,0 days 01:29:14.077000,2026-09-12 11:45:09.319,125,,,,False,False,FP3,46.1,25.0,40.1
0 days 00:23:20.869000,STR,18,,1.0,1.0,0 days 00:21:39.832000,,,0 days 00:00:37.290000,0 days 00:00:36.502000,,0 days 00:22:44.421000,0 days 00:23:20.869000,201.0,240.0,200.0,222.0,False,SOFT,1.0,True,Aston Martin,0 days 00:21:39.832000,2026-09-12 10:37:35.074,1,,,,False,False,FP3,46.1,25.0,40.1
0 days 00:24:57.776000,STR,18,0 days 00:01:36.907000,2.0,1.0,,,0 days 00:00:30.300000,0 days 00:00:34.706000,0 days 00:00:31.901000,0 days 00:23:51.169000,0 days 00:24:25.875000,0 days 00:24:57.776000,222.0,246.0,223.0,284.0,True,SOFT,2.0,True,Aston Martin,0 days 00:23:20.869000,2026-09-12 10:39:16.111,1,,,,False,True,FP3,46.1,25.0,40.1
0 days 00:27:38.229000,STR,18,,3.0,1.0,,,0 days 00:00:52.765000,0 days 00:01:04.410000,0 days 00:00:43.373000,0 days 00:25:50.534000,0 days 00:26:54.952000,0 days 00:27:38.304000,125.0,156.0,201.0,60.0,False,SOFT,3.0,True,Aston Martin,0 days 00:24:57.776000,2026-09-12 10:40:53.018,1,,,,False,False,FP3,46.1,25.0,40.1
0 days 00:29:14.720000,STR,18,0 days 00:01:36.491000,4.0,1.0,,,0 days 00:00:30.232000,0 days 00:00:34.463000,0 days 00:00:31.796000,0 days 00:28:08.461000,0 days 00:28:42.924000,0 days 00:29:14.720000,223.0,246.0,224.0,283.0,True,SOFT,4.0,True,Aston Martin,0 days 00:27:38.229000,2026-09-12 10:43:33.471,1,,,,False,True,FP3,46.2,25.0,39.4
0 days 00:32:07.486000,STR,18,,5.0,1.0,,,0 days 00:00:59.384000,0 days 00:01:11.531000,0 days 00:00:41.867000,0 days 00:30:14.309000,0 days 00:31:25.701000,0 days 00:32:07.486000,121.0,159.0,200.0,88.0,False,SOFT,5.0,True,Aston Martin,0 days 00:29:14.720000,2026-09-12 10:45:09.962,12,,,,False,False,FP3,46.2,25.0,39.4
0 days 00:34:09.581000,STR,18,0 days 00:02:02.095000,6.0,1.0,,0 days 00:34:08.342000,0 days 00:00:30.104000,0 days 00:00:34.386000,0 days 00:00:57.605000,0 days 00:32:37.590000,0 days 00:33:11.976000,0 days 00:34:09.581000,222.0,246.0,,284.0,False,SOFT,6.0,True,Aston Martin,0 days 00:32:07.486000,2026-09-12 10:48:02.728,12,,,,False,False,FP3,46.2,25.0,39.4
0 days 01:19:34.920000,STR,18,,7.0,2.0,0 days 01:17:26.286000,,,0 days 00:00:37.409000,0 days 00:00:47.962000,,0 days 01:18:47.197000,0 days 01:19:34.976000,191.0,226.0,222.0,210.0,False,SOFT,1.0,True,Aston Martin,0 days 01:17:26.286000,2026-09-12 11:33:21.528,1,,,,False,False,FP3,46.2,25.0,39.4
0 days 01:21:10.495000,STR,18,0 days 00:01:35.575000,8.0,2.0,,,0 days 00:00:29.668000,0 days 00:00:34.264000,0 days 00:00:31.643000,0 days 01:20:04.588000,0 days 01:20:38.852000,0 days 01:21:10.495000,223.0,247.0,220.0,290.0,True,SOFT,2.0,True,Aston Martin,0 days 01:19:34.920000,2026-09-12 11:35:30.162,1,,,,False,True,FP3,46.2,25.0,39.4
0 days 01:23:48.004000,STR,18,,9.0,2.0,,,0 days 00:00:51.804000,0 days 00:00:59.325000,0 days 00:00:46.350000,0 days 01:22:02.411000,0 days 01:23:01.765000,0 days 01:23:48.008000,113.0,122.0,220.0,148.0,False,SOFT,3.0,True,Aston Martin,0 days 01:21:10.495000,2026-09-12 11:37:05.737,1,,,,False,False,FP3,46.2,25.0,39.4
0 days 01:25:23.574000,STR,18,0 days 00:01:35.570000,10.0,2.0,,,0 days 00:00:29.721000,0 days 00:00:34.061000,0 days 00:00:31.788000,0 days 01:24:17.725000,0 days 01:24:51.786000,0 days 01:25:23.574000,224.0,248.0,215.0,288.0,True,SOFT,4.0,True,Aston Martin,0 days 01:23:48.004000,2026-09-12 11:39:43.246,1,,,,False,True,FP3,46.2,25.0,39.4
0 days 01:28:18.087000,STR,18,,11.0,2.0,,0 days 01:28:16.888000,0 days 00:00:55.796000,0 days 00:01:05.485000,0 days 00:00:53.142000,0 days 01:26:19.547000,0 days 01:27:24.993000,0 days 01:28:18.087000,121.0,67.0,,105.0,False,SOFT,5.0,True,Aston Martin,0 days 01:25:23.574000,2026-09-12 11:41:18.816,1,,,,False,False,FP3,46.2,25.0,39.4
0 days 01:31:17.834000,STR,18,,12.0,3.0,0 days 01:29:06.597000,0 days 01:31:17.834000,0 days 00:01:18.195000,0 days 00:00:42.105000,,0 days 01:29:36.288000,0 days 01:30:18.491000,,176.0,221.0,,207.0,False,SOFT,6.0,False,Aston Martin,0 days 01:28:18.087000,2026-09-12 11:44:13.329,125,,,,False,False,FP3,46.4,25.1,39.4
0 days 00:28:54.869000,TSU,22,,1.0,1.0,0 days 00:27:02.067000,,,0 days 00:00:40.994000,0 days 00:00:34.812000,,0 days 00:28:20.276000,0 days 00:28:55.008000,171.0,220.0,229.0,166.0,False,SOFT,1.0,True,Racing Bulls,0 days 00:27:02.067000,2026-09-12 10:42:57.309,1,,,,False,False,FP3,46.4,25.1,39.4
0 days 00:30:30.157000,TSU,22,0 days 00:01:35.288000,2.0,1.0,,,0 days 00:00:29.605000,0 days 00:00:33.963000,0 days 00:00:31.720000,0 days 00:29:24.474000,0 days 00:29:58.437000,0 days 00:30:30.157000,234.0,257.0,220.0,292.0,True,SOFT,2.0,True,Racing Bulls,0 days 00:28:54.869000,2026-09-12 10:44:50.111,12,,,,False,True,FP3,46.4,25.1,39.4
0 days 00:33:13.369000,TSU,22,,3.0,1.0,,,0 days 00:00:53.773000,0 days 00:01:02.658000,0 days 00:00:46.660000,0 days 00:31:24.213000,0 days 00:32:26.963000,0 days 00:33:13.403000,106.0,50.0,162.0,124.0,False,SOFT,3.0,True,Racing Bulls,0 days 00:30:30.157000,2026-09-12 10:46:25.399,21,,,,False,False,FP3,46.4,25.1,39.4
0 days 00:35:16.211000,TSU,22,0 days 00:02:02.842000,4.0,1.0,,,0 days 00:00:40.378000,0 days 00:00:42.864000,0 days 00:00:39.600000,0 days 00:33:53.747000,0 days 00:34:36.611000,0 days 00:35:16.211000,161.0,217.0,226.0,187.0,False,SOFT,4.0,True,Racing Bulls,0 days 00:33:13.369000,2026-09-12 10:49:08.611,12,,,,False,True,FP3,46.4,25.1,39.4
0 days 01:16:49.428000,TSU,22,,5.0,1.0,,0 days 00:37:31.107000,0 days 00:00:30.866000,0 days 00:00:55.557000,,0 days 00:35:47.257000,0 days 00:36:42.779000,,133.0,180.0,,293.0,False,SOFT,5.0,True,Racing Bulls,0 days 00:35:16.211000,2026-09-12 10:51:11.453,125,,,,False,False,FP3,46.4,25.1,39.4
0 days 01:18:37.957000,TSU,22,,6.0,2.0,0 days 01:16:49.428000,,,0 days 00:00:37.006000,0 days 00:00:36.082000,,0 days 01:18:02.194000,0 days 01:18:38.171000,201.0,234.0,228.0,210.0,False,SOFT,6.0,False,Racing Bulls,0 days 01:16:49.428000,2026-09-12 11:32:44.670,1,,,,False,False,FP3,46.4,25.1,39.4
0 days 01:20:12.854000,TSU,22,0 days 00:01:34.897000,7.0,2.0,,,0 days 00:00:29.263000,0 days 00:00:33.716000,0 days 00:00:31.918000,0 days 01:19:07.220000,0 days 01:19:40.936000,0 days 01:20:12.854000,235.0,260.0,212.0,301.0,True,SOFT,7.0,False,Racing Bulls,0 days 01:18:37.957000,2026-09-12 11:34:33.199,1,,,,False,True,FP3,46.4,25.1,39.4
0 days 01:22:09.044000,TSU,22,0 days 00:01:56.190000,8.0,2.0,,0 days 01:22:08.096000,0 days 00:00:36.582000,0 days 00:00:40.464000,0 days 00:00:39.144000,0 days 01:20:49.436000,0 days 01:21:29.900000,0 days 01:22:09.044000,197.0,201.0,,208.0,False,SOFT,8.0,False,Racing Bulls,0 days 01:20:12.854000,2026-09-12 11:36:08.096,1,,,,False,False,FP3,46.3,25.3,39.0
0 days 01:24:34.421000,TSU,22,0 days 00:02:25.377000,9.0,3.0,0 days 01:22:42.096000,,0 days 00:01:10.200000,0 days 00:00:37.938000,0 days 00:00:37.239000,0 days 01:23:19.244000,0 days 01:23:57.182000,0 days 01:24:34.421000,180.0,230.0,227.0,164.0,False,SOFT,1.0,True,Racing Bulls,0 days 01:22:09.044000,2026-09-12 11:38:04.286,1,,,,False,False,FP3,48.7,26.0,37.3
0 days 01:26:08.986000,TSU,22,0 days 00:01:34.565000,10.0,3.0,,,0 days 00:00:29.207000,0 days 00:00:33.786000,0 days 00:00:31.572000,0 days 01:25:03.628000,0 days 01:25:37.414000,0 days 01:26:08.986000,236.0,253.0,210.0,298.0,True,SOFT,2.0,True,Racing Bulls,0 days 01:24:34.421000,2026-09-12 11:40:29.663,1,,,,False,True,FP3,48.8,26.0,36.8
0 days 01:28:56.611000,TSU,22,,11.0,3.0,,,0 days 00:00:57.697000,0 days 00:01:02.607000,0 days 00:00:47.099000,0 days 01:27:06.930000,0 days 01:28:09.621000,0 days 01:28:56.611000,107.0,118.0,168.0,121.0,False,SOFT,3.0,True,Racing Bulls,0 days 01:26:08.986000,2026-09-12 11:42:04.228,1,,,,False,False,FP3,48.8,26.0,36.8
0 days 01:31:10.497000,TSU,22,,12.0,3.0,,0 days 01:31:10.497000,0 days 00:00:39.044000,0 days 00:00:40.196000,,0 days 01:29:35.710000,0 days 01:30:15.866000,,163.0,225.0,,196.0,False,SOFT,4.0,True,Racing Bulls,0 days 01:28:56.611000,2026-09-12 11:44:51.853,125,,,,False,False,FP3,48.8,26.0,36.8
0 days 00:23:49.704000,ALB,23,,1.0,1.0,0 days 00:22:05.340000,,,0 days 00:00:39.027000,0 days 00:00:34.792000,,0 days 00:23:15.048000,0 days 00:23:49.765000,184.0,218.0,230.0,231.0,False,SOFT,1.0,True,Williams,0 days 00:22:05.340000,2026-09-12 10:38:00.582,1,,,,False,False,FP3,48.8,26.0,36.8
0 days 00:25:36.351000,ALB,23,0 days 00:01:46.647000,2.0,1.0,,0 days 00:25:34.964000,0 days 00:00:29.948000,0 days 00:00:34.673000,0 days 00:00:42.026000,0 days 00:24:19.652000,0 days 00:24:54.325000,0 days 00:25:36.351000,226.0,256.0,,294.0,False,SOFT,2.0,True,Williams,0 days 00:23:49.704000,2026-09-12 10:39:44.946,1,,,,False,False,FP3,48.8,26.0,36.8
0 days 00:21:43.299000,HUL,27,,1.0,1.0,0 days 00:20:03.618000,,,0 days 00:00:37.464000,0 days 00:00:33.254000,,0 days 00:21:10.200000,0 days 00:21:43.300000,186.0,233.0,230.0,177.0,False,MEDIUM,1.0,True,Audi,0 days 00:20:03.618000,2026-09-12 10:35:58.860,1,,,,False,False,FP3,48.8,26.0,36.8
0 days 00:23:19.020000,HUL,27,0 days 00:01:35.721000,2.0,1.0,,,0 days 00:00:29.366000,0 days 00:00:34.236000,0 days 00:00:32.119000,0 days 00:22:12.665000,0 days 00:22:46.901000,0 days 00:23:19.020000,232.0,263.0,212.0,296.0,True,MEDIUM,2.0,True,Audi,0 days 00:21:43.299000,2026-09-12 10:37:38.541,1,,,,False,True,FP3,48.8,26.0,36.8
0 days 00:25:42.757000,HUL,27,0 days 00:02:23.737000,3.0,1.0,,,0 days 00:00:49.677000,0 days 00:00:54.451000,0 days 00:00:39.609000,0 days 00:24:08.697000,0 days 00:25:03.148000,0 days 00:25:42.757000,97.0,133.0,230.0,193.0,False,MEDIUM,3.0,True,Audi,0 days 00:23:19.020000,2026-09-12 10:39:14.262,1,,,,False,True,FP3,48.8,26.0,36.8
0 days 00:27:17.422000,HUL,27,0 days 00:01:34.665000,4.0,1.0,,,0 days 00:00:29.220000,0 days 00:00:33.952000,0 days 00:00:31.493000,0 days 00:26:11.977000,0 days 00:26:45.929000,0 days 00:27:17.422000,234.0,259.0,218.0,295.0,True,MEDIUM,4.0,True,Audi,0 days 00:25:42.757000,2026-09-12 10:41:37.999,1,,,,False,True,FP3,48.8,26.0,36.8
0 days 00:29:48.306000,HUL,27,,5.0,1.0,,,0 days 00:00:48.739000,0 days 00:00:58.244000,0 days 00:00:44.002000,0 days 00:28:06.294000,0 days 00:29:04.560000,0 days 00:29:48.383000,158.0,141.0,228.0,133.0,False,MEDIUM,5.0,True,Audi,0 days 00:27:17.422000,2026-09-12 10:43:12.664,1,,,,False,False,FP3,48.8,26.0,36.8
0 days 00:31:47.835000,HUL,27,0 days 00:01:59.529000,6.0,1.0,,,0 days 00:00:40.223000,0 days 00:00:42.665000,0 days 00:00:36.641000,0 days 00:30:28.529000,0 days 00:31:11.194000,0 days 00:31:47.835000,148.0,227.0,227.0,196.0,False,MEDIUM,6.0,True,Audi,0 days 00:29:48.306000,2026-09-12 10:45:43.548,12,,,,False,True,FP3,48.8,26.0,36.8
0 days 00:33:22.477000,HUL,27,0 days 00:01:34.642000,7.0,1.0,,,0 days 00:00:29.140000,0 days 00:00:34.030000,0 days 00:00:31.472000,0 days 00:32:16.975000,0 days 00:32:51.005000,0 days 00:33:22.477000,232.0,252.0,222.0,294.0,True,MEDIUM,7.0,True,Audi,0 days 00:31:47.835000,2026-09-12 10:47:43.077,1,,,,False,True,FP3,48.7,26.0,36.0
0 days 00:35:17.862000,HUL,27,0 days 00:01:55.385000,8.0,1.0,,,0 days 00:00:39.839000,0 days 00:00:40.586000,0 days 00:00:34.960000,0 days 00:34:02.316000,0 days 00:34:42.902000,0 days 00:35:17.862000,193.0,224.0,225.0,206.0,False,MEDIUM,8.0,True,Audi,0 days 00:33:22.477000,2026-09-12 10:49:17.719,12,,,,False,True,FP3,48.7,26.0,36.0
0 days 00:36:54.759000,HUL,27,0 days 00:01:36.897000,9.0,1.0,,,0 days 00:00:29.586000,0 days 00:00:35.107000,0 days 00:00:32.204000,0 days 00:35:47.448000,0 days 00:36:22.555000,0 days 00:36:54.759000,194.0,249.0,227.0,302.0,False,MEDIUM,9.0,True,Audi,0 days 00:35:17.862000,2026-09-12 10:51:13.104,1,,,,False,True,FP3,48.7,26.0,36.0
0 days 01:22:14.018000,HUL,27,,10.0,1.0,,0 days 00:39:09.267000,,,,,,,,,,293.0,False,MEDIUM,10.0,True,Audi,0 days 00:36:54.759000,2026-09-12 10:52:50.001,125,,,,False,False,FP3,48.7,26.0,36.0
0 days 01:23:56.499000,HUL,27,,11.0,2.0,0 days 01:22:14.018000,,,0 days 00:00:38.001000,0 days 00:00:37.309000,,0 days 01:23:19.490000,0 days 01:23:56.712000,166.0,250.0,231.0,220.0,False,SOFT,1.0,True,Audi,0 days 01:22:14.018000,2026-09-12 11:38:09.260,1,,,,False,False,FP3,48.7,26.0,36.0
0 days 01:25:30.432000,HUL,27,0 days 00:01:33.933000,12.0,2.0,,,0 days 00:00:28.637000,0 days 00:00:33.806000,0 days 00:00:31.490000,0 days 01:24:25.136000,0 days 01:24:58.942000,0 days 01:25:30.432000,231.0,254.0,221.0,304.0,True,SOFT,2.0,True,Audi,0 days 01:23:56.499000,2026-09-12 11:39:51.741,1,,,,False,True,FP3,48.7,26.0,36.0
0 days 01:27:43.411000,HUL,27,0 days 00:02:12.979000,13.0,2.0,,0 days 01:27:42.485000,0 days 00:00:43.534000,0 days 00:00:44.602000,0 days 00:00:44.843000,0 days 01:26:13.966000,0 days 01:26:58.568000,0 days 01:27:43.411000,192.0,212.0,,169.0,False,SOFT,3.0,True,Audi,0 days 01:25:30.432000,2026-09-12 11:41:25.674,1,,,,False,False,FP3,48.7,26.0,36.0
0 days 01:31:29.138000,HUL,27,,14.0,3.0,0 days 01:29:20.496000,0 days 01:31:29.138000,,0 days 00:00:45.978000,,,0 days 01:30:37.928000,,181.0,199.0,,182.0,False,SOFT,4.0,False,Audi,0 days 01:27:43.411000,2026-09-12 11:43:38.653,125,,,,False,False,FP3,48.7,26.0,36.0
0 days 00:26:04.935000,LAW,30,,1.0,1.0,0 days 00:24:18.583000,,,0 days 00:00:43.073000,0 days 00:00:34.552000,,0 days 00:25:30.517000,0 days 00:26:04.998000,173.0,230.0,228.0,192.0,False,HARD,1.0,True,Red Bull Racing,0 days 00:24:18.583000,2026-09-12 10:40:13.825,1,,,,False,False,FP3,49.2,26.2,35.7
0 days 00:27:40.537000,LAW,30,0 days 00:01:35.602000,2.0,1.0,,,0 days 00:00:29.913000,0 days 00:00:33.895000,0 days 00:00:31.794000,0 days 00:26:34.848000,0 days 00:27:08.743000,0 days 00:27:40.537000,228.0,262.0,213.0,291.0,True,HARD,2.0,True,Red Bull Racing,0 days 00:26:04.935000,2026-09-12 10:42:00.177,1,,,,False,True,FP3,49.2,26.2,35.7
0 days 00:30:12.349000,LAW,30,,3.0,1.0,,,0 days 00:00:49.586000,0 days 00:00:57.651000,0 days 00:00:44.564000,0 days 00:28:30.311000,0 days 00:29:28.006000,0 days 00:30:12.444000,142.0,167.0,228.0,159.0,False,HARD,3.0,True,Red Bull Racing,0 days 00:27:40.537000,2026-09-12 10:43:35.779,1,,,,False,False,FP3,49.2,26.2,35.7
0 days 00:32:19.648000,LAW,30,0 days 00:02:07.299000,4.0,1.0,,,0 days 00:00:29.548000,0 days 00:00:50.771000,0 days 00:00:46.980000,0 days 00:30:41.897000,0 days 00:31:32.668000,0 days 00:32:19.648000,229.0,177.0,226.0,294.0,False,HARD,4.0,True,Red Bull Racing,0 days 00:30:12.349000,2026-09-12 10:46:07.591,12,,,,False,True,FP3,49.2,26.2,35.7
0 days 00:34:01.684000,LAW,30,0 days 00:01:42.036000,5.0,1.0,,,0 days 00:00:29.445000,0 days 00:00:33.665000,0 days 00:00:38.926000,0 days 00:32:49.093000,0 days 00:33:22.758000,0 days 00:34:01.684000,232.0,265.0,147.0,297.0,False,HARD,5.0,True,Red Bull Racing,0 days 00:32:19.648000,2026-09-12 10:48:14.890,12,,,,False,True,FP3,49.2,26.2,35.7
0 days 00:36:30.701000,LAW,30,0 days 00:02:29.017000,6.0,1.0,,,0 days 00:00:49.308000,0 days 00:00:58.129000,0 days 00:00:41.580000,0 days 00:34:50.992000,0 days 00:35:49.121000,0 days 00:36:30.701000,144.0,173.0,228.0,172.0,False,HARD,6.0,True,Red Bull Racing,0 days 00:34:01.684000,2026-09-12 10:49:56.926,1,,,,False,True,FP3,49.2,26.2,35.7
0 days 01:17:02.293000,LAW,30,,7.0,1.0,,0 days 00:38:34.486000,0 days 00:00:29.256000,,,0 days 00:37:00.104000,,,232.0,,,294.0,False,HARD,7.0,True,Red Bull Racing,0 days 00:36:30.701000,2026-09-12 10:52:25.943,125,,,,False,False,FP3,49.2,26.2,35.7
0 days 01:18:56.325000,LAW,30,,8.0,2.0,0 days 01:17:02.293000,,,0 days 00:00:41.523000,0 days 00:00:34.434000,,0 days 01:18:22.009000,0 days 01:18:56.353000,170.0,223.0,230.0,189.0,False,SOFT,1.0,True,Red Bull Racing,0 days 01:17:02.293000,2026-09-12 11:32:57.535,1,,,,False,False,FP3,49.2,26.2,35.7
0 days 01:20:30.732000,LAW,30,0 days 00:01:34.407000,9.0,2.0,,,0 days 00:00:29.494000,0 days 00:00:33.505000,0 days 00:00:31.408000,0 days 01:19:25.819000,0 days 01:19:59.324000,0 days 01:20:30.732000,230.0,267.0,216.0,297.0,True,SOFT,2.0,True,Red Bull Racing,0 days 01:18:56.325000,2026-09-12 11:34:51.567,1,,,,False,True,FP3,49.2,26.2,35.7
0 days 01:23:10.838000,LAW,30,,10.0,2.0,,,0 days 00:00:49.853000,0 days 00:01:04.578000,0 days 00:00:45.706000,0 days 01:21:20.714000,0 days 01:22:25.405000,0 days 01:23:10.939000,96.0,164.0,229.0,140.0,False,SOFT,3.0,True,Red Bull Racing,0 days 01:20:30.732000,2026-09-12 11:36:25.974,1,,,,False,False,FP3,49.2,26.2,35.7
0 days 01:24:44.740000,LAW,30,0 days 00:01:33.902000,11.0,2.0,,,0 days 00:00:29.080000,0 days 00:00:33.340000,0 days 00:00:31.482000,0 days 01:23:39.918000,0 days 01:24:13.258000,0 days 01:24:44.740000,232.0,269.0,216.0,297.0,True,SOFT,4.0,True,Red Bull Racing,0 days 01:23:10.838000,2026-09-12 11:39:06.080,1,,,,False,True,FP3,49.2,26.2,35.7
0 days 01:27:16.012000,LAW,30,,12.0,2.0,,,0 days 00:00:48.053000,0 days 00:01:05.132000,0 days 00:00:37.981000,0 days 01:25:33.149000,0 days 01:26:38.056000,0 days 01:27:16.040000,96.0,168.0,230.0,138.0,False,SOFT,5.0,True,Red Bull Racing,0 days 01:24:44.740000,2026-09-12 11:40:39.982,1,,,,False,False,FP3,49.3,26.5,35.2
0 days 01:29:32.112000,LAW,30,0 days 00:02:16.100000,13.0,2.0,,,0 days 00:00:29.664000,0 days 00:01:00.230000,0 days 00:00:46.206000,0 days 01:27:45.676000,0 days 01:28:45.906000,0 days 01:29:32.112000,154.0,98.0,229.0,296.0,False,SOFT,6.0,True,Red Bull Racing,0 days 01:27:16.012000,2026-09-12 11:43:11.254,1,,,,False,True,FP3,49.3,26.5,35.2
0 days 01:31:24.607000,LAW,30,,14.0,2.0,,0 days 01:31:24.607000,0 days 00:00:29.228000,0 days 00:00:33.344000,,0 days 01:30:01.409000,0 days 01:30:34.837000,,234.0,264.0,,294.0,False,SOFT,7.0,True,Red Bull Racing,0 days 01:29:32.112000,2026-09-12 11:45:27.354,125,,,,False,False,FP3,49.3,26.5,35.2
0 days 00:29:20.047000,OCO,31,,1.0,1.0,0 days 00:27:20.841000,,,0 days 00:00:41.517000,0 days 00:00:41.426000,,0 days 00:28:38.900000,0 days 00:29:20.222000,186.0,222.0,224.0,172.0,False,SOFT,1.0,True,Haas F1 Team,0 days 00:27:20.841000,2026-09-12 10:43:16.083,1,,,,False,False,FP3,49.3,26.5,35.2
0 days 00:30:55.263000,OCO,31,0 days 00:01:35.216000,2.0,1.0,,,0 days 00:00:29.527000,0 days 00:00:34.241000,0 days 00:00:31.448000,0 days 00:29:49.574000,0 days 00:30:23.815000,0 days 00:30:55.263000,226.0,255.0,214.0,301.0,True,SOFT,2.0,True,Haas F1 Team,0 days 00:29:20.047000,2026-09-12 10:45:15.289,12,,,,False,True,FP3,49.3,26.5,35.2
0 days 00:33:19.435000,OCO,31,0 days 00:02:24.172000,3.0,1.0,,0 days 00:33:18.383000,0 days 00:00:48.964000,0 days 00:00:50.729000,0 days 00:00:44.479000,0 days 00:31:44.227000,0 days 00:32:34.956000,0 days 00:33:19.435000,105.0,187.0,,135.0,False,SOFT,3.0,True,Haas F1 Team,0 days 00:30:55.263000,2026-09-12 10:46:50.505,1,,,,False,False,FP3,49.3,26.5,35.2
0 days 00:36:14.484000,OCO,31,,4.0,2.0,0 days 00:34:22.811000,,0 days 00:01:35.951000,0 days 00:00:44.027000,0 days 00:00:35.006000,0 days 00:34:55.602000,0 days 00:35:39.599000,0 days 00:36:14.484000,162.0,236.0,229.0,176.0,False,UNKNOWN,1.0,False,Haas F1 Team,0 days 00:33:19.435000,2026-09-12 10:49:14.677,12,,,,False,False,FP3,49.3,26.5,35.2
0 days 01:16:29.428000,OCO,31,,5.0,2.0,,0 days 00:38:12.621000,0 days 00:00:29.269000,0 days 00:00:33.995000,,0 days 00:36:43.920000,0 days 00:37:18.014000,,224.0,254.0,,301.0,False,UNKNOWN,2.0,False,Haas F1 Team,0 days 00:36:14.484000,2026-09-12 10:52:09.726,125,,,,False,False,FP3,49.3,26.5,35.2
0 days 01:18:18.519000,OCO,31,,6.0,3.0,0 days 01:16:29.428000,,,0 days 00:00:37.567000,0 days 00:00:39.273000,,0 days 01:17:39.392000,0 days 01:18:18.524000,201.0,241.0,226.0,224.0,False,SOFT,6.0,False,Haas F1 Team,0 days 01:16:29.428000,2026-09-12 11:32:24.670,1,,,,False,False,FP3,49.3,26.5,35.2
0 days 01:19:59.751000,OCO,31,0 days 00:01:41.232000,7.0,3.0,,0 days 01:19:58.738000,0 days 00:00:29.417000,0 days 00:00:34.240000,0 days 00:00:37.575000,0 days 01:18:47.936000,0 days 01:19:22.176000,0 days 01:19:59.751000,225.0,254.0,,305.0,False,SOFT,7.0,False,Haas F1 Team,0 days 01:18:18.519000,2026-09-12 11:34:13.761,1,,,,False,False,FP3,49.3,26.5,35.2
0 days 01:22:18.656000,OCO,31,0 days 00:02:18.905000,8.0,4.0,0 days 01:20:35.745000,,0 days 00:01:04.461000,0 days 00:00:37.192000,0 days 00:00:37.252000,0 days 01:21:04.212000,0 days 01:21:41.404000,0 days 01:22:18.656000,197.0,242.0,228.0,237.0,False,SOFT,1.0,True,Haas F1 Team,0 days 01:19:59.751000,2026-09-12 11:35:54.993,1,,,,False,False,FP3,49.3,26.5,35.2
0 days 01:23:53.086000,OCO,31,0 days 00:01:34.430000,9.0,4.0,,,0 days 00:00:28.999000,0 days 00:00:33.907000,0 days 00:00:31.524000,0 days 01:22:47.655000,0 days 01:23:21.562000,0 days 01:23:53.086000,226.0,256.0,218.0,303.0,True,SOFT,2.0,True,Haas F1 Team,0 days 01:22:18.656000,2026-09-12 11:38:13.898,1,,,,False,True,FP3,49.3,26.5,35.2
0 days 01:26:19.605000,OCO,31,0 days 00:02:26.519000,10.0,4.0,,0 days 01:26:18.547000,0 days 00:00:44.074000,0 days 00:00:54.720000,0 days 00:00:47.725000,0 days 01:24:37.160000,0 days 01:25:31.880000,0 days 01:26:19.605000,103.0,94.0,,170.0,False,SOFT,3.0,True,Haas F1 Team,0 days 01:23:53.086000,2026-09-12 11:39:48.328,1,,,,False,False,FP3,49.3,26.5,35.2
0 days 01:29:39.272000,OCO,31,,11.0,5.0,0 days 01:27:50.016000,,,0 days 00:00:42.862000,0 days 00:00:35.636000,,0 days 01:29:03.737000,0 days 01:29:39.272000,165.0,237.0,230.0,200.0,False,SOFT,4.0,False,Haas F1 Team,0 days 01:26:19.605000,2026-09-12 11:42:14.847,1,,,,False,False,FP3,49.3,26.5,35.2
0 days 01:31:37.761000,OCO,31,,12.0,5.0,,0 days 01:31:37.761000,0 days 00:00:28.999000,0 days 00:00:33.835000,,0 days 01:30:08.390000,0 days 01:30:42.209000,,221.0,255.0,,303.0,False,SOFT,5.0,False,Haas F1 Team,0 days 01:29:39.272000,2026-09-12 11:45:34.514,125,,,,False,False,FP3,48.9,26.4,35.6
0 days 01:18:50.519000,LIN,41,,1.0,1.0,0 days 01:16:55.887000,,,0 days 00:00:42.767000,0 days 00:00:34.115000,,0 days 01:18:16.790000,0 days 01:18:50.697000,174.0,233.0,228.0,202.0,False,SOFT,1.0,True,Racing Bulls,0 days 01:16:55.887000,2026-09-12 11:32:51.129,1,,,,False,False,FP3,48.9,26.4,35.6
0 days 01:20:25.419000,LIN,41,0 days 00:01:34.900000,2.0,1.0,,,0 days 00:00:29.212000,0 days 00:00:33.903000,0 days 00:00:31.785000,0 days 01:19:19.731000,0 days 01:19:53.634000,0 days 01:20:25.419000,229.0,251.0,205.0,298.0,True,SOFT,2.0,True,Racing Bulls,0 days 01:18:50.519000,2026-09-12 11:34:45.761,1,,,,False,True,FP3,48.9,26.4,35.6
0 days 01:22:45.019000,LIN,41,0 days 00:02:19.600000,3.0,1.0,,,0 days 00:00:47.834000,0 days 00:00:55.153000,0 days 00:00:36.613000,0 days 01:21:13.253000,0 days 01:22:08.406000,0 days 01:22:45.019000,186.0,181.0,228.0,133.0,False,SOFT,3.0,True,Racing Bulls,0 days 01:20:25.419000,2026-09-12 11:36:20.661,1,,,,False,True,FP3,48.9,26.4,35.6
0 days 01:24:19.524000,LIN,41,0 days 00:01:34.505000,4.0,1.0,,,0 days 00:00:29.182000,0 days 00:00:33.759000,0 days 00:00:31.564000,0 days 01:23:14.201000,0 days 01:23:47.960000,0 days 01:24:19.524000,232.0,253.0,224.0,301.0,True,SOFT,4.0,True,Racing Bulls,0 days 01:22:45.019000,2026-09-12 11:38:40.261,1,,,,False,True,FP3,48.9,26.4,35.6
0 days 01:26:20.249000,LIN,41,0 days 00:02:00.725000,5.0,1.0,,0 days 01:26:19.312000,0 days 00:00:39.755000,0 days 00:00:41.576000,0 days 00:00:39.394000,0 days 01:24:59.279000,0 days 01:25:40.855000,0 days 01:26:20.249000,206.0,243.0,,144.0,False,SOFT,5.0,True,Racing Bulls,0 days 01:24:19.524000,2026-09-12 11:40:14.766,1,,,,False,False,FP3,48.9,26.4,35.6
0 days 01:28:48.398000,LIN,41,0 days 00:02:28.149000,6.0,2.0,0 days 01:26:51.190000,,0 days 00:01:00.667000,0 days 00:00:47.422000,0 days 00:00:40.060000,0 days 01:27:20.916000,0 days 01:28:08.338000,0 days 01:28:48.398000,154.0,210.0,229.0,210.0,False,SOFT,1.0,True,Racing Bulls,0 days 01:26:20.249000,2026-09-12 11:42:15.491,1,,,,False,False,FP3,48.9,26.4,35.6
0 days 01:33:35.231000,LIN,41,,7.0,2.0,,0 days 01:33:35.231000,0 days 00:00:31.150000,0 days 00:00:48.651000,,0 days 01:29:19.921000,0 days 01:30:08.475000,,127.0,204.0,,300.0,False,SOFT,2.0,True,Racing Bulls,0 days 01:28:48.398000,2026-09-12 11:44:43.640,125,,,,False,False,FP3,49.5,26.2,36.2
0 days 00:22:43.268000,COL,43,,1.0,1.0,0 days 00:20:45.882000,,,0 days 00:00:48.553000,0 days 00:00:35.926000,,0 days 00:22:07.682000,0 days 00:22:43.408000,117.0,226.0,227.0,230.0,False,SOFT,1.0,True,Alpine,0 days 00:20:45.882000,2026-09-12 10:36:41.124,1,,,,False,False,FP3,49.5,26.2,36.2
0 days 00:24:20.343000,COL,43,0 days 00:01:37.075000,2.0,1.0,,,0 days 00:00:29.881000,0 days 00:00:34.950000,0 days 00:00:32.244000,0 days 00:23:13.149000,0 days 00:23:48.099000,0 days 00:24:20.343000,222.0,255.0,206.0,295.0,True,SOFT,2.0,True,Alpine,0 days 00:22:43.268000,2026-09-12 10:38:38.510,1,,,,False,True,FP3,49.5,26.2,36.2
0 days 00:26:48.121000,COL,43,0 days 00:02:27.778000,3.0,1.0,,0 days 00:26:47.154000,0 days 00:00:52.439000,0 days 00:00:51.810000,0 days 00:00:43.529000,0 days 00:25:12.782000,0 days 00:26:04.592000,0 days 00:26:48.121000,143.0,179.0,,199.0,False,SOFT,3.0,True,Alpine,0 days 00:24:20.343000,2026-09-12 10:40:15.585,1,,,,False,False,FP3,49.5,26.2,36.2
0 days 00:29:31.059000,COL,43,,4.0,2.0,0 days 00:27:30.749000,,0 days 00:01:16.559000,0 days 00:00:48.696000,0 days 00:00:37.718000,0 days 00:28:04.964000,0 days 00:28:53.671000,0 days 00:29:31.193000,172.0,230.0,226.0,233.0,False,SOFT,4.0,False,Alpine,0 days 00:26:48.121000,2026-09-12 10:42:43.363,1,,,,False,False,FP3,49.5,26.2,36.2
0 days 00:31:33.516000,COL,43,0 days 00:02:02.457000,5.0,2.0,,,0 days 00:00:38.971000,0 days 00:00:47.873000,0 days 00:00:35.613000,0 days 00:30:10.030000,0 days 00:30:57.903000,0 days 00:31:33.516000,89.0,214.0,228.0,221.0,False,SOFT,5.0,False,Alpine,0 days 00:29:31.059000,2026-09-12 10:45:26.301,12,,,,False,True,FP3,49.5,26.2,36.2
0 days 00:33:09.067000,COL,43,0 days 00:01:35.551000,6.0,2.0,,,0 days 00:00:29.415000,0 days 00:00:34.366000,0 days 00:00:31.770000,0 days 00:32:02.931000,0 days 00:32:37.297000,0 days 00:33:09.067000,222.0,253.0,213.0,294.0,True,SOFT,6.0,False,Alpine,0 days 00:31:33.516000,2026-09-12 10:47:28.758,1,,,,False,True,FP3,49.5,26.2,36.2
0 days 00:35:39.011000,COL,43,0 days 00:02:29.944000,7.0,2.0,,0 days 00:35:38.119000,0 days 00:00:59.723000,0 days 00:00:47.210000,0 days 00:00:43.011000,0 days 00:34:08.790000,0 days 00:34:56,0 days 00:35:39.011000,132.0,201.0,,119.0,False,SOFT,7.0,False,Alpine,0 days 00:33:09.067000,2026-09-12 10:49:04.309,12,,,,False,False,FP3,49.5,26.2,36.2
0 days 01:18:07.986000,COL,43,,8.0,3.0,0 days 01:16:19.496000,,,0 days 00:00:41.609000,0 days 00:00:34.796000,,0 days 01:17:33.411000,0 days 01:18:08.102000,146.0,224.0,230.0,236.0,False,SOFT,1.0,True,Alpine,0 days 01:16:19.496000,2026-09-12 11:32:14.738,1,,,,False,False,FP3,49.5,26.2,36.2
0 days 01:19:42.943000,COL,43,0 days 00:01:34.957000,9.0,3.0,,,0 days 00:00:29.102000,0 days 00:00:34.208000,0 days 00:00:31.647000,0 days 01:18:37.088000,0 days 01:19:11.296000,0 days 01:19:42.943000,227.0,259.0,216.0,298.0,True,SOFT,2.0,True,Alpine,0 days 01:18:07.986000,2026-09-12 11:34:03.228,1,,,,False,True,FP3,49.4,26.3,36.4
0 days 01:22:04.530000,COL,43,0 days 00:02:21.587000,10.0,3.0,,0 days 01:22:03.661000,0 days 00:00:53.676000,0 days 00:00:44.282000,0 days 00:00:43.629000,0 days 01:20:36.619000,0 days 01:21:20.901000,0 days 01:22:04.530000,186.0,192.0,,110.0,False,SOFT,3.0,True,Alpine,0 days 01:19:42.943000,2026-09-12 11:35:38.185,1,,,,False,False,FP3,49.4,26.3,36.4
0 days 01:24:41.950000,COL,43,,11.0,4.0,0 days 01:22:38.030000,,0 days 00:01:10.678000,0 days 00:00:46.890000,0 days 00:00:39.716000,0 days 01:23:15.495000,0 days 01:24:02.322000,0 days 01:24:41.983000,130.0,208.0,229.0,159.0,False,SOFT,4.0,False,Alpine,0 days 01:22:04.530000,2026-09-12 11:37:59.772,1,,,,False,False,FP3,49.4,26.3,36.4
0 days 01:26:16.296000,COL,43,0 days 00:01:34.346000,12.0,4.0,,,0 days 00:00:29.034000,0 days 00:00:33.877000,0 days 00:00:31.435000,0 days 01:25:10.984000,0 days 01:25:44.861000,0 days 01:26:16.296000,230.0,256.0,213.0,299.0,True,SOFT,5.0,False,Alpine,0 days 01:24:41.950000,2026-09-12 11:40:37.192,1,,,,False,True,FP3,49.4,26.3,36.4
0 days 01:28:38.735000,COL,43,0 days 00:02:22.439000,13.0,4.0,,0 days 01:28:37.568000,0 days 00:00:55.627000,0 days 00:00:43.887000,0 days 00:00:42.925000,0 days 01:27:11.923000,0 days 01:27:55.810000,0 days 01:28:38.735000,137.0,199.0,,209.0,False,SOFT,6.0,False,Alpine,0 days 01:26:16.296000,2026-09-12 11:42:11.538,1,,,,False,False,FP3,49.4,26.3,36.4
0 days 01:31:40.386000,COL,43,,14.0,5.0,0 days 01:29:16.198000,0 days 01:31:40.386000,0 days 00:01:09.430000,0 days 00:00:52.380000,,0 days 01:29:48.288000,0 days 01:30:40.615000,,151.0,153.0,,221.0,False,SOFT,7.0,False,Alpine,0 days 01:28:38.735000,2026-09-12 11:44:33.977,125,,,,False,False,FP3,49.4,26.3,36.4
0 days 00:28:46.580000,HAM,44,,1.0,1.0,0 days 00:26:56.194000,,,0 days 00:00:43.308000,0 days 00:00:33.934000,,0 days 00:28:12.827000,0 days 00:28:46.651000,160.0,237.0,225.0,178.0,False,SOFT,1.0,True,Ferrari,0 days 00:26:56.194000,2026-09-12 10:42:51.436,1,,,,False,False,FP3,49.4,26.3,36.4
0 days 00:30:20.864000,HAM,44,0 days 00:01:34.284000,2.0,1.0,,,0 days 00:00:29.598000,0 days 00:00:33.387000,0 days 00:00:31.299000,0 days 00:29:16.178000,0 days 00:29:49.565000,0 days 00:30:20.864000,217.0,259.0,209.0,291.0,True,SOFT,2.0,True,Ferrari,0 days 00:28:46.580000,2026-09-12 10:44:41.822,1,,,,False,True,FP3,49.4,26.3,36.4
0 days 00:33:00.707000,HAM,44,,3.0,1.0,,0 days 00:32:59.582000,0 days 00:00:49.567000,0 days 00:00:58.801000,0 days 00:00:51.479000,0 days 00:31:10.602000,0 days 00:32:09.436000,0 days 00:33:00.707000,130.0,142.0,,142.0,False,SOFT,3.0,True,Ferrari,0 days 00:30:20.864000,2026-09-12 10:46:16.106,12,,,,False,False,FP3,49.4,26.3,36.4
0 days 00:35:23.921000,HAM,44,0 days 00:02:23.214000,4.0,2.0,0 days 00:33:34.698000,,0 days 00:01:03.407000,0 days 00:00:39.395000,0 days 00:00:40.412000,0 days 00:34:04.114000,0 days 00:34:43.509000,0 days 00:35:23.921000,175.0,226.0,230.0,209.0,False,SOFT,4.0,False,Ferrari,0 days 00:33:00.707000,2026-09-12 10:48:55.949,12,,,,False,False,FP3,49.4,26.3,36.4
0 days 01:14:23.792000,HAM,44,,5.0,2.0,,0 days 01:14:23.792000,0 days 00:00:29.081000,0 days 00:00:33.051000,,0 days 00:35:53.130000,0 days 00:36:26.288000,,222.0,264.0,,296.0,False,SOFT,5.0,False,Ferrari,0 days 00:35:23.921000,2026-09-12 10:51:19.163,125,,,,False,False,FP3,49.5,26.4,36.3
0 days 00:23:38.508000,SAI,55,,1.0,1.0,0 days 00:21:58.554000,,,0 days 00:00:37.339000,0 days 00:00:35.912000,,0 days 00:23:02.948000,0 days 00:23:38.651000,185.0,246.0,227.0,238.0,False,SOFT,1.0,True,Williams,0 days 00:21:58.554000,2026-09-12 10:37:53.796,1,,,,False,False,FP3,49.5,26.4,36.3
0 days 00:25:15.653000,SAI,55,0 days 00:01:37.145000,2.0,1.0,,,0 days 00:00:30.272000,0 days 00:00:34.420000,0 days 00:00:32.453000,0 days 00:24:08.780000,0 days 00:24:43.200000,0 days 00:25:15.653000,219.0,260.0,217.0,290.0,True,SOFT,2.0,True,Williams,0 days 00:23:38.508000,2026-09-12 10:39:33.750,1,,,,False,True,FP3,49.5,26.4,36.3
0 days 00:27:48.200000,SAI,55,,3.0,1.0,,,0 days 00:00:54.385000,0 days 00:00:56.661000,0 days 00:00:41.463000,0 days 00:26:10.289000,0 days 00:27:06.943000,0 days 00:27:48.350000,88.0,208.0,172.0,174.0,False,SOFT,3.0,True,Williams,0 days 00:25:15.653000,2026-09-12 10:41:10.895,1,,,,False,False,FP3,49.5,26.4,36.3
0 days 00:29:41.784000,SAI,55,0 days 00:01:53.584000,4.0,1.0,,,0 days 00:00:38.605000,0 days 00:00:39.714000,0 days 00:00:35.265000,0 days 00:28:26.805000,0 days 00:29:06.519000,0 days 00:29:41.784000,164.0,207.0,228.0,247.0,False,SOFT,4.0,True,Williams,0 days 00:27:48.200000,2026-09-12 10:43:43.442,1,,,,False,True,FP3,49.5,26.4,36.3
0 days 00:31:50.817000,SAI,55,0 days 00:02:09.033000,5.0,1.0,,0 days 00:31:49.843000,0 days 00:00:29.654000,0 days 00:00:58.416000,0 days 00:00:40.963000,0 days 00:30:11.438000,0 days 00:31:09.854000,0 days 00:31:50.817000,230.0,205.0,,292.0,False,SOFT,5.0,True,Williams,0 days 00:29:41.784000,2026-09-12 10:45:37.026,12,,,,False,False,FP3,49.5,26.4,36.3
0 days 00:34:18.746000,SAI,55,0 days 00:02:27.929000,6.0,2.0,0 days 00:32:35.397000,,0 days 00:01:14.705000,0 days 00:00:38.303000,0 days 00:00:34.921000,0 days 00:33:05.522000,0 days 00:33:43.825000,0 days 00:34:18.746000,162.0,201.0,227.0,238.0,False,SOFT,6.0,False,Williams,0 days 00:31:50.817000,2026-09-12 10:47:46.059,12,,,,False,False,FP3,49.5,26.4,36.3
0 days 00:35:54.693000,SAI,55,0 days 00:01:35.947000,7.0,2.0,,,0 days 00:00:29.644000,0 days 00:00:34.098000,0 days 00:00:32.205000,0 days 00:34:48.390000,0 days 00:35:22.488000,0 days 00:35:54.693000,224.0,258.0,215.0,294.0,True,SOFT,7.0,False,Williams,0 days 00:34:18.746000,2026-09-12 10:50:13.988,1,,,,False,True,FP3,49.5,26.4,36.3
0 days 01:16:57.993000,SAI,55,,8.0,2.0,,0 days 00:38:47.998000,0 days 00:01:04.398000,,,0 days 00:36:59.285000,,,132.0,,,90.0,False,SOFT,8.0,False,Williams,0 days 00:35:54.693000,2026-09-12 10:51:49.935,125,,,,False,False,FP3,49.7,26.5,36.0
0 days 01:18:49.027000,SAI,55,,9.0,3.0,0 days 01:16:57.993000,0 days 01:18:48.009000,,0 days 00:00:37.623000,0 days 00:00:38.872000,,0 days 01:18:10.430000,0 days 01:18:49.275000,176.0,238.0,,244.0,False,SOFT,9.0,False,Williams,0 days 01:16:57.993000,2026-09-12 11:32:53.235,1,,,,False,False,FP3,49.7,26.5,36.0
0 days 01:21:15.265000,SAI,55,0 days 00:02:26.238000,10.0,4.0,0 days 01:19:24.929000,,0 days 00:01:08.485000,0 days 00:00:37.230000,0 days 00:00:40.523000,0 days 01:19:57.512000,0 days 01:20:34.742000,0 days 01:21:15.265000,106.0,228.0,229.0,245.0,False,SOFT,1.0,True,Williams,0 days 01:18:49.027000,2026-09-12 11:34:44.269,1,,,,False,False,FP3,49.7,26.5,36.0
0 days 01:22:50.830000,SAI,55,0 days 00:01:35.565000,11.0,4.0,,,0 days 00:00:29.441000,0 days 00:00:34.150000,0 days 00:00:31.974000,0 days 01:21:44.706000,0 days 01:22:18.856000,0 days 01:22:50.830000,223.0,262.0,214.0,296.0,True,SOFT,2.0,True,Williams,0 days 01:21:15.265000,2026-09-12 11:37:10.507,1,,,,False,True,FP3,49.7,26.5,36.0
0 days 01:25:29.021000,SAI,55,,12.0,4.0,,,0 days 00:01:03.212000,0 days 00:00:51.392000,0 days 00:00:43.562000,0 days 01:23:54.321000,0 days 01:24:45.678000,0 days 01:25:29.147000,106.0,155.0,159.0,162.0,False,SOFT,3.0,True,Williams,0 days 01:22:50.830000,2026-09-12 11:38:46.072,1,,,,False,False,FP3,49.7,26.5,36.0
0 days 01:27:30.289000,SAI,55,0 days 00:02:01.268000,13.0,4.0,,,0 days 00:00:44.134000,0 days 00:00:42.834000,0 days 00:00:34.300000,0 days 01:26:13.155000,0 days 01:26:55.989000,0 days 01:27:30.289000,185.0,227.0,228.0,188.0,False,SOFT,4.0,True,Williams,0 days 01:25:29.021000,2026-09-12 11:41:24.263,1,,,,False,True,FP3,49.7,26.5,36.0
0 days 01:29:05.753000,SAI,55,0 days 00:01:35.464000,14.0,4.0,,,0 days 00:00:29.398000,0 days 00:00:34.100000,0 days 00:00:31.966000,0 days 01:27:59.687000,0 days 01:28:33.787000,0 days 01:29:05.753000,225.0,262.0,214.0,295.0,True,SOFT,5.0,True,Williams,0 days 01:27:30.289000,2026-09-12 11:43:25.531,1,,,,False,True,FP3,49.7,26.5,36.0
0 days 01:31:42.089000,SAI,55,,15.0,4.0,,0 days 01:31:42.089000,0 days 00:00:40.107000,0 days 00:00:56.826000,,0 days 01:29:46.194000,0 days 01:30:42.849000,,139.0,81.0,,254.0,False,SOFT,6.0,True,Williams,0 days 01:29:05.753000,2026-09-12 11:45:00.995,125,,,,False,False,FP3,49.7,26.5,36.0
0 days 00:30:07.900000,RUS,63,,1.0,1.0,0 days 00:28:22.150000,,,0 days 00:00:38.774000,0 days 00:00:40.188000,,0 days 00:29:27.881000,0 days 00:30:07.919000,213.0,204.0,219.0,247.0,False,SOFT,1.0,True,Mercedes,0 days 00:28:22.150000,2026-09-12 10:44:17.392,1,,,,False,False,FP3,49.7,26.5,36.0
0 days 00:32:26.148000,RUS,63,0 days 00:02:18.248000,2.0,1.0,,,0 days 00:00:32.917000,0 days 00:00:53.222000,0 days 00:00:52.109000,0 days 00:30:40.817000,0 days 00:31:34.039000,0 days 00:32:26.148000,154.0,224.0,220.0,298.0,True,SOFT,2.0,True,Mercedes,0 days 00:30:07.900000,2026-09-12 10:46:03.142,12,,,,False,True,FP3,49.7,26.5,36.0
0 days 00:34:13.659000,RUS,63,0 days 00:01:47.511000,3.0,1.0,,,0 days 00:00:29.166000,0 days 00:00:33.696000,0 days 00:00:44.649000,0 days 00:32:55.314000,0 days 00:33:29.010000,0 days 00:34:13.659000,228.0,256.0,146.0,300.0,True,SOFT,3.0,True,Mercedes,0 days 00:32:26.148000,2026-09-12 10:48:21.390,12,,,,False,True,FP3,49.7,26.5,36.0
0 days 00:36:43.275000,RUS,63,0 days 00:02:29.616000,4.0,1.0,,,0 days 00:00:53.048000,0 days 00:00:52.136000,0 days 00:00:44.432000,0 days 00:35:06.707000,0 days 00:35:58.843000,0 days 00:36:43.275000,120.0,206.0,225.0,142.0,False,SOFT,4.0,True,Mercedes,0 days 00:34:13.659000,2026-09-12 10:50:08.901,1,,,,False,True,FP3,49.6,26.7,35.6
0 days 01:18:17.290000,RUS,63,,5.0,1.0,,0 days 00:38:49.076000,0 days 00:00:28.738000,,,0 days 00:37:12.165000,,,231.0,,,302.0,False,SOFT,5.0,True,Mercedes,0 days 00:36:43.275000,2026-09-12 10:52:38.517,125,,,,False,False,FP3,49.6,26.7,35.6
0 days 01:20:02.758000,RUS,63,,6.0,2.0,0 days 01:18:17.290000,,,0 days 00:00:40.313000,0 days 00:00:35.373000,,0 days 01:19:28.663000,0 days 01:20:02.775000,111.0,241.0,215.0,268.0,False,SOFT,1.0,True,Mercedes,0 days 01:18:17.290000,2026-09-12 11:34:12.532,1,,,,False,False,FP3,49.6,26.7,35.6
0 days 01:21:36.257000,RUS,63,0 days 00:01:33.499000,7.0,2.0,,,0 days 00:00:28.696000,0 days 00:00:33.621000,0 days 00:00:31.182000,0 days 01:20:31.454000,0 days 01:21:05.075000,0 days 01:21:36.257000,227.0,257.0,221.0,303.0,True,SOFT,2.0,True,Mercedes,0 days 01:20:02.758000,2026-09-12 11:35:58.000,1,,,,False,True,FP3,49.6,26.7,35.6
0 days 01:24:23.653000,RUS,63,,8.0,2.0,,,0 days 00:01:03.981000,0 days 00:01:02.111000,0 days 00:00:41.294000,0 days 01:22:40.368000,0 days 01:23:42.493000,0 days 01:24:23.653000,100.0,161.0,222.0,116.0,False,SOFT,3.0,True,Mercedes,0 days 01:21:36.257000,2026-09-12 11:37:31.499,1,,,,False,False,FP3,49.6,26.7,35.6
0 days 01:25:57.214000,RUS,63,0 days 00:01:33.561000,9.0,2.0,,,0 days 00:00:28.999000,0 days 00:00:33.554000,0 days 00:00:31.008000,0 days 01:24:52.652000,0 days 01:25:26.206000,0 days 01:25:57.214000,231.0,258.0,224.0,301.0,False,SOFT,4.0,True,Mercedes,0 days 01:24:23.653000,2026-09-12 11:40:18.895,1,,,,False,True,FP3,49.6,26.7,35.6
0 days 01:28:54.314000,RUS,63,,10.0,2.0,,,0 days 00:00:54.825000,0 days 00:01:12.252000,0 days 00:00:49.976000,0 days 01:26:52.283000,0 days 01:28:04.542000,0 days 01:28:54.314000,103.0,138.0,219.0,126.0,False,SOFT,5.0,True,Mercedes,0 days 01:25:57.214000,2026-09-12 11:41:52.456,1,,,,False,False,FP3,49.6,26.7,35.6
0 days 01:31:04.985000,RUS,63,,11.0,2.0,,0 days 01:31:04.985000,0 days 00:00:37.528000,0 days 00:00:41.649000,,0 days 01:29:31.924000,0 days 01:30:13.569000,,204.0,232.0,,248.0,False,SOFT,6.0,True,Mercedes,0 days 01:28:54.314000,2026-09-12 11:44:49.556,125,,,,False,False,FP3,49.6,26.7,35.6
0 days 00:22:27.666000,BOT,77,,1.0,1.0,0 days 00:20:36.417000,,,0 days 00:00:43.255000,0 days 00:00:37.704000,,0 days 00:21:50.160000,0 days 00:22:28.282000,185.0,208.0,223.0,162.0,False,SOFT,1.0,True,Cadillac,0 days 00:20:36.417000,2026-09-12 10:36:31.659,1,,,,False,False,FP3,49.6,26.7,35.6
0 days 00:24:06.022000,BOT,77,0 days 00:01:38.356000,2.0,1.0,,,0 days 00:00:30.137000,0 days 00:00:35.347000,0 days 00:00:32.872000,0 days 00:22:57.803000,0 days 00:23:33.150000,0 days 00:24:06.022000,231.0,243.0,207.0,285.0,True,SOFT,2.0,True,Cadillac,0 days 00:22:27.666000,2026-09-12 10:38:22.908,1,,,,False,True,FP3,49.4,26.8,34.7
0 days 00:26:31.852000,BOT,77,0 days 00:02:25.830000,3.0,1.0,,0 days 00:26:30.803000,0 days 00:00:47.323000,0 days 00:00:52.752000,0 days 00:00:45.755000,0 days 00:24:53.345000,0 days 00:25:46.097000,0 days 00:26:31.852000,142.0,165.0,,164.0,False,SOFT,3.0,True,Cadillac,0 days 00:24:06.022000,2026-09-12 10:40:01.264,1,,,,False,False,FP3,49.4,26.8,34.7
0 days 00:29:07.230000,BOT,77,,4.0,2.0,0 days 00:27:09.109000,,0 days 00:01:10.719000,0 days 00:00:45.116000,0 days 00:00:39.582000,0 days 00:27:42.682000,0 days 00:28:28.122000,0 days 00:29:07.319000,187.0,209.0,224.0,190.0,False,SOFT,4.0,False,Cadillac,0 days 00:26:31.852000,2026-09-12 10:42:27.094,1,,,,False,False,FP3,49.4,26.8,34.7
0 days 00:30:44.295000,BOT,77,0 days 00:01:37.065000,5.0,2.0,,,0 days 00:00:29.664000,0 days 00:00:34.856000,0 days 00:00:32.545000,0 days 00:29:36.894000,0 days 00:30:11.750000,0 days 00:30:44.295000,232.0,246.0,210.0,291.0,True,SOFT,5.0,False,Cadillac,0 days 00:29:07.230000,2026-09-12 10:45:02.472,12,,,,False,True,FP3,49.4,26.8,34.7
0 days 00:32:52.758000,BOT,77,0 days 00:02:08.463000,6.0,2.0,,0 days 00:32:51.809000,0 days 00:00:38.137000,0 days 00:00:45.192000,0 days 00:00:45.134000,0 days 00:31:22.432000,0 days 00:32:07.624000,0 days 00:32:52.758000,198.0,192.0,,209.0,False,SOFT,6.0,False,Cadillac,0 days 00:30:44.295000,2026-09-12 10:46:39.537,1,,,,False,False,FP3,49.4,26.8,34.7
0 days 01:17:56.046000,BOT,77,,7.0,3.0,0 days 01:16:07.012000,,,0 days 00:00:41.314000,0 days 00:00:37.715000,,0 days 01:17:18.584000,0 days 01:17:56.197000,189.0,223.0,228.0,204.0,False,SOFT,1.0,True,Cadillac,0 days 01:16:07.012000,2026-09-12 11:32:02.254,1,,,,False,False,FP3,49.4,26.8,34.7
0 days 01:19:33.490000,BOT,77,0 days 00:01:37.444000,8.0,3.0,,,0 days 00:00:29.619000,0 days 00:00:35.005000,0 days 00:00:32.820000,0 days 01:18:25.665000,0 days 01:19:00.670000,0 days 01:19:33.490000,237.0,248.0,212.0,288.0,False,SOFT,2.0,True,Cadillac,0 days 01:17:56.046000,2026-09-12 11:33:51.288,1,,,,False,True,FP3,49.4,26.8,34.7
0 days 01:21:56.239000,BOT,77,0 days 00:02:22.749000,9.0,3.0,,,0 days 00:00:46.646000,0 days 00:00:50.561000,0 days 00:00:45.542000,0 days 01:20:20.136000,0 days 01:21:10.697000,0 days 01:21:56.239000,124.0,159.0,159.0,192.0,False,SOFT,3.0,True,Cadillac,0 days 01:19:33.490000,2026-09-12 11:35:28.732,1,,,,False,True,FP3,49.4,26.8,34.7
0 days 01:24:27.486000,BOT,77,,10.0,3.0,,,0 days 00:00:45.124000,0 days 00:01:01.537000,0 days 00:00:44.618000,0 days 01:22:41.556000,0 days 01:23:43.102000,0 days 01:24:28.168000,97.0,163.0,225.0,185.0,False,SOFT,4.0,True,Cadillac,0 days 01:21:56.239000,2026-09-12 11:37:51.481,1,,,,False,False,FP3,49.4,26.8,34.7
0 days 01:26:04.156000,BOT,77,0 days 00:01:36.670000,11.0,3.0,,,0 days 00:00:29.441000,0 days 00:00:34.654000,0 days 00:00:32.575000,0 days 01:24:56.927000,0 days 01:25:31.581000,0 days 01:26:04.156000,233.0,251.0,208.0,290.0,True,SOFT,5.0,True,Cadillac,0 days 01:24:27.486000,2026-09-12 11:40:22.728,1,,,,False,True,FP3,49.4,26.8,34.7
0 days 01:28:27.181000,BOT,77,0 days 00:02:23.025000,12.0,3.0,,,0 days 00:00:40.465000,0 days 00:00:55.614000,0 days 00:00:46.946000,0 days 01:26:44.621000,0 days 01:27:40.235000,0 days 01:28:27.181000,151.0,145.0,144.0,189.0,False,SOFT,6.0,True,Cadillac,0 days 01:26:04.156000,2026-09-12 11:41:59.398,1,,,,False,True,FP3,49.4,26.7,34.1
0 days 01:31:13.016000,BOT,77,,13.0,3.0,,0 days 01:31:13.016000,0 days 00:00:56.060000,0 days 00:00:51.778000,,0 days 01:29:23.441000,0 days 01:30:15.288000,,129.0,174.0,,123.0,False,SOFT,7.0,True,Cadillac,0 days 01:28:27.181000,2026-09-12 11:44:22.423,125,,,,False,False,FP3,49.4,26.7,34.1
0 days 00:30:02.705000,PIA,81,,1.0,1.0,0 days 00:28:09.029000,,,0 days 00:00:41.349000,0 days 00:00:36.921000,,0 days 00:29:26.140000,0 days 00:30:02.791000,165.0,226.0,227.0,176.0,False,SOFT,1.0,True,McLaren,0 days 00:28:09.029000,2026-09-12 10:44:04.271,1,,,,False,False,FP3,49.4,26.7,34.1
0 days 00:32:15.333000,PIA,81,0 days 00:02:12.628000,2.0,1.0,,,0 days 00:00:31.045000,0 days 00:00:54.003000,0 days 00:00:47.580000,0 days 00:30:33.750000,0 days 00:31:27.753000,0 days 00:32:15.333000,118.0,201.0,226.0,299.0,True,SOFT,2.0,True,McLaren,0 days 00:30:02.705000,2026-09-12 10:45:57.947,12,,,,False,True,FP3,49.4,26.7,34.1
0 days 00:33:53.020000,PIA,81,0 days 00:01:37.687000,3.0,1.0,,,0 days 00:00:29.403000,0 days 00:00:33.939000,0 days 00:00:34.345000,0 days 00:32:44.736000,0 days 00:33:18.675000,0 days 00:33:53.020000,229.0,257.0,217.0,301.0,True,SOFT,3.0,True,McLaren,0 days 00:32:15.333000,2026-09-12 10:48:10.575,12,,,,False,True,FP3,49.4,26.7,34.1
0 days 00:36:21.431000,PIA,81,0 days 00:02:28.411000,4.0,1.0,,,0 days 00:00:49.709000,0 days 00:00:58.636000,0 days 00:00:40.066000,0 days 00:34:42.729000,0 days 00:35:41.365000,0 days 00:36:21.431000,137.0,172.0,229.0,154.0,False,SOFT,4.0,True,McLaren,0 days 00:33:53.020000,2026-09-12 10:49:48.262,1,,,,False,True,FP3,49.4,26.7,34.1
0 days 01:17:17.614000,PIA,81,,5.0,1.0,,0 days 00:38:23.872000,0 days 00:00:29.045000,,,0 days 00:36:50.693000,,,229.0,,,300.0,False,SOFT,5.0,True,McLaren,0 days 00:36:21.431000,2026-09-12 10:52:16.673,125,,,,False,False,FP3,49.5,26.7,34.8
0 days 01:19:28.029000,PIA,81,,6.0,2.0,0 days 01:17:17.614000,,,0 days 00:00:38.983000,0 days 00:00:43.830000,,0 days 01:18:44.390000,0 days 01:19:28.741000,187.0,241.0,228.0,160.0,False,SOFT,1.0,True,McLaren,0 days 01:17:17.614000,2026-09-12 11:33:12.856,1,,,,False,False,FP3,49.5,26.7,34.8
0 days 01:21:01.317000,PIA,81,0 days 00:01:33.288000,7.0,2.0,,,0 days 00:00:29.048000,0 days 00:00:33.317000,0 days 00:00:30.923000,0 days 01:19:57.077000,0 days 01:20:30.394000,0 days 01:21:01.317000,227.0,260.0,219.0,303.0,True,SOFT,2.0,True,McLaren,0 days 01:19:28.029000,2026-09-12 11:35:23.271,1,,,,False,True,FP3,49.5,26.7,34.8
0 days 01:23:24.463000,PIA,81,0 days 00:02:23.146000,8.0,2.0,,0 days 01:23:23.380000,0 days 00:00:49.123000,0 days 00:00:51.979000,0 days 00:00:42.044000,0 days 01:21:50.440000,0 days 01:22:42.419000,0 days 01:23:24.463000,118.0,191.0,,115.0,False,SOFT,3.0,True,McLaren,0 days 01:21:01.317000,2026-09-12 11:36:56.559,1,,,,False,False,FP3,49.5,26.7,34.8
0 days 01:25:58.467000,PIA,81,,9.0,3.0,0 days 01:23:58.368000,,0 days 00:01:08.453000,0 days 00:00:48.734000,0 days 00:00:36.936000,0 days 01:24:33.076000,0 days 01:25:21.762000,0 days 01:25:58.583000,163.0,221.0,230.0,176.0,False,SOFT,4.0,False,McLaren,0 days 01:23:24.463000,2026-09-12 11:39:19.705,1,,,,False,False,FP3,49.5,26.7,34.8
0 days 01:27:31.453000,PIA,81,0 days 00:01:32.986000,10.0,3.0,,,0 days 00:00:28.698000,0 days 00:00:33.324000,0 days 00:00:30.964000,0 days 01:26:27.165000,0 days 01:27:00.489000,0 days 01:27:31.453000,228.0,258.0,223.0,300.0,True,SOFT,5.0,False,McLaren,0 days 01:25:58.467000,2026-09-12 11:41:53.709,1,,,,False,True,FP3,49.5,26.7,34.8
0 days 01:30:06.408000,PIA,81,,11.0,3.0,,,0 days 00:00:44.364000,0 days 00:01:07.742000,0 days 00:00:42.715000,0 days 01:28:16.172000,0 days 01:29:23.847000,0 days 01:30:06.408000,111.0,114.0,230.0,156.0,False,SOFT,6.0,False,McLaren,0 days 01:27:31.453000,2026-09-12 11:43:26.695,1,,,,False,False,FP3,49.5,26.7,34.8
0 days 01:32:24.821000,PIA,81,,12.0,3.0,,0 days 01:32:24.821000,0 days 00:00:29.115000,,,0 days 01:30:35.641000,,,229.0,,,298.0,False,SOFT,7.0,False,McLaren,0 days 01:30:06.408000,2026-09-12 11:46:01.650,125,,,,False,False,FP3,49.5,26.7,34.8
0 days 00:29:23.888000,BEA,87,,1.0,1.0,0 days 00:27:25.886000,,,0 days 00:00:43.218000,0 days 00:00:38.693000,,0 days 00:28:45.308000,0 days 00:29:23.926000,167.0,211.0,228.0,174.0,False,SOFT,1.0,True,Haas F1 Team,0 days 00:27:25.886000,2026-09-12 10:43:21.128,1,,,,False,False,FP3,49.5,26.7,34.8
0 days 00:30:58.657000,BEA,87,0 days 00:01:34.769000,2.0,1.0,,,0 days 00:00:29.211000,0 days 00:00:34.038000,0 days 00:00:31.520000,0 days 00:29:53.099000,0 days 00:30:27.137000,0 days 00:30:58.657000,226.0,250.0,211.0,303.0,True,SOFT,2.0,True,Haas F1 Team,0 days 00:29:23.888000,2026-09-12 10:45:19.130,12,,,,False,True,FP3,49.5,26.7,34.8
0 days 00:33:43.003000,BEA,87,,3.0,1.0,,0 days 00:33:41.761000,0 days 00:00:59.610000,0 days 00:00:57.456000,0 days 00:00:47.144000,0 days 00:31:58.454000,0 days 00:32:55.957000,0 days 00:33:43.003000,125.0,156.0,,88.0,False,SOFT,3.0,True,Haas F1 Team,0 days 00:30:58.657000,2026-09-12 10:46:53.899,12,,,,False,False,FP3,49.5,26.7,34.8
0 days 00:36:35.723000,BEA,87,,4.0,2.0,0 days 00:34:37.778000,,0 days 00:01:25.563000,0 days 00:00:41.416000,0 days 00:00:45.899000,0 days 00:35:08.564000,0 days 00:35:49.985000,0 days 00:36:35.723000,162.0,218.0,229.0,186.0,False,SOFT,4.0,False,Haas F1 Team,0 days 00:33:43.003000,2026-09-12 10:49:38.245,1,,,,False,False,FP3,49.3,26.7,35.2
0 days 01:16:36.408000,BEA,87,,5.0,2.0,,0 days 00:38:42.967000,0 days 00:00:29.139000,,,0 days 00:37:05.091000,,,226.0,,,303.0,False,SOFT,5.0,False,Haas F1 Team,0 days 00:36:35.723000,2026-09-12 10:52:30.965,125,,,,False,False,FP3,49.3,26.7,35.2
0 days 01:18:22.493000,BEA,87,,6.0,3.0,0 days 01:16:36.408000,,,0 days 00:00:38.295000,0 days 00:00:35.182000,,0 days 01:17:47.588000,0 days 01:18:22.660000,187.0,225.0,228.0,208.0,False,SOFT,6.0,False,Haas F1 Team,0 days 01:16:36.408000,2026-09-12 11:32:31.650,1,,,,False,False,FP3,49.3,26.7,35.2
0 days 01:20:02.521000,BEA,87,0 days 00:01:40.028000,7.0,3.0,,0 days 01:20:01.525000,0 days 00:00:29.048000,0 days 00:00:34.166000,0 days 00:00:36.814000,0 days 01:18:51.541000,0 days 01:19:25.707000,0 days 01:20:02.521000,228.0,254.0,,306.0,False,SOFT,7.0,False,Haas F1 Team,0 days 01:18:22.493000,2026-09-12 11:34:17.735,1,,,,False,False,FP3,49.3,26.7,35.2
0 days 01:22:31.747000,BEA,87,0 days 00:02:29.226000,8.0,4.0,0 days 01:20:41.760000,,0 days 00:01:11.737000,0 days 00:00:42.327000,0 days 00:00:35.162000,0 days 01:21:14.258000,0 days 01:21:56.585000,0 days 01:22:31.747000,176.0,217.0,229.0,205.0,False,SOFT,1.0,True,Haas F1 Team,0 days 01:20:02.521000,2026-09-12 11:35:57.763,1,,,,False,False,FP3,49.3,26.7,35.2
0 days 01:24:06.228000,BEA,87,0 days 00:01:34.481000,9.0,4.0,,,0 days 00:00:29.017000,0 days 00:00:33.872000,0 days 00:00:31.592000,0 days 01:23:00.764000,0 days 01:23:34.636000,0 days 01:24:06.228000,227.0,256.0,213.0,303.0,True,SOFT,2.0,True,Haas F1 Team,0 days 01:22:31.747000,2026-09-12 11:38:26.989,1,,,,False,True,FP3,49.3,26.7,35.2
0 days 01:27:04.204000,BEA,87,,10.0,4.0,,0 days 01:27:03.008000,0 days 00:01:06.103000,0 days 00:01:02.915000,0 days 00:00:48.704000,0 days 01:25:12.605000,0 days 01:26:15.500000,0 days 01:27:04.243000,89.0,133.0,,101.0,False,SOFT,3.0,True,Haas F1 Team,0 days 01:24:06.228000,2026-09-12 11:40:01.470,1,,,,False,False,FP3,49.9,26.6,35.5
0 days 01:29:55.157000,BEA,87,,11.0,5.0,0 days 01:27:55.822000,,0 days 00:01:27.741000,0 days 00:00:43.347000,0 days 00:00:39.942000,0 days 01:28:31.943000,0 days 01:29:15.251000,0 days 01:29:55.157000,143.0,225.0,230.0,163.0,False,SOFT,4.0,False,Haas F1 Team,0 days 01:27:04.204000,2026-09-12 11:42:59.446,1,,,,False,False,FP3,49.9,26.6,35.5
