Time,Driver,DriverNumber,LapTime,LapNumber,Stint,PitOutTime,PitInTime,Sector1Time,Sector2Time,Sector3Time,Sector1SessionTime,Sector2SessionTime,Sector3SessionTime,SpeedI1,SpeedI2,SpeedFL,SpeedST,IsPersonalBest,Compound,TyreLife,FreshTyre,Team,LapStartTime,LapStartDate,TrackStatus,Position,Deleted,DeletedReason,FastF1Generated,IsAccurate,Session,TrackTemp,AirTemp,Humidity
0 days 00:16:30.036000,NOR,1,,1.0,1.0,0 days 00:14:07.545000,,,0 days 00:00:33.952000,0 days 00:00:37.795000,,0 days 00:15:52.533000,0 days 00:16:30.239000,302.0,276.0,278.0,187.0,False,MEDIUM,1.0,True,McLaren,0 days 00:14:07.545000,2026-09-04 10:31:37.527,1,,,,False,False,FP1,50.3,30.3,39.5
0 days 00:17:57.796000,NOR,1,0 days 00:01:27.760000,2.0,1.0,,,0 days 00:00:27.926000,0 days 00:00:30.546000,0 days 00:00:29.288000,0 days 00:16:57.962000,0 days 00:17:28.508000,0 days 00:17:57.796000,295.0,311.0,275.0,321.0,True,MEDIUM,2.0,True,McLaren,0 days 00:16:30.036000,2026-09-04 10:34:00.018,1,,,,False,True,FP1,49.6,30.4,39.1
0 days 00:20:04.320000,NOR,1,0 days 00:02:06.524000,3.0,1.0,,,0 days 00:00:37.564000,0 days 00:00:50.339000,0 days 00:00:38.621000,0 days 00:18:35.360000,0 days 00:19:25.699000,0 days 00:20:04.320000,167.0,142.0,281.0,216.0,False,MEDIUM,3.0,True,McLaren,0 days 00:17:57.796000,2026-09-04 10:35:27.778,1,,,,False,True,FP1,49.6,30.4,39.1
0 days 00:21:28.846000,NOR,1,0 days 00:01:24.526000,4.0,1.0,,,0 days 00:00:27.601000,0 days 00:00:28.723000,0 days 00:00:28.202000,0 days 00:20:31.921000,0 days 00:21:00.644000,0 days 00:21:28.846000,295.0,318.0,282.0,320.0,True,MEDIUM,4.0,True,McLaren,0 days 00:20:04.320000,2026-09-04 10:37:34.302,1,,,,False,True,FP1,49.6,30.4,39.1
0 days 00:24:06.212000,NOR,1,,5.0,1.0,,,0 days 00:00:50.901000,0 days 00:01:01.442000,0 days 00:00:45.006000,0 days 00:22:19.907000,0 days 00:23:21.517000,0 days 00:24:06.301000,119.0,123.0,280.0,101.0,False,MEDIUM,5.0,True,McLaren,0 days 00:21:28.846000,2026-09-04 10:38:58.828,1,,,,False,False,FP1,49.6,30.4,39.1
0 days 00:25:30.406000,NOR,1,0 days 00:01:24.194000,6.0,1.0,,,0 days 00:00:27.529000,0 days 00:00:28.527000,0 days 00:00:28.138000,0 days 00:24:33.741000,0 days 00:25:02.268000,0 days 00:25:30.406000,297.0,316.0,286.0,320.0,True,MEDIUM,6.0,True,McLaren,0 days 00:24:06.212000,2026-09-04 10:41:36.194,1,,,,False,True,FP1,49.6,30.4,39.1
0 days 00:27:54.826000,NOR,1,0 days 00:02:24.420000,7.0,1.0,,,0 days 00:00:48.253000,0 days 00:00:55.013000,0 days 00:00:41.154000,0 days 00:26:18.659000,0 days 00:27:13.672000,0 days 00:27:54.826000,125.0,209.0,283.0,112.0,False,MEDIUM,7.0,True,McLaren,0 days 00:25:30.406000,2026-09-04 10:43:00.388,1,,,,False,True,FP1,49.6,30.4,39.1
0 days 00:29:18.545000,NOR,1,0 days 00:01:23.719000,8.0,1.0,,,0 days 00:00:27.434000,0 days 00:00:28.370000,0 days 00:00:27.915000,0 days 00:28:22.260000,0 days 00:28:50.630000,0 days 00:29:18.545000,299.0,320.0,285.0,322.0,True,MEDIUM,8.0,True,McLaren,0 days 00:27:54.826000,2026-09-04 10:45:24.808,1,,,,False,True,FP1,49.6,30.4,39.1
0 days 00:31:26.260000,NOR,1,0 days 00:02:07.715000,9.0,1.0,,0 days 00:31:22.451000,0 days 00:00:29.355000,0 days 00:00:44.984000,0 days 00:00:53.376000,0 days 00:29:47.900000,0 days 00:30:32.884000,0 days 00:31:26.260000,288.0,239.0,,271.0,False,MEDIUM,9.0,True,McLaren,0 days 00:29:18.545000,2026-09-04 10:46:48.527,126,,,,False,False,FP1,49.6,30.4,39.1
0 days 00:43:01.254000,NOR,1,,10.0,2.0,0 days 00:41:19.290000,,,0 days 00:00:31.692000,0 days 00:00:34.241000,,0 days 00:42:27.288000,0 days 00:43:01.405000,264.0,263.0,284.0,192.0,False,SOFT,1.0,True,McLaren,0 days 00:41:19.290000,2026-09-04 10:58:49.272,1,,,,False,False,FP1,49.6,30.4,39.1
0 days 00:44:25.875000,NOR,1,0 days 00:01:24.621000,11.0,2.0,,,0 days 00:00:27.441000,0 days 00:00:28.283000,0 days 00:00:28.897000,0 days 00:43:28.695000,0 days 00:43:56.978000,0 days 00:44:25.875000,295.0,313.0,281.0,320.0,False,SOFT,2.0,True,McLaren,0 days 00:43:01.254000,2026-09-04 11:00:31.236,1,,,,False,True,FP1,49.6,30.4,39.1
0 days 00:46:40.785000,NOR,1,0 days 00:02:14.910000,12.0,2.0,,,0 days 00:00:44.419000,0 days 00:00:54.417000,0 days 00:00:36.074000,0 days 00:45:10.294000,0 days 00:46:04.711000,0 days 00:46:40.785000,132.0,149.0,282.0,166.0,False,SOFT,3.0,True,McLaren,0 days 00:44:25.875000,2026-09-04 11:01:55.857,1,,,,False,True,FP1,49.6,30.4,39.1
0 days 00:48:04.809000,NOR,1,0 days 00:01:24.024000,13.0,2.0,,,0 days 00:00:27.501000,0 days 00:00:28.383000,0 days 00:00:28.140000,0 days 00:47:08.286000,0 days 00:47:36.669000,0 days 00:48:04.809000,291.0,315.0,280.0,317.0,False,SOFT,4.0,True,McLaren,0 days 00:46:40.785000,2026-09-04 11:04:10.767,1,,,,False,True,FP1,49.6,30.4,39.1
0 days 00:49:57.449000,NOR,1,0 days 00:01:52.640000,14.0,2.0,,0 days 00:49:53.472000,0 days 00:00:39.765000,0 days 00:00:37.117000,0 days 00:00:35.758000,0 days 00:48:44.574000,0 days 00:49:21.691000,0 days 00:49:57.449000,225.0,239.0,,175.0,False,SOFT,5.0,True,McLaren,0 days 00:48:04.809000,2026-09-04 11:05:34.791,1,,,,False,False,FP1,49.6,30.4,39.1
0 days 00:59:43.808000,NOR,1,,15.0,3.0,0 days 00:57:55.987000,,,0 days 00:00:29.984000,0 days 00:00:28.233000,,0 days 00:59:15.796000,0 days 00:59:43.808000,277.0,302.0,308.0,281.0,False,MEDIUM,10.0,False,McLaren,0 days 00:49:57.449000,2026-09-04 11:07:27.431,1,,,,False,False,FP1,49.6,30.4,39.1
0 days 01:01:10.552000,NOR,1,0 days 00:01:26.744000,16.0,3.0,,,0 days 00:00:28.625000,0 days 00:00:29.315000,0 days 00:00:28.804000,0 days 01:00:12.433000,0 days 01:00:41.748000,0 days 01:01:10.552000,287.0,306.0,289.0,285.0,False,MEDIUM,11.0,False,McLaren,0 days 00:59:43.808000,2026-09-04 11:17:13.790,1,,,,False,True,FP1,50.2,30.4,39.6
0 days 01:02:36.857000,NOR,1,0 days 00:01:26.305000,17.0,3.0,,,0 days 00:00:28.446000,0 days 00:00:29.263000,0 days 00:00:28.596000,0 days 01:01:38.998000,0 days 01:02:08.261000,0 days 01:02:36.857000,290.0,307.0,290.0,299.0,False,MEDIUM,12.0,False,McLaren,0 days 01:01:10.552000,2026-09-04 11:18:40.534,1,,,,False,True,FP1,50.2,30.4,39.6
0 days 01:04:03.374000,NOR,1,0 days 00:01:26.517000,18.0,3.0,,,0 days 00:00:28.456000,0 days 00:00:29.445000,0 days 00:00:28.616000,0 days 01:03:05.313000,0 days 01:03:34.758000,0 days 01:04:03.374000,289.0,308.0,291.0,301.0,False,MEDIUM,13.0,False,McLaren,0 days 01:02:36.857000,2026-09-04 11:20:06.839,1,,,,False,True,FP1,50.2,30.4,39.6
0 days 01:05:30.434000,NOR,1,0 days 00:01:27.060000,19.0,3.0,,,0 days 00:00:29.005000,0 days 00:00:29.642000,0 days 00:00:28.413000,0 days 01:04:32.379000,0 days 01:05:02.021000,0 days 01:05:30.434000,300.0,317.0,298.0,299.0,False,MEDIUM,14.0,False,McLaren,0 days 01:04:03.374000,2026-09-04 11:21:33.356,1,,,,False,True,FP1,50.2,30.4,39.6
0 days 01:06:56.644000,NOR,1,0 days 00:01:26.210000,20.0,3.0,,,0 days 00:00:28.203000,0 days 00:00:29.476000,0 days 00:00:28.531000,0 days 01:05:58.637000,0 days 01:06:28.113000,0 days 01:06:56.644000,297.0,319.0,305.0,311.0,False,MEDIUM,15.0,False,McLaren,0 days 01:05:30.434000,2026-09-04 11:23:00.416,1,,,,False,True,FP1,50.2,30.4,39.6
0 days 01:08:22.892000,NOR,1,0 days 00:01:26.248000,21.0,3.0,,,0 days 00:00:28.020000,0 days 00:00:29.601000,0 days 00:00:28.627000,0 days 01:07:24.664000,0 days 01:07:54.265000,0 days 01:08:22.892000,302.0,315.0,297.0,314.0,False,MEDIUM,16.0,False,McLaren,0 days 01:06:56.644000,2026-09-04 11:24:26.626,1,,,,False,True,FP1,50.2,30.4,39.6
0 days 01:09:49.846000,NOR,1,0 days 00:01:26.954000,22.0,3.0,,,0 days 00:00:28.552000,0 days 00:00:29.574000,0 days 00:00:28.828000,0 days 01:08:51.444000,0 days 01:09:21.018000,0 days 01:09:49.846000,288.0,306.0,293.0,301.0,False,MEDIUM,17.0,False,McLaren,0 days 01:08:22.892000,2026-09-04 11:25:52.874,1,,,,False,True,FP1,50.2,30.4,39.6
0 days 01:11:23.176000,NOR,1,0 days 00:01:33.330000,23.0,3.0,,0 days 01:11:19.365000,0 days 00:00:28.585000,0 days 00:00:29.569000,0 days 00:00:35.176000,0 days 01:10:18.431000,0 days 01:10:48,0 days 01:11:23.176000,287.0,307.0,,302.0,False,MEDIUM,18.0,False,McLaren,0 days 01:09:49.846000,2026-09-04 11:27:19.828,1,,,,False,False,FP1,49.5,30.4,39.1
0 days 01:13:14.128000,NOR,1,0 days 00:01:50.952000,24.0,4.0,0 days 01:11:46.631000,,0 days 00:00:52.042000,0 days 00:00:30.071000,0 days 00:00:28.839000,0 days 01:12:15.218000,0 days 01:12:45.289000,0 days 01:13:14.128000,290.0,311.0,294.0,264.0,False,SOFT,6.0,False,McLaren,0 days 01:11:23.176000,2026-09-04 11:28:53.158,1,,,,False,False,FP1,49.5,30.4,39.1
0 days 01:15:08.902000,NOR,1,0 days 00:01:54.774000,25.0,4.0,,,0 days 00:00:33.198000,0 days 00:00:37.384000,0 days 00:00:44.192000,0 days 01:13:47.326000,0 days 01:14:24.710000,0 days 01:15:08.902000,220.0,212.0,65.0,233.0,False,SOFT,7.0,False,McLaren,0 days 01:13:14.128000,2026-09-04 11:30:44.110,1,,,,False,True,FP1,49.5,30.4,39.1
0 days 01:17:36.223000,NOR,1,0 days 00:02:27.321000,26.0,4.0,,0 days 01:17:32.391000,0 days 00:01:08.283000,0 days 00:00:34.607000,0 days 00:00:44.431000,0 days 01:16:17.185000,0 days 01:16:51.792000,0 days 01:17:36.223000,300.0,200.0,,296.0,False,SOFT,8.0,False,McLaren,0 days 01:15:08.902000,2026-09-04 11:32:38.884,1,,,,False,False,FP1,49.5,30.4,39.1
0 days 00:15:04.675000,BOR,5,,1.0,1.0,0 days 00:13:21.417000,,,0 days 00:00:34.292000,0 days 00:00:33.493000,,0 days 00:14:31.321000,0 days 00:15:04.751000,258.0,266.0,256.0,165.0,False,MEDIUM,1.0,True,Audi,0 days 00:13:21.417000,2026-09-04 10:30:51.399,1,,,,False,False,FP1,49.5,30.4,39.1
0 days 00:16:49.533000,BOR,5,0 days 00:01:44.858000,2.0,1.0,,0 days 00:16:45.239000,0 days 00:00:31.776000,0 days 00:00:33.890000,0 days 00:00:39.192000,0 days 00:15:36.451000,0 days 00:16:10.341000,0 days 00:16:49.533000,272.0,280.0,,274.0,False,MEDIUM,2.0,True,Audi,0 days 00:15:04.675000,2026-09-04 10:32:34.657,1,,,,False,False,FP1,49.5,30.4,39.1
0 days 00:26:15.211000,BOR,5,,3.0,2.0,0 days 00:24:22.575000,,,0 days 00:00:33.027000,0 days 00:00:32.619000,,0 days 00:25:42.764000,0 days 00:26:15.355000,259.0,262.0,287.0,237.0,False,MEDIUM,3.0,False,Audi,0 days 00:16:49.533000,2026-09-04 10:34:19.515,1,,,,False,False,FP1,49.5,30.4,39.1
0 days 00:27:41.518000,BOR,5,0 days 00:01:26.307000,4.0,2.0,,,0 days 00:00:28.107000,0 days 00:00:29.182000,0 days 00:00:29.018000,0 days 00:26:43.318000,0 days 00:27:12.500000,0 days 00:27:41.518000,291.0,307.0,276.0,313.0,True,MEDIUM,4.0,False,Audi,0 days 00:26:15.211000,2026-09-04 10:43:45.193,1,,,,False,True,FP1,49.5,30.4,39.1
0 days 00:29:53.785000,BOR,5,0 days 00:02:12.267000,5.0,2.0,,,0 days 00:00:42.507000,0 days 00:00:48.476000,0 days 00:00:41.284000,0 days 00:28:24.025000,0 days 00:29:12.501000,0 days 00:29:53.785000,131.0,145.0,287.0,205.0,False,MEDIUM,5.0,False,Audi,0 days 00:27:41.518000,2026-09-04 10:45:11.500,12,,,,False,True,FP1,49.5,30.4,39.1
0 days 00:39:07.933000,BOR,5,,6.0,2.0,,0 days 00:32:43.476000,0 days 00:00:28.358000,0 days 00:01:16.813000,,0 days 00:30:22.365000,0 days 00:31:39.049000,,230.0,99.0,,313.0,False,MEDIUM,6.0,False,Audi,0 days 00:29:53.785000,2026-09-04 10:47:23.767,2651,,,,False,False,FP1,49.5,30.4,39.1
0 days 00:40:57.422000,BOR,5,,7.0,3.0,0 days 00:39:07.933000,,,0 days 00:00:33.127000,0 days 00:00:36.590000,,0 days 00:40:21.081000,0 days 00:40:57.605000,255.0,258.0,292.0,145.0,False,MEDIUM,7.0,False,Audi,0 days 00:39:07.933000,2026-09-04 10:56:37.915,1,,,,False,False,FP1,49.5,30.4,39.1
0 days 00:42:22.021000,BOR,5,0 days 00:01:24.599000,8.0,3.0,,,0 days 00:00:27.795000,0 days 00:00:28.648000,0 days 00:00:28.156000,0 days 00:41:25.217000,0 days 00:41:53.865000,0 days 00:42:22.021000,295.0,312.0,282.0,318.0,True,MEDIUM,8.0,False,Audi,0 days 00:40:57.422000,2026-09-04 10:58:27.404,1,,,,False,True,FP1,49.5,30.4,39.1
0 days 00:44:43.145000,BOR,5,0 days 00:02:21.124000,9.0,3.0,,,0 days 00:00:43.695000,0 days 00:00:59.299000,0 days 00:00:38.130000,0 days 00:43:05.716000,0 days 00:44:05.015000,0 days 00:44:43.145000,111.0,161.0,290.0,186.0,False,MEDIUM,9.0,False,Audi,0 days 00:42:22.021000,2026-09-04 10:59:52.003,1,,,,False,True,FP1,50.4,30.4,39.4
0 days 00:46:08.441000,BOR,5,0 days 00:01:25.296000,10.0,3.0,,,0 days 00:00:27.982000,0 days 00:00:28.743000,0 days 00:00:28.571000,0 days 00:45:11.127000,0 days 00:45:39.870000,0 days 00:46:08.441000,289.0,305.0,276.0,312.0,False,MEDIUM,10.0,False,Audi,0 days 00:44:43.145000,2026-09-04 11:02:13.127,1,,,,False,True,FP1,50.4,30.4,39.4
0 days 00:47:41.459000,BOR,5,0 days 00:01:33.018000,11.0,3.0,,0 days 00:47:37.715000,0 days 00:00:29.347000,0 days 00:00:29.313000,0 days 00:00:34.358000,0 days 00:46:37.788000,0 days 00:47:07.101000,0 days 00:47:41.459000,282.0,302.0,,285.0,False,MEDIUM,11.0,False,Audi,0 days 00:46:08.441000,2026-09-04 11:03:38.423,1,,,,False,False,FP1,50.4,30.4,39.4
0 days 01:03:16.077000,BOR,5,,12.0,4.0,0 days 01:01:32.627000,,,0 days 00:00:35.104000,0 days 00:00:33.992000,,0 days 01:02:42.258000,0 days 01:03:16.304000,264.0,236.0,292.0,186.0,False,SOFT,1.0,True,Audi,0 days 00:47:41.459000,2026-09-04 11:05:11.441,1,,,,False,False,FP1,50.4,30.4,39.4
0 days 01:04:40.083000,BOR,5,0 days 00:01:24.006000,13.0,4.0,,,0 days 00:00:27.854000,0 days 00:00:28.219000,0 days 00:00:27.933000,0 days 01:03:43.931000,0 days 01:04:12.150000,0 days 01:04:40.083000,293.0,311.0,283.0,314.0,True,SOFT,2.0,True,Audi,0 days 01:03:16.077000,2026-09-04 11:20:46.059,1,,,,False,True,FP1,50.4,30.4,39.4
0 days 01:06:12.392000,BOR,5,0 days 00:01:32.309000,14.0,4.0,,,0 days 00:00:32.674000,0 days 00:00:31.040000,0 days 00:00:28.595000,0 days 01:05:12.757000,0 days 01:05:43.797000,0 days 01:06:12.392000,272.0,302.0,306.0,230.0,False,SOFT,3.0,True,Audi,0 days 01:04:40.083000,2026-09-04 11:22:10.065,1,,,,False,True,FP1,50.4,30.4,39.4
0 days 01:07:38.889000,BOR,5,0 days 00:01:26.497000,15.0,4.0,,,0 days 00:00:28.591000,0 days 00:00:29.211000,0 days 00:00:28.695000,0 days 01:06:40.983000,0 days 01:07:10.194000,0 days 01:07:38.889000,284.0,304.0,312.0,296.0,False,SOFT,4.0,True,Audi,0 days 01:06:12.392000,2026-09-04 11:23:42.374,1,,,,False,True,FP1,50.4,30.4,39.4
0 days 01:09:04.852000,BOR,5,0 days 00:01:25.963000,16.0,4.0,,,0 days 00:00:28.689000,0 days 00:00:29.052000,0 days 00:00:28.222000,0 days 01:08:07.578000,0 days 01:08:36.630000,0 days 01:09:04.852000,291.0,309.0,309.0,293.0,False,SOFT,5.0,True,Audi,0 days 01:07:38.889000,2026-09-04 11:25:08.871,1,,,,False,True,FP1,50.4,30.4,39.4
0 days 01:10:31.244000,BOR,5,0 days 00:01:26.392000,17.0,4.0,,,0 days 00:00:28.471000,0 days 00:00:29.373000,0 days 00:00:28.548000,0 days 01:09:33.323000,0 days 01:10:02.696000,0 days 01:10:31.244000,293.0,312.0,308.0,309.0,False,SOFT,6.0,True,Audi,0 days 01:09:04.852000,2026-09-04 11:26:34.834,1,,,,False,True,FP1,50.4,30.4,39.4
0 days 01:11:56.514000,BOR,5,0 days 00:01:25.270000,18.0,4.0,,,0 days 00:00:28.065000,0 days 00:00:29.034000,0 days 00:00:28.171000,0 days 01:10:59.309000,0 days 01:11:28.343000,0 days 01:11:56.514000,293.0,312.0,307.0,299.0,False,SOFT,7.0,True,Audi,0 days 01:10:31.244000,2026-09-04 11:28:01.226,1,,,,False,True,FP1,50.4,30.4,39.4
0 days 01:13:21.894000,BOR,5,0 days 00:01:25.380000,19.0,4.0,,,0 days 00:00:27.937000,0 days 00:00:29.049000,0 days 00:00:28.394000,0 days 01:12:24.451000,0 days 01:12:53.500000,0 days 01:13:21.894000,290.0,308.0,306.0,298.0,False,SOFT,8.0,True,Audi,0 days 01:11:56.514000,2026-09-04 11:29:26.496,1,,,,False,True,FP1,50.4,30.4,39.4
0 days 01:15:36.723000,BOR,5,0 days 00:02:14.829000,20.0,4.0,,,0 days 00:00:36.968000,0 days 00:00:43.721000,0 days 00:00:54.140000,0 days 01:13:58.862000,0 days 01:14:42.583000,0 days 01:15:36.723000,165.0,164.0,49.0,236.0,False,SOFT,9.0,True,Audi,0 days 01:13:21.894000,2026-09-04 11:30:51.876,1,,,,False,True,FP1,50.4,30.4,39.4
0 days 01:17:48.077000,BOR,5,0 days 00:02:11.354000,21.0,4.0,,0 days 01:17:44.298000,0 days 00:01:03.344000,0 days 00:00:29.393000,0 days 00:00:38.617000,0 days 01:16:40.067000,0 days 01:17:09.460000,0 days 01:17:48.077000,294.0,303.0,,295.0,False,SOFT,10.0,True,Audi,0 days 01:15:36.723000,2026-09-04 11:33:06.705,1,,,,False,False,FP1,50.4,30.4,39.4
0 days 00:15:41.344000,ANT,12,,1.0,1.0,0 days 00:13:12.040000,,,0 days 00:00:37.905000,0 days 00:00:34.163000,,0 days 00:15:07.298000,0 days 00:15:41.503000,272.0,230.0,291.0,181.0,False,MEDIUM,1.0,True,Mercedes,0 days 00:13:12.040000,2026-09-04 10:30:42.022,1,,,,False,False,FP1,50.4,30.4,39.4
0 days 00:17:31.574000,ANT,12,0 days 00:01:50.230000,2.0,1.0,,,0 days 00:00:31.728000,0 days 00:00:43.798000,0 days 00:00:34.704000,0 days 00:16:13.072000,0 days 00:16:56.870000,0 days 00:17:31.574000,274.0,138.0,294.0,328.0,True,MEDIUM,2.0,True,Mercedes,0 days 00:15:41.344000,2026-09-04 10:33:11.326,1,,,,False,True,FP1,50.2,30.4,40.0
0 days 00:18:57.211000,ANT,12,0 days 00:01:25.637000,3.0,1.0,,,0 days 00:00:27.811000,0 days 00:00:28.943000,0 days 00:00:28.883000,0 days 00:17:59.385000,0 days 00:18:28.328000,0 days 00:18:57.211000,293.0,312.0,278.0,325.0,True,MEDIUM,3.0,True,Mercedes,0 days 00:17:31.574000,2026-09-04 10:35:01.556,1,,,,False,True,FP1,50.2,30.4,40.0
0 days 00:21:08.684000,ANT,12,0 days 00:02:11.473000,4.0,1.0,,,0 days 00:00:49.004000,0 days 00:00:48.560000,0 days 00:00:33.909000,0 days 00:19:46.215000,0 days 00:20:34.775000,0 days 00:21:08.684000,97.0,208.0,296.0,151.0,False,MEDIUM,4.0,True,Mercedes,0 days 00:18:57.211000,2026-09-04 10:36:27.193,1,,,,False,True,FP1,50.2,30.4,40.0
0 days 00:22:33.199000,ANT,12,0 days 00:01:24.515000,5.0,1.0,,,0 days 00:00:27.348000,0 days 00:00:28.604000,0 days 00:00:28.563000,0 days 00:21:36.032000,0 days 00:22:04.636000,0 days 00:22:33.199000,292.0,313.0,280.0,329.0,True,MEDIUM,5.0,True,Mercedes,0 days 00:21:08.684000,2026-09-04 10:38:38.666,1,,,,False,True,FP1,50.2,30.4,40.0
0 days 00:24:30.193000,ANT,12,0 days 00:01:56.994000,6.0,1.0,,0 days 00:24:26.444000,0 days 00:00:38.655000,0 days 00:00:40.094000,0 days 00:00:38.245000,0 days 00:23:11.854000,0 days 00:23:51.948000,0 days 00:24:30.193000,239.0,183.0,,219.0,False,MEDIUM,6.0,True,Mercedes,0 days 00:22:33.199000,2026-09-04 10:40:03.181,1,,,,False,False,FP1,50.2,30.4,40.0
0 days 00:38:32.467000,ANT,12,,7.0,2.0,0 days 00:29:49.807000,0 days 00:32:46.101000,,0 days 00:01:13.350000,,,0 days 00:31:41.779000,,96.0,108.0,,188.0,False,SOFT,1.0,True,Mercedes,0 days 00:24:30.193000,2026-09-04 10:42:00.175,1265,,,,False,False,FP1,50.2,30.4,40.0
0 days 00:40:11.338000,ANT,12,,8.0,3.0,0 days 00:38:32.467000,,,0 days 00:00:32.947000,0 days 00:00:31.696000,,0 days 00:39:39.816000,0 days 00:40:11.402000,233.0,268.0,294.0,239.0,False,SOFT,2.0,False,Mercedes,0 days 00:38:32.467000,2026-09-04 10:56:02.449,1,,,,False,False,FP1,50.2,30.4,40.0
0 days 00:41:34.982000,ANT,12,0 days 00:01:23.644000,9.0,3.0,,,0 days 00:00:27.277000,0 days 00:00:28.205000,0 days 00:00:28.162000,0 days 00:40:38.615000,0 days 00:41:06.820000,0 days 00:41:34.982000,292.0,315.0,280.0,324.0,True,SOFT,3.0,False,Mercedes,0 days 00:40:11.338000,2026-09-04 10:57:41.320,1,,,,False,True,FP1,50.2,30.4,40.0
0 days 00:43:21.717000,ANT,12,0 days 00:01:46.735000,10.0,3.0,,0 days 00:43:17.967000,0 days 00:00:36.111000,0 days 00:00:34.721000,0 days 00:00:35.903000,0 days 00:42:11.093000,0 days 00:42:45.814000,0 days 00:43:21.717000,206.0,285.0,,211.0,False,SOFT,4.0,False,Mercedes,0 days 00:41:34.982000,2026-09-04 10:59:04.964,1,,,,False,False,FP1,50.2,30.4,40.0
0 days 00:49:38.034000,ANT,12,,11.0,4.0,0 days 00:47:46.840000,,,0 days 00:00:30.282000,0 days 00:00:28.782000,,0 days 00:49:09.525000,0 days 00:49:38.075000,284.0,304.0,311.0,279.0,False,MEDIUM,7.0,False,Mercedes,0 days 00:43:21.717000,2026-09-04 11:00:51.699,1,,,,False,False,FP1,50.2,30.4,40.0
0 days 00:51:05.406000,ANT,12,0 days 00:01:27.372000,12.0,4.0,,,0 days 00:00:28.524000,0 days 00:00:29.839000,0 days 00:00:29.009000,0 days 00:50:06.558000,0 days 00:50:36.397000,0 days 00:51:05.406000,290.0,303.0,286.0,295.0,False,MEDIUM,8.0,False,Mercedes,0 days 00:49:38.034000,2026-09-04 11:07:08.016,1,,,,False,True,FP1,50.2,30.4,40.0
0 days 00:52:32.607000,ANT,12,0 days 00:01:27.201000,13.0,4.0,,,0 days 00:00:28.785000,0 days 00:00:29.641000,0 days 00:00:28.775000,0 days 00:51:34.191000,0 days 00:52:03.832000,0 days 00:52:32.607000,290.0,304.0,292.0,295.0,False,MEDIUM,9.0,False,Mercedes,0 days 00:51:05.406000,2026-09-04 11:08:35.388,1,,,,False,True,FP1,50.2,30.4,40.0
0 days 00:53:59.580000,ANT,12,0 days 00:01:26.973000,14.0,4.0,,,0 days 00:00:28.775000,0 days 00:00:29.526000,0 days 00:00:28.672000,0 days 00:53:01.382000,0 days 00:53:30.908000,0 days 00:53:59.580000,289.0,303.0,290.0,299.0,False,MEDIUM,10.0,False,Mercedes,0 days 00:52:32.607000,2026-09-04 11:10:02.589,1,,,,False,True,FP1,50.2,30.4,40.0
0 days 00:55:26.121000,ANT,12,0 days 00:01:26.541000,15.0,4.0,,,0 days 00:00:28.646000,0 days 00:00:29.423000,0 days 00:00:28.472000,0 days 00:54:28.226000,0 days 00:54:57.649000,0 days 00:55:26.121000,289.0,303.0,296.0,297.0,False,MEDIUM,11.0,False,Mercedes,0 days 00:53:59.580000,2026-09-04 11:11:29.562,1,,,,False,True,FP1,50.3,30.5,39.5
0 days 00:56:52.760000,ANT,12,0 days 00:01:26.639000,16.0,4.0,,,0 days 00:00:28.631000,0 days 00:00:29.437000,0 days 00:00:28.571000,0 days 00:55:54.752000,0 days 00:56:24.189000,0 days 00:56:52.760000,289.0,303.0,300.0,296.0,False,MEDIUM,12.0,False,Mercedes,0 days 00:55:26.121000,2026-09-04 11:12:56.103,1,,,,False,True,FP1,50.3,30.5,39.5
0 days 00:58:19.063000,ANT,12,0 days 00:01:26.303000,17.0,4.0,,,0 days 00:00:28.560000,0 days 00:00:29.350000,0 days 00:00:28.393000,0 days 00:57:21.320000,0 days 00:57:50.670000,0 days 00:58:19.063000,289.0,305.0,298.0,297.0,False,MEDIUM,13.0,False,Mercedes,0 days 00:56:52.760000,2026-09-04 11:14:22.742,1,,,,False,True,FP1,50.3,30.5,39.5
0 days 00:59:45.355000,ANT,12,0 days 00:01:26.292000,18.0,4.0,,,0 days 00:00:28.398000,0 days 00:00:29.470000,0 days 00:00:28.424000,0 days 00:58:47.461000,0 days 00:59:16.931000,0 days 00:59:45.355000,291.0,312.0,300.0,297.0,False,MEDIUM,14.0,False,Mercedes,0 days 00:58:19.063000,2026-09-04 11:15:49.045,1,,,,False,True,FP1,50.3,30.5,39.5
0 days 01:01:11.327000,ANT,12,0 days 00:01:25.972000,19.0,4.0,,,0 days 00:00:28.286000,0 days 00:00:29.327000,0 days 00:00:28.359000,0 days 01:00:13.641000,0 days 01:00:42.968000,0 days 01:01:11.327000,294.0,311.0,303.0,304.0,False,MEDIUM,15.0,False,Mercedes,0 days 00:59:45.355000,2026-09-04 11:17:15.337,1,,,,False,True,FP1,50.3,30.5,39.5
0 days 01:02:37.537000,ANT,12,0 days 00:01:26.210000,20.0,4.0,,,0 days 00:00:28.377000,0 days 00:00:29.506000,0 days 00:00:28.327000,0 days 01:01:39.704000,0 days 01:02:09.210000,0 days 01:02:37.537000,297.0,312.0,303.0,313.0,False,MEDIUM,16.0,False,Mercedes,0 days 01:01:11.327000,2026-09-04 11:18:41.309,1,,,,False,True,FP1,50.3,30.5,39.5
0 days 01:04:03.739000,ANT,12,0 days 00:01:26.202000,21.0,4.0,,,0 days 00:00:28.228000,0 days 00:00:29.498000,0 days 00:00:28.476000,0 days 01:03:05.765000,0 days 01:03:35.263000,0 days 01:04:03.739000,298.0,318.0,306.0,316.0,False,MEDIUM,17.0,False,Mercedes,0 days 01:02:37.537000,2026-09-04 11:20:07.519,1,,,,False,True,FP1,50.3,30.5,39.5
0 days 01:05:29.560000,ANT,12,0 days 00:01:25.821000,22.0,4.0,,,0 days 00:00:28.277000,0 days 00:00:29.297000,0 days 00:00:28.247000,0 days 01:04:32.016000,0 days 01:05:01.313000,0 days 01:05:29.560000,294.0,310.0,302.0,303.0,False,MEDIUM,18.0,False,Mercedes,0 days 01:04:03.739000,2026-09-04 11:21:33.721,1,,,,False,True,FP1,50.3,30.5,39.5
0 days 01:06:55.858000,ANT,12,0 days 00:01:26.298000,23.0,4.0,,,0 days 00:00:28.307000,0 days 00:00:29.619000,0 days 00:00:28.372000,0 days 01:05:57.867000,0 days 01:06:27.486000,0 days 01:06:55.858000,293.0,307.0,302.0,302.0,False,MEDIUM,19.0,False,Mercedes,0 days 01:05:29.560000,2026-09-04 11:22:59.542,1,,,,False,True,FP1,50.3,30.5,39.5
0 days 01:08:32.088000,ANT,12,0 days 00:01:36.230000,24.0,4.0,,0 days 01:08:28.345000,0 days 00:00:28.297000,0 days 00:00:30.169000,0 days 00:00:37.764000,0 days 01:07:24.155000,0 days 01:07:54.324000,0 days 01:08:32.088000,293.0,230.0,,306.0,False,MEDIUM,20.0,False,Mercedes,0 days 01:06:55.858000,2026-09-04 11:24:25.840,1,,,,False,False,FP1,50.3,30.5,39.5
0 days 01:14:00.867000,ANT,12,,25.0,5.0,0 days 01:11:50.733000,,,0 days 00:00:38.432000,0 days 00:00:35.340000,,0 days 01:13:25.695000,0 days 01:14:01.016000,179.0,159.0,271.0,266.0,False,SOFT,5.0,False,Mercedes,0 days 01:08:32.088000,2026-09-04 11:26:02.070,1,,,,False,False,FP1,50.3,30.5,39.5
0 days 01:15:52.275000,ANT,12,0 days 00:01:51.408000,26.0,5.0,,,0 days 00:00:33.718000,0 days 00:00:33.217000,0 days 00:00:44.473000,0 days 01:14:34.585000,0 days 01:15:07.802000,0 days 01:15:52.275000,238.0,235.0,47.0,239.0,False,SOFT,6.0,False,Mercedes,0 days 01:14:00.867000,2026-09-04 11:31:30.849,1,,,,False,True,FP1,50.3,30.5,39.5
0 days 01:18:21.565000,ANT,12,0 days 00:02:29.290000,27.0,5.0,,0 days 01:18:17.830000,0 days 00:01:19.112000,0 days 00:00:30.494000,0 days 00:00:39.684000,0 days 01:17:11.387000,0 days 01:17:41.881000,0 days 01:18:21.565000,288.0,254.0,,298.0,False,SOFT,7.0,False,Mercedes,0 days 01:15:52.275000,2026-09-04 11:33:22.257,1,,,,False,False,FP1,50.3,30.5,39.5
0 days 00:14:43.147000,ALO,14,,1.0,1.0,0 days 00:13:01.894000,,,0 days 00:00:34.610000,0 days 00:00:32.987000,,0 days 00:14:10.358000,0 days 00:14:43.189000,261.0,281.0,290.0,194.0,False,HARD,1.0,True,Aston Martin,0 days 00:13:01.894000,2026-09-04 10:30:31.876,1,,,,False,False,FP1,50.3,30.5,39.5
0 days 00:16:23.230000,ALO,14,0 days 00:01:40.083000,2.0,1.0,,,0 days 00:00:31.898000,0 days 00:00:36.568000,0 days 00:00:31.617000,0 days 00:15:15.045000,0 days 00:15:51.613000,0 days 00:16:23.230000,263.0,282.0,289.0,263.0,True,HARD,2.0,True,Aston Martin,0 days 00:14:43.147000,2026-09-04 10:32:13.129,1,,,,False,True,FP1,50.3,30.5,39.5
0 days 00:18:15.105000,ALO,14,0 days 00:01:51.875000,3.0,1.0,,0 days 00:18:11.217000,0 days 00:00:31.873000,0 days 00:00:38.650000,0 days 00:00:41.352000,0 days 00:16:55.103000,0 days 00:17:33.753000,0 days 00:18:15.105000,249.0,241.0,,244.0,False,HARD,3.0,True,Aston Martin,0 days 00:16:23.230000,2026-09-04 10:33:53.212,1,,,,False,False,FP1,50.3,30.5,39.5
0 days 00:30:43.366000,ALO,14,,4.0,2.0,0 days 00:28:52.575000,,,0 days 00:00:37.922000,0 days 00:00:39.292000,,0 days 00:30:04.737000,0 days 00:30:43.366000,264.0,277.0,227.0,180.0,False,HARD,4.0,False,Aston Martin,0 days 00:18:15.105000,2026-09-04 10:35:45.087,126,,,,False,False,FP1,50.4,30.6,39.4
0 days 00:38:38.405000,ALO,14,,5.0,2.0,,0 days 00:33:03.167000,0 days 00:00:40.918000,,,0 days 00:31:24.352000,,,240.0,,,163.0,False,HARD,5.0,False,Aston Martin,0 days 00:30:43.366000,2026-09-04 10:48:13.348,6512,,,,False,False,FP1,50.4,30.6,39.4
0 days 00:40:17.748000,ALO,14,,6.0,3.0,0 days 00:38:38.405000,,,0 days 00:00:32.717000,0 days 00:00:31.314000,,0 days 00:39:46.568000,0 days 00:40:17.886000,264.0,288.0,288.0,190.0,False,HARD,6.0,False,Aston Martin,0 days 00:38:38.405000,2026-09-04 10:56:08.387,1,,,,False,False,FP1,50.4,30.6,39.4
0 days 00:41:46.476000,ALO,14,0 days 00:01:28.728000,7.0,3.0,,,0 days 00:00:29.004000,0 days 00:00:30.355000,0 days 00:00:29.369000,0 days 00:40:46.752000,0 days 00:41:17.107000,0 days 00:41:46.476000,279.0,295.0,272.0,302.0,True,HARD,7.0,False,Aston Martin,0 days 00:40:17.748000,2026-09-04 10:57:47.730,1,,,,False,True,FP1,50.4,30.6,39.4
0 days 00:43:36.566000,ALO,14,0 days 00:01:50.090000,8.0,3.0,,,0 days 00:00:36.728000,0 days 00:00:40.399000,0 days 00:00:32.963000,0 days 00:42:23.204000,0 days 00:43:03.603000,0 days 00:43:36.566000,226.0,263.0,280.0,170.0,False,HARD,8.0,False,Aston Martin,0 days 00:41:46.476000,2026-09-04 10:59:16.458,1,,,,False,True,FP1,50.4,30.6,39.4
0 days 00:45:03.959000,ALO,14,0 days 00:01:27.393000,9.0,3.0,,,0 days 00:00:28.683000,0 days 00:00:29.674000,0 days 00:00:29.036000,0 days 00:44:05.249000,0 days 00:44:34.923000,0 days 00:45:03.959000,278.0,294.0,272.0,306.0,True,HARD,9.0,False,Aston Martin,0 days 00:43:36.566000,2026-09-04 11:01:06.548,1,,,,False,True,FP1,50.4,30.6,39.4
0 days 00:46:59.423000,ALO,14,0 days 00:01:55.464000,10.0,3.0,,,0 days 00:00:38.869000,0 days 00:00:39.894000,0 days 00:00:36.701000,0 days 00:45:42.828000,0 days 00:46:22.722000,0 days 00:46:59.423000,194.0,173.0,284.0,194.0,False,HARD,10.0,False,Aston Martin,0 days 00:45:03.959000,2026-09-04 11:02:33.941,1,,,,False,True,FP1,50.4,30.6,39.4
0 days 00:48:25.566000,ALO,14,0 days 00:01:26.143000,11.0,3.0,,,0 days 00:00:28.275000,0 days 00:00:29.177000,0 days 00:00:28.691000,0 days 00:47:27.698000,0 days 00:47:56.875000,0 days 00:48:25.566000,281.0,301.0,274.0,313.0,True,HARD,11.0,False,Aston Martin,0 days 00:46:59.423000,2026-09-04 11:04:29.405,1,,,,False,True,FP1,50.4,30.6,39.4
0 days 00:50:16.344000,ALO,14,0 days 00:01:50.778000,12.0,3.0,,0 days 00:50:12.556000,0 days 00:00:35.635000,0 days 00:00:36.262000,0 days 00:00:38.881000,0 days 00:49:01.201000,0 days 00:49:37.463000,0 days 00:50:16.344000,256.0,254.0,,219.0,False,HARD,12.0,False,Aston Martin,0 days 00:48:25.566000,2026-09-04 11:05:55.548,1,,,,False,False,FP1,50.4,30.6,39.4
0 days 01:03:17.116000,ALO,14,,13.0,4.0,0 days 01:01:40.032000,,,0 days 00:00:34.193000,0 days 00:00:31.772000,,0 days 01:02:45.507000,0 days 01:03:17.257000,258.0,281.0,287.0,243.0,False,MEDIUM,1.0,True,Aston Martin,0 days 00:50:16.344000,2026-09-04 11:07:46.326,1,,,,False,False,FP1,50.7,30.6,38.9
0 days 01:04:42.896000,ALO,14,0 days 00:01:25.780000,14.0,4.0,,,0 days 00:00:28.088000,0 days 00:00:29.162000,0 days 00:00:28.530000,0 days 01:03:45.204000,0 days 01:04:14.366000,0 days 01:04:42.896000,284.0,300.0,274.0,318.0,False,MEDIUM,2.0,True,Aston Martin,0 days 01:03:17.116000,2026-09-04 11:20:47.098,1,,,,False,True,FP1,50.7,30.6,38.9
0 days 01:07:06.856000,ALO,14,0 days 00:02:23.960000,15.0,4.0,,0 days 01:07:03.122000,0 days 00:00:50.438000,0 days 00:00:47.725000,0 days 00:00:45.797000,0 days 01:05:33.334000,0 days 01:06:21.059000,0 days 01:07:06.856000,206.0,171.0,,120.0,False,MEDIUM,3.0,True,Aston Martin,0 days 01:04:42.896000,2026-09-04 11:22:12.878,1,,,,False,False,FP1,50.7,30.6,38.9
0 days 01:09:07.876000,ALO,14,0 days 00:02:01.020000,16.0,5.0,0 days 01:07:21.821000,,0 days 00:00:49.553000,0 days 00:00:34.659000,0 days 00:00:36.808000,0 days 01:07:56.409000,0 days 01:08:31.068000,0 days 01:09:07.876000,255.0,273.0,284.0,195.0,False,MEDIUM,4.0,False,Aston Martin,0 days 01:07:06.856000,2026-09-04 11:24:36.838,1,,,,False,False,FP1,50.7,30.6,38.9
0 days 01:10:34.130000,ALO,14,0 days 00:01:26.254000,17.0,5.0,,,0 days 00:00:28.266000,0 days 00:00:29.217000,0 days 00:00:28.771000,0 days 01:09:36.142000,0 days 01:10:05.359000,0 days 01:10:34.130000,282.0,300.0,271.0,312.0,False,MEDIUM,5.0,False,Aston Martin,0 days 01:09:07.876000,2026-09-04 11:26:37.858,1,,,,False,True,FP1,50.7,30.6,38.9
0 days 01:12:27.499000,ALO,14,0 days 00:01:53.369000,18.0,5.0,,,0 days 00:00:34.936000,0 days 00:00:38.990000,0 days 00:00:39.443000,0 days 01:11:09.066000,0 days 01:11:48.056000,0 days 01:12:27.499000,182.0,264.0,283.0,248.0,False,MEDIUM,6.0,False,Aston Martin,0 days 01:10:34.130000,2026-09-04 11:28:04.112,1,,,,False,True,FP1,50.7,30.6,38.9
0 days 01:13:53.571000,ALO,14,0 days 00:01:26.072000,19.0,5.0,,,0 days 00:00:28.122000,0 days 00:00:29.130000,0 days 00:00:28.820000,0 days 01:12:55.621000,0 days 01:13:24.751000,0 days 01:13:53.571000,283.0,302.0,271.0,310.0,True,MEDIUM,7.0,False,Aston Martin,0 days 01:12:27.499000,2026-09-04 11:29:57.481,1,,,,False,True,FP1,50.7,30.6,38.9
0 days 01:15:57.439000,ALO,14,0 days 00:02:03.868000,20.0,5.0,,,0 days 00:00:38.976000,0 days 00:00:34.872000,0 days 00:00:50.020000,0 days 01:14:32.547000,0 days 01:15:07.419000,0 days 01:15:57.439000,210.0,217.0,53.0,123.0,False,MEDIUM,8.0,False,Aston Martin,0 days 01:13:53.571000,2026-09-04 11:31:23.553,1,,,,False,True,FP1,50.7,30.6,38.9
0 days 01:18:36.081000,ALO,14,,21.0,5.0,,0 days 01:18:32.206000,0 days 00:01:20.244000,0 days 00:00:32.661000,0 days 00:00:45.669000,0 days 01:17:17.905000,0 days 01:17:50.517000,0 days 01:18:36.081000,267.0,225.0,,290.0,False,MEDIUM,9.0,False,Aston Martin,0 days 01:15:57.439000,2026-09-04 11:33:27.421,1,,,,False,False,FP1,50.7,30.6,38.9
0 days 00:15:26.898000,LEC,16,,1.0,1.0,0 days 00:13:29.385000,,,0 days 00:00:35.728000,0 days 00:00:38.770000,,0 days 00:14:48.417000,0 days 00:15:27.102000,260.0,266.0,272.0,160.0,False,HARD,1.0,True,Ferrari,0 days 00:13:29.385000,2026-09-04 10:30:59.367,1,,,,False,False,FP1,50.5,30.6,38.8
0 days 00:16:53.771000,LEC,16,0 days 00:01:26.873000,2.0,1.0,,,0 days 00:00:28.391000,0 days 00:00:29.504000,0 days 00:00:28.978000,0 days 00:15:55.289000,0 days 00:16:24.793000,0 days 00:16:53.771000,284.0,304.0,272.0,314.0,True,HARD,2.0,True,Ferrari,0 days 00:15:26.898000,2026-09-04 10:32:56.880,1,,,,False,True,FP1,50.5,30.6,38.8
0 days 00:18:58.626000,LEC,16,0 days 00:02:04.855000,3.0,1.0,,,0 days 00:00:41.577000,0 days 00:00:48.567000,0 days 00:00:34.711000,0 days 00:17:35.348000,0 days 00:18:23.915000,0 days 00:18:58.626000,179.0,153.0,282.0,164.0,False,HARD,3.0,True,Ferrari,0 days 00:16:53.771000,2026-09-04 10:34:23.753,1,,,,False,True,FP1,50.5,30.6,38.8
0 days 00:20:23.108000,LEC,16,0 days 00:01:24.482000,4.0,1.0,,,0 days 00:00:27.760000,0 days 00:00:28.541000,0 days 00:00:28.181000,0 days 00:19:26.386000,0 days 00:19:54.927000,0 days 00:20:23.108000,289.0,307.0,278.0,318.0,True,HARD,4.0,True,Ferrari,0 days 00:18:58.626000,2026-09-04 10:36:28.608,1,,,,False,True,FP1,50.5,30.6,38.8
0 days 00:22:34.909000,LEC,16,0 days 00:02:11.801000,5.0,1.0,,,0 days 00:00:42.126000,0 days 00:00:50.304000,0 days 00:00:39.371000,0 days 00:21:05.234000,0 days 00:21:55.538000,0 days 00:22:34.909000,167.0,189.0,283.0,177.0,False,HARD,5.0,True,Ferrari,0 days 00:20:23.108000,2026-09-04 10:37:53.090,1,,,,False,True,FP1,50.5,30.6,38.8
0 days 00:24:08.815000,LEC,16,0 days 00:01:33.906000,6.0,1.0,,,0 days 00:00:27.831000,0 days 00:00:31.041000,0 days 00:00:35.034000,0 days 00:23:02.740000,0 days 00:23:33.781000,0 days 00:24:08.815000,288.0,240.0,286.0,310.0,False,HARD,6.0,True,Ferrari,0 days 00:22:34.909000,2026-09-04 10:40:04.891,1,,,,False,True,FP1,50.5,30.6,38.8
0 days 00:25:52.957000,LEC,16,0 days 00:01:44.142000,7.0,1.0,,,0 days 00:00:27.504000,0 days 00:00:36.333000,0 days 00:00:40.305000,0 days 00:24:36.319000,0 days 00:25:12.652000,0 days 00:25:52.957000,293.0,214.0,284.0,324.0,False,HARD,7.0,True,Ferrari,0 days 00:24:08.815000,2026-09-04 10:41:38.797,1,,,,False,True,FP1,50.5,30.6,38.8
0 days 00:27:43.364000,LEC,16,0 days 00:01:50.407000,8.0,1.0,,,0 days 00:00:27.456000,0 days 00:00:39.620000,0 days 00:00:43.331000,0 days 00:26:20.413000,0 days 00:27:00.033000,0 days 00:27:43.364000,299.0,176.0,286.0,327.0,False,HARD,8.0,True,Ferrari,0 days 00:25:52.957000,2026-09-04 10:43:22.939,1,,,,False,True,FP1,50.6,30.6,38.8
0 days 00:29:07.387000,LEC,16,0 days 00:01:24.023000,9.0,1.0,,,0 days 00:00:27.525000,0 days 00:00:28.414000,0 days 00:00:28.084000,0 days 00:28:10.889000,0 days 00:28:39.303000,0 days 00:29:07.387000,290.0,310.0,276.0,324.0,True,HARD,9.0,True,Ferrari,0 days 00:27:43.364000,2026-09-04 10:45:13.346,1,,,,False,True,FP1,50.6,30.6,38.8
0 days 00:31:24.962000,LEC,16,0 days 00:02:17.575000,10.0,1.0,,0 days 00:31:21.267000,0 days 00:00:36.193000,0 days 00:00:42.565000,0 days 00:00:58.817000,0 days 00:29:43.580000,0 days 00:30:26.145000,0 days 00:31:24.962000,241.0,236.0,,186.0,False,HARD,10.0,True,Ferrari,0 days 00:29:07.387000,2026-09-04 10:46:37.369,126,,,,False,False,FP1,50.6,30.6,38.8
0 days 00:41:15.928000,LEC,16,,11.0,2.0,0 days 00:39:29.268000,,,0 days 00:00:33.935000,0 days 00:00:32.562000,,0 days 00:40:43.568000,0 days 00:41:16.024000,271.0,293.0,293.0,157.0,False,MEDIUM,1.0,True,Ferrari,0 days 00:39:29.268000,2026-09-04 10:56:59.250,1,,,,False,False,FP1,50.6,30.6,38.8
0 days 00:42:38.936000,LEC,16,0 days 00:01:23.008000,12.0,2.0,,,0 days 00:00:27.224000,0 days 00:00:28.105000,0 days 00:00:27.679000,0 days 00:41:43.152000,0 days 00:42:11.257000,0 days 00:42:38.936000,293.0,316.0,282.0,331.0,True,MEDIUM,2.0,True,Ferrari,0 days 00:41:15.928000,2026-09-04 10:58:45.910,1,,,,False,True,FP1,50.6,30.6,38.8
0 days 00:44:55.695000,LEC,16,0 days 00:02:16.759000,13.0,2.0,,,0 days 00:00:43.298000,0 days 00:00:53.665000,0 days 00:00:39.796000,0 days 00:43:22.234000,0 days 00:44:15.899000,0 days 00:44:55.695000,120.0,163.0,289.0,167.0,False,MEDIUM,3.0,True,Ferrari,0 days 00:42:38.936000,2026-09-04 11:00:08.918,1,,,,False,True,FP1,50.6,30.6,38.8
0 days 00:46:43.448000,LEC,16,0 days 00:01:47.753000,14.0,2.0,,,0 days 00:00:27.396000,0 days 00:00:42.802000,0 days 00:00:37.555000,0 days 00:45:23.091000,0 days 00:46:05.893000,0 days 00:46:43.448000,291.0,144.0,288.0,326.0,False,MEDIUM,4.0,True,Ferrari,0 days 00:44:55.695000,2026-09-04 11:02:25.677,1,,,,False,True,FP1,50.6,30.6,38.8
0 days 00:48:21.145000,LEC,16,0 days 00:01:37.697000,15.0,2.0,,0 days 00:48:17.439000,0 days 00:00:27.394000,0 days 00:00:28.733000,0 days 00:00:41.570000,0 days 00:47:10.842000,0 days 00:47:39.575000,0 days 00:48:21.145000,292.0,280.0,,324.0,False,MEDIUM,5.0,True,Ferrari,0 days 00:46:43.448000,2026-09-04 11:04:13.430,1,,,,False,False,FP1,50.3,30.7,38.9
0 days 00:50:46.595000,LEC,16,0 days 00:02:25.450000,16.0,3.0,0 days 00:48:38.903000,0 days 00:50:42.868000,0 days 00:01:13.997000,0 days 00:00:33.412000,0 days 00:00:38.041000,0 days 00:49:35.142000,0 days 00:50:08.554000,0 days 00:50:46.595000,196.0,276.0,,164.0,False,MEDIUM,6.0,False,Ferrari,0 days 00:48:21.145000,2026-09-04 11:05:51.127,1,,,,False,False,FP1,50.3,30.7,38.9
0 days 00:58:13.001000,LEC,16,,17.0,4.0,0 days 00:56:19.199000,,,0 days 00:00:30.735000,0 days 00:00:28.792000,,0 days 00:57:44.359000,0 days 00:58:13.076000,273.0,292.0,318.0,238.0,False,MEDIUM,7.0,False,Ferrari,0 days 00:50:46.595000,2026-09-04 11:08:16.577,1,,,,False,False,FP1,50.3,30.7,38.9
0 days 00:59:39.924000,LEC,16,0 days 00:01:26.923000,18.0,4.0,,,0 days 00:00:28.273000,0 days 00:00:29.877000,0 days 00:00:28.773000,0 days 00:58:41.274000,0 days 00:59:11.151000,0 days 00:59:39.924000,280.0,300.0,307.0,314.0,False,MEDIUM,8.0,False,Ferrari,0 days 00:58:13.001000,2026-09-04 11:15:42.983,1,,,,False,True,FP1,50.3,30.7,38.9
0 days 01:01:06.353000,LEC,16,0 days 00:01:26.429000,19.0,4.0,,,0 days 00:00:28.580000,0 days 00:00:29.335000,0 days 00:00:28.514000,0 days 01:00:08.504000,0 days 01:00:37.839000,0 days 01:01:06.353000,281.0,305.0,310.0,306.0,False,MEDIUM,9.0,False,Ferrari,0 days 00:59:39.924000,2026-09-04 11:17:09.906,1,,,,False,True,FP1,50.3,30.7,38.9
0 days 01:02:33.058000,LEC,16,0 days 00:01:26.705000,20.0,4.0,,,0 days 00:00:28.803000,0 days 00:00:29.379000,0 days 00:00:28.523000,0 days 01:01:35.156000,0 days 01:02:04.535000,0 days 01:02:33.058000,281.0,302.0,303.0,309.0,False,MEDIUM,10.0,False,Ferrari,0 days 01:01:06.353000,2026-09-04 11:18:36.335,1,,,,False,True,FP1,50.3,30.7,38.9
0 days 01:04:00.020000,LEC,16,0 days 00:01:26.962000,21.0,4.0,,,0 days 00:00:28.657000,0 days 00:00:29.735000,0 days 00:00:28.570000,0 days 01:03:01.715000,0 days 01:03:31.450000,0 days 01:04:00.020000,283.0,300.0,308.0,310.0,False,MEDIUM,11.0,False,Ferrari,0 days 01:02:33.058000,2026-09-04 11:20:03.040,1,,,,False,True,FP1,50.3,30.7,38.9
0 days 01:05:26.445000,LEC,16,0 days 00:01:26.425000,22.0,4.0,,,0 days 00:00:28.609000,0 days 00:00:29.381000,0 days 00:00:28.435000,0 days 01:04:28.629000,0 days 01:04:58.010000,0 days 01:05:26.445000,283.0,307.0,310.0,312.0,False,MEDIUM,12.0,False,Ferrari,0 days 01:04:00.020000,2026-09-04 11:21:30.002,1,,,,False,True,FP1,50.3,30.7,38.9
0 days 01:06:53.081000,LEC,16,0 days 00:01:26.636000,23.0,4.0,,,0 days 00:00:28.408000,0 days 00:00:29.998000,0 days 00:00:28.230000,0 days 01:05:54.853000,0 days 01:06:24.851000,0 days 01:06:53.081000,285.0,299.0,324.0,315.0,False,MEDIUM,13.0,False,Ferrari,0 days 01:05:26.445000,2026-09-04 11:22:56.427,1,,,,False,True,FP1,50.1,30.7,39.4
0 days 01:08:19.486000,LEC,16,0 days 00:01:26.405000,24.0,4.0,,,0 days 00:00:27.667000,0 days 00:00:29.947000,0 days 00:00:28.791000,0 days 01:07:20.748000,0 days 01:07:50.695000,0 days 01:08:19.486000,301.0,300.0,303.0,324.0,False,MEDIUM,14.0,False,Ferrari,0 days 01:06:53.081000,2026-09-04 11:24:23.063,1,,,,False,True,FP1,50.1,30.7,39.4
0 days 01:09:45.768000,LEC,16,0 days 00:01:26.282000,25.0,4.0,,,0 days 00:00:28.463000,0 days 00:00:29.365000,0 days 00:00:28.454000,0 days 01:08:47.949000,0 days 01:09:17.314000,0 days 01:09:45.768000,289.0,318.0,329.0,316.0,False,MEDIUM,15.0,False,Ferrari,0 days 01:08:19.486000,2026-09-04 11:25:49.468,1,,,,False,True,FP1,50.1,30.7,39.4
0 days 01:11:11.704000,LEC,16,0 days 00:01:25.936000,26.0,4.0,,,0 days 00:00:27.939000,0 days 00:00:29.432000,0 days 00:00:28.565000,0 days 01:10:13.707000,0 days 01:10:43.139000,0 days 01:11:11.704000,284.0,303.0,308.0,320.0,False,MEDIUM,16.0,False,Ferrari,0 days 01:09:45.768000,2026-09-04 11:27:15.750,1,,,,False,True,FP1,50.1,30.7,39.4
0 days 01:12:37.857000,LEC,16,0 days 00:01:26.153000,27.0,4.0,,,0 days 00:00:28.372000,0 days 00:00:29.434000,0 days 00:00:28.347000,0 days 01:11:40.076000,0 days 01:12:09.510000,0 days 01:12:37.857000,286.0,309.0,307.0,314.0,False,MEDIUM,17.0,False,Ferrari,0 days 01:11:11.704000,2026-09-04 11:28:41.686,1,,,,False,True,FP1,50.1,30.7,39.4
0 days 01:15:00.591000,LEC,16,0 days 00:02:22.734000,28.0,4.0,,,0 days 00:00:41.950000,0 days 00:00:46.947000,0 days 00:00:53.837000,0 days 01:13:19.807000,0 days 01:14:06.754000,0 days 01:15:00.591000,143.0,175.0,64.0,208.0,False,MEDIUM,18.0,False,Ferrari,0 days 01:12:37.857000,2026-09-04 11:30:07.839,1,,,,False,True,FP1,50.1,30.7,39.4
0 days 01:17:31.391000,LEC,16,,29.0,4.0,,0 days 01:17:27.405000,0 days 00:01:14.612000,0 days 00:00:37.476000,0 days 00:00:38.600000,0 days 01:16:15.393000,0 days 01:16:52.855000,0 days 01:17:31.391000,260.0,238.0,,261.0,False,MEDIUM,19.0,False,Ferrari,0 days 01:15:00.591000,2026-09-04 11:32:30.573,1,,,,False,False,FP1,50.1,30.7,39.4
0 days 00:17:51.708000,STR,18,,1.0,1.0,0 days 00:16:08.986000,,,0 days 00:00:34.018000,0 days 00:00:33.329000,,0 days 00:17:18.618000,0 days 00:17:51.898000,255.0,277.0,276.0,129.0,False,HARD,1.0,True,Aston Martin,0 days 00:16:08.986000,2026-09-04 10:33:38.968,1,,,,False,False,FP1,50.1,30.7,39.4
0 days 00:19:21.073000,STR,18,0 days 00:01:29.365000,2.0,1.0,,,0 days 00:00:29.191000,0 days 00:00:30.513000,0 days 00:00:29.661000,0 days 00:18:20.899000,0 days 00:18:51.412000,0 days 00:19:21.073000,274.0,291.0,271.0,299.0,True,HARD,2.0,True,Aston Martin,0 days 00:17:51.708000,2026-09-04 10:35:21.690,1,,,,False,True,FP1,50.3,30.7,39.6
0 days 00:21:12.134000,STR,18,0 days 00:01:51.061000,3.0,1.0,,,0 days 00:00:33.839000,0 days 00:00:41.533000,0 days 00:00:35.689000,0 days 00:19:54.912000,0 days 00:20:36.445000,0 days 00:21:12.134000,234.0,257.0,280.0,226.0,False,HARD,3.0,True,Aston Martin,0 days 00:19:21.073000,2026-09-04 10:36:51.055,1,,,,False,True,FP1,50.3,30.7,39.6
0 days 00:22:39.443000,STR,18,0 days 00:01:27.309000,4.0,1.0,,,0 days 00:00:28.661000,0 days 00:00:29.725000,0 days 00:00:28.923000,0 days 00:21:40.795000,0 days 00:22:10.520000,0 days 00:22:39.443000,277.0,294.0,277.0,306.0,True,HARD,4.0,True,Aston Martin,0 days 00:21:12.134000,2026-09-04 10:38:42.116,1,,,,False,True,FP1,50.3,30.7,39.6
0 days 00:24:33.733000,STR,18,0 days 00:01:54.290000,5.0,1.0,,,0 days 00:00:34.854000,0 days 00:00:41.081000,0 days 00:00:38.355000,0 days 00:23:14.297000,0 days 00:23:55.378000,0 days 00:24:33.733000,219.0,242.0,276.0,225.0,False,HARD,5.0,True,Aston Martin,0 days 00:22:39.443000,2026-09-04 10:40:09.425,1,,,,False,True,FP1,50.3,30.7,39.6
0 days 00:26:01.062000,STR,18,0 days 00:01:27.329000,6.0,1.0,,,0 days 00:00:28.677000,0 days 00:00:29.533000,0 days 00:00:29.119000,0 days 00:25:02.410000,0 days 00:25:31.943000,0 days 00:26:01.062000,276.0,292.0,276.0,301.0,False,HARD,6.0,True,Aston Martin,0 days 00:24:33.733000,2026-09-04 10:42:03.715,1,,,,False,True,FP1,50.3,30.7,39.6
0 days 00:28:00.570000,STR,18,0 days 00:01:59.508000,7.0,1.0,,,0 days 00:00:35.582000,0 days 00:00:39.565000,0 days 00:00:44.361000,0 days 00:26:36.644000,0 days 00:27:16.209000,0 days 00:28:00.570000,257.0,147.0,282.0,196.0,False,HARD,7.0,True,Aston Martin,0 days 00:26:01.062000,2026-09-04 10:43:31.044,1,,,,False,True,FP1,50.3,30.7,39.6
0 days 00:29:27.382000,STR,18,0 days 00:01:26.812000,8.0,1.0,,,0 days 00:00:28.576000,0 days 00:00:29.324000,0 days 00:00:28.912000,0 days 00:28:29.146000,0 days 00:28:58.470000,0 days 00:29:27.382000,278.0,297.0,274.0,309.0,True,HARD,8.0,True,Aston Martin,0 days 00:28:00.570000,2026-09-04 10:45:30.552,1,,,,False,True,FP1,50.3,30.7,39.6
0 days 00:31:50.307000,STR,18,0 days 00:02:22.925000,9.0,1.0,,0 days 00:31:46.517000,0 days 00:00:39.087000,0 days 00:00:56.371000,0 days 00:00:47.467000,0 days 00:30:06.469000,0 days 00:31:02.840000,0 days 00:31:50.307000,155.0,157.0,,227.0,False,HARD,9.0,True,Aston Martin,0 days 00:29:27.382000,2026-09-04 10:46:57.364,126,,,,False,False,FP1,50.3,30.7,39.6
0 days 00:43:11.523000,STR,18,,10.0,2.0,0 days 00:41:29.289000,,,0 days 00:00:33.434000,0 days 00:00:31.918000,,0 days 00:42:39.764000,0 days 00:43:11.592000,240.0,254.0,282.0,176.0,False,MEDIUM,1.0,True,Aston Martin,0 days 00:41:29.289000,2026-09-04 10:58:59.271,1,,,,False,False,FP1,50.3,30.7,39.6
0 days 00:44:38.433000,STR,18,0 days 00:01:26.910000,11.0,2.0,,,0 days 00:00:28.443000,0 days 00:00:29.395000,0 days 00:00:29.072000,0 days 00:43:39.966000,0 days 00:44:09.361000,0 days 00:44:38.433000,278.0,299.0,271.0,304.0,False,MEDIUM,2.0,True,Aston Martin,0 days 00:43:11.523000,2026-09-04 11:00:41.505,1,,,,False,True,FP1,50.1,30.7,39.6
0 days 00:46:45.592000,STR,18,0 days 00:02:07.159000,12.0,2.0,,,0 days 00:00:42.553000,0 days 00:00:45.700000,0 days 00:00:38.906000,0 days 00:45:20.986000,0 days 00:46:06.686000,0 days 00:46:45.592000,167.0,226.0,283.0,143.0,False,MEDIUM,3.0,True,Aston Martin,0 days 00:44:38.433000,2026-09-04 11:02:08.415,1,,,,False,True,FP1,50.1,30.7,39.6
0 days 00:48:11.789000,STR,18,0 days 00:01:26.197000,13.0,2.0,,,0 days 00:00:28.402000,0 days 00:00:29.109000,0 days 00:00:28.686000,0 days 00:47:13.994000,0 days 00:47:43.103000,0 days 00:48:11.789000,280.0,300.0,281.0,310.0,True,MEDIUM,4.0,True,Aston Martin,0 days 00:46:45.592000,2026-09-04 11:04:15.574,1,,,,False,True,FP1,50.1,30.7,39.6
0 days 00:50:24.393000,STR,18,0 days 00:02:12.604000,14.0,2.0,,,0 days 00:00:37.748000,0 days 00:00:52.766000,0 days 00:00:42.090000,0 days 00:48:49.537000,0 days 00:49:42.303000,0 days 00:50:24.393000,191.0,126.0,283.0,234.0,False,MEDIUM,5.0,True,Aston Martin,0 days 00:48:11.789000,2026-09-04 11:05:41.771,1,,,,False,True,FP1,50.1,30.7,39.6
0 days 00:51:50.459000,STR,18,0 days 00:01:26.066000,15.0,2.0,,,0 days 00:00:28.479000,0 days 00:00:28.924000,0 days 00:00:28.663000,0 days 00:50:52.872000,0 days 00:51:21.796000,0 days 00:51:50.459000,280.0,300.0,276.0,307.0,True,MEDIUM,6.0,True,Aston Martin,0 days 00:50:24.393000,2026-09-04 11:07:54.375,1,,,,False,True,FP1,50.1,30.7,39.6
0 days 00:53:57.541000,STR,18,0 days 00:02:07.082000,16.0,2.0,,0 days 00:53:52.626000,0 days 00:00:35.774000,0 days 00:00:42.868000,0 days 00:00:48.440000,0 days 00:52:26.233000,0 days 00:53:09.101000,0 days 00:53:57.541000,214.0,214.0,,200.0,False,MEDIUM,7.0,True,Aston Martin,0 days 00:51:50.459000,2026-09-04 11:09:20.441,1,,,,False,False,FP1,50.1,30.7,39.6
0 days 01:07:01.577000,STR,18,,17.0,3.0,0 days 01:04:58.599000,,,0 days 00:00:47.548000,0 days 00:00:39.049000,,0 days 01:06:22.705000,0 days 01:07:01.591000,255.0,144.0,285.0,159.0,False,MEDIUM,8.0,False,Aston Martin,0 days 00:53:57.541000,2026-09-04 11:11:27.523,1,,,,False,False,FP1,50.1,30.7,39.6
0 days 01:08:27.694000,STR,18,0 days 00:01:26.117000,18.0,3.0,,,0 days 00:00:28.375000,0 days 00:00:29.131000,0 days 00:00:28.611000,0 days 01:07:29.952000,0 days 01:07:59.083000,0 days 01:08:27.694000,282.0,303.0,277.0,311.0,False,MEDIUM,9.0,False,Aston Martin,0 days 01:07:01.577000,2026-09-04 11:24:31.559,1,,,,False,True,FP1,50.1,30.7,39.6
0 days 01:10:28.818000,STR,18,0 days 00:02:01.124000,19.0,3.0,,,0 days 00:00:35.125000,0 days 00:00:43.734000,0 days 00:00:42.265000,0 days 01:09:02.819000,0 days 01:09:46.553000,0 days 01:10:28.818000,233.0,263.0,278.0,203.0,False,MEDIUM,10.0,False,Aston Martin,0 days 01:08:27.694000,2026-09-04 11:25:57.676,1,,,,False,True,FP1,50.1,30.7,39.6
0 days 01:11:55.580000,STR,18,0 days 00:01:26.762000,20.0,3.0,,,0 days 00:00:28.979000,0 days 00:00:29.251000,0 days 00:00:28.532000,0 days 01:10:57.797000,0 days 01:11:27.048000,0 days 01:11:55.580000,279.0,300.0,282.0,299.0,False,MEDIUM,11.0,False,Aston Martin,0 days 01:10:28.818000,2026-09-04 11:27:58.800,1,,,,False,True,FP1,50.4,30.7,40.0
0 days 01:13:49.633000,STR,18,0 days 00:01:54.053000,21.0,3.0,,,0 days 00:00:36.512000,0 days 00:00:41.940000,0 days 00:00:35.601000,0 days 01:12:32.092000,0 days 01:13:14.032000,0 days 01:13:49.633000,236.0,260.0,277.0,195.0,False,MEDIUM,12.0,False,Aston Martin,0 days 01:11:55.580000,2026-09-04 11:29:25.562,1,,,,False,True,FP1,50.4,30.7,40.0
0 days 01:15:42.669000,STR,18,0 days 00:01:53.036000,22.0,3.0,,,0 days 00:00:28.533000,0 days 00:00:30.862000,0 days 00:00:53.641000,0 days 01:14:18.166000,0 days 01:14:49.028000,0 days 01:15:42.669000,277.0,184.0,36.0,301.0,False,MEDIUM,13.0,False,Aston Martin,0 days 01:13:49.633000,2026-09-04 11:31:19.615,1,,,,False,True,FP1,50.4,30.7,40.0
0 days 01:18:19.737000,STR,18,,23.0,3.0,,0 days 01:18:15.487000,0 days 00:01:20.660000,0 days 00:00:36.517000,0 days 00:00:39.974000,0 days 01:17:04.301000,0 days 01:17:39.981000,0 days 01:18:19.737000,243.0,282.0,,221.0,False,MEDIUM,14.0,False,Aston Martin,0 days 01:15:42.669000,2026-09-04 11:33:12.651,1,,,,False,False,FP1,50.4,30.7,40.0
0 days 00:15:51.784000,TSU,22,,1.0,1.0,0 days 00:13:56.460000,,,0 days 00:00:34.719000,0 days 00:00:33.372000,,0 days 00:15:18.699000,0 days 00:15:51.970000,261.0,264.0,291.0,160.0,False,HARD,1.0,True,Racing Bulls,0 days 00:13:56.460000,2026-09-04 10:31:26.442,1,,,,False,False,FP1,50.4,30.7,40.0
0 days 00:17:18.302000,TSU,22,0 days 00:01:26.518000,2.0,1.0,,,0 days 00:00:28.181000,0 days 00:00:29.569000,0 days 00:00:28.768000,0 days 00:16:19.965000,0 days 00:16:49.534000,0 days 00:17:18.302000,291.0,308.0,283.0,319.0,True,HARD,2.0,True,Racing Bulls,0 days 00:15:51.784000,2026-09-04 10:33:21.766,1,,,,False,True,FP1,50.4,30.7,40.0
0 days 00:19:43.582000,TSU,22,0 days 00:02:25.280000,3.0,1.0,,,0 days 00:00:53.543000,0 days 00:00:53.182000,0 days 00:00:38.555000,0 days 00:18:11.845000,0 days 00:19:05.027000,0 days 00:19:43.582000,150.0,184.0,295.0,91.0,False,HARD,3.0,True,Racing Bulls,0 days 00:17:18.302000,2026-09-04 10:34:48.284,1,,,,False,True,FP1,50.4,30.7,40.0
0 days 00:21:08.724000,TSU,22,0 days 00:01:25.142000,4.0,1.0,,,0 days 00:00:27.909000,0 days 00:00:29.001000,0 days 00:00:28.232000,0 days 00:20:11.491000,0 days 00:20:40.492000,0 days 00:21:08.724000,293.0,309.0,298.0,318.0,True,HARD,4.0,True,Racing Bulls,0 days 00:19:43.582000,2026-09-04 10:37:13.564,1,,,,False,True,FP1,50.4,30.7,40.0
0 days 00:23:23.531000,TSU,22,0 days 00:02:14.807000,5.0,1.0,,,0 days 00:00:47.382000,0 days 00:00:49.575000,0 days 00:00:37.850000,0 days 00:21:56.106000,0 days 00:22:45.681000,0 days 00:23:23.531000,157.0,149.0,296.0,123.0,False,HARD,5.0,True,Racing Bulls,0 days 00:21:08.724000,2026-09-04 10:38:38.706,1,,,,False,True,FP1,50.4,30.7,40.0
0 days 00:24:48.930000,TSU,22,0 days 00:01:25.399000,6.0,1.0,,,0 days 00:00:27.783000,0 days 00:00:28.767000,0 days 00:00:28.849000,0 days 00:23:51.314000,0 days 00:24:20.081000,0 days 00:24:48.930000,295.0,310.0,293.0,317.0,False,HARD,6.0,True,Racing Bulls,0 days 00:23:23.531000,2026-09-04 10:40:53.513,1,,,,False,True,FP1,50.4,30.7,40.0
0 days 00:27:12.819000,TSU,22,0 days 00:02:23.889000,7.0,1.0,,,0 days 00:00:44.455000,0 days 00:00:52.485000,0 days 00:00:46.949000,0 days 00:25:33.385000,0 days 00:26:25.870000,0 days 00:27:12.819000,214.0,141.0,296.0,121.0,False,HARD,7.0,True,Racing Bulls,0 days 00:24:48.930000,2026-09-04 10:42:18.912,1,,,,False,True,FP1,50.5,30.8,39.8
0 days 00:28:37.558000,TSU,22,0 days 00:01:24.739000,8.0,1.0,,,0 days 00:00:27.790000,0 days 00:00:28.758000,0 days 00:00:28.191000,0 days 00:27:40.609000,0 days 00:28:09.367000,0 days 00:28:37.558000,294.0,309.0,298.0,316.0,True,HARD,8.0,True,Racing Bulls,0 days 00:27:12.819000,2026-09-04 10:44:42.801,1,,,,False,True,FP1,50.5,30.8,39.8
0 days 00:31:16.576000,TSU,22,,9.0,1.0,,0 days 00:31:12.803000,0 days 00:00:48.014000,0 days 00:00:54.316000,0 days 00:00:56.654000,0 days 00:29:25.758000,0 days 00:30:20.069000,0 days 00:31:16.576000,122.0,249.0,,142.0,False,HARD,9.0,True,Racing Bulls,0 days 00:28:37.558000,2026-09-04 10:46:07.540,126,,,,False,False,FP1,50.5,30.8,39.8
0 days 00:41:12.013000,TSU,22,,10.0,2.0,0 days 00:39:25.868000,,,0 days 00:00:33.852000,0 days 00:00:31.200000,,0 days 00:40:41.168000,0 days 00:41:12.159000,254.0,268.0,296.0,182.0,False,MEDIUM,1.0,True,Racing Bulls,0 days 00:39:25.868000,2026-09-04 10:56:55.850,1,,,,False,False,FP1,50.5,30.8,39.8
0 days 00:42:36.584000,TSU,22,0 days 00:01:24.571000,11.0,2.0,,,0 days 00:00:27.685000,0 days 00:00:28.629000,0 days 00:00:28.257000,0 days 00:41:39.698000,0 days 00:42:08.327000,0 days 00:42:36.584000,295.0,310.0,293.0,317.0,True,MEDIUM,2.0,True,Racing Bulls,0 days 00:41:12.013000,2026-09-04 10:58:41.995,1,,,,False,True,FP1,50.5,30.8,39.8
0 days 00:44:53.425000,TSU,22,0 days 00:02:16.841000,12.0,2.0,,,0 days 00:00:39.263000,0 days 00:00:58.417000,0 days 00:00:39.161000,0 days 00:43:15.847000,0 days 00:44:14.264000,0 days 00:44:53.425000,200.0,182.0,293.0,174.0,False,MEDIUM,3.0,True,Racing Bulls,0 days 00:42:36.584000,2026-09-04 11:00:06.566,1,,,,False,True,FP1,50.5,30.8,39.8
0 days 00:46:50.440000,TSU,22,0 days 00:01:57.015000,13.0,2.0,,,0 days 00:00:28.030000,0 days 00:00:50.953000,0 days 00:00:38.032000,0 days 00:45:21.455000,0 days 00:46:12.408000,0 days 00:46:50.440000,268.0,166.0,296.0,315.0,False,MEDIUM,4.0,True,Racing Bulls,0 days 00:44:53.425000,2026-09-04 11:02:23.407,1,,,,False,True,FP1,50.5,30.8,39.8
0 days 00:48:22.073000,TSU,22,0 days 00:01:31.633000,14.0,2.0,,,0 days 00:00:27.759000,0 days 00:00:28.724000,0 days 00:00:35.150000,0 days 00:47:18.199000,0 days 00:47:46.923000,0 days 00:48:22.073000,296.0,312.0,187.0,318.0,False,MEDIUM,5.0,True,Racing Bulls,0 days 00:46:50.440000,2026-09-04 11:04:20.422,1,,,,False,True,FP1,50.5,30.8,39.8
0 days 00:50:46.004000,TSU,22,0 days 00:02:23.931000,15.0,2.0,,,0 days 00:00:50.329000,0 days 00:00:48.053000,0 days 00:00:45.549000,0 days 00:49:12.402000,0 days 00:50:00.455000,0 days 00:50:46.004000,165.0,201.0,178.0,124.0,False,MEDIUM,6.0,True,Racing Bulls,0 days 00:48:22.073000,2026-09-04 11:05:52.055,1,,,,False,True,FP1,50.5,30.8,39.8
0 days 00:52:44.844000,TSU,22,0 days 00:01:58.840000,16.0,2.0,,,0 days 00:00:37.755000,0 days 00:00:41.327000,0 days 00:00:39.758000,0 days 00:51:23.759000,0 days 00:52:05.086000,0 days 00:52:44.844000,276.0,207.0,294.0,266.0,False,MEDIUM,7.0,True,Racing Bulls,0 days 00:50:46.004000,2026-09-04 11:08:15.986,1,,,,False,True,FP1,50.5,30.8,39.8
0 days 00:54:09.480000,TSU,22,0 days 00:01:24.636000,17.0,2.0,,,0 days 00:00:27.983000,0 days 00:00:28.666000,0 days 00:00:27.987000,0 days 00:53:12.827000,0 days 00:53:41.493000,0 days 00:54:09.480000,293.0,310.0,276.0,315.0,False,MEDIUM,8.0,True,Racing Bulls,0 days 00:52:44.844000,2026-09-04 11:10:14.826,1,,,,False,True,FP1,50.5,30.8,39.8
0 days 00:56:15.007000,TSU,22,0 days 00:02:05.527000,18.0,2.0,,0 days 00:56:11.274000,0 days 00:00:43,0 days 00:00:38.101000,0 days 00:00:44.426000,0 days 00:54:52.480000,0 days 00:55:30.581000,0 days 00:56:15.007000,255.0,199.0,,151.0,False,MEDIUM,9.0,True,Racing Bulls,0 days 00:54:09.480000,2026-09-04 11:11:39.462,1,,,,False,False,FP1,50.5,30.8,39.8
0 days 01:03:47.813000,TSU,22,,19.0,3.0,0 days 01:01:34.529000,,,0 days 00:00:30.600000,0 days 00:00:29.353000,,0 days 01:03:18.570000,0 days 01:03:47.862000,285.0,302.0,295.0,214.0,False,HARD,10.0,False,Racing Bulls,0 days 00:56:15.007000,2026-09-04 11:13:44.989,1,,,,False,False,FP1,50.8,30.9,39.3
0 days 01:05:20.286000,TSU,22,0 days 00:01:32.473000,20.0,3.0,,,0 days 00:00:30.709000,0 days 00:00:30.695000,0 days 00:00:31.069000,0 days 01:04:18.522000,0 days 01:04:49.217000,0 days 01:05:20.286000,285.0,295.0,300.0,309.0,False,HARD,11.0,False,Racing Bulls,0 days 01:03:47.813000,2026-09-04 11:21:17.795,1,,,,False,True,FP1,50.8,30.9,39.3
0 days 01:06:48.015000,TSU,22,0 days 00:01:27.729000,21.0,3.0,,,0 days 00:00:29.071000,0 days 00:00:29.859000,0 days 00:00:28.799000,0 days 01:05:49.357000,0 days 01:06:19.216000,0 days 01:06:48.015000,285.0,302.0,309.0,310.0,False,HARD,12.0,False,Racing Bulls,0 days 01:05:20.286000,2026-09-04 11:22:50.268,1,,,,False,True,FP1,50.8,30.9,39.3
0 days 01:08:15.893000,TSU,22,0 days 00:01:27.878000,22.0,3.0,,,0 days 00:00:28.747000,0 days 00:00:30.089000,0 days 00:00:29.042000,0 days 01:07:16.762000,0 days 01:07:46.851000,0 days 01:08:15.893000,284.0,301.0,304.0,311.0,False,HARD,13.0,False,Racing Bulls,0 days 01:06:48.015000,2026-09-04 11:24:17.997,1,,,,False,True,FP1,50.8,30.9,39.3
0 days 01:09:55.073000,TSU,22,0 days 00:01:39.180000,23.0,3.0,,0 days 01:09:51.246000,0 days 00:00:29.121000,0 days 00:00:30.234000,0 days 00:00:39.825000,0 days 01:08:45.014000,0 days 01:09:15.248000,0 days 01:09:55.073000,284.0,301.0,,310.0,False,HARD,14.0,False,Racing Bulls,0 days 01:08:15.893000,2026-09-04 11:25:45.875,1,,,,False,False,FP1,51.0,30.9,37.6
0 days 01:11:45.968000,TSU,22,0 days 00:01:50.895000,24.0,4.0,0 days 01:10:17.692000,,0 days 00:00:51.575000,0 days 00:00:30.335000,0 days 00:00:28.985000,0 days 01:10:46.648000,0 days 01:11:16.983000,0 days 01:11:45.968000,285.0,302.0,304.0,278.0,False,MEDIUM,10.0,False,Racing Bulls,0 days 01:09:55.073000,2026-09-04 11:27:25.055,1,,,,False,False,FP1,51.0,30.9,37.6
0 days 01:13:13.125000,TSU,22,0 days 00:01:27.157000,25.0,4.0,,,0 days 00:00:28.598000,0 days 00:00:29.979000,0 days 00:00:28.580000,0 days 01:12:14.566000,0 days 01:12:44.545000,0 days 01:13:13.125000,288.0,304.0,308.0,312.0,False,MEDIUM,11.0,False,Racing Bulls,0 days 01:11:45.968000,2026-09-04 11:29:15.950,1,,,,False,True,FP1,51.0,30.9,37.6
0 days 01:15:26.745000,TSU,22,0 days 00:02:13.620000,26.0,4.0,,,0 days 00:00:37.760000,0 days 00:00:37.949000,0 days 00:00:57.911000,0 days 01:13:50.885000,0 days 01:14:28.834000,0 days 01:15:26.745000,189.0,250.0,74.0,237.0,False,MEDIUM,12.0,False,Racing Bulls,0 days 01:13:13.125000,2026-09-04 11:30:43.107,1,,,,False,True,FP1,51.3,30.9,37.0
0 days 01:17:56.679000,TSU,22,0 days 00:02:29.934000,27.0,4.0,,0 days 01:17:52.939000,0 days 00:01:18.257000,0 days 00:00:31.260000,0 days 00:00:40.417000,0 days 01:16:45.002000,0 days 01:17:16.262000,0 days 01:17:56.679000,280.0,299.0,,278.0,False,MEDIUM,13.0,False,Racing Bulls,0 days 01:15:26.745000,2026-09-04 11:32:56.727,1,,,,False,False,FP1,51.8,31.0,38.0
0 days 00:14:49.867000,HER,25,,1.0,1.0,0 days 00:12:41.040000,,,0 days 00:00:42.449000,0 days 00:00:41.358000,,0 days 00:14:08.529000,0 days 00:14:49.867000,198.0,198.0,198.0,159.0,False,HARD,1.0,True,Cadillac,0 days 00:12:41.040000,2026-09-04 10:30:11.022,1,,,,False,False,FP1,51.8,31.0,38.0
0 days 00:16:58.659000,HER,25,0 days 00:02:08.792000,2.0,1.0,,0 days 00:16:54.593000,0 days 00:00:41.991000,0 days 00:00:39.356000,0 days 00:00:47.445000,0 days 00:15:31.858000,0 days 00:16:11.214000,0 days 00:16:58.659000,197.0,185.0,,198.0,False,HARD,2.0,True,Cadillac,0 days 00:14:49.867000,2026-09-04 10:32:19.849,1,,,,False,False,FP1,51.8,31.0,38.0
0 days 00:27:05.195000,HER,25,,3.0,2.0,0 days 00:25:08.734000,,,0 days 00:00:39.688000,0 days 00:00:40.863000,,0 days 00:26:24.538000,0 days 00:27:05.255000,239.0,251.0,270.0,185.0,False,HARD,3.0,False,Cadillac,0 days 00:16:58.659000,2026-09-04 10:34:28.641,1,,,,False,False,FP1,51.5,30.9,37.5
0 days 00:28:35.117000,HER,25,0 days 00:01:29.922000,4.0,2.0,,,0 days 00:00:28.655000,0 days 00:00:30.791000,0 days 00:00:30.476000,0 days 00:27:33.850000,0 days 00:28:04.641000,0 days 00:28:35.117000,284.0,294.0,269.0,307.0,True,HARD,4.0,False,Cadillac,0 days 00:27:05.195000,2026-09-04 10:44:35.177,1,,,,False,True,FP1,51.5,30.9,37.5
0 days 00:37:15.920000,HER,25,,5.0,2.0,,0 days 00:37:15.920000,0 days 00:00:43.464000,,,0 days 00:29:18.878000,,,155.0,,,181.0,False,HARD,5.0,False,Cadillac,0 days 00:28:35.117000,2026-09-04 10:46:05.099,1265,,,,False,False,FP1,51.5,30.9,37.5
0 days 00:15:16.841000,HUL,27,,1.0,1.0,0 days 00:13:14.451000,0 days 00:15:12.963000,,0 days 00:00:39.029000,0 days 00:00:40.627000,,0 days 00:14:36.339000,0 days 00:15:16.841000,178.0,238.0,,178.0,False,HARD,1.0,True,Audi,0 days 00:13:14.451000,2026-09-04 10:30:44.433,1,,,,False,False,FP1,51.5,30.9,37.5
0 days 00:23:00.338000,HUL,27,,2.0,2.0,0 days 00:21:06.875000,,,0 days 00:00:33.078000,0 days 00:00:32.031000,,0 days 00:22:28.598000,0 days 00:23:00.485000,272.0,267.0,287.0,232.0,False,HARD,2.0,False,Audi,0 days 00:15:16.841000,2026-09-04 10:32:46.823,1,,,,False,False,FP1,51.5,30.9,37.5
0 days 00:24:26.675000,HUL,27,0 days 00:01:26.337000,3.0,2.0,,,0 days 00:00:28.450000,0 days 00:00:29.068000,0 days 00:00:28.819000,0 days 00:23:28.788000,0 days 00:23:57.856000,0 days 00:24:26.675000,288.0,310.0,279.0,312.0,True,HARD,3.0,False,Audi,0 days 00:23:00.338000,2026-09-04 10:40:30.320,1,,,,False,True,FP1,51.5,30.9,37.5
0 days 00:26:30.388000,HUL,27,0 days 00:02:03.713000,4.0,2.0,,,0 days 00:00:44.873000,0 days 00:00:42.324000,0 days 00:00:36.516000,0 days 00:25:11.548000,0 days 00:25:53.872000,0 days 00:26:30.388000,184.0,215.0,285.0,124.0,False,HARD,4.0,False,Audi,0 days 00:24:26.675000,2026-09-04 10:41:56.657,1,,,,False,True,FP1,51.5,30.9,37.5
0 days 00:27:56.314000,HUL,27,0 days 00:01:25.926000,5.0,2.0,,,0 days 00:00:28.191000,0 days 00:00:28.930000,0 days 00:00:28.805000,0 days 00:26:58.579000,0 days 00:27:27.509000,0 days 00:27:56.314000,288.0,304.0,284.0,309.0,True,HARD,5.0,False,Audi,0 days 00:26:30.388000,2026-09-04 10:44:00.370,1,,,,False,True,FP1,51.5,30.9,37.5
0 days 00:30:04.061000,HUL,27,0 days 00:02:07.747000,6.0,2.0,,,0 days 00:00:43.548000,0 days 00:00:44.722000,0 days 00:00:39.477000,0 days 00:28:39.862000,0 days 00:29:24.584000,0 days 00:30:04.061000,182.0,192.0,287.0,142.0,False,HARD,6.0,False,Audi,0 days 00:27:56.314000,2026-09-04 10:45:26.296,12,,,,False,True,FP1,51.5,30.9,37.5
0 days 00:38:47.013000,HUL,27,,7.0,2.0,,0 days 00:32:53.943000,0 days 00:00:37.919000,0 days 00:01:01.143000,,0 days 00:30:42.278000,0 days 00:31:43.449000,,148.0,154.0,,310.0,False,HARD,7.0,False,Audi,0 days 00:30:04.061000,2026-09-04 10:47:34.043,2651,,,,False,False,FP1,51.5,30.9,37.5
0 days 00:40:25.573000,HUL,27,,8.0,3.0,0 days 00:38:47.013000,,,0 days 00:00:32.191000,0 days 00:00:33.130000,,0 days 00:39:52.731000,0 days 00:40:25.727000,258.0,274.0,291.0,215.0,False,HARD,8.0,False,Audi,0 days 00:38:47.013000,2026-09-04 10:56:16.995,1,,,,False,False,FP1,51.5,30.9,37.5
0 days 00:41:50.497000,HUL,27,0 days 00:01:24.924000,9.0,3.0,,,0 days 00:00:27.742000,0 days 00:00:28.868000,0 days 00:00:28.314000,0 days 00:40:53.315000,0 days 00:41:22.183000,0 days 00:41:50.497000,293.0,310.0,283.0,315.0,True,HARD,9.0,False,Audi,0 days 00:40:25.573000,2026-09-04 10:57:55.555,1,,,,False,True,FP1,51.5,30.8,38.5
0 days 00:43:29.790000,HUL,27,0 days 00:01:39.293000,10.0,3.0,,0 days 00:43:25.936000,0 days 00:00:31.088000,0 days 00:00:31.943000,0 days 00:00:36.262000,0 days 00:42:21.585000,0 days 00:42:53.528000,0 days 00:43:29.790000,259.0,286.0,,270.0,False,HARD,10.0,False,Audi,0 days 00:41:50.497000,2026-09-04 10:59:20.479,1,,,,False,False,FP1,51.5,30.8,38.5
0 days 00:45:31.110000,HUL,27,0 days 00:02:01.320000,11.0,4.0,0 days 00:43:51.889000,,0 days 00:00:52.535000,0 days 00:00:34.926000,0 days 00:00:33.859000,0 days 00:44:22.325000,0 days 00:44:57.251000,0 days 00:45:31.110000,259.0,246.0,290.0,266.0,False,SOFT,1.0,True,Audi,0 days 00:43:29.790000,2026-09-04 11:00:59.772,1,,,,False,False,FP1,51.5,30.8,38.5
0 days 00:46:55.964000,HUL,27,0 days 00:01:24.854000,12.0,4.0,,,0 days 00:00:27.938000,0 days 00:00:28.640000,0 days 00:00:28.276000,0 days 00:45:59.048000,0 days 00:46:27.688000,0 days 00:46:55.964000,288.0,307.0,282.0,311.0,True,SOFT,2.0,True,Audi,0 days 00:45:31.110000,2026-09-04 11:03:01.092,1,,,,False,True,FP1,51.5,30.8,38.5
0 days 00:48:57.338000,HUL,27,0 days 00:02:01.374000,13.0,4.0,,0 days 00:48:53.507000,0 days 00:00:40.007000,0 days 00:00:38.950000,0 days 00:00:42.417000,0 days 00:47:35.971000,0 days 00:48:14.921000,0 days 00:48:57.338000,196.0,226.0,,164.0,False,SOFT,3.0,True,Audi,0 days 00:46:55.964000,2026-09-04 11:04:25.946,1,,,,False,False,FP1,51.5,30.8,38.5
0 days 00:51:41.667000,HUL,27,,14.0,5.0,0 days 00:49:38.325000,,0 days 00:01:15.145000,0 days 00:00:39.560000,0 days 00:00:49.615000,0 days 00:50:12.853000,0 days 00:50:52.275000,0 days 00:51:41.888000,218.0,186.0,284.0,206.0,False,SOFT,4.0,False,Audi,0 days 00:48:57.338000,2026-09-04 11:06:27.320,1,,,,False,False,FP1,51.5,30.8,38.5
0 days 00:53:22.097000,HUL,27,0 days 00:01:40.430000,15.0,5.0,,,0 days 00:00:31.607000,0 days 00:00:34.902000,0 days 00:00:33.921000,0 days 00:52:13.274000,0 days 00:52:48.176000,0 days 00:53:22.097000,239.0,252.0,289.0,307.0,False,SOFT,5.0,False,Audi,0 days 00:51:41.667000,2026-09-04 11:09:11.649,1,,,,False,True,FP1,52.3,30.7,38.7
0 days 00:54:46.723000,HUL,27,0 days 00:01:24.626000,16.0,5.0,,,0 days 00:00:28.079000,0 days 00:00:28.373000,0 days 00:00:28.174000,0 days 00:53:50.176000,0 days 00:54:18.549000,0 days 00:54:46.723000,288.0,304.0,277.0,308.0,True,SOFT,6.0,False,Audi,0 days 00:53:22.097000,2026-09-04 11:10:52.079,1,,,,False,True,FP1,52.3,30.7,38.7
0 days 00:56:25.537000,HUL,27,0 days 00:01:38.814000,17.0,5.0,,0 days 00:56:21.708000,0 days 00:00:30.780000,0 days 00:00:32.287000,0 days 00:00:35.747000,0 days 00:55:17.503000,0 days 00:55:49.790000,0 days 00:56:25.537000,260.0,290.0,,292.0,False,SOFT,7.0,False,Audi,0 days 00:54:46.723000,2026-09-04 11:12:16.705,1,,,,False,False,FP1,52.3,30.7,38.7
0 days 01:02:56.388000,HUL,27,,18.0,6.0,0 days 01:01:27.966000,,,0 days 00:00:29.738000,0 days 00:00:28.814000,,0 days 01:02:27.713000,0 days 01:02:56.388000,281.0,305.0,301.0,277.0,False,HARD,11.0,False,Audi,0 days 00:56:25.537000,2026-09-04 11:13:55.519,1,,,,False,False,FP1,52.3,30.7,38.7
0 days 01:04:23.498000,HUL,27,0 days 00:01:27.110000,19.0,6.0,,,0 days 00:00:28.778000,0 days 00:00:29.502000,0 days 00:00:28.830000,0 days 01:03:25.166000,0 days 01:03:54.668000,0 days 01:04:23.498000,285.0,304.0,300.0,301.0,False,HARD,12.0,False,Audi,0 days 01:02:56.388000,2026-09-04 11:20:26.370,1,,,,False,True,FP1,52.3,30.7,38.7
0 days 01:05:51.253000,HUL,27,0 days 00:01:27.755000,20.0,6.0,,,0 days 00:00:28.871000,0 days 00:00:29.829000,0 days 00:00:29.055000,0 days 01:04:52.369000,0 days 01:05:22.198000,0 days 01:05:51.253000,284.0,299.0,304.0,299.0,False,HARD,13.0,False,Audi,0 days 01:04:23.498000,2026-09-04 11:21:53.480,1,,,,False,True,FP1,52.3,30.7,38.7
0 days 01:07:18.433000,HUL,27,0 days 00:01:27.180000,21.0,6.0,,,0 days 00:00:28.540000,0 days 00:00:29.765000,0 days 00:00:28.875000,0 days 01:06:19.793000,0 days 01:06:49.558000,0 days 01:07:18.433000,283.0,301.0,301.0,304.0,False,HARD,14.0,False,Audi,0 days 01:05:51.253000,2026-09-04 11:23:21.235,1,,,,False,True,FP1,52.3,30.7,38.7
0 days 01:08:46.131000,HUL,27,0 days 00:01:27.698000,22.0,6.0,,,0 days 00:00:28.778000,0 days 00:00:29.880000,0 days 00:00:29.040000,0 days 01:07:47.211000,0 days 01:08:17.091000,0 days 01:08:46.131000,284.0,299.0,299.0,297.0,False,HARD,15.0,False,Audi,0 days 01:07:18.433000,2026-09-04 11:24:48.415,1,,,,False,True,FP1,52.3,30.7,38.7
0 days 01:10:13.968000,HUL,27,0 days 00:01:27.837000,23.0,6.0,,,0 days 00:00:28.887000,0 days 00:00:30.128000,0 days 00:00:28.822000,0 days 01:09:15.018000,0 days 01:09:45.146000,0 days 01:10:13.968000,286.0,311.0,319.0,296.0,False,HARD,16.0,False,Audi,0 days 01:08:46.131000,2026-09-04 11:26:16.113,1,,,,False,True,FP1,52.3,30.7,38.7
0 days 01:11:41.057000,HUL,27,0 days 00:01:27.089000,24.0,6.0,,,0 days 00:00:28.341000,0 days 00:00:29.806000,0 days 00:00:28.942000,0 days 01:10:42.309000,0 days 01:11:12.115000,0 days 01:11:41.057000,288.0,304.0,296.0,308.0,False,HARD,17.0,False,Audi,0 days 01:10:13.968000,2026-09-04 11:27:43.950,1,,,,False,True,FP1,52.3,30.7,38.7
0 days 01:13:08.480000,HUL,27,0 days 00:01:27.423000,25.0,6.0,,,0 days 00:00:28.871000,0 days 00:00:29.601000,0 days 00:00:28.951000,0 days 01:12:09.928000,0 days 01:12:39.529000,0 days 01:13:08.480000,285.0,304.0,296.0,297.0,False,HARD,18.0,False,Audi,0 days 01:11:41.057000,2026-09-04 11:29:11.039,1,,,,False,True,FP1,52.3,30.7,38.7
0 days 01:15:12.938000,HUL,27,0 days 00:02:04.458000,26.0,6.0,,,0 days 00:00:32.075000,0 days 00:00:38.670000,0 days 00:00:53.713000,0 days 01:13:40.555000,0 days 01:14:19.225000,0 days 01:15:12.938000,225.0,216.0,61.0,249.0,False,HARD,19.0,False,Audi,0 days 01:13:08.480000,2026-09-04 11:30:38.462,1,,,,False,True,FP1,52.3,30.7,38.7
0 days 01:17:34.834000,HUL,27,0 days 00:02:21.896000,27.0,6.0,,0 days 01:17:30.938000,0 days 00:01:15.575000,0 days 00:00:30.224000,0 days 00:00:36.097000,0 days 01:16:28.513000,0 days 01:16:58.737000,0 days 01:17:34.834000,302.0,298.0,,294.0,False,HARD,20.0,False,Audi,0 days 01:15:12.938000,2026-09-04 11:32:42.920,1,,,,False,False,FP1,52.3,30.7,38.7
0 days 00:16:08.315000,LAW,30,,1.0,1.0,0 days 00:14:12.920000,,,0 days 00:00:35.014000,0 days 00:00:34.777000,,0 days 00:15:33.881000,0 days 00:16:08.533000,272.0,276.0,288.0,76.0,False,SOFT,1.0,True,Red Bull Racing,0 days 00:14:12.920000,2026-09-04 10:31:42.902,1,,,,False,False,FP1,51.6,30.8,38.3
0 days 00:17:34.100000,LAW,30,0 days 00:01:25.785000,2.0,1.0,,,0 days 00:00:28.206000,0 days 00:00:29.183000,0 days 00:00:28.396000,0 days 00:16:36.521000,0 days 00:17:05.704000,0 days 00:17:34.100000,297.0,319.0,286.0,318.0,True,SOFT,2.0,True,Red Bull Racing,0 days 00:16:08.315000,2026-09-04 10:33:38.297,1,,,,False,True,FP1,51.6,30.8,38.3
0 days 00:19:50.310000,LAW,30,0 days 00:02:16.210000,3.0,1.0,,,0 days 00:00:47.591000,0 days 00:00:49.805000,0 days 00:00:38.814000,0 days 00:18:21.691000,0 days 00:19:11.496000,0 days 00:19:50.310000,132.0,134.0,294.0,143.0,False,SOFT,3.0,True,Red Bull Racing,0 days 00:17:34.100000,2026-09-04 10:35:04.082,1,,,,False,True,FP1,51.6,30.8,38.3
0 days 00:21:14.693000,LAW,30,0 days 00:01:24.383000,4.0,1.0,,,0 days 00:00:27.842000,0 days 00:00:28.700000,0 days 00:00:27.841000,0 days 00:20:18.152000,0 days 00:20:46.852000,0 days 00:21:14.693000,295.0,311.0,296.0,318.0,True,SOFT,4.0,True,Red Bull Racing,0 days 00:19:50.310000,2026-09-04 10:37:20.292,1,,,,False,True,FP1,51.6,30.8,38.3
0 days 00:23:23.226000,LAW,30,0 days 00:02:08.533000,5.0,1.0,,0 days 00:23:19.446000,0 days 00:00:45.002000,0 days 00:00:42.280000,0 days 00:00:41.251000,0 days 00:21:59.695000,0 days 00:22:41.975000,0 days 00:23:23.226000,170.0,183.0,,147.0,False,SOFT,5.0,True,Red Bull Racing,0 days 00:21:14.693000,2026-09-04 10:38:44.675,1,,,,False,False,FP1,51.6,30.8,38.3
0 days 00:25:48.987000,LAW,30,0 days 00:02:25.761000,6.0,2.0,0 days 00:23:54.083000,,0 days 00:01:07.377000,0 days 00:00:41.112000,0 days 00:00:37.272000,0 days 00:24:30.603000,0 days 00:25:11.715000,0 days 00:25:48.987000,258.0,264.0,291.0,194.0,False,SOFT,6.0,False,Red Bull Racing,0 days 00:23:23.226000,2026-09-04 10:40:53.208,1,,,,False,False,FP1,51.6,30.8,38.3
0 days 00:27:13.183000,LAW,30,0 days 00:01:24.196000,7.0,2.0,,,0 days 00:00:27.743000,0 days 00:00:28.615000,0 days 00:00:27.838000,0 days 00:26:16.730000,0 days 00:26:45.345000,0 days 00:27:13.183000,299.0,315.0,298.0,317.0,True,SOFT,7.0,False,Red Bull Racing,0 days 00:25:48.987000,2026-09-04 10:43:18.969,1,,,,False,True,FP1,51.6,30.8,38.3
0 days 00:29:00.619000,LAW,30,0 days 00:01:47.436000,8.0,2.0,,0 days 00:28:56.780000,0 days 00:00:34.824000,0 days 00:00:35.037000,0 days 00:00:37.575000,0 days 00:27:48.007000,0 days 00:28:23.044000,0 days 00:29:00.619000,210.0,290.0,,241.0,False,SOFT,8.0,False,Red Bull Racing,0 days 00:27:13.183000,2026-09-04 10:44:43.165,1,,,,False,False,FP1,51.6,30.8,38.3
0 days 00:40:52.169000,LAW,30,,9.0,3.0,0 days 00:39:06.199000,,,0 days 00:00:32.927000,0 days 00:00:32.633000,,0 days 00:40:19.806000,0 days 00:40:52.370000,269.0,276.0,297.0,138.0,False,SOFT,1.0,True,Red Bull Racing,0 days 00:39:06.199000,2026-09-04 10:56:36.181,1,,,,False,False,FP1,51.6,30.8,38.3
0 days 00:42:15.881000,LAW,30,0 days 00:01:23.712000,10.0,3.0,,,0 days 00:00:27.635000,0 days 00:00:28.289000,0 days 00:00:27.788000,0 days 00:41:19.804000,0 days 00:41:48.093000,0 days 00:42:15.881000,298.0,315.0,294.0,321.0,True,SOFT,2.0,True,Red Bull Racing,0 days 00:40:52.169000,2026-09-04 10:58:22.151,1,,,,False,True,FP1,51.6,30.8,38.3
0 days 00:44:09.531000,LAW,30,0 days 00:01:53.650000,11.0,3.0,,,0 days 00:00:39.425000,0 days 00:00:38.135000,0 days 00:00:36.090000,0 days 00:42:55.306000,0 days 00:43:33.441000,0 days 00:44:09.531000,230.0,261.0,238.0,203.0,False,SOFT,3.0,True,Red Bull Racing,0 days 00:42:15.881000,2026-09-04 10:59:45.863,1,,,,False,True,FP1,51.6,30.8,38.3
0 days 00:46:16.972000,LAW,30,0 days 00:02:07.441000,12.0,3.0,,,0 days 00:00:42.182000,0 days 00:00:47.982000,0 days 00:00:37.277000,0 days 00:44:51.713000,0 days 00:45:39.695000,0 days 00:46:16.972000,171.0,129.0,290.0,233.0,False,SOFT,4.0,True,Red Bull Racing,0 days 00:44:09.531000,2026-09-04 11:01:39.513,1,,,,False,True,FP1,51.6,30.8,38.3
0 days 00:47:41.077000,LAW,30,0 days 00:01:24.105000,13.0,3.0,,,0 days 00:00:27.800000,0 days 00:00:28.456000,0 days 00:00:27.849000,0 days 00:46:44.772000,0 days 00:47:13.228000,0 days 00:47:41.077000,297.0,313.0,289.0,317.0,False,SOFT,5.0,True,Red Bull Racing,0 days 00:46:16.972000,2026-09-04 11:03:46.954,1,,,,False,True,FP1,51.6,30.8,38.3
0 days 00:49:29.759000,LAW,30,0 days 00:01:48.682000,14.0,3.0,,0 days 00:49:26.044000,0 days 00:00:32.817000,0 days 00:00:37.401000,0 days 00:00:38.464000,0 days 00:48:13.894000,0 days 00:48:51.295000,0 days 00:49:29.759000,265.0,267.0,,281.0,False,SOFT,6.0,True,Red Bull Racing,0 days 00:47:41.077000,2026-09-04 11:05:11.059,1,,,,False,False,FP1,51.7,30.9,37.5
0 days 00:52:01.807000,LAW,30,,15.0,4.0,0 days 00:50:11.681000,,0 days 00:01:23.056000,0 days 00:00:36.740000,0 days 00:00:32.197000,0 days 00:50:53.134000,0 days 00:51:29.888000,0 days 00:52:02.013000,129.0,262.0,293.0,195.0,False,SOFT,7.0,False,Red Bull Racing,0 days 00:49:29.759000,2026-09-04 11:06:59.741,1,,,,False,False,FP1,51.7,30.9,37.5
0 days 00:53:25.603000,LAW,30,0 days 00:01:23.796000,16.0,4.0,,,0 days 00:00:27.591000,0 days 00:00:28.396000,0 days 00:00:27.809000,0 days 00:52:29.398000,0 days 00:52:57.794000,0 days 00:53:25.603000,298.0,309.0,297.0,317.0,False,SOFT,8.0,False,Red Bull Racing,0 days 00:52:01.807000,2026-09-04 11:09:31.789,1,,,,False,True,FP1,51.7,30.9,37.5
0 days 00:55:39.776000,LAW,30,0 days 00:02:14.173000,17.0,4.0,,,0 days 00:00:41.921000,0 days 00:00:48.359000,0 days 00:00:43.893000,0 days 00:54:07.524000,0 days 00:54:55.883000,0 days 00:55:39.776000,151.0,156.0,252.0,264.0,False,SOFT,9.0,False,Red Bull Racing,0 days 00:53:25.603000,2026-09-04 11:10:55.585,1,,,,False,True,FP1,51.7,30.9,37.5
0 days 00:57:26.254000,LAW,30,0 days 00:01:46.478000,18.0,4.0,,,0 days 00:00:37.117000,0 days 00:00:36.906000,0 days 00:00:32.455000,0 days 00:56:16.893000,0 days 00:56:53.799000,0 days 00:57:26.254000,257.0,260.0,293.0,235.0,False,SOFT,10.0,False,Red Bull Racing,0 days 00:55:39.776000,2026-09-04 11:13:09.758,1,,,,False,True,FP1,51.7,30.9,37.5
0 days 00:58:49.687000,LAW,30,0 days 00:01:23.433000,19.0,4.0,,,0 days 00:00:27.543000,0 days 00:00:28.222000,0 days 00:00:27.668000,0 days 00:57:53.797000,0 days 00:58:22.019000,0 days 00:58:49.687000,297.0,311.0,288.0,316.0,True,SOFT,11.0,False,Red Bull Racing,0 days 00:57:26.254000,2026-09-04 11:14:56.236,1,,,,False,True,FP1,51.7,30.9,37.5
0 days 01:00:32.348000,LAW,30,0 days 00:01:42.661000,20.0,4.0,,0 days 01:00:28.565000,0 days 00:00:31.511000,0 days 00:00:32.017000,0 days 00:00:39.133000,0 days 00:59:21.198000,0 days 00:59:53.215000,0 days 01:00:32.348000,268.0,295.0,,270.0,False,SOFT,12.0,False,Red Bull Racing,0 days 00:58:49.687000,2026-09-04 11:16:19.669,1,,,,False,False,FP1,51.7,30.9,37.5
0 days 01:09:04.196000,LAW,30,,21.0,5.0,0 days 01:07:27.336000,,,0 days 00:00:31.162000,0 days 00:00:29.423000,,0 days 01:08:34.913000,0 days 01:09:04.261000,284.0,300.0,290.0,197.0,False,SOFT,9.0,False,Red Bull Racing,0 days 01:00:32.348000,2026-09-04 11:18:02.330,1,,,,False,False,FP1,51.7,30.9,37.5
0 days 01:10:32.118000,LAW,30,0 days 00:01:27.922000,22.0,5.0,,,0 days 00:00:28.719000,0 days 00:00:29.969000,0 days 00:00:29.234000,0 days 01:09:32.915000,0 days 01:10:02.884000,0 days 01:10:32.118000,289.0,300.0,309.0,304.0,False,SOFT,10.0,False,Red Bull Racing,0 days 01:09:04.196000,2026-09-04 11:26:34.178,1,,,,False,True,FP1,51.7,30.9,37.5
0 days 01:11:58.799000,LAW,30,0 days 00:01:26.681000,23.0,5.0,,,0 days 00:00:28.141000,0 days 00:00:29.871000,0 days 00:00:28.669000,0 days 01:11:00.259000,0 days 01:11:30.130000,0 days 01:11:58.799000,299.0,311.0,308.0,309.0,False,SOFT,11.0,False,Red Bull Racing,0 days 01:10:32.118000,2026-09-04 11:28:02.100,1,,,,False,True,FP1,51.7,30.9,37.5
0 days 01:13:25.868000,LAW,30,0 days 00:01:27.069000,24.0,5.0,,,0 days 00:00:28.455000,0 days 00:00:29.930000,0 days 00:00:28.684000,0 days 01:12:27.254000,0 days 01:12:57.184000,0 days 01:13:25.868000,292.0,302.0,304.0,307.0,False,SOFT,12.0,False,Red Bull Racing,0 days 01:11:58.799000,2026-09-04 11:29:28.781,1,,,,False,True,FP1,51.9,31.1,36.7
0 days 01:15:48.119000,LAW,30,0 days 00:02:22.251000,25.0,5.0,,,0 days 00:00:37.920000,0 days 00:00:47.093000,0 days 00:00:57.238000,0 days 01:14:03.788000,0 days 01:14:50.881000,0 days 01:15:48.119000,162.0,190.0,39.0,214.0,False,SOFT,13.0,False,Red Bull Racing,0 days 01:13:25.868000,2026-09-04 11:30:55.850,1,,,,False,True,FP1,51.9,31.1,36.7
0 days 01:18:13.907000,LAW,30,0 days 00:02:25.788000,26.0,5.0,,0 days 01:18:10.147000,0 days 00:01:18.346000,0 days 00:00:30.102000,0 days 00:00:37.340000,0 days 01:17:06.465000,0 days 01:17:36.567000,0 days 01:18:13.907000,286.0,305.0,,291.0,False,SOFT,14.0,False,Red Bull Racing,0 days 01:15:48.119000,2026-09-04 11:33:18.101,1,,,,False,False,FP1,51.9,31.1,36.7
0 days 00:14:41.040000,OCO,31,,1.0,1.0,0 days 00:12:46.410000,,,0 days 00:00:34.679000,0 days 00:00:37.397000,,0 days 00:14:03.882000,0 days 00:14:41.126000,268.0,277.0,265.0,147.0,False,HARD,1.0,True,Haas F1 Team,0 days 00:12:46.410000,2026-09-04 10:30:16.392,1,,,,False,False,FP1,51.9,31.1,36.7
0 days 00:16:11.581000,OCO,31,0 days 00:01:30.541000,2.0,1.0,,,0 days 00:00:29.203000,0 days 00:00:30.963000,0 days 00:00:30.375000,0 days 00:15:10.243000,0 days 00:15:41.206000,0 days 00:16:11.581000,284.0,293.0,264.0,305.0,True,HARD,2.0,True,Haas F1 Team,0 days 00:14:41.040000,2026-09-04 10:32:11.022,1,,,,False,True,FP1,51.9,31.1,36.7
0 days 00:18:37.232000,OCO,31,0 days 00:02:25.651000,3.0,1.0,,0 days 00:18:33.400000,0 days 00:00:50.233000,0 days 00:00:46.497000,0 days 00:00:48.921000,0 days 00:17:01.814000,0 days 00:17:48.311000,0 days 00:18:37.232000,156.0,199.0,,137.0,False,HARD,3.0,True,Haas F1 Team,0 days 00:16:11.581000,2026-09-04 10:33:41.563,1,,,,False,False,FP1,51.9,31.1,36.7
0 days 00:27:19.351000,OCO,31,,4.0,2.0,0 days 00:25:37.251000,,,0 days 00:00:36.791000,0 days 00:00:32.427000,,0 days 00:26:47.186000,0 days 00:27:19.485000,271.0,293.0,274.0,166.0,False,HARD,4.0,False,Haas F1 Team,0 days 00:18:37.232000,2026-09-04 10:36:07.214,1,,,,False,False,FP1,51.9,31.1,36.7
0 days 00:28:46.377000,OCO,31,0 days 00:01:27.026000,5.0,2.0,,,0 days 00:00:28.259000,0 days 00:00:29.546000,0 days 00:00:29.221000,0 days 00:27:47.610000,0 days 00:28:17.156000,0 days 00:28:46.377000,289.0,307.0,271.0,312.0,True,HARD,5.0,False,Haas F1 Team,0 days 00:27:19.351000,2026-09-04 10:44:49.333,1,,,,False,True,FP1,51.9,31.2,36.3
0 days 00:31:19.181000,OCO,31,,6.0,2.0,,,0 days 00:00:47.681000,0 days 00:00:50.945000,0 days 00:00:54.079000,0 days 00:29:34.269000,0 days 00:30:25.162000,0 days 00:31:19.181000,178.0,152.0,203.0,128.0,False,HARD,6.0,False,Haas F1 Team,0 days 00:28:46.377000,2026-09-04 10:46:16.359,126,,,,False,False,FP1,51.9,31.2,36.3
0 days 00:38:42.999000,OCO,31,,7.0,2.0,,0 days 00:33:23.857000,0 days 00:00:40.391000,,,0 days 00:31:59.679000,,,214.0,,,210.0,False,HARD,7.0,False,Haas F1 Team,0 days 00:31:19.181000,2026-09-04 10:48:49.163,6512,,,,False,False,FP1,51.9,31.2,36.3
0 days 00:40:22.065000,OCO,31,,8.0,3.0,0 days 00:38:42.999000,,,0 days 00:00:31.425000,0 days 00:00:33.437000,,0 days 00:39:48.859000,0 days 00:40:22.068000,279.0,258.0,280.0,198.0,False,HARD,8.0,False,Haas F1 Team,0 days 00:38:42.999000,2026-09-04 10:56:12.981,1,,,,False,False,FP1,51.9,31.2,36.3
0 days 00:41:48.161000,OCO,31,0 days 00:01:26.096000,9.0,3.0,,,0 days 00:00:28.092000,0 days 00:00:29.234000,0 days 00:00:28.770000,0 days 00:40:50.157000,0 days 00:41:19.391000,0 days 00:41:48.161000,290.0,308.0,276.0,314.0,True,HARD,9.0,False,Haas F1 Team,0 days 00:40:22.065000,2026-09-04 10:57:52.047,1,,,,False,True,FP1,51.9,31.2,36.3
0 days 00:43:46.045000,OCO,31,0 days 00:01:57.884000,10.0,3.0,,,0 days 00:00:43.943000,0 days 00:00:41.540000,0 days 00:00:32.401000,0 days 00:42:32.104000,0 days 00:43:13.644000,0 days 00:43:46.045000,185.0,256.0,279.0,137.0,False,HARD,10.0,False,Haas F1 Team,0 days 00:41:48.161000,2026-09-04 10:59:18.143,1,,,,False,True,FP1,51.9,31.2,36.3
0 days 00:45:11.897000,OCO,31,0 days 00:01:25.852000,11.0,3.0,,,0 days 00:00:28.040000,0 days 00:00:29.051000,0 days 00:00:28.761000,0 days 00:44:14.085000,0 days 00:44:43.136000,0 days 00:45:11.897000,290.0,303.0,271.0,312.0,True,HARD,11.0,False,Haas F1 Team,0 days 00:43:46.045000,2026-09-04 11:01:16.027,1,,,,False,True,FP1,51.9,31.2,36.3
0 days 00:47:17.858000,OCO,31,0 days 00:02:05.961000,12.0,3.0,,0 days 00:47:13.980000,0 days 00:00:35.923000,0 days 00:00:40.095000,0 days 00:00:49.943000,0 days 00:45:47.820000,0 days 00:46:27.915000,0 days 00:47:17.858000,230.0,199.0,,239.0,False,HARD,12.0,False,Haas F1 Team,0 days 00:45:11.897000,2026-09-04 11:02:41.879,1,,,,False,False,FP1,51.9,31.2,36.3
0 days 00:51:42.916000,OCO,31,,13.0,4.0,0 days 00:49:54.603000,,,0 days 00:00:32.295000,0 days 00:00:43.888000,,0 days 00:50:59.165000,0 days 00:51:43.029000,292.0,284.0,288.0,198.0,False,SOFT,1.0,True,Haas F1 Team,0 days 00:47:17.858000,2026-09-04 11:04:47.840,1,,,,False,False,FP1,51.9,31.2,36.3
0 days 00:53:25.208000,OCO,31,0 days 00:01:42.292000,14.0,4.0,,,0 days 00:00:31.747000,0 days 00:00:35.662000,0 days 00:00:34.883000,0 days 00:52:14.663000,0 days 00:52:50.325000,0 days 00:53:25.208000,211.0,248.0,286.0,325.0,False,SOFT,2.0,True,Haas F1 Team,0 days 00:51:42.916000,2026-09-04 11:09:12.898,1,,,,False,True,FP1,51.9,31.2,36.3
0 days 00:54:52.065000,OCO,31,0 days 00:01:26.857000,15.0,4.0,,,0 days 00:00:28.944000,0 days 00:00:29.421000,0 days 00:00:28.492000,0 days 00:53:54.152000,0 days 00:54:23.573000,0 days 00:54:52.065000,292.0,305.0,275.0,318.0,False,SOFT,3.0,True,Haas F1 Team,0 days 00:53:25.208000,2026-09-04 11:10:55.190,1,,,,False,True,FP1,51.9,31.2,36.3
0 days 00:56:53.079000,OCO,31,0 days 00:02:01.014000,16.0,4.0,,0 days 00:56:49.167000,0 days 00:00:40.032000,0 days 00:00:38.310000,0 days 00:00:42.672000,0 days 00:55:32.097000,0 days 00:56:10.407000,0 days 00:56:53.079000,218.0,219.0,,177.0,False,SOFT,4.0,True,Haas F1 Team,0 days 00:54:52.065000,2026-09-04 11:12:22.047,1,,,,False,False,FP1,51.9,31.2,36.3
0 days 00:59:19.276000,OCO,31,0 days 00:02:26.197000,17.0,5.0,0 days 00:57:09.777000,,0 days 00:01:09.970000,0 days 00:00:37.051000,0 days 00:00:39.176000,0 days 00:58:03.049000,0 days 00:58:40.100000,0 days 00:59:19.276000,233.0,215.0,281.0,195.0,False,SOFT,5.0,False,Haas F1 Team,0 days 00:56:53.079000,2026-09-04 11:14:23.061,1,,,,False,False,FP1,51.9,31.2,36.3
0 days 01:00:45.315000,OCO,31,0 days 00:01:26.039000,18.0,5.0,,,0 days 00:00:28.377000,0 days 00:00:28.901000,0 days 00:00:28.761000,0 days 00:59:47.653000,0 days 01:00:16.554000,0 days 01:00:45.315000,289.0,310.0,270.0,311.0,False,SOFT,6.0,False,Haas F1 Team,0 days 00:59:19.276000,2026-09-04 11:16:49.258,1,,,,False,True,FP1,51.9,31.2,36.3
0 days 01:02:24.824000,OCO,31,0 days 00:01:39.509000,19.0,5.0,,0 days 01:02:20.897000,0 days 00:00:32.536000,0 days 00:00:31.502000,0 days 00:00:35.471000,0 days 01:01:17.851000,0 days 01:01:49.353000,0 days 01:02:24.824000,264.0,283.0,,274.0,False,SOFT,7.0,False,Haas F1 Team,0 days 01:00:45.315000,2026-09-04 11:18:15.297,1,,,,False,False,FP1,51.5,31.2,36.1
0 days 01:06:50.339000,OCO,31,,20.0,6.0,0 days 01:04:56.380000,,,0 days 00:00:30.645000,0 days 00:00:29.268000,,0 days 01:06:21.330000,0 days 01:06:50.417000,283.0,303.0,309.0,233.0,False,HARD,13.0,False,Haas F1 Team,0 days 01:02:24.824000,2026-09-04 11:19:54.806,1,,,,False,False,FP1,51.5,31.2,36.1
0 days 01:08:17.892000,OCO,31,0 days 00:01:27.553000,21.0,6.0,,,0 days 00:00:28.486000,0 days 00:00:30.070000,0 days 00:00:28.997000,0 days 01:07:18.825000,0 days 01:07:48.895000,0 days 01:08:17.892000,283.0,296.0,301.0,319.0,False,HARD,14.0,False,Haas F1 Team,0 days 01:06:50.339000,2026-09-04 11:24:20.321,1,,,,False,True,FP1,51.5,31.2,36.1
0 days 01:09:45.528000,OCO,31,0 days 00:01:27.636000,22.0,6.0,,,0 days 00:00:28.837000,0 days 00:00:29.990000,0 days 00:00:28.809000,0 days 01:08:46.729000,0 days 01:09:16.719000,0 days 01:09:45.528000,284.0,304.0,307.0,308.0,False,HARD,15.0,False,Haas F1 Team,0 days 01:08:17.892000,2026-09-04 11:25:47.874,1,,,,False,True,FP1,51.5,31.2,36.1
0 days 01:11:13.034000,OCO,31,0 days 00:01:27.506000,23.0,6.0,,,0 days 00:00:28.876000,0 days 00:00:29.864000,0 days 00:00:28.766000,0 days 01:10:14.404000,0 days 01:10:44.268000,0 days 01:11:13.034000,286.0,308.0,309.0,315.0,False,HARD,16.0,False,Haas F1 Team,0 days 01:09:45.528000,2026-09-04 11:27:15.510,1,,,,False,True,FP1,51.5,31.2,36.1
0 days 01:12:40.181000,OCO,31,0 days 00:01:27.147000,24.0,6.0,,,0 days 00:00:28.560000,0 days 00:00:29.834000,0 days 00:00:28.753000,0 days 01:11:41.594000,0 days 01:12:11.428000,0 days 01:12:40.181000,285.0,305.0,304.0,314.0,False,HARD,17.0,False,Haas F1 Team,0 days 01:11:13.034000,2026-09-04 11:28:43.016,1,,,,False,True,FP1,51.5,31.2,36.1
0 days 01:14:49.709000,OCO,31,0 days 00:02:09.528000,25.0,6.0,,,0 days 00:00:35.573000,0 days 00:00:44.889000,0 days 00:00:49.066000,0 days 01:13:15.754000,0 days 01:14:00.643000,0 days 01:14:49.709000,173.0,231.0,87.0,260.0,False,HARD,18.0,False,Haas F1 Team,0 days 01:12:40.181000,2026-09-04 11:30:10.163,1,,,,False,True,FP1,51.5,31.2,36.1
0 days 01:17:11.045000,OCO,31,0 days 00:02:21.336000,26.0,6.0,,0 days 01:17:07.139000,0 days 00:01:14.094000,0 days 00:00:31.350000,0 days 00:00:35.892000,0 days 01:16:03.803000,0 days 01:16:35.153000,0 days 01:17:11.045000,292.0,284.0,,288.0,False,HARD,19.0,False,Haas F1 Team,0 days 01:14:49.709000,2026-09-04 11:32:19.691,1,,,,False,False,FP1,52.0,31.4,35.5
0 days 00:14:26.440000,IWA,36,,1.0,1.0,0 days 00:12:38.177000,,,0 days 00:00:35.509000,0 days 00:00:35.825000,,0 days 00:13:50.773000,0 days 00:14:26.457000,266.0,291.0,299.0,183.0,False,HARD,1.0,True,Red Bull Racing,0 days 00:12:38.177000,2026-09-04 10:30:08.159,1,,,,False,False,FP1,52.0,31.4,35.5
0 days 00:16:00.642000,IWA,36,0 days 00:01:34.202000,2.0,1.0,,,0 days 00:00:29.686000,0 days 00:00:32.648000,0 days 00:00:31.868000,0 days 00:14:56.126000,0 days 00:15:28.774000,0 days 00:16:00.642000,281.0,298.0,295.0,299.0,True,HARD,2.0,True,Red Bull Racing,0 days 00:14:26.440000,2026-09-04 10:31:56.422,1,,,,False,True,FP1,52.0,31.4,35.5
0 days 00:17:38.035000,IWA,36,0 days 00:01:37.393000,3.0,1.0,,,0 days 00:00:29.494000,0 days 00:00:35.437000,0 days 00:00:32.462000,0 days 00:16:30.136000,0 days 00:17:05.573000,0 days 00:17:38.035000,286.0,253.0,287.0,298.0,False,HARD,3.0,True,Red Bull Racing,0 days 00:16:00.642000,2026-09-04 10:33:30.624,1,,,,False,True,FP1,52.0,31.4,35.5
0 days 00:19:16.875000,IWA,36,0 days 00:01:38.840000,4.0,1.0,,0 days 00:19:12.871000,0 days 00:00:29.669000,0 days 00:00:31.648000,0 days 00:00:37.523000,0 days 00:18:07.704000,0 days 00:18:39.352000,0 days 00:19:16.875000,284.0,299.0,,299.0,False,HARD,4.0,True,Red Bull Racing,0 days 00:17:38.035000,2026-09-04 10:35:08.017,1,,,,False,False,FP1,52.0,31.4,35.5
0 days 00:25:49.821000,IWA,36,,5.0,2.0,0 days 00:23:57.676000,,,0 days 00:00:34.935000,0 days 00:00:37.518000,,0 days 00:25:12.594000,0 days 00:25:49.899000,296.0,257.0,273.0,190.0,False,HARD,5.0,False,Red Bull Racing,0 days 00:19:16.875000,2026-09-04 10:36:46.857,1,,,,False,False,FP1,52.0,31.4,35.5
0 days 00:27:27.930000,IWA,36,0 days 00:01:38.109000,6.0,2.0,,,0 days 00:00:30.393000,0 days 00:00:36.917000,0 days 00:00:30.799000,0 days 00:26:20.214000,0 days 00:26:57.131000,0 days 00:27:27.930000,283.0,292.0,300.0,299.0,False,HARD,6.0,False,Red Bull Racing,0 days 00:25:49.821000,2026-09-04 10:43:19.803,1,,,,False,True,FP1,52.0,31.4,35.5
0 days 00:28:58.620000,IWA,36,0 days 00:01:30.690000,7.0,2.0,,,0 days 00:00:29.257000,0 days 00:00:31.200000,0 days 00:00:30.233000,0 days 00:27:57.187000,0 days 00:28:28.387000,0 days 00:28:58.620000,285.0,300.0,298.0,298.0,True,HARD,7.0,False,Red Bull Racing,0 days 00:27:27.930000,2026-09-04 10:44:57.912,1,,,,False,True,FP1,52.0,31.4,35.5
0 days 00:30:45.995000,IWA,36,0 days 00:01:47.375000,8.0,2.0,,0 days 00:30:42.201000,0 days 00:00:29.360000,0 days 00:00:32.254000,0 days 00:00:45.761000,0 days 00:29:27.980000,0 days 00:30:00.234000,0 days 00:30:45.995000,288.0,299.0,,298.0,False,HARD,8.0,False,Red Bull Racing,0 days 00:28:58.620000,2026-09-04 10:46:28.602,126,,,,False,False,FP1,52.0,31.4,35.5
0 days 00:43:57.112000,IWA,36,,9.0,3.0,0 days 00:42:12.095000,,,0 days 00:00:33.667000,0 days 00:00:32.624000,,0 days 00:43:24.733000,0 days 00:43:57.265000,265.0,273.0,289.0,94.0,False,HARD,9.0,False,Red Bull Racing,0 days 00:42:12.095000,2026-09-04 10:59:42.077,1,,,,False,False,FP1,52.0,31.4,35.5
0 days 00:45:25.545000,IWA,36,0 days 00:01:28.433000,10.0,3.0,,,0 days 00:00:28.037000,0 days 00:00:30.513000,0 days 00:00:29.883000,0 days 00:44:25.149000,0 days 00:44:55.662000,0 days 00:45:25.545000,290.0,294.0,274.0,316.0,True,HARD,10.0,False,Red Bull Racing,0 days 00:43:57.112000,2026-09-04 11:01:27.094,1,,,,False,True,FP1,52.0,31.4,35.5
0 days 00:47:27.393000,IWA,36,0 days 00:02:01.848000,11.0,3.0,,,0 days 00:00:39.947000,0 days 00:00:45.860000,0 days 00:00:36.041000,0 days 00:46:05.492000,0 days 00:46:51.352000,0 days 00:47:27.393000,171.0,249.0,288.0,244.0,False,HARD,11.0,False,Red Bull Racing,0 days 00:45:25.545000,2026-09-04 11:02:55.527,1,,,,False,True,FP1,52.0,31.4,35.5
0 days 00:48:54.206000,IWA,36,0 days 00:01:26.813000,12.0,3.0,,,0 days 00:00:28.326000,0 days 00:00:29.275000,0 days 00:00:29.212000,0 days 00:47:55.719000,0 days 00:48:24.994000,0 days 00:48:54.206000,290.0,306.0,282.0,314.0,True,HARD,12.0,False,Red Bull Racing,0 days 00:47:27.393000,2026-09-04 11:04:57.375,1,,,,False,True,FP1,52.0,31.4,35.5
0 days 00:51:09.724000,IWA,36,0 days 00:02:15.518000,13.0,3.0,,,0 days 00:00:38.157000,0 days 00:00:56.189000,0 days 00:00:41.172000,0 days 00:49:32.363000,0 days 00:50:28.552000,0 days 00:51:09.724000,158.0,174.0,289.0,233.0,False,HARD,13.0,False,Red Bull Racing,0 days 00:48:54.206000,2026-09-04 11:06:24.188,1,,,,False,True,FP1,52.0,31.4,35.5
0 days 00:52:34.972000,IWA,36,0 days 00:01:25.248000,14.0,3.0,,,0 days 00:00:27.844000,0 days 00:00:28.853000,0 days 00:00:28.551000,0 days 00:51:37.568000,0 days 00:52:06.421000,0 days 00:52:34.972000,294.0,313.0,285.0,317.0,True,HARD,14.0,False,Red Bull Racing,0 days 00:51:09.724000,2026-09-04 11:08:39.706,1,,,,False,True,FP1,52.3,31.4,35.3
0 days 00:54:24.244000,IWA,36,0 days 00:01:49.272000,15.0,3.0,,0 days 00:54:20.651000,0 days 00:00:32.106000,0 days 00:00:36.508000,0 days 00:00:40.658000,0 days 00:53:07.078000,0 days 00:53:43.586000,0 days 00:54:24.244000,284.0,174.0,,282.0,False,HARD,15.0,False,Red Bull Racing,0 days 00:52:34.972000,2026-09-04 11:10:04.954,1,,,,False,False,FP1,52.3,31.4,35.3
0 days 01:01:52.728000,IWA,36,,16.0,4.0,0 days 01:00:11.474000,,,0 days 00:00:33.180000,0 days 00:00:31.465000,,0 days 01:01:21.478000,0 days 01:01:52.907000,270.0,274.0,292.0,123.0,False,SOFT,1.0,True,Red Bull Racing,0 days 00:54:24.244000,2026-09-04 11:11:54.226,1,,,,False,False,FP1,52.3,31.4,35.3
0 days 01:03:17.601000,IWA,36,0 days 00:01:24.873000,17.0,4.0,,,0 days 00:00:27.768000,0 days 00:00:28.786000,0 days 00:00:28.319000,0 days 01:02:20.496000,0 days 01:02:49.282000,0 days 01:03:17.601000,294.0,310.0,290.0,316.0,True,SOFT,2.0,True,Red Bull Racing,0 days 01:01:52.728000,2026-09-04 11:19:22.710,1,,,,False,True,FP1,52.3,31.4,35.3
0 days 01:05:37.294000,IWA,36,0 days 00:02:19.693000,18.0,4.0,,,0 days 00:00:42.643000,0 days 00:00:48.762000,0 days 00:00:48.288000,0 days 01:04:00.244000,0 days 01:04:49.006000,0 days 01:05:37.294000,123.0,142.0,207.0,240.0,False,SOFT,3.0,True,Red Bull Racing,0 days 01:03:17.601000,2026-09-04 11:20:47.583,1,,,,False,True,FP1,52.3,31.4,35.3
0 days 01:07:38.758000,IWA,36,0 days 00:02:01.464000,19.0,4.0,,,0 days 00:00:48.635000,0 days 00:00:38.414000,0 days 00:00:34.415000,0 days 01:06:25.929000,0 days 01:07:04.343000,0 days 01:07:38.758000,153.0,171.0,288.0,135.0,False,SOFT,4.0,True,Red Bull Racing,0 days 01:05:37.294000,2026-09-04 11:23:07.276,1,,,,False,True,FP1,52.3,31.4,35.3
0 days 01:09:31.407000,IWA,36,0 days 00:01:52.649000,20.0,4.0,,,0 days 00:00:27.649000,0 days 00:00:46.778000,0 days 00:00:38.222000,0 days 01:08:06.407000,0 days 01:08:53.185000,0 days 01:09:31.407000,297.0,136.0,288.0,316.0,False,SOFT,5.0,True,Red Bull Racing,0 days 01:07:38.758000,2026-09-04 11:25:08.740,1,,,,False,True,FP1,52.3,31.4,35.3
0 days 01:10:56.282000,IWA,36,0 days 00:01:24.875000,21.0,4.0,,,0 days 00:00:27.868000,0 days 00:00:28.798000,0 days 00:00:28.209000,0 days 01:09:59.275000,0 days 01:10:28.073000,0 days 01:10:56.282000,292.0,308.0,284.0,314.0,False,SOFT,6.0,True,Red Bull Racing,0 days 01:09:31.407000,2026-09-04 11:27:01.389,1,,,,False,True,FP1,52.3,31.4,35.3
0 days 01:12:25.091000,IWA,36,0 days 00:01:28.809000,22.0,4.0,,,0 days 00:00:28.925000,0 days 00:00:30.086000,0 days 00:00:29.798000,0 days 01:11:25.207000,0 days 01:11:55.293000,0 days 01:12:25.091000,287.0,303.0,309.0,306.0,False,SOFT,7.0,True,Red Bull Racing,0 days 01:10:56.282000,2026-09-04 11:28:26.264,1,,,,False,True,FP1,52.3,31.4,35.3
0 days 01:13:52.032000,IWA,36,0 days 00:01:26.941000,23.0,4.0,,,0 days 00:00:28.246000,0 days 00:00:29.845000,0 days 00:00:28.850000,0 days 01:12:53.337000,0 days 01:13:23.182000,0 days 01:13:52.032000,285.0,305.0,306.0,313.0,False,SOFT,8.0,True,Red Bull Racing,0 days 01:12:25.091000,2026-09-04 11:29:55.073,1,,,,False,True,FP1,52.3,31.4,35.3
0 days 01:15:36.281000,IWA,36,0 days 00:01:44.249000,24.0,4.0,,0 days 01:15:32.511000,0 days 00:00:28.247000,0 days 00:00:29.628000,0 days 00:00:46.374000,0 days 01:14:20.279000,0 days 01:14:49.907000,0 days 01:15:36.281000,287.0,280.0,,313.0,False,SOFT,9.0,True,Red Bull Racing,0 days 01:13:52.032000,2026-09-04 11:31:22.014,1,,,,False,False,FP1,52.3,31.4,35.3
0 days 00:14:56.661000,LIN,41,,1.0,1.0,0 days 00:13:09.560000,,,0 days 00:00:34.726000,0 days 00:00:34.809000,,0 days 00:14:22.035000,0 days 00:14:56.704000,268.0,273.0,268.0,165.0,False,HARD,1.0,True,Racing Bulls,0 days 00:13:09.560000,2026-09-04 10:30:39.542,1,,,,False,False,FP1,52.3,31.4,35.3
0 days 00:16:40.006000,LIN,41,0 days 00:01:43.345000,2.0,1.0,,,0 days 00:00:34.314000,0 days 00:00:36.205000,0 days 00:00:32.826000,0 days 00:15:30.975000,0 days 00:16:07.180000,0 days 00:16:40.006000,259.0,281.0,291.0,258.0,True,HARD,2.0,True,Racing Bulls,0 days 00:14:56.661000,2026-09-04 10:32:26.643,1,,,,False,True,FP1,52.0,31.4,35.6
0 days 00:18:06.089000,LIN,41,0 days 00:01:26.083000,3.0,1.0,,,0 days 00:00:28.184000,0 days 00:00:29.359000,0 days 00:00:28.540000,0 days 00:17:08.190000,0 days 00:17:37.549000,0 days 00:18:06.089000,291.0,307.0,292.0,315.0,True,HARD,3.0,True,Racing Bulls,0 days 00:16:40.006000,2026-09-04 10:34:09.988,1,,,,False,True,FP1,52.0,31.4,35.6
0 days 00:20:11.171000,LIN,41,0 days 00:02:05.082000,4.0,1.0,,,0 days 00:00:39.065000,0 days 00:00:48.088000,0 days 00:00:37.929000,0 days 00:18:45.154000,0 days 00:19:33.242000,0 days 00:20:11.171000,171.0,246.0,294.0,238.0,False,HARD,4.0,True,Racing Bulls,0 days 00:18:06.089000,2026-09-04 10:35:36.071,1,,,,False,True,FP1,52.0,31.4,35.6
0 days 00:21:35.917000,LIN,41,0 days 00:01:24.746000,5.0,1.0,,,0 days 00:00:27.810000,0 days 00:00:28.820000,0 days 00:00:28.116000,0 days 00:20:38.981000,0 days 00:21:07.801000,0 days 00:21:35.917000,294.0,311.0,291.0,316.0,True,HARD,5.0,True,Racing Bulls,0 days 00:20:11.171000,2026-09-04 10:37:41.153,1,,,,False,True,FP1,52.0,31.4,35.6
0 days 00:23:50.561000,LIN,41,0 days 00:02:14.644000,6.0,1.0,,,0 days 00:00:40.906000,0 days 00:00:56.151000,0 days 00:00:37.587000,0 days 00:22:16.823000,0 days 00:23:12.974000,0 days 00:23:50.561000,156.0,177.0,294.0,194.0,False,HARD,6.0,True,Racing Bulls,0 days 00:21:35.917000,2026-09-04 10:39:05.899,1,,,,False,True,FP1,52.0,31.4,35.6
0 days 00:25:16.038000,LIN,41,0 days 00:01:25.477000,7.0,1.0,,,0 days 00:00:27.763000,0 days 00:00:29.008000,0 days 00:00:28.706000,0 days 00:24:18.324000,0 days 00:24:47.332000,0 days 00:25:16.038000,291.0,307.0,287.0,313.0,False,HARD,7.0,True,Racing Bulls,0 days 00:23:50.561000,2026-09-04 10:41:20.543,1,,,,False,True,FP1,52.0,31.4,35.6
0 days 00:27:50.718000,LIN,41,,8.0,1.0,,,0 days 00:00:50.461000,0 days 00:01:03.115000,0 days 00:00:41.063000,0 days 00:26:06.627000,0 days 00:27:09.676000,0 days 00:27:50.780000,133.0,119.0,295.0,118.0,False,HARD,8.0,True,Racing Bulls,0 days 00:25:16.038000,2026-09-04 10:42:46.020,1,,,,False,False,FP1,52.0,31.4,35.6
0 days 00:29:15.117000,LIN,41,0 days 00:01:24.399000,9.0,1.0,,,0 days 00:00:27.842000,0 days 00:00:28.726000,0 days 00:00:27.831000,0 days 00:28:18.560000,0 days 00:28:47.286000,0 days 00:29:15.117000,295.0,312.0,286.0,318.0,True,HARD,9.0,True,Racing Bulls,0 days 00:27:50.718000,2026-09-04 10:45:20.700,1,,,,False,True,FP1,52.0,31.4,35.6
0 days 00:31:46.376000,LIN,41,,10.0,1.0,,0 days 00:31:42.414000,0 days 00:00:46.311000,0 days 00:01:00.113000,0 days 00:00:44.751000,0 days 00:30:01.679000,0 days 00:31:01.656000,0 days 00:31:46.376000,161.0,159.0,,137.0,False,HARD,10.0,True,Racing Bulls,0 days 00:29:15.117000,2026-09-04 10:46:45.099,126,,,,False,False,FP1,52.0,31.4,35.6
0 days 00:41:03.667000,LIN,41,,11.0,2.0,0 days 00:39:19.246000,,,0 days 00:00:33.302000,0 days 00:00:31.758000,,0 days 00:40:32.048000,0 days 00:41:03.761000,297.0,260.0,296.0,134.0,False,MEDIUM,1.0,True,Racing Bulls,0 days 00:39:19.246000,2026-09-04 10:56:49.228,1,,,,False,False,FP1,52.1,31.3,35.7
0 days 00:42:27.469000,LIN,41,0 days 00:01:23.802000,12.0,2.0,,,0 days 00:00:27.558000,0 days 00:00:28.344000,0 days 00:00:27.900000,0 days 00:41:31.225000,0 days 00:41:59.569000,0 days 00:42:27.469000,294.0,312.0,291.0,318.0,True,MEDIUM,2.0,True,Racing Bulls,0 days 00:41:03.667000,2026-09-04 10:58:33.649,1,,,,False,True,FP1,52.1,31.3,35.7
0 days 00:44:41.199000,LIN,41,0 days 00:02:13.730000,13.0,2.0,,,0 days 00:00:46.401000,0 days 00:00:50.749000,0 days 00:00:36.580000,0 days 00:43:13.870000,0 days 00:44:04.619000,0 days 00:44:41.199000,139.0,261.0,251.0,165.0,False,MEDIUM,3.0,True,Racing Bulls,0 days 00:42:27.469000,2026-09-04 10:59:57.451,1,,,,False,True,FP1,52.1,31.3,35.7
0 days 00:46:53.714000,LIN,41,0 days 00:02:12.515000,14.0,2.0,,,0 days 00:00:44.302000,0 days 00:00:49.001000,0 days 00:00:39.212000,0 days 00:45:25.501000,0 days 00:46:14.502000,0 days 00:46:53.714000,264.0,150.0,298.0,148.0,False,MEDIUM,4.0,True,Racing Bulls,0 days 00:44:41.199000,2026-09-04 11:02:11.181,1,,,,False,True,FP1,52.1,31.3,35.7
0 days 00:48:18.013000,LIN,41,0 days 00:01:24.299000,15.0,2.0,,,0 days 00:00:27.600000,0 days 00:00:28.671000,0 days 00:00:28.028000,0 days 00:47:21.314000,0 days 00:47:49.985000,0 days 00:48:18.013000,292.0,313.0,296.0,325.0,False,MEDIUM,5.0,True,Racing Bulls,0 days 00:46:53.714000,2026-09-04 11:04:23.696,1,,,,False,True,FP1,52.1,31.3,35.7
0 days 00:50:18.895000,LIN,41,0 days 00:02:00.882000,16.0,2.0,,,0 days 00:00:39.946000,0 days 00:00:42.779000,0 days 00:00:38.157000,0 days 00:48:57.959000,0 days 00:49:40.738000,0 days 00:50:18.895000,235.0,255.0,294.0,260.0,False,MEDIUM,6.0,True,Racing Bulls,0 days 00:48:18.013000,2026-09-04 11:05:47.995,1,,,,False,True,FP1,52.1,31.3,35.7
0 days 00:51:49.266000,LIN,41,0 days 00:01:30.371000,17.0,2.0,,0 days 00:51:44.794000,0 days 00:00:27.937000,0 days 00:00:28.775000,0 days 00:00:33.659000,0 days 00:50:46.832000,0 days 00:51:15.607000,0 days 00:51:49.266000,291.0,307.0,,312.0,False,MEDIUM,7.0,True,Racing Bulls,0 days 00:50:18.895000,2026-09-04 11:07:48.877,1,,,,False,False,FP1,52.1,31.3,35.7
0 days 00:59:34.015000,LIN,41,,18.0,3.0,0 days 00:57:30.511000,,,0 days 00:00:31.096000,0 days 00:00:29.487000,,0 days 00:59:04.749000,0 days 00:59:34.116000,280.0,298.0,294.0,223.0,False,HARD,11.0,False,Racing Bulls,0 days 00:51:49.266000,2026-09-04 11:09:19.248,1,,,,False,False,FP1,52.0,31.3,36.3
0 days 01:01:02.450000,LIN,41,0 days 00:01:28.435000,19.0,3.0,,,0 days 00:00:29.441000,0 days 00:00:30.114000,0 days 00:00:28.880000,0 days 01:00:03.456000,0 days 01:00:33.570000,0 days 01:01:02.450000,281.0,301.0,301.0,302.0,False,HARD,12.0,False,Racing Bulls,0 days 00:59:34.015000,2026-09-04 11:17:03.997,1,,,,False,True,FP1,52.0,31.3,36.3
0 days 01:02:30.060000,LIN,41,0 days 00:01:27.610000,20.0,3.0,,,0 days 00:00:28.859000,0 days 00:00:29.911000,0 days 00:00:28.840000,0 days 01:01:31.309000,0 days 01:02:01.220000,0 days 01:02:30.060000,282.0,299.0,306.0,300.0,False,HARD,13.0,False,Racing Bulls,0 days 01:01:02.450000,2026-09-04 11:18:32.432,1,,,,False,True,FP1,52.0,31.3,36.3
0 days 01:03:57.263000,LIN,41,0 days 00:01:27.203000,21.0,3.0,,,0 days 00:00:28.677000,0 days 00:00:29.835000,0 days 00:00:28.691000,0 days 01:02:58.737000,0 days 01:03:28.572000,0 days 01:03:57.263000,284.0,302.0,302.0,303.0,False,HARD,14.0,False,Racing Bulls,0 days 01:02:30.060000,2026-09-04 11:20:00.042,1,,,,False,True,FP1,52.0,31.3,36.3
0 days 01:05:24.781000,LIN,41,0 days 00:01:27.518000,22.0,3.0,,,0 days 00:00:28.932000,0 days 00:00:29.987000,0 days 00:00:28.599000,0 days 01:04:26.195000,0 days 01:04:56.182000,0 days 01:05:24.781000,283.0,301.0,302.0,301.0,False,HARD,15.0,False,Racing Bulls,0 days 01:03:57.263000,2026-09-04 11:21:27.245,1,,,,False,True,FP1,52.0,31.3,36.3
0 days 01:06:52.270000,LIN,41,0 days 00:01:27.489000,23.0,3.0,,,0 days 00:00:28.766000,0 days 00:00:30.055000,0 days 00:00:28.668000,0 days 01:05:53.547000,0 days 01:06:23.602000,0 days 01:06:52.270000,285.0,304.0,315.0,302.0,False,HARD,16.0,False,Racing Bulls,0 days 01:05:24.781000,2026-09-04 11:22:54.763,1,,,,False,True,FP1,52.0,31.3,36.3
0 days 01:08:24.506000,LIN,41,0 days 00:01:32.236000,24.0,3.0,,0 days 01:08:20.565000,0 days 00:00:28.451000,0 days 00:00:30.841000,0 days 00:00:32.944000,0 days 01:07:20.721000,0 days 01:07:51.562000,0 days 01:08:24.506000,287.0,310.0,,310.0,False,HARD,17.0,False,Racing Bulls,0 days 01:06:52.270000,2026-09-04 11:24:22.252,1,,,,False,False,FP1,52.0,31.3,36.3
0 days 01:10:13.445000,LIN,41,0 days 00:01:48.939000,25.0,4.0,0 days 01:08:45.678000,,0 days 00:00:49.895000,0 days 00:00:30.197000,0 days 00:00:28.847000,0 days 01:09:14.401000,0 days 01:09:44.598000,0 days 01:10:13.445000,281.0,300.0,299.0,265.0,False,MEDIUM,8.0,False,Racing Bulls,0 days 01:08:24.506000,2026-09-04 11:25:54.488,1,,,,False,False,FP1,51.8,31.2,37.1
0 days 01:11:41.677000,LIN,41,0 days 00:01:28.232000,26.0,4.0,,,0 days 00:00:29.165000,0 days 00:00:30.335000,0 days 00:00:28.732000,0 days 01:10:42.610000,0 days 01:11:12.945000,0 days 01:11:41.677000,290.0,310.0,301.0,309.0,False,MEDIUM,9.0,False,Racing Bulls,0 days 01:10:13.445000,2026-09-04 11:27:43.427,1,,,,False,True,FP1,51.8,31.2,37.1
0 days 01:13:08.966000,LIN,41,0 days 00:01:27.289000,27.0,4.0,,,0 days 00:00:28.659000,0 days 00:00:30.246000,0 days 00:00:28.384000,0 days 01:12:10.336000,0 days 01:12:40.582000,0 days 01:13:08.966000,288.0,309.0,317.0,310.0,False,MEDIUM,10.0,False,Racing Bulls,0 days 01:11:41.677000,2026-09-04 11:29:11.659,1,,,,False,True,FP1,51.8,31.2,37.1
0 days 01:15:08.511000,LIN,41,0 days 00:01:59.545000,28.0,4.0,,,0 days 00:00:34.325000,0 days 00:00:35.599000,0 days 00:00:49.621000,0 days 01:13:43.291000,0 days 01:14:18.890000,0 days 01:15:08.511000,239.0,258.0,71.0,224.0,False,MEDIUM,11.0,False,Racing Bulls,0 days 01:13:08.966000,2026-09-04 11:30:38.948,1,,,,False,True,FP1,51.8,31.2,37.1
0 days 01:17:25.352000,LIN,41,0 days 00:02:16.841000,29.0,4.0,,0 days 01:17:21.530000,0 days 00:01:12.093000,0 days 00:00:30.674000,0 days 00:00:34.074000,0 days 01:16:20.604000,0 days 01:16:51.278000,0 days 01:17:25.352000,284.0,298.0,,289.0,False,MEDIUM,12.0,False,Racing Bulls,0 days 01:15:08.511000,2026-09-04 11:32:38.493,1,,,,False,False,FP1,51.8,31.2,37.1
0 days 00:16:12.115000,COL,43,,1.0,1.0,0 days 00:14:23.051000,,,0 days 00:00:34.208000,0 days 00:00:35.052000,,0 days 00:15:37.378000,0 days 00:16:12.315000,269.0,286.0,300.0,190.0,False,MEDIUM,1.0,True,Alpine,0 days 00:14:23.051000,2026-09-04 10:31:53.033,1,,,,False,False,FP1,51.8,31.2,37.1
0 days 00:17:38.743000,COL,43,0 days 00:01:26.628000,2.0,1.0,,,0 days 00:00:27.650000,0 days 00:00:29.407000,0 days 00:00:29.571000,0 days 00:16:39.765000,0 days 00:17:09.172000,0 days 00:17:38.743000,296.0,317.0,277.0,323.0,True,MEDIUM,2.0,True,Alpine,0 days 00:16:12.115000,2026-09-04 10:33:42.097,1,,,,False,True,FP1,51.8,31.2,37.1
0 days 00:19:58.360000,COL,43,0 days 00:02:19.617000,3.0,1.0,,,0 days 00:00:50.081000,0 days 00:00:53.561000,0 days 00:00:35.975000,0 days 00:18:28.824000,0 days 00:19:22.385000,0 days 00:19:58.360000,123.0,201.0,297.0,163.0,False,MEDIUM,3.0,True,Alpine,0 days 00:17:38.743000,2026-09-04 10:35:08.725,1,,,,False,True,FP1,51.8,31.2,37.1
0 days 00:21:23.665000,COL,43,0 days 00:01:25.305000,4.0,1.0,,,0 days 00:00:27.498000,0 days 00:00:28.986000,0 days 00:00:28.821000,0 days 00:20:25.858000,0 days 00:20:54.844000,0 days 00:21:23.665000,296.0,315.0,273.0,323.0,True,MEDIUM,4.0,True,Alpine,0 days 00:19:58.360000,2026-09-04 10:37:28.342,1,,,,False,True,FP1,51.8,31.2,37.1
0 days 00:23:54.540000,COL,43,,5.0,1.0,,,0 days 00:00:48.759000,0 days 00:01:02.492000,0 days 00:00:39.591000,0 days 00:22:12.730000,0 days 00:23:15.129000,0 days 00:23:54.681000,99.0,135.0,297.0,186.0,False,MEDIUM,5.0,True,Alpine,0 days 00:21:23.665000,2026-09-04 10:38:53.647,1,,,,False,False,FP1,51.8,31.2,37.1
0 days 00:25:19.254000,COL,43,0 days 00:01:24.714000,6.0,1.0,,,0 days 00:00:27.404000,0 days 00:00:28.692000,0 days 00:00:28.618000,0 days 00:24:21.944000,0 days 00:24:50.636000,0 days 00:25:19.254000,295.0,319.0,275.0,326.0,True,MEDIUM,6.0,True,Alpine,0 days 00:23:54.540000,2026-09-04 10:41:24.522,1,,,,False,True,FP1,51.8,31.2,37.1
0 days 00:27:58.260000,COL,43,,7.0,1.0,,,0 days 00:00:53.702000,0 days 00:01:02.499000,0 days 00:00:42.780000,0 days 00:26:13.243000,0 days 00:27:15.737000,0 days 00:27:58.418000,91.0,160.0,299.0,160.0,False,MEDIUM,7.0,True,Alpine,0 days 00:25:19.254000,2026-09-04 10:42:49.236,1,,,,False,False,FP1,52.3,31.5,37.6
0 days 00:29:22.288000,COL,43,0 days 00:01:24.028000,8.0,1.0,,,0 days 00:00:27.310000,0 days 00:00:28.548000,0 days 00:00:28.170000,0 days 00:28:25.570000,0 days 00:28:54.118000,0 days 00:29:22.288000,297.0,321.0,276.0,329.0,True,MEDIUM,8.0,True,Alpine,0 days 00:27:58.260000,2026-09-04 10:45:28.242,1,,,,False,True,FP1,52.3,31.5,37.6
0 days 00:31:40.638000,COL,43,0 days 00:02:18.350000,9.0,1.0,,0 days 00:31:36.741000,0 days 00:00:38.292000,0 days 00:00:52.703000,0 days 00:00:47.355000,0 days 00:30:00.580000,0 days 00:30:53.283000,0 days 00:31:40.638000,175.0,241.0,,181.0,False,MEDIUM,9.0,True,Alpine,0 days 00:29:22.288000,2026-09-04 10:46:52.270,126,,,,False,False,FP1,52.3,31.5,37.6
0 days 00:41:20.257000,COL,43,,10.0,2.0,0 days 00:39:39.816000,,,0 days 00:00:34.412000,0 days 00:00:33.069000,,0 days 00:40:47.319000,0 days 00:41:20.336000,238.0,265.0,317.0,245.0,False,SOFT,1.0,True,Alpine,0 days 00:39:39.816000,2026-09-04 10:57:09.798,1,,,,False,False,FP1,52.3,31.5,37.6
0 days 00:43:31.428000,COL,43,0 days 00:02:11.171000,11.0,2.0,,,0 days 00:00:46.010000,0 days 00:00:50.220000,0 days 00:00:34.941000,0 days 00:42:06.267000,0 days 00:42:56.487000,0 days 00:43:31.428000,152.0,225.0,297.0,152.0,False,SOFT,2.0,True,Alpine,0 days 00:41:20.257000,2026-09-04 10:58:50.239,1,,,,False,True,FP1,52.3,31.5,37.6
0 days 00:45:37.579000,COL,43,0 days 00:02:06.151000,12.0,2.0,,,0 days 00:00:34.850000,0 days 00:00:53.255000,0 days 00:00:38.046000,0 days 00:44:06.278000,0 days 00:44:59.533000,0 days 00:45:37.579000,170.0,142.0,297.0,324.0,False,SOFT,3.0,True,Alpine,0 days 00:43:31.428000,2026-09-04 11:01:01.410,1,,,,False,True,FP1,52.3,31.5,37.6
0 days 00:47:05.402000,COL,43,0 days 00:01:27.823000,13.0,2.0,,,0 days 00:00:27.260000,0 days 00:00:28.264000,0 days 00:00:32.299000,0 days 00:46:04.839000,0 days 00:46:33.103000,0 days 00:47:05.402000,295.0,318.0,178.0,329.0,False,SOFT,4.0,True,Alpine,0 days 00:45:37.579000,2026-09-04 11:03:07.561,1,,,,False,True,FP1,51.7,31.6,37.6
0 days 00:49:36.294000,COL,43,,14.0,2.0,,,0 days 00:00:55.812000,0 days 00:00:59.836000,0 days 00:00:35.255000,0 days 00:48:01.356000,0 days 00:49:01.196000,0 days 00:49:36.294000,128.0,241.0,297.0,145.0,False,SOFT,5.0,True,Alpine,0 days 00:47:05.402000,2026-09-04 11:04:35.384,1,,,,False,False,FP1,51.7,31.6,37.6
0 days 00:51:44.155000,COL,43,0 days 00:02:07.861000,15.0,2.0,,0 days 00:51:40.294000,0 days 00:00:27.278000,0 days 00:00:39.400000,0 days 00:01:01.183000,0 days 00:50:03.572000,0 days 00:50:42.972000,0 days 00:51:44.155000,296.0,176.0,,325.0,False,SOFT,6.0,True,Alpine,0 days 00:49:36.294000,2026-09-04 11:07:06.276,1,,,,False,False,FP1,51.7,31.6,37.6
0 days 01:00:15.217000,COL,43,,16.0,3.0,0 days 00:58:38.586000,,,0 days 00:00:32.005000,0 days 00:00:31.312000,,0 days 00:59:44.041000,0 days 01:00:15.275000,267.0,301.0,285.0,221.0,False,MEDIUM,10.0,False,Alpine,0 days 00:51:44.155000,2026-09-04 11:09:14.137,1,,,,False,False,FP1,51.7,31.6,37.6
0 days 01:01:43.491000,COL,43,0 days 00:01:28.274000,17.0,3.0,,,0 days 00:00:28.777000,0 days 00:00:30.017000,0 days 00:00:29.480000,0 days 01:00:43.994000,0 days 01:01:14.011000,0 days 01:01:43.491000,289.0,302.0,286.0,297.0,False,MEDIUM,11.0,False,Alpine,0 days 01:00:15.217000,2026-09-04 11:17:45.199,1,,,,False,True,FP1,51.7,31.6,37.6
0 days 01:03:11.344000,COL,43,0 days 00:01:27.853000,18.0,3.0,,,0 days 00:00:28.801000,0 days 00:00:30.148000,0 days 00:00:28.904000,0 days 01:02:12.292000,0 days 01:02:42.440000,0 days 01:03:11.344000,295.0,304.0,289.0,298.0,False,MEDIUM,12.0,False,Alpine,0 days 01:01:43.491000,2026-09-04 11:19:13.473,1,,,,False,True,FP1,51.7,31.6,37.6
0 days 01:04:38.536000,COL,43,0 days 00:01:27.192000,19.0,3.0,,,0 days 00:00:28.718000,0 days 00:00:29.710000,0 days 00:00:28.764000,0 days 01:03:40.062000,0 days 01:04:09.772000,0 days 01:04:38.536000,290.0,301.0,293.0,301.0,False,MEDIUM,13.0,False,Alpine,0 days 01:03:11.344000,2026-09-04 11:20:41.326,1,,,,False,True,FP1,51.7,31.6,37.6
0 days 01:06:05.627000,COL,43,0 days 00:01:27.091000,20.0,3.0,,,0 days 00:00:28.530000,0 days 00:00:29.819000,0 days 00:00:28.742000,0 days 01:05:07.066000,0 days 01:05:36.885000,0 days 01:06:05.627000,289.0,301.0,305.0,302.0,False,MEDIUM,14.0,False,Alpine,0 days 01:04:38.536000,2026-09-04 11:22:08.518,1,,,,False,True,FP1,51.7,31.6,37.6
0 days 01:07:32.742000,COL,43,0 days 00:01:27.115000,21.0,3.0,,,0 days 00:00:28.474000,0 days 00:00:29.791000,0 days 00:00:28.850000,0 days 01:06:34.101000,0 days 01:07:03.892000,0 days 01:07:32.742000,287.0,300.0,308.0,303.0,False,MEDIUM,15.0,False,Alpine,0 days 01:06:05.627000,2026-09-04 11:23:35.609,1,,,,False,True,FP1,52.3,31.5,36.7
0 days 01:08:59.472000,COL,43,0 days 00:01:26.730000,22.0,3.0,,,0 days 00:00:28.296000,0 days 00:00:29.705000,0 days 00:00:28.729000,0 days 01:08:01.038000,0 days 01:08:30.743000,0 days 01:08:59.472000,290.0,308.0,303.0,308.0,False,MEDIUM,16.0,False,Alpine,0 days 01:07:32.742000,2026-09-04 11:25:02.724,1,,,,False,True,FP1,52.3,31.5,36.7
0 days 01:10:26.392000,COL,43,0 days 00:01:26.920000,23.0,3.0,,,0 days 00:00:28.433000,0 days 00:00:29.696000,0 days 00:00:28.791000,0 days 01:09:27.905000,0 days 01:09:57.601000,0 days 01:10:26.392000,291.0,305.0,310.0,303.0,False,MEDIUM,17.0,False,Alpine,0 days 01:08:59.472000,2026-09-04 11:26:29.454,1,,,,False,True,FP1,52.3,31.5,36.7
0 days 01:11:53.120000,COL,43,0 days 00:01:26.728000,24.0,3.0,,,0 days 00:00:28.276000,0 days 00:00:29.732000,0 days 00:00:28.720000,0 days 01:10:54.668000,0 days 01:11:24.400000,0 days 01:11:53.120000,292.0,304.0,310.0,299.0,False,MEDIUM,18.0,False,Alpine,0 days 01:10:26.392000,2026-09-04 11:27:56.374,1,,,,False,True,FP1,52.3,31.5,36.7
0 days 01:13:19.569000,COL,43,0 days 00:01:26.449000,25.0,3.0,,,0 days 00:00:28.229000,0 days 00:00:29.640000,0 days 00:00:28.580000,0 days 01:12:21.349000,0 days 01:12:50.989000,0 days 01:13:19.569000,291.0,305.0,311.0,302.0,False,MEDIUM,19.0,False,Alpine,0 days 01:11:53.120000,2026-09-04 11:29:23.102,1,,,,False,True,FP1,52.3,31.5,36.7
0 days 01:15:34.381000,COL,43,0 days 00:02:14.812000,26.0,3.0,,,0 days 00:00:37.791000,0 days 00:00:42.797000,0 days 00:00:54.224000,0 days 01:13:57.360000,0 days 01:14:40.157000,0 days 01:15:34.381000,171.0,179.0,55.0,200.0,False,MEDIUM,20.0,False,Alpine,0 days 01:13:19.569000,2026-09-04 11:30:49.551,1,,,,False,True,FP1,52.3,31.5,36.7
0 days 01:18:02.831000,COL,43,0 days 00:02:28.450000,27.0,3.0,,0 days 01:17:59.057000,0 days 00:01:18.096000,0 days 00:00:32.692000,0 days 00:00:37.662000,0 days 01:16:52.477000,0 days 01:17:25.169000,0 days 01:18:02.831000,287.0,240.0,,261.0,False,MEDIUM,21.0,False,Alpine,0 days 01:15:34.381000,2026-09-04 11:33:04.363,1,,,,False,False,FP1,51.6,31.3,37.3
0 days 00:15:59.604000,HAM,44,,1.0,1.0,0 days 00:14:08.295000,,,0 days 00:00:35.832000,0 days 00:00:32.995000,,0 days 00:15:26.865000,0 days 00:15:59.845000,253.0,263.0,273.0,120.0,False,HARD,1.0,True,Ferrari,0 days 00:14:08.295000,2026-09-04 10:31:38.277,1,,,,False,False,FP1,51.6,31.3,37.3
0 days 00:17:26.352000,HAM,44,0 days 00:01:26.748000,2.0,1.0,,,0 days 00:00:28.473000,0 days 00:00:29.408000,0 days 00:00:28.867000,0 days 00:16:28.077000,0 days 00:16:57.485000,0 days 00:17:26.352000,291.0,305.0,272.0,316.0,True,HARD,2.0,True,Ferrari,0 days 00:15:59.604000,2026-09-04 10:33:29.586,1,,,,False,True,FP1,51.6,31.3,37.3
0 days 00:19:37.442000,HAM,44,0 days 00:02:11.090000,3.0,1.0,,,0 days 00:00:46.011000,0 days 00:00:49.710000,0 days 00:00:35.369000,0 days 00:18:12.363000,0 days 00:19:02.073000,0 days 00:19:37.442000,199.0,254.0,281.0,150.0,False,HARD,3.0,True,Ferrari,0 days 00:17:26.352000,2026-09-04 10:34:56.334,1,,,,False,True,FP1,51.6,31.3,37.3
0 days 00:21:03.185000,HAM,44,0 days 00:01:25.743000,4.0,1.0,,,0 days 00:00:27.910000,0 days 00:00:28.952000,0 days 00:00:28.881000,0 days 00:20:05.352000,0 days 00:20:34.304000,0 days 00:21:03.185000,288.0,303.0,270.0,316.0,True,HARD,4.0,True,Ferrari,0 days 00:19:37.442000,2026-09-04 10:37:07.424,1,,,,False,True,FP1,51.6,31.3,37.3
0 days 00:23:18.527000,HAM,44,0 days 00:02:15.342000,5.0,1.0,,,0 days 00:00:48.806000,0 days 00:00:49.456000,0 days 00:00:37.080000,0 days 00:21:51.991000,0 days 00:22:41.447000,0 days 00:23:18.527000,183.0,116.0,281.0,139.0,False,HARD,5.0,True,Ferrari,0 days 00:21:03.185000,2026-09-04 10:38:33.167,1,,,,False,True,FP1,51.6,31.3,37.3
0 days 00:24:42.818000,HAM,44,0 days 00:01:24.291000,6.0,1.0,,,0 days 00:00:27.795000,0 days 00:00:28.526000,0 days 00:00:27.970000,0 days 00:23:46.322000,0 days 00:24:14.848000,0 days 00:24:42.818000,287.0,307.0,276.0,317.0,True,HARD,6.0,True,Ferrari,0 days 00:23:18.527000,2026-09-04 10:40:48.509,1,,,,False,True,FP1,51.6,31.3,37.3
0 days 00:27:23.626000,HAM,44,,7.0,1.0,,,0 days 00:00:57.642000,0 days 00:01:07.772000,0 days 00:00:35.295000,0 days 00:25:40.579000,0 days 00:26:48.476000,0 days 00:27:23.693000,113.0,147.0,285.0,119.0,False,HARD,7.0,True,Ferrari,0 days 00:24:42.818000,2026-09-04 10:42:12.800,1,,,,False,False,FP1,52.3,31.1,37.4
0 days 00:28:47.517000,HAM,44,0 days 00:01:23.891000,8.0,1.0,,,0 days 00:00:27.668000,0 days 00:00:28.448000,0 days 00:00:27.775000,0 days 00:27:51.294000,0 days 00:28:19.742000,0 days 00:28:47.517000,291.0,314.0,280.0,324.0,True,HARD,8.0,True,Ferrari,0 days 00:27:23.626000,2026-09-04 10:44:53.608,1,,,,False,True,FP1,52.3,31.1,37.4
0 days 00:30:51.395000,HAM,44,0 days 00:02:03.878000,9.0,1.0,,0 days 00:30:47.632000,0 days 00:00:39.402000,0 days 00:00:37.349000,0 days 00:00:47.127000,0 days 00:29:26.919000,0 days 00:30:04.268000,0 days 00:30:51.395000,237.0,269.0,,194.0,False,HARD,9.0,True,Ferrari,0 days 00:28:47.517000,2026-09-04 10:46:17.499,126,,,,False,False,FP1,52.3,31.1,37.4
0 days 00:43:39.338000,HAM,44,,10.0,2.0,0 days 00:41:56.110000,,,0 days 00:00:35.938000,0 days 00:00:33.052000,,0 days 00:43:06.436000,0 days 00:43:39.514000,271.0,288.0,295.0,212.0,False,MEDIUM,1.0,True,Ferrari,0 days 00:41:56.110000,2026-09-04 10:59:26.092,1,,,,False,False,FP1,52.3,31.1,37.4
0 days 00:45:32.736000,HAM,44,0 days 00:01:53.398000,11.0,2.0,,,0 days 00:00:34.328000,0 days 00:00:44.195000,0 days 00:00:34.875000,0 days 00:44:13.666000,0 days 00:44:57.861000,0 days 00:45:32.736000,192.0,211.0,293.0,336.0,False,MEDIUM,2.0,True,Ferrari,0 days 00:43:39.338000,2026-09-04 11:01:09.320,1,,,,False,True,FP1,52.3,31.1,37.4
0 days 00:47:29.946000,HAM,44,0 days 00:01:57.210000,12.0,2.0,,,0 days 00:00:32.744000,0 days 00:00:46.845000,0 days 00:00:37.621000,0 days 00:46:05.480000,0 days 00:46:52.325000,0 days 00:47:29.946000,191.0,267.0,291.0,331.0,False,MEDIUM,3.0,True,Ferrari,0 days 00:45:32.736000,2026-09-04 11:03:02.718,1,,,,False,True,FP1,52.3,31.1,37.4
0 days 00:48:53.507000,HAM,44,0 days 00:01:23.561000,13.0,2.0,,,0 days 00:00:27.359000,0 days 00:00:28.390000,0 days 00:00:27.812000,0 days 00:47:57.305000,0 days 00:48:25.695000,0 days 00:48:53.507000,294.0,318.0,275.0,326.0,True,MEDIUM,4.0,True,Ferrari,0 days 00:47:29.946000,2026-09-04 11:04:59.928,1,,,,False,True,FP1,52.5,31.1,37.8
0 days 00:51:42.229000,HAM,44,,14.0,2.0,,0 days 00:51:38.451000,0 days 00:00:51.298000,0 days 00:00:58.958000,0 days 00:00:58.423000,0 days 00:49:45.060000,0 days 00:50:44.025000,0 days 00:51:42.294000,147.0,151.0,,115.0,False,MEDIUM,5.0,True,Ferrari,0 days 00:48:53.507000,2026-09-04 11:06:23.489,1,,,,False,False,FP1,52.5,31.1,37.8
0 days 00:54:11.206000,HAM,44,0 days 00:02:28.977000,15.0,3.0,0 days 00:52:10.873000,,0 days 00:01:22.357000,0 days 00:00:33.383000,0 days 00:00:33.237000,0 days 00:53:04.586000,0 days 00:53:37.969000,0 days 00:54:11.206000,274.0,289.0,290.0,225.0,False,MEDIUM,6.0,False,Ferrari,0 days 00:51:42.229000,2026-09-04 11:09:12.211,1,,,,False,False,FP1,52.5,31.1,37.8
0 days 00:56:05.645000,HAM,44,0 days 00:01:54.439000,16.0,3.0,,,0 days 00:00:30.564000,0 days 00:00:46.690000,0 days 00:00:37.185000,0 days 00:54:41.770000,0 days 00:55:28.460000,0 days 00:56:05.645000,194.0,156.0,266.0,314.0,False,MEDIUM,7.0,False,Ferrari,0 days 00:54:11.206000,2026-09-04 11:11:41.188,1,,,,False,True,FP1,52.5,31.1,37.8
0 days 00:57:50.619000,HAM,44,0 days 00:01:44.974000,17.0,3.0,,,0 days 00:00:33.934000,0 days 00:00:40.125000,0 days 00:00:30.915000,0 days 00:56:39.579000,0 days 00:57:19.704000,0 days 00:57:50.619000,281.0,276.0,292.0,278.0,False,MEDIUM,8.0,False,Ferrari,0 days 00:56:05.645000,2026-09-04 11:13:35.627,1,,,,False,True,FP1,52.5,31.1,37.8
0 days 00:59:13.800000,HAM,44,0 days 00:01:23.181000,18.0,3.0,,,0 days 00:00:27.345000,0 days 00:00:28.245000,0 days 00:00:27.591000,0 days 00:58:17.964000,0 days 00:58:46.209000,0 days 00:59:13.800000,291.0,312.0,280.0,324.0,True,MEDIUM,9.0,False,Ferrari,0 days 00:57:50.619000,2026-09-04 11:15:20.601,1,,,,False,True,FP1,52.5,31.1,37.8
0 days 01:00:53.141000,HAM,44,0 days 00:01:39.341000,19.0,3.0,,0 days 01:00:49.287000,0 days 00:00:31.561000,0 days 00:00:30.029000,0 days 00:00:37.751000,0 days 00:59:45.361000,0 days 01:00:15.390000,0 days 01:00:53.141000,271.0,291.0,,268.0,False,MEDIUM,10.0,False,Ferrari,0 days 00:59:13.800000,2026-09-04 11:16:43.782,1,,,,False,False,FP1,52.1,31.1,37.6
0 days 01:07:45.073000,HAM,44,,20.0,4.0,0 days 01:05:54.444000,,,0 days 00:00:31.483000,0 days 00:00:29.396000,,0 days 01:07:15.931000,0 days 01:07:45.212000,262.0,300.0,312.0,216.0,False,MEDIUM,11.0,False,Ferrari,0 days 01:00:53.141000,2026-09-04 11:18:23.123,1,,,,False,False,FP1,52.1,31.1,37.6
0 days 01:09:12.866000,HAM,44,0 days 00:01:27.793000,21.0,4.0,,,0 days 00:00:29.524000,0 days 00:00:29.826000,0 days 00:00:28.443000,0 days 01:08:14.597000,0 days 01:08:44.423000,0 days 01:09:12.866000,277.0,302.0,312.0,312.0,False,MEDIUM,12.0,False,Ferrari,0 days 01:07:45.073000,2026-09-04 11:25:15.055,1,,,,False,True,FP1,52.1,31.1,37.6
0 days 01:10:39.746000,HAM,44,0 days 00:01:26.880000,22.0,4.0,,,0 days 00:00:28.865000,0 days 00:00:29.588000,0 days 00:00:28.427000,0 days 01:09:41.731000,0 days 01:10:11.319000,0 days 01:10:39.746000,277.0,304.0,307.0,313.0,False,MEDIUM,13.0,False,Ferrari,0 days 01:09:12.866000,2026-09-04 11:26:42.848,1,,,,False,True,FP1,52.1,31.1,37.6
0 days 01:12:08.522000,HAM,44,0 days 00:01:28.776000,23.0,4.0,,,0 days 00:00:28.730000,0 days 00:00:31.337000,0 days 00:00:28.709000,0 days 01:11:08.476000,0 days 01:11:39.813000,0 days 01:12:08.522000,280.0,299.0,308.0,310.0,False,MEDIUM,14.0,False,Ferrari,0 days 01:10:39.746000,2026-09-04 11:28:09.728,1,,,,False,True,FP1,52.1,31.1,37.6
0 days 01:13:36.468000,HAM,44,0 days 00:01:27.946000,24.0,4.0,,,0 days 00:00:28.670000,0 days 00:00:30.691000,0 days 00:00:28.585000,0 days 01:12:37.192000,0 days 01:13:07.883000,0 days 01:13:36.468000,281.0,301.0,308.0,308.0,False,MEDIUM,15.0,False,Ferrari,0 days 01:12:08.522000,2026-09-04 11:29:38.504,1,,,,False,True,FP1,52.1,31.1,37.6
0 days 01:15:38.158000,HAM,44,0 days 00:02:01.690000,25.0,4.0,,,0 days 00:00:30.648000,0 days 00:00:41.220000,0 days 00:00:49.822000,0 days 01:14:07.116000,0 days 01:14:48.336000,0 days 01:15:38.158000,242.0,210.0,52.0,295.0,False,MEDIUM,16.0,False,Ferrari,0 days 01:13:36.468000,2026-09-04 11:31:06.450,1,,,,False,True,FP1,52.1,31.1,37.6
0 days 01:18:07.159000,HAM,44,0 days 00:02:29.001000,26.0,4.0,,0 days 01:18:03.447000,0 days 00:01:21.541000,0 days 00:00:32.764000,0 days 00:00:34.696000,0 days 01:16:59.699000,0 days 01:17:32.463000,0 days 01:18:07.159000,190.0,295.0,,289.0,False,MEDIUM,17.0,False,Ferrari,0 days 01:15:38.158000,2026-09-04 11:33:08.140,1,,,,False,False,FP1,52.1,31.1,37.6
0 days 00:15:36.897000,BRO,46,,1.0,1.0,0 days 00:13:40.576000,,,0 days 00:00:36.090000,0 days 00:00:34.199000,,0 days 00:15:04.579000,0 days 00:15:36.897000,243.0,262.0,288.0,156.0,False,HARD,1.0,True,Williams,0 days 00:13:40.576000,2026-09-04 10:31:10.558,1,,,,False,False,FP1,52.5,31.3,37.7
0 days 00:17:14.438000,BRO,46,0 days 00:01:37.541000,2.0,1.0,,0 days 00:17:10.674000,0 days 00:00:28.569000,0 days 00:00:31.809000,0 days 00:00:37.163000,0 days 00:16:05.466000,0 days 00:16:37.275000,0 days 00:17:14.438000,287.0,291.0,,315.0,False,HARD,2.0,True,Williams,0 days 00:15:36.897000,2026-09-04 10:33:06.879,1,,,,False,False,FP1,52.5,31.3,37.7
0 days 00:25:29.268000,BRO,46,,3.0,2.0,0 days 00:23:29.434000,,,0 days 00:00:45.298000,0 days 00:00:32.869000,,0 days 00:24:56.598000,0 days 00:25:29.443000,158.0,253.0,298.0,148.0,False,HARD,3.0,False,Williams,0 days 00:17:14.438000,2026-09-04 10:34:44.420,1,,,,False,False,FP1,52.5,31.3,37.7
0 days 00:26:58.564000,BRO,46,0 days 00:01:29.296000,4.0,2.0,,,0 days 00:00:29.558000,0 days 00:00:29.484000,0 days 00:00:30.254000,0 days 00:25:58.826000,0 days 00:26:28.310000,0 days 00:26:58.564000,294.0,311.0,268.0,323.0,True,HARD,4.0,False,Williams,0 days 00:25:29.268000,2026-09-04 10:42:59.250,1,,,,False,True,FP1,52.5,31.3,37.7
0 days 00:28:54.599000,BRO,46,0 days 00:01:56.035000,5.0,2.0,,,0 days 00:00:36.502000,0 days 00:00:43.864000,0 days 00:00:35.669000,0 days 00:27:35.066000,0 days 00:28:18.930000,0 days 00:28:54.599000,192.0,244.0,299.0,299.0,True,HARD,5.0,False,Williams,0 days 00:26:58.564000,2026-09-04 10:44:28.546,1,,,,False,True,FP1,52.5,31.3,37.7
0 days 00:30:37.714000,BRO,46,0 days 00:01:43.115000,6.0,2.0,,,0 days 00:00:28.783000,0 days 00:00:32.312000,0 days 00:00:42.020000,0 days 00:29:23.382000,0 days 00:29:55.694000,0 days 00:30:37.714000,294.0,266.0,138.0,330.0,True,HARD,6.0,False,Williams,0 days 00:28:54.599000,2026-09-04 10:46:24.581,126,,,,False,False,FP1,52.5,31.3,37.7
0 days 00:38:54.583000,BRO,46,,7.0,2.0,,0 days 00:33:00.402000,0 days 00:00:42.360000,,,0 days 00:31:20.326000,,,259.0,,,173.0,False,HARD,7.0,False,Williams,0 days 00:30:37.714000,2026-09-04 10:48:07.696,6512,,,,False,False,FP1,52.5,31.3,37.7
0 days 00:40:34.458000,BRO,46,,8.0,3.0,0 days 00:38:54.583000,,,0 days 00:00:33.687000,0 days 00:00:32.248000,,0 days 00:40:02.465000,0 days 00:40:34.704000,239.0,262.0,297.0,238.0,False,HARD,8.0,False,Williams,0 days 00:38:54.583000,2026-09-04 10:56:24.565,1,,,,False,False,FP1,52.8,31.5,37.3
0 days 00:42:12.078000,BRO,46,0 days 00:01:37.620000,9.0,3.0,,,0 days 00:00:27.507000,0 days 00:00:37.540000,0 days 00:00:32.573000,0 days 00:41:01.965000,0 days 00:41:39.505000,0 days 00:42:12.078000,294.0,257.0,291.0,323.0,True,HARD,9.0,False,Williams,0 days 00:40:34.458000,2026-09-04 10:58:04.440,1,,,,False,True,FP1,52.8,31.5,37.3
0 days 00:43:38.171000,BRO,46,0 days 00:01:26.093000,10.0,3.0,,,0 days 00:00:27.751000,0 days 00:00:29.210000,0 days 00:00:29.132000,0 days 00:42:39.829000,0 days 00:43:09.039000,0 days 00:43:38.171000,285.0,321.0,276.0,317.0,True,HARD,10.0,False,Williams,0 days 00:42:12.078000,2026-09-04 10:59:42.060,1,,,,False,True,FP1,52.8,31.5,37.3
0 days 00:45:26.418000,BRO,46,0 days 00:01:48.247000,11.0,3.0,,,0 days 00:00:35.282000,0 days 00:00:38.853000,0 days 00:00:34.112000,0 days 00:44:13.453000,0 days 00:44:52.306000,0 days 00:45:26.418000,253.0,263.0,301.0,243.0,False,HARD,11.0,False,Williams,0 days 00:43:38.171000,2026-09-04 11:01:08.153,1,,,,False,True,FP1,52.8,31.5,37.3
0 days 00:46:52.038000,BRO,46,0 days 00:01:25.620000,12.0,3.0,,,0 days 00:00:27.520000,0 days 00:00:29.020000,0 days 00:00:29.080000,0 days 00:45:53.938000,0 days 00:46:22.958000,0 days 00:46:52.038000,296.0,319.0,279.0,323.0,True,HARD,12.0,False,Williams,0 days 00:45:26.418000,2026-09-04 11:02:56.400,1,,,,False,True,FP1,52.8,31.5,37.3
0 days 00:48:53.175000,BRO,46,0 days 00:02:01.137000,13.0,3.0,,0 days 00:48:49.524000,0 days 00:00:39.226000,0 days 00:00:36.928000,0 days 00:00:44.983000,0 days 00:47:31.264000,0 days 00:48:08.192000,0 days 00:48:53.175000,188.0,245.0,,229.0,False,HARD,13.0,False,Williams,0 days 00:46:52.038000,2026-09-04 11:04:22.020,1,,,,False,False,FP1,52.8,31.5,37.3
0 days 00:55:37.673000,BRO,46,,14.0,4.0,0 days 00:54:00.087000,,,0 days 00:00:32.691000,0 days 00:00:32.161000,,0 days 00:55:05.640000,0 days 00:55:37.812000,250.0,265.0,296.0,221.0,False,SOFT,1.0,True,Williams,0 days 00:48:53.175000,2026-09-04 11:06:23.157,1,,,,False,False,FP1,52.8,31.5,37.3
0 days 00:57:18.244000,BRO,46,0 days 00:01:40.571000,15.0,4.0,,,0 days 00:00:27.897000,0 days 00:00:37.957000,0 days 00:00:34.717000,0 days 00:56:05.570000,0 days 00:56:43.527000,0 days 00:57:18.244000,286.0,262.0,293.0,324.0,False,SOFT,2.0,True,Williams,0 days 00:55:37.673000,2026-09-04 11:13:07.655,1,,,,False,True,FP1,52.8,31.5,37.3
0 days 00:58:43.583000,BRO,46,0 days 00:01:25.339000,16.0,4.0,,,0 days 00:00:27.517000,0 days 00:00:28.933000,0 days 00:00:28.889000,0 days 00:57:45.761000,0 days 00:58:14.694000,0 days 00:58:43.583000,295.0,312.0,274.0,321.0,True,SOFT,3.0,True,Williams,0 days 00:57:18.244000,2026-09-04 11:14:48.226,1,,,,False,True,FP1,52.7,31.6,36.9
0 days 01:00:41.921000,BRO,46,0 days 00:01:58.338000,17.0,4.0,,,0 days 00:00:35.549000,0 days 00:00:39.813000,0 days 00:00:42.976000,0 days 00:59:19.132000,0 days 00:59:58.945000,0 days 01:00:41.921000,253.0,273.0,242.0,293.0,False,SOFT,4.0,True,Williams,0 days 00:58:43.583000,2026-09-04 11:16:13.565,1,,,,False,True,FP1,52.7,31.6,36.9
0 days 01:02:27.524000,BRO,46,0 days 00:01:45.603000,18.0,4.0,,,0 days 00:00:36.575000,0 days 00:00:36.613000,0 days 00:00:32.415000,0 days 01:01:18.496000,0 days 01:01:55.109000,0 days 01:02:27.524000,235.0,280.0,297.0,254.0,False,SOFT,5.0,True,Williams,0 days 01:00:41.921000,2026-09-04 11:18:11.903,1,,,,False,True,FP1,52.7,31.6,36.9
0 days 01:03:52.264000,BRO,46,0 days 00:01:24.740000,19.0,4.0,,,0 days 00:00:27.418000,0 days 00:00:28.770000,0 days 00:00:28.552000,0 days 01:02:54.942000,0 days 01:03:23.712000,0 days 01:03:52.264000,296.0,318.0,277.0,323.0,True,SOFT,6.0,True,Williams,0 days 01:02:27.524000,2026-09-04 11:19:57.506,1,,,,False,True,FP1,52.7,31.6,36.9
0 days 01:05:50.439000,BRO,46,0 days 00:01:58.175000,20.0,4.0,,,0 days 00:00:34.460000,0 days 00:00:44.882000,0 days 00:00:38.833000,0 days 01:04:26.724000,0 days 01:05:11.606000,0 days 01:05:50.439000,228.0,235.0,256.0,274.0,False,SOFT,7.0,True,Williams,0 days 01:03:52.264000,2026-09-04 11:21:22.246,1,,,,False,True,FP1,52.7,31.6,36.9
0 days 01:07:30.933000,BRO,46,0 days 00:01:40.494000,21.0,4.0,,,0 days 00:00:33.821000,0 days 00:00:34.344000,0 days 00:00:32.329000,0 days 01:06:24.260000,0 days 01:06:58.604000,0 days 01:07:30.933000,254.0,274.0,297.0,240.0,False,SOFT,8.0,True,Williams,0 days 01:05:50.439000,2026-09-04 11:23:20.421,1,,,,False,True,FP1,52.7,31.6,36.9
0 days 01:08:56.006000,BRO,46,0 days 00:01:25.073000,22.0,4.0,,,0 days 00:00:27.263000,0 days 00:00:29.044000,0 days 00:00:28.766000,0 days 01:07:58.196000,0 days 01:08:27.240000,0 days 01:08:56.006000,300.0,314.0,276.0,326.0,False,SOFT,9.0,True,Williams,0 days 01:07:30.933000,2026-09-04 11:25:00.915,1,,,,False,True,FP1,52.7,31.6,36.9
0 days 01:10:54.167000,BRO,46,0 days 00:01:58.161000,23.0,4.0,,,0 days 00:00:34.825000,0 days 00:00:48.745000,0 days 00:00:34.591000,0 days 01:09:30.831000,0 days 01:10:19.576000,0 days 01:10:54.167000,215.0,251.0,296.0,276.0,False,SOFT,10.0,True,Williams,0 days 01:08:56.006000,2026-09-04 11:26:25.988,1,,,,False,True,FP1,52.7,31.6,36.9
0 days 01:12:18.970000,BRO,46,0 days 00:01:24.803000,24.0,4.0,,,0 days 00:00:27.234000,0 days 00:00:28.957000,0 days 00:00:28.612000,0 days 01:11:21.401000,0 days 01:11:50.358000,0 days 01:12:18.970000,298.0,318.0,275.0,325.0,False,SOFT,11.0,True,Williams,0 days 01:10:54.167000,2026-09-04 11:28:24.149,1,,,,False,True,FP1,52.7,31.6,36.9
0 days 01:14:10.878000,BRO,46,0 days 00:01:51.908000,25.0,4.0,,0 days 01:14:07.147000,0 days 00:00:33.207000,0 days 00:00:36.351000,0 days 00:00:42.350000,0 days 01:12:52.177000,0 days 01:13:28.528000,0 days 01:14:10.878000,257.0,260.0,,268.0,False,SOFT,12.0,True,Williams,0 days 01:12:18.970000,2026-09-04 11:29:48.952,1,,,,False,False,FP1,53.1,31.5,37.0
0 days 00:15:28.765000,SAI,55,,1.0,1.0,0 days 00:13:32.120000,,,0 days 00:00:34.150000,0 days 00:00:36.225000,,0 days 00:14:52.860000,0 days 00:15:28.896000,273.0,257.0,293.0,122.0,False,HARD,1.0,True,Williams,0 days 00:13:32.120000,2026-09-04 10:31:02.102,1,,,,False,False,FP1,53.1,31.5,37.0
0 days 00:16:55.970000,SAI,55,0 days 00:01:27.205000,2.0,1.0,,,0 days 00:00:27.950000,0 days 00:00:29.473000,0 days 00:00:29.782000,0 days 00:15:56.715000,0 days 00:16:26.188000,0 days 00:16:55.970000,298.0,317.0,271.0,326.0,True,HARD,2.0,True,Williams,0 days 00:15:28.765000,2026-09-04 10:32:58.747,1,,,,False,True,FP1,53.1,31.5,37.0
0 days 00:19:02.229000,SAI,55,0 days 00:02:06.259000,3.0,1.0,,,0 days 00:00:41.136000,0 days 00:00:47.747000,0 days 00:00:37.376000,0 days 00:17:37.106000,0 days 00:18:24.853000,0 days 00:19:02.229000,168.0,161.0,297.0,233.0,False,HARD,3.0,True,Williams,0 days 00:16:55.970000,2026-09-04 10:34:25.952,1,,,,False,True,FP1,53.1,31.5,37.0
0 days 00:20:28.416000,SAI,55,0 days 00:01:26.187000,4.0,1.0,,,0 days 00:00:27.678000,0 days 00:00:29.124000,0 days 00:00:29.385000,0 days 00:19:29.907000,0 days 00:19:59.031000,0 days 00:20:28.416000,295.0,309.0,270.0,322.0,True,HARD,4.0,True,Williams,0 days 00:19:02.229000,2026-09-04 10:36:32.211,1,,,,False,True,FP1,53.1,31.5,37.0
0 days 00:22:36.652000,SAI,55,0 days 00:02:08.236000,5.0,1.0,,,0 days 00:00:39.058000,0 days 00:00:49.548000,0 days 00:00:39.630000,0 days 00:21:07.474000,0 days 00:21:57.022000,0 days 00:22:36.652000,156.0,166.0,295.0,251.0,False,HARD,5.0,True,Williams,0 days 00:20:28.416000,2026-09-04 10:37:58.398,1,,,,False,True,FP1,53.1,31.5,37.0
0 days 00:24:13.958000,SAI,55,0 days 00:01:37.306000,6.0,1.0,,0 days 00:24:10.228000,0 days 00:00:27.783000,0 days 00:00:29.057000,0 days 00:00:40.466000,0 days 00:23:04.435000,0 days 00:23:33.492000,0 days 00:24:13.958000,294.0,308.0,,324.0,False,HARD,6.0,True,Williams,0 days 00:22:36.652000,2026-09-04 10:40:06.634,1,,,,False,False,FP1,53.1,31.5,37.0
0 days 00:44:45.476000,SAI,55,,7.0,2.0,0 days 00:43:03.967000,,,0 days 00:00:35.896000,0 days 00:00:33.180000,,0 days 00:44:12.406000,0 days 00:44:45.568000,223.0,263.0,295.0,226.0,False,HARD,7.0,False,Williams,0 days 00:43:03.967000,2026-09-04 11:00:33.949,1,,,,False,False,FP1,53.1,31.5,37.0
0 days 00:46:10.963000,SAI,55,0 days 00:01:25.487000,8.0,2.0,,,0 days 00:00:27.461000,0 days 00:00:28.886000,0 days 00:00:29.140000,0 days 00:45:12.937000,0 days 00:45:41.823000,0 days 00:46:10.963000,297.0,315.0,271.0,327.0,True,HARD,8.0,False,Williams,0 days 00:44:45.476000,2026-09-04 11:02:15.458,1,,,,False,True,FP1,53.1,31.5,37.0
0 days 00:48:11.370000,SAI,55,0 days 00:02:00.407000,9.0,2.0,,,0 days 00:00:40.807000,0 days 00:00:42.561000,0 days 00:00:37.039000,0 days 00:46:51.770000,0 days 00:47:34.331000,0 days 00:48:11.370000,170.0,253.0,293.0,261.0,False,HARD,9.0,False,Williams,0 days 00:46:10.963000,2026-09-04 11:03:40.945,1,,,,False,True,FP1,53.1,31.5,37.0
0 days 00:49:48.143000,SAI,55,0 days 00:01:36.773000,10.0,2.0,,0 days 00:49:43.747000,0 days 00:00:30.349000,0 days 00:00:28.909000,0 days 00:00:37.515000,0 days 00:48:41.719000,0 days 00:49:10.628000,0 days 00:49:48.143000,275.0,323.0,,319.0,False,HARD,10.0,False,Williams,0 days 00:48:11.370000,2026-09-04 11:05:41.352,1,,,,False,False,FP1,52.6,31.5,37.9
0 days 00:52:47.632000,SAI,55,,11.0,3.0,0 days 00:51:06.825000,,,0 days 00:00:32.255000,0 days 00:00:35.772000,,0 days 00:52:12.044000,0 days 00:52:47.779000,301.0,260.0,298.0,219.0,False,MEDIUM,1.0,True,Williams,0 days 00:49:48.143000,2026-09-04 11:07:18.125,1,,,,False,False,FP1,52.6,31.5,37.9
0 days 00:54:12.535000,SAI,55,0 days 00:01:24.903000,12.0,3.0,,,0 days 00:00:27.315000,0 days 00:00:28.914000,0 days 00:00:28.674000,0 days 00:53:14.947000,0 days 00:53:43.861000,0 days 00:54:12.535000,300.0,320.0,272.0,326.0,True,MEDIUM,2.0,True,Williams,0 days 00:52:47.632000,2026-09-04 11:10:17.614,1,,,,False,True,FP1,52.6,31.5,37.9
0 days 00:56:17.288000,SAI,55,0 days 00:02:04.753000,13.0,3.0,,,0 days 00:00:43.407000,0 days 00:00:46.436000,0 days 00:00:34.910000,0 days 00:54:55.942000,0 days 00:55:42.378000,0 days 00:56:17.288000,184.0,216.0,293.0,137.0,False,MEDIUM,3.0,True,Williams,0 days 00:54:12.535000,2026-09-04 11:11:42.517,1,,,,False,True,FP1,52.6,31.5,37.9
0 days 00:57:42.331000,SAI,55,0 days 00:01:25.043000,14.0,3.0,,,0 days 00:00:27.357000,0 days 00:00:28.967000,0 days 00:00:28.719000,0 days 00:56:44.645000,0 days 00:57:13.612000,0 days 00:57:42.331000,298.0,314.0,271.0,325.0,False,MEDIUM,4.0,True,Williams,0 days 00:56:17.288000,2026-09-04 11:13:47.270,1,,,,False,True,FP1,52.6,31.5,37.9
0 days 00:59:51.766000,SAI,55,0 days 00:02:09.435000,15.0,3.0,,,0 days 00:00:46.191000,0 days 00:00:47.004000,0 days 00:00:36.240000,0 days 00:58:28.522000,0 days 00:59:15.526000,0 days 00:59:51.766000,130.0,167.0,296.0,214.0,False,MEDIUM,5.0,True,Williams,0 days 00:57:42.331000,2026-09-04 11:15:12.313,1,,,,False,True,FP1,52.6,31.5,37.9
0 days 01:01:16.593000,SAI,55,0 days 00:01:24.827000,16.0,3.0,,,0 days 00:00:27.561000,0 days 00:00:28.744000,0 days 00:00:28.522000,0 days 01:00:19.327000,0 days 01:00:48.071000,0 days 01:01:16.593000,297.0,317.0,275.0,321.0,True,MEDIUM,6.0,True,Williams,0 days 00:59:51.766000,2026-09-04 11:17:21.748,1,,,,False,True,FP1,52.6,31.5,37.9
0 days 01:03:24.214000,SAI,55,0 days 00:02:07.621000,17.0,3.0,,,0 days 00:00:43.990000,0 days 00:00:49.420000,0 days 00:00:34.211000,0 days 01:02:00.583000,0 days 01:02:50.003000,0 days 01:03:24.214000,161.0,192.0,295.0,188.0,False,MEDIUM,7.0,True,Williams,0 days 01:01:16.593000,2026-09-04 11:18:46.575,1,,,,False,True,FP1,52.6,31.5,37.9
0 days 01:05:02.458000,SAI,55,0 days 00:01:38.244000,18.0,3.0,,0 days 01:04:58.521000,0 days 00:00:29.986000,0 days 00:00:31.339000,0 days 00:00:36.919000,0 days 01:03:54.200000,0 days 01:04:25.539000,0 days 01:05:02.458000,290.0,283.0,,322.0,False,MEDIUM,8.0,True,Williams,0 days 01:03:24.214000,2026-09-04 11:20:54.196,1,,,,False,False,FP1,52.6,31.5,37.9
0 days 01:06:58.890000,SAI,55,0 days 00:01:56.432000,19.0,4.0,0 days 01:05:26.113000,,0 days 00:00:53.698000,0 days 00:00:33.055000,0 days 00:00:29.679000,0 days 01:05:56.156000,0 days 01:06:29.211000,0 days 01:06:58.890000,301.0,319.0,311.0,241.0,False,MEDIUM,9.0,False,Williams,0 days 01:05:02.458000,2026-09-04 11:22:32.440,1,,,,False,False,FP1,52.6,31.5,37.9
0 days 01:08:24.760000,SAI,55,0 days 00:01:25.870000,20.0,4.0,,,0 days 00:00:27.966000,0 days 00:00:29.126000,0 days 00:00:28.778000,0 days 01:07:26.856000,0 days 01:07:55.982000,0 days 01:08:24.760000,295.0,312.0,289.0,316.0,False,MEDIUM,10.0,False,Williams,0 days 01:06:58.890000,2026-09-04 11:24:28.872,1,,,,False,True,FP1,52.6,31.5,37.9
0 days 01:09:50.972000,SAI,55,0 days 00:01:26.212000,21.0,4.0,,,0 days 00:00:28.293000,0 days 00:00:29.289000,0 days 00:00:28.630000,0 days 01:08:53.053000,0 days 01:09:22.342000,0 days 01:09:50.972000,296.0,314.0,294.0,310.0,False,MEDIUM,11.0,False,Williams,0 days 01:08:24.760000,2026-09-04 11:25:54.742,1,,,,False,True,FP1,52.6,31.5,37.9
0 days 01:11:17.681000,SAI,55,0 days 00:01:26.709000,22.0,4.0,,,0 days 00:00:28.087000,0 days 00:00:29.409000,0 days 00:00:29.213000,0 days 01:10:19.059000,0 days 01:10:48.468000,0 days 01:11:17.681000,298.0,318.0,298.0,312.0,False,MEDIUM,12.0,False,Williams,0 days 01:09:50.972000,2026-09-04 11:27:20.954,1,,,,False,True,FP1,52.6,31.5,37.9
0 days 01:12:44.054000,SAI,55,0 days 00:01:26.373000,23.0,4.0,,,0 days 00:00:28.302000,0 days 00:00:29.282000,0 days 00:00:28.789000,0 days 01:11:45.983000,0 days 01:12:15.265000,0 days 01:12:44.054000,293.0,308.0,291.0,302.0,False,MEDIUM,13.0,False,Williams,0 days 01:11:17.681000,2026-09-04 11:28:47.663,1,,,,False,True,FP1,52.6,31.5,37.4
0 days 01:14:44.320000,SAI,55,0 days 00:02:00.266000,24.0,4.0,,,0 days 00:00:30.702000,0 days 00:00:41.115000,0 days 00:00:48.449000,0 days 01:13:14.756000,0 days 01:13:55.871000,0 days 01:14:44.320000,183.0,259.0,103.0,303.0,False,MEDIUM,14.0,False,Williams,0 days 01:12:44.054000,2026-09-04 11:30:14.036,1,,,,False,True,FP1,52.6,31.5,37.4
0 days 01:17:13.546000,SAI,55,0 days 00:02:29.226000,25.0,4.0,,0 days 01:17:09.858000,0 days 00:01:14.752000,0 days 00:00:33.762000,0 days 00:00:40.712000,0 days 01:15:59.072000,0 days 01:16:32.834000,0 days 01:17:13.546000,291.0,255.0,,295.0,False,MEDIUM,15.0,False,Williams,0 days 01:14:44.320000,2026-09-04 11:32:14.302,1,,,,False,False,FP1,52.6,31.5,37.4
0 days 00:15:29.912000,ARO,61,,1.0,1.0,0 days 00:13:23.526000,0 days 00:15:26.146000,,0 days 00:00:40.989000,0 days 00:00:47.733000,,0 days 00:14:42.282000,0 days 00:15:29.912000,240.0,210.0,,179.0,False,MEDIUM,1.0,True,Alpine,0 days 00:13:23.526000,2026-09-04 10:30:53.508,1,,,,False,False,FP1,52.6,31.5,37.4
0 days 00:18:04.429000,ARO,61,,2.0,2.0,0 days 00:15:54.814000,0 days 00:18:00.576000,0 days 00:00:57.727000,0 days 00:00:38.948000,0 days 00:00:57.827000,0 days 00:16:27.784000,0 days 00:17:06.743000,0 days 00:18:04.429000,295.0,237.0,,207.0,False,MEDIUM,2.0,False,Alpine,0 days 00:15:29.912000,2026-09-04 10:32:59.894,1,,,,False,False,FP1,52.6,31.5,37.4
0 days 00:29:44.683000,ARO,61,,3.0,3.0,0 days 00:28:00.339000,,,0 days 00:00:35.659000,0 days 00:00:33.171000,,0 days 00:29:11.770000,0 days 00:29:44.856000,252.0,262.0,297.0,195.0,False,MEDIUM,3.0,False,Alpine,0 days 00:18:04.429000,2026-09-04 10:35:34.411,1,,,,False,False,FP1,52.6,31.5,37.4
0 days 00:31:53.133000,ARO,61,0 days 00:02:08.450000,4.0,3.0,,,0 days 00:00:27.884000,0 days 00:00:51.027000,0 days 00:00:49.539000,0 days 00:30:12.567000,0 days 00:31:03.594000,0 days 00:31:53.133000,295.0,179.0,184.0,323.0,True,MEDIUM,4.0,False,Alpine,0 days 00:29:44.683000,2026-09-04 10:47:14.665,126,,,,False,False,FP1,52.6,31.5,37.4
0 days 00:39:03.822000,ARO,61,,5.0,3.0,,0 days 00:33:59.525000,,,,,,,,,,,False,MEDIUM,5.0,False,Alpine,0 days 00:31:53.133000,2026-09-04 10:49:23.115,6512,,,,False,False,FP1,52.6,31.5,37.4
0 days 00:40:48.185000,ARO,61,,6.0,4.0,0 days 00:39:03.822000,,,0 days 00:00:35.297000,0 days 00:00:32.039000,,0 days 00:40:16.310000,0 days 00:40:48.318000,222.0,253.0,299.0,155.0,False,MEDIUM,6.0,False,Alpine,0 days 00:39:03.822000,2026-09-04 10:56:33.804,1,,,,False,False,FP1,52.6,31.5,37.4
0 days 00:42:13.266000,ARO,61,0 days 00:01:25.081000,7.0,4.0,,,0 days 00:00:27.515000,0 days 00:00:28.847000,0 days 00:00:28.719000,0 days 00:41:15.700000,0 days 00:41:44.547000,0 days 00:42:13.266000,294.0,314.0,278.0,323.0,True,MEDIUM,7.0,False,Alpine,0 days 00:40:48.185000,2026-09-04 10:58:18.167,1,,,,False,True,FP1,52.6,31.5,37.4
0 days 00:44:23.039000,ARO,61,0 days 00:02:09.773000,8.0,4.0,,,0 days 00:00:36.997000,0 days 00:00:49.711000,0 days 00:00:43.065000,0 days 00:42:50.263000,0 days 00:43:39.974000,0 days 00:44:23.039000,188.0,134.0,296.0,282.0,False,MEDIUM,8.0,False,Alpine,0 days 00:42:13.266000,2026-09-04 10:59:43.248,1,,,,False,True,FP1,52.6,31.5,37.4
0 days 00:45:48.018000,ARO,61,0 days 00:01:24.979000,9.0,4.0,,,0 days 00:00:27.550000,0 days 00:00:28.869000,0 days 00:00:28.560000,0 days 00:44:50.589000,0 days 00:45:19.458000,0 days 00:45:48.018000,294.0,315.0,275.0,324.0,True,MEDIUM,9.0,False,Alpine,0 days 00:44:23.039000,2026-09-04 11:01:53.021,1,,,,False,True,FP1,52.0,31.5,37.1
0 days 00:48:17.625000,ARO,61,0 days 00:02:29.607000,10.0,4.0,,,0 days 00:00:49.892000,0 days 00:01:02.046000,0 days 00:00:37.669000,0 days 00:46:37.910000,0 days 00:47:39.956000,0 days 00:48:17.625000,104.0,122.0,297.0,250.0,False,MEDIUM,10.0,False,Alpine,0 days 00:45:48.018000,2026-09-04 11:03:18.000,1,,,,False,True,FP1,52.0,31.5,37.1
0 days 00:49:42.519000,ARO,61,0 days 00:01:24.894000,11.0,4.0,,,0 days 00:00:27.320000,0 days 00:00:28.700000,0 days 00:00:28.874000,0 days 00:48:44.945000,0 days 00:49:13.645000,0 days 00:49:42.519000,296.0,320.0,271.0,325.0,True,MEDIUM,11.0,False,Alpine,0 days 00:48:17.625000,2026-09-04 11:05:47.607,1,,,,False,True,FP1,52.0,31.5,37.1
0 days 00:51:33.997000,ARO,61,0 days 00:01:51.478000,12.0,4.0,,0 days 00:51:30.169000,0 days 00:00:35.959000,0 days 00:00:36.577000,0 days 00:00:38.942000,0 days 00:50:18.478000,0 days 00:50:55.055000,0 days 00:51:33.997000,197.0,262.0,,283.0,False,MEDIUM,12.0,False,Alpine,0 days 00:49:42.519000,2026-09-04 11:07:12.501,1,,,,False,False,FP1,52.0,31.5,37.1
0 days 00:56:35.875000,ARO,61,,13.0,5.0,0 days 00:54:58.153000,,,0 days 00:00:33.586000,0 days 00:00:31.633000,,0 days 00:56:04.344000,0 days 00:56:35.961000,239.0,260.0,300.0,250.0,False,SOFT,1.0,True,Alpine,0 days 00:51:33.997000,2026-09-04 11:09:03.979,1,,,,False,False,FP1,52.0,31.5,37.1
0 days 00:58:00.641000,ARO,61,0 days 00:01:24.766000,14.0,5.0,,,0 days 00:00:27.411000,0 days 00:00:28.660000,0 days 00:00:28.695000,0 days 00:57:03.286000,0 days 00:57:31.946000,0 days 00:58:00.641000,298.0,316.0,278.0,325.0,True,SOFT,2.0,True,Alpine,0 days 00:56:35.875000,2026-09-04 11:14:05.857,1,,,,False,True,FP1,52.0,31.5,37.1
0 days 01:00:31.111000,ARO,61,,15.0,5.0,,0 days 01:00:27.362000,0 days 00:00:42.836000,0 days 00:00:51.219000,0 days 00:00:56.475000,0 days 00:58:43.593000,0 days 00:59:34.833000,0 days 01:00:31.253000,134.0,139.0,,261.0,False,SOFT,3.0,True,Alpine,0 days 00:58:00.641000,2026-09-04 11:15:30.623,1,,,,False,False,FP1,53.4,31.6,37.7
0 days 01:02:52.260000,ARO,61,0 days 00:02:21.149000,16.0,6.0,0 days 01:00:58.281000,,0 days 00:01:04.228000,0 days 00:00:38.955000,0 days 00:00:37.966000,0 days 01:01:35.339000,0 days 01:02:14.294000,0 days 01:02:52.260000,258.0,172.0,303.0,174.0,False,SOFT,4.0,False,Alpine,0 days 01:00:31.111000,2026-09-04 11:18:01.093,1,,,,False,False,FP1,53.4,31.6,37.7
0 days 01:04:16.739000,ARO,61,0 days 00:01:24.479000,17.0,6.0,,,0 days 00:00:27.359000,0 days 00:00:28.652000,0 days 00:00:28.468000,0 days 01:03:19.619000,0 days 01:03:48.271000,0 days 01:04:16.739000,293.0,316.0,276.0,341.0,True,SOFT,5.0,False,Alpine,0 days 01:02:52.260000,2026-09-04 11:20:22.242,1,,,,False,True,FP1,53.4,31.6,37.7
0 days 01:06:59.755000,ARO,61,,18.0,6.0,,0 days 01:06:56.012000,0 days 00:00:44.683000,0 days 00:00:57.273000,0 days 00:01:01.030000,0 days 01:05:01.561000,0 days 01:05:58.918000,0 days 01:06:59.778000,124.0,129.0,,205.0,False,SOFT,6.0,False,Alpine,0 days 01:04:16.739000,2026-09-04 11:21:46.721,1,,,,False,False,FP1,53.4,31.6,37.7
0 days 01:09:13.859000,ARO,61,0 days 00:02:14.104000,19.0,7.0,0 days 01:07:26.165000,,0 days 00:01:05.226000,0 days 00:00:36.830000,0 days 00:00:32.048000,0 days 01:08:04.981000,0 days 01:08:41.811000,0 days 01:09:13.859000,257.0,256.0,304.0,185.0,False,SOFT,7.0,False,Alpine,0 days 01:06:59.755000,2026-09-04 11:24:29.737,1,,,,False,False,FP1,53.4,31.6,37.7
0 days 01:11:09.711000,ARO,61,0 days 00:01:55.852000,20.0,7.0,,,0 days 00:00:32.081000,0 days 00:00:47.427000,0 days 00:00:36.344000,0 days 01:09:45.940000,0 days 01:10:33.367000,0 days 01:11:09.711000,251.0,204.0,300.0,341.0,False,SOFT,8.0,False,Alpine,0 days 01:09:13.859000,2026-09-04 11:26:43.841,1,,,,False,True,FP1,53.4,31.6,37.7
0 days 01:12:33.888000,ARO,61,0 days 00:01:24.177000,21.0,7.0,,,0 days 00:00:27.272000,0 days 00:00:28.432000,0 days 00:00:28.473000,0 days 01:11:36.983000,0 days 01:12:05.415000,0 days 01:12:33.888000,298.0,323.0,280.0,329.0,True,SOFT,9.0,False,Alpine,0 days 01:11:09.711000,2026-09-04 11:28:39.693,1,,,,False,True,FP1,53.4,31.6,37.7
0 days 01:14:41.193000,ARO,61,0 days 00:02:07.305000,22.0,7.0,,,0 days 00:00:37.392000,0 days 00:00:33.283000,0 days 00:00:56.630000,0 days 01:13:11.280000,0 days 01:13:44.563000,0 days 01:14:41.193000,293.0,240.0,82.0,184.0,False,SOFT,10.0,False,Alpine,0 days 01:12:33.888000,2026-09-04 11:30:03.870,1,,,,False,True,FP1,53.4,31.6,37.7
0 days 01:16:58.050000,ARO,61,0 days 00:02:16.857000,23.0,7.0,,0 days 01:16:54.302000,0 days 00:01:11.076000,0 days 00:00:29.307000,0 days 00:00:36.474000,0 days 01:15:52.269000,0 days 01:16:21.576000,0 days 01:16:58.050000,283.0,306.0,,295.0,False,SOFT,11.0,False,Alpine,0 days 01:14:41.193000,2026-09-04 11:32:11.175,1,,,,False,False,FP1,53.4,31.6,37.7
0 days 00:15:45.970000,RUS,63,,1.0,1.0,0 days 00:13:20.698000,,,0 days 00:00:39.425000,0 days 00:00:33.688000,,0 days 00:15:12.595000,0 days 00:15:46.080000,260.0,124.0,296.0,168.0,False,MEDIUM,1.0,True,Mercedes,0 days 00:13:20.698000,2026-09-04 10:30:50.680,1,,,,False,False,FP1,53.4,31.6,37.7
0 days 00:17:11.229000,RUS,63,0 days 00:01:25.259000,2.0,1.0,,,0 days 00:00:27.499000,0 days 00:00:28.909000,0 days 00:00:28.851000,0 days 00:16:13.469000,0 days 00:16:42.378000,0 days 00:17:11.229000,295.0,316.0,281.0,334.0,True,MEDIUM,2.0,True,Mercedes,0 days 00:15:45.970000,2026-09-04 10:33:15.952,1,,,,False,True,FP1,53.4,31.6,37.7
0 days 00:19:34.874000,RUS,63,0 days 00:02:23.645000,3.0,1.0,,,0 days 00:00:57.203000,0 days 00:00:53.110000,0 days 00:00:33.332000,0 days 00:18:08.432000,0 days 00:19:01.542000,0 days 00:19:34.874000,121.0,266.0,295.0,112.0,False,MEDIUM,3.0,True,Mercedes,0 days 00:17:11.229000,2026-09-04 10:34:41.211,1,,,,False,True,FP1,53.4,31.6,37.7
0 days 00:21:24.387000,RUS,63,0 days 00:01:49.513000,4.0,1.0,,,0 days 00:00:27.550000,0 days 00:00:46.770000,0 days 00:00:35.193000,0 days 00:20:02.424000,0 days 00:20:49.194000,0 days 00:21:24.387000,291.0,194.0,297.0,328.0,False,MEDIUM,4.0,True,Mercedes,0 days 00:19:34.874000,2026-09-04 10:37:04.856,1,,,,False,True,FP1,53.4,31.6,37.7
0 days 00:22:48.957000,RUS,63,0 days 00:01:24.570000,5.0,1.0,,,0 days 00:00:27.624000,0 days 00:00:28.615000,0 days 00:00:28.331000,0 days 00:21:52.011000,0 days 00:22:20.626000,0 days 00:22:48.957000,289.0,312.0,281.0,332.0,True,MEDIUM,5.0,True,Mercedes,0 days 00:21:24.387000,2026-09-04 10:38:54.369,1,,,,False,True,FP1,53.4,31.6,37.7
0 days 00:25:11.072000,RUS,63,0 days 00:02:22.115000,6.0,1.0,,,0 days 00:00:57.269000,0 days 00:00:52.628000,0 days 00:00:32.218000,0 days 00:23:46.226000,0 days 00:24:38.854000,0 days 00:25:11.072000,122.0,224.0,295.0,105.0,False,MEDIUM,6.0,True,Mercedes,0 days 00:22:48.957000,2026-09-04 10:40:18.939,1,,,,False,True,FP1,53.4,31.6,37.7
0 days 00:26:34.874000,RUS,63,0 days 00:01:23.802000,7.0,1.0,,,0 days 00:00:27.376000,0 days 00:00:28.286000,0 days 00:00:28.140000,0 days 00:25:38.448000,0 days 00:26:06.734000,0 days 00:26:34.874000,291.0,312.0,282.0,328.0,True,MEDIUM,7.0,True,Mercedes,0 days 00:25:11.072000,2026-09-04 10:42:41.054,1,,,,False,True,FP1,53.4,31.6,37.7
0 days 00:28:57.044000,RUS,63,0 days 00:02:22.170000,8.0,1.0,,0 days 00:28:53.356000,0 days 00:00:59.435000,0 days 00:00:41.634000,0 days 00:00:41.101000,0 days 00:27:34.309000,0 days 00:28:15.943000,0 days 00:28:57.044000,136.0,205.0,,99.0,False,MEDIUM,8.0,True,Mercedes,0 days 00:26:34.874000,2026-09-04 10:44:04.856,1,,,,False,False,FP1,53.4,31.6,37.7
0 days 00:40:17.124000,RUS,63,,9.0,2.0,0 days 00:38:36.030000,,,0 days 00:00:33.593000,0 days 00:00:31.179000,,0 days 00:39:46.135000,0 days 00:40:17.280000,271.0,279.0,295.0,220.0,False,SOFT,1.0,True,Mercedes,0 days 00:38:36.030000,2026-09-04 10:56:06.012,1,,,,False,False,FP1,53.4,31.6,37.7
0 days 00:41:40.436000,RUS,63,0 days 00:01:23.312000,10.0,2.0,,,0 days 00:00:27.390000,0 days 00:00:28.011000,0 days 00:00:27.911000,0 days 00:40:44.514000,0 days 00:41:12.525000,0 days 00:41:40.436000,290.0,318.0,281.0,325.0,True,SOFT,2.0,True,Mercedes,0 days 00:40:17.124000,2026-09-04 10:57:47.106,1,,,,False,True,FP1,53.2,31.8,36.9
0 days 00:43:57.398000,RUS,63,0 days 00:02:16.962000,11.0,2.0,,0 days 00:43:53.639000,0 days 00:00:46.667000,0 days 00:00:48.740000,0 days 00:00:41.555000,0 days 00:42:27.103000,0 days 00:43:15.843000,0 days 00:43:57.398000,175.0,189.0,,161.0,False,SOFT,3.0,True,Mercedes,0 days 00:41:40.436000,2026-09-04 10:59:10.418,1,,,,False,False,FP1,53.2,31.8,36.9
0 days 00:46:25.087000,RUS,63,0 days 00:02:27.689000,12.0,3.0,0 days 00:44:20.344000,,0 days 00:01:04.937000,0 days 00:00:51.141000,0 days 00:00:31.611000,0 days 00:45:02.335000,0 days 00:45:53.476000,0 days 00:46:25.087000,176.0,199.0,293.0,203.0,False,SOFT,4.0,False,Mercedes,0 days 00:43:57.398000,2026-09-04 11:01:27.380,1,,,,False,False,FP1,53.2,31.8,36.9
0 days 00:47:48.606000,RUS,63,0 days 00:01:23.519000,13.0,3.0,,,0 days 00:00:27.337000,0 days 00:00:28.166000,0 days 00:00:28.016000,0 days 00:46:52.424000,0 days 00:47:20.590000,0 days 00:47:48.606000,291.0,317.0,280.0,326.0,False,SOFT,5.0,False,Mercedes,0 days 00:46:25.087000,2026-09-04 11:03:55.069,1,,,,False,True,FP1,53.2,31.8,36.9
0 days 00:49:41.107000,RUS,63,0 days 00:01:52.501000,14.0,3.0,,0 days 00:49:37.310000,0 days 00:00:39.578000,0 days 00:00:36.890000,0 days 00:00:36.033000,0 days 00:48:28.184000,0 days 00:49:05.074000,0 days 00:49:41.107000,157.0,284.0,,210.0,False,SOFT,6.0,False,Mercedes,0 days 00:47:48.606000,2026-09-04 11:05:18.588,1,,,,False,False,FP1,53.2,31.8,36.9
0 days 00:56:17.097000,RUS,63,,15.0,4.0,0 days 00:54:21.525000,,,0 days 00:00:30.593000,0 days 00:00:28.798000,,0 days 00:55:48.464000,0 days 00:56:17.261000,285.0,305.0,310.0,236.0,False,MEDIUM,9.0,False,Mercedes,0 days 00:49:41.107000,2026-09-04 11:07:11.089,1,,,,False,False,FP1,53.2,31.8,36.9
0 days 00:57:44.022000,RUS,63,0 days 00:01:26.925000,16.0,4.0,,,0 days 00:00:28.651000,0 days 00:00:29.654000,0 days 00:00:28.620000,0 days 00:56:45.748000,0 days 00:57:15.402000,0 days 00:57:44.022000,293.0,311.0,292.0,288.0,False,MEDIUM,10.0,False,Mercedes,0 days 00:56:17.097000,2026-09-04 11:13:47.079,1,,,,False,True,FP1,53.2,31.8,36.9
0 days 00:59:10.617000,RUS,63,0 days 00:01:26.595000,17.0,4.0,,,0 days 00:00:28.696000,0 days 00:00:29.329000,0 days 00:00:28.570000,0 days 00:58:12.718000,0 days 00:58:42.047000,0 days 00:59:10.617000,289.0,307.0,293.0,301.0,False,MEDIUM,11.0,False,Mercedes,0 days 00:57:44.022000,2026-09-04 11:15:14.004,1,,,,False,True,FP1,53.2,31.8,36.9
0 days 01:00:37.111000,RUS,63,0 days 00:01:26.494000,18.0,4.0,,,0 days 00:00:28.653000,0 days 00:00:29.338000,0 days 00:00:28.503000,0 days 00:59:39.270000,0 days 01:00:08.608000,0 days 01:00:37.111000,287.0,305.0,292.0,299.0,False,MEDIUM,12.0,False,Mercedes,0 days 00:59:10.617000,2026-09-04 11:16:40.599,1,,,,False,True,FP1,53.2,31.8,36.9
0 days 01:02:03.685000,RUS,63,0 days 00:01:26.574000,19.0,4.0,,,0 days 00:00:28.813000,0 days 00:00:29.386000,0 days 00:00:28.375000,0 days 01:01:05.924000,0 days 01:01:35.310000,0 days 01:02:03.685000,285.0,302.0,294.0,293.0,False,MEDIUM,13.0,False,Mercedes,0 days 01:00:37.111000,2026-09-04 11:18:07.093,1,,,,False,True,FP1,53.2,31.8,36.9
0 days 01:03:29.908000,RUS,63,0 days 00:01:26.223000,20.0,4.0,,,0 days 00:00:28.569000,0 days 00:00:29.315000,0 days 00:00:28.339000,0 days 01:02:32.254000,0 days 01:03:01.569000,0 days 01:03:29.908000,289.0,305.0,295.0,288.0,False,MEDIUM,14.0,False,Mercedes,0 days 01:02:03.685000,2026-09-04 11:19:33.667,1,,,,False,True,FP1,53.2,31.8,36.9
0 days 01:04:56.243000,RUS,63,0 days 00:01:26.335000,21.0,4.0,,,0 days 00:00:28.580000,0 days 00:00:29.293000,0 days 00:00:28.462000,0 days 01:03:58.488000,0 days 01:04:27.781000,0 days 01:04:56.243000,290.0,306.0,293.0,291.0,False,MEDIUM,15.0,False,Mercedes,0 days 01:03:29.908000,2026-09-04 11:20:59.890,1,,,,False,True,FP1,53.2,31.8,36.9
0 days 01:06:22.593000,RUS,63,0 days 00:01:26.350000,22.0,4.0,,,0 days 00:00:28.672000,0 days 00:00:29.336000,0 days 00:00:28.342000,0 days 01:05:24.915000,0 days 01:05:54.251000,0 days 01:06:22.593000,288.0,304.0,295.0,289.0,False,MEDIUM,16.0,False,Mercedes,0 days 01:04:56.243000,2026-09-04 11:22:26.225,1,,,,False,True,FP1,53.2,31.8,36.9
0 days 01:07:49.149000,RUS,63,0 days 00:01:26.556000,23.0,4.0,,,0 days 00:00:28.754000,0 days 00:00:29.458000,0 days 00:00:28.344000,0 days 01:06:51.347000,0 days 01:07:20.805000,0 days 01:07:49.149000,288.0,306.0,301.0,292.0,False,MEDIUM,17.0,False,Mercedes,0 days 01:06:22.593000,2026-09-04 11:23:52.575,1,,,,False,True,FP1,53.1,31.8,35.6
0 days 01:09:19.658000,RUS,63,0 days 00:01:30.509000,24.0,4.0,,0 days 01:09:15.859000,0 days 00:00:28.405000,0 days 00:00:29.389000,0 days 00:00:32.715000,0 days 01:08:17.554000,0 days 01:08:46.943000,0 days 01:09:19.658000,292.0,309.0,,296.0,False,MEDIUM,18.0,False,Mercedes,0 days 01:07:49.149000,2026-09-04 11:25:19.131,1,,,,False,False,FP1,53.1,31.8,35.6
0 days 01:14:13.380000,RUS,63,,25.0,5.0,0 days 01:12:16.532000,,,0 days 00:00:31.275000,0 days 00:00:30.133000,,0 days 01:13:43.279000,0 days 01:14:13.380000,275.0,302.0,311.0,255.0,False,SOFT,7.0,False,Mercedes,0 days 01:09:19.658000,2026-09-04 11:26:49.640,1,,,,False,False,FP1,53.1,31.8,35.6
0 days 01:16:34.006000,RUS,63,0 days 00:02:20.626000,26.0,5.0,,,0 days 00:00:33.280000,0 days 00:00:45.575000,0 days 00:01:01.771000,0 days 01:14:46.660000,0 days 01:15:32.235000,0 days 01:16:34.006000,235.0,165.0,52.0,253.0,False,SOFT,8.0,False,Mercedes,0 days 01:14:13.380000,2026-09-04 11:31:43.362,1,,,,False,True,FP1,53.1,31.8,35.6
0 days 01:19:07.068000,RUS,63,,27.0,5.0,,0 days 01:19:03.192000,0 days 00:01:18.234000,0 days 00:00:36.671000,0 days 00:00:38.296000,0 days 01:17:52.361000,0 days 01:18:28.924000,0 days 01:19:07.068000,282.0,260.0,,286.0,False,SOFT,9.0,False,Mercedes,0 days 01:16:34.006000,2026-09-04 11:34:03.988,12,,,,False,False,FP1,53.1,31.8,35.6
0 days 00:15:32.948000,BOT,77,,1.0,1.0,0 days 00:13:37.049000,,,0 days 00:00:34.630000,0 days 00:00:39.138000,,0 days 00:14:54.016000,0 days 00:15:33.662000,270.0,265.0,268.0,122.0,False,HARD,1.0,True,Cadillac,0 days 00:13:37.049000,2026-09-04 10:31:07.031,1,,,,False,False,FP1,53.1,31.8,35.6
0 days 00:17:02.524000,BOT,77,0 days 00:01:29.576000,2.0,1.0,,,0 days 00:00:28.792000,0 days 00:00:30.529000,0 days 00:00:30.255000,0 days 00:16:01.740000,0 days 00:16:32.269000,0 days 00:17:02.524000,284.0,297.0,268.0,308.0,True,HARD,2.0,True,Cadillac,0 days 00:15:32.948000,2026-09-04 10:33:02.930,1,,,,False,True,FP1,53.1,31.8,35.6
0 days 00:19:12.922000,BOT,77,0 days 00:02:10.398000,3.0,1.0,,,0 days 00:00:37.263000,0 days 00:00:49.223000,0 days 00:00:43.912000,0 days 00:17:39.787000,0 days 00:18:29.010000,0 days 00:19:12.922000,199.0,117.0,274.0,192.0,False,HARD,3.0,True,Cadillac,0 days 00:17:02.524000,2026-09-04 10:34:32.506,1,,,,False,True,FP1,53.1,31.8,35.6
0 days 00:20:40.592000,BOT,77,0 days 00:01:27.670000,4.0,1.0,,,0 days 00:00:28.512000,0 days 00:00:29.756000,0 days 00:00:29.402000,0 days 00:19:41.434000,0 days 00:20:11.190000,0 days 00:20:40.592000,285.0,294.0,277.0,308.0,True,HARD,4.0,True,Cadillac,0 days 00:19:12.922000,2026-09-04 10:36:42.904,1,,,,False,True,FP1,53.1,31.8,35.6
0 days 00:22:38.145000,BOT,77,0 days 00:01:57.553000,5.0,1.0,,,0 days 00:00:36.829000,0 days 00:00:41.011000,0 days 00:00:39.713000,0 days 00:21:17.421000,0 days 00:21:58.432000,0 days 00:22:38.145000,219.0,146.0,277.0,194.0,False,HARD,5.0,True,Cadillac,0 days 00:20:40.592000,2026-09-04 10:38:10.574,1,,,,False,True,FP1,53.1,31.8,35.6
0 days 00:24:05.363000,BOT,77,0 days 00:01:27.218000,6.0,1.0,,,0 days 00:00:28.419000,0 days 00:00:29.522000,0 days 00:00:29.277000,0 days 00:23:06.564000,0 days 00:23:36.086000,0 days 00:24:05.363000,287.0,305.0,270.0,314.0,True,HARD,6.0,True,Cadillac,0 days 00:22:38.145000,2026-09-04 10:40:08.127,1,,,,False,True,FP1,53.1,31.8,35.6
0 days 00:25:57.516000,BOT,77,0 days 00:01:52.153000,7.0,1.0,,,0 days 00:00:36.963000,0 days 00:00:37.224000,0 days 00:00:37.966000,0 days 00:24:42.326000,0 days 00:25:19.550000,0 days 00:25:57.516000,228.0,232.0,279.0,166.0,False,HARD,7.0,True,Cadillac,0 days 00:24:05.363000,2026-09-04 10:41:35.345,1,,,,False,True,FP1,53.1,31.9,36.4
0 days 00:27:45.453000,BOT,77,0 days 00:01:47.937000,8.0,1.0,,,0 days 00:00:28.066000,0 days 00:00:36.720000,0 days 00:00:43.151000,0 days 00:26:25.582000,0 days 00:27:02.302000,0 days 00:27:45.453000,289.0,181.0,281.0,315.0,False,HARD,8.0,True,Cadillac,0 days 00:25:57.516000,2026-09-04 10:43:27.498,1,,,,False,True,FP1,53.1,31.9,36.4
0 days 00:29:11.936000,BOT,77,0 days 00:01:26.483000,9.0,1.0,,,0 days 00:00:28.080000,0 days 00:00:29.290000,0 days 00:00:29.113000,0 days 00:28:13.533000,0 days 00:28:42.823000,0 days 00:29:11.936000,289.0,306.0,272.0,318.0,True,HARD,9.0,True,Cadillac,0 days 00:27:45.453000,2026-09-04 10:45:15.435,1,,,,False,True,FP1,53.1,31.9,36.4
0 days 00:31:31.886000,BOT,77,0 days 00:02:19.950000,10.0,1.0,,0 days 00:31:27.904000,0 days 00:00:37.692000,0 days 00:00:50.334000,0 days 00:00:51.924000,0 days 00:29:49.628000,0 days 00:30:39.962000,0 days 00:31:31.886000,223.0,185.0,,167.0,False,HARD,10.0,True,Cadillac,0 days 00:29:11.936000,2026-09-04 10:46:41.918,126,,,,False,False,FP1,53.1,31.9,36.4
0 days 00:46:57.561000,BOT,77,,11.0,2.0,0 days 00:45:10.303000,,,0 days 00:00:33.030000,0 days 00:00:41.955000,,0 days 00:46:15.760000,0 days 00:46:57.652000,299.0,179.0,285.0,208.0,False,MEDIUM,1.0,True,Cadillac,0 days 00:45:10.303000,2026-09-04 11:02:40.285,1,,,,False,False,FP1,53.1,31.9,36.4
0 days 00:48:23.570000,BOT,77,0 days 00:01:26.009000,12.0,2.0,,,0 days 00:00:27.909000,0 days 00:00:29.171000,0 days 00:00:28.929000,0 days 00:47:25.470000,0 days 00:47:54.641000,0 days 00:48:23.570000,290.0,306.0,274.0,319.0,True,MEDIUM,2.0,True,Cadillac,0 days 00:46:57.561000,2026-09-04 11:04:27.543,1,,,,False,True,FP1,53.1,31.9,36.4
0 days 00:50:21.500000,BOT,77,0 days 00:01:57.930000,13.0,2.0,,,0 days 00:00:37.175000,0 days 00:00:43.322000,0 days 00:00:37.433000,0 days 00:49:00.745000,0 days 00:49:44.067000,0 days 00:50:21.500000,146.0,176.0,285.0,232.0,False,MEDIUM,3.0,True,Cadillac,0 days 00:48:23.570000,2026-09-04 11:05:53.552,1,,,,False,True,FP1,53.1,31.9,36.4
0 days 00:51:47.559000,BOT,77,0 days 00:01:26.059000,14.0,2.0,,,0 days 00:00:28.015000,0 days 00:00:29.091000,0 days 00:00:28.953000,0 days 00:50:49.515000,0 days 00:51:18.606000,0 days 00:51:47.559000,289.0,307.0,274.0,317.0,False,MEDIUM,4.0,True,Cadillac,0 days 00:50:21.500000,2026-09-04 11:07:51.482,1,,,,False,True,FP1,53.1,31.9,36.4
0 days 00:53:45.344000,BOT,77,0 days 00:01:57.785000,15.0,2.0,,,0 days 00:00:36.704000,0 days 00:00:42.550000,0 days 00:00:38.531000,0 days 00:52:24.263000,0 days 00:53:06.813000,0 days 00:53:45.344000,206.0,197.0,282.0,230.0,False,MEDIUM,5.0,True,Cadillac,0 days 00:51:47.559000,2026-09-04 11:09:17.541,1,,,,False,True,FP1,53.1,31.9,36.4
0 days 00:55:11.328000,BOT,77,0 days 00:01:25.984000,16.0,2.0,,,0 days 00:00:27.962000,0 days 00:00:29.157000,0 days 00:00:28.865000,0 days 00:54:13.306000,0 days 00:54:42.463000,0 days 00:55:11.328000,289.0,301.0,272.0,311.0,True,MEDIUM,6.0,True,Cadillac,0 days 00:53:45.344000,2026-09-04 11:11:15.326,1,,,,False,True,FP1,53.1,31.9,36.4
0 days 00:57:01.849000,BOT,77,0 days 00:01:50.521000,17.0,2.0,,0 days 00:56:57.908000,0 days 00:00:31.462000,0 days 00:00:34.489000,0 days 00:00:44.570000,0 days 00:55:42.790000,0 days 00:56:17.279000,0 days 00:57:01.849000,271.0,239.0,,288.0,False,MEDIUM,7.0,True,Cadillac,0 days 00:55:11.328000,2026-09-04 11:12:41.310,1,,,,False,False,FP1,53.1,31.9,36.4
0 days 01:02:43.939000,BOT,77,,18.0,3.0,0 days 01:00:52.627000,,,0 days 00:00:31.832000,0 days 00:00:30.154000,,0 days 01:02:14.006000,0 days 01:02:44.031000,283.0,265.0,311.0,225.0,False,MEDIUM,8.0,False,Cadillac,0 days 00:57:01.849000,2026-09-04 11:14:31.831,1,,,,False,False,FP1,53.1,31.9,36.4
0 days 01:04:12.097000,BOT,77,0 days 00:01:28.158000,19.0,3.0,,,0 days 00:00:28.700000,0 days 00:00:30.109000,0 days 00:00:29.349000,0 days 01:03:12.639000,0 days 01:03:42.748000,0 days 01:04:12.097000,280.0,301.0,304.0,308.0,False,MEDIUM,9.0,False,Cadillac,0 days 01:02:43.939000,2026-09-04 11:20:13.921,1,,,,False,True,FP1,53.1,31.9,36.4
0 days 01:05:40.780000,BOT,77,0 days 00:01:28.683000,20.0,3.0,,,0 days 00:00:29.139000,0 days 00:00:30.182000,0 days 00:00:29.362000,0 days 01:04:41.236000,0 days 01:05:11.418000,0 days 01:05:40.780000,279.0,294.0,290.0,300.0,False,MEDIUM,10.0,False,Cadillac,0 days 01:04:12.097000,2026-09-04 11:21:42.079,1,,,,False,True,FP1,53.1,31.9,36.4
0 days 01:07:09.999000,BOT,77,0 days 00:01:29.219000,21.0,3.0,,,0 days 00:00:29.512000,0 days 00:00:30.361000,0 days 00:00:29.346000,0 days 01:06:10.292000,0 days 01:06:40.653000,0 days 01:07:09.999000,277.0,293.0,305.0,290.0,False,MEDIUM,11.0,False,Cadillac,0 days 01:05:40.780000,2026-09-04 11:23:10.762,1,,,,False,True,FP1,53.1,31.9,36.4
0 days 01:08:39.193000,BOT,77,0 days 00:01:29.194000,22.0,3.0,,,0 days 00:00:29.049000,0 days 00:00:30.555000,0 days 00:00:29.590000,0 days 01:07:39.048000,0 days 01:08:09.603000,0 days 01:08:39.193000,278.0,291.0,312.0,296.0,False,MEDIUM,12.0,False,Cadillac,0 days 01:07:09.999000,2026-09-04 11:24:39.981,1,,,,False,True,FP1,53.5,31.7,36.9
0 days 01:10:08.330000,BOT,77,0 days 00:01:29.137000,23.0,3.0,,,0 days 00:00:28.773000,0 days 00:00:30.782000,0 days 00:00:29.582000,0 days 01:09:07.966000,0 days 01:09:38.748000,0 days 01:10:08.330000,287.0,298.0,304.0,310.0,False,MEDIUM,13.0,False,Cadillac,0 days 01:08:39.193000,2026-09-04 11:26:09.175,1,,,,False,True,FP1,53.5,31.7,36.9
0 days 01:11:37.240000,BOT,77,0 days 00:01:28.910000,24.0,3.0,,,0 days 00:00:29.350000,0 days 00:00:30.252000,0 days 00:00:29.308000,0 days 01:10:37.680000,0 days 01:11:07.932000,0 days 01:11:37.240000,276.0,296.0,303.0,304.0,False,MEDIUM,14.0,False,Cadillac,0 days 01:10:08.330000,2026-09-04 11:27:38.312,1,,,,False,True,FP1,53.5,31.7,36.9
0 days 01:13:06.577000,BOT,77,0 days 00:01:29.337000,25.0,3.0,,,0 days 00:00:29.024000,0 days 00:00:30.406000,0 days 00:00:29.907000,0 days 01:12:06.264000,0 days 01:12:36.670000,0 days 01:13:06.577000,279.0,293.0,303.0,300.0,False,MEDIUM,15.0,False,Cadillac,0 days 01:11:37.240000,2026-09-04 11:29:07.222,1,,,,False,True,FP1,53.5,31.7,36.9
0 days 01:15:15.732000,BOT,77,0 days 00:02:09.155000,26.0,3.0,,,0 days 00:00:37.167000,0 days 00:00:38.152000,0 days 00:00:53.836000,0 days 01:13:43.744000,0 days 01:14:21.896000,0 days 01:15:15.732000,191.0,238.0,45.0,199.0,False,MEDIUM,16.0,False,Cadillac,0 days 01:13:06.577000,2026-09-04 11:30:36.559,1,,,,False,True,FP1,53.5,31.7,36.9
0 days 01:17:52.704000,BOT,77,,27.0,3.0,,0 days 01:17:48.751000,0 days 00:01:15.111000,0 days 00:00:37.649000,0 days 00:00:44.268000,0 days 01:16:30.947000,0 days 01:17:08.686000,0 days 01:17:52.704000,227.0,217.0,,285.0,False,MEDIUM,17.0,False,Cadillac,0 days 01:15:15.732000,2026-09-04 11:32:45.714,1,,,,False,False,FP1,53.5,31.7,36.9
0 days 00:16:25.375000,PIA,81,,1.0,1.0,0 days 00:14:25.738000,,,0 days 00:00:40.985000,0 days 00:00:36.355000,,0 days 00:15:49.408000,0 days 00:16:25.596000,218.0,230.0,279.0,177.0,False,MEDIUM,1.0,True,McLaren,0 days 00:14:25.738000,2026-09-04 10:31:55.720,1,,,,False,False,FP1,53.5,31.7,36.9
0 days 00:18:16.112000,PIA,81,0 days 00:01:50.737000,2.0,1.0,,,0 days 00:00:32.464000,0 days 00:00:40.913000,0 days 00:00:37.360000,0 days 00:16:57.839000,0 days 00:17:38.752000,0 days 00:18:16.112000,167.0,243.0,277.0,322.0,True,MEDIUM,2.0,True,McLaren,0 days 00:16:25.375000,2026-09-04 10:33:55.357,1,,,,False,True,FP1,53.5,31.7,36.9
0 days 00:19:41.445000,PIA,81,0 days 00:01:25.333000,3.0,1.0,,,0 days 00:00:27.783000,0 days 00:00:28.995000,0 days 00:00:28.555000,0 days 00:18:43.895000,0 days 00:19:12.890000,0 days 00:19:41.445000,299.0,314.0,282.0,318.0,True,MEDIUM,3.0,True,McLaren,0 days 00:18:16.112000,2026-09-04 10:35:46.094,1,,,,False,True,FP1,53.5,31.7,36.9
0 days 00:21:45.169000,PIA,81,0 days 00:02:03.724000,4.0,1.0,,,0 days 00:00:40.645000,0 days 00:00:43.738000,0 days 00:00:39.341000,0 days 00:20:22.090000,0 days 00:21:05.828000,0 days 00:21:45.169000,220.0,111.0,281.0,170.0,False,MEDIUM,4.0,True,McLaren,0 days 00:19:41.445000,2026-09-04 10:37:11.427,1,,,,False,True,FP1,53.5,31.7,36.9
0 days 00:23:09.563000,PIA,81,0 days 00:01:24.394000,5.0,1.0,,,0 days 00:00:27.524000,0 days 00:00:28.524000,0 days 00:00:28.346000,0 days 00:22:12.693000,0 days 00:22:41.217000,0 days 00:23:09.563000,299.0,316.0,282.0,316.0,True,MEDIUM,5.0,True,McLaren,0 days 00:21:45.169000,2026-09-04 10:39:15.151,1,,,,False,True,FP1,53.5,31.7,36.9
0 days 00:25:20.951000,PIA,81,0 days 00:02:11.388000,6.0,1.0,,,0 days 00:00:42.053000,0 days 00:00:51.548000,0 days 00:00:37.787000,0 days 00:23:51.616000,0 days 00:24:43.164000,0 days 00:25:20.951000,156.0,192.0,283.0,194.0,False,MEDIUM,6.0,True,McLaren,0 days 00:23:09.563000,2026-09-04 10:40:39.545,1,,,,False,True,FP1,53.3,31.8,36.2
0 days 00:26:45.204000,PIA,81,0 days 00:01:24.253000,7.0,1.0,,,0 days 00:00:27.480000,0 days 00:00:28.547000,0 days 00:00:28.226000,0 days 00:25:48.431000,0 days 00:26:16.978000,0 days 00:26:45.204000,300.0,316.0,280.0,320.0,True,MEDIUM,7.0,True,McLaren,0 days 00:25:20.951000,2026-09-04 10:42:50.933,1,,,,False,True,FP1,53.3,31.8,36.2
0 days 00:28:53.055000,PIA,81,0 days 00:02:07.851000,8.0,1.0,,,0 days 00:00:40.742000,0 days 00:00:46.917000,0 days 00:00:40.192000,0 days 00:27:25.946000,0 days 00:28:12.863000,0 days 00:28:53.055000,173.0,194.0,283.0,263.0,False,MEDIUM,8.0,True,McLaren,0 days 00:26:45.204000,2026-09-04 10:44:15.186,1,,,,False,True,FP1,53.3,31.8,36.2
0 days 00:30:22.633000,PIA,81,0 days 00:01:29.578000,9.0,1.0,,0 days 00:30:19.022000,0 days 00:00:27.419000,0 days 00:00:28.384000,0 days 00:00:33.775000,0 days 00:29:20.474000,0 days 00:29:48.858000,0 days 00:30:22.633000,298.0,313.0,,318.0,False,MEDIUM,9.0,True,McLaren,0 days 00:28:53.055000,2026-09-04 10:46:23.037,126,,,,False,False,FP1,53.3,31.8,36.2
0 days 00:42:55.220000,PIA,81,,10.0,2.0,0 days 00:41:12.579000,,,0 days 00:00:34.271000,0 days 00:00:31.449000,,0 days 00:42:23.906000,0 days 00:42:55.374000,275.0,266.0,291.0,140.0,False,SOFT,1.0,True,McLaren,0 days 00:41:12.579000,2026-09-04 10:58:42.561,1,,,,False,False,FP1,53.3,31.8,36.2
0 days 00:44:49.791000,PIA,81,0 days 00:01:54.571000,11.0,2.0,,,0 days 00:00:32.294000,0 days 00:00:43.685000,0 days 00:00:38.592000,0 days 00:43:27.514000,0 days 00:44:11.199000,0 days 00:44:49.791000,165.0,236.0,290.0,316.0,False,SOFT,2.0,True,McLaren,0 days 00:42:55.220000,2026-09-04 11:00:25.202,1,,,,False,True,FP1,53.3,31.8,36.2
0 days 00:46:14.340000,PIA,81,0 days 00:01:24.549000,12.0,2.0,,,0 days 00:00:27.459000,0 days 00:00:28.425000,0 days 00:00:28.665000,0 days 00:45:17.250000,0 days 00:45:45.675000,0 days 00:46:14.340000,297.0,316.0,281.0,321.0,False,SOFT,3.0,True,McLaren,0 days 00:44:49.791000,2026-09-04 11:02:19.773,1,,,,False,True,FP1,53.3,31.8,36.2
0 days 00:48:22.804000,PIA,81,0 days 00:02:08.464000,13.0,2.0,,0 days 00:48:19.081000,0 days 00:00:42.131000,0 days 00:00:42.183000,0 days 00:00:44.150000,0 days 00:46:56.471000,0 days 00:47:38.654000,0 days 00:48:22.804000,204.0,182.0,,170.0,False,SOFT,4.0,True,McLaren,0 days 00:46:14.340000,2026-09-04 11:03:44.322,1,,,,False,False,FP1,53.3,31.8,36.2
0 days 00:50:44.454000,PIA,81,0 days 00:02:21.650000,14.0,3.0,0 days 00:48:47.485000,,0 days 00:01:04.308000,0 days 00:00:39.400000,0 days 00:00:37.942000,0 days 00:49:27.112000,0 days 00:50:06.512000,0 days 00:50:44.454000,213.0,246.0,289.0,162.0,False,SOFT,5.0,False,McLaren,0 days 00:48:22.804000,2026-09-04 11:05:52.786,1,,,,False,False,FP1,53.3,31.8,36.2
0 days 00:52:08.638000,PIA,81,0 days 00:01:24.184000,15.0,3.0,,,0 days 00:00:27.622000,0 days 00:00:28.343000,0 days 00:00:28.219000,0 days 00:51:12.076000,0 days 00:51:40.419000,0 days 00:52:08.638000,295.0,312.0,281.0,315.0,True,SOFT,6.0,False,McLaren,0 days 00:50:44.454000,2026-09-04 11:08:14.436,1,,,,False,True,FP1,53.3,31.8,36.2
0 days 00:53:58.484000,PIA,81,0 days 00:01:49.846000,16.0,3.0,,0 days 00:53:54.161000,0 days 00:00:33.731000,0 days 00:00:36.895000,0 days 00:00:39.220000,0 days 00:52:42.369000,0 days 00:53:19.264000,0 days 00:53:58.484000,252.0,243.0,,226.0,False,SOFT,7.0,False,McLaren,0 days 00:52:08.638000,2026-09-04 11:09:38.620,1,,,,False,False,FP1,53.3,31.8,36.2
0 days 01:02:51.303000,PIA,81,,17.0,4.0,0 days 01:00:57.209000,,,0 days 00:00:29.848000,0 days 00:00:29.918000,,0 days 01:02:21.612000,0 days 01:02:51.313000,291.0,304.0,298.0,282.0,False,MEDIUM,10.0,False,McLaren,0 days 00:53:58.484000,2026-09-04 11:11:28.466,1,,,,False,False,FP1,53.3,31.8,36.2
0 days 01:04:17.974000,PIA,81,0 days 00:01:26.671000,18.0,4.0,,,0 days 00:00:28.733000,0 days 00:00:29.378000,0 days 00:00:28.560000,0 days 01:03:20.036000,0 days 01:03:49.414000,0 days 01:04:17.974000,297.0,315.0,294.0,309.0,False,MEDIUM,11.0,False,McLaren,0 days 01:02:51.303000,2026-09-04 11:20:21.285,1,,,,False,True,FP1,53.3,31.8,36.2
0 days 01:05:44.303000,PIA,81,0 days 00:01:26.329000,19.0,4.0,,,0 days 00:00:28.391000,0 days 00:00:29.299000,0 days 00:00:28.639000,0 days 01:04:46.365000,0 days 01:05:15.664000,0 days 01:05:44.303000,292.0,307.0,293.0,304.0,False,MEDIUM,12.0,False,McLaren,0 days 01:04:17.974000,2026-09-04 11:21:47.956,1,,,,False,True,FP1,53.3,31.8,36.2
0 days 01:07:11.007000,PIA,81,0 days 00:01:26.704000,20.0,4.0,,,0 days 00:00:28.484000,0 days 00:00:29.639000,0 days 00:00:28.581000,0 days 01:06:12.787000,0 days 01:06:42.426000,0 days 01:07:11.007000,291.0,307.0,301.0,301.0,False,MEDIUM,13.0,False,McLaren,0 days 01:05:44.303000,2026-09-04 11:23:14.285,1,,,,False,True,FP1,53.7,31.8,35.6
0 days 01:08:38.613000,PIA,81,0 days 00:01:27.606000,21.0,4.0,,,0 days 00:00:28.411000,0 days 00:00:30.089000,0 days 00:00:29.106000,0 days 01:07:39.418000,0 days 01:08:09.507000,0 days 01:08:38.613000,291.0,308.0,290.0,307.0,False,MEDIUM,14.0,False,McLaren,0 days 01:07:11.007000,2026-09-04 11:24:40.989,1,,,,False,True,FP1,53.7,31.8,35.6
0 days 01:10:05.845000,PIA,81,0 days 00:01:27.232000,22.0,4.0,,,0 days 00:00:28.982000,0 days 00:00:29.640000,0 days 00:00:28.610000,0 days 01:09:07.595000,0 days 01:09:37.235000,0 days 01:10:05.845000,293.0,300.0,296.0,297.0,False,MEDIUM,15.0,False,McLaren,0 days 01:08:38.613000,2026-09-04 11:26:08.595,1,,,,False,True,FP1,53.7,31.8,35.6
0 days 01:11:32.293000,PIA,81,0 days 00:01:26.448000,23.0,4.0,,,0 days 00:00:28.429000,0 days 00:00:29.298000,0 days 00:00:28.721000,0 days 01:10:34.274000,0 days 01:11:03.572000,0 days 01:11:32.293000,290.0,301.0,299.0,300.0,False,MEDIUM,16.0,False,McLaren,0 days 01:10:05.845000,2026-09-04 11:27:35.827,1,,,,False,True,FP1,53.7,31.8,35.6
0 days 01:12:59.006000,PIA,81,0 days 00:01:26.713000,24.0,4.0,,,0 days 00:00:28.412000,0 days 00:00:29.651000,0 days 00:00:28.650000,0 days 01:12:00.705000,0 days 01:12:30.356000,0 days 01:12:59.006000,288.0,297.0,312.0,302.0,False,MEDIUM,17.0,False,McLaren,0 days 01:11:32.293000,2026-09-04 11:29:02.275,1,,,,False,True,FP1,53.7,31.8,35.6
0 days 01:15:04.555000,PIA,81,0 days 00:02:05.549000,25.0,4.0,,,0 days 00:00:30.536000,0 days 00:00:42.266000,0 days 00:00:52.747000,0 days 01:13:29.542000,0 days 01:14:11.808000,0 days 01:15:04.555000,256.0,172.0,74.0,305.0,False,MEDIUM,18.0,False,McLaren,0 days 01:12:59.006000,2026-09-04 11:30:28.988,1,,,,False,True,FP1,53.7,31.8,35.6
0 days 01:17:16.164000,PIA,81,0 days 00:02:11.609000,26.0,4.0,,0 days 01:17:12.467000,0 days 00:01:07.872000,0 days 00:00:30.199000,0 days 00:00:33.538000,0 days 01:16:12.427000,0 days 01:16:42.626000,0 days 01:17:16.164000,296.0,302.0,,294.0,False,MEDIUM,19.0,False,McLaren,0 days 01:15:04.555000,2026-09-04 11:32:34.537,1,,,,False,False,FP1,53.7,31.8,35.6
0 days 00:14:44.834000,BEA,87,,1.0,1.0,0 days 00:13:03.352000,,,0 days 00:00:35.837000,0 days 00:00:33.030000,,0 days 00:14:11.983000,0 days 00:14:44.892000,253.0,266.0,296.0,189.0,False,HARD,1.0,True,Haas F1 Team,0 days 00:13:03.352000,2026-09-04 10:30:33.334,1,,,,False,False,FP1,53.7,31.8,35.6
0 days 00:16:17.574000,BEA,87,0 days 00:01:32.740000,2.0,1.0,,,0 days 00:00:29.911000,0 days 00:00:30.971000,0 days 00:00:31.858000,0 days 00:15:14.745000,0 days 00:15:45.716000,0 days 00:16:17.574000,279.0,282.0,257.0,261.0,True,HARD,2.0,True,Haas F1 Team,0 days 00:14:44.834000,2026-09-04 10:32:14.816,1,,,,False,True,FP1,53.7,31.8,35.6
0 days 00:18:17.583000,BEA,87,0 days 00:02:00.009000,3.0,1.0,,0 days 00:18:13.674000,0 days 00:00:34.604000,0 days 00:00:37.003000,0 days 00:00:48.402000,0 days 00:16:52.178000,0 days 00:17:29.181000,0 days 00:18:17.583000,239.0,199.0,,239.0,False,HARD,3.0,True,Haas F1 Team,0 days 00:16:17.574000,2026-09-04 10:33:47.556,1,,,,False,False,FP1,53.7,31.8,35.6
0 days 00:21:54.025000,BEA,87,,4.0,2.0,0 days 00:20:16.063000,,,0 days 00:00:33.055000,0 days 00:00:32.790000,,0 days 00:21:21.501000,0 days 00:21:54.175000,292.0,258.0,276.0,212.0,False,HARD,4.0,False,Haas F1 Team,0 days 00:18:17.583000,2026-09-04 10:35:47.565,1,,,,False,False,FP1,53.7,31.8,35.6
0 days 00:23:20.443000,BEA,87,0 days 00:01:26.418000,5.0,2.0,,,0 days 00:00:28.061000,0 days 00:00:29.436000,0 days 00:00:28.921000,0 days 00:22:22.086000,0 days 00:22:51.522000,0 days 00:23:20.443000,292.0,305.0,278.0,313.0,True,HARD,5.0,False,Haas F1 Team,0 days 00:21:54.025000,2026-09-04 10:39:24.007,1,,,,False,True,FP1,53.5,31.7,36.1
0 days 00:25:45.050000,BEA,87,0 days 00:02:24.607000,6.0,2.0,,,0 days 00:00:55.050000,0 days 00:00:54.544000,0 days 00:00:35.013000,0 days 00:24:15.493000,0 days 00:25:10.037000,0 days 00:25:45.050000,115.0,196.0,277.0,120.0,False,HARD,6.0,False,Haas F1 Team,0 days 00:23:20.443000,2026-09-04 10:40:50.425,1,,,,False,True,FP1,53.5,31.7,36.1
0 days 00:27:10.865000,BEA,87,0 days 00:01:25.815000,7.0,2.0,,,0 days 00:00:28.189000,0 days 00:00:28.986000,0 days 00:00:28.640000,0 days 00:26:13.239000,0 days 00:26:42.225000,0 days 00:27:10.865000,292.0,305.0,277.0,313.0,True,HARD,7.0,False,Haas F1 Team,0 days 00:25:45.050000,2026-09-04 10:43:15.032,1,,,,False,True,FP1,53.5,31.7,36.1
0 days 00:29:30.323000,BEA,87,0 days 00:02:19.458000,8.0,2.0,,,0 days 00:00:52.727000,0 days 00:00:51.207000,0 days 00:00:35.524000,0 days 00:28:03.592000,0 days 00:28:54.799000,0 days 00:29:30.323000,138.0,209.0,281.0,124.0,False,HARD,8.0,False,Haas F1 Team,0 days 00:27:10.865000,2026-09-04 10:44:40.847,1,,,,False,True,FP1,53.5,31.7,36.1
0 days 00:31:33.915000,BEA,87,0 days 00:02:03.592000,9.0,2.0,,,0 days 00:00:27.793000,0 days 00:00:47.617000,0 days 00:00:48.182000,0 days 00:29:58.116000,0 days 00:30:45.733000,0 days 00:31:33.915000,292.0,172.0,236.0,319.0,False,HARD,9.0,False,Haas F1 Team,0 days 00:29:30.323000,2026-09-04 10:47:00.305,126,,,,False,False,FP1,53.5,31.7,36.1
0 days 00:39:12.480000,BEA,87,,10.0,2.0,,0 days 00:33:29.368000,,,,,,,,,,234.0,False,HARD,10.0,False,Haas F1 Team,0 days 00:31:33.915000,2026-09-04 10:49:03.897,6512,,,,False,False,FP1,53.5,31.7,36.1
0 days 00:40:54.946000,BEA,87,,11.0,3.0,0 days 00:39:12.480000,,,0 days 00:00:32.632000,0 days 00:00:34.155000,,0 days 00:40:20.821000,0 days 00:40:54.949000,278.0,257.0,284.0,197.0,False,HARD,11.0,False,Haas F1 Team,0 days 00:39:12.480000,2026-09-04 10:56:42.462,1,,,,False,False,FP1,53.5,31.7,36.1
0 days 00:42:24.982000,BEA,87,0 days 00:01:30.036000,12.0,3.0,,0 days 00:42:21,0 days 00:00:27.786000,0 days 00:00:28.844000,0 days 00:00:33.406000,0 days 00:41:22.732000,0 days 00:41:51.576000,0 days 00:42:24.982000,294.0,310.0,,320.0,False,HARD,12.0,False,Haas F1 Team,0 days 00:40:54.946000,2026-09-04 10:58:24.928,1,,,,False,False,FP1,53.8,31.6,36.5
0 days 00:47:35.210000,BEA,87,,13.0,4.0,0 days 00:45:57.069000,,,0 days 00:00:32.292000,0 days 00:00:32.464000,,0 days 00:47:04.480000,0 days 00:47:35.340000,280.0,258.0,285.0,187.0,False,SOFT,1.0,True,Haas F1 Team,0 days 00:42:24.982000,2026-09-04 10:59:54.964,1,,,,False,False,FP1,53.8,31.6,36.5
0 days 00:49:30.726000,BEA,87,0 days 00:01:55.516000,14.0,4.0,,,0 days 00:00:27.824000,0 days 00:00:47.726000,0 days 00:00:39.966000,0 days 00:48:03.034000,0 days 00:48:50.760000,0 days 00:49:30.726000,291.0,160.0,284.0,318.0,False,SOFT,2.0,True,Haas F1 Team,0 days 00:47:35.210000,2026-09-04 11:05:05.192,1,,,,False,True,FP1,53.8,31.6,36.5
0 days 00:50:55.697000,BEA,87,0 days 00:01:24.971000,15.0,4.0,,,0 days 00:00:27.942000,0 days 00:00:28.618000,0 days 00:00:28.411000,0 days 00:49:58.668000,0 days 00:50:27.286000,0 days 00:50:55.697000,292.0,306.0,276.0,314.0,True,SOFT,3.0,True,Haas F1 Team,0 days 00:49:30.726000,2026-09-04 11:07:00.708,1,,,,False,True,FP1,53.8,31.6,36.5
0 days 00:53:21.930000,BEA,87,0 days 00:02:26.233000,16.0,4.0,,0 days 00:53:18.159000,0 days 00:00:49.751000,0 days 00:00:47.501000,0 days 00:00:48.981000,0 days 00:51:45.448000,0 days 00:52:32.949000,0 days 00:53:21.930000,170.0,197.0,,124.0,False,SOFT,4.0,True,Haas F1 Team,0 days 00:50:55.697000,2026-09-04 11:08:25.679,1,,,,False,False,FP1,53.8,31.6,36.5
0 days 00:56:09.068000,BEA,87,,17.0,5.0,0 days 00:54:23.775000,,,0 days 00:00:34.485000,0 days 00:00:32.642000,,0 days 00:55:36.644000,0 days 00:56:09.142000,282.0,261.0,284.0,173.0,False,SOFT,5.0,False,Haas F1 Team,0 days 00:53:21.930000,2026-09-04 11:10:51.912,1,,,,False,False,FP1,53.8,31.6,36.5
0 days 00:57:33.714000,BEA,87,0 days 00:01:24.646000,18.0,5.0,,,0 days 00:00:27.728000,0 days 00:00:28.503000,0 days 00:00:28.415000,0 days 00:56:36.796000,0 days 00:57:05.299000,0 days 00:57:33.714000,292.0,305.0,276.0,318.0,True,SOFT,6.0,False,Haas F1 Team,0 days 00:56:09.068000,2026-09-04 11:13:39.050,1,,,,False,True,FP1,53.8,31.6,36.5
0 days 00:59:10.128000,BEA,87,0 days 00:01:36.414000,19.0,5.0,,0 days 00:59:06.374000,0 days 00:00:30.321000,0 days 00:00:30.951000,0 days 00:00:35.142000,0 days 00:58:04.035000,0 days 00:58:34.986000,0 days 00:59:10.128000,273.0,291.0,,296.0,False,SOFT,7.0,False,Haas F1 Team,0 days 00:57:33.714000,2026-09-04 11:15:03.696,1,,,,False,False,FP1,53.8,31.6,36.5
0 days 01:03:44.014000,BEA,87,,20.0,6.0,0 days 01:02:11.631000,,,0 days 00:00:30.660000,0 days 00:00:29.139000,,0 days 01:03:14.929000,0 days 01:03:44.014000,273.0,298.0,308.0,220.0,False,HARD,13.0,False,Haas F1 Team,0 days 00:59:10.128000,2026-09-04 11:16:40.110,1,,,,False,False,FP1,53.8,31.6,36.5
0 days 01:05:16.516000,BEA,87,0 days 00:01:32.502000,21.0,6.0,,,0 days 00:00:33.213000,0 days 00:00:30.377000,0 days 00:00:28.912000,0 days 01:04:17.227000,0 days 01:04:47.604000,0 days 01:05:16.516000,276.0,296.0,312.0,305.0,False,HARD,14.0,False,Haas F1 Team,0 days 01:03:44.014000,2026-09-04 11:21:13.996,1,,,,False,True,FP1,53.8,31.6,36.5
0 days 01:06:43.789000,BEA,87,0 days 00:01:27.273000,22.0,6.0,,,0 days 00:00:28.830000,0 days 00:00:29.603000,0 days 00:00:28.840000,0 days 01:05:45.346000,0 days 01:06:14.949000,0 days 01:06:43.789000,282.0,300.0,307.0,306.0,False,HARD,15.0,False,Haas F1 Team,0 days 01:05:16.516000,2026-09-04 11:22:46.498,1,,,,False,True,FP1,53.8,31.6,36.5
0 days 01:08:11.112000,BEA,87,0 days 00:01:27.323000,23.0,6.0,,,0 days 00:00:28.785000,0 days 00:00:29.609000,0 days 00:00:28.929000,0 days 01:07:12.574000,0 days 01:07:42.183000,0 days 01:08:11.112000,283.0,297.0,304.0,304.0,False,HARD,16.0,False,Haas F1 Team,0 days 01:06:43.789000,2026-09-04 11:24:13.771,1,,,,False,True,FP1,53.8,31.6,36.5
0 days 01:09:38.218000,BEA,87,0 days 00:01:27.106000,24.0,6.0,,,0 days 00:00:28.797000,0 days 00:00:29.480000,0 days 00:00:28.829000,0 days 01:08:39.909000,0 days 01:09:09.389000,0 days 01:09:38.218000,283.0,297.0,305.0,303.0,False,HARD,17.0,False,Haas F1 Team,0 days 01:08:11.112000,2026-09-04 11:25:41.094,1,,,,False,True,FP1,53.7,31.7,36.3
0 days 01:11:05.816000,BEA,87,0 days 00:01:27.598000,25.0,6.0,,,0 days 00:00:29.035000,0 days 00:00:29.614000,0 days 00:00:28.949000,0 days 01:10:07.253000,0 days 01:10:36.867000,0 days 01:11:05.816000,284.0,298.0,302.0,307.0,False,HARD,18.0,False,Haas F1 Team,0 days 01:09:38.218000,2026-09-04 11:27:08.200,1,,,,False,True,FP1,53.7,31.7,36.3
0 days 01:12:32.999000,BEA,87,0 days 00:01:27.183000,26.0,6.0,,,0 days 00:00:28.810000,0 days 00:00:29.662000,0 days 00:00:28.711000,0 days 01:11:34.626000,0 days 01:12:04.288000,0 days 01:12:32.999000,285.0,297.0,303.0,305.0,False,HARD,19.0,False,Haas F1 Team,0 days 01:11:05.816000,2026-09-04 11:28:35.798,1,,,,False,True,FP1,53.7,31.7,36.3
0 days 01:14:22.301000,BEA,87,0 days 00:01:49.302000,27.0,6.0,,,0 days 00:00:29.905000,0 days 00:00:35.387000,0 days 00:00:44.010000,0 days 01:13:02.904000,0 days 01:13:38.291000,0 days 01:14:22.301000,242.0,232.0,40.0,307.0,False,HARD,20.0,False,Haas F1 Team,0 days 01:12:32.999000,2026-09-04 11:30:02.981,1,,,,False,True,FP1,53.7,31.7,36.3
0 days 01:16:38.152000,BEA,87,0 days 00:02:15.851000,28.0,6.0,,0 days 01:16:34.788000,0 days 00:01:10.952000,0 days 00:00:30.548000,0 days 00:00:34.351000,0 days 01:15:33.253000,0 days 01:16:03.801000,0 days 01:16:38.152000,291.0,287.0,,286.0,False,HARD,21.0,False,Haas F1 Team,0 days 01:14:22.301000,2026-09-04 11:31:52.283,1,,,,False,False,FP1,53.7,31.7,36.3
0 days 00:16:56.697000,NOR,1,,1.0,1.0,0 days 00:14:47.592000,,,0 days 00:00:34.198000,0 days 00:00:33.044000,,0 days 00:16:23.819000,0 days 00:16:56.824000,265.0,269.0,291.0,129.0,False,HARD,1.0,True,McLaren,0 days 00:14:47.592000,2026-09-04 14:01:30.957,1,,,,False,False,FP2,56.2,33.4,32.5
0 days 00:18:20.757000,NOR,1,0 days 00:01:24.060000,2.0,1.0,,,0 days 00:00:27.365000,0 days 00:00:28.417000,0 days 00:00:28.278000,0 days 00:17:24.062000,0 days 00:17:52.479000,0 days 00:18:20.757000,296.0,317.0,282.0,325.0,True,HARD,2.0,True,McLaren,0 days 00:16:56.697000,2026-09-04 14:03:40.062,1,,,,False,True,FP2,56.6,33.4,32.2
0 days 00:20:40.043000,NOR,1,0 days 00:02:19.286000,3.0,1.0,,,0 days 00:00:41.733000,0 days 00:00:56.997000,0 days 00:00:40.556000,0 days 00:19:02.490000,0 days 00:19:59.487000,0 days 00:20:40.043000,158.0,144.0,292.0,170.0,False,HARD,3.0,True,McLaren,0 days 00:18:20.757000,2026-09-04 14:05:04.122,1,,,,False,True,FP2,56.6,33.4,32.2
0 days 00:22:04.195000,NOR,1,0 days 00:01:24.152000,4.0,1.0,,,0 days 00:00:27.572000,0 days 00:00:28.277000,0 days 00:00:28.303000,0 days 00:21:07.615000,0 days 00:21:35.892000,0 days 00:22:04.195000,291.0,313.0,282.0,322.0,False,HARD,4.0,True,McLaren,0 days 00:20:40.043000,2026-09-04 14:07:23.408,1,,,,False,True,FP2,56.6,33.4,32.2
0 days 00:24:14.289000,NOR,1,0 days 00:02:10.094000,5.0,1.0,,,0 days 00:00:43.284000,0 days 00:00:50.254000,0 days 00:00:36.556000,0 days 00:22:47.479000,0 days 00:23:37.733000,0 days 00:24:14.289000,151.0,148.0,291.0,183.0,False,HARD,5.0,True,McLaren,0 days 00:22:04.195000,2026-09-04 14:08:47.560,1,,,,False,True,FP2,56.6,33.4,32.2
0 days 00:25:38.085000,NOR,1,0 days 00:01:23.796000,6.0,1.0,,,0 days 00:00:27.393000,0 days 00:00:28.123000,0 days 00:00:28.280000,0 days 00:24:41.682000,0 days 00:25:09.805000,0 days 00:25:38.085000,291.0,314.0,286.0,321.0,True,HARD,6.0,True,McLaren,0 days 00:24:14.289000,2026-09-04 14:10:57.654,1,,,,False,True,FP2,56.6,33.4,32.2
0 days 00:27:32.129000,NOR,1,0 days 00:01:54.044000,7.0,1.0,,0 days 00:27:28.143000,0 days 00:00:41.238000,0 days 00:00:35.983000,0 days 00:00:36.823000,0 days 00:26:19.323000,0 days 00:26:55.306000,0 days 00:27:32.129000,192.0,239.0,,314.0,False,HARD,7.0,True,McLaren,0 days 00:25:38.085000,2026-09-04 14:12:21.450,1,,,,False,False,FP2,56.6,33.4,32.2
0 days 00:43:39.058000,NOR,1,,8.0,2.0,0 days 00:41:57.569000,,,0 days 00:00:33.151000,0 days 00:00:33.557000,,0 days 00:43:05.798000,0 days 00:43:39.204000,262.0,270.0,296.0,214.0,False,SOFT,1.0,True,McLaren,0 days 00:27:32.129000,2026-09-04 14:14:15.494,1,,,,False,False,FP2,56.6,33.4,32.2
0 days 00:45:22.235000,NOR,1,0 days 00:01:43.177000,9.0,2.0,,,0 days 00:00:30.555000,0 days 00:00:39.868000,0 days 00:00:32.754000,0 days 00:44:09.613000,0 days 00:44:49.481000,0 days 00:45:22.235000,207.0,216.0,296.0,326.0,False,SOFT,2.0,True,McLaren,0 days 00:43:39.058000,2026-09-04 14:30:22.423,1,,,,False,True,FP2,56.6,33.4,32.2
0 days 00:46:45.178000,NOR,1,0 days 00:01:22.943000,10.0,2.0,,,0 days 00:00:27.179000,0 days 00:00:27.859000,0 days 00:00:27.905000,0 days 00:45:49.414000,0 days 00:46:17.273000,0 days 00:46:45.178000,297.0,316.0,283.0,324.0,True,SOFT,3.0,True,McLaren,0 days 00:45:22.235000,2026-09-04 14:32:05.600,1,,,,False,True,FP2,56.6,33.4,32.2
0 days 00:48:58.689000,NOR,1,0 days 00:02:13.511000,11.0,2.0,,,0 days 00:00:45.041000,0 days 00:00:49.115000,0 days 00:00:39.355000,0 days 00:47:30.219000,0 days 00:48:19.334000,0 days 00:48:58.689000,158.0,113.0,295.0,135.0,False,SOFT,4.0,True,McLaren,0 days 00:46:45.178000,2026-09-04 14:33:28.543,1,,,,False,True,FP2,56.3,33.5,32.6
0 days 00:50:21.679000,NOR,1,0 days 00:01:22.990000,12.0,2.0,,,0 days 00:00:27.241000,0 days 00:00:27.883000,0 days 00:00:27.866000,0 days 00:49:25.930000,0 days 00:49:53.813000,0 days 00:50:21.679000,294.0,316.0,282.0,320.0,False,SOFT,5.0,True,McLaren,0 days 00:48:58.689000,2026-09-04 14:35:42.054,1,,,,False,True,FP2,56.3,33.5,32.6
0 days 00:51:58.767000,NOR,1,0 days 00:01:37.088000,13.0,2.0,,0 days 00:51:54.948000,0 days 00:00:31.855000,0 days 00:00:31.461000,0 days 00:00:33.772000,0 days 00:50:53.534000,0 days 00:51:24.995000,0 days 00:51:58.767000,273.0,288.0,,238.0,False,SOFT,6.0,True,McLaren,0 days 00:50:21.679000,2026-09-04 14:37:05.044,1,,,,False,False,FP2,56.3,33.5,32.6
0 days 01:02:13.906000,NOR,1,,14.0,3.0,0 days 01:00:22.358000,,,0 days 00:00:29.938000,0 days 00:00:28.516000,,0 days 01:01:45.540000,0 days 01:02:13.989000,287.0,314.0,316.0,279.0,False,HARD,8.0,False,McLaren,0 days 00:51:58.767000,2026-09-04 14:38:42.132,1,,,,False,False,FP2,56.3,33.5,32.6
0 days 01:03:40.267000,NOR,1,0 days 00:01:26.361000,15.0,3.0,,,0 days 00:00:28.229000,0 days 00:00:29.461000,0 days 00:00:28.671000,0 days 01:02:42.135000,0 days 01:03:11.596000,0 days 01:03:40.267000,297.0,320.0,292.0,308.0,False,HARD,9.0,False,McLaren,0 days 01:02:13.906000,2026-09-04 14:48:57.271,1,,,,False,True,FP2,56.3,33.5,32.6
0 days 01:05:06.547000,NOR,1,0 days 00:01:26.280000,16.0,3.0,,,0 days 00:00:28.343000,0 days 00:00:29.500000,0 days 00:00:28.437000,0 days 01:04:08.610000,0 days 01:04:38.110000,0 days 01:05:06.547000,298.0,316.0,298.0,317.0,False,HARD,10.0,False,McLaren,0 days 01:03:40.267000,2026-09-04 14:50:23.632,1,,,,False,True,FP2,56.3,33.5,32.6
0 days 01:06:33.237000,NOR,1,0 days 00:01:26.690000,17.0,3.0,,,0 days 00:00:28.284000,0 days 00:00:30.028000,0 days 00:00:28.378000,0 days 01:05:34.831000,0 days 01:06:04.859000,0 days 01:06:33.237000,298.0,315.0,316.0,320.0,False,HARD,11.0,False,McLaren,0 days 01:05:06.547000,2026-09-04 14:51:49.912,1,,,,False,True,FP2,56.3,33.5,32.6
0 days 01:07:59.548000,NOR,1,0 days 00:01:26.311000,18.0,3.0,,,0 days 00:00:27.924000,0 days 00:00:29.421000,0 days 00:00:28.966000,0 days 01:07:01.161000,0 days 01:07:30.582000,0 days 01:07:59.548000,293.0,305.0,288.0,312.0,False,HARD,12.0,False,McLaren,0 days 01:06:33.237000,2026-09-04 14:53:16.602,1,,,,False,True,FP2,56.3,33.5,32.6
0 days 01:09:29.035000,NOR,1,0 days 00:01:29.487000,19.0,3.0,,,0 days 00:00:30.543000,0 days 00:00:30.132000,0 days 00:00:28.812000,0 days 01:08:30.091000,0 days 01:09:00.223000,0 days 01:09:29.035000,258.0,306.0,288.0,301.0,False,HARD,13.0,False,McLaren,0 days 01:07:59.548000,2026-09-04 14:54:42.913,1,,,,False,True,FP2,56.6,33.5,32.8
0 days 01:10:55.922000,NOR,1,0 days 00:01:26.887000,20.0,3.0,,,0 days 00:00:28.719000,0 days 00:00:29.367000,0 days 00:00:28.801000,0 days 01:09:57.754000,0 days 01:10:27.121000,0 days 01:10:55.922000,286.0,303.0,289.0,302.0,False,HARD,14.0,False,McLaren,0 days 01:09:29.035000,2026-09-04 14:56:12.400,1,,,,False,True,FP2,56.6,33.5,32.8
0 days 01:12:26.955000,NOR,1,0 days 00:01:31.033000,21.0,3.0,,0 days 01:12:23.227000,0 days 00:00:28.619000,0 days 00:00:29.437000,0 days 00:00:32.977000,0 days 01:11:24.541000,0 days 01:11:53.978000,0 days 01:12:26.955000,286.0,304.0,,302.0,False,HARD,15.0,False,McLaren,0 days 01:10:55.922000,2026-09-04 14:57:39.287,1,,,,False,False,FP2,56.6,33.5,32.8
0 days 01:14:13.906000,NOR,1,0 days 00:01:46.951000,22.0,4.0,0 days 01:12:47.350000,,0 days 00:00:48.330000,0 days 00:00:29.687000,0 days 00:00:28.934000,0 days 01:13:15.285000,0 days 01:13:44.972000,0 days 01:14:13.906000,280.0,305.0,281.0,272.0,False,SOFT,7.0,False,McLaren,0 days 01:12:26.955000,2026-09-04 14:59:10.320,1,,,,False,False,FP2,56.6,33.5,32.8
0 days 01:16:00.943000,NOR,1,0 days 00:01:47.037000,23.0,4.0,,,0 days 00:00:28.626000,0 days 00:00:36.350000,0 days 00:00:42.061000,0 days 01:14:42.532000,0 days 01:15:18.882000,0 days 01:16:00.943000,284.0,184.0,84.0,302.0,False,SOFT,8.0,False,McLaren,0 days 01:14:13.906000,2026-09-04 15:00:57.271,1,,,,False,True,FP2,56.6,33.5,32.8
0 days 01:18:43.252000,NOR,1,,24.0,4.0,,,0 days 00:01:20.886000,0 days 00:00:41.048000,0 days 00:00:40.316000,0 days 01:17:21.968000,0 days 01:18:02.991000,0 days 01:18:43.273000,292.0,199.0,131.0,295.0,False,SOFT,9.0,False,McLaren,0 days 01:16:00.943000,2026-09-04 15:02:44.308,1,,,,False,False,FP2,56.6,33.5,32.8
0 days 01:21:09.779000,NOR,1,0 days 00:02:26.527000,25.0,4.0,,0 days 01:21:05.802000,0 days 00:01:16.255000,0 days 00:00:32.375000,0 days 00:00:37.897000,0 days 01:19:59.507000,0 days 01:20:31.882000,0 days 01:21:09.779000,311.0,245.0,,273.0,False,SOFT,10.0,False,McLaren,0 days 01:18:43.252000,2026-09-04 15:05:26.617,1,,,,False,False,FP2,56.6,33.5,32.8
0 days 00:16:09.168000,VER,3,,1.0,1.0,0 days 00:14:19.921000,,,0 days 00:00:35.833000,0 days 00:00:33.362000,,0 days 00:15:36.145000,0 days 00:16:09.412000,249.0,231.0,291.0,155.0,False,MEDIUM,1.0,True,Red Bull Racing,0 days 00:14:19.921000,2026-09-04 14:01:03.286,1,,,,False,False,FP2,56.6,33.5,32.8
0 days 00:17:33.887000,VER,3,0 days 00:01:24.719000,2.0,1.0,,,0 days 00:00:27.585000,0 days 00:00:28.810000,0 days 00:00:28.324000,0 days 00:16:36.753000,0 days 00:17:05.563000,0 days 00:17:33.887000,300.0,314.0,285.0,325.0,True,MEDIUM,2.0,True,Red Bull Racing,0 days 00:16:09.168000,2026-09-04 14:02:52.533,1,,,,False,True,FP2,56.6,33.5,32.8
0 days 00:19:56.434000,VER,3,0 days 00:02:22.547000,3.0,1.0,,,0 days 00:00:47.386000,0 days 00:00:52.080000,0 days 00:00:43.081000,0 days 00:18:21.273000,0 days 00:19:13.353000,0 days 00:19:56.434000,134.0,115.0,276.0,165.0,False,MEDIUM,3.0,True,Red Bull Racing,0 days 00:17:33.887000,2026-09-04 14:04:17.252,1,,,,False,True,FP2,56.6,33.5,32.8
0 days 00:21:21.664000,VER,3,0 days 00:01:25.230000,4.0,1.0,,,0 days 00:00:28.107000,0 days 00:00:28.671000,0 days 00:00:28.452000,0 days 00:20:24.541000,0 days 00:20:53.212000,0 days 00:21:21.664000,293.0,309.0,282.0,310.0,False,MEDIUM,4.0,True,Red Bull Racing,0 days 00:19:56.434000,2026-09-04 14:06:39.799,1,,,,False,True,FP2,56.6,33.5,32.8
0 days 00:23:21.567000,VER,3,0 days 00:01:59.903000,5.0,1.0,,0 days 00:23:17.905000,0 days 00:00:41.765000,0 days 00:00:39.816000,0 days 00:00:38.322000,0 days 00:22:03.429000,0 days 00:22:43.245000,0 days 00:23:21.567000,216.0,153.0,,151.0,False,MEDIUM,5.0,True,Red Bull Racing,0 days 00:21:21.664000,2026-09-04 14:08:05.029,1,,,,False,False,FP2,56.6,33.5,32.8
0 days 00:25:43.050000,VER,3,0 days 00:02:21.483000,6.0,2.0,0 days 00:23:58.579000,,0 days 00:01:08.962000,0 days 00:00:36,0 days 00:00:36.521000,0 days 00:24:30.529000,0 days 00:25:06.529000,0 days 00:25:43.050000,208.0,265.0,292.0,231.0,False,MEDIUM,6.0,False,Red Bull Racing,0 days 00:23:21.567000,2026-09-04 14:10:04.932,1,,,,False,False,FP2,56.6,33.5,32.8
0 days 00:27:07,VER,3,0 days 00:01:23.950000,7.0,2.0,,,0 days 00:00:27.531000,0 days 00:00:28.532000,0 days 00:00:27.887000,0 days 00:26:10.581000,0 days 00:26:39.113000,0 days 00:27:07,295.0,315.0,285.0,327.0,True,MEDIUM,7.0,False,Red Bull Racing,0 days 00:25:43.050000,2026-09-04 14:12:26.415,1,,,,False,True,FP2,56.3,33.4,33.0
0 days 00:29:13.738000,VER,3,0 days 00:02:06.738000,8.0,2.0,,,0 days 00:00:42.605000,0 days 00:00:39.621000,0 days 00:00:44.512000,0 days 00:27:49.605000,0 days 00:28:29.226000,0 days 00:29:13.738000,229.0,167.0,239.0,161.0,False,MEDIUM,8.0,False,Red Bull Racing,0 days 00:27:07,2026-09-04 14:13:50.365,1,,,,False,True,FP2,56.3,33.4,33.0
0 days 00:31:15.411000,VER,3,0 days 00:02:01.673000,9.0,2.0,,,0 days 00:00:35.288000,0 days 00:00:45.682000,0 days 00:00:40.703000,0 days 00:29:49.026000,0 days 00:30:34.708000,0 days 00:31:15.411000,260.0,148.0,290.0,233.0,False,MEDIUM,9.0,False,Red Bull Racing,0 days 00:29:13.738000,2026-09-04 14:15:57.103,1,,,,False,True,FP2,56.3,33.4,33.0
0 days 00:32:39.160000,VER,3,0 days 00:01:23.749000,10.0,2.0,,,0 days 00:00:27.474000,0 days 00:00:28.448000,0 days 00:00:27.827000,0 days 00:31:42.885000,0 days 00:32:11.333000,0 days 00:32:39.160000,298.0,315.0,288.0,322.0,True,MEDIUM,10.0,False,Red Bull Racing,0 days 00:31:15.411000,2026-09-04 14:17:58.776,1,,,,False,True,FP2,56.3,33.4,33.0
0 days 00:34:18.712000,VER,3,0 days 00:01:39.552000,11.0,2.0,,0 days 00:34:15.105000,0 days 00:00:32.253000,0 days 00:00:31.600000,0 days 00:00:35.699000,0 days 00:33:11.413000,0 days 00:33:43.013000,0 days 00:34:18.712000,272.0,295.0,,239.0,False,MEDIUM,11.0,False,Red Bull Racing,0 days 00:32:39.160000,2026-09-04 14:19:22.525,1,,,,False,False,FP2,56.3,33.4,33.0
0 days 00:43:56.346000,VER,3,,12.0,3.0,0 days 00:42:15.228000,,,0 days 00:00:31.693000,0 days 00:00:36.084000,,0 days 00:43:21.095000,0 days 00:43:56.486000,267.0,279.0,293.0,234.0,False,SOFT,1.0,True,Red Bull Racing,0 days 00:34:18.712000,2026-09-04 14:21:02.077,1,,,,False,False,FP2,56.3,33.4,33.0
0 days 00:45:19.833000,VER,3,0 days 00:01:23.487000,13.0,3.0,,,0 days 00:00:27.371000,0 days 00:00:28.489000,0 days 00:00:27.627000,0 days 00:44:23.717000,0 days 00:44:52.206000,0 days 00:45:19.833000,301.0,314.0,291.0,325.0,True,SOFT,2.0,True,Red Bull Racing,0 days 00:43:56.346000,2026-09-04 14:30:39.711,1,,,,False,True,FP2,56.3,33.4,33.0
0 days 00:47:21.591000,VER,3,0 days 00:02:01.758000,14.0,3.0,,,0 days 00:00:44.139000,0 days 00:00:41.652000,0 days 00:00:35.967000,0 days 00:46:03.972000,0 days 00:46:45.624000,0 days 00:47:21.591000,173.0,144.0,293.0,159.0,False,SOFT,3.0,True,Red Bull Racing,0 days 00:45:19.833000,2026-09-04 14:32:03.198,1,,,,False,True,FP2,56.3,33.4,33.0
0 days 00:48:44.968000,VER,3,0 days 00:01:23.377000,15.0,3.0,,,0 days 00:00:27.492000,0 days 00:00:28.245000,0 days 00:00:27.640000,0 days 00:47:49.083000,0 days 00:48:17.328000,0 days 00:48:44.968000,297.0,311.0,286.0,318.0,True,SOFT,4.0,True,Red Bull Racing,0 days 00:47:21.591000,2026-09-04 14:34:04.956,1,,,,False,True,FP2,56.3,33.4,33.0
0 days 00:50:24.681000,VER,3,0 days 00:01:39.713000,16.0,3.0,,0 days 00:50:20.909000,0 days 00:00:33.481000,0 days 00:00:31.469000,0 days 00:00:34.763000,0 days 00:49:18.449000,0 days 00:49:49.918000,0 days 00:50:24.681000,276.0,295.0,,224.0,False,SOFT,5.0,True,Red Bull Racing,0 days 00:48:44.968000,2026-09-04 14:35:28.333,1,,,,False,False,FP2,56.3,33.4,33.0
0 days 00:58:29.906000,VER,3,,17.0,4.0,0 days 00:56:36.046000,,,0 days 00:00:30.059000,0 days 00:00:28.753000,,0 days 00:58:01.297000,0 days 00:58:29.928000,287.0,302.0,302.0,258.0,False,MEDIUM,12.0,False,Red Bull Racing,0 days 00:50:24.681000,2026-09-04 14:37:08.046,1,,,,False,False,FP2,56.3,33.4,33.0
0 days 00:59:56.547000,VER,3,0 days 00:01:26.641000,18.0,4.0,,,0 days 00:00:28.546000,0 days 00:00:29.732000,0 days 00:00:28.363000,0 days 00:58:58.452000,0 days 00:59:28.184000,0 days 00:59:56.547000,287.0,306.0,311.0,308.0,False,MEDIUM,13.0,False,Red Bull Racing,0 days 00:58:29.906000,2026-09-04 14:45:13.271,1,,,,False,True,FP2,56.3,33.4,33.0
0 days 01:01:22.997000,VER,3,0 days 00:01:26.450000,19.0,4.0,,,0 days 00:00:28.498000,0 days 00:00:29.721000,0 days 00:00:28.231000,0 days 01:00:25.045000,0 days 01:00:54.766000,0 days 01:01:22.997000,288.0,307.0,304.0,313.0,False,MEDIUM,14.0,False,Red Bull Racing,0 days 00:59:56.547000,2026-09-04 14:46:39.912,1,,,,False,True,FP2,56.3,33.4,33.0
0 days 01:02:49.602000,VER,3,0 days 00:01:26.605000,20.0,4.0,,,0 days 00:00:28.437000,0 days 00:00:29.881000,0 days 00:00:28.287000,0 days 01:01:51.434000,0 days 01:02:21.315000,0 days 01:02:49.602000,290.0,321.0,315.0,316.0,False,MEDIUM,15.0,False,Red Bull Racing,0 days 01:01:22.997000,2026-09-04 14:48:06.362,1,,,,False,True,FP2,56.3,33.4,33.0
0 days 01:04:16.343000,VER,3,0 days 00:01:26.741000,21.0,4.0,,,0 days 00:00:28.248000,0 days 00:00:30.010000,0 days 00:00:28.483000,0 days 01:03:17.850000,0 days 01:03:47.860000,0 days 01:04:16.343000,295.0,317.0,320.0,314.0,False,MEDIUM,16.0,False,Red Bull Racing,0 days 01:02:49.602000,2026-09-04 14:49:32.967,1,,,,False,True,FP2,56.2,33.4,32.2
0 days 01:05:42.517000,VER,3,0 days 00:01:26.174000,22.0,4.0,,,0 days 00:00:28.256000,0 days 00:00:29.584000,0 days 00:00:28.334000,0 days 01:04:44.599000,0 days 01:05:14.183000,0 days 01:05:42.517000,286.0,291.0,313.0,313.0,False,MEDIUM,17.0,False,Red Bull Racing,0 days 01:04:16.343000,2026-09-04 14:50:59.708,1,,,,False,True,FP2,56.2,33.4,32.2
0 days 01:07:13.510000,VER,3,0 days 00:01:30.993000,23.0,4.0,,0 days 01:07:09.766000,0 days 00:00:28.441000,0 days 00:00:29.738000,0 days 00:00:32.814000,0 days 01:06:10.958000,0 days 01:06:40.696000,0 days 01:07:13.510000,284.0,304.0,,314.0,False,MEDIUM,18.0,False,Red Bull Racing,0 days 01:05:42.517000,2026-09-04 14:52:25.882,1,,,,False,False,FP2,56.2,33.4,32.2
0 days 01:09:06.987000,VER,3,0 days 00:01:53.477000,24.0,5.0,0 days 01:07:40.392000,,0 days 00:00:55.166000,0 days 00:00:29.829000,0 days 00:00:28.482000,0 days 01:08:08.676000,0 days 01:08:38.505000,0 days 01:09:06.987000,284.0,307.0,306.0,252.0,False,MEDIUM,19.0,False,Red Bull Racing,0 days 01:07:13.510000,2026-09-04 14:53:56.875,1,,,,False,False,FP2,56.2,33.4,32.2
0 days 01:10:33.473000,VER,3,0 days 00:01:26.486000,25.0,5.0,,,0 days 00:00:28.601000,0 days 00:00:29.615000,0 days 00:00:28.270000,0 days 01:09:35.588000,0 days 01:10:05.203000,0 days 01:10:33.473000,287.0,310.0,307.0,316.0,False,MEDIUM,20.0,False,Red Bull Racing,0 days 01:09:06.987000,2026-09-04 14:55:50.352,1,,,,False,True,FP2,56.2,33.4,32.2
0 days 01:11:59.547000,VER,3,0 days 00:01:26.074000,26.0,5.0,,,0 days 00:00:28.333000,0 days 00:00:29.455000,0 days 00:00:28.286000,0 days 01:11:01.806000,0 days 01:11:31.261000,0 days 01:11:59.547000,290.0,316.0,320.0,322.0,False,MEDIUM,21.0,False,Red Bull Racing,0 days 01:10:33.473000,2026-09-04 14:57:16.838,1,,,,False,True,FP2,56.2,33.4,32.2
0 days 01:13:25.388000,VER,3,0 days 00:01:25.841000,27.0,5.0,,,0 days 00:00:28.375000,0 days 00:00:29.398000,0 days 00:00:28.068000,0 days 01:12:27.922000,0 days 01:12:57.320000,0 days 01:13:25.388000,288.0,307.0,305.0,309.0,False,MEDIUM,22.0,False,Red Bull Racing,0 days 01:11:59.547000,2026-09-04 14:58:42.912,1,,,,False,True,FP2,56.2,33.4,32.2
0 days 01:15:40.079000,VER,3,0 days 00:02:14.691000,28.0,5.0,,,0 days 00:00:41.367000,0 days 00:00:45.647000,0 days 00:00:47.677000,0 days 01:14:06.755000,0 days 01:14:52.402000,0 days 01:15:40.079000,188.0,160.0,94.0,159.0,False,MEDIUM,23.0,False,Red Bull Racing,0 days 01:13:25.388000,2026-09-04 15:00:08.753,1,,,,False,True,FP2,56.2,33.4,32.2
0 days 01:18:18.429000,VER,3,,29.0,5.0,,,0 days 00:01:18.949000,0 days 00:00:37.575000,0 days 00:00:41.760000,0 days 01:17:00.496000,0 days 01:17:36.872000,0 days 01:18:18.429000,217.0,236.0,93.0,283.0,False,MEDIUM,24.0,False,Red Bull Racing,0 days 01:15:40.079000,2026-09-04 15:02:23.444,1,,,,False,False,FP2,56.2,33.4,32.2
0 days 01:20:53.872000,VER,3,,30.0,5.0,,0 days 01:20:50.317000,0 days 00:01:26.056000,0 days 00:00:32.587000,0 days 00:00:36.803000,0 days 01:19:44.695000,0 days 01:20:17.226000,0 days 01:20:53.872000,275.0,288.0,,159.0,False,MEDIUM,25.0,False,Red Bull Racing,0 days 01:18:18.429000,2026-09-04 15:05:01.794,1,,,,False,False,FP2,56.2,33.4,32.2
0 days 00:15:45.234000,BOR,5,,1.0,1.0,0 days 00:13:20.365000,,,0 days 00:00:38.842000,0 days 00:00:36.629000,,0 days 00:15:08.912000,0 days 00:15:45.448000,176.0,242.0,293.0,88.0,False,HARD,1.0,True,Audi,0 days 00:13:20.365000,2026-09-04 14:00:03.730,1,,,,False,False,FP2,56.2,33.4,32.2
0 days 00:17:09.900000,BOR,5,0 days 00:01:24.666000,2.0,1.0,,,0 days 00:00:27.476000,0 days 00:00:28.752000,0 days 00:00:28.438000,0 days 00:16:12.710000,0 days 00:16:41.462000,0 days 00:17:09.900000,302.0,321.0,280.0,324.0,True,HARD,2.0,True,Audi,0 days 00:15:45.234000,2026-09-04 14:02:28.599,1,,,,False,True,FP2,55.8,33.5,32.1
0 days 00:19:36.047000,BOR,5,0 days 00:02:26.147000,3.0,1.0,,,0 days 00:00:51.145000,0 days 00:00:55.443000,0 days 00:00:39.559000,0 days 00:18:01.045000,0 days 00:18:56.488000,0 days 00:19:36.047000,118.0,177.0,292.0,143.0,False,HARD,3.0,True,Audi,0 days 00:17:09.900000,2026-09-04 14:03:53.265,1,,,,False,True,FP2,55.8,33.5,32.1
0 days 00:21:00.633000,BOR,5,0 days 00:01:24.586000,4.0,1.0,,,0 days 00:00:27.716000,0 days 00:00:28.786000,0 days 00:00:28.084000,0 days 00:20:03.763000,0 days 00:20:32.549000,0 days 00:21:00.633000,296.0,310.0,282.0,316.0,True,HARD,4.0,True,Audi,0 days 00:19:36.047000,2026-09-04 14:06:19.412,1,,,,False,True,FP2,56.0,33.5,31.7
0 days 00:23:20.274000,BOR,5,0 days 00:02:19.641000,5.0,1.0,,0 days 00:23:16.549000,0 days 00:00:55.405000,0 days 00:00:40.381000,0 days 00:00:43.855000,0 days 00:21:56.038000,0 days 00:22:36.419000,0 days 00:23:20.274000,177.0,227.0,,140.0,False,HARD,5.0,True,Audi,0 days 00:21:00.633000,2026-09-04 14:07:43.998,1,,,,False,False,FP2,56.0,33.5,31.7
0 days 00:25:40.684000,BOR,5,0 days 00:02:20.410000,6.0,2.0,0 days 00:23:35.513000,,0 days 00:00:49.520000,0 days 00:00:43.561000,0 days 00:00:47.329000,0 days 00:24:09.794000,0 days 00:24:53.355000,0 days 00:25:40.684000,260.0,138.0,291.0,172.0,False,HARD,6.0,False,Audi,0 days 00:23:20.274000,2026-09-04 14:10:03.639,1,,,,False,False,FP2,56.0,33.5,31.7
0 days 00:27:04.795000,BOR,5,0 days 00:01:24.111000,7.0,2.0,,,0 days 00:00:27.646000,0 days 00:00:28.565000,0 days 00:00:27.900000,0 days 00:26:08.330000,0 days 00:26:36.895000,0 days 00:27:04.795000,293.0,310.0,283.0,317.0,True,HARD,7.0,False,Audi,0 days 00:25:40.684000,2026-09-04 14:12:24.049,1,,,,False,True,FP2,56.0,33.5,31.7
0 days 00:29:20.352000,BOR,5,0 days 00:02:15.557000,8.0,2.0,,0 days 00:29:16.569000,0 days 00:00:43.705000,0 days 00:00:42.051000,0 days 00:00:49.801000,0 days 00:27:48.500000,0 days 00:28:30.551000,0 days 00:29:20.352000,188.0,136.0,,178.0,False,HARD,8.0,False,Audi,0 days 00:27:04.795000,2026-09-04 14:13:48.160,1,,,,False,False,FP2,56.0,33.5,31.7
0 days 00:31:18.390000,BOR,5,0 days 00:01:58.038000,9.0,3.0,0 days 00:29:35.624000,,0 days 00:00:45.764000,0 days 00:00:33.478000,0 days 00:00:38.796000,0 days 00:30:06.116000,0 days 00:30:39.594000,0 days 00:31:18.390000,258.0,262.0,291.0,251.0,False,HARD,9.0,False,Audi,0 days 00:29:20.352000,2026-09-04 14:16:03.717,1,,,,False,False,FP2,56.0,33.5,31.7
0 days 00:32:42.166000,BOR,5,0 days 00:01:23.776000,10.0,3.0,,,0 days 00:00:27.587000,0 days 00:00:28.404000,0 days 00:00:27.785000,0 days 00:31:45.977000,0 days 00:32:14.381000,0 days 00:32:42.166000,296.0,313.0,284.0,316.0,True,HARD,10.0,False,Audi,0 days 00:31:18.390000,2026-09-04 14:18:01.755,1,,,,False,True,FP2,56.0,33.5,31.7
0 days 00:34:34.675000,BOR,5,0 days 00:01:52.509000,11.0,3.0,,0 days 00:34:30.903000,0 days 00:00:34.529000,0 days 00:00:38.285000,0 days 00:00:39.695000,0 days 00:33:16.695000,0 days 00:33:54.980000,0 days 00:34:34.675000,230.0,248.0,,187.0,False,HARD,11.0,False,Audi,0 days 00:32:42.166000,2026-09-04 14:19:25.531,1,,,,False,False,FP2,56.0,33.5,31.7
0 days 00:43:53.700000,BOR,5,,12.0,4.0,0 days 00:42:09.869000,,,0 days 00:00:32.090000,0 days 00:00:34.866000,,0 days 00:43:19.033000,0 days 00:43:53.755000,262.0,272.0,296.0,156.0,False,SOFT,1.0,True,Audi,0 days 00:34:34.675000,2026-09-04 14:21:18.040,1,,,,False,False,FP2,56.0,33.5,31.7
0 days 00:45:52.921000,BOR,5,0 days 00:01:59.221000,13.0,4.0,,,0 days 00:00:27.447000,0 days 00:00:49.582000,0 days 00:00:42.192000,0 days 00:44:21.147000,0 days 00:45:10.729000,0 days 00:45:52.921000,298.0,167.0,293.0,318.0,False,SOFT,2.0,True,Audi,0 days 00:43:53.700000,2026-09-04 14:30:37.065,1,,,,False,True,FP2,56.0,33.5,31.7
0 days 00:47:16.980000,BOR,5,0 days 00:01:24.059000,14.0,4.0,,,0 days 00:00:27.610000,0 days 00:00:28.464000,0 days 00:00:27.985000,0 days 00:46:20.531000,0 days 00:46:48.995000,0 days 00:47:16.980000,297.0,312.0,281.0,317.0,False,SOFT,3.0,True,Audi,0 days 00:45:52.921000,2026-09-04 14:32:36.286,1,,,,False,True,FP2,56.0,33.5,31.7
0 days 00:49:41.891000,BOR,5,0 days 00:02:24.911000,15.0,4.0,,0 days 00:49:38.016000,0 days 00:00:45.093000,0 days 00:00:46.755000,0 days 00:00:53.063000,0 days 00:48:02.073000,0 days 00:48:48.828000,0 days 00:49:41.891000,143.0,176.0,,160.0,False,SOFT,4.0,True,Audi,0 days 00:47:16.980000,2026-09-04 14:34:00.345,1,,,,False,False,FP2,56.0,33.5,31.7
0 days 00:51:59.042000,BOR,5,0 days 00:02:17.151000,16.0,5.0,0 days 00:49:57.067000,,0 days 00:00:53.123000,0 days 00:00:47.412000,0 days 00:00:36.616000,0 days 00:50:35.014000,0 days 00:51:22.426000,0 days 00:51:59.042000,183.0,234.0,290.0,173.0,False,SOFT,5.0,False,Audi,0 days 00:49:41.891000,2026-09-04 14:36:25.256,1,,,,False,False,FP2,56.0,33.5,31.7
0 days 00:53:28.255000,BOR,5,0 days 00:01:29.213000,17.0,5.0,,0 days 00:53:24.370000,0 days 00:00:27.728000,0 days 00:00:28.531000,0 days 00:00:32.954000,0 days 00:52:26.770000,0 days 00:52:55.301000,0 days 00:53:28.255000,292.0,308.0,,309.0,False,SOFT,6.0,False,Audi,0 days 00:51:59.042000,2026-09-04 14:38:42.407,1,,,,False,False,FP2,56.0,33.5,31.7
0 days 01:00:01.442000,BOR,5,,18.0,6.0,0 days 00:58:30.053000,,,0 days 00:00:30.032000,0 days 00:00:28.828000,,0 days 00:59:32.901000,0 days 01:00:01.511000,289.0,305.0,296.0,193.0,False,HARD,12.0,False,Audi,0 days 00:53:28.255000,2026-09-04 14:40:11.620,1,,,,False,False,FP2,56.0,33.5,31.7
0 days 01:01:28.850000,BOR,5,0 days 00:01:27.408000,19.0,6.0,,,0 days 00:00:28.664000,0 days 00:00:29.915000,0 days 00:00:28.829000,0 days 01:00:30.106000,0 days 01:01:00.021000,0 days 01:01:28.850000,287.0,304.0,302.0,309.0,False,HARD,13.0,False,Audi,0 days 01:00:01.442000,2026-09-04 14:46:44.807,1,,,,False,True,FP2,56.2,33.5,31.9
0 days 01:02:55.923000,BOR,5,0 days 00:01:27.073000,20.0,6.0,,,0 days 00:00:28.584000,0 days 00:00:29.660000,0 days 00:00:28.829000,0 days 01:01:57.434000,0 days 01:02:27.094000,0 days 01:02:55.923000,286.0,305.0,299.0,313.0,False,HARD,14.0,False,Audi,0 days 01:01:28.850000,2026-09-04 14:48:12.215,1,,,,False,True,FP2,56.2,33.5,31.9
0 days 01:04:24.022000,BOR,5,0 days 00:01:28.099000,21.0,6.0,,,0 days 00:00:28.718000,0 days 00:00:30.251000,0 days 00:00:29.130000,0 days 01:03:24.641000,0 days 01:03:54.892000,0 days 01:04:24.022000,285.0,303.0,298.0,311.0,False,HARD,15.0,False,Audi,0 days 01:02:55.923000,2026-09-04 14:49:39.288,1,,,,False,True,FP2,56.2,33.5,31.9
0 days 01:06:10.065000,BOR,5,0 days 00:01:46.043000,22.0,6.0,,0 days 01:06:06.187000,0 days 00:00:29.115000,0 days 00:00:30.751000,0 days 00:00:46.177000,0 days 01:04:53.137000,0 days 01:05:23.888000,0 days 01:06:10.065000,272.0,289.0,,297.0,False,HARD,16.0,False,Audi,0 days 01:04:24.022000,2026-09-04 14:51:07.387,1,,,,False,False,FP2,56.2,33.5,31.9
0 days 00:22:25.419000,GAS,10,,1.0,1.0,0 days 00:20:43.271000,,,0 days 00:00:34.147000,0 days 00:00:32.262000,,0 days 00:21:53.466000,0 days 00:22:25.580000,310.0,256.0,300.0,151.0,False,HARD,1.0,True,Alpine,0 days 00:20:43.271000,2026-09-04 14:07:26.636,1,,,,False,False,FP2,56.2,33.5,31.9
0 days 00:23:51.014000,GAS,10,0 days 00:01:25.595000,2.0,1.0,,,0 days 00:00:27.285000,0 days 00:00:29.075000,0 days 00:00:29.235000,0 days 00:22:52.704000,0 days 00:23:21.779000,0 days 00:23:51.014000,294.0,319.0,273.0,329.0,True,HARD,2.0,True,Alpine,0 days 00:22:25.419000,2026-09-04 14:09:08.784,1,,,,False,True,FP2,56.2,33.5,31.9
0 days 00:25:56.601000,GAS,10,0 days 00:02:05.587000,3.0,1.0,,,0 days 00:00:44.851000,0 days 00:00:43.686000,0 days 00:00:37.050000,0 days 00:24:35.865000,0 days 00:25:19.551000,0 days 00:25:56.601000,185.0,215.0,297.0,197.0,False,HARD,3.0,True,Alpine,0 days 00:23:51.014000,2026-09-04 14:10:34.379,1,,,,False,True,FP2,56.2,33.5,31.9
0 days 00:27:21.172000,GAS,10,0 days 00:01:24.571000,4.0,1.0,,,0 days 00:00:27.213000,0 days 00:00:28.770000,0 days 00:00:28.588000,0 days 00:26:23.814000,0 days 00:26:52.584000,0 days 00:27:21.172000,295.0,319.0,280.0,330.0,True,HARD,4.0,True,Alpine,0 days 00:25:56.601000,2026-09-04 14:12:39.966,1,,,,False,True,FP2,56.2,33.5,31.9
0 days 00:29:24.643000,GAS,10,0 days 00:02:03.471000,5.0,1.0,,,0 days 00:00:39.923000,0 days 00:00:46.284000,0 days 00:00:37.264000,0 days 00:28:01.095000,0 days 00:28:47.379000,0 days 00:29:24.643000,178.0,191.0,297.0,269.0,False,HARD,5.0,True,Alpine,0 days 00:27:21.172000,2026-09-04 14:14:04.537,1,,,,False,True,FP2,56.2,33.5,31.9
0 days 00:30:48.955000,GAS,10,0 days 00:01:24.312000,6.0,1.0,,,0 days 00:00:27.295000,0 days 00:00:28.625000,0 days 00:00:28.392000,0 days 00:29:51.938000,0 days 00:30:20.563000,0 days 00:30:48.955000,294.0,317.0,274.0,328.0,True,HARD,6.0,True,Alpine,0 days 00:29:24.643000,2026-09-04 14:16:08.008,1,,,,False,True,FP2,56.1,33.5,32.0
0 days 00:32:53.896000,GAS,10,0 days 00:02:04.941000,7.0,1.0,,,0 days 00:00:42.753000,0 days 00:00:46.526000,0 days 00:00:35.662000,0 days 00:31:31.708000,0 days 00:32:18.234000,0 days 00:32:53.896000,155.0,243.0,296.0,240.0,False,HARD,7.0,True,Alpine,0 days 00:30:48.955000,2026-09-04 14:17:32.320,1,,,,False,True,FP2,56.1,33.5,32.0
0 days 00:34:18.246000,GAS,10,0 days 00:01:24.350000,8.0,1.0,,,0 days 00:00:27.269000,0 days 00:00:28.543000,0 days 00:00:28.538000,0 days 00:33:21.165000,0 days 00:33:49.708000,0 days 00:34:18.246000,294.0,316.0,275.0,325.0,False,HARD,8.0,True,Alpine,0 days 00:32:53.896000,2026-09-04 14:19:37.261,1,,,,False,True,FP2,56.1,33.5,32.0
0 days 00:36:16.581000,GAS,10,0 days 00:01:58.335000,9.0,1.0,,0 days 00:36:12.848000,0 days 00:00:35.292000,0 days 00:00:39.515000,0 days 00:00:43.528000,0 days 00:34:53.538000,0 days 00:35:33.053000,0 days 00:36:16.581000,232.0,211.0,,207.0,False,HARD,9.0,True,Alpine,0 days 00:34:18.246000,2026-09-04 14:21:01.611,1,,,,False,False,FP2,56.1,33.5,32.0
0 days 00:44:32.517000,GAS,10,,10.0,2.0,0 days 00:42:47.709000,,,0 days 00:00:35.294000,0 days 00:00:31.799000,,0 days 00:44:01.055000,0 days 00:44:32.643000,254.0,264.0,302.0,142.0,False,SOFT,1.0,True,Alpine,0 days 00:36:16.581000,2026-09-04 14:22:59.946,1,,,,False,False,FP2,56.1,33.5,32.0
0 days 00:45:56.320000,GAS,10,0 days 00:01:23.803000,11.0,2.0,,,0 days 00:00:27.039000,0 days 00:00:28.392000,0 days 00:00:28.372000,0 days 00:44:59.556000,0 days 00:45:27.948000,0 days 00:45:56.320000,297.0,316.0,281.0,329.0,True,SOFT,2.0,True,Alpine,0 days 00:44:32.517000,2026-09-04 14:31:15.882,1,,,,False,True,FP2,56.1,33.5,32.0
0 days 00:48:11.995000,GAS,10,0 days 00:02:15.675000,12.0,2.0,,,0 days 00:00:51.653000,0 days 00:00:44.368000,0 days 00:00:39.654000,0 days 00:46:47.973000,0 days 00:47:32.341000,0 days 00:48:11.995000,122.0,213.0,204.0,268.0,False,SOFT,3.0,True,Alpine,0 days 00:45:56.320000,2026-09-04 14:32:39.685,1,,,,False,True,FP2,56.1,33.5,32.0
0 days 00:50:09.734000,GAS,10,0 days 00:01:57.739000,13.0,2.0,,,0 days 00:00:40.818000,0 days 00:00:43.903000,0 days 00:00:33.018000,0 days 00:48:52.813000,0 days 00:49:36.716000,0 days 00:50:09.734000,211.0,263.0,296.0,216.0,False,SOFT,4.0,True,Alpine,0 days 00:48:11.995000,2026-09-04 14:34:55.360,1,,,,False,True,FP2,56.1,33.5,32.0
0 days 00:51:33.507000,GAS,10,0 days 00:01:23.773000,14.0,2.0,,,0 days 00:00:27.150000,0 days 00:00:28.282000,0 days 00:00:28.341000,0 days 00:50:36.884000,0 days 00:51:05.166000,0 days 00:51:33.507000,293.0,315.0,278.0,328.0,True,SOFT,5.0,True,Alpine,0 days 00:50:09.734000,2026-09-04 14:36:53.099,1,,,,False,True,FP2,56.1,33.5,32.0
0 days 00:53:26.209000,GAS,10,0 days 00:01:52.702000,15.0,2.0,,0 days 00:53:22.573000,0 days 00:00:34.119000,0 days 00:00:38.417000,0 days 00:00:40.166000,0 days 00:52:07.626000,0 days 00:52:46.043000,0 days 00:53:26.209000,186.0,247.0,,262.0,False,SOFT,6.0,True,Alpine,0 days 00:51:33.507000,2026-09-04 14:38:16.872,1,,,,False,False,FP2,56.1,33.5,32.0
0 days 01:02:32.054000,GAS,10,,16.0,3.0,0 days 01:00:38.462000,,,0 days 00:00:30.214000,0 days 00:00:28.937000,,0 days 01:02:03.356000,0 days 01:02:32.087000,294.0,310.0,300.0,255.0,False,HARD,10.0,False,Alpine,0 days 00:53:26.209000,2026-09-04 14:40:09.574,1,,,,False,False,FP2,56.1,33.5,32.0
0 days 01:03:59.393000,GAS,10,0 days 00:01:27.339000,17.0,3.0,,,0 days 00:00:28.448000,0 days 00:00:29.544000,0 days 00:00:29.347000,0 days 01:03:00.502000,0 days 01:03:30.046000,0 days 01:03:59.393000,292.0,307.0,278.0,296.0,False,HARD,11.0,False,Alpine,0 days 01:02:32.054000,2026-09-04 14:49:15.419,1,,,,False,True,FP2,55.6,33.4,32.1
0 days 01:05:26.420000,GAS,10,0 days 00:01:27.027000,18.0,3.0,,,0 days 00:00:28.728000,0 days 00:00:29.416000,0 days 00:00:28.883000,0 days 01:04:28.121000,0 days 01:04:57.537000,0 days 01:05:26.420000,293.0,313.0,286.0,302.0,False,HARD,12.0,False,Alpine,0 days 01:03:59.393000,2026-09-04 14:50:42.758,1,,,,False,True,FP2,55.6,33.4,32.1
0 days 01:06:54.056000,GAS,10,0 days 00:01:27.636000,19.0,3.0,,,0 days 00:00:28.426000,0 days 00:00:29.911000,0 days 00:00:29.299000,0 days 01:05:54.846000,0 days 01:06:24.757000,0 days 01:06:54.056000,295.0,316.0,285.0,308.0,False,HARD,13.0,False,Alpine,0 days 01:05:26.420000,2026-09-04 14:52:09.785,1,,,,False,True,FP2,55.6,33.4,32.1
0 days 01:08:21.675000,GAS,10,0 days 00:01:27.619000,20.0,3.0,,,0 days 00:00:29.133000,0 days 00:00:29.684000,0 days 00:00:28.802000,0 days 01:07:23.189000,0 days 01:07:52.873000,0 days 01:08:21.675000,295.0,315.0,292.0,303.0,False,HARD,14.0,False,Alpine,0 days 01:06:54.056000,2026-09-04 14:53:37.421,1,,,,False,True,FP2,55.6,33.4,32.1
0 days 01:09:48.430000,GAS,10,0 days 00:01:26.755000,21.0,3.0,,,0 days 00:00:28.324000,0 days 00:00:29.614000,0 days 00:00:28.817000,0 days 01:08:49.999000,0 days 01:09:19.613000,0 days 01:09:48.430000,295.0,313.0,289.0,315.0,False,HARD,15.0,False,Alpine,0 days 01:08:21.675000,2026-09-04 14:55:05.040,1,,,,False,True,FP2,55.6,33.4,32.1
0 days 01:11:15.234000,GAS,10,0 days 00:01:26.804000,22.0,3.0,,,0 days 00:00:28.503000,0 days 00:00:29.552000,0 days 00:00:28.749000,0 days 01:10:16.933000,0 days 01:10:46.485000,0 days 01:11:15.234000,293.0,311.0,290.0,311.0,False,HARD,16.0,False,Alpine,0 days 01:09:48.430000,2026-09-04 14:56:31.795,1,,,,False,True,FP2,55.6,33.4,32.1
0 days 01:12:42.350000,GAS,10,0 days 00:01:27.116000,23.0,3.0,,,0 days 00:00:28.491000,0 days 00:00:29.656000,0 days 00:00:28.969000,0 days 01:11:43.725000,0 days 01:12:13.381000,0 days 01:12:42.350000,295.0,302.0,297.0,306.0,False,HARD,17.0,False,Alpine,0 days 01:11:15.234000,2026-09-04 14:57:58.599,1,,,,False,True,FP2,55.6,33.4,32.1
0 days 01:14:09.012000,GAS,10,0 days 00:01:26.662000,24.0,3.0,,,0 days 00:00:28.334000,0 days 00:00:29.646000,0 days 00:00:28.682000,0 days 01:13:10.684000,0 days 01:13:40.330000,0 days 01:14:09.012000,296.0,306.0,303.0,309.0,False,HARD,18.0,False,Alpine,0 days 01:12:42.350000,2026-09-04 14:59:25.715,1,,,,False,True,FP2,55.6,33.4,32.1
0 days 01:16:02.264000,GAS,10,0 days 00:01:53.252000,25.0,3.0,,,0 days 00:00:35.958000,0 days 00:00:36.458000,0 days 00:00:40.836000,0 days 01:14:44.970000,0 days 01:15:21.428000,0 days 01:16:02.264000,200.0,240.0,96.0,296.0,False,HARD,19.0,False,Alpine,0 days 01:14:09.012000,2026-09-04 15:00:52.377,1,,,,False,True,FP2,55.6,33.4,32.1
0 days 01:18:26.043000,GAS,10,0 days 00:02:23.779000,26.0,3.0,,,0 days 00:01:04.807000,0 days 00:00:36.320000,0 days 00:00:42.652000,0 days 01:17:07.071000,0 days 01:17:43.391000,0 days 01:18:26.043000,272.0,223.0,100.0,287.0,False,HARD,20.0,False,Alpine,0 days 01:16:02.264000,2026-09-04 15:02:45.629,1,,,,False,True,FP2,55.6,33.4,32.1
0 days 01:20:38.892000,GAS,10,0 days 00:02:12.849000,27.0,3.0,,0 days 01:20:34.853000,0 days 00:01:05.126000,0 days 00:00:31.304000,0 days 00:00:36.419000,0 days 01:19:31.169000,0 days 01:20:02.473000,0 days 01:20:38.892000,286.0,300.0,,289.0,False,HARD,21.0,False,Alpine,0 days 01:18:26.043000,2026-09-04 15:05:09.408,1,,,,False,False,FP2,55.6,33.4,32.1
0 days 00:25:12.419000,PER,11,,1.0,1.0,0 days 00:23:25.945000,,,0 days 00:00:37.843000,0 days 00:00:34.810000,,0 days 00:24:37.895000,0 days 00:25:12.648000,203.0,241.0,278.0,182.0,False,MEDIUM,1.0,True,Cadillac,0 days 00:23:25.945000,2026-09-04 14:10:09.310,1,,,,False,False,FP2,55.6,33.4,32.1
0 days 00:26:39.855000,PER,11,0 days 00:01:27.436000,2.0,1.0,,,0 days 00:00:28.502000,0 days 00:00:29.851000,0 days 00:00:29.083000,0 days 00:25:40.921000,0 days 00:26:10.772000,0 days 00:26:39.855000,286.0,300.0,279.0,313.0,True,MEDIUM,2.0,True,Cadillac,0 days 00:25:12.419000,2026-09-04 14:11:55.784,1,,,,False,True,FP2,55.6,33.4,32.1
0 days 00:28:51.909000,PER,11,0 days 00:02:12.054000,3.0,1.0,,,0 days 00:00:48.774000,0 days 00:00:43.974000,0 days 00:00:39.306000,0 days 00:27:28.629000,0 days 00:28:12.603000,0 days 00:28:51.909000,175.0,203.0,278.0,129.0,False,MEDIUM,3.0,True,Cadillac,0 days 00:26:39.855000,2026-09-04 14:13:23.220,1,,,,False,True,FP2,55.4,33.3,32.2
0 days 00:30:18.323000,PER,11,0 days 00:01:26.414000,4.0,1.0,,,0 days 00:00:28.143000,0 days 00:00:29.328000,0 days 00:00:28.943000,0 days 00:29:20.052000,0 days 00:29:49.380000,0 days 00:30:18.323000,286.0,302.0,274.0,311.0,True,MEDIUM,4.0,True,Cadillac,0 days 00:28:51.909000,2026-09-04 14:15:35.274,1,,,,False,True,FP2,55.4,33.3,32.2
0 days 00:32:18.382000,PER,11,0 days 00:02:00.059000,5.0,1.0,,,0 days 00:00:43.976000,0 days 00:00:41.461000,0 days 00:00:34.622000,0 days 00:31:02.299000,0 days 00:31:43.760000,0 days 00:32:18.382000,148.0,213.0,281.0,196.0,False,MEDIUM,5.0,True,Cadillac,0 days 00:30:18.323000,2026-09-04 14:17:01.688,1,,,,False,True,FP2,55.4,33.3,32.2
0 days 00:33:44.333000,PER,11,0 days 00:01:25.951000,6.0,1.0,,,0 days 00:00:28.024000,0 days 00:00:29.148000,0 days 00:00:28.779000,0 days 00:32:46.406000,0 days 00:33:15.554000,0 days 00:33:44.333000,286.0,296.0,272.0,310.0,True,MEDIUM,6.0,True,Cadillac,0 days 00:32:18.382000,2026-09-04 14:19:01.747,1,,,,False,True,FP2,55.4,33.3,32.2
0 days 00:35:35.773000,PER,11,0 days 00:01:51.440000,7.0,1.0,,,0 days 00:00:36.910000,0 days 00:00:39.011000,0 days 00:00:35.519000,0 days 00:34:21.243000,0 days 00:35:00.254000,0 days 00:35:35.773000,205.0,215.0,284.0,224.0,False,MEDIUM,7.0,True,Cadillac,0 days 00:33:44.333000,2026-09-04 14:20:27.698,1,,,,False,True,FP2,55.4,33.3,32.2
0 days 00:37:01.256000,PER,11,0 days 00:01:25.483000,8.0,1.0,,,0 days 00:00:27.811000,0 days 00:00:29.058000,0 days 00:00:28.614000,0 days 00:36:03.584000,0 days 00:36:32.642000,0 days 00:37:01.256000,288.0,302.0,278.0,309.0,True,MEDIUM,8.0,True,Cadillac,0 days 00:35:35.773000,2026-09-04 14:22:19.138,1,,,,False,True,FP2,55.4,33.3,32.2
0 days 00:38:56.450000,PER,11,0 days 00:01:55.194000,9.0,1.0,,0 days 00:38:52.624000,0 days 00:00:37.743000,0 days 00:00:38.182000,0 days 00:00:39.269000,0 days 00:37:38.999000,0 days 00:38:17.181000,0 days 00:38:56.450000,208.0,239.0,,256.0,False,MEDIUM,9.0,True,Cadillac,0 days 00:37:01.256000,2026-09-04 14:23:44.621,1,,,,False,False,FP2,55.4,33.3,32.2
0 days 00:44:41.704000,PER,11,,10.0,2.0,0 days 00:42:58.173000,,,0 days 00:00:35.218000,0 days 00:00:34.460000,,0 days 00:44:07.425000,0 days 00:44:41.921000,280.0,270.0,289.0,203.0,False,SOFT,1.0,True,Cadillac,0 days 00:38:56.450000,2026-09-04 14:25:39.815,1,,,,False,False,FP2,55.4,33.3,32.2
0 days 00:46:06.902000,PER,11,0 days 00:01:25.198000,11.0,2.0,,,0 days 00:00:27.700000,0 days 00:00:29.088000,0 days 00:00:28.410000,0 days 00:45:09.404000,0 days 00:45:38.492000,0 days 00:46:06.902000,290.0,301.0,278.0,316.0,True,SOFT,2.0,True,Cadillac,0 days 00:44:41.704000,2026-09-04 14:31:25.069,1,,,,False,True,FP2,55.7,33.4,31.8
0 days 00:48:16.910000,PER,11,0 days 00:02:10.008000,12.0,2.0,,,0 days 00:00:44.512000,0 days 00:00:44.183000,0 days 00:00:41.313000,0 days 00:46:51.414000,0 days 00:47:35.597000,0 days 00:48:16.910000,180.0,206.0,209.0,135.0,False,SOFT,3.0,True,Cadillac,0 days 00:46:06.902000,2026-09-04 14:32:50.267,1,,,,False,True,FP2,55.7,33.4,31.8
0 days 00:50:14.283000,PER,11,0 days 00:01:57.373000,13.0,2.0,,,0 days 00:00:40.831000,0 days 00:00:43.053000,0 days 00:00:33.489000,0 days 00:48:57.741000,0 days 00:49:40.794000,0 days 00:50:14.283000,188.0,226.0,286.0,206.0,False,SOFT,4.0,True,Cadillac,0 days 00:48:16.910000,2026-09-04 14:35:00.275,1,,,,False,True,FP2,55.7,33.4,31.8
0 days 00:51:39.365000,PER,11,0 days 00:01:25.082000,14.0,2.0,,,0 days 00:00:27.636000,0 days 00:00:28.955000,0 days 00:00:28.491000,0 days 00:50:41.919000,0 days 00:51:10.874000,0 days 00:51:39.365000,290.0,304.0,277.0,314.0,True,SOFT,5.0,True,Cadillac,0 days 00:50:14.283000,2026-09-04 14:36:57.648,1,,,,False,True,FP2,55.7,33.4,31.8
0 days 00:53:36.644000,PER,11,0 days 00:01:57.279000,15.0,2.0,,0 days 00:53:32.776000,0 days 00:00:38.926000,0 days 00:00:39.524000,0 days 00:00:38.829000,0 days 00:52:18.291000,0 days 00:52:57.815000,0 days 00:53:36.644000,199.0,221.0,,184.0,False,SOFT,6.0,True,Cadillac,0 days 00:51:39.365000,2026-09-04 14:38:22.730,1,,,,False,False,FP2,55.7,33.4,31.8
0 days 01:01:05.782000,PER,11,,16.0,3.0,0 days 00:59:06.756000,,,0 days 00:00:32.332000,0 days 00:00:29.903000,,0 days 01:00:36.088000,0 days 01:01:05.803000,282.0,283.0,307.0,224.0,False,SOFT,7.0,False,Cadillac,0 days 00:53:36.644000,2026-09-04 14:40:20.009,1,,,,False,False,FP2,55.7,33.4,31.8
0 days 01:02:34.743000,PER,11,0 days 00:01:28.961000,17.0,3.0,,,0 days 00:00:28.954000,0 days 00:00:30.705000,0 days 00:00:29.302000,0 days 01:01:34.736000,0 days 01:02:05.441000,0 days 01:02:34.743000,280.0,294.0,305.0,300.0,False,SOFT,8.0,False,Cadillac,0 days 01:01:05.782000,2026-09-04 14:47:49.147,1,,,,False,True,FP2,55.7,33.4,31.8
0 days 01:04:03.713000,PER,11,0 days 00:01:28.970000,18.0,3.0,,,0 days 00:00:29.042000,0 days 00:00:30.638000,0 days 00:00:29.290000,0 days 01:03:03.785000,0 days 01:03:34.423000,0 days 01:04:03.713000,280.0,300.0,307.0,300.0,False,SOFT,9.0,False,Cadillac,0 days 01:02:34.743000,2026-09-04 14:49:18.108,1,,,,False,True,FP2,55.7,33.4,31.8
0 days 01:05:32.070000,PER,11,0 days 00:01:28.357000,19.0,3.0,,,0 days 00:00:28.906000,0 days 00:00:30.260000,0 days 00:00:29.191000,0 days 01:04:32.619000,0 days 01:05:02.879000,0 days 01:05:32.070000,279.0,295.0,306.0,306.0,False,SOFT,10.0,False,Cadillac,0 days 01:04:03.713000,2026-09-04 14:50:47.078,1,,,,False,True,FP2,55.2,33.3,31.5
0 days 01:07:00.363000,PER,11,0 days 00:01:28.293000,20.0,3.0,,,0 days 00:00:28.906000,0 days 00:00:30.236000,0 days 00:00:29.151000,,0 days 01:06:31.212000,0 days 01:07:00.363000,278.0,293.0,305.0,304.0,False,SOFT,11.0,False,Cadillac,0 days 01:05:32.070000,2026-09-04 14:52:15.435,1,,,,False,True,FP2,55.2,33.3,31.5
0 days 01:08:29.040000,PER,11,0 days 00:01:28.677000,21.0,3.0,,,0 days 00:00:29.039000,0 days 00:00:30.548000,0 days 00:00:29.090000,0 days 01:07:29.402000,0 days 01:07:59.950000,0 days 01:08:29.040000,278.0,290.0,314.0,303.0,False,SOFT,12.0,False,Cadillac,0 days 01:07:00.363000,2026-09-04 14:53:43.728,1,,,,False,True,FP2,55.2,33.3,31.5
0 days 01:09:56.932000,PER,11,0 days 00:01:27.892000,22.0,3.0,,,0 days 00:00:28.713000,0 days 00:00:30.272000,0 days 00:00:28.907000,0 days 01:08:57.753000,0 days 01:09:28.025000,0 days 01:09:56.932000,280.0,296.0,315.0,305.0,False,SOFT,13.0,False,Cadillac,0 days 01:08:29.040000,2026-09-04 14:55:12.405,1,,,,False,True,FP2,55.2,33.3,31.5
0 days 01:11:25.143000,PER,11,0 days 00:01:28.211000,23.0,3.0,,,0 days 00:00:28.603000,0 days 00:00:30.673000,0 days 00:00:28.935000,0 days 01:10:25.535000,0 days 01:10:56.208000,0 days 01:11:25.143000,287.0,307.0,321.0,309.0,False,SOFT,14.0,False,Cadillac,0 days 01:09:56.932000,2026-09-04 14:56:40.297,1,,,,False,True,FP2,55.2,33.3,31.5
0 days 01:12:56.089000,PER,11,0 days 00:01:30.946000,24.0,3.0,,,0 days 00:00:31.005000,0 days 00:00:30.848000,0 days 00:00:29.093000,0 days 01:11:56.148000,0 days 01:12:26.996000,0 days 01:12:56.089000,269.0,305.0,311.0,320.0,False,SOFT,15.0,False,Cadillac,0 days 01:11:25.143000,2026-09-04 14:58:08.508,1,,,,False,True,FP2,55.2,33.3,31.5
0 days 01:14:26.342000,PER,11,0 days 00:01:30.253000,25.0,3.0,,,0 days 00:00:29.521000,0 days 00:00:31.159000,0 days 00:00:29.573000,0 days 01:13:25.610000,0 days 01:13:56.769000,0 days 01:14:26.342000,280.0,301.0,308.0,311.0,False,SOFT,16.0,False,Cadillac,0 days 01:12:56.089000,2026-09-04 14:59:39.454,1,,,,False,True,FP2,55.2,33.3,31.5
0 days 01:16:33.190000,PER,11,0 days 00:02:06.848000,26.0,3.0,,,0 days 00:00:41.644000,0 days 00:00:39.339000,0 days 00:00:45.865000,0 days 01:15:07.986000,0 days 01:15:47.325000,0 days 01:16:33.190000,170.0,231.0,57.0,166.0,False,SOFT,17.0,False,Cadillac,0 days 01:14:26.342000,2026-09-04 15:01:09.707,1,,,,False,True,FP2,55.2,33.3,31.5
0 days 01:19:21.416000,PER,11,,27.0,3.0,,,0 days 00:01:27.708000,0 days 00:00:37.977000,0 days 00:00:42.548000,0 days 01:18:01.019000,0 days 01:18:39.119000,0 days 01:19:21.416000,220.0,241.0,110.0,287.0,False,SOFT,18.0,False,Cadillac,0 days 01:16:33.190000,2026-09-04 15:03:16.555,1,,,,False,False,FP2,55.2,33.3,31.5
0 days 01:22:07.467000,PER,11,,28.0,3.0,,0 days 01:22:03.498000,0 days 00:01:30.545000,0 days 00:00:37.054000,0 days 00:00:38.433000,0 days 01:20:52.099000,0 days 01:21:29.117000,0 days 01:22:07.467000,246.0,238.0,,202.0,False,SOFT,19.0,False,Cadillac,0 days 01:19:21.416000,2026-09-04 15:06:04.781,12,,,,False,False,FP2,55.2,33.3,31.5
0 days 00:16:45.012000,ANT,12,,1.0,1.0,0 days 00:14:42.798000,,,0 days 00:00:34.986000,0 days 00:00:32.457000,,0 days 00:16:12.756000,0 days 00:16:45.250000,271.0,236.0,292.0,248.0,False,HARD,1.0,True,Mercedes,0 days 00:14:42.798000,2026-09-04 14:01:26.163,1,,,,False,False,FP2,55.2,33.3,31.5
0 days 00:18:08.429000,ANT,12,0 days 00:01:23.417000,2.0,1.0,,,0 days 00:00:27.262000,0 days 00:00:28.242000,0 days 00:00:27.913000,0 days 00:17:12.274000,0 days 00:17:40.516000,0 days 00:18:08.429000,296.0,320.0,285.0,329.0,True,HARD,2.0,True,Mercedes,0 days 00:16:45.012000,2026-09-04 14:03:28.377,1,,,,False,True,FP2,55.2,33.3,31.5
0 days 00:20:22.548000,ANT,12,0 days 00:02:14.119000,3.0,1.0,,,0 days 00:00:47.962000,0 days 00:00:50.981000,0 days 00:00:35.176000,0 days 00:18:56.391000,0 days 00:19:47.372000,0 days 00:20:22.548000,157.0,202.0,292.0,122.0,False,HARD,3.0,True,Mercedes,0 days 00:18:08.429000,2026-09-04 14:04:51.794,1,,,,False,True,FP2,55.2,33.3,31.5
0 days 00:21:59.386000,ANT,12,0 days 00:01:36.838000,4.0,1.0,,0 days 00:21:55.622000,0 days 00:00:27.518000,0 days 00:00:28.139000,0 days 00:00:41.181000,0 days 00:20:50.066000,0 days 00:21:18.205000,0 days 00:21:59.386000,294.0,317.0,,321.0,False,HARD,4.0,True,Mercedes,0 days 00:20:22.548000,2026-09-04 14:07:05.913,1,,,,False,False,FP2,55.1,33.3,32.1
0 days 00:29:55.011000,ANT,12,,5.0,2.0,0 days 00:28:11.415000,,,0 days 00:00:35.710000,0 days 00:00:31.178000,,0 days 00:29:24.044000,0 days 00:29:55.011000,263.0,287.0,293.0,171.0,False,SOFT,1.0,True,Mercedes,0 days 00:21:59.386000,2026-09-04 14:08:42.751,1,,,,False,False,FP2,55.1,33.3,32.1
0 days 00:31:26.905000,ANT,12,0 days 00:01:31.894000,6.0,2.0,,0 days 00:31:22.576000,0 days 00:00:27.323000,0 days 00:00:27.881000,0 days 00:00:36.690000,0 days 00:30:22.334000,0 days 00:30:50.215000,0 days 00:31:26.905000,295.0,318.0,,324.0,False,SOFT,2.0,True,Mercedes,0 days 00:29:55.011000,2026-09-04 14:16:38.376,1,,,,False,False,FP2,55.1,33.3,32.1
0 days 00:35:07.906000,ANT,12,,7.0,3.0,0 days 00:33:09.198000,,,0 days 00:00:44.479000,0 days 00:00:33.279000,,0 days 00:34:34.707000,0 days 00:35:07.917000,198.0,241.0,293.0,171.0,False,SOFT,3.0,False,Mercedes,0 days 00:31:26.905000,2026-09-04 14:18:10.270,1,,,,False,False,FP2,55.1,33.3,32.1
0 days 00:36:30.606000,ANT,12,0 days 00:01:22.700000,8.0,3.0,,,0 days 00:00:27.297000,0 days 00:00:27.784000,0 days 00:00:27.619000,0 days 00:35:35.203000,0 days 00:36:02.987000,0 days 00:36:30.606000,296.0,317.0,281.0,321.0,True,SOFT,4.0,False,Mercedes,0 days 00:35:07.906000,2026-09-04 14:21:51.271,1,,,,False,True,FP2,55.1,33.3,32.1
0 days 00:38:07.911000,ANT,12,0 days 00:01:37.305000,9.0,3.0,,0 days 00:38:04.276000,0 days 00:00:32.488000,0 days 00:00:30.570000,0 days 00:00:34.247000,0 days 00:37:03.094000,0 days 00:37:33.664000,0 days 00:38:07.911000,260.0,294.0,,251.0,False,SOFT,5.0,False,Mercedes,0 days 00:36:30.606000,2026-09-04 14:23:13.971,1,,,,False,False,FP2,55.1,33.3,32.1
0 days 00:45:37.585000,ANT,12,,10.0,4.0,0 days 00:43:43.939000,,,0 days 00:00:29.689000,0 days 00:00:28.413000,,0 days 00:45:09.430000,0 days 00:45:37.677000,291.0,306.0,305.0,279.0,False,HARD,5.0,False,Mercedes,0 days 00:38:07.911000,2026-09-04 14:24:51.276,1,,,,False,False,FP2,55.1,33.3,32.1
0 days 00:47:04.005000,ANT,12,0 days 00:01:26.420000,11.0,4.0,,,0 days 00:00:28.376000,0 days 00:00:29.330000,0 days 00:00:28.714000,0 days 00:46:05.961000,0 days 00:46:35.291000,0 days 00:47:04.005000,289.0,304.0,283.0,292.0,False,HARD,6.0,False,Mercedes,0 days 00:45:37.585000,2026-09-04 14:32:20.950,1,,,,False,True,FP2,55.1,33.3,32.1
0 days 00:48:30.410000,ANT,12,0 days 00:01:26.405000,12.0,4.0,,,0 days 00:00:28.621000,0 days 00:00:29.245000,0 days 00:00:28.539000,0 days 00:47:32.626000,0 days 00:48:01.871000,0 days 00:48:30.410000,292.0,306.0,290.0,298.0,False,HARD,7.0,False,Mercedes,0 days 00:47:04.005000,2026-09-04 14:33:47.370,1,,,,False,True,FP2,55.1,33.3,32.1
0 days 00:49:56.701000,ANT,12,0 days 00:01:26.291000,13.0,4.0,,,0 days 00:00:28.563000,0 days 00:00:29.305000,0 days 00:00:28.423000,0 days 00:48:58.973000,0 days 00:49:28.278000,0 days 00:49:56.701000,289.0,306.0,296.0,301.0,False,HARD,8.0,False,Mercedes,0 days 00:48:30.410000,2026-09-04 14:35:13.775,1,,,,False,True,FP2,55.1,33.3,32.1
0 days 00:51:22.576000,ANT,12,0 days 00:01:25.875000,14.0,4.0,,,0 days 00:00:28.367000,0 days 00:00:29.234000,0 days 00:00:28.274000,0 days 00:50:25.068000,0 days 00:50:54.302000,0 days 00:51:22.576000,292.0,306.0,295.0,305.0,False,HARD,9.0,False,Mercedes,0 days 00:49:56.701000,2026-09-04 14:36:40.066,1,,,,False,True,FP2,55.1,33.3,32.1
0 days 00:52:48.544000,ANT,12,0 days 00:01:25.968000,15.0,4.0,,,0 days 00:00:28.452000,0 days 00:00:29.301000,0 days 00:00:28.215000,0 days 00:51:51.028000,0 days 00:52:20.329000,0 days 00:52:48.544000,290.0,306.0,296.0,296.0,False,HARD,10.0,False,Mercedes,0 days 00:51:22.576000,2026-09-04 14:38:05.941,1,,,,False,True,FP2,55.1,33.3,32.1
0 days 00:54:14.246000,ANT,12,0 days 00:01:25.702000,16.0,4.0,,,0 days 00:00:28.308000,0 days 00:00:29.132000,0 days 00:00:28.262000,0 days 00:53:16.852000,0 days 00:53:45.984000,0 days 00:54:14.246000,291.0,307.0,298.0,298.0,False,HARD,11.0,False,Mercedes,0 days 00:52:48.544000,2026-09-04 14:39:31.909,1,,,,False,True,FP2,55.1,33.3,32.1
0 days 00:55:40.192000,ANT,12,0 days 00:01:25.946000,17.0,4.0,,,0 days 00:00:28.433000,0 days 00:00:29.210000,0 days 00:00:28.303000,0 days 00:54:42.679000,0 days 00:55:11.889000,0 days 00:55:40.192000,291.0,307.0,296.0,298.0,False,HARD,12.0,False,Mercedes,0 days 00:54:14.246000,2026-09-04 14:40:57.611,1,,,,False,True,FP2,55.3,33.3,32.1
0 days 00:57:06.005000,ANT,12,0 days 00:01:25.813000,18.0,4.0,,,0 days 00:00:28.409000,0 days 00:00:29.185000,0 days 00:00:28.219000,0 days 00:56:08.601000,0 days 00:56:37.786000,0 days 00:57:06.005000,291.0,305.0,295.0,295.0,False,HARD,13.0,False,Mercedes,0 days 00:55:40.192000,2026-09-04 14:42:23.557,1,,,,False,True,FP2,55.3,33.3,32.1
0 days 00:58:31.744000,ANT,12,0 days 00:01:25.739000,19.0,4.0,,,0 days 00:00:28.494000,0 days 00:00:29.158000,0 days 00:00:28.087000,0 days 00:57:34.499000,0 days 00:58:03.657000,0 days 00:58:31.744000,293.0,311.0,300.0,296.0,False,HARD,14.0,False,Mercedes,0 days 00:57:06.005000,2026-09-04 14:43:49.370,1,,,,False,True,FP2,55.3,33.3,32.1
0 days 00:59:57.559000,ANT,12,0 days 00:01:25.815000,20.0,4.0,,,0 days 00:00:28.208000,0 days 00:00:29.394000,0 days 00:00:28.213000,0 days 00:58:59.952000,0 days 00:59:29.346000,0 days 00:59:57.559000,294.0,315.0,303.0,303.0,False,HARD,15.0,False,Mercedes,0 days 00:58:31.744000,2026-09-04 14:45:15.109,1,,,,False,True,FP2,55.3,33.3,32.1
0 days 01:01:23.577000,ANT,12,0 days 00:01:26.018000,21.0,4.0,,,0 days 00:00:28.107000,0 days 00:00:29.500000,0 days 00:00:28.411000,0 days 01:00:25.666000,0 days 01:00:55.166000,0 days 01:01:23.577000,300.0,323.0,304.0,304.0,False,HARD,16.0,False,Mercedes,0 days 00:59:57.559000,2026-09-04 14:46:40.924,1,,,,False,True,FP2,55.3,33.3,32.1
0 days 01:02:49.350000,ANT,12,0 days 00:01:25.773000,22.0,4.0,,,0 days 00:00:27.680000,0 days 00:00:29.648000,0 days 00:00:28.445000,0 days 01:01:51.257000,0 days 01:02:20.905000,0 days 01:02:49.350000,310.0,313.0,308.0,317.0,False,HARD,17.0,False,Mercedes,0 days 01:01:23.577000,2026-09-04 14:48:06.942,1,,,,False,True,FP2,55.3,33.3,32.1
0 days 01:04:16.987000,ANT,12,0 days 00:01:27.637000,23.0,4.0,,,0 days 00:00:28.514000,0 days 00:00:30.576000,0 days 00:00:28.547000,0 days 01:03:17.864000,0 days 01:03:48.440000,0 days 01:04:16.987000,293.0,321.0,319.0,312.0,False,HARD,18.0,False,Mercedes,0 days 01:02:49.350000,2026-09-04 14:49:32.715,1,,,,False,True,FP2,55.3,33.3,32.1
0 days 01:05:43.319000,ANT,12,0 days 00:01:26.332000,24.0,4.0,,,0 days 00:00:27.966000,0 days 00:00:29.873000,0 days 00:00:28.493000,0 days 01:04:44.953000,0 days 01:05:14.826000,0 days 01:05:43.319000,300.0,310.0,312.0,327.0,False,HARD,19.0,False,Mercedes,0 days 01:04:16.987000,2026-09-04 14:51:00.352,1,,,,False,True,FP2,55.3,33.3,32.1
0 days 01:07:09.782000,ANT,12,0 days 00:01:26.463000,25.0,4.0,,,0 days 00:00:27.764000,0 days 00:00:30.099000,0 days 00:00:28.600000,0 days 01:06:11.083000,0 days 01:06:41.182000,0 days 01:07:09.782000,304.0,317.0,303.0,324.0,False,HARD,20.0,False,Mercedes,0 days 01:05:43.319000,2026-09-04 14:52:26.684,1,,,,False,True,FP2,55.4,33.4,31.9
0 days 01:08:36.158000,ANT,12,0 days 00:01:26.376000,26.0,4.0,,,0 days 00:00:28.181000,0 days 00:00:29.463000,0 days 00:00:28.732000,0 days 01:07:37.963000,0 days 01:08:07.426000,0 days 01:08:36.158000,296.0,304.0,291.0,308.0,False,HARD,21.0,False,Mercedes,0 days 01:07:09.782000,2026-09-04 14:53:53.147,1,,,,False,True,FP2,55.4,33.4,31.9
0 days 01:10:02.234000,ANT,12,0 days 00:01:26.076000,27.0,4.0,,,0 days 00:00:28.456000,0 days 00:00:29.362000,0 days 00:00:28.258000,0 days 01:09:04.614000,0 days 01:09:33.976000,0 days 01:10:02.234000,291.0,308.0,298.0,305.0,False,HARD,22.0,False,Mercedes,0 days 01:08:36.158000,2026-09-04 14:55:19.523,1,,,,False,True,FP2,55.4,33.4,31.9
0 days 01:11:32.716000,ANT,12,0 days 00:01:30.482000,28.0,4.0,,0 days 01:11:29.071000,0 days 00:00:28.441000,0 days 00:00:29.994000,0 days 00:00:32.047000,0 days 01:10:30.675000,0 days 01:11:00.669000,0 days 01:11:32.716000,292.0,309.0,,304.0,False,HARD,23.0,False,Mercedes,0 days 01:10:02.234000,2026-09-04 14:56:45.599,1,,,,False,False,FP2,55.4,33.4,31.9
0 days 01:13:40.470000,ANT,12,0 days 00:02:07.754000,29.0,5.0,0 days 01:12:12.571000,,0 days 00:01:09.644000,0 days 00:00:29.760000,0 days 00:00:28.350000,0 days 01:12:42.360000,0 days 01:13:12.120000,0 days 01:13:40.470000,288.0,303.0,286.0,235.0,False,SOFT,6.0,False,Mercedes,0 days 01:11:32.716000,2026-09-04 14:58:16.081,1,,,,False,False,FP2,55.4,33.4,31.9
0 days 01:15:50.642000,ANT,12,0 days 00:02:10.172000,30.0,5.0,,,0 days 00:00:31.840000,0 days 00:00:44.427000,0 days 00:00:53.905000,0 days 01:14:12.310000,0 days 01:14:56.737000,0 days 01:15:50.642000,205.0,180.0,54.0,295.0,False,SOFT,7.0,False,Mercedes,0 days 01:13:40.470000,2026-09-04 15:00:23.835,1,,,,False,True,FP2,55.4,33.4,31.9
0 days 01:18:20.881000,ANT,12,,31.0,5.0,,,0 days 00:01:15.329000,0 days 00:00:35.465000,0 days 00:00:39.400000,0 days 01:17:06.159000,0 days 01:17:41.559000,0 days 01:18:21.119000,290.0,226.0,82.0,292.0,False,SOFT,8.0,False,Mercedes,0 days 01:15:50.642000,2026-09-04 15:02:34.007,1,,,,False,False,FP2,55.4,33.4,31.9
0 days 01:20:46.270000,ANT,12,0 days 00:02:25.389000,32.0,5.0,,0 days 01:20:42.504000,0 days 00:01:16.808000,0 days 00:00:32.826000,0 days 00:00:35.755000,0 days 01:19:37.689000,0 days 01:20:10.515000,0 days 01:20:46.270000,289.0,264.0,,292.0,False,SOFT,9.0,False,Mercedes,0 days 01:18:20.881000,2026-09-04 15:05:04.246,1,,,,False,False,FP2,55.4,33.4,31.9
0 days 00:28:53.914000,ALO,14,,1.0,1.0,0 days 00:27:10.847000,,,0 days 00:00:33.942000,0 days 00:00:32.842000,,0 days 00:28:21.340000,0 days 00:28:54.023000,248.0,281.0,279.0,169.0,False,SOFT,1.0,True,Aston Martin,0 days 00:27:10.847000,2026-09-04 14:13:54.212,1,,,,False,False,FP2,55.4,33.4,31.9
0 days 00:30:20.233000,ALO,14,0 days 00:01:26.319000,2.0,1.0,,,0 days 00:00:28.263000,0 days 00:00:29.335000,0 days 00:00:28.721000,0 days 00:29:22.177000,0 days 00:29:51.512000,0 days 00:30:20.233000,282.0,298.0,274.0,308.0,True,SOFT,2.0,True,Aston Martin,0 days 00:28:53.914000,2026-09-04 14:15:37.279,1,,,,False,True,FP2,55.4,33.4,31.9
0 days 00:32:20.265000,ALO,14,0 days 00:02:00.032000,3.0,1.0,,,0 days 00:00:42.465000,0 days 00:00:42.324000,0 days 00:00:35.243000,0 days 00:31:02.698000,0 days 00:31:45.022000,0 days 00:32:20.265000,221.0,105.0,281.0,118.0,False,SOFT,3.0,True,Aston Martin,0 days 00:30:20.233000,2026-09-04 14:17:03.598,1,,,,False,True,FP2,55.4,33.4,31.9
0 days 00:33:46.420000,ALO,14,0 days 00:01:26.155000,4.0,1.0,,,0 days 00:00:28.218000,0 days 00:00:29.150000,0 days 00:00:28.787000,0 days 00:32:48.483000,0 days 00:33:17.633000,0 days 00:33:46.420000,283.0,296.0,268.0,308.0,True,SOFT,4.0,True,Aston Martin,0 days 00:32:20.265000,2026-09-04 14:19:03.630,1,,,,False,True,FP2,55.4,33.4,31.9
0 days 00:35:48.103000,ALO,14,0 days 00:02:01.683000,5.0,1.0,,,0 days 00:00:43.385000,0 days 00:00:42.600000,0 days 00:00:35.698000,0 days 00:34:29.805000,0 days 00:35:12.405000,0 days 00:35:48.103000,147.0,265.0,279.0,137.0,False,SOFT,5.0,True,Aston Martin,0 days 00:33:46.420000,2026-09-04 14:20:29.785,1,,,,False,True,FP2,55.4,33.4,31.9
0 days 00:37:13.894000,ALO,14,0 days 00:01:25.791000,6.0,1.0,,,0 days 00:00:28.101000,0 days 00:00:29.136000,0 days 00:00:28.554000,0 days 00:36:16.204000,0 days 00:36:45.340000,0 days 00:37:13.894000,281.0,294.0,273.0,306.0,True,SOFT,6.0,True,Aston Martin,0 days 00:35:48.103000,2026-09-04 14:22:31.468,1,,,,False,True,FP2,55.4,33.4,31.9
0 days 00:38:58.956000,ALO,14,0 days 00:01:45.062000,7.0,1.0,,0 days 00:38:55.279000,0 days 00:00:33.034000,0 days 00:00:33.258000,0 days 00:00:38.770000,0 days 00:37:46.928000,0 days 00:38:20.186000,0 days 00:38:58.956000,260.0,257.0,,223.0,False,SOFT,7.0,True,Aston Martin,0 days 00:37:13.894000,2026-09-04 14:23:57.259,1,,,,False,False,FP2,55.4,33.4,31.9
0 days 00:52:02.810000,ALO,14,,8.0,2.0,0 days 00:50:18.331000,,,0 days 00:00:36.319000,0 days 00:00:36.897000,,0 days 00:51:26.117000,0 days 00:52:02.972000,263.0,254.0,281.0,214.0,False,SOFT,1.0,True,Aston Martin,0 days 00:38:58.956000,2026-09-04 14:25:42.321,1,,,,False,False,FP2,55.4,33.4,31.9
0 days 00:53:27.870000,ALO,14,0 days 00:01:25.060000,9.0,2.0,,,0 days 00:00:27.877000,0 days 00:00:28.783000,0 days 00:00:28.400000,0 days 00:52:30.687000,0 days 00:52:59.470000,0 days 00:53:27.870000,286.0,301.0,275.0,310.0,True,SOFT,2.0,True,Aston Martin,0 days 00:52:02.810000,2026-09-04 14:38:46.175,1,,,,False,True,FP2,55.2,33.5,31.2
0 days 00:55:27.037000,ALO,14,0 days 00:01:59.167000,10.0,2.0,,,0 days 00:00:42.323000,0 days 00:00:38.767000,0 days 00:00:38.077000,0 days 00:54:10.193000,0 days 00:54:48.960000,0 days 00:55:27.037000,246.0,246.0,194.0,120.0,False,SOFT,3.0,True,Aston Martin,0 days 00:53:27.870000,2026-09-04 14:40:11.235,1,,,,False,True,FP2,55.2,33.5,31.2
0 days 00:57:33.958000,ALO,14,0 days 00:02:06.921000,11.0,2.0,,,0 days 00:00:40.899000,0 days 00:00:45.498000,0 days 00:00:40.524000,0 days 00:56:07.936000,0 days 00:56:53.434000,0 days 00:57:33.958000,167.0,208.0,279.0,195.0,False,SOFT,4.0,True,Aston Martin,0 days 00:55:27.037000,2026-09-04 14:42:10.402,1,,,,False,True,FP2,55.2,33.5,31.2
0 days 00:58:58.985000,ALO,14,0 days 00:01:25.027000,12.0,2.0,,,0 days 00:00:27.930000,0 days 00:00:28.785000,0 days 00:00:28.312000,0 days 00:58:01.888000,0 days 00:58:30.673000,0 days 00:58:58.985000,285.0,301.0,276.0,306.0,True,SOFT,5.0,True,Aston Martin,0 days 00:57:33.958000,2026-09-04 14:44:17.323,1,,,,False,True,FP2,55.2,33.5,31.2
0 days 01:00:57.029000,ALO,14,0 days 00:01:58.044000,13.0,2.0,,0 days 01:00:53.367000,0 days 00:00:39.314000,0 days 00:00:33.372000,0 days 00:00:45.358000,0 days 00:59:38.299000,0 days 01:00:11.671000,0 days 01:00:57.029000,254.0,250.0,,143.0,False,SOFT,6.0,True,Aston Martin,0 days 00:58:58.985000,2026-09-04 14:45:42.350,1,,,,False,False,FP2,55.2,33.5,31.2
0 days 01:07:30.936000,ALO,14,,14.0,3.0,0 days 01:05:43.140000,,,0 days 00:00:40.213000,0 days 00:00:35.343000,,0 days 01:06:55.804000,0 days 01:07:30.958000,270.0,237.0,279.0,205.0,False,SOFT,7.0,False,Aston Martin,0 days 01:00:57.029000,2026-09-04 14:47:40.394,1,,,,False,False,FP2,55.2,33.5,31.2
0 days 01:09:19.477000,ALO,14,0 days 00:01:48.541000,15.0,3.0,,,0 days 00:00:28.340000,0 days 00:00:45.965000,0 days 00:00:34.236000,0 days 01:07:59.276000,0 days 01:08:45.241000,0 days 01:09:19.477000,241.0,138.0,281.0,310.0,False,SOFT,8.0,False,Aston Martin,0 days 01:07:30.936000,2026-09-04 14:54:14.301,1,,,,False,True,FP2,55.5,33.5,31.5
0 days 01:10:46.273000,ALO,14,0 days 00:01:26.796000,16.0,3.0,,,0 days 00:00:27.991000,0 days 00:00:29.203000,0 days 00:00:29.602000,0 days 01:09:47.468000,0 days 01:10:16.671000,0 days 01:10:46.273000,290.0,314.0,270.0,315.0,False,SOFT,9.0,False,Aston Martin,0 days 01:09:19.477000,2026-09-04 14:56:02.842,1,,,,False,True,FP2,55.5,33.5,31.5
0 days 01:12:51.433000,ALO,14,0 days 00:02:05.160000,17.0,3.0,,,0 days 00:00:50.025000,0 days 00:00:40.666000,0 days 00:00:34.469000,0 days 01:11:36.298000,0 days 01:12:16.964000,0 days 01:12:51.433000,226.0,271.0,280.0,107.0,False,SOFT,10.0,False,Aston Martin,0 days 01:10:46.273000,2026-09-04 14:57:29.638,1,,,,False,True,FP2,55.5,33.5,31.5
0 days 01:14:30.069000,ALO,14,0 days 00:01:38.636000,18.0,3.0,,0 days 01:14:26.251000,0 days 00:00:28.106000,0 days 00:00:31.263000,0 days 00:00:39.267000,0 days 01:13:19.539000,0 days 01:13:50.802000,0 days 01:14:30.069000,284.0,252.0,,310.0,False,SOFT,11.0,False,Aston Martin,0 days 01:12:51.433000,2026-09-04 14:59:34.798,1,,,,False,False,FP2,55.5,33.5,31.5
0 days 00:16:33.632000,LEC,16,,1.0,1.0,0 days 00:14:52.316000,,,0 days 00:00:33.347000,0 days 00:00:32.309000,,0 days 00:16:01.600000,0 days 00:16:33.819000,270.0,287.0,289.0,164.0,False,MEDIUM,1.0,True,Ferrari,0 days 00:14:52.316000,2026-09-04 14:01:35.681,1,,,,False,False,FP2,55.5,33.5,31.5
0 days 00:17:57.104000,LEC,16,0 days 00:01:23.472000,2.0,1.0,,,0 days 00:00:27.436000,0 days 00:00:28.262000,0 days 00:00:27.774000,0 days 00:17:01.068000,0 days 00:17:29.330000,0 days 00:17:57.104000,295.0,315.0,280.0,324.0,True,MEDIUM,2.0,True,Ferrari,0 days 00:16:33.632000,2026-09-04 14:03:16.997,1,,,,False,True,FP2,55.5,33.5,31.5
0 days 00:20:21.359000,LEC,16,0 days 00:02:24.255000,3.0,1.0,,0 days 00:20:17.575000,0 days 00:00:47.008000,0 days 00:00:45.619000,0 days 00:00:51.628000,0 days 00:18:44.112000,0 days 00:19:29.731000,0 days 00:20:21.359000,150.0,178.0,,152.0,False,MEDIUM,3.0,True,Ferrari,0 days 00:17:57.104000,2026-09-04 14:04:40.469,1,,,,False,False,FP2,55.5,33.5,31.5
0 days 00:23:02.164000,LEC,16,,4.0,2.0,0 days 00:20:54.396000,,0 days 00:01:30.790000,0 days 00:00:34.208000,0 days 00:00:35.700000,0 days 00:21:52.387000,0 days 00:22:26.628000,0 days 00:23:02.239000,224.0,250.0,287.0,225.0,False,MEDIUM,4.0,False,Ferrari,0 days 00:20:21.359000,2026-09-04 14:07:04.724,1,,,,False,False,FP2,55.5,33.5,31.5
0 days 00:24:54.757000,LEC,16,0 days 00:01:52.593000,5.0,2.0,,,0 days 00:00:33.751000,0 days 00:00:39.762000,0 days 00:00:39.080000,0 days 00:23:35.915000,0 days 00:24:15.677000,0 days 00:24:54.757000,201.0,186.0,288.0,317.0,False,MEDIUM,5.0,False,Ferrari,0 days 00:23:02.164000,2026-09-04 14:09:45.529,1,,,,False,True,FP2,55.5,33.5,31.5
0 days 00:26:18.555000,LEC,16,0 days 00:01:23.798000,6.0,2.0,,,0 days 00:00:27.631000,0 days 00:00:28.313000,0 days 00:00:27.854000,0 days 00:25:22.388000,0 days 00:25:50.701000,0 days 00:26:18.555000,289.0,308.0,277.0,319.0,False,MEDIUM,6.0,False,Ferrari,0 days 00:24:54.757000,2026-09-04 14:11:38.122,1,,,,False,True,FP2,55.5,33.5,31.5
0 days 00:28:13.354000,LEC,16,0 days 00:01:54.799000,7.0,2.0,,0 days 00:28:09.525000,0 days 00:00:38.063000,0 days 00:00:36.812000,0 days 00:00:39.924000,0 days 00:26:56.618000,0 days 00:27:33.430000,0 days 00:28:13.354000,208.0,260.0,,175.0,False,MEDIUM,7.0,False,Ferrari,0 days 00:26:18.555000,2026-09-04 14:13:01.920,1,,,,False,False,FP2,55.5,33.5,31.5
0 days 00:30:50.743000,LEC,16,,8.0,3.0,0 days 00:28:30.419000,,0 days 00:01:14.238000,0 days 00:00:39.167000,0 days 00:00:43.949000,0 days 00:29:27.783000,0 days 00:30:06.883000,0 days 00:30:51.048000,231.0,239.0,286.0,172.0,False,MEDIUM,8.0,False,Ferrari,0 days 00:28:13.354000,2026-09-04 14:14:56.719,1,,,,False,False,FP2,55.5,33.5,31.5
0 days 00:32:14.573000,LEC,16,0 days 00:01:23.830000,9.0,3.0,,,0 days 00:00:27.691000,0 days 00:00:28.212000,0 days 00:00:27.927000,0 days 00:31:18.434000,0 days 00:31:46.646000,0 days 00:32:14.573000,289.0,308.0,275.0,318.0,False,MEDIUM,9.0,False,Ferrari,0 days 00:30:50.743000,2026-09-04 14:17:34.108,1,,,,False,True,FP2,54.4,33.5,31.6
0 days 00:33:56.747000,LEC,16,0 days 00:01:42.174000,10.0,3.0,,0 days 00:33:52.889000,0 days 00:00:32.199000,0 days 00:00:34.736000,0 days 00:00:35.239000,0 days 00:32:46.772000,0 days 00:33:21.508000,0 days 00:33:56.747000,242.0,296.0,,233.0,False,MEDIUM,10.0,False,Ferrari,0 days 00:32:14.573000,2026-09-04 14:18:57.938,1,,,,False,False,FP2,54.4,33.5,31.6
0 days 00:43:43.282000,LEC,16,,11.0,4.0,0 days 00:42:00.695000,,,0 days 00:00:32.654000,0 days 00:00:34.674000,,0 days 00:43:08.689000,0 days 00:43:43.282000,275.0,228.0,290.0,185.0,False,SOFT,1.0,True,Ferrari,0 days 00:33:56.747000,2026-09-04 14:20:40.112,1,,,,False,False,FP2,54.4,33.5,31.6
0 days 00:45:05.961000,LEC,16,0 days 00:01:22.679000,12.0,4.0,,,0 days 00:00:27.259000,0 days 00:00:27.874000,0 days 00:00:27.546000,0 days 00:44:10.541000,0 days 00:44:38.415000,0 days 00:45:05.961000,297.0,316.0,281.0,324.0,True,SOFT,2.0,True,Ferrari,0 days 00:43:43.282000,2026-09-04 14:30:26.647,1,,,,False,True,FP2,54.4,33.5,31.6
0 days 00:47:11.265000,LEC,16,0 days 00:02:05.304000,13.0,4.0,,0 days 00:47:07.446000,0 days 00:00:38.004000,0 days 00:00:48.351000,0 days 00:00:38.949000,0 days 00:45:43.965000,0 days 00:46:32.316000,0 days 00:47:11.265000,149.0,246.0,,183.0,False,SOFT,3.0,True,Ferrari,0 days 00:45:05.961000,2026-09-04 14:31:49.326,1,,,,False,False,FP2,54.4,33.5,31.6
0 days 00:49:45.521000,LEC,16,,14.0,5.0,0 days 00:47:41.322000,,0 days 00:01:07.853000,0 days 00:00:48.804000,0 days 00:00:37.568000,0 days 00:48:19.250000,0 days 00:49:08.123000,0 days 00:49:45.543000,194.0,254.0,288.0,155.0,False,SOFT,4.0,False,Ferrari,0 days 00:47:11.265000,2026-09-04 14:33:54.630,1,,,,False,False,FP2,55.0,33.5,32.7
0 days 00:51:15.342000,LEC,16,0 days 00:01:29.821000,15.0,5.0,,0 days 00:51:11.542000,0 days 00:00:27.386000,0 days 00:00:28.114000,0 days 00:00:34.321000,0 days 00:50:12.907000,0 days 00:50:41.021000,0 days 00:51:15.342000,292.0,311.0,,318.0,False,SOFT,5.0,False,Ferrari,0 days 00:49:45.521000,2026-09-04 14:36:28.886,1,,,,False,False,FP2,55.0,33.5,32.7
0 days 00:58:42.494000,LEC,16,,16.0,6.0,0 days 00:56:43.176000,,,0 days 00:00:33.201000,0 days 00:00:29.708000,,0 days 00:58:13.031000,0 days 00:58:42.638000,246.0,260.0,304.0,226.0,False,SOFT,6.0,False,Ferrari,0 days 00:51:15.342000,2026-09-04 14:37:58.707,1,,,,False,False,FP2,55.0,33.5,32.7
0 days 01:00:09.581000,LEC,16,0 days 00:01:27.087000,17.0,6.0,,,0 days 00:00:28.898000,0 days 00:00:29.683000,0 days 00:00:28.506000,0 days 00:59:11.392000,0 days 00:59:41.075000,0 days 01:00:09.581000,277.0,292.0,312.0,306.0,False,SOFT,7.0,False,Ferrari,0 days 00:58:42.494000,2026-09-04 14:45:25.859,1,,,,False,True,FP2,55.0,33.5,32.7
0 days 01:01:35.813000,LEC,16,0 days 00:01:26.232000,18.0,6.0,,,0 days 00:00:28.534000,0 days 00:00:29.424000,0 days 00:00:28.274000,0 days 01:00:38.115000,0 days 01:01:07.539000,0 days 01:01:35.813000,280.0,300.0,310.0,310.0,False,SOFT,8.0,False,Ferrari,0 days 01:00:09.581000,2026-09-04 14:46:52.946,1,,,,False,True,FP2,55.0,33.5,32.7
0 days 01:03:01.981000,LEC,16,0 days 00:01:26.168000,19.0,6.0,,,0 days 00:00:28.551000,0 days 00:00:29.315000,0 days 00:00:28.302000,0 days 01:02:04.364000,0 days 01:02:33.679000,0 days 01:03:01.981000,280.0,302.0,306.0,311.0,False,SOFT,9.0,False,Ferrari,0 days 01:01:35.813000,2026-09-04 14:48:19.178,1,,,,False,True,FP2,55.0,33.5,32.7
0 days 01:04:39.361000,LEC,16,0 days 00:01:37.380000,20.0,6.0,,,0 days 00:00:28.728000,0 days 00:00:38.463000,0 days 00:00:30.189000,0 days 01:03:30.709000,0 days 01:04:09.172000,0 days 01:04:39.361000,280.0,294.0,307.0,309.0,False,SOFT,10.0,False,Ferrari,0 days 01:03:01.981000,2026-09-04 14:49:45.346,1,,,,False,True,FP2,55.0,33.5,32.7
0 days 01:06:07.546000,LEC,16,0 days 00:01:28.185000,21.0,6.0,,,0 days 00:00:28.826000,0 days 00:00:29.988000,0 days 00:00:29.371000,0 days 01:05:08.187000,0 days 01:05:38.175000,0 days 01:06:07.546000,286.0,311.0,313.0,315.0,False,SOFT,11.0,False,Ferrari,0 days 01:04:39.361000,2026-09-04 14:51:22.726,1,,,,False,True,FP2,55.0,33.5,32.7
0 days 01:07:33.570000,LEC,16,0 days 00:01:26.024000,22.0,6.0,,,0 days 00:00:28.512000,0 days 00:00:29.579000,0 days 00:00:27.933000,0 days 01:06:36.058000,0 days 01:07:05.637000,0 days 01:07:33.570000,283.0,310.0,330.0,317.0,False,SOFT,12.0,False,Ferrari,0 days 01:06:07.546000,2026-09-04 14:52:50.911,1,,,,False,True,FP2,55.0,33.5,32.3
0 days 01:08:59.612000,LEC,16,0 days 00:01:26.042000,23.0,6.0,,,0 days 00:00:27.966000,0 days 00:00:29.616000,0 days 00:00:28.460000,0 days 01:08:01.536000,0 days 01:08:31.152000,0 days 01:08:59.612000,284.0,305.0,303.0,325.0,False,SOFT,13.0,False,Ferrari,0 days 01:07:33.570000,2026-09-04 14:54:16.935,1,,,,False,True,FP2,55.0,33.5,32.3
0 days 01:10:25.935000,LEC,16,0 days 00:01:26.323000,24.0,6.0,,,0 days 00:00:28.511000,0 days 00:00:29.403000,0 days 00:00:28.409000,0 days 01:09:28.123000,0 days 01:09:57.526000,0 days 01:10:25.935000,285.0,308.0,308.0,313.0,False,SOFT,14.0,False,Ferrari,0 days 01:08:59.612000,2026-09-04 14:55:42.977,1,,,,False,True,FP2,55.0,33.5,32.3
0 days 01:11:52.072000,LEC,16,0 days 00:01:26.137000,25.0,6.0,,,0 days 00:00:28.481000,0 days 00:00:29.439000,0 days 00:00:28.217000,0 days 01:10:54.416000,0 days 01:11:23.855000,0 days 01:11:52.072000,284.0,306.0,312.0,314.0,False,SOFT,15.0,False,Ferrari,0 days 01:10:25.935000,2026-09-04 14:57:09.300,1,,,,False,True,FP2,55.0,33.5,32.3
0 days 01:13:17.780000,LEC,16,0 days 00:01:25.708000,26.0,6.0,,,0 days 00:00:28.353000,0 days 00:00:29.255000,0 days 00:00:28.100000,0 days 01:12:20.425000,0 days 01:12:49.680000,0 days 01:13:17.780000,287.0,311.0,309.0,317.0,False,SOFT,16.0,False,Ferrari,0 days 01:11:52.072000,2026-09-04 14:58:35.437,1,,,,False,True,FP2,55.0,33.5,32.3
0 days 01:15:02.780000,LEC,16,0 days 00:01:45,27.0,6.0,,,0 days 00:00:27.615000,0 days 00:00:29.364000,0 days 00:00:48.021000,0 days 01:13:45.395000,0 days 01:14:14.759000,0 days 01:15:02.780000,302.0,339.0,87.0,329.0,False,SOFT,17.0,False,Ferrari,0 days 01:13:17.780000,2026-09-04 15:00:01.145,1,,,,False,True,FP2,55.0,33.5,32.3
0 days 01:17:52.216000,LEC,16,,28.0,6.0,,,0 days 00:01:14.865000,0 days 00:00:43.882000,0 days 00:00:50.711000,0 days 01:16:17.893000,0 days 01:17:01.840000,0 days 01:17:52.216000,161.0,185.0,67.0,147.0,False,SOFT,18.0,False,Ferrari,0 days 01:15:02.780000,2026-09-04 15:01:46.145,1,,,,False,False,FP2,55.0,33.5,32.3
0 days 01:20:02.622000,LEC,16,0 days 00:02:10.406000,29.0,6.0,,0 days 01:19:58.936000,0 days 00:01:03.979000,0 days 00:00:29.605000,0 days 00:00:36.822000,0 days 01:18:56.195000,0 days 01:19:25.800000,0 days 01:20:02.622000,296.0,307.0,,301.0,False,SOFT,19.0,False,Ferrari,0 days 01:17:52.216000,2026-09-04 15:04:35.581,1,,,,False,False,FP2,55.2,33.5,32.2
0 days 00:15:55.284000,STR,18,,1.0,1.0,0 days 00:14:04.548000,,,0 days 00:00:37.884000,0 days 00:00:35.394000,,0 days 00:15:21.328000,0 days 00:15:55.475000,257.0,254.0,281.0,124.0,False,SOFT,1.0,True,Aston Martin,0 days 00:14:04.548000,2026-09-04 14:00:47.913,1,,,,False,False,FP2,55.2,33.5,32.2
0 days 00:17:21.329000,STR,18,0 days 00:01:26.045000,2.0,1.0,,,0 days 00:00:28.006000,0 days 00:00:29.314000,0 days 00:00:28.725000,0 days 00:16:23.290000,0 days 00:16:52.604000,0 days 00:17:21.329000,285.0,299.0,276.0,312.0,True,SOFT,2.0,True,Aston Martin,0 days 00:15:55.284000,2026-09-04 14:02:38.649,1,,,,False,True,FP2,55.2,33.5,32.2
0 days 00:19:38.041000,STR,18,0 days 00:02:16.712000,3.0,1.0,,,0 days 00:00:46.320000,0 days 00:00:49.998000,0 days 00:00:40.394000,0 days 00:18:07.649000,0 days 00:18:57.647000,0 days 00:19:38.041000,101.0,209.0,275.0,184.0,False,SOFT,3.0,True,Aston Martin,0 days 00:17:21.329000,2026-09-04 14:04:04.694,1,,,,False,True,FP2,55.2,33.5,32.2
0 days 00:21:38.431000,STR,18,0 days 00:02:00.390000,4.0,1.0,,,0 days 00:00:37.441000,0 days 00:00:48.377000,0 days 00:00:34.572000,0 days 00:20:15.482000,0 days 00:21:03.859000,0 days 00:21:38.431000,218.0,212.0,282.0,308.0,False,SOFT,4.0,True,Aston Martin,0 days 00:19:38.041000,2026-09-04 14:06:21.406,1,,,,False,True,FP2,53.4,33.5,32.4
0 days 00:23:13.095000,STR,18,0 days 00:01:34.664000,5.0,1.0,,,0 days 00:00:28.166000,0 days 00:00:29.430000,0 days 00:00:37.068000,0 days 00:22:06.597000,0 days 00:22:36.027000,0 days 00:23:13.095000,280.0,296.0,255.0,307.0,False,SOFT,5.0,True,Aston Martin,0 days 00:21:38.431000,2026-09-04 14:08:21.796,1,,,,False,True,FP2,53.4,33.5,32.4
0 days 00:25:34.045000,STR,18,0 days 00:02:20.950000,6.0,1.0,,,0 days 00:00:43.576000,0 days 00:00:53.402000,0 days 00:00:43.972000,0 days 00:23:56.671000,0 days 00:24:50.073000,0 days 00:25:34.045000,98.0,177.0,222.0,170.0,False,SOFT,6.0,True,Aston Martin,0 days 00:23:13.095000,2026-09-04 14:09:56.460,1,,,,False,True,FP2,53.4,33.5,32.4
0 days 00:27:40.306000,STR,18,0 days 00:02:06.261000,7.0,1.0,,,0 days 00:00:41.700000,0 days 00:00:37.142000,0 days 00:00:47.419000,0 days 00:26:15.745000,0 days 00:26:52.887000,0 days 00:27:40.306000,240.0,161.0,270.0,201.0,False,SOFT,7.0,True,Aston Martin,0 days 00:25:34.045000,2026-09-04 14:12:17.410,1,,,,False,True,FP2,53.4,33.5,32.4
0 days 00:29:26.281000,STR,18,0 days 00:01:45.975000,8.0,1.0,,,0 days 00:00:37.124000,0 days 00:00:35.931000,0 days 00:00:32.920000,0 days 00:28:17.430000,0 days 00:28:53.361000,0 days 00:29:26.281000,244.0,269.0,281.0,259.0,False,SOFT,8.0,True,Aston Martin,0 days 00:27:40.306000,2026-09-04 14:14:23.671,1,,,,False,True,FP2,55.5,33.4,32.8
0 days 00:30:52.544000,STR,18,0 days 00:01:26.263000,9.0,1.0,,,0 days 00:00:28.277000,0 days 00:00:29.110000,0 days 00:00:28.876000,0 days 00:29:54.558000,0 days 00:30:23.668000,0 days 00:30:52.544000,282.0,298.0,275.0,310.0,False,SOFT,9.0,True,Aston Martin,0 days 00:29:26.281000,2026-09-04 14:16:09.646,1,,,,False,True,FP2,55.5,33.4,32.8
0 days 00:32:36.955000,STR,18,0 days 00:01:44.411000,10.0,1.0,,0 days 00:32:33.275000,0 days 00:00:33.541000,0 days 00:00:33.026000,0 days 00:00:37.844000,0 days 00:31:26.085000,0 days 00:31:59.111000,0 days 00:32:36.955000,258.0,271.0,,244.0,False,SOFT,10.0,True,Aston Martin,0 days 00:30:52.544000,2026-09-04 14:17:35.909,1,,,,False,False,FP2,55.5,33.4,32.8
0 days 00:43:33.558000,STR,18,,11.0,2.0,0 days 00:41:51.459000,,,0 days 00:00:32.015000,0 days 00:00:31.514000,,0 days 00:43:02.204000,0 days 00:43:33.564000,261.0,287.0,283.0,178.0,False,SOFT,1.0,True,Aston Martin,0 days 00:32:36.955000,2026-09-04 14:19:20.320,1,,,,False,False,FP2,55.5,33.4,32.8
0 days 00:44:58.811000,STR,18,0 days 00:01:25.253000,12.0,2.0,,,0 days 00:00:27.940000,0 days 00:00:28.880000,0 days 00:00:28.433000,0 days 00:44:01.498000,0 days 00:44:30.378000,0 days 00:44:58.811000,287.0,305.0,277.0,314.0,True,SOFT,2.0,True,Aston Martin,0 days 00:43:33.558000,2026-09-04 14:30:16.923,1,,,,False,True,FP2,55.2,33.3,32.8
0 days 00:47:17.158000,STR,18,0 days 00:02:18.347000,13.0,2.0,,0 days 00:47:13.264000,0 days 00:00:44.242000,0 days 00:00:44.401000,0 days 00:00:49.704000,0 days 00:45:43.053000,0 days 00:46:27.454000,0 days 00:47:17.158000,161.0,223.0,,124.0,False,SOFT,3.0,True,Aston Martin,0 days 00:44:58.811000,2026-09-04 14:31:42.176,1,,,,False,False,FP2,55.2,33.3,32.8
0 days 00:49:48.826000,STR,18,,14.0,3.0,0 days 00:47:32.133000,,0 days 00:00:57.822000,0 days 00:00:55.385000,0 days 00:00:38.498000,0 days 00:48:15.207000,0 days 00:49:10.557000,0 days 00:49:48.926000,124.0,240.0,282.0,173.0,False,SOFT,4.0,False,Aston Martin,0 days 00:47:17.158000,2026-09-04 14:34:00.523,1,,,,False,False,FP2,56.0,33.4,32.2
0 days 00:51:41.018000,STR,18,0 days 00:01:52.192000,15.0,3.0,,,0 days 00:00:36.034000,0 days 00:00:42.334000,0 days 00:00:33.824000,0 days 00:50:24.860000,0 days 00:51:07.194000,0 days 00:51:41.018000,166.0,141.0,289.0,309.0,False,SOFT,5.0,False,Aston Martin,0 days 00:49:48.826000,2026-09-04 14:36:32.191,1,,,,False,True,FP2,56.0,33.4,32.2
0 days 00:53:44.402000,STR,18,0 days 00:02:03.384000,16.0,3.0,,0 days 00:53:39.870000,0 days 00:00:38.138000,0 days 00:00:42.362000,0 days 00:00:42.884000,0 days 00:52:19.156000,0 days 00:53:01.518000,0 days 00:53:44.402000,188.0,258.0,,212.0,False,SOFT,6.0,False,Aston Martin,0 days 00:51:41.018000,2026-09-04 14:38:24.383,1,,,,False,False,FP2,56.0,33.4,32.2
0 days 01:02:20.671000,STR,18,,17.0,4.0,0 days 01:00:40.680000,,,0 days 00:00:33.278000,0 days 00:00:31.237000,,0 days 01:01:50.259000,0 days 01:02:20.767000,263.0,264.0,289.0,182.0,False,SOFT,7.0,False,Aston Martin,0 days 00:53:44.402000,2026-09-04 14:40:27.767,1,,,,False,False,FP2,55.6,33.5,32.0
0 days 01:03:54.433000,STR,18,0 days 00:01:33.762000,18.0,4.0,,,0 days 00:00:31.487000,0 days 00:00:31.710000,0 days 00:00:30.565000,0 days 01:02:52.158000,0 days 01:03:23.868000,0 days 01:03:54.433000,266.0,266.0,296.0,265.0,False,SOFT,8.0,False,Aston Martin,0 days 01:02:20.671000,2026-09-04 14:49:04.036,1,,,,False,True,FP2,55.9,33.5,31.8
0 days 01:05:24.785000,STR,18,0 days 00:01:30.352000,19.0,4.0,,,0 days 00:00:29.966000,0 days 00:00:30.833000,0 days 00:00:29.553000,0 days 01:04:24.399000,0 days 01:04:55.232000,0 days 01:05:24.785000,270.0,289.0,307.0,299.0,False,SOFT,9.0,False,Aston Martin,0 days 01:03:54.433000,2026-09-04 14:50:37.798,1,,,,False,True,FP2,55.9,33.5,31.8
0 days 01:06:54.996000,STR,18,0 days 00:01:30.211000,20.0,4.0,,,0 days 00:00:29.552000,0 days 00:00:30.511000,0 days 00:00:30.148000,0 days 01:05:54.337000,0 days 01:06:24.848000,0 days 01:06:54.996000,265.0,289.0,307.0,300.0,False,SOFT,10.0,False,Aston Martin,0 days 01:05:24.785000,2026-09-04 14:52:08.150,1,,,,False,True,FP2,55.8,33.6,31.9
0 days 01:08:24.500000,STR,18,0 days 00:01:29.504000,21.0,4.0,,,0 days 00:00:29.647000,0 days 00:00:30.440000,0 days 00:00:29.417000,0 days 01:07:24.643000,0 days 01:07:55.083000,0 days 01:08:24.500000,273.0,291.0,295.0,293.0,False,SOFT,11.0,False,Aston Martin,0 days 01:06:54.996000,2026-09-04 14:53:38.361,1,,,,False,True,FP2,54.9,33.7,31.9
0 days 01:09:54.124000,STR,18,0 days 00:01:29.624000,22.0,4.0,,,0 days 00:00:29.792000,0 days 00:00:30.494000,0 days 00:00:29.338000,0 days 01:08:54.292000,0 days 01:09:24.786000,0 days 01:09:54.124000,270.0,289.0,291.0,294.0,False,SOFT,12.0,False,Aston Martin,0 days 01:08:24.500000,2026-09-04 14:55:07.865,1,,,,False,True,FP2,54.9,33.7,31.9
0 days 01:11:24.638000,STR,18,0 days 00:01:30.514000,23.0,4.0,,,0 days 00:00:30.981000,0 days 00:00:30.258000,0 days 00:00:29.275000,0 days 01:10:25.105000,0 days 01:10:55.363000,0 days 01:11:24.638000,269.0,302.0,303.0,287.0,False,SOFT,13.0,False,Aston Martin,0 days 01:09:54.124000,2026-09-04 14:56:37.489,1,,,,False,True,FP2,54.9,33.7,31.9
0 days 01:12:54.364000,STR,18,0 days 00:01:29.726000,24.0,4.0,,,0 days 00:00:29.687000,0 days 00:00:30.428000,0 days 00:00:29.611000,0 days 01:11:54.325000,0 days 01:12:24.753000,0 days 01:12:54.364000,268.0,286.0,292.0,295.0,False,SOFT,14.0,False,Aston Martin,0 days 01:11:24.638000,2026-09-04 14:58:08.003,1,,,,False,True,FP2,54.9,33.7,31.9
0 days 01:14:25.682000,STR,18,0 days 00:01:31.318000,25.0,4.0,,,0 days 00:00:29.812000,0 days 00:00:30.643000,0 days 00:00:30.863000,0 days 01:13:24.176000,0 days 01:13:54.819000,0 days 01:14:25.682000,270.0,289.0,302.0,292.0,False,SOFT,15.0,False,Aston Martin,0 days 01:12:54.364000,2026-09-04 14:59:37.729,1,,,,False,True,FP2,54.9,33.7,31.9
0 days 01:16:36.181000,STR,18,0 days 00:02:10.499000,26.0,4.0,,,0 days 00:00:43.128000,0 days 00:00:40.295000,0 days 00:00:47.076000,0 days 01:15:08.810000,0 days 01:15:49.105000,0 days 01:16:36.181000,163.0,232.0,51.0,168.0,False,SOFT,16.0,False,Aston Martin,0 days 01:14:25.682000,2026-09-04 15:01:09.047,1,,,,False,True,FP2,54.9,33.7,31.9
0 days 01:19:27.213000,STR,18,,27.0,4.0,,0 days 01:19:23.103000,0 days 00:01:27.542000,0 days 00:00:36.452000,0 days 00:00:47.028000,0 days 01:18:03.853000,0 days 01:18:40.429000,0 days 01:19:27.213000,250.0,246.0,,237.0,False,SOFT,17.0,False,Aston Martin,0 days 01:16:36.181000,2026-09-04 15:03:19.546,1,,,,False,False,FP2,54.9,33.7,31.9
0 days 00:15:52.910000,TSU,22,,1.0,1.0,0 days 00:14:00.962000,,,0 days 00:00:37.752000,0 days 00:00:35.843000,,0 days 00:15:17.390000,0 days 00:15:53.075000,266.0,267.0,290.0,124.0,False,MEDIUM,1.0,True,Racing Bulls,0 days 00:14:00.962000,2026-09-04 14:00:44.327,1,,,,False,False,FP2,54.9,33.7,31.9
0 days 00:17:17.826000,TSU,22,0 days 00:01:24.916000,2.0,1.0,,,0 days 00:00:27.692000,0 days 00:00:28.891000,0 days 00:00:28.333000,0 days 00:16:20.602000,0 days 00:16:49.493000,0 days 00:17:17.826000,294.0,309.0,282.0,321.0,True,MEDIUM,2.0,True,Racing Bulls,0 days 00:15:52.910000,2026-09-04 14:02:36.275,1,,,,False,True,FP2,55.5,33.7,31.9
0 days 00:19:45.936000,TSU,22,0 days 00:02:28.110000,3.0,1.0,,,0 days 00:00:48.647000,0 days 00:00:55.931000,0 days 00:00:43.532000,0 days 00:18:06.473000,0 days 00:19:02.404000,0 days 00:19:45.936000,105.0,169.0,182.0,172.0,False,MEDIUM,3.0,True,Racing Bulls,0 days 00:17:17.826000,2026-09-04 14:04:01.191,1,,,,False,True,FP2,55.5,33.7,31.9
0 days 00:21:47.876000,TSU,22,0 days 00:02:01.940000,4.0,1.0,,,0 days 00:00:45.154000,0 days 00:00:41.861000,0 days 00:00:34.925000,0 days 00:20:31.090000,0 days 00:21:12.951000,0 days 00:21:47.876000,139.0,287.0,291.0,204.0,False,MEDIUM,4.0,True,Racing Bulls,0 days 00:19:45.936000,2026-09-04 14:06:29.301,1,,,,False,True,FP2,55.5,33.7,31.9
0 days 00:23:12.364000,TSU,22,0 days 00:01:24.488000,5.0,1.0,,,0 days 00:00:27.740000,0 days 00:00:28.645000,0 days 00:00:28.103000,0 days 00:22:15.616000,0 days 00:22:44.261000,0 days 00:23:12.364000,296.0,314.0,291.0,320.0,True,MEDIUM,5.0,True,Racing Bulls,0 days 00:21:47.876000,2026-09-04 14:08:31.241,1,,,,False,True,FP2,55.5,33.7,31.9
0 days 00:25:39.263000,TSU,22,0 days 00:02:26.899000,6.0,1.0,,,0 days 00:00:43.419000,0 days 00:00:53.824000,0 days 00:00:49.656000,0 days 00:23:55.783000,0 days 00:24:49.607000,0 days 00:25:39.263000,103.0,177.0,183.0,181.0,False,MEDIUM,6.0,True,Racing Bulls,0 days 00:23:12.364000,2026-09-04 14:09:55.729,1,,,,False,True,FP2,55.5,33.7,31.9
0 days 00:27:38.773000,TSU,22,0 days 00:01:59.510000,7.0,1.0,,,0 days 00:00:45.564000,0 days 00:00:35.675000,0 days 00:00:38.271000,0 days 00:26:24.827000,0 days 00:27:00.502000,0 days 00:27:38.773000,225.0,295.0,288.0,153.0,False,MEDIUM,7.0,True,Racing Bulls,0 days 00:25:39.263000,2026-09-04 14:12:22.628,1,,,,False,True,FP2,55.5,33.7,31.9
0 days 00:29:03.098000,TSU,22,0 days 00:01:24.325000,8.0,1.0,,,0 days 00:00:27.808000,0 days 00:00:28.576000,0 days 00:00:27.941000,0 days 00:28:06.581000,0 days 00:28:35.157000,0 days 00:29:03.098000,295.0,309.0,286.0,314.0,True,MEDIUM,8.0,True,Racing Bulls,0 days 00:27:38.773000,2026-09-04 14:14:22.138,1,,,,False,True,FP2,55.5,33.7,31.9
0 days 00:31:12.232000,TSU,22,0 days 00:02:09.134000,9.0,1.0,,0 days 00:31:08.433000,0 days 00:00:43.703000,0 days 00:00:44.775000,0 days 00:00:40.656000,0 days 00:29:46.801000,0 days 00:30:31.576000,0 days 00:31:12.232000,189.0,199.0,,175.0,False,MEDIUM,9.0,True,Racing Bulls,0 days 00:29:03.098000,2026-09-04 14:15:46.463,1,,,,False,False,FP2,55.5,33.7,31.9
0 days 00:43:19.108000,TSU,22,,10.0,2.0,0 days 00:41:41.115000,,,0 days 00:00:32.294000,0 days 00:00:32.358000,,0 days 00:42:46.905000,0 days 00:43:19.111000,265.0,276.0,291.0,206.0,False,SOFT,1.0,True,Racing Bulls,0 days 00:31:12.232000,2026-09-04 14:17:55.597,1,,,,False,False,FP2,55.5,33.7,31.9
0 days 00:44:42.563000,TSU,22,0 days 00:01:23.455000,11.0,2.0,,,0 days 00:00:27.470000,0 days 00:00:28.349000,0 days 00:00:27.636000,0 days 00:43:46.578000,0 days 00:44:14.927000,0 days 00:44:42.563000,297.0,315.0,294.0,321.0,True,SOFT,2.0,True,Racing Bulls,0 days 00:43:19.108000,2026-09-04 14:30:02.473,1,,,,False,True,FP2,55.5,33.7,31.9
0 days 00:47:05.351000,TSU,22,0 days 00:02:22.788000,12.0,2.0,,,0 days 00:00:45.787000,0 days 00:00:49.576000,0 days 00:00:47.425000,0 days 00:45:28.350000,0 days 00:46:17.926000,0 days 00:47:05.351000,155.0,162.0,193.0,135.0,False,SOFT,3.0,True,Racing Bulls,0 days 00:44:42.563000,2026-09-04 14:31:25.928,1,,,,False,True,FP2,55.3,33.7,32.0
0 days 00:49:10.643000,TSU,22,0 days 00:02:05.292000,13.0,2.0,,,0 days 00:00:46.944000,0 days 00:00:39.223000,0 days 00:00:39.125000,0 days 00:47:52.295000,0 days 00:48:31.518000,0 days 00:49:10.643000,167.0,223.0,289.0,183.0,False,SOFT,4.0,True,Racing Bulls,0 days 00:47:05.351000,2026-09-04 14:33:48.716,1,,,,False,True,FP2,55.3,33.7,32.0
0 days 00:50:34.563000,TSU,22,0 days 00:01:23.920000,14.0,2.0,,,0 days 00:00:27.689000,0 days 00:00:28.445000,0 days 00:00:27.786000,0 days 00:49:38.332000,0 days 00:50:06.777000,0 days 00:50:34.563000,295.0,312.0,287.0,316.0,False,SOFT,5.0,True,Racing Bulls,0 days 00:49:10.643000,2026-09-04 14:35:54.008,1,,,,False,True,FP2,55.3,33.7,32.0
0 days 00:52:48.249000,TSU,22,0 days 00:02:13.686000,15.0,2.0,,0 days 00:52:44.617000,0 days 00:00:46.300000,0 days 00:00:43.168000,0 days 00:00:44.218000,0 days 00:51:20.863000,0 days 00:52:04.031000,0 days 00:52:48.249000,164.0,199.0,,172.0,False,SOFT,6.0,True,Racing Bulls,0 days 00:50:34.563000,2026-09-04 14:37:17.928,1,,,,False,False,FP2,55.3,33.7,32.0
0 days 00:59:52.692000,TSU,22,,16.0,3.0,0 days 00:58:07.961000,,,0 days 00:00:30.531000,0 days 00:00:29.412000,,0 days 00:59:23.495000,0 days 00:59:52.701000,281.0,300.0,277.0,249.0,False,MEDIUM,10.0,False,Racing Bulls,0 days 00:52:48.249000,2026-09-04 14:39:31.614,1,,,,False,False,FP2,55.3,33.7,32.0
0 days 01:01:21.424000,TSU,22,0 days 00:01:28.732000,17.0,3.0,,,0 days 00:00:29.369000,0 days 00:00:30.437000,0 days 00:00:28.926000,0 days 01:00:22.061000,0 days 01:00:52.498000,0 days 01:01:21.424000,287.0,301.0,301.0,301.0,False,MEDIUM,11.0,False,Racing Bulls,0 days 00:59:52.692000,2026-09-04 14:46:36.057,1,,,,False,True,FP2,55.3,33.7,32.0
0 days 01:02:48.651000,TSU,22,0 days 00:01:27.227000,18.0,3.0,,,0 days 00:00:28.853000,0 days 00:00:29.702000,0 days 00:00:28.672000,0 days 01:01:50.277000,0 days 01:02:19.979000,0 days 01:02:48.651000,285.0,302.0,313.0,308.0,False,MEDIUM,12.0,False,Racing Bulls,0 days 01:01:21.424000,2026-09-04 14:48:04.789,1,,,,False,True,FP2,55.3,33.7,32.0
0 days 01:04:16.267000,TSU,22,0 days 00:01:27.616000,19.0,3.0,,,0 days 00:00:28.981000,0 days 00:00:29.837000,0 days 00:00:28.798000,0 days 01:03:17.632000,0 days 01:03:47.469000,0 days 01:04:16.267000,285.0,303.0,301.0,312.0,False,MEDIUM,13.0,False,Racing Bulls,0 days 01:02:48.651000,2026-09-04 14:49:32.016,1,,,,False,True,FP2,55.3,33.7,32.0
0 days 01:05:44.288000,TSU,22,0 days 00:01:28.021000,20.0,3.0,,,0 days 00:00:29.551000,0 days 00:00:29.909000,0 days 00:00:28.561000,0 days 01:04:45.818000,0 days 01:05:15.727000,0 days 01:05:44.288000,291.0,313.0,309.0,291.0,False,MEDIUM,14.0,False,Racing Bulls,0 days 01:04:16.267000,2026-09-04 14:50:59.632,1,,,,False,True,FP2,55.3,33.7,32.0
0 days 01:07:10.807000,TSU,22,0 days 00:01:26.519000,21.0,3.0,,,0 days 00:00:28.114000,0 days 00:00:29.869000,0 days 00:00:28.536000,0 days 01:06:12.402000,0 days 01:06:42.271000,0 days 01:07:10.807000,301.0,314.0,311.0,320.0,False,MEDIUM,15.0,False,Racing Bulls,0 days 01:05:44.288000,2026-09-04 14:52:27.653,1,,,,False,True,FP2,55.3,33.7,32.0
0 days 01:08:37.698000,TSU,22,0 days 00:01:26.891000,22.0,3.0,,,0 days 00:00:28.460000,0 days 00:00:29.881000,0 days 00:00:28.550000,0 days 01:07:39.267000,0 days 01:08:09.148000,0 days 01:08:37.698000,290.0,306.0,311.0,323.0,False,MEDIUM,16.0,False,Racing Bulls,0 days 01:07:10.807000,2026-09-04 14:53:54.172,1,,,,False,True,FP2,55.3,33.7,32.0
0 days 01:10:04.574000,TSU,22,0 days 00:01:26.876000,23.0,3.0,,,0 days 00:00:28.494000,0 days 00:00:29.892000,0 days 00:00:28.490000,0 days 01:09:06.192000,0 days 01:09:36.084000,0 days 01:10:04.574000,289.0,308.0,319.0,317.0,False,MEDIUM,17.0,False,Racing Bulls,0 days 01:08:37.698000,2026-09-04 14:55:21.063,1,,,,False,True,FP2,55.3,33.7,32.0
0 days 01:11:32.119000,TSU,22,0 days 00:01:27.545000,24.0,3.0,,,0 days 00:00:28.888000,0 days 00:00:30.087000,0 days 00:00:28.570000,0 days 01:10:33.462000,0 days 01:11:03.549000,0 days 01:11:32.119000,292.0,314.0,311.0,321.0,False,MEDIUM,18.0,False,Racing Bulls,0 days 01:10:04.574000,2026-09-04 14:56:47.939,1,,,,False,True,FP2,55.3,33.7,32.0
0 days 01:12:59.481000,TSU,22,0 days 00:01:27.362000,25.0,3.0,,,0 days 00:00:28.777000,0 days 00:00:30.044000,0 days 00:00:28.541000,0 days 01:12:00.896000,0 days 01:12:30.940000,0 days 01:12:59.481000,290.0,312.0,316.0,316.0,False,MEDIUM,19.0,False,Racing Bulls,0 days 01:11:32.119000,2026-09-04 14:58:15.484,1,,,,False,True,FP2,55.3,33.7,32.0
0 days 01:14:26.924000,TSU,22,0 days 00:01:27.443000,26.0,3.0,,,0 days 00:00:28.562000,0 days 00:00:30.115000,0 days 00:00:28.766000,0 days 01:13:28.043000,0 days 01:13:58.158000,0 days 01:14:26.924000,290.0,312.0,317.0,320.0,False,MEDIUM,20.0,False,Racing Bulls,0 days 01:12:59.481000,2026-09-04 14:59:42.846,1,,,,False,True,FP2,55.3,33.7,32.0
0 days 01:16:54.980000,TSU,22,0 days 00:02:28.056000,27.0,3.0,,,0 days 00:00:43.897000,0 days 00:00:45.547000,0 days 00:00:58.612000,0 days 01:15:10.821000,0 days 01:15:56.368000,0 days 01:16:54.980000,136.0,229.0,55.0,184.0,False,MEDIUM,21.0,False,Racing Bulls,0 days 01:14:26.924000,2026-09-04 15:01:10.289,1,,,,False,True,FP2,55.2,33.7,31.4
0 days 01:19:29.032000,TSU,22,,28.0,3.0,,,0 days 00:01:15.885000,0 days 00:00:34.346000,0 days 00:00:43.774000,0 days 01:18:11.118000,0 days 01:18:45.403000,0 days 01:19:29.103000,280.0,234.0,102.0,287.0,False,MEDIUM,22.0,False,Racing Bulls,0 days 01:16:54.980000,2026-09-04 15:03:38.345,1,,,,False,False,FP2,55.2,33.7,31.4
0 days 01:21:37.271000,TSU,22,0 days 00:02:08.239000,29.0,3.0,,0 days 01:21:33.426000,0 days 00:01:02.153000,0 days 00:00:31.090000,0 days 00:00:34.996000,0 days 01:20:31.185000,0 days 01:21:02.275000,0 days 01:21:37.271000,278.0,293.0,,294.0,False,MEDIUM,23.0,False,Racing Bulls,0 days 01:19:29.032000,2026-09-04 15:06:12.397,12,,,,False,False,FP2,55.2,33.7,31.4
0 days 00:17:00.946000,ALB,23,,1.0,1.0,0 days 00:15:18.062000,,,0 days 00:00:34.212000,0 days 00:00:32.219000,,0 days 00:16:29.029000,0 days 00:17:01.121000,253.0,265.0,297.0,200.0,False,MEDIUM,1.0,True,Williams,0 days 00:15:18.062000,2026-09-04 14:02:01.427,1,,,,False,False,FP2,55.2,33.7,31.4
0 days 00:18:26.720000,ALB,23,0 days 00:01:25.774000,2.0,1.0,,,0 days 00:00:27.835000,0 days 00:00:29.186000,0 days 00:00:28.753000,0 days 00:17:28.781000,0 days 00:17:57.967000,0 days 00:18:26.720000,300.0,320.0,282.0,326.0,True,MEDIUM,2.0,True,Williams,0 days 00:17:00.946000,2026-09-04 14:03:44.311,1,,,,False,True,FP2,55.2,33.7,31.4
0 days 00:20:43.485000,ALB,23,0 days 00:02:16.765000,3.0,1.0,,,0 days 00:00:41.873000,0 days 00:00:55.883000,0 days 00:00:39.009000,0 days 00:19:08.593000,0 days 00:20:04.476000,0 days 00:20:43.485000,221.0,157.0,298.0,243.0,False,MEDIUM,3.0,True,Williams,0 days 00:18:26.720000,2026-09-04 14:05:10.085,1,,,,False,True,FP2,55.2,33.7,31.4
0 days 00:22:29.374000,ALB,23,0 days 00:01:45.889000,4.0,1.0,,,0 days 00:00:34.625000,0 days 00:00:38.888000,0 days 00:00:32.376000,0 days 00:21:18.110000,0 days 00:21:56.998000,0 days 00:22:29.374000,217.0,243.0,293.0,327.0,False,MEDIUM,4.0,True,Williams,0 days 00:20:43.485000,2026-09-04 14:07:26.850,1,,,,False,True,FP2,55.2,33.7,31.4
0 days 00:23:54.581000,ALB,23,0 days 00:01:25.207000,5.0,1.0,,,0 days 00:00:27.621000,0 days 00:00:28.851000,0 days 00:00:28.735000,0 days 00:22:56.995000,0 days 00:23:25.846000,0 days 00:23:54.581000,296.0,320.0,282.0,327.0,True,MEDIUM,5.0,True,Williams,0 days 00:22:29.374000,2026-09-04 14:09:12.739,1,,,,False,True,FP2,55.2,33.7,31.4
0 days 00:26:03.225000,ALB,23,0 days 00:02:08.644000,6.0,1.0,,,0 days 00:00:43.402000,0 days 00:00:47.650000,0 days 00:00:37.592000,0 days 00:24:37.983000,0 days 00:25:25.633000,0 days 00:26:03.225000,169.0,212.0,258.0,215.0,False,MEDIUM,6.0,True,Williams,0 days 00:23:54.581000,2026-09-04 14:10:37.946,1,,,,False,True,FP2,55.2,33.7,31.4
0 days 00:27:46.953000,ALB,23,0 days 00:01:43.728000,7.0,1.0,,,0 days 00:00:35.526000,0 days 00:00:34.902000,0 days 00:00:33.300000,0 days 00:26:38.751000,0 days 00:27:13.653000,0 days 00:27:46.953000,263.0,281.0,297.0,279.0,False,MEDIUM,7.0,True,Williams,0 days 00:26:03.225000,2026-09-04 14:12:46.590,1,,,,False,True,FP2,55.2,33.7,31.4
0 days 00:29:11.882000,ALB,23,0 days 00:01:24.929000,8.0,1.0,,,0 days 00:00:27.602000,0 days 00:00:28.792000,0 days 00:00:28.535000,0 days 00:28:14.555000,0 days 00:28:43.347000,0 days 00:29:11.882000,297.0,320.0,280.0,326.0,True,MEDIUM,8.0,True,Williams,0 days 00:27:46.953000,2026-09-04 14:14:30.318,1,,,,False,True,FP2,55.2,33.7,31.4
0 days 00:31:32.412000,ALB,23,0 days 00:02:20.530000,9.0,1.0,,,0 days 00:00:41.492000,0 days 00:00:57.243000,0 days 00:00:41.795000,0 days 00:29:53.374000,0 days 00:30:50.617000,0 days 00:31:32.412000,173.0,146.0,295.0,196.0,False,MEDIUM,9.0,True,Williams,0 days 00:29:11.882000,2026-09-04 14:15:55.247,1,,,,False,True,FP2,55.2,33.7,31.4
0 days 00:32:57.786000,ALB,23,0 days 00:01:25.374000,10.0,1.0,,,0 days 00:00:27.877000,0 days 00:00:28.810000,0 days 00:00:28.687000,0 days 00:32:00.289000,0 days 00:32:29.099000,0 days 00:32:57.786000,295.0,314.0,280.0,317.0,False,MEDIUM,10.0,True,Williams,0 days 00:31:32.412000,2026-09-04 14:18:15.777,1,,,,False,True,FP2,55.2,33.7,31.4
0 days 00:34:46.365000,ALB,23,0 days 00:01:48.579000,11.0,1.0,,0 days 00:34:42.653000,0 days 00:00:35.738000,0 days 00:00:36.341000,0 days 00:00:36.500000,0 days 00:33:33.524000,0 days 00:34:09.865000,0 days 00:34:46.365000,223.0,258.0,,276.0,False,MEDIUM,11.0,True,Williams,0 days 00:32:57.786000,2026-09-04 14:19:41.151,1,,,,False,False,FP2,55.2,33.7,31.4
0 days 00:43:23.447000,ALB,23,,12.0,2.0,0 days 00:41:45.429000,,,0 days 00:00:33.188000,0 days 00:00:31.691000,,0 days 00:42:51.931000,0 days 00:43:23.517000,257.0,187.0,301.0,225.0,False,SOFT,1.0,True,Williams,0 days 00:34:46.365000,2026-09-04 14:21:29.730,1,,,,False,False,FP2,55.2,33.7,31.4
0 days 00:44:47.300000,ALB,23,0 days 00:01:23.853000,13.0,2.0,,,0 days 00:00:27.254000,0 days 00:00:28.489000,0 days 00:00:28.110000,0 days 00:43:50.701000,0 days 00:44:19.190000,0 days 00:44:47.300000,302.0,322.0,284.0,326.0,True,SOFT,2.0,True,Williams,0 days 00:43:23.447000,2026-09-04 14:30:06.812,1,,,,False,True,FP2,55.2,33.7,31.4
0 days 00:46:44.466000,ALB,23,0 days 00:01:57.166000,14.0,2.0,,0 days 00:46:40.595000,0 days 00:00:41.938000,0 days 00:00:34.735000,0 days 00:00:40.493000,0 days 00:45:29.238000,0 days 00:46:03.973000,0 days 00:46:44.466000,255.0,285.0,,162.0,False,SOFT,3.0,True,Williams,0 days 00:44:47.300000,2026-09-04 14:31:30.665,1,,,,False,False,FP2,55.2,33.7,31.4
0 days 00:55:06.428000,ALB,23,,15.0,3.0,0 days 00:53:18.933000,,,0 days 00:00:30.399000,0 days 00:00:29.346000,,0 days 00:54:37.309000,0 days 00:55:06.574000,294.0,307.0,285.0,201.0,False,MEDIUM,12.0,False,Williams,0 days 00:46:44.466000,2026-09-04 14:33:27.831,1,,,,False,False,FP2,55.2,33.7,31.4
0 days 00:56:34.412000,ALB,23,0 days 00:01:27.984000,16.0,3.0,,,0 days 00:00:28.819000,0 days 00:00:29.796000,0 days 00:00:29.369000,0 days 00:55:35.247000,0 days 00:56:05.043000,0 days 00:56:34.412000,291.0,306.0,280.0,301.0,False,MEDIUM,13.0,False,Williams,0 days 00:55:06.428000,2026-09-04 14:41:49.793,1,,,,False,True,FP2,55.2,33.7,31.4
0 days 00:58:02.239000,ALB,23,0 days 00:01:27.827000,17.0,3.0,,,0 days 00:00:28.942000,0 days 00:00:29.642000,0 days 00:00:29.243000,0 days 00:57:03.354000,0 days 00:57:32.996000,0 days 00:58:02.239000,291.0,306.0,281.0,297.0,False,MEDIUM,14.0,False,Williams,0 days 00:56:34.412000,2026-09-04 14:43:17.777,1,,,,False,True,FP2,55.2,33.7,31.4
0 days 00:59:30.041000,ALB,23,0 days 00:01:27.802000,18.0,3.0,,,0 days 00:00:28.985000,0 days 00:00:29.762000,0 days 00:00:29.055000,0 days 00:58:31.224000,0 days 00:59:00.986000,0 days 00:59:30.041000,292.0,309.0,286.0,297.0,False,MEDIUM,15.0,False,Williams,0 days 00:58:02.239000,2026-09-04 14:44:45.604,1,,,,False,True,FP2,55.2,33.7,31.4
0 days 01:00:57.657000,ALB,23,0 days 00:01:27.616000,19.0,3.0,,,0 days 00:00:28.709000,0 days 00:00:29.880000,0 days 00:00:29.027000,0 days 00:59:58.750000,0 days 01:00:28.630000,0 days 01:00:57.657000,294.0,309.0,295.0,303.0,False,MEDIUM,16.0,False,Williams,0 days 00:59:30.041000,2026-09-04 14:46:13.406,1,,,,False,True,FP2,55.2,33.7,31.4
0 days 01:02:25.241000,ALB,23,0 days 00:01:27.584000,20.0,3.0,,,0 days 00:00:28.504000,0 days 00:00:29.917000,0 days 00:00:29.163000,0 days 01:01:26.161000,0 days 01:01:56.078000,0 days 01:02:25.241000,294.0,309.0,293.0,307.0,False,MEDIUM,17.0,False,Williams,0 days 01:00:57.657000,2026-09-04 14:47:41.022,1,,,,False,True,FP2,55.2,33.7,31.4
0 days 01:03:53.158000,ALB,23,0 days 00:01:27.917000,21.0,3.0,,,0 days 00:00:28.539000,0 days 00:00:30.113000,0 days 00:00:29.265000,0 days 01:02:53.780000,0 days 01:03:23.893000,0 days 01:03:53.158000,295.0,311.0,294.0,309.0,False,MEDIUM,18.0,False,Williams,0 days 01:02:25.241000,2026-09-04 14:49:08.606,1,,,,False,True,FP2,55.0,33.8,30.7
0 days 01:05:20.776000,ALB,23,0 days 00:01:27.618000,22.0,3.0,,,0 days 00:00:28.567000,0 days 00:00:29.937000,0 days 00:00:29.114000,0 days 01:04:21.725000,0 days 01:04:51.662000,0 days 01:05:20.776000,292.0,308.0,294.0,307.0,False,MEDIUM,19.0,False,Williams,0 days 01:03:53.158000,2026-09-04 14:50:36.523,1,,,,False,True,FP2,55.0,33.8,30.7
0 days 01:06:48.430000,ALB,23,0 days 00:01:27.654000,23.0,3.0,,,0 days 00:00:28.559000,0 days 00:00:29.967000,0 days 00:00:29.128000,0 days 01:05:49.335000,0 days 01:06:19.302000,0 days 01:06:48.430000,292.0,308.0,293.0,305.0,False,MEDIUM,20.0,False,Williams,0 days 01:05:20.776000,2026-09-04 14:52:04.141,1,,,,False,True,FP2,55.0,33.8,30.7
0 days 01:08:16.183000,ALB,23,0 days 00:01:27.753000,24.0,3.0,,,0 days 00:00:28.630000,0 days 00:00:30.071000,0 days 00:00:29.052000,0 days 01:07:17.060000,0 days 01:07:47.131000,0 days 01:08:16.183000,293.0,308.0,299.0,304.0,False,MEDIUM,21.0,False,Williams,0 days 01:06:48.430000,2026-09-04 14:53:31.795,1,,,,False,True,FP2,55.0,33.8,30.7
0 days 01:09:43.763000,ALB,23,0 days 00:01:27.580000,25.0,3.0,,,0 days 00:00:28.340000,0 days 00:00:30.119000,0 days 00:00:29.121000,0 days 01:08:44.523000,0 days 01:09:14.642000,0 days 01:09:43.763000,293.0,309.0,292.0,310.0,False,MEDIUM,22.0,False,Williams,0 days 01:08:16.183000,2026-09-04 14:54:59.548,1,,,,False,True,FP2,55.0,33.8,30.7
0 days 01:11:15.991000,ALB,23,0 days 00:01:32.228000,26.0,3.0,,0 days 01:11:12.302000,0 days 00:00:28.630000,0 days 00:00:30.211000,0 days 00:00:33.387000,0 days 01:10:12.393000,0 days 01:10:42.604000,0 days 01:11:15.991000,293.0,310.0,,307.0,False,MEDIUM,23.0,False,Williams,0 days 01:09:43.763000,2026-09-04 14:56:27.128,1,,,,False,False,FP2,55.0,33.8,30.7
0 days 01:13:04.784000,ALB,23,0 days 00:01:48.793000,27.0,4.0,0 days 01:11:36.884000,,0 days 00:00:49.165000,0 days 00:00:30.272000,0 days 00:00:29.356000,0 days 01:12:05.156000,0 days 01:12:35.428000,0 days 01:13:04.784000,286.0,304.0,285.0,258.0,False,SOFT,4.0,False,Williams,0 days 01:11:15.991000,2026-09-04 14:57:59.356,1,,,,False,False,FP2,55.0,33.8,30.7
0 days 01:14:32.406000,ALB,23,0 days 00:01:27.622000,28.0,4.0,,,0 days 00:00:29.229000,0 days 00:00:29.708000,0 days 00:00:28.685000,0 days 01:13:34.013000,0 days 01:14:03.721000,0 days 01:14:32.406000,292.0,311.0,293.0,299.0,False,SOFT,5.0,False,Williams,0 days 01:13:04.784000,2026-09-04 14:59:48.149,1,,,,False,True,FP2,55.1,33.7,31.2
0 days 01:16:38.148000,ALB,23,0 days 00:02:05.742000,29.0,4.0,,,0 days 00:00:37.487000,0 days 00:00:39.955000,0 days 00:00:48.300000,0 days 01:15:09.893000,0 days 01:15:49.848000,0 days 01:16:38.148000,182.0,221.0,51.0,252.0,False,SOFT,6.0,False,Williams,0 days 01:14:32.406000,2026-09-04 15:01:15.771,1,,,,False,True,FP2,55.1,33.7,31.2
0 days 01:19:12.730000,ALB,23,,30.0,4.0,,,0 days 00:01:24.514000,0 days 00:00:32.803000,0 days 00:00:37.247000,0 days 01:18:02.787000,0 days 01:18:35.709000,0 days 01:19:12.730000,287.0,275.0,62.0,298.0,False,SOFT,7.0,False,Williams,0 days 01:16:38.148000,2026-09-04 15:03:21.513,1,,,,False,False,FP2,55.1,33.7,31.2
0 days 01:21:19.790000,ALB,23,0 days 00:02:07.060000,31.0,4.0,,0 days 01:21:16.046000,0 days 00:01:03.172000,0 days 00:00:30.325000,0 days 00:00:33.563000,0 days 01:20:15.902000,0 days 01:20:46.227000,0 days 01:21:19.790000,278.0,304.0,,287.0,False,SOFT,8.0,False,Williams,0 days 01:19:12.730000,2026-09-04 15:05:56.095,12,,,,False,False,FP2,55.1,33.7,31.2
0 days 00:16:27.967000,HUL,27,,1.0,1.0,0 days 00:14:50.363000,,,0 days 00:00:32.743000,0 days 00:00:32.486000,,0 days 00:15:55.644000,0 days 00:16:27.998000,265.0,282.0,293.0,225.0,False,MEDIUM,1.0,True,Audi,0 days 00:14:50.363000,2026-09-04 14:01:33.728,1,,,,False,False,FP2,55.1,33.7,31.2
0 days 00:17:53.261000,HUL,27,0 days 00:01:25.294000,2.0,1.0,,,0 days 00:00:27.857000,0 days 00:00:28.973000,0 days 00:00:28.464000,0 days 00:16:55.824000,0 days 00:17:24.797000,0 days 00:17:53.261000,294.0,311.0,287.0,319.0,True,MEDIUM,2.0,True,Audi,0 days 00:16:27.967000,2026-09-04 14:03:11.332,1,,,,False,True,FP2,55.1,33.7,31.2
0 days 00:20:04.638000,HUL,27,0 days 00:02:11.377000,3.0,1.0,,,0 days 00:00:41.237000,0 days 00:00:47.613000,0 days 00:00:42.527000,0 days 00:18:34.498000,0 days 00:19:22.111000,0 days 00:20:04.638000,208.0,153.0,293.0,136.0,False,MEDIUM,3.0,True,Audi,0 days 00:17:53.261000,2026-09-04 14:04:36.626,1,,,,False,True,FP2,55.1,33.7,31.2
0 days 00:21:29.654000,HUL,27,0 days 00:01:25.016000,4.0,1.0,,,0 days 00:00:27.724000,0 days 00:00:28.757000,0 days 00:00:28.535000,0 days 00:20:32.362000,0 days 00:21:01.119000,0 days 00:21:29.654000,295.0,310.0,280.0,317.0,True,MEDIUM,4.0,True,Audi,0 days 00:20:04.638000,2026-09-04 14:06:48.003,1,,,,False,True,FP2,55.1,33.7,31.2
0 days 00:23:39.106000,HUL,27,0 days 00:02:09.452000,5.0,1.0,,,0 days 00:00:44.469000,0 days 00:00:45.550000,0 days 00:00:39.433000,0 days 00:22:14.123000,0 days 00:22:59.673000,0 days 00:23:39.106000,139.0,205.0,217.0,139.0,False,MEDIUM,5.0,True,Audi,0 days 00:21:29.654000,2026-09-04 14:08:13.019,1,,,,False,True,FP2,55.1,33.7,31.2
0 days 00:25:37.169000,HUL,27,0 days 00:01:58.063000,6.0,1.0,,,0 days 00:00:38.319000,0 days 00:00:34.810000,0 days 00:00:44.934000,0 days 00:24:17.425000,0 days 00:24:52.235000,0 days 00:25:37.169000,238.0,225.0,286.0,161.0,False,MEDIUM,6.0,True,Audi,0 days 00:23:39.106000,2026-09-04 14:10:22.471,1,,,,False,True,FP2,54.9,33.7,30.7
0 days 00:27:02.188000,HUL,27,0 days 00:01:25.019000,7.0,1.0,,,0 days 00:00:27.776000,0 days 00:00:28.922000,0 days 00:00:28.321000,0 days 00:26:04.945000,0 days 00:26:33.867000,0 days 00:27:02.188000,290.0,305.0,278.0,313.0,False,MEDIUM,7.0,True,Audi,0 days 00:25:37.169000,2026-09-04 14:12:20.534,1,,,,False,True,FP2,54.9,33.7,30.7
0 days 00:29:06.367000,HUL,27,0 days 00:02:04.179000,8.0,1.0,,,0 days 00:00:41.738000,0 days 00:00:42.611000,0 days 00:00:39.830000,0 days 00:27:43.926000,0 days 00:28:26.537000,0 days 00:29:06.367000,191.0,202.0,250.0,134.0,False,MEDIUM,8.0,True,Audi,0 days 00:27:02.188000,2026-09-04 14:13:45.553,1,,,,False,True,FP2,54.9,33.7,30.7
0 days 00:31:08.741000,HUL,27,0 days 00:02:02.374000,9.0,1.0,,,0 days 00:00:41.503000,0 days 00:00:45.480000,0 days 00:00:35.391000,0 days 00:29:47.870000,0 days 00:30:33.350000,0 days 00:31:08.741000,188.0,200.0,291.0,187.0,False,MEDIUM,9.0,True,Audi,0 days 00:29:06.367000,2026-09-04 14:15:49.732,1,,,,False,True,FP2,54.9,33.7,30.7
0 days 00:32:43.168000,HUL,27,0 days 00:01:34.427000,10.0,1.0,,,0 days 00:00:27.999000,0 days 00:00:28.602000,0 days 00:00:37.826000,0 days 00:31:36.740000,0 days 00:32:05.342000,0 days 00:32:43.168000,291.0,307.0,248.0,309.0,False,MEDIUM,10.0,True,Audi,0 days 00:31:08.741000,2026-09-04 14:17:52.106,1,,,,False,True,FP2,54.9,33.7,30.7
0 days 00:34:26.649000,HUL,27,0 days 00:01:43.481000,11.0,1.0,,0 days 00:34:22.744000,0 days 00:00:32.067000,0 days 00:00:31.852000,0 days 00:00:39.562000,0 days 00:33:15.235000,0 days 00:33:47.087000,0 days 00:34:26.649000,255.0,285.0,,269.0,False,MEDIUM,11.0,True,Audi,0 days 00:32:43.168000,2026-09-04 14:19:26.533,1,,,,False,False,FP2,54.9,33.7,30.7
0 days 00:43:16.350000,HUL,27,,12.0,2.0,0 days 00:41:38.802000,,,0 days 00:00:32.771000,0 days 00:00:32.135000,,0 days 00:42:44.414000,0 days 00:43:16.486000,259.0,278.0,294.0,216.0,False,SOFT,1.0,True,Audi,0 days 00:34:26.649000,2026-09-04 14:21:10.014,1,,,,False,False,FP2,54.9,33.7,30.7
0 days 00:44:40.082000,HUL,27,0 days 00:01:23.732000,13.0,2.0,,,0 days 00:00:27.550000,0 days 00:00:28.410000,0 days 00:00:27.772000,0 days 00:43:43.900000,0 days 00:44:12.310000,0 days 00:44:40.082000,296.0,316.0,284.0,318.0,True,SOFT,2.0,True,Audi,0 days 00:43:16.350000,2026-09-04 14:29:59.715,1,,,,False,True,FP2,54.9,33.7,30.7
0 days 00:46:43.645000,HUL,27,0 days 00:02:03.563000,14.0,2.0,,0 days 00:46:39.849000,0 days 00:00:40.093000,0 days 00:00:39.656000,0 days 00:00:43.814000,0 days 00:45:20.175000,0 days 00:45:59.831000,0 days 00:46:43.645000,217.0,267.0,,148.0,False,SOFT,3.0,True,Audi,0 days 00:44:40.082000,2026-09-04 14:31:23.447,1,,,,False,False,FP2,54.9,33.7,30.7
0 days 00:49:12.574000,HUL,27,0 days 00:02:28.929000,15.0,3.0,0 days 00:47:10.531000,,0 days 00:01:09.022000,0 days 00:00:40.190000,0 days 00:00:39.717000,0 days 00:47:52.667000,0 days 00:48:32.857000,0 days 00:49:12.574000,154.0,230.0,294.0,170.0,False,SOFT,4.0,False,Audi,0 days 00:46:43.645000,2026-09-04 14:33:27.010,1,,,,False,False,FP2,54.9,33.7,30.7
0 days 00:50:36.617000,HUL,27,0 days 00:01:24.043000,16.0,3.0,,,0 days 00:00:27.605000,0 days 00:00:28.596000,0 days 00:00:27.842000,0 days 00:49:40.179000,0 days 00:50:08.775000,0 days 00:50:36.617000,293.0,315.0,292.0,318.0,False,SOFT,5.0,False,Audi,0 days 00:49:12.574000,2026-09-04 14:35:55.939,1,,,,False,True,FP2,54.9,33.7,30.7
0 days 00:52:14.863000,HUL,27,0 days 00:01:38.246000,17.0,3.0,,0 days 00:52:10.925000,0 days 00:00:31.051000,0 days 00:00:31.597000,0 days 00:00:35.598000,0 days 00:51:07.668000,0 days 00:51:39.265000,0 days 00:52:14.863000,259.0,289.0,,271.0,False,SOFT,6.0,False,Audi,0 days 00:50:36.617000,2026-09-04 14:37:19.982,1,,,,False,False,FP2,54.9,33.7,30.7
0 days 00:58:47.012000,HUL,27,,18.0,4.0,0 days 00:57:18.500000,,,0 days 00:00:30.080000,0 days 00:00:29.250000,,0 days 00:58:17.927000,0 days 00:58:47.045000,280.0,299.0,294.0,276.0,False,SOFT,7.0,False,Audi,0 days 00:52:14.863000,2026-09-04 14:38:58.228,1,,,,False,False,FP2,54.9,33.7,30.7
0 days 01:00:15.036000,HUL,27,0 days 00:01:28.024000,19.0,4.0,,,0 days 00:00:29.144000,0 days 00:00:29.791000,0 days 00:00:29.089000,0 days 00:59:16.156000,0 days 00:59:45.947000,0 days 01:00:15.036000,281.0,300.0,296.0,293.0,False,SOFT,8.0,False,Audi,0 days 00:58:47.012000,2026-09-04 14:45:30.377,1,,,,False,True,FP2,54.9,33.7,30.7
0 days 01:01:42.696000,HUL,27,0 days 00:01:27.660000,20.0,4.0,,,0 days 00:00:28.979000,0 days 00:00:29.703000,0 days 00:00:28.978000,0 days 01:00:44.015000,0 days 01:01:13.718000,0 days 01:01:42.696000,284.0,299.0,297.0,293.0,False,SOFT,9.0,False,Audi,0 days 01:00:15.036000,2026-09-04 14:46:58.401,1,,,,False,True,FP2,54.9,33.7,30.7
0 days 01:03:10.035000,HUL,27,0 days 00:01:27.339000,21.0,4.0,,,0 days 00:00:28.839000,0 days 00:00:29.710000,0 days 00:00:28.790000,0 days 01:02:11.535000,0 days 01:02:41.245000,0 days 01:03:10.035000,284.0,299.0,297.0,293.0,False,SOFT,10.0,False,Audi,0 days 01:01:42.696000,2026-09-04 14:48:26.061,1,,,,False,True,FP2,54.7,33.7,30.5
0 days 01:04:37.906000,HUL,27,0 days 00:01:27.871000,22.0,4.0,,,0 days 00:00:28.904000,0 days 00:00:29.888000,0 days 00:00:29.079000,0 days 01:03:38.939000,0 days 01:04:08.827000,0 days 01:04:37.906000,285.0,299.0,298.0,290.0,False,SOFT,11.0,False,Audi,0 days 01:03:10.035000,2026-09-04 14:49:53.400,1,,,,False,True,FP2,54.7,33.7,30.5
0 days 01:06:05.423000,HUL,27,0 days 00:01:27.517000,23.0,4.0,,,0 days 00:00:28.934000,0 days 00:00:29.641000,0 days 00:00:28.942000,0 days 01:05:06.840000,0 days 01:05:36.481000,0 days 01:06:05.423000,282.0,302.0,301.0,294.0,False,SOFT,12.0,False,Audi,0 days 01:04:37.906000,2026-09-04 14:51:21.271,1,,,,False,True,FP2,54.7,33.7,30.5
0 days 01:07:33.370000,HUL,27,0 days 00:01:27.947000,24.0,4.0,,,0 days 00:00:29.155000,0 days 00:00:29.934000,0 days 00:00:28.858000,0 days 01:06:34.578000,0 days 01:07:04.512000,0 days 01:07:33.370000,288.0,311.0,306.0,285.0,False,SOFT,13.0,False,Audi,0 days 01:06:05.423000,2026-09-04 14:52:48.788,1,,,,False,True,FP2,54.7,33.7,30.5
0 days 01:09:01.241000,HUL,27,0 days 00:01:27.871000,25.0,4.0,,,0 days 00:00:28.537000,0 days 00:00:30.373000,0 days 00:00:28.961000,0 days 01:08:01.907000,0 days 01:08:32.280000,0 days 01:09:01.241000,292.0,309.0,303.0,309.0,False,SOFT,14.0,False,Audi,0 days 01:07:33.370000,2026-09-04 14:54:16.735,1,,,,False,True,FP2,54.7,33.7,30.5
0 days 01:10:28.370000,HUL,27,0 days 00:01:27.129000,26.0,4.0,,,0 days 00:00:28.547000,0 days 00:00:29.878000,0 days 00:00:28.704000,0 days 01:09:29.788000,0 days 01:09:59.666000,0 days 01:10:28.370000,286.0,306.0,304.0,302.0,False,SOFT,15.0,False,Audi,0 days 01:09:01.241000,2026-09-04 14:55:44.606,1,,,,False,True,FP2,54.7,33.7,30.5
0 days 01:12:00.020000,HUL,27,0 days 00:01:31.650000,27.0,4.0,,0 days 01:11:56.066000,0 days 00:00:28.645000,0 days 00:00:29.853000,0 days 00:00:33.152000,0 days 01:10:57.015000,0 days 01:11:26.868000,0 days 01:12:00.020000,286.0,304.0,,299.0,False,SOFT,16.0,False,Audi,0 days 01:10:28.370000,2026-09-04 14:57:11.735,1,,,,False,False,FP2,54.7,33.7,30.5
0 days 01:14:19.487000,HUL,27,0 days 00:02:19.467000,28.0,5.0,0 days 01:12:25.771000,0 days 01:14:15.511000,0 days 00:01:12.417000,0 days 00:00:30.330000,0 days 00:00:36.720000,0 days 01:13:12.437000,0 days 01:13:42.767000,0 days 01:14:19.487000,283.0,300.0,,261.0,False,MEDIUM,12.0,False,Audi,0 days 01:12:00.020000,2026-09-04 14:58:43.385,1,,,,False,False,FP2,55.0,33.7,29.8
0 days 00:16:05.825000,LAW,30,,1.0,1.0,0 days 00:14:14.718000,,,0 days 00:00:34.565000,0 days 00:00:33.603000,,0 days 00:15:32.505000,0 days 00:16:06.084000,286.0,274.0,291.0,118.0,False,SOFT,1.0,True,Red Bull Racing,0 days 00:14:14.718000,2026-09-04 14:00:58.083,1,,,,False,False,FP2,55.0,33.7,29.8
0 days 00:17:30.298000,LAW,30,0 days 00:01:24.473000,2.0,1.0,,,0 days 00:00:27.747000,0 days 00:00:28.661000,0 days 00:00:28.065000,0 days 00:16:33.572000,0 days 00:17:02.233000,0 days 00:17:30.298000,298.0,313.0,284.0,323.0,True,SOFT,2.0,True,Red Bull Racing,0 days 00:16:05.825000,2026-09-04 14:02:49.190,1,,,,False,True,FP2,55.0,33.7,29.8
0 days 00:19:54.243000,LAW,30,0 days 00:02:23.945000,3.0,1.0,,,0 days 00:00:45.698000,0 days 00:00:55.268000,0 days 00:00:42.979000,0 days 00:18:15.996000,0 days 00:19:11.264000,0 days 00:19:54.243000,148.0,140.0,233.0,209.0,False,SOFT,3.0,True,Red Bull Racing,0 days 00:17:30.298000,2026-09-04 14:04:13.663,1,,,,False,True,FP2,55.0,33.7,29.8
0 days 00:21:44.261000,LAW,30,0 days 00:01:50.018000,4.0,1.0,,,0 days 00:00:39.093000,0 days 00:00:37.463000,0 days 00:00:33.462000,0 days 00:20:33.336000,0 days 00:21:10.799000,0 days 00:21:44.261000,141.0,265.0,288.0,212.0,False,SOFT,4.0,True,Red Bull Racing,0 days 00:19:54.243000,2026-09-04 14:06:37.608,1,,,,False,True,FP2,55.0,33.7,29.8
0 days 00:23:08.396000,LAW,30,0 days 00:01:24.135000,5.0,1.0,,,0 days 00:00:27.541000,0 days 00:00:28.536000,0 days 00:00:28.058000,0 days 00:22:11.802000,0 days 00:22:40.338000,0 days 00:23:08.396000,298.0,315.0,285.0,319.0,True,SOFT,5.0,True,Red Bull Racing,0 days 00:21:44.261000,2026-09-04 14:08:27.626,1,,,,False,True,FP2,55.0,33.7,29.8
0 days 00:25:28.686000,LAW,30,0 days 00:02:20.290000,6.0,1.0,,,0 days 00:00:41.935000,0 days 00:00:53.469000,0 days 00:00:44.886000,0 days 00:23:50.331000,0 days 00:24:43.800000,0 days 00:25:28.686000,134.0,161.0,207.0,243.0,False,SOFT,6.0,True,Red Bull Racing,0 days 00:23:08.396000,2026-09-04 14:09:51.761,1,,,,False,True,FP2,55.0,33.7,29.8
0 days 00:27:19.761000,LAW,30,0 days 00:01:51.075000,7.0,1.0,,,0 days 00:00:42.100000,0 days 00:00:36.284000,0 days 00:00:32.691000,0 days 00:26:10.786000,0 days 00:26:47.070000,0 days 00:27:19.761000,156.0,271.0,291.0,247.0,False,SOFT,7.0,True,Red Bull Racing,0 days 00:25:28.686000,2026-09-04 14:12:12.051,1,,,,False,True,FP2,55.0,33.7,29.8
0 days 00:28:43.421000,LAW,30,0 days 00:01:23.660000,8.0,1.0,,,0 days 00:00:27.490000,0 days 00:00:28.426000,0 days 00:00:27.744000,0 days 00:27:47.251000,0 days 00:28:15.677000,0 days 00:28:43.421000,297.0,313.0,287.0,320.0,True,SOFT,8.0,True,Red Bull Racing,0 days 00:27:19.761000,2026-09-04 14:14:03.126,1,,,,False,True,FP2,55.0,33.7,29.8
0 days 00:30:26.676000,LAW,30,0 days 00:01:43.255000,9.0,1.0,,0 days 00:30:23.098000,0 days 00:00:31.737000,0 days 00:00:32.185000,0 days 00:00:39.333000,0 days 00:29:15.158000,0 days 00:29:47.343000,0 days 00:30:26.676000,276.0,293.0,,276.0,False,SOFT,9.0,True,Red Bull Racing,0 days 00:28:43.421000,2026-09-04 14:15:26.786,1,,,,False,False,FP2,55.0,33.7,29.8
0 days 00:39:37.177000,LAW,30,,10.0,2.0,0 days 00:37:34.123000,,,0 days 00:00:30.643000,0 days 00:00:29.690000,,0 days 00:39:07.641000,0 days 00:39:37.228000,283.0,301.0,286.0,270.0,False,SOFT,10.0,False,Red Bull Racing,0 days 00:30:26.676000,2026-09-04 14:17:10.041,1,,,,False,False,FP2,55.0,33.7,29.8
0 days 00:41:04.912000,LAW,30,0 days 00:01:27.735000,11.0,2.0,,,0 days 00:00:28.877000,0 days 00:00:29.827000,0 days 00:00:29.031000,0 days 00:40:06.054000,0 days 00:40:35.881000,0 days 00:41:04.912000,287.0,304.0,300.0,302.0,False,SOFT,11.0,False,Red Bull Racing,0 days 00:39:37.177000,2026-09-04 14:26:20.542,1,,,,False,True,FP2,53.5,33.7,30.9
0 days 00:42:32.079000,LAW,30,0 days 00:01:27.167000,12.0,2.0,,,0 days 00:00:28.630000,0 days 00:00:29.699000,0 days 00:00:28.838000,0 days 00:41:33.542000,0 days 00:42:03.241000,0 days 00:42:32.079000,287.0,303.0,302.0,301.0,False,SOFT,12.0,False,Red Bull Racing,0 days 00:41:04.912000,2026-09-04 14:27:48.277,1,,,,False,True,FP2,53.5,33.7,30.9
0 days 00:43:59.344000,LAW,30,0 days 00:01:27.265000,13.0,2.0,,,0 days 00:00:28.790000,0 days 00:00:29.736000,0 days 00:00:28.739000,0 days 00:43:00.869000,0 days 00:43:30.605000,0 days 00:43:59.344000,286.0,305.0,306.0,298.0,False,SOFT,13.0,False,Red Bull Racing,0 days 00:42:32.079000,2026-09-04 14:29:15.444,1,,,,False,True,FP2,53.5,33.7,30.9
0 days 00:45:26.034000,LAW,30,0 days 00:01:26.690000,14.0,2.0,,,0 days 00:00:28.485000,0 days 00:00:29.662000,0 days 00:00:28.543000,0 days 00:44:27.829000,0 days 00:44:57.491000,0 days 00:45:26.034000,289.0,307.0,307.0,309.0,False,SOFT,14.0,False,Red Bull Racing,0 days 00:43:59.344000,2026-09-04 14:30:42.709,1,,,,False,True,FP2,53.5,33.7,30.9
0 days 00:46:52.692000,LAW,30,0 days 00:01:26.658000,15.0,2.0,,,0 days 00:00:28.461000,0 days 00:00:29.654000,0 days 00:00:28.543000,0 days 00:45:54.495000,0 days 00:46:24.149000,0 days 00:46:52.692000,288.0,307.0,309.0,309.0,False,SOFT,15.0,False,Red Bull Racing,0 days 00:45:26.034000,2026-09-04 14:32:09.399,1,,,,False,True,FP2,53.5,33.7,30.9
0 days 00:48:19.462000,LAW,30,0 days 00:01:26.770000,16.0,2.0,,,0 days 00:00:28.578000,0 days 00:00:29.702000,0 days 00:00:28.490000,0 days 00:47:21.270000,0 days 00:47:50.972000,0 days 00:48:19.462000,287.0,304.0,309.0,303.0,False,SOFT,16.0,False,Red Bull Racing,0 days 00:46:52.692000,2026-09-04 14:33:36.057,1,,,,False,True,FP2,53.5,33.7,30.9
0 days 00:49:46.860000,LAW,30,0 days 00:01:27.398000,17.0,2.0,,,0 days 00:00:28.477000,0 days 00:00:29.758000,0 days 00:00:29.163000,0 days 00:48:47.939000,0 days 00:49:17.697000,0 days 00:49:46.860000,286.0,305.0,299.0,309.0,False,SOFT,17.0,False,Red Bull Racing,0 days 00:48:19.462000,2026-09-04 14:35:02.827,1,,,,False,True,FP2,53.5,33.7,30.9
0 days 00:51:13.492000,LAW,30,0 days 00:01:26.632000,18.0,2.0,,,0 days 00:00:28.531000,0 days 00:00:29.551000,0 days 00:00:28.550000,0 days 00:50:15.391000,0 days 00:50:44.942000,0 days 00:51:13.492000,290.0,310.0,311.0,307.0,False,SOFT,18.0,False,Red Bull Racing,0 days 00:49:46.860000,2026-09-04 14:36:30.225,1,,,,False,True,FP2,53.5,33.7,30.9
0 days 00:52:40.109000,LAW,30,0 days 00:01:26.617000,19.0,2.0,,,0 days 00:00:28.401000,0 days 00:00:29.780000,0 days 00:00:28.436000,0 days 00:51:41.893000,0 days 00:52:11.673000,0 days 00:52:40.109000,285.0,305.0,309.0,308.0,False,SOFT,19.0,False,Red Bull Racing,0 days 00:51:13.492000,2026-09-04 14:37:56.857,1,,,,False,True,FP2,53.5,33.7,30.9
0 days 00:54:06.470000,LAW,30,0 days 00:01:26.361000,20.0,2.0,,,0 days 00:00:28.385000,0 days 00:00:29.574000,0 days 00:00:28.402000,0 days 00:53:08.494000,0 days 00:53:38.068000,0 days 00:54:06.470000,287.0,306.0,307.0,307.0,False,SOFT,20.0,False,Red Bull Racing,0 days 00:52:40.109000,2026-09-04 14:39:23.474,1,,,,False,True,FP2,53.5,33.7,30.9
0 days 00:55:37.055000,LAW,30,0 days 00:01:30.585000,21.0,2.0,,0 days 00:55:33.116000,0 days 00:00:28.524000,0 days 00:00:29.557000,0 days 00:00:32.504000,0 days 00:54:34.994000,0 days 00:55:04.551000,0 days 00:55:37.055000,286.0,305.0,,308.0,False,SOFT,21.0,False,Red Bull Racing,0 days 00:54:06.470000,2026-09-04 14:40:49.835,1,,,,False,False,FP2,53.5,33.7,30.9
0 days 00:57:30.322000,LAW,30,0 days 00:01:53.267000,22.0,3.0,0 days 00:56:01.946000,,0 days 00:00:54.287000,0 days 00:00:30.286000,0 days 00:00:28.694000,0 days 00:56:31.342000,0 days 00:57:01.628000,0 days 00:57:30.322000,284.0,301.0,302.0,243.0,False,HARD,1.0,True,Red Bull Racing,0 days 00:55:37.055000,2026-09-04 14:42:20.420,1,,,,False,False,FP2,54.4,33.8,30.8
0 days 00:58:56.574000,LAW,30,0 days 00:01:26.252000,23.0,3.0,,,0 days 00:00:28.486000,0 days 00:00:29.572000,0 days 00:00:28.194000,0 days 00:57:58.808000,0 days 00:58:28.380000,0 days 00:58:56.574000,287.0,306.0,310.0,307.0,False,HARD,2.0,True,Red Bull Racing,0 days 00:57:30.322000,2026-09-04 14:44:13.687,1,,,,False,True,FP2,54.4,33.8,30.8
0 days 01:00:22.538000,LAW,30,0 days 00:01:25.964000,24.0,3.0,,,0 days 00:00:28.314000,0 days 00:00:29.421000,0 days 00:00:28.229000,0 days 00:59:24.888000,0 days 00:59:54.309000,0 days 01:00:22.538000,288.0,308.0,311.0,309.0,False,HARD,3.0,True,Red Bull Racing,0 days 00:58:56.574000,2026-09-04 14:45:39.939,1,,,,False,True,FP2,54.4,33.8,30.8
0 days 01:01:48.292000,LAW,30,0 days 00:01:25.754000,25.0,3.0,,,0 days 00:00:28.169000,0 days 00:00:29.325000,0 days 00:00:28.260000,0 days 01:00:50.707000,0 days 01:01:20.032000,0 days 01:01:48.292000,290.0,311.0,311.0,314.0,False,HARD,4.0,True,Red Bull Racing,0 days 01:00:22.538000,2026-09-04 14:47:05.903,1,,,,False,True,FP2,54.4,33.8,30.8
0 days 01:03:14.160000,LAW,30,0 days 00:01:25.868000,26.0,3.0,,,0 days 00:00:28.157000,0 days 00:00:29.380000,0 days 00:00:28.331000,0 days 01:02:16.449000,0 days 01:02:45.829000,0 days 01:03:14.160000,292.0,315.0,311.0,316.0,False,HARD,5.0,True,Red Bull Racing,0 days 01:01:48.292000,2026-09-04 14:48:31.657,1,,,,False,True,FP2,54.4,33.8,30.8
0 days 01:04:40.043000,LAW,30,0 days 00:01:25.883000,27.0,3.0,,,0 days 00:00:28.209000,0 days 00:00:29.401000,0 days 00:00:28.273000,0 days 01:03:42.369000,0 days 01:04:11.770000,0 days 01:04:40.043000,290.0,311.0,314.0,324.0,False,HARD,6.0,True,Red Bull Racing,0 days 01:03:14.160000,2026-09-04 14:49:57.525,1,,,,False,True,FP2,54.4,33.8,30.8
0 days 01:06:05.625000,LAW,30,0 days 00:01:25.582000,28.0,3.0,,,0 days 00:00:27.846000,0 days 00:00:29.542000,0 days 00:00:28.194000,0 days 01:05:07.889000,0 days 01:05:37.431000,0 days 01:06:05.625000,304.0,315.0,322.0,320.0,False,HARD,7.0,True,Red Bull Racing,0 days 01:04:40.043000,2026-09-04 14:51:23.408,1,,,,False,True,FP2,53.2,33.8,31.4
0 days 01:07:31.892000,LAW,30,0 days 00:01:26.267000,29.0,3.0,,,0 days 00:00:28.159000,0 days 00:00:29.672000,0 days 00:00:28.436000,0 days 01:06:33.784000,0 days 01:07:03.456000,0 days 01:07:31.892000,289.0,309.0,314.0,314.0,False,HARD,8.0,True,Red Bull Racing,0 days 01:06:05.625000,2026-09-04 14:52:48.990,1,,,,False,True,FP2,53.2,33.8,31.4
0 days 01:08:58.463000,LAW,30,0 days 00:01:26.571000,30.0,3.0,,,0 days 00:00:28.175000,0 days 00:00:30.002000,0 days 00:00:28.394000,0 days 01:08:00.067000,0 days 01:08:30.069000,0 days 01:08:58.463000,289.0,305.0,304.0,314.0,False,HARD,9.0,True,Red Bull Racing,0 days 01:07:31.892000,2026-09-04 14:54:15.257,1,,,,False,True,FP2,53.2,33.8,31.4
0 days 01:10:24.617000,LAW,30,0 days 00:01:26.154000,31.0,3.0,,,0 days 00:00:28.521000,0 days 00:00:29.375000,0 days 00:00:28.258000,0 days 01:09:26.984000,0 days 01:09:56.359000,0 days 01:10:24.617000,286.0,305.0,307.0,309.0,False,HARD,10.0,True,Red Bull Racing,0 days 01:08:58.463000,2026-09-04 14:55:41.828,1,,,,False,True,FP2,53.2,33.8,31.4
0 days 01:11:50.745000,LAW,30,0 days 00:01:26.128000,32.0,3.0,,,0 days 00:00:28.398000,0 days 00:00:29.364000,0 days 00:00:28.366000,0 days 01:10:53.015000,0 days 01:11:22.379000,0 days 01:11:50.745000,287.0,306.0,310.0,311.0,False,HARD,11.0,True,Red Bull Racing,0 days 01:10:24.617000,2026-09-04 14:57:07.982,1,,,,False,True,FP2,53.2,33.8,31.4
0 days 01:13:16.625000,LAW,30,0 days 00:01:25.880000,33.0,3.0,,,0 days 00:00:28.456000,0 days 00:00:29.420000,0 days 00:00:28.004000,0 days 01:12:19.201000,0 days 01:12:48.621000,0 days 01:13:16.625000,287.0,307.0,308.0,309.0,False,HARD,12.0,True,Red Bull Racing,0 days 01:11:50.745000,2026-09-04 14:58:34.110,1,,,,False,True,FP2,53.2,33.8,31.4
0 days 01:14:43.084000,LAW,30,0 days 00:01:26.459000,34.0,3.0,,,0 days 00:00:28.530000,0 days 00:00:29.376000,0 days 00:00:28.553000,0 days 01:13:45.155000,0 days 01:14:14.531000,0 days 01:14:43.084000,287.0,306.0,305.0,312.0,False,HARD,13.0,True,Red Bull Racing,0 days 01:13:16.625000,2026-09-04 14:59:59.990,1,,,,False,True,FP2,53.8,34.0,31.8
0 days 01:17:04.450000,LAW,30,0 days 00:02:21.366000,35.0,3.0,,,0 days 00:00:40.844000,0 days 00:00:45.402000,0 days 00:00:55.120000,0 days 01:15:23.928000,0 days 01:16:09.330000,0 days 01:17:04.450000,176.0,184.0,49.0,233.0,False,HARD,14.0,True,Red Bull Racing,0 days 01:14:43.084000,2026-09-04 15:01:26.449,1,,,,False,True,FP2,53.8,34.0,31.8
0 days 01:19:44.320000,LAW,30,,36.0,3.0,,,0 days 00:01:18.609000,0 days 00:00:31.988000,0 days 00:00:49.177000,0 days 01:18:23.265000,0 days 01:18:55.296000,0 days 01:19:44.320000,286.0,176.0,101.0,292.0,False,HARD,15.0,True,Red Bull Racing,0 days 01:17:04.450000,2026-09-04 15:03:47.815,1,,,,False,False,FP2,53.8,34.0,31.8
0 days 01:22:21.400000,LAW,30,,37.0,3.0,,0 days 01:22:17.528000,0 days 00:01:22.355000,0 days 00:00:31.770000,0 days 00:00:43.037000,0 days 01:21:06.724000,0 days 01:21:38.572000,0 days 01:22:21.400000,285.0,221.0,,288.0,False,HARD,16.0,True,Red Bull Racing,0 days 01:19:44.320000,2026-09-04 15:06:27.685,12,,,,False,False,FP2,53.9,34.0,31.7
0 days 00:15:43.402000,OCO,31,,1.0,1.0,0 days 00:13:39.116000,,,0 days 00:00:36.572000,0 days 00:00:36.100000,,0 days 00:15:07.521000,0 days 00:15:43.481000,231.0,206.0,280.0,97.0,False,MEDIUM,1.0,True,Haas F1 Team,0 days 00:13:39.116000,2026-09-04 14:00:22.481,1,,,,False,False,FP2,53.9,34.0,31.7
0 days 00:17:10.775000,OCO,31,0 days 00:01:27.373000,2.0,1.0,,,0 days 00:00:28.168000,0 days 00:00:29.567000,0 days 00:00:29.638000,0 days 00:16:11.570000,0 days 00:16:41.137000,0 days 00:17:10.775000,290.0,305.0,282.0,317.0,True,MEDIUM,2.0,True,Haas F1 Team,0 days 00:15:43.402000,2026-09-04 14:02:26.767,1,,,,False,True,FP2,53.9,34.0,31.7
0 days 00:19:39.957000,OCO,31,0 days 00:02:29.182000,3.0,1.0,,0 days 00:19:36.244000,0 days 00:00:51.752000,0 days 00:00:49.419000,0 days 00:00:48.011000,0 days 00:18:02.527000,0 days 00:18:51.946000,0 days 00:19:39.957000,108.0,225.0,,144.0,False,MEDIUM,3.0,True,Haas F1 Team,0 days 00:17:10.775000,2026-09-04 14:03:54.140,1,,,,False,False,FP2,54.4,33.9,30.9
0 days 00:22:16.127000,OCO,31,,4.0,2.0,0 days 00:20:34.820000,,0 days 00:01:30.441000,0 days 00:00:32.880000,0 days 00:00:32.866000,0 days 00:21:10.643000,0 days 00:21:43.466000,0 days 00:22:16.300000,228.0,291.0,284.0,191.0,False,MEDIUM,4.0,False,Haas F1 Team,0 days 00:19:39.957000,2026-09-04 14:06:23.322,1,,,,False,False,FP2,54.4,33.9,30.9
0 days 00:23:41.772000,OCO,31,0 days 00:01:25.645000,5.0,2.0,,,0 days 00:00:27.870000,0 days 00:00:29.037000,0 days 00:00:28.738000,0 days 00:22:43.997000,0 days 00:23:13.034000,0 days 00:23:41.772000,289.0,308.0,274.0,319.0,True,MEDIUM,5.0,False,Haas F1 Team,0 days 00:22:16.127000,2026-09-04 14:08:59.492,1,,,,False,True,FP2,54.4,33.9,30.9
0 days 00:26:09.974000,OCO,31,0 days 00:02:28.202000,6.0,2.0,,,0 days 00:00:50.089000,0 days 00:00:51.864000,0 days 00:00:46.249000,0 days 00:24:31.861000,0 days 00:25:23.725000,0 days 00:26:09.974000,129.0,167.0,193.0,151.0,False,MEDIUM,6.0,False,Haas F1 Team,0 days 00:23:41.772000,2026-09-04 14:10:25.137,1,,,,False,True,FP2,54.4,33.9,30.9
0 days 00:28:10.197000,OCO,31,0 days 00:02:00.223000,7.0,2.0,,,0 days 00:00:41.816000,0 days 00:00:42.624000,0 days 00:00:35.783000,0 days 00:26:51.790000,0 days 00:27:34.414000,0 days 00:28:10.197000,192.0,227.0,281.0,190.0,False,MEDIUM,7.0,False,Haas F1 Team,0 days 00:26:09.974000,2026-09-04 14:12:53.339,1,,,,False,True,FP2,54.4,33.9,30.2
0 days 00:29:36.354000,OCO,31,0 days 00:01:26.157000,8.0,2.0,,,0 days 00:00:28.166000,0 days 00:00:29.228000,0 days 00:00:28.763000,0 days 00:28:38.363000,0 days 00:29:07.591000,0 days 00:29:36.354000,287.0,302.0,272.0,312.0,False,MEDIUM,8.0,False,Haas F1 Team,0 days 00:28:10.197000,2026-09-04 14:14:53.562,1,,,,False,True,FP2,54.4,33.9,30.2
0 days 00:31:33.096000,OCO,31,0 days 00:01:56.742000,9.0,2.0,,0 days 00:31:29.377000,0 days 00:00:35.900000,0 days 00:00:34.018000,0 days 00:00:46.824000,0 days 00:30:12.254000,0 days 00:30:46.272000,0 days 00:31:33.096000,257.0,242.0,,213.0,False,MEDIUM,9.0,False,Haas F1 Team,0 days 00:29:36.354000,2026-09-04 14:16:19.719,1,,,,False,False,FP2,54.4,33.9,30.2
0 days 00:34:20.416000,OCO,31,,10.0,3.0,0 days 00:31:49.585000,,0 days 00:01:23.092000,0 days 00:00:46.040000,0 days 00:00:38.132000,0 days 00:32:56.434000,0 days 00:33:42.501000,0 days 00:34:20.428000,214.0,179.0,283.0,161.0,False,MEDIUM,10.0,False,Haas F1 Team,0 days 00:31:33.096000,2026-09-04 14:18:16.461,1,,,,False,False,FP2,54.4,33.9,30.2
0 days 00:35:46.180000,OCO,31,0 days 00:01:25.764000,11.0,3.0,,,0 days 00:00:28.126000,0 days 00:00:28.994000,0 days 00:00:28.644000,0 days 00:34:48.542000,0 days 00:35:17.536000,0 days 00:35:46.180000,287.0,304.0,273.0,309.0,False,MEDIUM,11.0,False,Haas F1 Team,0 days 00:34:20.416000,2026-09-04 14:21:03.781,1,,,,False,True,FP2,54.4,33.9,30.2
0 days 00:37:29.573000,OCO,31,0 days 00:01:43.393000,12.0,3.0,,0 days 00:37:25.695000,0 days 00:00:33.600000,0 days 00:00:33.255000,0 days 00:00:36.538000,0 days 00:36:19.780000,0 days 00:36:53.035000,0 days 00:37:29.573000,258.0,275.0,,184.0,False,MEDIUM,12.0,False,Haas F1 Team,0 days 00:35:46.180000,2026-09-04 14:22:29.545,1,,,,False,False,FP2,54.4,33.9,30.2
0 days 00:46:17.793000,OCO,31,,13.0,4.0,0 days 00:44:38.315000,,,0 days 00:00:32.593000,0 days 00:00:32.430000,,0 days 00:45:45.652000,0 days 00:46:17.914000,288.0,261.0,285.0,148.0,False,SOFT,1.0,True,Haas F1 Team,0 days 00:37:29.573000,2026-09-04 14:24:12.938,1,,,,False,False,FP2,54.4,33.9,30.2
0 days 00:47:42.430000,OCO,31,0 days 00:01:24.637000,14.0,4.0,,,0 days 00:00:27.732000,0 days 00:00:28.715000,0 days 00:00:28.190000,0 days 00:46:45.525000,0 days 00:47:14.240000,0 days 00:47:42.430000,292.0,306.0,275.0,315.0,True,SOFT,2.0,True,Haas F1 Team,0 days 00:46:17.793000,2026-09-04 14:33:01.158,1,,,,False,True,FP2,54.4,33.9,30.2
0 days 00:49:52.195000,OCO,31,0 days 00:02:09.765000,15.0,4.0,,0 days 00:49:48.079000,0 days 00:00:41.234000,0 days 00:00:42.176000,0 days 00:00:46.355000,0 days 00:48:23.664000,0 days 00:49:05.840000,0 days 00:49:52.195000,198.0,209.0,,158.0,False,SOFT,3.0,True,Haas F1 Team,0 days 00:47:42.430000,2026-09-04 14:34:25.795,1,,,,False,False,FP2,54.4,33.9,30.2
0 days 00:52:35.386000,OCO,31,,16.0,5.0,0 days 00:50:37.379000,,0 days 00:01:32.887000,0 days 00:00:38.679000,0 days 00:00:31.468000,0 days 00:51:25.414000,0 days 00:52:04.003000,0 days 00:52:35.430000,127.0,288.0,290.0,164.0,False,SOFT,4.0,False,Haas F1 Team,0 days 00:49:52.195000,2026-09-04 14:36:35.560,1,,,,False,False,FP2,54.6,34.1,29.5
0 days 00:53:59.793000,OCO,31,0 days 00:01:24.407000,17.0,5.0,,,0 days 00:00:27.393000,0 days 00:00:28.759000,0 days 00:00:28.255000,0 days 00:53:02.779000,0 days 00:53:31.538000,0 days 00:53:59.793000,296.0,304.0,276.0,321.0,True,SOFT,5.0,False,Haas F1 Team,0 days 00:52:35.386000,2026-09-04 14:39:18.751,1,,,,False,True,FP2,54.6,34.1,29.5
0 days 00:56:01.893000,OCO,31,0 days 00:02:02.100000,18.0,5.0,,0 days 00:55:58.009000,0 days 00:00:40.048000,0 days 00:00:40.873000,0 days 00:00:41.179000,0 days 00:54:39.841000,0 days 00:55:20.714000,0 days 00:56:01.893000,246.0,199.0,,172.0,False,SOFT,6.0,False,Haas F1 Team,0 days 00:53:59.793000,2026-09-04 14:40:43.158,1,,,,False,False,FP2,54.6,34.1,29.5
0 days 01:02:09.887000,OCO,31,,19.0,6.0,0 days 01:00:31.695000,,,0 days 00:00:31.850000,0 days 00:00:30.634000,,0 days 01:01:39.352000,0 days 01:02:09.903000,264.0,277.0,316.0,216.0,False,SOFT,7.0,False,Haas F1 Team,0 days 00:56:01.893000,2026-09-04 14:42:45.258,1,,,,False,False,FP2,54.6,34.1,29.5
0 days 01:03:37.394000,OCO,31,0 days 00:01:27.507000,20.0,6.0,,,0 days 00:00:28.614000,0 days 00:00:29.837000,0 days 00:00:29.056000,0 days 01:02:38.501000,0 days 01:03:08.338000,0 days 01:03:37.394000,281.0,298.0,301.0,310.0,False,SOFT,8.0,False,Haas F1 Team,0 days 01:02:09.887000,2026-09-04 14:48:53.252,1,,,,False,True,FP2,54.6,34.1,29.5
0 days 01:05:04.976000,OCO,31,0 days 00:01:27.582000,21.0,6.0,,,0 days 00:00:28.843000,0 days 00:00:29.757000,0 days 00:00:28.982000,0 days 01:04:06.237000,0 days 01:04:35.994000,0 days 01:05:04.976000,282.0,300.0,307.0,303.0,False,SOFT,9.0,False,Haas F1 Team,0 days 01:03:37.394000,2026-09-04 14:50:20.759,1,,,,False,True,FP2,54.6,34.1,29.5
0 days 01:06:35.087000,OCO,31,0 days 00:01:30.111000,22.0,6.0,,,0 days 00:00:29.218000,0 days 00:00:31.640000,0 days 00:00:29.253000,0 days 01:05:34.194000,0 days 01:06:05.834000,0 days 01:06:35.087000,281.0,313.0,307.0,306.0,False,SOFT,10.0,False,Haas F1 Team,0 days 01:05:04.976000,2026-09-04 14:51:48.341,1,,,,False,True,FP2,54.6,34.1,29.5
0 days 01:08:02.490000,OCO,31,0 days 00:01:27.403000,23.0,6.0,,,0 days 00:00:28.593000,0 days 00:00:29.814000,0 days 00:00:28.996000,0 days 01:07:03.680000,0 days 01:07:33.494000,0 days 01:08:02.490000,286.0,308.0,307.0,312.0,False,SOFT,11.0,False,Haas F1 Team,0 days 01:06:35.087000,2026-09-04 14:53:18.452,1,,,,False,True,FP2,54.6,34.1,29.5
0 days 01:09:30.906000,OCO,31,0 days 00:01:28.416000,24.0,6.0,,,0 days 00:00:28.503000,0 days 00:00:31.016000,0 days 00:00:28.897000,0 days 01:08:30.993000,0 days 01:09:02.009000,0 days 01:09:30.906000,290.0,295.0,312.0,309.0,False,SOFT,12.0,False,Haas F1 Team,0 days 01:08:02.490000,2026-09-04 14:54:45.855,1,,,,False,True,FP2,54.6,34.1,29.5
0 days 01:10:58.644000,OCO,31,0 days 00:01:27.738000,25.0,6.0,,,0 days 00:00:28.181000,0 days 00:00:30.515000,0 days 00:00:29.042000,0 days 01:09:59.087000,0 days 01:10:29.602000,0 days 01:10:58.644000,292.0,296.0,314.0,311.0,False,SOFT,13.0,False,Haas F1 Team,0 days 01:09:30.906000,2026-09-04 14:56:14.271,1,,,,False,True,FP2,54.6,34.1,29.5
0 days 01:12:26.847000,OCO,31,0 days 00:01:28.203000,26.0,6.0,,,0 days 00:00:29.141000,0 days 00:00:30.113000,0 days 00:00:28.949000,0 days 01:11:27.785000,0 days 01:11:57.898000,0 days 01:12:26.847000,281.0,301.0,310.0,311.0,False,SOFT,14.0,False,Haas F1 Team,0 days 01:10:58.644000,2026-09-04 14:57:42.009,1,,,,False,True,FP2,54.7,34.1,28.9
0 days 01:13:54.581000,OCO,31,0 days 00:01:27.734000,27.0,6.0,,,0 days 00:00:28.845000,0 days 00:00:29.845000,0 days 00:00:29.044000,0 days 01:12:55.692000,0 days 01:13:25.537000,0 days 01:13:54.581000,280.0,298.0,302.0,304.0,False,SOFT,15.0,False,Haas F1 Team,0 days 01:12:26.847000,2026-09-04 14:59:10.212,1,,,,False,True,FP2,54.7,34.1,28.9
0 days 01:15:54.335000,OCO,31,0 days 00:01:59.754000,28.0,6.0,,,0 days 00:00:29.671000,0 days 00:00:34.698000,0 days 00:00:55.385000,0 days 01:14:24.252000,0 days 01:14:58.950000,0 days 01:15:54.335000,281.0,149.0,70.0,295.0,False,SOFT,16.0,False,Haas F1 Team,0 days 01:13:54.581000,2026-09-04 15:00:37.946,1,,,,False,True,FP2,54.7,34.1,28.9
0 days 01:18:36.804000,OCO,31,,29.0,6.0,,,0 days 00:01:22.631000,0 days 00:00:36.576000,0 days 00:00:43.233000,0 days 01:17:17.159000,0 days 01:17:53.747000,0 days 01:18:36.804000,235.0,221.0,102.0,226.0,False,SOFT,17.0,False,Haas F1 Team,0 days 01:15:54.335000,2026-09-04 15:02:37.700,1,,,,False,False,FP2,54.7,34.1,28.9
0 days 01:20:48.173000,OCO,31,0 days 00:02:11.369000,30.0,6.0,,0 days 01:20:44.301000,0 days 00:01:06.212000,0 days 00:00:31.137000,0 days 00:00:34.020000,0 days 01:19:43.016000,0 days 01:20:14.153000,0 days 01:20:48.173000,290.0,286.0,,289.0,False,SOFT,18.0,False,Haas F1 Team,0 days 01:18:36.804000,2026-09-04 15:05:20.169,1,,,,False,False,FP2,54.7,34.1,28.9
0 days 00:16:52.197000,LIN,41,,1.0,1.0,0 days 00:15:08.912000,,,0 days 00:00:33.836000,0 days 00:00:31.612000,,0 days 00:16:20.912000,0 days 00:16:52.375000,260.0,265.0,289.0,162.0,False,MEDIUM,1.0,True,Racing Bulls,0 days 00:15:08.912000,2026-09-04 14:01:52.277,1,,,,False,False,FP2,54.7,34.1,28.9
0 days 00:18:16.455000,LIN,41,0 days 00:01:24.258000,2.0,1.0,,,0 days 00:00:27.751000,0 days 00:00:28.669000,0 days 00:00:27.838000,0 days 00:17:19.948000,0 days 00:17:48.617000,0 days 00:18:16.455000,295.0,310.0,287.0,319.0,True,MEDIUM,2.0,True,Racing Bulls,0 days 00:16:52.197000,2026-09-04 14:03:35.562,1,,,,False,True,FP2,54.7,34.1,28.9
0 days 00:20:25.944000,LIN,41,0 days 00:02:09.489000,3.0,1.0,,,0 days 00:00:43.351000,0 days 00:00:51.928000,0 days 00:00:34.210000,0 days 00:18:59.806000,0 days 00:19:51.734000,0 days 00:20:25.944000,179.0,206.0,291.0,223.0,False,MEDIUM,3.0,True,Racing Bulls,0 days 00:18:16.455000,2026-09-04 14:04:59.820,1,,,,False,True,FP2,54.7,34.1,28.9
0 days 00:21:49.751000,LIN,41,0 days 00:01:23.807000,4.0,1.0,,,0 days 00:00:27.593000,0 days 00:00:28.456000,0 days 00:00:27.758000,0 days 00:20:53.537000,0 days 00:21:21.993000,0 days 00:21:49.751000,296.0,311.0,290.0,320.0,True,MEDIUM,4.0,True,Racing Bulls,0 days 00:20:25.944000,2026-09-04 14:07:09.309,1,,,,False,True,FP2,54.7,34.1,28.9
0 days 00:23:54.101000,LIN,41,0 days 00:02:04.350000,5.0,1.0,,,0 days 00:00:40.490000,0 days 00:00:42.054000,0 days 00:00:41.806000,0 days 00:22:30.241000,0 days 00:23:12.295000,0 days 00:23:54.101000,152.0,180.0,223.0,245.0,False,MEDIUM,5.0,True,Racing Bulls,0 days 00:21:49.751000,2026-09-04 14:08:33.116,1,,,,False,True,FP2,54.7,34.1,28.9
0 days 00:25:47.004000,LIN,41,0 days 00:01:52.903000,6.0,1.0,,,0 days 00:00:34.936000,0 days 00:00:41.708000,0 days 00:00:36.259000,0 days 00:24:29.037000,0 days 00:25:10.745000,0 days 00:25:47.004000,250.0,201.0,289.0,267.0,False,MEDIUM,6.0,True,Racing Bulls,0 days 00:23:54.101000,2026-09-04 14:10:37.466,1,,,,False,True,FP2,54.7,34.1,28.9
0 days 00:27:10.472000,LIN,41,0 days 00:01:23.468000,7.0,1.0,,,0 days 00:00:27.576000,0 days 00:00:28.199000,0 days 00:00:27.693000,0 days 00:26:14.580000,0 days 00:26:42.779000,0 days 00:27:10.472000,297.0,314.0,293.0,320.0,True,MEDIUM,7.0,True,Racing Bulls,0 days 00:25:47.004000,2026-09-04 14:12:30.369,1,,,,False,True,FP2,54.7,34.3,27.9
0 days 00:29:09.075000,LIN,41,0 days 00:01:58.603000,8.0,1.0,,0 days 00:29:05.382000,0 days 00:00:38.377000,0 days 00:00:38.505000,0 days 00:00:41.721000,0 days 00:27:48.849000,0 days 00:28:27.354000,0 days 00:29:09.075000,270.0,233.0,,164.0,False,MEDIUM,8.0,True,Racing Bulls,0 days 00:27:10.472000,2026-09-04 14:13:53.837,1,,,,False,False,FP2,54.7,34.3,27.9
0 days 00:43:14.074000,LIN,41,,9.0,2.0,0 days 00:41:35.590000,,,0 days 00:00:33.245000,0 days 00:00:31.099000,,0 days 00:42:43.357000,0 days 00:43:14.330000,265.0,269.0,289.0,193.0,False,SOFT,1.0,True,Racing Bulls,0 days 00:29:09.075000,2026-09-04 14:15:52.440,1,,,,False,False,FP2,54.7,34.3,27.9
0 days 00:44:37.539000,LIN,41,0 days 00:01:23.465000,10.0,2.0,,,0 days 00:00:27.563000,0 days 00:00:28.266000,0 days 00:00:27.636000,0 days 00:43:41.637000,0 days 00:44:09.903000,0 days 00:44:37.539000,295.0,312.0,291.0,314.0,True,SOFT,2.0,True,Racing Bulls,0 days 00:43:14.074000,2026-09-04 14:29:57.439,1,,,,False,True,FP2,54.7,34.3,27.9
0 days 00:46:41.994000,LIN,41,0 days 00:02:04.455000,11.0,2.0,,0 days 00:46:38.364000,0 days 00:00:41.282000,0 days 00:00:39.920000,0 days 00:00:43.253000,0 days 00:45:18.821000,0 days 00:45:58.741000,0 days 00:46:41.994000,225.0,254.0,,123.0,False,SOFT,3.0,True,Racing Bulls,0 days 00:44:37.539000,2026-09-04 14:31:20.904,1,,,,False,False,FP2,54.7,34.3,27.9
0 days 00:49:05.068000,LIN,41,0 days 00:02:23.074000,12.0,3.0,0 days 00:46:57.155000,,0 days 00:00:49.419000,0 days 00:00:48.758000,0 days 00:00:44.897000,0 days 00:47:31.413000,0 days 00:48:20.171000,0 days 00:49:05.068000,151.0,114.0,291.0,200.0,False,SOFT,4.0,False,Racing Bulls,0 days 00:46:41.994000,2026-09-04 14:33:25.359,1,,,,False,False,FP2,54.7,34.3,27.9
0 days 00:50:28.417000,LIN,41,0 days 00:01:23.349000,13.0,3.0,,,0 days 00:00:27.504000,0 days 00:00:28.202000,0 days 00:00:27.643000,0 days 00:49:32.572000,0 days 00:50:00.774000,0 days 00:50:28.417000,296.0,315.0,289.0,319.0,True,SOFT,5.0,False,Racing Bulls,0 days 00:49:05.068000,2026-09-04 14:35:48.433,1,,,,False,True,FP2,54.7,34.3,27.9
0 days 00:52:24.372000,LIN,41,0 days 00:01:55.955000,14.0,3.0,,0 days 00:52:20.781000,0 days 00:00:36.913000,0 days 00:00:42.599000,0 days 00:00:36.443000,0 days 00:51:05.330000,0 days 00:51:47.929000,0 days 00:52:24.372000,215.0,199.0,,225.0,False,SOFT,6.0,False,Racing Bulls,0 days 00:50:28.417000,2026-09-04 14:37:11.782,1,,,,False,False,FP2,54.7,34.3,27.9
0 days 00:59:27.247000,LIN,41,,15.0,4.0,0 days 00:57:57.859000,,,0 days 00:00:30.271000,0 days 00:00:29.356000,,0 days 00:58:58.101000,0 days 00:59:27.323000,283.0,301.0,294.0,265.0,False,MEDIUM,9.0,False,Racing Bulls,0 days 00:52:24.372000,2026-09-04 14:39:07.737,1,,,,False,False,FP2,54.7,34.3,27.9
0 days 01:00:54.645000,LIN,41,0 days 00:01:27.398000,16.0,4.0,,,0 days 00:00:28.875000,0 days 00:00:29.808000,0 days 00:00:28.715000,0 days 00:59:56.122000,0 days 01:00:25.930000,0 days 01:00:54.645000,284.0,303.0,298.0,301.0,False,MEDIUM,10.0,False,Racing Bulls,0 days 00:59:27.247000,2026-09-04 14:46:10.612,1,,,,False,True,FP2,54.7,34.3,27.9
0 days 01:02:21.736000,LIN,41,0 days 00:01:27.091000,17.0,4.0,,,0 days 00:00:28.702000,0 days 00:00:29.698000,0 days 00:00:28.691000,0 days 01:01:23.347000,0 days 01:01:53.045000,0 days 01:02:21.736000,285.0,306.0,303.0,302.0,False,MEDIUM,11.0,False,Racing Bulls,0 days 01:00:54.645000,2026-09-04 14:47:38.010,1,,,,False,True,FP2,54.7,34.3,27.9
0 days 01:03:49.031000,LIN,41,0 days 00:01:27.295000,18.0,4.0,,,0 days 00:00:28.970000,0 days 00:00:29.797000,0 days 00:00:28.528000,0 days 01:02:50.706000,0 days 01:03:20.503000,0 days 01:03:49.031000,287.0,307.0,314.0,306.0,False,MEDIUM,12.0,False,Racing Bulls,0 days 01:02:21.736000,2026-09-04 14:49:05.101,1,,,,False,True,FP2,54.7,34.3,27.9
0 days 01:05:15.301000,LIN,41,0 days 00:01:26.270000,19.0,4.0,,,0 days 00:00:27.878000,0 days 00:00:29.809000,0 days 00:00:28.583000,0 days 01:04:16.909000,0 days 01:04:46.718000,0 days 01:05:15.301000,310.0,304.0,306.0,308.0,False,MEDIUM,13.0,False,Racing Bulls,0 days 01:03:49.031000,2026-09-04 14:50:32.396,1,,,,False,True,FP2,54.7,34.3,27.9
0 days 01:06:42.373000,LIN,41,0 days 00:01:27.072000,20.0,4.0,,,0 days 00:00:28.588000,0 days 00:00:29.820000,0 days 00:00:28.664000,0 days 01:05:43.889000,0 days 01:06:13.709000,0 days 01:06:42.373000,283.0,301.0,300.0,309.0,False,MEDIUM,14.0,False,Racing Bulls,0 days 01:05:15.301000,2026-09-04 14:51:58.666,1,,,,False,True,FP2,54.7,34.3,27.9
0 days 01:08:09.494000,LIN,41,0 days 00:01:27.121000,21.0,4.0,,,0 days 00:00:28.812000,0 days 00:00:29.693000,0 days 00:00:28.616000,0 days 01:07:11.185000,0 days 01:07:40.878000,0 days 01:08:09.494000,284.0,303.0,301.0,305.0,False,MEDIUM,15.0,False,Racing Bulls,0 days 01:06:42.373000,2026-09-04 14:53:25.738,1,,,,False,True,FP2,54.4,34.3,28.0
0 days 01:09:36.370000,LIN,41,0 days 00:01:26.876000,22.0,4.0,,,0 days 00:00:28.791000,0 days 00:00:29.623000,0 days 00:00:28.462000,0 days 01:08:38.285000,0 days 01:09:07.908000,0 days 01:09:36.370000,284.0,305.0,308.0,303.0,False,MEDIUM,16.0,False,Racing Bulls,0 days 01:08:09.494000,2026-09-04 14:54:52.859,1,,,,False,True,FP2,54.4,34.3,28.0
0 days 01:11:03.187000,LIN,41,0 days 00:01:26.817000,23.0,4.0,,,0 days 00:00:28.609000,0 days 00:00:29.760000,0 days 00:00:28.448000,0 days 01:10:04.979000,0 days 01:10:34.739000,0 days 01:11:03.187000,285.0,304.0,309.0,306.0,False,MEDIUM,17.0,False,Racing Bulls,0 days 01:09:36.370000,2026-09-04 14:56:19.735,1,,,,False,True,FP2,54.4,34.3,28.0
0 days 01:12:29.986000,LIN,41,0 days 00:01:26.799000,24.0,4.0,,,0 days 00:00:28.602000,0 days 00:00:29.667000,0 days 00:00:28.530000,0 days 01:11:31.789000,0 days 01:12:01.456000,0 days 01:12:29.986000,285.0,306.0,307.0,306.0,False,MEDIUM,18.0,False,Racing Bulls,0 days 01:11:03.187000,2026-09-04 14:57:46.552,1,,,,False,True,FP2,54.4,34.3,28.0
0 days 01:13:56.491000,LIN,41,0 days 00:01:26.505000,25.0,4.0,,,0 days 00:00:28.575000,0 days 00:00:29.642000,0 days 00:00:28.288000,0 days 01:12:58.561000,0 days 01:13:28.203000,0 days 01:13:56.491000,285.0,306.0,310.0,306.0,False,MEDIUM,19.0,False,Racing Bulls,0 days 01:12:29.986000,2026-09-04 14:59:13.351,1,,,,False,True,FP2,54.4,34.3,28.0
0 days 01:15:48.425000,LIN,41,0 days 00:01:51.934000,26.0,4.0,,0 days 01:15:41.199000,0 days 00:00:28.861000,0 days 00:00:41.103000,0 days 00:00:41.970000,0 days 01:14:25.352000,0 days 01:15:06.455000,0 days 01:15:48.425000,238.0,199.0,,309.0,False,MEDIUM,20.0,False,Racing Bulls,0 days 01:13:56.491000,2026-09-04 15:00:39.856,1,,,,False,False,FP2,54.4,34.3,28.0
0 days 00:15:37.979000,COL,43,,1.0,1.0,0 days 00:13:42.248000,,,0 days 00:00:37.021000,0 days 00:00:32.210000,,0 days 00:15:05.941000,0 days 00:15:38.035000,248.0,264.0,301.0,134.0,False,HARD,1.0,True,Alpine,0 days 00:13:42.248000,2026-09-04 14:00:25.613,1,,,,False,False,FP2,54.4,34.3,28.0
0 days 00:17:03.153000,COL,43,0 days 00:01:25.174000,2.0,1.0,,,0 days 00:00:27.446000,0 days 00:00:28.888000,0 days 00:00:28.840000,0 days 00:16:05.425000,0 days 00:16:34.313000,0 days 00:17:03.153000,295.0,315.0,279.0,325.0,True,HARD,2.0,True,Alpine,0 days 00:15:37.979000,2026-09-04 14:02:21.344,1,,,,False,True,FP2,54.4,34.3,28.0
0 days 00:19:33.216000,COL,43,,3.0,1.0,,,0 days 00:00:54.461000,0 days 00:00:56.491000,0 days 00:00:39.179000,0 days 00:17:57.776000,0 days 00:18:54.198000,0 days 00:19:33.463000,116.0,234.0,295.0,158.0,False,HARD,3.0,True,Alpine,0 days 00:17:03.153000,2026-09-04 14:03:46.518,1,,,,False,False,FP2,54.4,34.3,28.0
0 days 00:20:58.068000,COL,43,0 days 00:01:24.852000,4.0,1.0,,,0 days 00:00:27.484000,0 days 00:00:28.773000,0 days 00:00:28.595000,0 days 00:20:00.700000,0 days 00:20:29.473000,0 days 00:20:58.068000,293.0,313.0,279.0,326.0,True,HARD,4.0,True,Alpine,0 days 00:19:33.216000,2026-09-04 14:06:16.581,1,,,,False,True,FP2,54.4,34.3,28.0
0 days 00:23:20.488000,COL,43,0 days 00:02:22.420000,5.0,1.0,,,0 days 00:00:58.255000,0 days 00:00:50.027000,0 days 00:00:34.138000,0 days 00:21:56.323000,0 days 00:22:46.350000,0 days 00:23:20.488000,89.0,203.0,297.0,159.0,False,HARD,5.0,True,Alpine,0 days 00:20:58.068000,2026-09-04 14:07:41.433,1,,,,False,True,FP2,54.4,34.3,28.0
0 days 00:24:44.736000,COL,43,0 days 00:01:24.248000,6.0,1.0,,,0 days 00:00:27.175000,0 days 00:00:28.506000,0 days 00:00:28.567000,0 days 00:23:47.663000,0 days 00:24:16.169000,0 days 00:24:44.736000,294.0,313.0,276.0,329.0,True,HARD,6.0,True,Alpine,0 days 00:23:20.488000,2026-09-04 14:10:03.853,1,,,,False,True,FP2,54.4,34.3,28.0
0 days 00:27:12.175000,COL,43,0 days 00:02:27.439000,7.0,1.0,,,0 days 00:00:48.730000,0 days 00:01:05.559000,0 days 00:00:33.150000,0 days 00:25:33.466000,0 days 00:26:39.025000,0 days 00:27:12.175000,141.0,156.0,299.0,142.0,False,HARD,7.0,True,Alpine,0 days 00:24:44.736000,2026-09-04 14:11:28.101,1,,,,False,True,FP2,54.4,34.3,28.0
0 days 00:28:36.536000,COL,43,0 days 00:01:24.361000,8.0,1.0,,,0 days 00:00:27.292000,0 days 00:00:28.638000,0 days 00:00:28.431000,0 days 00:27:39.467000,0 days 00:28:08.105000,0 days 00:28:36.536000,293.0,313.0,277.0,329.0,False,HARD,8.0,True,Alpine,0 days 00:27:12.175000,2026-09-04 14:13:55.540,1,,,,False,True,FP2,54.4,34.3,28.0
0 days 00:30:39.822000,COL,43,0 days 00:02:03.286000,9.0,1.0,,0 days 00:30:36.026000,0 days 00:00:41.739000,0 days 00:00:43.814000,0 days 00:00:37.733000,0 days 00:29:18.275000,0 days 00:30:02.089000,0 days 00:30:39.822000,232.0,239.0,,148.0,False,HARD,9.0,True,Alpine,0 days 00:28:36.536000,2026-09-04 14:15:19.901,1,,,,False,False,FP2,53.7,34.2,27.6
0 days 00:41:56.873000,COL,43,,10.0,2.0,0 days 00:40:15.061000,,,0 days 00:00:32.764000,0 days 00:00:31.340000,,0 days 00:41:25.533000,0 days 00:41:56.897000,276.0,262.0,303.0,154.0,False,SOFT,1.0,True,Alpine,0 days 00:30:39.822000,2026-09-04 14:17:23.187,1,,,,False,False,FP2,53.7,34.2,27.6
0 days 00:43:20.492000,COL,43,0 days 00:01:23.619000,11.0,2.0,,,0 days 00:00:27.088000,0 days 00:00:28.204000,0 days 00:00:28.327000,0 days 00:42:23.961000,0 days 00:42:52.165000,0 days 00:43:20.492000,298.0,317.0,285.0,326.0,True,SOFT,2.0,True,Alpine,0 days 00:41:56.873000,2026-09-04 14:28:40.238,1,,,,False,True,FP2,53.7,34.2,27.6
0 days 00:46:05.074000,COL,43,,12.0,2.0,,,0 days 00:00:53.661000,0 days 00:01:01.656000,0 days 00:00:49.327000,0 days 00:44:14.238000,0 days 00:45:15.955000,0 days 00:46:05.152000,100.0,159.0,196.0,142.0,False,SOFT,3.0,True,Alpine,0 days 00:43:20.492000,2026-09-04 14:30:03.857,1,,,,False,False,FP2,53.7,34.2,27.6
0 days 00:47:56.609000,COL,43,0 days 00:01:51.535000,13.0,2.0,,,0 days 00:00:40.408000,0 days 00:00:39.342000,0 days 00:00:31.785000,0 days 00:46:45.482000,0 days 00:47:24.824000,0 days 00:47:56.609000,245.0,257.0,299.0,165.0,False,SOFT,4.0,True,Alpine,0 days 00:46:05.074000,2026-09-04 14:32:48.439,1,,,,False,True,FP2,53.7,34.2,27.6
0 days 00:49:51.094000,COL,43,0 days 00:01:54.485000,14.0,2.0,,0 days 00:49:47.257000,0 days 00:00:27.148000,0 days 00:00:43.206000,0 days 00:00:44.131000,0 days 00:48:23.757000,0 days 00:49:06.963000,0 days 00:49:51.094000,295.0,168.0,,326.0,False,SOFT,5.0,True,Alpine,0 days 00:47:56.609000,2026-09-04 14:34:39.974,1,,,,False,False,FP2,53.7,34.2,27.6
0 days 00:59:05.070000,COL,43,,15.0,3.0,0 days 00:57:33.625000,,,0 days 00:00:31.285000,0 days 00:00:29.157000,,0 days 00:58:36.123000,0 days 00:59:05.100000,281.0,299.0,308.0,228.0,False,SOFT,6.0,False,Alpine,0 days 00:49:51.094000,2026-09-04 14:36:34.459,1,,,,False,False,FP2,53.7,34.2,27.6
0 days 01:00:32.389000,COL,43,0 days 00:01:27.319000,16.0,3.0,,,0 days 00:00:28.519000,0 days 00:00:29.759000,0 days 00:00:29.041000,0 days 00:59:33.589000,0 days 01:00:03.348000,0 days 01:00:32.389000,289.0,304.0,280.0,291.0,False,SOFT,7.0,False,Alpine,0 days 00:59:05.070000,2026-09-04 14:45:48.435,1,,,,False,True,FP2,53.7,34.2,27.6
0 days 01:01:59.547000,COL,43,0 days 00:01:27.158000,17.0,3.0,,,0 days 00:00:28.757000,0 days 00:00:29.470000,0 days 00:00:28.931000,0 days 01:01:01.146000,0 days 01:01:30.616000,0 days 01:01:59.547000,290.0,308.0,282.0,300.0,False,SOFT,8.0,False,Alpine,0 days 01:00:32.389000,2026-09-04 14:47:15.754,1,,,,False,True,FP2,53.7,34.2,27.6
0 days 01:03:26.322000,COL,43,0 days 00:01:26.775000,18.0,3.0,,,0 days 00:00:28.649000,0 days 00:00:29.254000,0 days 00:00:28.872000,0 days 01:02:28.196000,0 days 01:02:57.450000,0 days 01:03:26.322000,291.0,306.0,285.0,300.0,False,SOFT,9.0,False,Alpine,0 days 01:01:59.547000,2026-09-04 14:48:42.912,1,,,,False,True,FP2,53.7,34.2,27.6
0 days 01:04:53.021000,COL,43,0 days 00:01:26.699000,19.0,3.0,,,0 days 00:00:28.683000,0 days 00:00:29.281000,0 days 00:00:28.735000,0 days 01:03:55.005000,0 days 01:04:24.286000,0 days 01:04:53.021000,290.0,306.0,294.0,300.0,False,SOFT,10.0,False,Alpine,0 days 01:03:26.322000,2026-09-04 14:50:09.687,1,,,,False,True,FP2,53.7,34.2,27.6
0 days 01:06:19.653000,COL,43,0 days 00:01:26.632000,20.0,3.0,,,0 days 00:00:28.518000,0 days 00:00:29.381000,0 days 00:00:28.733000,0 days 01:05:21.539000,0 days 01:05:50.920000,0 days 01:06:19.653000,289.0,304.0,290.0,301.0,False,SOFT,11.0,False,Alpine,0 days 01:04:53.021000,2026-09-04 14:51:36.386,1,,,,False,True,FP2,53.7,34.2,27.6
0 days 01:07:49.614000,COL,43,0 days 00:01:29.961000,21.0,3.0,,,0 days 00:00:28.661000,0 days 00:00:29.564000,0 days 00:00:31.736000,0 days 01:06:48.314000,0 days 01:07:17.878000,0 days 01:07:49.614000,289.0,304.0,284.0,295.0,False,SOFT,12.0,False,Alpine,0 days 01:06:19.653000,2026-09-04 14:53:03.018,1,,,,False,True,FP2,53.7,34.2,27.6
0 days 01:09:17.954000,COL,43,0 days 00:01:28.340000,22.0,3.0,,,0 days 00:00:29.123000,0 days 00:00:30.023000,0 days 00:00:29.194000,0 days 01:08:18.737000,0 days 01:08:48.760000,0 days 01:09:17.954000,288.0,304.0,282.0,289.0,False,SOFT,13.0,False,Alpine,0 days 01:07:49.614000,2026-09-04 14:54:32.979,1,,,,False,True,FP2,53.7,34.2,27.6
0 days 01:10:49.647000,COL,43,0 days 00:01:31.693000,23.0,3.0,,0 days 01:10:45.815000,0 days 00:00:28.849000,0 days 00:00:29.512000,0 days 00:00:33.332000,0 days 01:09:46.803000,0 days 01:10:16.315000,0 days 01:10:49.647000,290.0,304.0,,297.0,False,SOFT,14.0,False,Alpine,0 days 01:09:17.954000,2026-09-04 14:56:01.319,1,,,,False,False,FP2,53.7,34.2,27.6
0 days 01:12:56.781000,COL,43,0 days 00:02:07.134000,24.0,4.0,0 days 01:11:14.093000,,0 days 00:01:07.393000,0 days 00:00:30.355000,0 days 00:00:29.386000,0 days 01:11:57.040000,0 days 01:12:27.395000,0 days 01:12:56.781000,280.0,314.0,305.0,237.0,False,HARD,10.0,False,Alpine,0 days 01:10:49.647000,2026-09-04 14:57:33.012,1,,,,False,False,FP2,54.0,34.2,27.4
0 days 01:14:24.985000,COL,43,0 days 00:01:28.204000,25.0,4.0,,,0 days 00:00:28.794000,0 days 00:00:30.062000,0 days 00:00:29.348000,0 days 01:13:25.575000,0 days 01:13:55.637000,0 days 01:14:24.985000,295.0,314.0,284.0,289.0,False,HARD,11.0,False,Alpine,0 days 01:12:56.781000,2026-09-04 14:59:40.146,1,,,,False,True,FP2,54.0,34.2,27.4
0 days 01:16:29.092000,COL,43,0 days 00:02:04.107000,26.0,4.0,,,0 days 00:00:36.165000,0 days 00:00:42.622000,0 days 00:00:45.320000,0 days 01:15:01.150000,0 days 01:15:43.772000,0 days 01:16:29.092000,211.0,239.0,60.0,222.0,False,HARD,12.0,False,Alpine,0 days 01:14:24.985000,2026-09-04 15:01:08.350,1,,,,False,True,FP2,54.0,34.2,27.4
0 days 01:18:58.250000,COL,43,0 days 00:02:29.158000,27.0,4.0,,,0 days 00:01:05.066000,0 days 00:00:36.359000,0 days 00:00:47.733000,0 days 01:17:34.158000,0 days 01:18:10.517000,0 days 01:18:58.250000,284.0,194.0,53.0,294.0,False,HARD,13.0,False,Alpine,0 days 01:16:29.092000,2026-09-04 15:03:12.457,1,,,,False,True,FP2,54.0,34.2,27.4
0 days 01:21:13.240000,COL,43,0 days 00:02:14.990000,28.0,4.0,,0 days 01:21:09.386000,0 days 00:01:11.130000,0 days 00:00:30.209000,0 days 00:00:33.651000,0 days 01:20:09.380000,0 days 01:20:39.589000,0 days 01:21:13.240000,284.0,298.0,,295.0,False,HARD,14.0,False,Alpine,0 days 01:18:58.250000,2026-09-04 15:05:41.615,1,,,,False,False,FP2,54.0,34.2,27.4
0 days 00:16:39.216000,HAM,44,,1.0,1.0,0 days 00:14:55.644000,,,0 days 00:00:33.329000,0 days 00:00:30.433000,,0 days 00:16:09.037000,0 days 00:16:39.344000,217.0,286.0,290.0,169.0,False,MEDIUM,1.0,True,Ferrari,0 days 00:14:55.644000,2026-09-04 14:01:39.009,1,,,,False,False,FP2,54.0,34.2,27.4
0 days 00:18:03.047000,HAM,44,0 days 00:01:23.831000,2.0,1.0,,,0 days 00:00:27.380000,0 days 00:00:28.594000,0 days 00:00:27.857000,0 days 00:17:06.596000,0 days 00:17:35.190000,0 days 00:18:03.047000,294.0,312.0,278.0,324.0,True,MEDIUM,2.0,True,Ferrari,0 days 00:16:39.216000,2026-09-04 14:03:22.581,1,,,,False,True,FP2,54.0,34.2,27.4
0 days 00:20:26.880000,HAM,44,0 days 00:02:23.833000,3.0,1.0,,0 days 00:20:23.044000,0 days 00:00:45.763000,0 days 00:00:50.319000,0 days 00:00:47.751000,0 days 00:18:48.810000,0 days 00:19:39.129000,0 days 00:20:26.880000,157.0,190.0,,135.0,False,MEDIUM,3.0,True,Ferrari,0 days 00:18:03.047000,2026-09-04 14:04:46.412,1,,,,False,False,FP2,54.0,34.2,27.4
0 days 00:23:04.121000,HAM,44,,4.0,2.0,0 days 00:21:03.912000,,0 days 00:01:28.860000,0 days 00:00:35.827000,0 days 00:00:32.439000,0 days 00:21:55.934000,0 days 00:22:31.853000,0 days 00:23:04.167000,203.0,241.0,289.0,209.0,False,MEDIUM,4.0,False,Ferrari,0 days 00:20:26.880000,2026-09-04 14:07:10.245,1,,,,False,False,FP2,54.0,34.2,27.4
0 days 00:24:38.644000,HAM,44,0 days 00:01:34.523000,5.0,2.0,,,0 days 00:00:27.382000,0 days 00:00:28.690000,0 days 00:00:38.451000,0 days 00:23:31.503000,0 days 00:24:00.193000,0 days 00:24:38.644000,290.0,308.0,194.0,324.0,False,MEDIUM,5.0,False,Ferrari,0 days 00:23:04.121000,2026-09-04 14:09:47.486,1,,,,False,True,FP2,54.0,34.2,27.4
0 days 00:26:55.714000,HAM,44,0 days 00:02:17.070000,6.0,2.0,,,0 days 00:00:48.990000,0 days 00:00:50.146000,0 days 00:00:37.934000,0 days 00:25:27.634000,0 days 00:26:17.780000,0 days 00:26:55.714000,183.0,160.0,285.0,147.0,False,MEDIUM,6.0,False,Ferrari,0 days 00:24:38.644000,2026-09-04 14:11:22.009,1,,,,False,True,FP2,54.0,34.2,27.4
0 days 00:28:19.743000,HAM,44,0 days 00:01:24.029000,7.0,2.0,,,0 days 00:00:27.569000,0 days 00:00:28.471000,0 days 00:00:27.989000,0 days 00:27:23.283000,0 days 00:27:51.754000,0 days 00:28:19.743000,290.0,310.0,275.0,316.0,False,MEDIUM,7.0,False,Ferrari,0 days 00:26:55.714000,2026-09-04 14:13:39.079,1,,,,False,True,FP2,54.0,34.2,27.4
0 days 00:30:05.942000,HAM,44,0 days 00:01:46.199000,8.0,2.0,,0 days 00:30:02,0 days 00:00:41.436000,0 days 00:00:30.465000,0 days 00:00:34.298000,0 days 00:29:01.179000,0 days 00:29:31.644000,0 days 00:30:05.942000,276.0,291.0,,143.0,False,MEDIUM,8.0,False,Ferrari,0 days 00:28:19.743000,2026-09-04 14:15:03.108,1,,,,False,False,FP2,54.0,34.2,27.4
0 days 00:43:51.314000,HAM,44,,9.0,3.0,0 days 00:42:08.572000,,,0 days 00:00:32.027000,0 days 00:00:34.466000,,0 days 00:43:17.017000,0 days 00:43:51.316000,230.0,292.0,291.0,159.0,False,SOFT,1.0,True,Ferrari,0 days 00:30:05.942000,2026-09-04 14:16:49.307,1,,,,False,False,FP2,54.0,34.2,27.4
0 days 00:45:14.330000,HAM,44,0 days 00:01:23.016000,10.0,3.0,,,0 days 00:00:27.174000,0 days 00:00:28.145000,0 days 00:00:27.697000,0 days 00:44:18.488000,0 days 00:44:46.633000,0 days 00:45:14.330000,294.0,312.0,279.0,321.0,True,SOFT,2.0,True,Ferrari,0 days 00:43:51.314000,2026-09-04 14:30:34.679,1,,,,False,True,FP2,54.0,34.2,27.4
0 days 00:47:57.327000,HAM,44,,11.0,3.0,,0 days 00:47:53.444000,0 days 00:00:54.880000,0 days 00:00:58.032000,0 days 00:00:50.157000,0 days 00:46:09.246000,0 days 00:47:07.374000,0 days 00:47:57.327000,123.0,177.0,,140.0,False,SOFT,3.0,True,Ferrari,0 days 00:45:14.330000,2026-09-04 14:31:57.695,1,,,,False,False,FP2,54.1,34.2,27.9
0 days 00:50:36.452000,HAM,44,,12.0,4.0,0 days 00:48:15.207000,,0 days 00:01:16.453000,0 days 00:00:43.306000,0 days 00:00:39.344000,0 days 00:49:13.993000,0 days 00:49:57.226000,0 days 00:50:36.521000,184.0,173.0,292.0,169.0,False,SOFT,4.0,False,Ferrari,0 days 00:47:57.327000,2026-09-04 14:34:40.692,1,,,,False,False,FP2,54.1,34.2,27.9
0 days 00:52:32.973000,HAM,44,0 days 00:01:56.521000,13.0,4.0,,,0 days 00:00:47.757000,0 days 00:00:37.941000,0 days 00:00:30.823000,0 days 00:51:24.209000,0 days 00:52:02.150000,0 days 00:52:32.973000,126.0,287.0,290.0,320.0,False,SOFT,5.0,False,Ferrari,0 days 00:50:36.452000,2026-09-04 14:37:19.817,1,,,,False,True,FP2,54.1,34.2,27.9
0 days 00:54:15.515000,HAM,44,0 days 00:01:42.542000,14.0,4.0,,0 days 00:54:11.678000,0 days 00:00:27.361000,0 days 00:00:33.310000,0 days 00:00:41.871000,0 days 00:53:00.334000,0 days 00:53:33.644000,0 days 00:54:15.515000,292.0,186.0,,317.0,False,SOFT,6.0,False,Ferrari,0 days 00:52:32.973000,2026-09-04 14:39:16.338,1,,,,False,False,FP2,54.1,34.2,27.9
0 days 01:01:27.067000,HAM,44,,15.0,5.0,0 days 00:59:22.276000,,,0 days 00:00:36.602000,0 days 00:00:30.176000,,0 days 01:00:57.085000,0 days 01:01:27.179000,280.0,246.0,316.0,177.0,False,SOFT,7.0,False,Ferrari,0 days 00:54:15.515000,2026-09-04 14:40:58.880,1,,,,False,False,FP2,54.1,34.2,27.9
0 days 01:02:53.491000,HAM,44,0 days 00:01:26.424000,16.0,5.0,,,0 days 00:00:28.491000,0 days 00:00:29.566000,0 days 00:00:28.367000,0 days 01:01:55.558000,0 days 01:02:25.124000,0 days 01:02:53.491000,280.0,302.0,309.0,319.0,False,SOFT,8.0,False,Ferrari,0 days 01:01:27.067000,2026-09-04 14:48:10.432,1,,,,False,True,FP2,54.1,34.2,27.9
0 days 01:04:20.136000,HAM,44,0 days 00:01:26.645000,17.0,5.0,,,0 days 00:00:28.618000,0 days 00:00:29.682000,0 days 00:00:28.345000,0 days 01:03:22.109000,0 days 01:03:51.791000,0 days 01:04:20.136000,281.0,302.0,309.0,311.0,False,SOFT,9.0,False,Ferrari,0 days 01:02:53.491000,2026-09-04 14:49:36.856,1,,,,False,True,FP2,54.1,34.2,27.9
0 days 01:05:46.509000,HAM,44,0 days 00:01:26.373000,18.0,5.0,,,0 days 00:00:28.586000,0 days 00:00:29.524000,0 days 00:00:28.263000,0 days 01:04:48.722000,0 days 01:05:18.246000,0 days 01:05:46.509000,281.0,300.0,315.0,315.0,False,SOFT,10.0,False,Ferrari,0 days 01:04:20.136000,2026-09-04 14:51:03.501,1,,,,False,True,FP2,54.1,34.2,27.9
0 days 01:07:12.531000,HAM,44,0 days 00:01:26.022000,19.0,5.0,,,0 days 00:00:28.448000,0 days 00:00:29.470000,0 days 00:00:28.104000,0 days 01:06:14.957000,0 days 01:06:44.427000,0 days 01:07:12.531000,281.0,306.0,311.0,319.0,False,SOFT,11.0,False,Ferrari,0 days 01:05:46.509000,2026-09-04 14:52:29.874,1,,,,False,True,FP2,54.1,34.2,27.9
0 days 01:08:38.950000,HAM,44,0 days 00:01:26.419000,20.0,5.0,,,0 days 00:00:28.497000,0 days 00:00:29.706000,0 days 00:00:28.216000,0 days 01:07:41.028000,0 days 01:08:10.734000,0 days 01:08:38.950000,283.0,308.0,313.0,317.0,False,SOFT,12.0,False,Ferrari,0 days 01:07:12.531000,2026-09-04 14:53:55.896,1,,,,False,True,FP2,54.1,34.2,27.9
0 days 01:10:04.952000,HAM,44,0 days 00:01:26.002000,21.0,5.0,,,0 days 00:00:28.306000,0 days 00:00:29.453000,0 days 00:00:28.243000,0 days 01:09:07.256000,0 days 01:09:36.709000,0 days 01:10:04.952000,287.0,313.0,328.0,321.0,False,SOFT,13.0,False,Ferrari,0 days 01:08:38.950000,2026-09-04 14:55:22.315,1,,,,False,True,FP2,54.1,34.2,27.9
0 days 01:11:31.206000,HAM,44,0 days 00:01:26.254000,22.0,5.0,,,0 days 00:00:27.965000,0 days 00:00:29.962000,0 days 00:00:28.327000,0 days 01:10:32.917000,0 days 01:11:02.879000,0 days 01:11:31.206000,284.0,300.0,321.0,326.0,False,SOFT,14.0,False,Ferrari,0 days 01:10:04.952000,2026-09-04 14:56:48.317,1,,,,False,True,FP2,53.8,34.2,27.6
0 days 01:12:56.962000,HAM,44,0 days 00:01:25.756000,23.0,5.0,,,0 days 00:00:28.272000,0 days 00:00:29.627000,0 days 00:00:27.857000,0 days 01:11:59.478000,0 days 01:12:29.105000,0 days 01:12:56.962000,283.0,304.0,333.0,314.0,False,SOFT,15.0,False,Ferrari,0 days 01:11:31.206000,2026-09-04 14:58:14.571,1,,,,False,True,FP2,53.8,34.2,27.6
0 days 01:14:23.223000,HAM,44,0 days 00:01:26.261000,24.0,5.0,,,0 days 00:00:28.080000,0 days 00:00:29.832000,0 days 00:00:28.349000,0 days 01:13:25.042000,0 days 01:13:54.874000,0 days 01:14:23.223000,287.0,313.0,323.0,331.0,False,SOFT,16.0,False,Ferrari,0 days 01:12:56.962000,2026-09-04 14:59:40.327,1,,,,False,True,FP2,53.8,34.2,27.6
0 days 01:16:18.508000,HAM,44,0 days 00:01:55.285000,25.0,5.0,,,0 days 00:00:29.727000,0 days 00:00:45.799000,0 days 00:00:39.759000,0 days 01:14:52.950000,0 days 01:15:38.749000,0 days 01:16:18.508000,181.0,196.0,129.0,315.0,False,SOFT,17.0,False,Ferrari,0 days 01:14:23.223000,2026-09-04 15:01:06.588,1,,,,False,True,FP2,53.8,34.2,27.6
0 days 01:18:41.246000,HAM,44,0 days 00:02:22.738000,26.0,5.0,,,0 days 00:01:02.899000,0 days 00:00:41.691000,0 days 00:00:38.148000,0 days 01:17:21.407000,0 days 01:18:03.098000,0 days 01:18:41.246000,195.0,237.0,145.0,288.0,False,SOFT,18.0,False,Ferrari,0 days 01:16:18.508000,2026-09-04 15:03:01.873,1,,,,False,True,FP2,53.8,34.2,27.6
0 days 01:20:57.358000,HAM,44,0 days 00:02:16.112000,27.0,5.0,,0 days 01:20:53.545000,0 days 00:01:05.807000,0 days 00:00:31.637000,0 days 00:00:38.668000,0 days 01:19:47.053000,0 days 01:20:18.690000,0 days 01:20:57.358000,246.0,239.0,,290.0,False,SOFT,19.0,False,Ferrari,0 days 01:18:41.246000,2026-09-04 15:05:24.611,1,,,,False,False,FP2,53.8,34.2,27.6
0 days 00:15:59.273000,SAI,55,,1.0,1.0,0 days 00:14:08.374000,,,0 days 00:00:36.369000,0 days 00:00:34.854000,,0 days 00:15:24.833000,0 days 00:15:59.535000,281.0,255.0,296.0,134.0,False,MEDIUM,1.0,True,Williams,0 days 00:14:08.374000,2026-09-04 14:00:51.739,1,,,,False,False,FP2,53.8,34.2,27.6
0 days 00:17:24.258000,SAI,55,0 days 00:01:24.985000,2.0,1.0,,,0 days 00:00:27.375000,0 days 00:00:28.882000,0 days 00:00:28.728000,0 days 00:16:26.648000,0 days 00:16:55.530000,0 days 00:17:24.258000,299.0,321.0,283.0,326.0,True,MEDIUM,2.0,True,Williams,0 days 00:15:59.273000,2026-09-04 14:02:42.638,1,,,,False,True,FP2,53.8,34.2,27.6
0 days 00:19:45.341000,SAI,55,0 days 00:02:21.083000,3.0,1.0,,,0 days 00:00:48.067000,0 days 00:00:56.619000,0 days 00:00:36.397000,0 days 00:18:12.325000,0 days 00:19:08.944000,0 days 00:19:45.341000,127.0,178.0,296.0,188.0,False,MEDIUM,3.0,True,Williams,0 days 00:17:24.258000,2026-09-04 14:04:07.623,1,,,,False,True,FP2,53.8,34.2,27.6
0 days 00:21:10.253000,SAI,55,0 days 00:01:24.912000,4.0,1.0,,,0 days 00:00:27.445000,0 days 00:00:28.867000,0 days 00:00:28.600000,0 days 00:20:12.786000,0 days 00:20:41.653000,0 days 00:21:10.253000,296.0,315.0,281.0,323.0,True,MEDIUM,4.0,True,Williams,0 days 00:19:45.341000,2026-09-04 14:06:28.706,1,,,,False,True,FP2,53.8,34.2,27.6
0 days 00:23:28.102000,SAI,55,0 days 00:02:17.849000,5.0,1.0,,,0 days 00:00:47.258000,0 days 00:00:56.062000,0 days 00:00:34.529000,0 days 00:21:57.511000,0 days 00:22:53.573000,0 days 00:23:28.102000,132.0,216.0,297.0,265.0,False,MEDIUM,5.0,True,Williams,0 days 00:21:10.253000,2026-09-04 14:07:53.618,1,,,,False,True,FP2,53.8,34.2,27.6
0 days 00:24:52.689000,SAI,55,0 days 00:01:24.587000,6.0,1.0,,,0 days 00:00:27.246000,0 days 00:00:28.766000,0 days 00:00:28.575000,0 days 00:23:55.348000,0 days 00:24:24.114000,0 days 00:24:52.689000,297.0,315.0,280.0,323.0,True,MEDIUM,6.0,True,Williams,0 days 00:23:28.102000,2026-09-04 14:10:11.467,1,,,,False,True,FP2,53.8,34.2,27.6
0 days 00:26:59.336000,SAI,55,0 days 00:02:06.647000,7.0,1.0,,0 days 00:26:55.741000,0 days 00:00:37.409000,0 days 00:00:45.481000,0 days 00:00:43.757000,0 days 00:25:30.098000,0 days 00:26:15.579000,0 days 00:26:59.336000,217.0,207.0,,236.0,False,MEDIUM,7.0,True,Williams,0 days 00:24:52.689000,2026-09-04 14:11:36.054,1,,,,False,False,FP2,53.8,34.2,27.6
0 days 00:29:15.589000,SAI,55,0 days 00:02:16.253000,8.0,2.0,0 days 00:27:23.102000,,0 days 00:01:02.908000,0 days 00:00:39.670000,0 days 00:00:33.675000,0 days 00:28:02.244000,0 days 00:28:41.914000,0 days 00:29:15.589000,266.0,184.0,298.0,136.0,False,MEDIUM,8.0,False,Williams,0 days 00:26:59.336000,2026-09-04 14:13:42.701,1,,,,False,False,FP2,53.8,34.2,27.6
0 days 00:31:10.636000,SAI,55,0 days 00:01:55.047000,9.0,2.0,,,0 days 00:00:27.284000,0 days 00:00:46.602000,0 days 00:00:41.161000,0 days 00:29:42.873000,0 days 00:30:29.475000,0 days 00:31:10.636000,300.0,154.0,296.0,334.0,False,MEDIUM,9.0,False,Williams,0 days 00:29:15.589000,2026-09-04 14:15:58.954,1,,,,False,True,FP2,53.8,34.2,27.6
0 days 00:32:48.661000,SAI,55,0 days 00:01:38.025000,10.0,2.0,,0 days 00:32:45.105000,0 days 00:00:27.366000,0 days 00:00:32.883000,0 days 00:00:37.776000,0 days 00:31:38.002000,0 days 00:32:10.885000,0 days 00:32:48.661000,300.0,182.0,,327.0,False,MEDIUM,10.0,False,Williams,0 days 00:31:10.636000,2026-09-04 14:17:54.001,1,,,,False,False,FP2,53.5,34.3,27.5
0 days 00:43:27.787000,SAI,55,,11.0,3.0,0 days 00:41:47.488000,,,0 days 00:00:32.067000,0 days 00:00:31.468000,,0 days 00:42:56.396000,0 days 00:43:27.892000,313.0,263.0,298.0,209.0,False,SOFT,1.0,True,Williams,0 days 00:32:48.661000,2026-09-04 14:19:32.026,1,,,,False,False,FP2,53.5,34.3,27.5
0 days 00:44:51.687000,SAI,55,0 days 00:01:23.900000,12.0,3.0,,,0 days 00:00:27.070000,0 days 00:00:28.630000,0 days 00:00:28.200000,0 days 00:43:54.857000,0 days 00:44:23.487000,0 days 00:44:51.687000,300.0,322.0,283.0,325.0,True,SOFT,2.0,True,Williams,0 days 00:43:27.787000,2026-09-04 14:30:11.152,1,,,,False,True,FP2,53.5,34.3,27.5
0 days 00:47:00.773000,SAI,55,0 days 00:02:09.086000,13.0,3.0,,,0 days 00:00:41.524000,0 days 00:00:43.151000,0 days 00:00:44.411000,0 days 00:45:33.211000,0 days 00:46:16.362000,0 days 00:47:00.773000,185.0,163.0,162.0,205.0,False,SOFT,3.0,True,Williams,0 days 00:44:51.687000,2026-09-04 14:31:35.052,1,,,,False,True,FP2,53.5,34.3,27.5
0 days 00:49:01.638000,SAI,55,0 days 00:02:00.865000,14.0,3.0,,,0 days 00:00:49.268000,0 days 00:00:37.266000,0 days 00:00:34.331000,0 days 00:47:50.041000,0 days 00:48:27.307000,0 days 00:49:01.638000,208.0,160.0,299.0,191.0,False,SOFT,4.0,True,Williams,0 days 00:47:00.773000,2026-09-04 14:33:44.138,1,,,,False,True,FP2,53.5,34.3,27.5
0 days 00:50:25.664000,SAI,55,0 days 00:01:24.026000,15.0,3.0,,,0 days 00:00:27.246000,0 days 00:00:28.596000,0 days 00:00:28.184000,0 days 00:49:28.884000,0 days 00:49:57.480000,0 days 00:50:25.664000,300.0,322.0,281.0,324.0,False,SOFT,5.0,True,Williams,0 days 00:49:01.638000,2026-09-04 14:35:45.003,1,,,,False,True,FP2,53.5,34.3,27.5
0 days 00:52:14.052000,SAI,55,0 days 00:01:48.388000,16.0,3.0,,0 days 00:52:10.269000,0 days 00:00:35.695000,0 days 00:00:36.397000,0 days 00:00:36.296000,0 days 00:51:01.359000,0 days 00:51:37.756000,0 days 00:52:14.052000,218.0,322.0,,254.0,False,SOFT,6.0,True,Williams,0 days 00:50:25.664000,2026-09-04 14:37:09.029,1,,,,False,False,FP2,53.5,34.3,27.5
0 days 00:58:51.269000,SAI,55,,17.0,4.0,0 days 00:57:19.891000,,,0 days 00:00:30.882000,0 days 00:00:29.532000,,0 days 00:58:21.849000,0 days 00:58:51.279000,290.0,311.0,295.0,241.0,False,SOFT,7.0,False,Williams,0 days 00:52:14.052000,2026-09-04 14:38:57.417,1,,,,False,False,FP2,53.5,34.3,27.5
0 days 01:00:18.708000,SAI,55,0 days 00:01:27.439000,18.0,4.0,,,0 days 00:00:28.448000,0 days 00:00:29.858000,0 days 00:00:29.133000,0 days 00:59:19.717000,0 days 00:59:49.575000,0 days 01:00:18.708000,293.0,311.0,289.0,309.0,False,SOFT,8.0,False,Williams,0 days 00:58:51.269000,2026-09-04 14:45:34.634,1,,,,False,True,FP2,53.5,34.3,27.5
0 days 01:01:46.135000,SAI,55,0 days 00:01:27.427000,19.0,4.0,,,0 days 00:00:28.477000,0 days 00:00:29.828000,0 days 00:00:29.122000,0 days 01:00:47.185000,0 days 01:01:17.013000,0 days 01:01:46.135000,296.0,311.0,287.0,307.0,False,SOFT,9.0,False,Williams,0 days 01:00:18.708000,2026-09-04 14:47:02.073,1,,,,False,True,FP2,53.5,34.3,27.5
0 days 01:03:13.472000,SAI,55,0 days 00:01:27.337000,20.0,4.0,,,0 days 00:00:28.444000,0 days 00:00:29.762000,0 days 00:00:29.131000,0 days 01:02:14.579000,0 days 01:02:44.341000,0 days 01:03:13.472000,295.0,310.0,288.0,306.0,False,SOFT,10.0,False,Williams,0 days 01:01:46.135000,2026-09-04 14:48:29.500,1,,,,False,True,FP2,53.5,34.3,27.5
0 days 01:04:42.501000,SAI,55,0 days 00:01:29.029000,21.0,4.0,,,0 days 00:00:29.266000,0 days 00:00:30.424000,0 days 00:00:29.339000,0 days 01:03:42.738000,0 days 01:04:13.162000,0 days 01:04:42.501000,300.0,313.0,297.0,306.0,False,SOFT,11.0,False,Williams,0 days 01:03:13.472000,2026-09-04 14:49:56.837,1,,,,False,True,FP2,53.5,34.3,27.5
0 days 01:06:09.794000,SAI,55,0 days 00:01:27.293000,22.0,4.0,,,0 days 00:00:28.362000,0 days 00:00:29.854000,0 days 00:00:29.077000,0 days 01:05:10.863000,0 days 01:05:40.717000,0 days 01:06:09.794000,294.0,312.0,290.0,314.0,False,SOFT,12.0,False,Williams,0 days 01:04:42.501000,2026-09-04 14:51:25.866,1,,,,False,True,FP2,53.5,34.3,27.5
0 days 01:07:37.127000,SAI,55,0 days 00:01:27.333000,23.0,4.0,,,0 days 00:00:28.344000,0 days 00:00:29.917000,0 days 00:00:29.072000,0 days 01:06:38.138000,0 days 01:07:08.055000,0 days 01:07:37.127000,295.0,311.0,289.0,313.0,False,SOFT,13.0,False,Williams,0 days 01:06:09.794000,2026-09-04 14:52:53.159,1,,,,False,True,FP2,53.5,34.3,27.5
0 days 01:09:04.666000,SAI,55,0 days 00:01:27.539000,24.0,4.0,,,0 days 00:00:28.516000,0 days 00:00:29.940000,0 days 00:00:29.083000,0 days 01:08:05.643000,0 days 01:08:35.583000,0 days 01:09:04.666000,295.0,310.0,293.0,305.0,False,SOFT,14.0,False,Williams,0 days 01:07:37.127000,2026-09-04 14:54:20.492,1,,,,False,True,FP2,53.5,34.3,27.5
0 days 01:10:32.007000,SAI,55,0 days 00:01:27.341000,25.0,4.0,,,0 days 00:00:28.452000,0 days 00:00:29.899000,0 days 00:00:28.990000,0 days 01:09:33.118000,0 days 01:10:03.017000,0 days 01:10:32.007000,294.0,309.0,290.0,309.0,False,SOFT,15.0,False,Williams,0 days 01:09:04.666000,2026-09-04 14:55:48.031,1,,,,False,True,FP2,53.3,34.2,27.5
0 days 01:11:59.370000,SAI,55,0 days 00:01:27.363000,26.0,4.0,,,0 days 00:00:28.476000,0 days 00:00:29.944000,0 days 00:00:28.943000,0 days 01:11:00.483000,0 days 01:11:30.427000,0 days 01:11:59.370000,293.0,309.0,293.0,308.0,False,SOFT,16.0,False,Williams,0 days 01:10:32.007000,2026-09-04 14:57:15.372,1,,,,False,True,FP2,53.3,34.2,27.5
0 days 01:13:27.443000,SAI,55,0 days 00:01:28.073000,27.0,4.0,,,0 days 00:00:28.866000,0 days 00:00:30.323000,0 days 00:00:28.884000,0 days 01:12:28.236000,0 days 01:12:58.559000,0 days 01:13:27.443000,298.0,311.0,297.0,305.0,False,SOFT,17.0,False,Williams,0 days 01:11:59.370000,2026-09-04 14:58:42.735,1,,,,False,True,FP2,53.3,34.2,27.5
0 days 01:15:17.590000,SAI,55,0 days 00:01:50.147000,28.0,4.0,,,0 days 00:00:28.482000,0 days 00:00:31.478000,0 days 00:00:50.187000,0 days 01:13:55.925000,0 days 01:14:27.403000,0 days 01:15:17.590000,291.0,200.0,89.0,302.0,False,SOFT,18.0,False,Williams,0 days 01:13:27.443000,2026-09-04 15:00:10.808,1,,,,False,True,FP2,53.3,34.2,27.5
0 days 01:17:33.714000,SAI,55,0 days 00:02:16.124000,29.0,4.0,,,0 days 00:01:03.611000,0 days 00:00:33.196000,0 days 00:00:39.317000,0 days 01:16:21.201000,0 days 01:16:54.397000,0 days 01:17:33.714000,289.0,224.0,152.0,293.0,False,SOFT,19.0,False,Williams,0 days 01:15:17.590000,2026-09-04 15:02:00.955,1,,,,False,True,FP2,53.3,34.2,27.5
0 days 01:19:41.057000,SAI,55,0 days 00:02:07.343000,30.0,4.0,,0 days 01:19:37.275000,0 days 00:01:00.088000,0 days 00:00:31.275000,0 days 00:00:35.980000,0 days 01:18:33.802000,0 days 01:19:05.077000,0 days 01:19:41.057000,291.0,296.0,,301.0,False,SOFT,20.0,False,Williams,0 days 01:17:33.714000,2026-09-04 15:04:17.079,1,,,,False,False,FP2,53.3,34.2,27.5
0 days 00:17:42.961000,RUS,63,,1.0,1.0,0 days 00:16:02.662000,,,0 days 00:00:36.107000,0 days 00:00:30.781000,,0 days 00:17:12.436000,0 days 00:17:43.151000,281.0,265.0,295.0,265.0,False,HARD,1.0,True,Mercedes,0 days 00:16:02.662000,2026-09-04 14:02:46.027,1,,,,False,False,FP2,53.3,34.2,27.5
0 days 00:19:06.586000,RUS,63,0 days 00:01:23.625000,2.0,1.0,,,0 days 00:00:27.275000,0 days 00:00:28.188000,0 days 00:00:28.162000,0 days 00:18:10.236000,0 days 00:18:38.424000,0 days 00:19:06.586000,299.0,316.0,282.0,326.0,True,HARD,2.0,True,Mercedes,0 days 00:17:42.961000,2026-09-04 14:04:26.326,1,,,,False,True,FP2,53.3,34.2,27.5
0 days 00:21:36.112000,RUS,63,0 days 00:02:29.526000,3.0,1.0,,,0 days 00:00:59.874000,0 days 00:00:56.106000,0 days 00:00:33.546000,0 days 00:20:06.460000,0 days 00:21:02.566000,0 days 00:21:36.112000,122.0,164.0,295.0,111.0,False,HARD,3.0,True,Mercedes,0 days 00:19:06.586000,2026-09-04 14:05:49.951,1,,,,False,True,FP2,53.3,34.2,27.5
0 days 00:22:59.546000,RUS,63,0 days 00:01:23.434000,4.0,1.0,,,0 days 00:00:27.336000,0 days 00:00:28.025000,0 days 00:00:28.073000,0 days 00:22:03.448000,0 days 00:22:31.473000,0 days 00:22:59.546000,295.0,318.0,282.0,324.0,True,HARD,4.0,True,Mercedes,0 days 00:21:36.112000,2026-09-04 14:08:19.477,1,,,,False,True,FP2,53.3,34.2,27.5
0 days 00:25:28.230000,RUS,63,0 days 00:02:28.684000,5.0,1.0,,0 days 00:25:24.546000,0 days 00:00:53.016000,0 days 00:00:52.594000,0 days 00:00:43.074000,0 days 00:23:52.562000,0 days 00:24:45.156000,0 days 00:25:28.230000,111.0,235.0,,137.0,False,HARD,5.0,True,Mercedes,0 days 00:22:59.546000,2026-09-04 14:09:42.911,1,,,,False,False,FP2,53.3,34.2,27.5
0 days 00:27:43.278000,RUS,63,0 days 00:02:15.048000,6.0,2.0,0 days 00:25:50.450000,,0 days 00:01:02.111000,0 days 00:00:40.670000,0 days 00:00:32.267000,0 days 00:26:30.341000,0 days 00:27:11.011000,0 days 00:27:43.278000,192.0,282.0,294.0,215.0,False,HARD,6.0,False,Mercedes,0 days 00:25:28.230000,2026-09-04 14:12:11.595,1,,,,False,False,FP2,53.3,34.2,27.5
0 days 00:29:06.480000,RUS,63,0 days 00:01:23.202000,7.0,2.0,,,0 days 00:00:27.232000,0 days 00:00:28.037000,0 days 00:00:27.933000,0 days 00:28:10.510000,0 days 00:28:38.547000,0 days 00:29:06.480000,296.0,319.0,285.0,331.0,True,HARD,7.0,False,Mercedes,0 days 00:27:43.278000,2026-09-04 14:14:26.643,1,,,,False,True,FP2,53.3,34.1,27.7
0 days 00:30:56.195000,RUS,63,0 days 00:01:49.715000,8.0,2.0,,0 days 00:30:52.533000,0 days 00:00:34.380000,0 days 00:00:35.924000,0 days 00:00:39.411000,0 days 00:29:40.860000,0 days 00:30:16.784000,0 days 00:30:56.195000,258.0,291.0,,278.0,False,HARD,8.0,False,Mercedes,0 days 00:29:06.480000,2026-09-04 14:15:49.845,1,,,,False,False,FP2,53.3,34.1,27.7
0 days 00:37:13.718000,RUS,63,,9.0,3.0,0 days 00:35:20.125000,0 days 00:37:09.980000,,0 days 00:00:35.841000,0 days 00:00:42.716000,,0 days 00:36:31.263000,0 days 00:37:13.756000,298.0,171.0,,261.0,False,SOFT,1.0,True,Mercedes,0 days 00:30:56.195000,2026-09-04 14:17:39.560,1,,,,False,False,FP2,53.3,34.1,27.7
0 days 00:39:25.216000,RUS,63,0 days 00:02:11.498000,10.0,4.0,0 days 00:37:37.717000,,0 days 00:01:03.695000,0 days 00:00:37.182000,0 days 00:00:30.621000,0 days 00:38:17.413000,0 days 00:38:54.595000,0 days 00:39:25.216000,250.0,285.0,295.0,174.0,False,SOFT,2.0,False,Mercedes,0 days 00:37:13.718000,2026-09-04 14:23:57.083,1,,,,False,False,FP2,53.3,34.1,27.7
0 days 00:40:47.902000,RUS,63,0 days 00:01:22.686000,11.0,4.0,,,0 days 00:00:27.084000,0 days 00:00:27.820000,0 days 00:00:27.782000,0 days 00:39:52.300000,0 days 00:40:20.120000,0 days 00:40:47.902000,298.0,318.0,281.0,323.0,True,SOFT,3.0,False,Mercedes,0 days 00:39:25.216000,2026-09-04 14:26:08.581,1,,,,False,True,FP2,53.3,34.1,27.7
0 days 00:43:13.248000,RUS,63,0 days 00:02:25.346000,12.0,4.0,,,0 days 00:00:47.120000,0 days 00:00:49.373000,0 days 00:00:48.853000,0 days 00:41:35.022000,0 days 00:42:24.395000,0 days 00:43:13.248000,182.0,180.0,181.0,142.0,False,SOFT,4.0,False,Mercedes,0 days 00:40:47.902000,2026-09-04 14:27:31.267,1,,,,False,True,FP2,53.3,34.1,27.7
0 days 00:45:19.051000,RUS,63,0 days 00:02:05.803000,13.0,4.0,,,0 days 00:00:45.954000,0 days 00:00:47.526000,0 days 00:00:32.323000,0 days 00:43:59.202000,0 days 00:44:46.728000,0 days 00:45:19.051000,161.0,225.0,296.0,188.0,False,SOFT,5.0,False,Mercedes,0 days 00:43:13.248000,2026-09-04 14:29:56.613,1,,,,False,True,FP2,53.3,34.1,27.7
0 days 00:46:41.610000,RUS,63,0 days 00:01:22.559000,14.0,4.0,,,0 days 00:00:27.044000,0 days 00:00:27.794000,0 days 00:00:27.721000,0 days 00:45:46.095000,0 days 00:46:13.889000,0 days 00:46:41.610000,302.0,320.0,283.0,325.0,True,SOFT,6.0,False,Mercedes,0 days 00:45:19.051000,2026-09-04 14:32:02.416,1,,,,False,True,FP2,53.3,34.1,27.7
0 days 00:48:37.870000,RUS,63,0 days 00:01:56.260000,15.0,4.0,,0 days 00:48:34.084000,0 days 00:00:39.538000,0 days 00:00:34.979000,0 days 00:00:41.743000,0 days 00:47:21.148000,0 days 00:47:56.127000,0 days 00:48:37.870000,219.0,219.0,,153.0,False,SOFT,7.0,False,Mercedes,0 days 00:46:41.610000,2026-09-04 14:33:24.975,1,,,,False,False,FP2,53.3,34.1,27.7
0 days 00:55:24.392000,RUS,63,,16.0,5.0,0 days 00:53:33.683000,,,0 days 00:00:29.647000,0 days 00:00:28.489000,,0 days 00:54:56.002000,0 days 00:55:24.477000,286.0,306.0,308.0,276.0,False,HARD,9.0,False,Mercedes,0 days 00:48:37.870000,2026-09-04 14:35:21.235,1,,,,False,False,FP2,53.3,34.1,27.7
0 days 00:56:50.502000,RUS,63,0 days 00:01:26.110000,17.0,5.0,,,0 days 00:00:28.375000,0 days 00:00:29.100000,0 days 00:00:28.635000,0 days 00:55:52.767000,0 days 00:56:21.867000,0 days 00:56:50.502000,291.0,306.0,287.0,293.0,False,HARD,10.0,False,Mercedes,0 days 00:55:24.392000,2026-09-04 14:42:07.757,1,,,,False,True,FP2,53.3,34.1,27.7
0 days 00:58:16.883000,RUS,63,0 days 00:01:26.381000,18.0,5.0,,,0 days 00:00:28.694000,0 days 00:00:29.142000,0 days 00:00:28.545000,0 days 00:57:19.196000,0 days 00:57:48.338000,0 days 00:58:16.883000,292.0,306.0,288.0,300.0,False,HARD,11.0,False,Mercedes,0 days 00:56:50.502000,2026-09-04 14:43:33.867,1,,,,False,True,FP2,53.3,34.1,27.7
0 days 00:59:43.187000,RUS,63,0 days 00:01:26.304000,19.0,5.0,,,0 days 00:00:28.513000,0 days 00:00:29.327000,0 days 00:00:28.464000,0 days 00:58:45.396000,0 days 00:59:14.723000,0 days 00:59:43.187000,291.0,306.0,294.0,304.0,False,HARD,12.0,False,Mercedes,0 days 00:58:16.883000,2026-09-04 14:45:00.248,1,,,,False,True,FP2,53.3,34.1,27.7
0 days 01:01:09.342000,RUS,63,0 days 00:01:26.155000,20.0,5.0,,,0 days 00:00:28.500000,0 days 00:00:29.224000,0 days 00:00:28.431000,0 days 01:00:11.687000,0 days 01:00:40.911000,0 days 01:01:09.342000,291.0,308.0,298.0,304.0,False,HARD,13.0,False,Mercedes,0 days 00:59:43.187000,2026-09-04 14:46:26.552,1,,,,False,True,FP2,53.3,34.1,27.7
0 days 01:02:35.317000,RUS,63,0 days 00:01:25.975000,21.0,5.0,,,0 days 00:00:28.341000,0 days 00:00:29.278000,0 days 00:00:28.356000,0 days 01:01:37.683000,0 days 01:02:06.961000,0 days 01:02:35.317000,294.0,313.0,304.0,304.0,False,HARD,14.0,False,Mercedes,0 days 01:01:09.342000,2026-09-04 14:47:52.707,1,,,,False,True,FP2,53.3,34.1,27.7
0 days 01:04:01.457000,RUS,63,0 days 00:01:26.140000,22.0,5.0,,,0 days 00:00:28.199000,0 days 00:00:29.459000,0 days 00:00:28.482000,0 days 01:03:03.516000,0 days 01:03:32.975000,0 days 01:04:01.457000,302.0,310.0,298.0,314.0,False,HARD,15.0,False,Mercedes,0 days 01:02:35.317000,2026-09-04 14:49:18.682,1,,,,False,True,FP2,53.3,34.1,27.7
0 days 01:05:27.400000,RUS,63,0 days 00:01:25.943000,23.0,5.0,,,0 days 00:00:28.359000,0 days 00:00:29.219000,0 days 00:00:28.365000,0 days 01:04:29.816000,0 days 01:04:59.035000,0 days 01:05:27.400000,296.0,315.0,298.0,308.0,False,HARD,16.0,False,Mercedes,0 days 01:04:01.457000,2026-09-04 14:50:44.822,1,,,,False,True,FP2,53.0,34.1,28.6
0 days 01:06:54.575000,RUS,63,0 days 00:01:27.175000,24.0,5.0,,,0 days 00:00:28.070000,0 days 00:00:29.764000,0 days 00:00:29.341000,0 days 01:05:55.470000,0 days 01:06:25.234000,0 days 01:06:54.575000,300.0,320.0,311.0,318.0,False,HARD,17.0,False,Mercedes,0 days 01:05:27.400000,2026-09-04 14:52:10.765,1,,,,False,True,FP2,53.0,34.1,28.6
0 days 01:08:20.317000,RUS,63,0 days 00:01:25.742000,25.0,5.0,,,0 days 00:00:28.067000,0 days 00:00:29.324000,0 days 00:00:28.351000,0 days 01:07:22.642000,0 days 01:07:51.966000,0 days 01:08:20.317000,292.0,308.0,294.0,314.0,False,HARD,18.0,False,Mercedes,0 days 01:06:54.575000,2026-09-04 14:53:37.940,1,,,,False,True,FP2,53.0,34.1,28.6
0 days 01:09:46.475000,RUS,63,0 days 00:01:26.158000,26.0,5.0,,,0 days 00:00:28.533000,0 days 00:00:29.311000,0 days 00:00:28.314000,0 days 01:08:48.850000,0 days 01:09:18.161000,0 days 01:09:46.475000,293.0,310.0,298.0,307.0,False,HARD,19.0,False,Mercedes,0 days 01:08:20.317000,2026-09-04 14:55:03.682,1,,,,False,True,FP2,53.0,34.1,28.6
0 days 01:11:17.376000,RUS,63,0 days 00:01:30.901000,27.0,5.0,,0 days 01:11:13.567000,0 days 00:00:28.335000,0 days 00:00:29.292000,0 days 00:00:33.274000,0 days 01:10:14.810000,0 days 01:10:44.102000,0 days 01:11:17.376000,294.0,333.0,,310.0,False,HARD,20.0,False,Mercedes,0 days 01:09:46.475000,2026-09-04 14:56:29.840,1,,,,False,False,FP2,53.0,34.1,28.6
0 days 01:14:49.046000,RUS,63,,28.0,6.0,0 days 01:12:54.421000,,,0 days 00:00:30.538000,0 days 00:00:30.251000,,0 days 01:14:18.795000,0 days 01:14:49.118000,276.0,304.0,302.0,273.0,False,SOFT,8.0,False,Mercedes,0 days 01:11:17.376000,2026-09-04 14:58:00.741,1,,,,False,False,FP2,53.0,34.1,28.6
0 days 01:16:51.982000,RUS,63,0 days 00:02:02.936000,29.0,6.0,,,0 days 00:00:33.776000,0 days 00:00:35.916000,0 days 00:00:53.244000,0 days 01:15:22.822000,0 days 01:15:58.738000,0 days 01:16:51.982000,211.0,237.0,48.0,232.0,False,SOFT,9.0,False,Mercedes,0 days 01:14:49.046000,2026-09-04 15:01:32.411,1,,,,False,True,FP2,53.0,34.1,28.6
0 days 01:19:35.270000,RUS,63,,30.0,6.0,,,0 days 00:01:20.881000,0 days 00:00:36.641000,0 days 00:00:45.840000,0 days 01:18:12.993000,0 days 01:18:49.566000,0 days 01:19:35.401000,290.0,219.0,77.0,297.0,False,SOFT,10.0,False,Mercedes,0 days 01:16:51.982000,2026-09-04 15:03:35.347,1,,,,False,False,FP2,53.0,34.1,28.6
0 days 01:22:04.170000,RUS,63,0 days 00:02:28.900000,31.0,6.0,,0 days 01:22:00.357000,0 days 00:01:21.392000,0 days 00:00:31.270000,0 days 00:00:36.238000,0 days 01:20:56.662000,0 days 01:21:27.932000,0 days 01:22:04.170000,293.0,289.0,,293.0,False,SOFT,11.0,False,Mercedes,0 days 01:19:35.270000,2026-09-04 15:06:18.635,12,,,,False,False,FP2,53.0,34.1,28.6
0 days 00:15:48.016000,BOT,77,,1.0,1.0,0 days 00:13:52.841000,,,0 days 00:00:39.019000,0 days 00:00:36.272000,,0 days 00:15:12,0 days 00:15:48.182000,208.0,274.0,279.0,177.0,False,MEDIUM,1.0,True,Cadillac,0 days 00:13:52.841000,2026-09-04 14:00:36.206,1,,,,False,False,FP2,53.0,34.1,28.6
0 days 00:17:14.123000,BOT,77,0 days 00:01:26.107000,2.0,1.0,,,0 days 00:00:27.925000,0 days 00:00:29.278000,0 days 00:00:28.904000,0 days 00:16:15.941000,0 days 00:16:45.219000,0 days 00:17:14.123000,291.0,306.0,280.0,320.0,True,MEDIUM,2.0,True,Cadillac,0 days 00:15:48.016000,2026-09-04 14:02:31.381,1,,,,False,True,FP2,53.0,34.1,28.6
0 days 00:19:18.706000,BOT,77,0 days 00:02:04.583000,3.0,1.0,,,0 days 00:00:40.488000,0 days 00:00:44.340000,0 days 00:00:39.755000,0 days 00:17:54.611000,0 days 00:18:38.951000,0 days 00:19:18.706000,164.0,174.0,278.0,195.0,False,MEDIUM,3.0,True,Cadillac,0 days 00:17:14.123000,2026-09-04 14:03:57.488,1,,,,False,True,FP2,53.0,34.1,28.6
0 days 00:20:45.020000,BOT,77,0 days 00:01:26.314000,4.0,1.0,,,0 days 00:00:28.101000,0 days 00:00:29.209000,0 days 00:00:29.004000,0 days 00:19:46.807000,0 days 00:20:16.016000,0 days 00:20:45.020000,286.0,299.0,279.0,312.0,False,MEDIUM,4.0,True,Cadillac,0 days 00:19:18.706000,2026-09-04 14:06:02.071,1,,,,False,True,FP2,53.0,34.1,28.6
0 days 00:22:54.490000,BOT,77,0 days 00:02:09.470000,5.0,1.0,,0 days 00:22:51.336000,0 days 00:00:38.587000,0 days 00:00:39.348000,0 days 00:00:51.535000,0 days 00:21:23.607000,0 days 00:22:02.955000,0 days 00:22:54.490000,185.0,189.0,,195.0,False,MEDIUM,5.0,True,Cadillac,0 days 00:20:45.020000,2026-09-04 14:07:28.385,1,,,,False,False,FP2,53.0,34.1,28.6
0 days 00:25:09.882000,BOT,77,0 days 00:02:15.392000,6.0,2.0,0 days 00:23:19.750000,,0 days 00:01:03.280000,0 days 00:00:37.857000,0 days 00:00:34.255000,0 days 00:23:57.770000,0 days 00:24:35.627000,0 days 00:25:09.882000,216.0,258.0,285.0,200.0,False,MEDIUM,6.0,False,Cadillac,0 days 00:22:54.490000,2026-09-04 14:09:37.855,1,,,,False,False,FP2,53.0,34.1,28.6
0 days 00:26:36.072000,BOT,77,0 days 00:01:26.190000,7.0,2.0,,,0 days 00:00:27.901000,0 days 00:00:29.193000,0 days 00:00:29.096000,0 days 00:25:37.783000,0 days 00:26:06.976000,0 days 00:26:36.072000,287.0,300.0,272.0,315.0,False,MEDIUM,7.0,False,Cadillac,0 days 00:25:09.882000,2026-09-04 14:11:53.247,1,,,,False,True,FP2,53.1,34.2,28.3
0 days 00:28:35.218000,BOT,77,0 days 00:01:59.146000,8.0,2.0,,0 days 00:28:31.294000,0 days 00:00:38.350000,0 days 00:00:35.068000,0 days 00:00:45.728000,0 days 00:27:14.422000,0 days 00:27:49.490000,0 days 00:28:35.218000,268.0,114.0,,150.0,False,MEDIUM,8.0,False,Cadillac,0 days 00:26:36.072000,2026-09-04 14:13:19.437,1,,,,False,False,FP2,53.1,34.2,28.3
0 days 00:44:17.315000,BOT,77,,9.0,3.0,0 days 00:42:39.410000,,,0 days 00:00:34.006000,0 days 00:00:32.645000,,0 days 00:43:44.808000,0 days 00:44:17.414000,252.0,264.0,286.0,183.0,False,SOFT,1.0,True,Cadillac,0 days 00:28:35.218000,2026-09-04 14:15:18.583,1,,,,False,False,FP2,53.1,34.2,28.3
0 days 00:45:42.464000,BOT,77,0 days 00:01:25.149000,10.0,3.0,,,0 days 00:00:27.636000,0 days 00:00:28.878000,0 days 00:00:28.635000,0 days 00:44:44.951000,0 days 00:45:13.829000,0 days 00:45:42.464000,293.0,307.0,279.0,314.0,True,SOFT,2.0,True,Cadillac,0 days 00:44:17.315000,2026-09-04 14:31:00.680,1,,,,False,True,FP2,53.1,34.2,28.3
0 days 00:47:54.457000,BOT,77,0 days 00:02:11.993000,11.0,3.0,,,0 days 00:00:41.625000,0 days 00:00:44.644000,0 days 00:00:45.724000,0 days 00:46:24.089000,0 days 00:47:08.733000,0 days 00:47:54.457000,217.0,177.0,195.0,138.0,False,SOFT,3.0,True,Cadillac,0 days 00:45:42.464000,2026-09-04 14:32:25.829,1,,,,False,True,FP2,53.1,34.2,28.3
0 days 00:49:51.932000,BOT,77,0 days 00:01:57.475000,12.0,3.0,,,0 days 00:00:41.248000,0 days 00:00:41.425000,0 days 00:00:34.802000,0 days 00:48:35.705000,0 days 00:49:17.130000,0 days 00:49:51.932000,193.0,177.0,289.0,207.0,False,SOFT,4.0,True,Cadillac,0 days 00:47:54.457000,2026-09-04 14:34:37.822,1,,,,False,True,FP2,53.1,34.2,28.3
0 days 00:51:40.527000,BOT,77,0 days 00:01:48.595000,13.0,3.0,,,0 days 00:00:31.529000,0 days 00:00:42.654000,0 days 00:00:34.412000,0 days 00:50:23.461000,0 days 00:51:06.115000,0 days 00:51:40.527000,175.0,157.0,291.0,319.0,False,SOFT,5.0,True,Cadillac,0 days 00:49:51.932000,2026-09-04 14:36:35.297,1,,,,False,True,FP2,53.1,34.2,28.3
0 days 00:53:05.743000,BOT,77,0 days 00:01:25.216000,14.0,3.0,,,0 days 00:00:27.554000,0 days 00:00:28.765000,0 days 00:00:28.897000,0 days 00:52:08.081000,0 days 00:52:36.846000,0 days 00:53:05.743000,292.0,306.0,278.0,316.0,False,SOFT,6.0,True,Cadillac,0 days 00:51:40.527000,2026-09-04 14:38:23.892,1,,,,False,True,FP2,53.1,34.2,28.3
0 days 00:55:02.516000,BOT,77,0 days 00:01:56.773000,15.0,3.0,,0 days 00:54:58.627000,0 days 00:00:40.685000,0 days 00:00:35.907000,0 days 00:00:40.181000,0 days 00:53:46.428000,0 days 00:54:22.335000,0 days 00:55:02.516000,192.0,238.0,,145.0,False,SOFT,7.0,True,Cadillac,0 days 00:53:05.743000,2026-09-04 14:39:49.108,1,,,,False,False,FP2,53.1,34.2,28.3
0 days 01:00:51.720000,BOT,77,,16.0,4.0,0 days 00:58:59.695000,,,0 days 00:00:32.364000,0 days 00:00:30.569000,,0 days 01:00:21.373000,0 days 01:00:51.774000,274.0,275.0,313.0,281.0,False,SOFT,8.0,False,Cadillac,0 days 00:55:02.516000,2026-09-04 14:41:45.881,1,,,,False,False,FP2,53.1,34.2,28.3
0 days 01:02:19.875000,BOT,77,0 days 00:01:28.155000,17.0,4.0,,,0 days 00:00:28.622000,0 days 00:00:29.992000,0 days 00:00:29.541000,0 days 01:01:20.342000,0 days 01:01:50.334000,0 days 01:02:19.875000,282.0,302.0,309.0,305.0,False,SOFT,9.0,False,Cadillac,0 days 01:00:51.720000,2026-09-04 14:47:35.085,1,,,,False,True,FP2,53.1,34.2,28.3
0 days 01:03:48.100000,BOT,77,0 days 00:01:28.225000,18.0,4.0,,,0 days 00:00:28.749000,0 days 00:00:30.149000,0 days 00:00:29.327000,0 days 01:02:48.624000,0 days 01:03:18.773000,0 days 01:03:48.100000,281.0,295.0,305.0,305.0,False,SOFT,10.0,False,Cadillac,0 days 01:02:19.875000,2026-09-04 14:49:03.240,1,,,,False,True,FP2,52.3,34.3,28.0
0 days 01:05:17.286000,BOT,77,0 days 00:01:29.186000,19.0,4.0,,,0 days 00:00:29.047000,0 days 00:00:30.804000,0 days 00:00:29.335000,0 days 01:04:17.147000,0 days 01:04:47.951000,0 days 01:05:17.286000,278.0,297.0,313.0,303.0,False,SOFT,11.0,False,Cadillac,0 days 01:03:48.100000,2026-09-04 14:50:31.465,1,,,,False,True,FP2,52.3,34.3,28.0
0 days 01:06:45.376000,BOT,77,0 days 00:01:28.090000,20.0,4.0,,,0 days 00:00:28.625000,0 days 00:00:30.340000,0 days 00:00:29.125000,0 days 01:05:45.911000,0 days 01:06:16.251000,0 days 01:06:45.376000,280.0,293.0,311.0,311.0,False,SOFT,12.0,False,Cadillac,0 days 01:05:17.286000,2026-09-04 14:52:00.651,1,,,,False,True,FP2,52.3,34.3,28.0
0 days 01:08:13.547000,BOT,77,0 days 00:01:28.171000,21.0,4.0,,,0 days 00:00:28.685000,0 days 00:00:30.048000,0 days 00:00:29.438000,0 days 01:07:14.061000,0 days 01:07:44.109000,0 days 01:08:13.547000,280.0,301.0,306.0,311.0,False,SOFT,13.0,False,Cadillac,0 days 01:06:45.376000,2026-09-04 14:53:28.741,1,,,,False,True,FP2,52.3,34.3,28.0
0 days 01:09:41.628000,BOT,77,0 days 00:01:28.081000,22.0,4.0,,,0 days 00:00:28.826000,0 days 00:00:30.163000,0 days 00:00:29.092000,0 days 01:08:42.373000,0 days 01:09:12.536000,0 days 01:09:41.628000,281.0,297.0,307.0,307.0,False,SOFT,14.0,False,Cadillac,0 days 01:08:13.547000,2026-09-04 14:54:56.912,1,,,,False,True,FP2,52.3,34.3,28.0
0 days 01:11:10.146000,BOT,77,0 days 00:01:28.518000,23.0,4.0,,,0 days 00:00:28.940000,0 days 00:00:30.222000,0 days 00:00:29.356000,0 days 01:10:10.568000,0 days 01:10:40.790000,0 days 01:11:10.146000,279.0,295.0,310.0,306.0,False,SOFT,15.0,False,Cadillac,0 days 01:09:41.628000,2026-09-04 14:56:24.993,1,,,,False,True,FP2,52.3,34.3,28.0
0 days 01:12:38.902000,BOT,77,0 days 00:01:28.756000,24.0,4.0,,,0 days 00:00:28.856000,0 days 00:00:30.498000,0 days 00:00:29.402000,0 days 01:11:39.002000,0 days 01:12:09.500000,0 days 01:12:38.902000,278.0,291.0,302.0,305.0,False,SOFT,16.0,False,Cadillac,0 days 01:11:10.146000,2026-09-04 14:57:53.511,1,,,,False,True,FP2,52.3,34.3,28.0
0 days 01:14:07.660000,BOT,77,0 days 00:01:28.758000,25.0,4.0,,,0 days 00:00:29.280000,0 days 00:00:30.275000,0 days 00:00:29.203000,0 days 01:13:08.182000,0 days 01:13:38.457000,0 days 01:14:07.660000,276.0,295.0,287.0,300.0,False,SOFT,17.0,False,Cadillac,0 days 01:12:38.902000,2026-09-04 14:59:22.267,1,,,,False,True,FP2,52.3,34.3,28.0
0 days 01:16:07.407000,BOT,77,0 days 00:01:59.747000,26.0,4.0,,,0 days 00:00:38.055000,0 days 00:00:36.567000,0 days 00:00:45.125000,0 days 01:14:45.715000,0 days 01:15:22.282000,0 days 01:16:07.407000,203.0,238.0,116.0,196.0,False,SOFT,18.0,False,Cadillac,0 days 01:14:07.660000,2026-09-04 15:00:51.025,1,,,,False,True,FP2,52.3,34.3,28.0
0 days 01:18:32.112000,BOT,77,0 days 00:02:24.705000,27.0,4.0,,,0 days 00:01:00.671000,0 days 00:00:39.127000,0 days 00:00:44.907000,0 days 01:17:08.078000,0 days 01:17:47.205000,0 days 01:18:32.112000,292.0,194.0,129.0,286.0,False,SOFT,19.0,False,Cadillac,0 days 01:16:07.407000,2026-09-04 15:02:50.772,1,,,,False,True,FP2,52.3,34.3,28.0
0 days 01:20:41.739000,BOT,77,0 days 00:02:09.627000,28.0,4.0,,0 days 01:20:37.737000,0 days 00:01:00.149000,0 days 00:00:31.712000,0 days 00:00:37.766000,0 days 01:19:32.261000,0 days 01:20:03.973000,0 days 01:20:41.739000,287.0,285.0,,286.0,False,SOFT,20.0,False,Cadillac,0 days 01:18:32.112000,2026-09-04 15:05:15.477,1,,,,False,False,FP2,52.3,34.3,28.0
0 days 00:16:23.905000,PIA,81,,1.0,1.0,0 days 00:14:40.455000,,,0 days 00:00:32.908000,0 days 00:00:32.452000,,0 days 00:15:51.692000,0 days 00:16:24.053000,280.0,296.0,287.0,163.0,False,HARD,1.0,True,McLaren,0 days 00:14:40.455000,2026-09-04 14:01:23.820,1,,,,False,False,FP2,52.3,34.3,28.0
0 days 00:17:48.371000,PIA,81,0 days 00:01:24.466000,2.0,1.0,,,0 days 00:00:27.497000,0 days 00:00:28.622000,0 days 00:00:28.347000,0 days 00:16:51.402000,0 days 00:17:20.024000,0 days 00:17:48.371000,296.0,316.0,284.0,323.0,True,HARD,2.0,True,McLaren,0 days 00:16:23.905000,2026-09-04 14:03:07.270,1,,,,False,True,FP2,52.3,34.3,28.0
0 days 00:20:01.719000,PIA,81,0 days 00:02:13.348000,3.0,1.0,,,0 days 00:00:44.512000,0 days 00:00:48.112000,0 days 00:00:40.724000,0 days 00:18:32.883000,0 days 00:19:20.995000,0 days 00:20:01.719000,172.0,155.0,289.0,172.0,False,HARD,3.0,True,McLaren,0 days 00:17:48.371000,2026-09-04 14:04:31.736,1,,,,False,True,FP2,52.3,34.3,28.0
0 days 00:21:25.778000,PIA,81,0 days 00:01:24.059000,4.0,1.0,,,0 days 00:00:27.488000,0 days 00:00:28.273000,0 days 00:00:28.298000,0 days 00:20:29.207000,0 days 00:20:57.480000,0 days 00:21:25.778000,295.0,317.0,284.0,325.0,True,HARD,4.0,True,McLaren,0 days 00:20:01.719000,2026-09-04 14:06:45.084,1,,,,False,True,FP2,52.3,34.3,28.0
0 days 00:23:44.381000,PIA,81,0 days 00:02:18.603000,5.0,1.0,,,0 days 00:00:47.478000,0 days 00:00:47.884000,0 days 00:00:43.241000,0 days 00:22:13.256000,0 days 00:23:01.140000,0 days 00:23:44.381000,164.0,220.0,289.0,156.0,False,HARD,5.0,True,McLaren,0 days 00:21:25.778000,2026-09-04 14:08:09.143,1,,,,False,True,FP2,52.1,34.3,27.7
0 days 00:25:08.236000,PIA,81,0 days 00:01:23.855000,6.0,1.0,,,0 days 00:00:27.376000,0 days 00:00:28.240000,0 days 00:00:28.239000,0 days 00:24:11.757000,0 days 00:24:39.997000,0 days 00:25:08.236000,294.0,315.0,282.0,322.0,True,HARD,6.0,True,McLaren,0 days 00:23:44.381000,2026-09-04 14:10:27.746,1,,,,False,True,FP2,52.1,34.3,27.7
0 days 00:27:09.884000,PIA,81,0 days 00:02:01.648000,7.0,1.0,,0 days 00:27:06.315000,0 days 00:00:38.049000,0 days 00:00:39.808000,0 days 00:00:43.791000,0 days 00:25:46.285000,0 days 00:26:26.093000,0 days 00:27:09.884000,234.0,233.0,,161.0,False,HARD,7.0,True,McLaren,0 days 00:25:08.236000,2026-09-04 14:11:51.601,1,,,,False,False,FP2,52.1,34.3,27.7
0 days 00:43:49.582000,PIA,81,,8.0,2.0,0 days 00:42:04.400000,,,0 days 00:00:30.942000,0 days 00:00:37.632000,,0 days 00:43:12.298000,0 days 00:43:49.661000,285.0,316.0,225.0,180.0,False,SOFT,1.0,True,McLaren,0 days 00:27:09.884000,2026-09-04 14:13:53.249,1,,,,False,False,FP2,52.1,34.3,27.7
0 days 00:45:50.445000,PIA,81,0 days 00:02:00.863000,9.0,2.0,,,0 days 00:00:39.461000,0 days 00:00:39.169000,0 days 00:00:42.233000,0 days 00:44:29.043000,0 days 00:45:08.212000,0 days 00:45:50.445000,224.0,241.0,289.0,188.0,False,SOFT,2.0,True,McLaren,0 days 00:43:49.582000,2026-09-04 14:30:32.947,1,,,,False,True,FP2,52.1,34.3,27.7
0 days 00:47:13.473000,PIA,81,0 days 00:01:23.028000,10.0,2.0,,,0 days 00:00:27.348000,0 days 00:00:27.945000,0 days 00:00:27.735000,0 days 00:46:17.793000,0 days 00:46:45.738000,0 days 00:47:13.473000,297.0,316.0,283.0,321.0,True,SOFT,3.0,True,McLaren,0 days 00:45:50.445000,2026-09-04 14:32:33.810,1,,,,False,True,FP2,52.1,34.3,27.7
0 days 00:49:17.147000,PIA,81,0 days 00:02:03.674000,11.0,2.0,,,0 days 00:00:40.908000,0 days 00:00:45.710000,0 days 00:00:37.056000,0 days 00:47:54.381000,0 days 00:48:40.091000,0 days 00:49:17.147000,159.0,249.0,292.0,165.0,False,SOFT,4.0,True,McLaren,0 days 00:47:13.473000,2026-09-04 14:33:56.838,1,,,,False,True,FP2,52.1,34.3,27.7
0 days 00:51:28.366000,PIA,81,0 days 00:02:11.219000,12.0,2.0,,,0 days 00:00:40.356000,0 days 00:00:45.933000,0 days 00:00:44.930000,0 days 00:49:57.503000,0 days 00:50:43.436000,0 days 00:51:28.366000,187.0,147.0,286.0,193.0,False,SOFT,5.0,True,McLaren,0 days 00:49:17.147000,2026-09-04 14:36:00.512,1,,,,False,True,FP2,52.1,34.3,27.7
0 days 00:52:51.585000,PIA,81,0 days 00:01:23.219000,13.0,2.0,,,0 days 00:00:27.408000,0 days 00:00:27.987000,0 days 00:00:27.824000,0 days 00:51:55.774000,0 days 00:52:23.761000,0 days 00:52:51.585000,296.0,319.0,285.0,321.0,False,SOFT,6.0,True,McLaren,0 days 00:51:28.366000,2026-09-04 14:38:11.731,1,,,,False,True,FP2,52.1,34.3,27.7
0 days 00:54:38.600000,PIA,81,0 days 00:01:47.015000,14.0,2.0,,0 days 00:54:34.759000,0 days 00:00:34.177000,0 days 00:00:34.356000,0 days 00:00:38.482000,0 days 00:53:25.762000,0 days 00:54:00.118000,0 days 00:54:38.600000,250.0,248.0,,203.0,False,SOFT,7.0,True,McLaren,0 days 00:52:51.585000,2026-09-04 14:39:34.950,1,,,,False,False,FP2,52.1,34.3,27.7
0 days 01:02:13.255000,PIA,81,,15.0,3.0,0 days 01:00:21.189000,,,0 days 00:00:29.699000,0 days 00:00:28.738000,,0 days 01:01:44.759000,0 days 01:02:13.307000,282.0,304.0,311.0,273.0,False,HARD,8.0,False,McLaren,0 days 00:54:38.600000,2026-09-04 14:41:21.965,1,,,,False,False,FP2,52.1,34.3,27.7
0 days 01:03:39.722000,PIA,81,0 days 00:01:26.467000,16.0,3.0,,,0 days 00:00:28.295000,0 days 00:00:29.379000,0 days 00:00:28.793000,0 days 01:02:41.550000,0 days 01:03:10.929000,0 days 01:03:39.722000,293.0,309.0,287.0,296.0,False,HARD,9.0,False,McLaren,0 days 01:02:13.255000,2026-09-04 14:48:56.620,1,,,,False,True,FP2,52.1,34.3,27.7
0 days 01:05:06.014000,PIA,81,0 days 00:01:26.292000,17.0,3.0,,,0 days 00:00:28.365000,0 days 00:00:29.123000,0 days 00:00:28.804000,0 days 01:04:08.087000,0 days 01:04:37.210000,0 days 01:05:06.014000,297.0,315.0,292.0,311.0,False,HARD,10.0,False,McLaren,0 days 01:03:39.722000,2026-09-04 14:50:23.087,1,,,,False,True,FP2,52.6,34.4,27.8
0 days 01:06:32.879000,PIA,81,0 days 00:01:26.865000,18.0,3.0,,,0 days 00:00:28.276000,0 days 00:00:29.839000,0 days 00:00:28.750000,0 days 01:05:34.290000,0 days 01:06:04.129000,0 days 01:06:32.879000,298.0,308.0,294.0,316.0,False,HARD,11.0,False,McLaren,0 days 01:05:06.014000,2026-09-04 14:51:49.379,1,,,,False,True,FP2,52.6,34.4,27.8
0 days 01:08:00.090000,PIA,81,0 days 00:01:27.211000,19.0,3.0,,,0 days 00:00:28.823000,0 days 00:00:29.794000,0 days 00:00:28.594000,0 days 01:07:01.702000,0 days 01:07:31.496000,0 days 01:08:00.090000,295.0,312.0,297.0,301.0,False,HARD,12.0,False,McLaren,0 days 01:06:32.879000,2026-09-04 14:53:16.244,1,,,,False,True,FP2,52.6,34.4,27.8
0 days 01:09:30.966000,PIA,81,0 days 00:01:30.876000,20.0,3.0,,0 days 01:09:27.132000,0 days 00:00:28.344000,0 days 00:00:29.491000,0 days 00:00:33.041000,0 days 01:08:28.434000,0 days 01:08:57.925000,0 days 01:09:30.966000,298.0,307.0,,320.0,False,HARD,13.0,False,McLaren,0 days 01:08:00.090000,2026-09-04 14:54:43.455,1,,,,False,False,FP2,52.6,34.4,27.8
0 days 01:11:22.687000,PIA,81,0 days 00:01:51.721000,21.0,4.0,0 days 01:09:55.220000,,0 days 00:00:52.912000,0 days 00:00:29.804000,0 days 00:00:29.005000,0 days 01:10:23.878000,0 days 01:10:53.682000,0 days 01:11:22.687000,280.0,302.0,287.0,262.0,False,SOFT,8.0,False,McLaren,0 days 01:09:30.966000,2026-09-04 14:56:14.331,1,,,,False,False,FP2,52.6,34.4,27.8
0 days 01:12:49.093000,PIA,81,0 days 00:01:26.406000,22.0,4.0,,,0 days 00:00:28.662000,0 days 00:00:29.213000,0 days 00:00:28.531000,0 days 01:11:51.349000,0 days 01:12:20.562000,0 days 01:12:49.093000,288.0,308.0,299.0,303.0,False,SOFT,9.0,False,McLaren,0 days 01:11:22.687000,2026-09-04 14:58:06.052,1,,,,False,True,FP2,52.6,34.4,27.8
0 days 01:14:31.765000,PIA,81,0 days 00:01:42.672000,23.0,4.0,,,0 days 00:00:33.509000,0 days 00:00:38.617000,0 days 00:00:30.546000,0 days 01:13:22.602000,0 days 01:14:01.219000,0 days 01:14:31.765000,236.0,301.0,224.0,263.0,False,SOFT,10.0,False,McLaren,0 days 01:12:49.093000,2026-09-04 14:59:32.458,1,,,,False,True,FP2,52.6,34.4,27.8
0 days 01:16:57.349000,PIA,81,0 days 00:02:25.584000,24.0,4.0,,,0 days 00:00:40.172000,0 days 00:00:47.441000,0 days 00:00:57.971000,0 days 01:15:11.937000,0 days 01:15:59.378000,0 days 01:16:57.349000,169.0,200.0,50.0,190.0,False,SOFT,11.0,False,McLaren,0 days 01:14:31.765000,2026-09-04 15:01:15.130,1,,,,False,True,FP2,53.2,34.4,27.7
0 days 01:19:53.929000,PIA,81,,25.0,4.0,,,0 days 00:01:26.260000,0 days 00:00:43.240000,0 days 00:00:46.990000,0 days 01:18:23.874000,0 days 01:19:07.026000,0 days 01:19:54.011000,196.0,195.0,73.0,176.0,False,SOFT,12.0,False,McLaren,0 days 01:16:57.349000,2026-09-04 15:03:40.714,1,,,,False,False,FP2,53.2,34.4,27.7
0 days 01:22:16.032000,PIA,81,0 days 00:02:22.103000,26.0,4.0,,0 days 01:22:12.076000,0 days 00:01:13.913000,0 days 00:00:29.405000,0 days 00:00:38.785000,0 days 01:21:07.842000,0 days 01:21:37.247000,0 days 01:22:16.032000,297.0,307.0,,289.0,False,SOFT,13.0,False,McLaren,0 days 01:19:53.929000,2026-09-04 15:06:37.294,12,,,,False,False,FP2,53.2,34.4,27.7
0 days 00:15:39.928000,BEA,87,,1.0,1.0,0 days 00:13:37.905000,,,0 days 00:00:36.287000,0 days 00:00:33.591000,,0 days 00:15:06.631000,0 days 00:15:40.075000,247.0,214.0,285.0,123.0,False,MEDIUM,1.0,True,Haas F1 Team,0 days 00:13:37.905000,2026-09-04 14:00:21.270,1,,,,False,False,FP2,53.2,34.4,27.7
0 days 00:17:05.166000,BEA,87,0 days 00:01:25.238000,2.0,1.0,,,0 days 00:00:27.801000,0 days 00:00:29.002000,0 days 00:00:28.435000,0 days 00:16:07.729000,0 days 00:16:36.731000,0 days 00:17:05.166000,292.0,309.0,278.0,321.0,True,MEDIUM,2.0,True,Haas F1 Team,0 days 00:15:39.928000,2026-09-04 14:02:23.293,1,,,,False,True,FP2,53.2,34.4,27.7
0 days 00:19:37.821000,BEA,87,,3.0,1.0,,0 days 00:19:33.983000,0 days 00:00:52.572000,0 days 00:00:50.172000,0 days 00:00:49.776000,0 days 00:17:58.011000,0 days 00:18:48.167000,0 days 00:19:37.821000,134.0,192.0,,139.0,False,MEDIUM,3.0,True,Haas F1 Team,0 days 00:17:05.166000,2026-09-04 14:03:48.531,1,,,,False,False,FP2,53.2,34.4,27.7
0 days 00:22:13.965000,BEA,87,,4.0,2.0,0 days 00:20:32.796000,,0 days 00:01:30.441000,0 days 00:00:32.959000,0 days 00:00:32.808000,0 days 00:21:08.449000,0 days 00:21:41.300000,0 days 00:22:14.011000,253.0,267.0,283.0,181.0,False,MEDIUM,4.0,False,Haas F1 Team,0 days 00:19:37.821000,2026-09-04 14:06:21.186,1,,,,False,False,FP2,53.2,34.4,27.7
0 days 00:23:38.926000,BEA,87,0 days 00:01:24.961000,5.0,2.0,,,0 days 00:00:27.838000,0 days 00:00:28.730000,0 days 00:00:28.393000,0 days 00:22:41.803000,0 days 00:23:10.533000,0 days 00:23:38.926000,287.0,306.0,278.0,315.0,True,MEDIUM,5.0,False,Haas F1 Team,0 days 00:22:13.965000,2026-09-04 14:08:57.330,1,,,,False,True,FP2,51.8,34.4,27.3
0 days 00:26:12.247000,BEA,87,,6.0,2.0,,0 days 00:26:08.370000,0 days 00:00:51.582000,0 days 00:00:51.387000,0 days 00:00:50.198000,0 days 00:24:30.729000,0 days 00:25:22.080000,0 days 00:26:12.247000,130.0,169.0,,136.0,False,MEDIUM,6.0,False,Haas F1 Team,0 days 00:23:38.926000,2026-09-04 14:10:22.291,1,,,,False,False,FP2,51.8,34.4,27.3
0 days 00:29:13.820000,BEA,87,,7.0,3.0,0 days 00:27:21.202000,,,0 days 00:00:36.700000,0 days 00:00:41.117000,,0 days 00:28:32.840000,0 days 00:29:13.820000,285.0,157.0,283.0,175.0,False,MEDIUM,7.0,False,Haas F1 Team,0 days 00:26:12.247000,2026-09-04 14:12:55.612,1,,,,False,False,FP2,51.8,34.4,27.3
0 days 00:31:12.864000,BEA,87,0 days 00:01:59.044000,8.0,3.0,,,0 days 00:00:27.947000,0 days 00:00:44.528000,0 days 00:00:46.569000,0 days 00:29:41.767000,0 days 00:30:26.295000,0 days 00:31:12.864000,288.0,123.0,286.0,316.0,False,MEDIUM,8.0,False,Haas F1 Team,0 days 00:29:13.820000,2026-09-04 14:15:57.185,1,,,,False,True,FP2,51.8,34.4,27.3
0 days 00:32:37.983000,BEA,87,0 days 00:01:25.119000,9.0,3.0,,,0 days 00:00:27.855000,0 days 00:00:28.780000,0 days 00:00:28.484000,0 days 00:31:40.719000,0 days 00:32:09.499000,0 days 00:32:37.983000,292.0,308.0,276.0,321.0,False,MEDIUM,9.0,False,Haas F1 Team,0 days 00:31:12.864000,2026-09-04 14:17:56.229,1,,,,False,True,FP2,51.8,34.4,27.3
0 days 00:34:40.808000,BEA,87,0 days 00:02:02.825000,10.0,3.0,,0 days 00:34:36.953000,0 days 00:00:40.425000,0 days 00:00:42.108000,0 days 00:00:40.292000,0 days 00:33:18.408000,0 days 00:34:00.516000,0 days 00:34:40.808000,179.0,235.0,,162.0,False,MEDIUM,10.0,False,Haas F1 Team,0 days 00:32:37.983000,2026-09-04 14:19:21.348,1,,,,False,False,FP2,51.8,34.4,27.3
0 days 00:43:32.059000,BEA,87,,11.0,4.0,0 days 00:41:50.357000,,,0 days 00:00:31.787000,0 days 00:00:31.949000,,0 days 00:43:00.361000,0 days 00:43:32.283000,287.0,264.0,289.0,153.0,False,SOFT,1.0,True,Haas F1 Team,0 days 00:34:40.808000,2026-09-04 14:21:24.173,1,,,,False,False,FP2,51.8,34.4,27.3
0 days 00:44:55.749000,BEA,87,0 days 00:01:23.690000,12.0,4.0,,,0 days 00:00:27.396000,0 days 00:00:28.356000,0 days 00:00:27.938000,0 days 00:43:59.455000,0 days 00:44:27.811000,0 days 00:44:55.749000,299.0,313.0,280.0,321.0,True,SOFT,2.0,True,Haas F1 Team,0 days 00:43:32.059000,2026-09-04 14:30:15.424,1,,,,False,True,FP2,51.8,34.4,27.3
0 days 00:47:15.558000,BEA,87,0 days 00:02:19.809000,13.0,4.0,,0 days 00:47:11.817000,0 days 00:00:46.570000,0 days 00:00:43.867000,0 days 00:00:49.372000,0 days 00:45:42.319000,0 days 00:46:26.186000,0 days 00:47:15.558000,169.0,194.0,,138.0,False,SOFT,3.0,True,Haas F1 Team,0 days 00:44:55.749000,2026-09-04 14:31:39.114,1,,,,False,False,FP2,53.3,34.3,28.1
0 days 00:49:47.620000,BEA,87,,14.0,5.0,0 days 00:47:30.743000,,0 days 00:00:58.777000,0 days 00:00:55.463000,0 days 00:00:37.784000,0 days 00:48:14.687000,0 days 00:49:10.006000,0 days 00:49:47.692000,127.0,232.0,290.0,161.0,False,SOFT,4.0,False,Haas F1 Team,0 days 00:47:15.558000,2026-09-04 14:33:58.923,1,,,,False,False,FP2,53.3,34.3,28.1
0 days 00:52:00.781000,BEA,87,0 days 00:02:13.161000,15.0,5.0,,,0 days 00:00:43.152000,0 days 00:00:53.048000,0 days 00:00:36.961000,0 days 00:50:30.772000,0 days 00:51:23.820000,0 days 00:52:00.781000,120.0,226.0,291.0,228.0,False,SOFT,5.0,False,Haas F1 Team,0 days 00:49:47.620000,2026-09-04 14:36:30.985,1,,,,False,True,FP2,53.3,34.3,28.1
0 days 00:53:24.151000,BEA,87,0 days 00:01:23.370000,16.0,5.0,,,0 days 00:00:27.244000,0 days 00:00:28.301000,0 days 00:00:27.825000,0 days 00:52:28.025000,0 days 00:52:56.326000,0 days 00:53:24.151000,298.0,314.0,282.0,325.0,True,SOFT,6.0,False,Haas F1 Team,0 days 00:52:00.781000,2026-09-04 14:38:44.146,1,,,,False,True,FP2,53.3,34.3,28.1
0 days 00:54:59.294000,BEA,87,0 days 00:01:35.143000,17.0,5.0,,0 days 00:54:55.487000,0 days 00:00:30.262000,0 days 00:00:30.226000,0 days 00:00:34.655000,0 days 00:53:54.413000,0 days 00:54:24.639000,0 days 00:54:59.294000,273.0,294.0,,294.0,False,SOFT,7.0,False,Haas F1 Team,0 days 00:53:24.151000,2026-09-04 14:40:07.516,1,,,,False,False,FP2,53.3,34.3,28.1
0 days 01:01:32.388000,BEA,87,,18.0,6.0,0 days 00:59:58.412000,,,0 days 00:00:32.020000,0 days 00:00:30.301000,,0 days 01:01:02.212000,0 days 01:01:32.476000,266.0,281.0,285.0,226.0,False,MEDIUM,11.0,False,Haas F1 Team,0 days 00:54:59.294000,2026-09-04 14:41:42.659,1,,,,False,False,FP2,53.3,34.3,28.1
0 days 01:03:05.003000,BEA,87,0 days 00:01:32.615000,19.0,6.0,,,0 days 00:00:32.815000,0 days 00:00:30.708000,0 days 00:00:29.092000,0 days 01:02:05.203000,0 days 01:02:35.911000,0 days 01:03:05.003000,266.0,292.0,316.0,283.0,False,MEDIUM,12.0,False,Haas F1 Team,0 days 01:01:32.388000,2026-09-04 14:48:15.753,1,,,,False,True,FP2,52.7,34.3,28.6
0 days 01:04:32.782000,BEA,87,0 days 00:01:27.779000,20.0,6.0,,,0 days 00:00:28.521000,0 days 00:00:30.346000,0 days 00:00:28.912000,0 days 01:03:33.524000,0 days 01:04:03.870000,0 days 01:04:32.782000,286.0,298.0,307.0,314.0,False,MEDIUM,13.0,False,Haas F1 Team,0 days 01:03:05.003000,2026-09-04 14:49:48.368,1,,,,False,True,FP2,52.7,34.3,28.6
0 days 01:05:59.609000,BEA,87,0 days 00:01:26.827000,21.0,6.0,,,0 days 00:00:28.658000,0 days 00:00:29.547000,0 days 00:00:28.622000,0 days 01:05:01.440000,0 days 01:05:30.987000,0 days 01:05:59.609000,285.0,305.0,308.0,308.0,False,MEDIUM,14.0,False,Haas F1 Team,0 days 01:04:32.782000,2026-09-04 14:51:16.147,1,,,,False,True,FP2,52.7,34.3,28.6
0 days 01:07:28.372000,BEA,87,0 days 00:01:28.763000,22.0,6.0,,,0 days 00:00:29.838000,0 days 00:00:29.862000,0 days 00:00:29.063000,0 days 01:06:29.447000,0 days 01:06:59.309000,0 days 01:07:28.372000,284.0,302.0,301.0,309.0,False,MEDIUM,15.0,False,Haas F1 Team,0 days 01:05:59.609000,2026-09-04 14:52:42.974,1,,,,False,True,FP2,52.7,34.3,28.6
0 days 01:09:13.359000,BEA,87,0 days 00:01:44.987000,23.0,6.0,,,0 days 00:00:41.940000,0 days 00:00:34.130000,0 days 00:00:28.917000,0 days 01:08:10.312000,0 days 01:08:44.442000,0 days 01:09:13.359000,160.0,296.0,317.0,306.0,False,MEDIUM,16.0,False,Haas F1 Team,0 days 01:07:28.372000,2026-09-04 14:54:11.737,1,,,,False,True,FP2,52.7,34.3,28.6
0 days 01:10:40.206000,BEA,87,0 days 00:01:26.847000,24.0,6.0,,,0 days 00:00:28.501000,0 days 00:00:29.604000,0 days 00:00:28.742000,0 days 01:09:41.860000,0 days 01:10:11.464000,0 days 01:10:40.206000,285.0,303.0,309.0,314.0,False,MEDIUM,17.0,False,Haas F1 Team,0 days 01:09:13.359000,2026-09-04 14:55:56.724,1,,,,False,True,FP2,52.7,34.3,28.6
0 days 01:12:07.682000,BEA,87,0 days 00:01:27.476000,25.0,6.0,,,0 days 00:00:28.685000,0 days 00:00:29.867000,0 days 00:00:28.924000,0 days 01:11:08.891000,0 days 01:11:38.758000,0 days 01:12:07.682000,283.0,300.0,302.0,309.0,False,MEDIUM,18.0,False,Haas F1 Team,0 days 01:10:40.206000,2026-09-04 14:57:23.571,1,,,,False,True,FP2,52.7,34.3,28.6
0 days 01:13:35.024000,BEA,87,0 days 00:01:27.342000,26.0,6.0,,,0 days 00:00:29.060000,0 days 00:00:29.648000,0 days 00:00:28.634000,0 days 01:12:36.742000,0 days 01:13:06.390000,0 days 01:13:35.024000,283.0,296.0,317.0,306.0,False,MEDIUM,19.0,False,Haas F1 Team,0 days 01:12:07.682000,2026-09-04 14:58:51.047,1,,,,False,True,FP2,53.5,34.3,28.4
0 days 01:15:20.762000,BEA,87,0 days 00:01:45.738000,27.0,6.0,,,0 days 00:00:28.319000,0 days 00:00:33.273000,0 days 00:00:44.146000,0 days 01:14:03.343000,0 days 01:14:36.616000,0 days 01:15:20.762000,290.0,206.0,99.0,305.0,False,MEDIUM,20.0,False,Haas F1 Team,0 days 01:13:35.024000,2026-09-04 15:00:18.389,1,,,,False,True,FP2,53.5,34.3,28.4
0 days 01:17:52.597000,BEA,87,,28.0,6.0,,,0 days 00:01:10.844000,0 days 00:00:36.972000,0 days 00:00:43.973000,0 days 01:16:31.763000,0 days 01:17:08.706000,0 days 01:17:52.684000,231.0,238.0,91.0,282.0,False,MEDIUM,21.0,False,Haas F1 Team,0 days 01:15:20.762000,2026-09-04 15:02:04.127,1,,,,False,False,FP2,53.5,34.3,28.4
0 days 01:19:59.217000,BEA,87,0 days 00:02:06.620000,29.0,6.0,,0 days 01:19:55.336000,0 days 00:01:01.590000,0 days 00:00:30.757000,0 days 00:00:34.273000,0 days 01:18:54.187000,0 days 01:19:24.944000,0 days 01:19:59.217000,290.0,286.0,,286.0,False,MEDIUM,22.0,False,Haas F1 Team,0 days 01:17:52.597000,2026-09-04 15:04:35.962,1,,,,False,False,FP2,53.5,34.3,28.4
0 days 00:36:36.066000,NOR,1,,1.0,1.0,0 days 00:34:15.641000,,,0 days 00:00:49.832000,0 days 00:00:32.030000,,0 days 00:36:04.361000,0 days 00:36:36.244000,248.0,233.0,288.0,191.0,False,MEDIUM,1.0,True,McLaren,0 days 00:34:15.641000,2026-09-05 10:51:17.674,12,,,,False,False,FP3,50.6,30.7,41.5
0 days 00:37:59.718000,NOR,1,0 days 00:01:23.652000,2.0,1.0,,,0 days 00:00:27.544000,0 days 00:00:27.956000,0 days 00:00:28.152000,0 days 00:37:03.610000,0 days 00:37:31.566000,0 days 00:37:59.718000,295.0,312.0,282.0,321.0,True,MEDIUM,2.0,True,McLaren,0 days 00:36:36.066000,2026-09-05 10:53:38.099,1,,,,False,True,FP3,48.9,30.7,41.0
0 days 00:40:05.369000,NOR,1,0 days 00:02:05.651000,3.0,1.0,,0 days 00:40:01.632000,0 days 00:00:41.517000,0 days 00:00:40.707000,0 days 00:00:43.427000,0 days 00:38:41.235000,0 days 00:39:21.942000,0 days 00:40:05.369000,229.0,208.0,,114.0,False,MEDIUM,3.0,True,McLaren,0 days 00:37:59.718000,2026-09-05 10:55:01.751,1,,,,False,False,FP3,49.5,30.8,41.9
0 days 00:42:15.980000,NOR,1,0 days 00:02:10.611000,4.0,2.0,0 days 00:40:31.630000,,0 days 00:01:02.899000,0 days 00:00:37.385000,0 days 00:00:30.327000,0 days 00:41:08.268000,0 days 00:41:45.653000,0 days 00:42:15.980000,276.0,278.0,287.0,168.0,False,MEDIUM,4.0,False,McLaren,0 days 00:40:05.369000,2026-09-05 10:57:07.402,1,,,,False,False,FP3,50.5,30.9,43.0
0 days 00:43:57.551000,NOR,1,0 days 00:01:41.571000,5.0,2.0,,,0 days 00:00:28.224000,0 days 00:00:40.944000,0 days 00:00:32.403000,0 days 00:42:44.204000,0 days 00:43:25.148000,0 days 00:43:57.551000,250.0,139.0,287.0,320.0,False,MEDIUM,5.0,False,McLaren,0 days 00:42:15.980000,2026-09-05 10:59:18.013,1,,,,False,True,FP3,50.5,30.9,43.0
0 days 00:45:21.510000,NOR,1,0 days 00:01:23.959000,6.0,2.0,,,0 days 00:00:27.583000,0 days 00:00:28.082000,0 days 00:00:28.294000,0 days 00:44:25.134000,0 days 00:44:53.216000,0 days 00:45:21.510000,290.0,310.0,280.0,320.0,False,MEDIUM,6.0,False,McLaren,0 days 00:43:57.551000,2026-09-05 11:00:59.584,1,,,,False,True,FP3,50.5,30.9,43.0
0 days 00:47:23.029000,NOR,1,0 days 00:02:01.519000,7.0,2.0,,,0 days 00:00:42.357000,0 days 00:00:45.880000,0 days 00:00:33.282000,0 days 00:46:03.867000,0 days 00:46:49.747000,0 days 00:47:23.029000,188.0,197.0,287.0,143.0,False,MEDIUM,7.0,False,McLaren,0 days 00:45:21.510000,2026-09-05 11:02:23.543,12,,,,False,True,FP3,49.5,30.9,42.4
0 days 00:48:46.460000,NOR,1,0 days 00:01:23.431000,8.0,2.0,,,0 days 00:00:27.452000,0 days 00:00:27.872000,0 days 00:00:28.107000,0 days 00:47:50.481000,0 days 00:48:18.353000,0 days 00:48:46.460000,292.0,314.0,280.0,321.0,True,MEDIUM,8.0,False,McLaren,0 days 00:47:23.029000,2026-09-05 11:04:25.062,1,,,,False,True,FP3,51.2,31.0,41.0
0 days 00:50:37.320000,NOR,1,0 days 00:01:50.860000,9.0,2.0,,0 days 00:50:33.465000,0 days 00:00:33.516000,0 days 00:00:37.474000,0 days 00:00:39.870000,0 days 00:49:19.976000,0 days 00:49:57.450000,0 days 00:50:37.320000,239.0,259.0,,231.0,False,MEDIUM,9.0,False,McLaren,0 days 00:48:46.460000,2026-09-05 11:05:48.493,1,,,,False,False,FP3,51.2,31.0,41.0
0 days 01:03:13.784000,NOR,1,,10.0,3.0,0 days 01:01:31.030000,,,0 days 00:00:31.371000,0 days 00:00:33.794000,,0 days 01:02:40.225000,0 days 01:03:13.824000,263.0,245.0,294.0,191.0,False,SOFT,1.0,True,McLaren,0 days 00:50:37.320000,2026-09-05 11:07:39.353,1,,,,False,False,FP3,51.2,31.0,41.0
0 days 01:04:36.558000,NOR,1,0 days 00:01:22.774000,11.0,3.0,,,0 days 00:00:27.164000,0 days 00:00:27.808000,0 days 00:00:27.802000,0 days 01:03:40.948000,0 days 01:04:08.756000,0 days 01:04:36.558000,302.0,315.0,283.0,329.0,True,SOFT,2.0,True,McLaren,0 days 01:03:13.784000,2026-09-05 11:20:15.817,12,,,,False,True,FP3,51.3,30.8,41.6
0 days 01:07:02.669000,NOR,1,0 days 00:02:26.111000,12.0,3.0,,,0 days 00:00:58.614000,0 days 00:00:47.483000,0 days 00:00:40.014000,0 days 01:05:35.172000,0 days 01:06:22.655000,0 days 01:07:02.669000,163.0,179.0,290.0,108.0,False,SOFT,3.0,True,McLaren,0 days 01:04:36.558000,2026-09-05 11:21:38.591,1,,,,False,True,FP3,51.3,30.8,41.6
0 days 01:08:25.294000,NOR,1,0 days 00:01:22.625000,13.0,3.0,,,0 days 00:00:27.318000,0 days 00:00:27.704000,0 days 00:00:27.603000,0 days 01:07:29.987000,0 days 01:07:57.691000,0 days 01:08:25.294000,297.0,315.0,283.0,324.0,True,SOFT,4.0,True,McLaren,0 days 01:07:02.669000,2026-09-05 11:24:04.702,1,,,,False,True,FP3,51.4,30.8,41.6
0 days 01:10:56.255000,NOR,1,,14.0,3.0,,,0 days 00:00:46.505000,0 days 00:01:01.151000,0 days 00:00:43.251000,0 days 01:09:12.086000,0 days 01:10:13.111000,0 days 01:10:56.255000,136.0,161.0,166.0,159.0,False,SOFT,5.0,True,McLaren,0 days 01:08:25.294000,2026-09-05 11:25:27.327,1,,,,False,False,FP3,50.3,31.0,41.7
0 days 01:12:45.690000,NOR,1,0 days 00:01:49.435000,15.0,3.0,,,0 days 00:00:39.330000,0 days 00:00:34.931000,0 days 00:00:35.174000,0 days 01:11:35.585000,0 days 01:12:10.516000,0 days 01:12:45.690000,279.0,285.0,292.0,239.0,False,SOFT,6.0,True,McLaren,0 days 01:10:56.255000,2026-09-05 11:27:58.288,1,,,,False,True,FP3,50.3,31.0,41.7
0 days 01:14:08.553000,NOR,1,0 days 00:01:22.863000,16.0,3.0,,,0 days 00:00:27.217000,0 days 00:00:27.896000,0 days 00:00:27.750000,0 days 01:13:12.907000,0 days 01:13:40.803000,0 days 01:14:08.553000,294.0,315.0,287.0,328.0,False,SOFT,7.0,True,McLaren,0 days 01:12:45.690000,2026-09-05 11:29:47.723,1,,,,False,True,FP3,50.4,31.0,41.0
0 days 01:16:18.060000,NOR,1,0 days 00:02:09.507000,17.0,3.0,,,0 days 00:00:37.316000,0 days 00:00:42.297000,0 days 00:00:49.894000,0 days 01:14:45.869000,0 days 01:15:28.166000,0 days 01:16:18.060000,174.0,269.0,46.0,194.0,False,SOFT,8.0,True,McLaren,0 days 01:14:08.553000,2026-09-05 11:31:10.586,1,,,,False,True,FP3,50.4,31.0,41.0
0 days 01:18:54.200000,NOR,1,,18.0,3.0,,0 days 01:18:50.420000,0 days 00:01:21.991000,0 days 00:00:34.708000,0 days 00:00:39.394000,0 days 01:17:40.219000,0 days 01:18:14.826000,0 days 01:18:54.200000,302.0,239.0,,292.0,False,SOFT,9.0,True,McLaren,0 days 01:16:18.060000,2026-09-05 11:33:20.093,1,,,,False,False,FP3,50.4,31.0,41.0
0 days 00:29:55.861000,VER,3,,1.0,1.0,0 days 00:28:14.365000,,,0 days 00:00:31.769000,0 days 00:00:35.593000,,0 days 00:29:20.467000,0 days 00:29:56.032000,258.0,274.0,293.0,197.0,False,MEDIUM,1.0,True,Red Bull Racing,0 days 00:28:14.365000,2026-09-05 10:45:16.398,1,,,,False,False,FP3,50.4,31.0,41.0
0 days 00:31:19.328000,VER,3,0 days 00:01:23.467000,2.0,1.0,,,0 days 00:00:27.354000,0 days 00:00:28.342000,0 days 00:00:27.771000,0 days 00:30:23.215000,0 days 00:30:51.557000,0 days 00:31:19.328000,301.0,319.0,288.0,328.0,True,MEDIUM,2.0,True,Red Bull Racing,0 days 00:29:55.861000,2026-09-05 10:46:57.894,1,,,,False,True,FP3,50.4,31.0,41.0
0 days 00:33:22.101000,VER,3,0 days 00:02:02.773000,3.0,1.0,,0 days 00:33:18.376000,0 days 00:00:43.712000,0 days 00:00:40.512000,0 days 00:00:38.549000,0 days 00:32:03.040000,0 days 00:32:43.552000,0 days 00:33:22.101000,226.0,286.0,,97.0,False,MEDIUM,3.0,True,Red Bull Racing,0 days 00:31:19.328000,2026-09-05 10:48:21.361,1,,,,False,False,FP3,51.5,31.0,40.0
0 days 00:35:30.830000,VER,3,0 days 00:02:08.729000,4.0,2.0,0 days 00:33:47.521000,,0 days 00:01:00.346000,0 days 00:00:36.673000,0 days 00:00:31.710000,0 days 00:34:22.447000,0 days 00:34:59.120000,0 days 00:35:30.830000,271.0,278.0,289.0,198.0,False,MEDIUM,4.0,False,Red Bull Racing,0 days 00:33:22.101000,2026-09-05 10:50:24.134,12,,,,False,False,FP3,51.5,31.0,40.0
0 days 00:36:54.522000,VER,3,0 days 00:01:23.692000,5.0,2.0,,,0 days 00:00:27.545000,0 days 00:00:28.372000,0 days 00:00:27.775000,0 days 00:35:58.375000,0 days 00:36:26.747000,0 days 00:36:54.522000,297.0,305.0,284.0,315.0,False,MEDIUM,5.0,False,Red Bull Racing,0 days 00:35:30.830000,2026-09-05 10:52:32.863,1,,,,False,True,FP3,51.5,31.0,40.0
0 days 00:39:21.424000,VER,3,0 days 00:02:26.902000,6.0,2.0,,,0 days 00:00:54.503000,0 days 00:00:50.576000,0 days 00:00:41.823000,0 days 00:37:49.025000,0 days 00:38:39.601000,0 days 00:39:21.424000,108.0,208.0,289.0,106.0,False,MEDIUM,6.0,False,Red Bull Racing,0 days 00:36:54.522000,2026-09-05 10:53:56.555,1,,,,False,True,FP3,51.5,31.0,40.0
0 days 00:40:44.879000,VER,3,0 days 00:01:23.455000,7.0,2.0,,,0 days 00:00:27.479000,0 days 00:00:28.241000,0 days 00:00:27.735000,0 days 00:39:48.903000,0 days 00:40:17.144000,0 days 00:40:44.879000,296.0,306.0,283.0,315.0,True,MEDIUM,7.0,False,Red Bull Racing,0 days 00:39:21.424000,2026-09-05 10:56:23.457,1,,,,False,True,FP3,51.5,31.0,40.0
0 days 00:43:25.690000,VER,3,,8.0,2.0,,,0 days 00:00:44.655000,0 days 00:01:11.901000,0 days 00:00:44.298000,0 days 00:41:29.819000,0 days 00:42:41.646000,0 days 00:43:25.938000,166.0,88.0,291.0,155.0,False,MEDIUM,8.0,False,Red Bull Racing,0 days 00:40:44.879000,2026-09-05 10:57:46.912,1,,,,False,False,FP3,51.5,31.0,40.0
0 days 00:45:26.110000,VER,3,0 days 00:02:00.420000,9.0,2.0,,,0 days 00:00:37.521000,0 days 00:00:41.489000,0 days 00:00:41.410000,0 days 00:44:03.211000,0 days 00:44:44.700000,0 days 00:45:26.110000,185.0,189.0,290.0,318.0,False,MEDIUM,9.0,False,Red Bull Racing,0 days 00:43:25.690000,2026-09-05 11:00:27.723,12,,,,False,True,FP3,51.8,31.1,41.1
0 days 00:46:49.210000,VER,3,0 days 00:01:23.100000,10.0,2.0,,,0 days 00:00:27.574000,0 days 00:00:28.085000,0 days 00:00:27.441000,0 days 00:45:53.684000,0 days 00:46:21.769000,0 days 00:46:49.210000,296.0,307.0,285.0,315.0,True,MEDIUM,10.0,False,Red Bull Racing,0 days 00:45:26.110000,2026-09-05 11:02:28.143,21,,,,False,True,FP3,51.8,31.1,41.1
0 days 00:48:31.625000,VER,3,0 days 00:01:42.415000,11.0,2.0,,0 days 00:48:27.992000,0 days 00:00:33.586000,0 days 00:00:31.840000,0 days 00:00:36.989000,0 days 00:47:22.796000,0 days 00:47:54.636000,0 days 00:48:31.625000,277.0,155.0,,182.0,False,MEDIUM,11.0,False,Red Bull Racing,0 days 00:46:49.210000,2026-09-05 11:03:51.243,1,,,,False,False,FP3,51.8,31.1,41.1
0 days 00:55:36.142000,VER,3,,12.0,3.0,0 days 00:54:01.328000,,,0 days 00:00:31.585000,0 days 00:00:32.578000,,0 days 00:55:03.821000,0 days 00:55:36.364000,269.0,276.0,292.0,222.0,False,SOFT,1.0,True,Red Bull Racing,0 days 00:48:31.625000,2026-09-05 11:05:33.658,1,,,,False,False,FP3,51.8,31.1,41.1
0 days 00:56:58.932000,VER,3,0 days 00:01:22.790000,13.0,3.0,,,0 days 00:00:27.263000,0 days 00:00:28.186000,0 days 00:00:27.341000,0 days 00:56:03.405000,0 days 00:56:31.591000,0 days 00:56:58.932000,298.0,308.0,285.0,322.0,True,SOFT,2.0,True,Red Bull Racing,0 days 00:55:36.142000,2026-09-05 11:12:38.175,1,,,,False,True,FP3,51.8,31.1,41.1
0 days 00:59:14.054000,VER,3,0 days 00:02:15.122000,14.0,3.0,,0 days 00:59:10.390000,0 days 00:00:46.508000,0 days 00:00:50.107000,0 days 00:00:38.507000,0 days 00:57:45.440000,0 days 00:58:35.547000,0 days 00:59:14.054000,188.0,278.0,,104.0,False,SOFT,3.0,True,Red Bull Racing,0 days 00:56:58.932000,2026-09-05 11:14:00.965,1,,,,False,False,FP3,51.8,31.1,41.1
0 days 01:01:35.637000,VER,3,0 days 00:02:21.583000,15.0,4.0,0 days 00:59:40.925000,,0 days 00:01:08.595000,0 days 00:00:41.036000,0 days 00:00:31.952000,0 days 01:00:22.649000,0 days 01:01:03.685000,0 days 01:01:35.637000,249.0,193.0,290.0,116.0,False,SOFT,4.0,False,Red Bull Racing,0 days 00:59:14.054000,2026-09-05 11:16:16.087,1,,,,False,False,FP3,51.8,31.1,41.1
0 days 01:03:16.818000,VER,3,0 days 00:01:41.181000,16.0,4.0,,,0 days 00:00:27.355000,0 days 00:00:34.525000,0 days 00:00:39.301000,0 days 01:02:02.992000,0 days 01:02:37.517000,0 days 01:03:16.818000,301.0,256.0,292.0,318.0,False,SOFT,5.0,False,Red Bull Racing,0 days 01:01:35.637000,2026-09-05 11:18:37.670,1,,,,False,True,FP3,51.8,31.1,41.1
0 days 01:04:58.111000,VER,3,0 days 00:01:41.293000,17.0,4.0,,,0 days 00:00:27.350000,0 days 00:00:28.292000,0 days 00:00:45.651000,0 days 01:03:44.168000,0 days 01:04:12.460000,0 days 01:04:58.111000,301.0,312.0,182.0,323.0,False,SOFT,6.0,False,Red Bull Racing,0 days 01:03:16.818000,2026-09-05 11:20:18.851,12,,,,False,True,FP3,51.9,31.2,41.0
0 days 01:07:08.580000,VER,3,0 days 00:02:10.469000,18.0,4.0,,,0 days 00:00:47.085000,0 days 00:00:44.531000,0 days 00:00:38.853000,0 days 01:05:45.196000,0 days 01:06:29.727000,0 days 01:07:08.580000,192.0,236.0,293.0,150.0,False,SOFT,7.0,False,Red Bull Racing,0 days 01:04:58.111000,2026-09-05 11:22:00.144,1,,,,False,True,FP3,51.9,31.2,41.0
0 days 01:08:31.149000,VER,3,0 days 00:01:22.569000,19.0,4.0,,,0 days 00:00:27.260000,0 days 00:00:28.027000,0 days 00:00:27.282000,0 days 01:07:35.840000,0 days 01:08:03.867000,0 days 01:08:31.149000,301.0,312.0,286.0,323.0,True,SOFT,8.0,False,Red Bull Racing,0 days 01:07:08.580000,2026-09-05 11:24:10.613,1,,,,False,True,FP3,51.9,31.2,41.0
0 days 01:10:54.586000,VER,3,0 days 00:02:23.437000,20.0,4.0,,,0 days 00:00:50.276000,0 days 00:00:52.464000,0 days 00:00:40.697000,0 days 01:09:21.425000,0 days 01:10:13.889000,0 days 01:10:54.586000,149.0,175.0,166.0,118.0,False,SOFT,9.0,False,Red Bull Racing,0 days 01:08:31.149000,2026-09-05 11:25:33.182,1,,,,False,True,FP3,51.9,31.2,41.0
0 days 01:12:42.621000,VER,3,0 days 00:01:48.035000,21.0,4.0,,,0 days 00:00:38.882000,0 days 00:00:35.403000,0 days 00:00:33.750000,0 days 01:11:33.468000,0 days 01:12:08.871000,0 days 01:12:42.621000,258.0,288.0,291.0,213.0,False,SOFT,10.0,False,Red Bull Racing,0 days 01:10:54.586000,2026-09-05 11:27:56.619,1,,,,False,True,FP3,51.9,31.2,41.0
0 days 01:14:33.381000,VER,3,0 days 00:01:50.760000,22.0,4.0,,,0 days 00:00:33.080000,0 days 00:00:42.582000,0 days 00:00:35.098000,0 days 01:13:15.701000,0 days 01:13:58.283000,0 days 01:14:33.381000,198.0,251.0,252.0,320.0,False,SOFT,11.0,False,Red Bull Racing,0 days 01:12:42.621000,2026-09-05 11:29:44.654,1,,,,False,True,FP3,51.6,31.0,40.6
0 days 01:16:38.900000,VER,3,0 days 00:02:05.519000,23.0,4.0,,,0 days 00:00:39.360000,0 days 00:00:37.179000,0 days 00:00:48.980000,0 days 01:15:12.741000,0 days 01:15:49.920000,0 days 01:16:38.900000,203.0,275.0,72.0,168.0,False,SOFT,12.0,False,Red Bull Racing,0 days 01:14:33.381000,2026-09-05 11:31:35.414,1,,,,False,True,FP3,51.6,31.0,40.6
0 days 01:19:12.989000,VER,3,,24.0,4.0,,0 days 01:19:09.179000,0 days 00:01:26.995000,0 days 00:00:32.959000,0 days 00:00:34.025000,0 days 01:18:06.178000,0 days 01:18:39.112000,0 days 01:19:12.989000,276.0,288.0,,291.0,False,SOFT,13.0,False,Red Bull Racing,0 days 01:16:38.900000,2026-09-05 11:33:40.933,1,,,,False,False,FP3,51.6,31.0,40.6
0 days 00:15:46.557000,BOR,5,,1.0,1.0,0 days 00:13:29.611000,0 days 00:15:42.546000,,0 days 00:00:38.623000,0 days 00:00:43.342000,,0 days 00:15:03.367000,0 days 00:15:46.557000,222.0,278.0,,157.0,False,MEDIUM,1.0,True,Audi,0 days 00:13:29.611000,2026-09-05 10:30:31.644,1,,,,False,False,FP3,51.6,31.0,40.6
0 days 00:29:58.121000,BOR,5,,2.0,2.0,0 days 00:28:15.607000,,,0 days 00:00:32.666000,0 days 00:00:36.090000,,0 days 00:29:22.186000,0 days 00:29:58.266000,256.0,257.0,294.0,178.0,False,MEDIUM,2.0,False,Audi,0 days 00:15:46.557000,2026-09-05 10:32:48.590,1,,,,False,False,FP3,51.6,31.0,40.6
0 days 00:31:22.430000,BOR,5,0 days 00:01:24.309000,3.0,2.0,,,0 days 00:00:27.611000,0 days 00:00:28.596000,0 days 00:00:28.102000,0 days 00:30:25.732000,0 days 00:30:54.328000,0 days 00:31:22.430000,297.0,312.0,282.0,322.0,True,MEDIUM,3.0,False,Audi,0 days 00:29:58.121000,2026-09-05 10:47:00.154,1,,,,False,True,FP3,51.6,31.0,40.6
0 days 00:33:27.966000,BOR,5,0 days 00:02:05.536000,4.0,2.0,,0 days 00:33:24.082000,0 days 00:00:48.103000,0 days 00:00:37.822000,0 days 00:00:39.611000,0 days 00:32:10.533000,0 days 00:32:48.355000,0 days 00:33:27.966000,179.0,251.0,,96.0,False,MEDIUM,4.0,False,Audi,0 days 00:31:22.430000,2026-09-05 10:48:24.463,1,,,,False,False,FP3,51.6,31.0,40.6
0 days 00:35:35.670000,BOR,5,0 days 00:02:07.704000,5.0,3.0,0 days 00:33:47.662000,,0 days 00:01:03.348000,0 days 00:00:32.521000,0 days 00:00:31.835000,0 days 00:34:31.314000,0 days 00:35:03.835000,0 days 00:35:35.670000,261.0,270.0,295.0,244.0,False,MEDIUM,5.0,False,Audi,0 days 00:33:27.966000,2026-09-05 10:50:29.999,12,,,,False,False,FP3,51.6,31.0,40.6
0 days 00:36:59.563000,BOR,5,0 days 00:01:23.893000,6.0,3.0,,,0 days 00:00:27.542000,0 days 00:00:28.444000,0 days 00:00:27.907000,0 days 00:36:03.212000,0 days 00:36:31.656000,0 days 00:36:59.563000,296.0,307.0,284.0,318.0,True,MEDIUM,6.0,False,Audi,0 days 00:35:35.670000,2026-09-05 10:52:37.703,1,,,,False,True,FP3,51.6,31.0,40.6
0 days 00:39:25.299000,BOR,5,0 days 00:02:25.736000,7.0,3.0,,0 days 00:39:21.428000,0 days 00:00:52.395000,0 days 00:00:49.444000,0 days 00:00:43.897000,0 days 00:37:51.958000,0 days 00:38:41.402000,0 days 00:39:25.299000,99.0,179.0,,97.0,False,MEDIUM,7.0,False,Audi,0 days 00:36:59.563000,2026-09-05 10:54:01.596,1,,,,False,False,FP3,51.3,31.0,41.1
0 days 00:41:48.587000,BOR,5,0 days 00:02:23.288000,8.0,4.0,0 days 00:39:57.069000,,0 days 00:01:06.427000,0 days 00:00:32.816000,0 days 00:00:44.045000,0 days 00:40:31.726000,0 days 00:41:04.542000,0 days 00:41:48.587000,269.0,259.0,293.0,175.0,False,MEDIUM,8.0,False,Audi,0 days 00:39:25.299000,2026-09-05 10:56:27.332,1,,,,False,False,FP3,51.3,31.0,41.1
0 days 00:43:12.148000,BOR,5,0 days 00:01:23.561000,9.0,4.0,,,0 days 00:00:27.516000,0 days 00:00:28.322000,0 days 00:00:27.723000,0 days 00:42:16.103000,0 days 00:42:44.425000,0 days 00:43:12.148000,297.0,313.0,285.0,319.0,True,MEDIUM,9.0,False,Audi,0 days 00:41:48.587000,2026-09-05 10:58:50.620,1,,,,False,True,FP3,51.3,31.0,41.1
0 days 00:45:32.764000,BOR,5,0 days 00:02:20.616000,10.0,4.0,,0 days 00:45:28.727000,0 days 00:00:44.269000,0 days 00:00:46.104000,0 days 00:00:50.243000,0 days 00:43:56.417000,0 days 00:44:42.521000,0 days 00:45:32.764000,165.0,178.0,,157.0,False,MEDIUM,10.0,False,Audi,0 days 00:43:12.148000,2026-09-05 11:00:14.181,12,,,,False,False,FP3,51.3,31.0,41.1
0 days 00:47:57.912000,BOR,5,0 days 00:02:25.148000,11.0,5.0,0 days 00:45:51.250000,,0 days 00:01:19.619000,0 days 00:00:32.600000,0 days 00:00:32.929000,0 days 00:46:52.383000,0 days 00:47:24.983000,0 days 00:47:57.912000,247.0,290.0,296.0,197.0,False,MEDIUM,11.0,False,Audi,0 days 00:45:32.764000,2026-09-05 11:02:34.797,1,,,,False,False,FP3,51.3,31.0,41.1
0 days 00:49:26.250000,BOR,5,0 days 00:01:28.338000,12.0,5.0,,0 days 00:49:22.364000,0 days 00:00:27.397000,0 days 00:00:28.362000,0 days 00:00:32.579000,0 days 00:48:25.309000,0 days 00:48:53.671000,0 days 00:49:26.250000,304.0,309.0,,323.0,False,MEDIUM,12.0,False,Audi,0 days 00:47:57.912000,2026-09-05 11:04:59.945,1,,,,False,False,FP3,51.3,31.0,41.1
0 days 01:00:59.093000,BOR,5,,13.0,6.0,0 days 00:59:23.499000,,,0 days 00:00:31.242000,0 days 00:00:32.923000,,0 days 01:00:26.396000,0 days 01:00:59.216000,259.0,267.0,293.0,221.0,False,SOFT,1.0,True,Audi,0 days 00:49:26.250000,2026-09-05 11:06:28.283,1,,,,False,False,FP3,51.3,31.0,41.1
0 days 01:02:22.412000,BOR,5,0 days 00:01:23.319000,14.0,6.0,,,0 days 00:00:27.412000,0 days 00:00:28.273000,0 days 00:00:27.634000,0 days 01:01:26.505000,0 days 01:01:54.778000,0 days 01:02:22.412000,297.0,308.0,284.0,317.0,True,SOFT,2.0,True,Audi,0 days 01:00:59.093000,2026-09-05 11:18:01.126,1,,,,False,True,FP3,51.4,31.2,39.7
0 days 01:04:29.948000,BOR,5,0 days 00:02:07.536000,15.0,6.0,,0 days 01:04:26.145000,0 days 00:00:40.260000,0 days 00:00:43.755000,0 days 00:00:43.521000,0 days 01:03:02.672000,0 days 01:03:46.427000,0 days 01:04:29.948000,194.0,202.0,,169.0,False,SOFT,3.0,True,Audi,0 days 01:02:22.412000,2026-09-05 11:19:24.445,1,,,,False,False,FP3,51.4,31.2,39.7
0 days 01:07:10.813000,BOR,5,,16.0,7.0,0 days 01:05:17.491000,,0 days 00:01:20.623000,0 days 00:00:40.396000,0 days 00:00:39.718000,0 days 01:05:50.799000,0 days 01:06:31.228000,0 days 01:07:10.830000,263.0,230.0,296.0,220.0,False,SOFT,4.0,False,Audi,0 days 01:04:29.948000,2026-09-05 11:21:31.981,12,,,,False,False,FP3,51.4,31.2,39.7
0 days 01:08:34.111000,BOR,5,0 days 00:01:23.298000,17.0,7.0,,,0 days 00:00:27.401000,0 days 00:00:28.208000,0 days 00:00:27.689000,0 days 01:07:38.214000,0 days 01:08:06.422000,0 days 01:08:34.111000,298.0,311.0,282.0,321.0,True,SOFT,5.0,False,Audi,0 days 01:07:10.813000,2026-09-05 11:24:12.846,1,,,,False,True,FP3,51.4,31.2,39.7
0 days 01:11:02.271000,BOR,5,0 days 00:02:28.160000,18.0,7.0,,0 days 01:10:58.392000,0 days 00:00:49.007000,0 days 00:00:52.873000,0 days 00:00:46.280000,0 days 01:09:23.118000,0 days 01:10:15.991000,0 days 01:11:02.271000,151.0,163.0,,121.0,False,SOFT,6.0,False,Audi,0 days 01:08:34.111000,2026-09-05 11:25:36.144,1,,,,False,False,FP3,51.4,31.2,39.7
0 days 01:13:10.877000,BOR,5,0 days 00:02:08.606000,19.0,8.0,0 days 01:11:19.627000,,0 days 00:01:06.180000,0 days 00:00:32.615000,0 days 00:00:29.811000,0 days 01:12:08.451000,0 days 01:12:41.066000,0 days 01:13:10.877000,233.0,287.0,293.0,254.0,False,SOFT,7.0,False,Audi,0 days 01:11:02.271000,2026-09-05 11:28:04.304,1,,,,False,False,FP3,51.4,31.2,39.7
0 days 01:15:14.816000,BOR,5,0 days 00:02:03.939000,20.0,8.0,,,0 days 00:00:36.593000,0 days 00:00:36.520000,0 days 00:00:50.826000,0 days 01:13:47.470000,0 days 01:14:23.990000,0 days 01:15:14.816000,220.0,249.0,70.0,198.0,False,SOFT,8.0,False,Audi,0 days 01:13:10.877000,2026-09-05 11:30:12.910,1,,,,False,True,FP3,51.4,31.2,39.7
0 days 01:17:41.632000,BOR,5,0 days 00:02:26.816000,21.0,8.0,,0 days 01:17:37.707000,0 days 00:01:11.582000,0 days 00:00:35.299000,0 days 00:00:39.935000,0 days 01:16:26.398000,0 days 01:17:01.697000,0 days 01:17:41.632000,233.0,242.0,,290.0,False,SOFT,9.0,False,Audi,0 days 01:15:14.816000,2026-09-05 11:32:16.849,1,,,,False,False,FP3,51.4,31.2,39.7
0 days 00:18:39.083000,GAS,10,,1.0,1.0,0 days 00:16:50.253000,,,0 days 00:00:35.489000,0 days 00:00:31.653000,,0 days 00:18:07.726000,0 days 00:18:39.314000,248.0,259.0,301.0,188.0,False,MEDIUM,1.0,True,Alpine,0 days 00:16:50.253000,2026-09-05 10:33:52.286,1,,,,False,False,FP3,51.4,31.2,39.7
0 days 00:20:04.432000,GAS,10,0 days 00:01:25.349000,2.0,1.0,,,0 days 00:00:27.628000,0 days 00:00:29.258000,0 days 00:00:28.463000,0 days 00:19:06.711000,0 days 00:19:35.969000,0 days 00:20:04.432000,295.0,313.0,279.0,323.0,True,MEDIUM,2.0,True,Alpine,0 days 00:18:39.083000,2026-09-05 10:35:41.116,1,,,,False,True,FP3,50.8,31.4,39.9
0 days 00:22:11.040000,GAS,10,0 days 00:02:06.608000,3.0,1.0,,,0 days 00:00:46.493000,0 days 00:00:47.591000,0 days 00:00:32.524000,0 days 00:20:50.925000,0 days 00:21:38.516000,0 days 00:22:11.040000,164.0,200.0,300.0,149.0,False,MEDIUM,3.0,True,Alpine,0 days 00:20:04.432000,2026-09-05 10:37:06.465,1,,,,False,True,FP3,50.8,31.4,39.9
0 days 00:23:34.918000,GAS,10,0 days 00:01:23.878000,4.0,1.0,,,0 days 00:00:27.355000,0 days 00:00:28.449000,0 days 00:00:28.074000,0 days 00:22:38.395000,0 days 00:23:06.844000,0 days 00:23:34.918000,298.0,315.0,279.0,325.0,True,MEDIUM,4.0,True,Alpine,0 days 00:22:11.040000,2026-09-05 10:39:13.073,1,,,,False,True,FP3,50.8,31.4,39.9
0 days 00:25:45.018000,GAS,10,0 days 00:02:10.100000,5.0,1.0,,,0 days 00:00:43.022000,0 days 00:00:48.940000,0 days 00:00:38.138000,0 days 00:24:17.940000,0 days 00:25:06.880000,0 days 00:25:45.018000,153.0,158.0,294.0,244.0,False,MEDIUM,5.0,True,Alpine,0 days 00:23:34.918000,2026-09-05 10:40:36.951,1,,,,False,True,FP3,50.8,31.4,39.9
0 days 00:27:08.893000,GAS,10,0 days 00:01:23.875000,6.0,1.0,,,0 days 00:00:27.492000,0 days 00:00:28.281000,0 days 00:00:28.102000,0 days 00:26:12.510000,0 days 00:26:40.791000,0 days 00:27:08.893000,293.0,309.0,280.0,324.0,True,MEDIUM,6.0,True,Alpine,0 days 00:25:45.018000,2026-09-05 10:42:47.051,1,,,,False,True,FP3,50.8,31.4,39.9
0 days 00:29:10.351000,GAS,10,0 days 00:02:01.458000,7.0,1.0,,0 days 00:29:06.182000,0 days 00:00:37.381000,0 days 00:00:42.967000,0 days 00:00:41.110000,0 days 00:27:46.274000,0 days 00:28:29.241000,0 days 00:29:10.351000,176.0,241.0,,262.0,False,MEDIUM,7.0,True,Alpine,0 days 00:27:08.893000,2026-09-05 10:44:10.926,1,,,,False,False,FP3,50.8,31.4,39.9
0 days 00:37:17.655000,GAS,10,,8.0,2.0,0 days 00:35:30.835000,,,0 days 00:00:33.812000,0 days 00:00:32.498000,,0 days 00:36:45.427000,0 days 00:37:17.799000,253.0,263.0,303.0,171.0,False,MEDIUM,8.0,False,Alpine,0 days 00:29:10.351000,2026-09-05 10:46:12.384,12,,,,False,False,FP3,50.8,31.4,39.9
0 days 00:38:41.071000,GAS,10,0 days 00:01:23.416000,9.0,2.0,,,0 days 00:00:27.223000,0 days 00:00:28.113000,0 days 00:00:28.080000,0 days 00:37:44.878000,0 days 00:38:12.991000,0 days 00:38:41.071000,296.0,312.0,282.0,323.0,True,MEDIUM,9.0,False,Alpine,0 days 00:37:17.655000,2026-09-05 10:54:19.688,1,,,,False,True,FP3,50.8,31.4,39.9
0 days 00:40:20.784000,GAS,10,0 days 00:01:39.713000,10.0,2.0,,,0 days 00:00:33.949000,0 days 00:00:36.867000,0 days 00:00:28.897000,0 days 00:39:15.020000,0 days 00:39:51.887000,0 days 00:40:20.784000,240.0,266.0,318.0,264.0,False,MEDIUM,10.0,False,Alpine,0 days 00:38:41.071000,2026-09-05 10:55:43.104,1,,,,False,True,FP3,50.8,31.4,39.9
0 days 00:41:45.927000,GAS,10,0 days 00:01:25.143000,11.0,2.0,,,0 days 00:00:27.785000,0 days 00:00:28.844000,0 days 00:00:28.514000,0 days 00:40:48.569000,0 days 00:41:17.413000,0 days 00:41:45.927000,292.0,304.0,288.0,312.0,False,MEDIUM,11.0,False,Alpine,0 days 00:40:20.784000,2026-09-05 10:57:22.817,1,,,,False,True,FP3,50.8,31.4,39.9
0 days 00:43:10.983000,GAS,10,0 days 00:01:25.056000,12.0,2.0,,,0 days 00:00:28.195000,0 days 00:00:28.914000,0 days 00:00:27.947000,0 days 00:42:14.122000,0 days 00:42:43.036000,0 days 00:43:10.983000,296.0,309.0,296.0,308.0,False,MEDIUM,12.0,False,Alpine,0 days 00:41:45.927000,2026-09-05 10:58:47.960,1,,,,False,True,FP3,50.8,31.4,39.9
0 days 00:44:35.974000,GAS,10,0 days 00:01:24.991000,13.0,2.0,,,0 days 00:00:28.183000,0 days 00:00:28.811000,0 days 00:00:27.997000,0 days 00:43:39.166000,0 days 00:44:07.977000,0 days 00:44:35.974000,293.0,302.0,299.0,301.0,False,MEDIUM,13.0,False,Alpine,0 days 00:43:10.983000,2026-09-05 11:00:13.016,1,,,,False,True,FP3,50.8,31.4,39.9
0 days 00:46:00.817000,GAS,10,0 days 00:01:24.843000,14.0,2.0,,,0 days 00:00:28.157000,0 days 00:00:28.793000,0 days 00:00:27.893000,0 days 00:45:04.131000,0 days 00:45:32.924000,0 days 00:46:00.817000,295.0,305.0,301.0,297.0,False,MEDIUM,14.0,False,Alpine,0 days 00:44:35.974000,2026-09-05 11:01:38.007,12,,,,False,True,FP3,51.7,31.4,40.1
0 days 00:47:25.533000,GAS,10,0 days 00:01:24.716000,15.0,2.0,,,0 days 00:00:27.994000,0 days 00:00:28.759000,0 days 00:00:27.963000,0 days 00:46:28.811000,0 days 00:46:57.570000,0 days 00:47:25.533000,295.0,306.0,302.0,296.0,False,MEDIUM,15.0,False,Alpine,0 days 00:46:00.817000,2026-09-05 11:03:02.850,1,,,,False,True,FP3,51.7,31.4,40.1
0 days 00:48:50.114000,GAS,10,0 days 00:01:24.581000,16.0,2.0,,,0 days 00:00:27.974000,0 days 00:00:28.680000,0 days 00:00:27.927000,0 days 00:47:53.507000,0 days 00:48:22.187000,0 days 00:48:50.114000,296.0,310.0,299.0,299.0,False,MEDIUM,16.0,False,Alpine,0 days 00:47:25.533000,2026-09-05 11:04:27.566,1,,,,False,True,FP3,51.7,31.4,40.1
0 days 00:50:41.672000,GAS,10,0 days 00:01:51.558000,17.0,2.0,,0 days 00:50:37.548000,0 days 00:00:33.968000,0 days 00:00:36.860000,0 days 00:00:40.730000,0 days 00:49:24.082000,0 days 00:50:00.942000,0 days 00:50:41.672000,229.0,241.0,,240.0,False,MEDIUM,17.0,False,Alpine,0 days 00:48:50.114000,2026-09-05 11:05:52.147,1,,,,False,False,FP3,51.7,31.4,40.1
0 days 01:00:42.987000,GAS,10,,18.0,3.0,0 days 00:58:58.779000,,,0 days 00:00:33.727000,0 days 00:00:31.544000,,0 days 01:00:11.622000,0 days 01:00:43.127000,252.0,276.0,304.0,163.0,False,SOFT,1.0,True,Alpine,0 days 00:50:41.672000,2026-09-05 11:07:43.705,1,,,,False,False,FP3,51.7,31.4,40.1
0 days 01:02:06.083000,GAS,10,0 days 00:01:23.096000,19.0,3.0,,,0 days 00:00:27.219000,0 days 00:00:28.142000,0 days 00:00:27.735000,0 days 01:01:10.206000,0 days 01:01:38.348000,0 days 01:02:06.083000,297.0,317.0,284.0,323.0,True,SOFT,2.0,True,Alpine,0 days 01:00:42.987000,2026-09-05 11:17:45.020,1,,,,False,True,FP3,51.7,31.4,40.1
0 days 01:04:09.610000,GAS,10,0 days 00:02:03.527000,20.0,3.0,,0 days 01:04:05.830000,0 days 00:00:38.254000,0 days 00:00:41.346000,0 days 00:00:43.927000,0 days 01:02:44.337000,0 days 01:03:25.683000,0 days 01:04:09.610000,203.0,234.0,,253.0,False,SOFT,3.0,True,Alpine,0 days 01:02:06.083000,2026-09-05 11:19:08.116,1,,,,False,False,FP3,51.3,31.3,40.8
0 days 01:12:26.792000,GAS,10,,21.0,4.0,0 days 01:10:33.254000,,,0 days 00:00:37.070000,0 days 00:00:38.740000,,0 days 01:11:48.312000,0 days 01:12:26.944000,255.0,262.0,301.0,155.0,False,SOFT,4.0,False,Alpine,0 days 01:04:09.610000,2026-09-05 11:21:11.643,12,,,,False,False,FP3,51.3,31.3,40.8
0 days 01:13:49.690000,GAS,10,0 days 00:01:22.898000,22.0,4.0,,,0 days 00:00:27.236000,0 days 00:00:28.028000,0 days 00:00:27.634000,0 days 01:12:54.028000,0 days 01:13:22.056000,0 days 01:13:49.690000,301.0,316.0,281.0,322.0,True,SOFT,5.0,False,Alpine,0 days 01:12:26.792000,2026-09-05 11:29:28.825,1,,,,False,True,FP3,51.3,31.3,40.8
0 days 01:15:51.940000,GAS,10,0 days 00:02:02.250000,23.0,4.0,,,0 days 00:00:35.614000,0 days 00:00:37.828000,0 days 00:00:48.808000,0 days 01:14:25.304000,0 days 01:15:03.132000,0 days 01:15:51.940000,224.0,212.0,76.0,242.0,False,SOFT,6.0,False,Alpine,0 days 01:13:49.690000,2026-09-05 11:30:51.723,1,,,,False,True,FP3,51.3,31.3,40.8
0 days 01:18:10.405000,GAS,10,0 days 00:02:18.465000,24.0,4.0,,0 days 01:18:06.651000,0 days 00:01:09.035000,0 days 00:00:30.369000,0 days 00:00:39.061000,0 days 01:17:00.975000,0 days 01:17:31.344000,0 days 01:18:10.405000,285.0,241.0,,295.0,False,SOFT,7.0,False,Alpine,0 days 01:15:51.940000,2026-09-05 11:32:53.973,1,,,,False,False,FP3,51.3,31.3,40.8
0 days 00:25:01.323000,PER,11,,1.0,1.0,0 days 00:23:20.185000,,,0 days 00:00:33.480000,0 days 00:00:33.799000,,0 days 00:24:27.696000,0 days 00:25:01.742000,251.0,256.0,284.0,178.0,False,SOFT,1.0,True,Cadillac,0 days 00:23:20.185000,2026-09-05 10:40:22.218,1,,,,False,False,FP3,51.3,31.3,40.8
0 days 00:26:27.704000,PER,11,0 days 00:01:26.381000,2.0,1.0,,,0 days 00:00:27.916000,0 days 00:00:29.189000,0 days 00:00:29.276000,0 days 00:25:29.239000,0 days 00:25:58.428000,0 days 00:26:27.704000,293.0,314.0,274.0,319.0,True,SOFT,2.0,True,Cadillac,0 days 00:25:01.323000,2026-09-05 10:42:03.356,1,,,,False,True,FP3,51.3,31.3,40.8
0 days 00:28:55.578000,PER,11,0 days 00:02:27.874000,3.0,1.0,,0 days 00:28:51.785000,0 days 00:00:45.766000,0 days 00:00:51.747000,0 days 00:00:50.361000,0 days 00:27:13.470000,0 days 00:28:05.217000,0 days 00:28:55.578000,150.0,182.0,,169.0,False,SOFT,3.0,True,Cadillac,0 days 00:26:27.704000,2026-09-05 10:43:29.737,1,,,,False,False,FP3,51.3,31.3,40.8
0 days 00:31:21.340000,PER,11,0 days 00:02:25.762000,4.0,2.0,0 days 00:29:10.792000,,0 days 00:01:00.040000,0 days 00:00:51.104000,0 days 00:00:34.618000,0 days 00:29:55.618000,0 days 00:30:46.722000,0 days 00:31:21.340000,169.0,165.0,283.0,161.0,False,SOFT,4.0,False,Cadillac,0 days 00:28:55.578000,2026-09-05 10:45:57.611,1,,,,False,False,FP3,51.3,31.3,40.8
0 days 00:32:47.442000,PER,11,0 days 00:01:26.102000,5.0,2.0,,,0 days 00:00:28.007000,0 days 00:00:29.230000,0 days 00:00:28.865000,0 days 00:31:49.347000,0 days 00:32:18.577000,0 days 00:32:47.442000,288.0,297.0,272.0,310.0,True,SOFT,5.0,False,Cadillac,0 days 00:31:21.340000,2026-09-05 10:48:23.373,1,,,,False,True,FP3,51.3,31.3,40.8
0 days 00:35:05.938000,PER,11,0 days 00:02:18.496000,6.0,2.0,,0 days 00:35:01.952000,0 days 00:00:43.798000,0 days 00:00:45.298000,0 days 00:00:49.400000,0 days 00:33:31.240000,0 days 00:34:16.538000,0 days 00:35:05.938000,181.0,179.0,,165.0,False,SOFT,6.0,False,Cadillac,0 days 00:32:47.442000,2026-09-05 10:49:49.475,12,,,,False,False,FP3,51.3,31.3,40.8
0 days 00:41:50.265000,PER,11,,7.0,3.0,0 days 00:39:52.413000,,,0 days 00:00:34.251000,0 days 00:00:44.187000,,0 days 00:41:06.242000,0 days 00:41:50.389000,155.0,265.0,285.0,200.0,False,SOFT,7.0,False,Cadillac,0 days 00:35:05.938000,2026-09-05 10:52:07.971,1,,,,False,False,FP3,51.3,31.3,40.8
0 days 00:43:15.296000,PER,11,0 days 00:01:25.031000,8.0,3.0,,,0 days 00:00:27.569000,0 days 00:00:28.911000,0 days 00:00:28.551000,0 days 00:42:17.834000,0 days 00:42:46.745000,0 days 00:43:15.296000,295.0,307.0,279.0,323.0,True,SOFT,8.0,False,Cadillac,0 days 00:41:50.265000,2026-09-05 10:58:52.298,1,,,,False,True,FP3,51.0,31.4,40.1
0 days 00:45:37.575000,PER,11,0 days 00:02:22.279000,9.0,3.0,,,0 days 00:00:49.025000,0 days 00:00:44.949000,0 days 00:00:48.305000,0 days 00:44:04.321000,0 days 00:44:49.270000,0 days 00:45:37.575000,177.0,166.0,189.0,118.0,False,SOFT,9.0,False,Cadillac,0 days 00:43:15.296000,2026-09-05 11:00:17.329,12,,,,False,True,FP3,51.0,31.4,40.1
0 days 00:48:03.127000,PER,11,0 days 00:02:25.552000,10.0,3.0,,,0 days 00:00:49.816000,0 days 00:00:55.802000,0 days 00:00:39.934000,0 days 00:46:27.391000,0 days 00:47:23.193000,0 days 00:48:03.127000,144.0,146.0,277.0,181.0,False,SOFT,10.0,False,Cadillac,0 days 00:45:37.575000,2026-09-05 11:02:39.608,1,,,,False,True,FP3,51.0,31.4,40.1
0 days 00:50:04.968000,PER,11,0 days 00:02:01.841000,11.0,3.0,,0 days 00:50:01.810000,0 days 00:00:33.664000,0 days 00:00:40.424000,0 days 00:00:47.753000,0 days 00:48:36.791000,0 days 00:49:17.215000,0 days 00:50:04.968000,223.0,200.0,,314.0,False,SOFT,11.0,False,Cadillac,0 days 00:48:03.127000,2026-09-05 11:05:05.160,1,,,,False,False,FP3,51.0,31.4,40.1
0 days 01:01:28.232000,PER,11,,12.0,4.0,0 days 00:59:40.128000,,,0 days 00:00:41.476000,0 days 00:00:31.211000,,0 days 01:00:57.098000,0 days 01:01:28.248000,188.0,257.0,285.0,189.0,False,SOFT,1.0,True,Cadillac,0 days 00:50:04.968000,2026-09-05 11:07:07.001,1,,,,False,False,FP3,51.0,31.4,40.1
0 days 01:03:07.140000,PER,11,0 days 00:01:38.908000,13.0,4.0,,,0 days 00:00:27.608000,0 days 00:00:33.739000,0 days 00:00:37.561000,0 days 01:01:55.840000,0 days 01:02:29.579000,0 days 01:03:07.140000,294.0,238.0,284.0,318.0,False,SOFT,2.0,True,Cadillac,0 days 01:01:28.232000,2026-09-05 11:18:30.265,1,,,,False,True,FP3,51.0,31.4,40.1
0 days 01:05:15.907000,PER,11,0 days 00:02:08.767000,14.0,4.0,,0 days 01:05:12.003000,0 days 00:00:28.063000,0 days 00:00:54.015000,0 days 00:00:46.689000,0 days 01:03:35.203000,0 days 01:04:29.218000,0 days 01:05:15.907000,262.0,182.0,,321.0,False,SOFT,3.0,True,Cadillac,0 days 01:03:07.140000,2026-09-05 11:20:09.173,12,,,,False,False,FP3,51.0,31.4,40.1
0 days 01:07:46.563000,PER,11,,15.0,5.0,0 days 01:05:42.689000,,0 days 00:01:13.242000,0 days 00:00:46.146000,0 days 00:00:31.271000,0 days 01:06:29.343000,0 days 01:07:15.487000,0 days 01:07:46.698000,130.0,281.0,283.0,155.0,False,SOFT,4.0,False,Cadillac,0 days 01:05:15.907000,2026-09-05 11:22:17.940,1,,,,False,False,FP3,51.8,31.5,39.8
0 days 01:09:12.017000,PER,11,0 days 00:01:25.454000,16.0,5.0,,,0 days 00:00:27.772000,0 days 00:00:28.804000,0 days 00:00:28.878000,0 days 01:08:14.335000,0 days 01:08:43.139000,0 days 01:09:12.017000,296.0,302.0,278.0,312.0,False,SOFT,5.0,False,Cadillac,0 days 01:07:46.563000,2026-09-05 11:24:48.596,1,,,,False,True,FP3,51.8,31.5,39.8
0 days 01:11:07.052000,PER,11,0 days 00:01:55.035000,17.0,5.0,,0 days 01:11:03.083000,0 days 00:00:32.092000,0 days 00:00:35.013000,0 days 00:00:47.930000,0 days 01:09:44.109000,0 days 01:10:19.122000,0 days 01:11:07.052000,259.0,222.0,,239.0,False,SOFT,6.0,False,Cadillac,0 days 01:09:12.017000,2026-09-05 11:26:14.050,1,,,,False,False,FP3,51.8,31.5,39.8
0 days 01:15:07.312000,PER,11,,18.0,6.0,0 days 01:12:48.505000,,,0 days 00:00:34.636000,0 days 00:00:30.704000,,0 days 01:14:36.726000,0 days 01:15:07.374000,253.0,246.0,308.0,218.0,False,SOFT,7.0,False,Cadillac,0 days 01:11:07.052000,2026-09-05 11:28:09.085,1,,,,False,False,FP3,51.8,31.5,39.8
0 days 01:16:55.807000,PER,11,0 days 00:01:48.495000,19.0,6.0,,,0 days 00:00:29.348000,0 days 00:00:33.576000,0 days 00:00:45.571000,0 days 01:15:36.660000,0 days 01:16:10.236000,0 days 01:16:55.807000,255.0,263.0,54.0,298.0,False,SOFT,8.0,False,Cadillac,0 days 01:15:07.312000,2026-09-05 11:32:09.345,1,,,,False,True,FP3,51.8,31.5,39.8
0 days 01:19:27.755000,PER,11,,20.0,6.0,,0 days 01:19:23.894000,0 days 00:01:15.515000,0 days 00:00:35.132000,0 days 00:00:41.335000,0 days 01:18:11.516000,0 days 01:18:46.706000,0 days 01:19:27.755000,289.0,238.0,,299.0,False,SOFT,9.0,False,Cadillac,0 days 01:16:55.807000,2026-09-05 11:33:57.840,1,,,,False,False,FP3,51.8,31.5,39.8
0 days 00:29:34.758000,ANT,12,,1.0,1.0,0 days 00:27:58.035000,,,0 days 00:00:32.792000,0 days 00:00:31.179000,,0 days 00:29:03.823000,0 days 00:29:34.881000,252.0,284.0,294.0,239.0,False,SOFT,1.0,True,Mercedes,0 days 00:27:58.035000,2026-09-05 10:45:00.068,1,,,,False,False,FP3,51.8,31.5,39.8
0 days 00:30:57.790000,ANT,12,0 days 00:01:23.032000,2.0,1.0,,,0 days 00:00:27.269000,0 days 00:00:28.173000,0 days 00:00:27.590000,0 days 00:30:02.027000,0 days 00:30:30.200000,0 days 00:30:57.790000,297.0,313.0,282.0,322.0,True,SOFT,2.0,True,Mercedes,0 days 00:29:34.758000,2026-09-05 10:46:36.791,1,,,,False,True,FP3,51.8,31.5,39.8
0 days 00:33:04.143000,ANT,12,0 days 00:02:06.353000,3.0,1.0,,0 days 00:33:01.204000,0 days 00:00:42.209000,0 days 00:00:44.564000,0 days 00:00:39.580000,0 days 00:31:39.999000,0 days 00:32:24.563000,0 days 00:33:04.143000,194.0,241.0,,165.0,False,SOFT,3.0,True,Mercedes,0 days 00:30:57.790000,2026-09-05 10:47:59.823,1,,,,False,False,FP3,51.8,31.5,39.8
0 days 00:36:24.952000,ANT,12,,4.0,2.0,0 days 00:34:24.808000,,,0 days 00:00:42.552000,0 days 00:00:31.650000,,0 days 00:35:53.405000,0 days 00:36:25.061000,214.0,268.0,295.0,155.0,False,SOFT,4.0,False,Mercedes,0 days 00:33:04.143000,2026-09-05 10:50:06.176,12,,,,False,False,FP3,51.8,31.5,39.8
0 days 00:37:48.517000,ANT,12,0 days 00:01:23.565000,5.0,2.0,,,0 days 00:00:27.257000,0 days 00:00:27.858000,0 days 00:00:28.450000,0 days 00:36:52.209000,0 days 00:37:20.067000,0 days 00:37:48.517000,298.0,315.0,276.0,322.0,False,SOFT,5.0,False,Mercedes,0 days 00:36:24.952000,2026-09-05 10:53:26.985,1,,,,False,True,FP3,51.5,31.3,40.1
0 days 00:39:38.534000,ANT,12,0 days 00:01:50.017000,6.0,2.0,,0 days 00:39:34.746000,0 days 00:00:31.962000,0 days 00:00:36.995000,0 days 00:00:41.060000,0 days 00:38:20.479000,0 days 00:38:57.474000,0 days 00:39:38.534000,280.0,264.0,,299.0,False,SOFT,6.0,False,Mercedes,0 days 00:37:48.517000,2026-09-05 10:54:50.550,1,,,,False,False,FP3,51.5,31.3,40.1
0 days 00:46:17.471000,ANT,12,,7.0,3.0,0 days 00:44:16.128000,,,0 days 00:00:43.765000,0 days 00:00:36.602000,,0 days 00:45:41.007000,0 days 00:46:17.489000,192.0,190.0,292.0,158.0,False,SOFT,7.0,False,Mercedes,0 days 00:39:38.534000,2026-09-05 10:56:40.567,12,,,,False,False,FP3,51.5,31.3,40.1
0 days 00:47:55.197000,ANT,12,0 days 00:01:37.726000,8.0,3.0,,0 days 00:47:51.399000,0 days 00:00:28.347000,0 days 00:00:32.969000,0 days 00:00:36.410000,0 days 00:46:45.818000,0 days 00:47:18.787000,0 days 00:47:55.197000,295.0,284.0,,324.0,False,SOFT,8.0,False,Mercedes,0 days 00:46:17.471000,2026-09-05 11:03:19.504,1,,,,False,False,FP3,51.5,31.3,40.1
0 days 00:55:27.617000,ANT,12,,9.0,4.0,0 days 00:53:45.047000,,,0 days 00:00:33.643000,0 days 00:00:31.729000,,0 days 00:54:56.118000,0 days 00:55:27.770000,270.0,272.0,296.0,153.0,False,SOFT,1.0,True,Mercedes,0 days 00:47:55.197000,2026-09-05 11:04:57.230,1,,,,False,False,FP3,51.5,31.3,40.1
0 days 00:57:28.082000,ANT,12,0 days 00:02:00.465000,10.0,4.0,,,0 days 00:00:40.348000,0 days 00:00:46.357000,0 days 00:00:33.760000,0 days 00:56:07.965000,0 days 00:56:54.322000,0 days 00:57:28.082000,167.0,210.0,293.0,326.0,False,SOFT,2.0,True,Mercedes,0 days 00:55:27.617000,2026-09-05 11:12:29.650,1,,,,False,True,FP3,51.5,31.3,40.1
0 days 00:58:50.778000,ANT,12,0 days 00:01:22.696000,11.0,4.0,,,0 days 00:00:27.359000,0 days 00:00:27.837000,0 days 00:00:27.500000,0 days 00:57:55.441000,0 days 00:58:23.278000,0 days 00:58:50.778000,297.0,314.0,280.0,324.0,True,SOFT,3.0,True,Mercedes,0 days 00:57:28.082000,2026-09-05 11:14:30.115,1,,,,False,True,FP3,51.5,31.3,40.1
0 days 01:00:50.619000,ANT,12,0 days 00:01:59.841000,12.0,4.0,,0 days 01:00:46.877000,0 days 00:00:35.460000,0 days 00:00:41.759000,0 days 00:00:42.622000,0 days 00:59:26.238000,0 days 01:00:07.997000,0 days 01:00:50.619000,226.0,229.0,,237.0,False,SOFT,4.0,True,Mercedes,0 days 00:58:50.778000,2026-09-05 11:15:52.811,1,,,,False,False,FP3,51.5,31.3,40.1
0 days 01:06:03.920000,ANT,12,,13.0,5.0,0 days 01:04:17.877000,,,0 days 00:00:37.523000,0 days 00:00:32.039000,,0 days 01:05:32.183000,0 days 01:06:04.074000,268.0,281.0,293.0,171.0,False,SOFT,5.0,False,Mercedes,0 days 01:00:50.619000,2026-09-05 11:17:52.652,12,,,,False,False,FP3,51.5,31.3,40.1
0 days 01:07:26.500000,ANT,12,0 days 00:01:22.580000,14.0,5.0,,,0 days 00:00:27.147000,0 days 00:00:27.935000,0 days 00:00:27.498000,0 days 01:06:31.067000,0 days 01:06:59.002000,0 days 01:07:26.500000,300.0,315.0,282.0,323.0,True,SOFT,6.0,False,Mercedes,0 days 01:06:03.920000,2026-09-05 11:23:05.953,1,,,,False,True,FP3,51.5,31.3,40.1
0 days 01:09:26.369000,ANT,12,0 days 00:01:59.869000,15.0,5.0,,0 days 01:09:22.547000,0 days 00:00:35.788000,0 days 00:00:39.442000,0 days 00:00:44.639000,0 days 01:08:02.288000,0 days 01:08:41.730000,0 days 01:09:26.369000,226.0,129.0,,241.0,False,SOFT,7.0,False,Mercedes,0 days 01:07:26.500000,2026-09-05 11:24:28.533,1,,,,False,False,FP3,52.0,31.4,40.7
0 days 01:14:54.566000,ANT,12,,16.0,6.0,0 days 01:12:50.623000,,,0 days 00:00:29.530000,0 days 00:00:29.301000,,0 days 01:14:25.466000,0 days 01:14:54.566000,309.0,305.0,312.0,253.0,False,SOFT,9.0,False,Mercedes,0 days 01:09:26.369000,2026-09-05 11:26:28.402,1,,,,False,False,FP3,52.0,31.4,40.7
0 days 01:16:52.376000,ANT,12,0 days 00:01:57.810000,17.0,6.0,,,0 days 00:00:34.409000,0 days 00:00:33.281000,0 days 00:00:50.120000,0 days 01:15:28.975000,0 days 01:16:02.256000,0 days 01:16:52.376000,240.0,244.0,44.0,218.0,False,SOFT,10.0,False,Mercedes,0 days 01:14:54.566000,2026-09-05 11:31:56.599,1,,,,False,True,FP3,52.0,31.4,40.7
0 days 01:19:25.518000,ANT,12,,18.0,6.0,,0 days 01:19:21.811000,0 days 00:01:17.118000,0 days 00:00:33.736000,0 days 00:00:42.320000,0 days 01:18:09.624000,0 days 01:18:43.482000,0 days 01:19:25.518000,291.0,229.0,,301.0,False,SOFT,11.0,False,Mercedes,0 days 01:16:52.376000,2026-09-05 11:33:54.409,1,,,,False,False,FP3,52.0,31.4,40.7
0 days 00:24:31.194000,ALO,14,,1.0,1.0,0 days 00:22:50.653000,,,0 days 00:00:34.047000,0 days 00:00:33.802000,,0 days 00:23:57.558000,0 days 00:24:31.358000,265.0,253.0,281.0,220.0,False,SOFT,1.0,True,Aston Martin,0 days 00:22:50.653000,2026-09-05 10:39:52.686,1,,,,False,False,FP3,52.0,31.4,40.7
0 days 00:25:57.482000,ALO,14,0 days 00:01:26.288000,2.0,1.0,,,0 days 00:00:28.107000,0 days 00:00:29.335000,0 days 00:00:28.846000,0 days 00:24:59.301000,0 days 00:25:28.636000,0 days 00:25:57.482000,284.0,295.0,274.0,308.0,True,SOFT,2.0,True,Aston Martin,0 days 00:24:31.194000,2026-09-05 10:41:33.227,1,,,,False,True,FP3,50.9,31.5,40.2
0 days 00:28:03.357000,ALO,14,0 days 00:02:05.875000,3.0,1.0,,,0 days 00:00:42.882000,0 days 00:00:41.885000,0 days 00:00:41.108000,0 days 00:26:40.364000,0 days 00:27:22.249000,0 days 00:28:03.357000,245.0,178.0,243.0,118.0,False,SOFT,3.0,True,Aston Martin,0 days 00:25:57.482000,2026-09-05 10:42:59.515,1,,,,False,True,FP3,50.9,31.5,40.2
0 days 00:29:53.293000,ALO,14,0 days 00:01:49.936000,4.0,1.0,,,0 days 00:00:37.592000,0 days 00:00:33.903000,0 days 00:00:38.441000,0 days 00:28:40.949000,0 days 00:29:14.852000,0 days 00:29:53.293000,254.0,268.0,280.0,189.0,False,SOFT,4.0,True,Aston Martin,0 days 00:28:03.357000,2026-09-05 10:45:05.390,1,,,,False,True,FP3,50.9,31.5,40.2
0 days 00:31:30.882000,ALO,14,0 days 00:01:37.589000,5.0,1.0,,,0 days 00:00:28.166000,0 days 00:00:29.032000,0 days 00:00:40.391000,0 days 00:30:21.459000,0 days 00:30:50.491000,0 days 00:31:30.882000,285.0,299.0,159.0,310.0,False,SOFT,5.0,True,Aston Martin,0 days 00:29:53.293000,2026-09-05 10:46:55.326,1,,,,False,True,FP3,50.9,31.5,40.2
0 days 00:33:31.668000,ALO,14,0 days 00:02:00.786000,6.0,1.0,,,0 days 00:00:51.668000,0 days 00:00:37.902000,0 days 00:00:31.216000,0 days 00:32:22.550000,0 days 00:33:00.452000,0 days 00:33:31.668000,163.0,255.0,285.0,124.0,False,SOFT,6.0,True,Aston Martin,0 days 00:31:30.882000,2026-09-05 10:48:32.915,1,,,,False,True,FP3,50.9,31.5,40.2
0 days 00:34:56.974000,ALO,14,0 days 00:01:25.306000,7.0,1.0,,,0 days 00:00:27.942000,0 days 00:00:29.013000,0 days 00:00:28.351000,0 days 00:33:59.610000,0 days 00:34:28.623000,0 days 00:34:56.974000,289.0,303.0,278.0,314.0,True,SOFT,7.0,True,Aston Martin,0 days 00:33:31.668000,2026-09-05 10:50:33.701,12,,,,False,True,FP3,50.9,31.5,40.2
0 days 00:36:58.831000,ALO,14,0 days 00:02:01.857000,8.0,1.0,,0 days 00:36:55.135000,0 days 00:00:42.991000,0 days 00:00:37.680000,0 days 00:00:41.186000,0 days 00:35:39.965000,0 days 00:36:17.645000,0 days 00:36:58.831000,235.0,208.0,,108.0,False,SOFT,8.0,True,Aston Martin,0 days 00:34:56.974000,2026-09-05 10:51:59.007,21,,,,False,False,FP3,50.9,31.5,40.2
0 days 00:55:28.810000,ALO,14,,9.0,2.0,0 days 00:53:47.172000,,,0 days 00:00:35.469000,0 days 00:00:31.070000,,0 days 00:54:57.940000,0 days 00:55:29.036000,268.0,263.0,286.0,154.0,False,SOFT,1.0,True,Aston Martin,0 days 00:36:58.831000,2026-09-05 10:54:00.864,12,,,,False,False,FP3,50.9,31.5,40.2
0 days 00:57:29.152000,ALO,14,0 days 00:02:00.342000,10.0,2.0,,,0 days 00:00:37.744000,0 days 00:00:48.220000,0 days 00:00:34.378000,0 days 00:56:06.554000,0 days 00:56:54.774000,0 days 00:57:29.152000,139.0,233.0,284.0,313.0,False,SOFT,2.0,True,Aston Martin,0 days 00:55:28.810000,2026-09-05 11:12:30.843,1,,,,False,True,FP3,50.9,31.5,40.2
0 days 00:58:54.368000,ALO,14,0 days 00:01:25.216000,11.0,2.0,,,0 days 00:00:27.907000,0 days 00:00:28.922000,0 days 00:00:28.387000,0 days 00:57:57.059000,0 days 00:58:25.981000,0 days 00:58:54.368000,286.0,301.0,272.0,311.0,True,SOFT,3.0,True,Aston Martin,0 days 00:57:29.152000,2026-09-05 11:14:31.185,1,,,,False,True,FP3,50.9,31.5,40.2
0 days 01:00:53.149000,ALO,14,0 days 00:01:58.781000,12.0,2.0,,,0 days 00:00:42.258000,0 days 00:00:36.769000,0 days 00:00:39.754000,0 days 00:59:36.626000,0 days 01:00:13.395000,0 days 01:00:53.149000,255.0,207.0,165.0,122.0,False,SOFT,4.0,True,Aston Martin,0 days 00:58:54.368000,2026-09-05 11:15:56.401,1,,,,False,True,FP3,50.9,31.5,40.2
0 days 01:02:56.603000,ALO,14,0 days 00:02:03.454000,13.0,2.0,,,0 days 00:00:51.602000,0 days 00:00:40.178000,0 days 00:00:31.674000,0 days 01:01:44.751000,0 days 01:02:24.929000,0 days 01:02:56.603000,172.0,262.0,286.0,118.0,False,SOFT,5.0,True,Aston Martin,0 days 01:00:53.149000,2026-09-05 11:17:55.182,1,,,,False,True,FP3,50.0,31.5,40.8
0 days 01:04:51.051000,ALO,14,0 days 00:01:54.448000,14.0,2.0,,,0 days 00:00:28.817000,0 days 00:00:41.884000,0 days 00:00:43.747000,0 days 01:03:25.420000,0 days 01:04:07.304000,0 days 01:04:51.051000,265.0,83.0,286.0,315.0,False,SOFT,6.0,True,Aston Martin,0 days 01:02:56.603000,2026-09-05 11:19:58.636,12,,,,False,True,FP3,50.0,31.5,40.8
0 days 01:06:47.836000,ALO,14,0 days 00:01:56.785000,15.0,2.0,,,0 days 00:00:37.809000,0 days 00:00:45.589000,0 days 00:00:33.387000,0 days 01:05:28.860000,0 days 01:06:14.449000,0 days 01:06:47.836000,238.0,161.0,287.0,314.0,False,SOFT,7.0,True,Aston Martin,0 days 01:04:51.051000,2026-09-05 11:21:53.084,1,,,,False,True,FP3,50.0,31.5,40.8
0 days 01:08:12.755000,ALO,14,0 days 00:01:24.919000,16.0,2.0,,,0 days 00:00:27.833000,0 days 00:00:28.649000,0 days 00:00:28.437000,0 days 01:07:15.669000,0 days 01:07:44.318000,0 days 01:08:12.755000,288.0,300.0,273.0,314.0,True,SOFT,8.0,True,Aston Martin,0 days 01:06:47.836000,2026-09-05 11:23:49.869,1,,,,False,True,FP3,50.0,31.5,40.8
0 days 01:10:05.280000,ALO,14,0 days 00:01:52.525000,17.0,2.0,,0 days 01:10:01.628000,0 days 00:00:32.470000,0 days 00:00:36.819000,0 days 00:00:43.236000,0 days 01:08:45.225000,0 days 01:09:22.044000,0 days 01:10:05.280000,246.0,222.0,,244.0,False,SOFT,9.0,True,Aston Martin,0 days 01:08:12.755000,2026-09-05 11:25:14.788,1,,,,False,False,FP3,50.0,31.5,40.8
0 days 01:14:07.735000,ALO,14,,18.0,3.0,0 days 01:12:02.204000,,,0 days 00:00:34.358000,0 days 00:00:31.566000,,0 days 01:13:36.350000,0 days 01:14:07.831000,262.0,264.0,262.0,173.0,False,SOFT,10.0,False,Aston Martin,0 days 01:10:05.280000,2026-09-05 11:27:07.313,1,,,,False,False,FP3,50.0,31.5,40.8
0 days 01:16:05.915000,ALO,14,0 days 00:01:58.180000,19.0,3.0,,,0 days 00:00:35.512000,0 days 00:00:35.772000,0 days 00:00:46.896000,0 days 01:14:43.247000,0 days 01:15:19.019000,0 days 01:16:05.915000,213.0,232.0,56.0,189.0,False,SOFT,11.0,False,Aston Martin,0 days 01:14:07.735000,2026-09-05 11:31:09.768,1,,,,False,True,FP3,50.0,31.5,40.8
0 days 01:18:35.709000,ALO,14,0 days 00:02:29.794000,20.0,3.0,,0 days 01:18:31.966000,0 days 00:01:18.948000,0 days 00:00:30.931000,0 days 00:00:39.915000,0 days 01:17:24.863000,0 days 01:17:55.794000,0 days 01:18:35.709000,278.0,262.0,,281.0,False,SOFT,12.0,False,Aston Martin,0 days 01:16:05.915000,2026-09-05 11:33:07.948,1,,,,False,False,FP3,51.3,31.4,40.8
0 days 00:30:03.533000,LEC,16,,1.0,1.0,0 days 00:28:19.153000,,,0 days 00:00:33.230000,0 days 00:00:36.664000,,0 days 00:29:27.132000,0 days 00:30:03.772000,276.0,290.0,292.0,208.0,False,SOFT,1.0,True,Ferrari,0 days 00:28:19.153000,2026-09-05 10:45:21.186,1,,,,False,False,FP3,51.3,31.4,40.8
0 days 00:31:26.783000,LEC,16,0 days 00:01:23.250000,2.0,1.0,,,0 days 00:00:27.265000,0 days 00:00:28.328000,0 days 00:00:27.657000,0 days 00:30:30.798000,0 days 00:30:59.126000,0 days 00:31:26.783000,297.0,316.0,283.0,328.0,True,SOFT,2.0,True,Ferrari,0 days 00:30:03.533000,2026-09-05 10:47:05.566,1,,,,False,True,FP3,51.3,31.4,40.8
0 days 00:33:41.213000,LEC,16,0 days 00:02:14.430000,3.0,1.0,,0 days 00:33:37.519000,0 days 00:00:42.560000,0 days 00:00:44.234000,0 days 00:00:47.636000,0 days 00:32:09.343000,0 days 00:32:53.577000,0 days 00:33:41.213000,169.0,205.0,,168.0,False,SOFT,3.0,True,Ferrari,0 days 00:31:26.783000,2026-09-05 10:48:28.816,1,,,,False,False,FP3,51.3,31.4,40.8
0 days 00:36:28.278000,LEC,16,,4.0,2.0,0 days 00:34:02.279000,,0 days 00:01:32.219000,0 days 00:00:41.615000,0 days 00:00:33.085000,0 days 00:35:13.778000,0 days 00:35:55.336000,0 days 00:36:28.322000,206.0,262.0,291.0,162.0,False,SOFT,4.0,False,Ferrari,0 days 00:33:41.213000,2026-09-05 10:50:43.246,12,,,,False,False,FP3,50.5,31.5,41.7
0 days 00:38:07.549000,LEC,16,0 days 00:01:39.271000,5.0,2.0,,,0 days 00:00:35.020000,0 days 00:00:33.302000,0 days 00:00:30.949000,0 days 00:37:03.298000,0 days 00:37:36.600000,0 days 00:38:07.549000,166.0,289.0,292.0,322.0,True,SOFT,5.0,False,Ferrari,0 days 00:36:28.278000,2026-09-05 10:53:30.311,1,,,,False,True,FP3,50.5,31.5,41.7
0 days 00:39:30.820000,LEC,16,0 days 00:01:23.271000,6.0,2.0,,,0 days 00:00:27.530000,0 days 00:00:28.131000,0 days 00:00:27.610000,0 days 00:38:35.079000,0 days 00:39:03.210000,0 days 00:39:30.820000,294.0,309.0,279.0,320.0,True,SOFT,6.0,False,Ferrari,0 days 00:38:07.549000,2026-09-05 10:55:09.582,1,,,,False,True,FP3,50.5,31.5,41.7
0 days 00:41:30.680000,LEC,16,0 days 00:01:59.860000,7.0,2.0,,0 days 00:41:26.819000,0 days 00:00:39.374000,0 days 00:00:41.941000,0 days 00:00:38.545000,0 days 00:40:10.194000,0 days 00:40:52.135000,0 days 00:41:30.680000,186.0,288.0,,234.0,False,SOFT,7.0,False,Ferrari,0 days 00:39:30.820000,2026-09-05 10:56:32.853,1,,,,False,False,FP3,50.5,31.5,41.7
0 days 00:47:52.874000,LEC,16,,8.0,3.0,0 days 00:46:06.014000,,,0 days 00:00:31.829000,0 days 00:00:30.328000,,0 days 00:47:22.888000,0 days 00:47:53.014000,266.0,291.0,290.0,190.0,False,SOFT,8.0,False,Ferrari,0 days 00:41:30.680000,2026-09-05 10:58:32.713,12,,,,False,False,FP3,50.5,31.5,41.7
0 days 00:49:15.939000,LEC,16,0 days 00:01:23.065000,9.0,3.0,,,0 days 00:00:27.439000,0 days 00:00:28.110000,0 days 00:00:27.516000,0 days 00:48:20.313000,0 days 00:48:48.423000,0 days 00:49:15.939000,294.0,309.0,280.0,319.0,True,SOFT,9.0,False,Ferrari,0 days 00:47:52.874000,2026-09-05 11:04:54.907,1,,,,False,True,FP3,50.5,31.5,41.7
0 days 00:51:03.580000,LEC,16,0 days 00:01:47.641000,10.0,3.0,,,0 days 00:00:36.226000,0 days 00:00:34.621000,0 days 00:00:36.794000,0 days 00:49:52.165000,0 days 00:50:26.786000,0 days 00:51:03.580000,230.0,192.0,293.0,200.0,False,SOFT,10.0,False,Ferrari,0 days 00:49:15.939000,2026-09-05 11:06:17.972,1,,,,False,True,FP3,50.5,31.5,41.7
0 days 00:52:26.493000,LEC,16,0 days 00:01:22.913000,11.0,3.0,,,0 days 00:00:27.215000,0 days 00:00:28.169000,0 days 00:00:27.529000,0 days 00:51:30.795000,0 days 00:51:58.964000,0 days 00:52:26.493000,295.0,312.0,281.0,323.0,True,SOFT,11.0,False,Ferrari,0 days 00:51:03.580000,2026-09-05 11:08:05.613,1,,,,False,True,FP3,50.5,31.5,41.7
0 days 00:54:19.134000,LEC,16,0 days 00:01:52.641000,12.0,3.0,,0 days 00:54:15.485000,0 days 00:00:34.081000,0 days 00:00:36.317000,0 days 00:00:42.243000,0 days 00:53:00.574000,0 days 00:53:36.891000,0 days 00:54:19.134000,232.0,249.0,,240.0,False,SOFT,12.0,False,Ferrari,0 days 00:52:26.493000,2026-09-05 11:09:28.526,1,,,,False,False,FP3,50.5,31.5,41.7
0 days 01:03:05.519000,LEC,16,,13.0,4.0,0 days 01:01:21.599000,,,0 days 00:00:32.985000,0 days 00:00:32.255000,,0 days 01:02:33.475000,0 days 01:03:05.540000,269.0,290.0,293.0,182.0,False,SOFT,1.0,True,Ferrari,0 days 00:54:19.134000,2026-09-05 11:11:21.167,1,,,,False,False,FP3,50.9,31.5,41.3
0 days 01:04:28.227000,LEC,16,0 days 00:01:22.708000,14.0,4.0,,,0 days 00:00:27.307000,0 days 00:00:28.016000,0 days 00:00:27.385000,0 days 01:03:32.826000,0 days 01:04:00.842000,0 days 01:04:28.227000,297.0,313.0,281.0,325.0,True,SOFT,2.0,True,Ferrari,0 days 01:03:05.519000,2026-09-05 11:20:07.552,1,,,,False,True,FP3,50.9,31.5,41.3
0 days 01:06:44.132000,LEC,16,0 days 00:02:15.905000,15.0,4.0,,0 days 01:06:40.334000,0 days 00:00:43.139000,0 days 00:00:46.033000,0 days 00:00:46.733000,0 days 01:05:11.366000,0 days 01:05:57.399000,0 days 01:06:44.132000,175.0,217.0,,141.0,False,SOFT,3.0,True,Ferrari,0 days 01:04:28.227000,2026-09-05 11:21:30.260,12,,,,False,False,FP3,50.9,31.5,41.3
0 days 01:09:07.407000,LEC,16,0 days 00:02:23.275000,16.0,5.0,0 days 01:07:27.985000,,0 days 00:01:16.331000,0 days 00:00:34.284000,0 days 00:00:32.660000,0 days 01:08:00.463000,0 days 01:08:34.747000,0 days 01:09:07.407000,288.0,246.0,291.0,211.0,False,SOFT,4.0,False,Ferrari,0 days 01:06:44.132000,2026-09-05 11:23:46.165,1,,,,False,False,FP3,50.9,31.5,41.3
0 days 01:10:53.984000,LEC,16,0 days 00:01:46.577000,17.0,5.0,,,0 days 00:00:30.166000,0 days 00:00:35.432000,0 days 00:00:40.979000,0 days 01:09:37.573000,0 days 01:10:13.005000,0 days 01:10:53.984000,239.0,243.0,181.0,322.0,False,SOFT,5.0,False,Ferrari,0 days 01:09:07.407000,2026-09-05 11:26:09.440,1,,,,False,True,FP3,50.9,31.5,41.3
0 days 01:12:39.352000,LEC,16,0 days 00:01:45.368000,18.0,5.0,,,0 days 00:00:40.908000,0 days 00:00:32.417000,0 days 00:00:32.043000,0 days 01:11:34.892000,0 days 01:12:07.309000,0 days 01:12:39.352000,246.0,287.0,293.0,192.0,False,SOFT,6.0,False,Ferrari,0 days 01:10:53.984000,2026-09-05 11:27:56.017,1,,,,False,True,FP3,50.9,31.5,41.3
0 days 01:14:02.324000,LEC,16,0 days 00:01:22.972000,19.0,5.0,,,0 days 00:00:27.240000,0 days 00:00:28.242000,0 days 00:00:27.490000,0 days 01:13:06.592000,0 days 01:13:34.834000,0 days 01:14:02.324000,300.0,311.0,280.0,324.0,False,SOFT,7.0,False,Ferrari,0 days 01:12:39.352000,2026-09-05 11:29:41.385,1,,,,False,True,FP3,52.3,31.5,41.4
0 days 01:16:21.534000,LEC,16,0 days 00:02:19.210000,20.0,5.0,,,0 days 00:00:42.632000,0 days 00:00:43.341000,0 days 00:00:53.237000,0 days 01:14:44.956000,0 days 01:15:28.297000,0 days 01:16:21.534000,171.0,204.0,50.0,145.0,False,SOFT,8.0,False,Ferrari,0 days 01:14:02.324000,2026-09-05 11:31:04.357,1,,,,False,True,FP3,52.3,31.5,41.4
0 days 01:18:59.341000,LEC,16,,21.0,5.0,,0 days 01:18:55.439000,0 days 00:01:19.833000,0 days 00:00:36.154000,0 days 00:00:41.748000,0 days 01:17:41.532000,0 days 01:18:17.708000,0 days 01:18:59.341000,301.0,196.0,,302.0,False,SOFT,9.0,False,Ferrari,0 days 01:16:21.534000,2026-09-05 11:33:23.567,1,,,,False,False,FP3,52.3,31.5,41.4
0 days 00:24:59.908000,STR,18,,1.0,1.0,0 days 00:23:16.119000,,,0 days 00:00:34.529000,0 days 00:00:33.070000,,0 days 00:24:26.946000,0 days 00:25:00.034000,250.0,255.0,277.0,179.0,False,SOFT,1.0,True,Aston Martin,0 days 00:23:16.119000,2026-09-05 10:40:18.152,1,,,,False,False,FP3,52.3,31.5,41.4
0 days 00:26:27.218000,STR,18,0 days 00:01:27.310000,2.0,1.0,,,0 days 00:00:28.532000,0 days 00:00:29.722000,0 days 00:00:29.056000,0 days 00:25:28.440000,0 days 00:25:58.162000,0 days 00:26:27.218000,283.0,295.0,271.0,305.0,True,SOFT,2.0,True,Aston Martin,0 days 00:24:59.908000,2026-09-05 10:42:01.941,1,,,,False,True,FP3,52.3,31.5,41.4
0 days 00:28:57.214000,STR,18,0 days 00:02:29.996000,3.0,1.0,,0 days 00:28:53.317000,0 days 00:00:44.901000,0 days 00:00:54.012000,0 days 00:00:51.083000,0 days 00:27:12.119000,0 days 00:28:06.131000,0 days 00:28:57.214000,126.0,165.0,,163.0,False,SOFT,3.0,True,Aston Martin,0 days 00:26:27.218000,2026-09-05 10:43:29.251,1,,,,False,False,FP3,52.3,31.5,41.4
0 days 00:31:33.545000,STR,18,,4.0,2.0,0 days 00:29:12.136000,,0 days 00:00:59.248000,0 days 00:00:51.476000,0 days 00:00:45.634000,0 days 00:29:56.688000,0 days 00:30:48.117000,0 days 00:31:33.678000,185.0,181.0,271.0,157.0,False,SOFT,4.0,False,Aston Martin,0 days 00:28:57.214000,2026-09-05 10:45:59.247,1,,,,False,False,FP3,52.3,31.5,41.4
0 days 00:33:01.116000,STR,18,0 days 00:01:27.571000,5.0,2.0,,,0 days 00:00:29.003000,0 days 00:00:29.476000,0 days 00:00:29.092000,0 days 00:32:02.548000,0 days 00:32:32.024000,0 days 00:33:01.116000,283.0,296.0,270.0,297.0,False,SOFT,5.0,False,Aston Martin,0 days 00:31:33.545000,2026-09-05 10:48:35.578,1,,,,False,True,FP3,52.3,31.5,41.4
0 days 00:35:18.143000,STR,18,0 days 00:02:17.027000,6.0,2.0,,,0 days 00:00:45.652000,0 days 00:00:50.675000,0 days 00:00:40.700000,0 days 00:33:46.768000,0 days 00:34:37.443000,0 days 00:35:18.143000,162.0,201.0,188.0,159.0,False,SOFT,6.0,False,Aston Martin,0 days 00:33:01.116000,2026-09-05 10:50:03.149,12,,,,False,True,FP3,52.3,31.5,41.4
0 days 00:37:20.261000,STR,18,0 days 00:02:02.118000,7.0,2.0,,,0 days 00:00:43.063000,0 days 00:00:40.286000,0 days 00:00:38.769000,0 days 00:36:01.206000,0 days 00:36:41.492000,0 days 00:37:20.261000,199.0,199.0,276.0,183.0,False,SOFT,7.0,False,Aston Martin,0 days 00:35:18.143000,2026-09-05 10:52:20.176,1,,,,False,True,FP3,52.3,31.5,41.4
0 days 00:38:46.767000,STR,18,0 days 00:01:26.506000,8.0,2.0,,,0 days 00:00:28.346000,0 days 00:00:29.242000,0 days 00:00:28.918000,0 days 00:37:48.607000,0 days 00:38:17.849000,0 days 00:38:46.767000,282.0,296.0,269.0,303.0,True,SOFT,8.0,False,Aston Martin,0 days 00:37:20.261000,2026-09-05 10:54:22.294,1,,,,False,True,FP3,52.3,31.5,41.4
0 days 00:41:15.746000,STR,18,0 days 00:02:28.979000,9.0,2.0,,0 days 00:41:11.963000,0 days 00:00:40.218000,0 days 00:00:57.091000,0 days 00:00:51.670000,0 days 00:39:26.985000,0 days 00:40:24.076000,0 days 00:41:15.746000,174.0,152.0,,192.0,False,SOFT,9.0,False,Aston Martin,0 days 00:38:46.767000,2026-09-05 10:55:48.800,1,,,,False,False,FP3,52.3,31.5,41.4
0 days 00:44:15.909000,STR,18,,10.0,3.0,0 days 00:42:00.636000,0 days 00:44:11.984000,0 days 00:01:24.225000,0 days 00:00:44.378000,0 days 00:00:51.498000,0 days 00:42:40.224000,0 days 00:43:24.538000,0 days 00:44:15.909000,250.0,68.0,,163.0,False,SOFT,10.0,False,Aston Martin,0 days 00:41:15.746000,2026-09-05 10:58:17.779,1,,,,False,False,FP3,52.3,31.5,42.1
0 days 00:55:30.759000,STR,18,,11.0,4.0,0 days 00:53:53.078000,,,0 days 00:00:34.825000,0 days 00:00:31.712000,,0 days 00:54:59.319000,0 days 00:55:30.879000,266.0,276.0,283.0,216.0,False,SOFT,1.0,True,Aston Martin,0 days 00:44:15.909000,2026-09-05 11:01:17.942,12,,,,False,False,FP3,52.3,31.5,42.1
0 days 00:57:30.622000,STR,18,0 days 00:01:59.863000,12.0,4.0,,,0 days 00:00:38.736000,0 days 00:00:46.410000,0 days 00:00:34.717000,0 days 00:56:09.495000,0 days 00:56:55.905000,0 days 00:57:30.622000,162.0,239.0,282.0,313.0,False,SOFT,2.0,True,Aston Martin,0 days 00:55:30.759000,2026-09-05 11:12:32.792,1,,,,False,True,FP3,52.3,31.5,42.1
0 days 00:58:56.302000,STR,18,0 days 00:01:25.680000,13.0,4.0,,,0 days 00:00:28.177000,0 days 00:00:28.991000,0 days 00:00:28.512000,0 days 00:57:58.799000,0 days 00:58:27.790000,0 days 00:58:56.302000,288.0,305.0,272.0,313.0,True,SOFT,3.0,True,Aston Martin,0 days 00:57:30.622000,2026-09-05 11:14:32.655,1,,,,False,True,FP3,52.3,31.5,42.1
0 days 01:01:04.274000,STR,18,0 days 00:02:07.972000,14.0,4.0,,0 days 01:01:00.555000,0 days 00:00:45.178000,0 days 00:00:40.098000,0 days 00:00:42.696000,0 days 00:59:41.480000,0 days 01:00:21.578000,0 days 01:01:04.274000,184.0,253.0,,124.0,False,SOFT,4.0,True,Aston Martin,0 days 00:58:56.302000,2026-09-05 11:15:58.335,1,,,,False,False,FP3,52.3,31.5,42.1
0 days 01:03:19.028000,STR,18,0 days 00:02:14.754000,15.0,5.0,0 days 01:01:38.984000,,0 days 00:01:08.604000,0 days 00:00:33.606000,0 days 00:00:32.544000,0 days 01:02:12.878000,0 days 01:02:46.484000,0 days 01:03:19.028000,259.0,272.0,281.0,201.0,False,SOFT,5.0,False,Aston Martin,0 days 01:01:04.274000,2026-09-05 11:18:06.307,1,,,,False,False,FP3,52.3,31.5,42.1
0 days 01:04:44.793000,STR,18,0 days 00:01:25.765000,16.0,5.0,,,0 days 00:00:28.177000,0 days 00:00:28.961000,0 days 00:00:28.627000,0 days 01:03:47.205000,0 days 01:04:16.166000,0 days 01:04:44.793000,287.0,302.0,271.0,312.0,False,SOFT,6.0,False,Aston Martin,0 days 01:03:19.028000,2026-09-05 11:20:21.061,12,,,,False,True,FP3,52.3,31.5,42.1
0 days 01:06:56.602000,STR,18,0 days 00:02:11.809000,17.0,5.0,,,0 days 00:00:45.609000,0 days 00:00:45.523000,0 days 00:00:40.677000,0 days 01:05:30.402000,0 days 01:06:15.925000,0 days 01:06:56.602000,227.0,205.0,202.0,136.0,False,SOFT,7.0,False,Aston Martin,0 days 01:04:44.793000,2026-09-05 11:21:46.826,1,,,,False,True,FP3,51.8,31.3,41.8
0 days 01:08:59.174000,STR,18,0 days 00:02:02.572000,18.0,5.0,,,0 days 00:00:46.917000,0 days 00:00:42.967000,0 days 00:00:32.688000,0 days 01:07:43.519000,0 days 01:08:26.486000,0 days 01:08:59.174000,213.0,227.0,283.0,141.0,False,SOFT,8.0,False,Aston Martin,0 days 01:06:56.602000,2026-09-05 11:23:58.635,1,,,,False,True,FP3,51.8,31.3,41.8
0 days 01:10:24.729000,STR,18,0 days 00:01:25.555000,19.0,5.0,,,0 days 00:00:27.978000,0 days 00:00:28.945000,0 days 00:00:28.632000,0 days 01:09:27.152000,0 days 01:09:56.097000,0 days 01:10:24.729000,289.0,297.0,271.0,313.0,True,SOFT,9.0,False,Aston Martin,0 days 01:08:59.174000,2026-09-05 11:26:01.207,1,,,,False,True,FP3,51.8,31.3,41.8
0 days 01:12:22.489000,STR,18,0 days 00:01:57.760000,20.0,5.0,,0 days 01:12:18.612000,0 days 00:00:39.599000,0 days 00:00:39.331000,0 days 00:00:38.830000,0 days 01:11:04.328000,0 days 01:11:43.659000,0 days 01:12:22.489000,177.0,269.0,,152.0,False,SOFT,10.0,False,Aston Martin,0 days 01:10:24.729000,2026-09-05 11:27:26.762,1,,,,False,False,FP3,51.8,31.3,41.8
0 days 00:29:49.172000,TSU,22,,1.0,1.0,0 days 00:28:08.141000,,,0 days 00:00:33.373000,0 days 00:00:32.212000,,0 days 00:29:17.207000,0 days 00:29:49.313000,266.0,290.0,290.0,194.0,False,SOFT,1.0,True,Racing Bulls,0 days 00:28:08.141000,2026-09-05 10:45:10.174,1,,,,False,False,FP3,51.8,31.3,41.8
0 days 00:31:13.482000,TSU,22,0 days 00:01:24.310000,2.0,1.0,,,0 days 00:00:27.804000,0 days 00:00:28.690000,0 days 00:00:27.816000,0 days 00:30:16.976000,0 days 00:30:45.666000,0 days 00:31:13.482000,295.0,309.0,286.0,318.0,True,SOFT,2.0,True,Racing Bulls,0 days 00:29:49.172000,2026-09-05 10:46:51.205,1,,,,False,True,FP3,51.8,31.3,41.8
0 days 00:33:23.829000,TSU,22,0 days 00:02:10.347000,3.0,1.0,,0 days 00:33:20.126000,0 days 00:00:41.281000,0 days 00:00:45.788000,0 days 00:00:43.278000,0 days 00:31:54.763000,0 days 00:32:40.551000,0 days 00:33:23.829000,227.0,206.0,,178.0,False,SOFT,3.0,True,Racing Bulls,0 days 00:31:13.482000,2026-09-05 10:48:15.515,1,,,,False,False,FP3,51.8,31.3,41.8
0 days 00:44:46.280000,TSU,22,,4.0,2.0,0 days 00:43:01.597000,,,0 days 00:00:36.078000,0 days 00:00:31.292000,,0 days 00:44:15.222000,0 days 00:44:46.546000,213.0,283.0,288.0,186.0,False,SOFT,4.0,False,Racing Bulls,0 days 00:33:23.829000,2026-09-05 10:50:25.862,12,,,,False,False,FP3,51.8,31.3,41.8
0 days 00:46:10.097000,TSU,22,0 days 00:01:23.817000,5.0,2.0,,,0 days 00:00:27.672000,0 days 00:00:28.333000,0 days 00:00:27.812000,0 days 00:45:13.952000,0 days 00:45:42.285000,0 days 00:46:10.097000,294.0,307.0,283.0,315.0,True,SOFT,5.0,False,Racing Bulls,0 days 00:44:46.280000,2026-09-05 11:01:48.313,12,,,,False,True,FP3,51.8,31.3,41.8
0 days 00:48:05.025000,TSU,22,0 days 00:01:54.928000,6.0,2.0,,,0 days 00:00:44.554000,0 days 00:00:39.842000,0 days 00:00:30.532000,0 days 00:46:54.651000,0 days 00:47:34.493000,0 days 00:48:05.025000,155.0,286.0,323.0,134.0,False,SOFT,6.0,False,Racing Bulls,0 days 00:46:10.097000,2026-09-05 11:03:12.130,1,,,,False,True,FP3,51.8,31.3,41.8
0 days 00:49:30.143000,TSU,22,0 days 00:01:25.118000,7.0,2.0,,,0 days 00:00:27.921000,0 days 00:00:29.218000,0 days 00:00:27.979000,0 days 00:48:32.946000,0 days 00:49:02.164000,0 days 00:49:30.143000,289.0,308.0,304.0,323.0,False,SOFT,7.0,False,Racing Bulls,0 days 00:48:05.025000,2026-09-05 11:05:07.058,1,,,,False,True,FP3,51.8,31.3,41.8
0 days 00:50:55.578000,TSU,22,0 days 00:01:25.435000,8.0,2.0,,,0 days 00:00:28.401000,0 days 00:00:29.027000,0 days 00:00:28.007000,0 days 00:49:58.544000,0 days 00:50:27.571000,0 days 00:50:55.578000,292.0,310.0,318.0,311.0,False,SOFT,8.0,False,Racing Bulls,0 days 00:49:30.143000,2026-09-05 11:06:32.176,1,,,,False,True,FP3,52.2,31.4,41.6
0 days 00:52:26.092000,TSU,22,0 days 00:01:30.514000,9.0,2.0,,0 days 00:52:22.392000,0 days 00:00:28.197000,0 days 00:00:29.315000,0 days 00:00:33.002000,0 days 00:51:23.775000,0 days 00:51:53.090000,0 days 00:52:26.092000,296.0,317.0,,317.0,False,SOFT,9.0,False,Racing Bulls,0 days 00:50:55.578000,2026-09-05 11:07:57.611,1,,,,False,False,FP3,52.2,31.4,41.6
0 days 01:00:53.129000,TSU,22,,10.0,3.0,0 days 00:59:06.088000,,,0 days 00:00:34.830000,0 days 00:00:37.852000,,0 days 01:00:15.460000,0 days 01:00:53.129000,247.0,270.0,290.0,191.0,False,SOFT,1.0,True,Racing Bulls,0 days 00:52:26.092000,2026-09-05 11:09:28.125,1,,,,False,False,FP3,52.2,31.4,41.6
0 days 01:02:41.322000,TSU,22,0 days 00:01:48.193000,11.0,3.0,,0 days 01:02:37.397000,0 days 00:00:27.644000,0 days 00:00:37.495000,0 days 00:00:43.054000,0 days 01:01:20.773000,0 days 01:01:58.268000,0 days 01:02:41.322000,297.0,222.0,,317.0,False,SOFT,2.0,True,Racing Bulls,0 days 01:00:53.129000,2026-09-05 11:17:55.162,1,,,,False,False,FP3,52.2,31.4,41.6
0 days 01:06:55.834000,TSU,22,,12.0,4.0,0 days 01:05:00.729000,,,0 days 00:00:40.125000,0 days 00:00:37.754000,,0 days 01:06:18.196000,0 days 01:06:55.896000,207.0,153.0,287.0,178.0,False,SOFT,3.0,False,Racing Bulls,0 days 01:02:41.322000,2026-09-05 11:19:43.355,12,,,,False,False,FP3,52.2,31.4,41.6
0 days 01:08:57.834000,TSU,22,0 days 00:02:02,13.0,4.0,,,0 days 00:00:40.296000,0 days 00:00:49.618000,0 days 00:00:32.086000,0 days 01:07:36.130000,0 days 01:08:25.748000,0 days 01:08:57.834000,138.0,254.0,287.0,296.0,False,SOFT,4.0,False,Racing Bulls,0 days 01:06:55.834000,2026-09-05 11:23:57.867,1,,,,False,True,FP3,51.8,31.4,40.9
0 days 01:10:37.780000,TSU,22,0 days 00:01:39.946000,14.0,4.0,,,0 days 00:00:27.890000,0 days 00:00:38.364000,0 days 00:00:33.692000,0 days 01:09:25.724000,0 days 01:10:04.088000,0 days 01:10:37.780000,295.0,217.0,289.0,316.0,False,SOFT,5.0,False,Racing Bulls,0 days 01:08:57.834000,2026-09-05 11:25:59.867,1,,,,False,True,FP3,51.8,31.4,40.9
0 days 01:12:01.793000,TSU,22,0 days 00:01:24.013000,15.0,4.0,,,0 days 00:00:27.676000,0 days 00:00:28.411000,0 days 00:00:27.926000,0 days 01:11:05.456000,0 days 01:11:33.867000,0 days 01:12:01.793000,297.0,303.0,283.0,314.0,False,SOFT,6.0,False,Racing Bulls,0 days 01:10:37.780000,2026-09-05 11:27:39.813,1,,,,False,True,FP3,51.8,31.4,40.9
0 days 01:14:20.168000,TSU,22,0 days 00:02:18.375000,16.0,4.0,,0 days 01:14:16.369000,0 days 00:00:42.199000,0 days 00:00:53.077000,0 days 00:00:43.099000,0 days 01:12:43.992000,0 days 01:13:37.069000,0 days 01:14:20.168000,142.0,194.0,,147.0,False,SOFT,7.0,False,Racing Bulls,0 days 01:12:01.793000,2026-09-05 11:29:03.826,1,,,,False,False,FP3,51.8,31.4,40.9
0 days 00:24:27.026000,ALB,23,,1.0,1.0,0 days 00:22:46.323000,,,0 days 00:00:33.116000,0 days 00:00:31.914000,,0 days 00:23:55.286000,0 days 00:24:27.242000,246.0,255.0,296.0,216.0,False,SOFT,1.0,True,Williams,0 days 00:22:46.323000,2026-09-05 10:39:48.356,1,,,,False,False,FP3,51.8,31.4,40.9
0 days 00:26:15.833000,ALB,23,0 days 00:01:48.807000,2.0,1.0,,,0 days 00:00:27.746000,0 days 00:00:46.059000,0 days 00:00:35.002000,0 days 00:24:54.772000,0 days 00:25:40.831000,0 days 00:26:15.833000,299.0,204.0,292.0,320.0,True,SOFT,2.0,True,Williams,0 days 00:24:27.026000,2026-09-05 10:41:29.059,1,,,,False,True,FP3,51.8,31.4,40.9
0 days 00:27:40.755000,ALB,23,0 days 00:01:24.922000,3.0,1.0,,,0 days 00:00:27.705000,0 days 00:00:28.772000,0 days 00:00:28.445000,0 days 00:26:43.538000,0 days 00:27:12.310000,0 days 00:27:40.755000,292.0,314.0,284.0,317.0,True,SOFT,3.0,True,Williams,0 days 00:26:15.833000,2026-09-05 10:43:17.866,1,,,,False,True,FP3,51.8,31.4,40.9
0 days 00:29:53.944000,ALB,23,0 days 00:02:13.189000,4.0,1.0,,,0 days 00:00:44.100000,0 days 00:00:47.721000,0 days 00:00:41.368000,0 days 00:28:24.855000,0 days 00:29:12.576000,0 days 00:29:53.944000,156.0,179.0,260.0,232.0,False,SOFT,4.0,True,Williams,0 days 00:27:40.755000,2026-09-05 10:44:42.788,1,,,,False,True,FP3,51.8,31.4,40.9
0 days 00:31:40.876000,ALB,23,0 days 00:01:46.932000,5.0,1.0,,,0 days 00:00:34.859000,0 days 00:00:40.094000,0 days 00:00:31.979000,0 days 00:30:28.803000,0 days 00:31:08.897000,0 days 00:31:40.876000,210.0,310.0,300.0,240.0,False,SOFT,5.0,True,Williams,0 days 00:29:53.944000,2026-09-05 10:46:55.977,1,,,,False,True,FP3,51.8,31.4,40.9
0 days 00:33:05.313000,ALB,23,0 days 00:01:24.437000,6.0,1.0,,,0 days 00:00:27.350000,0 days 00:00:28.697000,0 days 00:00:28.390000,0 days 00:32:08.226000,0 days 00:32:36.923000,0 days 00:33:05.313000,301.0,317.0,285.0,324.0,True,SOFT,6.0,True,Williams,0 days 00:31:40.876000,2026-09-05 10:48:42.909,1,,,,False,True,FP3,51.8,31.4,40.9
0 days 00:34:59.122000,ALB,23,0 days 00:01:53.809000,7.0,1.0,,0 days 00:34:55.427000,0 days 00:00:36.746000,0 days 00:00:38.056000,0 days 00:00:39.007000,0 days 00:33:42.059000,0 days 00:34:20.115000,0 days 00:34:59.122000,208.0,263.0,,249.0,False,SOFT,7.0,True,Williams,0 days 00:33:05.313000,2026-09-05 10:50:07.346,12,,,,False,False,FP3,51.8,31.4,40.9
0 days 00:41:13.787000,ALB,23,,8.0,2.0,0 days 00:39:28.371000,,,0 days 00:00:29.662000,0 days 00:00:28.472000,,0 days 00:40:45.432000,0 days 00:41:13.813000,307.0,307.0,299.0,210.0,False,SOFT,1.0,True,Williams,0 days 00:34:59.122000,2026-09-05 10:52:01.155,21,,,,False,False,FP3,51.8,31.4,40.9
0 days 00:42:39.836000,ALB,23,0 days 00:01:26.049000,9.0,2.0,,,0 days 00:00:28.095000,0 days 00:00:29.365000,0 days 00:00:28.589000,0 days 00:41:41.882000,0 days 00:42:11.247000,0 days 00:42:39.836000,297.0,308.0,286.0,297.0,False,SOFT,2.0,True,Williams,0 days 00:41:13.787000,2026-09-05 10:58:15.820,1,,,,False,True,FP3,51.8,31.4,40.9
0 days 00:44:05.723000,ALB,23,0 days 00:01:25.887000,10.0,2.0,,,0 days 00:00:28.186000,0 days 00:00:29.199000,0 days 00:00:28.502000,0 days 00:43:08.022000,0 days 00:43:37.221000,0 days 00:44:05.723000,297.0,309.0,287.0,307.0,False,SOFT,3.0,True,Williams,0 days 00:42:39.836000,2026-09-05 10:59:41.869,1,,,,False,True,FP3,51.8,31.4,40.9
0 days 00:45:31.933000,ALB,23,0 days 00:01:26.210000,11.0,2.0,,,0 days 00:00:28.360000,0 days 00:00:29.234000,0 days 00:00:28.616000,0 days 00:44:34.083000,0 days 00:45:03.317000,0 days 00:45:31.933000,296.0,310.0,294.0,305.0,False,SOFT,4.0,True,Williams,0 days 00:44:05.723000,2026-09-05 11:01:07.756,12,,,,False,True,FP3,52.1,31.5,40.5
0 days 00:46:58.981000,ALB,23,0 days 00:01:27.048000,12.0,2.0,,,0 days 00:00:28.430000,0 days 00:00:29.583000,0 days 00:00:29.035000,0 days 00:46:00.363000,0 days 00:46:29.946000,0 days 00:46:58.981000,305.0,316.0,300.0,306.0,False,SOFT,5.0,True,Williams,0 days 00:45:31.933000,2026-09-05 11:02:33.966,1,,,,False,True,FP3,52.1,31.5,40.5
0 days 00:48:24.982000,ALB,23,0 days 00:01:26.001000,13.0,2.0,,,0 days 00:00:28.083000,0 days 00:00:29.350000,0 days 00:00:28.568000,0 days 00:47:27.064000,0 days 00:47:56.414000,0 days 00:48:24.982000,301.0,317.0,288.0,319.0,False,SOFT,6.0,True,Williams,0 days 00:46:58.981000,2026-09-05 11:04:01.014,1,,,,False,True,FP3,52.1,31.5,40.5
0 days 00:49:51.627000,ALB,23,0 days 00:01:26.645000,14.0,2.0,,,0 days 00:00:28.543000,0 days 00:00:29.399000,0 days 00:00:28.703000,0 days 00:48:53.525000,0 days 00:49:22.924000,0 days 00:49:51.627000,294.0,303.0,290.0,304.0,False,SOFT,7.0,True,Williams,0 days 00:48:24.982000,2026-09-05 11:05:27.015,1,,,,False,True,FP3,52.1,31.5,40.5
0 days 00:51:17.659000,ALB,23,0 days 00:01:26.032000,15.0,2.0,,,0 days 00:00:28.299000,0 days 00:00:29.430000,0 days 00:00:28.303000,0 days 00:50:19.926000,0 days 00:50:49.356000,0 days 00:51:17.659000,294.0,306.0,307.0,304.0,False,SOFT,8.0,True,Williams,0 days 00:49:51.627000,2026-09-05 11:06:53.660,1,,,,False,True,FP3,52.1,31.5,40.5
0 days 00:52:43.666000,ALB,23,0 days 00:01:26.007000,16.0,2.0,,,0 days 00:00:28.023000,0 days 00:00:29.451000,0 days 00:00:28.533000,0 days 00:51:45.682000,0 days 00:52:15.133000,0 days 00:52:43.666000,293.0,303.0,307.0,309.0,False,SOFT,9.0,True,Williams,0 days 00:51:17.659000,2026-09-05 11:08:19.692,1,,,,False,True,FP3,52.1,31.5,40.5
0 days 00:54:17.347000,ALB,23,0 days 00:01:33.681000,17.0,2.0,,0 days 00:54:13.547000,0 days 00:00:28.144000,0 days 00:00:30.130000,0 days 00:00:35.407000,0 days 00:53:11.810000,0 days 00:53:41.940000,0 days 00:54:17.347000,293.0,278.0,,305.0,False,SOFT,10.0,True,Williams,0 days 00:52:43.666000,2026-09-05 11:09:45.699,1,,,,False,False,FP3,52.1,31.5,40.5
0 days 01:00:26.775000,ALB,23,,18.0,3.0,0 days 00:58:46.921000,,,0 days 00:00:32.905000,0 days 00:00:31.740000,,0 days 00:59:55.259000,0 days 01:00:26.787000,251.0,256.0,297.0,158.0,False,SOFT,8.0,False,Williams,0 days 00:54:17.347000,2026-09-05 11:11:19.380,1,,,,False,False,FP3,52.1,31.5,40.5
0 days 01:01:55.084000,ALB,23,0 days 00:01:28.309000,19.0,3.0,,,0 days 00:00:27.531000,0 days 00:00:28.980000,0 days 00:00:31.798000,0 days 01:00:54.306000,0 days 01:01:23.286000,0 days 01:01:55.084000,297.0,310.0,252.0,319.0,False,SOFT,9.0,False,Williams,0 days 01:00:26.775000,2026-09-05 11:17:28.808,1,,,,False,True,FP3,52.1,31.5,40.5
0 days 01:03:44.176000,ALB,23,0 days 00:01:49.092000,20.0,3.0,,,0 days 00:00:38.140000,0 days 00:00:34.111000,0 days 00:00:36.841000,0 days 01:02:33.224000,0 days 01:03:07.335000,0 days 01:03:44.176000,257.0,266.0,321.0,167.0,False,SOFT,10.0,False,Williams,0 days 01:01:55.084000,2026-09-05 11:18:57.117,1,,,,False,True,FP3,51.9,31.4,40.5
0 days 01:05:10.048000,ALB,23,0 days 00:01:25.872000,21.0,3.0,,,0 days 00:00:27.647000,0 days 00:00:29.602000,0 days 00:00:28.623000,0 days 01:04:11.823000,0 days 01:04:41.425000,0 days 01:05:10.048000,296.0,303.0,296.0,310.0,False,SOFT,11.0,False,Williams,0 days 01:03:44.176000,2026-09-05 11:20:46.209,12,,,,False,True,FP3,51.9,31.4,40.5
0 days 01:06:36.639000,ALB,23,0 days 00:01:26.591000,22.0,3.0,,,0 days 00:00:28.306000,0 days 00:00:29.605000,0 days 00:00:28.680000,0 days 01:05:38.354000,0 days 01:06:07.959000,0 days 01:06:36.639000,296.0,301.0,310.0,298.0,False,SOFT,12.0,False,Williams,0 days 01:05:10.048000,2026-09-05 11:22:12.081,1,,,,False,True,FP3,51.9,31.4,40.5
0 days 01:08:02.497000,ALB,23,0 days 00:01:25.858000,23.0,3.0,,,0 days 00:00:28.035000,0 days 00:00:29.523000,0 days 00:00:28.300000,0 days 01:07:04.674000,0 days 01:07:34.197000,0 days 01:08:02.497000,295.0,302.0,311.0,306.0,False,SOFT,13.0,False,Williams,0 days 01:06:36.639000,2026-09-05 11:23:38.672,1,,,,False,True,FP3,51.9,31.4,40.5
0 days 01:09:27.976000,ALB,23,0 days 00:01:25.479000,24.0,3.0,,,0 days 00:00:27.940000,0 days 00:00:29.322000,0 days 00:00:28.217000,0 days 01:08:30.437000,0 days 01:08:59.759000,0 days 01:09:27.976000,294.0,305.0,313.0,306.0,False,SOFT,14.0,False,Williams,0 days 01:08:02.497000,2026-09-05 11:25:04.530,1,,,,False,True,FP3,51.9,31.4,40.5
0 days 01:10:53.689000,ALB,23,0 days 00:01:25.713000,25.0,3.0,,,0 days 00:00:27.954000,0 days 00:00:29.451000,0 days 00:00:28.308000,0 days 01:09:55.930000,0 days 01:10:25.381000,0 days 01:10:53.689000,294.0,302.0,312.0,306.0,False,SOFT,15.0,False,Williams,0 days 01:09:27.976000,2026-09-05 11:26:30.009,1,,,,False,True,FP3,51.9,31.4,40.5
0 days 01:12:19.903000,ALB,23,0 days 00:01:26.214000,26.0,3.0,,,0 days 00:00:28.053000,0 days 00:00:29.844000,0 days 00:00:28.317000,0 days 01:11:21.742000,0 days 01:11:51.586000,0 days 01:12:19.903000,294.0,302.0,310.0,303.0,False,SOFT,16.0,False,Williams,0 days 01:10:53.689000,2026-09-05 11:27:55.722,1,,,,False,True,FP3,51.9,31.4,40.5
0 days 01:13:45.789000,ALB,23,0 days 00:01:25.886000,27.0,3.0,,,0 days 00:00:28.148000,0 days 00:00:29.435000,0 days 00:00:28.303000,0 days 01:12:48.051000,0 days 01:13:17.486000,0 days 01:13:45.789000,294.0,297.0,308.0,302.0,False,SOFT,17.0,False,Williams,0 days 01:12:19.903000,2026-09-05 11:29:21.936,1,,,,False,True,FP3,51.9,31.4,40.5
0 days 01:15:40.177000,ALB,23,0 days 00:01:54.388000,28.0,3.0,,,0 days 00:00:33.296000,0 days 00:00:38.450000,0 days 00:00:42.642000,0 days 01:14:19.085000,0 days 01:14:57.535000,0 days 01:15:40.177000,232.0,231.0,105.0,309.0,False,SOFT,18.0,False,Williams,0 days 01:13:45.789000,2026-09-05 11:30:47.822,1,,,,False,True,FP3,51.9,31.4,40.5
0 days 01:17:45.707000,ALB,23,0 days 00:02:05.530000,29.0,3.0,,0 days 01:17:41.882000,0 days 00:01:00.548000,0 days 00:00:29.734000,0 days 00:00:35.248000,0 days 01:16:40.725000,0 days 01:17:10.459000,0 days 01:17:45.707000,289.0,301.0,,297.0,False,SOFT,19.0,False,Williams,0 days 01:15:40.177000,2026-09-05 11:32:42.210,1,,,,False,False,FP3,51.9,31.4,40.5
0 days 00:16:25.420000,HUL,27,,1.0,1.0,0 days 00:14:21.253000,0 days 00:16:21.389000,,0 days 00:00:34.759000,0 days 00:00:40.741000,,0 days 00:15:44.744000,0 days 00:16:25.420000,268.0,272.0,,204.0,False,MEDIUM,1.0,True,Audi,0 days 00:14:21.253000,2026-09-05 10:31:23.286,1,,,,False,False,FP3,51.9,31.4,40.5
0 days 00:29:51.525000,HUL,27,,2.0,2.0,0 days 00:28:09.953000,,,0 days 00:00:33.785000,0 days 00:00:33.555000,,0 days 00:29:18.311000,0 days 00:29:51.625000,225.0,278.0,292.0,175.0,False,MEDIUM,2.0,False,Audi,0 days 00:16:25.420000,2026-09-05 10:33:27.453,1,,,,False,False,FP3,51.9,31.4,40.5
0 days 00:31:16.208000,HUL,27,0 days 00:01:24.683000,3.0,2.0,,,0 days 00:00:27.884000,0 days 00:00:28.654000,0 days 00:00:28.145000,0 days 00:30:19.409000,0 days 00:30:48.063000,0 days 00:31:16.208000,294.0,309.0,283.0,318.0,True,MEDIUM,3.0,False,Audi,0 days 00:29:51.525000,2026-09-05 10:46:53.558,1,,,,False,True,FP3,51.9,31.4,40.5
0 days 00:33:24.666000,HUL,27,0 days 00:02:08.458000,4.0,2.0,,0 days 00:33:20.907000,0 days 00:00:39.555000,0 days 00:00:45.429000,0 days 00:00:43.474000,0 days 00:31:55.763000,0 days 00:32:41.192000,0 days 00:33:24.666000,206.0,194.0,,198.0,False,MEDIUM,4.0,False,Audi,0 days 00:31:16.208000,2026-09-05 10:48:18.241,1,,,,False,False,FP3,51.9,31.4,40.5
0 days 00:35:32.960000,HUL,27,0 days 00:02:08.294000,5.0,3.0,0 days 00:33:43.644000,,0 days 00:01:04.954000,0 days 00:00:32.132000,0 days 00:00:31.208000,0 days 00:34:29.620000,0 days 00:35:01.752000,0 days 00:35:32.960000,261.0,279.0,294.0,239.0,False,MEDIUM,5.0,False,Audi,0 days 00:33:24.666000,2026-09-05 10:50:26.699,12,,,,False,False,FP3,51.9,31.4,40.5
0 days 00:36:57.348000,HUL,27,0 days 00:01:24.388000,6.0,3.0,,,0 days 00:00:27.586000,0 days 00:00:28.572000,0 days 00:00:28.230000,0 days 00:36:00.546000,0 days 00:36:29.118000,0 days 00:36:57.348000,293.0,306.0,279.0,317.0,True,MEDIUM,6.0,False,Audi,0 days 00:35:32.960000,2026-09-05 10:52:34.993,1,,,,False,True,FP3,52.2,31.3,40.3
0 days 00:39:23.496000,HUL,27,0 days 00:02:26.148000,7.0,3.0,,0 days 00:39:19.650000,0 days 00:00:52.040000,0 days 00:00:46.836000,0 days 00:00:47.272000,0 days 00:37:49.388000,0 days 00:38:36.224000,0 days 00:39:23.496000,108.0,207.0,,118.0,False,MEDIUM,7.0,False,Audi,0 days 00:36:57.348000,2026-09-05 10:53:59.381,1,,,,False,False,FP3,52.2,31.3,40.3
0 days 00:41:44.587000,HUL,27,0 days 00:02:21.091000,8.0,4.0,0 days 00:39:41.795000,,0 days 00:01:06.934000,0 days 00:00:33.097000,0 days 00:00:41.060000,0 days 00:40:30.430000,0 days 00:41:03.527000,0 days 00:41:44.587000,261.0,256.0,290.0,178.0,False,MEDIUM,8.0,False,Audi,0 days 00:39:23.496000,2026-09-05 10:56:25.529,1,,,,False,False,FP3,52.2,31.3,40.3
0 days 00:43:09.332000,HUL,27,0 days 00:01:24.745000,9.0,4.0,,,0 days 00:00:27.862000,0 days 00:00:28.436000,0 days 00:00:28.447000,0 days 00:42:12.449000,0 days 00:42:40.885000,0 days 00:43:09.332000,289.0,304.0,279.0,309.0,False,MEDIUM,9.0,False,Audi,0 days 00:41:44.587000,2026-09-05 10:58:46.620,1,,,,False,True,FP3,52.2,31.3,40.3
0 days 00:45:30.311000,HUL,27,0 days 00:02:20.979000,10.0,4.0,,0 days 00:45:26.586000,0 days 00:00:44.538000,0 days 00:00:46.307000,0 days 00:00:50.134000,0 days 00:43:53.870000,0 days 00:44:40.177000,0 days 00:45:30.311000,189.0,191.0,,152.0,False,MEDIUM,10.0,False,Audi,0 days 00:43:09.332000,2026-09-05 11:00:11.365,12,,,,False,False,FP3,52.2,31.3,40.3
0 days 00:47:54.357000,HUL,27,0 days 00:02:24.046000,11.0,5.0,0 days 00:46:01.047000,,0 days 00:01:21.190000,0 days 00:00:32.028000,0 days 00:00:30.828000,0 days 00:46:51.501000,0 days 00:47:23.529000,0 days 00:47:54.357000,252.0,293.0,295.0,190.0,False,MEDIUM,11.0,False,Audi,0 days 00:45:30.311000,2026-09-05 11:02:32.344,21,,,,False,False,FP3,52.2,31.3,40.3
0 days 00:49:18.538000,HUL,27,0 days 00:01:24.181000,12.0,5.0,,,0 days 00:00:27.539000,0 days 00:00:28.352000,0 days 00:00:28.290000,0 days 00:48:21.896000,0 days 00:48:50.248000,0 days 00:49:18.538000,295.0,310.0,278.0,321.0,True,MEDIUM,12.0,False,Audi,0 days 00:47:54.357000,2026-09-05 11:04:56.390,1,,,,False,True,FP3,52.2,31.3,40.3
0 days 00:51:10.306000,HUL,27,0 days 00:01:51.768000,13.0,5.0,,0 days 00:51:06.538000,0 days 00:00:34.276000,0 days 00:00:36.991000,0 days 00:00:40.501000,0 days 00:49:52.814000,0 days 00:50:29.805000,0 days 00:51:10.306000,227.0,277.0,,220.0,False,MEDIUM,13.0,False,Audi,0 days 00:49:18.538000,2026-09-05 11:06:20.571,1,,,,False,False,FP3,52.6,31.4,40.8
0 days 01:00:44.536000,HUL,27,,14.0,6.0,0 days 00:59:01.544000,,,0 days 00:00:33.752000,0 days 00:00:32.766000,,0 days 01:00:11.897000,0 days 01:00:44.690000,270.0,269.0,299.0,170.0,False,SOFT,1.0,True,Audi,0 days 00:51:10.306000,2026-09-05 11:08:12.339,1,,,,False,False,FP3,52.6,31.4,40.8
0 days 01:02:07.662000,HUL,27,0 days 00:01:23.126000,15.0,6.0,,,0 days 00:00:27.214000,0 days 00:00:28.253000,0 days 00:00:27.659000,0 days 01:01:11.750000,0 days 01:01:40.003000,0 days 01:02:07.662000,299.0,318.0,286.0,324.0,True,SOFT,2.0,True,Audi,0 days 01:00:44.536000,2026-09-05 11:17:46.569,1,,,,False,True,FP3,52.6,31.4,40.8
0 days 01:04:12.358000,HUL,27,0 days 00:02:04.696000,16.0,6.0,,0 days 01:04:08.473000,0 days 00:00:38.701000,0 days 00:00:41.092000,0 days 00:00:44.903000,0 days 01:02:46.363000,0 days 01:03:27.455000,0 days 01:04:12.358000,196.0,224.0,,179.0,False,SOFT,3.0,True,Audi,0 days 01:02:07.662000,2026-09-05 11:19:09.695,1,,,,False,False,FP3,52.6,31.4,40.8
0 days 01:06:17.554000,HUL,27,0 days 00:02:05.196000,17.0,7.0,0 days 01:04:40.867000,,0 days 00:00:59.233000,0 days 00:00:33.201000,0 days 00:00:32.762000,0 days 01:05:11.591000,0 days 01:05:44.792000,0 days 01:06:17.554000,271.0,285.0,295.0,223.0,False,SOFT,4.0,False,Audi,0 days 01:04:12.358000,2026-09-05 11:21:14.391,12,,,,False,False,FP3,52.6,31.4,40.8
0 days 01:07:41.381000,HUL,27,0 days 00:01:23.827000,18.0,7.0,,,0 days 00:00:27.554000,0 days 00:00:28.488000,0 days 00:00:27.785000,0 days 01:06:45.108000,0 days 01:07:13.596000,0 days 01:07:41.381000,299.0,312.0,283.0,320.0,False,SOFT,5.0,False,Audi,0 days 01:06:17.554000,2026-09-05 11:23:19.587,1,,,,False,True,FP3,52.6,31.4,40.8
0 days 01:09:51.315000,HUL,27,0 days 00:02:09.934000,19.0,7.0,,0 days 01:09:47.377000,0 days 00:00:42.287000,0 days 00:00:41.292000,0 days 00:00:46.355000,0 days 01:08:23.668000,0 days 01:09:04.960000,0 days 01:09:51.315000,194.0,221.0,,137.0,False,SOFT,6.0,False,Audi,0 days 01:07:41.381000,2026-09-05 11:24:43.414,1,,,,False,False,FP3,52.6,31.4,40.8
0 days 01:14:15.379000,HUL,27,,20.0,8.0,0 days 01:12:11.239000,,,0 days 00:00:37.594000,0 days 00:00:31.155000,,0 days 01:13:44.379000,0 days 01:14:15.471000,231.0,278.0,280.0,183.0,False,SOFT,7.0,False,Audi,0 days 01:09:51.315000,2026-09-05 11:26:53.348,1,,,,False,False,FP3,52.6,31.4,40.8
0 days 01:16:10.548000,HUL,27,0 days 00:01:55.169000,21.0,8.0,,,0 days 00:00:31.682000,0 days 00:00:36.129000,0 days 00:00:47.358000,0 days 01:14:47.061000,0 days 01:15:23.190000,0 days 01:16:10.548000,255.0,269.0,54.0,260.0,False,SOFT,8.0,False,Audi,0 days 01:14:15.379000,2026-09-05 11:31:17.412,1,,,,False,True,FP3,52.6,31.4,40.8
0 days 01:18:38.669000,HUL,27,0 days 00:02:28.121000,22.0,8.0,,0 days 01:18:34.809000,0 days 00:01:18.461000,0 days 00:00:31.300000,0 days 00:00:38.360000,0 days 01:17:29.009000,0 days 01:18:00.309000,0 days 01:18:38.669000,263.0,286.0,,296.0,False,SOFT,9.0,False,Audi,0 days 01:16:10.548000,2026-09-05 11:33:12.581,1,,,,False,False,FP3,52.6,31.4,40.8
0 days 00:25:28.537000,LAW,30,,1.0,1.0,0 days 00:23:47.583000,,,0 days 00:00:34.349000,0 days 00:00:32.537000,,0 days 00:24:56.178000,0 days 00:25:28.730000,263.0,271.0,291.0,211.0,False,MEDIUM,1.0,True,Red Bull Racing,0 days 00:23:47.583000,2026-09-05 10:40:49.616,1,,,,False,False,FP3,52.6,31.4,40.8
0 days 00:26:52.777000,LAW,30,0 days 00:01:24.240000,2.0,1.0,,,0 days 00:00:27.772000,0 days 00:00:28.666000,0 days 00:00:27.802000,0 days 00:25:56.309000,0 days 00:26:24.975000,0 days 00:26:52.777000,297.0,307.0,286.0,316.0,True,MEDIUM,2.0,True,Red Bull Racing,0 days 00:25:28.537000,2026-09-05 10:42:30.570,1,,,,False,True,FP3,52.6,31.4,40.8
0 days 00:28:58.270000,LAW,30,0 days 00:02:05.493000,3.0,1.0,,,0 days 00:00:49.078000,0 days 00:00:44.009000,0 days 00:00:32.406000,0 days 00:27:41.855000,0 days 00:28:25.864000,0 days 00:28:58.270000,127.0,256.0,292.0,194.0,False,MEDIUM,3.0,True,Red Bull Racing,0 days 00:26:52.777000,2026-09-05 10:43:54.810,1,,,,False,True,FP3,52.6,31.4,40.8
0 days 00:30:22.039000,LAW,30,0 days 00:01:23.769000,4.0,1.0,,,0 days 00:00:27.575000,0 days 00:00:28.470000,0 days 00:00:27.724000,0 days 00:29:25.845000,0 days 00:29:54.315000,0 days 00:30:22.039000,299.0,309.0,287.0,317.0,True,MEDIUM,4.0,True,Red Bull Racing,0 days 00:28:58.270000,2026-09-05 10:46:00.303,1,,,,False,True,FP3,52.6,31.4,40.8
0 days 00:32:33.030000,LAW,30,0 days 00:02:10.991000,5.0,1.0,,,0 days 00:00:38.724000,0 days 00:00:45.939000,0 days 00:00:46.328000,0 days 00:31:00.763000,0 days 00:31:46.702000,0 days 00:32:33.030000,136.0,214.0,184.0,232.0,False,MEDIUM,5.0,True,Red Bull Racing,0 days 00:30:22.039000,2026-09-05 10:47:24.072,1,,,,False,True,FP3,52.3,31.7,39.8
0 days 00:34:21.387000,LAW,30,0 days 00:01:48.357000,6.0,1.0,,,0 days 00:00:40.158000,0 days 00:00:36.100000,0 days 00:00:32.099000,0 days 00:33:13.188000,0 days 00:33:49.288000,0 days 00:34:21.387000,247.0,260.0,292.0,232.0,False,MEDIUM,6.0,True,Red Bull Racing,0 days 00:32:33.030000,2026-09-05 10:49:35.063,1,,,,False,True,FP3,52.3,31.7,39.8
0 days 00:36:32.847000,LAW,30,0 days 00:02:11.460000,7.0,1.0,,0 days 00:36:29.160000,0 days 00:00:58.631000,0 days 00:00:36.928000,0 days 00:00:35.901000,0 days 00:35:20.018000,0 days 00:35:56.946000,0 days 00:36:32.847000,263.0,290.0,,317.0,False,MEDIUM,7.0,True,Red Bull Racing,0 days 00:34:21.387000,2026-09-05 10:51:23.420,12,,,,False,False,FP3,52.3,31.7,39.8
0 days 00:46:29.178000,LAW,30,,8.0,2.0,0 days 00:44:25.762000,,,0 days 00:00:29.971000,0 days 00:00:28.787000,,0 days 00:46:01.088000,0 days 00:46:29.267000,303.0,303.0,306.0,225.0,False,MEDIUM,8.0,False,Red Bull Racing,0 days 00:36:32.847000,2026-09-05 10:53:34.880,12,,,,False,False,FP3,52.3,31.7,39.8
0 days 00:47:56.578000,LAW,30,0 days 00:01:27.400000,9.0,2.0,,,0 days 00:00:28.740000,0 days 00:00:29.786000,0 days 00:00:28.874000,0 days 00:46:57.918000,0 days 00:47:27.704000,0 days 00:47:56.578000,286.0,309.0,303.0,309.0,False,MEDIUM,9.0,False,Red Bull Racing,0 days 00:46:29.178000,2026-09-05 11:03:31.211,1,,,,False,True,FP3,52.3,31.7,39.8
0 days 00:49:27.381000,LAW,30,0 days 00:01:30.803000,10.0,2.0,,,0 days 00:00:28.763000,0 days 00:00:32.897000,0 days 00:00:29.143000,0 days 00:48:25.341000,0 days 00:48:58.238000,0 days 00:49:27.381000,258.0,301.0,284.0,304.0,False,MEDIUM,10.0,False,Red Bull Racing,0 days 00:47:56.578000,2026-09-05 11:04:58.611,1,,,,False,True,FP3,52.3,31.7,39.8
0 days 00:50:54.950000,LAW,30,0 days 00:01:27.569000,11.0,2.0,,,0 days 00:00:28.852000,0 days 00:00:29.883000,0 days 00:00:28.834000,0 days 00:49:56.233000,0 days 00:50:26.116000,0 days 00:50:54.950000,288.0,303.0,306.0,304.0,False,MEDIUM,11.0,False,Red Bull Racing,0 days 00:49:27.381000,2026-09-05 11:06:29.414,1,,,,False,True,FP3,52.3,31.7,39.8
0 days 00:52:21.312000,LAW,30,0 days 00:01:26.362000,12.0,2.0,,,0 days 00:00:28.337000,0 days 00:00:29.561000,0 days 00:00:28.464000,0 days 00:51:23.287000,0 days 00:51:52.848000,0 days 00:52:21.312000,291.0,307.0,310.0,309.0,False,MEDIUM,12.0,False,Red Bull Racing,0 days 00:50:54.950000,2026-09-05 11:07:56.983,1,,,,False,True,FP3,52.3,31.7,39.8
0 days 00:53:47.970000,LAW,30,0 days 00:01:26.658000,13.0,2.0,,,0 days 00:00:28.465000,0 days 00:00:29.573000,0 days 00:00:28.620000,0 days 00:52:49.777000,0 days 00:53:19.350000,0 days 00:53:47.970000,287.0,302.0,304.0,308.0,False,MEDIUM,13.0,False,Red Bull Racing,0 days 00:52:21.312000,2026-09-05 11:09:23.345,1,,,,False,True,FP3,52.3,31.7,39.8
0 days 00:55:21.673000,LAW,30,0 days 00:01:33.703000,14.0,2.0,,0 days 00:55:17.874000,0 days 00:00:28.599000,0 days 00:00:29.692000,0 days 00:00:35.412000,0 days 00:54:16.569000,0 days 00:54:46.261000,0 days 00:55:21.673000,290.0,303.0,,305.0,False,MEDIUM,14.0,False,Red Bull Racing,0 days 00:53:47.970000,2026-09-05 11:10:50.003,1,,,,False,False,FP3,52.3,31.7,39.8
0 days 01:02:55.666000,LAW,30,,15.0,3.0,0 days 01:01:14.356000,,,0 days 00:00:36.268000,0 days 00:00:31.786000,,0 days 01:02:24.162000,0 days 01:02:55.852000,275.0,284.0,292.0,212.0,False,SOFT,1.0,True,Red Bull Racing,0 days 00:55:21.673000,2026-09-05 11:12:23.706,1,,,,False,False,FP3,52.5,31.8,39.2
0 days 01:04:19.380000,LAW,30,0 days 00:01:23.714000,16.0,3.0,,,0 days 00:00:27.535000,0 days 00:00:28.376000,0 days 00:00:27.803000,0 days 01:03:23.201000,0 days 01:03:51.577000,0 days 01:04:19.380000,299.0,309.0,286.0,318.0,True,SOFT,2.0,True,Red Bull Racing,0 days 01:02:55.666000,2026-09-05 11:19:57.699,1,,,,False,True,FP3,52.5,31.8,39.2
0 days 01:06:23.966000,LAW,30,0 days 00:02:04.586000,17.0,3.0,,,0 days 00:00:46.763000,0 days 00:00:45.918000,0 days 00:00:31.905000,0 days 01:05:06.143000,0 days 01:05:52.061000,0 days 01:06:23.966000,119.0,256.0,294.0,224.0,False,SOFT,3.0,True,Red Bull Racing,0 days 01:04:19.380000,2026-09-05 11:21:21.413,12,,,,False,True,FP3,52.5,31.8,39.2
0 days 01:07:47.169000,LAW,30,0 days 00:01:23.203000,18.0,3.0,,,0 days 00:00:27.450000,0 days 00:00:28.179000,0 days 00:00:27.574000,0 days 01:06:51.416000,0 days 01:07:19.595000,0 days 01:07:47.169000,300.0,313.0,290.0,321.0,True,SOFT,4.0,True,Red Bull Racing,0 days 01:06:23.966000,2026-09-05 11:23:25.999,1,,,,False,True,FP3,52.5,31.8,39.2
0 days 01:10:06.194000,LAW,30,0 days 00:02:19.025000,19.0,3.0,,0 days 01:10:02.560000,0 days 00:00:45.838000,0 days 00:00:51.228000,0 days 00:00:41.959000,0 days 01:08:33.007000,0 days 01:09:24.235000,0 days 01:10:06.194000,128.0,201.0,,296.0,False,SOFT,5.0,True,Red Bull Racing,0 days 01:07:47.169000,2026-09-05 11:24:49.202,1,,,,False,False,FP3,52.9,31.7,39.7
0 days 01:12:29.369000,LAW,30,0 days 00:02:23.175000,20.0,4.0,0 days 01:10:30.731000,,0 days 00:01:02.642000,0 days 00:00:42.200000,0 days 00:00:38.333000,0 days 01:11:08.836000,0 days 01:11:51.036000,0 days 01:12:29.369000,190.0,234.0,292.0,167.0,False,SOFT,6.0,False,Red Bull Racing,0 days 01:10:06.194000,2026-09-05 11:27:08.227,1,,,,False,False,FP3,52.9,31.7,39.7
0 days 01:14:06.197000,LAW,30,0 days 00:01:36.828000,21.0,4.0,,,0 days 00:00:29.879000,0 days 00:00:35.381000,0 days 00:00:31.568000,0 days 01:12:59.248000,0 days 01:13:34.629000,0 days 01:14:06.197000,257.0,223.0,292.0,321.0,False,SOFT,7.0,False,Red Bull Racing,0 days 01:12:29.369000,2026-09-05 11:29:31.402,1,,,,False,True,FP3,52.9,31.7,39.7
0 days 01:15:57.945000,LAW,30,0 days 00:01:51.748000,22.0,4.0,,,0 days 00:00:27.372000,0 days 00:00:29.374000,0 days 00:00:55.002000,0 days 01:14:33.569000,0 days 01:15:02.943000,0 days 01:15:57.945000,301.0,237.0,86.0,317.0,False,SOFT,8.0,False,Red Bull Racing,0 days 01:14:06.197000,2026-09-05 11:31:08.230,1,,,,False,True,FP3,52.9,31.7,39.7
0 days 01:18:19.926000,LAW,30,0 days 00:02:21.981000,23.0,4.0,,0 days 01:18:16.326000,0 days 00:01:15.255000,0 days 00:00:28.959000,0 days 00:00:37.767000,0 days 01:17:13.200000,0 days 01:17:42.159000,0 days 01:18:19.926000,289.0,304.0,,290.0,False,SOFT,9.0,False,Red Bull Racing,0 days 01:15:57.945000,2026-09-05 11:32:59.978,1,,,,False,False,FP3,52.9,31.7,39.7
0 days 00:24:55.456000,OCO,31,,1.0,1.0,0 days 00:23:10.463000,,,0 days 00:00:36.025000,0 days 00:00:34.379000,,0 days 00:24:21.199000,0 days 00:24:55.604000,291.0,262.0,282.0,197.0,False,MEDIUM,1.0,True,Haas F1 Team,0 days 00:23:10.463000,2026-09-05 10:40:12.496,1,,,,False,False,FP3,52.9,31.7,39.7
0 days 00:26:22.003000,OCO,31,0 days 00:01:26.547000,2.0,1.0,,,0 days 00:00:28.379000,0 days 00:00:29.399000,0 days 00:00:28.769000,0 days 00:25:23.835000,0 days 00:25:53.234000,0 days 00:26:22.003000,292.0,301.0,276.0,316.0,True,MEDIUM,2.0,True,Haas F1 Team,0 days 00:24:55.456000,2026-09-05 10:41:57.489,1,,,,False,True,FP3,52.9,31.7,39.7
0 days 00:28:53.348000,OCO,31,,3.0,1.0,,0 days 00:28:49.535000,0 days 00:00:49.029000,0 days 00:00:52.910000,0 days 00:00:49.354000,0 days 00:27:11.253000,0 days 00:28:04.145000,0 days 00:28:53.348000,132.0,184.0,,140.0,False,MEDIUM,3.0,True,Haas F1 Team,0 days 00:26:22.003000,2026-09-05 10:43:24.036,1,,,,False,False,FP3,52.9,31.7,39.7
0 days 00:33:30.253000,OCO,31,,4.0,2.0,0 days 00:31:45.148000,,,0 days 00:00:35.016000,0 days 00:00:34.789000,,0 days 00:32:55.579000,0 days 00:33:30.300000,275.0,271.0,282.0,188.0,False,MEDIUM,4.0,False,Haas F1 Team,0 days 00:28:53.348000,2026-09-05 10:45:55.381,1,,,,False,False,FP3,52.6,31.9,39.2
0 days 00:34:56.161000,OCO,31,0 days 00:01:25.908000,5.0,2.0,,,0 days 00:00:28.072000,0 days 00:00:29.164000,0 days 00:00:28.672000,0 days 00:33:58.325000,0 days 00:34:27.489000,0 days 00:34:56.161000,293.0,302.0,276.0,315.0,True,MEDIUM,5.0,False,Haas F1 Team,0 days 00:33:30.253000,2026-09-05 10:50:32.286,12,,,,False,True,FP3,52.6,31.9,39.2
0 days 00:36:54.449000,OCO,31,0 days 00:01:58.288000,6.0,2.0,,0 days 00:36:50.702000,0 days 00:00:38.554000,0 days 00:00:36.753000,0 days 00:00:42.981000,0 days 00:35:34.715000,0 days 00:36:11.468000,0 days 00:36:54.449000,238.0,224.0,,146.0,False,MEDIUM,6.0,False,Haas F1 Team,0 days 00:34:56.161000,2026-09-05 10:51:58.194,21,,,,False,False,FP3,52.6,31.9,39.2
0 days 00:42:05.418000,OCO,31,,7.0,3.0,0 days 00:40:23.245000,,,0 days 00:00:31.798000,0 days 00:00:33.710000,,0 days 00:41:31.976000,0 days 00:42:05.589000,296.0,282.0,283.0,129.0,False,MEDIUM,7.0,False,Haas F1 Team,0 days 00:36:54.449000,2026-09-05 10:53:56.482,1,,,,False,False,FP3,52.7,31.8,39.8
0 days 00:43:30.896000,OCO,31,0 days 00:01:25.478000,8.0,3.0,,,0 days 00:00:27.788000,0 days 00:00:29.286000,0 days 00:00:28.404000,0 days 00:42:33.206000,0 days 00:43:02.492000,0 days 00:43:30.896000,293.0,297.0,278.0,318.0,True,MEDIUM,8.0,False,Haas F1 Team,0 days 00:42:05.418000,2026-09-05 10:59:07.451,1,,,,False,True,FP3,52.7,31.8,39.8
0 days 00:45:44.181000,OCO,31,0 days 00:02:13.285000,9.0,3.0,,0 days 00:45:40.514000,0 days 00:00:45.792000,0 days 00:00:44.105000,0 days 00:00:43.388000,0 days 00:44:16.688000,0 days 00:45:00.793000,0 days 00:45:44.181000,169.0,196.0,,116.0,False,MEDIUM,9.0,False,Haas F1 Team,0 days 00:43:30.896000,2026-09-05 11:00:32.929,12,,,,False,False,FP3,52.7,31.8,39.8
0 days 00:47:59.979000,OCO,31,0 days 00:02:15.798000,10.0,4.0,0 days 00:46:03.905000,,0 days 00:01:09.131000,0 days 00:00:33.089000,0 days 00:00:33.578000,0 days 00:46:53.312000,0 days 00:47:26.401000,0 days 00:47:59.979000,238.0,219.0,288.0,193.0,False,MEDIUM,10.0,False,Haas F1 Team,0 days 00:45:44.181000,2026-09-05 11:02:46.214,1,,,,False,False,FP3,52.7,31.8,39.8
0 days 00:49:35.182000,OCO,31,0 days 00:01:35.203000,11.0,4.0,,,0 days 00:00:27.527000,0 days 00:00:34.848000,0 days 00:00:32.828000,0 days 00:48:27.506000,0 days 00:49:02.354000,0 days 00:49:35.182000,299.0,257.0,266.0,324.0,False,MEDIUM,11.0,False,Haas F1 Team,0 days 00:47:59.979000,2026-09-05 11:05:02.012,1,,,,False,True,FP3,52.7,31.8,39.8
0 days 00:51:19.626000,OCO,31,0 days 00:01:44.444000,12.0,4.0,,0 days 00:51:15.877000,0 days 00:00:32.611000,0 days 00:00:33.981000,0 days 00:00:37.852000,0 days 00:50:07.793000,0 days 00:50:41.774000,0 days 00:51:19.626000,273.0,238.0,,286.0,False,MEDIUM,12.0,False,Haas F1 Team,0 days 00:49:35.182000,2026-09-05 11:06:37.215,1,,,,False,False,FP3,51.6,31.9,39.6
0 days 00:53:22.162000,OCO,31,0 days 00:02:02.536000,13.0,5.0,0 days 00:51:37.406000,,0 days 00:00:53.588000,0 days 00:00:35.376000,0 days 00:00:33.572000,0 days 00:52:13.214000,0 days 00:52:48.590000,0 days 00:53:22.162000,239.0,235.0,284.0,190.0,False,MEDIUM,13.0,False,Haas F1 Team,0 days 00:51:19.626000,2026-09-05 11:08:21.659,1,,,,False,False,FP3,51.6,31.9,39.6
0 days 00:54:47.253000,OCO,31,0 days 00:01:25.091000,14.0,5.0,,,0 days 00:00:27.891000,0 days 00:00:28.914000,0 days 00:00:28.286000,0 days 00:53:50.053000,0 days 00:54:18.967000,0 days 00:54:47.253000,290.0,302.0,277.0,312.0,True,MEDIUM,14.0,False,Haas F1 Team,0 days 00:53:22.162000,2026-09-05 11:10:24.195,1,,,,False,True,FP3,51.6,31.9,39.6
0 days 00:56:27.685000,OCO,31,0 days 00:01:40.432000,15.0,5.0,,0 days 00:56:23.976000,0 days 00:00:32.569000,0 days 00:00:32.234000,0 days 00:00:35.629000,0 days 00:55:19.822000,0 days 00:55:52.056000,0 days 00:56:27.685000,270.0,283.0,,225.0,False,MEDIUM,15.0,False,Haas F1 Team,0 days 00:54:47.253000,2026-09-05 11:11:49.286,1,,,,False,False,FP3,51.6,31.9,39.6
0 days 01:00:35.615000,OCO,31,,16.0,6.0,0 days 00:58:53.154000,,,0 days 00:00:32.302000,0 days 00:00:32.739000,,0 days 01:00:03.134000,0 days 01:00:35.769000,291.0,257.0,290.0,132.0,False,SOFT,1.0,True,Haas F1 Team,0 days 00:56:27.685000,2026-09-05 11:13:29.718,1,,,,False,False,FP3,51.6,31.9,39.6
0 days 01:01:59.745000,OCO,31,0 days 00:01:24.130000,17.0,6.0,,,0 days 00:00:27.402000,0 days 00:00:28.745000,0 days 00:00:27.983000,0 days 01:01:03.017000,0 days 01:01:31.762000,0 days 01:01:59.745000,298.0,309.0,281.0,324.0,True,SOFT,2.0,True,Haas F1 Team,0 days 01:00:35.615000,2026-09-05 11:17:37.648,1,,,,False,True,FP3,51.6,31.9,39.6
0 days 01:04:05.568000,OCO,31,0 days 00:02:05.823000,18.0,6.0,,0 days 01:04:01.863000,0 days 00:00:44.176000,0 days 00:00:39.780000,0 days 00:00:41.867000,0 days 01:02:43.921000,0 days 01:03:23.701000,0 days 01:04:05.568000,188.0,248.0,,143.0,False,SOFT,3.0,True,Haas F1 Team,0 days 01:01:59.745000,2026-09-05 11:19:01.778,1,,,,False,False,FP3,52.0,31.9,38.5
0 days 01:06:15.414000,OCO,31,0 days 00:02:09.846000,19.0,7.0,0 days 01:04:34.281000,,0 days 00:01:02.261000,0 days 00:00:33.391000,0 days 00:00:34.194000,0 days 01:05:07.829000,0 days 01:05:41.220000,0 days 01:06:15.414000,289.0,255.0,289.0,207.0,False,SOFT,4.0,False,Haas F1 Team,0 days 01:04:05.568000,2026-09-05 11:21:07.601,12,,,,False,False,FP3,52.0,31.9,38.5
0 days 01:07:39.434000,OCO,31,0 days 00:01:24.020000,20.0,7.0,,,0 days 00:00:27.461000,0 days 00:00:28.644000,0 days 00:00:27.915000,0 days 01:06:42.875000,0 days 01:07:11.519000,0 days 01:07:39.434000,299.0,305.0,281.0,320.0,True,SOFT,5.0,False,Haas F1 Team,0 days 01:06:15.414000,2026-09-05 11:23:17.447,1,,,,False,True,FP3,52.0,31.9,38.5
0 days 01:09:31.544000,OCO,31,0 days 00:01:52.110000,21.0,7.0,,0 days 01:09:27.733000,0 days 00:00:33.683000,0 days 00:00:40.171000,0 days 00:00:38.256000,0 days 01:08:13.117000,0 days 01:08:53.288000,0 days 01:09:31.544000,252.0,251.0,,213.0,False,SOFT,6.0,False,Haas F1 Team,0 days 01:07:39.434000,2026-09-05 11:24:41.467,1,,,,False,False,FP3,52.1,31.7,39.6
0 days 01:12:51.699000,OCO,31,,22.0,8.0,0 days 01:11:10.083000,,,0 days 00:00:32.953000,0 days 00:00:39.396000,,0 days 01:12:12.322000,0 days 01:12:51.714000,275.0,270.0,186.0,270.0,False,SOFT,7.0,False,Haas F1 Team,0 days 01:09:31.544000,2026-09-05 11:26:33.577,1,,,,False,False,FP3,52.1,31.7,39.6
0 days 01:14:37.348000,OCO,31,0 days 00:01:45.649000,23.0,8.0,,,0 days 00:00:30.978000,0 days 00:00:38.045000,0 days 00:00:36.626000,0 days 01:13:22.677000,0 days 01:14:00.722000,0 days 01:14:37.348000,292.0,241.0,232.0,287.0,False,SOFT,8.0,False,Haas F1 Team,0 days 01:12:51.699000,2026-09-05 11:29:53.732,1,,,,False,True,FP3,52.1,31.7,39.6
0 days 01:16:40.335000,OCO,31,0 days 00:02:02.987000,24.0,8.0,,,0 days 00:00:37.478000,0 days 00:00:37.508000,0 days 00:00:48.001000,0 days 01:15:14.826000,0 days 01:15:52.334000,0 days 01:16:40.335000,209.0,235.0,66.0,185.0,False,SOFT,9.0,False,Haas F1 Team,0 days 01:14:37.348000,2026-09-05 11:31:39.381,1,,,,False,True,FP3,51.0,31.6,40.5
0 days 01:19:05.954000,OCO,31,0 days 00:02:25.619000,25.0,8.0,,0 days 01:19:02.128000,0 days 00:01:15.100000,0 days 00:00:30.960000,0 days 00:00:39.559000,0 days 01:17:55.435000,0 days 01:18:26.395000,0 days 01:19:05.954000,290.0,288.0,,302.0,False,SOFT,10.0,False,Haas F1 Team,0 days 01:16:40.335000,2026-09-05 11:33:42.368,1,,,,False,False,FP3,51.0,31.6,40.5
0 days 00:29:44.645000,LIN,41,,1.0,1.0,0 days 00:28:05.348000,,,0 days 00:00:33.365000,0 days 00:00:31.169000,,0 days 00:29:13.729000,0 days 00:29:44.905000,254.0,261.0,289.0,194.0,False,SOFT,1.0,True,Racing Bulls,0 days 00:28:05.348000,2026-09-05 10:45:07.381,1,,,,False,False,FP3,51.0,31.6,40.5
0 days 00:31:08.952000,LIN,41,0 days 00:01:24.307000,2.0,1.0,,,0 days 00:00:27.685000,0 days 00:00:28.722000,0 days 00:00:27.900000,0 days 00:30:12.330000,0 days 00:30:41.052000,0 days 00:31:08.952000,294.0,306.0,284.0,316.0,True,SOFT,2.0,True,Racing Bulls,0 days 00:29:44.645000,2026-09-05 10:46:46.678,1,,,,False,True,FP3,51.0,31.6,40.5
0 days 00:33:07.308000,LIN,41,0 days 00:01:58.356000,3.0,1.0,,0 days 00:33:03.595000,0 days 00:00:35.055000,0 days 00:00:42.668000,0 days 00:00:40.633000,0 days 00:31:44.007000,0 days 00:32:26.675000,0 days 00:33:07.308000,257.0,228.0,,213.0,False,SOFT,3.0,True,Racing Bulls,0 days 00:31:08.952000,2026-09-05 10:48:10.985,1,,,,False,False,FP3,51.0,31.6,40.5
0 days 00:40:27.623000,LIN,41,,4.0,2.0,0 days 00:38:41.899000,,,0 days 00:00:40.076000,0 days 00:00:30.838000,,0 days 00:39:57.194000,0 days 00:40:27.802000,255.0,253.0,289.0,197.0,False,SOFT,4.0,False,Racing Bulls,0 days 00:33:07.308000,2026-09-05 10:50:09.341,12,,,,False,False,FP3,52.0,31.5,40.9
0 days 00:41:51.264000,LIN,41,0 days 00:01:23.641000,5.0,2.0,,,0 days 00:00:27.538000,0 days 00:00:28.457000,0 days 00:00:27.646000,0 days 00:40:55.161000,0 days 00:41:23.618000,0 days 00:41:51.264000,296.0,308.0,288.0,317.0,True,SOFT,5.0,False,Racing Bulls,0 days 00:40:27.623000,2026-09-05 10:57:29.656,1,,,,False,True,FP3,52.0,31.5,40.9
0 days 00:43:43.546000,LIN,41,0 days 00:01:52.282000,6.0,2.0,,0 days 00:43:39.896000,0 days 00:00:33.585000,0 days 00:00:36.552000,0 days 00:00:42.145000,0 days 00:42:24.849000,0 days 00:43:01.401000,0 days 00:43:43.546000,254.0,177.0,,265.0,False,SOFT,6.0,False,Racing Bulls,0 days 00:41:51.264000,2026-09-05 10:58:53.297,1,,,,False,False,FP3,52.0,31.5,40.9
0 days 00:45:50.124000,LIN,41,0 days 00:02:06.578000,7.0,3.0,0 days 00:44:01.946000,,0 days 00:01:08.071000,0 days 00:00:29.435000,0 days 00:00:29.072000,0 days 00:44:51.617000,0 days 00:45:21.052000,0 days 00:45:50.124000,295.0,308.0,301.0,271.0,False,SOFT,7.0,False,Racing Bulls,0 days 00:43:43.546000,2026-09-05 11:00:45.579,12,,,,False,False,FP3,52.0,31.5,40.9
0 days 00:47:15.964000,LIN,41,0 days 00:01:25.840000,8.0,3.0,,,0 days 00:00:28.506000,0 days 00:00:29.200000,0 days 00:00:28.134000,0 days 00:46:18.630000,0 days 00:46:47.830000,0 days 00:47:15.964000,288.0,302.0,306.0,305.0,False,SOFT,8.0,False,Racing Bulls,0 days 00:45:50.124000,2026-09-05 11:02:52.157,1,,,,False,True,FP3,52.0,31.5,40.9
0 days 00:48:41.502000,LIN,41,0 days 00:01:25.538000,9.0,3.0,,,0 days 00:00:28.561000,0 days 00:00:29.074000,0 days 00:00:27.903000,0 days 00:47:44.525000,0 days 00:48:13.599000,0 days 00:48:41.502000,286.0,303.0,314.0,299.0,False,SOFT,9.0,False,Racing Bulls,0 days 00:47:15.964000,2026-09-05 11:04:17.997,1,,,,False,True,FP3,52.0,31.5,40.9
0 days 00:50:06.377000,LIN,41,0 days 00:01:24.875000,10.0,3.0,,,0 days 00:00:28.268000,0 days 00:00:28.871000,0 days 00:00:27.736000,0 days 00:49:09.770000,0 days 00:49:38.641000,0 days 00:50:06.377000,287.0,304.0,316.0,302.0,False,SOFT,10.0,False,Racing Bulls,0 days 00:48:41.502000,2026-09-05 11:05:43.535,1,,,,False,True,FP3,52.0,31.5,40.9
0 days 00:51:31.009000,LIN,41,0 days 00:01:24.632000,11.0,3.0,,,0 days 00:00:28.049000,0 days 00:00:28.863000,0 days 00:00:27.720000,0 days 00:50:34.426000,0 days 00:51:03.289000,0 days 00:51:31.009000,288.0,304.0,308.0,301.0,False,SOFT,11.0,False,Racing Bulls,0 days 00:50:06.377000,2026-09-05 11:07:08.410,1,,,,False,True,FP3,52.0,31.5,40.9
0 days 00:53:00.600000,LIN,41,0 days 00:01:29.591000,12.0,3.0,,0 days 00:52:57.010000,0 days 00:00:28.249000,0 days 00:00:29.162000,0 days 00:00:32.180000,0 days 00:51:59.258000,0 days 00:52:28.420000,0 days 00:53:00.600000,288.0,303.0,,301.0,False,SOFT,12.0,False,Racing Bulls,0 days 00:51:31.009000,2026-09-05 11:08:33.042,1,,,,False,False,FP3,52.0,31.5,40.9
0 days 01:00:46.625000,LIN,41,,13.0,4.0,0 days 00:59:03.843000,,,0 days 00:00:33.904000,0 days 00:00:34.036000,,0 days 01:00:12.803000,0 days 01:00:46.737000,268.0,262.0,293.0,187.0,False,SOFT,1.0,True,Racing Bulls,0 days 00:53:00.600000,2026-09-05 11:10:02.633,1,,,,False,False,FP3,52.0,31.5,40.9
0 days 01:02:09.349000,LIN,41,0 days 00:01:22.724000,14.0,4.0,,,0 days 00:00:27.232000,0 days 00:00:28.192000,0 days 00:00:27.300000,0 days 01:01:13.857000,0 days 01:01:42.049000,0 days 01:02:09.349000,301.0,315.0,291.0,326.0,True,SOFT,2.0,True,Racing Bulls,0 days 01:00:46.625000,2026-09-05 11:17:48.658,1,,,,False,True,FP3,52.0,31.5,40.9
0 days 01:04:14.894000,LIN,41,0 days 00:02:05.545000,15.0,4.0,,0 days 01:04:11.009000,0 days 00:00:38.151000,0 days 00:00:43.066000,0 days 00:00:44.328000,0 days 01:02:47.500000,0 days 01:03:30.566000,0 days 01:04:14.894000,220.0,217.0,,170.0,False,SOFT,3.0,True,Racing Bulls,0 days 01:02:09.349000,2026-09-05 11:19:11.382,1,,,,False,False,FP3,52.0,31.5,40.9
0 days 01:08:54.138000,LIN,41,,16.0,5.0,0 days 01:07:14.127000,,,0 days 00:00:35.604000,0 days 00:00:30.122000,,0 days 01:08:24.201000,0 days 01:08:54.529000,268.0,265.0,289.0,192.0,False,SOFT,4.0,False,Racing Bulls,0 days 01:04:14.894000,2026-09-05 11:21:16.927,12,,,,False,False,FP3,52.9,31.4,40.4
0 days 01:10:17.221000,LIN,41,0 days 00:01:23.083000,17.0,5.0,,,0 days 00:00:27.440000,0 days 00:00:28.108000,0 days 00:00:27.535000,0 days 01:09:21.578000,0 days 01:09:49.686000,0 days 01:10:17.221000,296.0,307.0,286.0,315.0,False,SOFT,5.0,False,Racing Bulls,0 days 01:08:54.138000,2026-09-05 11:25:56.171,1,,,,False,True,FP3,52.9,31.4,40.4
0 days 01:12:24.450000,LIN,41,0 days 00:02:07.229000,18.0,5.0,,,0 days 00:00:36.625000,0 days 00:00:43.777000,0 days 00:00:46.827000,0 days 01:10:53.846000,0 days 01:11:37.623000,0 days 01:12:24.450000,219.0,228.0,230.0,244.0,False,SOFT,6.0,False,Racing Bulls,0 days 01:10:17.221000,2026-09-05 11:27:19.254,1,,,,False,True,FP3,52.9,31.4,40.4
0 days 01:14:14.077000,LIN,41,0 days 00:01:49.627000,19.0,5.0,,,0 days 00:00:37.656000,0 days 00:00:41.019000,0 days 00:00:30.952000,0 days 01:13:02.106000,0 days 01:13:43.125000,0 days 01:14:14.077000,205.0,252.0,310.0,220.0,False,SOFT,7.0,False,Racing Bulls,0 days 01:12:24.450000,2026-09-05 11:29:26.483,1,,,,False,True,FP3,52.9,31.4,40.4
0 days 01:16:18.997000,LIN,41,0 days 00:02:04.920000,20.0,5.0,,,0 days 00:00:36.404000,0 days 00:00:40.672000,0 days 00:00:47.844000,0 days 01:14:50.481000,0 days 01:15:31.153000,0 days 01:16:18.997000,204.0,228.0,47.0,210.0,False,SOFT,8.0,False,Racing Bulls,0 days 01:14:14.077000,2026-09-05 11:31:16.110,1,,,,False,True,FP3,52.9,31.4,40.4
0 days 01:18:37.796000,LIN,41,0 days 00:02:18.799000,21.0,5.0,,0 days 01:18:33.981000,0 days 00:01:12.983000,0 days 00:00:29.370000,0 days 00:00:36.446000,0 days 01:17:31.980000,0 days 01:18:01.350000,0 days 01:18:37.796000,295.0,317.0,,296.0,False,SOFT,9.0,False,Racing Bulls,0 days 01:16:18.997000,2026-09-05 11:33:21.030,1,,,,False,False,FP3,52.9,31.4,40.4
0 days 00:18:31.486000,COL,43,,1.0,1.0,0 days 00:16:43.864000,,,0 days 00:00:36.183000,0 days 00:00:31.775000,,0 days 00:17:59.913000,0 days 00:18:31.858000,203.0,253.0,302.0,145.0,False,MEDIUM,1.0,True,Alpine,0 days 00:16:43.864000,2026-09-05 10:33:45.897,1,,,,False,False,FP3,52.9,31.4,40.4
0 days 00:19:58.047000,COL,43,0 days 00:01:26.561000,2.0,1.0,,,0 days 00:00:28.268000,0 days 00:00:29.220000,0 days 00:00:29.073000,0 days 00:18:59.754000,0 days 00:19:28.974000,0 days 00:19:58.047000,295.0,310.0,275.0,320.0,True,MEDIUM,2.0,True,Alpine,0 days 00:18:31.486000,2026-09-05 10:35:33.519,1,,,,False,True,FP3,52.9,31.4,40.4
0 days 00:22:07.454000,COL,43,0 days 00:02:09.407000,3.0,1.0,,,0 days 00:00:48.050000,0 days 00:00:48.080000,0 days 00:00:33.277000,0 days 00:20:46.097000,0 days 00:21:34.177000,0 days 00:22:07.454000,168.0,189.0,296.0,147.0,True,MEDIUM,3.0,True,Alpine,0 days 00:19:58.047000,2026-09-05 10:37:00.080,1,,,,False,True,FP3,52.9,31.4,40.4
0 days 00:23:32.187000,COL,43,0 days 00:01:24.733000,4.0,1.0,,,0 days 00:00:27.477000,0 days 00:00:28.770000,0 days 00:00:28.486000,0 days 00:22:34.931000,0 days 00:23:03.701000,0 days 00:23:32.187000,294.0,309.0,278.0,320.0,True,MEDIUM,4.0,True,Alpine,0 days 00:22:07.454000,2026-09-05 10:39:09.487,1,,,,False,True,FP3,52.9,31.4,40.4
0 days 00:25:48.972000,COL,43,0 days 00:02:16.785000,5.0,1.0,,,0 days 00:00:49.533000,0 days 00:00:48.209000,0 days 00:00:39.043000,0 days 00:24:21.720000,0 days 00:25:09.929000,0 days 00:25:48.972000,132.0,146.0,299.0,172.0,False,MEDIUM,5.0,True,Alpine,0 days 00:23:32.187000,2026-09-05 10:40:34.220,1,,,,False,True,FP3,53.0,31.3,41.2
0 days 00:27:12.738000,COL,43,0 days 00:01:23.766000,6.0,1.0,,,0 days 00:00:27.408000,0 days 00:00:28.319000,0 days 00:00:28.039000,0 days 00:26:16.380000,0 days 00:26:44.699000,0 days 00:27:12.738000,297.0,315.0,283.0,320.0,True,MEDIUM,6.0,True,Alpine,0 days 00:25:48.972000,2026-09-05 10:42:51.005,1,,,,False,True,FP3,53.0,31.3,41.2
0 days 00:29:16.722000,COL,43,0 days 00:02:03.984000,7.0,1.0,,0 days 00:29:12.964000,0 days 00:00:38.618000,0 days 00:00:46.076000,0 days 00:00:39.290000,0 days 00:27:51.356000,0 days 00:28:37.432000,0 days 00:29:16.722000,182.0,239.0,,195.0,False,MEDIUM,7.0,True,Alpine,0 days 00:27:12.738000,2026-09-05 10:44:14.771,1,,,,False,False,FP3,53.0,31.3,41.2
0 days 00:38:19.072000,COL,43,,8.0,2.0,0 days 00:36:26.608000,,,0 days 00:00:30.476000,0 days 00:00:28.833000,,0 days 00:37:50.425000,0 days 00:38:19.078000,288.0,306.0,317.0,282.0,False,MEDIUM,8.0,False,Alpine,0 days 00:29:16.722000,2026-09-05 10:46:18.755,12,,,,False,False,FP3,53.0,31.3,41.2
0 days 00:39:45.593000,COL,43,0 days 00:01:26.521000,9.0,2.0,,,0 days 00:00:28.480000,0 days 00:00:29.333000,0 days 00:00:28.708000,0 days 00:38:47.552000,0 days 00:39:16.885000,0 days 00:39:45.593000,293.0,302.0,301.0,295.0,False,MEDIUM,9.0,False,Alpine,0 days 00:38:19.072000,2026-09-05 10:55:21.105,1,,,,False,True,FP3,53.0,31.3,41.2
0 days 00:41:11.085000,COL,43,0 days 00:01:25.492000,10.0,2.0,,,0 days 00:00:28.062000,0 days 00:00:28.921000,0 days 00:00:28.509000,0 days 00:40:13.655000,0 days 00:40:42.576000,0 days 00:41:11.085000,292.0,305.0,304.0,309.0,False,MEDIUM,10.0,False,Alpine,0 days 00:39:45.593000,2026-09-05 10:56:47.626,1,,,,False,True,FP3,53.0,31.3,41.2
0 days 00:42:36.621000,COL,43,0 days 00:01:25.536000,11.0,2.0,,,0 days 00:00:28.138000,0 days 00:00:28.977000,0 days 00:00:28.421000,0 days 00:41:39.223000,0 days 00:42:08.200000,0 days 00:42:36.621000,291.0,301.0,310.0,308.0,False,MEDIUM,11.0,False,Alpine,0 days 00:41:11.085000,2026-09-05 10:58:13.118,1,,,,False,True,FP3,53.0,31.3,41.2
0 days 00:44:02.104000,COL,43,0 days 00:01:25.483000,12.0,2.0,,,0 days 00:00:28.243000,0 days 00:00:29.007000,0 days 00:00:28.233000,0 days 00:43:04.864000,0 days 00:43:33.871000,0 days 00:44:02.104000,291.0,300.0,318.0,308.0,False,MEDIUM,12.0,False,Alpine,0 days 00:42:36.621000,2026-09-05 10:59:38.654,1,,,,False,True,FP3,53.0,31.3,41.2
0 days 00:45:26.596000,COL,43,0 days 00:01:24.492000,13.0,2.0,,,0 days 00:00:27.739000,0 days 00:00:28.833000,0 days 00:00:27.920000,0 days 00:44:29.843000,0 days 00:44:58.676000,0 days 00:45:26.596000,298.0,313.0,324.0,319.0,False,MEDIUM,13.0,False,Alpine,0 days 00:44:02.104000,2026-09-05 11:01:04.137,12,,,,False,True,FP3,53.0,31.3,41.2
0 days 00:46:51.679000,COL,43,0 days 00:01:25.083000,14.0,2.0,,,0 days 00:00:28.067000,0 days 00:00:29.050000,0 days 00:00:27.966000,0 days 00:45:54.663000,0 days 00:46:23.713000,0 days 00:46:51.679000,296.0,309.0,313.0,285.0,False,MEDIUM,14.0,False,Alpine,0 days 00:45:26.596000,2026-09-05 11:02:28.629,21,,,,False,True,FP3,53.0,31.3,41.2
0 days 00:48:16.740000,COL,43,0 days 00:01:25.061000,15.0,2.0,,,0 days 00:00:28.102000,0 days 00:00:29.049000,0 days 00:00:27.910000,0 days 00:47:19.781000,0 days 00:47:48.830000,0 days 00:48:16.740000,291.0,303.0,303.0,303.0,False,MEDIUM,15.0,False,Alpine,0 days 00:46:51.679000,2026-09-05 11:03:53.712,1,,,,False,True,FP3,53.0,31.3,41.2
0 days 00:50:06.861000,COL,43,0 days 00:01:50.121000,16.0,2.0,,0 days 00:50:03.013000,0 days 00:00:29.636000,0 days 00:00:34.287000,0 days 00:00:46.198000,0 days 00:48:46.376000,0 days 00:49:20.663000,0 days 00:50:06.861000,228.0,198.0,,305.0,False,MEDIUM,16.0,False,Alpine,0 days 00:48:16.740000,2026-09-05 11:05:18.773,1,,,,False,False,FP3,52.7,31.5,40.7
0 days 01:01:26.374000,COL,43,,17.0,3.0,0 days 00:59:35.550000,,,0 days 00:00:40.184000,0 days 00:00:31.495000,,0 days 01:00:55.083000,0 days 01:01:26.582000,158.0,256.0,304.0,149.0,False,SOFT,1.0,True,Alpine,0 days 00:50:06.861000,2026-09-05 11:07:08.894,1,,,,False,False,FP3,52.7,31.5,40.7
0 days 01:02:49.475000,COL,43,0 days 00:01:23.101000,18.0,3.0,,,0 days 00:00:27.098000,0 days 00:00:28.174000,0 days 00:00:27.829000,0 days 01:01:53.472000,0 days 01:02:21.646000,0 days 01:02:49.475000,299.0,318.0,285.0,322.0,True,SOFT,2.0,True,Alpine,0 days 01:01:26.374000,2026-09-05 11:18:28.407,1,,,,False,True,FP3,52.7,31.5,40.7
0 days 01:05:09.126000,COL,43,0 days 00:02:19.651000,19.0,3.0,,0 days 01:05:05.453000,0 days 00:00:43.577000,0 days 00:00:50.332000,0 days 00:00:45.742000,0 days 01:03:33.052000,0 days 01:04:23.384000,0 days 01:05:09.126000,180.0,200.0,,149.0,False,SOFT,3.0,True,Alpine,0 days 01:02:49.475000,2026-09-05 11:19:51.508,12,,,,False,False,FP3,52.7,31.5,40.7
0 days 01:12:31.522000,COL,43,,20.0,4.0,0 days 01:10:37.276000,,,0 days 00:00:39.022000,0 days 00:00:39.413000,,0 days 01:11:52.236000,0 days 01:12:31.536000,255.0,248.0,304.0,150.0,False,SOFT,4.0,False,Alpine,0 days 01:05:09.126000,2026-09-05 11:22:11.159,1,,,,False,False,FP3,52.7,31.5,40.7
0 days 01:13:55.248000,COL,43,0 days 00:01:23.726000,21.0,4.0,,,0 days 00:00:27.583000,0 days 00:00:28.222000,0 days 00:00:27.921000,0 days 01:12:59.105000,0 days 01:13:27.327000,0 days 01:13:55.248000,299.0,319.0,285.0,330.0,False,SOFT,5.0,False,Alpine,0 days 01:12:31.522000,2026-09-05 11:29:33.555,1,,,,False,True,FP3,52.7,31.5,40.7
0 days 01:16:02.786000,COL,43,0 days 00:02:07.538000,22.0,4.0,,,0 days 00:00:38.153000,0 days 00:00:38.846000,0 days 00:00:50.539000,0 days 01:14:33.401000,0 days 01:15:12.247000,0 days 01:16:02.786000,209.0,239.0,91.0,166.0,False,SOFT,6.0,False,Alpine,0 days 01:13:55.248000,2026-09-05 11:30:57.281,1,,,,False,True,FP3,52.7,31.5,40.7
0 days 01:18:23.040000,COL,43,0 days 00:02:20.254000,23.0,4.0,,0 days 01:18:19.112000,0 days 00:01:04.367000,0 days 00:00:29.012000,0 days 00:00:46.875000,0 days 01:17:07.153000,0 days 01:17:36.165000,0 days 01:18:23.040000,283.0,304.0,,293.0,False,SOFT,7.0,False,Alpine,0 days 01:16:02.786000,2026-09-05 11:33:04.819,1,,,,False,False,FP3,52.7,31.5,40.7
0 days 00:30:07.922000,HAM,44,,1.0,1.0,0 days 00:28:22.793000,,,0 days 00:00:32.770000,0 days 00:00:36.946000,,0 days 00:29:31.506000,0 days 00:30:08.008000,236.0,286.0,289.0,201.0,False,SOFT,1.0,True,Ferrari,0 days 00:28:22.793000,2026-09-05 10:45:24.826,1,,,,False,False,FP3,52.8,31.8,40.7
0 days 00:31:32.834000,HAM,44,0 days 00:01:24.912000,2.0,1.0,,,0 days 00:00:27.659000,0 days 00:00:29.181000,0 days 00:00:28.072000,0 days 00:30:35.581000,0 days 00:31:04.762000,0 days 00:31:32.834000,293.0,309.0,282.0,324.0,True,SOFT,2.0,True,Ferrari,0 days 00:30:07.922000,2026-09-05 10:47:09.955,1,,,,False,True,FP3,52.8,31.8,40.7
0 days 00:34:12.129000,HAM,44,,3.0,1.0,,,0 days 00:00:56.314000,0 days 00:00:56.743000,0 days 00:00:46.220000,0 days 00:32:29.331000,0 days 00:33:26.144000,0 days 00:34:12.188000,124.0,187.0,189.0,122.0,False,SOFT,3.0,True,Ferrari,0 days 00:31:32.834000,2026-09-05 10:48:34.867,1,,,,False,False,FP3,52.8,31.8,40.7
0 days 00:36:31.891000,HAM,44,0 days 00:02:19.762000,4.0,1.0,,,0 days 00:01:02.819000,0 days 00:00:43.174000,0 days 00:00:33.769000,0 days 00:35:14.948000,0 days 00:35:58.122000,0 days 00:36:31.891000,232.0,252.0,291.0,103.0,False,SOFT,4.0,True,Ferrari,0 days 00:34:12.129000,2026-09-05 10:51:14.162,12,,,,False,True,FP3,52.8,31.8,40.7
0 days 00:37:55.574000,HAM,44,0 days 00:01:23.683000,5.0,1.0,,,0 days 00:00:27.465000,0 days 00:00:28.408000,0 days 00:00:27.810000,0 days 00:36:59.356000,0 days 00:37:27.764000,0 days 00:37:55.574000,294.0,307.0,281.0,323.0,True,SOFT,5.0,True,Ferrari,0 days 00:36:31.891000,2026-09-05 10:53:33.924,1,,,,False,True,FP3,52.8,31.8,40.7
0 days 00:40:26.365000,HAM,44,,6.0,1.0,,0 days 00:40:22.437000,0 days 00:00:49.568000,0 days 00:00:50.726000,0 days 00:00:50.463000,0 days 00:38:45.228000,0 days 00:39:35.982000,0 days 00:40:26.365000,181.0,216.0,,126.0,False,SOFT,6.0,True,Ferrari,0 days 00:37:55.574000,2026-09-05 10:54:57.607,1,,,,False,False,FP3,52.8,31.8,40.7
0 days 00:43:32.913000,HAM,44,,7.0,2.0,0 days 00:40:43.744000,,0 days 00:01:22.428000,0 days 00:00:56.975000,0 days 00:00:47.306000,0 days 00:41:48.848000,0 days 00:42:45.958000,0 days 00:43:33.052000,244.0,69.0,291.0,196.0,False,SOFT,7.0,False,Ferrari,0 days 00:40:26.365000,2026-09-05 10:57:28.398,1,,,,False,False,FP3,52.8,31.8,40.7
0 days 00:45:29.753000,HAM,44,0 days 00:01:56.840000,8.0,2.0,,,0 days 00:00:27.423000,0 days 00:00:47.603000,0 days 00:00:41.814000,0 days 00:44:00.336000,0 days 00:44:47.939000,0 days 00:45:29.753000,293.0,170.0,293.0,321.0,False,SOFT,8.0,False,Ferrari,0 days 00:43:32.913000,2026-09-05 11:00:34.946,12,,,,False,True,FP3,52.8,31.8,40.7
0 days 00:46:52.864000,HAM,44,0 days 00:01:23.111000,9.0,2.0,,,0 days 00:00:27.455000,0 days 00:00:28.220000,0 days 00:00:27.436000,0 days 00:45:57.208000,0 days 00:46:25.428000,0 days 00:46:52.864000,299.0,315.0,285.0,325.0,True,SOFT,9.0,False,Ferrari,0 days 00:45:29.753000,2026-09-05 11:02:31.786,21,,,,False,True,FP3,52.8,31.8,40.7
0 days 00:49:19.371000,HAM,44,0 days 00:02:26.507000,10.0,2.0,,,0 days 00:00:47.560000,0 days 00:00:58.728000,0 days 00:00:40.219000,0 days 00:47:40.424000,0 days 00:48:39.152000,0 days 00:49:19.371000,177.0,139.0,289.0,148.0,False,SOFT,10.0,False,Ferrari,0 days 00:46:52.864000,2026-09-05 11:03:54.897,1,,,,False,True,FP3,52.8,31.8,40.7
0 days 00:50:42.411000,HAM,44,0 days 00:01:23.040000,11.0,2.0,,,0 days 00:00:27.193000,0 days 00:00:28.145000,0 days 00:00:27.702000,0 days 00:49:46.564000,0 days 00:50:14.709000,0 days 00:50:42.411000,295.0,309.0,278.0,325.0,True,SOFT,11.0,False,Ferrari,0 days 00:49:19.371000,2026-09-05 11:06:21.404,1,,,,False,True,FP3,52.8,31.8,40.7
0 days 00:52:35.790000,HAM,44,0 days 00:01:53.379000,12.0,2.0,,0 days 00:52:32.054000,0 days 00:00:34.842000,0 days 00:00:43.689000,0 days 00:00:34.848000,0 days 00:51:17.253000,0 days 00:52:00.942000,0 days 00:52:35.790000,276.0,255.0,,212.0,False,SOFT,12.0,False,Ferrari,0 days 00:50:42.411000,2026-09-05 11:07:44.444,1,,,,False,False,FP3,52.8,31.8,40.7
0 days 01:03:11.138000,HAM,44,,13.0,3.0,0 days 01:01:25.908000,,,0 days 00:00:31.935000,0 days 00:00:31.825000,,0 days 01:02:39.835000,0 days 01:03:11.175000,275.0,290.0,293.0,145.0,False,SOFT,1.0,True,Ferrari,0 days 00:52:35.790000,2026-09-05 11:09:37.823,1,,,,False,False,FP3,52.8,31.8,40.7
0 days 01:05:02.464000,HAM,44,0 days 00:01:51.326000,14.0,3.0,,,0 days 00:00:27.061000,0 days 00:00:42.085000,0 days 00:00:42.180000,0 days 01:03:38.199000,0 days 01:04:20.284000,0 days 01:05:02.464000,302.0,183.0,213.0,327.0,False,SOFT,2.0,True,Ferrari,0 days 01:03:11.138000,2026-09-05 11:20:13.171,12,,,,False,True,FP3,52.8,31.8,40.7
0 days 01:07:05.558000,HAM,44,0 days 00:02:03.094000,15.0,3.0,,,0 days 00:00:39.808000,0 days 00:00:44.244000,0 days 00:00:39.042000,0 days 01:05:42.272000,0 days 01:06:26.516000,0 days 01:07:05.558000,218.0,163.0,294.0,224.0,False,SOFT,3.0,True,Ferrari,0 days 01:05:02.464000,2026-09-05 11:22:04.497,1,,,,False,True,FP3,53.0,31.8,40.7
0 days 01:08:28.003000,HAM,44,0 days 00:01:22.445000,16.0,3.0,,,0 days 00:00:27.046000,0 days 00:00:27.896000,0 days 00:00:27.503000,0 days 01:07:32.604000,0 days 01:08:00.500000,0 days 01:08:28.003000,302.0,315.0,284.0,327.0,True,SOFT,4.0,True,Ferrari,0 days 01:07:05.558000,2026-09-05 11:24:07.591,1,,,,False,True,FP3,53.0,31.8,40.7
0 days 01:10:51.318000,HAM,44,0 days 00:02:23.315000,17.0,3.0,,,0 days 00:00:44.933000,0 days 00:00:54.805000,0 days 00:00:43.577000,0 days 01:09:12.936000,0 days 01:10:07.741000,0 days 01:10:51.318000,143.0,209.0,192.0,139.0,False,SOFT,5.0,True,Ferrari,0 days 01:08:28.003000,2026-09-05 11:25:30.036,1,,,,False,True,FP3,53.0,31.8,40.7
0 days 01:12:42.738000,HAM,44,0 days 00:01:51.420000,18.0,3.0,,,0 days 00:00:44.879000,0 days 00:00:32.733000,0 days 00:00:33.808000,0 days 01:11:36.197000,0 days 01:12:08.930000,0 days 01:12:42.738000,277.0,292.0,291.0,161.0,False,SOFT,6.0,True,Ferrari,0 days 01:10:51.318000,2026-09-05 11:27:53.351,1,,,,False,True,FP3,53.0,31.8,40.7
0 days 01:14:27.131000,HAM,44,0 days 00:01:44.393000,19.0,3.0,,,0 days 00:00:30.904000,0 days 00:00:39.155000,0 days 00:00:34.334000,0 days 01:13:13.642000,0 days 01:13:52.797000,0 days 01:14:27.131000,233.0,231.0,292.0,326.0,False,SOFT,7.0,True,Ferrari,0 days 01:12:42.738000,2026-09-05 11:29:44.771,1,,,,False,True,FP3,52.2,31.9,40.7
0 days 01:16:33.533000,HAM,44,0 days 00:02:06.402000,20.0,3.0,,,0 days 00:00:27.221000,0 days 00:00:44.267000,0 days 00:00:54.914000,0 days 01:14:54.352000,0 days 01:15:38.619000,0 days 01:16:33.533000,298.0,158.0,81.0,320.0,False,SOFT,8.0,True,Ferrari,0 days 01:14:27.131000,2026-09-05 11:31:29.164,1,,,,False,True,FP3,52.2,31.9,40.7
0 days 01:19:42.146000,HAM,44,,21.0,3.0,,0 days 01:19:38.172000,0 days 00:01:14.281000,0 days 00:00:40.808000,0 days 00:01:13.402000,0 days 01:17:48.052000,0 days 01:18:28.825000,0 days 01:19:42.146000,298.0,52.0,,297.0,False,SOFT,9.0,True,Ferrari,0 days 01:16:33.533000,2026-09-05 11:33:35.566,1,,,,False,False,FP3,52.2,31.9,40.7
0 days 00:18:56.143000,SAI,55,,1.0,1.0,0 days 00:17:18.073000,,,0 days 00:00:33.096000,0 days 00:00:32.172000,,0 days 00:18:24.314000,0 days 00:18:56.241000,261.0,259.0,295.0,244.0,False,SOFT,1.0,True,Williams,0 days 00:17:18.073000,2026-09-05 10:34:20.106,1,,,,False,False,FP3,52.2,31.9,40.7
0 days 00:20:21.625000,SAI,55,0 days 00:01:25.482000,2.0,1.0,,,0 days 00:00:27.923000,0 days 00:00:28.964000,0 days 00:00:28.595000,0 days 00:19:24.066000,0 days 00:19:53.030000,0 days 00:20:21.625000,298.0,310.0,278.0,320.0,True,SOFT,2.0,True,Williams,0 days 00:18:56.143000,2026-09-05 10:35:58.176,1,,,,False,True,FP3,52.2,31.9,40.7
0 days 00:22:29.823000,SAI,55,0 days 00:02:08.198000,3.0,1.0,,,0 days 00:00:40.627000,0 days 00:00:47.833000,0 days 00:00:39.738000,0 days 00:21:02.252000,0 days 00:21:50.085000,0 days 00:22:29.823000,188.0,162.0,217.0,226.0,False,SOFT,3.0,True,Williams,0 days 00:20:21.625000,2026-09-05 10:37:23.658,1,,,,False,True,FP3,52.2,31.9,40.7
0 days 00:24:29.245000,SAI,55,0 days 00:01:59.422000,4.0,1.0,,,0 days 00:00:49.552000,0 days 00:00:36.675000,0 days 00:00:33.195000,0 days 00:23:19.375000,0 days 00:23:56.050000,0 days 00:24:29.245000,247.0,235.0,300.0,285.0,False,SOFT,4.0,True,Williams,0 days 00:22:29.823000,2026-09-05 10:39:31.856,1,,,,False,True,FP3,52.2,31.9,40.7
0 days 00:25:53.887000,SAI,55,0 days 00:01:24.642000,5.0,1.0,,,0 days 00:00:27.333000,0 days 00:00:28.900000,0 days 00:00:28.409000,0 days 00:24:56.578000,0 days 00:25:25.478000,0 days 00:25:53.887000,301.0,310.0,283.0,325.0,True,SOFT,5.0,True,Williams,0 days 00:24:29.245000,2026-09-05 10:41:31.278,1,,,,False,True,FP3,52.2,31.9,40.7
0 days 00:27:58.020000,SAI,55,0 days 00:02:04.133000,6.0,1.0,,,0 days 00:00:41.054000,0 days 00:00:38.819000,0 days 00:00:44.260000,0 days 00:26:34.941000,0 days 00:27:13.760000,0 days 00:27:58.020000,177.0,228.0,165.0,269.0,False,SOFT,6.0,True,Williams,0 days 00:25:53.887000,2026-09-05 10:42:55.920,1,,,,False,True,FP3,52.2,31.9,40.7
0 days 00:30:00.072000,SAI,55,0 days 00:02:02.052000,7.0,1.0,,,0 days 00:00:44.902000,0 days 00:00:41.640000,0 days 00:00:35.510000,0 days 00:28:42.922000,0 days 00:29:24.562000,0 days 00:30:00.072000,199.0,259.0,299.0,184.0,False,SOFT,7.0,True,Williams,0 days 00:27:58.020000,2026-09-05 10:45:00.053,1,,,,False,True,FP3,52.2,31.9,40.7
0 days 00:31:39.385000,SAI,55,0 days 00:01:39.313000,8.0,1.0,,,0 days 00:00:27.167000,0 days 00:00:28.737000,0 days 00:00:43.409000,0 days 00:30:27.239000,0 days 00:30:55.976000,0 days 00:31:39.385000,301.0,322.0,170.0,330.0,False,SOFT,8.0,True,Williams,0 days 00:30:00.072000,2026-09-05 10:47:02.105,1,,,,False,True,FP3,52.2,31.9,40.7
0 days 00:33:27.221000,SAI,55,0 days 00:01:47.836000,9.0,1.0,,,0 days 00:00:40.060000,0 days 00:00:34.747000,0 days 00:00:33.029000,0 days 00:32:19.445000,0 days 00:32:54.192000,0 days 00:33:27.221000,264.0,283.0,298.0,183.0,False,SOFT,9.0,True,Williams,0 days 00:31:39.385000,2026-09-05 10:48:41.418,1,,,,False,True,FP3,52.2,31.9,40.7
0 days 00:35:02.035000,SAI,55,0 days 00:01:34.814000,10.0,1.0,,0 days 00:34:58.339000,0 days 00:00:27.291000,0 days 00:00:28.778000,0 days 00:00:38.745000,0 days 00:33:54.512000,0 days 00:34:23.290000,0 days 00:35:02.035000,300.0,317.0,,324.0,False,SOFT,10.0,True,Williams,0 days 00:33:27.221000,2026-09-05 10:50:29.254,12,,,,False,False,FP3,52.2,31.9,40.7
0 days 00:39:49.516000,SAI,55,,11.0,2.0,0 days 00:38:17.219000,,,0 days 00:00:31.073000,0 days 00:00:29.401000,,0 days 00:39:20.282000,0 days 00:39:49.516000,287.0,303.0,285.0,199.0,False,SOFT,11.0,False,Williams,0 days 00:35:02.035000,2026-09-05 10:52:04.068,21,,,,False,False,FP3,52.2,31.9,40.7
0 days 00:41:15.731000,SAI,55,0 days 00:01:26.215000,12.0,2.0,,,0 days 00:00:28.433000,0 days 00:00:29.223000,0 days 00:00:28.559000,0 days 00:40:17.949000,0 days 00:40:47.172000,0 days 00:41:15.731000,300.0,314.0,292.0,305.0,False,SOFT,12.0,False,Williams,0 days 00:39:49.516000,2026-09-05 10:56:51.549,1,,,,False,True,FP3,52.2,31.9,40.7
0 days 00:42:41.242000,SAI,55,0 days 00:01:25.511000,13.0,2.0,,,0 days 00:00:28.029000,0 days 00:00:29.178000,0 days 00:00:28.304000,0 days 00:41:43.760000,0 days 00:42:12.938000,0 days 00:42:41.242000,298.0,312.0,300.0,314.0,False,SOFT,13.0,False,Williams,0 days 00:41:15.731000,2026-09-05 10:58:17.764,1,,,,False,True,FP3,53.3,32.1,40.2
0 days 00:44:06.675000,SAI,55,0 days 00:01:25.433000,14.0,2.0,,,0 days 00:00:27.877000,0 days 00:00:29.382000,0 days 00:00:28.174000,0 days 00:43:09.119000,0 days 00:43:38.501000,0 days 00:44:06.675000,299.0,313.0,310.0,320.0,False,SOFT,14.0,False,Williams,0 days 00:42:41.242000,2026-09-05 10:59:43.275,1,,,,False,True,FP3,53.3,32.1,40.2
0 days 00:45:32.427000,SAI,55,0 days 00:01:25.752000,15.0,2.0,,,0 days 00:00:27.921000,0 days 00:00:29.451000,0 days 00:00:28.380000,0 days 00:44:34.596000,0 days 00:45:04.047000,0 days 00:45:32.427000,301.0,316.0,319.0,328.0,False,SOFT,15.0,False,Williams,0 days 00:44:06.675000,2026-09-05 11:01:08.708,12,,,,False,True,FP3,53.3,32.1,40.2
0 days 00:46:58.329000,SAI,55,0 days 00:01:25.902000,16.0,2.0,,,0 days 00:00:27.576000,0 days 00:00:29.588000,0 days 00:00:28.738000,0 days 00:46:00.003000,0 days 00:46:29.591000,0 days 00:46:58.329000,295.0,303.0,305.0,325.0,False,SOFT,16.0,False,Williams,0 days 00:45:32.427000,2026-09-05 11:02:34.460,1,,,,False,True,FP3,53.3,32.1,40.2
0 days 00:48:28.526000,SAI,55,0 days 00:01:30.197000,17.0,2.0,,0 days 00:48:24.787000,0 days 00:00:28.089000,0 days 00:00:29.399000,0 days 00:00:32.709000,0 days 00:47:26.418000,0 days 00:47:55.817000,0 days 00:48:28.526000,295.0,306.0,,309.0,False,SOFT,17.0,False,Williams,0 days 00:46:58.329000,2026-09-05 11:04:00.362,1,,,,False,False,FP3,53.3,32.1,40.2
0 days 00:50:28.780000,SAI,55,0 days 00:02:00.254000,18.0,3.0,0 days 00:48:53.841000,0 days 00:50:24.967000,0 days 00:00:53.847000,0 days 00:00:31.199000,0 days 00:00:35.208000,0 days 00:49:22.373000,0 days 00:49:53.572000,0 days 00:50:28.780000,293.0,285.0,,251.0,False,SOFT,18.0,False,Williams,0 days 00:48:28.526000,2026-09-05 11:05:30.559,1,,,,False,False,FP3,53.3,32.1,40.2
0 days 01:00:28.985000,SAI,55,,19.0,4.0,0 days 00:58:48.482000,,,0 days 00:00:32.263000,0 days 00:00:31.387000,,0 days 00:59:57.885000,0 days 01:00:29.083000,318.0,256.0,300.0,157.0,False,SOFT,1.0,True,Williams,0 days 00:50:28.780000,2026-09-05 11:07:30.813,1,,,,False,False,FP3,53.3,32.1,40.2
0 days 01:01:52.933000,SAI,55,0 days 00:01:23.948000,20.0,4.0,,,0 days 00:00:27.207000,0 days 00:00:28.694000,0 days 00:00:28.047000,0 days 01:00:56.192000,0 days 01:01:24.886000,0 days 01:01:52.933000,302.0,320.0,283.0,326.0,True,SOFT,2.0,True,Williams,0 days 01:00:28.985000,2026-09-05 11:17:31.018,1,,,,False,True,FP3,53.3,32.1,40.2
0 days 01:04:00.534000,SAI,55,0 days 00:02:07.601000,21.0,4.0,,0 days 01:03:56.801000,0 days 00:00:43.057000,0 days 00:00:40.787000,0 days 00:00:43.757000,0 days 01:02:35.990000,0 days 01:03:16.777000,0 days 01:04:00.534000,196.0,212.0,,195.0,False,SOFT,3.0,True,Williams,0 days 01:01:52.933000,2026-09-05 11:18:54.966,1,,,,False,False,FP3,53.3,32.1,40.2
0 days 01:06:07.388000,SAI,55,0 days 00:02:06.854000,22.0,5.0,0 days 01:04:26.242000,,0 days 00:00:59.942000,0 days 00:00:35.239000,0 days 00:00:31.673000,0 days 01:05:00.476000,0 days 01:05:35.715000,0 days 01:06:07.388000,263.0,259.0,299.0,209.0,False,SOFT,4.0,False,Williams,0 days 01:04:00.534000,2026-09-05 11:21:02.567,12,,,,False,False,FP3,53.3,32.1,40.2
0 days 01:07:31.263000,SAI,55,0 days 00:01:23.875000,23.0,5.0,,,0 days 00:00:27.309000,0 days 00:00:28.492000,0 days 00:00:28.074000,0 days 01:06:34.697000,0 days 01:07:03.189000,0 days 01:07:31.263000,300.0,316.0,284.0,322.0,True,SOFT,5.0,False,Williams,0 days 01:06:07.388000,2026-09-05 11:23:09.421,1,,,,False,True,FP3,53.2,32.0,41.2
0 days 01:09:21.974000,SAI,55,0 days 00:01:50.711000,24.0,5.0,,0 days 01:09:18.250000,0 days 00:00:39.296000,0 days 00:00:34.934000,0 days 00:00:36.481000,0 days 01:08:10.559000,0 days 01:08:45.493000,0 days 01:09:21.974000,246.0,289.0,,159.0,False,SOFT,6.0,False,Williams,0 days 01:07:31.263000,2026-09-05 11:24:33.296,1,,,,False,False,FP3,53.2,32.0,41.2
0 days 01:12:57.606000,SAI,55,,25.0,6.0,0 days 01:11:27.924000,,,0 days 00:00:29.777000,0 days 00:00:30.924000,,0 days 01:12:26.808000,0 days 01:12:57.679000,286.0,305.0,288.0,275.0,False,SOFT,7.0,False,Williams,0 days 01:09:21.974000,2026-09-05 11:26:24.007,1,,,,False,False,FP3,53.2,32.0,41.2
0 days 01:14:22.087000,SAI,55,0 days 00:01:24.481000,26.0,6.0,,,0 days 00:00:27.624000,0 days 00:00:28.653000,0 days 00:00:28.204000,0 days 01:13:25.230000,0 days 01:13:53.883000,0 days 01:14:22.087000,303.0,317.0,282.0,313.0,False,SOFT,8.0,False,Williams,0 days 01:12:57.606000,2026-09-05 11:29:59.639,1,,,,False,True,FP3,53.2,32.0,41.2
0 days 01:16:28.340000,SAI,55,0 days 00:02:06.253000,27.0,6.0,,,0 days 00:00:41.552000,0 days 00:00:39.933000,0 days 00:00:44.768000,0 days 01:15:03.639000,0 days 01:15:43.572000,0 days 01:16:28.340000,209.0,204.0,77.0,143.0,False,SOFT,9.0,False,Williams,0 days 01:14:22.087000,2026-09-05 11:31:24.120,1,,,,False,True,FP3,53.2,32.0,41.2
0 days 01:18:53.760000,SAI,55,0 days 00:02:25.420000,28.0,6.0,,0 days 01:18:49.927000,0 days 00:01:18.165000,0 days 00:00:31.145000,0 days 00:00:36.110000,0 days 01:17:46.505000,0 days 01:18:17.650000,0 days 01:18:53.760000,293.0,294.0,,306.0,False,SOFT,10.0,False,Williams,0 days 01:16:28.340000,2026-09-05 11:33:30.373,1,,,,False,False,FP3,53.2,32.0,41.2
0 days 00:37:53.123000,RUS,63,,1.0,1.0,0 days 00:36:03.691000,,,0 days 00:00:38.737000,0 days 00:00:34.388000,,0 days 00:37:18.877000,0 days 00:37:53.231000,256.0,173.0,293.0,244.0,False,SOFT,1.0,True,Mercedes,0 days 00:36:03.691000,2026-09-05 10:53:05.724,1,,,,False,False,FP3,53.2,32.0,41.2
0 days 00:39:16.631000,RUS,63,0 days 00:01:23.508000,2.0,1.0,,,0 days 00:00:27.224000,0 days 00:00:28.224000,0 days 00:00:28.060000,0 days 00:38:20.347000,0 days 00:38:48.571000,0 days 00:39:16.631000,300.0,312.0,277.0,321.0,True,SOFT,2.0,True,Mercedes,0 days 00:37:53.123000,2026-09-05 10:54:55.156,1,,,,False,True,FP3,53.2,32.0,41.2
0 days 00:41:49.346000,RUS,63,,3.0,1.0,,0 days 00:41:45.514000,0 days 00:00:52.180000,0 days 00:00:52.686000,0 days 00:00:47.865000,0 days 00:40:09.007000,0 days 00:41:01.616000,0 days 00:41:49.346000,145.0,157.0,,121.0,False,SOFT,3.0,True,Mercedes,0 days 00:39:16.631000,2026-09-05 10:56:18.664,1,,,,False,False,FP3,53.2,32.0,41.2
0 days 00:46:19.053000,RUS,63,,4.0,2.0,0 days 00:44:25.064000,,,0 days 00:00:42.739000,0 days 00:00:37.210000,,0 days 00:45:41.940000,0 days 00:46:19.141000,283.0,167.0,297.0,267.0,False,SOFT,4.0,False,Mercedes,0 days 00:41:49.346000,2026-09-05 10:58:51.379,12,,,,False,False,FP3,53.2,32.0,41.2
0 days 00:47:41.740000,RUS,63,0 days 00:01:22.687000,5.0,2.0,,,0 days 00:00:27.094000,0 days 00:00:27.933000,0 days 00:00:27.660000,0 days 00:46:46.147000,0 days 00:47:14.080000,0 days 00:47:41.740000,305.0,314.0,282.0,331.0,True,SOFT,5.0,False,Mercedes,0 days 00:46:19.053000,2026-09-05 11:03:21.086,1,,,,False,True,FP3,53.2,32.0,41.2
0 days 00:49:49.009000,RUS,63,0 days 00:02:07.269000,6.0,2.0,,0 days 00:49:45.186000,0 days 00:00:40.885000,0 days 00:00:46.998000,0 days 00:00:39.386000,0 days 00:48:22.625000,0 days 00:49:09.623000,0 days 00:49:49.009000,214.0,272.0,,167.0,False,SOFT,6.0,False,Mercedes,0 days 00:47:41.740000,2026-09-05 11:04:43.773,1,,,,False,False,FP3,53.3,32.2,40.3
0 days 00:55:23.056000,RUS,63,,7.0,3.0,0 days 00:53:38.672000,,,0 days 00:00:36.498000,0 days 00:00:32.001000,,0 days 00:54:51.255000,0 days 00:55:23.270000,262.0,288.0,294.0,253.0,False,SOFT,1.0,True,Mercedes,0 days 00:49:49.009000,2026-09-05 11:06:51.042,1,,,,False,False,FP3,53.3,32.2,40.3
0 days 00:56:45.519000,RUS,63,0 days 00:01:22.463000,8.0,3.0,,,0 days 00:00:27.251000,0 days 00:00:27.709000,0 days 00:00:27.503000,0 days 00:55:50.307000,0 days 00:56:18.016000,0 days 00:56:45.519000,303.0,314.0,282.0,322.0,True,SOFT,2.0,True,Mercedes,0 days 00:55:23.056000,2026-09-05 11:12:25.089,1,,,,False,True,FP3,53.3,32.2,40.3
0 days 00:58:45.902000,RUS,63,0 days 00:02:00.383000,9.0,3.0,,0 days 00:58:42.272000,0 days 00:00:38.313000,0 days 00:00:38.685000,0 days 00:00:43.385000,0 days 00:57:23.832000,0 days 00:58:02.517000,0 days 00:58:45.902000,220.0,219.0,,180.0,False,SOFT,3.0,True,Mercedes,0 days 00:56:45.519000,2026-09-05 11:13:47.552,1,,,,False,False,FP3,53.3,32.2,40.3
0 days 01:04:50.159000,RUS,63,,10.0,4.0,0 days 01:02:41.225000,,,0 days 00:00:56.390000,0 days 00:00:32.198000,,0 days 01:04:18.221000,0 days 01:04:50.267000,177.0,252.0,294.0,221.0,False,SOFT,4.0,False,Mercedes,0 days 00:58:45.902000,2026-09-05 11:15:47.935,12,,,,False,False,FP3,53.3,32.2,40.3
0 days 01:06:46.700000,RUS,63,0 days 00:01:56.541000,11.0,4.0,,,0 days 00:00:35.868000,0 days 00:00:48.081000,0 days 00:00:32.592000,0 days 01:05:26.027000,0 days 01:06:14.108000,0 days 01:06:46.700000,224.0,198.0,289.0,323.0,False,SOFT,5.0,False,Mercedes,0 days 01:04:50.159000,2026-09-05 11:21:52.192,1,,,,False,True,FP3,53.3,32.2,40.3
0 days 01:08:08.919000,RUS,63,0 days 00:01:22.219000,12.0,4.0,,,0 days 00:00:27.112000,0 days 00:00:27.768000,0 days 00:00:27.339000,0 days 01:07:13.812000,0 days 01:07:41.580000,0 days 01:08:08.919000,303.0,317.0,283.0,325.0,True,SOFT,6.0,False,Mercedes,0 days 01:06:46.700000,2026-09-05 11:23:48.733,1,,,,False,True,FP3,53.3,32.2,40.3
0 days 01:09:52.618000,RUS,63,0 days 00:01:43.699000,13.0,4.0,,0 days 01:09:48.951000,0 days 00:00:34.884000,0 days 00:00:32.440000,0 days 00:00:36.375000,0 days 01:08:43.803000,0 days 01:09:16.243000,0 days 01:09:52.618000,271.0,290.0,,186.0,False,SOFT,7.0,False,Mercedes,0 days 01:08:08.919000,2026-09-05 11:25:10.952,1,,,,False,False,FP3,53.3,32.2,40.3
0 days 00:25:04.680000,BOT,77,,1.0,1.0,0 days 00:23:21.500000,,,0 days 00:00:36.935000,0 days 00:00:32.525000,,0 days 00:24:32.389000,0 days 00:25:04.786000,267.0,256.0,282.0,198.0,False,SOFT,1.0,True,Cadillac,0 days 00:23:21.500000,2026-09-05 10:40:23.533,1,,,,False,False,FP3,53.5,32.2,39.5
0 days 00:26:31.699000,BOT,77,0 days 00:01:27.019000,2.0,1.0,,,0 days 00:00:28.177000,0 days 00:00:29.408000,0 days 00:00:29.434000,0 days 00:25:32.857000,0 days 00:26:02.265000,0 days 00:26:31.699000,288.0,294.0,276.0,312.0,True,SOFT,2.0,True,Cadillac,0 days 00:25:04.680000,2026-09-05 10:42:06.713,1,,,,False,True,FP3,53.5,32.2,39.5
0 days 00:28:59.246000,BOT,77,0 days 00:02:27.547000,3.0,1.0,,0 days 00:28:55.301000,0 days 00:00:45.290000,0 days 00:00:51.692000,0 days 00:00:50.565000,0 days 00:27:16.989000,0 days 00:28:08.681000,0 days 00:28:59.246000,158.0,160.0,,165.0,False,SOFT,3.0,True,Cadillac,0 days 00:26:31.699000,2026-09-05 10:43:33.732,1,,,,False,False,FP3,53.5,32.2,39.5
0 days 00:31:42.722000,BOT,77,,4.0,2.0,0 days 00:29:14.370000,,0 days 00:00:59.373000,0 days 00:00:52.386000,0 days 00:00:51.765000,0 days 00:29:58.766000,0 days 00:30:51.183000,0 days 00:31:42.865000,129.0,95.0,287.0,151.0,False,SOFT,4.0,False,Cadillac,0 days 00:28:59.246000,2026-09-05 10:46:01.279,1,,,,False,False,FP3,53.5,32.2,39.5
0 days 00:33:08.813000,BOT,77,0 days 00:01:26.091000,5.0,2.0,,,0 days 00:00:27.908000,0 days 00:00:29.098000,0 days 00:00:29.085000,0 days 00:32:10.630000,0 days 00:32:39.728000,0 days 00:33:08.813000,291.0,308.0,275.0,321.0,True,SOFT,5.0,False,Cadillac,0 days 00:31:42.722000,2026-09-05 10:48:44.755,1,,,,False,True,FP3,53.5,32.2,39.5
0 days 00:34:57.302000,BOT,77,0 days 00:01:48.489000,6.0,2.0,,0 days 00:34:53.427000,0 days 00:00:34.620000,0 days 00:00:33.236000,0 days 00:00:40.633000,0 days 00:33:43.433000,0 days 00:34:16.669000,0 days 00:34:57.302000,283.0,293.0,,196.0,False,SOFT,6.0,False,Cadillac,0 days 00:33:08.813000,2026-09-05 10:50:10.846,12,,,,False,False,FP3,53.5,32.2,39.5
0 days 00:44:50.139000,BOT,77,,7.0,3.0,0 days 00:43:04.980000,,,0 days 00:00:35.126000,0 days 00:00:32.372000,,0 days 00:44:17.943000,0 days 00:44:50.256000,242.0,274.0,286.0,228.0,False,SOFT,7.0,False,Cadillac,0 days 00:34:57.302000,2026-09-05 10:51:59.335,21,,,,False,False,FP3,53.5,32.2,39.5
0 days 00:46:15.143000,BOT,77,0 days 00:01:25.004000,8.0,3.0,,,0 days 00:00:27.608000,0 days 00:00:28.648000,0 days 00:00:28.748000,0 days 00:45:17.747000,0 days 00:45:46.395000,0 days 00:46:15.143000,296.0,307.0,284.0,318.0,True,SOFT,8.0,False,Cadillac,0 days 00:44:50.139000,2026-09-05 11:01:52.172,12,,,,False,True,FP3,53.5,32.2,39.5
0 days 00:48:13.256000,BOT,77,0 days 00:01:58.113000,9.0,3.0,,,0 days 00:00:42.464000,0 days 00:00:39.530000,0 days 00:00:36.119000,0 days 00:46:57.607000,0 days 00:47:37.137000,0 days 00:48:13.256000,166.0,290.0,218.0,176.0,False,SOFT,9.0,False,Cadillac,0 days 00:46:15.143000,2026-09-05 11:03:17.176,1,,,,False,True,FP3,53.5,32.2,39.5
0 days 00:50:09.668000,BOT,77,0 days 00:01:56.412000,10.0,3.0,,,0 days 00:00:39.023000,0 days 00:00:39.434000,0 days 00:00:37.955000,0 days 00:48:52.279000,0 days 00:49:31.713000,0 days 00:50:09.668000,186.0,255.0,284.0,193.0,False,SOFT,10.0,False,Cadillac,0 days 00:48:13.256000,2026-09-05 11:05:15.289,1,,,,False,True,FP3,53.5,32.2,39.5
0 days 00:51:34.877000,BOT,77,0 days 00:01:25.209000,11.0,3.0,,,0 days 00:00:27.652000,0 days 00:00:28.854000,0 days 00:00:28.703000,0 days 00:50:37.320000,0 days 00:51:06.174000,0 days 00:51:34.877000,296.0,308.0,282.0,317.0,False,SOFT,11.0,False,Cadillac,0 days 00:50:09.668000,2026-09-05 11:07:11.701,1,,,,False,True,FP3,53.5,32.2,39.5
0 days 00:53:21.249000,BOT,77,0 days 00:01:46.372000,12.0,3.0,,0 days 00:53:17.374000,0 days 00:00:31.219000,0 days 00:00:34.218000,0 days 00:00:40.935000,0 days 00:52:06.096000,0 days 00:52:40.314000,0 days 00:53:21.249000,273.0,238.0,,275.0,False,SOFT,12.0,False,Cadillac,0 days 00:51:34.877000,2026-09-05 11:08:36.910,1,,,,False,False,FP3,53.5,32.2,39.5
0 days 01:03:01.300000,BOT,77,,13.0,4.0,0 days 01:01:17.153000,,,0 days 00:00:39.698000,0 days 00:00:32.700000,,0 days 01:02:28.725000,0 days 01:03:01.384000,263.0,278.0,288.0,236.0,False,SOFT,1.0,True,Cadillac,0 days 00:53:21.249000,2026-09-05 11:10:23.282,1,,,,False,False,FP3,53.4,32.2,40.5
0 days 01:04:26.393000,BOT,77,0 days 00:01:25.093000,14.0,4.0,,,0 days 00:00:27.585000,0 days 00:00:28.779000,0 days 00:00:28.729000,0 days 01:03:28.885000,0 days 01:03:57.664000,0 days 01:04:26.393000,297.0,303.0,281.0,321.0,False,SOFT,2.0,True,Cadillac,0 days 01:03:01.300000,2026-09-05 11:20:03.333,1,,,,False,True,FP3,52.2,32.3,39.7
0 days 01:06:49.443000,BOT,77,0 days 00:02:23.050000,15.0,4.0,,0 days 01:06:45.506000,0 days 00:00:42.568000,0 days 00:00:46.771000,0 days 00:00:53.711000,0 days 01:05:08.961000,0 days 01:05:55.732000,0 days 01:06:49.443000,193.0,216.0,,142.0,False,SOFT,3.0,True,Cadillac,0 days 01:04:26.393000,2026-09-05 11:21:28.426,12,,,,False,False,FP3,52.2,32.3,39.7
0 days 01:09:00.924000,BOT,77,0 days 00:02:11.481000,16.0,5.0,0 days 01:07:18.877000,,0 days 00:01:01.874000,0 days 00:00:36.116000,0 days 00:00:33.491000,0 days 01:07:51.317000,0 days 01:08:27.433000,0 days 01:09:00.924000,289.0,193.0,289.0,159.0,False,SOFT,4.0,False,Cadillac,0 days 01:06:49.443000,2026-09-05 11:23:51.476,1,,,,False,False,FP3,52.2,32.3,39.7
0 days 01:10:26.023000,BOT,77,0 days 00:01:25.099000,17.0,5.0,,,0 days 00:00:27.291000,0 days 00:00:29.102000,0 days 00:00:28.706000,0 days 01:09:28.215000,0 days 01:09:57.317000,0 days 01:10:26.023000,304.0,312.0,284.0,325.0,False,SOFT,5.0,False,Cadillac,0 days 01:09:00.924000,2026-09-05 11:26:02.957,1,,,,False,True,FP3,52.2,32.3,39.7
0 days 01:13:06.409000,BOT,77,,18.0,5.0,,,0 days 00:00:40.847000,0 days 00:00:46.454000,0 days 00:01:13.152000,0 days 01:11:06.958000,0 days 01:11:53.342000,0 days 01:13:06.479000,207.0,85.0,237.0,143.0,False,SOFT,6.0,False,Cadillac,0 days 01:10:26.023000,2026-09-05 11:27:28.056,1,,,,False,False,FP3,52.2,32.3,39.7
0 days 01:15:19.314000,BOT,77,0 days 00:02:12.905000,19.0,5.0,,,0 days 00:00:37.069000,0 days 00:00:34.887000,0 days 00:01:00.949000,0 days 01:13:43.478000,0 days 01:14:18.365000,0 days 01:15:19.314000,275.0,219.0,53.0,174.0,False,SOFT,7.0,False,Cadillac,0 days 01:13:06.409000,2026-09-05 11:30:08.442,1,,,,False,True,FP3,52.2,32.3,39.7
0 days 01:17:35.135000,BOT,77,0 days 00:02:15.821000,20.0,5.0,,0 days 01:17:31.646000,0 days 00:01:08.802000,0 days 00:00:31.520000,0 days 00:00:35.499000,0 days 01:16:28.116000,0 days 01:16:59.636000,0 days 01:17:35.135000,290.0,284.0,,290.0,False,SOFT,8.0,False,Cadillac,0 days 01:15:19.314000,2026-09-05 11:32:21.347,1,,,,False,False,FP3,52.2,32.3,39.7
0 days 00:33:23.672000,PIA,81,,1.0,1.0,0 days 00:31:13.498000,,,0 days 00:00:31.867000,0 days 00:00:34.548000,,0 days 00:32:49.283000,0 days 00:33:23.753000,299.0,293.0,289.0,147.0,False,MEDIUM,1.0,True,McLaren,0 days 00:31:13.498000,2026-09-05 10:48:15.531,1,,,,False,False,FP3,52.2,32.3,39.7
0 days 00:34:47.550000,PIA,81,0 days 00:01:23.878000,2.0,1.0,,,0 days 00:00:27.578000,0 days 00:00:28.257000,0 days 00:00:28.043000,0 days 00:33:51.250000,0 days 00:34:19.507000,0 days 00:34:47.550000,297.0,316.0,282.0,321.0,True,MEDIUM,2.0,True,McLaren,0 days 00:33:23.672000,2026-09-05 10:50:25.705,12,,,,False,True,FP3,52.2,32.3,39.7
0 days 00:36:47.069000,PIA,81,0 days 00:01:59.519000,3.0,1.0,,,0 days 00:00:42.267000,0 days 00:00:40.650000,0 days 00:00:36.602000,0 days 00:35:29.817000,0 days 00:36:10.467000,0 days 00:36:47.069000,206.0,208.0,212.0,173.0,False,MEDIUM,3.0,True,McLaren,0 days 00:34:47.550000,2026-09-05 10:51:49.583,21,,,,False,True,FP3,52.2,32.3,39.7
0 days 00:38:50.317000,PIA,81,0 days 00:02:03.248000,4.0,1.0,,0 days 00:38:46.478000,0 days 00:00:37.623000,0 days 00:00:32.730000,0 days 00:00:52.895000,0 days 00:37:24.692000,0 days 00:37:57.422000,0 days 00:38:50.317000,278.0,281.0,,181.0,False,MEDIUM,4.0,True,McLaren,0 days 00:36:47.069000,2026-09-05 10:53:49.102,1,,,,False,False,FP3,52.2,32.3,39.7
0 days 00:41:20.220000,PIA,81,0 days 00:02:29.903000,5.0,2.0,0 days 00:39:08.120000,,0 days 00:01:10.176000,0 days 00:00:45.540000,0 days 00:00:34.187000,0 days 00:40:00.493000,0 days 00:40:46.033000,0 days 00:41:20.220000,270.0,125.0,289.0,74.0,False,MEDIUM,5.0,False,McLaren,0 days 00:38:50.317000,2026-09-05 10:55:52.350,1,,,,False,False,FP3,52.2,32.3,39.7
0 days 00:43:35.561000,PIA,81,0 days 00:02:15.341000,6.0,2.0,,,0 days 00:00:33.413000,0 days 00:00:53.697000,0 days 00:00:48.231000,0 days 00:41:53.633000,0 days 00:42:47.330000,0 days 00:43:35.561000,267.0,66.0,290.0,326.0,False,MEDIUM,6.0,False,McLaren,0 days 00:41:20.220000,2026-09-05 10:58:22.253,1,,,,False,True,FP3,52.2,32.3,39.7
0 days 00:44:59.233000,PIA,81,0 days 00:01:23.672000,7.0,2.0,,,0 days 00:00:27.462000,0 days 00:00:28.030000,0 days 00:00:28.180000,0 days 00:44:03.023000,0 days 00:44:31.053000,0 days 00:44:59.233000,296.0,312.0,282.0,327.0,True,MEDIUM,7.0,False,McLaren,0 days 00:43:35.561000,2026-09-05 11:00:37.594,1,,,,False,True,FP3,52.2,32.3,39.7
0 days 00:47:16.507000,PIA,81,0 days 00:02:17.274000,8.0,2.0,,0 days 00:47:12.774000,0 days 00:00:34.072000,0 days 00:00:49.875000,0 days 00:00:53.327000,0 days 00:45:33.305000,0 days 00:46:23.180000,0 days 00:47:16.507000,234.0,81.0,,278.0,False,MEDIUM,8.0,False,McLaren,0 days 00:44:59.233000,2026-09-05 11:02:01.266,12,,,,False,False,FP3,52.2,32.3,39.7
0 days 00:49:38.615000,PIA,81,0 days 00:02:22.108000,9.0,3.0,0 days 00:47:40.918000,,0 days 00:01:09.682000,0 days 00:00:41.646000,0 days 00:00:30.780000,0 days 00:48:26.189000,0 days 00:49:07.835000,0 days 00:49:38.615000,177.0,283.0,290.0,104.0,False,MEDIUM,9.0,False,McLaren,0 days 00:47:16.507000,2026-09-05 11:04:18.540,1,,,,False,False,FP3,52.8,32.2,40.4
0 days 00:51:01.957000,PIA,81,0 days 00:01:23.342000,10.0,3.0,,,0 days 00:00:27.229000,0 days 00:00:28.100000,0 days 00:00:28.013000,0 days 00:50:05.844000,0 days 00:50:33.944000,0 days 00:51:01.957000,297.0,318.0,282.0,327.0,True,MEDIUM,10.0,False,McLaren,0 days 00:49:38.615000,2026-09-05 11:06:40.648,1,,,,False,True,FP3,52.8,32.2,40.4
0 days 00:52:51.727000,PIA,81,0 days 00:01:49.770000,11.0,3.0,,0 days 00:52:48.026000,0 days 00:00:34.622000,0 days 00:00:34.665000,0 days 00:00:40.483000,0 days 00:51:36.579000,0 days 00:52:11.244000,0 days 00:52:51.727000,265.0,237.0,,228.0,False,MEDIUM,11.0,False,McLaren,0 days 00:51:01.957000,2026-09-05 11:08:03.990,1,,,,False,False,FP3,52.8,32.2,40.4
0 days 00:55:07.358000,PIA,81,0 days 00:02:15.631000,12.0,4.0,0 days 00:53:08.693000,0 days 00:55:03.587000,0 days 00:01:07.328000,0 days 00:00:32.228000,0 days 00:00:36.075000,0 days 00:53:59.055000,0 days 00:54:31.283000,0 days 00:55:07.358000,273.0,288.0,,266.0,False,MEDIUM,12.0,False,McLaren,0 days 00:52:51.727000,2026-09-05 11:09:53.760,1,,,,False,False,FP3,52.8,32.2,40.4
0 days 01:03:07.443000,PIA,81,,13.0,5.0,0 days 01:01:23.614000,,,0 days 00:00:32.955000,0 days 00:00:31.835000,,0 days 01:02:35.819000,0 days 01:03:07.556000,279.0,298.0,298.0,156.0,False,SOFT,1.0,True,McLaren,0 days 00:55:07.358000,2026-09-05 11:12:09.391,1,,,,False,False,FP3,52.8,32.2,40.4
0 days 01:04:48.049000,PIA,81,0 days 00:01:40.606000,14.0,5.0,,,0 days 00:00:27.063000,0 days 00:00:35.440000,0 days 00:00:38.103000,0 days 01:03:34.506000,0 days 01:04:09.946000,0 days 01:04:48.049000,303.0,228.0,227.0,337.0,False,SOFT,2.0,True,McLaren,0 days 01:03:07.443000,2026-09-05 11:20:09.476,12,,,,False,True,FP3,52.8,32.2,40.4
0 days 01:06:58.940000,PIA,81,0 days 00:02:10.891000,15.0,5.0,,,0 days 00:00:45.652000,0 days 00:00:44.577000,0 days 00:00:40.662000,0 days 01:05:33.701000,0 days 01:06:18.278000,0 days 01:06:58.940000,208.0,177.0,292.0,187.0,False,SOFT,3.0,True,McLaren,0 days 01:04:48.049000,2026-09-05 11:21:50.082,1,,,,False,True,FP3,52.8,32.2,40.4
0 days 01:08:21.962000,PIA,81,0 days 00:01:23.022000,16.0,5.0,,,0 days 00:00:27.422000,0 days 00:00:27.860000,0 days 00:00:27.740000,0 days 01:07:26.362000,0 days 01:07:54.222000,0 days 01:08:21.962000,298.0,313.0,283.0,327.0,True,SOFT,4.0,True,McLaren,0 days 01:06:58.940000,2026-09-05 11:24:00.973,1,,,,False,True,FP3,52.8,32.2,40.4
0 days 01:10:54.076000,PIA,81,,17.0,5.0,,,0 days 00:00:48.832000,0 days 00:00:59.036000,0 days 00:00:44.169000,0 days 01:09:11.008000,0 days 01:10:10.164000,0 days 01:10:54.155000,140.0,193.0,158.0,165.0,False,SOFT,5.0,True,McLaren,0 days 01:08:21.962000,2026-09-05 11:25:23.995,1,,,,False,False,FP3,52.8,32.2,40.4
0 days 01:12:48.041000,PIA,81,0 days 00:01:53.965000,18.0,5.0,,,0 days 00:00:42.631000,0 days 00:00:34.198000,0 days 00:00:37.136000,0 days 01:11:36.707000,0 days 01:12:10.905000,0 days 01:12:48.041000,263.0,297.0,293.0,164.0,False,SOFT,6.0,True,McLaren,0 days 01:10:54.076000,2026-09-05 11:27:56.109,1,,,,False,True,FP3,52.8,32.2,40.4
0 days 01:14:10.814000,PIA,81,0 days 00:01:22.773000,19.0,5.0,,,0 days 00:00:26.981000,0 days 00:00:27.883000,0 days 00:00:27.909000,0 days 01:13:15.022000,0 days 01:13:42.905000,0 days 01:14:10.814000,300.0,318.0,287.0,331.0,True,SOFT,7.0,True,McLaren,0 days 01:12:48.041000,2026-09-05 11:29:50.074,1,,,,False,True,FP3,53.0,32.1,40.7
0 days 01:16:24.859000,PIA,81,0 days 00:02:14.045000,20.0,5.0,,,0 days 00:00:38.043000,0 days 00:00:43.198000,0 days 00:00:52.804000,0 days 01:14:48.857000,0 days 01:15:32.055000,0 days 01:16:24.859000,211.0,184.0,46.0,191.0,False,SOFT,8.0,True,McLaren,0 days 01:14:10.814000,2026-09-05 11:31:12.847,1,,,,False,True,FP3,53.0,32.1,40.7
0 days 01:19:14.858000,PIA,81,,21.0,5.0,,0 days 01:19:10.855000,0 days 00:01:21.978000,0 days 00:00:38.635000,0 days 00:00:49.325000,0 days 01:17:46.898000,0 days 01:18:25.592000,0 days 01:19:14.896000,313.0,224.0,,272.0,False,SOFT,9.0,True,McLaren,0 days 01:16:24.859000,2026-09-05 11:33:26.892,1,,,,False,False,FP3,53.0,32.1,40.7
0 days 00:24:52.833000,BEA,87,,1.0,1.0,0 days 00:23:13.400000,,,0 days 00:00:32.454000,0 days 00:00:32.572000,,0 days 00:24:20.621000,0 days 00:24:53.025000,284.0,253.0,282.0,195.0,False,MEDIUM,1.0,True,Haas F1 Team,0 days 00:23:13.400000,2026-09-05 10:40:15.433,1,,,,False,False,FP3,53.0,32.1,40.7
0 days 00:26:17.755000,BEA,87,0 days 00:01:24.922000,2.0,1.0,,,0 days 00:00:28.077000,0 days 00:00:28.667000,0 days 00:00:28.178000,0 days 00:25:20.910000,0 days 00:25:49.577000,0 days 00:26:17.755000,287.0,301.0,280.0,311.0,True,MEDIUM,2.0,True,Haas F1 Team,0 days 00:24:52.833000,2026-09-05 10:41:54.866,1,,,,False,True,FP3,53.0,32.1,40.7
0 days 00:28:46.597000,BEA,87,0 days 00:02:28.842000,3.0,1.0,,,0 days 00:00:51.847000,0 days 00:00:52.684000,0 days 00:00:44.311000,0 days 00:27:09.602000,0 days 00:28:02.286000,0 days 00:28:46.597000,139.0,194.0,232.0,126.0,False,MEDIUM,3.0,True,Haas F1 Team,0 days 00:26:17.755000,2026-09-05 10:43:19.788,1,,,,False,True,FP3,53.0,32.1,40.7
0 days 00:30:35.268000,BEA,87,0 days 00:01:48.671000,4.0,1.0,,,0 days 00:00:36.522000,0 days 00:00:38.643000,0 days 00:00:33.506000,0 days 00:29:23.119000,0 days 00:30:01.762000,0 days 00:30:35.268000,140.0,284.0,283.0,232.0,False,MEDIUM,4.0,True,Haas F1 Team,0 days 00:28:46.597000,2026-09-05 10:45:48.630,1,,,,False,True,FP3,53.0,32.1,40.7
0 days 00:32:00.052000,BEA,87,0 days 00:01:24.784000,5.0,1.0,,,0 days 00:00:27.826000,0 days 00:00:28.645000,0 days 00:00:28.313000,0 days 00:31:03.094000,0 days 00:31:31.739000,0 days 00:32:00.052000,290.0,298.0,279.0,311.0,True,MEDIUM,5.0,True,Haas F1 Team,0 days 00:30:35.268000,2026-09-05 10:47:37.301,1,,,,False,True,FP3,52.8,32.2,40.5
0 days 00:34:17.159000,BEA,87,0 days 00:02:17.107000,6.0,1.0,,0 days 00:34:13.516000,0 days 00:00:45.864000,0 days 00:00:45.371000,0 days 00:00:45.872000,0 days 00:32:45.916000,0 days 00:33:31.287000,0 days 00:34:17.159000,169.0,208.0,,127.0,False,MEDIUM,6.0,True,Haas F1 Team,0 days 00:32:00.052000,2026-09-05 10:49:02.085,1,,,,False,False,FP3,52.8,32.2,40.5
0 days 00:42:02.742000,BEA,87,,7.0,2.0,0 days 00:40:21.864000,,,0 days 00:00:31.800000,0 days 00:00:32.149000,,0 days 00:41:31.679000,0 days 00:42:02.792000,284.0,258.0,285.0,134.0,False,MEDIUM,7.0,False,Haas F1 Team,0 days 00:34:17.159000,2026-09-05 10:51:19.192,12,,,,False,False,FP3,52.8,32.2,40.5
0 days 00:44:01.093000,BEA,87,0 days 00:01:58.351000,8.0,2.0,,,0 days 00:00:27.796000,0 days 00:00:52.603000,0 days 00:00:37.952000,0 days 00:42:30.538000,0 days 00:43:23.141000,0 days 00:44:01.093000,289.0,71.0,285.0,316.0,False,MEDIUM,8.0,False,Haas F1 Team,0 days 00:42:02.742000,2026-09-05 10:59:04.775,1,,,,False,True,FP3,52.8,32.2,40.5
0 days 00:45:26.383000,BEA,87,0 days 00:01:25.290000,9.0,2.0,,,0 days 00:00:27.801000,0 days 00:00:28.761000,0 days 00:00:28.728000,0 days 00:44:28.894000,0 days 00:44:57.655000,0 days 00:45:26.383000,293.0,301.0,283.0,318.0,False,MEDIUM,9.0,False,Haas F1 Team,0 days 00:44:01.093000,2026-09-05 11:01:03.126,12,,,,False,True,FP3,52.8,32.2,40.5
0 days 00:48:09.364000,BEA,87,,10.0,2.0,,0 days 00:48:05.505000,0 days 00:00:49.130000,0 days 00:00:56.269000,0 days 00:00:57.540000,0 days 00:46:15.705000,0 days 00:47:11.852000,0 days 00:48:09.364000,148.0,145.0,,121.0,False,MEDIUM,10.0,False,Haas F1 Team,0 days 00:45:26.383000,2026-09-05 11:02:28.416,21,,,,False,False,FP3,52.8,32.2,40.5
0 days 00:50:54.188000,BEA,87,,11.0,3.0,0 days 00:49:10.398000,,0 days 00:01:34.464000,0 days 00:00:36.550000,0 days 00:00:34.020000,0 days 00:49:43.843000,0 days 00:50:20.451000,0 days 00:50:54.397000,203.0,267.0,286.0,201.0,False,MEDIUM,11.0,False,Haas F1 Team,0 days 00:48:09.364000,2026-09-05 11:05:11.397,1,,,,False,False,FP3,52.8,32.2,40.5
0 days 00:52:18.851000,BEA,87,0 days 00:01:24.663000,12.0,3.0,,,0 days 00:00:27.831000,0 days 00:00:28.713000,0 days 00:00:28.119000,0 days 00:51:22.019000,0 days 00:51:50.732000,0 days 00:52:18.851000,291.0,301.0,280.0,315.0,True,MEDIUM,12.0,False,Haas F1 Team,0 days 00:50:54.188000,2026-09-05 11:07:56.221,1,,,,False,True,FP3,52.8,32.2,40.5
0 days 00:54:23.953000,BEA,87,0 days 00:02:05.102000,13.0,3.0,,0 days 00:54:20.235000,0 days 00:00:49.998000,0 days 00:00:38.899000,0 days 00:00:36.205000,0 days 00:53:08.849000,0 days 00:53:47.748000,0 days 00:54:23.953000,154.0,285.0,,121.0,False,MEDIUM,13.0,False,Haas F1 Team,0 days 00:52:18.851000,2026-09-05 11:09:20.884,1,,,,False,False,FP3,52.8,32.2,40.5
0 days 01:00:32.969000,BEA,87,,14.0,4.0,0 days 00:58:51.372000,,,0 days 00:00:32.229000,0 days 00:00:31.941000,,0 days 01:00:01.305000,0 days 01:00:33.129000,284.0,255.0,290.0,133.0,False,SOFT,1.0,True,Haas F1 Team,0 days 00:54:23.953000,2026-09-05 11:11:25.986,1,,,,False,False,FP3,52.1,32.2,39.7
0 days 01:01:56.916000,BEA,87,0 days 00:01:23.947000,15.0,4.0,,,0 days 00:00:27.584000,0 days 00:00:28.475000,0 days 00:00:27.888000,0 days 01:01:00.553000,0 days 01:01:29.028000,0 days 01:01:56.916000,295.0,309.0,282.0,322.0,True,SOFT,2.0,True,Haas F1 Team,0 days 01:00:32.969000,2026-09-05 11:17:35.002,1,,,,False,True,FP3,52.1,32.2,39.7
0 days 01:04:03.230000,BEA,87,0 days 00:02:06.314000,16.0,4.0,,0 days 01:03:59.504000,0 days 00:00:45.391000,0 days 00:00:38.843000,0 days 00:00:42.080000,0 days 01:02:42.307000,0 days 01:03:21.150000,0 days 01:04:03.230000,181.0,251.0,,133.0,False,SOFT,3.0,True,Haas F1 Team,0 days 01:01:56.916000,2026-09-05 11:18:58.949,1,,,,False,False,FP3,52.1,32.2,39.7
0 days 01:06:12.567000,BEA,87,0 days 00:02:09.337000,17.0,5.0,0 days 01:04:32.081000,,0 days 00:01:03.764000,0 days 00:00:32.681000,0 days 00:00:32.892000,0 days 01:05:06.994000,0 days 01:05:39.675000,0 days 01:06:12.567000,276.0,249.0,290.0,202.0,False,SOFT,4.0,False,Haas F1 Team,0 days 01:04:03.230000,2026-09-05 11:21:05.263,12,,,,False,False,FP3,52.1,32.2,39.7
0 days 01:07:36.517000,BEA,87,0 days 00:01:23.950000,18.0,5.0,,,0 days 00:00:27.593000,0 days 00:00:28.463000,0 days 00:00:27.894000,0 days 01:06:40.160000,0 days 01:07:08.623000,0 days 01:07:36.517000,294.0,308.0,281.0,320.0,False,SOFT,5.0,False,Haas F1 Team,0 days 01:06:12.567000,2026-09-05 11:23:14.600,1,,,,False,True,FP3,52.1,32.2,39.7
0 days 01:09:50.510000,BEA,87,0 days 00:02:13.993000,19.0,5.0,,0 days 01:09:46.778000,0 days 00:00:33.322000,0 days 00:00:45.306000,0 days 00:00:55.365000,0 days 01:08:09.839000,0 days 01:08:55.145000,0 days 01:09:50.510000,160.0,175.0,,297.0,False,SOFT,6.0,False,Haas F1 Team,0 days 01:07:36.517000,2026-09-05 11:24:38.550,1,,,,False,False,FP3,52.1,32.2,39.7
0 days 01:12:33.322000,BEA,87,,20.0,6.0,0 days 01:10:39.701000,,0 days 00:01:24.976000,0 days 00:00:40.579000,0 days 00:00:37.207000,0 days 01:11:15.730000,0 days 01:11:56.229000,0 days 01:12:33.472000,240.0,258.0,292.0,160.0,False,SOFT,7.0,False,Haas F1 Team,0 days 01:09:50.510000,2026-09-05 11:26:52.543,1,,,,False,False,FP3,52.1,32.2,39.7
0 days 01:13:56.907000,BEA,87,0 days 00:01:23.585000,21.0,6.0,,,0 days 00:00:27.498000,0 days 00:00:28.410000,0 days 00:00:27.677000,0 days 01:13:00.820000,0 days 01:13:29.230000,0 days 01:13:56.907000,296.0,311.0,285.0,328.0,True,SOFT,8.0,False,Haas F1 Team,0 days 01:12:33.322000,2026-09-05 11:29:35.355,1,,,,False,True,FP3,52.1,32.2,39.7
0 days 01:16:03.311000,BEA,87,0 days 00:02:06.404000,22.0,6.0,,,0 days 00:00:39.967000,0 days 00:00:37.199000,0 days 00:00:49.238000,0 days 01:14:36.874000,0 days 01:15:14.073000,0 days 01:16:03.311000,222.0,242.0,61.0,148.0,False,SOFT,9.0,False,Haas F1 Team,0 days 01:13:56.907000,2026-09-05 11:30:58.940,1,,,,False,True,FP3,52.1,32.2,39.7
0 days 01:18:17.429000,BEA,87,0 days 00:02:14.118000,23.0,6.0,,0 days 01:18:13.669000,0 days 00:01:10.504000,0 days 00:00:29.623000,0 days 00:00:33.991000,0 days 01:17:13.815000,0 days 01:17:43.438000,0 days 01:18:17.429000,299.0,315.0,,295.0,False,SOFT,10.0,False,Haas F1 Team,0 days 01:16:03.311000,2026-09-05 11:33:05.344,1,,,,False,False,FP3,52.1,32.2,39.7
