Time,Driver,DriverNumber,LapTime,LapNumber,Stint,PitOutTime,PitInTime,Sector1Time,Sector2Time,Sector3Time,Sector1SessionTime,Sector2SessionTime,Sector3SessionTime,SpeedI1,SpeedI2,SpeedFL,SpeedST,IsPersonalBest,Compound,TyreLife,FreshTyre,Team,LapStartTime,LapStartDate,TrackStatus,Position,Deleted,DeletedReason,FastF1Generated,IsAccurate,Session
0 days 00:17:03.884000,NOR,1,0 days 00:01:49.930000,1.0,1.0,0 days 00:15:15.282000,,0 days 00:00:31.507000,0 days 00:00:41.713000,0 days 00:00:36.710000,0 days 00:15:45.635000,0 days 00:16:27.450000,0 days 00:17:03.955000,142.0,171.0,234.0,235.0,False,HARD,1.0,True,McLaren,0 days 00:15:15.282000,2026-06-05 11:31:15.408,12,,,,False,False,FP1
0 days 00:18:24.735000,NOR,1,0 days 00:01:20.851000,2.0,1.0,,,0 days 00:00:22.281000,0 days 00:00:37.562000,0 days 00:00:21.008000,0 days 00:17:26.165000,0 days 00:18:03.727000,0 days 00:18:24.735000,180.0,188.0,259.0,276.0,True,HARD,2.0,True,McLaren,0 days 00:17:03.884000,2026-06-05 11:33:04.010,1,,,,False,True,FP1
0 days 00:19:45.057000,NOR,1,0 days 00:01:20.322000,3.0,1.0,,,0 days 00:00:20.782000,0 days 00:00:37.194000,0 days 00:00:22.346000,0 days 00:18:45.517000,0 days 00:19:22.711000,0 days 00:19:45.057000,182.0,179.0,257.0,276.0,True,HARD,3.0,True,McLaren,0 days 00:18:24.735000,2026-06-05 11:34:24.861,1,,,,False,True,FP1
0 days 00:21:02.237000,NOR,1,0 days 00:01:17.180000,4.0,1.0,,,0 days 00:00:20.228000,0 days 00:00:36.423000,0 days 00:00:20.529000,0 days 00:20:05.285000,0 days 00:20:41.708000,0 days 00:21:02.237000,195.0,194.0,261.0,277.0,True,HARD,4.0,True,McLaren,0 days 00:19:45.057000,2026-06-05 11:35:45.183,1,,,,False,True,FP1
0 days 00:22:40.024000,NOR,1,0 days 00:01:37.787000,5.0,1.0,,,0 days 00:00:23.701000,0 days 00:00:46.003000,0 days 00:00:28.083000,0 days 00:21:25.938000,0 days 00:22:11.941000,0 days 00:22:40.024000,182.0,156.0,253.0,238.0,False,HARD,5.0,True,McLaren,0 days 00:21:02.237000,2026-06-05 11:37:02.363,1,,,,False,True,FP1
0 days 00:23:59.008000,NOR,1,0 days 00:01:18.984000,6.0,1.0,,,0 days 00:00:20.464000,0 days 00:00:36.387000,0 days 00:00:22.133000,0 days 00:23:00.488000,0 days 00:23:36.875000,0 days 00:23:59.008000,189.0,177.0,256.0,278.0,False,HARD,6.0,True,McLaren,0 days 00:22:40.024000,2026-06-05 11:38:40.150,1,,,,False,True,FP1
0 days 00:25:18.521000,NOR,1,0 days 00:01:19.513000,7.0,1.0,,,0 days 00:00:20.201000,0 days 00:00:37.075000,0 days 00:00:22.237000,0 days 00:24:19.209000,0 days 00:24:56.284000,0 days 00:25:18.521000,199.0,195.0,259.0,277.0,False,HARD,7.0,True,McLaren,0 days 00:23:59.008000,2026-06-05 11:39:59.134,1,,,,False,True,FP1
0 days 00:26:35.008000,NOR,1,0 days 00:01:16.487000,8.0,1.0,,,0 days 00:00:20.022000,0 days 00:00:35.828000,0 days 00:00:20.637000,0 days 00:25:38.543000,0 days 00:26:14.371000,0 days 00:26:35.008000,202.0,195.0,259.0,278.0,True,HARD,8.0,True,McLaren,0 days 00:25:18.521000,2026-06-05 11:41:18.647,1,,,,False,True,FP1
0 days 00:27:59.042000,NOR,1,0 days 00:01:24.034000,9.0,1.0,,,0 days 00:00:20.999000,0 days 00:00:39.832000,0 days 00:00:23.203000,0 days 00:26:56.007000,0 days 00:27:35.839000,0 days 00:27:59.042000,168.0,160.0,260.0,265.0,False,HARD,9.0,True,McLaren,0 days 00:26:35.008000,2026-06-05 11:42:35.134,1,,,,False,True,FP1
0 days 00:29:15.058000,NOR,1,0 days 00:01:16.016000,10.0,1.0,,,0 days 00:00:20.052000,0 days 00:00:35.722000,0 days 00:00:20.242000,0 days 00:28:19.094000,0 days 00:28:54.816000,0 days 00:29:15.058000,200.0,197.0,260.0,278.0,True,HARD,10.0,True,McLaren,0 days 00:27:59.042000,2026-06-05 11:43:59.168,1,,,,False,True,FP1
0 days 00:43:51.144000,NOR,1,,11.0,1.0,,0 days 00:30:35.434000,0 days 00:00:22.765000,0 days 00:00:41.858000,,0 days 00:29:38.129000,0 days 00:30:19.942000,,138.0,168.0,,237.0,False,HARD,11.0,True,McLaren,0 days 00:29:15.058000,2026-06-05 11:45:15.184,1267,,,,False,False,FP1
0 days 00:45:20.409000,NOR,1,0 days 00:01:29.265000,12.0,2.0,0 days 00:43:51.694000,,0 days 00:00:26.441000,0 days 00:00:39.579000,0 days 00:00:23.245000,0 days 00:44:17.585000,0 days 00:44:57.164000,0 days 00:45:20.409000,161.0,181.0,259.0,232.0,False,MEDIUM,1.0,True,McLaren,0 days 00:43:51.144000,2026-06-05 11:59:51.270,71,,,,False,False,FP1
0 days 00:46:39.562000,NOR,1,0 days 00:01:19.153000,13.0,2.0,,,0 days 00:00:20.030000,0 days 00:00:35.872000,0 days 00:00:23.251000,0 days 00:45:40.439000,0 days 00:46:16.311000,0 days 00:46:39.562000,194.0,178.0,260.0,276.0,False,MEDIUM,2.0,True,McLaren,0 days 00:45:20.409000,2026-06-05 12:01:20.535,1,,,,False,True,FP1
0 days 00:47:57.038000,NOR,1,0 days 00:01:17.476000,14.0,2.0,,,0 days 00:00:19.777000,0 days 00:00:35.477000,0 days 00:00:22.222000,0 days 00:46:59.339000,0 days 00:47:34.816000,0 days 00:47:57.038000,206.0,198.0,258.0,275.0,False,MEDIUM,3.0,True,McLaren,0 days 00:46:39.562000,2026-06-05 12:02:39.688,1,,,,False,True,FP1
0 days 00:58:42.881000,NOR,1,,15.0,2.0,,0 days 00:51:09.373000,0 days 00:00:19.856000,0 days 00:00:45.389000,,0 days 00:48:16.938000,0 days 00:49:02.455000,,209.0,140.0,,234.0,False,MEDIUM,4.0,True,McLaren,0 days 00:47:57.038000,2026-06-05 12:03:57.164,125,,,,False,False,FP1
0 days 01:00:25.772000,NOR,1,0 days 00:01:42.891000,16.0,3.0,0 days 00:58:43.823000,,0 days 00:00:28.527000,0 days 00:00:43.180000,0 days 00:00:31.184000,0 days 00:59:11.408000,0 days 00:59:54.588000,0 days 01:00:25.772000,122.0,179.0,247.0,227.0,False,MEDIUM,5.0,False,McLaren,0 days 00:58:43.823000,2026-06-05 12:14:43.949,1,,,,False,False,FP1
0 days 01:01:47.163000,NOR,1,0 days 00:01:21.391000,17.0,3.0,,,0 days 00:00:21.561000,0 days 00:00:36.884000,0 days 00:00:22.946000,0 days 01:00:47.333000,0 days 01:01:24.217000,0 days 01:01:47.163000,182.0,192.0,258.0,278.0,False,MEDIUM,6.0,False,McLaren,0 days 01:00:25.772000,2026-06-05 12:16:25.898,1,,,,False,True,FP1
0 days 01:03:08.479000,NOR,1,0 days 00:01:21.316000,18.0,3.0,,,0 days 00:00:20.176000,0 days 00:00:36.231000,0 days 00:00:24.909000,0 days 01:02:07.339000,0 days 01:02:43.570000,0 days 01:03:08.479000,184.0,181.0,253.0,278.0,False,MEDIUM,7.0,False,McLaren,0 days 01:01:47.163000,2026-06-05 12:17:47.289,1,,,,False,True,FP1
0 days 01:04:30.197000,NOR,1,0 days 00:01:21.718000,19.0,3.0,,,0 days 00:00:20.597000,0 days 00:00:36.165000,0 days 00:00:24.956000,0 days 01:03:29.076000,0 days 01:04:05.241000,0 days 01:04:30.197000,195.0,171.0,255.0,278.0,False,MEDIUM,8.0,False,McLaren,0 days 01:03:08.479000,2026-06-05 12:19:08.605,1,,,,False,True,FP1
0 days 01:05:45.488000,NOR,1,0 days 00:01:15.291000,20.0,3.0,,,0 days 00:00:19.804000,0 days 00:00:35.327000,0 days 00:00:20.160000,0 days 01:04:50.001000,0 days 01:05:25.328000,0 days 01:05:45.488000,206.0,197.0,255.0,278.0,True,MEDIUM,9.0,False,McLaren,0 days 01:04:30.197000,2026-06-05 12:20:30.323,1,,,,False,True,FP1
0 days 01:07:11.361000,NOR,1,0 days 00:01:25.873000,21.0,3.0,,,0 days 00:00:21.869000,0 days 00:00:41.888000,0 days 00:00:22.116000,0 days 01:06:07.357000,0 days 01:06:49.245000,0 days 01:07:11.361000,180.0,172.0,258.0,232.0,False,MEDIUM,10.0,False,McLaren,0 days 01:05:45.488000,2026-06-05 12:21:45.614,12,,,,False,True,FP1
0 days 01:08:26.753000,NOR,1,0 days 00:01:15.392000,22.0,3.0,,,0 days 00:00:19.702000,0 days 00:00:35.518000,0 days 00:00:20.172000,0 days 01:07:31.063000,0 days 01:08:06.581000,0 days 01:08:26.753000,206.0,197.0,260.0,279.0,False,MEDIUM,11.0,False,McLaren,0 days 01:07:11.361000,2026-06-05 12:23:11.487,1,,,,False,True,FP1
0 days 01:09:57.667000,NOR,1,0 days 00:01:30.914000,23.0,3.0,,,0 days 00:00:25.646000,0 days 00:00:41.747000,0 days 00:00:23.521000,0 days 01:08:52.399000,0 days 01:09:34.146000,0 days 01:09:57.667000,117.0,156.0,261.0,246.0,False,MEDIUM,12.0,False,McLaren,0 days 01:08:26.753000,2026-06-05 12:24:26.879,12,,,,False,True,FP1
0 days 01:13:27.770000,NOR,1,,24.0,3.0,,0 days 01:11:31.996000,0 days 00:00:19.789000,,,0 days 01:10:17.663000,,,204.0,,,,False,MEDIUM,13.0,False,McLaren,0 days 01:09:57.667000,2026-06-05 12:25:57.793,215,,,,False,False,FP1
0 days 01:15:10.464000,NOR,1,0 days 00:01:42.694000,25.0,4.0,0 days 01:13:29.075000,,0 days 00:00:34.940000,0 days 00:00:42.851000,0 days 00:00:24.903000,0 days 01:14:02.710000,0 days 01:14:45.561000,0 days 01:15:10.464000,146.0,152.0,194.0,224.0,False,HARD,12.0,False,McLaren,0 days 01:13:29.075000,2026-06-05 12:29:29.201,1,,,,False,False,FP1
0 days 01:17:20.093000,NOR,1,0 days 00:02:09.629000,26.0,4.0,,,0 days 00:00:25.338000,0 days 00:00:40.071000,0 days 00:01:04.220000,0 days 01:15:35.802000,0 days 01:16:15.873000,0 days 01:17:20.093000,151.0,157.0,104.0,261.0,False,HARD,13.0,False,McLaren,0 days 01:15:10.464000,2026-06-05 12:31:10.590,1,,,,False,True,FP1
0 days 01:18:44.709000,NOR,1,,27.0,4.0,,0 days 01:18:44.709000,0 days 00:00:25.617000,0 days 00:00:42.054000,,0 days 01:17:45.819000,0 days 01:18:27.993000,,132.0,158.0,,239.0,False,HARD,14.0,False,McLaren,0 days 01:17:20.093000,2026-06-05 12:33:20.219,12,,,,False,False,FP1
0 days 00:17:36.851000,GAS,10,0 days 00:01:38.098000,1.0,1.0,0 days 00:15:59.645000,,0 days 00:00:29.806000,0 days 00:00:43.869000,0 days 00:00:24.423000,0 days 00:16:28.845000,0 days 00:17:12.679000,0 days 00:17:37.045000,134.0,154.0,242.0,254.0,False,HARD,1.0,True,Alpine,0 days 00:15:59.645000,2026-06-05 11:31:59.771,1,,,,False,False,FP1
0 days 00:19:00.004000,GAS,10,0 days 00:01:23.153000,2.0,1.0,,,0 days 00:00:22.509000,0 days 00:00:38.630000,0 days 00:00:22.014000,0 days 00:17:59.360000,0 days 00:18:37.990000,0 days 00:19:00.004000,162.0,177.0,245.0,266.0,True,HARD,2.0,True,Alpine,0 days 00:17:36.851000,2026-06-05 11:33:36.977,1,,,,False,True,FP1
0 days 00:20:20.391000,GAS,10,0 days 00:01:20.387000,3.0,1.0,,,0 days 00:00:21.174000,0 days 00:00:37.667000,0 days 00:00:21.546000,0 days 00:19:21.178000,0 days 00:19:58.845000,0 days 00:20:20.391000,174.0,183.0,253.0,267.0,True,HARD,3.0,True,Alpine,0 days 00:19:00.004000,2026-06-05 11:35:00.130,1,,,,False,True,FP1
0 days 00:21:39.880000,GAS,10,0 days 00:01:19.489000,4.0,1.0,,,0 days 00:00:20.730000,0 days 00:00:37.153000,0 days 00:00:21.606000,0 days 00:20:41.121000,0 days 00:21:18.274000,0 days 00:21:39.880000,181.0,182.0,246.0,271.0,True,HARD,4.0,True,Alpine,0 days 00:20:20.391000,2026-06-05 11:36:20.517,1,,,,False,True,FP1
0 days 00:22:58.563000,GAS,10,0 days 00:01:18.683000,5.0,1.0,,,0 days 00:00:20.563000,0 days 00:00:36.836000,0 days 00:00:21.284000,0 days 00:22:00.443000,0 days 00:22:37.279000,0 days 00:22:58.563000,187.0,178.0,247.0,269.0,True,HARD,5.0,True,Alpine,0 days 00:21:39.880000,2026-06-05 11:37:40.006,1,,,,False,True,FP1
0 days 00:24:38.135000,GAS,10,0 days 00:01:39.572000,6.0,1.0,,,0 days 00:00:25.091000,0 days 00:00:42.960000,0 days 00:00:31.521000,0 days 00:23:23.654000,0 days 00:24:06.614000,0 days 00:24:38.135000,143.0,109.0,240.0,259.0,False,HARD,6.0,True,Alpine,0 days 00:22:58.563000,2026-06-05 11:38:58.689,1,,,,False,True,FP1
0 days 00:25:56.235000,GAS,10,0 days 00:01:18.100000,7.0,1.0,,,0 days 00:00:20.848000,0 days 00:00:36.452000,0 days 00:00:20.800000,0 days 00:24:58.983000,0 days 00:25:35.435000,0 days 00:25:56.235000,184.0,186.0,257.0,280.0,True,HARD,7.0,True,Alpine,0 days 00:24:38.135000,2026-06-05 11:40:38.261,1,,,,False,True,FP1
0 days 00:27:13.571000,GAS,10,0 days 00:01:17.336000,8.0,1.0,,,0 days 00:00:20.218000,0 days 00:00:36.402000,0 days 00:00:20.716000,0 days 00:26:16.453000,0 days 00:26:52.855000,0 days 00:27:13.571000,190.0,187.0,258.0,279.0,True,HARD,8.0,True,Alpine,0 days 00:25:56.235000,2026-06-05 11:41:56.361,1,,,,False,True,FP1
0 days 00:28:54.415000,GAS,10,0 days 00:01:40.844000,9.0,1.0,,,0 days 00:00:26.989000,0 days 00:00:47.718000,0 days 00:00:26.137000,0 days 00:27:40.560000,0 days 00:28:28.278000,0 days 00:28:54.415000,158.0,117.0,245.0,240.0,False,HARD,9.0,True,Alpine,0 days 00:27:13.571000,2026-06-05 11:43:13.697,1,,,,False,True,FP1
0 days 00:30:17.038000,GAS,10,0 days 00:01:22.623000,10.0,1.0,,,0 days 00:00:20.736000,0 days 00:00:37.654000,0 days 00:00:24.233000,0 days 00:29:15.151000,0 days 00:29:52.805000,0 days 00:30:17.038000,184.0,146.0,252.0,279.0,False,HARD,10.0,True,Alpine,0 days 00:28:54.415000,2026-06-05 11:44:54.541,1,,,,False,True,FP1
0 days 00:31:34.399000,GAS,10,0 days 00:01:17.361000,11.0,1.0,,,0 days 00:00:20.384000,0 days 00:00:36.318000,0 days 00:00:20.659000,0 days 00:30:37.422000,0 days 00:31:13.740000,0 days 00:31:34.399000,196.0,188.0,258.0,281.0,False,HARD,11.0,True,Alpine,0 days 00:30:17.038000,2026-06-05 11:46:17.164,1,,,,False,True,FP1
0 days 00:32:51.426000,GAS,10,0 days 00:01:17.027000,12.0,1.0,,,0 days 00:00:20.213000,0 days 00:00:36.289000,0 days 00:00:20.525000,0 days 00:31:54.612000,0 days 00:32:30.901000,0 days 00:32:51.426000,188.0,190.0,258.0,281.0,True,HARD,12.0,True,Alpine,0 days 00:31:34.399000,2026-06-05 11:47:34.525,1,,,,False,True,FP1
0 days 00:34:28.434000,GAS,10,0 days 00:01:37.008000,13.0,1.0,,,0 days 00:00:28.742000,0 days 00:00:45.997000,0 days 00:00:22.269000,0 days 00:33:20.168000,0 days 00:34:06.165000,0 days 00:34:28.434000,72.0,161.0,259.0,241.0,False,HARD,13.0,True,Alpine,0 days 00:32:51.426000,2026-06-05 11:48:51.552,1,,,,False,True,FP1
0 days 00:35:45.161000,GAS,10,0 days 00:01:16.727000,14.0,1.0,,,0 days 00:00:20.077000,0 days 00:00:36.207000,0 days 00:00:20.443000,0 days 00:34:48.511000,0 days 00:35:24.718000,0 days 00:35:45.161000,193.0,190.0,260.0,281.0,True,HARD,14.0,True,Alpine,0 days 00:34:28.434000,2026-06-05 11:50:28.560,1,,,,False,True,FP1
0 days 00:37:15.532000,GAS,10,0 days 00:01:30.371000,15.0,1.0,,,0 days 00:00:25.778000,0 days 00:00:42.433000,0 days 00:00:22.160000,0 days 00:36:10.939000,0 days 00:36:53.372000,0 days 00:37:15.532000,136.0,170.0,262.0,241.0,False,HARD,15.0,True,Alpine,0 days 00:35:45.161000,2026-06-05 11:51:45.287,1,,,,False,True,FP1
0 days 00:38:39.122000,GAS,10,0 days 00:01:23.590000,16.0,1.0,,,0 days 00:00:19.936000,0 days 00:00:40.805000,0 days 00:00:22.849000,0 days 00:37:35.468000,0 days 00:38:16.273000,0 days 00:38:39.122000,195.0,166.0,247.0,229.0,False,HARD,16.0,True,Alpine,0 days 00:37:15.532000,2026-06-05 11:53:15.658,1,,,,False,True,FP1
0 days 00:40:04.641000,GAS,10,0 days 00:01:25.519000,17.0,1.0,,,0 days 00:00:20.202000,0 days 00:00:41.713000,0 days 00:00:23.604000,0 days 00:38:59.324000,0 days 00:39:41.037000,0 days 00:40:04.641000,194.0,161.0,247.0,244.0,False,HARD,17.0,True,Alpine,0 days 00:38:39.122000,2026-06-05 11:54:39.248,12,,,,False,True,FP1
0 days 00:41:21.485000,GAS,10,0 days 00:01:16.844000,18.0,1.0,,,0 days 00:00:20.149000,0 days 00:00:36.242000,0 days 00:00:20.453000,0 days 00:40:24.790000,0 days 00:41:01.032000,0 days 00:41:21.485000,194.0,191.0,258.0,281.0,False,HARD,18.0,True,Alpine,0 days 00:40:04.641000,2026-06-05 11:56:04.767,1,,,,False,True,FP1
0 days 00:57:15.589000,GAS,10,,19.0,1.0,,0 days 00:42:44.657000,0 days 00:00:24.300000,0 days 00:00:43.056000,,0 days 00:41:46.104000,0 days 00:42:29.091000,,147.0,172.0,,238.0,False,HARD,19.0,True,Alpine,0 days 00:41:21.485000,2026-06-05 11:57:21.611,16725,,,,False,False,FP1
0 days 00:58:47.501000,GAS,10,0 days 00:01:31.912000,20.0,2.0,0 days 00:57:16.470000,,0 days 00:00:29.541000,0 days 00:00:39.874000,0 days 00:00:22.497000,0 days 00:57:45.130000,0 days 00:58:25.004000,0 days 00:58:47.501000,159.0,153.0,263.0,246.0,False,MEDIUM,1.0,True,Alpine,0 days 00:57:16.470000,2026-06-05 12:13:16.596,1,,,,False,False,FP1
0 days 01:00:09.298000,GAS,10,0 days 00:01:21.797000,21.0,2.0,,,0 days 00:00:20.418000,0 days 00:00:36.611000,0 days 00:00:24.768000,0 days 00:59:07.919000,0 days 00:59:44.530000,0 days 01:00:09.298000,194.0,185.0,246.0,281.0,False,MEDIUM,2.0,True,Alpine,0 days 00:58:47.501000,2026-06-05 12:14:47.627,1,,,,False,True,FP1
0 days 01:01:25.590000,GAS,10,0 days 00:01:16.292000,22.0,2.0,,,0 days 00:00:20.049000,0 days 00:00:35.919000,0 days 00:00:20.324000,0 days 01:00:29.347000,0 days 01:01:05.266000,0 days 01:01:25.590000,200.0,190.0,262.0,281.0,True,MEDIUM,3.0,True,Alpine,0 days 01:00:09.298000,2026-06-05 12:16:09.424,1,,,,False,True,FP1
0 days 01:03:15.824000,GAS,10,0 days 00:01:50.234000,23.0,2.0,,,0 days 00:00:37.387000,0 days 00:00:46.243000,0 days 00:00:26.604000,0 days 01:02:02.977000,0 days 01:02:49.220000,0 days 01:03:15.824000,155.0,156.0,245.0,240.0,False,MEDIUM,4.0,True,Alpine,0 days 01:01:25.590000,2026-06-05 12:17:25.716,1,,,,False,True,FP1
0 days 01:04:32.102000,GAS,10,0 days 00:01:16.278000,24.0,2.0,,,0 days 00:00:20.378000,0 days 00:00:35.762000,0 days 00:00:20.138000,0 days 01:03:36.202000,0 days 01:04:11.964000,0 days 01:04:32.102000,199.0,192.0,262.0,281.0,True,MEDIUM,5.0,True,Alpine,0 days 01:03:15.824000,2026-06-05 12:19:15.950,1,,,,False,True,FP1
0 days 01:06:03.788000,GAS,10,0 days 00:01:31.686000,25.0,2.0,,,0 days 00:00:26.063000,0 days 00:00:43.360000,0 days 00:00:22.263000,0 days 01:04:58.165000,0 days 01:05:41.525000,0 days 01:06:03.788000,85.0,167.0,263.0,241.0,False,MEDIUM,6.0,True,Alpine,0 days 01:04:32.102000,2026-06-05 12:20:32.228,1,,,,False,True,FP1
0 days 01:07:19.616000,GAS,10,0 days 00:01:15.828000,26.0,2.0,,,0 days 00:00:19.955000,0 days 00:00:35.738000,0 days 00:00:20.135000,0 days 01:06:23.743000,0 days 01:06:59.481000,0 days 01:07:19.616000,199.0,194.0,263.0,280.0,True,MEDIUM,7.0,True,Alpine,0 days 01:06:03.788000,2026-06-05 12:22:03.914,12,,,,False,True,FP1
0 days 01:08:50.869000,GAS,10,0 days 00:01:31.253000,27.0,2.0,,,0 days 00:00:26.321000,0 days 00:00:41.717000,0 days 00:00:23.215000,0 days 01:07:45.937000,0 days 01:08:27.654000,0 days 01:08:50.869000,139.0,171.0,260.0,240.0,False,MEDIUM,8.0,True,Alpine,0 days 01:07:19.616000,2026-06-05 12:23:19.742,1,,,,False,True,FP1
0 days 01:10:12.827000,GAS,10,0 days 00:01:21.958000,28.0,2.0,,,0 days 00:00:19.893000,0 days 00:00:38.136000,0 days 00:00:23.929000,0 days 01:09:10.762000,0 days 01:09:48.898000,0 days 01:10:12.827000,202.0,143.0,251.0,281.0,False,MEDIUM,9.0,True,Alpine,0 days 01:08:50.869000,2026-06-05 12:24:50.995,12,,,,False,True,FP1
0 days 01:13:29.329000,GAS,10,,29.0,2.0,,0 days 01:12:05.316000,,,,,,,,,,,False,MEDIUM,10.0,True,Alpine,0 days 01:10:12.827000,2026-06-05 12:26:12.953,215,,,,False,False,FP1
0 days 01:15:13.768000,GAS,10,0 days 00:01:44.439000,30.0,3.0,0 days 01:13:30.353000,,0 days 00:00:38.229000,0 days 00:00:40.232000,0 days 00:00:25.978000,0 days 01:14:07.558000,0 days 01:14:47.790000,0 days 01:15:13.768000,162.0,169.0,244.0,261.0,False,MEDIUM,10.0,False,Alpine,0 days 01:13:30.353000,2026-06-05 12:29:30.479,1,,,,False,False,FP1
0 days 01:17:16.759000,GAS,10,0 days 00:02:02.991000,31.0,3.0,,,0 days 00:00:23.056000,0 days 00:00:40.615000,0 days 00:00:59.320000,0 days 01:15:36.824000,0 days 01:16:17.439000,0 days 01:17:16.759000,160.0,156.0,95.0,241.0,False,MEDIUM,11.0,False,Alpine,0 days 01:15:13.768000,2026-06-05 12:31:13.894,1,,,,False,True,FP1
0 days 01:18:35.192000,GAS,10,,32.0,3.0,,0 days 01:18:35.192000,0 days 00:00:23.522000,0 days 00:00:39.206000,,0 days 01:17:40.378000,0 days 01:18:19.551000,,175.0,177.0,,262.0,False,MEDIUM,12.0,False,Alpine,0 days 01:17:16.759000,2026-06-05 12:33:16.885,12,,,,False,False,FP1
0 days 00:15:42.750000,PER,11,0 days 00:01:41.299000,1.0,1.0,0 days 00:14:02.958000,,0 days 00:00:28.885000,0 days 00:00:46.626000,0 days 00:00:25.788000,0 days 00:14:30.601000,0 days 00:15:17.301000,0 days 00:15:42.916000,140.0,133.0,253.0,230.0,False,MEDIUM,1.0,True,Cadillac,0 days 00:14:02.958000,2026-06-05 11:30:03.084,12,,,,False,False,FP1
0 days 00:17:05.753000,PER,11,0 days 00:01:23.003000,2.0,1.0,,,0 days 00:00:22.457000,0 days 00:00:38.721000,0 days 00:00:21.825000,0 days 00:16:05.207000,0 days 00:16:43.928000,0 days 00:17:05.753000,170.0,175.0,259.0,270.0,True,MEDIUM,2.0,True,Cadillac,0 days 00:15:42.750000,2026-06-05 11:31:42.876,1,,,,False,True,FP1
0 days 00:18:25.787000,PER,11,0 days 00:01:20.034000,3.0,1.0,,,0 days 00:00:21.538000,0 days 00:00:37.331000,0 days 00:00:21.165000,0 days 00:17:27.291000,0 days 00:18:04.622000,0 days 00:18:25.787000,173.0,181.0,261.0,277.0,True,MEDIUM,3.0,True,Cadillac,0 days 00:17:05.753000,2026-06-05 11:33:05.879,1,,,,False,True,FP1
0 days 00:19:56.089000,PER,11,0 days 00:01:30.302000,4.0,1.0,,,0 days 00:00:21.007000,0 days 00:00:43.356000,0 days 00:00:25.939000,0 days 00:18:46.794000,0 days 00:19:30.150000,0 days 00:19:56.089000,182.0,114.0,261.0,253.0,False,MEDIUM,4.0,True,Cadillac,0 days 00:18:25.787000,2026-06-05 11:34:25.913,1,,,,False,True,FP1
0 days 00:21:13.806000,PER,11,0 days 00:01:17.717000,5.0,1.0,,,0 days 00:00:20.852000,0 days 00:00:36.308000,0 days 00:00:20.557000,0 days 00:20:16.941000,0 days 00:20:53.249000,0 days 00:21:13.806000,190.0,185.0,262.0,280.0,True,MEDIUM,5.0,True,Cadillac,0 days 00:19:56.089000,2026-06-05 11:35:56.215,1,,,,False,True,FP1
0 days 00:30:04.146000,PER,11,,6.0,1.0,,0 days 00:22:43.113000,0 days 00:00:28.621000,0 days 00:00:43.756000,,0 days 00:21:42.738000,0 days 00:22:26.538000,,151.0,154.0,,263.0,False,MEDIUM,6.0,True,Cadillac,0 days 00:21:13.806000,2026-06-05 11:37:13.932,1,,,,False,False,FP1
0 days 00:31:30.760000,PER,11,0 days 00:01:26.614000,7.0,2.0,0 days 00:30:04.811000,,0 days 00:00:26.226000,0 days 00:00:38.996000,0 days 00:00:21.392000,0 days 00:30:30.372000,0 days 00:31:09.368000,0 days 00:31:30.760000,155.0,178.0,256.0,258.0,False,MEDIUM,7.0,False,Cadillac,0 days 00:30:04.146000,2026-06-05 11:46:04.272,1,,,,False,False,FP1
0 days 00:32:49.952000,PER,11,0 days 00:01:19.192000,8.0,2.0,,,0 days 00:00:21.226000,0 days 00:00:37.255000,0 days 00:00:20.711000,0 days 00:31:51.986000,0 days 00:32:29.241000,0 days 00:32:49.952000,182.0,181.0,261.0,271.0,False,MEDIUM,8.0,False,Cadillac,0 days 00:31:30.760000,2026-06-05 11:47:30.886,1,,,,False,True,FP1
0 days 00:34:07.371000,PER,11,0 days 00:01:17.419000,9.0,2.0,,,0 days 00:00:20.456000,0 days 00:00:36.277000,0 days 00:00:20.686000,0 days 00:33:10.408000,0 days 00:33:46.685000,0 days 00:34:07.371000,189.0,189.0,260.0,278.0,True,MEDIUM,9.0,False,Cadillac,0 days 00:32:49.952000,2026-06-05 11:48:50.078,1,,,,False,True,FP1
0 days 00:35:24.666000,PER,11,0 days 00:01:17.295000,10.0,2.0,,,0 days 00:00:20.604000,0 days 00:00:36.091000,0 days 00:00:20.600000,0 days 00:34:27.975000,0 days 00:35:04.066000,0 days 00:35:24.666000,196.0,189.0,261.0,279.0,True,MEDIUM,10.0,False,Cadillac,0 days 00:34:07.371000,2026-06-05 11:50:07.497,1,,,,False,True,FP1
0 days 00:36:46.253000,PER,11,0 days 00:01:21.587000,11.0,2.0,,,0 days 00:00:20.484000,0 days 00:00:36.457000,0 days 00:00:24.646000,0 days 00:35:45.150000,0 days 00:36:21.607000,0 days 00:36:46.253000,199.0,187.0,253.0,280.0,False,MEDIUM,11.0,False,Cadillac,0 days 00:35:24.666000,2026-06-05 11:51:24.792,1,,,,False,True,FP1
0 days 00:38:29.116000,PER,11,0 days 00:01:42.863000,12.0,2.0,,,0 days 00:00:32.470000,0 days 00:00:45.547000,0 days 00:00:24.846000,0 days 00:37:18.723000,0 days 00:38:04.270000,0 days 00:38:29.116000,137.0,162.0,214.0,238.0,False,MEDIUM,12.0,False,Cadillac,0 days 00:36:46.253000,2026-06-05 11:52:46.379,1,,,,False,True,FP1
0 days 00:40:51.492000,PER,11,0 days 00:02:22.376000,13.0,2.0,,0 days 00:39:51.056000,0 days 00:00:23.785000,0 days 00:00:41.506000,0 days 00:01:17.085000,0 days 00:38:52.901000,0 days 00:39:34.407000,0 days 00:40:51.492000,148.0,162.0,,251.0,False,MEDIUM,13.0,False,Cadillac,0 days 00:38:29.116000,2026-06-05 11:54:29.242,12,,,,False,False,FP1
0 days 00:42:22.068000,PER,11,0 days 00:01:30.576000,14.0,3.0,0 days 00:40:52.274000,,0 days 00:00:26.720000,0 days 00:00:39.520000,0 days 00:00:24.336000,0 days 00:41:18.212000,0 days 00:41:57.732000,0 days 00:42:22.068000,155.0,169.0,261.0,263.0,False,MEDIUM,14.0,False,Cadillac,0 days 00:40:51.492000,2026-06-05 11:56:51.618,1,,,,False,False,FP1
0 days 00:43:39.405000,PER,11,0 days 00:01:17.337000,15.0,3.0,,,0 days 00:00:20.374000,0 days 00:00:36.328000,0 days 00:00:20.635000,0 days 00:42:42.442000,0 days 00:43:18.770000,0 days 00:43:39.405000,195.0,189.0,261.0,275.0,False,MEDIUM,15.0,False,Cadillac,0 days 00:42:22.068000,2026-06-05 11:58:22.194,16,,,,False,False,FP1
0 days 00:45:14.940000,PER,11,0 days 00:01:35.535000,16.0,3.0,,,0 days 00:00:30.479000,0 days 00:00:41.235000,0 days 00:00:23.821000,0 days 00:44:09.884000,0 days 00:44:51.119000,0 days 00:45:14.940000,108.0,178.0,260.0,255.0,False,MEDIUM,16.0,False,Cadillac,0 days 00:43:39.405000,2026-06-05 11:59:39.531,671,,,,False,False,FP1
0 days 00:46:31.906000,PER,11,0 days 00:01:16.966000,17.0,3.0,,,0 days 00:00:20.443000,0 days 00:00:36.007000,0 days 00:00:20.516000,0 days 00:45:35.383000,0 days 00:46:11.390000,0 days 00:46:31.906000,196.0,191.0,261.0,274.0,True,MEDIUM,17.0,False,Cadillac,0 days 00:45:14.940000,2026-06-05 12:01:15.066,1,,,,False,True,FP1
0 days 01:00:34.929000,PER,11,,18.0,3.0,,0 days 00:47:55.880000,0 days 00:00:23.779000,0 days 00:00:42.803000,,0 days 00:46:55.833000,0 days 00:47:38.633000,,155.0,161.0,,259.0,False,MEDIUM,18.0,False,Cadillac,0 days 00:46:31.906000,2026-06-05 12:02:32.032,125,,,,False,False,FP1
0 days 01:02:04.947000,PER,11,0 days 00:01:30.018000,19.0,4.0,0 days 01:00:35.593000,,0 days 00:00:25.354000,0 days 00:00:42.026000,0 days 00:00:22.638000,0 days 01:01:00.283000,0 days 01:01:42.309000,0 days 01:02:04.947000,163.0,179.0,258.0,258.0,False,SOFT,1.0,True,Cadillac,0 days 01:00:35.593000,2026-06-05 12:16:35.719,1,,,,False,False,FP1
0 days 01:03:38.961000,PER,11,0 days 00:01:34.014000,20.0,4.0,,,0 days 00:00:20.227000,0 days 00:00:36.846000,0 days 00:00:36.941000,0 days 01:02:25.174000,0 days 01:03:02.020000,0 days 01:03:38.961000,194.0,162.0,227.0,274.0,False,SOFT,2.0,True,Cadillac,0 days 01:02:04.947000,2026-06-05 12:18:05.073,1,,,,False,True,FP1
0 days 01:05:18.063000,PER,11,0 days 00:01:39.102000,21.0,4.0,,,0 days 00:00:23.827000,0 days 00:00:46.016000,0 days 00:00:29.259000,0 days 01:04:02.788000,0 days 01:04:48.804000,0 days 01:05:18.063000,168.0,152.0,238.0,262.0,False,SOFT,3.0,True,Cadillac,0 days 01:03:38.961000,2026-06-05 12:19:39.087,1,,,,False,True,FP1
0 days 01:06:34.684000,PER,11,0 days 00:01:16.621000,22.0,4.0,,,0 days 00:00:20.369000,0 days 00:00:35.797000,0 days 00:00:20.455000,0 days 01:05:38.432000,0 days 01:06:14.229000,0 days 01:06:34.684000,196.0,190.0,262.0,271.0,True,SOFT,4.0,True,Cadillac,0 days 01:05:18.063000,2026-06-05 12:21:18.189,1,,,,False,True,FP1
0 days 01:08:14.512000,PER,11,0 days 00:01:39.828000,23.0,4.0,,,0 days 00:00:25.035000,0 days 00:00:43.120000,0 days 00:00:31.673000,0 days 01:06:59.719000,0 days 01:07:42.839000,0 days 01:08:14.512000,146.0,128.0,247.0,236.0,False,SOFT,5.0,True,Cadillac,0 days 01:06:34.684000,2026-06-05 12:22:34.810,12,,,,False,True,FP1
0 days 01:09:30.682000,PER,11,0 days 00:01:16.170000,24.0,4.0,,,0 days 00:00:20.199000,0 days 00:00:35.718000,0 days 00:00:20.253000,0 days 01:08:34.711000,0 days 01:09:10.429000,0 days 01:09:30.682000,198.0,193.0,263.0,271.0,True,SOFT,6.0,True,Cadillac,0 days 01:08:14.512000,2026-06-05 12:24:14.638,1,,,,False,True,FP1
0 days 01:13:36.643000,PER,11,,25.0,4.0,,0 days 01:11:16.030000,0 days 00:00:29.321000,,,0 days 01:10:00.204000,,,75.0,,,,False,SOFT,7.0,True,Cadillac,0 days 01:09:30.682000,2026-06-05 12:25:30.808,125,,,,False,False,FP1
0 days 01:15:21.030000,PER,11,0 days 00:01:44.387000,26.0,5.0,0 days 01:13:37.691000,,0 days 00:00:37.478000,0 days 00:00:41.868000,0 days 00:00:25.041000,0 days 01:14:14.121000,0 days 01:14:55.989000,0 days 01:15:21.030000,135.0,158.0,249.0,249.0,False,SOFT,7.0,False,Cadillac,0 days 01:13:37.691000,2026-06-05 12:29:37.817,1,,,,False,False,FP1
0 days 01:17:23.688000,PER,11,0 days 00:02:02.658000,27.0,5.0,,,0 days 00:00:22.249000,0 days 00:00:39.942000,0 days 00:01:00.467000,0 days 01:15:43.279000,0 days 01:16:23.221000,0 days 01:17:23.688000,167.0,138.0,126.0,256.0,False,SOFT,8.0,False,Cadillac,0 days 01:15:21.030000,2026-06-05 12:31:21.156,1,,,,False,True,FP1
0 days 01:18:50.443000,PER,11,,28.0,5.0,,0 days 01:18:50.443000,0 days 00:00:24.885000,0 days 00:00:43.406000,,0 days 01:17:48.801000,0 days 01:18:32.037000,,128.0,154.0,,240.0,False,SOFT,9.0,False,Cadillac,0 days 01:17:23.688000,2026-06-05 12:33:23.814,12,,,,False,False,FP1
0 days 00:17:07.357000,ANT,12,0 days 00:01:47.376000,1.0,1.0,0 days 00:15:21.322000,,0 days 00:00:29.551000,0 days 00:00:42.191000,0 days 00:00:35.634000,0 days 00:15:49.853000,0 days 00:16:31.996000,0 days 00:17:07.447000,150.0,156.0,242.0,243.0,False,HARD,1.0,True,Mercedes,0 days 00:15:21.322000,2026-06-05 11:31:21.448,21,,,,False,False,FP1
0 days 00:18:27.541000,ANT,12,0 days 00:01:20.184000,2.0,1.0,,,0 days 00:00:21.453000,0 days 00:00:37.471000,0 days 00:00:21.260000,0 days 00:17:28.810000,0 days 00:18:06.281000,0 days 00:18:27.541000,177.0,183.0,257.0,269.0,True,HARD,2.0,True,Mercedes,0 days 00:17:07.357000,2026-06-05 11:33:07.483,1,,,,False,True,FP1
0 days 00:19:45.595000,ANT,12,0 days 00:01:18.054000,3.0,1.0,,,0 days 00:00:20.346000,0 days 00:00:36.812000,0 days 00:00:20.896000,0 days 00:18:47.887000,0 days 00:19:24.699000,0 days 00:19:45.595000,184.0,187.0,258.0,269.0,True,HARD,3.0,True,Mercedes,0 days 00:18:27.541000,2026-06-05 11:34:27.667,1,,,,False,True,FP1
0 days 00:21:05.869000,ANT,12,0 days 00:01:20.274000,4.0,1.0,,,0 days 00:00:23.176000,0 days 00:00:36.616000,0 days 00:00:20.482000,0 days 00:20:08.771000,0 days 00:20:45.387000,0 days 00:21:05.869000,189.0,190.0,256.0,269.0,False,HARD,4.0,True,Mercedes,0 days 00:19:45.595000,2026-06-05 11:35:45.721,1,,,,False,True,FP1
0 days 00:22:26.975000,ANT,12,0 days 00:01:21.106000,5.0,1.0,,,0 days 00:00:21.211000,0 days 00:00:37.074000,0 days 00:00:22.821000,0 days 00:21:27.080000,0 days 00:22:04.154000,0 days 00:22:26.975000,181.0,168.0,251.0,268.0,False,HARD,5.0,True,Mercedes,0 days 00:21:05.869000,2026-06-05 11:37:05.995,1,,,,False,True,FP1
0 days 00:23:43.718000,ANT,12,0 days 00:01:16.743000,6.0,1.0,,,0 days 00:00:19.979000,0 days 00:00:36.508000,0 days 00:00:20.256000,0 days 00:22:46.954000,0 days 00:23:23.462000,0 days 00:23:43.718000,194.0,188.0,258.0,267.0,True,HARD,6.0,True,Mercedes,0 days 00:22:26.975000,2026-06-05 11:38:27.101,1,,,,False,True,FP1
0 days 00:25:15.144000,ANT,12,0 days 00:01:31.426000,7.0,1.0,,,0 days 00:00:22.444000,0 days 00:00:42.726000,0 days 00:00:26.256000,0 days 00:24:06.162000,0 days 00:24:48.888000,0 days 00:25:15.144000,136.0,145.0,245.0,249.0,False,HARD,7.0,True,Mercedes,0 days 00:23:43.718000,2026-06-05 11:39:43.844,1,,,,False,True,FP1
0 days 00:26:34.292000,ANT,12,0 days 00:01:19.148000,8.0,1.0,,,0 days 00:00:20.010000,0 days 00:00:36.374000,0 days 00:00:22.764000,0 days 00:25:35.154000,0 days 00:26:11.528000,0 days 00:26:34.292000,199.0,181.0,248.0,279.0,False,HARD,8.0,True,Mercedes,0 days 00:25:15.144000,2026-06-05 11:41:15.270,1,,,,False,True,FP1
0 days 00:27:50.056000,ANT,12,0 days 00:01:15.764000,9.0,1.0,,,0 days 00:00:19.795000,0 days 00:00:35.691000,0 days 00:00:20.278000,0 days 00:26:54.087000,0 days 00:27:29.778000,0 days 00:27:50.056000,196.0,194.0,261.0,281.0,True,HARD,9.0,True,Mercedes,0 days 00:26:34.292000,2026-06-05 11:42:34.418,1,,,,False,True,FP1
0 days 00:29:20.822000,ANT,12,0 days 00:01:30.766000,10.0,1.0,,,0 days 00:00:23.708000,0 days 00:00:44.197000,0 days 00:00:22.861000,0 days 00:28:13.764000,0 days 00:28:57.961000,0 days 00:29:20.822000,71.0,157.0,261.0,174.0,False,HARD,10.0,True,Mercedes,0 days 00:27:50.056000,2026-06-05 11:43:50.182,1,,,,False,True,FP1
0 days 00:30:36.258000,ANT,12,0 days 00:01:15.436000,11.0,1.0,,,0 days 00:00:19.743000,0 days 00:00:35.618000,0 days 00:00:20.075000,0 days 00:29:40.565000,0 days 00:30:16.183000,0 days 00:30:36.258000,205.0,195.0,261.0,280.0,True,HARD,11.0,True,Mercedes,0 days 00:29:20.822000,2026-06-05 11:45:20.948,1,,,,False,True,FP1
0 days 00:32:08.569000,ANT,12,0 days 00:01:32.311000,12.0,1.0,,,0 days 00:00:22.402000,0 days 00:00:44.216000,0 days 00:00:25.693000,0 days 00:30:58.660000,0 days 00:31:42.876000,0 days 00:32:08.569000,144.0,162.0,259.0,222.0,False,HARD,12.0,True,Mercedes,0 days 00:30:36.258000,2026-06-05 11:46:36.384,1,,,,False,True,FP1
0 days 00:39:22.679000,ANT,12,,13.0,1.0,,0 days 00:33:20.663000,0 days 00:00:19.976000,0 days 00:00:35.614000,,0 days 00:32:28.830000,0 days 00:33:04.430000,,201.0,194.0,,281.0,False,HARD,13.0,True,Mercedes,0 days 00:32:08.569000,2026-06-05 11:48:08.695,1,,,,False,False,FP1
0 days 00:40:49.017000,ANT,12,0 days 00:01:26.338000,14.0,2.0,0 days 00:39:23.378000,,0 days 00:00:25.643000,0 days 00:00:39.557000,0 days 00:00:21.138000,0 days 00:39:48.322000,0 days 00:40:27.879000,0 days 00:40:49.017000,177.0,176.0,261.0,236.0,False,MEDIUM,1.0,True,Mercedes,0 days 00:39:22.679000,2026-06-05 11:55:22.805,12,,,,False,False,FP1
0 days 00:42:04.495000,ANT,12,0 days 00:01:15.478000,15.0,2.0,,,0 days 00:00:19.659000,0 days 00:00:35.920000,0 days 00:00:19.899000,0 days 00:41:08.676000,0 days 00:41:44.596000,0 days 00:42:04.495000,198.0,194.0,262.0,274.0,False,MEDIUM,2.0,True,Mercedes,0 days 00:40:49.017000,2026-06-05 11:56:49.143,1,,,,False,True,FP1
0 days 00:43:36.024000,ANT,12,0 days 00:01:31.529000,16.0,2.0,,,0 days 00:00:26.194000,0 days 00:00:43.026000,0 days 00:00:22.309000,0 days 00:42:30.689000,0 days 00:43:13.715000,0 days 00:43:36.024000,63.0,171.0,262.0,239.0,False,MEDIUM,3.0,True,Mercedes,0 days 00:42:04.495000,2026-06-05 11:58:04.621,1,,,,False,True,FP1
0 days 00:45:07.051000,ANT,12,0 days 00:01:31.027000,17.0,2.0,,,0 days 00:00:26.661000,0 days 00:00:41.826000,0 days 00:00:22.540000,0 days 00:44:02.685000,0 days 00:44:44.511000,0 days 00:45:07.051000,155.0,177.0,260.0,237.0,False,MEDIUM,4.0,True,Mercedes,0 days 00:43:36.024000,2026-06-05 11:59:36.150,167,,,,False,False,FP1
0 days 00:46:21.588000,ANT,12,0 days 00:01:14.537000,18.0,2.0,,,0 days 00:00:19.520000,0 days 00:00:35.161000,0 days 00:00:19.856000,0 days 00:45:26.571000,0 days 00:46:01.732000,0 days 00:46:21.588000,204.0,197.0,259.0,279.0,True,MEDIUM,5.0,True,Mercedes,0 days 00:45:07.051000,2026-06-05 12:01:07.177,1,,,,False,True,FP1
0 days 00:48:00.318000,ANT,12,0 days 00:01:38.730000,19.0,2.0,,,0 days 00:00:24.521000,0 days 00:00:50.276000,0 days 00:00:23.933000,0 days 00:46:46.109000,0 days 00:47:36.385000,0 days 00:48:00.318000,140.0,177.0,255.0,182.0,False,MEDIUM,6.0,True,Mercedes,0 days 00:46:21.588000,2026-06-05 12:02:21.714,1,,,,False,True,FP1
0 days 00:49:15.103000,ANT,12,0 days 00:01:14.785000,20.0,2.0,,,0 days 00:00:19.690000,0 days 00:00:35.145000,0 days 00:00:19.950000,0 days 00:48:20.008000,0 days 00:48:55.153000,0 days 00:49:15.103000,204.0,196.0,261.0,279.0,False,MEDIUM,7.0,True,Mercedes,0 days 00:48:00.318000,2026-06-05 12:04:00.444,1,,,,False,True,FP1
0 days 01:02:09.392000,ANT,12,,21.0,2.0,,0 days 00:51:00.233000,,,,,,,,,,,False,MEDIUM,8.0,True,Mercedes,0 days 00:49:15.103000,2026-06-05 12:05:15.229,125,,,,False,False,FP1
0 days 01:03:45.320000,ANT,12,0 days 00:01:35.928000,22.0,3.0,0 days 01:02:09.983000,,0 days 00:00:26.534000,0 days 00:00:39.298000,0 days 00:00:30.096000,0 days 01:02:35.926000,0 days 01:03:15.224000,0 days 01:03:45.320000,109.0,173.0,233.0,245.0,False,MEDIUM,9.0,False,Mercedes,0 days 01:02:09.983000,2026-06-05 12:18:10.109,1,,,,False,False,FP1
0 days 01:05:04.036000,ANT,12,0 days 00:01:18.716000,23.0,3.0,,,0 days 00:00:21.243000,0 days 00:00:36.640000,0 days 00:00:20.833000,0 days 01:04:06.563000,0 days 01:04:43.203000,0 days 01:05:04.036000,189.0,183.0,255.0,266.0,False,MEDIUM,10.0,False,Mercedes,0 days 01:03:45.320000,2026-06-05 12:19:45.446,1,,,,False,True,FP1
0 days 01:06:21.385000,ANT,12,0 days 00:01:17.349000,24.0,3.0,,,0 days 00:00:20.437000,0 days 00:00:36.350000,0 days 00:00:20.562000,0 days 01:05:24.473000,0 days 01:06:00.823000,0 days 01:06:21.385000,197.0,186.0,253.0,267.0,False,MEDIUM,11.0,False,Mercedes,0 days 01:05:04.036000,2026-06-05 12:21:04.162,1,,,,False,True,FP1
0 days 01:07:39.417000,ANT,12,0 days 00:01:18.032000,25.0,3.0,,,0 days 00:00:20.266000,0 days 00:00:36.330000,0 days 00:00:21.436000,0 days 01:06:41.651000,0 days 01:07:17.981000,0 days 01:07:39.417000,195.0,183.0,252.0,267.0,False,MEDIUM,12.0,False,Mercedes,0 days 01:06:21.385000,2026-06-05 12:22:21.511,12,,,,False,True,FP1
0 days 01:08:56.272000,ANT,12,0 days 00:01:16.855000,26.0,3.0,,,0 days 00:00:20.229000,0 days 00:00:36.121000,0 days 00:00:20.505000,0 days 01:07:59.646000,0 days 01:08:35.767000,0 days 01:08:56.272000,196.0,188.0,255.0,268.0,False,MEDIUM,13.0,False,Mercedes,0 days 01:07:39.417000,2026-06-05 12:23:39.543,1,,,,False,True,FP1
0 days 01:10:14.556000,ANT,12,0 days 00:01:18.284000,27.0,3.0,,,0 days 00:00:20.269000,0 days 00:00:36.820000,0 days 00:00:21.195000,0 days 01:09:16.541000,0 days 01:09:53.361000,0 days 01:10:14.556000,196.0,180.0,254.0,267.0,False,MEDIUM,14.0,False,Mercedes,0 days 01:08:56.272000,2026-06-05 12:24:56.398,12,,,,False,True,FP1
0 days 01:13:45.592000,ANT,12,,28.0,3.0,,0 days 01:12:11.772000,,,,,,,,,,,False,MEDIUM,15.0,False,Mercedes,0 days 01:10:14.556000,2026-06-05 12:26:14.682,125,,,,False,False,FP1
0 days 01:15:31.327000,ANT,12,0 days 00:01:45.735000,29.0,4.0,0 days 01:13:46.940000,,0 days 00:00:37.396000,0 days 00:00:44.072000,0 days 00:00:24.267000,0 days 01:14:22.988000,0 days 01:15:07.060000,0 days 01:15:31.327000,138.0,149.0,225.0,214.0,False,HARD,14.0,False,Mercedes,0 days 01:13:46.940000,2026-06-05 12:29:47.066,1,,,,False,False,FP1
0 days 01:17:47.276000,ANT,12,0 days 00:02:15.949000,30.0,4.0,,,0 days 00:00:24.596000,0 days 00:00:41.412000,0 days 00:01:09.941000,0 days 01:15:55.923000,0 days 01:16:37.335000,0 days 01:17:47.276000,152.0,155.0,168.0,234.0,False,HARD,15.0,False,Mercedes,0 days 01:15:31.327000,2026-06-05 12:31:31.453,1,,,,False,True,FP1
0 days 01:19:09.186000,ANT,12,,31.0,4.0,,0 days 01:19:09.186000,0 days 00:00:23.839000,0 days 00:00:41.182000,,0 days 01:18:11.267000,0 days 01:18:52.447000,,147.0,159.0,,225.0,False,HARD,16.0,False,Mercedes,0 days 01:17:47.276000,2026-06-05 12:33:47.402,12,,,,False,False,FP1
0 days 00:17:29.673000,ALO,14,0 days 00:01:40.195000,1.0,1.0,0 days 00:15:50.925000,,0 days 00:00:31.690000,0 days 00:00:43.408000,0 days 00:00:25.097000,0 days 00:16:21.444000,0 days 00:17:04.895000,0 days 00:17:29.842000,147.0,158.0,248.0,253.0,False,HARD,1.0,True,Aston Martin,0 days 00:15:50.925000,2026-06-05 11:31:51.051,1,,,,False,False,FP1
0 days 00:18:50.296000,ALO,14,0 days 00:01:20.623000,2.0,1.0,,,0 days 00:00:21.767000,0 days 00:00:37.715000,0 days 00:00:21.141000,0 days 00:17:51.440000,0 days 00:18:29.155000,0 days 00:18:50.296000,183.0,178.0,250.0,266.0,True,HARD,2.0,True,Aston Martin,0 days 00:17:29.673000,2026-06-05 11:33:29.799,1,,,,False,True,FP1
0 days 00:20:09.578000,ALO,14,0 days 00:01:19.282000,3.0,1.0,,,0 days 00:00:21.090000,0 days 00:00:37.024000,0 days 00:00:21.168000,0 days 00:19:11.386000,0 days 00:19:48.410000,0 days 00:20:09.578000,195.0,183.0,236.0,266.0,True,HARD,3.0,True,Aston Martin,0 days 00:18:50.296000,2026-06-05 11:34:50.422,1,,,,False,True,FP1
0 days 00:26:51.619000,ALO,14,,4.0,1.0,,0 days 00:21:40.527000,0 days 00:00:25.957000,0 days 00:00:44.415000,,0 days 00:20:35.867000,0 days 00:21:20.281000,,97.0,139.0,,225.0,False,HARD,4.0,True,Aston Martin,0 days 00:20:09.578000,2026-06-05 11:36:09.704,1,,,,False,False,FP1
0 days 00:28:27.065000,ALO,14,0 days 00:01:35.446000,5.0,2.0,0 days 00:26:52.321000,,0 days 00:00:26.624000,0 days 00:00:43.668000,0 days 00:00:25.154000,0 days 00:27:18.243000,0 days 00:28:01.911000,0 days 00:28:27.065000,160.0,159.0,249.0,259.0,False,HARD,5.0,False,Aston Martin,0 days 00:26:51.619000,2026-06-05 11:42:51.745,1,,,,False,False,FP1
0 days 00:29:46.220000,ALO,14,0 days 00:01:19.155000,6.0,2.0,,,0 days 00:00:21.185000,0 days 00:00:37.099000,0 days 00:00:20.871000,0 days 00:28:48.250000,0 days 00:29:25.349000,0 days 00:29:46.220000,193.0,182.0,252.0,264.0,True,HARD,6.0,False,Aston Martin,0 days 00:28:27.065000,2026-06-05 11:44:27.191,1,,,,False,True,FP1
0 days 00:31:04.870000,ALO,14,0 days 00:01:18.650000,7.0,2.0,,,0 days 00:00:21.051000,0 days 00:00:36.855000,0 days 00:00:20.744000,0 days 00:30:07.271000,0 days 00:30:44.126000,0 days 00:31:04.870000,197.0,185.0,252.0,266.0,True,HARD,7.0,False,Aston Martin,0 days 00:29:46.220000,2026-06-05 11:45:46.346,1,,,,False,True,FP1
0 days 00:32:22.633000,ALO,14,0 days 00:01:17.763000,8.0,2.0,,,0 days 00:00:20.622000,0 days 00:00:36.587000,0 days 00:00:20.554000,0 days 00:31:25.492000,0 days 00:32:02.079000,0 days 00:32:22.633000,189.0,186.0,252.0,264.0,True,HARD,8.0,False,Aston Martin,0 days 00:31:04.870000,2026-06-05 11:47:04.996,1,,,,False,True,FP1
0 days 00:33:57.293000,ALO,14,0 days 00:01:34.660000,9.0,2.0,,,0 days 00:00:25.143000,0 days 00:00:43.378000,0 days 00:00:26.139000,0 days 00:32:47.776000,0 days 00:33:31.154000,0 days 00:33:57.293000,118.0,163.0,249.0,192.0,False,HARD,9.0,False,Aston Martin,0 days 00:32:22.633000,2026-06-05 11:48:22.759,1,,,,False,True,FP1
0 days 00:35:18.837000,ALO,14,0 days 00:01:21.544000,10.0,2.0,,,0 days 00:00:20.980000,0 days 00:00:38.429000,0 days 00:00:22.135000,0 days 00:34:18.273000,0 days 00:34:56.702000,0 days 00:35:18.837000,196.0,176.0,249.0,226.0,False,HARD,10.0,False,Aston Martin,0 days 00:33:57.293000,2026-06-05 11:49:57.419,1,,,,False,True,FP1
0 days 00:36:52.996000,ALO,14,0 days 00:01:34.159000,11.0,2.0,,,0 days 00:00:20.659000,0 days 00:00:37.330000,0 days 00:00:36.170000,0 days 00:35:39.496000,0 days 00:36:16.826000,0 days 00:36:52.996000,195.0,143.0,248.0,265.0,False,HARD,11.0,False,Aston Martin,0 days 00:35:18.837000,2026-06-05 11:51:18.963,1,,,,False,True,FP1
0 days 00:57:37.653000,ALO,14,,12.0,2.0,,0 days 00:38:14.881000,0 days 00:00:22.377000,0 days 00:00:43.388000,,0 days 00:37:15.665000,0 days 00:37:59.055000,,162.0,167.0,,244.0,False,HARD,12.0,False,Aston Martin,0 days 00:36:52.996000,2026-06-05 11:52:53.122,12675,,,,False,False,FP1
0 days 00:59:07.783000,ALO,14,0 days 00:01:30.130000,13.0,3.0,0 days 00:57:38.432000,,0 days 00:00:27.709000,0 days 00:00:39.104000,0 days 00:00:23.317000,0 days 00:58:05.362000,0 days 00:58:44.466000,0 days 00:59:07.783000,165.0,171.0,208.0,260.0,False,MEDIUM,1.0,True,Aston Martin,0 days 00:57:38.432000,2026-06-05 12:13:38.558,1,,,,False,False,FP1
0 days 01:00:31.393000,ALO,14,0 days 00:01:23.610000,14.0,3.0,,,0 days 00:00:21.714000,0 days 00:00:37.520000,0 days 00:00:24.376000,0 days 00:59:29.497000,0 days 01:00:07.017000,0 days 01:00:31.393000,184.0,176.0,254.0,262.0,False,MEDIUM,2.0,True,Aston Martin,0 days 00:59:07.783000,2026-06-05 12:15:07.909,1,,,,False,True,FP1
0 days 01:01:48.638000,ALO,14,0 days 00:01:17.245000,15.0,3.0,,,0 days 00:00:20.528000,0 days 00:00:36.265000,0 days 00:00:20.452000,0 days 01:00:51.921000,0 days 01:01:28.186000,0 days 01:01:48.638000,197.0,187.0,258.0,274.0,True,MEDIUM,3.0,True,Aston Martin,0 days 01:00:31.393000,2026-06-05 12:16:31.519,1,,,,False,True,FP1
0 days 01:03:25.685000,ALO,14,0 days 00:01:37.047000,16.0,3.0,,,0 days 00:00:20.569000,0 days 00:00:41.019000,0 days 00:00:35.459000,0 days 01:02:09.207000,0 days 01:02:50.226000,0 days 01:03:25.685000,196.0,151.0,241.0,238.0,False,MEDIUM,4.0,True,Aston Martin,0 days 01:01:48.638000,2026-06-05 12:17:48.764,1,,,,False,True,FP1
0 days 01:04:53.671000,ALO,14,0 days 00:01:27.986000,17.0,3.0,,,0 days 00:00:21.485000,0 days 00:00:39.329000,0 days 00:00:27.172000,0 days 01:03:47.170000,0 days 01:04:26.499000,0 days 01:04:53.671000,173.0,162.0,255.0,256.0,False,MEDIUM,5.0,True,Aston Martin,0 days 01:03:25.685000,2026-06-05 12:19:25.811,1,,,,False,True,FP1
0 days 01:06:10.349000,ALO,14,0 days 00:01:16.678000,18.0,3.0,,,0 days 00:00:20.262000,0 days 00:00:36.023000,0 days 00:00:20.393000,0 days 01:05:13.933000,0 days 01:05:49.956000,0 days 01:06:10.349000,202.0,187.0,257.0,274.0,True,MEDIUM,6.0,True,Aston Martin,0 days 01:04:53.671000,2026-06-05 12:20:53.797,1,,,,False,True,FP1
0 days 01:07:35.897000,ALO,14,0 days 00:01:25.548000,19.0,3.0,,,0 days 00:00:20.583000,0 days 00:00:40.584000,0 days 00:00:24.381000,0 days 01:06:30.932000,0 days 01:07:11.516000,0 days 01:07:35.897000,173.0,126.0,255.0,232.0,False,MEDIUM,7.0,True,Aston Martin,0 days 01:06:10.349000,2026-06-05 12:22:10.475,12,,,,False,True,FP1
0 days 01:09:02.185000,ALO,14,0 days 00:01:26.288000,20.0,3.0,,,0 days 00:00:20.168000,0 days 00:00:37.182000,0 days 00:00:28.938000,0 days 01:07:56.065000,0 days 01:08:33.247000,0 days 01:09:02.185000,203.0,154.0,254.0,274.0,False,MEDIUM,8.0,True,Aston Martin,0 days 01:07:35.897000,2026-06-05 12:23:36.023,1,,,,False,True,FP1
0 days 01:10:18.538000,ALO,14,,21.0,3.0,,0 days 01:10:18.538000,0 days 00:00:20.356000,0 days 00:00:39.553000,,0 days 01:09:22.697000,0 days 01:10:02.262000,,202.0,145.0,,275.0,False,MEDIUM,9.0,True,Aston Martin,0 days 01:09:02.185000,2026-06-05 12:25:02.311,12,,,,False,False,FP1
0 days 00:16:53.732000,LEC,16,0 days 00:02:14.473000,1.0,1.0,0 days 00:14:40.423000,,0 days 00:00:33.678000,0 days 00:01:08.468000,0 days 00:00:32.327000,0 days 00:15:13.196000,0 days 00:16:21.667000,0 days 00:16:53.928000,162.0,154.0,250.0,221.0,False,HARD,1.0,True,Ferrari,0 days 00:14:40.423000,2026-06-05 11:30:40.549,12,,,,False,False,FP1
0 days 00:18:15.219000,LEC,16,0 days 00:01:21.487000,2.0,1.0,,,0 days 00:00:22.222000,0 days 00:00:38.092000,0 days 00:00:21.173000,0 days 00:17:15.954000,0 days 00:17:54.046000,0 days 00:18:15.219000,180.0,180.0,255.0,266.0,True,HARD,2.0,True,Ferrari,0 days 00:16:53.732000,2026-06-05 11:32:53.858,1,,,,False,True,FP1
0 days 00:19:32.939000,LEC,16,0 days 00:01:17.720000,3.0,1.0,,,0 days 00:00:20.511000,0 days 00:00:36.486000,0 days 00:00:20.723000,0 days 00:18:35.730000,0 days 00:19:12.216000,0 days 00:19:32.939000,200.0,189.0,259.0,276.0,True,HARD,3.0,True,Ferrari,0 days 00:18:15.219000,2026-06-05 11:34:15.345,1,,,,False,True,FP1
0 days 00:21:50.482000,LEC,16,0 days 00:02:17.543000,4.0,1.0,,0 days 00:21:06.180000,0 days 00:00:25.917000,0 days 00:00:50.340000,0 days 00:01:01.286000,0 days 00:19:58.856000,0 days 00:20:49.196000,0 days 00:21:50.482000,154.0,147.0,,259.0,False,HARD,4.0,True,Ferrari,0 days 00:19:32.939000,2026-06-05 11:35:33.065,1,,,,False,False,FP1
0 days 00:23:34.045000,LEC,16,0 days 00:01:43.563000,5.0,2.0,0 days 00:21:51.230000,,0 days 00:00:28.339000,0 days 00:00:50.065000,0 days 00:00:25.159000,0 days 00:22:18.821000,0 days 00:23:08.886000,0 days 00:23:34.045000,178.0,135.0,257.0,262.0,False,HARD,5.0,False,Ferrari,0 days 00:21:50.482000,2026-06-05 11:37:50.608,1,,,,False,False,FP1
0 days 00:24:55.191000,LEC,16,0 days 00:01:21.146000,6.0,2.0,,,0 days 00:00:20.502000,0 days 00:00:35.856000,0 days 00:00:24.788000,0 days 00:23:54.547000,0 days 00:24:30.403000,0 days 00:24:55.191000,198.0,191.0,252.0,279.0,False,HARD,6.0,False,Ferrari,0 days 00:23:34.045000,2026-06-05 11:39:34.171,1,,,,False,True,FP1
0 days 00:26:17.030000,LEC,16,0 days 00:01:21.839000,7.0,2.0,,,0 days 00:00:20.007000,0 days 00:00:36.541000,0 days 00:00:25.291000,0 days 00:25:15.198000,0 days 00:25:51.739000,0 days 00:26:17.030000,201.0,187.0,244.0,278.0,False,HARD,7.0,False,Ferrari,0 days 00:24:55.191000,2026-06-05 11:40:55.317,1,,,,False,True,FP1
0 days 00:27:37.272000,LEC,16,0 days 00:01:20.242000,8.0,2.0,,,0 days 00:00:20.685000,0 days 00:00:37.307000,0 days 00:00:22.250000,0 days 00:26:37.715000,0 days 00:27:15.022000,0 days 00:27:37.272000,195.0,178.0,260.0,257.0,False,HARD,8.0,False,Ferrari,0 days 00:26:17.030000,2026-06-05 11:42:17.156,1,,,,False,True,FP1
0 days 00:28:52.332000,LEC,16,0 days 00:01:15.060000,9.0,2.0,,,0 days 00:00:19.748000,0 days 00:00:35.433000,0 days 00:00:19.879000,0 days 00:27:57.020000,0 days 00:28:32.453000,0 days 00:28:52.332000,207.0,194.0,261.0,279.0,True,HARD,9.0,False,Ferrari,0 days 00:27:37.272000,2026-06-05 11:43:37.398,1,,,,False,True,FP1
0 days 00:30:25.306000,LEC,16,0 days 00:01:32.974000,10.0,2.0,,,0 days 00:00:19.672000,0 days 00:00:43.570000,0 days 00:00:29.732000,0 days 00:29:12.004000,0 days 00:29:55.574000,0 days 00:30:25.306000,211.0,119.0,255.0,241.0,False,HARD,10.0,False,Ferrari,0 days 00:28:52.332000,2026-06-05 11:44:52.458,1,,,,False,True,FP1
0 days 00:31:48.434000,LEC,16,0 days 00:01:23.128000,11.0,2.0,,,0 days 00:00:20.937000,0 days 00:00:40.186000,0 days 00:00:22.005000,0 days 00:30:46.243000,0 days 00:31:26.429000,0 days 00:31:48.434000,170.0,164.0,259.0,234.0,False,HARD,11.0,False,Ferrari,0 days 00:30:25.306000,2026-06-05 11:46:25.432,1,,,,False,True,FP1
0 days 00:33:03.677000,LEC,16,0 days 00:01:15.243000,12.0,2.0,,,0 days 00:00:19.843000,0 days 00:00:35.451000,0 days 00:00:19.949000,0 days 00:32:08.277000,0 days 00:32:43.728000,0 days 00:33:03.677000,207.0,195.0,262.0,279.0,False,HARD,12.0,False,Ferrari,0 days 00:31:48.434000,2026-06-05 11:47:48.560,1,,,,False,True,FP1
0 days 00:34:18.605000,LEC,16,0 days 00:01:14.928000,13.0,2.0,,,0 days 00:00:19.533000,0 days 00:00:35.520000,0 days 00:00:19.875000,0 days 00:33:23.210000,0 days 00:33:58.730000,0 days 00:34:18.605000,212.0,193.0,259.0,280.0,True,HARD,13.0,False,Ferrari,0 days 00:33:03.677000,2026-06-05 11:49:03.803,1,,,,False,True,FP1
0 days 00:36:03.489000,LEC,16,0 days 00:01:44.884000,14.0,2.0,,,0 days 00:00:25.937000,0 days 00:00:49.911000,0 days 00:00:29.036000,0 days 00:34:44.542000,0 days 00:35:34.453000,0 days 00:36:03.489000,123.0,159.0,259.0,199.0,False,HARD,14.0,False,Ferrari,0 days 00:34:18.605000,2026-06-05 11:50:18.731,1,,,,False,True,FP1
0 days 00:37:24.964000,LEC,16,0 days 00:01:21.475000,15.0,2.0,,,0 days 00:00:19.716000,0 days 00:00:38.884000,0 days 00:00:22.875000,0 days 00:36:23.205000,0 days 00:37:02.089000,0 days 00:37:24.964000,211.0,151.0,260.0,255.0,False,HARD,15.0,False,Ferrari,0 days 00:36:03.489000,2026-06-05 11:52:03.615,1,,,,False,True,FP1
0 days 00:38:49.131000,LEC,16,0 days 00:01:24.167000,16.0,2.0,,,0 days 00:00:19.665000,0 days 00:00:38.531000,0 days 00:00:25.971000,0 days 00:37:44.629000,0 days 00:38:23.160000,0 days 00:38:49.131000,205.0,144.0,261.0,257.0,False,HARD,16.0,False,Ferrari,0 days 00:37:24.964000,2026-06-05 11:53:25.090,1,,,,False,True,FP1
0 days 00:40:14.876000,LEC,16,0 days 00:01:25.745000,17.0,2.0,,,0 days 00:00:19.663000,0 days 00:00:37.629000,0 days 00:00:28.453000,0 days 00:39:08.794000,0 days 00:39:46.423000,0 days 00:40:14.876000,210.0,134.0,261.0,281.0,False,HARD,17.0,False,Ferrari,0 days 00:38:49.131000,2026-06-05 11:54:49.257,12,,,,False,True,FP1
0 days 00:41:29.997000,LEC,16,0 days 00:01:15.121000,18.0,2.0,,,0 days 00:00:19.797000,0 days 00:00:35.453000,0 days 00:00:19.871000,0 days 00:40:34.673000,0 days 00:41:10.126000,0 days 00:41:29.997000,213.0,198.0,262.0,280.0,False,HARD,18.0,False,Ferrari,0 days 00:40:14.876000,2026-06-05 11:56:15.002,1,,,,False,True,FP1
0 days 00:57:51.048000,LEC,16,,19.0,2.0,,0 days 00:42:38.585000,0 days 00:00:19.546000,0 days 00:00:35.382000,,0 days 00:41:49.792000,0 days 00:42:25.201000,,212.0,194.0,,278.0,False,HARD,19.0,False,Ferrari,0 days 00:41:29.997000,2026-06-05 11:57:30.123,16725,,,,False,False,FP1
0 days 00:59:29.299000,LEC,16,0 days 00:01:38.251000,20.0,3.0,0 days 00:57:52.083000,,0 days 00:00:34.305000,0 days 00:00:41.172000,0 days 00:00:22.774000,0 days 00:58:25.353000,0 days 00:59:06.525000,0 days 00:59:29.299000,146.0,161.0,260.0,223.0,False,MEDIUM,1.0,True,Ferrari,0 days 00:57:52.083000,2026-06-05 12:13:52.209,1,,,,False,False,FP1
0 days 01:00:44.048000,LEC,16,0 days 00:01:14.749000,21.0,3.0,,,0 days 00:00:19.843000,0 days 00:00:35.016000,0 days 00:00:19.890000,0 days 00:59:49.142000,0 days 01:00:24.158000,0 days 01:00:44.048000,207.0,196.0,261.0,279.0,True,MEDIUM,2.0,True,Ferrari,0 days 00:59:29.299000,2026-06-05 12:15:29.425,1,,,,False,True,FP1
0 days 01:02:15.729000,LEC,16,0 days 00:01:31.681000,22.0,3.0,,,0 days 00:00:21.662000,0 days 00:00:44.005000,0 days 00:00:26.014000,0 days 01:01:05.710000,0 days 01:01:49.715000,0 days 01:02:15.729000,143.0,160.0,255.0,224.0,False,MEDIUM,3.0,True,Ferrari,0 days 01:00:44.048000,2026-06-05 12:16:44.174,1,,,,False,True,FP1
0 days 01:03:44.160000,LEC,16,0 days 00:01:28.431000,23.0,3.0,,,0 days 00:00:19.749000,0 days 00:00:37.245000,0 days 00:00:31.437000,0 days 01:02:35.478000,0 days 01:03:12.723000,0 days 01:03:44.160000,212.0,152.0,253.0,280.0,False,MEDIUM,4.0,True,Ferrari,0 days 01:02:15.729000,2026-06-05 12:18:15.855,1,,,,False,True,FP1
0 days 01:05:14.537000,LEC,16,0 days 00:01:30.377000,24.0,3.0,,,0 days 00:00:19.627000,0 days 00:00:38.238000,0 days 00:00:32.512000,0 days 01:04:03.787000,0 days 01:04:42.025000,0 days 01:05:14.537000,205.0,168.0,255.0,256.0,False,MEDIUM,5.0,True,Ferrari,0 days 01:03:44.160000,2026-06-05 12:19:44.286,1,,,,False,True,FP1
0 days 01:06:28.515000,LEC,16,0 days 00:01:13.978000,25.0,3.0,,,0 days 00:00:19.491000,0 days 00:00:34.858000,0 days 00:00:19.629000,0 days 01:05:34.028000,0 days 01:06:08.886000,0 days 01:06:28.515000,214.0,197.0,262.0,280.0,True,MEDIUM,6.0,True,Ferrari,0 days 01:05:14.537000,2026-06-05 12:21:14.663,1,,,,False,True,FP1
0 days 01:08:09.499000,LEC,16,0 days 00:01:40.984000,26.0,3.0,,,0 days 00:00:23.652000,0 days 00:00:48.542000,0 days 00:00:28.790000,0 days 01:06:52.167000,0 days 01:07:40.709000,0 days 01:08:09.499000,56.0,136.0,258.0,199.0,False,MEDIUM,7.0,True,Ferrari,0 days 01:06:28.515000,2026-06-05 12:22:28.641,12,,,,False,True,FP1
0 days 01:09:33.813000,LEC,16,0 days 00:01:24.314000,27.0,3.0,,,0 days 00:00:19.369000,0 days 00:00:36.469000,0 days 00:00:28.476000,0 days 01:08:28.868000,0 days 01:09:05.337000,0 days 01:09:33.813000,214.0,170.0,251.0,263.0,False,MEDIUM,8.0,True,Ferrari,0 days 01:08:09.499000,2026-06-05 12:24:09.625,1,,,,False,True,FP1
0 days 01:13:44.398000,LEC,16,,28.0,3.0,,0 days 01:11:24.394000,0 days 00:00:19.436000,,,0 days 01:09:53.438000,,,220.0,,,,False,MEDIUM,9.0,True,Ferrari,0 days 01:09:33.813000,2026-06-05 12:25:33.939,125,,,,False,False,FP1
0 days 01:15:29.939000,LEC,16,0 days 00:01:45.541000,29.0,4.0,0 days 01:13:45.565000,,0 days 00:00:36.653000,0 days 00:00:45.071000,0 days 00:00:23.817000,0 days 01:14:21.051000,0 days 01:15:06.122000,0 days 01:15:29.939000,141.0,150.0,247.0,201.0,False,MEDIUM,9.0,False,Ferrari,0 days 01:13:45.565000,2026-06-05 12:29:45.691,1,,,,False,False,FP1
0 days 01:17:44.158000,LEC,16,0 days 00:02:14.219000,30.0,4.0,,,0 days 00:00:25.026000,0 days 00:00:41.087000,0 days 00:01:08.106000,0 days 01:15:54.965000,0 days 01:16:36.052000,0 days 01:17:44.158000,158.0,151.0,146.0,259.0,False,MEDIUM,10.0,False,Ferrari,0 days 01:15:29.939000,2026-06-05 12:31:30.065,1,,,,False,True,FP1
0 days 01:19:01.510000,LEC,16,,31.0,4.0,,0 days 01:19:01.510000,0 days 00:00:23.365000,0 days 00:00:38.440000,,0 days 01:18:07.543000,0 days 01:18:46.075000,,160.0,174.0,,267.0,False,MEDIUM,11.0,False,Ferrari,0 days 01:17:44.158000,2026-06-05 12:33:44.284,12,,,,False,False,FP1
0 days 00:25:39.822000,STR,18,,1.0,1.0,0 days 00:15:30.138000,0 days 00:17:05.160000,0 days 00:00:33.161000,0 days 00:00:44.870000,,0 days 00:16:02.556000,0 days 00:16:47.478000,,140.0,153.0,,247.0,False,MEDIUM,1.0,True,Aston Martin,0 days 00:15:30.138000,2026-06-05 11:31:30.264,21,,,,False,False,FP1
0 days 00:27:12.608000,STR,18,0 days 00:01:32.786000,2.0,2.0,0 days 00:25:40.651000,,0 days 00:00:29.591000,0 days 00:00:40.445000,0 days 00:00:22.750000,0 days 00:26:09.413000,0 days 00:26:49.858000,0 days 00:27:12.608000,157.0,164.0,248.0,254.0,False,MEDIUM,2.0,False,Aston Martin,0 days 00:25:39.822000,2026-06-05 11:41:39.948,1,,,,False,False,FP1
0 days 00:28:33.742000,STR,18,0 days 00:01:21.134000,3.0,2.0,,,0 days 00:00:21.901000,0 days 00:00:37.909000,0 days 00:00:21.324000,0 days 00:27:34.509000,0 days 00:28:12.418000,0 days 00:28:33.742000,184.0,183.0,251.0,264.0,True,MEDIUM,3.0,False,Aston Martin,0 days 00:27:12.608000,2026-06-05 11:43:12.734,1,,,,False,True,FP1
0 days 00:29:53.185000,STR,18,0 days 00:01:19.443000,4.0,2.0,,,0 days 00:00:21.290000,0 days 00:00:37.288000,0 days 00:00:20.865000,0 days 00:28:55.032000,0 days 00:29:32.320000,0 days 00:29:53.185000,198.0,183.0,251.0,264.0,True,MEDIUM,4.0,False,Aston Martin,0 days 00:28:33.742000,2026-06-05 11:44:33.868,1,,,,False,True,FP1
0 days 00:31:11.892000,STR,18,0 days 00:01:18.707000,5.0,2.0,,,0 days 00:00:20.921000,0 days 00:00:36.865000,0 days 00:00:20.921000,0 days 00:30:14.106000,0 days 00:30:50.971000,0 days 00:31:11.892000,193.0,185.0,252.0,266.0,True,MEDIUM,5.0,False,Aston Martin,0 days 00:29:53.185000,2026-06-05 11:45:53.311,1,,,,False,True,FP1
0 days 00:32:30.182000,STR,18,0 days 00:01:18.290000,6.0,2.0,,,0 days 00:00:20.851000,0 days 00:00:36.598000,0 days 00:00:20.841000,0 days 00:31:32.743000,0 days 00:32:09.341000,0 days 00:32:30.182000,195.0,187.0,253.0,265.0,True,MEDIUM,6.0,False,Aston Martin,0 days 00:31:11.892000,2026-06-05 11:47:12.018,1,,,,False,True,FP1
0 days 00:34:02.754000,STR,18,0 days 00:01:32.572000,7.0,2.0,,,0 days 00:00:25.925000,0 days 00:00:42.537000,0 days 00:00:24.110000,0 days 00:32:56.107000,0 days 00:33:38.644000,0 days 00:34:02.754000,144.0,151.0,249.0,234.0,False,MEDIUM,7.0,False,Aston Martin,0 days 00:32:30.182000,2026-06-05 11:48:30.308,1,,,,False,True,FP1
0 days 00:35:20.929000,STR,18,0 days 00:01:18.175000,8.0,2.0,,,0 days 00:00:20.877000,0 days 00:00:36.663000,0 days 00:00:20.635000,0 days 00:34:23.631000,0 days 00:35:00.294000,0 days 00:35:20.929000,202.0,191.0,250.0,264.0,True,MEDIUM,8.0,False,Aston Martin,0 days 00:34:02.754000,2026-06-05 11:50:02.880,1,,,,False,True,FP1
0 days 00:36:49.158000,STR,18,0 days 00:01:28.229000,9.0,2.0,,,0 days 00:00:20.696000,0 days 00:00:36.842000,0 days 00:00:30.691000,0 days 00:35:41.625000,0 days 00:36:18.467000,0 days 00:36:49.158000,195.0,187.0,213.0,266.0,False,MEDIUM,9.0,False,Aston Martin,0 days 00:35:20.929000,2026-06-05 11:51:21.055,1,,,,False,True,FP1
0 days 00:38:33.938000,STR,18,0 days 00:01:44.780000,10.0,2.0,,,0 days 00:00:32.251000,0 days 00:00:48.721000,0 days 00:00:23.808000,0 days 00:37:21.409000,0 days 00:38:10.130000,0 days 00:38:33.938000,102.0,145.0,254.0,218.0,False,MEDIUM,10.0,False,Aston Martin,0 days 00:36:49.158000,2026-06-05 11:52:49.284,1,,,,False,True,FP1
0 days 00:40:00.332000,STR,18,0 days 00:01:26.394000,11.0,2.0,,,0 days 00:00:22.902000,0 days 00:00:40.417000,0 days 00:00:23.075000,0 days 00:38:56.840000,0 days 00:39:37.257000,0 days 00:40:00.332000,139.0,169.0,254.0,270.0,False,MEDIUM,11.0,False,Aston Martin,0 days 00:38:33.938000,2026-06-05 11:54:34.064,12,,,,False,True,FP1
0 days 00:41:17.888000,STR,18,0 days 00:01:17.556000,12.0,2.0,,,0 days 00:00:20.548000,0 days 00:00:36.437000,0 days 00:00:20.571000,0 days 00:40:20.880000,0 days 00:40:57.317000,0 days 00:41:17.888000,206.0,189.0,257.0,273.0,True,MEDIUM,12.0,False,Aston Martin,0 days 00:40:00.332000,2026-06-05 11:56:00.458,1,,,,False,True,FP1
0 days 01:07:22.141000,STR,18,,13.0,2.0,,0 days 00:42:53.651000,0 days 00:00:32.978000,0 days 00:00:44.868000,,0 days 00:41:51.174000,0 days 00:42:36.047000,,116.0,151.0,,255.0,False,MEDIUM,13.0,False,Aston Martin,0 days 00:41:17.888000,2026-06-05 11:57:18.014,16725,,,,False,False,FP1
0 days 01:08:54.876000,STR,18,0 days 00:01:32.735000,14.0,3.0,0 days 01:07:23.092000,,0 days 00:00:26.662000,0 days 00:00:39.661000,0 days 00:00:26.412000,0 days 01:07:48.803000,0 days 01:08:28.464000,0 days 01:08:54.876000,158.0,170.0,251.0,262.0,False,MEDIUM,1.0,True,Aston Martin,0 days 01:07:23.092000,2026-06-05 12:23:23.218,1,,,,False,False,FP1
0 days 01:10:13.865000,STR,18,0 days 00:01:18.989000,15.0,3.0,,,0 days 00:00:20.969000,0 days 00:00:36.366000,0 days 00:00:21.654000,0 days 01:09:15.845000,0 days 01:09:52.211000,0 days 01:10:13.865000,197.0,188.0,257.0,274.0,False,MEDIUM,2.0,True,Aston Martin,0 days 01:08:54.876000,2026-06-05 12:24:55.002,12,,,,False,True,FP1
0 days 01:10:32.049000,STR,18,,16.0,3.0,,,,,,,,,,,,,,MEDIUM,3.0,True,Aston Martin,0 days 01:10:13.865000,2026-06-05 12:26:13.991,12,,,,True,False,FP1
0 days 00:17:15.361000,ALB,23,0 days 00:01:41.454000,1.0,1.0,0 days 00:15:35.862000,,0 days 00:00:35.181000,0 days 00:00:42.751000,0 days 00:00:23.522000,0 days 00:16:09.335000,0 days 00:16:52.184000,0 days 00:17:15.460000,142.0,157.0,244.0,245.0,False,HARD,1.0,True,Williams,0 days 00:15:35.862000,2026-06-05 11:31:35.988,21,,,,False,False,FP1
0 days 00:18:38.815000,ALB,23,0 days 00:01:23.454000,2.0,1.0,,,0 days 00:00:22.518000,0 days 00:00:38.613000,0 days 00:00:22.323000,0 days 00:17:37.879000,0 days 00:18:16.492000,0 days 00:18:38.815000,175.0,169.0,262.0,267.0,True,HARD,2.0,True,Williams,0 days 00:17:15.361000,2026-06-05 11:33:15.487,1,,,,False,True,FP1
0 days 00:19:58.739000,ALB,23,0 days 00:01:19.924000,3.0,1.0,,,0 days 00:00:21.597000,0 days 00:00:37.220000,0 days 00:00:21.107000,0 days 00:19:00.412000,0 days 00:19:37.632000,0 days 00:19:58.739000,190.0,184.0,260.0,279.0,True,HARD,3.0,True,Williams,0 days 00:18:38.815000,2026-06-05 11:34:38.941,1,,,,False,True,FP1
0 days 00:21:17.308000,ALB,23,0 days 00:01:18.569000,4.0,1.0,,,0 days 00:00:21.093000,0 days 00:00:36.774000,0 days 00:00:20.702000,0 days 00:20:19.832000,0 days 00:20:56.606000,0 days 00:21:17.308000,192.0,184.0,261.0,282.0,True,HARD,4.0,True,Williams,0 days 00:19:58.739000,2026-06-05 11:35:58.865,1,,,,False,True,FP1
0 days 00:22:35.428000,ALB,23,0 days 00:01:18.120000,5.0,1.0,,,0 days 00:00:20.795000,0 days 00:00:36.432000,0 days 00:00:20.893000,0 days 00:21:38.103000,0 days 00:22:14.535000,0 days 00:22:35.428000,194.0,185.0,260.0,281.0,True,HARD,5.0,True,Williams,0 days 00:21:17.308000,2026-06-05 11:37:17.434,1,,,,False,True,FP1
0 days 00:23:53.072000,ALB,23,0 days 00:01:17.644000,6.0,1.0,,,0 days 00:00:20.466000,0 days 00:00:36.484000,0 days 00:00:20.694000,0 days 00:22:55.894000,0 days 00:23:32.378000,0 days 00:23:53.072000,195.0,188.0,257.0,280.0,True,HARD,6.0,True,Williams,0 days 00:22:35.428000,2026-06-05 11:38:35.554,1,,,,False,True,FP1
0 days 00:25:27.917000,ALB,23,0 days 00:01:34.845000,7.0,1.0,,,0 days 00:00:20.654000,0 days 00:00:48.156000,0 days 00:00:26.035000,0 days 00:24:13.726000,0 days 00:25:01.882000,0 days 00:25:27.917000,195.0,126.0,241.0,210.0,False,HARD,7.0,True,Williams,0 days 00:23:53.072000,2026-06-05 11:39:53.198,1,,,,False,True,FP1
0 days 00:26:54.423000,ALB,23,0 days 00:01:26.506000,8.0,1.0,,,0 days 00:00:20.734000,0 days 00:00:39.611000,0 days 00:00:26.161000,0 days 00:25:48.651000,0 days 00:26:28.262000,0 days 00:26:54.423000,199.0,146.0,244.0,259.0,False,HARD,8.0,True,Williams,0 days 00:25:27.917000,2026-06-05 11:41:28.043,1,,,,False,True,FP1
0 days 00:28:14.360000,ALB,23,0 days 00:01:19.937000,9.0,1.0,,,0 days 00:00:21.024000,0 days 00:00:37.570000,0 days 00:00:21.343000,0 days 00:27:15.447000,0 days 00:27:53.017000,0 days 00:28:14.360000,192.0,181.0,245.0,260.0,False,HARD,9.0,True,Williams,0 days 00:26:54.423000,2026-06-05 11:42:54.549,1,,,,False,True,FP1
0 days 00:29:33.150000,ALB,23,0 days 00:01:18.790000,10.0,1.0,,,0 days 00:00:20.810000,0 days 00:00:37.253000,0 days 00:00:20.727000,0 days 00:28:35.170000,0 days 00:29:12.423000,0 days 00:29:33.150000,198.0,183.0,260.0,262.0,False,HARD,10.0,True,Williams,0 days 00:28:14.360000,2026-06-05 11:44:14.486,1,,,,False,True,FP1
0 days 00:30:53.610000,ALB,23,0 days 00:01:20.460000,11.0,1.0,,,0 days 00:00:21.507000,0 days 00:00:37.936000,0 days 00:00:21.017000,0 days 00:29:54.657000,0 days 00:30:32.593000,0 days 00:30:53.610000,197.0,179.0,244.0,261.0,False,HARD,11.0,True,Williams,0 days 00:29:33.150000,2026-06-05 11:45:33.276,1,,,,False,True,FP1
0 days 00:32:18.916000,ALB,23,0 days 00:01:25.306000,12.0,1.0,,,0 days 00:00:20.475000,0 days 00:00:42.364000,0 days 00:00:22.467000,0 days 00:31:14.085000,0 days 00:31:56.449000,0 days 00:32:18.916000,202.0,150.0,262.0,191.0,False,HARD,12.0,True,Williams,0 days 00:30:53.610000,2026-06-05 11:46:53.736,1,,,,False,True,FP1
0 days 00:33:37.059000,ALB,23,0 days 00:01:18.143000,13.0,1.0,,,0 days 00:00:20.435000,0 days 00:00:37.042000,0 days 00:00:20.666000,0 days 00:32:39.351000,0 days 00:33:16.393000,0 days 00:33:37.059000,198.0,188.0,260.0,262.0,False,HARD,13.0,True,Williams,0 days 00:32:18.916000,2026-06-05 11:48:19.042,1,,,,False,True,FP1
0 days 00:34:54.810000,ALB,23,0 days 00:01:17.751000,14.0,1.0,,,0 days 00:00:20.353000,0 days 00:00:36.663000,0 days 00:00:20.735000,0 days 00:33:57.412000,0 days 00:34:34.075000,0 days 00:34:54.810000,203.0,186.0,260.0,276.0,False,HARD,14.0,True,Williams,0 days 00:33:37.059000,2026-06-05 11:49:37.185,1,,,,False,True,FP1
0 days 00:36:35.973000,ALB,23,0 days 00:01:41.163000,15.0,1.0,,,0 days 00:00:28.121000,0 days 00:00:45.477000,0 days 00:00:27.565000,0 days 00:35:22.931000,0 days 00:36:08.408000,0 days 00:36:35.973000,61.0,154.0,242.0,244.0,False,HARD,15.0,True,Williams,0 days 00:34:54.810000,2026-06-05 11:50:54.936,1,,,,False,True,FP1
0 days 00:37:57.687000,ALB,23,0 days 00:01:21.714000,16.0,1.0,,,0 days 00:00:21.272000,0 days 00:00:38.847000,0 days 00:00:21.595000,0 days 00:36:57.245000,0 days 00:37:36.092000,0 days 00:37:57.687000,175.0,173.0,246.0,271.0,False,HARD,16.0,True,Williams,0 days 00:36:35.973000,2026-06-05 11:52:36.099,1,,,,False,True,FP1
0 days 00:39:15.558000,ALB,23,0 days 00:01:17.871000,17.0,1.0,,,0 days 00:00:20.445000,0 days 00:00:36.909000,0 days 00:00:20.517000,0 days 00:38:18.132000,0 days 00:38:55.041000,0 days 00:39:15.558000,201.0,183.0,261.0,262.0,False,HARD,17.0,True,Williams,0 days 00:37:57.687000,2026-06-05 11:53:57.813,1,,,,False,True,FP1
0 days 00:40:33.781000,ALB,23,0 days 00:01:18.223000,18.0,1.0,,,0 days 00:00:20.281000,0 days 00:00:37.164000,0 days 00:00:20.778000,0 days 00:39:35.839000,0 days 00:40:13.003000,0 days 00:40:33.781000,200.0,184.0,261.0,265.0,False,HARD,18.0,True,Williams,0 days 00:39:15.558000,2026-06-05 11:55:15.684,12,,,,False,True,FP1
0 days 00:42:09.772000,ALB,23,0 days 00:01:35.991000,19.0,1.0,,,0 days 00:00:25.035000,0 days 00:00:47.228000,0 days 00:00:23.728000,0 days 00:40:58.816000,0 days 00:41:46.044000,0 days 00:42:09.772000,162.0,148.0,262.0,250.0,False,HARD,19.0,True,Williams,0 days 00:40:33.781000,2026-06-05 11:56:33.907,1,,,,False,True,FP1
0 days 00:43:27.311000,ALB,23,0 days 00:01:17.539000,20.0,1.0,,,0 days 00:00:20.513000,0 days 00:00:36.532000,0 days 00:00:20.494000,0 days 00:42:30.285000,0 days 00:43:06.817000,0 days 00:43:27.311000,204.0,186.0,262.0,280.0,True,HARD,20.0,True,Williams,0 days 00:42:09.772000,2026-06-05 11:58:09.898,1,,,,False,True,FP1
0 days 00:58:11.137000,ALB,23,,21.0,1.0,,0 days 00:44:53.768000,0 days 00:00:27.049000,0 days 00:00:43.419000,,0 days 00:43:54.594000,0 days 00:44:38.030000,,154.0,159.0,,238.0,False,HARD,21.0,True,Williams,0 days 00:43:27.311000,2026-06-05 11:59:27.437,16725,,,,False,False,FP1
0 days 00:59:50.429000,ALB,23,0 days 00:01:39.292000,22.0,2.0,0 days 00:58:12.618000,,0 days 00:00:32.497000,0 days 00:00:43.346000,0 days 00:00:23.449000,0 days 00:58:43.634000,0 days 00:59:26.980000,0 days 00:59:50.429000,153.0,151.0,255.0,180.0,False,MEDIUM,1.0,True,Williams,0 days 00:58:12.618000,2026-06-05 12:14:12.744,1,,,,False,False,FP1
0 days 01:01:14.422000,ALB,23,0 days 00:01:23.993000,23.0,2.0,,,0 days 00:00:22.202000,0 days 00:00:40.094000,0 days 00:00:21.697000,0 days 01:00:12.631000,0 days 01:00:52.725000,0 days 01:01:14.422000,186.0,174.0,262.0,253.0,False,MEDIUM,2.0,True,Williams,0 days 00:59:50.429000,2026-06-05 12:15:50.555,1,,,,False,True,FP1
0 days 01:02:30.411000,ALB,23,0 days 00:01:15.989000,24.0,2.0,,,0 days 00:00:20.096000,0 days 00:00:35.869000,0 days 00:00:20.024000,0 days 01:01:34.518000,0 days 01:02:10.387000,0 days 01:02:30.411000,206.0,193.0,262.0,280.0,True,MEDIUM,3.0,True,Williams,0 days 01:01:14.422000,2026-06-05 12:17:14.548,1,,,,False,True,FP1
0 days 01:04:03.433000,ALB,23,0 days 00:01:33.022000,25.0,2.0,,,0 days 00:00:24.490000,0 days 00:00:46.389000,0 days 00:00:22.143000,0 days 01:02:54.901000,0 days 01:03:41.290000,0 days 01:04:03.433000,146.0,161.0,262.0,239.0,False,MEDIUM,4.0,True,Williams,0 days 01:02:30.411000,2026-06-05 12:18:30.537,1,,,,False,True,FP1
0 days 01:05:19.482000,ALB,23,0 days 00:01:16.049000,26.0,2.0,,,0 days 00:00:20.117000,0 days 00:00:35.742000,0 days 00:00:20.190000,0 days 01:04:23.550000,0 days 01:04:59.292000,0 days 01:05:19.482000,206.0,190.0,263.0,280.0,False,MEDIUM,5.0,True,Williams,0 days 01:04:03.433000,2026-06-05 12:20:03.559,1,,,,False,True,FP1
0 days 01:06:57.490000,ALB,23,0 days 00:01:38.008000,27.0,2.0,,,0 days 00:00:29.564000,0 days 00:00:46.309000,0 days 00:00:22.135000,0 days 01:05:49.046000,0 days 01:06:35.355000,0 days 01:06:57.490000,124.0,167.0,263.0,236.0,False,MEDIUM,6.0,True,Williams,0 days 01:05:19.482000,2026-06-05 12:21:19.608,12,,,,False,True,FP1
0 days 01:08:22.362000,ALB,23,0 days 00:01:24.872000,28.0,2.0,,,0 days 00:00:19.947000,0 days 00:00:38.928000,0 days 00:00:25.997000,0 days 01:07:17.437000,0 days 01:07:56.365000,0 days 01:08:22.362000,210.0,137.0,248.0,280.0,False,MEDIUM,7.0,True,Williams,0 days 01:06:57.490000,2026-06-05 12:22:57.616,1,,,,False,True,FP1
0 days 01:09:52.829000,ALB,23,0 days 00:01:30.467000,29.0,2.0,,,0 days 00:00:20.076000,0 days 00:00:47.524000,0 days 00:00:22.867000,0 days 01:08:42.438000,0 days 01:09:29.962000,0 days 01:09:52.829000,211.0,135.0,261.0,196.0,False,MEDIUM,8.0,True,Williams,0 days 01:08:22.362000,2026-06-05 12:24:22.488,12,,,,False,True,FP1
0 days 01:13:30.783000,ALB,23,,30.0,2.0,,0 days 01:11:26.681000,0 days 00:00:20.044000,,,0 days 01:10:13.092000,,,192.0,,,,False,MEDIUM,9.0,True,Williams,0 days 01:09:52.829000,2026-06-05 12:25:52.955,215,,,,False,False,FP1
0 days 01:15:18.019000,ALB,23,0 days 00:01:47.236000,31.0,3.0,0 days 01:13:31.818000,,0 days 00:00:40.800000,0 days 00:00:41.580000,0 days 00:00:24.856000,0 days 01:14:11.583000,0 days 01:14:53.163000,0 days 01:15:18.019000,164.0,161.0,247.0,228.0,False,MEDIUM,9.0,False,Williams,0 days 01:13:31.818000,2026-06-05 12:29:31.944,1,,,,False,False,FP1
0 days 01:17:20.948000,ALB,23,0 days 00:02:02.929000,32.0,3.0,,,0 days 00:00:20.706000,0 days 00:00:39.591000,0 days 00:01:02.632000,0 days 01:15:38.725000,0 days 01:16:18.316000,0 days 01:17:20.948000,191.0,153.0,104.0,246.0,False,MEDIUM,10.0,False,Williams,0 days 01:15:18.019000,2026-06-05 12:31:18.145,1,,,,False,True,FP1
0 days 01:18:45.979000,ALB,23,,33.0,3.0,,0 days 01:18:45.979000,0 days 00:00:25.840000,0 days 00:00:43.197000,,0 days 01:17:46.936000,0 days 01:18:30.020000,,152.0,159.0,,212.0,False,MEDIUM,11.0,False,Williams,0 days 01:17:20.948000,2026-06-05 12:33:21.074,12,,,,False,False,FP1
0 days 00:17:34.016000,HUL,27,0 days 00:01:41.754000,1.0,1.0,0 days 00:15:53.225000,,0 days 00:00:32.370000,0 days 00:00:45.903000,0 days 00:00:23.481000,0 days 00:16:24.948000,0 days 00:17:10.776000,0 days 00:17:34.280000,111.0,156.0,262.0,194.0,False,HARD,1.0,True,Audi,0 days 00:15:53.225000,2026-06-05 11:31:53.351,1,,,,False,False,FP1
0 days 00:18:55.387000,HUL,27,0 days 00:01:21.371000,2.0,1.0,,,0 days 00:00:22.175000,0 days 00:00:38.023000,0 days 00:00:21.173000,0 days 00:17:56.191000,0 days 00:18:34.214000,0 days 00:18:55.387000,170.0,180.0,264.0,275.0,True,HARD,2.0,True,Audi,0 days 00:17:34.016000,2026-06-05 11:33:34.142,1,,,,False,True,FP1
0 days 00:20:13.121000,HUL,27,0 days 00:01:17.734000,3.0,1.0,,,0 days 00:00:20.407000,0 days 00:00:36.625000,0 days 00:00:20.702000,0 days 00:19:15.794000,0 days 00:19:52.419000,0 days 00:20:13.121000,194.0,189.0,264.0,282.0,True,HARD,3.0,True,Audi,0 days 00:18:55.387000,2026-06-05 11:34:55.513,1,,,,False,True,FP1
0 days 00:21:51.737000,HUL,27,0 days 00:01:38.616000,4.0,1.0,,,0 days 00:00:21.805000,0 days 00:00:51.251000,0 days 00:00:25.560000,0 days 00:20:34.926000,0 days 00:21:26.177000,0 days 00:21:51.737000,145.0,126.0,252.0,182.0,False,HARD,4.0,True,Audi,0 days 00:20:13.121000,2026-06-05 11:36:13.247,1,,,,False,True,FP1
0 days 00:23:17.781000,HUL,27,0 days 00:01:26.044000,5.0,1.0,,,0 days 00:00:20.489000,0 days 00:00:39.741000,0 days 00:00:25.814000,0 days 00:22:12.226000,0 days 00:22:51.967000,0 days 00:23:17.781000,198.0,153.0,248.0,281.0,False,HARD,5.0,True,Audi,0 days 00:21:51.737000,2026-06-05 11:37:51.863,1,,,,False,True,FP1
0 days 00:24:34.562000,HUL,27,0 days 00:01:16.781000,6.0,1.0,,,0 days 00:00:20.431000,0 days 00:00:36.025000,0 days 00:00:20.325000,0 days 00:23:38.212000,0 days 00:24:14.237000,0 days 00:24:34.562000,196.0,193.0,263.0,280.0,True,HARD,6.0,True,Audi,0 days 00:23:17.781000,2026-06-05 11:39:17.907,1,,,,False,True,FP1
0 days 00:26:09.416000,HUL,27,0 days 00:01:34.854000,7.0,1.0,,,0 days 00:00:25.131000,0 days 00:00:46.182000,0 days 00:00:23.541000,0 days 00:24:59.693000,0 days 00:25:45.875000,0 days 00:26:09.416000,104.0,143.0,260.0,237.0,False,HARD,7.0,True,Audi,0 days 00:24:34.562000,2026-06-05 11:40:34.688,1,,,,False,True,FP1
0 days 00:27:25.929000,HUL,27,0 days 00:01:16.513000,8.0,1.0,,,0 days 00:00:20.226000,0 days 00:00:36.028000,0 days 00:00:20.259000,0 days 00:26:29.642000,0 days 00:27:05.670000,0 days 00:27:25.929000,201.0,192.0,263.0,279.0,True,HARD,8.0,True,Audi,0 days 00:26:09.416000,2026-06-05 11:42:09.542,1,,,,False,True,FP1
0 days 00:28:42.198000,HUL,27,0 days 00:01:16.269000,9.0,1.0,,,0 days 00:00:20.259000,0 days 00:00:35.819000,0 days 00:00:20.191000,0 days 00:27:46.188000,0 days 00:28:22.007000,0 days 00:28:42.198000,196.0,195.0,263.0,280.0,True,HARD,9.0,True,Audi,0 days 00:27:25.929000,2026-06-05 11:43:26.055,1,,,,False,True,FP1
0 days 00:30:27.110000,HUL,27,0 days 00:01:44.912000,10.0,1.0,,,0 days 00:00:27.263000,0 days 00:00:53.123000,0 days 00:00:24.526000,0 days 00:29:09.461000,0 days 00:30:02.584000,0 days 00:30:27.110000,135.0,150.0,168.0,174.0,False,HARD,10.0,True,Audi,0 days 00:28:42.198000,2026-06-05 11:44:42.324,1,,,,False,True,FP1
0 days 00:31:57.363000,HUL,27,0 days 00:01:30.253000,11.0,1.0,,,0 days 00:00:25.927000,0 days 00:00:42.245000,0 days 00:00:22.081000,0 days 00:30:53.037000,0 days 00:31:35.282000,0 days 00:31:57.363000,89.0,172.0,261.0,253.0,False,HARD,11.0,True,Audi,0 days 00:30:27.110000,2026-06-05 11:46:27.236,1,,,,False,True,FP1
0 days 00:33:15.636000,HUL,27,0 days 00:01:18.273000,12.0,1.0,,,0 days 00:00:20.019000,0 days 00:00:36.003000,0 days 00:00:22.251000,0 days 00:32:17.382000,0 days 00:32:53.385000,0 days 00:33:15.636000,203.0,190.0,244.0,281.0,False,HARD,12.0,True,Audi,0 days 00:31:57.363000,2026-06-05 11:47:57.489,1,,,,False,True,FP1
0 days 00:34:52.031000,HUL,27,0 days 00:01:36.395000,13.0,1.0,,,0 days 00:00:24.133000,0 days 00:00:51.048000,0 days 00:00:21.214000,0 days 00:33:39.769000,0 days 00:34:30.817000,0 days 00:34:52.031000,96.0,174.0,262.0,226.0,False,HARD,13.0,True,Audi,0 days 00:33:15.636000,2026-06-05 11:49:15.762,1,,,,False,True,FP1
0 days 00:56:09.120000,HUL,27,,14.0,1.0,,0 days 00:36:06.459000,0 days 00:00:20.194000,0 days 00:00:37.574000,,0 days 00:35:12.513000,0 days 00:35:50.027000,,195.0,158.0,,280.0,False,HARD,14.0,True,Audi,0 days 00:34:52.031000,2026-06-05 11:50:52.157,12675,,,,False,False,FP1
0 days 00:58:33.287000,HUL,27,0 days 00:02:24.167000,15.0,2.0,0 days 00:57:03.267000,,0 days 00:01:21.310000,0 days 00:00:40.421000,0 days 00:00:22.436000,0 days 00:57:30.430000,0 days 00:58:10.851000,0 days 00:58:33.287000,153.0,169.0,261.0,256.0,False,MEDIUM,1.0,True,Audi,0 days 00:57:03.267000,2026-06-05 12:13:03.393,1,,,,False,False,FP1
0 days 00:59:54.913000,HUL,27,0 days 00:01:21.626000,16.0,2.0,,,0 days 00:00:21.183000,0 days 00:00:37.260000,0 days 00:00:23.183000,0 days 00:58:54.470000,0 days 00:59:31.730000,0 days 00:59:54.913000,173.0,179.0,252.0,279.0,False,MEDIUM,2.0,True,Audi,0 days 00:58:33.287000,2026-06-05 12:14:33.413,1,,,,False,True,FP1
0 days 01:01:10.764000,HUL,27,0 days 00:01:15.851000,17.0,2.0,,,0 days 00:00:20.072000,0 days 00:00:35.811000,0 days 00:00:19.968000,0 days 01:00:14.985000,0 days 01:00:50.796000,0 days 01:01:10.764000,207.0,196.0,263.0,282.0,True,MEDIUM,3.0,True,Audi,0 days 00:59:54.913000,2026-06-05 12:15:55.039,1,,,,False,True,FP1
0 days 01:02:44.622000,HUL,27,0 days 00:01:33.858000,18.0,2.0,,,0 days 00:00:27.251000,0 days 00:00:44.272000,0 days 00:00:22.335000,0 days 01:01:38.015000,0 days 01:02:22.287000,0 days 01:02:44.622000,148.0,152.0,262.0,206.0,False,MEDIUM,4.0,True,Audi,0 days 01:01:10.764000,2026-06-05 12:17:10.890,1,,,,False,True,FP1
0 days 01:03:59.965000,HUL,27,0 days 00:01:15.343000,19.0,2.0,,,0 days 00:00:19.833000,0 days 00:00:35.425000,0 days 00:00:20.085000,0 days 01:03:04.455000,0 days 01:03:39.880000,0 days 01:03:59.965000,210.0,194.0,264.0,281.0,True,MEDIUM,5.0,True,Audi,0 days 01:02:44.622000,2026-06-05 12:18:44.748,1,,,,False,True,FP1
0 days 01:05:37.019000,HUL,27,0 days 00:01:37.054000,20.0,2.0,,,0 days 00:00:27.829000,0 days 00:00:45.117000,0 days 00:00:24.108000,0 days 01:04:27.794000,0 days 01:05:12.911000,0 days 01:05:37.019000,127.0,152.0,229.0,210.0,False,MEDIUM,6.0,True,Audi,0 days 01:03:59.965000,2026-06-05 12:20:00.091,1,,,,False,True,FP1
0 days 01:07:03.796000,HUL,27,0 days 00:01:26.777000,21.0,2.0,,,0 days 00:00:23.758000,0 days 00:00:41.535000,0 days 00:00:21.484000,0 days 01:06:00.777000,0 days 01:06:42.312000,0 days 01:07:03.796000,168.0,167.0,262.0,260.0,False,MEDIUM,7.0,True,Audi,0 days 01:05:37.019000,2026-06-05 12:21:37.145,12,,,,False,True,FP1
0 days 01:08:28.761000,HUL,27,0 days 00:01:24.965000,22.0,2.0,,,0 days 00:00:19.921000,0 days 00:00:38.751000,0 days 00:00:26.293000,0 days 01:07:23.717000,0 days 01:08:02.468000,0 days 01:08:28.761000,210.0,176.0,249.0,266.0,False,MEDIUM,8.0,True,Audi,0 days 01:07:03.796000,2026-06-05 12:23:03.922,1,,,,False,True,FP1
0 days 01:09:44.248000,HUL,27,0 days 00:01:15.487000,23.0,2.0,,,0 days 00:00:19.816000,0 days 00:00:35.602000,0 days 00:00:20.069000,0 days 01:08:48.577000,0 days 01:09:24.179000,0 days 01:09:44.248000,213.0,193.0,264.0,282.0,False,MEDIUM,9.0,True,Audi,0 days 01:08:28.761000,2026-06-05 12:24:28.887,1,,,,False,True,FP1
0 days 01:13:21.469000,HUL,27,,24.0,2.0,,0 days 01:11:25.493000,0 days 00:00:26.246000,,,0 days 01:10:10.686000,,,127.0,,,,False,MEDIUM,10.0,True,Audi,0 days 01:09:44.248000,2026-06-05 12:25:44.374,125,,,,False,False,FP1
0 days 01:14:58.781000,HUL,27,0 days 00:01:37.312000,25.0,3.0,0 days 01:13:22.127000,,0 days 00:00:29.975000,0 days 00:00:43.717000,0 days 00:00:23.620000,0 days 01:13:51.444000,0 days 01:14:35.161000,0 days 01:14:58.781000,140.0,155.0,234.0,238.0,False,MEDIUM,10.0,False,Audi,0 days 01:13:22.127000,2026-06-05 12:29:22.253,1,,,,False,False,FP1
0 days 01:17:01.952000,HUL,27,0 days 00:02:03.171000,26.0,3.0,,,0 days 00:00:22.164000,0 days 00:00:39.172000,0 days 00:01:01.835000,0 days 01:15:20.945000,0 days 01:16:00.117000,0 days 01:17:01.952000,179.0,141.0,4.0,255.0,False,MEDIUM,11.0,False,Audi,0 days 01:14:58.781000,2026-06-05 12:30:58.907,1,,,,False,True,FP1
0 days 01:18:21.999000,HUL,27,,27.0,3.0,,0 days 01:18:21.999000,0 days 00:00:24.194000,0 days 00:00:40.020000,,0 days 01:17:26.174000,0 days 01:18:06.192000,,181.0,164.0,,222.0,False,MEDIUM,12.0,False,Audi,0 days 01:17:01.952000,2026-06-05 12:33:02.078,12,,,,False,False,FP1
0 days 00:15:50.891000,VER,3,0 days 00:01:36.109000,1.0,1.0,0 days 00:14:15.543000,,0 days 00:00:28.340000,0 days 00:00:44.295000,0 days 00:00:23.474000,0 days 00:14:43.297000,0 days 00:15:27.684000,0 days 00:15:51.011000,150.0,172.0,258.0,238.0,False,HARD,1.0,True,Red Bull Racing,0 days 00:14:15.543000,2026-06-05 11:30:15.669,12,,,,False,False,FP1
0 days 00:17:11.571000,VER,3,0 days 00:01:20.680000,2.0,1.0,,,0 days 00:00:21.363000,0 days 00:00:38.335000,0 days 00:00:20.982000,0 days 00:16:12.254000,0 days 00:16:50.589000,0 days 00:17:11.571000,176.0,184.0,262.0,280.0,True,HARD,2.0,True,Red Bull Racing,0 days 00:15:50.891000,2026-06-05 11:31:51.017,1,,,,False,True,FP1
0 days 00:18:29.690000,VER,3,0 days 00:01:18.119000,3.0,1.0,,,0 days 00:00:20.731000,0 days 00:00:36.876000,0 days 00:00:20.512000,0 days 00:17:32.302000,0 days 00:18:09.178000,0 days 00:18:29.690000,188.0,190.0,262.0,281.0,True,HARD,3.0,True,Red Bull Racing,0 days 00:17:11.571000,2026-06-05 11:33:11.697,1,,,,False,True,FP1
0 days 00:19:47.043000,VER,3,0 days 00:01:17.353000,4.0,1.0,,,0 days 00:00:20.361000,0 days 00:00:36.660000,0 days 00:00:20.332000,0 days 00:18:50.051000,0 days 00:19:26.711000,0 days 00:19:47.043000,189.0,190.0,264.0,281.0,True,HARD,4.0,True,Red Bull Racing,0 days 00:18:29.690000,2026-06-05 11:34:29.816,1,,,,False,True,FP1
0 days 00:21:03.516000,VER,3,0 days 00:01:16.473000,5.0,1.0,,,0 days 00:00:20.139000,0 days 00:00:36.035000,0 days 00:00:20.299000,0 days 00:20:07.182000,0 days 00:20:43.217000,0 days 00:21:03.516000,198.0,192.0,264.0,280.0,True,HARD,5.0,True,Red Bull Racing,0 days 00:19:47.043000,2026-06-05 11:35:47.169,1,,,,False,True,FP1
0 days 00:22:19.493000,VER,3,0 days 00:01:15.977000,6.0,1.0,,,0 days 00:00:19.958000,0 days 00:00:35.745000,0 days 00:00:20.274000,0 days 00:21:23.474000,0 days 00:21:59.219000,0 days 00:22:19.493000,201.0,191.0,265.0,280.0,True,HARD,6.0,True,Red Bull Racing,0 days 00:21:03.516000,2026-06-05 11:37:03.642,1,,,,False,True,FP1
0 days 00:23:40.853000,VER,3,0 days 00:01:21.360000,7.0,1.0,,,0 days 00:00:21.511000,0 days 00:00:38.283000,0 days 00:00:21.566000,0 days 00:22:41.004000,0 days 00:23:19.287000,0 days 00:23:40.853000,174.0,181.0,260.0,280.0,False,HARD,7.0,True,Red Bull Racing,0 days 00:22:19.493000,2026-06-05 11:38:19.619,1,,,,False,True,FP1
0 days 00:24:56.763000,VER,3,0 days 00:01:15.910000,8.0,1.0,,,0 days 00:00:19.960000,0 days 00:00:35.720000,0 days 00:00:20.230000,0 days 00:24:00.813000,0 days 00:24:36.533000,0 days 00:24:56.763000,206.0,194.0,259.0,281.0,True,HARD,8.0,True,Red Bull Racing,0 days 00:23:40.853000,2026-06-05 11:39:40.979,1,,,,False,True,FP1
0 days 00:26:45.045000,VER,3,0 days 00:01:48.282000,9.0,1.0,,,0 days 00:00:25.002000,0 days 00:00:50.414000,0 days 00:00:32.866000,0 days 00:25:21.765000,0 days 00:26:12.179000,0 days 00:26:45.045000,85.0,80.0,251.0,252.0,False,HARD,9.0,True,Red Bull Racing,0 days 00:24:56.763000,2026-06-05 11:40:56.889,1,,,,False,True,FP1
0 days 00:28:01.243000,VER,3,0 days 00:01:16.198000,10.0,1.0,,,0 days 00:00:20.331000,0 days 00:00:35.762000,0 days 00:00:20.105000,0 days 00:27:05.376000,0 days 00:27:41.138000,0 days 00:28:01.243000,202.0,194.0,263.0,281.0,False,HARD,10.0,True,Red Bull Racing,0 days 00:26:45.045000,2026-06-05 11:42:45.171,1,,,,False,True,FP1
0 days 00:35:10.869000,VER,3,,11.0,1.0,,0 days 00:29:22.222000,0 days 00:00:22.173000,0 days 00:00:42.007000,,0 days 00:28:23.594000,0 days 00:29:05.567000,,171.0,165.0,,273.0,False,HARD,11.0,True,Red Bull Racing,0 days 00:28:01.243000,2026-06-05 11:44:01.369,1,,,,False,False,FP1
0 days 00:36:42.412000,VER,3,0 days 00:01:31.543000,12.0,2.0,0 days 00:35:11.546000,,0 days 00:00:24.467000,0 days 00:00:39.364000,0 days 00:00:27.712000,0 days 00:35:35.336000,0 days 00:36:14.700000,0 days 00:36:42.412000,179.0,184.0,252.0,265.0,False,HARD,12.0,False,Red Bull Racing,0 days 00:35:10.869000,2026-06-05 11:51:10.995,1,,,,False,False,FP1
0 days 00:38:04.425000,VER,3,0 days 00:01:22.013000,13.0,2.0,,,0 days 00:00:20.210000,0 days 00:00:36.153000,0 days 00:00:25.650000,0 days 00:37:02.622000,0 days 00:37:38.775000,0 days 00:38:04.425000,198.0,160.0,261.0,280.0,False,HARD,13.0,False,Red Bull Racing,0 days 00:36:42.412000,2026-06-05 11:52:42.538,1,,,,False,True,FP1
0 days 00:39:20.351000,VER,3,0 days 00:01:15.926000,14.0,2.0,,,0 days 00:00:19.856000,0 days 00:00:35.926000,0 days 00:00:20.144000,0 days 00:38:24.281000,0 days 00:39:00.207000,0 days 00:39:20.351000,202.0,191.0,262.0,279.0,False,HARD,14.0,False,Red Bull Racing,0 days 00:38:04.425000,2026-06-05 11:54:04.551,1,,,,False,True,FP1
0 days 00:40:42.076000,VER,3,0 days 00:01:21.725000,15.0,2.0,,,0 days 00:00:20.013000,0 days 00:00:35.868000,0 days 00:00:25.844000,0 days 00:39:40.364000,0 days 00:40:16.232000,0 days 00:40:42.076000,206.0,195.0,208.0,281.0,False,HARD,15.0,False,Red Bull Racing,0 days 00:39:20.351000,2026-06-05 11:55:20.477,12,,,,False,True,FP1
0 days 00:57:22.397000,VER,3,,16.0,2.0,,0 days 00:42:08.415000,0 days 00:00:24.330000,0 days 00:00:43.353000,,0 days 00:41:06.557000,0 days 00:41:49.792000,,159.0,160.0,,249.0,False,HARD,16.0,False,Red Bull Racing,0 days 00:40:42.076000,2026-06-05 11:56:42.202,16725,,,,False,False,FP1
0 days 00:58:53.236000,VER,3,0 days 00:01:30.839000,17.0,3.0,0 days 00:57:23.411000,,0 days 00:00:29.952000,0 days 00:00:39.325000,0 days 00:00:21.562000,0 days 00:57:52.349000,0 days 00:58:31.674000,0 days 00:58:53.236000,169.0,178.0,259.0,260.0,False,MEDIUM,1.0,True,Red Bull Racing,0 days 00:57:23.411000,2026-06-05 12:13:23.537,1,,,,False,False,FP1
0 days 01:00:15.943000,VER,3,0 days 00:01:22.707000,18.0,3.0,,,0 days 00:00:20.895000,0 days 00:00:36.932000,0 days 00:00:24.880000,0 days 00:59:14.131000,0 days 00:59:51.063000,0 days 01:00:15.943000,189.0,191.0,254.0,266.0,False,MEDIUM,2.0,True,Red Bull Racing,0 days 00:58:53.236000,2026-06-05 12:14:53.362,1,,,,False,True,FP1
0 days 01:01:37.050000,VER,3,0 days 00:01:21.107000,19.0,3.0,,,0 days 00:00:20.555000,0 days 00:00:36.442000,0 days 00:00:24.110000,0 days 01:00:36.498000,0 days 01:01:12.940000,0 days 01:01:37.050000,173.0,193.0,256.0,280.0,False,MEDIUM,3.0,True,Red Bull Racing,0 days 01:00:15.943000,2026-06-05 12:16:16.069,1,,,,False,True,FP1
0 days 01:02:51.988000,VER,3,0 days 00:01:14.938000,20.0,3.0,,,0 days 00:00:19.813000,0 days 00:00:35.371000,0 days 00:00:19.754000,0 days 01:01:56.863000,0 days 01:02:32.234000,0 days 01:02:51.988000,207.0,193.0,263.0,281.0,True,MEDIUM,4.0,True,Red Bull Racing,0 days 01:01:37.050000,2026-06-05 12:17:37.176,1,,,,False,True,FP1
0 days 01:04:06.772000,VER,3,0 days 00:01:14.784000,21.0,3.0,,,0 days 00:00:19.633000,0 days 00:00:35.266000,0 days 00:00:19.885000,0 days 01:03:11.621000,0 days 01:03:46.887000,0 days 01:04:06.772000,208.0,198.0,265.0,281.0,True,MEDIUM,5.0,True,Red Bull Racing,0 days 01:02:51.988000,2026-06-05 12:18:52.114,1,,,,False,True,FP1
0 days 01:05:44.416000,VER,3,0 days 00:01:37.644000,22.0,3.0,,,0 days 00:00:25.059000,0 days 00:00:48.495000,0 days 00:00:24.090000,0 days 01:04:31.831000,0 days 01:05:20.326000,0 days 01:05:44.416000,133.0,97.0,262.0,243.0,False,MEDIUM,6.0,True,Red Bull Racing,0 days 01:04:06.772000,2026-06-05 12:20:06.898,1,,,,False,True,FP1
0 days 01:06:58.907000,VER,3,0 days 00:01:14.491000,23.0,3.0,,,0 days 00:00:19.653000,0 days 00:00:35.157000,0 days 00:00:19.681000,0 days 01:06:04.069000,0 days 01:06:39.226000,0 days 01:06:58.907000,210.0,198.0,263.0,280.0,True,MEDIUM,7.0,True,Red Bull Racing,0 days 01:05:44.416000,2026-06-05 12:21:44.542,12,,,,False,True,FP1
0 days 01:08:32.072000,VER,3,0 days 00:01:33.165000,24.0,3.0,,,0 days 00:00:23.676000,0 days 00:00:46.324000,0 days 00:00:23.165000,0 days 01:07:22.583000,0 days 01:08:08.907000,0 days 01:08:32.072000,130.0,157.0,262.0,258.0,False,MEDIUM,8.0,True,Red Bull Racing,0 days 01:06:58.907000,2026-06-05 12:22:59.033,1,,,,False,True,FP1
0 days 01:09:48.459000,VER,3,0 days 00:01:16.387000,25.0,3.0,,,0 days 00:00:19.535000,0 days 00:00:35.252000,0 days 00:00:21.600000,0 days 01:08:51.607000,0 days 01:09:26.859000,0 days 01:09:48.459000,213.0,190.0,198.0,281.0,False,MEDIUM,9.0,True,Red Bull Racing,0 days 01:08:32.072000,2026-06-05 12:24:32.198,1,,,,False,True,FP1
0 days 01:11:34.190000,VER,3,,26.0,3.0,,0 days 01:11:34.190000,0 days 00:00:27.290000,,,0 days 01:10:15.949000,,,153.0,,,,False,MEDIUM,10.0,True,Red Bull Racing,0 days 01:09:48.459000,2026-06-05 12:25:48.585,125,,,,False,False,FP1
0 days 00:16:13.166000,LAW,30,0 days 00:01:40.174000,1.0,1.0,0 days 00:14:33.801000,,0 days 00:00:33.852000,0 days 00:00:42.868000,0 days 00:00:23.454000,0 days 00:15:07,0 days 00:15:49.936000,0 days 00:16:13.363000,127.0,161.0,258.0,238.0,False,HARD,1.0,True,Racing Bulls,0 days 00:14:33.801000,2026-06-05 11:30:33.927,12,,,,False,False,FP1
0 days 00:17:47.009000,LAW,30,0 days 00:01:33.843000,2.0,1.0,,,0 days 00:00:22.157000,0 days 00:00:39.680000,0 days 00:00:32.006000,0 days 00:16:35.323000,0 days 00:17:15.003000,0 days 00:17:47.009000,157.0,176.0,233.0,274.0,True,HARD,2.0,True,Racing Bulls,0 days 00:16:13.166000,2026-06-05 11:32:13.292,1,,,,False,True,FP1
0 days 00:19:07.460000,LAW,30,0 days 00:01:20.451000,3.0,1.0,,,0 days 00:00:21.821000,0 days 00:00:37.608000,0 days 00:00:21.022000,0 days 00:18:08.830000,0 days 00:18:46.438000,0 days 00:19:07.460000,174.0,184.0,261.0,281.0,True,HARD,3.0,True,Racing Bulls,0 days 00:17:47.009000,2026-06-05 11:33:47.135,1,,,,False,True,FP1
0 days 00:20:26.187000,LAW,30,0 days 00:01:18.727000,4.0,1.0,,,0 days 00:00:20.905000,0 days 00:00:37.135000,0 days 00:00:20.687000,0 days 00:19:28.365000,0 days 00:20:05.500000,0 days 00:20:26.187000,191.0,189.0,263.0,283.0,True,HARD,4.0,True,Racing Bulls,0 days 00:19:07.460000,2026-06-05 11:35:07.586,1,,,,False,True,FP1
0 days 00:21:44.744000,LAW,30,0 days 00:01:18.557000,5.0,1.0,,,0 days 00:00:20.796000,0 days 00:00:36.894000,0 days 00:00:20.867000,0 days 00:20:46.983000,0 days 00:21:23.877000,0 days 00:21:44.744000,187.0,189.0,264.0,284.0,True,HARD,5.0,True,Racing Bulls,0 days 00:20:26.187000,2026-06-05 11:36:26.313,1,,,,False,True,FP1
0 days 00:23:25.012000,LAW,30,0 days 00:01:40.268000,6.0,1.0,,,0 days 00:00:26.701000,0 days 00:00:45.845000,0 days 00:00:27.722000,0 days 00:22:11.445000,0 days 00:22:57.290000,0 days 00:23:25.012000,76.0,153.0,262.0,204.0,False,HARD,6.0,True,Racing Bulls,0 days 00:21:44.744000,2026-06-05 11:37:44.870,1,,,,False,True,FP1
0 days 00:24:43.202000,LAW,30,0 days 00:01:18.190000,7.0,1.0,,,0 days 00:00:20.801000,0 days 00:00:36.881000,0 days 00:00:20.508000,0 days 00:23:45.813000,0 days 00:24:22.694000,0 days 00:24:43.202000,191.0,189.0,264.0,283.0,True,HARD,7.0,True,Racing Bulls,0 days 00:23:25.012000,2026-06-05 11:39:25.138,1,,,,False,True,FP1
0 days 00:26:27.487000,LAW,30,0 days 00:01:44.285000,8.0,1.0,,,0 days 00:00:29.424000,0 days 00:00:49.887000,0 days 00:00:24.974000,0 days 00:25:12.626000,0 days 00:26:02.513000,0 days 00:26:27.487000,59.0,135.0,262.0,232.0,False,HARD,8.0,True,Racing Bulls,0 days 00:24:43.202000,2026-06-05 11:40:43.328,1,,,,False,True,FP1
0 days 00:27:45.344000,LAW,30,0 days 00:01:17.857000,9.0,1.0,,,0 days 00:00:20.646000,0 days 00:00:36.727000,0 days 00:00:20.484000,0 days 00:26:48.133000,0 days 00:27:24.860000,0 days 00:27:45.344000,196.0,190.0,264.0,282.0,True,HARD,9.0,True,Racing Bulls,0 days 00:26:27.487000,2026-06-05 11:42:27.613,1,,,,False,True,FP1
0 days 00:29:30.237000,LAW,30,0 days 00:01:44.893000,10.0,1.0,,,0 days 00:00:30.221000,0 days 00:00:47.115000,0 days 00:00:27.557000,0 days 00:28:15.565000,0 days 00:29:02.680000,0 days 00:29:30.237000,92.0,151.0,258.0,241.0,False,HARD,10.0,True,Racing Bulls,0 days 00:27:45.344000,2026-06-05 11:43:45.470,1,,,,False,True,FP1
0 days 00:31:24.353000,LAW,30,0 days 00:01:54.116000,11.0,1.0,,0 days 00:30:51.452000,0 days 00:00:21.099000,0 days 00:00:43.015000,0 days 00:00:50.002000,0 days 00:29:51.336000,0 days 00:30:34.351000,0 days 00:31:24.353000,161.0,162.0,,254.0,False,HARD,11.0,True,Racing Bulls,0 days 00:29:30.237000,2026-06-05 11:45:30.363,1,,,,False,False,FP1
0 days 00:33:11.590000,LAW,30,0 days 00:01:47.237000,12.0,2.0,0 days 00:31:25.003000,,0 days 00:00:32.820000,0 days 00:00:43.490000,0 days 00:00:30.927000,0 days 00:31:57.173000,0 days 00:32:40.663000,0 days 00:33:11.590000,141.0,135.0,259.0,258.0,False,HARD,12.0,False,Racing Bulls,0 days 00:31:24.353000,2026-06-05 11:47:24.479,1,,,,False,False,FP1
0 days 00:34:32.331000,LAW,30,0 days 00:01:20.741000,13.0,2.0,,,0 days 00:00:20.922000,0 days 00:00:37.585000,0 days 00:00:22.234000,0 days 00:33:32.512000,0 days 00:34:10.097000,0 days 00:34:32.331000,186.0,169.0,264.0,282.0,False,HARD,13.0,False,Racing Bulls,0 days 00:33:11.590000,2026-06-05 11:49:11.716,1,,,,False,True,FP1
0 days 00:35:49.569000,LAW,30,0 days 00:01:17.238000,14.0,2.0,,,0 days 00:00:20.532000,0 days 00:00:36.306000,0 days 00:00:20.400000,0 days 00:34:52.863000,0 days 00:35:29.169000,0 days 00:35:49.569000,196.0,192.0,265.0,281.0,True,HARD,14.0,False,Racing Bulls,0 days 00:34:32.331000,2026-06-05 11:50:32.457,1,,,,False,True,FP1
0 days 00:37:25.299000,LAW,30,0 days 00:01:35.730000,15.0,2.0,,,0 days 00:00:23.744000,0 days 00:00:43.946000,0 days 00:00:28.040000,0 days 00:36:13.313000,0 days 00:36:57.259000,0 days 00:37:25.299000,146.0,151.0,246.0,253.0,False,HARD,15.0,False,Racing Bulls,0 days 00:35:49.569000,2026-06-05 11:51:49.695,1,,,,False,True,FP1
0 days 00:38:58.643000,LAW,30,0 days 00:01:33.344000,16.0,2.0,,,0 days 00:00:24.467000,0 days 00:00:43.206000,0 days 00:00:25.671000,0 days 00:37:49.766000,0 days 00:38:32.972000,0 days 00:38:58.643000,147.0,149.0,264.0,261.0,False,HARD,16.0,False,Racing Bulls,0 days 00:37:25.299000,2026-06-05 11:53:25.425,1,,,,False,True,FP1
0 days 00:40:15.752000,LAW,30,0 days 00:01:17.109000,17.0,2.0,,,0 days 00:00:20.334000,0 days 00:00:36.357000,0 days 00:00:20.418000,0 days 00:39:18.977000,0 days 00:39:55.334000,0 days 00:40:15.752000,201.0,181.0,265.0,282.0,True,HARD,17.0,False,Racing Bulls,0 days 00:38:58.643000,2026-06-05 11:54:58.769,12,,,,False,True,FP1
0 days 00:45:41.303000,LAW,30,,18.0,2.0,,0 days 00:41:34.257000,0 days 00:00:22.112000,0 days 00:00:40.595000,,0 days 00:40:38.156000,0 days 00:41:18.697000,,155.0,172.0,,269.0,False,HARD,18.0,False,Racing Bulls,0 days 00:40:15.752000,2026-06-05 11:56:15.878,167,,,,False,False,FP1
0 days 00:47:11.937000,LAW,30,0 days 00:01:30.634000,19.0,3.0,0 days 00:45:41.894000,,0 days 00:00:26.592000,0 days 00:00:40.338000,0 days 00:00:23.704000,0 days 00:46:07.895000,0 days 00:46:48.233000,0 days 00:47:11.937000,152.0,172.0,261.0,265.0,False,MEDIUM,1.0,True,Racing Bulls,0 days 00:45:41.303000,2026-06-05 12:01:41.429,1,,,,False,False,FP1
0 days 00:48:31.317000,LAW,30,0 days 00:01:19.380000,20.0,3.0,,,0 days 00:00:20.422000,0 days 00:00:37.643000,0 days 00:00:21.315000,0 days 00:47:32.359000,0 days 00:48:10.002000,0 days 00:48:31.317000,196.0,178.0,264.0,281.0,False,MEDIUM,2.0,True,Racing Bulls,0 days 00:47:11.937000,2026-06-05 12:03:12.063,1,,,,False,True,FP1
0 days 00:58:03.231000,LAW,30,,21.0,3.0,,0 days 00:50:05.741000,0 days 00:00:20.136000,,,0 days 00:48:51.564000,,,211.0,,,280.0,False,MEDIUM,3.0,True,Racing Bulls,0 days 00:48:31.317000,2026-06-05 12:04:31.443,125,,,,False,False,FP1
0 days 00:59:41.014000,LAW,30,0 days 00:01:37.783000,22.0,4.0,0 days 00:58:04.327000,,0 days 00:00:34.185000,0 days 00:00:40.819000,0 days 00:00:22.779000,0 days 00:58:37.416000,0 days 00:59:18.235000,0 days 00:59:41.014000,146.0,171.0,262.0,262.0,False,MEDIUM,4.0,False,Racing Bulls,0 days 00:58:04.327000,2026-06-05 12:14:04.453,1,,,,False,False,FP1
0 days 01:00:57.445000,LAW,30,0 days 00:01:16.431000,23.0,4.0,,,0 days 00:00:20.260000,0 days 00:00:35.981000,0 days 00:00:20.190000,0 days 01:00:01.274000,0 days 01:00:37.255000,0 days 01:00:57.445000,209.0,194.0,265.0,281.0,True,MEDIUM,5.0,False,Racing Bulls,0 days 00:59:41.014000,2026-06-05 12:15:41.140,1,,,,False,True,FP1
0 days 01:02:19.136000,LAW,30,0 days 00:01:21.691000,24.0,4.0,,,0 days 00:00:20.114000,0 days 00:00:35.903000,0 days 00:00:25.674000,0 days 01:01:17.559000,0 days 01:01:53.462000,0 days 01:02:19.136000,196.0,194.0,177.0,284.0,False,MEDIUM,6.0,False,Racing Bulls,0 days 01:00:57.445000,2026-06-05 12:16:57.571,1,,,,False,True,FP1
0 days 01:03:56.485000,LAW,30,0 days 00:01:37.349000,25.0,4.0,,,0 days 00:00:25.230000,0 days 00:00:47.588000,0 days 00:00:24.531000,0 days 01:02:44.366000,0 days 01:03:31.954000,0 days 01:03:56.485000,138.0,163.0,262.0,261.0,False,MEDIUM,7.0,False,Racing Bulls,0 days 01:02:19.136000,2026-06-05 12:18:19.262,1,,,,False,True,FP1
0 days 01:05:21.956000,LAW,30,0 days 00:01:25.471000,26.0,4.0,,,0 days 00:00:20.056000,0 days 00:00:39.651000,0 days 00:00:25.764000,0 days 01:04:16.541000,0 days 01:04:56.192000,0 days 01:05:21.956000,203.0,162.0,252.0,257.0,False,MEDIUM,8.0,False,Racing Bulls,0 days 01:03:56.485000,2026-06-05 12:19:56.611,1,,,,False,True,FP1
0 days 01:06:42.070000,LAW,30,0 days 00:01:20.114000,27.0,4.0,,,0 days 00:00:20.132000,0 days 00:00:35.842000,0 days 00:00:24.140000,0 days 01:05:42.088000,0 days 01:06:17.930000,0 days 01:06:42.070000,202.0,193.0,204.0,282.0,False,MEDIUM,9.0,False,Racing Bulls,0 days 01:05:21.956000,2026-06-05 12:21:22.082,1,,,,False,True,FP1
0 days 01:14:00.692000,LAW,30,,28.0,4.0,,0 days 01:08:03.594000,0 days 00:00:25.202000,0 days 00:00:39.490000,,0 days 01:07:07.404000,0 days 01:07:47.048000,,145.0,160.0,,267.0,False,MEDIUM,10.0,False,Racing Bulls,0 days 01:06:42.070000,2026-06-05 12:22:42.196,125,,,,False,False,FP1
0 days 01:15:42.083000,LAW,30,0 days 00:01:41.391000,29.0,5.0,0 days 01:14:01.370000,,0 days 00:00:37.047000,0 days 00:00:41.196000,0 days 00:00:23.148000,0 days 01:14:37.739000,0 days 01:15:18.935000,0 days 01:15:42.083000,139.0,162.0,245.0,258.0,False,MEDIUM,10.0,False,Racing Bulls,0 days 01:14:01.370000,2026-06-05 12:30:01.496,1,,,,False,False,FP1
0 days 01:18:04.175000,LAW,30,0 days 00:02:22.092000,30.0,5.0,,,0 days 00:00:23.941000,0 days 00:00:44.233000,0 days 00:01:13.918000,0 days 01:16:06.024000,0 days 01:16:50.257000,0 days 01:18:04.175000,140.0,163.0,191.0,248.0,False,MEDIUM,11.0,False,Racing Bulls,0 days 01:15:42.083000,2026-06-05 12:31:42.209,12,,,,False,True,FP1
0 days 01:19:30.994000,LAW,30,,31.0,5.0,,0 days 01:19:30.994000,0 days 00:00:24.763000,0 days 00:00:46.727000,,0 days 01:18:29.067000,0 days 01:19:15.744000,,115.0,164.0,,196.0,False,MEDIUM,12.0,False,Racing Bulls,0 days 01:18:04.175000,2026-06-05 12:34:04.301,1,,,,False,False,FP1
0 days 00:16:38.164000,OCO,31,0 days 00:01:46.779000,1.0,1.0,0 days 00:14:52.144000,,0 days 00:00:34.238000,0 days 00:00:47.634000,0 days 00:00:24.907000,0 days 00:15:25.962000,0 days 00:16:13.480000,0 days 00:16:38.388000,84.0,148.0,246.0,181.0,False,HARD,1.0,True,Haas F1 Team,0 days 00:14:52.144000,2026-06-05 11:30:52.270,12,,,,False,False,FP1
0 days 00:18:02.462000,OCO,31,0 days 00:01:24.298000,2.0,1.0,,,0 days 00:00:23.352000,0 days 00:00:38.974000,0 days 00:00:21.972000,0 days 00:17:01.516000,0 days 00:17:40.490000,0 days 00:18:02.462000,154.0,174.0,253.0,266.0,True,HARD,2.0,True,Haas F1 Team,0 days 00:16:38.164000,2026-06-05 11:32:38.290,1,,,,False,True,FP1
0 days 00:19:23.395000,OCO,31,0 days 00:01:20.933000,3.0,1.0,,,0 days 00:00:21.700000,0 days 00:00:37.967000,0 days 00:00:21.266000,0 days 00:18:24.162000,0 days 00:19:02.129000,0 days 00:19:23.395000,173.0,181.0,254.0,268.0,True,HARD,3.0,True,Haas F1 Team,0 days 00:18:02.462000,2026-06-05 11:34:02.588,1,,,,False,True,FP1
0 days 00:20:47.446000,OCO,31,0 days 00:01:24.051000,4.0,1.0,,,0 days 00:00:21.010000,0 days 00:00:37.084000,0 days 00:00:25.957000,0 days 00:19:44.405000,0 days 00:20:21.489000,0 days 00:20:47.446000,178.0,187.0,242.0,270.0,False,HARD,4.0,True,Haas F1 Team,0 days 00:19:23.395000,2026-06-05 11:35:23.521,1,,,,False,True,FP1
0 days 00:22:06.393000,OCO,31,0 days 00:01:18.947000,5.0,1.0,,,0 days 00:00:21.135000,0 days 00:00:36.861000,0 days 00:00:20.951000,0 days 00:21:08.581000,0 days 00:21:45.442000,0 days 00:22:06.393000,179.0,189.0,256.0,270.0,True,HARD,5.0,True,Haas F1 Team,0 days 00:20:47.446000,2026-06-05 11:36:47.572,1,,,,False,True,FP1
0 days 00:23:31.057000,OCO,31,0 days 00:01:24.664000,6.0,1.0,,,0 days 00:00:20.676000,0 days 00:00:37.025000,0 days 00:00:26.963000,0 days 00:22:27.069000,0 days 00:23:04.094000,0 days 00:23:31.057000,182.0,185.0,237.0,271.0,False,HARD,6.0,True,Haas F1 Team,0 days 00:22:06.393000,2026-06-05 11:38:06.519,1,,,,False,True,FP1
0 days 00:24:49.857000,OCO,31,0 days 00:01:18.800000,7.0,1.0,,,0 days 00:00:20.844000,0 days 00:00:36.980000,0 days 00:00:20.976000,0 days 00:23:51.901000,0 days 00:24:28.881000,0 days 00:24:49.857000,181.0,189.0,261.0,281.0,True,HARD,7.0,True,Haas F1 Team,0 days 00:23:31.057000,2026-06-05 11:39:31.183,1,,,,False,True,FP1
0 days 00:26:18.757000,OCO,31,0 days 00:01:28.900000,8.0,1.0,,,0 days 00:00:23.245000,0 days 00:00:41.564000,0 days 00:00:24.091000,0 days 00:25:13.102000,0 days 00:25:54.666000,0 days 00:26:18.757000,165.0,162.0,259.0,267.0,False,HARD,8.0,True,Haas F1 Team,0 days 00:24:49.857000,2026-06-05 11:40:49.983,1,,,,False,True,FP1
0 days 00:27:41.414000,OCO,31,0 days 00:01:22.657000,9.0,1.0,,,0 days 00:00:20.964000,0 days 00:00:36.902000,0 days 00:00:24.791000,0 days 00:26:39.721000,0 days 00:27:16.623000,0 days 00:27:41.414000,182.0,190.0,256.0,280.0,False,HARD,9.0,True,Haas F1 Team,0 days 00:26:18.757000,2026-06-05 11:42:18.883,1,,,,False,True,FP1
0 days 00:28:59.281000,OCO,31,0 days 00:01:17.867000,10.0,1.0,,,0 days 00:00:20.561000,0 days 00:00:36.592000,0 days 00:00:20.714000,0 days 00:28:01.975000,0 days 00:28:38.567000,0 days 00:28:59.281000,181.0,190.0,261.0,279.0,True,HARD,10.0,True,Haas F1 Team,0 days 00:27:41.414000,2026-06-05 11:43:41.540,1,,,,False,True,FP1
0 days 00:30:31.830000,OCO,31,0 days 00:01:32.549000,11.0,1.0,,,0 days 00:00:25.944000,0 days 00:00:43.008000,0 days 00:00:23.597000,0 days 00:29:25.225000,0 days 00:30:08.233000,0 days 00:30:31.830000,118.0,171.0,260.0,265.0,False,HARD,11.0,True,Haas F1 Team,0 days 00:28:59.281000,2026-06-05 11:44:59.407,1,,,,False,True,FP1
0 days 00:31:52.256000,OCO,31,0 days 00:01:20.426000,12.0,1.0,,,0 days 00:00:20.730000,0 days 00:00:36.988000,0 days 00:00:22.708000,0 days 00:30:52.560000,0 days 00:31:29.548000,0 days 00:31:52.256000,182.0,185.0,260.0,279.0,False,HARD,12.0,True,Haas F1 Team,0 days 00:30:31.830000,2026-06-05 11:46:31.956,1,,,,False,True,FP1
0 days 00:33:09.959000,OCO,31,0 days 00:01:17.703000,13.0,1.0,,,0 days 00:00:20.471000,0 days 00:00:36.502000,0 days 00:00:20.730000,0 days 00:32:12.727000,0 days 00:32:49.229000,0 days 00:33:09.959000,188.0,188.0,262.0,280.0,True,HARD,13.0,True,Haas F1 Team,0 days 00:31:52.256000,2026-06-05 11:47:52.382,1,,,,False,True,FP1
0 days 00:34:47.830000,OCO,31,0 days 00:01:37.871000,14.0,1.0,,,0 days 00:00:27.890000,0 days 00:00:44.811000,0 days 00:00:25.170000,0 days 00:33:37.849000,0 days 00:34:22.660000,0 days 00:34:47.830000,132.0,168.0,254.0,247.0,False,HARD,14.0,True,Haas F1 Team,0 days 00:33:09.959000,2026-06-05 11:49:10.085,1,,,,False,True,FP1
0 days 00:36:08.152000,OCO,31,0 days 00:01:20.322000,15.0,1.0,,,0 days 00:00:20.509000,0 days 00:00:36.807000,0 days 00:00:23.006000,0 days 00:35:08.339000,0 days 00:35:45.146000,0 days 00:36:08.152000,192.0,189.0,259.0,280.0,False,HARD,15.0,True,Haas F1 Team,0 days 00:34:47.830000,2026-06-05 11:50:47.956,1,,,,False,True,FP1
0 days 00:37:25.921000,OCO,31,0 days 00:01:17.769000,16.0,1.0,,,0 days 00:00:20.339000,0 days 00:00:36.662000,0 days 00:00:20.768000,0 days 00:36:28.491000,0 days 00:37:05.153000,0 days 00:37:25.921000,194.0,186.0,263.0,280.0,False,HARD,16.0,True,Haas F1 Team,0 days 00:36:08.152000,2026-06-05 11:52:08.278,1,,,,False,True,FP1
0 days 00:38:53.859000,OCO,31,0 days 00:01:27.938000,17.0,1.0,,,0 days 00:00:22.904000,0 days 00:00:40.114000,0 days 00:00:24.920000,0 days 00:37:48.825000,0 days 00:38:28.939000,0 days 00:38:53.859000,159.0,167.0,259.0,264.0,False,HARD,17.0,True,Haas F1 Team,0 days 00:37:25.921000,2026-06-05 11:53:26.047,1,,,,False,True,FP1
0 days 00:40:11.469000,OCO,31,0 days 00:01:17.610000,18.0,1.0,,,0 days 00:00:20.454000,0 days 00:00:36.449000,0 days 00:00:20.707000,0 days 00:39:14.313000,0 days 00:39:50.762000,0 days 00:40:11.469000,191.0,191.0,262.0,279.0,True,HARD,18.0,True,Haas F1 Team,0 days 00:38:53.859000,2026-06-05 11:54:53.985,12,,,,False,True,FP1
0 days 00:58:34.639000,OCO,31,,19.0,1.0,,0 days 00:41:36.459000,0 days 00:00:24.218000,0 days 00:00:43.969000,,0 days 00:40:36.005000,0 days 00:41:19.870000,,129.0,163.0,,261.0,False,HARD,19.0,True,Haas F1 Team,0 days 00:40:11.469000,2026-06-05 11:56:11.595,16725,,,,False,False,FP1
0 days 01:00:17.696000,OCO,31,0 days 00:01:43.057000,20.0,2.0,0 days 00:58:36.129000,,0 days 00:00:33.717000,0 days 00:00:41.087000,0 days 00:00:28.253000,0 days 00:59:08.356000,0 days 00:59:49.443000,0 days 01:00:17.696000,112.0,166.0,254.0,261.0,False,MEDIUM,1.0,True,Haas F1 Team,0 days 00:58:36.129000,2026-06-05 12:14:36.255,1,,,,False,False,FP1
0 days 01:01:39.561000,OCO,31,0 days 00:01:21.865000,21.0,2.0,,,0 days 00:00:21.725000,0 days 00:00:38.265000,0 days 00:00:21.875000,0 days 01:00:39.421000,0 days 01:01:17.686000,0 days 01:01:39.561000,166.0,182.0,260.0,275.0,False,MEDIUM,2.0,True,Haas F1 Team,0 days 01:00:17.696000,2026-06-05 12:16:17.822,1,,,,False,True,FP1
0 days 01:02:56.653000,OCO,31,0 days 00:01:17.092000,22.0,2.0,,,0 days 00:00:20.290000,0 days 00:00:36.151000,0 days 00:00:20.651000,0 days 01:01:59.851000,0 days 01:02:36.002000,0 days 01:02:56.653000,197.0,193.0,261.0,279.0,True,MEDIUM,3.0,True,Haas F1 Team,0 days 01:01:39.561000,2026-06-05 12:17:39.687,1,,,,False,True,FP1
0 days 01:04:13.088000,OCO,31,0 days 00:01:16.435000,23.0,2.0,,,0 days 00:00:20.112000,0 days 00:00:35.974000,0 days 00:00:20.349000,0 days 01:03:16.765000,0 days 01:03:52.739000,0 days 01:04:13.088000,197.0,192.0,261.0,280.0,True,MEDIUM,4.0,True,Haas F1 Team,0 days 01:02:56.653000,2026-06-05 12:18:56.779,1,,,,False,True,FP1
0 days 01:05:56.936000,OCO,31,0 days 00:01:43.848000,24.0,2.0,,,0 days 00:00:24.379000,0 days 00:00:46.609000,0 days 00:00:32.860000,0 days 01:04:37.467000,0 days 01:05:24.076000,0 days 01:05:56.936000,155.0,169.0,251.0,215.0,False,MEDIUM,5.0,True,Haas F1 Team,0 days 01:04:13.088000,2026-06-05 12:20:13.214,1,,,,False,True,FP1
0 days 01:07:17.315000,OCO,31,0 days 00:01:20.379000,25.0,2.0,,,0 days 00:00:20.836000,0 days 00:00:37.361000,0 days 00:00:22.182000,0 days 01:06:17.772000,0 days 01:06:55.133000,0 days 01:07:17.315000,178.0,177.0,261.0,279.0,False,MEDIUM,6.0,True,Haas F1 Team,0 days 01:05:56.936000,2026-06-05 12:21:57.062,12,,,,False,True,FP1
0 days 01:08:33.648000,OCO,31,0 days 00:01:16.333000,26.0,2.0,,,0 days 00:00:20.075000,0 days 00:00:35.821000,0 days 00:00:20.437000,0 days 01:07:37.390000,0 days 01:08:13.211000,0 days 01:08:33.648000,200.0,192.0,262.0,279.0,True,MEDIUM,7.0,True,Haas F1 Team,0 days 01:07:17.315000,2026-06-05 12:23:17.441,1,,,,False,True,FP1
0 days 01:10:09.700000,OCO,31,0 days 00:01:36.052000,27.0,2.0,,,0 days 00:00:26.254000,0 days 00:00:43.007000,0 days 00:00:26.791000,0 days 01:08:59.902000,0 days 01:09:42.909000,0 days 01:10:09.700000,152.0,160.0,258.0,262.0,False,MEDIUM,8.0,True,Haas F1 Team,0 days 01:08:33.648000,2026-06-05 12:24:33.774,12,,,,False,True,FP1
0 days 01:13:55.526000,OCO,31,,28.0,2.0,,0 days 01:11:59.370000,0 days 00:00:20.135000,,,0 days 01:10:30.053000,,,200.0,,,,False,MEDIUM,9.0,True,Haas F1 Team,0 days 01:10:09.700000,2026-06-05 12:26:09.826,215,,,,False,False,FP1
0 days 01:15:32.933000,OCO,31,0 days 00:01:37.407000,29.0,3.0,0 days 01:13:56.140000,,0 days 00:00:29.510000,0 days 00:00:43.492000,0 days 00:00:24.405000,0 days 01:14:25.036000,0 days 01:15:08.528000,0 days 01:15:32.933000,146.0,169.0,229.0,233.0,False,MEDIUM,9.0,False,Haas F1 Team,0 days 01:13:56.140000,2026-06-05 12:29:56.266,1,,,,False,False,FP1
0 days 01:17:57.659000,OCO,31,0 days 00:02:24.726000,30.0,3.0,,,0 days 00:00:24.763000,0 days 00:00:44.683000,0 days 00:01:15.280000,0 days 01:15:57.696000,0 days 01:16:42.379000,0 days 01:17:57.659000,138.0,140.0,182.0,253.0,False,MEDIUM,10.0,False,Haas F1 Team,0 days 01:15:32.933000,2026-06-05 12:31:33.059,12,,,,False,True,FP1
0 days 01:19:35.854000,OCO,31,,31.0,3.0,,0 days 01:19:35.854000,0 days 00:00:30.512000,0 days 00:00:51.304000,,0 days 01:18:28.171000,0 days 01:19:19.554000,,118.0,157.0,,189.0,False,MEDIUM,11.0,False,Haas F1 Team,0 days 01:17:57.659000,2026-06-05 12:33:57.785,1,,,,False,False,FP1
0 days 00:15:55.732000,LIN,41,0 days 00:01:48.098000,1.0,1.0,0 days 00:14:09.121000,,0 days 00:00:34.588000,0 days 00:00:47.165000,0 days 00:00:26.345000,0 days 00:14:42.484000,0 days 00:15:29.723000,0 days 00:15:55.822000,131.0,117.0,258.0,246.0,False,HARD,1.0,True,Racing Bulls,0 days 00:14:09.121000,2026-06-05 11:30:09.247,12,,,,False,False,FP1
0 days 00:17:20.729000,LIN,41,0 days 00:01:24.997000,2.0,1.0,,,0 days 00:00:22.752000,0 days 00:00:40.160000,0 days 00:00:22.085000,0 days 00:16:18.484000,0 days 00:16:58.644000,0 days 00:17:20.729000,151.0,175.0,261.0,277.0,True,HARD,2.0,True,Racing Bulls,0 days 00:15:55.732000,2026-06-05 11:31:55.858,1,,,,False,True,FP1
0 days 00:18:44.396000,LIN,41,0 days 00:01:23.667000,3.0,1.0,,,0 days 00:00:21.504000,0 days 00:00:38.533000,0 days 00:00:23.630000,0 days 00:17:42.233000,0 days 00:18:20.766000,0 days 00:18:44.396000,173.0,181.0,262.0,280.0,True,HARD,3.0,True,Racing Bulls,0 days 00:17:20.729000,2026-06-05 11:33:20.855,1,,,,False,True,FP1
0 days 00:20:06.007000,LIN,41,0 days 00:01:21.611000,4.0,1.0,,,0 days 00:00:21.378000,0 days 00:00:37.676000,0 days 00:00:22.557000,0 days 00:19:05.774000,0 days 00:19:43.450000,0 days 00:20:06.007000,176.0,185.0,263.0,281.0,True,HARD,4.0,True,Racing Bulls,0 days 00:18:44.396000,2026-06-05 11:34:44.522,1,,,,False,True,FP1
0 days 00:21:37.709000,LIN,41,0 days 00:01:31.702000,5.0,1.0,,,0 days 00:00:20.903000,0 days 00:00:47.045000,0 days 00:00:23.754000,0 days 00:20:26.910000,0 days 00:21:13.955000,0 days 00:21:37.709000,182.0,112.0,262.0,254.0,False,HARD,5.0,True,Racing Bulls,0 days 00:20:06.007000,2026-06-05 11:36:06.133,1,,,,False,True,FP1
0 days 00:22:55.951000,LIN,41,0 days 00:01:18.242000,6.0,1.0,,,0 days 00:00:20.568000,0 days 00:00:37.032000,0 days 00:00:20.642000,0 days 00:21:58.277000,0 days 00:22:35.309000,0 days 00:22:55.951000,195.0,185.0,263.0,280.0,True,HARD,6.0,True,Racing Bulls,0 days 00:21:37.709000,2026-06-05 11:37:37.835,1,,,,False,True,FP1
0 days 00:24:33.053000,LIN,41,0 days 00:01:37.102000,7.0,1.0,,,0 days 00:00:26.716000,0 days 00:00:43.660000,0 days 00:00:26.726000,0 days 00:23:22.667000,0 days 00:24:06.327000,0 days 00:24:33.053000,128.0,92.0,261.0,258.0,False,HARD,7.0,True,Racing Bulls,0 days 00:22:55.951000,2026-06-05 11:38:56.077,1,,,,False,True,FP1
0 days 00:25:51.333000,LIN,41,0 days 00:01:18.280000,8.0,1.0,,,0 days 00:00:20.668000,0 days 00:00:36.979000,0 days 00:00:20.633000,0 days 00:24:53.721000,0 days 00:25:30.700000,0 days 00:25:51.333000,193.0,187.0,263.0,279.0,False,HARD,8.0,True,Racing Bulls,0 days 00:24:33.053000,2026-06-05 11:40:33.179,1,,,,False,True,FP1
0 days 00:27:48.088000,LIN,41,0 days 00:01:56.755000,9.0,1.0,,,0 days 00:00:31.703000,0 days 00:00:57.300000,0 days 00:00:27.752000,0 days 00:26:23.036000,0 days 00:27:20.336000,0 days 00:27:48.088000,69.0,121.0,260.0,179.0,False,HARD,9.0,True,Racing Bulls,0 days 00:25:51.333000,2026-06-05 11:41:51.459,1,,,,False,True,FP1
0 days 00:29:14.187000,LIN,41,0 days 00:01:26.099000,10.0,1.0,,,0 days 00:00:20.730000,0 days 00:00:39.111000,0 days 00:00:26.258000,0 days 00:28:08.818000,0 days 00:28:47.929000,0 days 00:29:14.187000,192.0,153.0,219.0,281.0,False,HARD,10.0,True,Racing Bulls,0 days 00:27:48.088000,2026-06-05 11:43:48.214,1,,,,False,True,FP1
0 days 00:30:48.821000,LIN,41,0 days 00:01:34.634000,11.0,1.0,,,0 days 00:00:21.994000,0 days 00:00:48.119000,0 days 00:00:24.521000,0 days 00:29:36.181000,0 days 00:30:24.300000,0 days 00:30:48.821000,126.0,155.0,260.0,193.0,False,HARD,11.0,True,Racing Bulls,0 days 00:29:14.187000,2026-06-05 11:45:14.313,1,,,,False,True,FP1
0 days 00:32:06.607000,LIN,41,0 days 00:01:17.786000,12.0,1.0,,,0 days 00:00:20.418000,0 days 00:00:36.732000,0 days 00:00:20.636000,0 days 00:31:09.239000,0 days 00:31:45.971000,0 days 00:32:06.607000,199.0,189.0,264.0,280.0,True,HARD,12.0,True,Racing Bulls,0 days 00:30:48.821000,2026-06-05 11:46:48.947,1,,,,False,True,FP1
0 days 00:33:44.293000,LIN,41,0 days 00:01:37.686000,13.0,1.0,,,0 days 00:00:25.632000,0 days 00:00:48.362000,0 days 00:00:23.692000,0 days 00:32:32.239000,0 days 00:33:20.601000,0 days 00:33:44.293000,126.0,139.0,261.0,227.0,False,HARD,13.0,True,Racing Bulls,0 days 00:32:06.607000,2026-06-05 11:48:06.733,1,,,,False,True,FP1
0 days 00:35:01.963000,LIN,41,0 days 00:01:17.670000,14.0,1.0,,,0 days 00:00:20.410000,0 days 00:00:36.730000,0 days 00:00:20.530000,0 days 00:34:04.703000,0 days 00:34:41.433000,0 days 00:35:01.963000,201.0,191.0,263.0,281.0,True,HARD,14.0,True,Racing Bulls,0 days 00:33:44.293000,2026-06-05 11:49:44.419,1,,,,False,True,FP1
0 days 00:36:31.841000,LIN,41,0 days 00:01:29.878000,15.0,1.0,,,0 days 00:00:22.364000,0 days 00:00:43.826000,0 days 00:00:23.688000,0 days 00:35:24.327000,0 days 00:36:08.153000,0 days 00:36:31.841000,153.0,149.0,262.0,228.0,False,HARD,15.0,True,Racing Bulls,0 days 00:35:01.963000,2026-06-05 11:51:02.089,1,,,,False,True,FP1
0 days 00:37:51.744000,LIN,41,0 days 00:01:19.903000,16.0,1.0,,,0 days 00:00:20.228000,0 days 00:00:36.866000,0 days 00:00:22.809000,0 days 00:36:52.069000,0 days 00:37:28.935000,0 days 00:37:51.744000,197.0,162.0,262.0,281.0,False,HARD,16.0,True,Racing Bulls,0 days 00:36:31.841000,2026-06-05 11:52:31.967,1,,,,False,True,FP1
0 days 00:39:09.112000,LIN,41,0 days 00:01:17.368000,17.0,1.0,,,0 days 00:00:20.254000,0 days 00:00:36.606000,0 days 00:00:20.508000,0 days 00:38:11.998000,0 days 00:38:48.604000,0 days 00:39:09.112000,200.0,192.0,264.0,281.0,True,HARD,17.0,True,Racing Bulls,0 days 00:37:51.744000,2026-06-05 11:53:51.870,1,,,,False,True,FP1
0 days 00:43:58.235000,LIN,41,,18.0,1.0,,0 days 00:40:25.728000,0 days 00:00:22.216000,0 days 00:00:39.613000,,0 days 00:39:31.531000,0 days 00:40:11.235000,,152.0,187.0,,269.0,False,HARD,18.0,True,Racing Bulls,0 days 00:39:09.112000,2026-06-05 11:55:09.238,1267,,,,False,False,FP1
0 days 00:45:28.774000,LIN,41,0 days 00:01:30.539000,19.0,2.0,0 days 00:43:58.936000,,0 days 00:00:27.753000,0 days 00:00:40.598000,0 days 00:00:22.188000,0 days 00:44:25.988000,0 days 00:45:06.586000,0 days 00:45:28.774000,150.0,166.0,261.0,264.0,False,MEDIUM,1.0,True,Racing Bulls,0 days 00:43:58.235000,2026-06-05 11:59:58.361,71,,,,False,False,FP1
0 days 00:46:46.130000,LIN,41,0 days 00:01:17.356000,20.0,2.0,,,0 days 00:00:20.365000,0 days 00:00:36.679000,0 days 00:00:20.312000,0 days 00:45:49.139000,0 days 00:46:25.818000,0 days 00:46:46.130000,199.0,191.0,264.0,280.0,True,MEDIUM,2.0,True,Racing Bulls,0 days 00:45:28.774000,2026-06-05 12:01:28.900,1,,,,False,True,FP1
0 days 00:48:02.928000,LIN,41,0 days 00:01:16.798000,21.0,2.0,,,0 days 00:00:20.019000,0 days 00:00:36.427000,0 days 00:00:20.352000,0 days 00:47:06.149000,0 days 00:47:42.576000,0 days 00:48:02.928000,203.0,194.0,264.0,280.0,True,MEDIUM,3.0,True,Racing Bulls,0 days 00:46:46.130000,2026-06-05 12:02:46.256,1,,,,False,True,FP1
0 days 00:57:29.237000,LIN,41,,22.0,2.0,,0 days 00:49:41.242000,0 days 00:00:26.148000,0 days 00:00:46.664000,,0 days 00:48:29.261000,0 days 00:49:15.895000,,147.0,128.0,,202.0,False,MEDIUM,4.0,True,Racing Bulls,0 days 00:48:02.928000,2026-06-05 12:04:03.054,125,,,,False,False,FP1
0 days 00:59:03.604000,LIN,41,0 days 00:01:34.367000,23.0,3.0,0 days 00:57:30.301000,,0 days 00:00:31.704000,0 days 00:00:40.358000,0 days 00:00:22.305000,0 days 00:58:00.941000,0 days 00:58:41.299000,0 days 00:59:03.604000,161.0,176.0,261.0,258.0,False,MEDIUM,5.0,False,Racing Bulls,0 days 00:57:30.301000,2026-06-05 12:13:30.427,1,,,,False,False,FP1
0 days 01:00:23.721000,LIN,41,0 days 00:01:20.117000,24.0,3.0,,,0 days 00:00:20.363000,0 days 00:00:36.736000,0 days 00:00:23.018000,0 days 00:59:23.967000,0 days 01:00:00.703000,0 days 01:00:23.721000,201.0,180.0,260.0,281.0,False,MEDIUM,6.0,False,Racing Bulls,0 days 00:59:03.604000,2026-06-05 12:15:03.730,1,,,,False,True,FP1
0 days 01:01:40.515000,LIN,41,0 days 00:01:16.794000,25.0,3.0,,,0 days 00:00:20.251000,0 days 00:00:36.356000,0 days 00:00:20.187000,0 days 01:00:43.972000,0 days 01:01:20.328000,0 days 01:01:40.515000,203.0,194.0,265.0,281.0,True,MEDIUM,7.0,False,Racing Bulls,0 days 01:00:23.721000,2026-06-05 12:16:23.847,1,,,,False,True,FP1
0 days 01:03:28.954000,LIN,41,0 days 00:01:48.439000,26.0,3.0,,,0 days 00:00:24.420000,0 days 00:00:50.463000,0 days 00:00:33.556000,0 days 01:02:04.935000,0 days 01:02:55.398000,0 days 01:03:28.954000,111.0,165.0,244.0,228.0,False,MEDIUM,8.0,False,Racing Bulls,0 days 01:01:40.515000,2026-06-05 12:17:40.641,1,,,,False,True,FP1
0 days 01:04:57.396000,LIN,41,0 days 00:01:28.442000,27.0,3.0,,,0 days 00:00:20.795000,0 days 00:00:41.569000,0 days 00:00:26.078000,0 days 01:03:49.749000,0 days 01:04:31.318000,0 days 01:04:57.396000,194.0,149.0,255.0,281.0,False,MEDIUM,9.0,False,Racing Bulls,0 days 01:03:28.954000,2026-06-05 12:19:29.080,1,,,,False,True,FP1
0 days 01:06:13.785000,LIN,41,0 days 00:01:16.389000,28.0,3.0,,,0 days 00:00:20.197000,0 days 00:00:36.101000,0 days 00:00:20.091000,0 days 01:05:17.593000,0 days 01:05:53.694000,0 days 01:06:13.785000,204.0,195.0,264.0,281.0,True,MEDIUM,10.0,False,Racing Bulls,0 days 01:04:57.396000,2026-06-05 12:20:57.522,1,,,,False,True,FP1
0 days 01:07:58.522000,LIN,41,0 days 00:01:44.737000,29.0,3.0,,,0 days 00:00:22.100000,0 days 00:00:53.960000,0 days 00:00:28.677000,0 days 01:06:35.885000,0 days 01:07:29.845000,0 days 01:07:58.522000,139.0,84.0,263.0,200.0,False,MEDIUM,11.0,False,Racing Bulls,0 days 01:06:13.785000,2026-06-05 12:22:13.911,12,,,,False,True,FP1
0 days 01:09:15.074000,LIN,41,0 days 00:01:16.552000,30.0,3.0,,,0 days 00:00:20.203000,0 days 00:00:36.189000,0 days 00:00:20.160000,0 days 01:08:18.725000,0 days 01:08:54.914000,0 days 01:09:15.074000,205.0,195.0,264.0,282.0,False,MEDIUM,12.0,False,Racing Bulls,0 days 01:07:58.522000,2026-06-05 12:23:58.648,1,,,,False,True,FP1
0 days 01:13:13.752000,LIN,41,,31.0,3.0,,0 days 01:10:36.855000,0 days 00:00:19.922000,0 days 00:00:42.079000,,0 days 01:09:35.343000,0 days 01:10:17.300000,,201.0,129.0,,270.0,False,MEDIUM,13.0,False,Racing Bulls,0 days 01:09:15.074000,2026-06-05 12:25:15.200,125,,,,False,False,FP1
0 days 01:14:44.682000,LIN,41,0 days 00:01:30.930000,32.0,4.0,0 days 01:13:14.375000,,0 days 00:00:25.426000,0 days 00:00:40.435000,0 days 00:00:25.069000,0 days 01:13:39.178000,0 days 01:14:19.613000,0 days 01:14:44.682000,164.0,159.0,193.0,255.0,False,MEDIUM,13.0,False,Racing Bulls,0 days 01:13:13.752000,2026-06-05 12:29:13.878,1,,,,False,False,FP1
0 days 01:16:49.998000,LIN,41,0 days 00:02:05.316000,33.0,4.0,,,0 days 00:00:24.707000,0 days 00:00:41.957000,0 days 00:00:58.652000,0 days 01:15:09.389000,0 days 01:15:51.346000,0 days 01:16:49.998000,162.0,145.0,4.0,247.0,False,MEDIUM,14.0,False,Racing Bulls,0 days 01:14:44.682000,2026-06-05 12:30:44.808,1,,,,False,True,FP1
0 days 01:18:07.188000,LIN,41,,34.0,4.0,,0 days 01:18:07.188000,0 days 00:00:23.914000,0 days 00:00:38.995000,,0 days 01:17:13.990000,0 days 01:17:52.938000,,182.0,184.0,,266.0,False,MEDIUM,15.0,False,Racing Bulls,0 days 01:16:49.998000,2026-06-05 12:32:50.124,12,,,,False,False,FP1
0 days 00:16:07.175000,COL,43,0 days 00:01:41.114000,1.0,1.0,0 days 00:14:27.211000,,0 days 00:00:30.080000,0 days 00:00:42.223000,0 days 00:00:28.811000,0 days 00:14:56.422000,0 days 00:15:38.653000,0 days 00:16:07.366000,138.0,166.0,234.0,248.0,False,HARD,1.0,True,Alpine,0 days 00:14:27.211000,2026-06-05 11:30:27.337,12,,,,False,False,FP1
0 days 00:17:33.480000,COL,43,0 days 00:01:26.305000,2.0,1.0,,,0 days 00:00:22.063000,0 days 00:00:39.299000,0 days 00:00:24.943000,0 days 00:16:29.238000,0 days 00:17:08.537000,0 days 00:17:33.480000,156.0,177.0,242.0,270.0,True,HARD,2.0,True,Alpine,0 days 00:16:07.175000,2026-06-05 11:32:07.301,1,,,,False,True,FP1
0 days 00:18:53.410000,COL,43,0 days 00:01:19.930000,3.0,1.0,,,0 days 00:00:21.178000,0 days 00:00:37.475000,0 days 00:00:21.277000,0 days 00:17:54.658000,0 days 00:18:32.133000,0 days 00:18:53.410000,180.0,187.0,255.0,270.0,True,HARD,3.0,True,Alpine,0 days 00:17:33.480000,2026-06-05 11:33:33.606,1,,,,False,True,FP1
0 days 00:20:11.946000,COL,43,0 days 00:01:18.536000,4.0,1.0,,,0 days 00:00:20.624000,0 days 00:00:37.051000,0 days 00:00:20.861000,0 days 00:19:14.034000,0 days 00:19:51.085000,0 days 00:20:11.946000,194.0,188.0,257.0,272.0,True,HARD,4.0,True,Alpine,0 days 00:18:53.410000,2026-06-05 11:34:53.536,1,,,,False,True,FP1
0 days 00:21:49.264000,COL,43,0 days 00:01:37.318000,5.0,1.0,,,0 days 00:00:22.442000,0 days 00:00:41.209000,0 days 00:00:33.667000,0 days 00:20:34.388000,0 days 00:21:15.597000,0 days 00:21:49.264000,167.0,169.0,235.0,249.0,False,HARD,5.0,True,Alpine,0 days 00:20:11.946000,2026-06-05 11:36:12.072,1,,,,False,True,FP1
0 days 00:23:08.813000,COL,43,0 days 00:01:19.549000,6.0,1.0,,,0 days 00:00:20.944000,0 days 00:00:37.275000,0 days 00:00:21.330000,0 days 00:22:10.208000,0 days 00:22:47.483000,0 days 00:23:08.813000,183.0,186.0,246.0,270.0,False,HARD,6.0,True,Alpine,0 days 00:21:49.264000,2026-06-05 11:37:49.390,1,,,,False,True,FP1
0 days 00:24:27.318000,COL,43,0 days 00:01:18.505000,7.0,1.0,,,0 days 00:00:20.381000,0 days 00:00:37.082000,0 days 00:00:21.042000,0 days 00:23:29.194000,0 days 00:24:06.276000,0 days 00:24:27.318000,194.0,179.0,255.0,271.0,True,HARD,7.0,True,Alpine,0 days 00:23:08.813000,2026-06-05 11:39:08.939,1,,,,False,True,FP1
0 days 00:25:45.218000,COL,43,0 days 00:01:17.900000,8.0,1.0,,,0 days 00:00:20.267000,0 days 00:00:36.922000,0 days 00:00:20.711000,0 days 00:24:47.585000,0 days 00:25:24.507000,0 days 00:25:45.218000,194.0,188.0,254.0,269.0,True,HARD,8.0,True,Alpine,0 days 00:24:27.318000,2026-06-05 11:40:27.444,1,,,,False,True,FP1
0 days 00:27:44.773000,COL,43,0 days 00:01:59.555000,9.0,1.0,,,0 days 00:00:32.439000,0 days 00:00:53.968000,0 days 00:00:33.148000,0 days 00:26:17.657000,0 days 00:27:11.625000,0 days 00:27:44.773000,91.0,132.0,239.0,139.0,False,HARD,9.0,True,Alpine,0 days 00:25:45.218000,2026-06-05 11:41:45.344,1,,,,False,True,FP1
0 days 00:29:03.791000,COL,43,0 days 00:01:19.018000,10.0,1.0,,,0 days 00:00:21.057000,0 days 00:00:36.927000,0 days 00:00:21.034000,0 days 00:28:05.830000,0 days 00:28:42.757000,0 days 00:29:03.791000,189.0,184.0,258.0,280.0,False,HARD,10.0,True,Alpine,0 days 00:27:44.773000,2026-06-05 11:43:44.899,1,,,,False,True,FP1
0 days 00:30:21.553000,COL,43,0 days 00:01:17.762000,11.0,1.0,,,0 days 00:00:20.460000,0 days 00:00:36.425000,0 days 00:00:20.877000,0 days 00:29:24.251000,0 days 00:30:00.676000,0 days 00:30:21.553000,197.0,188.0,257.0,281.0,True,HARD,11.0,True,Alpine,0 days 00:29:03.791000,2026-06-05 11:45:03.917,1,,,,False,True,FP1
0 days 00:31:39.251000,COL,43,0 days 00:01:17.698000,12.0,1.0,,,0 days 00:00:20.263000,0 days 00:00:36.736000,0 days 00:00:20.699000,0 days 00:30:41.816000,0 days 00:31:18.552000,0 days 00:31:39.251000,201.0,189.0,262.0,280.0,True,HARD,12.0,True,Alpine,0 days 00:30:21.553000,2026-06-05 11:46:21.679,1,,,,False,True,FP1
0 days 00:33:23.696000,COL,43,0 days 00:01:44.445000,13.0,1.0,,,0 days 00:00:29.036000,0 days 00:00:52.180000,0 days 00:00:23.229000,0 days 00:32:08.287000,0 days 00:33:00.467000,0 days 00:33:23.696000,95.0,166.0,244.0,88.0,False,HARD,13.0,True,Alpine,0 days 00:31:39.251000,2026-06-05 11:47:39.377,1,,,,False,True,FP1
0 days 00:34:42.635000,COL,43,0 days 00:01:18.939000,14.0,1.0,,,0 days 00:00:20.424000,0 days 00:00:37.014000,0 days 00:00:21.501000,0 days 00:33:44.120000,0 days 00:34:21.134000,0 days 00:34:42.635000,198.0,185.0,260.0,281.0,False,HARD,14.0,True,Alpine,0 days 00:33:23.696000,2026-06-05 11:49:23.822,1,,,,False,True,FP1
0 days 00:36:00.830000,COL,43,0 days 00:01:18.195000,15.0,1.0,,,0 days 00:00:20.222000,0 days 00:00:36.959000,0 days 00:00:21.014000,0 days 00:35:02.857000,0 days 00:35:39.816000,0 days 00:36:00.830000,186.0,188.0,258.0,282.0,False,HARD,15.0,True,Alpine,0 days 00:34:42.635000,2026-06-05 11:50:42.761,1,,,,False,True,FP1
0 days 00:37:45.449000,COL,43,0 days 00:01:44.619000,16.0,1.0,,,0 days 00:00:34.120000,0 days 00:00:48.176000,0 days 00:00:22.323000,0 days 00:36:34.950000,0 days 00:37:23.126000,0 days 00:37:45.449000,109.0,168.0,249.0,242.0,False,HARD,16.0,True,Alpine,0 days 00:36:00.830000,2026-06-05 11:52:00.956,1,,,,False,True,FP1
0 days 00:39:04.560000,COL,43,0 days 00:01:19.111000,17.0,1.0,,,0 days 00:00:20.703000,0 days 00:00:37.139000,0 days 00:00:21.269000,0 days 00:38:06.152000,0 days 00:38:43.291000,0 days 00:39:04.560000,181.0,188.0,261.0,280.0,False,HARD,17.0,True,Alpine,0 days 00:37:45.449000,2026-06-05 11:53:45.575,1,,,,False,True,FP1
0 days 00:40:22.930000,COL,43,0 days 00:01:18.370000,18.0,1.0,,,0 days 00:00:20.602000,0 days 00:00:37.001000,0 days 00:00:20.767000,0 days 00:39:25.162000,0 days 00:40:02.163000,0 days 00:40:22.930000,192.0,188.0,261.0,282.0,False,HARD,18.0,True,Alpine,0 days 00:39:04.560000,2026-06-05 11:55:04.686,12,,,,False,True,FP1
0 days 00:41:52.887000,COL,43,0 days 00:01:29.957000,19.0,1.0,,,0 days 00:00:24.004000,0 days 00:00:43.731000,0 days 00:00:22.222000,0 days 00:40:46.934000,0 days 00:41:30.665000,0 days 00:41:52.887000,86.0,169.0,258.0,216.0,False,HARD,19.0,True,Alpine,0 days 00:40:22.930000,2026-06-05 11:56:23.056,1,,,,False,True,FP1
0 days 00:43:10.867000,COL,43,0 days 00:01:17.980000,20.0,1.0,,,0 days 00:00:20.433000,0 days 00:00:36.815000,0 days 00:00:20.732000,0 days 00:42:13.320000,0 days 00:42:50.135000,0 days 00:43:10.867000,197.0,185.0,261.0,280.0,False,HARD,20.0,True,Alpine,0 days 00:41:52.887000,2026-06-05 11:57:53.013,1,,,,False,True,FP1
0 days 00:59:12.518000,COL,43,,21.0,1.0,,0 days 00:44:37.540000,0 days 00:00:23.004000,0 days 00:00:47.039000,,0 days 00:43:34.036000,0 days 00:44:21.237000,,169.0,159.0,,240.0,False,HARD,21.0,True,Alpine,0 days 00:43:10.867000,2026-06-05 11:59:10.993,16725,,,,False,False,FP1
0 days 01:00:43.168000,COL,43,0 days 00:01:30.650000,22.0,2.0,0 days 00:59:13.287000,,0 days 00:00:28.208000,0 days 00:00:40.482000,0 days 00:00:21.960000,0 days 00:59:40.726000,0 days 01:00:21.208000,0 days 01:00:43.168000,153.0,167.0,257.0,262.0,False,MEDIUM,1.0,True,Alpine,0 days 00:59:13.287000,2026-06-05 12:15:13.413,1,,,,False,False,FP1
0 days 01:01:59.509000,COL,43,0 days 00:01:16.341000,23.0,2.0,,,0 days 00:00:20.099000,0 days 00:00:36.013000,0 days 00:00:20.229000,0 days 01:01:03.267000,0 days 01:01:39.280000,0 days 01:01:59.509000,192.0,193.0,263.0,282.0,True,MEDIUM,2.0,True,Alpine,0 days 01:00:43.168000,2026-06-05 12:16:43.294,1,,,,False,True,FP1
0 days 01:03:35.629000,COL,43,0 days 00:01:36.120000,24.0,2.0,,,0 days 00:00:19.961000,0 days 00:00:39.061000,0 days 00:00:37.098000,0 days 01:02:19.470000,0 days 01:02:58.531000,0 days 01:03:35.629000,195.0,176.0,231.0,280.0,False,MEDIUM,3.0,True,Alpine,0 days 01:01:59.509000,2026-06-05 12:17:59.635,1,,,,False,True,FP1
0 days 01:05:02.958000,COL,43,0 days 00:01:27.329000,25.0,2.0,,,0 days 00:00:21.675000,0 days 00:00:41.894000,0 days 00:00:23.760000,0 days 01:03:57.304000,0 days 01:04:39.198000,0 days 01:05:02.958000,178.0,158.0,250.0,272.0,False,MEDIUM,4.0,True,Alpine,0 days 01:03:35.629000,2026-06-05 12:19:35.755,1,,,,False,True,FP1
0 days 01:06:19.147000,COL,43,0 days 00:01:16.189000,26.0,2.0,,,0 days 00:00:20.001000,0 days 00:00:35.901000,0 days 00:00:20.287000,0 days 01:05:22.959000,0 days 01:05:58.860000,0 days 01:06:19.147000,203.0,194.0,262.0,281.0,True,MEDIUM,5.0,True,Alpine,0 days 01:05:02.958000,2026-06-05 12:21:03.084,1,,,,False,True,FP1
0 days 01:08:03.868000,COL,43,0 days 00:01:44.721000,27.0,2.0,,,0 days 00:00:29.600000,0 days 00:00:46.960000,0 days 00:00:28.161000,0 days 01:06:48.747000,0 days 01:07:35.707000,0 days 01:08:03.868000,75.0,154.0,253.0,215.0,False,MEDIUM,6.0,True,Alpine,0 days 01:06:19.147000,2026-06-05 12:22:19.273,12,,,,False,True,FP1
0 days 01:09:20.375000,COL,43,0 days 00:01:16.507000,28.0,2.0,,,0 days 00:00:19.974000,0 days 00:00:36.144000,0 days 00:00:20.389000,0 days 01:08:23.842000,0 days 01:08:59.986000,0 days 01:09:20.375000,198.0,190.0,262.0,282.0,False,MEDIUM,7.0,True,Alpine,0 days 01:08:03.868000,2026-06-05 12:24:03.994,1,,,,False,True,FP1
0 days 01:13:23.194000,COL,43,,29.0,2.0,,0 days 01:11:04.917000,0 days 00:00:31.353000,,,0 days 01:09:52.031000,,,89.0,,,190.0,False,MEDIUM,8.0,True,Alpine,0 days 01:09:20.375000,2026-06-05 12:25:20.501,125,,,,False,False,FP1
0 days 01:14:58.870000,COL,43,0 days 00:01:35.676000,30.0,3.0,0 days 01:13:24.047000,,0 days 00:00:32.860000,0 days 00:00:39.321000,0 days 00:00:23.495000,0 days 01:13:56.054000,0 days 01:14:35.375000,0 days 01:14:58.870000,173.0,167.0,248.0,275.0,False,MEDIUM,8.0,False,Alpine,0 days 01:13:24.047000,2026-06-05 12:29:24.173,1,,,,False,False,FP1
0 days 01:17:07.401000,COL,43,0 days 00:02:08.531000,31.0,3.0,,,0 days 00:00:22.443000,0 days 00:00:39.438000,0 days 00:01:06.650000,0 days 01:15:21.313000,0 days 01:16:00.751000,0 days 01:17:07.401000,169.0,133.0,79.0,248.0,False,MEDIUM,9.0,False,Alpine,0 days 01:14:58.870000,2026-06-05 12:30:58.996,1,,,,False,True,FP1
0 days 01:18:22.669000,COL,43,,32.0,3.0,,0 days 01:18:22.669000,0 days 00:00:22.468000,0 days 00:00:37.639000,,0 days 01:17:30.062000,0 days 01:18:07.781000,,184.0,186.0,,266.0,False,MEDIUM,10.0,False,Alpine,0 days 01:17:07.401000,2026-06-05 12:33:07.527,12,,,,False,False,FP1
0 days 00:16:44.880000,HAM,44,0 days 00:01:43.596000,1.0,1.0,0 days 00:15:02.363000,,0 days 00:00:30.660000,0 days 00:00:42.122000,0 days 00:00:30.814000,0 days 00:15:32.065000,0 days 00:16:14.238000,0 days 00:16:45.002000,111.0,165.0,239.0,256.0,False,HARD,1.0,True,Ferrari,0 days 00:15:02.363000,2026-06-05 11:31:02.489,12,,,,False,False,FP1
0 days 00:18:04.617000,HAM,44,0 days 00:01:19.737000,2.0,1.0,,,0 days 00:00:21.415000,0 days 00:00:37.299000,0 days 00:00:21.023000,0 days 00:17:06.295000,0 days 00:17:43.594000,0 days 00:18:04.617000,189.0,187.0,255.0,268.0,True,HARD,2.0,True,Ferrari,0 days 00:16:44.880000,2026-06-05 11:32:45.006,1,,,,False,True,FP1
0 days 00:19:31.861000,HAM,44,0 days 00:01:27.244000,3.0,1.0,,,0 days 00:00:20.786000,0 days 00:00:44.943000,0 days 00:00:21.515000,0 days 00:18:25.403000,0 days 00:19:10.346000,0 days 00:19:31.861000,198.0,176.0,258.0,278.0,False,HARD,3.0,True,Ferrari,0 days 00:18:04.617000,2026-06-05 11:34:04.743,1,,,,False,True,FP1
0 days 00:20:47.753000,HAM,44,0 days 00:01:15.892000,4.0,1.0,,,0 days 00:00:20.045000,0 days 00:00:35.623000,0 days 00:00:20.224000,0 days 00:19:51.906000,0 days 00:20:27.529000,0 days 00:20:47.753000,205.0,192.0,260.0,277.0,True,HARD,4.0,True,Ferrari,0 days 00:19:31.861000,2026-06-05 11:35:31.987,1,,,,False,True,FP1
0 days 00:22:18.608000,HAM,44,0 days 00:01:30.855000,5.0,1.0,,,0 days 00:00:24.551000,0 days 00:00:45.146000,0 days 00:00:21.158000,0 days 00:21:12.304000,0 days 00:21:57.450000,0 days 00:22:18.608000,147.0,183.0,257.0,233.0,False,HARD,5.0,True,Ferrari,0 days 00:20:47.753000,2026-06-05 11:36:47.879,1,,,,False,True,FP1
0 days 00:23:34.225000,HAM,44,0 days 00:01:15.617000,6.0,1.0,,,0 days 00:00:19.851000,0 days 00:00:35.418000,0 days 00:00:20.348000,0 days 00:22:38.459000,0 days 00:23:13.877000,0 days 00:23:34.225000,207.0,193.0,264.0,278.0,True,HARD,6.0,True,Ferrari,0 days 00:22:18.608000,2026-06-05 11:38:18.734,1,,,,False,True,FP1
0 days 00:25:11.901000,HAM,44,0 days 00:01:37.676000,7.0,1.0,,,0 days 00:00:26.867000,0 days 00:00:46.313000,0 days 00:00:24.496000,0 days 00:24:01.092000,0 days 00:24:47.405000,0 days 00:25:11.901000,122.0,161.0,254.0,196.0,False,HARD,7.0,True,Ferrari,0 days 00:23:34.225000,2026-06-05 11:39:34.351,1,,,,False,True,FP1
0 days 00:26:40.358000,HAM,44,0 days 00:01:28.457000,8.0,1.0,,,0 days 00:00:20.006000,0 days 00:00:38.846000,0 days 00:00:29.605000,0 days 00:25:31.907000,0 days 00:26:10.753000,0 days 00:26:40.358000,200.0,158.0,249.0,262.0,False,HARD,8.0,True,Ferrari,0 days 00:25:11.901000,2026-06-05 11:41:12.027,1,,,,False,True,FP1
0 days 00:28:08.756000,HAM,44,0 days 00:01:28.398000,9.0,1.0,,,0 days 00:00:21.798000,0 days 00:00:44.351000,0 days 00:00:22.249000,0 days 00:27:02.156000,0 days 00:27:46.507000,0 days 00:28:08.756000,174.0,151.0,256.0,224.0,False,HARD,9.0,True,Ferrari,0 days 00:26:40.358000,2026-06-05 11:42:40.484,1,,,,False,True,FP1
0 days 00:29:29.415000,HAM,44,0 days 00:01:20.659000,10.0,1.0,,,0 days 00:00:19.872000,0 days 00:00:35.652000,0 days 00:00:25.135000,0 days 00:28:28.628000,0 days 00:29:04.280000,0 days 00:29:29.415000,203.0,192.0,162.0,280.0,False,HARD,10.0,True,Ferrari,0 days 00:28:08.756000,2026-06-05 11:44:08.882,1,,,,False,True,FP1
0 days 00:31:17.580000,HAM,44,0 days 00:01:48.165000,11.0,1.0,,,0 days 00:00:33.633000,0 days 00:00:48.249000,0 days 00:00:26.283000,0 days 00:30:03.048000,0 days 00:30:51.297000,0 days 00:31:17.580000,147.0,72.0,258.0,198.0,False,HARD,11.0,True,Ferrari,0 days 00:29:29.415000,2026-06-05 11:45:29.541,1,,,,False,True,FP1
0 days 00:33:04.318000,HAM,44,0 days 00:01:46.738000,12.0,1.0,,0 days 00:32:33.597000,0 days 00:00:19.787000,0 days 00:00:37.790000,0 days 00:00:49.161000,0 days 00:31:37.367000,0 days 00:32:15.157000,0 days 00:33:04.318000,208.0,145.0,,279.0,False,HARD,12.0,True,Ferrari,0 days 00:31:17.580000,2026-06-05 11:47:17.706,1,,,,False,False,FP1
0 days 00:34:44.688000,HAM,44,0 days 00:01:40.370000,13.0,2.0,0 days 00:33:05.168000,,0 days 00:00:27.339000,0 days 00:00:45.801000,0 days 00:00:27.230000,0 days 00:33:31.657000,0 days 00:34:17.458000,0 days 00:34:44.688000,127.0,181.0,239.0,248.0,False,HARD,13.0,False,Ferrari,0 days 00:33:04.318000,2026-06-05 11:49:04.444,1,,,,False,False,FP1
0 days 00:36:23.494000,HAM,44,0 days 00:01:38.806000,14.0,2.0,,,0 days 00:00:21.935000,0 days 00:00:55.611000,0 days 00:00:21.260000,0 days 00:35:06.623000,0 days 00:36:02.234000,0 days 00:36:23.494000,173.0,170.0,260.0,199.0,False,HARD,14.0,False,Ferrari,0 days 00:34:44.688000,2026-06-05 11:50:44.814,1,,,,False,True,FP1
0 days 00:37:38.604000,HAM,44,0 days 00:01:15.110000,15.0,2.0,,,0 days 00:00:19.641000,0 days 00:00:35.375000,0 days 00:00:20.094000,0 days 00:36:43.135000,0 days 00:37:18.510000,0 days 00:37:38.604000,208.0,194.0,260.0,279.0,True,HARD,15.0,False,Ferrari,0 days 00:36:23.494000,2026-06-05 11:52:23.620,1,,,,False,True,FP1
0 days 00:39:29.541000,HAM,44,0 days 00:01:50.937000,16.0,2.0,,,0 days 00:00:27.031000,0 days 00:01:00.448000,0 days 00:00:23.458000,0 days 00:38:05.635000,0 days 00:39:06.083000,0 days 00:39:29.541000,81.0,122.0,259.0,191.0,False,HARD,16.0,False,Ferrari,0 days 00:37:38.604000,2026-06-05 11:53:38.730,1,,,,False,True,FP1
0 days 00:58:22.916000,HAM,44,,17.0,2.0,,0 days 00:40:55.755000,0 days 00:00:31.975000,0 days 00:00:39.008000,,0 days 00:40:01.748000,0 days 00:40:40.791000,,162.0,150.0,,254.0,False,HARD,17.0,False,Ferrari,0 days 00:39:29.541000,2026-06-05 11:55:29.667,12675,,,,False,False,FP1
0 days 01:00:01.493000,HAM,44,0 days 00:01:38.577000,18.0,3.0,0 days 00:58:24.084000,,0 days 00:00:31.563000,0 days 00:00:42.379000,0 days 00:00:24.635000,0 days 00:58:54.479000,0 days 00:59:36.858000,0 days 01:00:01.493000,106.0,170.0,242.0,247.0,False,MEDIUM,1.0,True,Ferrari,0 days 00:58:24.084000,2026-06-05 12:14:24.210,1,,,,False,False,FP1
0 days 01:01:32.382000,HAM,44,0 days 00:01:30.889000,19.0,3.0,,,0 days 00:00:21.416000,0 days 00:00:47.311000,0 days 00:00:22.162000,0 days 01:00:22.909000,0 days 01:01:10.220000,0 days 01:01:32.382000,179.0,177.0,258.0,254.0,False,MEDIUM,2.0,True,Ferrari,0 days 01:00:01.493000,2026-06-05 12:16:01.619,1,,,,False,True,FP1
0 days 01:03:02.554000,HAM,44,0 days 00:01:30.172000,20.0,3.0,,,0 days 00:00:21.153000,0 days 00:00:40.004000,0 days 00:00:29.015000,0 days 01:01:53.535000,0 days 01:02:33.539000,0 days 01:03:02.554000,184.0,159.0,248.0,255.0,False,MEDIUM,3.0,True,Ferrari,0 days 01:01:32.382000,2026-06-05 12:17:32.508,1,,,,False,True,FP1
0 days 01:04:25.650000,HAM,44,0 days 00:01:23.096000,21.0,3.0,,,0 days 00:00:19.805000,0 days 00:00:40.801000,0 days 00:00:22.490000,0 days 01:03:22.359000,0 days 01:04:03.160000,0 days 01:04:25.650000,204.0,182.0,258.0,257.0,False,MEDIUM,4.0,True,Ferrari,0 days 01:03:02.554000,2026-06-05 12:19:02.680,1,,,,False,True,FP1
0 days 01:05:39.854000,HAM,44,0 days 00:01:14.204000,22.0,3.0,,,0 days 00:00:19.518000,0 days 00:00:34.896000,0 days 00:00:19.790000,0 days 01:04:45.168000,0 days 01:05:20.064000,0 days 01:05:39.854000,213.0,194.0,261.0,279.0,True,MEDIUM,5.0,True,Ferrari,0 days 01:04:25.650000,2026-06-05 12:20:25.776,1,,,,False,True,FP1
0 days 01:07:40.307000,HAM,44,0 days 00:02:00.453000,23.0,3.0,,,0 days 00:00:36.196000,0 days 00:00:55.187000,0 days 00:00:29.070000,0 days 01:06:16.050000,0 days 01:07:11.237000,0 days 01:07:40.307000,94.0,78.0,165.0,206.0,False,MEDIUM,6.0,True,Ferrari,0 days 01:05:39.854000,2026-06-05 12:21:39.980,12,,,,False,True,FP1
0 days 01:09:27.017000,HAM,44,0 days 00:01:46.710000,24.0,3.0,,,0 days 00:00:32.007000,0 days 00:00:49.165000,0 days 00:00:25.538000,0 days 01:08:12.314000,0 days 01:09:01.479000,0 days 01:09:27.017000,163.0,162.0,262.0,239.0,False,MEDIUM,7.0,True,Ferrari,0 days 01:07:40.307000,2026-06-05 12:23:40.433,1,,,,False,True,FP1
0 days 01:13:53.291000,HAM,44,,25.0,3.0,,0 days 01:10:55.528000,0 days 00:00:19.595000,,,0 days 01:09:46.792000,,,211.0,,,257.0,False,MEDIUM,8.0,True,Ferrari,0 days 01:09:27.017000,2026-06-05 12:25:27.143,125,,,,False,False,FP1
0 days 01:15:32.186000,HAM,44,0 days 00:01:38.895000,26.0,4.0,0 days 01:13:54.098000,,0 days 00:00:30.369000,0 days 00:00:43.642000,0 days 00:00:24.884000,0 days 01:14:23.660000,0 days 01:15:07.302000,0 days 01:15:32.186000,150.0,161.0,214.0,236.0,False,MEDIUM,8.0,False,Ferrari,0 days 01:13:54.098000,2026-06-05 12:29:54.224,1,,,,False,False,FP1
0 days 01:17:49.198000,HAM,44,0 days 00:02:17.012000,27.0,4.0,,,0 days 00:00:24.368000,0 days 00:00:44.664000,0 days 00:01:07.980000,0 days 01:15:56.554000,0 days 01:16:41.218000,0 days 01:17:49.198000,146.0,131.0,173.0,253.0,False,MEDIUM,9.0,False,Ferrari,0 days 01:15:32.186000,2026-06-05 12:31:32.312,12,,,,False,True,FP1
0 days 01:19:44.432000,HAM,44,,28.0,4.0,,0 days 01:19:44.432000,0 days 00:00:53.910000,0 days 00:00:47.105000,,0 days 01:18:43.365000,0 days 01:19:30.332000,,74.0,179.0,,251.0,False,MEDIUM,10.0,False,Ferrari,0 days 01:17:49.198000,2026-06-05 12:33:49.324,21,,,,False,False,FP1
0 days 00:16:58.704000,BOR,5,0 days 00:01:52.770000,1.0,1.0,0 days 00:15:07,,0 days 00:00:32.119000,0 days 00:00:45.074000,0 days 00:00:35.577000,0 days 00:15:38.280000,0 days 00:16:23.436000,0 days 00:16:58.892000,112.0,134.0,233.0,248.0,False,HARD,1.0,True,Audi,0 days 00:15:07,2026-06-05 11:31:07.126,12,,,,False,False,FP1
0 days 00:18:23.057000,BOR,5,0 days 00:01:24.353000,2.0,1.0,,,0 days 00:00:22.621000,0 days 00:00:39.261000,0 days 00:00:22.471000,0 days 00:17:21.325000,0 days 00:18:00.586000,0 days 00:18:23.057000,170.0,173.0,245.0,270.0,True,HARD,2.0,True,Audi,0 days 00:16:58.704000,2026-06-05 11:32:58.830,1,,,,False,True,FP1
0 days 00:19:43.236000,BOR,5,0 days 00:01:20.179000,3.0,1.0,,,0 days 00:00:21.266000,0 days 00:00:37.482000,0 days 00:00:21.431000,0 days 00:18:44.323000,0 days 00:19:21.805000,0 days 00:19:43.236000,190.0,186.0,257.0,275.0,True,HARD,3.0,True,Audi,0 days 00:18:23.057000,2026-06-05 11:34:23.183,1,,,,False,True,FP1
0 days 00:21:01.752000,BOR,5,0 days 00:01:18.516000,4.0,1.0,,,0 days 00:00:20.592000,0 days 00:00:37.136000,0 days 00:00:20.788000,0 days 00:20:03.828000,0 days 00:20:40.964000,0 days 00:21:01.752000,194.0,189.0,259.0,274.0,True,HARD,4.0,True,Audi,0 days 00:19:43.236000,2026-06-05 11:35:43.362,1,,,,False,True,FP1
0 days 00:22:43.899000,BOR,5,0 days 00:01:42.147000,5.0,1.0,,,0 days 00:00:25.664000,0 days 00:00:45.174000,0 days 00:00:31.309000,0 days 00:21:27.416000,0 days 00:22:12.590000,0 days 00:22:43.899000,131.0,151.0,237.0,259.0,False,HARD,5.0,True,Audi,0 days 00:21:01.752000,2026-06-05 11:37:01.878,1,,,,False,True,FP1
0 days 00:24:02.482000,BOR,5,0 days 00:01:18.583000,6.0,1.0,,,0 days 00:00:21.037000,0 days 00:00:36.643000,0 days 00:00:20.903000,0 days 00:23:04.936000,0 days 00:23:41.579000,0 days 00:24:02.482000,192.0,189.0,259.0,278.0,False,HARD,6.0,True,Audi,0 days 00:22:43.899000,2026-06-05 11:38:44.025,1,,,,False,True,FP1
0 days 00:28:31.641000,BOR,5,,7.0,1.0,,0 days 00:25:15.369000,0 days 00:00:20.434000,0 days 00:00:36.752000,,0 days 00:24:23.147000,0 days 00:24:59.848000,,198.0,184.0,,277.0,False,HARD,7.0,True,Audi,0 days 00:24:02.482000,2026-06-05 11:40:02.608,1,,,,False,False,FP1
0 days 00:30:01.921000,BOR,5,0 days 00:01:30.280000,8.0,2.0,0 days 00:28:32.350000,,0 days 00:00:27.191000,0 days 00:00:39.090000,0 days 00:00:23.999000,0 days 00:28:58.832000,0 days 00:29:37.922000,0 days 00:30:01.921000,161.0,172.0,257.0,250.0,False,HARD,8.0,False,Audi,0 days 00:28:31.641000,2026-06-05 11:44:31.767,1,,,,False,False,FP1
0 days 00:31:20.314000,BOR,5,0 days 00:01:18.393000,9.0,2.0,,,0 days 00:00:20.517000,0 days 00:00:36.736000,0 days 00:00:21.140000,0 days 00:30:22.438000,0 days 00:30:59.174000,0 days 00:31:20.314000,194.0,188.0,256.0,275.0,True,HARD,9.0,False,Audi,0 days 00:30:01.921000,2026-06-05 11:46:02.047,1,,,,False,True,FP1
0 days 00:33:06.717000,BOR,5,0 days 00:01:46.403000,10.0,2.0,,,0 days 00:00:31.370000,0 days 00:00:46.182000,0 days 00:00:28.851000,0 days 00:31:51.684000,0 days 00:32:37.866000,0 days 00:33:06.717000,89.0,148.0,256.0,261.0,False,HARD,10.0,False,Audi,0 days 00:31:20.314000,2026-06-05 11:47:20.440,1,,,,False,True,FP1
0 days 00:34:24.628000,BOR,5,0 days 00:01:17.911000,11.0,2.0,,,0 days 00:00:20.628000,0 days 00:00:36.684000,0 days 00:00:20.599000,0 days 00:33:27.345000,0 days 00:34:04.029000,0 days 00:34:24.628000,193.0,190.0,260.0,276.0,True,HARD,11.0,False,Audi,0 days 00:33:06.717000,2026-06-05 11:49:06.843,1,,,,False,True,FP1
0 days 00:36:10.200000,BOR,5,0 days 00:01:45.572000,12.0,2.0,,,0 days 00:00:27.949000,0 days 00:00:44.161000,0 days 00:00:33.462000,0 days 00:34:52.577000,0 days 00:35:36.738000,0 days 00:36:10.200000,81.0,77.0,242.0,265.0,False,HARD,12.0,False,Audi,0 days 00:34:24.628000,2026-06-05 11:50:24.754,1,,,,False,True,FP1
0 days 00:37:28.326000,BOR,5,0 days 00:01:18.126000,13.0,2.0,,,0 days 00:00:20.728000,0 days 00:00:36.558000,0 days 00:00:20.840000,0 days 00:36:30.928000,0 days 00:37:07.486000,0 days 00:37:28.326000,188.0,188.0,261.0,279.0,False,HARD,13.0,False,Audi,0 days 00:36:10.200000,2026-06-05 11:52:10.326,1,,,,False,True,FP1
0 days 00:39:02.440000,BOR,5,0 days 00:01:34.114000,14.0,2.0,,,0 days 00:00:26,0 days 00:00:42.915000,0 days 00:00:25.199000,0 days 00:37:54.326000,0 days 00:38:37.241000,0 days 00:39:02.440000,128.0,150.0,258.0,255.0,False,HARD,14.0,False,Audi,0 days 00:37:28.326000,2026-06-05 11:53:28.452,1,,,,False,True,FP1
0 days 00:40:19.700000,BOR,5,0 days 00:01:17.260000,15.0,2.0,,,0 days 00:00:20.349000,0 days 00:00:36.337000,0 days 00:00:20.574000,0 days 00:39:22.789000,0 days 00:39:59.126000,0 days 00:40:19.700000,190.0,190.0,260.0,277.0,True,HARD,15.0,False,Audi,0 days 00:39:02.440000,2026-06-05 11:55:02.566,12,,,,False,True,FP1
0 days 00:42:01.508000,BOR,5,0 days 00:01:41.808000,16.0,2.0,,,0 days 00:00:28.857000,0 days 00:00:47.714000,0 days 00:00:25.237000,0 days 00:40:48.557000,0 days 00:41:36.271000,0 days 00:42:01.508000,93.0,132.0,259.0,248.0,False,HARD,16.0,False,Audi,0 days 00:40:19.700000,2026-06-05 11:56:19.826,1,,,,False,True,FP1
0 days 00:43:18.507000,BOR,5,0 days 00:01:16.999000,17.0,2.0,,,0 days 00:00:20.179000,0 days 00:00:36.323000,0 days 00:00:20.497000,0 days 00:42:21.687000,0 days 00:42:58.010000,0 days 00:43:18.507000,197.0,190.0,259.0,278.0,True,HARD,17.0,False,Audi,0 days 00:42:01.508000,2026-06-05 11:58:01.634,1,,,,False,True,FP1
0 days 00:57:06.066000,BOR,5,,18.0,2.0,,0 days 00:44:41.330000,0 days 00:00:20.940000,0 days 00:00:45.647000,,0 days 00:43:39.814000,0 days 00:44:25.277000,,175.0,161.0,,253.0,False,HARD,18.0,False,Audi,0 days 00:43:18.507000,2026-06-05 11:59:18.633,16725,,,,False,False,FP1
0 days 00:58:38,BOR,5,0 days 00:01:31.934000,19.0,3.0,0 days 00:57:07.185000,,0 days 00:00:27.307000,0 days 00:00:40.296000,0 days 00:00:24.331000,0 days 00:57:33.373000,0 days 00:58:13.669000,0 days 00:58:38,150.0,173.0,248.0,248.0,False,MEDIUM,1.0,True,Audi,0 days 00:57:07.185000,2026-06-05 12:13:07.311,1,,,,False,False,FP1
0 days 00:59:59.583000,BOR,5,0 days 00:01:21.583000,20.0,3.0,,,0 days 00:00:20.616000,0 days 00:00:36.874000,0 days 00:00:24.093000,0 days 00:58:58.616000,0 days 00:59:35.490000,0 days 00:59:59.583000,187.0,191.0,252.0,277.0,False,MEDIUM,2.0,True,Audi,0 days 00:58:38,2026-06-05 12:14:38.126,1,,,,False,True,FP1
0 days 01:01:15.844000,BOR,5,0 days 00:01:16.261000,21.0,3.0,,,0 days 00:00:20.074000,0 days 00:00:35.827000,0 days 00:00:20.360000,0 days 01:00:19.657000,0 days 01:00:55.484000,0 days 01:01:15.844000,199.0,194.0,260.0,279.0,True,MEDIUM,3.0,True,Audi,0 days 00:59:59.583000,2026-06-05 12:15:59.709,1,,,,False,True,FP1
0 days 01:02:49.477000,BOR,5,0 days 00:01:33.633000,22.0,3.0,,,0 days 00:00:24.978000,0 days 00:00:46.202000,0 days 00:00:22.453000,0 days 01:01:40.822000,0 days 01:02:27.024000,0 days 01:02:49.477000,122.0,162.0,261.0,240.0,False,MEDIUM,4.0,True,Audi,0 days 01:01:15.844000,2026-06-05 12:17:15.970,1,,,,False,True,FP1
0 days 01:04:05.916000,BOR,5,0 days 00:01:16.439000,23.0,3.0,,,0 days 00:00:19.861000,0 days 00:00:36.091000,0 days 00:00:20.487000,0 days 01:03:09.338000,0 days 01:03:45.429000,0 days 01:04:05.916000,201.0,190.0,261.0,277.0,False,MEDIUM,5.0,True,Audi,0 days 01:02:49.477000,2026-06-05 12:18:49.603,1,,,,False,True,FP1
0 days 01:05:50.333000,BOR,5,0 days 00:01:44.417000,24.0,3.0,,,0 days 00:00:26.990000,0 days 00:00:48.800000,0 days 00:00:28.627000,0 days 01:04:32.906000,0 days 01:05:21.706000,0 days 01:05:50.333000,105.0,138.0,258.0,231.0,False,MEDIUM,6.0,True,Audi,0 days 01:04:05.916000,2026-06-05 12:20:06.042,1,,,,False,True,FP1
0 days 01:07:06.181000,BOR,5,0 days 00:01:15.848000,25.0,3.0,,,0 days 00:00:19.968000,0 days 00:00:35.785000,0 days 00:00:20.095000,0 days 01:06:10.301000,0 days 01:06:46.086000,0 days 01:07:06.181000,201.0,190.0,260.0,278.0,True,MEDIUM,7.0,True,Audi,0 days 01:05:50.333000,2026-06-05 12:21:50.459,12,,,,False,True,FP1
0 days 01:08:45.721000,BOR,5,0 days 00:01:39.540000,26.0,3.0,,,0 days 00:00:30.140000,0 days 00:00:47.077000,0 days 00:00:22.323000,0 days 01:07:36.321000,0 days 01:08:23.398000,0 days 01:08:45.721000,87.0,155.0,261.0,201.0,False,MEDIUM,8.0,True,Audi,0 days 01:07:06.181000,2026-06-05 12:23:06.307,1,,,,False,True,FP1
0 days 01:10:01.471000,BOR,5,0 days 00:01:15.750000,27.0,3.0,,,0 days 00:00:19.735000,0 days 00:00:35.927000,0 days 00:00:20.088000,0 days 01:09:05.456000,0 days 01:09:41.383000,0 days 01:10:01.471000,204.0,191.0,260.0,277.0,True,MEDIUM,9.0,True,Audi,0 days 01:08:45.721000,2026-06-05 12:24:45.847,12,,,,False,True,FP1
0 days 01:13:38.574000,BOR,5,,28.0,3.0,,0 days 01:12:02.651000,0 days 00:00:27.533000,,,0 days 01:10:29.263000,,,90.0,,,,False,MEDIUM,10.0,True,Audi,0 days 01:10:01.471000,2026-06-05 12:26:01.597,215,,,,False,False,FP1
0 days 01:15:25.269000,BOR,5,0 days 00:01:46.695000,29.0,4.0,0 days 01:13:39.895000,,0 days 00:00:38.379000,0 days 00:00:43.749000,0 days 00:00:24.567000,0 days 01:14:16.953000,0 days 01:15:00.702000,0 days 01:15:25.269000,151.0,161.0,224.0,228.0,False,MEDIUM,10.0,False,Audi,0 days 01:13:39.895000,2026-06-05 12:29:40.021,1,,,,False,False,FP1
0 days 01:17:35.300000,BOR,5,0 days 00:02:10.031000,30.0,4.0,,,0 days 00:00:26.046000,0 days 00:00:41.549000,0 days 00:01:02.436000,0 days 01:15:51.315000,0 days 01:16:32.864000,0 days 01:17:35.300000,147.0,157.0,129.0,245.0,False,MEDIUM,11.0,False,Audi,0 days 01:15:25.269000,2026-06-05 12:31:25.395,1,,,,False,True,FP1
0 days 01:19:00.275000,BOR,5,,31.0,4.0,,0 days 01:19:00.275000,0 days 00:00:26.081000,0 days 00:00:41.074000,,0 days 01:18:01.631000,0 days 01:18:42.673000,,149.0,149.0,,243.0,False,MEDIUM,12.0,False,Audi,0 days 01:17:35.300000,2026-06-05 12:33:35.426,12,,,,False,False,FP1
0 days 00:17:52.257000,SAI,55,0 days 00:01:36.131000,1.0,1.0,0 days 00:16:16.865000,,0 days 00:00:29.647000,0 days 00:00:42.158000,0 days 00:00:24.326000,0 days 00:16:45.962000,0 days 00:17:28.206000,0 days 00:17:52.345000,143.0,161.0,244.0,248.0,False,HARD,1.0,True,Williams,0 days 00:16:16.865000,2026-06-05 11:32:16.991,1,,,,False,False,FP1
0 days 00:19:16.435000,SAI,55,0 days 00:01:24.178000,2.0,1.0,,,0 days 00:00:22.522000,0 days 00:00:39.236000,0 days 00:00:22.420000,0 days 00:18:14.779000,0 days 00:18:54.015000,0 days 00:19:16.435000,172.0,175.0,247.0,262.0,True,HARD,2.0,True,Williams,0 days 00:17:52.257000,2026-06-05 11:33:52.383,1,,,,False,True,FP1
0 days 00:20:38.774000,SAI,55,0 days 00:01:22.339000,3.0,1.0,,,0 days 00:00:21.152000,0 days 00:00:38.170000,0 days 00:00:23.017000,0 days 00:19:37.587000,0 days 00:20:15.757000,0 days 00:20:38.774000,188.0,158.0,255.0,265.0,True,HARD,3.0,True,Williams,0 days 00:19:16.435000,2026-06-05 11:35:16.561,1,,,,False,True,FP1
0 days 00:21:59.716000,SAI,55,0 days 00:01:20.942000,4.0,1.0,,,0 days 00:00:20.785000,0 days 00:00:37.255000,0 days 00:00:22.902000,0 days 00:20:59.559000,0 days 00:21:36.814000,0 days 00:21:59.716000,192.0,176.0,262.0,280.0,True,HARD,4.0,True,Williams,0 days 00:20:38.774000,2026-06-05 11:36:38.900,1,,,,False,True,FP1
0 days 00:23:21.703000,SAI,55,0 days 00:01:21.987000,5.0,1.0,,,0 days 00:00:20.509000,0 days 00:00:39.335000,0 days 00:00:22.143000,0 days 00:22:20.225000,0 days 00:22:59.560000,0 days 00:23:21.703000,189.0,178.0,260.0,269.0,True,HARD,5.0,True,Williams,0 days 00:21:59.716000,2026-06-05 11:37:59.842,1,,,,False,True,FP1
0 days 00:24:39.725000,SAI,55,0 days 00:01:18.022000,6.0,1.0,,,0 days 00:00:20.608000,0 days 00:00:36.561000,0 days 00:00:20.853000,0 days 00:23:42.311000,0 days 00:24:18.872000,0 days 00:24:39.725000,198.0,187.0,260.0,281.0,True,HARD,6.0,True,Williams,0 days 00:23:21.703000,2026-06-05 11:39:21.829,1,,,,False,True,FP1
0 days 00:32:56.089000,SAI,55,,7.0,1.0,,0 days 00:26:04.596000,0 days 00:00:25.067000,0 days 00:00:42.820000,,0 days 00:25:05.021000,0 days 00:25:47.853000,,140.0,151.0,,238.0,False,HARD,7.0,True,Williams,0 days 00:24:39.725000,2026-06-05 11:40:39.851,1,,,,False,False,FP1
0 days 00:34:37.351000,SAI,55,0 days 00:01:41.262000,8.0,2.0,0 days 00:32:56.820000,,0 days 00:00:32.108000,0 days 00:00:43.186000,0 days 00:00:25.968000,0 days 00:33:28.197000,0 days 00:34:11.383000,0 days 00:34:37.351000,134.0,163.0,242.0,263.0,False,HARD,8.0,False,Williams,0 days 00:32:56.089000,2026-06-05 11:48:56.215,1,,,,False,False,FP1
0 days 00:35:58.682000,SAI,55,0 days 00:01:21.331000,9.0,2.0,,,0 days 00:00:21.962000,0 days 00:00:37.748000,0 days 00:00:21.621000,0 days 00:34:59.313000,0 days 00:35:37.061000,0 days 00:35:58.682000,176.0,177.0,260.0,273.0,False,HARD,9.0,False,Williams,0 days 00:34:37.351000,2026-06-05 11:50:37.477,1,,,,False,True,FP1
0 days 00:37:20.485000,SAI,55,0 days 00:01:21.803000,10.0,2.0,,,0 days 00:00:20.480000,0 days 00:00:36.706000,0 days 00:00:24.617000,0 days 00:36:19.162000,0 days 00:36:55.868000,0 days 00:37:20.485000,196.0,185.0,254.0,279.0,False,HARD,10.0,False,Williams,0 days 00:35:58.682000,2026-06-05 11:51:58.808,1,,,,False,True,FP1
0 days 00:38:45.893000,SAI,55,0 days 00:01:25.408000,11.0,2.0,,,0 days 00:00:20.332000,0 days 00:00:36.083000,0 days 00:00:28.993000,0 days 00:37:40.817000,0 days 00:38:16.900000,0 days 00:38:45.893000,201.0,176.0,242.0,279.0,False,HARD,11.0,False,Williams,0 days 00:37:20.485000,2026-06-05 11:53:20.611,1,,,,False,True,FP1
0 days 00:40:09.596000,SAI,55,0 days 00:01:23.703000,12.0,2.0,,,0 days 00:00:21.384000,0 days 00:00:37.462000,0 days 00:00:24.857000,0 days 00:39:07.277000,0 days 00:39:44.739000,0 days 00:40:09.596000,181.0,187.0,245.0,278.0,False,HARD,12.0,False,Williams,0 days 00:38:45.893000,2026-06-05 11:54:46.019,12,,,,False,True,FP1
0 days 00:41:34.759000,SAI,55,0 days 00:01:25.163000,13.0,2.0,,,0 days 00:00:21.572000,0 days 00:00:40.508000,0 days 00:00:23.083000,0 days 00:40:31.168000,0 days 00:41:11.676000,0 days 00:41:34.759000,175.0,175.0,262.0,277.0,False,HARD,13.0,False,Williams,0 days 00:40:09.596000,2026-06-05 11:56:09.722,1,,,,False,True,FP1
0 days 00:42:52.442000,SAI,55,0 days 00:01:17.683000,14.0,2.0,,,0 days 00:00:20.282000,0 days 00:00:36.687000,0 days 00:00:20.714000,0 days 00:41:55.041000,0 days 00:42:31.728000,0 days 00:42:52.442000,203.0,188.0,260.0,279.0,True,HARD,14.0,False,Williams,0 days 00:41:34.759000,2026-06-05 11:57:34.885,1,,,,False,True,FP1
0 days 00:44:19.506000,SAI,55,0 days 00:01:27.064000,15.0,2.0,,,0 days 00:00:20.072000,0 days 00:00:42.979000,0 days 00:00:24.013000,0 days 00:43:12.514000,0 days 00:43:55.493000,0 days 00:44:19.506000,204.0,155.0,260.0,279.0,False,HARD,15.0,False,Williams,0 days 00:42:52.442000,2026-06-05 11:58:52.568,167,,,,False,False,FP1
0 days 00:45:37.162000,SAI,55,0 days 00:01:17.656000,16.0,2.0,,,0 days 00:00:20.290000,0 days 00:00:36.661000,0 days 00:00:20.705000,0 days 00:44:39.796000,0 days 00:45:16.457000,0 days 00:45:37.162000,203.0,190.0,261.0,278.0,True,HARD,16.0,False,Williams,0 days 00:44:19.506000,2026-06-05 12:00:19.632,1,,,,False,True,FP1
0 days 00:47:07.973000,SAI,55,0 days 00:01:30.811000,17.0,2.0,,,0 days 00:00:25.645000,0 days 00:00:42.997000,0 days 00:00:22.169000,0 days 00:46:02.807000,0 days 00:46:45.804000,0 days 00:47:07.973000,128.0,177.0,262.0,240.0,False,HARD,17.0,False,Williams,0 days 00:45:37.162000,2026-06-05 12:01:37.288,1,,,,False,True,FP1
0 days 00:48:24.857000,SAI,55,0 days 00:01:16.884000,18.0,2.0,,,0 days 00:00:20.086000,0 days 00:00:36.223000,0 days 00:00:20.575000,0 days 00:47:28.059000,0 days 00:48:04.282000,0 days 00:48:24.857000,205.0,189.0,261.0,279.0,True,HARD,18.0,False,Williams,0 days 00:47:07.973000,2026-06-05 12:03:08.099,1,,,,False,True,FP1
0 days 00:57:43.103000,SAI,55,,19.0,2.0,,0 days 00:50:06.861000,0 days 00:00:27.903000,,,0 days 00:48:53.061000,,,120.0,,,242.0,False,HARD,19.0,False,Williams,0 days 00:48:24.857000,2026-06-05 12:04:24.983,125,,,,False,False,FP1
0 days 00:59:16.481000,SAI,55,0 days 00:01:33.378000,20.0,3.0,0 days 00:57:43.791000,,0 days 00:00:29.916000,0 days 00:00:41.231000,0 days 00:00:22.231000,0 days 00:58:13.019000,0 days 00:58:54.250000,0 days 00:59:16.481000,154.0,175.0,262.0,256.0,False,MEDIUM,1.0,True,Williams,0 days 00:57:43.791000,2026-06-05 12:13:43.917,1,,,,False,False,FP1
0 days 01:00:37.553000,SAI,55,0 days 00:01:21.072000,21.0,3.0,,,0 days 00:00:20.731000,0 days 00:00:37.928000,0 days 00:00:22.413000,0 days 00:59:37.212000,0 days 01:00:15.140000,0 days 01:00:37.553000,191.0,178.0,262.0,280.0,False,MEDIUM,2.0,True,Williams,0 days 00:59:16.481000,2026-06-05 12:15:16.607,1,,,,False,True,FP1
0 days 01:01:57.857000,SAI,55,0 days 00:01:20.304000,22.0,3.0,,,0 days 00:00:19.941000,0 days 00:00:37.470000,0 days 00:00:22.893000,0 days 01:00:57.494000,0 days 01:01:34.964000,0 days 01:01:57.857000,209.0,155.0,263.0,283.0,False,MEDIUM,3.0,True,Williams,0 days 01:00:37.553000,2026-06-05 12:16:37.679,1,,,,False,True,FP1
0 days 01:03:20.643000,SAI,55,0 days 00:01:22.786000,23.0,3.0,,,0 days 00:00:19.819000,0 days 00:00:35.853000,0 days 00:00:27.114000,0 days 01:02:17.676000,0 days 01:02:53.529000,0 days 01:03:20.643000,213.0,188.0,240.0,282.0,False,MEDIUM,4.0,True,Williams,0 days 01:01:57.857000,2026-06-05 12:17:57.983,1,,,,False,True,FP1
0 days 01:04:48.898000,SAI,55,0 days 00:01:28.255000,24.0,3.0,,,0 days 00:00:22.340000,0 days 00:00:39.855000,0 days 00:00:26.060000,0 days 01:03:42.983000,0 days 01:04:22.838000,0 days 01:04:48.898000,174.0,174.0,263.0,269.0,False,MEDIUM,5.0,True,Williams,0 days 01:03:20.643000,2026-06-05 12:19:20.769,1,,,,False,True,FP1
0 days 01:06:04.939000,SAI,55,0 days 00:01:16.041000,25.0,3.0,,,0 days 00:00:19.910000,0 days 00:00:35.795000,0 days 00:00:20.336000,0 days 01:05:08.808000,0 days 01:05:44.603000,0 days 01:06:04.939000,212.0,191.0,263.0,281.0,True,MEDIUM,6.0,True,Williams,0 days 01:04:48.898000,2026-06-05 12:20:49.024,1,,,,False,True,FP1
0 days 01:07:49.770000,SAI,55,0 days 00:01:44.831000,26.0,3.0,,,0 days 00:00:26.477000,0 days 00:00:53.106000,0 days 00:00:25.248000,0 days 01:06:31.416000,0 days 01:07:24.522000,0 days 01:07:49.770000,111.0,176.0,261.0,168.0,False,MEDIUM,7.0,True,Williams,0 days 01:06:04.939000,2026-06-05 12:22:05.065,12,,,,False,True,FP1
0 days 01:09:09.085000,SAI,55,0 days 00:01:19.315000,27.0,3.0,,,0 days 00:00:20.114000,0 days 00:00:37.420000,0 days 00:00:21.781000,0 days 01:08:09.884000,0 days 01:08:47.304000,0 days 01:09:09.085000,209.0,180.0,262.0,278.0,False,MEDIUM,8.0,True,Williams,0 days 01:07:49.770000,2026-06-05 12:23:49.896,1,,,,False,True,FP1
0 days 01:13:26.032000,SAI,55,,28.0,3.0,,0 days 01:12:24.317000,0 days 00:00:19.762000,0 days 00:00:42.896000,,0 days 01:09:29.018000,0 days 01:10:11.880000,,211.0,157.0,,282.0,False,MEDIUM,9.0,True,Williams,0 days 01:09:09.085000,2026-06-05 12:25:09.211,125,,,,False,False,FP1
0 days 01:15:03.494000,SAI,55,0 days 00:01:37.462000,29.0,4.0,0 days 01:13:26.960000,,0 days 00:00:31.662000,0 days 00:00:41.272000,0 days 00:00:24.528000,0 days 01:13:57.694000,0 days 01:14:38.966000,0 days 01:15:03.494000,155.0,172.0,250.0,275.0,False,MEDIUM,9.0,False,Williams,0 days 01:13:26.960000,2026-06-05 12:29:27.086,1,,,,False,False,FP1
0 days 01:17:13.973000,SAI,55,0 days 00:02:10.479000,30.0,4.0,,,0 days 00:00:21.584000,0 days 00:00:40.278000,0 days 00:01:08.617000,0 days 01:15:25.078000,0 days 01:16:05.356000,0 days 01:17:13.973000,177.0,156.0,47.0,265.0,False,MEDIUM,10.0,False,Williams,0 days 01:15:03.494000,2026-06-05 12:31:03.620,1,,,,False,True,FP1
0 days 01:18:34.267000,SAI,55,,31.0,4.0,,0 days 01:18:34.267000,0 days 00:00:25.194000,0 days 00:00:39.695000,,0 days 01:17:39.192000,0 days 01:18:18.925000,,162.0,170.0,,258.0,False,MEDIUM,11.0,False,Williams,0 days 01:17:13.973000,2026-06-05 12:33:14.099,12,,,,False,False,FP1
0 days 00:16:03.028000,HAD,6,0 days 00:01:44.803000,1.0,1.0,0 days 00:14:19.088000,,0 days 00:00:29.015000,0 days 00:00:43.046000,0 days 00:00:32.742000,0 days 00:14:47.488000,0 days 00:15:30.511000,0 days 00:16:03.181000,135.0,159.0,255.0,230.0,False,HARD,1.0,True,Red Bull Racing,0 days 00:14:19.088000,2026-06-05 11:30:19.214,12,,,,False,False,FP1
0 days 00:17:24.723000,HAD,6,0 days 00:01:21.695000,2.0,1.0,,,0 days 00:00:21.794000,0 days 00:00:38.212000,0 days 00:00:21.689000,0 days 00:16:24.822000,0 days 00:17:03.034000,0 days 00:17:24.723000,187.0,176.0,262.0,281.0,True,HARD,2.0,True,Red Bull Racing,0 days 00:16:03.028000,2026-06-05 11:32:03.154,1,,,,False,True,FP1
0 days 00:18:44.630000,HAD,6,0 days 00:01:19.907000,3.0,1.0,,,0 days 00:00:20.633000,0 days 00:00:36.917000,0 days 00:00:22.357000,0 days 00:17:45.356000,0 days 00:18:22.273000,0 days 00:18:44.630000,194.0,183.0,265.0,282.0,True,HARD,3.0,True,Red Bull Racing,0 days 00:17:24.723000,2026-06-05 11:33:24.849,1,,,,False,True,FP1
0 days 00:20:08.650000,HAD,6,0 days 00:01:24.020000,4.0,1.0,,,0 days 00:00:24.291000,0 days 00:00:37.600000,0 days 00:00:22.129000,0 days 00:19:08.921000,0 days 00:19:46.521000,0 days 00:20:08.650000,194.0,175.0,261.0,267.0,False,HARD,4.0,True,Red Bull Racing,0 days 00:18:44.630000,2026-06-05 11:34:44.756,1,,,,False,True,FP1
0 days 00:21:28.808000,HAD,6,0 days 00:01:20.158000,5.0,1.0,,,0 days 00:00:20.260000,0 days 00:00:38.810000,0 days 00:00:21.088000,0 days 00:20:28.910000,0 days 00:21:07.720000,0 days 00:21:28.808000,203.0,186.0,262.0,273.0,False,HARD,5.0,True,Red Bull Racing,0 days 00:20:08.650000,2026-06-05 11:36:08.776,1,,,,False,True,FP1
0 days 00:22:45.376000,HAD,6,0 days 00:01:16.568000,6.0,1.0,,,0 days 00:00:20.025000,0 days 00:00:36.191000,0 days 00:00:20.352000,0 days 00:21:48.833000,0 days 00:22:25.024000,0 days 00:22:45.376000,200.0,187.0,263.0,281.0,True,HARD,6.0,True,Red Bull Racing,0 days 00:21:28.808000,2026-06-05 11:37:28.934,1,,,,False,True,FP1
0 days 00:24:16.680000,HAD,6,0 days 00:01:31.304000,7.0,1.0,,,0 days 00:00:23.234000,0 days 00:00:43.870000,0 days 00:00:24.200000,0 days 00:23:08.610000,0 days 00:23:52.480000,0 days 00:24:16.680000,164.0,141.0,258.0,232.0,False,HARD,7.0,True,Red Bull Racing,0 days 00:22:45.376000,2026-06-05 11:38:45.502,1,,,,False,True,FP1
0 days 00:25:33.495000,HAD,6,0 days 00:01:16.815000,8.0,1.0,,,0 days 00:00:20.095000,0 days 00:00:36.313000,0 days 00:00:20.407000,0 days 00:24:36.775000,0 days 00:25:13.088000,0 days 00:25:33.495000,207.0,189.0,262.0,280.0,False,HARD,8.0,True,Red Bull Racing,0 days 00:24:16.680000,2026-06-05 11:40:16.806,1,,,,False,True,FP1
0 days 00:27:04.280000,HAD,6,0 days 00:01:30.785000,9.0,1.0,,,0 days 00:00:22.061000,0 days 00:00:44.641000,0 days 00:00:24.083000,0 days 00:25:55.556000,0 days 00:26:40.197000,0 days 00:27:04.280000,146.0,131.0,259.0,210.0,False,HARD,9.0,True,Red Bull Racing,0 days 00:25:33.495000,2026-06-05 11:41:33.621,1,,,,False,True,FP1
0 days 00:28:20.818000,HAD,6,0 days 00:01:16.538000,10.0,1.0,,,0 days 00:00:19.977000,0 days 00:00:36.174000,0 days 00:00:20.387000,0 days 00:27:24.257000,0 days 00:28:00.431000,0 days 00:28:20.818000,207.0,180.0,263.0,281.0,True,HARD,10.0,True,Red Bull Racing,0 days 00:27:04.280000,2026-06-05 11:43:04.406,1,,,,False,True,FP1
0 days 00:45:30.089000,HAD,6,,11.0,1.0,,0 days 00:29:45.307000,0 days 00:00:25.203000,0 days 00:00:43.078000,,0 days 00:28:46.470000,0 days 00:29:29.371000,,165.0,161.0,,261.0,False,HARD,11.0,True,Red Bull Racing,0 days 00:28:20.818000,2026-06-05 11:44:20.944,1267,,,,False,False,FP1
0 days 00:46:58.505000,HAD,6,0 days 00:01:28.416000,12.0,2.0,0 days 00:45:30.751000,,0 days 00:00:26.933000,0 days 00:00:39.989000,0 days 00:00:21.494000,0 days 00:45:57.022000,0 days 00:46:37.011000,0 days 00:46:58.505000,167.0,169.0,262.0,264.0,False,HARD,12.0,False,Red Bull Racing,0 days 00:45:30.089000,2026-06-05 12:01:30.215,1,,,,False,False,FP1
0 days 00:48:14.653000,HAD,6,0 days 00:01:16.148000,13.0,2.0,,,0 days 00:00:19.970000,0 days 00:00:35.900000,0 days 00:00:20.278000,0 days 00:47:18.475000,0 days 00:47:54.375000,0 days 00:48:14.653000,206.0,191.0,262.0,279.0,True,HARD,13.0,False,Red Bull Racing,0 days 00:46:58.505000,2026-06-05 12:02:58.631,1,,,,False,True,FP1
0 days 00:55:56.421000,HAD,6,,14.0,2.0,,0 days 00:55:56.421000,0 days 00:00:19.897000,0 days 00:00:35.835000,,0 days 00:48:34.696000,0 days 00:49:10.581000,,210.0,192.0,,280.0,False,HARD,14.0,False,Red Bull Racing,0 days 00:48:14.653000,2026-06-05 12:04:14.779,125,,,,False,False,FP1
0 days 00:17:18.754000,RUS,63,0 days 00:01:36.198000,1.0,1.0,0 days 00:15:43.440000,,0 days 00:00:33.371000,0 days 00:00:40.922000,0 days 00:00:21.905000,0 days 00:16:16.388000,0 days 00:16:57.036000,0 days 00:17:18.909000,156.0,177.0,256.0,243.0,False,HARD,1.0,True,Mercedes,0 days 00:15:43.440000,2026-06-05 11:31:43.566,1,,,,False,False,FP1
0 days 00:18:43.453000,RUS,63,0 days 00:01:24.699000,2.0,1.0,,,0 days 00:00:21.908000,0 days 00:00:38.554000,0 days 00:00:24.237000,0 days 00:17:40.662000,0 days 00:18:19.216000,0 days 00:18:43.453000,184.0,178.0,254.0,269.0,True,HARD,2.0,True,Mercedes,0 days 00:17:18.754000,2026-06-05 11:33:18.880,1,,,,False,True,FP1
0 days 00:20:02.438000,RUS,63,0 days 00:01:18.985000,3.0,1.0,,,0 days 00:00:21.132000,0 days 00:00:37.132000,0 days 00:00:20.721000,0 days 00:19:04.585000,0 days 00:19:41.717000,0 days 00:20:02.438000,182.0,188.0,262.0,279.0,True,HARD,3.0,True,Mercedes,0 days 00:18:43.453000,2026-06-05 11:34:43.579,1,,,,False,True,FP1
0 days 00:21:42.871000,RUS,63,0 days 00:01:40.433000,4.0,1.0,,,0 days 00:00:25.847000,0 days 00:00:47.024000,0 days 00:00:27.562000,0 days 00:20:28.285000,0 days 00:21:15.309000,0 days 00:21:42.871000,90.0,163.0,242.0,230.0,False,HARD,4.0,True,Mercedes,0 days 00:20:02.438000,2026-06-05 11:36:02.564,1,,,,False,True,FP1
0 days 00:23:06.933000,RUS,63,0 days 00:01:24.062000,5.0,1.0,,,0 days 00:00:21.379000,0 days 00:00:39.584000,0 days 00:00:23.099000,0 days 00:22:04.250000,0 days 00:22:43.834000,0 days 00:23:06.933000,194.0,151.0,260.0,248.0,False,HARD,5.0,True,Mercedes,0 days 00:21:42.871000,2026-06-05 11:37:42.997,1,,,,False,True,FP1
0 days 00:24:24.417000,RUS,63,0 days 00:01:17.484000,6.0,1.0,,,0 days 00:00:20.269000,0 days 00:00:36.722000,0 days 00:00:20.493000,0 days 00:23:27.202000,0 days 00:24:03.924000,0 days 00:24:24.417000,195.0,186.0,261.0,280.0,True,HARD,6.0,True,Mercedes,0 days 00:23:06.933000,2026-06-05 11:39:07.059,1,,,,False,True,FP1
0 days 00:26:02.340000,RUS,63,0 days 00:01:37.923000,7.0,1.0,,,0 days 00:00:27.458000,0 days 00:00:46.008000,0 days 00:00:24.457000,0 days 00:24:51.875000,0 days 00:25:37.883000,0 days 00:26:02.340000,151.0,133.0,259.0,172.0,False,HARD,7.0,True,Mercedes,0 days 00:24:24.417000,2026-06-05 11:40:24.543,1,,,,False,True,FP1
0 days 00:27:27.512000,RUS,63,0 days 00:01:25.172000,8.0,1.0,,,0 days 00:00:20.689000,0 days 00:00:39.514000,0 days 00:00:24.969000,0 days 00:26:23.029000,0 days 00:27:02.543000,0 days 00:27:27.512000,202.0,140.0,259.0,265.0,False,HARD,8.0,True,Mercedes,0 days 00:26:02.340000,2026-06-05 11:42:02.466,1,,,,False,True,FP1
0 days 00:37:33.949000,RUS,63,,9.0,1.0,,0 days 00:28:41.811000,0 days 00:00:20.490000,0 days 00:00:38.088000,,0 days 00:27:48.271000,0 days 00:28:26.475000,,197.0,167.0,,279.0,False,HARD,9.0,True,Mercedes,0 days 00:27:27.512000,2026-06-05 11:43:27.638,1,,,,False,False,FP1
0 days 00:39:03.731000,RUS,63,0 days 00:01:29.782000,10.0,2.0,0 days 00:37:34.565000,,0 days 00:00:25.900000,0 days 00:00:39.259000,0 days 00:00:24.623000,0 days 00:37:59.849000,0 days 00:38:39.108000,0 days 00:39:03.731000,176.0,180.0,220.0,233.0,False,MEDIUM,1.0,True,Mercedes,0 days 00:37:33.949000,2026-06-05 11:53:34.075,1,,,,False,False,FP1
0 days 00:40:27.458000,RUS,63,0 days 00:01:23.727000,11.0,2.0,,,0 days 00:00:23.269000,0 days 00:00:39.233000,0 days 00:00:21.225000,0 days 00:39:27,0 days 00:40:06.233000,0 days 00:40:27.458000,178.0,175.0,261.0,237.0,False,MEDIUM,2.0,True,Mercedes,0 days 00:39:03.731000,2026-06-05 11:55:03.857,12,,,,False,True,FP1
0 days 00:41:44.172000,RUS,63,0 days 00:01:16.714000,12.0,2.0,,,0 days 00:00:20.087000,0 days 00:00:36.084000,0 days 00:00:20.543000,0 days 00:40:47.545000,0 days 00:41:23.629000,0 days 00:41:44.172000,205.0,194.0,261.0,276.0,True,MEDIUM,3.0,True,Mercedes,0 days 00:40:27.458000,2026-06-05 11:56:27.584,1,,,,False,True,FP1
0 days 00:43:22.022000,RUS,63,0 days 00:01:37.850000,13.0,2.0,,,0 days 00:00:25.179000,0 days 00:00:51.146000,0 days 00:00:21.525000,0 days 00:42:09.351000,0 days 00:43:00.497000,0 days 00:43:22.022000,142.0,167.0,261.0,203.0,False,MEDIUM,4.0,True,Mercedes,0 days 00:41:44.172000,2026-06-05 11:57:44.298,1,,,,False,True,FP1
0 days 00:44:57.518000,RUS,63,0 days 00:01:35.496000,14.0,2.0,,,0 days 00:00:22.099000,0 days 00:00:52.185000,0 days 00:00:21.212000,0 days 00:43:44.121000,0 days 00:44:36.306000,0 days 00:44:57.518000,72.0,147.0,260.0,200.0,False,MEDIUM,5.0,True,Mercedes,0 days 00:43:22.022000,2026-06-05 11:59:22.148,167,,,,False,False,FP1
0 days 00:46:13.137000,RUS,63,0 days 00:01:15.619000,15.0,2.0,,,0 days 00:00:19.709000,0 days 00:00:35.848000,0 days 00:00:20.062000,0 days 00:45:17.227000,0 days 00:45:53.075000,0 days 00:46:13.137000,202.0,198.0,260.0,277.0,True,MEDIUM,6.0,True,Mercedes,0 days 00:44:57.518000,2026-06-05 12:00:57.644,1,,,,False,True,FP1
0 days 00:47:51.666000,RUS,63,0 days 00:01:38.529000,16.0,2.0,,,0 days 00:00:28.700000,0 days 00:00:48.699000,0 days 00:00:21.130000,0 days 00:46:41.837000,0 days 00:47:30.536000,0 days 00:47:51.666000,130.0,161.0,260.0,207.0,False,MEDIUM,7.0,True,Mercedes,0 days 00:46:13.137000,2026-06-05 12:02:13.263,1,,,,False,True,FP1
0 days 00:49:06.674000,RUS,63,0 days 00:01:15.008000,17.0,2.0,,,0 days 00:00:19.624000,0 days 00:00:35.473000,0 days 00:00:19.911000,0 days 00:48:11.290000,0 days 00:48:46.763000,0 days 00:49:06.674000,210.0,198.0,260.0,278.0,True,MEDIUM,8.0,True,Mercedes,0 days 00:47:51.666000,2026-06-05 12:03:51.792,1,,,,False,True,FP1
0 days 00:58:31.038000,RUS,63,,18.0,2.0,,0 days 00:50:49.462000,,,,,,,,,,,False,MEDIUM,9.0,True,Mercedes,0 days 00:49:06.674000,2026-06-05 12:05:06.800,125,,,,False,False,FP1
0 days 01:00:12.124000,RUS,63,0 days 00:01:41.086000,19.0,3.0,0 days 00:58:32.069000,,0 days 00:00:32.065000,0 days 00:00:42.840000,0 days 00:00:26.181000,0 days 00:59:03.103000,0 days 00:59:45.943000,0 days 01:00:12.124000,75.0,173.0,219.0,233.0,False,MEDIUM,10.0,False,Mercedes,0 days 00:58:32.069000,2026-06-05 12:14:32.195,1,,,,False,False,FP1
0 days 01:01:44.777000,RUS,63,0 days 00:01:32.653000,20.0,3.0,,,0 days 00:00:24.143000,0 days 00:00:46.117000,0 days 00:00:22.393000,0 days 01:00:36.267000,0 days 01:01:22.384000,0 days 01:01:44.777000,79.0,181.0,258.0,236.0,False,MEDIUM,11.0,False,Mercedes,0 days 01:00:12.124000,2026-06-05 12:16:12.250,1,,,,False,True,FP1
0 days 01:03:12.980000,RUS,63,0 days 00:01:28.203000,21.0,3.0,,,0 days 00:00:19.794000,0 days 00:00:42.104000,0 days 00:00:26.305000,0 days 01:02:04.571000,0 days 01:02:46.675000,0 days 01:03:12.980000,196.0,164.0,249.0,256.0,False,MEDIUM,12.0,False,Mercedes,0 days 01:01:44.777000,2026-06-05 12:17:44.903,1,,,,False,True,FP1
0 days 01:04:38.154000,RUS,63,0 days 00:01:25.174000,22.0,3.0,,,0 days 00:00:19.787000,0 days 00:00:42.959000,0 days 00:00:22.428000,0 days 01:03:32.767000,0 days 01:04:15.726000,0 days 01:04:38.154000,211.0,137.0,262.0,279.0,False,MEDIUM,13.0,False,Mercedes,0 days 01:03:12.980000,2026-06-05 12:19:13.106,1,,,,False,True,FP1
0 days 01:05:53.137000,RUS,63,0 days 00:01:14.983000,23.0,3.0,,,0 days 00:00:19.510000,0 days 00:00:35.546000,0 days 00:00:19.927000,0 days 01:04:57.664000,0 days 01:05:33.210000,0 days 01:05:53.137000,212.0,196.0,262.0,279.0,True,MEDIUM,14.0,False,Mercedes,0 days 01:04:38.154000,2026-06-05 12:20:38.280,1,,,,False,True,FP1
0 days 01:07:44.252000,RUS,63,0 days 00:01:51.115000,24.0,3.0,,,0 days 00:00:28.123000,0 days 00:00:57.753000,0 days 00:00:25.239000,0 days 01:06:21.260000,0 days 01:07:19.013000,0 days 01:07:44.252000,128.0,74.0,241.0,165.0,False,MEDIUM,15.0,False,Mercedes,0 days 01:05:53.137000,2026-06-05 12:21:53.263,12,,,,False,True,FP1
0 days 01:09:18.608000,RUS,63,0 days 00:01:34.356000,25.0,3.0,,,0 days 00:00:24.568000,0 days 00:00:48.485000,0 days 00:00:21.303000,0 days 01:08:08.820000,0 days 01:08:57.305000,0 days 01:09:18.608000,81.0,170.0,263.0,238.0,False,MEDIUM,16.0,False,Mercedes,0 days 01:07:44.252000,2026-06-05 12:23:44.378,1,,,,False,True,FP1
0 days 01:13:18.716000,RUS,63,,26.0,3.0,,0 days 01:10:42.815000,0 days 00:00:19.466000,0 days 00:00:45.989000,,0 days 01:09:38.264000,0 days 01:10:24.215000,,209.0,96.0,,279.0,False,MEDIUM,17.0,False,Mercedes,0 days 01:09:18.608000,2026-06-05 12:25:18.734,125,,,,False,False,FP1
0 days 01:14:51.217000,RUS,63,0 days 00:01:32.501000,27.0,4.0,0 days 01:13:19.375000,,0 days 00:00:26.639000,0 days 00:00:41.576000,0 days 00:00:24.286000,0 days 01:13:45.355000,0 days 01:14:26.931000,0 days 01:14:51.217000,167.0,160.0,221.0,233.0,False,MEDIUM,17.0,False,Mercedes,0 days 01:13:18.716000,2026-06-05 12:29:18.842,1,,,,False,False,FP1
0 days 01:16:59.814000,RUS,63,0 days 00:02:08.597000,28.0,4.0,,,0 days 00:00:24.005000,0 days 00:00:40.658000,0 days 00:01:03.934000,0 days 01:15:15.222000,0 days 01:15:55.880000,0 days 01:16:59.814000,165.0,157.0,4.0,238.0,False,MEDIUM,18.0,False,Mercedes,0 days 01:14:51.217000,2026-06-05 12:30:51.343,1,,,,False,True,FP1
0 days 01:18:20.674000,RUS,63,,29.0,4.0,,0 days 01:18:20.674000,0 days 00:00:24.656000,0 days 00:00:39.943000,,0 days 01:17:24.701000,0 days 01:18:04.624000,,171.0,166.0,,237.0,False,MEDIUM,19.0,False,Mercedes,0 days 01:16:59.814000,2026-06-05 12:32:59.940,12,,,,False,False,FP1
0 days 00:16:09.874000,BOT,77,0 days 00:01:41.371000,1.0,1.0,0 days 00:14:29.579000,,0 days 00:00:30.140000,0 days 00:00:43.402000,0 days 00:00:27.829000,0 days 00:14:58.902000,0 days 00:15:42.411000,0 days 00:16:10.078000,152.0,162.0,243.0,228.0,False,MEDIUM,1.0,True,Cadillac,0 days 00:14:29.579000,2026-06-05 11:30:29.705,12,,,,False,False,FP1
0 days 00:17:41.014000,BOT,77,0 days 00:01:31.140000,2.0,1.0,,,0 days 00:00:22.242000,0 days 00:00:40.970000,0 days 00:00:27.928000,0 days 00:16:32.116000,0 days 00:17:13.086000,0 days 00:17:41.014000,176.0,169.0,239.0,245.0,True,MEDIUM,2.0,True,Cadillac,0 days 00:16:09.874000,2026-06-05 11:32:10.000,1,,,,False,True,FP1
0 days 00:19:02.239000,BOT,77,0 days 00:01:21.225000,3.0,1.0,,,0 days 00:00:21.937000,0 days 00:00:37.915000,0 days 00:00:21.373000,0 days 00:18:02.951000,0 days 00:18:40.866000,0 days 00:19:02.239000,187.0,182.0,260.0,272.0,True,MEDIUM,3.0,True,Cadillac,0 days 00:17:41.014000,2026-06-05 11:33:41.140,1,,,,False,True,FP1
0 days 00:20:21.469000,BOT,77,0 days 00:01:19.230000,4.0,1.0,,,0 days 00:00:21.085000,0 days 00:00:37.094000,0 days 00:00:21.051000,0 days 00:19:23.324000,0 days 00:20:00.418000,0 days 00:20:21.469000,194.0,182.0,261.0,274.0,True,MEDIUM,4.0,True,Cadillac,0 days 00:19:02.239000,2026-06-05 11:35:02.365,1,,,,False,True,FP1
0 days 00:21:55.913000,BOT,77,0 days 00:01:34.444000,5.0,1.0,,,0 days 00:00:22.733000,0 days 00:00:42.810000,0 days 00:00:28.901000,0 days 00:20:44.202000,0 days 00:21:27.012000,0 days 00:21:55.913000,169.0,157.0,246.0,251.0,False,MEDIUM,5.0,True,Cadillac,0 days 00:20:21.469000,2026-06-05 11:36:21.595,1,,,,False,True,FP1
0 days 00:23:14.742000,BOT,77,0 days 00:01:18.829000,6.0,1.0,,,0 days 00:00:21.153000,0 days 00:00:36.861000,0 days 00:00:20.815000,0 days 00:22:17.066000,0 days 00:22:53.927000,0 days 00:23:14.742000,195.0,187.0,262.0,274.0,True,MEDIUM,6.0,True,Cadillac,0 days 00:21:55.913000,2026-06-05 11:37:56.039,1,,,,False,True,FP1
0 days 00:24:58.290000,BOT,77,0 days 00:01:43.548000,7.0,1.0,,,0 days 00:00:23.130000,0 days 00:00:48.093000,0 days 00:00:32.325000,0 days 00:23:37.872000,0 days 00:24:25.965000,0 days 00:24:58.290000,101.0,158.0,220.0,223.0,False,MEDIUM,7.0,True,Cadillac,0 days 00:23:14.742000,2026-06-05 11:39:14.868,1,,,,False,True,FP1
0 days 00:26:52.937000,BOT,77,0 days 00:01:54.647000,8.0,1.0,,,0 days 00:00:28.354000,0 days 00:00:51.255000,0 days 00:00:35.038000,0 days 00:25:26.644000,0 days 00:26:17.899000,0 days 00:26:52.937000,156.0,166.0,219.0,191.0,False,MEDIUM,8.0,True,Cadillac,0 days 00:24:58.290000,2026-06-05 11:40:58.416,1,,,,False,True,FP1
0 days 00:28:19.839000,BOT,77,0 days 00:01:26.902000,9.0,1.0,,,0 days 00:00:21.456000,0 days 00:00:42.236000,0 days 00:00:23.210000,0 days 00:27:14.393000,0 days 00:27:56.629000,0 days 00:28:19.839000,192.0,158.0,257.0,252.0,False,MEDIUM,9.0,True,Cadillac,0 days 00:26:52.937000,2026-06-05 11:42:53.063,1,,,,False,True,FP1
0 days 00:29:38.013000,BOT,77,0 days 00:01:18.174000,10.0,1.0,,,0 days 00:00:20.731000,0 days 00:00:36.737000,0 days 00:00:20.706000,0 days 00:28:40.570000,0 days 00:29:17.307000,0 days 00:29:38.013000,195.0,184.0,261.0,279.0,True,MEDIUM,10.0,True,Cadillac,0 days 00:28:19.839000,2026-06-05 11:44:19.965,1,,,,False,True,FP1
0 days 00:31:22.845000,BOT,77,0 days 00:01:44.832000,11.0,1.0,,,0 days 00:00:27.964000,0 days 00:00:49.292000,0 days 00:00:27.576000,0 days 00:30:05.977000,0 days 00:30:55.269000,0 days 00:31:22.845000,77.0,147.0,224.0,194.0,False,MEDIUM,11.0,True,Cadillac,0 days 00:29:38.013000,2026-06-05 11:45:38.139,1,,,,False,True,FP1
0 days 00:32:59.005000,BOT,77,0 days 00:01:36.160000,12.0,1.0,,,0 days 00:00:26.268000,0 days 00:00:46.395000,0 days 00:00:23.497000,0 days 00:31:49.113000,0 days 00:32:35.508000,0 days 00:32:59.005000,171.0,164.0,261.0,254.0,False,MEDIUM,12.0,True,Cadillac,0 days 00:31:22.845000,2026-06-05 11:47:22.971,1,,,,False,True,FP1
0 days 00:34:16.948000,BOT,77,0 days 00:01:17.943000,13.0,1.0,,,0 days 00:00:20.666000,0 days 00:00:36.669000,0 days 00:00:20.608000,0 days 00:33:19.671000,0 days 00:33:56.340000,0 days 00:34:16.948000,196.0,188.0,261.0,276.0,True,MEDIUM,13.0,True,Cadillac,0 days 00:32:59.005000,2026-06-05 11:48:59.131,1,,,,False,True,FP1
0 days 00:35:52.740000,BOT,77,0 days 00:01:35.792000,14.0,1.0,,,0 days 00:00:23.782000,0 days 00:00:46.021000,0 days 00:00:25.989000,0 days 00:34:40.730000,0 days 00:35:26.751000,0 days 00:35:52.740000,147.0,165.0,246.0,206.0,False,MEDIUM,14.0,True,Cadillac,0 days 00:34:16.948000,2026-06-05 11:50:17.074,1,,,,False,True,FP1
0 days 00:57:08.793000,BOT,77,,15.0,1.0,,0 days 00:37:28.178000,0 days 00:00:25.963000,0 days 00:00:46.926000,,0 days 00:36:19.013000,0 days 00:37:05.858000,,103.0,89.0,,240.0,False,MEDIUM,15.0,True,Cadillac,0 days 00:35:52.740000,2026-06-05 11:51:52.866,12675,,,,False,False,FP1
0 days 00:58:42.778000,BOT,77,0 days 00:01:33.985000,16.0,2.0,0 days 00:57:09.743000,,0 days 00:00:27.399000,0 days 00:00:39.432000,0 days 00:00:27.154000,0 days 00:57:36.192000,0 days 00:58:15.624000,0 days 00:58:42.778000,169.0,174.0,249.0,260.0,False,SOFT,1.0,True,Cadillac,0 days 00:57:09.743000,2026-06-05 12:13:09.869,1,,,,False,False,FP1
0 days 01:00:04.928000,BOT,77,0 days 00:01:22.150000,17.0,2.0,,,0 days 00:00:21.050000,0 days 00:00:36.958000,0 days 00:00:24.142000,0 days 00:59:03.828000,0 days 00:59:40.786000,0 days 01:00:04.928000,194.0,173.0,256.0,273.0,False,SOFT,2.0,True,Cadillac,0 days 00:58:42.778000,2026-06-05 12:14:42.904,1,,,,False,True,FP1
0 days 01:01:22.501000,BOT,77,0 days 00:01:17.573000,18.0,2.0,,,0 days 00:00:20.626000,0 days 00:00:36.373000,0 days 00:00:20.574000,0 days 01:00:25.554000,0 days 01:01:01.927000,0 days 01:01:22.501000,194.0,189.0,263.0,270.0,True,SOFT,3.0,True,Cadillac,0 days 01:00:04.928000,2026-06-05 12:16:05.054,1,,,,False,True,FP1
0 days 01:03:04.016000,BOT,77,0 days 00:01:41.515000,19.0,2.0,,,0 days 00:00:23.442000,0 days 00:00:49.012000,0 days 00:00:29.061000,0 days 01:01:45.943000,0 days 01:02:34.955000,0 days 01:03:04.016000,143.0,161.0,234.0,206.0,False,SOFT,4.0,True,Cadillac,0 days 01:01:22.501000,2026-06-05 12:17:22.627,1,,,,False,True,FP1
0 days 01:04:43.099000,BOT,77,0 days 00:01:39.083000,20.0,2.0,,,0 days 00:00:24.698000,0 days 00:00:47.737000,0 days 00:00:26.648000,0 days 01:03:28.714000,0 days 01:04:16.451000,0 days 01:04:43.099000,117.0,147.0,254.0,233.0,False,SOFT,5.0,True,Cadillac,0 days 01:03:04.016000,2026-06-05 12:19:04.142,1,,,,False,True,FP1
0 days 01:06:00.559000,BOT,77,0 days 00:01:17.460000,21.0,2.0,,,0 days 00:00:20.666000,0 days 00:00:36.346000,0 days 00:00:20.448000,0 days 01:05:03.765000,0 days 01:05:40.111000,0 days 01:06:00.559000,196.0,184.0,263.0,273.0,True,SOFT,6.0,True,Cadillac,0 days 01:04:43.099000,2026-06-05 12:20:43.225,1,,,,False,True,FP1
0 days 01:07:45.733000,BOT,77,0 days 00:01:45.174000,22.0,2.0,,,0 days 00:00:22.606000,0 days 00:00:57.306000,0 days 00:00:25.262000,0 days 01:06:23.165000,0 days 01:07:20.471000,0 days 01:07:45.733000,142.0,143.0,247.0,243.0,False,SOFT,7.0,True,Cadillac,0 days 01:06:00.559000,2026-06-05 12:22:00.685,12,,,,False,True,FP1
0 days 01:09:38.376000,BOT,77,0 days 00:01:52.643000,23.0,2.0,,,0 days 00:00:24.233000,0 days 00:00:52.596000,0 days 00:00:35.814000,0 days 01:08:09.966000,0 days 01:09:02.562000,0 days 01:09:38.376000,85.0,168.0,239.0,207.0,False,SOFT,8.0,True,Cadillac,0 days 01:07:45.733000,2026-06-05 12:23:45.859,1,,,,False,True,FP1
0 days 01:13:08.023000,BOT,77,,24.0,2.0,,0 days 01:11:12.616000,0 days 00:00:21.204000,,,0 days 01:09:59.830000,,,145.0,,,196.0,False,SOFT,9.0,True,Cadillac,0 days 01:09:38.376000,2026-06-05 12:25:38.502,125,,,,False,False,FP1
0 days 01:14:35.676000,BOT,77,0 days 00:01:27.653000,25.0,3.0,0 days 01:13:08.592000,,0 days 00:00:25.860000,0 days 00:00:39.309000,0 days 00:00:22.484000,0 days 01:13:33.883000,0 days 01:14:13.192000,0 days 01:14:35.676000,182.0,172.0,263.0,257.0,False,SOFT,9.0,False,Cadillac,0 days 01:13:08.023000,2026-06-05 12:29:08.149,1,,,,False,False,FP1
0 days 01:16:45.793000,BOT,77,0 days 00:02:10.117000,26.0,3.0,,,0 days 00:00:21.126000,0 days 00:00:43.094000,0 days 00:01:05.897000,0 days 01:14:56.802000,0 days 01:15:39.896000,0 days 01:16:45.793000,189.0,131.0,4.0,170.0,False,SOFT,10.0,False,Cadillac,0 days 01:14:35.676000,2026-06-05 12:30:35.802,1,,,,False,True,FP1
0 days 01:18:16.443000,BOT,77,,27.0,3.0,,0 days 01:18:16.443000,0 days 00:00:24.619000,0 days 00:00:47.551000,,0 days 01:17:10.438000,0 days 01:17:58.020000,,184.0,149.0,,160.0,False,SOFT,11.0,False,Cadillac,0 days 01:16:45.793000,2026-06-05 12:32:45.919,12,,,,False,False,FP1
0 days 00:17:11.390000,PIA,81,0 days 00:01:46.498000,1.0,1.0,0 days 00:15:26.008000,,0 days 00:00:33.434000,0 days 00:00:41.317000,0 days 00:00:31.747000,0 days 00:15:58.681000,0 days 00:16:39.849000,0 days 00:17:11.579000,144.0,168.0,241.0,235.0,False,HARD,1.0,True,McLaren,0 days 00:15:26.008000,2026-06-05 11:31:26.134,21,,,,False,False,FP1
0 days 00:18:32.385000,PIA,81,0 days 00:01:20.995000,2.0,1.0,,,0 days 00:00:22.517000,0 days 00:00:37.562000,0 days 00:00:20.916000,0 days 00:17:33.907000,0 days 00:18:11.469000,0 days 00:18:32.385000,183.0,189.0,261.0,279.0,True,HARD,2.0,True,McLaren,0 days 00:17:11.390000,2026-06-05 11:33:11.516,1,,,,False,True,FP1
0 days 00:19:50.794000,PIA,81,0 days 00:01:18.409000,3.0,1.0,,,0 days 00:00:20.758000,0 days 00:00:36.840000,0 days 00:00:20.811000,0 days 00:18:53.143000,0 days 00:19:29.983000,0 days 00:19:50.794000,183.0,177.0,260.0,277.0,True,HARD,3.0,True,McLaren,0 days 00:18:32.385000,2026-06-05 11:34:32.511,1,,,,False,True,FP1
0 days 00:21:07.725000,PIA,81,0 days 00:01:16.931000,4.0,1.0,,,0 days 00:00:20.359000,0 days 00:00:36.036000,0 days 00:00:20.536000,0 days 00:20:11.153000,0 days 00:20:47.189000,0 days 00:21:07.725000,187.0,189.0,262.0,279.0,True,HARD,4.0,True,McLaren,0 days 00:19:50.794000,2026-06-05 11:35:50.920,1,,,,False,True,FP1
0 days 00:23:16.226000,PIA,81,0 days 00:02:08.501000,5.0,1.0,,0 days 00:22:27.282000,0 days 00:00:20.902000,0 days 00:00:42.586000,0 days 00:01:05.013000,0 days 00:21:28.627000,0 days 00:22:11.213000,0 days 00:23:16.226000,179.0,158.0,,238.0,False,HARD,5.0,True,McLaren,0 days 00:21:07.725000,2026-06-05 11:37:07.851,1,,,,False,False,FP1
0 days 00:25:02.230000,PIA,81,0 days 00:01:46.004000,6.0,2.0,0 days 00:23:17.020000,,0 days 00:00:32.017000,0 days 00:00:44.060000,0 days 00:00:29.927000,0 days 00:23:48.243000,0 days 00:24:32.303000,0 days 00:25:02.230000,160.0,161.0,247.0,245.0,False,HARD,6.0,False,McLaren,0 days 00:23:16.226000,2026-06-05 11:39:16.352,1,,,,False,False,FP1
0 days 00:26:19.590000,PIA,81,0 days 00:01:17.360000,7.0,2.0,,,0 days 00:00:20.722000,0 days 00:00:36.177000,0 days 00:00:20.461000,0 days 00:25:22.952000,0 days 00:25:59.129000,0 days 00:26:19.590000,190.0,194.0,262.0,279.0,False,HARD,7.0,False,McLaren,0 days 00:25:02.230000,2026-06-05 11:41:02.356,1,,,,False,True,FP1
0 days 00:27:53.764000,PIA,81,0 days 00:01:34.174000,8.0,2.0,,,0 days 00:00:23.769000,0 days 00:00:43.565000,0 days 00:00:26.840000,0 days 00:26:43.359000,0 days 00:27:26.924000,0 days 00:27:53.764000,136.0,159.0,258.0,239.0,False,HARD,8.0,False,McLaren,0 days 00:26:19.590000,2026-06-05 11:42:19.716,1,,,,False,True,FP1
0 days 00:29:10.760000,PIA,81,0 days 00:01:16.996000,9.0,2.0,,,0 days 00:00:20.650000,0 days 00:00:35.868000,0 days 00:00:20.478000,0 days 00:28:14.414000,0 days 00:28:50.282000,0 days 00:29:10.760000,192.0,192.0,261.0,280.0,False,HARD,9.0,False,McLaren,0 days 00:27:53.764000,2026-06-05 11:43:53.890,1,,,,False,True,FP1
0 days 00:30:27.424000,PIA,81,0 days 00:01:16.664000,10.0,2.0,,,0 days 00:00:20.159000,0 days 00:00:35.986000,0 days 00:00:20.519000,0 days 00:29:30.919000,0 days 00:30:06.905000,0 days 00:30:27.424000,200.0,193.0,261.0,280.0,True,HARD,10.0,False,McLaren,0 days 00:29:10.760000,2026-06-05 11:45:10.886,1,,,,False,True,FP1
0 days 00:32:02.646000,PIA,81,0 days 00:01:35.222000,11.0,2.0,,,0 days 00:00:25.222000,0 days 00:00:46.161000,0 days 00:00:23.839000,0 days 00:30:52.646000,0 days 00:31:38.807000,0 days 00:32:02.646000,88.0,138.0,261.0,202.0,False,HARD,11.0,False,McLaren,0 days 00:30:27.424000,2026-06-05 11:46:27.550,1,,,,False,True,FP1
0 days 00:33:19.103000,PIA,81,0 days 00:01:16.457000,12.0,2.0,,,0 days 00:00:20.220000,0 days 00:00:35.940000,0 days 00:00:20.297000,0 days 00:32:22.866000,0 days 00:32:58.806000,0 days 00:33:19.103000,189.0,194.0,262.0,279.0,True,HARD,12.0,False,McLaren,0 days 00:32:02.646000,2026-06-05 11:48:02.772,1,,,,False,True,FP1
0 days 00:35:21.161000,PIA,81,0 days 00:02:02.058000,13.0,2.0,,0 days 00:34:41.057000,0 days 00:00:21.748000,0 days 00:00:43.994000,0 days 00:00:56.316000,0 days 00:33:40.851000,0 days 00:34:24.845000,0 days 00:35:21.161000,165.0,161.0,,239.0,False,HARD,13.0,False,McLaren,0 days 00:33:19.103000,2026-06-05 11:49:19.229,1,,,,False,False,FP1
0 days 00:44:20.703000,PIA,81,,14.0,3.0,0 days 00:35:21.970000,0 days 00:36:53.454000,0 days 00:00:27.574000,0 days 00:00:47.894000,,0 days 00:35:49.088000,0 days 00:36:36.898000,,157.0,154.0,,238.0,False,HARD,14.0,False,McLaren,0 days 00:35:21.161000,2026-06-05 11:51:21.287,1267,,,,False,False,FP1
0 days 00:45:52.202000,PIA,81,0 days 00:01:31.499000,15.0,4.0,0 days 00:44:21.449000,,0 days 00:00:28.776000,0 days 00:00:40.808000,0 days 00:00:21.915000,0 days 00:44:49.479000,0 days 00:45:30.287000,0 days 00:45:52.202000,143.0,170.0,258.0,249.0,False,MEDIUM,1.0,True,McLaren,0 days 00:44:20.703000,2026-06-05 12:00:20.829,1,,,,False,False,FP1
0 days 00:47:18.972000,PIA,81,0 days 00:01:26.770000,16.0,4.0,,,0 days 00:00:21.321000,0 days 00:00:38.259000,0 days 00:00:27.190000,0 days 00:46:13.523000,0 days 00:46:51.782000,0 days 00:47:18.972000,175.0,156.0,258.0,274.0,False,MEDIUM,2.0,True,McLaren,0 days 00:45:52.202000,2026-06-05 12:01:52.328,1,,,,False,True,FP1
0 days 00:48:34.864000,PIA,81,0 days 00:01:15.892000,17.0,4.0,,,0 days 00:00:20.276000,0 days 00:00:35.542000,0 days 00:00:20.074000,0 days 00:47:39.248000,0 days 00:48:14.790000,0 days 00:48:34.864000,193.0,196.0,262.0,278.0,True,MEDIUM,3.0,True,McLaren,0 days 00:47:18.972000,2026-06-05 12:03:19.098,1,,,,False,True,FP1
0 days 00:58:46.889000,PIA,81,,18.0,4.0,,0 days 00:50:19.989000,0 days 00:00:24.678000,,,0 days 00:48:59.723000,,,147.0,,,,False,MEDIUM,4.0,True,McLaren,0 days 00:48:34.864000,2026-06-05 12:04:34.990,125,,,,False,False,FP1
0 days 01:00:26.832000,PIA,81,0 days 00:01:39.943000,19.0,5.0,0 days 00:58:48.273000,,0 days 00:00:31.891000,0 days 00:00:43.008000,0 days 00:00:25.044000,0 days 00:59:18.780000,0 days 01:00:01.788000,0 days 01:00:26.832000,155.0,161.0,252.0,259.0,False,MEDIUM,5.0,False,McLaren,0 days 00:58:48.273000,2026-06-05 12:14:48.399,1,,,,False,False,FP1
0 days 01:02:07.084000,PIA,81,0 days 00:01:40.252000,20.0,5.0,,,0 days 00:00:22.153000,0 days 00:00:46.305000,0 days 00:00:31.794000,0 days 01:00:48.985000,0 days 01:01:35.290000,0 days 01:02:07.084000,169.0,161.0,240.0,257.0,False,MEDIUM,6.0,False,McLaren,0 days 01:00:26.832000,2026-06-05 12:16:26.958,1,,,,False,True,FP1
0 days 01:03:38.837000,PIA,81,0 days 00:01:31.753000,21.0,5.0,,,0 days 00:00:20.834000,0 days 00:00:38.294000,0 days 00:00:32.625000,0 days 01:02:27.918000,0 days 01:03:06.212000,0 days 01:03:38.837000,197.0,155.0,240.0,280.0,False,MEDIUM,7.0,False,McLaren,0 days 01:02:07.084000,2026-06-05 12:18:07.210,1,,,,False,True,FP1
0 days 01:04:55.061000,PIA,81,0 days 00:01:16.224000,22.0,5.0,,,0 days 00:00:20.465000,0 days 00:00:35.533000,0 days 00:00:20.226000,0 days 01:03:59.302000,0 days 01:04:34.835000,0 days 01:04:55.061000,201.0,194.0,260.0,279.0,False,MEDIUM,8.0,False,McLaren,0 days 01:03:38.837000,2026-06-05 12:19:38.963,1,,,,False,True,FP1
0 days 01:06:33.531000,PIA,81,0 days 00:01:38.470000,23.0,5.0,,,0 days 00:00:28.216000,0 days 00:00:47.623000,0 days 00:00:22.631000,0 days 01:05:23.277000,0 days 01:06:10.900000,0 days 01:06:33.531000,61.0,149.0,261.0,211.0,False,MEDIUM,9.0,False,McLaren,0 days 01:04:55.061000,2026-06-05 12:20:55.187,1,,,,False,True,FP1
0 days 01:07:54.286000,PIA,81,0 days 00:01:20.755000,24.0,5.0,,,0 days 00:00:19.791000,0 days 00:00:36.347000,0 days 00:00:24.617000,0 days 01:06:53.322000,0 days 01:07:29.669000,0 days 01:07:54.286000,209.0,112.0,260.0,280.0,False,MEDIUM,10.0,False,McLaren,0 days 01:06:33.531000,2026-06-05 12:22:33.657,12,,,,False,True,FP1
0 days 01:09:09.851000,PIA,81,0 days 00:01:15.565000,25.0,5.0,,,0 days 00:00:19.764000,0 days 00:00:35.638000,0 days 00:00:20.163000,0 days 01:08:14.050000,0 days 01:08:49.688000,0 days 01:09:09.851000,203.0,196.0,262.0,280.0,True,MEDIUM,11.0,False,McLaren,0 days 01:07:54.286000,2026-06-05 12:23:54.412,1,,,,False,True,FP1
0 days 01:13:40.828000,PIA,81,,26.0,5.0,,0 days 01:10:51.129000,0 days 00:00:25.457000,0 days 00:00:52.643000,,0 days 01:09:35.643000,0 days 01:10:28.166000,,91.0,108.0,,177.0,False,MEDIUM,12.0,False,McLaren,0 days 01:09:09.851000,2026-06-05 12:25:09.977,125,,,,False,False,FP1
0 days 01:15:29.132000,PIA,81,0 days 00:01:48.304000,27.0,6.0,0 days 01:13:41.843000,,0 days 00:00:39.046000,0 days 00:00:45.173000,0 days 00:00:24.085000,0 days 01:14:19.874000,0 days 01:15:05.047000,0 days 01:15:29.132000,138.0,153.0,209.0,212.0,False,HARD,15.0,False,McLaren,0 days 01:13:41.843000,2026-06-05 12:29:41.969,1,,,,False,False,FP1
0 days 01:17:46.985000,PIA,81,0 days 00:02:17.853000,28.0,6.0,,,0 days 00:00:24.911000,0 days 00:00:40.759000,0 days 00:01:12.183000,0 days 01:15:54.043000,0 days 01:16:34.802000,0 days 01:17:46.985000,168.0,163.0,155.0,239.0,False,HARD,16.0,False,McLaren,0 days 01:15:29.132000,2026-06-05 12:31:29.258,1,,,,False,True,FP1
0 days 01:19:05.044000,PIA,81,,29.0,6.0,,0 days 01:19:05.044000,0 days 00:00:22.260000,0 days 00:00:38.914000,,0 days 01:18:09.442000,0 days 01:18:48.256000,,178.0,153.0,,266.0,False,HARD,17.0,False,McLaren,0 days 01:17:46.985000,2026-06-05 12:33:47.111,12,,,,False,False,FP1
0 days 00:16:28.775000,BEA,87,0 days 00:01:42.318000,1.0,1.0,0 days 00:14:47,,0 days 00:00:32.726000,0 days 00:00:45.075000,0 days 00:00:24.517000,0 days 00:15:19.400000,0 days 00:16:04.551000,0 days 00:16:28.868000,107.0,153.0,251.0,236.0,False,HARD,1.0,True,Haas F1 Team,0 days 00:14:47,2026-06-05 11:30:47.126,12,,,,False,False,FP1
0 days 00:17:58.336000,BEA,87,0 days 00:01:29.561000,2.0,1.0,,,0 days 00:00:22.730000,0 days 00:00:39.377000,0 days 00:00:27.454000,0 days 00:16:51.505000,0 days 00:17:30.882000,0 days 00:17:58.336000,162.0,170.0,243.0,266.0,True,HARD,2.0,True,Haas F1 Team,0 days 00:16:28.775000,2026-06-05 11:32:28.901,1,,,,False,True,FP1
0 days 00:19:19.632000,BEA,87,0 days 00:01:21.296000,3.0,1.0,,,0 days 00:00:21.893000,0 days 00:00:38.060000,0 days 00:00:21.343000,0 days 00:18:20.229000,0 days 00:18:58.289000,0 days 00:19:19.632000,175.0,176.0,255.0,268.0,True,HARD,3.0,True,Haas F1 Team,0 days 00:17:58.336000,2026-06-05 11:33:58.462,1,,,,False,True,FP1
0 days 00:20:43.106000,BEA,87,0 days 00:01:23.474000,4.0,1.0,,,0 days 00:00:21.296000,0 days 00:00:37.145000,0 days 00:00:25.033000,0 days 00:19:40.928000,0 days 00:20:18.073000,0 days 00:20:43.106000,180.0,182.0,253.0,269.0,False,HARD,4.0,True,Haas F1 Team,0 days 00:19:19.632000,2026-06-05 11:35:19.758,1,,,,False,True,FP1
0 days 00:22:01.815000,BEA,87,0 days 00:01:18.709000,5.0,1.0,,,0 days 00:00:20.953000,0 days 00:00:36.905000,0 days 00:00:20.851000,0 days 00:21:04.059000,0 days 00:21:40.964000,0 days 00:22:01.815000,188.0,184.0,256.0,270.0,True,HARD,5.0,True,Haas F1 Team,0 days 00:20:43.106000,2026-06-05 11:36:43.232,1,,,,False,True,FP1
0 days 00:23:32.180000,BEA,87,0 days 00:01:30.365000,6.0,1.0,,,0 days 00:00:20.559000,0 days 00:00:40.891000,0 days 00:00:28.915000,0 days 00:22:22.374000,0 days 00:23:03.265000,0 days 00:23:32.180000,195.0,159.0,234.0,271.0,False,HARD,6.0,True,Haas F1 Team,0 days 00:22:01.815000,2026-06-05 11:38:01.941,1,,,,False,True,FP1
0 days 00:25:22.622000,BEA,87,0 days 00:01:50.442000,7.0,1.0,,,0 days 00:00:29.345000,0 days 00:00:50.450000,0 days 00:00:30.647000,0 days 00:24:01.525000,0 days 00:24:51.975000,0 days 00:25:22.622000,129.0,124.0,254.0,268.0,False,HARD,7.0,True,Haas F1 Team,0 days 00:23:32.180000,2026-06-05 11:39:32.306,1,,,,False,True,FP1
0 days 00:26:49.451000,BEA,87,0 days 00:01:26.829000,8.0,1.0,,,0 days 00:00:20.726000,0 days 00:00:36.757000,0 days 00:00:29.346000,0 days 00:25:43.348000,0 days 00:26:20.105000,0 days 00:26:49.451000,189.0,185.0,251.0,279.0,False,HARD,8.0,True,Haas F1 Team,0 days 00:25:22.622000,2026-06-05 11:41:22.748,1,,,,False,True,FP1
0 days 00:28:13.519000,BEA,87,0 days 00:01:24.068000,9.0,1.0,,,0 days 00:00:20.582000,0 days 00:00:40.539000,0 days 00:00:22.947000,0 days 00:27:10.033000,0 days 00:27:50.572000,0 days 00:28:13.519000,196.0,136.0,261.0,278.0,False,HARD,9.0,True,Haas F1 Team,0 days 00:26:49.451000,2026-06-05 11:42:49.577,1,,,,False,True,FP1
0 days 00:29:31.111000,BEA,87,0 days 00:01:17.592000,10.0,1.0,,,0 days 00:00:20.438000,0 days 00:00:36.448000,0 days 00:00:20.706000,0 days 00:28:33.957000,0 days 00:29:10.405000,0 days 00:29:31.111000,191.0,185.0,261.0,278.0,True,HARD,10.0,True,Haas F1 Team,0 days 00:28:13.519000,2026-06-05 11:44:13.645,1,,,,False,True,FP1
0 days 00:31:09.318000,BEA,87,0 days 00:01:38.207000,11.0,1.0,,,0 days 00:00:29.143000,0 days 00:00:45.803000,0 days 00:00:23.261000,0 days 00:30:00.254000,0 days 00:30:46.057000,0 days 00:31:09.318000,103.0,149.0,260.0,264.0,False,HARD,11.0,True,Haas F1 Team,0 days 00:29:31.111000,2026-06-05 11:45:31.237,1,,,,False,True,FP1
0 days 00:32:26.563000,BEA,87,0 days 00:01:17.245000,12.0,1.0,,,0 days 00:00:20.261000,0 days 00:00:36.386000,0 days 00:00:20.598000,0 days 00:31:29.579000,0 days 00:32:05.965000,0 days 00:32:26.563000,195.0,188.0,261.0,278.0,True,HARD,12.0,True,Haas F1 Team,0 days 00:31:09.318000,2026-06-05 11:47:09.444,1,,,,False,True,FP1
0 days 00:33:52.718000,BEA,87,0 days 00:01:26.155000,13.0,1.0,,,0 days 00:00:20.418000,0 days 00:00:36.083000,0 days 00:00:29.654000,0 days 00:32:46.981000,0 days 00:33:23.064000,0 days 00:33:52.718000,205.0,185.0,260.0,274.0,False,HARD,13.0,True,Haas F1 Team,0 days 00:32:26.563000,2026-06-05 11:48:26.689,1,,,,False,True,FP1
0 days 00:35:31.405000,BEA,87,0 days 00:01:38.687000,14.0,1.0,,,0 days 00:00:24.999000,0 days 00:00:51.146000,0 days 00:00:22.542000,0 days 00:34:17.717000,0 days 00:35:08.863000,0 days 00:35:31.405000,72.0,160.0,260.0,210.0,False,HARD,14.0,True,Haas F1 Team,0 days 00:33:52.718000,2026-06-05 11:49:52.844,1,,,,False,True,FP1
0 days 00:36:58.600000,BEA,87,0 days 00:01:27.195000,15.0,1.0,,,0 days 00:00:20.354000,0 days 00:00:43.165000,0 days 00:00:23.676000,0 days 00:35:51.759000,0 days 00:36:34.924000,0 days 00:36:58.600000,195.0,139.0,260.0,247.0,False,HARD,15.0,True,Haas F1 Team,0 days 00:35:31.405000,2026-06-05 11:51:31.531,1,,,,False,True,FP1
0 days 00:38:25.767000,BEA,87,0 days 00:01:27.167000,16.0,1.0,,,0 days 00:00:22.049000,0 days 00:00:41.844000,0 days 00:00:23.274000,0 days 00:37:20.649000,0 days 00:38:02.493000,0 days 00:38:25.767000,141.0,137.0,260.0,265.0,False,HARD,16.0,True,Haas F1 Team,0 days 00:36:58.600000,2026-06-05 11:52:58.726,1,,,,False,True,FP1
0 days 00:39:42.763000,BEA,87,0 days 00:01:16.996000,17.0,1.0,,,0 days 00:00:20.246000,0 days 00:00:36.199000,0 days 00:00:20.551000,0 days 00:38:46.013000,0 days 00:39:22.212000,0 days 00:39:42.763000,203.0,186.0,260.0,277.0,True,HARD,17.0,True,Haas F1 Team,0 days 00:38:25.767000,2026-06-05 11:54:25.893,12,,,,False,True,FP1
0 days 00:48:10.518000,BEA,87,,18.0,1.0,,0 days 00:41:09.203000,0 days 00:00:28.648000,0 days 00:00:41.712000,,0 days 00:40:11.480000,0 days 00:40:53.291000,,125.0,159.0,,261.0,False,HARD,18.0,True,Haas F1 Team,0 days 00:39:42.763000,2026-06-05 11:55:42.889,167,,,,False,False,FP1
0 days 00:57:57.215000,BEA,87,,19.0,2.0,0 days 00:48:10.518000,0 days 00:49:49.989000,0 days 00:00:27.921000,0 days 00:00:39.305000,,0 days 00:48:37.861000,0 days 00:49:17.141000,,166.0,173.0,,263.0,False,MEDIUM,1.0,True,Haas F1 Team,0 days 00:48:10.518000,2026-06-05 12:04:10.644,125,,,,False,False,FP1
0 days 00:59:33.497000,BEA,87,0 days 00:01:36.282000,20.0,3.0,0 days 00:57:58.355000,,0 days 00:00:33.341000,0 days 00:00:39.954000,0 days 00:00:22.987000,0 days 00:58:30.556000,0 days 00:59:10.510000,0 days 00:59:33.497000,165.0,174.0,260.0,264.0,False,MEDIUM,1.0,True,Haas F1 Team,0 days 00:57:58.355000,2026-06-05 12:13:58.481,1,,,,False,False,FP1
0 days 01:00:55.963000,BEA,87,0 days 00:01:22.466000,21.0,3.0,,,0 days 00:00:21.034000,0 days 00:00:39.694000,0 days 00:00:21.738000,0 days 00:59:54.531000,0 days 01:00:34.225000,0 days 01:00:55.963000,151.0,177.0,261.0,265.0,False,MEDIUM,2.0,True,Haas F1 Team,0 days 00:59:33.497000,2026-06-05 12:15:33.623,1,,,,False,True,FP1
0 days 01:02:12.264000,BEA,87,0 days 00:01:16.301000,22.0,3.0,,,0 days 00:00:20.166000,0 days 00:00:35.814000,0 days 00:00:20.321000,0 days 01:01:16.129000,0 days 01:01:51.943000,0 days 01:02:12.264000,194.0,189.0,261.0,279.0,True,MEDIUM,3.0,True,Haas F1 Team,0 days 01:00:55.963000,2026-06-05 12:16:56.089,1,,,,False,True,FP1
0 days 01:03:50.521000,BEA,87,0 days 00:01:38.257000,23.0,3.0,,,0 days 00:00:29.622000,0 days 00:00:43.964000,0 days 00:00:24.671000,0 days 01:02:41.886000,0 days 01:03:25.850000,0 days 01:03:50.521000,115.0,163.0,260.0,258.0,False,MEDIUM,4.0,True,Haas F1 Team,0 days 01:02:12.264000,2026-06-05 12:18:12.390,1,,,,False,True,FP1
0 days 01:05:06.813000,BEA,87,0 days 00:01:16.292000,24.0,3.0,,,0 days 00:00:20.114000,0 days 00:00:35.878000,0 days 00:00:20.300000,0 days 01:04:10.635000,0 days 01:04:46.513000,0 days 01:05:06.813000,201.0,189.0,261.0,280.0,True,MEDIUM,5.0,True,Haas F1 Team,0 days 01:03:50.521000,2026-06-05 12:19:50.647,1,,,,False,True,FP1
0 days 01:06:51.369000,BEA,87,0 days 00:01:44.556000,25.0,3.0,,,0 days 00:00:20.065000,0 days 00:00:51.920000,0 days 00:00:32.571000,0 days 01:05:26.878000,0 days 01:06:18.798000,0 days 01:06:51.369000,199.0,69.0,166.0,197.0,False,MEDIUM,6.0,True,Haas F1 Team,0 days 01:05:06.813000,2026-06-05 12:21:06.939,1,,,,False,True,FP1
0 days 01:08:36.158000,BEA,87,0 days 00:01:44.789000,26.0,3.0,,,0 days 00:00:33.900000,0 days 00:00:44.312000,0 days 00:00:26.577000,0 days 01:07:25.269000,0 days 01:08:09.581000,0 days 01:08:36.158000,81.0,175.0,242.0,206.0,False,MEDIUM,7.0,True,Haas F1 Team,0 days 01:06:51.369000,2026-06-05 12:22:51.495,12,,,,False,True,FP1
0 days 01:10:04.410000,BEA,87,0 days 00:01:28.252000,27.0,3.0,,,0 days 00:00:21.757000,0 days 00:00:43.397000,0 days 00:00:23.098000,0 days 01:08:57.915000,0 days 01:09:41.312000,0 days 01:10:04.410000,168.0,92.0,261.0,270.0,False,MEDIUM,8.0,True,Haas F1 Team,0 days 01:08:36.158000,2026-06-05 12:24:36.284,12,,,,False,True,FP1
0 days 01:13:56.812000,BEA,87,,28.0,3.0,,0 days 01:11:57.472000,0 days 00:00:20.055000,,,0 days 01:10:24.687000,,,209.0,,,,False,MEDIUM,9.0,True,Haas F1 Team,0 days 01:10:04.410000,2026-06-05 12:26:04.536,215,,,,False,False,FP1
0 days 01:15:33.273000,BEA,87,0 days 00:01:36.461000,29.0,4.0,0 days 01:13:57.544000,,0 days 00:00:28.822000,0 days 00:00:43.390000,0 days 00:00:24.249000,0 days 01:14:25.634000,0 days 01:15:09.024000,0 days 01:15:33.273000,147.0,161.0,253.0,227.0,False,MEDIUM,9.0,False,Haas F1 Team,0 days 01:13:57.544000,2026-06-05 12:29:57.670,1,,,,False,False,FP1
0 days 01:17:52.351000,BEA,87,0 days 00:02:19.078000,30.0,4.0,,,0 days 00:00:25.594000,0 days 00:00:43.945000,0 days 00:01:09.539000,0 days 01:15:58.867000,0 days 01:16:42.812000,0 days 01:17:52.351000,163.0,130.0,185.0,235.0,False,MEDIUM,10.0,False,Haas F1 Team,0 days 01:15:33.273000,2026-06-05 12:31:33.399,12,,,,False,True,FP1
0 days 01:19:10.185000,BEA,87,,31.0,4.0,,0 days 01:19:10.185000,0 days 00:00:23.507000,0 days 00:00:39.505000,,0 days 01:18:16.046000,0 days 01:18:55.447000,,140.0,174.0,,264.0,False,MEDIUM,11.0,False,Haas F1 Team,0 days 01:17:52.351000,2026-06-05 12:33:52.477,21,,,,False,False,FP1
0 days 00:15:24.580000,NOR,1,0 days 00:01:37.765000,1.0,1.0,0 days 00:13:48.272000,,0 days 00:00:34.307000,0 days 00:00:41.369000,0 days 00:00:22.089000,0 days 00:14:21.409000,0 days 00:15:02.751000,0 days 00:15:24.816000,144.0,175.0,260.0,234.0,False,MEDIUM,1.0,True,McLaren,0 days 00:13:48.272000,2026-06-05 15:01:00.279,1,,,,False,False,FP2
0 days 00:16:41.591000,NOR,1,0 days 00:01:17.011000,2.0,1.0,,,0 days 00:00:20.596000,0 days 00:00:36.264000,0 days 00:00:20.151000,0 days 00:15:45.176000,0 days 00:16:21.440000,0 days 00:16:41.591000,189.0,196.0,263.0,276.0,True,MEDIUM,2.0,True,McLaren,0 days 00:15:24.580000,2026-06-05 15:02:36.587,1,,,,False,True,FP2
0 days 00:17:57.150000,NOR,1,0 days 00:01:15.559000,3.0,1.0,,,0 days 00:00:19.955000,0 days 00:00:35.620000,0 days 00:00:19.984000,0 days 00:17:01.546000,0 days 00:17:37.166000,0 days 00:17:57.150000,198.0,198.0,264.0,278.0,True,MEDIUM,3.0,True,McLaren,0 days 00:16:41.591000,2026-06-05 15:03:53.598,1,,,,False,True,FP2
0 days 00:19:43.974000,NOR,1,0 days 00:01:46.824000,4.0,1.0,,,0 days 00:00:25.477000,0 days 00:00:50.073000,0 days 00:00:31.274000,0 days 00:18:22.627000,0 days 00:19:12.700000,0 days 00:19:43.974000,124.0,134.0,251.0,192.0,False,MEDIUM,4.0,True,McLaren,0 days 00:17:57.150000,2026-06-05 15:05:09.157,1,,,,False,True,FP2
0 days 00:20:59.248000,NOR,1,0 days 00:01:15.274000,5.0,1.0,,,0 days 00:00:20.001000,0 days 00:00:35.510000,0 days 00:00:19.763000,0 days 00:20:03.975000,0 days 00:20:39.485000,0 days 00:20:59.248000,203.0,201.0,263.0,276.0,True,MEDIUM,5.0,True,McLaren,0 days 00:19:43.974000,2026-06-05 15:06:55.981,1,,,,False,True,FP2
0 days 00:22:56.113000,NOR,1,0 days 00:01:56.865000,6.0,1.0,,0 days 00:22:18.746000,0 days 00:00:21.397000,0 days 00:00:41.370000,0 days 00:00:54.098000,0 days 00:21:20.645000,0 days 00:22:02.015000,0 days 00:22:56.113000,165.0,158.0,,233.0,False,MEDIUM,6.0,True,McLaren,0 days 00:20:59.248000,2026-06-05 15:08:11.255,1,,,,False,False,FP2
0 days 00:24:47.290000,NOR,1,0 days 00:01:51.177000,7.0,2.0,0 days 00:22:56.915000,,0 days 00:00:29.889000,0 days 00:00:48.470000,0 days 00:00:32.818000,0 days 00:23:26.002000,0 days 00:24:14.472000,0 days 00:24:47.290000,60.0,109.0,256.0,238.0,False,MEDIUM,7.0,False,McLaren,0 days 00:22:56.113000,2026-06-05 15:10:08.120,1,,,,False,False,FP2
0 days 01:09:55.978000,NOR,1,,8.0,2.0,,0 days 01:09:55.978000,0 days 00:00:20.327000,,,0 days 00:25:07.922000,,,195.0,,,278.0,False,MEDIUM,8.0,False,McLaren,0 days 00:24:47.290000,2026-06-05 15:11:59.297,12675,,,,False,False,FP2
0 days 00:14:38.582000,GAS,10,0 days 00:01:38.014000,1.0,1.0,0 days 00:13:01.614000,,0 days 00:00:32.899000,0 days 00:00:41.949000,0 days 00:00:23.166000,0 days 00:13:33.689000,0 days 00:14:15.563000,0 days 00:14:38.582000,137.0,159.0,241.0,257.0,False,MEDIUM,1.0,True,Alpine,0 days 00:13:01.614000,2026-06-05 15:00:13.621,1,,,,False,False,FP2
0 days 00:16:09.453000,GAS,10,0 days 00:01:30.871000,2.0,1.0,,,0 days 00:00:22.378000,0 days 00:00:38.317000,0 days 00:00:30.176000,0 days 00:15:00.960000,0 days 00:15:39.277000,0 days 00:16:09.453000,172.0,166.0,243.0,283.0,True,MEDIUM,2.0,True,Alpine,0 days 00:14:38.582000,2026-06-05 15:01:50.589,1,,,,False,True,FP2
0 days 00:17:27.447000,GAS,10,0 days 00:01:17.994000,3.0,1.0,,,0 days 00:00:20.483000,0 days 00:00:36.201000,0 days 00:00:21.310000,0 days 00:16:29.936000,0 days 00:17:06.137000,0 days 00:17:27.447000,196.0,188.0,265.0,284.0,True,MEDIUM,3.0,True,Alpine,0 days 00:16:09.453000,2026-06-05 15:03:21.460,1,,,,False,True,FP2
0 days 00:18:59.104000,GAS,10,0 days 00:01:31.657000,4.0,1.0,,,0 days 00:00:26.714000,0 days 00:00:43.214000,0 days 00:00:21.729000,0 days 00:17:54.161000,0 days 00:18:37.375000,0 days 00:18:59.104000,123.0,171.0,263.0,252.0,False,MEDIUM,4.0,True,Alpine,0 days 00:17:27.447000,2026-06-05 15:04:39.454,1,,,,False,True,FP2
0 days 00:20:15.275000,GAS,10,0 days 00:01:16.171000,5.0,1.0,,,0 days 00:00:19.819000,0 days 00:00:35.789000,0 days 00:00:20.563000,0 days 00:19:18.923000,0 days 00:19:54.712000,0 days 00:20:15.275000,200.0,189.0,266.0,284.0,True,MEDIUM,5.0,True,Alpine,0 days 00:18:59.104000,2026-06-05 15:06:11.111,1,,,,False,True,FP2
0 days 00:21:53.262000,GAS,10,0 days 00:01:37.987000,6.0,1.0,,,0 days 00:00:26.953000,0 days 00:00:43.054000,0 days 00:00:27.980000,0 days 00:20:42.228000,0 days 00:21:25.282000,0 days 00:21:53.262000,72.0,164.0,240.0,241.0,False,MEDIUM,6.0,True,Alpine,0 days 00:20:15.275000,2026-06-05 15:07:27.282,1,,,,False,True,FP2
0 days 00:23:10.010000,GAS,10,0 days 00:01:16.748000,7.0,1.0,,,0 days 00:00:20.563000,0 days 00:00:35.763000,0 days 00:00:20.422000,0 days 00:22:13.825000,0 days 00:22:49.588000,0 days 00:23:10.010000,199.0,190.0,265.0,283.0,False,MEDIUM,7.0,True,Alpine,0 days 00:21:53.262000,2026-06-05 15:09:05.269,1,,,,False,True,FP2
0 days 00:24:56.566000,GAS,10,0 days 00:01:46.556000,8.0,1.0,,,0 days 00:00:32.070000,0 days 00:00:42.688000,0 days 00:00:31.798000,0 days 00:23:42.080000,0 days 00:24:24.768000,0 days 00:24:56.566000,154.0,148.0,201.0,242.0,False,MEDIUM,8.0,True,Alpine,0 days 00:23:10.010000,2026-06-05 15:10:22.017,1,,,,False,True,FP2
0 days 00:32:18.413000,GAS,10,,9.0,1.0,,0 days 00:26:42.489000,0 days 00:00:27.627000,0 days 00:00:54.960000,,0 days 00:25:24.449000,0 days 00:26:19.270000,,119.0,79.0,,241.0,False,MEDIUM,9.0,True,Alpine,0 days 00:24:56.566000,2026-06-05 15:12:08.573,1267,,,,False,False,FP2
0 days 00:33:49.021000,GAS,10,0 days 00:01:30.608000,10.0,2.0,0 days 00:32:19.027000,,0 days 00:00:27.010000,0 days 00:00:39.948000,0 days 00:00:23.650000,0 days 00:32:45.423000,0 days 00:33:25.371000,0 days 00:33:49.021000,165.0,170.0,242.0,238.0,False,SOFT,1.0,True,Alpine,0 days 00:32:18.413000,2026-06-05 15:19:30.420,1,,,,False,False,FP2
0 days 00:35:09.269000,GAS,10,0 days 00:01:20.248000,11.0,2.0,,,0 days 00:00:21.510000,0 days 00:00:37.685000,0 days 00:00:21.053000,0 days 00:34:10.531000,0 days 00:34:48.216000,0 days 00:35:09.269000,184.0,177.0,262.0,277.0,False,SOFT,2.0,True,Alpine,0 days 00:33:49.021000,2026-06-05 15:21:01.028,1,,,,False,True,FP2
0 days 00:36:24.210000,GAS,10,0 days 00:01:14.941000,12.0,2.0,,,0 days 00:00:19.683000,0 days 00:00:35.358000,0 days 00:00:19.900000,0 days 00:35:28.952000,0 days 00:36:04.310000,0 days 00:36:24.210000,206.0,195.0,264.0,281.0,True,SOFT,3.0,True,Alpine,0 days 00:35:09.269000,2026-06-05 15:22:21.276,1,,,,False,True,FP2
0 days 00:37:58.416000,GAS,10,0 days 00:01:34.206000,13.0,2.0,,,0 days 00:00:28.013000,0 days 00:00:43.673000,0 days 00:00:22.520000,0 days 00:36:52.223000,0 days 00:37:35.896000,0 days 00:37:58.416000,94.0,160.0,259.0,241.0,False,SOFT,4.0,True,Alpine,0 days 00:36:24.210000,2026-06-05 15:23:36.217,1,,,,False,True,FP2
0 days 00:39:14.363000,GAS,10,0 days 00:01:15.947000,14.0,2.0,,,0 days 00:00:19.738000,0 days 00:00:36.185000,0 days 00:00:20.024000,0 days 00:38:18.154000,0 days 00:38:54.339000,0 days 00:39:14.363000,211.0,193.0,265.0,283.0,False,SOFT,5.0,True,Alpine,0 days 00:37:58.416000,2026-06-05 15:25:10.423,1,,,,False,True,FP2
0 days 00:40:45.549000,GAS,10,0 days 00:01:31.186000,15.0,2.0,,,0 days 00:00:27.525000,0 days 00:00:41.716000,0 days 00:00:21.945000,0 days 00:39:41.888000,0 days 00:40:23.604000,0 days 00:40:45.549000,125.0,165.0,264.0,241.0,False,SOFT,6.0,True,Alpine,0 days 00:39:14.363000,2026-06-05 15:26:26.370,1,,,,False,True,FP2
0 days 00:42:00.046000,GAS,10,0 days 00:01:14.497000,16.0,2.0,,,0 days 00:00:19.516000,0 days 00:00:35.131000,0 days 00:00:19.850000,0 days 00:41:05.065000,0 days 00:41:40.196000,0 days 00:42:00.046000,211.0,194.0,265.0,283.0,True,SOFT,7.0,True,Alpine,0 days 00:40:45.549000,2026-06-05 15:27:57.556,1,,,,False,True,FP2
0 days 00:43:42.548000,GAS,10,0 days 00:01:42.502000,17.0,2.0,,,0 days 00:00:25.419000,0 days 00:00:48.051000,0 days 00:00:29.032000,0 days 00:42:25.465000,0 days 00:43:13.516000,0 days 00:43:42.548000,100.0,161.0,239.0,247.0,False,SOFT,8.0,True,Alpine,0 days 00:42:00.046000,2026-06-05 15:29:12.053,1,,,,False,True,FP2
0 days 00:45:25.684000,GAS,10,0 days 00:01:43.136000,18.0,2.0,,,0 days 00:00:27.790000,0 days 00:00:45.986000,0 days 00:00:29.360000,0 days 00:44:10.338000,0 days 00:44:56.324000,0 days 00:45:25.684000,144.0,177.0,243.0,235.0,False,SOFT,9.0,True,Alpine,0 days 00:43:42.548000,2026-06-05 15:30:54.555,1,,,,False,True,FP2
0 days 00:46:46.059000,GAS,10,0 days 00:01:20.375000,19.0,2.0,,,0 days 00:00:20.241000,0 days 00:00:38.888000,0 days 00:00:21.246000,0 days 00:45:45.925000,0 days 00:46:24.813000,0 days 00:46:46.059000,190.0,179.0,264.0,243.0,False,SOFT,10.0,True,Alpine,0 days 00:45:25.684000,2026-06-05 15:32:37.691,1,,,,False,True,FP2
0 days 00:48:00.905000,GAS,10,0 days 00:01:14.846000,20.0,2.0,,,0 days 00:00:19.561000,0 days 00:00:35.367000,0 days 00:00:19.918000,0 days 00:47:05.620000,0 days 00:47:40.987000,0 days 00:48:00.905000,208.0,195.0,266.0,283.0,False,SOFT,11.0,True,Alpine,0 days 00:46:46.059000,2026-06-05 15:33:58.066,1,,,,False,True,FP2
0 days 00:49:34.324000,GAS,10,0 days 00:01:33.419000,21.0,2.0,,,0 days 00:00:22.966000,0 days 00:00:46.952000,0 days 00:00:23.501000,0 days 00:48:23.871000,0 days 00:49:10.823000,0 days 00:49:34.324000,115.0,176.0,264.0,243.0,False,SOFT,12.0,True,Alpine,0 days 00:48:00.905000,2026-06-05 15:35:12.912,1,,,,False,True,FP2
0 days 00:50:48.970000,GAS,10,0 days 00:01:14.646000,22.0,2.0,,,0 days 00:00:19.528000,0 days 00:00:35.324000,0 days 00:00:19.794000,0 days 00:49:53.852000,0 days 00:50:29.176000,0 days 00:50:48.970000,205.0,195.0,264.0,283.0,False,SOFT,13.0,True,Alpine,0 days 00:49:34.324000,2026-06-05 15:36:46.331,1,,,,False,True,FP2
0 days 00:52:17.788000,GAS,10,0 days 00:01:28.818000,23.0,2.0,,,0 days 00:00:25.050000,0 days 00:00:40.547000,0 days 00:00:23.221000,0 days 00:51:14.020000,0 days 00:51:54.567000,0 days 00:52:17.788000,99.0,163.0,264.0,240.0,False,SOFT,14.0,True,Alpine,0 days 00:50:48.970000,2026-06-05 15:38:00.977,1,,,,False,True,FP2
0 days 00:53:32.674000,GAS,10,0 days 00:01:14.886000,24.0,2.0,,,0 days 00:00:19.592000,0 days 00:00:35.418000,0 days 00:00:19.876000,0 days 00:52:37.380000,0 days 00:53:12.798000,0 days 00:53:32.674000,207.0,193.0,265.0,284.0,False,SOFT,15.0,True,Alpine,0 days 00:52:17.788000,2026-06-05 15:39:29.795,1,,,,False,True,FP2
0 days 00:59:07.025000,GAS,10,,25.0,2.0,,0 days 00:54:58.618000,0 days 00:00:28.449000,0 days 00:00:41.801000,,0 days 00:54:01.327000,0 days 00:54:43.151000,,152.0,163.0,,236.0,False,SOFT,16.0,True,Alpine,0 days 00:53:32.674000,2026-06-05 15:40:44.681,1,,,,False,False,FP2
0 days 01:00:40.107000,GAS,10,0 days 00:01:33.082000,26.0,3.0,0 days 00:59:07.773000,,0 days 00:00:26.923000,0 days 00:00:42.616000,0 days 00:00:23.543000,0 days 00:59:33.948000,0 days 01:00:16.564000,0 days 01:00:40.107000,168.0,171.0,241.0,258.0,False,MEDIUM,10.0,False,Alpine,0 days 00:59:07.025000,2026-06-05 15:46:19.032,1,,,,False,False,FP2
0 days 01:01:58.720000,GAS,10,0 days 00:01:18.613000,27.0,3.0,,,0 days 00:00:21.123000,0 days 00:00:36.916000,0 days 00:00:20.574000,0 days 01:01:01.230000,0 days 01:01:38.146000,0 days 01:01:58.720000,191.0,185.0,256.0,267.0,False,MEDIUM,11.0,False,Alpine,0 days 01:00:40.107000,2026-06-05 15:47:52.114,1,,,,False,True,FP2
0 days 01:03:16.404000,GAS,10,0 days 00:01:17.684000,28.0,3.0,,,0 days 00:00:20.907000,0 days 00:00:36.185000,0 days 00:00:20.592000,0 days 01:02:19.627000,0 days 01:02:55.812000,0 days 01:03:16.404000,202.0,189.0,256.0,270.0,False,MEDIUM,12.0,False,Alpine,0 days 01:01:58.720000,2026-06-05 15:49:10.727,1,,,,False,True,FP2
0 days 01:04:38.114000,GAS,10,0 days 00:01:21.710000,29.0,3.0,,,0 days 00:00:20.771000,0 days 00:00:37.074000,0 days 00:00:23.865000,0 days 01:03:37.175000,0 days 01:04:14.249000,0 days 01:04:38.114000,180.0,190.0,236.0,267.0,False,MEDIUM,13.0,False,Alpine,0 days 01:03:16.404000,2026-06-05 15:50:28.411,1,,,,False,True,FP2
0 days 01:05:56.040000,GAS,10,0 days 00:01:17.926000,30.0,3.0,,,0 days 00:00:21.002000,0 days 00:00:36.491000,0 days 00:00:20.433000,0 days 01:04:59.116000,0 days 01:05:35.607000,0 days 01:05:56.040000,194.0,189.0,256.0,271.0,False,MEDIUM,14.0,False,Alpine,0 days 01:04:38.114000,2026-06-05 15:51:50.121,1,,,,False,True,FP2
0 days 01:07:13.337000,GAS,10,0 days 00:01:17.297000,31.0,3.0,,,0 days 00:00:20.284000,0 days 00:00:36.314000,0 days 00:00:20.699000,0 days 01:06:16.324000,0 days 01:06:52.638000,0 days 01:07:13.337000,203.0,191.0,255.0,272.0,False,MEDIUM,15.0,False,Alpine,0 days 01:05:56.040000,2026-06-05 15:53:08.047,1,,,,False,True,FP2
0 days 01:10:25.338000,GAS,10,,32.0,3.0,,0 days 01:08:40.302000,0 days 00:00:20.291000,,,0 days 01:07:33.792000,,,202.0,,,,False,MEDIUM,16.0,False,Alpine,0 days 01:07:13.337000,2026-06-05 15:54:25.344,125,,,,False,False,FP2
0 days 01:12:17.139000,GAS,10,0 days 00:01:51.801000,33.0,4.0,0 days 01:10:51.349000,,0 days 00:00:53.019000,0 days 00:00:37.739000,0 days 00:00:21.043000,0 days 01:11:18.357000,0 days 01:11:56.096000,0 days 01:12:17.139000,185.0,184.0,254.0,263.0,False,MEDIUM,17.0,False,Alpine,0 days 01:10:51.349000,2026-06-05 15:58:03.356,1,,,,False,False,FP2
0 days 01:13:33.903000,GAS,10,0 days 00:01:16.764000,34.0,4.0,,,0 days 00:00:20.300000,0 days 00:00:36.049000,0 days 00:00:20.415000,0 days 01:12:37.439000,0 days 01:13:13.488000,0 days 01:13:33.903000,200.0,189.0,256.0,270.0,False,MEDIUM,18.0,False,Alpine,0 days 01:12:17.139000,2026-06-05 15:59:29.146,1,,,,False,True,FP2
0 days 01:15:33.783000,GAS,10,0 days 00:01:59.880000,35.0,4.0,,,0 days 00:00:25.753000,0 days 00:00:39.123000,0 days 00:00:55.004000,0 days 01:13:59.656000,0 days 01:14:38.779000,0 days 01:15:33.783000,160.0,173.0,128.0,239.0,False,MEDIUM,19.0,False,Alpine,0 days 01:13:33.903000,2026-06-05 16:00:45.910,1,,,,False,True,FP2
0 days 01:17:44.874000,GAS,10,0 days 00:02:11.091000,36.0,4.0,,,0 days 00:00:25.843000,0 days 00:00:43.370000,0 days 00:01:01.878000,0 days 01:15:59.626000,0 days 01:16:42.996000,0 days 01:17:44.874000,142.0,145.0,118.0,240.0,False,MEDIUM,20.0,False,Alpine,0 days 01:15:33.783000,2026-06-05 16:02:45.790,1,,,,False,True,FP2
0 days 01:19:14.441000,GAS,10,,37.0,4.0,,0 days 01:19:14.441000,0 days 00:00:24.983000,0 days 00:00:47.254000,,0 days 01:18:10.044000,0 days 01:18:57.226000,,137.0,137.0,,198.0,False,MEDIUM,21.0,False,Alpine,0 days 01:17:44.874000,2026-06-05 16:04:56.881,1,,,,False,False,FP2
0 days 00:15:55.351000,PER,11,0 days 00:01:44.722000,1.0,1.0,0 days 00:14:11.506000,,0 days 00:00:40.439000,0 days 00:00:39.804000,0 days 00:00:24.479000,0 days 00:14:51.372000,0 days 00:15:31.150000,0 days 00:15:55.475000,153.0,175.0,258.0,260.0,False,MEDIUM,1.0,True,Cadillac,0 days 00:14:11.506000,2026-06-05 15:01:23.513,1,,,,False,False,FP2
0 days 00:17:13.731000,PER,11,0 days 00:01:18.380000,2.0,1.0,,,0 days 00:00:20.920000,0 days 00:00:36.865000,0 days 00:00:20.595000,0 days 00:16:16.271000,0 days 00:16:53.136000,0 days 00:17:13.731000,189.0,185.0,259.0,263.0,True,MEDIUM,2.0,True,Cadillac,0 days 00:15:55.351000,2026-06-05 15:03:07.358,1,,,,False,True,FP2
0 days 00:18:30.197000,PER,11,0 days 00:01:16.466000,3.0,1.0,,,0 days 00:00:20.155000,0 days 00:00:35.798000,0 days 00:00:20.513000,0 days 00:17:33.886000,0 days 00:18:09.684000,0 days 00:18:30.197000,204.0,190.0,259.0,277.0,True,MEDIUM,3.0,True,Cadillac,0 days 00:17:13.731000,2026-06-05 15:04:25.738,1,,,,False,True,FP2
0 days 00:19:46.630000,PER,11,0 days 00:01:16.433000,4.0,1.0,,,0 days 00:00:20.120000,0 days 00:00:35.937000,0 days 00:00:20.376000,0 days 00:18:50.317000,0 days 00:19:26.254000,0 days 00:19:46.630000,204.0,190.0,260.0,277.0,True,MEDIUM,4.0,True,Cadillac,0 days 00:18:30.197000,2026-06-05 15:05:42.204,1,,,,False,True,FP2
0 days 00:21:42.974000,PER,11,0 days 00:01:56.344000,5.0,1.0,,,0 days 00:00:36.491000,0 days 00:00:53.022000,0 days 00:00:26.831000,0 days 00:20:23.121000,0 days 00:21:16.143000,0 days 00:21:42.974000,67.0,127.0,253.0,249.0,False,MEDIUM,5.0,True,Cadillac,0 days 00:19:46.630000,2026-06-05 15:06:58.637,1,,,,False,True,FP2
0 days 00:23:15.420000,PER,11,0 days 00:01:32.446000,6.0,1.0,,,0 days 00:00:20.388000,0 days 00:00:47.294000,0 days 00:00:24.764000,0 days 00:22:03.362000,0 days 00:22:50.656000,0 days 00:23:15.420000,197.0,179.0,256.0,227.0,False,MEDIUM,6.0,True,Cadillac,0 days 00:21:42.974000,2026-06-05 15:08:54.981,1,,,,False,True,FP2
0 days 00:24:55.980000,PER,11,0 days 00:01:40.560000,7.0,1.0,,,0 days 00:00:20.357000,0 days 00:00:40.807000,0 days 00:00:39.396000,0 days 00:23:35.777000,0 days 00:24:16.584000,0 days 00:24:55.980000,200.0,145.0,230.0,268.0,False,MEDIUM,7.0,True,Cadillac,0 days 00:23:15.420000,2026-06-05 15:10:27.427,1,,,,False,True,FP2
0 days 00:26:31.980000,PER,11,0 days 00:01:36,8.0,1.0,,,0 days 00:00:21.486000,0 days 00:00:42.649000,0 days 00:00:31.865000,0 days 00:25:17.466000,0 days 00:26:00.115000,0 days 00:26:31.980000,191.0,173.0,243.0,253.0,False,MEDIUM,8.0,True,Cadillac,0 days 00:24:55.980000,2026-06-05 15:12:07.987,126,,,,False,False,FP2
0 days 00:28:37.675000,PER,11,0 days 00:02:05.695000,9.0,1.0,,,0 days 00:00:27.649000,0 days 00:01:07.994000,0 days 00:00:30.052000,0 days 00:26:59.629000,0 days 00:28:07.623000,0 days 00:28:37.675000,152.0,84.0,243.0,158.0,False,MEDIUM,9.0,True,Cadillac,0 days 00:26:31.980000,2026-06-05 15:13:43.987,6,,,,False,False,FP2
0 days 00:30:21.213000,PER,11,0 days 00:01:43.538000,10.0,1.0,,,0 days 00:00:23.908000,0 days 00:00:50.610000,0 days 00:00:29.020000,0 days 00:29:01.583000,0 days 00:29:52.193000,0 days 00:30:21.213000,99.0,123.0,247.0,183.0,False,MEDIUM,10.0,True,Cadillac,0 days 00:28:37.675000,2026-06-05 15:15:49.682,6,,,,False,False,FP2
0 days 00:31:48.780000,PER,11,0 days 00:01:27.567000,11.0,1.0,,,0 days 00:00:21.776000,0 days 00:00:39.210000,0 days 00:00:26.581000,0 days 00:30:42.989000,0 days 00:31:22.199000,0 days 00:31:48.780000,180.0,175.0,243.0,269.0,False,MEDIUM,11.0,True,Cadillac,0 days 00:30:21.213000,2026-06-05 15:17:33.220,671,,,,False,False,FP2
0 days 00:33:06.910000,PER,11,0 days 00:01:18.130000,12.0,1.0,,,0 days 00:00:20.563000,0 days 00:00:35.792000,0 days 00:00:21.775000,0 days 00:32:09.343000,0 days 00:32:45.135000,0 days 00:33:06.910000,194.0,181.0,260.0,262.0,False,MEDIUM,12.0,True,Cadillac,0 days 00:31:48.780000,2026-06-05 15:19:00.787,1,,,,False,True,FP2
0 days 00:34:22.738000,PER,11,0 days 00:01:15.828000,13.0,1.0,,,0 days 00:00:20.039000,0 days 00:00:35.658000,0 days 00:00:20.131000,0 days 00:33:26.949000,0 days 00:34:02.607000,0 days 00:34:22.738000,207.0,194.0,260.0,278.0,True,MEDIUM,13.0,True,Cadillac,0 days 00:33:06.910000,2026-06-05 15:20:18.917,1,,,,False,True,FP2
0 days 00:39:41.079000,PER,11,,14.0,1.0,,0 days 00:35:42.155000,0 days 00:00:23.340000,0 days 00:00:40.296000,,0 days 00:34:46.275000,0 days 00:35:26.584000,,154.0,172.0,,263.0,False,MEDIUM,14.0,True,Cadillac,0 days 00:34:22.738000,2026-06-05 15:21:34.745,1,,,,False,False,FP2
0 days 00:41:15.326000,PER,11,0 days 00:01:34.247000,15.0,2.0,0 days 00:39:41.743000,,0 days 00:00:26.939000,0 days 00:00:39.889000,0 days 00:00:27.419000,0 days 00:40:08.018000,0 days 00:40:47.907000,0 days 00:41:15.326000,166.0,164.0,259.0,254.0,False,SOFT,1.0,True,Cadillac,0 days 00:39:41.079000,2026-06-05 15:26:53.086,1,,,,False,False,FP2
0 days 00:42:33.730000,PER,11,0 days 00:01:18.404000,16.0,2.0,,,0 days 00:00:20.686000,0 days 00:00:36.551000,0 days 00:00:21.167000,0 days 00:41:36.012000,0 days 00:42:12.563000,0 days 00:42:33.730000,199.0,182.0,262.0,279.0,False,SOFT,2.0,True,Cadillac,0 days 00:41:15.326000,2026-06-05 15:28:27.333,1,,,,False,True,FP2
0 days 00:43:48.846000,PER,11,0 days 00:01:15.116000,17.0,2.0,,,0 days 00:00:19.831000,0 days 00:00:35.260000,0 days 00:00:20.025000,0 days 00:42:53.561000,0 days 00:43:28.821000,0 days 00:43:48.846000,209.0,194.0,263.0,280.0,True,SOFT,3.0,True,Cadillac,0 days 00:42:33.730000,2026-06-05 15:29:45.737,1,,,,False,True,FP2
0 days 00:45:29.433000,PER,11,0 days 00:01:40.587000,18.0,2.0,,,0 days 00:00:28.729000,0 days 00:00:39.712000,0 days 00:00:32.146000,0 days 00:44:17.575000,0 days 00:44:57.287000,0 days 00:45:29.433000,172.0,156.0,239.0,268.0,False,SOFT,4.0,True,Cadillac,0 days 00:43:48.846000,2026-06-05 15:31:00.853,1,,,,False,True,FP2
0 days 00:46:49.500000,PER,11,0 days 00:01:20.067000,19.0,2.0,,,0 days 00:00:21.545000,0 days 00:00:36.949000,0 days 00:00:21.573000,0 days 00:45:50.978000,0 days 00:46:27.927000,0 days 00:46:49.500000,178.0,189.0,264.0,274.0,False,SOFT,5.0,True,Cadillac,0 days 00:45:29.433000,2026-06-05 15:32:41.440,1,,,,False,True,FP2
0 days 00:48:04.757000,PER,11,0 days 00:01:15.257000,20.0,2.0,,,0 days 00:00:19.783000,0 days 00:00:35.222000,0 days 00:00:20.252000,0 days 00:47:09.283000,0 days 00:47:44.505000,0 days 00:48:04.757000,207.0,189.0,263.0,281.0,False,SOFT,6.0,True,Cadillac,0 days 00:46:49.500000,2026-06-05 15:34:01.507,1,,,,False,True,FP2
0 days 00:49:39.328000,PER,11,0 days 00:01:34.571000,21.0,2.0,,,0 days 00:00:25.516000,0 days 00:00:42.039000,0 days 00:00:27.016000,0 days 00:48:30.273000,0 days 00:49:12.312000,0 days 00:49:39.328000,155.0,148.0,253.0,262.0,False,SOFT,7.0,True,Cadillac,0 days 00:48:04.757000,2026-06-05 15:35:16.764,1,,,,False,True,FP2
0 days 00:51:08.250000,PER,11,0 days 00:01:28.922000,22.0,2.0,,,0 days 00:00:19.979000,0 days 00:00:39.665000,0 days 00:00:29.278000,0 days 00:49:59.307000,0 days 00:50:38.972000,0 days 00:51:08.250000,207.0,151.0,250.0,251.0,False,SOFT,8.0,True,Cadillac,0 days 00:49:39.328000,2026-06-05 15:36:51.335,1,,,,False,True,FP2
0 days 00:57:30.565000,PER,11,,23.0,2.0,,0 days 00:52:23.148000,0 days 00:00:20.094000,0 days 00:00:37.075000,,0 days 00:51:28.491000,0 days 00:52:05.618000,,202.0,126.0,,278.0,False,SOFT,9.0,True,Cadillac,0 days 00:51:08.250000,2026-06-05 15:38:20.257,1,,,,False,False,FP2
0 days 00:59:18.866000,PER,11,0 days 00:01:48.301000,24.0,3.0,0 days 00:57:31.439000,0 days 00:58:53.713000,0 days 00:00:27.860000,0 days 00:00:39.556000,0 days 00:00:40.885000,0 days 00:57:58.425000,0 days 00:58:37.981000,0 days 00:59:18.866000,135.0,178.0,,262.0,False,MEDIUM,15.0,False,Cadillac,0 days 00:57:30.565000,2026-06-05 15:44:42.572,1,,,,False,False,FP2
0 days 01:00:43.893000,PER,11,0 days 00:01:25.027000,25.0,4.0,0 days 00:59:19.504000,,0 days 00:00:25.242000,0 days 00:00:37.590000,0 days 00:00:22.195000,0 days 00:59:44.108000,0 days 01:00:21.698000,0 days 01:00:43.893000,167.0,186.0,253.0,267.0,False,SOFT,10.0,False,Cadillac,0 days 00:59:18.866000,2026-06-05 15:46:30.873,1,,,,False,False,FP2
0 days 01:02:02.168000,PER,11,0 days 00:01:18.275000,26.0,4.0,,,0 days 00:00:20.984000,0 days 00:00:36.555000,0 days 00:00:20.736000,0 days 01:01:04.877000,0 days 01:01:41.432000,0 days 01:02:02.168000,195.0,186.0,252.0,266.0,False,SOFT,11.0,False,Cadillac,0 days 01:00:43.893000,2026-06-05 15:47:55.900,1,,,,False,True,FP2
0 days 01:03:20.211000,PER,11,0 days 00:01:18.043000,27.0,4.0,,,0 days 00:00:20.760000,0 days 00:00:36.438000,0 days 00:00:20.845000,0 days 01:02:22.928000,0 days 01:02:59.366000,0 days 01:03:20.211000,199.0,186.0,252.0,265.0,False,SOFT,12.0,False,Cadillac,0 days 01:02:02.168000,2026-06-05 15:49:14.175,1,,,,False,True,FP2
0 days 01:04:39.816000,PER,11,0 days 00:01:19.605000,28.0,4.0,,,0 days 00:00:20.683000,0 days 00:00:37.212000,0 days 00:00:21.710000,0 days 01:03:40.894000,0 days 01:04:18.106000,0 days 01:04:39.816000,199.0,182.0,258.0,267.0,False,SOFT,13.0,False,Cadillac,0 days 01:03:20.211000,2026-06-05 15:50:32.218,1,,,,False,True,FP2
0 days 01:05:58.028000,PER,11,0 days 00:01:18.212000,29.0,4.0,,,0 days 00:00:21.062000,0 days 00:00:36.425000,0 days 00:00:20.725000,0 days 01:05:00.878000,0 days 01:05:37.303000,0 days 01:05:58.028000,191.0,188.0,253.0,277.0,False,SOFT,14.0,False,Cadillac,0 days 01:04:39.816000,2026-06-05 15:51:51.823,1,,,,False,True,FP2
0 days 01:07:17.104000,PER,11,0 days 00:01:19.076000,30.0,4.0,,,0 days 00:00:20.621000,0 days 00:00:36.379000,0 days 00:00:22.076000,0 days 01:06:18.649000,0 days 01:06:55.028000,0 days 01:07:17.104000,199.0,188.0,243.0,267.0,False,SOFT,15.0,False,Cadillac,0 days 01:05:58.028000,2026-06-05 15:53:10.035,1,,,,False,True,FP2
0 days 01:07:50.319000,PER,11,,31.0,4.0,,,,,,,,,,,,,,SOFT,16.0,False,Cadillac,0 days 01:07:17.104000,2026-06-05 15:54:29.111,12,,,,True,False,FP2
0 days 00:15:52.249000,ANT,12,0 days 00:01:45.331000,1.0,1.0,0 days 00:14:08.005000,,0 days 00:00:36.283000,0 days 00:00:45.338000,0 days 00:00:23.710000,0 days 00:14:43.406000,0 days 00:15:28.790000,0 days 00:15:52.406000,140.0,166.0,246.0,252.0,False,MEDIUM,1.0,True,Mercedes,0 days 00:14:08.005000,2026-06-05 15:01:20.012,1,,,,False,False,FP2
0 days 00:17:15.565000,ANT,12,0 days 00:01:23.316000,2.0,1.0,,,0 days 00:00:21.733000,0 days 00:00:38.094000,0 days 00:00:23.489000,0 days 00:16:13.982000,0 days 00:16:52.076000,0 days 00:17:15.565000,179.0,177.0,261.0,266.0,True,MEDIUM,2.0,True,Mercedes,0 days 00:15:52.249000,2026-06-05 15:03:04.256,1,,,,False,True,FP2
0 days 00:18:31.238000,ANT,12,0 days 00:01:15.673000,3.0,1.0,,,0 days 00:00:19.966000,0 days 00:00:35.590000,0 days 00:00:20.117000,0 days 00:17:35.531000,0 days 00:18:11.121000,0 days 00:18:31.238000,199.0,194.0,264.0,281.0,True,MEDIUM,3.0,True,Mercedes,0 days 00:17:15.565000,2026-06-05 15:04:27.572,1,,,,False,True,FP2
0 days 00:20:04.945000,ANT,12,0 days 00:01:33.707000,4.0,1.0,,,0 days 00:00:23.395000,0 days 00:00:48.176000,0 days 00:00:22.136000,0 days 00:18:54.633000,0 days 00:19:42.809000,0 days 00:20:04.945000,168.0,160.0,262.0,210.0,False,MEDIUM,4.0,True,Mercedes,0 days 00:18:31.238000,2026-06-05 15:05:43.245,1,,,,False,True,FP2
0 days 00:21:19.153000,ANT,12,0 days 00:01:14.208000,5.0,1.0,,,0 days 00:00:19.605000,0 days 00:00:35.031000,0 days 00:00:19.572000,0 days 00:20:24.550000,0 days 00:20:59.581000,0 days 00:21:19.153000,208.0,194.0,263.0,281.0,True,MEDIUM,5.0,True,Mercedes,0 days 00:20:04.945000,2026-06-05 15:07:16.952,1,,,,False,True,FP2
0 days 00:23:14.188000,ANT,12,0 days 00:01:55.035000,6.0,1.0,,,0 days 00:00:24.779000,0 days 00:00:57.175000,0 days 00:00:33.081000,0 days 00:21:43.932000,0 days 00:22:41.107000,0 days 00:23:14.188000,109.0,168.0,225.0,184.0,False,MEDIUM,6.0,True,Mercedes,0 days 00:21:19.153000,2026-06-05 15:08:31.160,1,,,,False,True,FP2
0 days 00:25:07.424000,ANT,12,0 days 00:01:53.236000,7.0,1.0,,0 days 00:24:47.279000,0 days 00:00:28.197000,0 days 00:00:46.216000,0 days 00:00:38.823000,0 days 00:23:42.385000,0 days 00:24:28.601000,0 days 00:25:07.424000,148.0,151.0,,240.0,False,MEDIUM,7.0,True,Mercedes,0 days 00:23:14.188000,2026-06-05 15:10:26.195,1,,,,False,False,FP2
0 days 00:27:06.737000,ANT,12,0 days 00:01:59.313000,8.0,2.0,0 days 00:25:08.261000,,0 days 00:00:28.930000,0 days 00:00:59.680000,0 days 00:00:30.703000,0 days 00:25:36.354000,0 days 00:26:36.034000,0 days 00:27:06.737000,174.0,69.0,215.0,142.0,False,MEDIUM,8.0,False,Mercedes,0 days 00:25:07.424000,2026-06-05 15:12:19.431,126,,,,False,False,FP2
0 days 00:28:50.742000,ANT,12,0 days 00:01:44.005000,9.0,2.0,,,0 days 00:00:26.795000,0 days 00:00:50.498000,0 days 00:00:26.712000,0 days 00:27:33.532000,0 days 00:28:24.030000,0 days 00:28:50.742000,154.0,153.0,215.0,160.0,False,MEDIUM,9.0,False,Mercedes,0 days 00:27:06.737000,2026-06-05 15:14:18.744,6,,,,False,False,FP2
0 days 00:35:34.374000,ANT,12,,10.0,2.0,,0 days 00:30:23.647000,0 days 00:00:23.129000,0 days 00:00:51.378000,,0 days 00:29:14.180000,0 days 00:30:05.537000,,162.0,133.0,,184.0,False,MEDIUM,10.0,False,Mercedes,0 days 00:28:50.742000,2026-06-05 15:16:02.749,671,,,,False,False,FP2
0 days 00:37:01.337000,ANT,12,0 days 00:01:26.963000,11.0,3.0,0 days 00:35:35.087000,,0 days 00:00:25.496000,0 days 00:00:40.074000,0 days 00:00:21.393000,0 days 00:35:59.870000,0 days 00:36:39.944000,0 days 00:37:01.337000,172.0,175.0,253.0,236.0,False,SOFT,1.0,True,Mercedes,0 days 00:35:34.374000,2026-06-05 15:22:46.381,1,,,,False,False,FP2
0 days 00:38:24.249000,ANT,12,0 days 00:01:22.912000,12.0,3.0,,,0 days 00:00:20.941000,0 days 00:00:37.613000,0 days 00:00:24.358000,0 days 00:37:22.278000,0 days 00:37:59.891000,0 days 00:38:24.249000,193.0,182.0,260.0,265.0,False,SOFT,2.0,True,Mercedes,0 days 00:37:01.337000,2026-06-05 15:24:13.344,1,,,,False,True,FP2
0 days 00:39:38.099000,ANT,12,0 days 00:01:13.850000,13.0,3.0,,,0 days 00:00:19.440000,0 days 00:00:34.872000,0 days 00:00:19.538000,0 days 00:38:43.689000,0 days 00:39:18.561000,0 days 00:39:38.099000,208.0,195.0,263.0,281.0,True,SOFT,3.0,True,Mercedes,0 days 00:38:24.249000,2026-06-05 15:25:36.256,1,,,,False,True,FP2
0 days 00:41:09.717000,ANT,12,0 days 00:01:31.618000,14.0,3.0,,,0 days 00:00:27.815000,0 days 00:00:41.257000,0 days 00:00:22.546000,0 days 00:40:05.914000,0 days 00:40:47.171000,0 days 00:41:09.717000,102.0,155.0,263.0,244.0,False,SOFT,4.0,True,Mercedes,0 days 00:39:38.099000,2026-06-05 15:26:50.106,1,,,,False,True,FP2
0 days 00:42:41.211000,ANT,12,0 days 00:01:31.494000,15.0,3.0,,,0 days 00:00:19.306000,0 days 00:00:48.827000,0 days 00:00:23.361000,0 days 00:41:29.023000,0 days 00:42:17.850000,0 days 00:42:41.211000,205.0,125.0,260.0,143.0,False,SOFT,5.0,True,Mercedes,0 days 00:41:09.717000,2026-06-05 15:28:21.724,1,,,,False,True,FP2
0 days 00:44:08.545000,ANT,12,0 days 00:01:27.334000,16.0,3.0,,,0 days 00:00:22.367000,0 days 00:00:43.227000,0 days 00:00:21.740000,0 days 00:43:03.578000,0 days 00:43:46.805000,0 days 00:44:08.545000,145.0,171.0,263.0,255.0,False,SOFT,6.0,True,Mercedes,0 days 00:42:41.211000,2026-06-05 15:29:53.218,1,,,,False,True,FP2
0 days 00:45:22.297000,ANT,12,0 days 00:01:13.752000,17.0,3.0,,,0 days 00:00:19.237000,0 days 00:00:34.851000,0 days 00:00:19.664000,0 days 00:44:27.782000,0 days 00:45:02.633000,0 days 00:45:22.297000,210.0,201.0,265.0,283.0,True,SOFT,7.0,True,Mercedes,0 days 00:44:08.545000,2026-06-05 15:31:20.552,1,,,,False,True,FP2
0 days 00:47:06.873000,ANT,12,0 days 00:01:44.576000,18.0,3.0,,,0 days 00:00:26.173000,0 days 00:00:57.187000,0 days 00:00:21.216000,0 days 00:45:48.470000,0 days 00:46:45.657000,0 days 00:47:06.873000,45.0,180.0,263.0,131.0,False,SOFT,8.0,True,Mercedes,0 days 00:45:22.297000,2026-06-05 15:32:34.304,1,,,,False,True,FP2
0 days 00:48:20.427000,ANT,12,0 days 00:01:13.554000,19.0,3.0,,,0 days 00:00:19.222000,0 days 00:00:34.887000,0 days 00:00:19.445000,0 days 00:47:26.095000,0 days 00:48:00.982000,0 days 00:48:20.427000,213.0,198.0,264.0,283.0,True,SOFT,9.0,True,Mercedes,0 days 00:47:06.873000,2026-06-05 15:34:18.880,1,,,,False,True,FP2
0 days 00:50:00.192000,ANT,12,0 days 00:01:39.765000,20.0,3.0,,,0 days 00:00:28.343000,0 days 00:00:49.764000,0 days 00:00:21.658000,0 days 00:48:48.770000,0 days 00:49:38.534000,0 days 00:50:00.192000,75.0,163.0,262.0,216.0,False,SOFT,10.0,True,Mercedes,0 days 00:48:20.427000,2026-06-05 15:35:32.434,1,,,,False,True,FP2
0 days 00:51:20.730000,ANT,12,0 days 00:01:20.538000,21.0,3.0,,,0 days 00:00:19.320000,0 days 00:00:34.770000,0 days 00:00:26.448000,0 days 00:50:19.512000,0 days 00:50:54.282000,0 days 00:51:20.730000,211.0,199.0,197.0,283.0,False,SOFT,11.0,True,Mercedes,0 days 00:50:00.192000,2026-06-05 15:37:12.199,1,,,,False,True,FP2
0 days 00:53:00.755000,ANT,12,0 days 00:01:40.025000,22.0,3.0,,,0 days 00:00:33.214000,0 days 00:00:45.769000,0 days 00:00:21.042000,0 days 00:51:53.944000,0 days 00:52:39.713000,0 days 00:53:00.755000,122.0,178.0,262.0,214.0,False,SOFT,12.0,True,Mercedes,0 days 00:51:20.730000,2026-06-05 15:38:32.737,1,,,,False,True,FP2
0 days 00:54:21.879000,ANT,12,0 days 00:01:21.124000,23.0,3.0,,,0 days 00:00:19.311000,0 days 00:00:34.694000,0 days 00:00:27.119000,0 days 00:53:20.066000,0 days 00:53:54.760000,0 days 00:54:21.879000,211.0,200.0,141.0,281.0,False,SOFT,13.0,True,Mercedes,0 days 00:53:00.755000,2026-06-05 15:40:12.762,1,,,,False,True,FP2
0 days 00:56:01.723000,ANT,12,0 days 00:01:39.844000,24.0,3.0,,,0 days 00:00:25.564000,0 days 00:00:51.345000,0 days 00:00:22.935000,0 days 00:54:47.443000,0 days 00:55:38.788000,0 days 00:56:01.723000,145.0,171.0,262.0,191.0,False,SOFT,14.0,True,Mercedes,0 days 00:54:21.879000,2026-06-05 15:41:33.886,1,,,,False,True,FP2
0 days 00:57:15.252000,ANT,12,0 days 00:01:13.529000,25.0,3.0,,,0 days 00:00:19.283000,0 days 00:00:34.721000,0 days 00:00:19.525000,0 days 00:56:21.006000,0 days 00:56:55.727000,0 days 00:57:15.252000,211.0,199.0,264.0,280.0,True,SOFT,15.0,True,Mercedes,0 days 00:56:01.723000,2026-06-05 15:43:13.730,1,,,,False,True,FP2
0 days 01:03:24.687000,ANT,12,,26.0,3.0,,0 days 00:58:33.959000,0 days 00:00:22.824000,0 days 00:00:40.310000,,0 days 00:57:38.294000,0 days 00:58:18.685000,,153.0,166.0,,232.0,False,SOFT,16.0,True,Mercedes,0 days 00:57:15.252000,2026-06-05 15:44:27.259,1,,,,False,False,FP2
0 days 01:04:49.785000,ANT,12,0 days 00:01:25.098000,27.0,4.0,0 days 01:03:25.317000,,0 days 00:00:26.451000,0 days 00:00:37.123000,0 days 00:00:21.524000,0 days 01:03:51.138000,0 days 01:04:28.261000,0 days 01:04:49.785000,187.0,165.0,254.0,257.0,False,SOFT,17.0,False,Mercedes,0 days 01:03:24.687000,2026-06-05 15:50:36.694,1,,,,False,False,FP2
0 days 01:06:06.916000,ANT,12,0 days 00:01:17.131000,28.0,4.0,,,0 days 00:00:20.509000,0 days 00:00:36.284000,0 days 00:00:20.338000,0 days 01:05:10.294000,0 days 01:05:46.578000,0 days 01:06:06.916000,195.0,186.0,255.0,258.0,False,SOFT,18.0,False,Mercedes,0 days 01:04:49.785000,2026-06-05 15:52:01.792,1,,,,False,True,FP2
0 days 01:07:27.944000,ANT,12,0 days 00:01:21.028000,29.0,4.0,,,0 days 00:00:20.177000,0 days 00:00:35.871000,0 days 00:00:24.980000,0 days 01:06:27.093000,0 days 01:07:02.964000,0 days 01:07:27.944000,198.0,189.0,237.0,269.0,False,SOFT,19.0,False,Mercedes,0 days 01:06:06.916000,2026-06-05 15:53:18.923,1,,,,False,True,FP2
0 days 01:11:19.996000,ANT,12,,30.0,4.0,,0 days 01:09:01.806000,0 days 00:00:20.662000,,,0 days 01:07:48.701000,,,197.0,,,,False,SOFT,20.0,False,Mercedes,0 days 01:07:27.944000,2026-06-05 15:54:39.951,125,,,,False,False,FP2
0 days 01:12:47.385000,ANT,12,0 days 00:01:27.389000,31.0,5.0,0 days 01:11:20.837000,,0 days 00:00:26.386000,0 days 00:00:38.125000,0 days 00:00:22.878000,0 days 01:11:46.382000,0 days 01:12:24.507000,0 days 01:12:47.385000,176.0,179.0,253.0,265.0,False,SOFT,21.0,False,Mercedes,0 days 01:11:20.837000,2026-06-05 15:58:32.844,1,,,,False,False,FP2
0 days 01:14:07.439000,ANT,12,0 days 00:01:20.054000,32.0,5.0,,,0 days 00:00:20.430000,0 days 00:00:37.269000,0 days 00:00:22.355000,0 days 01:13:07.815000,0 days 01:13:45.084000,0 days 01:14:07.439000,191.0,166.0,232.0,271.0,False,SOFT,22.0,False,Mercedes,0 days 01:12:47.385000,2026-06-05 15:59:59.392,1,,,,False,True,FP2
0 days 01:16:29.628000,ANT,12,0 days 00:02:22.189000,33.0,5.0,,,0 days 00:00:26.856000,0 days 00:00:48.647000,0 days 00:01:06.686000,0 days 01:14:34.295000,0 days 01:15:22.942000,0 days 01:16:29.628000,126.0,121.0,183.0,154.0,False,SOFT,23.0,False,Mercedes,0 days 01:14:07.439000,2026-06-05 16:01:19.446,1,,,,False,True,FP2
0 days 01:19:02.245000,ANT,12,,34.0,5.0,,,0 days 00:00:23.974000,0 days 00:00:45.128000,0 days 00:01:23.421000,0 days 01:16:53.696000,0 days 01:17:38.873000,0 days 01:19:02.284000,133.0,128.0,4.0,194.0,False,SOFT,24.0,False,Mercedes,0 days 01:16:29.628000,2026-06-05 16:03:41.635,1,,,,False,False,FP2
0 days 01:20:27.285000,ANT,12,,35.0,5.0,,0 days 01:20:27.285000,0 days 00:00:24.674000,0 days 00:00:42.794000,,0 days 01:19:26.969000,0 days 01:20:09.810000,,136.0,143.0,,210.0,False,SOFT,25.0,False,Mercedes,0 days 01:19:02.245000,2026-06-05 16:06:14.252,1,,,,False,False,FP2
0 days 00:16:11.694000,ALO,14,0 days 00:01:36.218000,1.0,1.0,0 days 00:14:36.268000,,0 days 00:00:31.390000,0 days 00:00:41.379000,0 days 00:00:23.449000,0 days 00:15:07.052000,0 days 00:15:48.482000,0 days 00:16:11.869000,153.0,166.0,253.0,260.0,False,SOFT,1.0,True,Aston Martin,0 days 00:14:36.268000,2026-06-05 15:01:48.275,1,,,,False,False,FP2
0 days 00:17:43.541000,ALO,14,0 days 00:01:31.847000,2.0,1.0,,,0 days 00:00:22.481000,0 days 00:00:45.021000,0 days 00:00:24.345000,0 days 00:16:34.175000,0 days 00:17:19.196000,0 days 00:17:43.541000,163.0,168.0,254.0,262.0,True,SOFT,2.0,True,Aston Martin,0 days 00:16:11.694000,2026-06-05 15:03:23.701,1,,,,False,True,FP2
0 days 00:19:01.214000,ALO,14,0 days 00:01:17.673000,3.0,1.0,,,0 days 00:00:20.682000,0 days 00:00:36.276000,0 days 00:00:20.715000,0 days 00:18:04.223000,0 days 00:18:40.499000,0 days 00:19:01.214000,194.0,185.0,256.0,275.0,True,SOFT,3.0,True,Aston Martin,0 days 00:17:43.541000,2026-06-05 15:04:55.548,1,,,,False,True,FP2
0 days 00:20:18.142000,ALO,14,0 days 00:01:16.928000,4.0,1.0,,,0 days 00:00:20.437000,0 days 00:00:36.096000,0 days 00:00:20.395000,0 days 00:19:21.651000,0 days 00:19:57.747000,0 days 00:20:18.142000,200.0,188.0,256.0,275.0,True,SOFT,4.0,True,Aston Martin,0 days 00:19:01.214000,2026-06-05 15:06:13.221,1,,,,False,True,FP2
0 days 00:21:59.113000,ALO,14,0 days 00:01:40.971000,5.0,1.0,,,0 days 00:00:24.891000,0 days 00:00:46.629000,0 days 00:00:29.451000,0 days 00:20:43.033000,0 days 00:21:29.662000,0 days 00:21:59.113000,122.0,164.0,246.0,247.0,False,SOFT,5.0,True,Aston Martin,0 days 00:20:18.142000,2026-06-05 15:07:30.149,1,,,,False,True,FP2
0 days 00:23:15.854000,ALO,14,0 days 00:01:16.741000,6.0,1.0,,,0 days 00:00:20.433000,0 days 00:00:35.925000,0 days 00:00:20.383000,0 days 00:22:19.546000,0 days 00:22:55.471000,0 days 00:23:15.854000,204.0,188.0,257.0,275.0,True,SOFT,6.0,True,Aston Martin,0 days 00:21:59.113000,2026-06-05 15:09:11.120,1,,,,False,True,FP2
0 days 00:24:54.794000,ALO,14,0 days 00:01:38.940000,7.0,1.0,,,0 days 00:00:24.991000,0 days 00:00:42.229000,0 days 00:00:31.720000,0 days 00:23:40.845000,0 days 00:24:23.074000,0 days 00:24:54.794000,161.0,171.0,247.0,259.0,False,SOFT,7.0,True,Aston Martin,0 days 00:23:15.854000,2026-06-05 15:10:27.861,1,,,,False,True,FP2
0 days 00:29:42.281000,ALO,14,,8.0,1.0,,0 days 00:26:34.451000,0 days 00:00:24.810000,0 days 00:00:50.774000,,0 days 00:25:19.936000,0 days 00:26:10.614000,,56.0,98.0,,242.0,False,SOFT,8.0,True,Aston Martin,0 days 00:24:54.794000,2026-06-05 15:12:06.801,126,,,,False,False,FP2
0 days 00:31:16.648000,ALO,14,0 days 00:01:34.367000,9.0,2.0,0 days 00:29:43.020000,,0 days 00:00:28.851000,0 days 00:00:43.185000,0 days 00:00:22.331000,0 days 00:30:11.132000,0 days 00:30:54.317000,0 days 00:31:16.648000,163.0,169.0,252.0,255.0,False,SOFT,9.0,False,Aston Martin,0 days 00:29:42.281000,2026-06-05 15:16:54.288,671,,,,False,False,FP2
0 days 00:32:36.091000,ALO,14,0 days 00:01:19.443000,10.0,2.0,,,0 days 00:00:20.884000,0 days 00:00:37.435000,0 days 00:00:21.124000,0 days 00:31:37.532000,0 days 00:32:14.967000,0 days 00:32:36.091000,193.0,182.0,255.0,270.0,False,SOFT,10.0,False,Aston Martin,0 days 00:31:16.648000,2026-06-05 15:18:28.655,1,,,,False,True,FP2
0 days 00:33:52.437000,ALO,14,0 days 00:01:16.346000,11.0,2.0,,,0 days 00:00:20.150000,0 days 00:00:35.911000,0 days 00:00:20.285000,0 days 00:32:56.241000,0 days 00:33:32.152000,0 days 00:33:52.437000,205.0,190.0,255.0,274.0,True,SOFT,11.0,False,Aston Martin,0 days 00:32:36.091000,2026-06-05 15:19:48.098,1,,,,False,True,FP2
0 days 00:35:16.933000,ALO,14,0 days 00:01:24.496000,12.0,2.0,,,0 days 00:00:20.430000,0 days 00:00:41.139000,0 days 00:00:22.927000,0 days 00:34:12.867000,0 days 00:34:54.006000,0 days 00:35:16.933000,181.0,170.0,256.0,262.0,False,SOFT,12.0,False,Aston Martin,0 days 00:33:52.437000,2026-06-05 15:21:04.444,1,,,,False,True,FP2
0 days 00:36:32.919000,ALO,14,0 days 00:01:15.986000,13.0,2.0,,,0 days 00:00:20.086000,0 days 00:00:35.725000,0 days 00:00:20.175000,0 days 00:35:37.019000,0 days 00:36:12.744000,0 days 00:36:32.919000,205.0,191.0,256.0,276.0,True,SOFT,13.0,False,Aston Martin,0 days 00:35:16.933000,2026-06-05 15:22:28.940,1,,,,False,True,FP2
0 days 00:38:10.094000,ALO,14,0 days 00:01:37.175000,14.0,2.0,,,0 days 00:00:22.762000,0 days 00:00:44.668000,0 days 00:00:29.745000,0 days 00:36:55.681000,0 days 00:37:40.349000,0 days 00:38:10.094000,180.0,169.0,255.0,254.0,False,SOFT,14.0,False,Aston Martin,0 days 00:36:32.919000,2026-06-05 15:23:44.926,1,,,,False,True,FP2
0 days 00:48:35.657000,ALO,14,,15.0,2.0,,0 days 00:39:30.757000,0 days 00:00:21.498000,0 days 00:00:44.128000,,0 days 00:38:31.885000,0 days 00:39:15.875000,,174.0,166.0,,219.0,False,SOFT,15.0,False,Aston Martin,0 days 00:38:10.094000,2026-06-05 15:25:22.101,1,,,,False,False,FP2
0 days 00:50:06.422000,ALO,14,0 days 00:01:30.765000,16.0,3.0,0 days 00:48:36.282000,,0 days 00:00:26.394000,0 days 00:00:41.301000,0 days 00:00:23.070000,0 days 00:49:02.051000,0 days 00:49:43.352000,0 days 00:50:06.422000,166.0,168.0,209.0,253.0,False,SOFT,1.0,True,Aston Martin,0 days 00:48:35.657000,2026-06-05 15:35:47.664,1,,,,False,False,FP2
0 days 00:51:29.470000,ALO,14,0 days 00:01:23.048000,17.0,3.0,,,0 days 00:00:21.628000,0 days 00:00:37.672000,0 days 00:00:23.748000,0 days 00:50:28.050000,0 days 00:51:05.722000,0 days 00:51:29.470000,193.0,175.0,255.0,262.0,False,SOFT,2.0,True,Aston Martin,0 days 00:50:06.422000,2026-06-05 15:37:18.429,1,,,,False,True,FP2
0 days 00:52:53.889000,ALO,14,0 days 00:01:24.419000,18.0,3.0,,,0 days 00:00:20.038000,0 days 00:00:37.231000,0 days 00:00:27.150000,0 days 00:51:49.508000,0 days 00:52:26.739000,0 days 00:52:53.889000,207.0,174.0,256.0,254.0,False,SOFT,3.0,True,Aston Martin,0 days 00:51:29.470000,2026-06-05 15:38:41.477,1,,,,False,True,FP2
0 days 00:54:09.346000,ALO,14,0 days 00:01:15.457000,19.0,3.0,,,0 days 00:00:19.963000,0 days 00:00:35.463000,0 days 00:00:20.031000,0 days 00:53:13.852000,0 days 00:53:49.315000,0 days 00:54:09.346000,207.0,190.0,258.0,276.0,True,SOFT,4.0,True,Aston Martin,0 days 00:52:53.889000,2026-06-05 15:40:05.896,1,,,,False,True,FP2
0 days 00:55:24.640000,ALO,14,0 days 00:01:15.294000,20.0,3.0,,,0 days 00:00:19.922000,0 days 00:00:35.434000,0 days 00:00:19.938000,0 days 00:54:29.268000,0 days 00:55:04.702000,0 days 00:55:24.640000,206.0,194.0,258.0,277.0,True,SOFT,5.0,True,Aston Martin,0 days 00:54:09.346000,2026-06-05 15:41:21.353,1,,,,False,True,FP2
0 days 00:57:00.119000,ALO,14,0 days 00:01:35.479000,21.0,3.0,,,0 days 00:00:25.815000,0 days 00:00:46.209000,0 days 00:00:23.455000,0 days 00:55:50.455000,0 days 00:56:36.664000,0 days 00:57:00.119000,169.0,169.0,255.0,262.0,False,SOFT,6.0,True,Aston Martin,0 days 00:55:24.640000,2026-06-05 15:42:36.647,1,,,,False,True,FP2
0 days 00:58:21.192000,ALO,14,0 days 00:01:21.073000,22.0,3.0,,,0 days 00:00:20.002000,0 days 00:00:38.985000,0 days 00:00:22.086000,0 days 00:57:20.121000,0 days 00:57:59.106000,0 days 00:58:21.192000,208.0,169.0,256.0,260.0,False,SOFT,7.0,True,Aston Martin,0 days 00:57:00.119000,2026-06-05 15:44:12.126,1,,,,False,True,FP2
0 days 01:04:11.991000,ALO,14,,23.0,3.0,,0 days 00:59:36.640000,0 days 00:00:19.934000,0 days 00:00:39.887000,,0 days 00:58:41.312000,0 days 00:59:21.232000,,209.0,165.0,,256.0,False,SOFT,8.0,True,Aston Martin,0 days 00:58:21.192000,2026-06-05 15:45:33.199,1,,,,False,False,FP2
0 days 01:05:46.447000,ALO,14,0 days 00:01:34.456000,24.0,4.0,0 days 01:04:12.590000,,0 days 00:00:25.613000,0 days 00:00:41.441000,0 days 00:00:27.402000,0 days 01:04:37.604000,0 days 01:05:19.045000,0 days 01:05:46.447000,132.0,164.0,249.0,260.0,False,SOFT,9.0,False,Aston Martin,0 days 01:04:11.991000,2026-06-05 15:51:23.998,1,,,,False,False,FP2
0 days 01:07:06.756000,ALO,14,0 days 00:01:20.309000,25.0,4.0,,,0 days 00:00:21.499000,0 days 00:00:37.542000,0 days 00:00:21.268000,0 days 01:06:07.946000,0 days 01:06:45.488000,0 days 01:07:06.756000,182.0,178.0,248.0,271.0,False,SOFT,10.0,False,Aston Martin,0 days 01:05:46.447000,2026-06-05 15:52:58.454,1,,,,False,True,FP2
0 days 01:11:27.538000,ALO,14,,26.0,4.0,,0 days 01:08:31.726000,0 days 00:00:21.008000,,,0 days 01:07:27.985000,,,192.0,,,,False,SOFT,11.0,False,Aston Martin,0 days 01:07:06.756000,2026-06-05 15:54:18.763,125,,,,False,False,FP2
0 days 01:13:00.946000,ALO,14,0 days 00:01:33.408000,27.0,5.0,0 days 01:11:28.176000,,0 days 00:00:27.954000,0 days 00:00:41.597000,0 days 00:00:23.857000,0 days 01:11:55.492000,0 days 01:12:37.089000,0 days 01:13:00.946000,159.0,169.0,243.0,252.0,False,SOFT,16.0,False,Aston Martin,0 days 01:11:28.176000,2026-06-05 15:58:40.183,1,,,,False,False,FP2
0 days 01:15:08.452000,ALO,14,0 days 00:02:07.506000,28.0,5.0,,,0 days 00:00:22.587000,0 days 00:00:43.852000,0 days 00:01:01.067000,0 days 01:13:23.533000,0 days 01:14:07.385000,0 days 01:15:08.452000,169.0,162.0,4.0,171.0,False,SOFT,17.0,False,Aston Martin,0 days 01:13:00.946000,2026-06-05 16:00:12.953,1,,,,False,True,FP2
0 days 01:17:06.650000,ALO,14,0 days 00:01:58.198000,29.0,5.0,,,0 days 00:00:26.303000,0 days 00:00:43.572000,0 days 00:00:48.323000,0 days 01:15:34.755000,0 days 01:16:18.327000,0 days 01:17:06.650000,149.0,161.0,6.0,194.0,False,SOFT,18.0,False,Aston Martin,0 days 01:15:08.452000,2026-06-05 16:02:20.459,1,,,,False,True,FP2
0 days 01:18:32.856000,ALO,14,,30.0,5.0,,0 days 01:18:32.856000,0 days 00:00:25.329000,0 days 00:00:43.832000,,0 days 01:17:32.084000,0 days 01:18:16.050000,,156.0,159.0,,203.0,False,SOFT,19.0,False,Aston Martin,0 days 01:17:06.650000,2026-06-05 16:04:18.657,1,,,,False,False,FP2
0 days 00:15:39.188000,LEC,16,0 days 00:01:45.470000,1.0,1.0,0 days 00:13:54.662000,,0 days 00:00:38.563000,0 days 00:00:43.349000,0 days 00:00:23.558000,0 days 00:14:32.550000,0 days 00:15:15.982000,0 days 00:15:39.377000,127.0,163.0,257.0,228.0,False,MEDIUM,1.0,True,Ferrari,0 days 00:13:54.662000,2026-06-05 15:01:06.669,1,,,,False,False,FP2
0 days 00:16:56.212000,LEC,16,0 days 00:01:17.024000,2.0,1.0,,,0 days 00:00:20.656000,0 days 00:00:36.100000,0 days 00:00:20.268000,0 days 00:15:59.844000,0 days 00:16:35.944000,0 days 00:16:56.212000,195.0,190.0,261.0,277.0,True,MEDIUM,2.0,True,Ferrari,0 days 00:15:39.188000,2026-06-05 15:02:51.195,1,,,,False,True,FP2
0 days 00:18:10.452000,LEC,16,0 days 00:01:14.240000,3.0,1.0,,,0 days 00:00:19.694000,0 days 00:00:34.850000,0 days 00:00:19.696000,0 days 00:17:15.906000,0 days 00:17:50.756000,0 days 00:18:10.452000,210.0,197.0,261.0,279.0,True,MEDIUM,3.0,True,Ferrari,0 days 00:16:56.212000,2026-06-05 15:04:08.219,1,,,,False,True,FP2
0 days 00:19:50.157000,LEC,16,0 days 00:01:39.705000,4.0,1.0,,,0 days 00:00:22.755000,0 days 00:00:50.229000,0 days 00:00:26.721000,0 days 00:18:33.207000,0 days 00:19:23.436000,0 days 00:19:50.157000,141.0,164.0,259.0,234.0,False,MEDIUM,4.0,True,Ferrari,0 days 00:18:10.452000,2026-06-05 15:05:22.459,1,,,,False,True,FP2
0 days 00:21:04.349000,LEC,16,0 days 00:01:14.192000,5.0,1.0,,,0 days 00:00:19.590000,0 days 00:00:34.742000,0 days 00:00:19.860000,0 days 00:20:09.747000,0 days 00:20:44.489000,0 days 00:21:04.349000,213.0,199.0,261.0,278.0,True,MEDIUM,5.0,True,Ferrari,0 days 00:19:50.157000,2026-06-05 15:07:02.164,1,,,,False,True,FP2
0 days 00:22:18.524000,LEC,16,0 days 00:01:14.175000,6.0,1.0,,,0 days 00:00:19.632000,0 days 00:00:34.898000,0 days 00:00:19.645000,0 days 00:21:23.981000,0 days 00:21:58.879000,0 days 00:22:18.524000,209.0,197.0,261.0,280.0,True,MEDIUM,6.0,True,Ferrari,0 days 00:21:04.349000,2026-06-05 15:08:16.356,1,,,,False,True,FP2
0 days 00:23:59.398000,LEC,16,0 days 00:01:40.874000,7.0,1.0,,,0 days 00:00:27.726000,0 days 00:00:48.843000,0 days 00:00:24.305000,0 days 00:22:46.250000,0 days 00:23:35.093000,0 days 00:23:59.398000,146.0,132.0,259.0,179.0,False,MEDIUM,7.0,True,Ferrari,0 days 00:22:18.524000,2026-06-05 15:09:30.531,1,,,,False,True,FP2
0 days 00:25:20.227000,LEC,16,0 days 00:01:20.829000,8.0,1.0,,,0 days 00:00:19.564000,0 days 00:00:39.519000,0 days 00:00:21.746000,0 days 00:24:18.962000,0 days 00:24:58.481000,0 days 00:25:20.227000,214.0,176.0,260.0,247.0,False,MEDIUM,8.0,True,Ferrari,0 days 00:23:59.398000,2026-06-05 15:11:11.405,1,,,,False,True,FP2
0 days 00:27:04.972000,LEC,16,0 days 00:01:44.745000,9.0,1.0,,,0 days 00:00:19.304000,0 days 00:00:55.028000,0 days 00:00:30.413000,0 days 00:25:39.531000,0 days 00:26:34.559000,0 days 00:27:04.972000,217.0,78.0,177.0,261.0,False,MEDIUM,9.0,True,Ferrari,0 days 00:25:20.227000,2026-06-05 15:12:32.234,126,,,,False,False,FP2
0 days 00:28:49.050000,LEC,16,0 days 00:01:44.078000,10.0,1.0,,,0 days 00:00:27.194000,0 days 00:00:51.060000,0 days 00:00:25.824000,0 days 00:27:32.166000,0 days 00:28:23.226000,0 days 00:28:49.050000,157.0,123.0,247.0,179.0,False,MEDIUM,10.0,True,Ferrari,0 days 00:27:04.972000,2026-06-05 15:14:16.979,6,,,,False,False,FP2
0 days 00:30:30.133000,LEC,16,0 days 00:01:41.083000,11.0,1.0,,,0 days 00:00:22.709000,0 days 00:00:52.026000,0 days 00:00:26.348000,0 days 00:29:11.759000,0 days 00:30:03.785000,0 days 00:30:30.133000,178.0,138.0,243.0,214.0,False,MEDIUM,11.0,True,Ferrari,0 days 00:28:49.050000,2026-06-05 15:16:01.057,6,,,,False,False,FP2
0 days 00:32:01.239000,LEC,16,0 days 00:01:31.106000,12.0,1.0,,,0 days 00:00:24.823000,0 days 00:00:41.782000,0 days 00:00:24.501000,0 days 00:30:54.956000,0 days 00:31:36.738000,0 days 00:32:01.239000,180.0,152.0,261.0,254.0,False,MEDIUM,12.0,True,Ferrari,0 days 00:30:30.133000,2026-06-05 15:17:42.140,671,,,,False,False,FP2
0 days 00:33:19.176000,LEC,16,0 days 00:01:17.937000,13.0,1.0,,,0 days 00:00:19.350000,0 days 00:00:36.115000,0 days 00:00:22.472000,0 days 00:32:20.589000,0 days 00:32:56.704000,0 days 00:33:19.176000,213.0,155.0,262.0,280.0,False,MEDIUM,13.0,True,Ferrari,0 days 00:32:01.239000,2026-06-05 15:19:13.246,1,,,,False,True,FP2
0 days 00:34:32.789000,LEC,16,0 days 00:01:13.613000,14.0,1.0,,,0 days 00:00:19.159000,0 days 00:00:34.779000,0 days 00:00:19.675000,0 days 00:33:38.335000,0 days 00:34:13.114000,0 days 00:34:32.789000,218.0,200.0,262.0,281.0,True,MEDIUM,14.0,True,Ferrari,0 days 00:33:19.176000,2026-06-05 15:20:31.183,1,,,,False,True,FP2
0 days 00:36:01.827000,LEC,16,0 days 00:01:29.038000,15.0,1.0,,,0 days 00:00:19.293000,0 days 00:00:42.331000,0 days 00:00:27.414000,0 days 00:34:52.082000,0 days 00:35:34.413000,0 days 00:36:01.827000,217.0,123.0,262.0,234.0,False,MEDIUM,15.0,True,Ferrari,0 days 00:34:32.789000,2026-06-05 15:21:44.796,1,,,,False,True,FP2
0 days 00:41:59.648000,LEC,16,,16.0,1.0,,0 days 00:37:10.367000,0 days 00:00:19.376000,0 days 00:00:34.839000,,0 days 00:36:21.428000,0 days 00:36:56.353000,,212.0,200.0,,280.0,False,MEDIUM,16.0,True,Ferrari,0 days 00:36:01.827000,2026-06-05 15:23:13.834,1,,,,False,False,FP2
0 days 00:43:46.130000,LEC,16,0 days 00:01:46.482000,17.0,2.0,0 days 00:42:00.588000,,0 days 00:00:35.158000,0 days 00:00:44.513000,0 days 00:00:26.811000,0 days 00:42:34.806000,0 days 00:43:19.319000,0 days 00:43:46.130000,146.0,156.0,235.0,214.0,False,SOFT,1.0,True,Ferrari,0 days 00:41:59.648000,2026-06-05 15:29:11.655,1,,,,False,False,FP2
0 days 00:45:12.823000,LEC,16,0 days 00:01:26.693000,18.0,2.0,,,0 days 00:00:21.829000,0 days 00:00:39.225000,0 days 00:00:25.639000,0 days 00:44:07.959000,0 days 00:44:47.184000,0 days 00:45:12.823000,185.0,162.0,261.0,252.0,False,SOFT,2.0,True,Ferrari,0 days 00:43:46.130000,2026-06-05 15:30:58.137,1,,,,False,True,FP2
0 days 00:46:30.778000,LEC,16,0 days 00:01:17.955000,19.0,2.0,,,0 days 00:00:19.555000,0 days 00:00:37.324000,0 days 00:00:21.076000,0 days 00:45:32.378000,0 days 00:46:09.702000,0 days 00:46:30.778000,208.0,177.0,262.0,255.0,False,SOFT,3.0,True,Ferrari,0 days 00:45:12.823000,2026-06-05 15:32:24.830,1,,,,False,True,FP2
0 days 00:47:43.915000,LEC,16,0 days 00:01:13.137000,20.0,2.0,,,0 days 00:00:19.323000,0 days 00:00:34.479000,0 days 00:00:19.335000,0 days 00:46:50.101000,0 days 00:47:24.580000,0 days 00:47:43.915000,217.0,201.0,263.0,280.0,True,SOFT,4.0,True,Ferrari,0 days 00:46:30.778000,2026-06-05 15:33:42.785,1,,,,False,True,FP2
0 days 00:49:23.819000,LEC,16,0 days 00:01:39.904000,21.0,2.0,,,0 days 00:00:23.782000,0 days 00:00:48.507000,0 days 00:00:27.615000,0 days 00:48:07.697000,0 days 00:48:56.204000,0 days 00:49:23.819000,83.0,150.0,261.0,252.0,False,SOFT,5.0,True,Ferrari,0 days 00:47:43.915000,2026-06-05 15:34:55.922,1,,,,False,True,FP2
0 days 00:50:51.265000,LEC,16,0 days 00:01:27.446000,22.0,2.0,,,0 days 00:00:20.806000,0 days 00:00:41.733000,0 days 00:00:24.907000,0 days 00:49:44.625000,0 days 00:50:26.358000,0 days 00:50:51.265000,177.0,165.0,262.0,242.0,False,SOFT,6.0,True,Ferrari,0 days 00:49:23.819000,2026-06-05 15:36:35.826,1,,,,False,True,FP2
0 days 00:52:46.900000,LEC,16,0 days 00:01:55.635000,23.0,2.0,,,0 days 00:00:36.441000,0 days 00:00:46.071000,0 days 00:00:33.123000,0 days 00:51:27.706000,0 days 00:52:13.777000,0 days 00:52:46.900000,64.0,150.0,250.0,252.0,False,SOFT,7.0,True,Ferrari,0 days 00:50:51.265000,2026-06-05 15:38:03.272,1,,,,False,True,FP2
0 days 00:54:21.570000,LEC,16,0 days 00:01:34.670000,24.0,2.0,,,0 days 00:00:20.838000,0 days 00:00:52.434000,0 days 00:00:21.398000,0 days 00:53:07.738000,0 days 00:54:00.172000,0 days 00:54:21.570000,176.0,175.0,260.0,244.0,False,SOFT,8.0,True,Ferrari,0 days 00:52:46.900000,2026-06-05 15:39:58.907,1,,,,False,True,FP2
0 days 00:55:41.013000,LEC,16,0 days 00:01:19.443000,25.0,2.0,,,0 days 00:00:19.385000,0 days 00:00:37.067000,0 days 00:00:22.991000,0 days 00:54:40.955000,0 days 00:55:18.022000,0 days 00:55:41.013000,212.0,148.0,262.0,273.0,False,SOFT,9.0,True,Ferrari,0 days 00:54:21.570000,2026-06-05 15:41:33.577,1,,,,False,True,FP2
0 days 00:56:54.203000,LEC,16,0 days 00:01:13.190000,26.0,2.0,,,0 days 00:00:19.265000,0 days 00:00:34.533000,0 days 00:00:19.392000,0 days 00:56:00.278000,0 days 00:56:34.811000,0 days 00:56:54.203000,217.0,201.0,262.0,279.0,False,SOFT,10.0,True,Ferrari,0 days 00:55:41.013000,2026-06-05 15:42:53.020,1,,,,False,True,FP2
0 days 00:58:07.369000,LEC,16,0 days 00:01:13.166000,27.0,2.0,,,0 days 00:00:19.278000,0 days 00:00:34.390000,0 days 00:00:19.498000,0 days 00:57:13.481000,0 days 00:57:47.871000,0 days 00:58:07.369000,217.0,202.0,262.0,280.0,False,SOFT,11.0,True,Ferrari,0 days 00:56:54.203000,2026-06-05 15:44:06.210,1,,,,False,True,FP2
0 days 00:59:50.082000,LEC,16,0 days 00:01:42.713000,28.0,2.0,,,0 days 00:00:27.668000,0 days 00:00:51.868000,0 days 00:00:23.177000,0 days 00:58:35.037000,0 days 00:59:26.905000,0 days 00:59:50.082000,122.0,147.0,263.0,250.0,False,SOFT,12.0,True,Ferrari,0 days 00:58:07.369000,2026-06-05 15:45:19.376,1,,,,False,True,FP2
0 days 01:01:03.294000,LEC,16,0 days 00:01:13.212000,29.0,2.0,,,0 days 00:00:19.352000,0 days 00:00:34.437000,0 days 00:00:19.423000,0 days 01:00:09.434000,0 days 01:00:43.871000,0 days 01:01:03.294000,215.0,200.0,262.0,280.0,False,SOFT,13.0,True,Ferrari,0 days 00:59:50.082000,2026-06-05 15:47:02.089,1,,,,False,True,FP2
0 days 01:07:23.748000,LEC,16,,30.0,2.0,,0 days 01:02:22.141000,0 days 00:00:22.643000,0 days 00:00:40.804000,,0 days 01:01:26.102000,0 days 01:02:07.031000,,153.0,169.0,,242.0,False,SOFT,14.0,True,Ferrari,0 days 01:01:03.294000,2026-06-05 15:48:15.301,1,,,,False,False,FP2
0 days 01:10:53.270000,LEC,16,,31.0,3.0,0 days 01:07:23.748000,0 days 01:09:04.307000,,,,,,,,,,,False,MEDIUM,17.0,False,Ferrari,0 days 01:07:23.748000,2026-06-05 15:54:35.755,125,,,,False,False,FP2
0 days 01:12:23.789000,LEC,16,0 days 00:01:30.519000,32.0,4.0,0 days 01:10:54.219000,,0 days 00:00:29.295000,0 days 00:00:39.465000,0 days 00:00:21.759000,0 days 01:11:22.565000,0 days 01:12:02.030000,0 days 01:12:23.789000,159.0,170.0,250.0,260.0,False,MEDIUM,18.0,False,Ferrari,0 days 01:10:54.219000,2026-06-05 15:58:06.226,1,,,,False,False,FP2
0 days 01:13:41.804000,LEC,16,0 days 00:01:18.015000,33.0,4.0,,,0 days 00:00:20.864000,0 days 00:00:36.431000,0 days 00:00:20.720000,0 days 01:12:44.653000,0 days 01:13:21.084000,0 days 01:13:41.804000,196.0,180.0,253.0,263.0,False,MEDIUM,19.0,False,Ferrari,0 days 01:12:23.789000,2026-06-05 15:59:35.796,1,,,,False,True,FP2
0 days 01:15:52.671000,LEC,16,0 days 00:02:10.867000,34.0,4.0,,,0 days 00:00:20.622000,0 days 00:00:41.159000,0 days 00:01:09.086000,0 days 01:14:02.426000,0 days 01:14:43.585000,0 days 01:15:52.671000,190.0,141.0,4.0,204.0,False,MEDIUM,20.0,False,Ferrari,0 days 01:13:41.804000,2026-06-05 16:00:53.811,1,,,,False,True,FP2
0 days 01:17:55.673000,LEC,16,0 days 00:02:03.002000,35.0,4.0,,,0 days 00:00:27.186000,0 days 00:00:41.309000,0 days 00:00:54.507000,0 days 01:16:19.857000,0 days 01:17:01.166000,0 days 01:17:55.673000,159.0,166.0,4.0,246.0,False,MEDIUM,21.0,False,Ferrari,0 days 01:15:52.671000,2026-06-05 16:03:04.678,1,,,,False,True,FP2
0 days 01:19:17.802000,LEC,16,,36.0,4.0,,0 days 01:19:17.802000,0 days 00:00:24.743000,0 days 00:00:40.527000,,0 days 01:18:20.503000,0 days 01:19:00.986000,,161.0,148.0,,266.0,False,MEDIUM,22.0,False,Ferrari,0 days 01:17:55.673000,2026-06-05 16:05:07.680,1,,,,False,False,FP2
0 days 00:16:10.346000,STR,18,0 days 00:01:44.691000,1.0,1.0,0 days 00:14:26.721000,,0 days 00:00:38.804000,0 days 00:00:41.859000,0 days 00:00:24.028000,0 days 00:15:04.722000,0 days 00:15:46.483000,0 days 00:16:10.549000,127.0,166.0,253.0,255.0,False,SOFT,1.0,True,Aston Martin,0 days 00:14:26.721000,2026-06-05 15:01:38.728,1,,,,False,False,FP2
0 days 00:17:32.790000,STR,18,0 days 00:01:22.444000,2.0,1.0,,,0 days 00:00:22.315000,0 days 00:00:37.641000,0 days 00:00:22.488000,0 days 00:16:32.661000,0 days 00:17:10.302000,0 days 00:17:32.790000,182.0,181.0,255.0,272.0,True,SOFT,2.0,True,Aston Martin,0 days 00:16:10.346000,2026-06-05 15:03:22.353,1,,,,False,True,FP2
0 days 00:18:50.665000,STR,18,0 days 00:01:17.875000,3.0,1.0,,,0 days 00:00:20.941000,0 days 00:00:36.391000,0 days 00:00:20.543000,0 days 00:17:53.731000,0 days 00:18:30.122000,0 days 00:18:50.665000,199.0,187.0,257.0,275.0,True,SOFT,3.0,True,Aston Martin,0 days 00:17:32.790000,2026-06-05 15:04:44.797,1,,,,False,True,FP2
0 days 00:20:22.138000,STR,18,0 days 00:01:31.473000,4.0,1.0,,,0 days 00:00:23.577000,0 days 00:00:39.518000,0 days 00:00:28.378000,0 days 00:19:14.242000,0 days 00:19:53.760000,0 days 00:20:22.138000,154.0,171.0,252.0,263.0,False,SOFT,4.0,True,Aston Martin,0 days 00:18:50.665000,2026-06-05 15:06:02.672,1,,,,False,True,FP2
0 days 00:21:39.872000,STR,18,0 days 00:01:17.734000,5.0,1.0,,,0 days 00:00:20.469000,0 days 00:00:36.239000,0 days 00:00:21.026000,0 days 00:20:42.607000,0 days 00:21:18.846000,0 days 00:21:39.872000,203.0,188.0,255.0,275.0,True,SOFT,5.0,True,Aston Martin,0 days 00:20:22.138000,2026-06-05 15:07:34.145,1,,,,False,True,FP2
0 days 00:23:01.737000,STR,18,0 days 00:01:21.865000,6.0,1.0,,,0 days 00:00:20.357000,0 days 00:00:38.331000,0 days 00:00:23.177000,0 days 00:22:00.229000,0 days 00:22:38.560000,0 days 00:23:01.737000,204.0,151.0,254.0,276.0,False,SOFT,6.0,True,Aston Martin,0 days 00:21:39.872000,2026-06-05 15:08:51.879,1,,,,False,True,FP2
0 days 00:24:18.594000,STR,18,0 days 00:01:16.857000,7.0,1.0,,,0 days 00:00:20.402000,0 days 00:00:35.983000,0 days 00:00:20.472000,0 days 00:23:22.139000,0 days 00:23:58.122000,0 days 00:24:18.594000,208.0,191.0,256.0,273.0,True,SOFT,7.0,True,Aston Martin,0 days 00:23:01.737000,2026-06-05 15:10:13.744,1,,,,False,True,FP2
0 days 00:26:01.682000,STR,18,0 days 00:01:43.088000,8.0,1.0,,,0 days 00:00:28.206000,0 days 00:00:48.671000,0 days 00:00:26.211000,0 days 00:24:46.800000,0 days 00:25:35.471000,0 days 00:26:01.682000,65.0,146.0,254.0,256.0,False,SOFT,8.0,True,Aston Martin,0 days 00:24:18.594000,2026-06-05 15:11:30.601,126,,,,False,False,FP2
0 days 00:28:31.520000,STR,18,0 days 00:02:29.838000,9.0,1.0,,,0 days 00:00:36.643000,0 days 00:01:21.772000,0 days 00:00:31.423000,0 days 00:26:38.325000,0 days 00:28:00.097000,0 days 00:28:31.520000,109.0,99.0,197.0,69.0,False,SOFT,9.0,True,Aston Martin,0 days 00:26:01.682000,2026-06-05 15:13:13.689,6,,,,False,False,FP2
0 days 00:30:10.557000,STR,18,0 days 00:01:39.037000,10.0,1.0,,,0 days 00:00:25.618000,0 days 00:00:49.048000,0 days 00:00:24.371000,0 days 00:28:57.138000,0 days 00:29:46.186000,0 days 00:30:10.557000,153.0,158.0,206.0,171.0,False,SOFT,10.0,True,Aston Martin,0 days 00:28:31.520000,2026-06-05 15:15:43.527,6,,,,False,False,FP2
0 days 00:31:35.445000,STR,18,0 days 00:01:24.888000,11.0,1.0,,,0 days 00:00:23.194000,0 days 00:00:39.860000,0 days 00:00:21.834000,0 days 00:30:33.751000,0 days 00:31:13.611000,0 days 00:31:35.445000,176.0,179.0,253.0,265.0,False,SOFT,11.0,True,Aston Martin,0 days 00:30:10.557000,2026-06-05 15:17:22.564,671,,,,False,False,FP2
0 days 00:32:54.111000,STR,18,0 days 00:01:18.666000,12.0,1.0,,,0 days 00:00:21.076000,0 days 00:00:36.700000,0 days 00:00:20.890000,0 days 00:31:56.521000,0 days 00:32:33.221000,0 days 00:32:54.111000,192.0,188.0,256.0,272.0,False,SOFT,12.0,True,Aston Martin,0 days 00:31:35.445000,2026-06-05 15:18:47.452,1,,,,False,True,FP2
0 days 00:34:11.159000,STR,18,0 days 00:01:17.048000,13.0,1.0,,,0 days 00:00:20.315000,0 days 00:00:36.247000,0 days 00:00:20.486000,0 days 00:33:14.426000,0 days 00:33:50.673000,0 days 00:34:11.159000,199.0,190.0,256.0,274.0,False,SOFT,13.0,True,Aston Martin,0 days 00:32:54.111000,2026-06-05 15:20:06.118,1,,,,False,True,FP2
0 days 00:35:28.337000,STR,18,0 days 00:01:17.178000,14.0,1.0,,,0 days 00:00:20.413000,0 days 00:00:36.211000,0 days 00:00:20.554000,0 days 00:34:31.572000,0 days 00:35:07.783000,0 days 00:35:28.337000,203.0,189.0,256.0,275.0,False,SOFT,14.0,True,Aston Martin,0 days 00:34:11.159000,2026-06-05 15:21:23.166,1,,,,False,True,FP2
0 days 00:44:13.723000,STR,18,,15.0,1.0,,0 days 00:36:52.127000,0 days 00:00:27.701000,0 days 00:00:40.027000,,0 days 00:35:56.274000,0 days 00:36:36.278000,,154.0,170.0,,266.0,False,SOFT,15.0,True,Aston Martin,0 days 00:35:28.337000,2026-06-05 15:22:40.344,1,,,,False,False,FP2
0 days 00:45:47.925000,STR,18,0 days 00:01:34.202000,16.0,2.0,0 days 00:44:14.387000,,0 days 00:00:28.395000,0 days 00:00:41.185000,0 days 00:00:24.622000,0 days 00:44:42.118000,0 days 00:45:23.303000,0 days 00:45:47.925000,157.0,173.0,209.0,257.0,False,SOFT,1.0,True,Aston Martin,0 days 00:44:13.723000,2026-06-05 15:31:25.730,1,,,,False,False,FP2
0 days 00:47:11.014000,STR,18,0 days 00:01:23.089000,17.0,2.0,,,0 days 00:00:22.328000,0 days 00:00:38.085000,0 days 00:00:22.676000,0 days 00:46:10.253000,0 days 00:46:48.338000,0 days 00:47:11.014000,178.0,175.0,256.0,261.0,False,SOFT,2.0,True,Aston Martin,0 days 00:45:47.925000,2026-06-05 15:32:59.932,1,,,,False,True,FP2
0 days 00:48:27.790000,STR,18,0 days 00:01:16.776000,18.0,2.0,,,0 days 00:00:20.286000,0 days 00:00:36.005000,0 days 00:00:20.485000,0 days 00:47:31.300000,0 days 00:48:07.305000,0 days 00:48:27.790000,208.0,182.0,257.0,273.0,True,SOFT,3.0,True,Aston Martin,0 days 00:47:11.014000,2026-06-05 15:34:23.021,1,,,,False,True,FP2
0 days 00:49:44.034000,STR,18,0 days 00:01:16.244000,19.0,2.0,,,0 days 00:00:20.117000,0 days 00:00:35.725000,0 days 00:00:20.402000,0 days 00:48:47.907000,0 days 00:49:23.632000,0 days 00:49:44.034000,208.0,194.0,254.0,274.0,True,SOFT,4.0,True,Aston Martin,0 days 00:48:27.790000,2026-06-05 15:35:39.797,1,,,,False,True,FP2
0 days 00:51:15.880000,STR,18,0 days 00:01:31.846000,20.0,2.0,,,0 days 00:00:24.109000,0 days 00:00:43.570000,0 days 00:00:24.167000,0 days 00:50:08.143000,0 days 00:50:51.713000,0 days 00:51:15.880000,146.0,141.0,255.0,253.0,False,SOFT,5.0,True,Aston Martin,0 days 00:49:44.034000,2026-06-05 15:36:56.041,1,,,,False,True,FP2
0 days 00:52:32.054000,STR,18,0 days 00:01:16.174000,21.0,2.0,,,0 days 00:00:20.207000,0 days 00:00:35.653000,0 days 00:00:20.314000,0 days 00:51:36.087000,0 days 00:52:11.740000,0 days 00:52:32.054000,206.0,191.0,258.0,277.0,True,SOFT,6.0,True,Aston Martin,0 days 00:51:15.880000,2026-06-05 15:38:27.887,1,,,,False,True,FP2
0 days 00:53:56.653000,STR,18,0 days 00:01:24.599000,22.0,2.0,,,0 days 00:00:23.199000,0 days 00:00:39.003000,0 days 00:00:22.397000,0 days 00:52:55.253000,0 days 00:53:34.256000,0 days 00:53:56.653000,172.0,172.0,257.0,261.0,False,SOFT,7.0,True,Aston Martin,0 days 00:52:32.054000,2026-06-05 15:39:44.061,1,,,,False,True,FP2
0 days 00:55:13.005000,STR,18,0 days 00:01:16.352000,23.0,2.0,,,0 days 00:00:20.110000,0 days 00:00:35.839000,0 days 00:00:20.403000,0 days 00:54:16.763000,0 days 00:54:52.602000,0 days 00:55:13.005000,206.0,191.0,258.0,277.0,False,SOFT,8.0,True,Aston Martin,0 days 00:53:56.653000,2026-06-05 15:41:08.660,1,,,,False,True,FP2
0 days 00:56:29.288000,STR,18,0 days 00:01:16.283000,24.0,2.0,,,0 days 00:00:20.244000,0 days 00:00:35.759000,0 days 00:00:20.280000,0 days 00:55:33.249000,0 days 00:56:09.008000,0 days 00:56:29.288000,211.0,192.0,256.0,276.0,False,SOFT,9.0,True,Aston Martin,0 days 00:55:13.005000,2026-06-05 15:42:25.012,1,,,,False,True,FP2
0 days 00:57:58.906000,STR,18,0 days 00:01:29.618000,25.0,2.0,,,0 days 00:00:27.002000,0 days 00:00:40.583000,0 days 00:00:22.033000,0 days 00:56:56.290000,0 days 00:57:36.873000,0 days 00:57:58.906000,112.0,176.0,256.0,262.0,False,SOFT,10.0,True,Aston Martin,0 days 00:56:29.288000,2026-06-05 15:43:41.295,1,,,,False,True,FP2
0 days 00:59:16.330000,STR,18,0 days 00:01:17.424000,26.0,2.0,,,0 days 00:00:20.146000,0 days 00:00:36.209000,0 days 00:00:21.069000,0 days 00:58:19.052000,0 days 00:58:55.261000,0 days 00:59:16.330000,209.0,189.0,255.0,274.0,False,SOFT,11.0,True,Aston Martin,0 days 00:57:58.906000,2026-06-05 15:45:10.913,1,,,,False,True,FP2
0 days 01:00:32.702000,STR,18,,27.0,2.0,,0 days 01:00:32.702000,0 days 00:00:20.020000,0 days 00:00:39.552000,,0 days 00:59:36.598000,0 days 01:00:16.141000,,210.0,166.0,,265.0,False,SOFT,12.0,True,Aston Martin,0 days 00:59:16.330000,2026-06-05 15:46:28.337,1,,,,False,False,FP2
0 days 00:15:59.248000,ALB,23,0 days 00:01:40.840000,1.0,1.0,0 days 00:14:19.507000,,0 days 00:00:35.602000,0 days 00:00:41.561000,0 days 00:00:23.677000,0 days 00:14:54.289000,0 days 00:15:35.810000,0 days 00:15:59.358000,156.0,163.0,241.0,256.0,False,MEDIUM,1.0,True,Williams,0 days 00:14:19.507000,2026-06-05 15:01:31.514,1,,,,False,False,FP2
0 days 00:17:24.508000,ALB,23,0 days 00:01:25.260000,2.0,1.0,,,0 days 00:00:21.758000,0 days 00:00:40.551000,0 days 00:00:22.951000,0 days 00:16:21.006000,0 days 00:17:01.557000,0 days 00:17:24.508000,176.0,162.0,244.0,260.0,True,MEDIUM,2.0,True,Williams,0 days 00:15:59.248000,2026-06-05 15:03:11.255,1,,,,False,True,FP2
0 days 00:18:49.612000,ALB,23,0 days 00:01:25.104000,3.0,1.0,,,0 days 00:00:20.936000,0 days 00:00:40.247000,0 days 00:00:23.921000,0 days 00:17:45.444000,0 days 00:18:25.691000,0 days 00:18:49.612000,187.0,165.0,244.0,242.0,True,MEDIUM,3.0,True,Williams,0 days 00:17:24.508000,2026-06-05 15:04:36.515,1,,,,False,True,FP2
0 days 00:20:07.777000,ALB,23,0 days 00:01:18.165000,4.0,1.0,,,0 days 00:00:21.055000,0 days 00:00:36.490000,0 days 00:00:20.620000,0 days 00:19:10.667000,0 days 00:19:47.157000,0 days 00:20:07.777000,200.0,183.0,263.0,280.0,True,MEDIUM,4.0,True,Williams,0 days 00:18:49.612000,2026-06-05 15:06:01.619,1,,,,False,True,FP2
0 days 00:21:24.465000,ALB,23,0 days 00:01:16.688000,5.0,1.0,,,0 days 00:00:20.423000,0 days 00:00:36.101000,0 days 00:00:20.164000,0 days 00:20:28.200000,0 days 00:21:04.301000,0 days 00:21:24.465000,199.0,190.0,264.0,280.0,True,MEDIUM,5.0,True,Williams,0 days 00:20:07.777000,2026-06-05 15:07:19.784,1,,,,False,True,FP2
0 days 00:22:55.468000,ALB,23,0 days 00:01:31.003000,6.0,1.0,,,0 days 00:00:23.749000,0 days 00:00:41.859000,0 days 00:00:25.395000,0 days 00:21:48.214000,0 days 00:22:30.073000,0 days 00:22:55.468000,155.0,158.0,246.0,240.0,False,MEDIUM,6.0,True,Williams,0 days 00:21:24.465000,2026-06-05 15:08:36.472,1,,,,False,True,FP2
0 days 00:24:11.690000,ALB,23,0 days 00:01:16.222000,7.0,1.0,,,0 days 00:00:20.401000,0 days 00:00:35.671000,0 days 00:00:20.150000,0 days 00:23:15.869000,0 days 00:23:51.540000,0 days 00:24:11.690000,209.0,192.0,263.0,279.0,True,MEDIUM,7.0,True,Williams,0 days 00:22:55.468000,2026-06-05 15:10:07.475,1,,,,False,True,FP2
0 days 00:25:42.429000,ALB,23,0 days 00:01:30.739000,8.0,1.0,,,0 days 00:00:23.088000,0 days 00:00:45.211000,0 days 00:00:22.440000,0 days 00:24:34.778000,0 days 00:25:19.989000,0 days 00:25:42.429000,142.0,158.0,262.0,249.0,False,MEDIUM,8.0,True,Williams,0 days 00:24:11.690000,2026-06-05 15:11:23.697,12,,,,False,True,FP2
0 days 00:27:22.154000,ALB,23,0 days 00:01:39.725000,9.0,1.0,,,0 days 00:00:20.212000,0 days 00:00:55.184000,0 days 00:00:24.329000,0 days 00:26:02.641000,0 days 00:26:57.825000,0 days 00:27:22.154000,207.0,166.0,221.0,158.0,False,MEDIUM,9.0,True,Williams,0 days 00:25:42.429000,2026-06-05 15:12:54.436,26,,,,False,False,FP2
0 days 00:29:06.213000,ALB,23,0 days 00:01:44.059000,10.0,1.0,,,0 days 00:00:26.133000,0 days 00:00:53.086000,0 days 00:00:24.840000,0 days 00:27:48.287000,0 days 00:28:41.373000,0 days 00:29:06.213000,115.0,171.0,219.0,204.0,False,MEDIUM,10.0,True,Williams,0 days 00:27:22.154000,2026-06-05 15:14:34.161,6,,,,False,False,FP2
0 days 00:30:52.860000,ALB,23,0 days 00:01:46.647000,11.0,1.0,,,0 days 00:00:27.762000,0 days 00:00:53.501000,0 days 00:00:25.384000,0 days 00:29:33.975000,0 days 00:30:27.476000,0 days 00:30:52.860000,174.0,171.0,238.0,238.0,False,MEDIUM,11.0,True,Williams,0 days 00:29:06.213000,2026-06-05 15:16:18.220,671,,,,False,False,FP2
0 days 00:32:13.937000,ALB,23,0 days 00:01:21.077000,12.0,1.0,,,0 days 00:00:21.518000,0 days 00:00:37.637000,0 days 00:00:21.922000,0 days 00:31:14.378000,0 days 00:31:52.015000,0 days 00:32:13.937000,188.0,175.0,254.0,278.0,False,MEDIUM,12.0,True,Williams,0 days 00:30:52.860000,2026-06-05 15:18:04.867,1,,,,False,True,FP2
0 days 00:33:35.722000,ALB,23,0 days 00:01:21.785000,13.0,1.0,,,0 days 00:00:20.214000,0 days 00:00:37.865000,0 days 00:00:23.706000,0 days 00:32:34.151000,0 days 00:33:12.016000,0 days 00:33:35.722000,207.0,138.0,255.0,279.0,False,MEDIUM,13.0,True,Williams,0 days 00:32:13.937000,2026-06-05 15:19:25.944,1,,,,False,True,FP2
0 days 00:34:51.205000,ALB,23,0 days 00:01:15.483000,14.0,1.0,,,0 days 00:00:19.877000,0 days 00:00:35.678000,0 days 00:00:19.928000,0 days 00:33:55.599000,0 days 00:34:31.277000,0 days 00:34:51.205000,207.0,196.0,263.0,280.0,True,MEDIUM,14.0,True,Williams,0 days 00:33:35.722000,2026-06-05 15:20:47.729,1,,,,False,True,FP2
0 days 00:36:15.275000,ALB,23,0 days 00:01:24.070000,15.0,1.0,,,0 days 00:00:21.075000,0 days 00:00:41.169000,0 days 00:00:21.826000,0 days 00:35:12.280000,0 days 00:35:53.449000,0 days 00:36:15.275000,160.0,170.0,260.0,241.0,False,MEDIUM,15.0,True,Williams,0 days 00:34:51.205000,2026-06-05 15:22:03.212,1,,,,False,True,FP2
0 days 00:37:30.620000,ALB,23,0 days 00:01:15.345000,16.0,1.0,,,0 days 00:00:19.812000,0 days 00:00:35.631000,0 days 00:00:19.902000,0 days 00:36:35.087000,0 days 00:37:10.718000,0 days 00:37:30.620000,214.0,188.0,263.0,279.0,True,MEDIUM,16.0,True,Williams,0 days 00:36:15.275000,2026-06-05 15:23:27.282,1,,,,False,True,FP2
0 days 00:39:21.893000,ALB,23,0 days 00:01:51.273000,17.0,1.0,,0 days 00:38:51.064000,0 days 00:00:22.216000,0 days 00:00:43.086000,0 days 00:00:45.971000,0 days 00:37:52.836000,0 days 00:38:35.922000,0 days 00:39:21.893000,162.0,170.0,,170.0,False,MEDIUM,17.0,True,Williams,0 days 00:37:30.620000,2026-06-05 15:24:42.627,1,,,,False,False,FP2
0 days 00:40:50.450000,ALB,23,0 days 00:01:28.557000,18.0,2.0,0 days 00:39:22.725000,,0 days 00:00:25.886000,0 days 00:00:39.668000,0 days 00:00:23.003000,0 days 00:39:47.779000,0 days 00:40:27.447000,0 days 00:40:50.450000,184.0,159.0,244.0,258.0,False,SOFT,1.0,True,Williams,0 days 00:39:21.893000,2026-06-05 15:26:33.900,1,,,,False,False,FP2
0 days 00:42:11.626000,ALB,23,0 days 00:01:21.176000,19.0,2.0,,,0 days 00:00:21.651000,0 days 00:00:38.682000,0 days 00:00:20.843000,0 days 00:41:12.101000,0 days 00:41:50.783000,0 days 00:42:11.626000,186.0,179.0,264.0,273.0,False,SOFT,2.0,True,Williams,0 days 00:40:50.450000,2026-06-05 15:28:02.457,1,,,,False,True,FP2
0 days 00:43:39.951000,ALB,23,0 days 00:01:28.325000,20.0,2.0,,,0 days 00:00:19.894000,0 days 00:00:40.856000,0 days 00:00:27.575000,0 days 00:42:31.520000,0 days 00:43:12.376000,0 days 00:43:39.951000,205.0,177.0,242.0,252.0,False,SOFT,3.0,True,Williams,0 days 00:42:11.626000,2026-06-05 15:29:23.633,1,,,,False,True,FP2
0 days 00:45:02.084000,ALB,23,0 days 00:01:22.133000,21.0,2.0,,,0 days 00:00:20.277000,0 days 00:00:39.186000,0 days 00:00:22.670000,0 days 00:44:00.228000,0 days 00:44:39.414000,0 days 00:45:02.084000,203.0,150.0,248.0,276.0,False,SOFT,4.0,True,Williams,0 days 00:43:39.951000,2026-06-05 15:30:51.958,1,,,,False,True,FP2
0 days 00:46:17.303000,ALB,23,0 days 00:01:15.219000,22.0,2.0,,,0 days 00:00:19.927000,0 days 00:00:35.562000,0 days 00:00:19.730000,0 days 00:45:22.011000,0 days 00:45:57.573000,0 days 00:46:17.303000,210.0,196.0,264.0,279.0,True,SOFT,5.0,True,Williams,0 days 00:45:02.084000,2026-06-05 15:32:14.091,1,,,,False,True,FP2
0 days 00:47:49.310000,ALB,23,0 days 00:01:32.007000,23.0,2.0,,,0 days 00:00:23.006000,0 days 00:00:46.630000,0 days 00:00:22.371000,0 days 00:46:40.309000,0 days 00:47:26.939000,0 days 00:47:49.310000,159.0,160.0,264.0,205.0,False,SOFT,6.0,True,Williams,0 days 00:46:17.303000,2026-06-05 15:33:29.310,1,,,,False,True,FP2
0 days 00:49:03.910000,ALB,23,0 days 00:01:14.600000,24.0,2.0,,,0 days 00:00:19.807000,0 days 00:00:35.083000,0 days 00:00:19.710000,0 days 00:48:09.117000,0 days 00:48:44.200000,0 days 00:49:03.910000,215.0,198.0,263.0,281.0,True,SOFT,7.0,True,Williams,0 days 00:47:49.310000,2026-06-05 15:35:01.317,1,,,,False,True,FP2
0 days 00:50:38.813000,ALB,23,0 days 00:01:34.903000,25.0,2.0,,,0 days 00:00:25.982000,0 days 00:00:46.811000,0 days 00:00:22.110000,0 days 00:49:29.892000,0 days 00:50:16.703000,0 days 00:50:38.813000,138.0,173.0,265.0,177.0,False,SOFT,8.0,True,Williams,0 days 00:49:03.910000,2026-06-05 15:36:15.917,1,,,,False,True,FP2
0 days 00:52:04.267000,ALB,23,0 days 00:01:25.454000,26.0,2.0,,,0 days 00:00:19.598000,0 days 00:00:40.799000,0 days 00:00:25.057000,0 days 00:50:58.411000,0 days 00:51:39.210000,0 days 00:52:04.267000,214.0,140.0,223.0,280.0,False,SOFT,9.0,True,Williams,0 days 00:50:38.813000,2026-06-05 15:37:50.820,1,,,,False,True,FP2
0 days 00:53:36.371000,ALB,23,0 days 00:01:32.104000,27.0,2.0,,,0 days 00:00:23.798000,0 days 00:00:46.273000,0 days 00:00:22.033000,0 days 00:52:28.065000,0 days 00:53:14.338000,0 days 00:53:36.371000,78.0,176.0,264.0,206.0,False,SOFT,10.0,True,Williams,0 days 00:52:04.267000,2026-06-05 15:39:16.274,1,,,,False,True,FP2
0 days 00:55:02.738000,ALB,23,0 days 00:01:26.367000,28.0,2.0,,,0 days 00:00:23.775000,0 days 00:00:41.014000,0 days 00:00:21.578000,0 days 00:54:00.146000,0 days 00:54:41.160000,0 days 00:55:02.738000,171.0,170.0,264.0,242.0,False,SOFT,11.0,True,Williams,0 days 00:53:36.371000,2026-06-05 15:40:48.378,1,,,,False,True,FP2
0 days 01:01:31.120000,ALB,23,,29.0,2.0,,0 days 00:56:12.431000,0 days 00:00:19.555000,0 days 00:00:35.653000,,0 days 00:55:22.484000,0 days 00:55:58.211000,,215.0,169.0,,281.0,False,SOFT,12.0,True,Williams,0 days 00:55:02.738000,2026-06-05 15:42:14.745,1,,,,False,False,FP2
0 days 01:03:05.135000,ALB,23,0 days 00:01:34.015000,30.0,3.0,0 days 01:01:31.711000,,0 days 00:00:27.553000,0 days 00:00:41.549000,0 days 00:00:24.913000,0 days 01:01:58.673000,0 days 01:02:40.222000,0 days 01:03:05.135000,164.0,168.0,240.0,219.0,False,MEDIUM,18.0,False,Williams,0 days 01:01:31.120000,2026-06-05 15:48:43.127,1,,,,False,False,FP2
0 days 01:04:25.036000,ALB,23,0 days 00:01:19.901000,31.0,3.0,,,0 days 00:00:21.061000,0 days 00:00:37.676000,0 days 00:00:21.164000,0 days 01:03:26.196000,0 days 01:04:03.872000,0 days 01:04:25.036000,193.0,181.0,254.0,261.0,False,MEDIUM,19.0,False,Williams,0 days 01:03:05.135000,2026-06-05 15:50:17.142,1,,,,False,True,FP2
0 days 01:05:43.223000,ALB,23,0 days 00:01:18.187000,32.0,3.0,,,0 days 00:00:20.479000,0 days 00:00:36.986000,0 days 00:00:20.722000,0 days 01:04:45.515000,0 days 01:05:22.501000,0 days 01:05:43.223000,194.0,183.0,260.0,260.0,False,MEDIUM,20.0,False,Williams,0 days 01:04:25.036000,2026-06-05 15:51:37.043,1,,,,False,True,FP2
0 days 01:07:01.478000,ALB,23,0 days 00:01:18.255000,33.0,3.0,,,0 days 00:00:20.519000,0 days 00:00:37.106000,0 days 00:00:20.630000,0 days 01:06:03.742000,0 days 01:06:40.848000,0 days 01:07:01.478000,201.0,187.0,260.0,258.0,False,MEDIUM,21.0,False,Williams,0 days 01:05:43.223000,2026-06-05 15:52:55.230,1,,,,False,True,FP2
0 days 01:11:03.208000,ALB,23,,34.0,3.0,,0 days 01:08:29.763000,0 days 00:00:20.505000,,,0 days 01:07:22.169000,,,204.0,,,260.0,False,MEDIUM,22.0,False,Williams,0 days 01:07:01.478000,2026-06-05 15:54:13.485,125,,,,False,False,FP2
0 days 01:12:33.791000,ALB,23,0 days 00:01:30.583000,35.0,4.0,0 days 01:11:03.903000,,0 days 00:00:25.623000,0 days 00:00:38.160000,0 days 00:00:26.800000,0 days 01:11:28.831000,0 days 01:12:06.991000,0 days 01:12:33.791000,176.0,179.0,244.0,264.0,False,SOFT,13.0,False,Williams,0 days 01:11:03.903000,2026-06-05 15:58:15.910,1,,,,False,False,FP2
0 days 01:13:51.680000,ALB,23,0 days 00:01:17.889000,36.0,4.0,,,0 days 00:00:20.752000,0 days 00:00:36.676000,0 days 00:00:20.461000,0 days 01:12:54.543000,0 days 01:13:31.219000,0 days 01:13:51.680000,192.0,181.0,262.0,279.0,False,SOFT,14.0,False,Williams,0 days 01:12:33.791000,2026-06-05 15:59:45.798,1,,,,False,True,FP2
0 days 01:16:07.394000,ALB,23,0 days 00:02:15.714000,37.0,4.0,,,0 days 00:00:25.301000,0 days 00:00:47.367000,0 days 00:01:03.046000,0 days 01:14:16.981000,0 days 01:15:04.348000,0 days 01:16:07.394000,135.0,110.0,81.0,246.0,False,SOFT,15.0,False,Williams,0 days 01:13:51.680000,2026-06-05 16:01:03.687,1,,,,False,True,FP2
0 days 01:18:08.604000,ALB,23,0 days 00:02:01.210000,38.0,4.0,,,0 days 00:00:23.118000,0 days 00:00:39.462000,0 days 00:00:58.630000,0 days 01:16:30.512000,0 days 01:17:09.974000,0 days 01:18:08.604000,181.0,154.0,82.0,261.0,False,SOFT,16.0,False,Williams,0 days 01:16:07.394000,2026-06-05 16:03:19.401,1,,,,False,True,FP2
0 days 01:19:25.735000,ALB,23,,39.0,4.0,,0 days 01:19:25.735000,0 days 00:00:22.852000,0 days 00:00:38.196000,,0 days 01:18:31.650000,0 days 01:19:09.788000,,185.0,168.0,,265.0,False,SOFT,17.0,False,Williams,0 days 01:18:08.604000,2026-06-05 16:05:20.611,1,,,,False,False,FP2
0 days 00:14:42.422000,HUL,27,0 days 00:01:35.270000,1.0,1.0,0 days 00:13:07.915000,,0 days 00:00:29.969000,0 days 00:00:42.070000,0 days 00:00:23.231000,0 days 00:13:37.303000,0 days 00:14:19.438000,0 days 00:14:42.451000,136.0,163.0,242.0,260.0,False,MEDIUM,1.0,True,Audi,0 days 00:13:07.915000,2026-06-05 15:00:19.922,1,,,,False,False,FP2
0 days 00:16:04.075000,HUL,27,0 days 00:01:21.653000,2.0,1.0,,,0 days 00:00:21.992000,0 days 00:00:37.560000,0 days 00:00:22.101000,0 days 00:15:04.414000,0 days 00:15:41.974000,0 days 00:16:04.075000,169.0,184.0,264.0,282.0,True,MEDIUM,2.0,True,Audi,0 days 00:14:42.422000,2026-06-05 15:01:54.429,1,,,,False,True,FP2
0 days 00:17:30.741000,HUL,27,0 days 00:01:26.666000,3.0,1.0,,,0 days 00:00:21.854000,0 days 00:00:39.189000,0 days 00:00:25.623000,0 days 00:16:25.929000,0 days 00:17:05.118000,0 days 00:17:30.741000,180.0,128.0,263.0,278.0,False,MEDIUM,3.0,True,Audi,0 days 00:16:04.075000,2026-06-05 15:03:16.082,1,,,,False,True,FP2
0 days 00:18:47.116000,HUL,27,0 days 00:01:16.375000,4.0,1.0,,,0 days 00:00:20.412000,0 days 00:00:35.820000,0 days 00:00:20.143000,0 days 00:17:51.153000,0 days 00:18:26.973000,0 days 00:18:47.116000,201.0,194.0,265.0,282.0,True,MEDIUM,4.0,True,Audi,0 days 00:17:30.741000,2026-06-05 15:04:42.748,1,,,,False,True,FP2
0 days 00:20:14.985000,HUL,27,0 days 00:01:27.869000,5.0,1.0,,,0 days 00:00:25.934000,0 days 00:00:38.374000,0 days 00:00:23.561000,0 days 00:19:13.050000,0 days 00:19:51.424000,0 days 00:20:14.985000,170.0,176.0,227.0,265.0,False,MEDIUM,5.0,True,Audi,0 days 00:18:47.116000,2026-06-05 15:05:59.123,1,,,,False,True,FP2
0 days 00:21:35.152000,HUL,27,0 days 00:01:20.167000,6.0,1.0,,,0 days 00:00:20.435000,0 days 00:00:36.939000,0 days 00:00:22.793000,0 days 00:20:35.420000,0 days 00:21:12.359000,0 days 00:21:35.152000,205.0,163.0,263.0,273.0,False,MEDIUM,6.0,True,Audi,0 days 00:20:14.985000,2026-06-05 15:07:26.992,1,,,,False,True,FP2
0 days 00:22:54.836000,HUL,27,0 days 00:01:19.684000,7.0,1.0,,,0 days 00:00:19.816000,0 days 00:00:35.603000,0 days 00:00:24.265000,0 days 00:21:54.968000,0 days 00:22:30.571000,0 days 00:22:54.836000,211.0,188.0,204.0,281.0,False,MEDIUM,7.0,True,Audi,0 days 00:21:35.152000,2026-06-05 15:08:47.159,1,,,,False,True,FP2
0 days 00:24:28.825000,HUL,27,0 days 00:01:33.989000,8.0,1.0,,,0 days 00:00:26.579000,0 days 00:00:45.369000,0 days 00:00:22.041000,0 days 00:23:21.415000,0 days 00:24:06.784000,0 days 00:24:28.825000,98.0,163.0,263.0,221.0,False,MEDIUM,8.0,True,Audi,0 days 00:22:54.836000,2026-06-05 15:10:06.843,1,,,,False,True,FP2
0 days 00:25:44.013000,HUL,27,0 days 00:01:15.188000,9.0,1.0,,,0 days 00:00:19.909000,0 days 00:00:35.466000,0 days 00:00:19.813000,0 days 00:24:48.734000,0 days 00:25:24.200000,0 days 00:25:44.013000,210.0,197.0,265.0,281.0,True,MEDIUM,9.0,True,Audi,0 days 00:24:28.825000,2026-06-05 15:11:40.832,12,,,,False,True,FP2
0 days 00:34:59.853000,HUL,27,,10.0,1.0,,0 days 00:27:29.188000,0 days 00:00:31.316000,0 days 00:00:54.868000,,0 days 00:26:15.778000,0 days 00:27:10.380000,,94.0,129.0,,165.0,False,MEDIUM,10.0,True,Audi,0 days 00:25:44.013000,2026-06-05 15:12:56.020,2671,,,,False,False,FP2
0 days 00:36:30.809000,HUL,27,0 days 00:01:30.956000,11.0,2.0,0 days 00:35:01.222000,,0 days 00:00:28.316000,0 days 00:00:41.066000,0 days 00:00:21.574000,0 days 00:35:28.169000,0 days 00:36:09.235000,0 days 00:36:30.809000,125.0,170.0,263.0,266.0,False,SOFT,1.0,True,Audi,0 days 00:34:59.853000,2026-06-05 15:22:11.860,1,,,,False,False,FP2
0 days 00:37:48.385000,HUL,27,0 days 00:01:17.576000,12.0,2.0,,,0 days 00:00:20.732000,0 days 00:00:36.398000,0 days 00:00:20.446000,0 days 00:36:51.541000,0 days 00:37:27.939000,0 days 00:37:48.385000,195.0,189.0,264.0,280.0,False,SOFT,2.0,True,Audi,0 days 00:36:30.809000,2026-06-05 15:23:42.816,1,,,,False,True,FP2
0 days 00:39:02.479000,HUL,27,0 days 00:01:14.094000,13.0,2.0,,,0 days 00:00:19.506000,0 days 00:00:35.036000,0 days 00:00:19.552000,0 days 00:38:07.891000,0 days 00:38:42.927000,0 days 00:39:02.479000,216.0,194.0,264.0,282.0,True,SOFT,3.0,True,Audi,0 days 00:37:48.385000,2026-06-05 15:25:00.392,1,,,,False,True,FP2
0 days 00:40:38.855000,HUL,27,0 days 00:01:36.376000,14.0,2.0,,,0 days 00:00:27.155000,0 days 00:00:45.624000,0 days 00:00:23.597000,0 days 00:39:29.634000,0 days 00:40:15.258000,0 days 00:40:38.855000,102.0,161.0,263.0,226.0,False,SOFT,4.0,True,Audi,0 days 00:39:02.479000,2026-06-05 15:26:14.486,1,,,,False,True,FP2
0 days 00:41:59.411000,HUL,27,0 days 00:01:20.556000,15.0,2.0,,,0 days 00:00:19.676000,0 days 00:00:35.280000,0 days 00:00:25.600000,0 days 00:40:58.531000,0 days 00:41:33.811000,0 days 00:41:59.411000,213.0,192.0,160.0,281.0,False,SOFT,5.0,True,Audi,0 days 00:40:38.855000,2026-06-05 15:27:50.862,1,,,,False,True,FP2
0 days 00:43:37.525000,HUL,27,0 days 00:01:38.114000,16.0,2.0,,,0 days 00:00:25.543000,0 days 00:00:43.018000,0 days 00:00:29.553000,0 days 00:42:24.954000,0 days 00:43:07.972000,0 days 00:43:37.525000,172.0,157.0,249.0,247.0,False,SOFT,6.0,True,Audi,0 days 00:41:59.411000,2026-06-05 15:29:11.418,1,,,,False,True,FP2
0 days 00:44:52.478000,HUL,27,0 days 00:01:14.953000,17.0,2.0,,,0 days 00:00:19.948000,0 days 00:00:35.247000,0 days 00:00:19.758000,0 days 00:43:57.473000,0 days 00:44:32.720000,0 days 00:44:52.478000,209.0,196.0,265.0,282.0,False,SOFT,7.0,True,Audi,0 days 00:43:37.525000,2026-06-05 15:30:49.532,1,,,,False,True,FP2
0 days 00:46:27.293000,HUL,27,0 days 00:01:34.815000,18.0,2.0,,,0 days 00:00:25.879000,0 days 00:00:46.314000,0 days 00:00:22.622000,0 days 00:45:18.357000,0 days 00:46:04.671000,0 days 00:46:27.293000,152.0,158.0,242.0,228.0,False,SOFT,8.0,True,Audi,0 days 00:44:52.478000,2026-06-05 15:32:04.485,1,,,,False,True,FP2
0 days 00:47:54.317000,HUL,27,0 days 00:01:27.024000,19.0,2.0,,,0 days 00:00:21.811000,0 days 00:00:39.462000,0 days 00:00:25.751000,0 days 00:46:49.104000,0 days 00:47:28.566000,0 days 00:47:54.317000,126.0,183.0,264.0,276.0,False,SOFT,9.0,True,Audi,0 days 00:46:27.293000,2026-06-05 15:33:39.300,1,,,,False,True,FP2
0 days 00:54:54.347000,HUL,27,,20.0,2.0,,0 days 00:49:04.905000,0 days 00:00:19.728000,0 days 00:00:35.323000,,0 days 00:48:14.291000,0 days 00:48:49.641000,,211.0,178.0,,282.0,False,SOFT,10.0,True,Audi,0 days 00:47:54.317000,2026-06-05 15:35:06.324,1,,,,False,False,FP2
0 days 00:56:22.480000,HUL,27,0 days 00:01:28.133000,21.0,3.0,0 days 00:54:54.919000,,0 days 00:00:24.793000,0 days 00:00:41.532000,0 days 00:00:21.808000,0 days 00:55:19.140000,0 days 00:56:00.672000,0 days 00:56:22.480000,168.0,166.0,255.0,156.0,False,MEDIUM,11.0,False,Audi,0 days 00:54:54.347000,2026-06-05 15:42:06.354,1,,,,False,False,FP2
0 days 00:57:40.895000,HUL,27,0 days 00:01:18.415000,22.0,3.0,,,0 days 00:00:20.979000,0 days 00:00:36.746000,0 days 00:00:20.690000,0 days 00:56:43.459000,0 days 00:57:20.205000,0 days 00:57:40.895000,194.0,178.0,255.0,269.0,False,MEDIUM,12.0,False,Audi,0 days 00:56:22.480000,2026-06-05 15:43:34.487,1,,,,False,True,FP2
0 days 00:59:00.399000,HUL,27,0 days 00:01:19.504000,23.0,3.0,,,0 days 00:00:20.834000,0 days 00:00:36.734000,0 days 00:00:21.936000,0 days 00:58:01.729000,0 days 00:58:38.463000,0 days 00:59:00.399000,194.0,180.0,259.0,270.0,False,MEDIUM,13.0,False,Audi,0 days 00:57:40.895000,2026-06-05 15:44:52.902,1,,,,False,True,FP2
0 days 01:00:17.221000,HUL,27,0 days 00:01:16.822000,24.0,3.0,,,0 days 00:00:20.377000,0 days 00:00:36.042000,0 days 00:00:20.403000,0 days 00:59:20.776000,0 days 00:59:56.818000,0 days 01:00:17.221000,200.0,188.0,255.0,277.0,False,MEDIUM,14.0,False,Audi,0 days 00:59:00.399000,2026-06-05 15:46:12.406,1,,,,False,True,FP2
0 days 01:01:35.581000,HUL,27,0 days 00:01:18.360000,25.0,3.0,,,0 days 00:00:20.320000,0 days 00:00:37.631000,0 days 00:00:20.409000,0 days 01:00:37.541000,0 days 01:01:15.172000,0 days 01:01:35.581000,201.0,186.0,254.0,265.0,False,MEDIUM,15.0,False,Audi,0 days 01:00:17.221000,2026-06-05 15:47:29.228,1,,,,False,True,FP2
0 days 01:02:52.323000,HUL,27,0 days 00:01:16.742000,26.0,3.0,,,0 days 00:00:20.190000,0 days 00:00:36.125000,0 days 00:00:20.427000,0 days 01:01:55.771000,0 days 01:02:31.896000,0 days 01:02:52.323000,201.0,187.0,254.0,269.0,False,MEDIUM,16.0,False,Audi,0 days 01:01:35.581000,2026-06-05 15:48:47.588,1,,,,False,True,FP2
0 days 01:04:08.962000,HUL,27,0 days 00:01:16.639000,27.0,3.0,,,0 days 00:00:20.221000,0 days 00:00:36.155000,0 days 00:00:20.263000,0 days 01:03:12.544000,0 days 01:03:48.699000,0 days 01:04:08.962000,201.0,189.0,255.0,268.0,False,MEDIUM,17.0,False,Audi,0 days 01:02:52.323000,2026-06-05 15:50:04.330,1,,,,False,True,FP2
0 days 01:05:25.679000,HUL,27,0 days 00:01:16.717000,28.0,3.0,,,0 days 00:00:20.342000,0 days 00:00:36.128000,0 days 00:00:20.247000,0 days 01:04:29.304000,0 days 01:05:05.432000,0 days 01:05:25.679000,201.0,189.0,255.0,269.0,False,MEDIUM,18.0,False,Audi,0 days 01:04:08.962000,2026-06-05 15:51:20.969,1,,,,False,True,FP2
0 days 01:06:42.184000,HUL,27,0 days 00:01:16.505000,29.0,3.0,,,0 days 00:00:20.097000,0 days 00:00:36.101000,0 days 00:00:20.307000,0 days 01:05:45.776000,0 days 01:06:21.877000,0 days 01:06:42.184000,205.0,190.0,253.0,269.0,False,MEDIUM,19.0,False,Audi,0 days 01:05:25.679000,2026-06-05 15:52:37.686,1,,,,False,True,FP2
0 days 01:11:12.449000,HUL,27,,30.0,3.0,,0 days 01:09:45.969000,0 days 00:00:20.339000,0 days 00:00:36.197000,,0 days 01:07:02.678000,0 days 01:07:38.912000,,204.0,189.0,,265.0,False,MEDIUM,20.0,False,Audi,0 days 01:06:42.184000,2026-06-05 15:53:54.191,125,,,,False,False,FP2
0 days 01:12:52.605000,HUL,27,0 days 00:01:40.156000,31.0,4.0,0 days 01:11:13.032000,,0 days 00:00:24.969000,0 days 00:00:43.858000,0 days 00:00:31.329000,0 days 01:11:37.418000,0 days 01:12:21.276000,0 days 01:12:52.605000,169.0,132.0,217.0,232.0,False,MEDIUM,21.0,False,Audi,0 days 01:11:13.032000,2026-06-05 15:58:25.039,1,,,,False,False,FP2
0 days 01:14:54.001000,HUL,27,0 days 00:02:01.396000,32.0,4.0,,,0 days 00:00:23.630000,0 days 00:00:39.228000,0 days 00:00:58.538000,0 days 01:13:16.235000,0 days 01:13:55.463000,0 days 01:14:54.001000,185.0,170.0,4.0,266.0,False,MEDIUM,22.0,False,Audi,0 days 01:12:52.605000,2026-06-05 16:00:04.612,1,,,,False,True,FP2
0 days 01:17:02.751000,HUL,27,0 days 00:02:08.750000,33.0,4.0,,,0 days 00:00:24.893000,0 days 00:00:42.014000,0 days 00:01:01.843000,0 days 01:15:18.894000,0 days 01:16:00.908000,0 days 01:17:02.751000,170.0,121.0,4.0,258.0,False,MEDIUM,23.0,False,Audi,0 days 01:14:54.001000,2026-06-05 16:02:06.008,1,,,,False,True,FP2
0 days 01:18:23.327000,HUL,27,,34.0,4.0,,0 days 01:18:23.327000,0 days 00:00:26.732000,0 days 00:00:38.981000,,0 days 01:17:29.541000,0 days 01:18:08.585000,,155.0,176.0,,260.0,False,MEDIUM,24.0,False,Audi,0 days 01:17:02.751000,2026-06-05 16:04:14.758,1,,,,False,False,FP2
0 days 00:14:25.901000,VER,3,0 days 00:01:30.990000,1.0,1.0,0 days 00:12:56.355000,,0 days 00:00:28.672000,0 days 00:00:40.055000,0 days 00:00:22.263000,0 days 00:13:23.889000,0 days 00:14:03.883000,0 days 00:14:26.037000,169.0,171.0,233.0,260.0,False,MEDIUM,1.0,True,Red Bull Racing,0 days 00:12:56.355000,2026-06-05 15:00:08.362,1,,,,False,False,FP2
0 days 00:15:49.940000,VER,3,0 days 00:01:24.039000,2.0,1.0,,,0 days 00:00:21.285000,0 days 00:00:37.901000,0 days 00:00:24.853000,0 days 00:14:47.186000,0 days 00:15:25.087000,0 days 00:15:49.940000,183.0,178.0,263.0,267.0,True,MEDIUM,2.0,True,Red Bull Racing,0 days 00:14:25.901000,2026-06-05 15:01:37.908,1,,,,False,True,FP2
0 days 00:17:05.873000,VER,3,0 days 00:01:15.933000,3.0,1.0,,,0 days 00:00:19.980000,0 days 00:00:35.987000,0 days 00:00:19.966000,0 days 00:16:09.920000,0 days 00:16:45.907000,0 days 00:17:05.873000,195.0,191.0,263.0,280.0,True,MEDIUM,3.0,True,Red Bull Racing,0 days 00:15:49.940000,2026-06-05 15:03:01.947,1,,,,False,True,FP2
0 days 00:18:20.833000,VER,3,0 days 00:01:14.960000,4.0,1.0,,,0 days 00:00:19.648000,0 days 00:00:35.476000,0 days 00:00:19.836000,0 days 00:17:25.521000,0 days 00:18:00.997000,0 days 00:18:20.833000,209.0,197.0,263.0,281.0,True,MEDIUM,4.0,True,Red Bull Racing,0 days 00:17:05.873000,2026-06-05 15:04:17.880,1,,,,False,True,FP2
0 days 00:20:00.417000,VER,3,0 days 00:01:39.584000,5.0,1.0,,,0 days 00:00:25.350000,0 days 00:00:50.492000,0 days 00:00:23.742000,0 days 00:18:46.183000,0 days 00:19:36.675000,0 days 00:20:00.417000,100.0,178.0,263.0,197.0,False,MEDIUM,5.0,True,Red Bull Racing,0 days 00:18:20.833000,2026-06-05 15:05:32.840,1,,,,False,True,FP2
0 days 00:21:23.029000,VER,3,0 days 00:01:22.612000,6.0,1.0,,,0 days 00:00:20.800000,0 days 00:00:41.669000,0 days 00:00:20.143000,0 days 00:20:21.217000,0 days 00:21:02.886000,0 days 00:21:23.029000,173.0,191.0,264.0,183.0,False,MEDIUM,6.0,True,Red Bull Racing,0 days 00:20:00.417000,2026-06-05 15:07:12.424,1,,,,False,True,FP2
0 days 00:22:37.037000,VER,3,0 days 00:01:14.008000,7.0,1.0,,,0 days 00:00:19.485000,0 days 00:00:35.019000,0 days 00:00:19.504000,0 days 00:21:42.514000,0 days 00:22:17.533000,0 days 00:22:37.037000,213.0,194.0,263.0,280.0,True,MEDIUM,7.0,True,Red Bull Racing,0 days 00:21:23.029000,2026-06-05 15:08:35.036,1,,,,False,True,FP2
0 days 00:24:08.582000,VER,3,0 days 00:01:31.545000,8.0,1.0,,,0 days 00:00:25.116000,0 days 00:00:44.711000,0 days 00:00:21.718000,0 days 00:23:02.153000,0 days 00:23:46.864000,0 days 00:24:08.582000,144.0,167.0,261.0,213.0,False,MEDIUM,8.0,True,Red Bull Racing,0 days 00:22:37.037000,2026-06-05 15:09:49.044,1,,,,False,True,FP2
0 days 00:25:22.757000,VER,3,0 days 00:01:14.175000,9.0,1.0,,,0 days 00:00:19.488000,0 days 00:00:35.075000,0 days 00:00:19.612000,0 days 00:24:28.070000,0 days 00:25:03.145000,0 days 00:25:22.757000,212.0,198.0,259.0,281.0,False,MEDIUM,9.0,True,Red Bull Racing,0 days 00:24:08.582000,2026-06-05 15:11:20.589,1,,,,False,True,FP2
0 days 00:34:55.031000,VER,3,,10.0,1.0,,0 days 00:27:01.178000,0 days 00:00:23.211000,0 days 00:00:56.601000,,0 days 00:25:46.373000,0 days 00:26:42.835000,,89.0,154.0,,124.0,False,MEDIUM,10.0,True,Red Bull Racing,0 days 00:25:22.757000,2026-06-05 15:12:34.764,1267,,,,False,False,FP2
0 days 00:36:20.700000,VER,3,0 days 00:01:25.669000,11.0,2.0,0 days 00:34:55.753000,,0 days 00:00:25.120000,0 days 00:00:39.182000,0 days 00:00:21.367000,0 days 00:35:20.151000,0 days 00:35:59.333000,0 days 00:36:20.700000,183.0,181.0,228.0,256.0,False,SOFT,1.0,True,Red Bull Racing,0 days 00:34:55.031000,2026-06-05 15:22:07.038,1,,,,False,False,FP2
0 days 00:37:38.229000,VER,3,0 days 00:01:17.529000,12.0,2.0,,,0 days 00:00:20.769000,0 days 00:00:36.585000,0 days 00:00:20.175000,0 days 00:36:41.469000,0 days 00:37:18.054000,0 days 00:37:38.229000,198.0,193.0,263.0,263.0,False,SOFT,2.0,True,Red Bull Racing,0 days 00:36:20.700000,2026-06-05 15:23:32.707,1,,,,False,True,FP2
0 days 00:38:52.131000,VER,3,0 days 00:01:13.902000,13.0,2.0,,,0 days 00:00:19.566000,0 days 00:00:34.898000,0 days 00:00:19.438000,0 days 00:37:57.795000,0 days 00:38:32.693000,0 days 00:38:52.131000,217.0,198.0,262.0,280.0,True,SOFT,3.0,True,Red Bull Racing,0 days 00:37:38.229000,2026-06-05 15:24:50.236,1,,,,False,True,FP2
0 days 00:40:05.598000,VER,3,0 days 00:01:13.467000,14.0,2.0,,,0 days 00:00:19.332000,0 days 00:00:34.600000,0 days 00:00:19.535000,0 days 00:39:11.463000,0 days 00:39:46.063000,0 days 00:40:05.598000,218.0,198.0,263.0,281.0,True,SOFT,4.0,True,Red Bull Racing,0 days 00:38:52.131000,2026-06-05 15:26:04.138,1,,,,False,True,FP2
0 days 00:41:46.226000,VER,3,0 days 00:01:40.628000,15.0,2.0,,,0 days 00:00:27.873000,0 days 00:00:50.760000,0 days 00:00:21.995000,0 days 00:40:33.471000,0 days 00:41:24.231000,0 days 00:41:46.226000,121.0,161.0,262.0,197.0,False,SOFT,5.0,True,Red Bull Racing,0 days 00:40:05.598000,2026-06-05 15:27:17.605,1,,,,False,True,FP2
0 days 00:43:11.625000,VER,3,0 days 00:01:25.399000,16.0,2.0,,,0 days 00:00:20.832000,0 days 00:00:38.391000,0 days 00:00:26.176000,0 days 00:42:07.058000,0 days 00:42:45.449000,0 days 00:43:11.625000,183.0,187.0,262.0,267.0,False,SOFT,6.0,True,Red Bull Racing,0 days 00:41:46.226000,2026-06-05 15:28:58.233,1,,,,False,True,FP2
0 days 00:44:25.125000,VER,3,0 days 00:01:13.500000,17.0,2.0,,,0 days 00:00:19.303000,0 days 00:00:34.707000,0 days 00:00:19.490000,0 days 00:43:30.928000,0 days 00:44:05.635000,0 days 00:44:25.125000,216.0,198.0,264.0,281.0,False,SOFT,7.0,True,Red Bull Racing,0 days 00:43:11.625000,2026-06-05 15:30:23.632,1,,,,False,True,FP2
0 days 00:45:45.785000,VER,3,0 days 00:01:20.660000,18.0,2.0,,,0 days 00:00:21.633000,0 days 00:00:37.090000,0 days 00:00:21.937000,0 days 00:44:46.758000,0 days 00:45:23.848000,0 days 00:45:45.785000,166.0,193.0,266.0,265.0,False,SOFT,8.0,True,Red Bull Racing,0 days 00:44:25.125000,2026-06-05 15:31:37.132,1,,,,False,True,FP2
0 days 00:46:58.979000,VER,3,0 days 00:01:13.194000,19.0,2.0,,,0 days 00:00:19.254000,0 days 00:00:34.550000,0 days 00:00:19.390000,0 days 00:46:05.039000,0 days 00:46:39.589000,0 days 00:46:58.979000,217.0,199.0,264.0,281.0,True,SOFT,9.0,True,Red Bull Racing,0 days 00:45:45.785000,2026-06-05 15:32:57.792,1,,,,False,True,FP2
0 days 00:53:05.631000,VER,3,,20.0,2.0,,0 days 00:48:17.492000,0 days 00:00:19.195000,0 days 00:00:44.063000,,0 days 00:47:18.396000,0 days 00:48:02.529000,,219.0,165.0,,240.0,False,SOFT,10.0,True,Red Bull Racing,0 days 00:46:58.979000,2026-06-05 15:34:10.986,1,,,,False,False,FP2
0 days 00:54:32.684000,VER,3,0 days 00:01:27.053000,21.0,3.0,0 days 00:53:06.310000,,0 days 00:00:26.743000,0 days 00:00:38.780000,0 days 00:00:21.530000,0 days 00:53:32.374000,0 days 00:54:11.154000,0 days 00:54:32.684000,180.0,176.0,259.0,268.0,False,SOFT,11.0,False,Red Bull Racing,0 days 00:53:05.631000,2026-06-05 15:40:17.638,1,,,,False,False,FP2
0 days 00:55:50.389000,VER,3,0 days 00:01:17.705000,22.0,3.0,,,0 days 00:00:20.704000,0 days 00:00:36.375000,0 days 00:00:20.626000,0 days 00:54:53.388000,0 days 00:55:29.763000,0 days 00:55:50.389000,194.0,186.0,254.0,277.0,False,SOFT,12.0,False,Red Bull Racing,0 days 00:54:32.684000,2026-06-05 15:41:44.691,1,,,,False,True,FP2
0 days 00:57:07.090000,VER,3,0 days 00:01:16.701000,23.0,3.0,,,0 days 00:00:20.215000,0 days 00:00:36.196000,0 days 00:00:20.290000,0 days 00:56:10.604000,0 days 00:56:46.800000,0 days 00:57:07.090000,204.0,187.0,255.0,268.0,False,SOFT,13.0,False,Red Bull Racing,0 days 00:55:50.389000,2026-06-05 15:43:02.396,1,,,,False,True,FP2
0 days 00:58:23.529000,VER,3,0 days 00:01:16.439000,24.0,3.0,,,0 days 00:00:20.078000,0 days 00:00:36.173000,0 days 00:00:20.188000,0 days 00:57:27.168000,0 days 00:58:03.341000,0 days 00:58:23.529000,202.0,191.0,256.0,268.0,False,SOFT,14.0,False,Red Bull Racing,0 days 00:57:07.090000,2026-06-05 15:44:19.097,1,,,,False,True,FP2
0 days 00:59:39.995000,VER,3,0 days 00:01:16.466000,25.0,3.0,,,0 days 00:00:20.162000,0 days 00:00:36.110000,0 days 00:00:20.194000,0 days 00:58:43.691000,0 days 00:59:19.801000,0 days 00:59:39.995000,205.0,192.0,255.0,270.0,False,SOFT,15.0,False,Red Bull Racing,0 days 00:58:23.529000,2026-06-05 15:45:35.536,1,,,,False,True,FP2
0 days 01:00:56.464000,VER,3,0 days 00:01:16.469000,26.0,3.0,,,0 days 00:00:20.149000,0 days 00:00:35.971000,0 days 00:00:20.349000,0 days 01:00:00.144000,0 days 01:00:36.115000,0 days 01:00:56.464000,206.0,192.0,255.0,270.0,False,SOFT,16.0,False,Red Bull Racing,0 days 00:59:39.995000,2026-06-05 15:46:52.002,1,,,,False,True,FP2
0 days 01:02:12.811000,VER,3,0 days 00:01:16.347000,27.0,3.0,,,0 days 00:00:20.109000,0 days 00:00:36.007000,0 days 00:00:20.231000,0 days 01:01:16.573000,0 days 01:01:52.580000,0 days 01:02:12.811000,208.0,191.0,255.0,270.0,False,SOFT,17.0,False,Red Bull Racing,0 days 01:00:56.464000,2026-06-05 15:48:08.471,1,,,,False,True,FP2
0 days 01:03:29.388000,VER,3,0 days 00:01:16.577000,28.0,3.0,,,0 days 00:00:20.143000,0 days 00:00:36.224000,0 days 00:00:20.210000,0 days 01:02:32.954000,0 days 01:03:09.178000,0 days 01:03:29.388000,204.0,189.0,256.0,269.0,False,SOFT,18.0,False,Red Bull Racing,0 days 01:02:12.811000,2026-06-05 15:49:24.818,1,,,,False,True,FP2
0 days 01:04:46.298000,VER,3,0 days 00:01:16.910000,29.0,3.0,,,0 days 00:00:20.068000,0 days 00:00:36.011000,0 days 00:00:20.831000,0 days 01:03:49.456000,0 days 01:04:25.467000,0 days 01:04:46.298000,209.0,189.0,256.0,270.0,False,SOFT,19.0,False,Red Bull Racing,0 days 01:03:29.388000,2026-06-05 15:50:41.395,1,,,,False,True,FP2
0 days 01:06:27.371000,VER,3,0 days 00:01:41.073000,30.0,3.0,,0 days 01:05:58.224000,0 days 00:00:20.202000,0 days 00:00:36.605000,0 days 00:00:44.266000,0 days 01:05:06.500000,0 days 01:05:43.105000,0 days 01:06:27.371000,203.0,189.0,,272.0,False,SOFT,20.0,False,Red Bull Racing,0 days 01:04:46.298000,2026-06-05 15:51:58.305,1,,,,False,False,FP2
0 days 01:11:41.870000,VER,3,,31.0,4.0,0 days 01:06:28.072000,0 days 01:09:34.769000,0 days 00:00:24.801000,0 days 00:00:38.378000,,0 days 01:06:52.269000,0 days 01:07:30.696000,,157.0,184.0,,266.0,False,MEDIUM,11.0,False,Red Bull Racing,0 days 01:06:27.371000,2026-06-05 15:53:39.378,125,,,,False,False,FP2
0 days 01:13:09.102000,VER,3,0 days 00:01:27.232000,32.0,5.0,0 days 01:11:42.439000,,0 days 00:00:26.282000,0 days 00:00:39.151000,0 days 00:00:21.799000,0 days 01:12:08.152000,0 days 01:12:47.303000,0 days 01:13:09.102000,173.0,178.0,216.0,250.0,False,MEDIUM,12.0,False,Red Bull Racing,0 days 01:11:42.439000,2026-06-05 15:58:54.446,1,,,,False,False,FP2
0 days 01:15:21.743000,VER,3,0 days 00:02:12.641000,33.0,5.0,,,0 days 00:00:21.927000,0 days 00:00:39.900000,0 days 00:01:10.814000,0 days 01:13:31.029000,0 days 01:14:10.929000,0 days 01:15:21.743000,193.0,168.0,10.0,240.0,False,MEDIUM,13.0,False,Red Bull Racing,0 days 01:13:09.102000,2026-06-05 16:00:21.109,1,,,,False,True,FP2
0 days 01:17:29.731000,VER,3,0 days 00:02:07.988000,34.0,5.0,,,0 days 00:00:24.629000,0 days 00:00:39.955000,0 days 00:01:03.404000,0 days 01:15:46.372000,0 days 01:16:26.327000,0 days 01:17:29.731000,178.0,151.0,77.0,246.0,False,MEDIUM,14.0,False,Red Bull Racing,0 days 01:15:21.743000,2026-06-05 16:02:33.750,1,,,,False,True,FP2
0 days 01:18:51.851000,VER,3,,35.0,5.0,,0 days 01:18:51.851000,0 days 00:00:23.683000,0 days 00:00:42.020000,,0 days 01:17:53.628000,0 days 01:18:35.619000,,167.0,173.0,,241.0,False,MEDIUM,15.0,False,Red Bull Racing,0 days 01:17:29.731000,2026-06-05 16:04:41.738,1,,,,False,False,FP2
0 days 00:15:00.835000,LAW,30,0 days 00:01:39.150000,1.0,1.0,0 days 00:13:22.561000,,0 days 00:00:31.810000,0 days 00:00:42.314000,0 days 00:00:25.026000,0 days 00:13:53.772000,0 days 00:14:36.061000,0 days 00:15:00.929000,139.0,159.0,223.0,257.0,False,MEDIUM,1.0,True,Racing Bulls,0 days 00:13:22.561000,2026-06-05 15:00:34.568,1,,,,False,False,FP2
0 days 00:16:29.185000,LAW,30,0 days 00:01:28.350000,2.0,1.0,,,0 days 00:00:21.514000,0 days 00:00:39.625000,0 days 00:00:27.211000,0 days 00:15:22.349000,0 days 00:16:01.974000,0 days 00:16:29.185000,182.0,162.0,262.0,251.0,True,MEDIUM,2.0,True,Racing Bulls,0 days 00:15:00.835000,2026-06-05 15:02:12.842,1,,,,False,True,FP2
0 days 00:17:46.177000,LAW,30,0 days 00:01:16.992000,3.0,1.0,,,0 days 00:00:20.428000,0 days 00:00:36.303000,0 days 00:00:20.261000,0 days 00:16:49.613000,0 days 00:17:25.916000,0 days 00:17:46.177000,194.0,195.0,265.0,285.0,True,MEDIUM,3.0,True,Racing Bulls,0 days 00:16:29.185000,2026-06-05 15:03:41.192,1,,,,False,True,FP2
0 days 00:19:02.459000,LAW,30,0 days 00:01:16.282000,4.0,1.0,,,0 days 00:00:20.158000,0 days 00:00:35.823000,0 days 00:00:20.301000,0 days 00:18:06.335000,0 days 00:18:42.158000,0 days 00:19:02.459000,200.0,194.0,266.0,285.0,True,MEDIUM,4.0,True,Racing Bulls,0 days 00:17:46.177000,2026-06-05 15:04:58.184,1,,,,False,True,FP2
0 days 00:20:34.050000,LAW,30,0 days 00:01:31.591000,5.0,1.0,,,0 days 00:00:23.630000,0 days 00:00:43.399000,0 days 00:00:24.562000,0 days 00:19:26.089000,0 days 00:20:09.488000,0 days 00:20:34.050000,160.0,152.0,263.0,234.0,False,MEDIUM,5.0,True,Racing Bulls,0 days 00:19:02.459000,2026-06-05 15:06:14.466,1,,,,False,True,FP2
0 days 00:22:01.890000,LAW,30,0 days 00:01:27.840000,6.0,1.0,,,0 days 00:00:20.093000,0 days 00:00:44.607000,0 days 00:00:23.140000,0 days 00:20:54.143000,0 days 00:21:38.750000,0 days 00:22:01.890000,202.0,158.0,262.0,253.0,False,MEDIUM,6.0,True,Racing Bulls,0 days 00:20:34.050000,2026-06-05 15:07:46.057,1,,,,False,True,FP2
0 days 00:23:17.890000,LAW,30,0 days 00:01:16,7.0,1.0,,,0 days 00:00:19.937000,0 days 00:00:35.913000,0 days 00:00:20.150000,0 days 00:22:21.827000,0 days 00:22:57.740000,0 days 00:23:17.890000,203.0,195.0,265.0,283.0,True,MEDIUM,7.0,True,Racing Bulls,0 days 00:22:01.890000,2026-06-05 15:09:13.897,1,,,,False,True,FP2
0 days 00:24:59.381000,LAW,30,0 days 00:01:41.491000,8.0,1.0,,,0 days 00:00:25.917000,0 days 00:00:47.675000,0 days 00:00:27.899000,0 days 00:23:43.807000,0 days 00:24:31.482000,0 days 00:24:59.381000,142.0,137.0,261.0,250.0,False,MEDIUM,8.0,True,Racing Bulls,0 days 00:23:17.890000,2026-06-05 15:10:29.897,1,,,,False,True,FP2
0 days 00:26:28.894000,LAW,30,0 days 00:01:29.513000,9.0,1.0,,,0 days 00:00:20.192000,0 days 00:00:39.773000,0 days 00:00:29.548000,0 days 00:25:19.573000,0 days 00:25:59.346000,0 days 00:26:28.894000,201.0,134.0,210.0,264.0,False,MEDIUM,9.0,True,Racing Bulls,0 days 00:24:59.381000,2026-06-05 15:12:11.388,126,,,,False,False,FP2
0 days 00:28:36.508000,LAW,30,0 days 00:02:07.614000,10.0,1.0,,,0 days 00:00:29.271000,0 days 00:01:08.760000,0 days 00:00:29.583000,0 days 00:26:58.165000,0 days 00:28:06.925000,0 days 00:28:36.508000,140.0,66.0,253.0,130.0,False,MEDIUM,10.0,True,Racing Bulls,0 days 00:26:28.894000,2026-06-05 15:13:40.901,6,,,,False,False,FP2
0 days 00:30:14.963000,LAW,30,0 days 00:01:38.455000,11.0,1.0,,,0 days 00:00:24.232000,0 days 00:00:50.313000,0 days 00:00:23.910000,0 days 00:29:00.740000,0 days 00:29:51.053000,0 days 00:30:14.963000,102.0,144.0,261.0,209.0,False,MEDIUM,11.0,True,Racing Bulls,0 days 00:28:36.508000,2026-06-05 15:15:48.515,6,,,,False,False,FP2
0 days 00:31:44.709000,LAW,30,0 days 00:01:29.746000,12.0,1.0,,,0 days 00:00:21.755000,0 days 00:00:45.112000,0 days 00:00:22.879000,0 days 00:30:36.718000,0 days 00:31:21.830000,0 days 00:31:44.709000,158.0,167.0,264.0,266.0,False,MEDIUM,12.0,True,Racing Bulls,0 days 00:30:14.963000,2026-06-05 15:17:26.970,671,,,,False,False,FP2
0 days 00:33:03.500000,LAW,30,0 days 00:01:18.791000,13.0,1.0,,,0 days 00:00:20.158000,0 days 00:00:36.758000,0 days 00:00:21.875000,0 days 00:32:04.867000,0 days 00:32:41.625000,0 days 00:33:03.500000,203.0,178.0,264.0,282.0,False,MEDIUM,13.0,True,Racing Bulls,0 days 00:31:44.709000,2026-06-05 15:18:56.716,1,,,,False,True,FP2
0 days 00:34:19.002000,LAW,30,0 days 00:01:15.502000,14.0,1.0,,,0 days 00:00:19.906000,0 days 00:00:35.652000,0 days 00:00:19.944000,0 days 00:33:23.406000,0 days 00:33:59.058000,0 days 00:34:19.002000,196.0,195.0,265.0,282.0,True,MEDIUM,14.0,True,Racing Bulls,0 days 00:33:03.500000,2026-06-05 15:20:15.507,1,,,,False,True,FP2
0 days 00:39:27.619000,LAW,30,,15.0,1.0,,0 days 00:35:37.001000,0 days 00:00:21.788000,0 days 00:00:40.121000,,0 days 00:34:41.084000,0 days 00:35:21.099000,,176.0,171.0,,266.0,False,MEDIUM,15.0,True,Racing Bulls,0 days 00:34:19.002000,2026-06-05 15:21:31.009,1,,,,False,False,FP2
0 days 00:41:01.898000,LAW,30,0 days 00:01:34.279000,16.0,2.0,0 days 00:39:28.423000,,0 days 00:00:27.383000,0 days 00:00:39.822000,0 days 00:00:27.074000,0 days 00:39:55.002000,0 days 00:40:34.824000,0 days 00:41:01.898000,152.0,170.0,261.0,268.0,False,SOFT,1.0,True,Racing Bulls,0 days 00:39:27.619000,2026-06-05 15:26:39.626,1,,,,False,False,FP2
0 days 00:42:27.821000,LAW,30,0 days 00:01:25.923000,17.0,2.0,,,0 days 00:00:21.612000,0 days 00:00:39.780000,0 days 00:00:24.531000,0 days 00:41:23.510000,0 days 00:42:03.290000,0 days 00:42:27.821000,166.0,158.0,264.0,263.0,False,SOFT,2.0,True,Racing Bulls,0 days 00:41:01.898000,2026-06-05 15:28:13.905,1,,,,False,True,FP2
0 days 00:43:43.456000,LAW,30,0 days 00:01:15.635000,18.0,2.0,,,0 days 00:00:19.937000,0 days 00:00:35.501000,0 days 00:00:20.197000,0 days 00:42:47.758000,0 days 00:43:23.259000,0 days 00:43:43.456000,200.0,196.0,266.0,283.0,False,SOFT,3.0,True,Racing Bulls,0 days 00:42:27.821000,2026-06-05 15:29:39.828,1,,,,False,True,FP2
0 days 00:45:20.612000,LAW,30,0 days 00:01:37.156000,19.0,2.0,,,0 days 00:00:26.375000,0 days 00:00:44.866000,0 days 00:00:25.915000,0 days 00:44:09.831000,0 days 00:44:54.697000,0 days 00:45:20.612000,153.0,107.0,263.0,265.0,False,SOFT,4.0,True,Racing Bulls,0 days 00:43:43.456000,2026-06-05 15:30:55.463,1,,,,False,True,FP2
0 days 00:46:35.852000,LAW,30,0 days 00:01:15.240000,20.0,2.0,,,0 days 00:00:19.845000,0 days 00:00:35.516000,0 days 00:00:19.879000,0 days 00:45:40.457000,0 days 00:46:15.973000,0 days 00:46:35.852000,204.0,199.0,265.0,283.0,True,SOFT,5.0,True,Racing Bulls,0 days 00:45:20.612000,2026-06-05 15:32:32.619,1,,,,False,True,FP2
0 days 00:47:50.989000,LAW,30,0 days 00:01:15.137000,21.0,2.0,,,0 days 00:00:19.783000,0 days 00:00:35.454000,0 days 00:00:19.900000,0 days 00:46:55.635000,0 days 00:47:31.089000,0 days 00:47:50.989000,207.0,199.0,265.0,283.0,True,SOFT,6.0,True,Racing Bulls,0 days 00:46:35.852000,2026-06-05 15:33:47.859,1,,,,False,True,FP2
0 days 00:49:31.379000,LAW,30,0 days 00:01:40.390000,22.0,2.0,,,0 days 00:00:27.552000,0 days 00:00:47.451000,0 days 00:00:25.387000,0 days 00:48:18.541000,0 days 00:49:05.992000,0 days 00:49:31.379000,107.0,130.0,244.0,205.0,False,SOFT,7.0,True,Racing Bulls,0 days 00:47:50.989000,2026-06-05 15:35:02.996,1,,,,False,True,FP2
0 days 00:51:12.321000,LAW,30,0 days 00:01:40.942000,23.0,2.0,,,0 days 00:00:24.531000,0 days 00:00:48.964000,0 days 00:00:27.447000,0 days 00:49:55.910000,0 days 00:50:44.874000,0 days 00:51:12.321000,160.0,134.0,261.0,180.0,False,SOFT,8.0,True,Racing Bulls,0 days 00:49:31.379000,2026-06-05 15:36:43.386,1,,,,False,True,FP2
0 days 00:52:42.990000,LAW,30,0 days 00:01:30.669000,24.0,2.0,,,0 days 00:00:22.650000,0 days 00:00:46.127000,0 days 00:00:21.892000,0 days 00:51:34.971000,0 days 00:52:21.098000,0 days 00:52:42.990000,103.0,172.0,261.0,193.0,False,SOFT,9.0,True,Racing Bulls,0 days 00:51:12.321000,2026-06-05 15:38:24.328,1,,,,False,True,FP2
0 days 00:53:58.191000,LAW,30,0 days 00:01:15.201000,25.0,2.0,,,0 days 00:00:19.856000,0 days 00:00:35.477000,0 days 00:00:19.868000,0 days 00:53:02.846000,0 days 00:53:38.323000,0 days 00:53:58.191000,204.0,196.0,264.0,281.0,False,SOFT,10.0,True,Racing Bulls,0 days 00:52:42.990000,2026-06-05 15:39:54.997,1,,,,False,True,FP2
0 days 00:55:21.877000,LAW,30,0 days 00:01:23.686000,26.0,2.0,,,0 days 00:00:19.719000,0 days 00:00:41.424000,0 days 00:00:22.543000,0 days 00:54:17.910000,0 days 00:54:59.334000,0 days 00:55:21.877000,202.0,165.0,262.0,199.0,False,SOFT,11.0,True,Racing Bulls,0 days 00:53:58.191000,2026-06-05 15:41:10.198,1,,,,False,True,FP2
0 days 00:56:36.662000,LAW,30,0 days 00:01:14.785000,27.0,2.0,,,0 days 00:00:19.698000,0 days 00:00:35.266000,0 days 00:00:19.821000,0 days 00:55:41.575000,0 days 00:56:16.841000,0 days 00:56:36.662000,203.0,198.0,264.0,282.0,True,SOFT,12.0,True,Racing Bulls,0 days 00:55:21.877000,2026-06-05 15:42:33.884,1,,,,False,True,FP2
0 days 01:04:55.496000,LAW,30,,28.0,2.0,,0 days 00:57:54.739000,0 days 00:00:22.955000,0 days 00:00:38.874000,,0 days 00:56:59.974000,0 days 00:57:38.824000,,171.0,175.0,,261.0,False,SOFT,13.0,True,Racing Bulls,0 days 00:56:36.662000,2026-06-05 15:43:48.669,1,,,,False,False,FP2
0 days 01:06:21.764000,LAW,30,0 days 00:01:26.268000,29.0,3.0,0 days 01:04:56.118000,,0 days 00:00:25.031000,0 days 00:00:39.519000,0 days 00:00:21.718000,0 days 01:05:20.527000,0 days 01:06:00.046000,0 days 01:06:21.764000,147.0,167.0,253.0,260.0,False,MEDIUM,16.0,False,Racing Bulls,0 days 01:04:55.496000,2026-06-05 15:52:07.503,1,,,,False,False,FP2
0 days 01:07:41.865000,LAW,30,0 days 00:01:20.101000,30.0,3.0,,,0 days 00:00:21.350000,0 days 00:00:37.800000,0 days 00:00:20.951000,0 days 01:06:43.114000,0 days 01:07:20.914000,0 days 01:07:41.865000,179.0,185.0,255.0,268.0,False,MEDIUM,17.0,False,Racing Bulls,0 days 01:06:21.764000,2026-06-05 15:53:33.771,1,,,,False,True,FP2
0 days 01:11:18.215000,LAW,30,,31.0,3.0,,0 days 01:09:24.703000,,,,,,,,,,,False,MEDIUM,18.0,False,Racing Bulls,0 days 01:07:41.865000,2026-06-05 15:54:53.872,125,,,,False,False,FP2
0 days 01:12:45.629000,LAW,30,0 days 00:01:27.414000,32.0,4.0,0 days 01:11:18.803000,,0 days 00:00:26.398000,0 days 00:00:38.912000,0 days 00:00:22.104000,0 days 01:11:44.613000,0 days 01:12:23.525000,0 days 01:12:45.629000,161.0,177.0,257.0,268.0,False,MEDIUM,19.0,False,Racing Bulls,0 days 01:11:18.803000,2026-06-05 15:58:30.810,1,,,,False,False,FP2
0 days 01:14:04.985000,LAW,30,0 days 00:01:19.356000,33.0,4.0,,,0 days 00:00:20.912000,0 days 00:00:37.417000,0 days 00:00:21.027000,0 days 01:13:06.541000,0 days 01:13:43.958000,0 days 01:14:04.985000,183.0,187.0,253.0,279.0,False,MEDIUM,20.0,False,Racing Bulls,0 days 01:12:45.629000,2026-06-05 15:59:57.636,1,,,,False,True,FP2
0 days 01:16:24.791000,LAW,30,0 days 00:02:19.806000,34.0,4.0,,,0 days 00:00:26.342000,0 days 00:00:45.643000,0 days 00:01:07.821000,0 days 01:14:31.327000,0 days 01:15:16.970000,0 days 01:16:24.791000,122.0,160.0,170.0,248.0,False,MEDIUM,21.0,False,Racing Bulls,0 days 01:14:04.985000,2026-06-05 16:01:16.992,1,,,,False,True,FP2
0 days 01:18:37.628000,LAW,30,0 days 00:02:12.837000,35.0,4.0,,,0 days 00:00:22.669000,0 days 00:00:44.660000,0 days 00:01:05.508000,0 days 01:16:47.460000,0 days 01:17:32.120000,0 days 01:18:37.628000,140.0,158.0,149.0,231.0,False,MEDIUM,22.0,False,Racing Bulls,0 days 01:16:24.791000,2026-06-05 16:03:36.798,1,,,,False,True,FP2
0 days 01:20:05.744000,LAW,30,,36.0,4.0,,0 days 01:20:05.744000,0 days 00:00:23.522000,0 days 00:00:45.720000,,0 days 01:19:01.251000,0 days 01:19:46.954000,,139.0,149.0,,223.0,False,MEDIUM,23.0,False,Racing Bulls,0 days 01:18:37.628000,2026-06-05 16:05:49.635,1,,,,False,False,FP2
0 days 00:16:03.632000,OCO,31,0 days 00:01:41.054000,1.0,1.0,0 days 00:14:23.471000,,0 days 00:00:34.901000,0 days 00:00:41.051000,0 days 00:00:25.102000,0 days 00:14:57.677000,0 days 00:15:38.773000,0 days 00:16:03.844000,136.0,166.0,259.0,259.0,False,MEDIUM,1.0,True,Haas F1 Team,0 days 00:14:23.471000,2026-06-05 15:01:35.478,1,,,,False,False,FP2
0 days 00:17:27.140000,OCO,31,0 days 00:01:23.508000,2.0,1.0,,,0 days 00:00:21.635000,0 days 00:00:38.227000,0 days 00:00:23.646000,0 days 00:16:25.267000,0 days 00:17:03.494000,0 days 00:17:27.140000,167.0,176.0,261.0,280.0,True,MEDIUM,2.0,True,Haas F1 Team,0 days 00:16:03.632000,2026-06-05 15:03:15.639,1,,,,False,True,FP2
0 days 00:18:44.911000,OCO,31,0 days 00:01:17.771000,3.0,1.0,,,0 days 00:00:20.583000,0 days 00:00:36.666000,0 days 00:00:20.522000,0 days 00:17:47.723000,0 days 00:18:24.389000,0 days 00:18:44.911000,194.0,191.0,262.0,280.0,True,MEDIUM,3.0,True,Haas F1 Team,0 days 00:17:27.140000,2026-06-05 15:04:39.147,1,,,,False,True,FP2
0 days 00:20:01.461000,OCO,31,0 days 00:01:16.550000,4.0,1.0,,,0 days 00:00:20.062000,0 days 00:00:36.133000,0 days 00:00:20.355000,0 days 00:19:04.973000,0 days 00:19:41.106000,0 days 00:20:01.461000,198.0,189.0,262.0,280.0,True,MEDIUM,4.0,True,Haas F1 Team,0 days 00:18:44.911000,2026-06-05 15:05:56.918,1,,,,False,True,FP2
0 days 00:21:50.288000,OCO,31,0 days 00:01:48.827000,5.0,1.0,,,0 days 00:00:27.832000,0 days 00:00:51.643000,0 days 00:00:29.352000,0 days 00:20:29.293000,0 days 00:21:20.936000,0 days 00:21:50.288000,118.0,167.0,250.0,225.0,False,MEDIUM,5.0,True,Haas F1 Team,0 days 00:20:01.461000,2026-06-05 15:07:13.468,1,,,,False,True,FP2
0 days 00:23:06.722000,OCO,31,0 days 00:01:16.434000,6.0,1.0,,,0 days 00:00:20.224000,0 days 00:00:35.928000,0 days 00:00:20.282000,0 days 00:22:10.512000,0 days 00:22:46.440000,0 days 00:23:06.722000,196.0,190.0,264.0,281.0,True,MEDIUM,6.0,True,Haas F1 Team,0 days 00:21:50.288000,2026-06-05 15:09:02.295,1,,,,False,True,FP2
0 days 00:24:51.415000,OCO,31,0 days 00:01:44.693000,7.0,1.0,,,0 days 00:00:23.274000,0 days 00:00:45.819000,0 days 00:00:35.600000,0 days 00:23:29.996000,0 days 00:24:15.815000,0 days 00:24:51.415000,94.0,153.0,241.0,238.0,False,MEDIUM,7.0,True,Haas F1 Team,0 days 00:23:06.722000,2026-06-05 15:10:18.729,1,,,,False,True,FP2
0 days 00:26:17.584000,OCO,31,0 days 00:01:26.169000,8.0,1.0,,,0 days 00:00:20.699000,0 days 00:00:38.464000,0 days 00:00:27.006000,0 days 00:25:12.114000,0 days 00:25:50.578000,0 days 00:26:17.584000,189.0,177.0,137.0,279.0,False,MEDIUM,8.0,True,Haas F1 Team,0 days 00:24:51.415000,2026-06-05 15:12:03.422,126,,,,False,False,FP2
0 days 00:28:34.184000,OCO,31,0 days 00:02:16.600000,9.0,1.0,,,0 days 00:00:35.887000,0 days 00:01:07.581000,0 days 00:00:33.132000,0 days 00:26:53.471000,0 days 00:28:01.052000,0 days 00:28:34.184000,150.0,102.0,248.0,66.0,False,MEDIUM,9.0,True,Haas F1 Team,0 days 00:26:17.584000,2026-06-05 15:13:29.591,6,,,,False,False,FP2
0 days 00:30:12.618000,OCO,31,0 days 00:01:38.434000,10.0,1.0,,,0 days 00:00:24.626000,0 days 00:00:49.429000,0 days 00:00:24.379000,0 days 00:28:58.810000,0 days 00:29:48.239000,0 days 00:30:12.618000,126.0,157.0,258.0,158.0,False,MEDIUM,10.0,True,Haas F1 Team,0 days 00:28:34.184000,2026-06-05 15:15:46.191,6,,,,False,False,FP2
0 days 00:31:39.516000,OCO,31,0 days 00:01:26.898000,11.0,1.0,,,0 days 00:00:22.361000,0 days 00:00:42.701000,0 days 00:00:21.836000,0 days 00:30:34.979000,0 days 00:31:17.680000,0 days 00:31:39.516000,152.0,182.0,260.0,269.0,False,MEDIUM,11.0,True,Haas F1 Team,0 days 00:30:12.618000,2026-06-05 15:17:24.625,671,,,,False,False,FP2
0 days 00:32:58.530000,OCO,31,0 days 00:01:19.014000,12.0,1.0,,,0 days 00:00:20.286000,0 days 00:00:37.070000,0 days 00:00:21.658000,0 days 00:31:59.802000,0 days 00:32:36.872000,0 days 00:32:58.530000,189.0,181.0,261.0,279.0,False,MEDIUM,12.0,True,Haas F1 Team,0 days 00:31:39.516000,2026-06-05 15:18:51.523,1,,,,False,True,FP2
0 days 00:34:14.463000,OCO,31,0 days 00:01:15.933000,13.0,1.0,,,0 days 00:00:20.083000,0 days 00:00:35.774000,0 days 00:00:20.076000,0 days 00:33:18.613000,0 days 00:33:54.387000,0 days 00:34:14.463000,199.0,195.0,262.0,279.0,True,MEDIUM,13.0,True,Haas F1 Team,0 days 00:32:58.530000,2026-06-05 15:20:10.537,1,,,,False,True,FP2
0 days 00:35:29.979000,OCO,31,0 days 00:01:15.516000,14.0,1.0,,,0 days 00:00:19.751000,0 days 00:00:35.552000,0 days 00:00:20.213000,0 days 00:34:34.214000,0 days 00:35:09.766000,0 days 00:35:29.979000,205.0,195.0,263.0,281.0,True,MEDIUM,14.0,True,Haas F1 Team,0 days 00:34:14.463000,2026-06-05 15:21:26.470,1,,,,False,True,FP2
0 days 00:40:24.921000,OCO,31,,15.0,1.0,,0 days 00:36:46.819000,0 days 00:00:22.472000,0 days 00:00:39.153000,,0 days 00:35:52.675000,0 days 00:36:31.841000,,168.0,177.0,,263.0,False,MEDIUM,15.0,True,Haas F1 Team,0 days 00:35:29.979000,2026-06-05 15:22:41.986,1,,,,False,False,FP2
0 days 00:41:55.885000,OCO,31,0 days 00:01:30.964000,16.0,2.0,0 days 00:40:25.659000,,0 days 00:00:27.324000,0 days 00:00:39.303000,0 days 00:00:24.337000,0 days 00:40:52.245000,0 days 00:41:31.548000,0 days 00:41:55.885000,161.0,173.0,259.0,264.0,False,SOFT,1.0,True,Haas F1 Team,0 days 00:40:24.921000,2026-06-05 15:27:36.928,1,,,,False,False,FP2
0 days 00:43:16.576000,OCO,31,0 days 00:01:20.691000,17.0,2.0,,,0 days 00:00:20.829000,0 days 00:00:37.770000,0 days 00:00:22.092000,0 days 00:42:16.714000,0 days 00:42:54.484000,0 days 00:43:16.576000,181.0,169.0,263.0,278.0,False,SOFT,2.0,True,Haas F1 Team,0 days 00:41:55.885000,2026-06-05 15:29:07.892,1,,,,False,True,FP2
0 days 00:44:36.455000,OCO,31,0 days 00:01:19.879000,18.0,2.0,,,0 days 00:00:19.898000,0 days 00:00:36.304000,0 days 00:00:23.677000,0 days 00:43:36.474000,0 days 00:44:12.778000,0 days 00:44:36.455000,203.0,171.0,263.0,280.0,False,SOFT,3.0,True,Haas F1 Team,0 days 00:43:16.576000,2026-06-05 15:30:28.583,1,,,,False,True,FP2
0 days 00:45:51.566000,OCO,31,0 days 00:01:15.111000,19.0,2.0,,,0 days 00:00:19.750000,0 days 00:00:35.524000,0 days 00:00:19.837000,0 days 00:44:56.205000,0 days 00:45:31.729000,0 days 00:45:51.566000,201.0,198.0,264.0,281.0,True,SOFT,4.0,True,Haas F1 Team,0 days 00:44:36.455000,2026-06-05 15:31:48.462,1,,,,False,True,FP2
0 days 00:47:23.274000,OCO,31,0 days 00:01:31.708000,20.0,2.0,,,0 days 00:00:24.296000,0 days 00:00:38.886000,0 days 00:00:28.526000,0 days 00:46:15.862000,0 days 00:46:54.748000,0 days 00:47:23.274000,133.0,179.0,252.0,268.0,False,SOFT,5.0,True,Haas F1 Team,0 days 00:45:51.566000,2026-06-05 15:33:03.573,1,,,,False,True,FP2
0 days 00:48:38.398000,OCO,31,0 days 00:01:15.124000,21.0,2.0,,,0 days 00:00:19.882000,0 days 00:00:35.275000,0 days 00:00:19.967000,0 days 00:47:43.156000,0 days 00:48:18.431000,0 days 00:48:38.398000,207.0,197.0,264.0,282.0,False,SOFT,6.0,True,Haas F1 Team,0 days 00:47:23.274000,2026-06-05 15:34:35.281,1,,,,False,True,FP2
0 days 00:50:04.172000,OCO,31,0 days 00:01:25.774000,22.0,2.0,,,0 days 00:00:22.685000,0 days 00:00:41.264000,0 days 00:00:21.825000,0 days 00:49:01.083000,0 days 00:49:42.347000,0 days 00:50:04.172000,162.0,175.0,264.0,263.0,False,SOFT,7.0,True,Haas F1 Team,0 days 00:48:38.398000,2026-06-05 15:35:50.405,1,,,,False,True,FP2
0 days 00:51:19.017000,OCO,31,0 days 00:01:14.845000,23.0,2.0,,,0 days 00:00:19.620000,0 days 00:00:35.358000,0 days 00:00:19.867000,0 days 00:50:23.792000,0 days 00:50:59.150000,0 days 00:51:19.017000,203.0,199.0,263.0,281.0,True,SOFT,8.0,True,Haas F1 Team,0 days 00:50:04.172000,2026-06-05 15:37:16.179,1,,,,False,True,FP2
0 days 00:52:49.818000,OCO,31,0 days 00:01:30.801000,24.0,2.0,,,0 days 00:00:26.364000,0 days 00:00:39.131000,0 days 00:00:25.306000,0 days 00:51:45.381000,0 days 00:52:24.512000,0 days 00:52:49.818000,150.0,183.0,261.0,266.0,False,SOFT,9.0,True,Haas F1 Team,0 days 00:51:19.017000,2026-06-05 15:38:31.024,1,,,,False,True,FP2
0 days 00:54:04.806000,OCO,31,0 days 00:01:14.988000,25.0,2.0,,,0 days 00:00:19.694000,0 days 00:00:35.362000,0 days 00:00:19.932000,0 days 00:53:09.512000,0 days 00:53:44.874000,0 days 00:54:04.806000,203.0,199.0,263.0,281.0,False,SOFT,10.0,True,Haas F1 Team,0 days 00:52:49.818000,2026-06-05 15:40:01.825,1,,,,False,True,FP2
0 days 01:03:07.127000,OCO,31,,26.0,2.0,,0 days 00:55:26.961000,0 days 00:00:25.364000,0 days 00:00:41.004000,,0 days 00:54:30.451000,0 days 00:55:11.441000,,115.0,168.0,,251.0,False,SOFT,11.0,True,Haas F1 Team,0 days 00:54:04.806000,2026-06-05 15:41:16.813,1,,,,False,False,FP2
0 days 01:04:33.563000,OCO,31,0 days 00:01:26.436000,27.0,3.0,0 days 01:03:07.776000,,0 days 00:00:26.424000,0 days 00:00:38.463000,0 days 00:00:21.549000,0 days 01:03:33.551000,0 days 01:04:12.014000,0 days 01:04:33.563000,162.0,177.0,253.0,265.0,False,MEDIUM,16.0,False,Haas F1 Team,0 days 01:03:07.127000,2026-06-05 15:50:19.134,1,,,,False,False,FP2
0 days 01:05:52.193000,OCO,31,0 days 00:01:18.630000,28.0,3.0,,,0 days 00:00:20.840000,0 days 00:00:37.004000,0 days 00:00:20.786000,0 days 01:04:54.403000,0 days 01:05:31.407000,0 days 01:05:52.193000,192.0,187.0,254.0,267.0,False,MEDIUM,17.0,False,Haas F1 Team,0 days 01:04:33.563000,2026-06-05 15:51:45.570,1,,,,False,True,FP2
0 days 01:07:10.244000,OCO,31,0 days 00:01:18.051000,29.0,3.0,,,0 days 00:00:20.767000,0 days 00:00:36.591000,0 days 00:00:20.693000,0 days 01:06:12.960000,0 days 01:06:49.551000,0 days 01:07:10.244000,192.0,187.0,254.0,268.0,False,MEDIUM,18.0,False,Haas F1 Team,0 days 01:05:52.193000,2026-06-05 15:53:04.200,1,,,,False,True,FP2
0 days 01:10:58.064000,OCO,31,,30.0,3.0,,0 days 01:08:39.479000,0 days 00:00:20.401000,,,0 days 01:07:30.847000,,,199.0,,,,False,MEDIUM,19.0,False,Haas F1 Team,0 days 01:07:10.244000,2026-06-05 15:54:22.251,125,,,,False,False,FP2
0 days 01:12:29.138000,OCO,31,0 days 00:01:31.074000,31.0,4.0,0 days 01:10:58.850000,,0 days 00:00:27.702000,0 days 00:00:38.870000,0 days 00:00:24.502000,0 days 01:11:25.766000,0 days 01:12:04.636000,0 days 01:12:29.138000,156.0,155.0,247.0,266.0,False,MEDIUM,20.0,False,Haas F1 Team,0 days 01:10:58.850000,2026-06-05 15:58:10.857,1,,,,False,False,FP2
0 days 01:13:47.699000,OCO,31,0 days 00:01:18.561000,32.0,4.0,,,0 days 00:00:21.024000,0 days 00:00:36.929000,0 days 00:00:20.608000,0 days 01:12:50.162000,0 days 01:13:27.091000,0 days 01:13:47.699000,189.0,188.0,255.0,269.0,False,MEDIUM,21.0,False,Haas F1 Team,0 days 01:12:29.138000,2026-06-05 15:59:41.145,1,,,,False,True,FP2
0 days 01:16:07.986000,OCO,31,0 days 00:02:20.287000,33.0,4.0,,,0 days 00:00:24.861000,0 days 00:00:43.283000,0 days 00:01:12.143000,0 days 01:14:12.560000,0 days 01:14:55.843000,0 days 01:16:07.986000,143.0,155.0,115.0,221.0,False,MEDIUM,22.0,False,Haas F1 Team,0 days 01:13:47.699000,2026-06-05 16:00:59.706,1,,,,False,True,FP2
0 days 01:18:12.075000,OCO,31,0 days 00:02:04.089000,34.0,4.0,,,0 days 00:00:25.534000,0 days 00:00:41.613000,0 days 00:00:56.942000,0 days 01:16:33.520000,0 days 01:17:15.133000,0 days 01:18:12.075000,149.0,159.0,103.0,246.0,False,MEDIUM,23.0,False,Haas F1 Team,0 days 01:16:07.986000,2026-06-05 16:03:19.993,1,,,,False,True,FP2
0 days 01:19:31.551000,OCO,31,,35.0,4.0,,0 days 01:19:31.551000,0 days 00:00:23.657000,0 days 00:00:39.635000,,0 days 01:18:35.962000,0 days 01:19:15.514000,,161.0,166.0,,258.0,False,MEDIUM,24.0,False,Haas F1 Team,0 days 01:18:12.075000,2026-06-05 16:05:24.082,1,,,,False,False,FP2
0 days 00:14:48.997000,LIN,41,0 days 00:01:36.992000,1.0,1.0,0 days 00:13:13.343000,,0 days 00:00:31.339000,0 days 00:00:42.655000,0 days 00:00:22.998000,0 days 00:13:43.685000,0 days 00:14:26.280000,0 days 00:14:49.167000,146.0,165.0,218.0,256.0,False,MEDIUM,1.0,True,Racing Bulls,0 days 00:13:13.343000,2026-06-05 15:00:25.350,1,,,,False,False,FP2
0 days 00:16:18.775000,LIN,41,0 days 00:01:29.778000,2.0,1.0,,,0 days 00:00:22.070000,0 days 00:00:43.961000,0 days 00:00:23.747000,0 days 00:15:11.067000,0 days 00:15:55.028000,0 days 00:16:18.775000,154.0,159.0,262.0,251.0,True,MEDIUM,2.0,True,Racing Bulls,0 days 00:14:48.997000,2026-06-05 15:02:01.004,1,,,,False,True,FP2
0 days 00:17:36.121000,LIN,41,0 days 00:01:17.346000,3.0,1.0,,,0 days 00:00:20.558000,0 days 00:00:36.615000,0 days 00:00:20.173000,0 days 00:16:39.333000,0 days 00:17:15.948000,0 days 00:17:36.121000,198.0,193.0,265.0,282.0,True,MEDIUM,3.0,True,Racing Bulls,0 days 00:16:18.775000,2026-06-05 15:03:30.782,1,,,,False,True,FP2
0 days 00:18:52.979000,LIN,41,0 days 00:01:16.858000,4.0,1.0,,,0 days 00:00:20.342000,0 days 00:00:36.453000,0 days 00:00:20.063000,0 days 00:17:56.463000,0 days 00:18:32.916000,0 days 00:18:52.979000,200.0,195.0,266.0,283.0,True,MEDIUM,4.0,True,Racing Bulls,0 days 00:17:36.121000,2026-06-05 15:04:48.128,1,,,,False,True,FP2
0 days 00:20:37.429000,LIN,41,0 days 00:01:44.450000,5.0,1.0,,,0 days 00:00:26.260000,0 days 00:00:51.341000,0 days 00:00:26.849000,0 days 00:19:19.239000,0 days 00:20:10.580000,0 days 00:20:37.429000,91.0,92.0,263.0,177.0,False,MEDIUM,5.0,True,Racing Bulls,0 days 00:18:52.979000,2026-06-05 15:06:04.986,1,,,,False,True,FP2
0 days 00:21:53.603000,LIN,41,0 days 00:01:16.174000,6.0,1.0,,,0 days 00:00:20.046000,0 days 00:00:36.073000,0 days 00:00:20.055000,0 days 00:20:57.475000,0 days 00:21:33.548000,0 days 00:21:53.603000,210.0,195.0,265.0,282.0,True,MEDIUM,6.0,True,Racing Bulls,0 days 00:20:37.429000,2026-06-05 15:07:49.436,1,,,,False,True,FP2
0 days 00:23:36.821000,LIN,41,0 days 00:01:43.218000,7.0,1.0,,,0 days 00:00:26.192000,0 days 00:00:53.698000,0 days 00:00:23.328000,0 days 00:22:19.795000,0 days 00:23:13.493000,0 days 00:23:36.821000,81.0,128.0,263.0,189.0,False,MEDIUM,7.0,True,Racing Bulls,0 days 00:21:53.603000,2026-06-05 15:09:05.610,1,,,,False,True,FP2
0 days 00:25:03.139000,LIN,41,0 days 00:01:26.318000,8.0,1.0,,,0 days 00:00:19.914000,0 days 00:00:38.102000,0 days 00:00:28.302000,0 days 00:23:56.735000,0 days 00:24:34.837000,0 days 00:25:03.139000,208.0,123.0,263.0,282.0,False,MEDIUM,8.0,True,Racing Bulls,0 days 00:23:36.821000,2026-06-05 15:10:48.828,1,,,,False,True,FP2
0 days 00:26:38.295000,LIN,41,0 days 00:01:35.156000,9.0,1.0,,,0 days 00:00:20.155000,0 days 00:00:41.796000,0 days 00:00:33.205000,0 days 00:25:23.294000,0 days 00:26:05.090000,0 days 00:26:38.295000,211.0,79.0,219.0,254.0,False,MEDIUM,9.0,True,Racing Bulls,0 days 00:25:03.139000,2026-06-05 15:12:15.146,126,,,,False,False,FP2
0 days 00:28:42.721000,LIN,41,0 days 00:02:04.426000,10.0,1.0,,,0 days 00:00:25.130000,0 days 00:01:08.150000,0 days 00:00:31.146000,0 days 00:27:03.425000,0 days 00:28:11.575000,0 days 00:28:42.721000,126.0,84.0,250.0,149.0,False,MEDIUM,10.0,True,Racing Bulls,0 days 00:26:38.295000,2026-06-05 15:13:50.302,6,,,,False,False,FP2
0 days 00:30:22.133000,LIN,41,0 days 00:01:39.412000,11.0,1.0,,,0 days 00:00:23.165000,0 days 00:00:53.449000,0 days 00:00:22.798000,0 days 00:29:05.886000,0 days 00:29:59.335000,0 days 00:30:22.133000,161.0,165.0,255.0,174.0,False,MEDIUM,11.0,True,Racing Bulls,0 days 00:28:42.721000,2026-06-05 15:15:54.728,6,,,,False,False,FP2
0 days 00:31:51.678000,LIN,41,0 days 00:01:29.545000,12.0,1.0,,,0 days 00:00:24.349000,0 days 00:00:40.729000,0 days 00:00:24.467000,0 days 00:30:46.482000,0 days 00:31:27.211000,0 days 00:31:51.678000,169.0,137.0,262.0,265.0,False,MEDIUM,12.0,True,Racing Bulls,0 days 00:30:22.133000,2026-06-05 15:17:34.140,671,,,,False,False,FP2
0 days 00:33:10.332000,LIN,41,0 days 00:01:18.654000,13.0,1.0,,,0 days 00:00:20.283000,0 days 00:00:38.119000,0 days 00:00:20.252000,0 days 00:32:11.961000,0 days 00:32:50.080000,0 days 00:33:10.332000,201.0,191.0,265.0,282.0,False,MEDIUM,13.0,True,Racing Bulls,0 days 00:31:51.678000,2026-06-05 15:19:03.685,1,,,,False,True,FP2
0 days 00:37:39.568000,LIN,41,,14.0,1.0,,0 days 00:34:21.229000,0 days 00:00:19.730000,0 days 00:00:35.638000,,0 days 00:33:30.326000,0 days 00:34:06.029000,,208.0,196.0,,283.0,False,MEDIUM,14.0,True,Racing Bulls,0 days 00:33:10.332000,2026-06-05 15:20:22.339,1,,,,False,False,FP2
0 days 00:39:10.172000,LIN,41,0 days 00:01:30.604000,15.0,2.0,0 days 00:37:40.334000,,0 days 00:00:27.597000,0 days 00:00:41.954000,0 days 00:00:21.053000,0 days 00:38:07.165000,0 days 00:38:49.119000,0 days 00:39:10.172000,76.0,178.0,263.0,268.0,False,SOFT,1.0,True,Racing Bulls,0 days 00:37:39.568000,2026-06-05 15:24:51.575,1,,,,False,False,FP2
0 days 00:40:25.886000,LIN,41,0 days 00:01:15.714000,16.0,2.0,,,0 days 00:00:19.944000,0 days 00:00:35.903000,0 days 00:00:19.867000,0 days 00:39:30.116000,0 days 00:40:06.019000,0 days 00:40:25.886000,209.0,196.0,264.0,280.0,True,SOFT,2.0,True,Racing Bulls,0 days 00:39:10.172000,2026-06-05 15:26:22.179,1,,,,False,True,FP2
0 days 00:41:40.634000,LIN,41,0 days 00:01:14.748000,17.0,2.0,,,0 days 00:00:19.552000,0 days 00:00:35.386000,0 days 00:00:19.810000,0 days 00:40:45.438000,0 days 00:41:20.824000,0 days 00:41:40.634000,214.0,198.0,265.0,282.0,True,SOFT,3.0,True,Racing Bulls,0 days 00:40:25.886000,2026-06-05 15:27:37.893,1,,,,False,True,FP2
0 days 00:43:22.220000,LIN,41,0 days 00:01:41.586000,18.0,2.0,,,0 days 00:00:24.754000,0 days 00:00:52.627000,0 days 00:00:24.205000,0 days 00:42:05.388000,0 days 00:42:58.015000,0 days 00:43:22.220000,78.0,109.0,262.0,175.0,False,SOFT,4.0,True,Racing Bulls,0 days 00:41:40.634000,2026-06-05 15:28:52.641,1,,,,False,True,FP2
0 days 00:44:49.684000,LIN,41,0 days 00:01:27.464000,19.0,2.0,,,0 days 00:00:19.803000,0 days 00:00:41.387000,0 days 00:00:26.274000,0 days 00:43:42.023000,0 days 00:44:23.410000,0 days 00:44:49.684000,211.0,147.0,261.0,214.0,False,SOFT,5.0,True,Racing Bulls,0 days 00:43:22.220000,2026-06-05 15:30:34.227,1,,,,False,True,FP2
0 days 00:46:07.984000,LIN,41,0 days 00:01:18.300000,20.0,2.0,,,0 days 00:00:19.785000,0 days 00:00:35.627000,0 days 00:00:22.888000,0 days 00:45:09.469000,0 days 00:45:45.096000,0 days 00:46:07.984000,212.0,196.0,263.0,280.0,False,SOFT,6.0,True,Racing Bulls,0 days 00:44:49.684000,2026-06-05 15:32:01.691,1,,,,False,True,FP2
0 days 00:47:39.533000,LIN,41,0 days 00:01:31.549000,21.0,2.0,,,0 days 00:00:19.655000,0 days 00:00:40.560000,0 days 00:00:31.334000,0 days 00:46:27.639000,0 days 00:47:08.199000,0 days 00:47:39.533000,211.0,110.0,130.0,283.0,False,SOFT,7.0,True,Racing Bulls,0 days 00:46:07.984000,2026-06-05 15:33:19.991,1,,,,False,True,FP2
0 days 00:49:26.794000,LIN,41,0 days 00:01:47.261000,22.0,2.0,,,0 days 00:00:30.971000,0 days 00:00:52.155000,0 days 00:00:24.135000,0 days 00:48:10.504000,0 days 00:49:02.659000,0 days 00:49:26.794000,81.0,141.0,261.0,255.0,False,SOFT,8.0,True,Racing Bulls,0 days 00:47:39.533000,2026-06-05 15:34:51.540,1,,,,False,True,FP2
0 days 00:50:53.728000,LIN,41,0 days 00:01:26.934000,23.0,2.0,,,0 days 00:00:20.462000,0 days 00:00:39.848000,0 days 00:00:26.624000,0 days 00:49:47.256000,0 days 00:50:27.104000,0 days 00:50:53.728000,159.0,162.0,264.0,261.0,False,SOFT,9.0,True,Racing Bulls,0 days 00:49:26.794000,2026-06-05 15:36:38.801,1,,,,False,True,FP2
0 days 00:52:13.703000,LIN,41,0 days 00:01:19.975000,24.0,2.0,,,0 days 00:00:19.808000,0 days 00:00:38.117000,0 days 00:00:22.050000,0 days 00:51:13.536000,0 days 00:51:51.653000,0 days 00:52:13.703000,212.0,139.0,264.0,279.0,False,SOFT,10.0,True,Racing Bulls,0 days 00:50:53.728000,2026-06-05 15:38:05.735,1,,,,False,True,FP2
0 days 00:53:29.265000,LIN,41,0 days 00:01:15.562000,25.0,2.0,,,0 days 00:00:19.584000,0 days 00:00:35.740000,0 days 00:00:20.238000,0 days 00:52:33.287000,0 days 00:53:09.027000,0 days 00:53:29.265000,210.0,195.0,265.0,283.0,False,SOFT,11.0,True,Racing Bulls,0 days 00:52:13.703000,2026-06-05 15:39:25.710,1,,,,False,True,FP2
0 days 00:55:15.223000,LIN,41,0 days 00:01:45.958000,26.0,2.0,,,0 days 00:00:35.933000,0 days 00:00:45.255000,0 days 00:00:24.770000,0 days 00:54:05.198000,0 days 00:54:50.453000,0 days 00:55:15.223000,63.0,162.0,265.0,239.0,False,SOFT,12.0,True,Racing Bulls,0 days 00:53:29.265000,2026-06-05 15:40:41.272,1,,,,False,True,FP2
0 days 00:56:35.195000,LIN,41,0 days 00:01:19.972000,27.0,2.0,,,0 days 00:00:19.981000,0 days 00:00:38.772000,0 days 00:00:21.219000,0 days 00:55:35.204000,0 days 00:56:13.976000,0 days 00:56:35.195000,214.0,149.0,262.0,281.0,False,SOFT,13.0,True,Racing Bulls,0 days 00:55:15.223000,2026-06-05 15:42:27.230,1,,,,False,True,FP2
0 days 00:57:50.319000,LIN,41,0 days 00:01:15.124000,28.0,2.0,,,0 days 00:00:19.684000,0 days 00:00:35.388000,0 days 00:00:20.052000,0 days 00:56:54.879000,0 days 00:57:30.267000,0 days 00:57:50.319000,206.0,198.0,264.0,280.0,False,SOFT,14.0,True,Racing Bulls,0 days 00:56:35.195000,2026-06-05 15:43:47.202,1,,,,False,True,FP2
0 days 01:04:30.773000,LIN,41,,29.0,2.0,,0 days 00:59:19.041000,0 days 00:00:22.964000,0 days 00:00:45.641000,,0 days 00:58:13.556000,0 days 00:58:59.086000,,189.0,70.0,,262.0,False,SOFT,15.0,True,Racing Bulls,0 days 00:57:50.319000,2026-06-05 15:45:02.326,1,,,,False,False,FP2
0 days 01:06:01.455000,LIN,41,0 days 00:01:30.682000,30.0,3.0,0 days 01:04:31.288000,,0 days 00:00:26.085000,0 days 00:00:42.864000,0 days 00:00:21.733000,0 days 01:04:56.858000,0 days 01:05:39.722000,0 days 01:06:01.455000,174.0,166.0,253.0,267.0,False,SOFT,16.0,False,Racing Bulls,0 days 01:04:30.773000,2026-06-05 15:51:42.780,1,,,,False,False,FP2
0 days 01:07:21.156000,LIN,41,0 days 00:01:19.701000,31.0,3.0,,,0 days 00:00:20.781000,0 days 00:00:37.955000,0 days 00:00:20.965000,0 days 01:06:22.236000,0 days 01:07:00.191000,0 days 01:07:21.156000,195.0,182.0,254.0,268.0,False,SOFT,17.0,False,Racing Bulls,0 days 01:06:01.455000,2026-06-05 15:53:13.462,1,,,,False,True,FP2
0 days 01:11:05.835000,LIN,41,,32.0,3.0,,0 days 01:08:51.622000,0 days 00:00:22.074000,,,0 days 01:07:43.303000,,,189.0,,,,False,SOFT,18.0,False,Racing Bulls,0 days 01:07:21.156000,2026-06-05 15:54:33.163,125,,,,False,False,FP2
0 days 01:12:41.436000,LIN,41,0 days 00:01:35.601000,33.0,4.0,0 days 01:11:06.534000,,0 days 00:00:25.870000,0 days 00:00:39.628000,0 days 00:00:30.103000,0 days 01:11:31.705000,0 days 01:12:11.333000,0 days 01:12:41.436000,162.0,174.0,241.0,267.0,False,SOFT,19.0,False,Racing Bulls,0 days 01:11:06.534000,2026-06-05 15:58:18.541,1,,,,False,False,FP2
0 days 01:14:00.523000,LIN,41,0 days 00:01:19.087000,34.0,4.0,,,0 days 00:00:21.366000,0 days 00:00:36.627000,0 days 00:00:21.094000,0 days 01:13:02.802000,0 days 01:13:39.429000,0 days 01:14:00.523000,184.0,177.0,254.0,270.0,False,SOFT,20.0,False,Racing Bulls,0 days 01:12:41.436000,2026-06-05 15:59:53.443,1,,,,False,True,FP2
0 days 01:16:12.334000,LIN,41,0 days 00:02:11.811000,35.0,4.0,,,0 days 00:00:22.231000,0 days 00:00:43.970000,0 days 00:01:05.610000,0 days 01:14:22.754000,0 days 01:15:06.724000,0 days 01:16:12.334000,164.0,128.0,140.0,218.0,False,SOFT,21.0,False,Racing Bulls,0 days 01:14:00.523000,2026-06-05 16:01:12.530,1,,,,False,True,FP2
0 days 01:18:18.785000,LIN,41,0 days 00:02:06.451000,36.0,4.0,,,0 days 00:00:23.718000,0 days 00:00:42.075000,0 days 00:01:00.658000,0 days 01:16:36.052000,0 days 01:17:18.127000,0 days 01:18:18.785000,118.0,149.0,61.0,223.0,False,SOFT,22.0,False,Racing Bulls,0 days 01:16:12.334000,2026-06-05 16:03:24.341,1,,,,False,True,FP2
0 days 01:19:46.797000,LIN,41,,37.0,4.0,,0 days 01:19:46.797000,0 days 00:00:28.516000,0 days 00:00:44.354000,,0 days 01:18:47.446000,0 days 01:19:31.785000,,130.0,156.0,,209.0,False,SOFT,23.0,False,Racing Bulls,0 days 01:18:18.785000,2026-06-05 16:05:30.792,1,,,,False,False,FP2
0 days 00:15:17.226000,COL,43,0 days 00:01:38.447000,1.0,1.0,0 days 00:13:40.263000,,0 days 00:00:33.390000,0 days 00:00:42.490000,0 days 00:00:22.567000,0 days 00:14:12.381000,0 days 00:14:54.981000,0 days 00:15:17.372000,154.0,168.0,262.0,234.0,False,MEDIUM,1.0,True,Alpine,0 days 00:13:40.263000,2026-06-05 15:00:52.270,1,,,,False,False,FP2
0 days 00:16:39.337000,COL,43,0 days 00:01:22.111000,2.0,1.0,,,0 days 00:00:21.228000,0 days 00:00:37.531000,0 days 00:00:23.352000,0 days 00:15:38.454000,0 days 00:16:15.985000,0 days 00:16:39.337000,182.0,184.0,250.0,279.0,True,MEDIUM,2.0,True,Alpine,0 days 00:15:17.226000,2026-06-05 15:02:29.233,1,,,,False,True,FP2
0 days 00:17:56.038000,COL,43,0 days 00:01:16.701000,3.0,1.0,,,0 days 00:00:20.180000,0 days 00:00:36.114000,0 days 00:00:20.407000,0 days 00:16:59.517000,0 days 00:17:35.631000,0 days 00:17:56.038000,193.0,190.0,265.0,283.0,True,MEDIUM,3.0,True,Alpine,0 days 00:16:39.337000,2026-06-05 15:03:51.344,1,,,,False,True,FP2
0 days 00:19:36.862000,COL,43,0 days 00:01:40.824000,4.0,1.0,,,0 days 00:00:27.512000,0 days 00:00:44.304000,0 days 00:00:29.008000,0 days 00:18:23.550000,0 days 00:19:07.854000,0 days 00:19:36.862000,136.0,163.0,243.0,232.0,False,MEDIUM,4.0,True,Alpine,0 days 00:17:56.038000,2026-06-05 15:05:08.045,1,,,,False,True,FP2
0 days 00:20:53.002000,COL,43,0 days 00:01:16.140000,5.0,1.0,,,0 days 00:00:20.144000,0 days 00:00:35.919000,0 days 00:00:20.077000,0 days 00:19:57.006000,0 days 00:20:32.925000,0 days 00:20:53.002000,202.0,194.0,264.0,281.0,True,MEDIUM,5.0,True,Alpine,0 days 00:19:36.862000,2026-06-05 15:06:48.869,1,,,,False,True,FP2
0 days 00:22:23.047000,COL,43,0 days 00:01:30.045000,6.0,1.0,,,0 days 00:00:24.332000,0 days 00:00:42.934000,0 days 00:00:22.779000,0 days 00:21:17.334000,0 days 00:22:00.268000,0 days 00:22:23.047000,151.0,168.0,260.0,241.0,False,MEDIUM,6.0,True,Alpine,0 days 00:20:53.002000,2026-06-05 15:08:05.009,1,,,,False,True,FP2
0 days 00:23:38.911000,COL,43,0 days 00:01:15.864000,7.0,1.0,,,0 days 00:00:19.720000,0 days 00:00:35.913000,0 days 00:00:20.231000,0 days 00:22:42.767000,0 days 00:23:18.680000,0 days 00:23:38.911000,200.0,175.0,264.0,282.0,True,MEDIUM,7.0,True,Alpine,0 days 00:22:23.047000,2026-06-05 15:09:35.054,1,,,,False,True,FP2
0 days 00:25:27.002000,COL,43,0 days 00:01:48.091000,8.0,1.0,,,0 days 00:00:32.571000,0 days 00:00:53.342000,0 days 00:00:22.178000,0 days 00:24:11.482000,0 days 00:25:04.824000,0 days 00:25:27.002000,120.0,161.0,261.0,244.0,False,MEDIUM,8.0,True,Alpine,0 days 00:23:38.911000,2026-06-05 15:10:50.918,1,,,,False,True,FP2
0 days 00:27:07.948000,COL,43,0 days 00:01:40.946000,9.0,1.0,,,0 days 00:00:20.213000,0 days 00:00:54.096000,0 days 00:00:26.637000,0 days 00:25:47.215000,0 days 00:26:41.311000,0 days 00:27:07.948000,198.0,138.0,217.0,140.0,False,MEDIUM,9.0,True,Alpine,0 days 00:25:27.002000,2026-06-05 15:12:39.009,126,,,,False,False,FP2
0 days 00:37:23.332000,COL,43,,10.0,1.0,,0 days 00:28:43.317000,0 days 00:00:26.720000,0 days 00:00:50.619000,,0 days 00:27:34.937000,0 days 00:28:25.601000,,152.0,155.0,,148.0,False,MEDIUM,10.0,True,Alpine,0 days 00:27:07.948000,2026-06-05 15:14:19.955,671,,,,False,False,FP2
0 days 00:38:57.232000,COL,43,0 days 00:01:33.900000,11.0,2.0,0 days 00:37:23.977000,,0 days 00:00:28.867000,0 days 00:00:42.003000,0 days 00:00:23.030000,0 days 00:37:52.199000,0 days 00:38:34.202000,0 days 00:38:57.232000,160.0,166.0,241.0,266.0,False,SOFT,1.0,True,Alpine,0 days 00:37:23.332000,2026-06-05 15:24:35.339,1,,,,False,False,FP2
0 days 00:40:18.218000,COL,43,0 days 00:01:20.986000,12.0,2.0,,,0 days 00:00:21.743000,0 days 00:00:38.091000,0 days 00:00:21.152000,0 days 00:39:18.975000,0 days 00:39:57.066000,0 days 00:40:18.218000,178.0,180.0,262.0,276.0,False,SOFT,2.0,True,Alpine,0 days 00:38:57.232000,2026-06-05 15:26:09.239,1,,,,False,True,FP2
0 days 00:41:33.255000,COL,43,0 days 00:01:15.037000,13.0,2.0,,,0 days 00:00:19.704000,0 days 00:00:35.426000,0 days 00:00:19.907000,0 days 00:40:37.922000,0 days 00:41:13.348000,0 days 00:41:33.255000,201.0,193.0,263.0,281.0,True,SOFT,3.0,True,Alpine,0 days 00:40:18.218000,2026-06-05 15:27:30.225,1,,,,False,True,FP2
0 days 00:43:05.029000,COL,43,0 days 00:01:31.774000,14.0,2.0,,,0 days 00:00:27.340000,0 days 00:00:42.341000,0 days 00:00:22.093000,0 days 00:42:00.595000,0 days 00:42:42.936000,0 days 00:43:05.029000,162.0,168.0,262.0,241.0,False,SOFT,4.0,True,Alpine,0 days 00:41:33.255000,2026-06-05 15:28:45.262,1,,,,False,True,FP2
0 days 00:44:19.787000,COL,43,0 days 00:01:14.758000,15.0,2.0,,,0 days 00:00:19.494000,0 days 00:00:35.459000,0 days 00:00:19.805000,0 days 00:43:24.523000,0 days 00:43:59.982000,0 days 00:44:19.787000,206.0,196.0,264.0,282.0,True,SOFT,5.0,True,Alpine,0 days 00:43:05.029000,2026-06-05 15:30:17.036,1,,,,False,True,FP2
0 days 00:46:13.364000,COL,43,0 days 00:01:53.577000,16.0,2.0,,,0 days 00:00:32.250000,0 days 00:00:54.752000,0 days 00:00:26.575000,0 days 00:44:52.037000,0 days 00:45:46.789000,0 days 00:46:13.364000,121.0,143.0,231.0,132.0,False,SOFT,6.0,True,Alpine,0 days 00:44:19.787000,2026-06-05 15:31:31.794,1,,,,False,True,FP2
0 days 00:47:39.065000,COL,43,0 days 00:01:25.701000,17.0,2.0,,,0 days 00:00:21.146000,0 days 00:00:41.208000,0 days 00:00:23.347000,0 days 00:46:34.510000,0 days 00:47:15.718000,0 days 00:47:39.065000,137.0,173.0,258.0,238.0,False,SOFT,7.0,True,Alpine,0 days 00:46:13.364000,2026-06-05 15:33:25.371,1,,,,False,True,FP2
0 days 00:48:53.921000,COL,43,0 days 00:01:14.856000,18.0,2.0,,,0 days 00:00:19.714000,0 days 00:00:35.338000,0 days 00:00:19.804000,0 days 00:47:58.779000,0 days 00:48:34.117000,0 days 00:48:53.921000,202.0,194.0,265.0,282.0,False,SOFT,8.0,True,Alpine,0 days 00:47:39.065000,2026-06-05 15:34:51.072,1,,,,False,True,FP2
0 days 00:50:28.474000,COL,43,0 days 00:01:34.553000,19.0,2.0,,,0 days 00:00:27.503000,0 days 00:00:44.859000,0 days 00:00:22.191000,0 days 00:49:21.424000,0 days 00:50:06.283000,0 days 00:50:28.474000,155.0,177.0,263.0,231.0,False,SOFT,9.0,True,Alpine,0 days 00:48:53.921000,2026-06-05 15:36:05.928,1,,,,False,True,FP2
0 days 01:00:10.137000,COL,43,,20.0,2.0,,0 days 00:52:13.865000,0 days 00:00:32.065000,0 days 00:00:53.148000,,0 days 00:51:00.716000,0 days 00:51:53.808000,,85.0,127.0,,148.0,False,SOFT,10.0,True,Alpine,0 days 00:50:28.474000,2026-06-05 15:37:40.481,1,,,,False,False,FP2
0 days 01:01:38.479000,COL,43,0 days 00:01:28.342000,21.0,3.0,0 days 01:00:10.798000,,0 days 00:00:26.579000,0 days 00:00:39.975000,0 days 00:00:21.788000,0 days 01:00:36.716000,0 days 01:01:16.691000,0 days 01:01:38.479000,164.0,168.0,251.0,254.0,False,MEDIUM,11.0,False,Alpine,0 days 01:00:10.137000,2026-06-05 15:47:22.144,1,,,,False,False,FP2
0 days 01:02:58.515000,COL,43,0 days 00:01:20.036000,22.0,3.0,,,0 days 00:00:21.200000,0 days 00:00:37.821000,0 days 00:00:21.015000,0 days 01:01:59.679000,0 days 01:02:37.500000,0 days 01:02:58.515000,181.0,184.0,254.0,257.0,False,MEDIUM,12.0,False,Alpine,0 days 01:01:38.479000,2026-06-05 15:48:50.486,1,,,,False,True,FP2
0 days 01:04:16.546000,COL,43,0 days 00:01:18.031000,23.0,3.0,,,0 days 00:00:20.536000,0 days 00:00:36.830000,0 days 00:00:20.665000,0 days 01:03:19.051000,0 days 01:03:55.881000,0 days 01:04:16.546000,186.0,187.0,255.0,267.0,False,MEDIUM,13.0,False,Alpine,0 days 01:02:58.515000,2026-06-05 15:50:10.522,1,,,,False,True,FP2
0 days 01:05:34.937000,COL,43,0 days 00:01:18.391000,24.0,3.0,,,0 days 00:00:20.780000,0 days 00:00:36.781000,0 days 00:00:20.830000,0 days 01:04:37.326000,0 days 01:05:14.107000,0 days 01:05:34.937000,193.0,187.0,254.0,268.0,False,MEDIUM,14.0,False,Alpine,0 days 01:04:16.546000,2026-06-05 15:51:28.553,1,,,,False,True,FP2
0 days 01:06:52.856000,COL,43,0 days 00:01:17.919000,25.0,3.0,,,0 days 00:00:20.513000,0 days 00:00:36.693000,0 days 00:00:20.713000,0 days 01:05:55.450000,0 days 01:06:32.143000,0 days 01:06:52.856000,195.0,186.0,256.0,268.0,False,MEDIUM,15.0,False,Alpine,0 days 01:05:34.937000,2026-06-05 15:52:46.944,1,,,,False,True,FP2
0 days 01:11:15.841000,COL,43,,26.0,3.0,,0 days 01:08:08.302000,0 days 00:00:20.282000,0 days 00:00:36.518000,,0 days 01:07:13.357000,0 days 01:07:49.935000,,200.0,188.0,,269.0,False,MEDIUM,16.0,False,Alpine,0 days 01:06:52.856000,2026-06-05 15:54:04.863,125,,,,False,False,FP2
0 days 01:12:41.891000,COL,43,0 days 00:01:26.050000,27.0,4.0,0 days 01:11:16.573000,,0 days 00:00:25.227000,0 days 00:00:39.023000,0 days 00:00:21.800000,0 days 01:11:41.068000,0 days 01:12:20.091000,0 days 01:12:41.891000,173.0,179.0,253.0,264.0,False,MEDIUM,17.0,False,Alpine,0 days 01:11:16.573000,2026-06-05 15:58:28.580,1,,,,False,False,FP2
0 days 01:14:03.449000,COL,43,0 days 00:01:21.558000,28.0,4.0,,,0 days 00:00:21.392000,0 days 00:00:37.016000,0 days 00:00:23.150000,0 days 01:13:03.283000,0 days 01:13:40.299000,0 days 01:14:03.449000,178.0,170.0,193.0,269.0,False,MEDIUM,18.0,False,Alpine,0 days 01:12:41.891000,2026-06-05 15:59:53.898,1,,,,False,True,FP2
0 days 01:16:19.527000,COL,43,0 days 00:02:16.078000,29.0,4.0,,,0 days 00:00:25.516000,0 days 00:00:43.842000,0 days 00:01:06.720000,0 days 01:14:28.965000,0 days 01:15:12.807000,0 days 01:16:19.527000,155.0,146.0,155.0,176.0,False,MEDIUM,19.0,False,Alpine,0 days 01:14:03.449000,2026-06-05 16:01:15.456,1,,,,False,True,FP2
0 days 01:18:31.646000,COL,43,0 days 00:02:12.119000,30.0,4.0,,,0 days 00:00:25.984000,0 days 00:00:44.422000,0 days 00:01:01.713000,0 days 01:16:45.511000,0 days 01:17:29.933000,0 days 01:18:31.646000,149.0,138.0,131.0,177.0,False,MEDIUM,20.0,False,Alpine,0 days 01:16:19.527000,2026-06-05 16:03:31.534,1,,,,False,True,FP2
0 days 01:20:02.287000,COL,43,,31.0,4.0,,0 days 01:20:02.287000,0 days 00:00:28.816000,0 days 00:00:44.886000,,0 days 01:19:00.650000,0 days 01:19:45.479000,,148.0,150.0,,167.0,False,MEDIUM,21.0,False,Alpine,0 days 01:18:31.646000,2026-06-05 16:05:43.653,1,,,,False,False,FP2
0 days 00:15:05.918000,HAM,44,0 days 00:01:33.505000,1.0,1.0,0 days 00:13:33.829000,,0 days 00:00:31.088000,0 days 00:00:40.768000,0 days 00:00:21.649000,0 days 00:14:03.689000,0 days 00:14:44.490000,0 days 00:15:06.025000,161.0,178.0,259.0,248.0,False,MEDIUM,1.0,True,Ferrari,0 days 00:13:33.829000,2026-06-05 15:00:45.836,1,,,,False,False,FP2
0 days 00:16:34.396000,HAM,44,0 days 00:01:28.478000,2.0,1.0,,,0 days 00:00:20.501000,0 days 00:00:46.552000,0 days 00:00:21.425000,0 days 00:15:26.419000,0 days 00:16:12.971000,0 days 00:16:34.396000,183.0,176.0,261.0,279.0,True,MEDIUM,2.0,True,Ferrari,0 days 00:15:05.918000,2026-06-05 15:02:17.925,1,,,,False,True,FP2
0 days 00:17:48.702000,HAM,44,0 days 00:01:14.306000,3.0,1.0,,,0 days 00:00:19.617000,0 days 00:00:34.846000,0 days 00:00:19.843000,0 days 00:16:54.013000,0 days 00:17:28.859000,0 days 00:17:48.702000,208.0,195.0,262.0,280.0,True,MEDIUM,3.0,True,Ferrari,0 days 00:16:34.396000,2026-06-05 15:03:46.403,1,,,,False,True,FP2
0 days 00:19:31.929000,HAM,44,0 days 00:01:43.227000,4.0,1.0,,,0 days 00:00:33.336000,0 days 00:00:45.531000,0 days 00:00:24.360000,0 days 00:18:22.038000,0 days 00:19:07.569000,0 days 00:19:31.929000,140.0,154.0,256.0,217.0,False,MEDIUM,4.0,True,Ferrari,0 days 00:17:48.702000,2026-06-05 15:05:00.709,1,,,,False,True,FP2
0 days 00:21:05.804000,HAM,44,0 days 00:01:33.875000,5.0,1.0,,,0 days 00:00:19.702000,0 days 00:00:50.503000,0 days 00:00:23.670000,0 days 00:19:51.631000,0 days 00:20:42.134000,0 days 00:21:05.804000,212.0,153.0,258.0,216.0,False,MEDIUM,5.0,True,Ferrari,0 days 00:19:31.929000,2026-06-05 15:06:43.936,1,,,,False,True,FP2
0 days 00:22:34.339000,HAM,44,0 days 00:01:28.535000,6.0,1.0,,,0 days 00:00:22.535000,0 days 00:00:41.576000,0 days 00:00:24.424000,0 days 00:21:28.339000,0 days 00:22:09.915000,0 days 00:22:34.339000,154.0,180.0,260.0,257.0,False,MEDIUM,6.0,True,Ferrari,0 days 00:21:05.804000,2026-06-05 15:08:17.811,1,,,,False,True,FP2
0 days 00:23:48.068000,HAM,44,0 days 00:01:13.729000,7.0,1.0,,,0 days 00:00:19.394000,0 days 00:00:34.646000,0 days 00:00:19.689000,0 days 00:22:53.733000,0 days 00:23:28.379000,0 days 00:23:48.068000,216.0,196.0,262.0,279.0,True,MEDIUM,7.0,True,Ferrari,0 days 00:22:34.339000,2026-06-05 15:09:46.346,1,,,,False,True,FP2
0 days 00:25:36.367000,HAM,44,0 days 00:01:48.299000,8.0,1.0,,,0 days 00:00:32.179000,0 days 00:00:49.345000,0 days 00:00:26.775000,0 days 00:24:20.247000,0 days 00:25:09.592000,0 days 00:25:36.367000,110.0,142.0,185.0,233.0,False,MEDIUM,8.0,True,Ferrari,0 days 00:23:48.068000,2026-06-05 15:11:00.075,1,,,,False,True,FP2
0 days 00:27:32.148000,HAM,44,0 days 00:01:55.781000,9.0,1.0,,,0 days 00:00:31.416000,0 days 00:00:57.650000,0 days 00:00:26.715000,0 days 00:26:07.783000,0 days 00:27:05.433000,0 days 00:27:32.148000,82.0,165.0,230.0,154.0,False,MEDIUM,9.0,True,Ferrari,0 days 00:25:36.367000,2026-06-05 15:12:48.374,126,,,,False,False,FP2
0 days 00:29:19.665000,HAM,44,0 days 00:01:47.517000,10.0,1.0,,,0 days 00:00:25.281000,0 days 00:00:55.400000,0 days 00:00:26.836000,0 days 00:27:57.429000,0 days 00:28:52.829000,0 days 00:29:19.665000,165.0,176.0,248.0,227.0,False,MEDIUM,10.0,True,Ferrari,0 days 00:27:32.148000,2026-06-05 15:14:44.155,6,,,,False,False,FP2
0 days 00:31:03.261000,HAM,44,0 days 00:01:43.596000,11.0,1.0,,,0 days 00:00:21.859000,0 days 00:00:55.816000,0 days 00:00:25.921000,0 days 00:29:41.524000,0 days 00:30:37.340000,0 days 00:31:03.261000,183.0,180.0,257.0,232.0,False,MEDIUM,11.0,True,Ferrari,0 days 00:29:19.665000,2026-06-05 15:16:31.672,671,,,,False,False,FP2
0 days 00:32:22.668000,HAM,44,0 days 00:01:19.407000,12.0,1.0,,,0 days 00:00:20.827000,0 days 00:00:37.721000,0 days 00:00:20.859000,0 days 00:31:24.088000,0 days 00:32:01.809000,0 days 00:32:22.668000,186.0,188.0,264.0,252.0,False,MEDIUM,12.0,True,Ferrari,0 days 00:31:03.261000,2026-06-05 15:18:15.268,1,,,,False,True,FP2
0 days 00:33:47.899000,HAM,44,0 days 00:01:25.231000,13.0,1.0,,,0 days 00:00:19.368000,0 days 00:00:42.597000,0 days 00:00:23.266000,0 days 00:32:42.036000,0 days 00:33:24.633000,0 days 00:33:47.899000,214.0,156.0,259.0,220.0,False,MEDIUM,13.0,True,Ferrari,0 days 00:32:22.668000,2026-06-05 15:19:34.675,1,,,,False,True,FP2
0 days 00:35:01.570000,HAM,44,0 days 00:01:13.671000,14.0,1.0,,,0 days 00:00:19.467000,0 days 00:00:34.667000,0 days 00:00:19.537000,0 days 00:34:07.366000,0 days 00:34:42.033000,0 days 00:35:01.570000,215.0,195.0,262.0,279.0,True,MEDIUM,14.0,True,Ferrari,0 days 00:33:47.899000,2026-06-05 15:20:59.906,1,,,,False,True,FP2
0 days 00:36:42.287000,HAM,44,0 days 00:01:40.717000,15.0,1.0,,,0 days 00:00:28.491000,0 days 00:00:45.799000,0 days 00:00:26.427000,0 days 00:35:30.061000,0 days 00:36:15.860000,0 days 00:36:42.287000,110.0,150.0,189.0,228.0,False,MEDIUM,15.0,True,Ferrari,0 days 00:35:01.570000,2026-06-05 15:22:13.577,1,,,,False,True,FP2
0 days 00:38:17.394000,HAM,44,0 days 00:01:35.107000,16.0,1.0,,,0 days 00:00:24.750000,0 days 00:00:42.808000,0 days 00:00:27.549000,0 days 00:37:07.037000,0 days 00:37:49.845000,0 days 00:38:17.394000,114.0,180.0,250.0,250.0,False,MEDIUM,16.0,True,Ferrari,0 days 00:36:42.287000,2026-06-05 15:23:54.294,1,,,,False,True,FP2
0 days 00:39:42.516000,HAM,44,0 days 00:01:25.122000,17.0,1.0,,,0 days 00:00:21.144000,0 days 00:00:38.326000,0 days 00:00:25.652000,0 days 00:38:38.538000,0 days 00:39:16.864000,0 days 00:39:42.516000,184.0,139.0,263.0,255.0,False,MEDIUM,17.0,True,Ferrari,0 days 00:38:17.394000,2026-06-05 15:25:29.401,1,,,,False,True,FP2
0 days 00:40:56.065000,HAM,44,0 days 00:01:13.549000,18.0,1.0,,,0 days 00:00:19.403000,0 days 00:00:34.521000,0 days 00:00:19.625000,0 days 00:40:01.919000,0 days 00:40:36.440000,0 days 00:40:56.065000,215.0,197.0,263.0,282.0,True,MEDIUM,18.0,True,Ferrari,0 days 00:39:42.516000,2026-06-05 15:26:54.523,1,,,,False,True,FP2
0 days 00:45:43.418000,HAM,44,,19.0,1.0,,0 days 00:42:14.832000,0 days 00:00:25.793000,0 days 00:00:37.905000,,0 days 00:41:22.038000,0 days 00:41:59.921000,,180.0,170.0,,258.0,False,MEDIUM,19.0,True,Ferrari,0 days 00:40:56.065000,2026-06-05 15:28:08.072,1,,,,False,False,FP2
0 days 00:47:17.324000,HAM,44,0 days 00:01:33.906000,20.0,2.0,0 days 00:45:44.088000,,0 days 00:00:28.493000,0 days 00:00:41.420000,0 days 00:00:23.993000,0 days 00:46:11.911000,0 days 00:46:53.331000,0 days 00:47:17.324000,161.0,177.0,248.0,247.0,False,SOFT,1.0,True,Ferrari,0 days 00:45:43.418000,2026-06-05 15:32:55.425,1,,,,False,False,FP2
0 days 00:48:37.473000,HAM,44,0 days 00:01:20.149000,21.0,2.0,,,0 days 00:00:20.902000,0 days 00:00:38.472000,0 days 00:00:20.775000,0 days 00:47:38.226000,0 days 00:48:16.698000,0 days 00:48:37.473000,198.0,188.0,264.0,253.0,False,SOFT,2.0,True,Ferrari,0 days 00:47:17.324000,2026-06-05 15:34:29.331,1,,,,False,True,FP2
0 days 00:49:50.499000,HAM,44,0 days 00:01:13.026000,22.0,2.0,,,0 days 00:00:19.295000,0 days 00:00:34.365000,0 days 00:00:19.366000,0 days 00:48:56.768000,0 days 00:49:31.133000,0 days 00:49:50.499000,214.0,199.0,263.0,280.0,True,SOFT,3.0,True,Ferrari,0 days 00:48:37.473000,2026-06-05 15:35:49.480,1,,,,False,True,FP2
0 days 00:51:41.218000,HAM,44,0 days 00:01:50.719000,23.0,2.0,,,0 days 00:00:30.533000,0 days 00:00:51.593000,0 days 00:00:28.593000,0 days 00:50:21.032000,0 days 00:51:12.625000,0 days 00:51:41.218000,99.0,108.0,187.0,243.0,False,SOFT,4.0,True,Ferrari,0 days 00:49:50.499000,2026-06-05 15:37:02.506,1,,,,False,True,FP2
0 days 00:53:10.668000,HAM,44,0 days 00:01:29.450000,24.0,2.0,,,0 days 00:00:25.686000,0 days 00:00:41.939000,0 days 00:00:21.825000,0 days 00:52:06.904000,0 days 00:52:48.843000,0 days 00:53:10.668000,168.0,181.0,262.0,252.0,False,SOFT,5.0,True,Ferrari,0 days 00:51:41.218000,2026-06-05 15:38:53.225,1,,,,False,True,FP2
0 days 00:54:32.048000,HAM,44,0 days 00:01:21.380000,25.0,2.0,,,0 days 00:00:19.370000,0 days 00:00:40.625000,0 days 00:00:21.385000,0 days 00:53:30.038000,0 days 00:54:10.663000,0 days 00:54:32.048000,214.0,177.0,262.0,245.0,False,SOFT,6.0,True,Ferrari,0 days 00:53:10.668000,2026-06-05 15:40:22.675,1,,,,False,True,FP2
0 days 00:56:33.926000,HAM,44,0 days 00:02:01.878000,26.0,2.0,,0 days 00:55:51.094000,0 days 00:00:19.363000,0 days 00:00:40.268000,0 days 00:01:02.247000,0 days 00:54:51.411000,0 days 00:55:31.679000,0 days 00:56:33.926000,214.0,131.0,,280.0,False,SOFT,7.0,True,Ferrari,0 days 00:54:32.048000,2026-06-05 15:41:44.055,1,,,,False,False,FP2
0 days 00:58:09.148000,HAM,44,0 days 00:01:35.222000,27.0,3.0,0 days 00:56:34.633000,,0 days 00:00:29.624000,0 days 00:00:41.893000,0 days 00:00:23.705000,0 days 00:57:03.550000,0 days 00:57:45.443000,0 days 00:58:09.148000,156.0,180.0,247.0,251.0,False,SOFT,8.0,False,Ferrari,0 days 00:56:33.926000,2026-06-05 15:43:45.933,1,,,,False,False,FP2
0 days 00:59:36.021000,HAM,44,0 days 00:01:26.873000,28.0,3.0,,,0 days 00:00:21.673000,0 days 00:00:37.621000,0 days 00:00:27.579000,0 days 00:58:30.821000,0 days 00:59:08.442000,0 days 00:59:36.021000,188.0,187.0,263.0,254.0,False,SOFT,9.0,False,Ferrari,0 days 00:58:09.148000,2026-06-05 15:45:21.155,1,,,,False,True,FP2
0 days 01:00:49.381000,HAM,44,0 days 00:01:13.360000,29.0,3.0,,,0 days 00:00:19.357000,0 days 00:00:34.570000,0 days 00:00:19.433000,0 days 00:59:55.378000,0 days 01:00:29.948000,0 days 01:00:49.381000,216.0,204.0,262.0,280.0,False,SOFT,10.0,False,Ferrari,0 days 00:59:36.021000,2026-06-05 15:46:48.028,1,,,,False,True,FP2
0 days 01:06:56.134000,HAM,44,,30.0,3.0,,0 days 01:02:12.975000,0 days 00:00:22.040000,0 days 00:00:44.524000,,0 days 01:01:11.587000,0 days 01:01:56.115000,,146.0,161.0,,239.0,False,SOFT,11.0,False,Ferrari,0 days 01:00:49.381000,2026-06-05 15:48:01.388,1,,,,False,False,FP2
0 days 01:11:04.325000,HAM,44,,31.0,4.0,0 days 01:06:56.134000,0 days 01:08:25.893000,0 days 00:00:24.570000,,,0 days 01:07:20.220000,,,182.0,,,268.0,False,MEDIUM,20.0,False,Ferrari,0 days 01:06:56.134000,2026-06-05 15:54:08.141,125,,,,False,False,FP2
0 days 01:12:38.008000,HAM,44,0 days 00:01:33.683000,32.0,5.0,0 days 01:11:05.030000,,0 days 00:00:25.146000,0 days 00:00:38.693000,0 days 00:00:29.844000,0 days 01:11:29.471000,0 days 01:12:08.164000,0 days 01:12:38.008000,176.0,184.0,241.0,265.0,False,MEDIUM,21.0,False,Ferrari,0 days 01:11:05.030000,2026-06-05 15:58:17.037,1,,,,False,False,FP2
0 days 01:13:55.934000,HAM,44,0 days 00:01:17.926000,33.0,5.0,,,0 days 00:00:21.013000,0 days 00:00:36.318000,0 days 00:00:20.595000,0 days 01:12:59.021000,0 days 01:13:35.339000,0 days 01:13:55.934000,192.0,186.0,254.0,264.0,False,MEDIUM,22.0,False,Ferrari,0 days 01:12:38.008000,2026-06-05 15:59:50.015,1,,,,False,True,FP2
0 days 01:15:56.296000,HAM,44,0 days 00:02:00.362000,34.0,5.0,,,0 days 00:00:21.707000,0 days 00:00:43.593000,0 days 00:00:55.062000,0 days 01:14:17.641000,0 days 01:15:01.234000,0 days 01:15:56.296000,119.0,175.0,6.0,245.0,False,MEDIUM,23.0,False,Ferrari,0 days 01:13:55.934000,2026-06-05 16:01:07.941,1,,,,False,True,FP2
0 days 01:18:04.984000,HAM,44,0 days 00:02:08.688000,35.0,5.0,,,0 days 00:00:23.622000,0 days 00:00:36.558000,0 days 00:01:08.508000,0 days 01:16:19.918000,0 days 01:16:56.476000,0 days 01:18:04.984000,186.0,192.0,6.0,265.0,False,MEDIUM,24.0,False,Ferrari,0 days 01:15:56.296000,2026-06-05 16:03:08.303,1,,,,False,True,FP2
0 days 01:19:49.479000,HAM,44,,36.0,5.0,,0 days 01:19:49.479000,0 days 00:00:52.213000,0 days 00:00:38.333000,,0 days 01:18:57.385000,0 days 01:19:35.585000,,157.0,183.0,,262.0,False,MEDIUM,25.0,False,Ferrari,0 days 01:18:04.984000,2026-06-05 16:05:16.991,1,,,,False,False,FP2
0 days 00:14:54.882000,BOR,5,0 days 00:01:38.200000,1.0,1.0,0 days 00:13:18.093000,,0 days 00:00:30.028000,0 days 00:00:41.977000,0 days 00:00:26.195000,0 days 00:13:47.216000,0 days 00:14:28.877000,0 days 00:14:55.050000,149.0,166.0,262.0,263.0,False,MEDIUM,1.0,True,Audi,0 days 00:13:18.093000,2026-06-05 15:00:30.100,1,,,,False,False,FP2
0 days 00:16:15.535000,BOR,5,0 days 00:01:20.653000,2.0,1.0,,,0 days 00:00:20.983000,0 days 00:00:37.563000,0 days 00:00:22.107000,0 days 00:15:15.865000,0 days 00:15:53.428000,0 days 00:16:15.535000,180.0,186.0,262.0,282.0,True,MEDIUM,2.0,True,Audi,0 days 00:14:54.882000,2026-06-05 15:02:06.889,1,,,,False,True,FP2
0 days 00:17:33.400000,BOR,5,0 days 00:01:17.865000,3.0,1.0,,,0 days 00:00:20.204000,0 days 00:00:35.915000,0 days 00:00:21.746000,0 days 00:16:35.739000,0 days 00:17:11.654000,0 days 00:17:33.400000,190.0,184.0,263.0,282.0,True,MEDIUM,3.0,True,Audi,0 days 00:16:15.535000,2026-06-05 15:03:27.542,1,,,,False,True,FP2
0 days 00:19:10.158000,BOR,5,0 days 00:01:36.758000,4.0,1.0,,,0 days 00:00:25.639000,0 days 00:00:39.838000,0 days 00:00:31.281000,0 days 00:17:59.039000,0 days 00:18:38.877000,0 days 00:19:10.158000,156.0,166.0,258.0,259.0,False,MEDIUM,4.0,True,Audi,0 days 00:17:33.400000,2026-06-05 15:04:45.407,1,,,,False,True,FP2
0 days 00:20:45.331000,BOR,5,0 days 00:01:35.173000,5.0,1.0,,,0 days 00:00:21.755000,0 days 00:00:42.017000,0 days 00:00:31.401000,0 days 00:19:31.913000,0 days 00:20:13.930000,0 days 00:20:45.331000,176.0,158.0,251.0,250.0,False,MEDIUM,5.0,True,Audi,0 days 00:19:10.158000,2026-06-05 15:06:22.165,1,,,,False,True,FP2
0 days 00:22:05.195000,BOR,5,0 days 00:01:19.864000,6.0,1.0,,,0 days 00:00:20.445000,0 days 00:00:36.279000,0 days 00:00:23.140000,0 days 00:21:05.776000,0 days 00:21:42.055000,0 days 00:22:05.195000,194.0,187.0,262.0,280.0,True,MEDIUM,6.0,True,Audi,0 days 00:20:45.331000,2026-06-05 15:07:57.338,1,,,,False,True,FP2
0 days 00:23:21.162000,BOR,5,0 days 00:01:15.967000,7.0,1.0,,,0 days 00:00:19.810000,0 days 00:00:35.871000,0 days 00:00:20.286000,0 days 00:22:25.005000,0 days 00:23:00.876000,0 days 00:23:21.162000,205.0,192.0,263.0,281.0,True,MEDIUM,7.0,True,Audi,0 days 00:22:05.195000,2026-06-05 15:09:17.202,1,,,,False,True,FP2
0 days 00:25:07.956000,BOR,5,0 days 00:01:46.794000,8.0,1.0,,,0 days 00:00:24.069000,0 days 00:00:50.080000,0 days 00:00:32.645000,0 days 00:23:45.231000,0 days 00:24:35.311000,0 days 00:25:07.956000,160.0,147.0,254.0,246.0,False,MEDIUM,8.0,True,Audi,0 days 00:23:21.162000,2026-06-05 15:10:33.169,1,,,,False,True,FP2
0 days 00:27:10.765000,BOR,5,0 days 00:02:02.809000,9.0,1.0,,0 days 00:26:39.926000,0 days 00:00:20.442000,0 days 00:00:47.352000,0 days 00:00:55.015000,0 days 00:25:28.398000,0 days 00:26:15.750000,0 days 00:27:10.765000,192.0,84.0,,262.0,False,MEDIUM,9.0,True,Audi,0 days 00:25:07.956000,2026-06-05 15:12:19.963,126,,,,False,False,FP2
0 days 00:28:56.838000,BOR,5,0 days 00:01:46.073000,10.0,2.0,0 days 00:27:11.414000,,0 days 00:00:28.513000,0 days 00:00:50.741000,0 days 00:00:26.819000,0 days 00:27:39.278000,0 days 00:28:30.019000,0 days 00:28:56.838000,146.0,151.0,225.0,161.0,False,MEDIUM,10.0,False,Audi,0 days 00:27:10.765000,2026-06-05 15:14:22.772,6,,,,False,False,FP2
0 days 00:36:38.946000,BOR,5,,11.0,2.0,,0 days 00:30:29.039000,0 days 00:00:25.013000,0 days 00:00:48.665000,,0 days 00:29:22.057000,0 days 00:30:10.651000,,159.0,134.0,,170.0,False,MEDIUM,11.0,False,Audi,0 days 00:28:56.838000,2026-06-05 15:16:08.845,671,,,,False,False,FP2
0 days 00:38:26.415000,BOR,5,0 days 00:01:47.469000,12.0,3.0,0 days 00:36:39.701000,,0 days 00:00:32.062000,0 days 00:00:40.078000,0 days 00:00:35.329000,0 days 00:37:11.008000,0 days 00:37:51.086000,0 days 00:38:26.415000,154.0,165.0,249.0,268.0,False,SOFT,1.0,True,Audi,0 days 00:36:38.946000,2026-06-05 15:23:50.953,1,,,,False,False,FP2
0 days 00:39:45.255000,BOR,5,0 days 00:01:18.840000,13.0,3.0,,,0 days 00:00:20.884000,0 days 00:00:36.361000,0 days 00:00:21.595000,0 days 00:38:47.299000,0 days 00:39:23.660000,0 days 00:39:45.255000,185.0,191.0,263.0,282.0,True,SOFT,2.0,True,Audi,0 days 00:38:26.415000,2026-06-05 15:25:38.422,1,,,,False,True,FP2
0 days 00:41:00.078000,BOR,5,0 days 00:01:14.823000,14.0,3.0,,,0 days 00:00:19.820000,0 days 00:00:35.052000,0 days 00:00:19.951000,0 days 00:40:05.075000,0 days 00:40:40.127000,0 days 00:41:00.078000,202.0,197.0,261.0,282.0,True,SOFT,3.0,True,Audi,0 days 00:39:45.255000,2026-06-05 15:26:57.262,1,,,,False,True,FP2
0 days 00:42:20.795000,BOR,5,0 days 00:01:20.717000,15.0,3.0,,,0 days 00:00:19.722000,0 days 00:00:39.301000,0 days 00:00:21.694000,0 days 00:41:19.800000,0 days 00:41:59.101000,0 days 00:42:20.795000,194.0,178.0,264.0,240.0,False,SOFT,4.0,True,Audi,0 days 00:41:00.078000,2026-06-05 15:28:12.085,1,,,,False,True,FP2
0 days 00:43:35.622000,BOR,5,0 days 00:01:14.827000,16.0,3.0,,,0 days 00:00:19.442000,0 days 00:00:35.309000,0 days 00:00:20.076000,0 days 00:42:40.237000,0 days 00:43:15.546000,0 days 00:43:35.622000,206.0,192.0,264.0,282.0,False,SOFT,5.0,True,Audi,0 days 00:42:20.795000,2026-06-05 15:29:32.802,1,,,,False,True,FP2
0 days 00:45:17.428000,BOR,5,0 days 00:01:41.806000,17.0,3.0,,,0 days 00:00:28.203000,0 days 00:00:47.577000,0 days 00:00:26.026000,0 days 00:44:03.825000,0 days 00:44:51.402000,0 days 00:45:17.428000,101.0,115.0,263.0,237.0,False,SOFT,6.0,True,Audi,0 days 00:43:35.622000,2026-06-05 15:30:47.629,1,,,,False,True,FP2
0 days 00:46:32.133000,BOR,5,0 days 00:01:14.705000,18.0,3.0,,,0 days 00:00:19.628000,0 days 00:00:35.269000,0 days 00:00:19.808000,0 days 00:45:37.056000,0 days 00:46:12.325000,0 days 00:46:32.133000,210.0,197.0,264.0,280.0,True,SOFT,7.0,True,Audi,0 days 00:45:17.428000,2026-06-05 15:32:29.435,1,,,,False,True,FP2
0 days 00:47:58.764000,BOR,5,0 days 00:01:26.631000,19.0,3.0,,,0 days 00:00:25.915000,0 days 00:00:39.894000,0 days 00:00:20.822000,0 days 00:46:58.048000,0 days 00:47:37.942000,0 days 00:47:58.764000,173.0,182.0,264.0,253.0,False,SOFT,8.0,True,Audi,0 days 00:46:32.133000,2026-06-05 15:33:44.140,1,,,,False,True,FP2
0 days 00:49:13.600000,BOR,5,0 days 00:01:14.836000,20.0,3.0,,,0 days 00:00:19.427000,0 days 00:00:35.490000,0 days 00:00:19.919000,0 days 00:48:18.191000,0 days 00:48:53.681000,0 days 00:49:13.600000,207.0,191.0,263.0,281.0,False,SOFT,9.0,True,Audi,0 days 00:47:58.764000,2026-06-05 15:35:10.771,1,,,,False,True,FP2
0 days 00:50:58.780000,BOR,5,0 days 00:01:45.180000,21.0,3.0,,,0 days 00:00:33.055000,0 days 00:00:46.391000,0 days 00:00:25.734000,0 days 00:49:46.655000,0 days 00:50:33.046000,0 days 00:50:58.780000,107.0,132.0,262.0,234.0,False,SOFT,10.0,True,Audi,0 days 00:49:13.600000,2026-06-05 15:36:25.607,1,,,,False,True,FP2
0 days 00:52:27.533000,BOR,5,0 days 00:01:28.753000,22.0,3.0,,,0 days 00:00:19.676000,0 days 00:00:42.084000,0 days 00:00:26.993000,0 days 00:51:18.456000,0 days 00:52:00.540000,0 days 00:52:27.533000,204.0,93.0,262.0,209.0,False,SOFT,11.0,True,Audi,0 days 00:50:58.780000,2026-06-05 15:38:10.787,1,,,,False,True,FP2
0 days 00:53:41.892000,BOR,5,0 days 00:01:14.359000,23.0,3.0,,,0 days 00:00:19.579000,0 days 00:00:35.156000,0 days 00:00:19.624000,0 days 00:52:47.112000,0 days 00:53:22.268000,0 days 00:53:41.892000,207.0,193.0,264.0,280.0,True,SOFT,12.0,True,Audi,0 days 00:52:27.533000,2026-06-05 15:39:39.540,1,,,,False,True,FP2
0 days 00:55:26.557000,BOR,5,0 days 00:01:44.665000,24.0,3.0,,,0 days 00:00:25.508000,0 days 00:00:50.436000,0 days 00:00:28.721000,0 days 00:54:07.400000,0 days 00:54:57.836000,0 days 00:55:26.557000,102.0,78.0,260.0,253.0,False,SOFT,13.0,True,Audi,0 days 00:53:41.892000,2026-06-05 15:40:53.899,1,,,,False,True,FP2
0 days 00:56:46.034000,BOR,5,0 days 00:01:19.477000,25.0,3.0,,,0 days 00:00:20.238000,0 days 00:00:37.805000,0 days 00:00:21.434000,0 days 00:55:46.795000,0 days 00:56:24.600000,0 days 00:56:46.034000,179.0,188.0,264.0,253.0,False,SOFT,14.0,True,Audi,0 days 00:55:26.557000,2026-06-05 15:42:38.564,1,,,,False,True,FP2
0 days 00:58:05.060000,BOR,5,0 days 00:01:19.026000,26.0,3.0,,,0 days 00:00:19.484000,0 days 00:00:35.525000,0 days 00:00:24.017000,0 days 00:57:05.518000,0 days 00:57:41.043000,0 days 00:58:05.060000,208.0,189.0,260.0,281.0,False,SOFT,15.0,True,Audi,0 days 00:56:46.034000,2026-06-05 15:43:58.041,1,,,,False,True,FP2
0 days 01:04:04.406000,BOR,5,,27.0,3.0,,0 days 00:59:17.412000,0 days 00:00:19.721000,0 days 00:00:35.919000,,0 days 00:58:25.052000,0 days 00:59:00.979000,,202.0,163.0,,281.0,False,SOFT,16.0,True,Audi,0 days 00:58:05.060000,2026-06-05 15:45:17.067,1,,,,False,False,FP2
0 days 01:05:32.356000,BOR,5,0 days 00:01:27.950000,28.0,4.0,0 days 01:04:05.044000,,0 days 00:00:27.927000,0 days 00:00:38.707000,0 days 00:00:21.316000,0 days 01:04:32.333000,0 days 01:05:11.040000,0 days 01:05:32.356000,165.0,179.0,253.0,264.0,False,MEDIUM,12.0,False,Audi,0 days 01:04:04.406000,2026-06-05 15:51:16.413,1,,,,False,False,FP2
0 days 01:06:50.479000,BOR,5,0 days 00:01:18.123000,29.0,4.0,,,0 days 00:00:21.120000,0 days 00:00:36.489000,0 days 00:00:20.514000,0 days 01:05:53.476000,0 days 01:06:29.965000,0 days 01:06:50.479000,198.0,185.0,255.0,266.0,False,MEDIUM,13.0,False,Audi,0 days 01:05:32.356000,2026-06-05 15:52:44.363,1,,,,False,True,FP2
0 days 01:10:55.489000,BOR,5,,30.0,4.0,,0 days 01:08:05.537000,0 days 00:00:20.085000,0 days 00:00:35.839000,,0 days 01:07:10.717000,0 days 01:07:46.545000,,203.0,190.0,,269.0,False,MEDIUM,14.0,False,Audi,0 days 01:06:50.479000,2026-06-05 15:54:02.486,125,,,,False,False,FP2
0 days 01:12:26.543000,BOR,5,0 days 00:01:31.054000,31.0,5.0,0 days 01:10:56.181000,,0 days 00:00:27.791000,0 days 00:00:39.523000,0 days 00:00:23.740000,0 days 01:11:23.280000,0 days 01:12:02.803000,0 days 01:12:26.543000,160.0,148.0,241.0,259.0,False,MEDIUM,15.0,False,Audi,0 days 01:10:56.181000,2026-06-05 15:58:08.188,1,,,,False,False,FP2
0 days 01:13:45.337000,BOR,5,0 days 00:01:18.794000,32.0,5.0,,,0 days 00:00:21.238000,0 days 00:00:36.879000,0 days 00:00:20.677000,0 days 01:12:47.781000,0 days 01:13:24.660000,0 days 01:13:45.337000,197.0,184.0,254.0,266.0,False,MEDIUM,16.0,False,Audi,0 days 01:12:26.543000,2026-06-05 15:59:38.550,1,,,,False,True,FP2
0 days 01:16:00.126000,BOR,5,0 days 00:02:14.789000,33.0,5.0,,,0 days 00:00:24.583000,0 days 00:00:38.838000,0 days 00:01:11.368000,0 days 01:14:09.920000,0 days 01:14:48.758000,0 days 01:16:00.126000,177.0,176.0,13.0,253.0,False,MEDIUM,17.0,False,Audi,0 days 01:13:45.337000,2026-06-05 16:00:57.344,1,,,,False,True,FP2
0 days 01:18:04.476000,BOR,5,0 days 00:02:04.350000,34.0,5.0,,,0 days 00:00:25.353000,0 days 00:00:42.088000,0 days 00:00:56.909000,0 days 01:16:25.479000,0 days 01:17:07.567000,0 days 01:18:04.476000,170.0,153.0,5.0,205.0,False,MEDIUM,18.0,False,Audi,0 days 01:16:00.126000,2026-06-05 16:03:12.133,1,,,,False,True,FP2
0 days 01:19:25.125000,BOR,5,,35.0,5.0,,0 days 01:19:25.125000,0 days 00:00:23.598000,0 days 00:00:40.727000,,0 days 01:18:28.241000,0 days 01:19:08.918000,,178.0,158.0,,240.0,False,MEDIUM,19.0,False,Audi,0 days 01:18:04.476000,2026-06-05 16:05:16.483,1,,,,False,False,FP2
0 days 00:16:25.352000,SAI,55,0 days 00:01:33.080000,1.0,1.0,0 days 00:14:52.975000,,0 days 00:00:26.981000,0 days 00:00:41.041000,0 days 00:00:25.058000,0 days 00:15:19.472000,0 days 00:16:00.598000,0 days 00:16:25.525000,163.0,170.0,244.0,262.0,False,MEDIUM,1.0,True,Williams,0 days 00:14:52.975000,2026-06-05 15:02:04.982,1,,,,False,False,FP2
0 days 00:17:55.070000,SAI,55,0 days 00:01:29.718000,2.0,1.0,,,0 days 00:00:21.524000,0 days 00:00:43.480000,0 days 00:00:24.714000,0 days 00:16:46.876000,0 days 00:17:30.356000,0 days 00:17:55.070000,190.0,173.0,250.0,280.0,True,MEDIUM,2.0,True,Williams,0 days 00:16:25.352000,2026-06-05 15:03:37.359,1,,,,False,True,FP2
0 days 00:19:15.802000,SAI,55,0 days 00:01:20.732000,3.0,1.0,,,0 days 00:00:20.891000,0 days 00:00:37.117000,0 days 00:00:22.724000,0 days 00:18:15.961000,0 days 00:18:53.078000,0 days 00:19:15.802000,200.0,181.0,258.0,281.0,True,MEDIUM,3.0,True,Williams,0 days 00:17:55.070000,2026-06-05 15:05:07.077,1,,,,False,True,FP2
0 days 00:20:32.377000,SAI,55,0 days 00:01:16.575000,4.0,1.0,,,0 days 00:00:20.345000,0 days 00:00:35.957000,0 days 00:00:20.273000,0 days 00:19:36.147000,0 days 00:20:12.104000,0 days 00:20:32.377000,211.0,190.0,263.0,281.0,True,MEDIUM,4.0,True,Williams,0 days 00:19:15.802000,2026-06-05 15:06:27.809,1,,,,False,True,FP2
0 days 00:21:48.140000,SAI,55,0 days 00:01:15.763000,5.0,1.0,,,0 days 00:00:19.773000,0 days 00:00:35.749000,0 days 00:00:20.241000,0 days 00:20:52.150000,0 days 00:21:27.899000,0 days 00:21:48.140000,210.0,195.0,264.0,281.0,True,MEDIUM,5.0,True,Williams,0 days 00:20:32.377000,2026-06-05 15:07:44.384,1,,,,False,True,FP2
0 days 00:23:28.516000,SAI,55,0 days 00:01:40.376000,6.0,1.0,,,0 days 00:00:30.007000,0 days 00:00:48.132000,0 days 00:00:22.237000,0 days 00:22:18.147000,0 days 00:23:06.279000,0 days 00:23:28.516000,103.0,176.0,260.0,243.0,False,MEDIUM,6.0,True,Williams,0 days 00:21:48.140000,2026-06-05 15:09:00.147,1,,,,False,True,FP2
0 days 00:25:12.772000,SAI,55,0 days 00:01:44.256000,7.0,1.0,,,0 days 00:00:20.872000,0 days 00:00:52.960000,0 days 00:00:30.424000,0 days 00:23:49.388000,0 days 00:24:42.348000,0 days 00:25:12.772000,154.0,176.0,241.0,240.0,False,MEDIUM,7.0,True,Williams,0 days 00:23:28.516000,2026-06-05 15:10:40.523,1,,,,False,True,FP2
0 days 00:26:57.575000,SAI,55,0 days 00:01:44.803000,8.0,1.0,,,0 days 00:00:21.010000,0 days 00:00:48.380000,0 days 00:00:35.413000,0 days 00:25:33.782000,0 days 00:26:22.162000,0 days 00:26:57.575000,199.0,87.0,218.0,277.0,False,MEDIUM,8.0,True,Williams,0 days 00:25:12.772000,2026-06-05 15:12:24.779,126,,,,False,False,FP2
0 days 00:28:57.005000,SAI,55,0 days 00:01:59.430000,9.0,1.0,,0 days 00:28:37.882000,0 days 00:00:22.862000,0 days 00:00:56.004000,0 days 00:00:40.564000,0 days 00:27:20.437000,0 days 00:28:16.441000,0 days 00:28:57.005000,173.0,153.0,,230.0,False,MEDIUM,9.0,True,Williams,0 days 00:26:57.575000,2026-06-05 15:14:09.582,6,,,,False,False,FP2
0 days 00:30:40.765000,SAI,55,0 days 00:01:43.760000,10.0,2.0,0 days 00:28:57.813000,,0 days 00:00:30.741000,0 days 00:00:47.638000,0 days 00:00:25.381000,0 days 00:29:27.746000,0 days 00:30:15.384000,0 days 00:30:40.765000,177.0,170.0,241.0,270.0,False,MEDIUM,10.0,False,Williams,0 days 00:28:57.005000,2026-06-05 15:16:09.012,67,,,,False,False,FP2
0 days 00:32:05.344000,SAI,55,0 days 00:01:24.579000,11.0,2.0,,,0 days 00:00:21.517000,0 days 00:00:39.984000,0 days 00:00:23.078000,0 days 00:31:02.282000,0 days 00:31:42.266000,0 days 00:32:05.344000,197.0,176.0,261.0,276.0,False,MEDIUM,11.0,False,Williams,0 days 00:30:40.765000,2026-06-05 15:17:52.772,71,,,,False,False,FP2
0 days 00:33:24.643000,SAI,55,0 days 00:01:19.299000,12.0,2.0,,,0 days 00:00:20.475000,0 days 00:00:37.440000,0 days 00:00:21.384000,0 days 00:32:25.819000,0 days 00:33:03.259000,0 days 00:33:24.643000,203.0,181.0,263.0,279.0,False,MEDIUM,12.0,False,Williams,0 days 00:32:05.344000,2026-06-05 15:19:17.351,1,,,,False,True,FP2
0 days 00:34:39.897000,SAI,55,0 days 00:01:15.254000,13.0,2.0,,,0 days 00:00:19.708000,0 days 00:00:35.661000,0 days 00:00:19.885000,0 days 00:33:44.351000,0 days 00:34:20.012000,0 days 00:34:39.897000,211.0,194.0,262.0,282.0,True,MEDIUM,13.0,False,Williams,0 days 00:33:24.643000,2026-06-05 15:20:36.650,1,,,,False,True,FP2
0 days 00:41:56.520000,SAI,55,,14.0,2.0,,0 days 00:35:58.578000,0 days 00:00:19.879000,0 days 00:00:42.940000,,0 days 00:35:00.028000,0 days 00:35:42.929000,,209.0,158.0,,247.0,False,MEDIUM,14.0,False,Williams,0 days 00:34:39.897000,2026-06-05 15:21:51.904,1,,,,False,False,FP2
0 days 00:43:43.376000,SAI,55,0 days 00:01:46.856000,15.0,3.0,0 days 00:41:57.102000,,0 days 00:00:32.064000,0 days 00:00:48.759000,0 days 00:00:26.033000,0 days 00:42:28.584000,0 days 00:43:17.343000,0 days 00:43:43.376000,135.0,175.0,258.0,260.0,False,SOFT,1.0,True,Williams,0 days 00:41:56.520000,2026-06-05 15:29:08.527,1,,,,False,False,FP2
0 days 00:45:07.487000,SAI,55,0 days 00:01:24.111000,16.0,3.0,,,0 days 00:00:21.093000,0 days 00:00:38.908000,0 days 00:00:24.110000,0 days 00:44:04.469000,0 days 00:44:43.377000,0 days 00:45:07.487000,190.0,181.0,260.0,280.0,False,SOFT,2.0,True,Williams,0 days 00:43:43.376000,2026-06-05 15:30:55.383,1,,,,False,True,FP2
0 days 00:46:25.097000,SAI,55,0 days 00:01:17.610000,17.0,3.0,,,0 days 00:00:19.898000,0 days 00:00:36.425000,0 days 00:00:21.287000,0 days 00:45:27.385000,0 days 00:46:03.810000,0 days 00:46:25.097000,199.0,176.0,262.0,280.0,False,SOFT,3.0,True,Williams,0 days 00:45:07.487000,2026-06-05 15:32:19.494,1,,,,False,True,FP2
0 days 00:47:39.609000,SAI,55,0 days 00:01:14.512000,18.0,3.0,,,0 days 00:00:19.580000,0 days 00:00:35.228000,0 days 00:00:19.704000,0 days 00:46:44.677000,0 days 00:47:19.905000,0 days 00:47:39.609000,214.0,196.0,264.0,280.0,True,SOFT,4.0,True,Williams,0 days 00:46:25.097000,2026-06-05 15:33:37.104,1,,,,False,True,FP2
0 days 00:49:17.454000,SAI,55,0 days 00:01:37.845000,19.0,3.0,,,0 days 00:00:27.630000,0 days 00:00:44.347000,0 days 00:00:25.868000,0 days 00:48:07.239000,0 days 00:48:51.586000,0 days 00:49:17.454000,87.0,156.0,243.0,241.0,False,SOFT,5.0,True,Williams,0 days 00:47:39.609000,2026-06-05 15:34:51.616,1,,,,False,True,FP2
0 days 00:50:44.598000,SAI,55,0 days 00:01:27.144000,20.0,3.0,,,0 days 00:00:21.473000,0 days 00:00:39.215000,0 days 00:00:26.456000,0 days 00:49:38.927000,0 days 00:50:18.142000,0 days 00:50:44.598000,173.0,105.0,259.0,264.0,False,SOFT,6.0,True,Williams,0 days 00:49:17.454000,2026-06-05 15:36:29.461,1,,,,False,True,FP2
0 days 00:52:08.684000,SAI,55,0 days 00:01:24.086000,21.0,3.0,,,0 days 00:00:20.099000,0 days 00:00:39.634000,0 days 00:00:24.353000,0 days 00:51:04.697000,0 days 00:51:44.331000,0 days 00:52:08.684000,203.0,181.0,256.0,276.0,False,SOFT,7.0,True,Williams,0 days 00:50:44.598000,2026-06-05 15:37:56.605,1,,,,False,True,FP2
0 days 00:53:28.545000,SAI,55,0 days 00:01:19.861000,22.0,3.0,,,0 days 00:00:19.862000,0 days 00:00:38.571000,0 days 00:00:21.428000,0 days 00:52:28.546000,0 days 00:53:07.117000,0 days 00:53:28.545000,184.0,184.0,261.0,268.0,False,SOFT,8.0,True,Williams,0 days 00:52:08.684000,2026-06-05 15:39:20.691,1,,,,False,True,FP2
0 days 00:54:50.749000,SAI,55,0 days 00:01:22.204000,23.0,3.0,,,0 days 00:00:19.611000,0 days 00:00:39.389000,0 days 00:00:23.204000,0 days 00:53:48.156000,0 days 00:54:27.545000,0 days 00:54:50.749000,214.0,166.0,264.0,244.0,False,SOFT,9.0,True,Williams,0 days 00:53:28.545000,2026-06-05 15:40:40.552,1,,,,False,True,FP2
0 days 00:56:10.419000,SAI,55,0 days 00:01:19.670000,24.0,3.0,,,0 days 00:00:19.636000,0 days 00:00:35.460000,0 days 00:00:24.574000,0 days 00:55:10.385000,0 days 00:55:45.845000,0 days 00:56:10.419000,212.0,195.0,210.0,281.0,False,SOFT,10.0,True,Williams,0 days 00:54:50.749000,2026-06-05 15:42:02.756,1,,,,False,True,FP2
0 days 00:57:37.857000,SAI,55,0 days 00:01:27.438000,25.0,3.0,,,0 days 00:00:25.341000,0 days 00:00:40.862000,0 days 00:00:21.235000,0 days 00:56:35.760000,0 days 00:57:16.622000,0 days 00:57:37.857000,151.0,182.0,264.0,239.0,False,SOFT,11.0,True,Williams,0 days 00:56:10.419000,2026-06-05 15:43:22.426,1,,,,False,True,FP2
0 days 01:03:10.496000,SAI,55,,26.0,3.0,,0 days 00:58:46.652000,0 days 00:00:19.713000,0 days 00:00:35.399000,,0 days 00:57:57.652000,0 days 00:58:33.111000,,212.0,196.0,,282.0,False,SOFT,12.0,True,Williams,0 days 00:57:37.857000,2026-06-05 15:44:49.864,1,,,,False,False,FP2
0 days 01:04:39.870000,SAI,55,0 days 00:01:29.374000,27.0,4.0,0 days 01:03:11.026000,,0 days 00:00:26.176000,0 days 00:00:41.031000,0 days 00:00:22.167000,0 days 01:03:36.672000,0 days 01:04:17.703000,0 days 01:04:39.870000,158.0,181.0,244.0,256.0,False,SOFT,13.0,False,Williams,0 days 01:03:10.496000,2026-06-05 15:50:22.503,1,,,,False,False,FP2
0 days 01:06:12.201000,SAI,55,0 days 00:01:32.331000,28.0,4.0,,,0 days 00:00:23.570000,0 days 00:00:45.009000,0 days 00:00:23.752000,0 days 01:05:03.440000,0 days 01:05:48.449000,0 days 01:06:12.201000,163.0,169.0,244.0,264.0,False,SOFT,14.0,False,Williams,0 days 01:04:39.870000,2026-06-05 15:51:51.877,1,,,,False,True,FP2
0 days 01:07:30.789000,SAI,55,0 days 00:01:18.588000,29.0,4.0,,,0 days 00:00:21.017000,0 days 00:00:36.767000,0 days 00:00:20.804000,0 days 01:06:33.218000,0 days 01:07:09.985000,0 days 01:07:30.789000,181.0,183.0,262.0,279.0,False,SOFT,15.0,False,Williams,0 days 01:06:12.201000,2026-06-05 15:53:24.208,1,,,,False,True,FP2
0 days 01:11:21.078000,SAI,55,,30.0,4.0,,0 days 01:09:06.433000,,,,,,,,,,,False,SOFT,16.0,False,Williams,0 days 01:07:30.789000,2026-06-05 15:54:42.796,125,,,,False,False,FP2
0 days 01:12:53.915000,SAI,55,0 days 00:01:32.837000,31.0,5.0,0 days 01:11:21.761000,,0 days 00:00:27.160000,0 days 00:00:40.153000,0 days 00:00:25.524000,0 days 01:11:48.238000,0 days 01:12:28.391000,0 days 01:12:53.915000,157.0,171.0,239.0,265.0,False,SOFT,17.0,False,Williams,0 days 01:11:21.761000,2026-06-05 15:58:33.768,1,,,,False,False,FP2
0 days 01:14:52.898000,SAI,55,0 days 00:01:58.983000,32.0,5.0,,,0 days 00:00:23.142000,0 days 00:00:41.326000,0 days 00:00:54.515000,0 days 01:13:17.057000,0 days 01:13:58.383000,0 days 01:14:52.898000,170.0,169.0,4.0,246.0,False,SOFT,18.0,False,Williams,0 days 01:12:53.915000,2026-06-05 16:00:05.922,1,,,,False,True,FP2
0 days 01:16:57.326000,SAI,55,0 days 00:02:04.428000,33.0,5.0,,,0 days 00:00:25.048000,0 days 00:00:40.377000,0 days 00:00:59.003000,0 days 01:15:17.946000,0 days 01:15:58.323000,0 days 01:16:57.326000,172.0,164.0,3.0,264.0,False,SOFT,19.0,False,Williams,0 days 01:14:52.898000,2026-06-05 16:02:04.905,1,,,,False,True,FP2
0 days 01:18:17.109000,SAI,55,,34.0,5.0,,0 days 01:18:17.109000,0 days 00:00:24.294000,0 days 00:00:40,,0 days 01:17:21.783000,0 days 01:18:01.684000,,172.0,169.0,,261.0,False,SOFT,20.0,False,Williams,0 days 01:16:57.326000,2026-06-05 16:04:09.333,1,,,,False,False,FP2
0 days 00:25:39.778000,HAD,6,0 days 00:01:47.893000,1.0,1.0,0 days 00:23:52.634000,,0 days 00:00:31.977000,0 days 00:00:46.334000,0 days 00:00:29.582000,0 days 00:24:24.156000,0 days 00:25:10.336000,0 days 00:25:39.849000,141.0,134.0,202.0,249.0,False,MEDIUM,1.0,True,Red Bull Racing,0 days 00:23:52.634000,2026-06-05 15:11:04.641,1,,,,False,False,FP2
0 days 00:27:33.156000,HAD,6,0 days 00:01:53.378000,2.0,1.0,,,0 days 00:00:29.543000,0 days 00:00:57.740000,0 days 00:00:26.095000,0 days 00:26:09.321000,0 days 00:27:07.061000,0 days 00:27:33.156000,79.0,157.0,200.0,199.0,True,MEDIUM,2.0,True,Red Bull Racing,0 days 00:25:39.778000,2026-06-05 15:12:51.785,126,,,,False,False,FP2
0 days 00:33:56.987000,HAD,6,,3.0,1.0,,0 days 00:29:12.779000,0 days 00:00:25.842000,0 days 00:00:55.311000,,0 days 00:27:59.137000,0 days 00:28:54.528000,,153.0,148.0,,211.0,False,MEDIUM,3.0,True,Red Bull Racing,0 days 00:27:33.156000,2026-06-05 15:14:45.163,671,,,,False,False,FP2
0 days 00:35:26.754000,HAD,6,0 days 00:01:29.767000,4.0,2.0,0 days 00:33:57.673000,,0 days 00:00:27.467000,0 days 00:00:39.954000,0 days 00:00:22.346000,0 days 00:34:24.454000,0 days 00:35:04.408000,0 days 00:35:26.754000,170.0,171.0,255.0,258.0,False,MEDIUM,4.0,False,Red Bull Racing,0 days 00:33:56.987000,2026-06-05 15:21:08.994,1,,,,False,False,FP2
0 days 00:36:47.627000,HAD,6,0 days 00:01:20.873000,5.0,2.0,,,0 days 00:00:21.441000,0 days 00:00:38.155000,0 days 00:00:21.277000,0 days 00:35:48.195000,0 days 00:36:26.350000,0 days 00:36:47.627000,180.0,177.0,262.0,265.0,True,MEDIUM,5.0,False,Red Bull Racing,0 days 00:35:26.754000,2026-06-05 15:22:38.761,1,,,,False,True,FP2
0 days 00:38:04.452000,HAD,6,0 days 00:01:16.825000,6.0,2.0,,,0 days 00:00:20.186000,0 days 00:00:36.180000,0 days 00:00:20.459000,0 days 00:37:07.813000,0 days 00:37:43.993000,0 days 00:38:04.452000,199.0,187.0,262.0,280.0,True,MEDIUM,6.0,False,Red Bull Racing,0 days 00:36:47.627000,2026-06-05 15:23:59.634,1,,,,False,True,FP2
0 days 00:39:20.366000,HAD,6,0 days 00:01:15.914000,7.0,2.0,,,0 days 00:00:19.972000,0 days 00:00:35.764000,0 days 00:00:20.178000,0 days 00:38:24.424000,0 days 00:39:00.188000,0 days 00:39:20.366000,204.0,189.0,262.0,280.0,True,MEDIUM,7.0,False,Red Bull Racing,0 days 00:38:04.452000,2026-06-05 15:25:16.459,1,,,,False,True,FP2
0 days 00:40:57.502000,HAD,6,0 days 00:01:37.136000,8.0,2.0,,,0 days 00:00:23.156000,0 days 00:00:45.372000,0 days 00:00:28.608000,0 days 00:39:43.522000,0 days 00:40:28.894000,0 days 00:40:57.502000,148.0,92.0,259.0,235.0,False,MEDIUM,8.0,False,Red Bull Racing,0 days 00:39:20.366000,2026-06-05 15:26:32.373,1,,,,False,True,FP2
0 days 00:42:13.009000,HAD,6,0 days 00:01:15.507000,9.0,2.0,,,0 days 00:00:19.945000,0 days 00:00:35.625000,0 days 00:00:19.937000,0 days 00:41:17.447000,0 days 00:41:53.072000,0 days 00:42:13.009000,206.0,191.0,264.0,281.0,True,MEDIUM,9.0,False,Red Bull Racing,0 days 00:40:57.502000,2026-06-05 15:28:09.509,1,,,,False,True,FP2
0 days 00:43:54.418000,HAD,6,0 days 00:01:41.409000,10.0,2.0,,,0 days 00:00:22.751000,0 days 00:00:49.620000,0 days 00:00:29.038000,0 days 00:42:35.760000,0 days 00:43:25.380000,0 days 00:43:54.418000,145.0,151.0,257.0,255.0,False,MEDIUM,10.0,False,Red Bull Racing,0 days 00:42:13.009000,2026-06-05 15:29:25.016,1,,,,False,True,FP2
0 days 00:51:50.490000,HAD,6,,11.0,2.0,,0 days 00:45:04.080000,0 days 00:00:19.881000,0 days 00:00:35.754000,,0 days 00:44:14.525000,0 days 00:44:50.368000,,210.0,190.0,,282.0,False,MEDIUM,11.0,False,Red Bull Racing,0 days 00:43:54.418000,2026-06-05 15:31:06.425,1,,,,False,False,FP2
0 days 00:53:21.117000,HAD,6,0 days 00:01:30.627000,12.0,3.0,0 days 00:51:51.232000,,0 days 00:00:28.402000,0 days 00:00:40.321000,0 days 00:00:21.904000,0 days 00:52:18.892000,0 days 00:52:59.213000,0 days 00:53:21.117000,156.0,172.0,255.0,262.0,False,SOFT,1.0,True,Red Bull Racing,0 days 00:51:50.490000,2026-06-05 15:39:02.497,1,,,,False,False,FP2
0 days 00:54:40.139000,HAD,6,0 days 00:01:19.022000,13.0,3.0,,,0 days 00:00:20.711000,0 days 00:00:37.237000,0 days 00:00:21.074000,0 days 00:53:41.828000,0 days 00:54:19.065000,0 days 00:54:40.139000,193.0,180.0,263.0,274.0,False,SOFT,2.0,True,Red Bull Racing,0 days 00:53:21.117000,2026-06-05 15:40:33.124,1,,,,False,True,FP2
0 days 00:55:55.203000,HAD,6,0 days 00:01:15.064000,14.0,3.0,,,0 days 00:00:19.554000,0 days 00:00:35.604000,0 days 00:00:19.906000,0 days 00:54:59.693000,0 days 00:55:35.297000,0 days 00:55:55.203000,204.0,193.0,263.0,281.0,True,SOFT,3.0,True,Red Bull Racing,0 days 00:54:40.139000,2026-06-05 15:41:52.146,1,,,,False,True,FP2
0 days 00:57:28.469000,HAD,6,0 days 00:01:33.266000,15.0,3.0,,,0 days 00:00:25.710000,0 days 00:00:44.347000,0 days 00:00:23.209000,0 days 00:56:20.913000,0 days 00:57:05.260000,0 days 00:57:28.469000,88.0,145.0,259.0,222.0,False,SOFT,4.0,True,Red Bull Racing,0 days 00:55:55.203000,2026-06-05 15:43:07.210,1,,,,False,True,FP2
0 days 00:58:43.189000,HAD,6,0 days 00:01:14.720000,16.0,3.0,,,0 days 00:00:19.623000,0 days 00:00:35.312000,0 days 00:00:19.785000,0 days 00:57:48.092000,0 days 00:58:23.404000,0 days 00:58:43.189000,210.0,191.0,262.0,279.0,True,SOFT,5.0,True,Red Bull Racing,0 days 00:57:28.469000,2026-06-05 15:44:40.476,1,,,,False,True,FP2
0 days 00:59:57.276000,HAD,6,0 days 00:01:14.087000,17.0,3.0,,,0 days 00:00:19.402000,0 days 00:00:34.997000,0 days 00:00:19.688000,0 days 00:59:02.591000,0 days 00:59:37.588000,0 days 00:59:57.276000,211.0,194.0,262.0,279.0,True,SOFT,6.0,True,Red Bull Racing,0 days 00:58:43.189000,2026-06-05 15:45:55.196,1,,,,False,True,FP2
0 days 01:01:22.406000,HAD,6,0 days 00:01:25.130000,18.0,3.0,,,0 days 00:00:22.887000,0 days 00:00:39.487000,0 days 00:00:22.756000,0 days 01:00:20.163000,0 days 01:00:59.650000,0 days 01:01:22.406000,159.0,178.0,261.0,270.0,False,SOFT,7.0,True,Red Bull Racing,0 days 00:59:57.276000,2026-06-05 15:47:09.283,1,,,,False,True,FP2
0 days 01:07:40.705000,HAD,6,,19.0,3.0,,0 days 01:02:37.097000,0 days 00:00:19.482000,0 days 00:00:38.381000,,0 days 01:01:42.098000,0 days 01:02:20.531000,,214.0,159.0,,231.0,False,SOFT,8.0,True,Red Bull Racing,0 days 01:01:22.406000,2026-06-05 15:48:34.413,1,,,,False,False,FP2
0 days 01:12:00.255000,HAD,6,,20.0,4.0,0 days 01:07:40.705000,0 days 01:09:26.246000,,,,,,,,,,,False,MEDIUM,12.0,False,Red Bull Racing,0 days 01:07:40.705000,2026-06-05 15:54:52.712,125,,,,False,False,FP2
0 days 01:13:25.889000,HAD,6,0 days 00:01:25.634000,21.0,5.0,0 days 01:12:00.908000,,0 days 00:00:25.236000,0 days 00:00:38.796000,0 days 00:00:21.602000,0 days 01:12:25.491000,0 days 01:13:04.287000,0 days 01:13:25.889000,170.0,175.0,254.0,255.0,False,MEDIUM,13.0,False,Red Bull Racing,0 days 01:12:00.908000,2026-06-05 15:59:12.915,1,,,,False,False,FP2
0 days 01:15:23.202000,HAD,6,0 days 00:01:57.313000,22.0,5.0,,,0 days 00:00:21.082000,0 days 00:00:37.060000,0 days 00:00:59.171000,0 days 01:13:46.971000,0 days 01:14:24.031000,0 days 01:15:23.202000,195.0,179.0,101.0,265.0,False,MEDIUM,14.0,False,Red Bull Racing,0 days 01:13:25.889000,2026-06-05 16:00:37.896,1,,,,False,True,FP2
0 days 01:17:39.580000,HAD,6,0 days 00:02:16.378000,23.0,5.0,,,0 days 00:00:25.250000,0 days 00:00:39.834000,0 days 00:01:11.294000,0 days 01:15:48.452000,0 days 01:16:28.286000,0 days 01:17:39.580000,165.0,172.0,91.0,257.0,False,MEDIUM,15.0,False,Red Bull Racing,0 days 01:15:23.202000,2026-06-05 16:02:35.209,1,,,,False,True,FP2
0 days 01:18:59.951000,HAD,6,,24.0,5.0,,0 days 01:18:59.951000,0 days 00:00:22.212000,0 days 00:00:38.555000,,0 days 01:18:01.906000,0 days 01:18:40.539000,,193.0,138.0,,258.0,False,MEDIUM,16.0,False,Red Bull Racing,0 days 01:17:39.580000,2026-06-05 16:04:51.587,1,,,,False,False,FP2
0 days 00:14:23.765000,RUS,63,,1.0,1.0,0 days 00:12:51.119000,,,0 days 00:00:42.009000,0 days 00:00:22.345000,,0 days 00:14:01.707000,0 days 00:14:23.830000,144.0,174.0,254.0,237.0,False,MEDIUM,1.0,True,Mercedes,0 days 00:12:51.119000,2026-06-05 15:00:03.126,1,,,,False,False,FP2
0 days 00:15:45.941000,RUS,63,0 days 00:01:22.176000,2.0,1.0,,,0 days 00:00:21.828000,0 days 00:00:38.100000,0 days 00:00:22.248000,0 days 00:14:45.593000,0 days 00:15:23.693000,0 days 00:15:45.941000,176.0,177.0,261.0,266.0,True,MEDIUM,2.0,True,Mercedes,0 days 00:14:23.765000,2026-06-05 15:01:35.772,1,,,,False,True,FP2
0 days 00:17:04.245000,RUS,63,0 days 00:01:18.304000,3.0,1.0,,,0 days 00:00:20.321000,0 days 00:00:37.099000,0 days 00:00:20.884000,0 days 00:16:06.262000,0 days 00:16:43.361000,0 days 00:17:04.245000,199.0,184.0,262.0,257.0,True,MEDIUM,3.0,True,Mercedes,0 days 00:15:45.941000,2026-06-05 15:02:57.948,1,,,,False,True,FP2
0 days 00:18:19.526000,RUS,63,0 days 00:01:15.281000,4.0,1.0,,,0 days 00:00:19.678000,0 days 00:00:35.334000,0 days 00:00:20.269000,0 days 00:17:23.923000,0 days 00:17:59.257000,0 days 00:18:19.526000,214.0,198.0,262.0,280.0,True,MEDIUM,4.0,True,Mercedes,0 days 00:17:04.245000,2026-06-05 15:04:16.252,1,,,,False,True,FP2
0 days 00:19:56.740000,RUS,63,0 days 00:01:37.214000,5.0,1.0,,,0 days 00:00:25.145000,0 days 00:00:50.571000,0 days 00:00:21.498000,0 days 00:18:44.671000,0 days 00:19:35.242000,0 days 00:19:56.740000,167.0,151.0,262.0,209.0,False,MEDIUM,5.0,True,Mercedes,0 days 00:18:19.526000,2026-06-05 15:05:31.533,1,,,,False,True,FP2
0 days 00:21:11.318000,RUS,63,0 days 00:01:14.578000,6.0,1.0,,,0 days 00:00:19.665000,0 days 00:00:35.101000,0 days 00:00:19.812000,0 days 00:20:16.405000,0 days 00:20:51.506000,0 days 00:21:11.318000,210.0,198.0,262.0,280.0,True,MEDIUM,6.0,True,Mercedes,0 days 00:19:56.740000,2026-06-05 15:07:08.747,1,,,,False,True,FP2
0 days 00:23:06.139000,RUS,63,0 days 00:01:54.821000,7.0,1.0,,,0 days 00:00:29.253000,0 days 00:00:54.266000,0 days 00:00:31.302000,0 days 00:21:40.571000,0 days 00:22:34.837000,0 days 00:23:06.139000,142.0,52.0,246.0,197.0,False,MEDIUM,7.0,True,Mercedes,0 days 00:21:11.318000,2026-06-05 15:08:23.325,1,,,,False,True,FP2
0 days 00:24:42.753000,RUS,63,0 days 00:01:36.614000,8.0,1.0,,,0 days 00:00:22.047000,0 days 00:00:45.322000,0 days 00:00:29.245000,0 days 00:23:28.186000,0 days 00:24:13.508000,0 days 00:24:42.753000,177.0,110.0,260.0,184.0,False,MEDIUM,8.0,True,Mercedes,0 days 00:23:06.139000,2026-06-05 15:10:18.146,1,,,,False,True,FP2
0 days 00:25:58.780000,RUS,63,0 days 00:01:16.027000,9.0,1.0,,,0 days 00:00:19.817000,0 days 00:00:34.889000,0 days 00:00:21.321000,0 days 00:25:02.570000,0 days 00:25:37.459000,0 days 00:25:58.780000,214.0,197.0,224.0,281.0,False,MEDIUM,9.0,True,Mercedes,0 days 00:24:42.753000,2026-06-05 15:11:54.760,12,,,,False,True,FP2
0 days 00:28:29.273000,RUS,63,,10.0,1.0,,,0 days 00:00:37.542000,0 days 00:01:21.660000,0 days 00:00:31.104000,0 days 00:26:36.516000,0 days 00:27:58.217000,0 days 00:28:29.273000,125.0,62.0,213.0,72.0,False,MEDIUM,10.0,True,Mercedes,0 days 00:25:58.780000,2026-06-05 15:13:10.787,26,,,,False,False,FP2
0 days 00:35:47.468000,RUS,63,,11.0,1.0,,0 days 00:30:00.081000,0 days 00:00:26.432000,0 days 00:00:49.305000,,0 days 00:28:55.779000,0 days 00:29:45.104000,,155.0,163.0,,154.0,False,MEDIUM,11.0,True,Mercedes,0 days 00:28:29.273000,2026-06-05 15:15:41.280,671,,,,False,False,FP2
0 days 00:37:11.526000,RUS,63,0 days 00:01:24.058000,12.0,2.0,0 days 00:35:48.409000,,0 days 00:00:25.262000,0 days 00:00:37.780000,0 days 00:00:21.016000,0 days 00:36:12.730000,0 days 00:36:50.510000,0 days 00:37:11.526000,180.0,185.0,255.0,268.0,False,SOFT,1.0,True,Mercedes,0 days 00:35:47.468000,2026-06-05 15:22:59.475,1,,,,False,False,FP2
0 days 00:38:31.018000,RUS,63,0 days 00:01:19.492000,13.0,2.0,,,0 days 00:00:21.620000,0 days 00:00:37.470000,0 days 00:00:20.402000,0 days 00:37:33.146000,0 days 00:38:10.616000,0 days 00:38:31.018000,175.0,184.0,262.0,261.0,False,SOFT,2.0,True,Mercedes,0 days 00:37:11.526000,2026-06-05 15:24:23.533,1,,,,False,True,FP2
0 days 00:39:48.317000,RUS,63,0 days 00:01:17.299000,14.0,2.0,,,0 days 00:00:19.278000,0 days 00:00:34.764000,0 days 00:00:23.257000,0 days 00:38:50.296000,0 days 00:39:25.060000,0 days 00:39:48.317000,210.0,199.0,224.0,282.0,False,SOFT,3.0,True,Mercedes,0 days 00:38:31.018000,2026-06-05 15:25:43.025,1,,,,False,True,FP2
0 days 00:41:29.383000,RUS,63,0 days 00:01:41.066000,15.0,2.0,,,0 days 00:00:29.643000,0 days 00:00:50.074000,0 days 00:00:21.349000,0 days 00:40:17.960000,0 days 00:41:08.034000,0 days 00:41:29.383000,131.0,149.0,261.0,161.0,False,SOFT,4.0,True,Mercedes,0 days 00:39:48.317000,2026-06-05 15:27:00.324,1,,,,False,True,FP2
0 days 00:42:42.898000,RUS,63,0 days 00:01:13.515000,16.0,2.0,,,0 days 00:00:19.320000,0 days 00:00:34.614000,0 days 00:00:19.581000,0 days 00:41:48.703000,0 days 00:42:23.317000,0 days 00:42:42.898000,216.0,198.0,262.0,280.0,True,SOFT,5.0,True,Mercedes,0 days 00:41:29.383000,2026-06-05 15:28:41.390,1,,,,False,True,FP2
0 days 00:44:31.965000,RUS,63,0 days 00:01:49.067000,17.0,2.0,,,0 days 00:00:32.930000,0 days 00:00:55.075000,0 days 00:00:21.062000,0 days 00:43:15.828000,0 days 00:44:10.903000,0 days 00:44:31.965000,108.0,172.0,261.0,182.0,False,SOFT,6.0,True,Mercedes,0 days 00:42:42.898000,2026-06-05 15:29:54.905,1,,,,False,True,FP2
0 days 00:45:55.702000,RUS,63,0 days 00:01:23.737000,18.0,2.0,,,0 days 00:00:22.065000,0 days 00:00:41.057000,0 days 00:00:20.615000,0 days 00:44:54.030000,0 days 00:45:35.087000,0 days 00:45:55.702000,181.0,185.0,263.0,239.0,False,SOFT,7.0,True,Mercedes,0 days 00:44:31.965000,2026-06-05 15:31:43.972,1,,,,False,True,FP2
0 days 00:47:16.166000,RUS,63,0 days 00:01:20.464000,19.0,2.0,,,0 days 00:00:19.343000,0 days 00:00:36.344000,0 days 00:00:24.777000,0 days 00:46:15.045000,0 days 00:46:51.389000,0 days 00:47:16.166000,214.0,178.0,260.0,282.0,False,SOFT,8.0,True,Mercedes,0 days 00:45:55.702000,2026-06-05 15:33:07.709,1,,,,False,True,FP2
0 days 00:48:29.794000,RUS,63,0 days 00:01:13.628000,20.0,2.0,,,0 days 00:00:19.393000,0 days 00:00:34.593000,0 days 00:00:19.642000,0 days 00:47:35.559000,0 days 00:48:10.152000,0 days 00:48:29.794000,212.0,200.0,263.0,281.0,False,SOFT,9.0,True,Mercedes,0 days 00:47:16.166000,2026-06-05 15:34:28.173,1,,,,False,True,FP2
0 days 00:50:15.890000,RUS,63,0 days 00:01:46.096000,21.0,2.0,,,0 days 00:00:28.301000,0 days 00:00:56.528000,0 days 00:00:21.267000,0 days 00:48:58.095000,0 days 00:49:54.623000,0 days 00:50:15.890000,84.0,142.0,262.0,119.0,False,SOFT,10.0,True,Mercedes,0 days 00:48:29.794000,2026-06-05 15:35:41.801,1,,,,False,True,FP2
0 days 00:51:52.362000,RUS,63,0 days 00:01:36.472000,22.0,2.0,,,0 days 00:00:19.219000,0 days 00:00:47.295000,0 days 00:00:29.958000,0 days 00:50:35.109000,0 days 00:51:22.404000,0 days 00:51:52.362000,216.0,110.0,190.0,197.0,False,SOFT,11.0,True,Mercedes,0 days 00:50:15.890000,2026-06-05 15:37:27.897,1,,,,False,True,FP2
0 days 00:53:19.757000,RUS,63,0 days 00:01:27.395000,23.0,2.0,,,0 days 00:00:25.820000,0 days 00:00:40.212000,0 days 00:00:21.363000,0 days 00:52:18.182000,0 days 00:52:58.394000,0 days 00:53:19.757000,163.0,176.0,262.0,235.0,False,SOFT,12.0,True,Mercedes,0 days 00:51:52.362000,2026-06-05 15:39:04.369,1,,,,False,True,FP2
0 days 00:54:33.162000,RUS,63,0 days 00:01:13.405000,24.0,2.0,,,0 days 00:00:19.185000,0 days 00:00:34.596000,0 days 00:00:19.624000,0 days 00:53:38.942000,0 days 00:54:13.538000,0 days 00:54:33.162000,217.0,202.0,264.0,281.0,True,SOFT,13.0,True,Mercedes,0 days 00:53:19.757000,2026-06-05 15:40:31.764,1,,,,False,True,FP2
0 days 01:00:57.176000,RUS,63,,25.0,2.0,,0 days 00:55:54.331000,0 days 00:00:23.032000,0 days 00:00:41.106000,,0 days 00:54:56.438000,0 days 00:55:37.565000,,174.0,146.0,,242.0,False,SOFT,14.0,True,Mercedes,0 days 00:54:33.162000,2026-06-05 15:41:45.169,1,,,,False,False,FP2
0 days 01:02:33.166000,RUS,63,0 days 00:01:35.990000,26.0,3.0,0 days 01:00:57.844000,,0 days 00:00:26.935000,0 days 00:00:47.296000,0 days 00:00:21.759000,0 days 01:01:24.111000,0 days 01:02:11.407000,0 days 01:02:33.166000,167.0,173.0,249.0,242.0,False,SOFT,15.0,False,Mercedes,0 days 01:00:57.176000,2026-06-05 15:48:09.183,1,,,,False,False,FP2
0 days 01:03:51.203000,RUS,63,0 days 00:01:18.037000,27.0,3.0,,,0 days 00:00:20.950000,0 days 00:00:36.556000,0 days 00:00:20.531000,0 days 01:02:54.116000,0 days 01:03:30.672000,0 days 01:03:51.203000,187.0,188.0,254.0,266.0,False,SOFT,16.0,False,Mercedes,0 days 01:02:33.166000,2026-06-05 15:49:45.173,1,,,,False,True,FP2
0 days 01:05:07.477000,RUS,63,0 days 00:01:16.274000,28.0,3.0,,,0 days 00:00:20.216000,0 days 00:00:35.737000,0 days 00:00:20.321000,0 days 01:04:11.419000,0 days 01:04:47.156000,0 days 01:05:07.477000,204.0,191.0,254.0,268.0,False,SOFT,17.0,False,Mercedes,0 days 01:03:51.203000,2026-06-05 15:51:03.210,1,,,,False,True,FP2
0 days 01:06:23.829000,RUS,63,0 days 00:01:16.352000,29.0,3.0,,,0 days 00:00:20.195000,0 days 00:00:35.829000,0 days 00:00:20.328000,0 days 01:05:27.672000,0 days 01:06:03.501000,0 days 01:06:23.829000,203.0,191.0,256.0,268.0,False,SOFT,18.0,False,Mercedes,0 days 01:05:07.477000,2026-06-05 15:52:19.484,1,,,,False,True,FP2
0 days 01:07:49.483000,RUS,63,0 days 00:01:25.654000,30.0,3.0,,,0 days 00:00:20.308000,0 days 00:00:43.559000,0 days 00:00:21.787000,0 days 01:06:44.137000,0 days 01:07:27.696000,0 days 01:07:49.483000,193.0,149.0,254.0,268.0,False,SOFT,19.0,False,Mercedes,0 days 01:06:23.829000,2026-06-05 15:53:35.836,12,,,,False,True,FP2
0 days 01:11:31.857000,RUS,63,,31.0,3.0,,0 days 01:09:28.674000,,,,,,,,,,,False,SOFT,20.0,False,Mercedes,0 days 01:07:49.483000,2026-06-05 15:55:01.490,251,,,,False,False,FP2
0 days 01:13:03.949000,RUS,63,0 days 00:01:32.092000,32.0,4.0,0 days 01:11:32.503000,,0 days 00:00:27.320000,0 days 00:00:40.828000,0 days 00:00:23.944000,0 days 01:11:59.177000,0 days 01:12:40.005000,0 days 01:13:03.949000,167.0,156.0,239.0,254.0,False,MEDIUM,21.0,False,Mercedes,0 days 01:11:32.503000,2026-06-05 15:58:44.510,1,,,,False,False,FP2
0 days 01:15:13.273000,RUS,63,0 days 00:02:09.324000,33.0,4.0,,,0 days 00:00:23.671000,0 days 00:00:42.243000,0 days 00:01:03.410000,0 days 01:13:27.620000,0 days 01:14:09.863000,0 days 01:15:13.273000,167.0,139.0,79.0,234.0,False,MEDIUM,22.0,False,Mercedes,0 days 01:13:03.949000,2026-06-05 16:00:15.956,1,,,,False,True,FP2
0 days 01:17:17.343000,RUS,63,0 days 00:02:04.070000,34.0,4.0,,,0 days 00:00:24.382000,0 days 00:00:41.720000,0 days 00:00:57.968000,0 days 01:15:37.655000,0 days 01:16:19.375000,0 days 01:17:17.343000,126.0,151.0,4.0,231.0,False,MEDIUM,23.0,False,Mercedes,0 days 01:15:13.273000,2026-06-05 16:02:25.280,1,,,,False,True,FP2
0 days 01:18:36.150000,RUS,63,,35.0,4.0,,0 days 01:18:36.150000,0 days 00:00:23.009000,0 days 00:00:39.077000,,0 days 01:17:40.584000,0 days 01:18:19.550000,,184.0,158.0,,240.0,False,MEDIUM,24.0,False,Mercedes,0 days 01:17:17.343000,2026-06-05 16:04:29.350,1,,,,False,False,FP2
0 days 00:16:01.485000,BOT,77,0 days 00:01:48.010000,1.0,1.0,0 days 00:14:14.194000,,0 days 00:00:38.676000,0 days 00:00:41.187000,0 days 00:00:28.147000,0 days 00:14:52.417000,0 days 00:15:33.573000,0 days 00:16:01.597000,156.0,166.0,243.0,257.0,False,MEDIUM,1.0,True,Cadillac,0 days 00:14:14.194000,2026-06-05 15:01:26.201,1,,,,False,False,FP2
0 days 00:17:21.319000,BOT,77,0 days 00:01:19.834000,2.0,1.0,,,0 days 00:00:21.528000,0 days 00:00:37.391000,0 days 00:00:20.915000,0 days 00:16:23.013000,0 days 00:17:00.404000,0 days 00:17:21.319000,188.0,182.0,262.0,276.0,True,MEDIUM,2.0,True,Cadillac,0 days 00:16:01.485000,2026-06-05 15:03:13.492,1,,,,False,True,FP2
0 days 00:18:38.993000,BOT,77,0 days 00:01:17.674000,3.0,1.0,,,0 days 00:00:20.321000,0 days 00:00:36.346000,0 days 00:00:21.007000,0 days 00:17:41.640000,0 days 00:18:17.986000,0 days 00:18:38.993000,202.0,185.0,262.0,280.0,True,MEDIUM,3.0,True,Cadillac,0 days 00:17:21.319000,2026-06-05 15:04:33.326,1,,,,False,True,FP2
0 days 00:20:11.795000,BOT,77,0 days 00:01:32.802000,4.0,1.0,,,0 days 00:00:22.821000,0 days 00:00:42.668000,0 days 00:00:27.313000,0 days 00:19:01.814000,0 days 00:19:44.482000,0 days 00:20:11.795000,152.0,173.0,255.0,260.0,False,MEDIUM,4.0,True,Cadillac,0 days 00:18:38.993000,2026-06-05 15:05:51.000,1,,,,False,True,FP2
0 days 00:21:38.278000,BOT,77,0 days 00:01:26.483000,5.0,1.0,,,0 days 00:00:20.441000,0 days 00:00:40.887000,0 days 00:00:25.155000,0 days 00:20:32.236000,0 days 00:21:13.123000,0 days 00:21:38.278000,201.0,155.0,257.0,241.0,False,MEDIUM,5.0,True,Cadillac,0 days 00:20:11.795000,2026-06-05 15:07:23.802,1,,,,False,True,FP2
0 days 00:22:55.682000,BOT,77,0 days 00:01:17.404000,6.0,1.0,,,0 days 00:00:20.559000,0 days 00:00:36.217000,0 days 00:00:20.628000,0 days 00:21:58.837000,0 days 00:22:35.054000,0 days 00:22:55.682000,199.0,185.0,262.0,277.0,True,MEDIUM,6.0,True,Cadillac,0 days 00:21:38.278000,2026-06-05 15:08:50.285,1,,,,False,True,FP2
0 days 00:24:33.357000,BOT,77,0 days 00:01:37.675000,7.0,1.0,,,0 days 00:00:26.429000,0 days 00:00:46.791000,0 days 00:00:24.455000,0 days 00:23:22.111000,0 days 00:24:08.902000,0 days 00:24:33.357000,93.0,165.0,260.0,249.0,False,MEDIUM,7.0,True,Cadillac,0 days 00:22:55.682000,2026-06-05 15:10:07.689,1,,,,False,True,FP2
0 days 00:25:50.468000,BOT,77,0 days 00:01:17.111000,8.0,1.0,,,0 days 00:00:20.281000,0 days 00:00:36.120000,0 days 00:00:20.710000,0 days 00:24:53.638000,0 days 00:25:29.758000,0 days 00:25:50.468000,207.0,188.0,262.0,277.0,True,MEDIUM,8.0,True,Cadillac,0 days 00:24:33.357000,2026-06-05 15:11:45.364,12,,,,False,True,FP2
0 days 00:37:15.180000,BOT,77,,9.0,1.0,,0 days 00:27:32.757000,0 days 00:00:28.200000,0 days 00:00:53.524000,,0 days 00:26:18.934000,0 days 00:27:12.372000,,120.0,115.0,,153.0,False,MEDIUM,9.0,True,Cadillac,0 days 00:25:50.468000,2026-06-05 15:13:02.475,2671,,,,False,False,FP2
0 days 00:38:41.424000,BOT,77,0 days 00:01:26.244000,10.0,2.0,0 days 00:37:15.925000,,0 days 00:00:25.619000,0 days 00:00:39.204000,0 days 00:00:21.421000,0 days 00:37:40.799000,0 days 00:38:20.003000,0 days 00:38:41.424000,175.0,175.0,261.0,262.0,False,SOFT,1.0,True,Cadillac,0 days 00:37:15.180000,2026-06-05 15:24:27.187,1,,,,False,False,FP2
0 days 00:39:57.311000,BOT,77,0 days 00:01:15.887000,11.0,2.0,,,0 days 00:00:20.138000,0 days 00:00:35.605000,0 days 00:00:20.144000,0 days 00:39:01.562000,0 days 00:39:37.167000,0 days 00:39:57.311000,207.0,188.0,263.0,279.0,True,SOFT,2.0,True,Cadillac,0 days 00:38:41.424000,2026-06-05 15:25:53.431,1,,,,False,True,FP2
0 days 00:41:32.353000,BOT,77,0 days 00:01:35.042000,12.0,2.0,,,0 days 00:00:24.052000,0 days 00:00:47.442000,0 days 00:00:23.548000,0 days 00:40:21.363000,0 days 00:41:08.805000,0 days 00:41:32.353000,156.0,147.0,263.0,161.0,False,SOFT,3.0,True,Cadillac,0 days 00:39:57.311000,2026-06-05 15:27:09.318,1,,,,False,True,FP2
0 days 00:42:48.396000,BOT,77,0 days 00:01:16.043000,13.0,2.0,,,0 days 00:00:20.131000,0 days 00:00:35.703000,0 days 00:00:20.209000,0 days 00:41:52.484000,0 days 00:42:28.187000,0 days 00:42:48.396000,207.0,192.0,264.0,280.0,False,SOFT,4.0,True,Cadillac,0 days 00:41:32.353000,2026-06-05 15:28:44.360,1,,,,False,True,FP2
0 days 00:44:23.946000,BOT,77,0 days 00:01:35.550000,14.0,2.0,,,0 days 00:00:27.508000,0 days 00:00:45.557000,0 days 00:00:22.485000,0 days 00:43:15.904000,0 days 00:44:01.461000,0 days 00:44:23.946000,152.0,153.0,263.0,224.0,False,SOFT,5.0,True,Cadillac,0 days 00:42:48.396000,2026-06-05 15:30:00.403,1,,,,False,True,FP2
0 days 00:45:39.705000,BOT,77,0 days 00:01:15.759000,15.0,2.0,,,0 days 00:00:19.945000,0 days 00:00:35.706000,0 days 00:00:20.108000,0 days 00:44:43.891000,0 days 00:45:19.597000,0 days 00:45:39.705000,204.0,190.0,263.0,280.0,True,SOFT,6.0,True,Cadillac,0 days 00:44:23.946000,2026-06-05 15:31:35.953,1,,,,False,True,FP2
0 days 00:47:19.517000,BOT,77,0 days 00:01:39.812000,16.0,2.0,,,0 days 00:00:25.135000,0 days 00:00:47.932000,0 days 00:00:26.745000,0 days 00:46:04.840000,0 days 00:46:52.772000,0 days 00:47:19.517000,88.0,164.0,249.0,249.0,False,SOFT,7.0,True,Cadillac,0 days 00:45:39.705000,2026-06-05 15:32:51.712,1,,,,False,True,FP2
0 days 00:48:50.983000,BOT,77,0 days 00:01:31.466000,17.0,2.0,,,0 days 00:00:22.829000,0 days 00:00:45.679000,0 days 00:00:22.958000,0 days 00:47:42.346000,0 days 00:48:28.025000,0 days 00:48:50.983000,107.0,145.0,262.0,230.0,False,SOFT,8.0,True,Cadillac,0 days 00:47:19.517000,2026-06-05 15:34:31.524,1,,,,False,True,FP2
0 days 00:50:21.787000,BOT,77,0 days 00:01:30.804000,18.0,2.0,,,0 days 00:00:20.170000,0 days 00:00:44.742000,0 days 00:00:25.892000,0 days 00:49:11.153000,0 days 00:49:55.895000,0 days 00:50:21.787000,209.0,123.0,263.0,239.0,False,SOFT,9.0,True,Cadillac,0 days 00:48:50.983000,2026-06-05 15:36:02.990,1,,,,False,True,FP2
0 days 00:51:37.834000,BOT,77,0 days 00:01:16.047000,19.0,2.0,,,0 days 00:00:20.098000,0 days 00:00:35.690000,0 days 00:00:20.259000,0 days 00:50:41.885000,0 days 00:51:17.575000,0 days 00:51:37.834000,209.0,192.0,263.0,280.0,False,SOFT,10.0,True,Cadillac,0 days 00:50:21.787000,2026-06-05 15:37:33.794,1,,,,False,True,FP2
0 days 00:57:50.100000,BOT,77,,20.0,2.0,,0 days 00:53:07.748000,0 days 00:00:30.520000,0 days 00:00:42.153000,,0 days 00:52:08.629000,0 days 00:52:50.917000,,152.0,147.0,,262.0,False,SOFT,11.0,True,Cadillac,0 days 00:51:37.834000,2026-06-05 15:38:49.841,1,,,,False,False,FP2
0 days 00:59:21.452000,BOT,77,0 days 00:01:31.352000,21.0,3.0,0 days 00:57:50.853000,,0 days 00:00:27.068000,0 days 00:00:41.630000,0 days 00:00:22.654000,0 days 00:58:17.168000,0 days 00:58:58.798000,0 days 00:59:21.452000,171.0,170.0,251.0,256.0,False,SOFT,12.0,False,Cadillac,0 days 00:57:50.100000,2026-06-05 15:45:02.107,1,,,,False,False,FP2
0 days 01:00:41.142000,BOT,77,0 days 00:01:19.690000,22.0,3.0,,,0 days 00:00:21.160000,0 days 00:00:37.178000,0 days 00:00:21.352000,0 days 00:59:42.612000,0 days 01:00:19.790000,0 days 01:00:41.142000,199.0,181.0,252.0,266.0,False,SOFT,13.0,False,Cadillac,0 days 00:59:21.452000,2026-06-05 15:46:33.459,1,,,,False,True,FP2
0 days 01:02:14.484000,BOT,77,0 days 00:01:33.342000,23.0,3.0,,,0 days 00:00:21.456000,0 days 00:00:46.545000,0 days 00:00:25.341000,0 days 01:01:02.598000,0 days 01:01:49.143000,0 days 01:02:14.484000,191.0,142.0,248.0,262.0,False,SOFT,14.0,False,Cadillac,0 days 01:00:41.142000,2026-06-05 15:47:53.149,1,,,,False,True,FP2
0 days 01:03:34.217000,BOT,77,0 days 00:01:19.733000,24.0,3.0,,,0 days 00:00:21.486000,0 days 00:00:37.153000,0 days 00:00:21.094000,0 days 01:02:35.970000,0 days 01:03:13.123000,0 days 01:03:34.217000,195.0,181.0,253.0,266.0,False,SOFT,15.0,False,Cadillac,0 days 01:02:14.484000,2026-06-05 15:49:26.491,1,,,,False,True,FP2
0 days 01:04:53.173000,BOT,77,0 days 00:01:18.956000,25.0,3.0,,,0 days 00:00:20.910000,0 days 00:00:36.842000,0 days 00:00:21.204000,0 days 01:03:55.127000,0 days 01:04:31.969000,0 days 01:04:53.173000,196.0,181.0,253.0,267.0,False,SOFT,16.0,False,Cadillac,0 days 01:03:34.217000,2026-06-05 15:50:46.224,1,,,,False,True,FP2
0 days 01:06:12.919000,BOT,77,0 days 00:01:19.746000,26.0,3.0,,,0 days 00:00:21.336000,0 days 00:00:37.164000,0 days 00:00:21.246000,0 days 01:05:14.509000,0 days 01:05:51.673000,0 days 01:06:12.919000,192.0,183.0,253.0,268.0,False,SOFT,17.0,False,Cadillac,0 days 01:04:53.173000,2026-06-05 15:52:05.180,1,,,,False,True,FP2
0 days 01:07:32.478000,BOT,77,0 days 00:01:19.559000,27.0,3.0,,,0 days 00:00:21.300000,0 days 00:00:37.145000,0 days 00:00:21.114000,0 days 01:06:34.219000,0 days 01:07:11.364000,0 days 01:07:32.478000,191.0,183.0,254.0,268.0,False,SOFT,18.0,False,Cadillac,0 days 01:06:12.919000,2026-06-05 15:53:24.926,1,,,,False,True,FP2
0 days 01:07:50.319000,BOT,77,,28.0,3.0,,,,,,,,,,,,,,SOFT,19.0,False,Cadillac,0 days 01:07:32.478000,2026-06-05 15:54:44.485,12,,,,True,False,FP2
0 days 00:16:20.384000,PIA,81,0 days 00:01:41.635000,1.0,1.0,0 days 00:14:39.472000,,0 days 00:00:32.825000,0 days 00:00:45.232000,0 days 00:00:23.578000,0 days 00:15:11.797000,0 days 00:15:57.016000,0 days 00:16:20.621000,107.0,160.0,250.0,232.0,False,MEDIUM,1.0,True,McLaren,0 days 00:14:39.472000,2026-06-05 15:01:51.479,1,,,,False,False,FP2
0 days 00:17:50.991000,PIA,81,0 days 00:01:30.607000,2.0,1.0,,,0 days 00:00:21.801000,0 days 00:00:39.104000,0 days 00:00:29.702000,0 days 00:16:42.185000,0 days 00:17:21.289000,0 days 00:17:50.991000,171.0,176.0,249.0,271.0,True,MEDIUM,2.0,True,McLaren,0 days 00:16:20.384000,2026-06-05 15:03:32.391,1,,,,False,True,FP2
0 days 00:19:07.309000,PIA,81,0 days 00:01:16.318000,3.0,1.0,,,0 days 00:00:20.586000,0 days 00:00:35.592000,0 days 00:00:20.140000,0 days 00:18:11.577000,0 days 00:18:47.169000,0 days 00:19:07.309000,203.0,201.0,263.0,278.0,True,MEDIUM,3.0,True,McLaren,0 days 00:17:50.991000,2026-06-05 15:05:02.998,1,,,,False,True,FP2
0 days 00:20:51.413000,PIA,81,0 days 00:01:44.104000,4.0,1.0,,,0 days 00:00:24.311000,0 days 00:00:48.180000,0 days 00:00:31.613000,0 days 00:19:31.620000,0 days 00:20:19.800000,0 days 00:20:51.413000,63.0,113.0,253.0,252.0,False,MEDIUM,4.0,True,McLaren,0 days 00:19:07.309000,2026-06-05 15:06:19.316,1,,,,False,True,FP2
0 days 00:22:06.521000,PIA,81,0 days 00:01:15.108000,5.0,1.0,,,0 days 00:00:19.928000,0 days 00:00:35.225000,0 days 00:00:19.955000,0 days 00:21:11.341000,0 days 00:21:46.566000,0 days 00:22:06.521000,207.0,201.0,265.0,279.0,True,MEDIUM,5.0,True,McLaren,0 days 00:20:51.413000,2026-06-05 15:08:03.420,1,,,,False,True,FP2
0 days 00:23:45.902000,PIA,81,0 days 00:01:39.381000,6.0,1.0,,,0 days 00:00:25.548000,0 days 00:00:48.709000,0 days 00:00:25.124000,0 days 00:22:32.069000,0 days 00:23:20.778000,0 days 00:23:45.902000,132.0,152.0,261.0,220.0,False,MEDIUM,6.0,True,McLaren,0 days 00:22:06.521000,2026-06-05 15:09:18.528,1,,,,False,True,FP2
0 days 00:25:00.609000,PIA,81,0 days 00:01:14.707000,7.0,1.0,,,0 days 00:00:19.776000,0 days 00:00:35.115000,0 days 00:00:19.816000,0 days 00:24:05.678000,0 days 00:24:40.793000,0 days 00:25:00.609000,209.0,203.0,265.0,281.0,True,MEDIUM,7.0,True,McLaren,0 days 00:23:45.902000,2026-06-05 15:10:57.909,1,,,,False,True,FP2
0 days 00:36:21.401000,PIA,81,,8.0,1.0,,0 days 00:26:52.378000,0 days 00:00:27.689000,0 days 00:00:58.599000,,0 days 00:25:28.657000,0 days 00:26:27.156000,,75.0,93.0,,220.0,False,MEDIUM,8.0,True,McLaren,0 days 00:25:00.609000,2026-06-05 15:12:12.616,1267,,,,False,False,FP2
0 days 00:37:54.838000,PIA,81,0 days 00:01:33.437000,9.0,2.0,0 days 00:36:22.184000,,0 days 00:00:29.954000,0 days 00:00:41.018000,0 days 00:00:22.465000,0 days 00:36:51.355000,0 days 00:37:32.373000,0 days 00:37:54.838000,82.0,173.0,251.0,271.0,False,SOFT,1.0,True,McLaren,0 days 00:36:21.401000,2026-06-05 15:23:33.408,1,,,,False,False,FP2
0 days 00:39:18.520000,PIA,81,0 days 00:01:23.682000,10.0,2.0,,,0 days 00:00:20.974000,0 days 00:00:41.469000,0 days 00:00:21.239000,0 days 00:38:15.812000,0 days 00:38:57.281000,0 days 00:39:18.520000,178.0,181.0,263.0,264.0,False,SOFT,2.0,True,McLaren,0 days 00:37:54.838000,2026-06-05 15:25:06.845,1,,,,False,True,FP2
0 days 00:41:16.193000,PIA,81,0 days 00:01:57.673000,11.0,2.0,,0 days 00:40:35.664000,0 days 00:00:19.691000,0 days 00:00:41.247000,0 days 00:00:56.735000,0 days 00:39:38.211000,0 days 00:40:19.458000,0 days 00:41:16.193000,209.0,169.0,,221.0,False,SOFT,3.0,True,McLaren,0 days 00:39:18.520000,2026-06-05 15:26:30.527,1,,,,False,False,FP2
0 days 00:42:46.834000,PIA,81,0 days 00:01:30.641000,12.0,3.0,0 days 00:41:16.966000,,0 days 00:00:25.835000,0 days 00:00:39.606000,0 days 00:00:25.200000,0 days 00:41:42.028000,0 days 00:42:21.634000,0 days 00:42:46.834000,168.0,169.0,262.0,241.0,False,SOFT,4.0,False,McLaren,0 days 00:41:16.193000,2026-06-05 15:28:28.200,1,,,,False,False,FP2
0 days 00:44:01.461000,PIA,81,0 days 00:01:14.627000,13.0,3.0,,,0 days 00:00:19.735000,0 days 00:00:35.200000,0 days 00:00:19.692000,0 days 00:43:06.569000,0 days 00:43:41.769000,0 days 00:44:01.461000,211.0,200.0,265.0,280.0,True,SOFT,5.0,False,McLaren,0 days 00:42:46.834000,2026-06-05 15:29:58.841,1,,,,False,True,FP2
0 days 00:45:37.101000,PIA,81,0 days 00:01:35.640000,14.0,3.0,,,0 days 00:00:22.572000,0 days 00:00:44.869000,0 days 00:00:28.199000,0 days 00:44:24.033000,0 days 00:45:08.902000,0 days 00:45:37.101000,142.0,146.0,254.0,228.0,False,SOFT,6.0,False,McLaren,0 days 00:44:01.461000,2026-06-05 15:31:13.468,1,,,,False,True,FP2
0 days 00:46:51.189000,PIA,81,0 days 00:01:14.088000,15.0,3.0,,,0 days 00:00:19.632000,0 days 00:00:34.908000,0 days 00:00:19.548000,0 days 00:45:56.733000,0 days 00:46:31.641000,0 days 00:46:51.189000,209.0,203.0,266.0,281.0,True,SOFT,7.0,False,McLaren,0 days 00:45:37.101000,2026-06-05 15:32:49.108,1,,,,False,True,FP2
0 days 00:48:31.487000,PIA,81,0 days 00:01:40.298000,16.0,3.0,,,0 days 00:00:27.199000,0 days 00:00:45.997000,0 days 00:00:27.102000,0 days 00:47:18.388000,0 days 00:48:04.385000,0 days 00:48:31.487000,70.0,162.0,262.0,253.0,False,SOFT,8.0,False,McLaren,0 days 00:46:51.189000,2026-06-05 15:34:03.196,1,,,,False,True,FP2
0 days 00:49:45.810000,PIA,81,0 days 00:01:14.323000,17.0,3.0,,,0 days 00:00:19.522000,0 days 00:00:35.039000,0 days 00:00:19.762000,0 days 00:48:51.009000,0 days 00:49:26.048000,0 days 00:49:45.810000,214.0,201.0,265.0,281.0,False,SOFT,9.0,False,McLaren,0 days 00:48:31.487000,2026-06-05 15:35:43.494,1,,,,False,True,FP2
0 days 00:51:22.325000,PIA,81,0 days 00:01:36.515000,18.0,3.0,,,0 days 00:00:25.428000,0 days 00:00:44.999000,0 days 00:00:26.088000,0 days 00:50:11.238000,0 days 00:50:56.237000,0 days 00:51:22.325000,137.0,152.0,260.0,257.0,False,SOFT,10.0,False,McLaren,0 days 00:49:45.810000,2026-06-05 15:36:57.817,1,,,,False,True,FP2
0 days 00:57:54.971000,PIA,81,,19.0,3.0,,0 days 00:52:35.484000,0 days 00:00:19.629000,0 days 00:00:35.328000,,0 days 00:51:42.194000,0 days 00:52:17.511000,,204.0,136.0,,282.0,False,SOFT,11.0,False,McLaren,0 days 00:51:22.325000,2026-06-05 15:38:34.332,1,,,,False,False,FP2
0 days 00:59:26.139000,PIA,81,0 days 00:01:31.168000,20.0,4.0,0 days 00:57:55.595000,,0 days 00:00:27.937000,0 days 00:00:40.480000,0 days 00:00:22.751000,0 days 00:58:22.908000,0 days 00:59:03.388000,0 days 00:59:26.139000,155.0,170.0,258.0,263.0,False,SOFT,12.0,False,McLaren,0 days 00:57:54.971000,2026-06-05 15:45:06.978,1,,,,False,False,FP2
0 days 01:00:44.991000,PIA,81,0 days 00:01:18.852000,21.0,4.0,,,0 days 00:00:20.612000,0 days 00:00:37.299000,0 days 00:00:20.941000,0 days 00:59:46.751000,0 days 01:00:24.050000,0 days 01:00:44.991000,192.0,185.0,254.0,258.0,False,SOFT,13.0,False,McLaren,0 days 00:59:26.139000,2026-06-05 15:46:38.146,1,,,,False,True,FP2
0 days 01:02:07.728000,PIA,81,0 days 00:01:22.737000,22.0,4.0,,,0 days 00:00:20.848000,0 days 00:00:37.119000,0 days 00:00:24.770000,0 days 01:01:05.839000,0 days 01:01:42.958000,0 days 01:02:07.728000,190.0,141.0,248.0,268.0,False,SOFT,14.0,False,McLaren,0 days 01:00:44.991000,2026-06-05 15:47:56.998,1,,,,False,True,FP2
0 days 01:03:25.680000,PIA,81,0 days 00:01:17.952000,23.0,4.0,,,0 days 00:00:20.902000,0 days 00:00:36.437000,0 days 00:00:20.613000,0 days 01:02:28.630000,0 days 01:03:05.067000,0 days 01:03:25.680000,192.0,191.0,253.0,267.0,False,SOFT,15.0,False,McLaren,0 days 01:02:07.728000,2026-06-05 15:49:19.735,1,,,,False,True,FP2
0 days 01:04:42.862000,PIA,81,0 days 00:01:17.182000,24.0,4.0,,,0 days 00:00:20.526000,0 days 00:00:36.121000,0 days 00:00:20.535000,0 days 01:03:46.206000,0 days 01:04:22.327000,0 days 01:04:42.862000,193.0,194.0,254.0,266.0,False,SOFT,16.0,False,McLaren,0 days 01:03:25.680000,2026-06-05 15:50:37.687,1,,,,False,True,FP2
0 days 01:06:02.668000,PIA,81,0 days 00:01:19.806000,25.0,4.0,,,0 days 00:00:20.723000,0 days 00:00:38.429000,0 days 00:00:20.654000,0 days 01:05:03.585000,0 days 01:05:42.014000,0 days 01:06:02.668000,172.0,187.0,253.0,267.0,False,SOFT,17.0,False,McLaren,0 days 01:04:42.862000,2026-06-05 15:51:54.869,1,,,,False,True,FP2
0 days 01:07:23.303000,PIA,81,0 days 00:01:20.635000,26.0,4.0,,,0 days 00:00:20.617000,0 days 00:00:37.525000,0 days 00:00:22.493000,0 days 01:06:23.285000,0 days 01:07:00.810000,0 days 01:07:23.303000,189.0,145.0,251.0,268.0,False,SOFT,18.0,False,McLaren,0 days 01:06:02.668000,2026-06-05 15:53:14.675,1,,,,False,True,FP2
0 days 01:11:24.166000,PIA,81,,27.0,4.0,,0 days 01:08:56.447000,0 days 00:00:21.735000,,,0 days 01:07:45.244000,,,150.0,,,,False,SOFT,19.0,False,McLaren,0 days 01:07:23.303000,2026-06-05 15:54:35.310,125,,,,False,False,FP2
0 days 01:12:57.014000,PIA,81,0 days 00:01:32.848000,28.0,5.0,0 days 01:11:24.840000,,0 days 00:00:27.253000,0 days 00:00:42.321000,0 days 00:00:23.274000,0 days 01:11:51.419000,0 days 01:12:33.740000,0 days 01:12:57.014000,170.0,160.0,245.0,259.0,False,MEDIUM,9.0,False,McLaren,0 days 01:11:24.840000,2026-06-05 15:58:36.847,1,,,,False,False,FP2
0 days 01:15:10.361000,PIA,81,0 days 00:02:13.347000,29.0,5.0,,,0 days 00:00:22.751000,0 days 00:00:42.956000,0 days 00:01:07.640000,0 days 01:13:19.765000,0 days 01:14:02.721000,0 days 01:15:10.361000,155.0,149.0,3.0,255.0,False,MEDIUM,10.0,False,McLaren,0 days 01:12:57.014000,2026-06-05 16:00:09.021,1,,,,False,True,FP2
0 days 01:17:29.732000,PIA,81,0 days 00:02:19.371000,30.0,5.0,,,0 days 00:00:25.411000,0 days 00:00:45.746000,0 days 00:01:08.214000,0 days 01:15:35.772000,0 days 01:16:21.518000,0 days 01:17:29.732000,132.0,141.0,65.0,248.0,False,MEDIUM,11.0,False,McLaren,0 days 01:15:10.361000,2026-06-05 16:02:22.368,1,,,,False,True,FP2
0 days 01:18:55.151000,PIA,81,,31.0,5.0,,0 days 01:18:55.151000,0 days 00:00:25.183000,0 days 00:00:44.682000,,0 days 01:17:55.132000,0 days 01:18:39.752000,,149.0,150.0,,238.0,False,MEDIUM,12.0,False,McLaren,0 days 01:17:29.732000,2026-06-05 16:04:41.739,1,,,,False,False,FP2
0 days 00:15:42.477000,BEA,87,0 days 00:01:42.853000,1.0,1.0,0 days 00:14:00.549000,,0 days 00:00:37.210000,0 days 00:00:42.375000,0 days 00:00:23.268000,0 days 00:14:37.066000,0 days 00:15:19.472000,0 days 00:15:42.607000,135.0,169.0,257.0,259.0,False,MEDIUM,2.0,False,Haas F1 Team,0 days 00:14:00.549000,2026-06-05 15:01:12.556,1,,,,False,False,FP2
0 days 00:17:09.668000,BEA,87,0 days 00:01:27.191000,2.0,1.0,,,0 days 00:00:22.150000,0 days 00:00:43.239000,0 days 00:00:21.802000,0 days 00:16:04.627000,0 days 00:16:47.866000,0 days 00:17:09.668000,169.0,179.0,260.0,236.0,True,MEDIUM,3.0,False,Haas F1 Team,0 days 00:15:42.477000,2026-06-05 15:02:54.484,1,,,,False,True,FP2
0 days 00:18:26.300000,BEA,87,0 days 00:01:16.632000,3.0,1.0,,,0 days 00:00:20.398000,0 days 00:00:35.997000,0 days 00:00:20.237000,0 days 00:17:30.066000,0 days 00:18:06.063000,0 days 00:18:26.300000,195.0,191.0,261.0,279.0,True,MEDIUM,4.0,False,Haas F1 Team,0 days 00:17:09.668000,2026-06-05 15:04:21.675,1,,,,False,True,FP2
0 days 00:19:42.016000,BEA,87,0 days 00:01:15.716000,4.0,1.0,,,0 days 00:00:20.039000,0 days 00:00:35.610000,0 days 00:00:20.067000,0 days 00:18:46.339000,0 days 00:19:21.949000,0 days 00:19:42.016000,203.0,193.0,261.0,279.0,True,MEDIUM,5.0,False,Haas F1 Team,0 days 00:18:26.300000,2026-06-05 15:05:38.307,1,,,,False,True,FP2
0 days 00:21:46.402000,BEA,87,0 days 00:02:04.386000,5.0,1.0,,,0 days 00:00:39.498000,0 days 00:00:55.231000,0 days 00:00:29.657000,0 days 00:20:21.514000,0 days 00:21:16.745000,0 days 00:21:46.402000,93.0,173.0,257.0,139.0,False,MEDIUM,6.0,False,Haas F1 Team,0 days 00:19:42.016000,2026-06-05 15:06:54.023,1,,,,False,True,FP2
0 days 00:23:11.977000,BEA,87,0 days 00:01:25.575000,6.0,1.0,,,0 days 00:00:20.123000,0 days 00:00:38.373000,0 days 00:00:27.079000,0 days 00:22:06.525000,0 days 00:22:44.898000,0 days 00:23:11.977000,206.0,158.0,259.0,270.0,False,MEDIUM,7.0,False,Haas F1 Team,0 days 00:21:46.402000,2026-06-05 15:08:58.409,1,,,,False,True,FP2
0 days 00:24:38.270000,BEA,87,0 days 00:01:26.293000,7.0,1.0,,,0 days 00:00:19.882000,0 days 00:00:39.450000,0 days 00:00:26.961000,0 days 00:23:31.859000,0 days 00:24:11.309000,0 days 00:24:38.270000,212.0,128.0,260.0,279.0,False,MEDIUM,8.0,False,Haas F1 Team,0 days 00:23:11.977000,2026-06-05 15:10:23.984,1,,,,False,True,FP2
0 days 00:25:53.869000,BEA,87,0 days 00:01:15.599000,8.0,1.0,,,0 days 00:00:19.762000,0 days 00:00:35.763000,0 days 00:00:20.074000,0 days 00:24:58.032000,0 days 00:25:33.795000,0 days 00:25:53.869000,211.0,195.0,262.0,280.0,True,MEDIUM,9.0,False,Haas F1 Team,0 days 00:24:38.270000,2026-06-05 15:11:50.277,12,,,,False,True,FP2
0 days 00:28:27.169000,BEA,87,,9.0,1.0,,,0 days 00:00:40.986000,0 days 00:01:22.334000,0 days 00:00:29.906000,0 days 00:26:35.180000,0 days 00:27:57.470000,0 days 00:28:27.169000,89.0,64.0,193.0,69.0,False,MEDIUM,10.0,False,Haas F1 Team,0 days 00:25:53.869000,2026-06-05 15:13:05.876,26,,,,False,False,FP2
0 days 00:30:04.866000,BEA,87,0 days 00:01:37.697000,10.0,1.0,,,0 days 00:00:26.297000,0 days 00:00:47.063000,0 days 00:00:24.337000,0 days 00:28:53.466000,0 days 00:29:40.529000,0 days 00:30:04.866000,142.0,153.0,247.0,155.0,False,MEDIUM,11.0,False,Haas F1 Team,0 days 00:28:27.169000,2026-06-05 15:15:39.176,6,,,,False,False,FP2
0 days 00:31:27.029000,BEA,87,0 days 00:01:22.163000,11.0,1.0,,,0 days 00:00:22.525000,0 days 00:00:38.352000,0 days 00:00:21.286000,0 days 00:30:27.391000,0 days 00:31:05.743000,0 days 00:31:27.029000,169.0,182.0,254.0,263.0,False,MEDIUM,12.0,False,Haas F1 Team,0 days 00:30:04.866000,2026-06-05 15:17:16.873,671,,,,False,False,FP2
0 days 00:32:47.072000,BEA,87,0 days 00:01:20.043000,12.0,1.0,,,0 days 00:00:20.745000,0 days 00:00:37.552000,0 days 00:00:21.746000,0 days 00:31:47.774000,0 days 00:32:25.326000,0 days 00:32:47.072000,193.0,184.0,259.0,263.0,False,MEDIUM,13.0,False,Haas F1 Team,0 days 00:31:27.029000,2026-06-05 15:18:39.036,1,,,,False,True,FP2
0 days 00:34:02.312000,BEA,87,0 days 00:01:15.240000,13.0,1.0,,,0 days 00:00:19.875000,0 days 00:00:35.358000,0 days 00:00:20.007000,0 days 00:33:06.947000,0 days 00:33:42.305000,0 days 00:34:02.312000,207.0,194.0,260.0,279.0,True,MEDIUM,14.0,False,Haas F1 Team,0 days 00:32:47.072000,2026-06-05 15:19:59.079,1,,,,False,True,FP2
0 days 00:39:16.191000,BEA,87,,14.0,1.0,,0 days 00:35:25.719000,0 days 00:00:25.017000,0 days 00:00:38.381000,,0 days 00:34:27.438000,0 days 00:35:05.935000,,163.0,183.0,,266.0,False,MEDIUM,15.0,False,Haas F1 Team,0 days 00:34:02.312000,2026-06-05 15:21:14.319,1,,,,False,False,FP2
0 days 00:40:46.710000,BEA,87,0 days 00:01:30.519000,15.0,2.0,0 days 00:39:16.825000,,0 days 00:00:28.254000,0 days 00:00:39.793000,0 days 00:00:22.472000,0 days 00:39:44.445000,0 days 00:40:24.238000,0 days 00:40:46.710000,158.0,177.0,258.0,267.0,False,SOFT,1.0,True,Haas F1 Team,0 days 00:39:16.191000,2026-06-05 15:26:28.198,1,,,,False,False,FP2
0 days 00:42:07.443000,BEA,87,0 days 00:01:20.733000,16.0,2.0,,,0 days 00:00:21.108000,0 days 00:00:38.198000,0 days 00:00:21.427000,0 days 00:41:07.818000,0 days 00:41:46.016000,0 days 00:42:07.443000,196.0,180.0,263.0,264.0,False,SOFT,2.0,True,Haas F1 Team,0 days 00:40:46.710000,2026-06-05 15:27:58.717,1,,,,False,True,FP2
0 days 00:43:30.767000,BEA,87,0 days 00:01:23.324000,17.0,2.0,,,0 days 00:00:19.821000,0 days 00:00:40.093000,0 days 00:00:23.410000,0 days 00:42:27.264000,0 days 00:43:07.357000,0 days 00:43:30.767000,208.0,131.0,262.0,280.0,False,SOFT,3.0,True,Haas F1 Team,0 days 00:42:07.443000,2026-06-05 15:29:19.450,1,,,,False,True,FP2
0 days 00:44:45.322000,BEA,87,0 days 00:01:14.555000,18.0,2.0,,,0 days 00:00:19.641000,0 days 00:00:35.126000,0 days 00:00:19.788000,0 days 00:43:50.408000,0 days 00:44:25.534000,0 days 00:44:45.322000,212.0,195.0,262.0,280.0,True,SOFT,4.0,True,Haas F1 Team,0 days 00:43:30.767000,2026-06-05 15:30:42.774,1,,,,False,True,FP2
0 days 00:46:40.579000,BEA,87,0 days 00:01:55.257000,19.0,2.0,,,0 days 00:00:38.401000,0 days 00:00:55.319000,0 days 00:00:21.537000,0 days 00:45:23.723000,0 days 00:46:19.042000,0 days 00:46:40.579000,78.0,172.0,263.0,159.0,False,SOFT,5.0,True,Haas F1 Team,0 days 00:44:45.322000,2026-06-05 15:31:57.329,1,,,,False,True,FP2
0 days 00:48:03.796000,BEA,87,0 days 00:01:23.217000,20.0,2.0,,,0 days 00:00:20.365000,0 days 00:00:41.288000,0 days 00:00:21.564000,0 days 00:47:00.944000,0 days 00:47:42.232000,0 days 00:48:03.796000,138.0,178.0,264.0,266.0,False,SOFT,6.0,True,Haas F1 Team,0 days 00:46:40.579000,2026-06-05 15:33:52.586,1,,,,False,True,FP2
0 days 00:49:18.640000,BEA,87,0 days 00:01:14.844000,21.0,2.0,,,0 days 00:00:19.616000,0 days 00:00:35.350000,0 days 00:00:19.878000,0 days 00:48:23.412000,0 days 00:48:58.762000,0 days 00:49:18.640000,212.0,199.0,263.0,281.0,False,SOFT,7.0,True,Haas F1 Team,0 days 00:48:03.796000,2026-06-05 15:35:15.803,1,,,,False,True,FP2
0 days 00:51:02.972000,BEA,87,0 days 00:01:44.332000,22.0,2.0,,,0 days 00:00:28.962000,0 days 00:00:47.608000,0 days 00:00:27.762000,0 days 00:49:47.602000,0 days 00:50:35.210000,0 days 00:51:02.972000,109.0,131.0,263.0,254.0,False,SOFT,8.0,True,Haas F1 Team,0 days 00:49:18.640000,2026-06-05 15:36:30.647,1,,,,False,True,FP2
0 days 00:52:23.779000,BEA,87,0 days 00:01:20.807000,23.0,2.0,,,0 days 00:00:20.850000,0 days 00:00:38.533000,0 days 00:00:21.424000,0 days 00:51:23.822000,0 days 00:52:02.355000,0 days 00:52:23.779000,159.0,180.0,264.0,265.0,False,SOFT,9.0,True,Haas F1 Team,0 days 00:51:02.972000,2026-06-05 15:38:14.979,1,,,,False,True,FP2
0 days 00:53:38.235000,BEA,87,0 days 00:01:14.456000,24.0,2.0,,,0 days 00:00:19.575000,0 days 00:00:35.066000,0 days 00:00:19.815000,0 days 00:52:43.354000,0 days 00:53:18.420000,0 days 00:53:38.235000,216.0,198.0,264.0,281.0,True,SOFT,10.0,True,Haas F1 Team,0 days 00:52:23.779000,2026-06-05 15:39:35.786,1,,,,False,True,FP2
0 days 00:58:55.921000,BEA,87,,25.0,2.0,,0 days 00:55:01.949000,0 days 00:00:28.973000,0 days 00:00:39.233000,,0 days 00:54:07.399000,0 days 00:54:46.584000,,155.0,178.0,,263.0,False,SOFT,11.0,True,Haas F1 Team,0 days 00:53:38.235000,2026-06-05 15:40:50.242,1,,,,False,False,FP2
0 days 01:00:23.464000,BEA,87,0 days 00:01:27.543000,26.0,3.0,0 days 00:58:56.486000,,0 days 00:00:28.733000,0 days 00:00:37.999000,0 days 00:00:20.811000,0 days 00:59:24.654000,0 days 01:00:02.653000,0 days 01:00:23.464000,176.0,181.0,254.0,265.0,False,SOFT,12.0,False,Haas F1 Team,0 days 00:58:55.921000,2026-06-05 15:46:07.928,1,,,,False,False,FP2
0 days 01:01:40.820000,BEA,87,0 days 00:01:17.356000,27.0,3.0,,,0 days 00:00:20.393000,0 days 00:00:36.391000,0 days 00:00:20.572000,0 days 01:00:43.857000,0 days 01:01:20.248000,0 days 01:01:40.820000,205.0,189.0,254.0,267.0,False,SOFT,13.0,False,Haas F1 Team,0 days 01:00:23.464000,2026-06-05 15:47:35.471,1,,,,False,True,FP2
0 days 01:02:59.039000,BEA,87,0 days 00:01:18.219000,28.0,3.0,,,0 days 00:00:20.485000,0 days 00:00:36.685000,0 days 00:00:21.049000,0 days 01:02:01.305000,0 days 01:02:37.990000,0 days 01:02:59.039000,201.0,188.0,260.0,269.0,False,SOFT,14.0,False,Haas F1 Team,0 days 01:01:40.820000,2026-06-05 15:48:52.827,1,,,,False,True,FP2
0 days 01:04:21.395000,BEA,87,0 days 00:01:22.356000,29.0,3.0,,,0 days 00:00:20.625000,0 days 00:00:36.722000,0 days 00:00:25.009000,0 days 01:03:19.664000,0 days 01:03:56.386000,0 days 01:04:21.395000,193.0,189.0,252.0,277.0,False,SOFT,15.0,False,Haas F1 Team,0 days 01:02:59.039000,2026-06-05 15:50:11.046,1,,,,False,True,FP2
0 days 01:05:38.352000,BEA,87,0 days 00:01:16.957000,30.0,3.0,,,0 days 00:00:20.331000,0 days 00:00:36.191000,0 days 00:00:20.435000,0 days 01:04:41.726000,0 days 01:05:17.917000,0 days 01:05:38.352000,210.0,191.0,255.0,276.0,False,SOFT,16.0,False,Haas F1 Team,0 days 01:04:21.395000,2026-06-05 15:51:33.402,1,,,,False,True,FP2
0 days 01:06:55.676000,BEA,87,0 days 00:01:17.324000,31.0,3.0,,,0 days 00:00:20.611000,0 days 00:00:36.259000,0 days 00:00:20.454000,0 days 01:05:58.963000,0 days 01:06:35.222000,0 days 01:06:55.676000,203.0,190.0,254.0,268.0,False,SOFT,17.0,False,Haas F1 Team,0 days 01:05:38.352000,2026-06-05 15:52:50.359,1,,,,False,True,FP2
0 days 01:11:01.283000,BEA,87,,32.0,3.0,,0 days 01:08:23.958000,0 days 00:00:20.336000,,,0 days 01:07:16.216000,,,202.0,,,268.0,False,SOFT,18.0,False,Haas F1 Team,0 days 01:06:55.676000,2026-06-05 15:54:07.683,125,,,,False,False,FP2
0 days 01:12:31.409000,BEA,87,0 days 00:01:30.126000,33.0,4.0,0 days 01:11:02.009000,,0 days 00:00:25.508000,0 days 00:00:38.243000,0 days 00:00:26.375000,0 days 01:11:26.791000,0 days 01:12:05.034000,0 days 01:12:31.409000,177.0,179.0,257.0,268.0,False,MEDIUM,16.0,False,Haas F1 Team,0 days 01:11:02.009000,2026-06-05 15:58:14.016,1,,,,False,False,FP2
0 days 01:13:48.747000,BEA,87,0 days 00:01:17.338000,34.0,4.0,,,0 days 00:00:20.424000,0 days 00:00:36.235000,0 days 00:00:20.679000,0 days 01:12:51.833000,0 days 01:13:28.068000,0 days 01:13:48.747000,202.0,187.0,260.0,279.0,False,MEDIUM,17.0,False,Haas F1 Team,0 days 01:12:31.409000,2026-06-05 15:59:43.416,1,,,,False,True,FP2
0 days 01:16:01.342000,BEA,87,0 days 00:02:12.595000,35.0,4.0,,,0 days 00:00:26.850000,0 days 00:00:47.580000,0 days 00:00:58.165000,0 days 01:14:15.597000,0 days 01:15:03.177000,0 days 01:16:01.342000,147.0,117.0,6.0,261.0,False,MEDIUM,18.0,False,Haas F1 Team,0 days 01:13:48.747000,2026-06-05 16:01:00.754,1,,,,False,True,FP2
0 days 01:18:10.775000,BEA,87,0 days 00:02:09.433000,36.0,4.0,,,0 days 00:00:25.755000,0 days 00:00:41.237000,0 days 00:01:02.441000,0 days 01:16:27.097000,0 days 01:17:08.334000,0 days 01:18:10.775000,172.0,154.0,5.0,213.0,False,MEDIUM,19.0,False,Haas F1 Team,0 days 01:16:01.342000,2026-06-05 16:03:13.349,1,,,,False,True,FP2
0 days 01:20:08.598000,BEA,87,,37.0,4.0,,0 days 01:20:08.598000,0 days 00:00:35.881000,0 days 00:01:00.980000,,0 days 01:18:46.843000,0 days 01:19:47.807000,,35.0,169.0,,257.0,False,MEDIUM,20.0,False,Haas F1 Team,0 days 01:18:10.775000,2026-06-05 16:05:22.782,1,,,,False,False,FP2
0 days 00:21:11.807000,NOR,1,0 days 00:01:31.362000,1.0,1.0,0 days 00:19:41.187000,,0 days 00:00:26.344000,0 days 00:00:41.180000,0 days 00:00:23.838000,0 days 00:20:07.109000,0 days 00:20:48.312000,0 days 00:21:11.953000,157.0,173.0,260.0,270.0,False,SOFT,1.0,True,McLaren,0 days 00:19:41.187000,2026-06-06 10:36:01.546,1,,,,False,False,FP3
0 days 00:22:30.847000,NOR,1,0 days 00:01:19.040000,2.0,1.0,,,0 days 00:00:20.593000,0 days 00:00:35.957000,0 days 00:00:22.490000,0 days 00:21:32.400000,0 days 00:22:08.357000,0 days 00:22:30.847000,191.0,192.0,261.0,278.0,True,SOFT,2.0,True,McLaren,0 days 00:21:11.807000,2026-06-06 10:37:32.166,1,,,,False,True,FP3
0 days 00:23:46.023000,NOR,1,0 days 00:01:15.176000,3.0,1.0,,,0 days 00:00:19.854000,0 days 00:00:35.251000,0 days 00:00:20.071000,0 days 00:22:50.701000,0 days 00:23:25.952000,0 days 00:23:46.023000,206.0,196.0,263.0,279.0,True,SOFT,3.0,True,McLaren,0 days 00:22:30.847000,2026-06-06 10:38:51.206,1,,,,False,True,FP3
0 days 00:25:12.085000,NOR,1,0 days 00:01:26.062000,4.0,1.0,,,0 days 00:00:22.020000,0 days 00:00:40.488000,0 days 00:00:23.554000,0 days 00:24:08.043000,0 days 00:24:48.531000,0 days 00:25:12.085000,136.0,121.0,263.0,254.0,False,SOFT,4.0,True,McLaren,0 days 00:23:46.023000,2026-06-06 10:40:06.382,1,,,,False,True,FP3
0 days 00:26:26.460000,NOR,1,0 days 00:01:14.375000,5.0,1.0,,,0 days 00:00:19.701000,0 days 00:00:34.964000,0 days 00:00:19.710000,0 days 00:25:31.786000,0 days 00:26:06.750000,0 days 00:26:26.460000,206.0,202.0,265.0,280.0,True,SOFT,5.0,True,McLaren,0 days 00:25:12.085000,2026-06-06 10:41:32.444,1,,,,False,True,FP3
0 days 00:28:04.924000,NOR,1,0 days 00:01:38.464000,6.0,1.0,,,0 days 00:00:22.627000,0 days 00:00:50.161000,0 days 00:00:25.676000,0 days 00:26:49.087000,0 days 00:27:39.248000,0 days 00:28:04.924000,160.0,117.0,262.0,244.0,False,SOFT,6.0,True,McLaren,0 days 00:26:26.460000,2026-06-06 10:42:46.819,1,,,,False,True,FP3
0 days 00:29:19.098000,NOR,1,0 days 00:01:14.174000,7.0,1.0,,,0 days 00:00:19.525000,0 days 00:00:35.007000,0 days 00:00:19.642000,0 days 00:28:24.449000,0 days 00:28:59.456000,0 days 00:29:19.098000,213.0,200.0,264.0,280.0,True,SOFT,7.0,True,McLaren,0 days 00:28:04.924000,2026-06-06 10:44:25.283,1,,,,False,True,FP3
0 days 00:31:16.700000,NOR,1,0 days 00:01:57.602000,8.0,1.0,,0 days 00:30:33.762000,0 days 00:00:19.552000,0 days 00:00:38.948000,0 days 00:00:59.102000,0 days 00:29:38.650000,0 days 00:30:17.598000,0 days 00:31:16.700000,192.0,161.0,,254.0,False,SOFT,8.0,True,McLaren,0 days 00:29:19.098000,2026-06-06 10:45:39.457,1,,,,False,False,FP3
0 days 00:32:47.345000,NOR,1,0 days 00:01:30.645000,9.0,2.0,0 days 00:31:17.514000,,0 days 00:00:27.990000,0 days 00:00:41.104000,0 days 00:00:21.551000,0 days 00:31:44.690000,0 days 00:32:25.794000,0 days 00:32:47.345000,88.0,185.0,263.0,237.0,False,SOFT,9.0,False,McLaren,0 days 00:31:16.700000,2026-06-06 10:47:37.059,1,,,,False,False,FP3
0 days 00:34:06.099000,NOR,1,0 days 00:01:18.754000,10.0,2.0,,,0 days 00:00:19.582000,0 days 00:00:35.311000,0 days 00:00:23.861000,0 days 00:33:06.927000,0 days 00:33:42.238000,0 days 00:34:06.099000,211.0,160.0,250.0,281.0,False,SOFT,10.0,False,McLaren,0 days 00:32:47.345000,2026-06-06 10:49:07.704,1,,,,False,True,FP3
0 days 00:35:20.514000,NOR,1,0 days 00:01:14.415000,11.0,2.0,,,0 days 00:00:19.572000,0 days 00:00:34.739000,0 days 00:00:20.104000,0 days 00:34:25.671000,0 days 00:35:00.410000,0 days 00:35:20.514000,210.0,202.0,264.0,280.0,False,SOFT,11.0,False,McLaren,0 days 00:34:06.099000,2026-06-06 10:50:26.458,1,,,,False,True,FP3
0 days 00:36:46.348000,NOR,1,0 days 00:01:25.834000,12.0,2.0,,,0 days 00:00:19.508000,0 days 00:00:43.934000,0 days 00:00:22.392000,0 days 00:35:40.022000,0 days 00:36:23.956000,0 days 00:36:46.348000,211.0,154.0,264.0,238.0,False,SOFT,12.0,False,McLaren,0 days 00:35:20.514000,2026-06-06 10:51:40.873,1,,,,False,True,FP3
0 days 00:38:00.610000,NOR,1,0 days 00:01:14.262000,13.0,2.0,,,0 days 00:00:19.658000,0 days 00:00:34.772000,0 days 00:00:19.832000,0 days 00:37:06.006000,0 days 00:37:40.778000,0 days 00:38:00.610000,211.0,197.0,263.0,281.0,False,SOFT,13.0,False,McLaren,0 days 00:36:46.348000,2026-06-06 10:53:06.707,1,,,,False,True,FP3
0 days 00:39:29.535000,NOR,1,0 days 00:01:28.925000,14.0,2.0,,,0 days 00:00:22.949000,0 days 00:00:43.369000,0 days 00:00:22.607000,0 days 00:38:23.559000,0 days 00:39:06.928000,0 days 00:39:29.535000,156.0,136.0,264.0,244.0,False,SOFT,14.0,False,McLaren,0 days 00:38:00.610000,2026-06-06 10:54:20.969,1,,,,False,True,FP3
0 days 00:40:43.541000,NOR,1,0 days 00:01:14.006000,15.0,2.0,,,0 days 00:00:19.516000,0 days 00:00:34.853000,0 days 00:00:19.637000,0 days 00:39:49.051000,0 days 00:40:23.904000,0 days 00:40:43.541000,214.0,200.0,263.0,280.0,True,SOFT,15.0,False,McLaren,0 days 00:39:29.535000,2026-06-06 10:55:49.894,1,,,,False,True,FP3
0 days 00:53:49.617000,NOR,1,,16.0,2.0,,0 days 00:42:16.598000,0 days 00:00:23.680000,0 days 00:00:49.537000,,0 days 00:41:07.559000,0 days 00:41:57.086000,,116.0,152.0,,166.0,False,SOFT,16.0,False,McLaren,0 days 00:40:43.541000,2026-06-06 10:57:03.900,12,,,,False,False,FP3
0 days 00:55:15.709000,NOR,1,0 days 00:01:26.092000,17.0,3.0,0 days 00:53:50.268000,,0 days 00:00:25.909000,0 days 00:00:38.441000,0 days 00:00:21.742000,0 days 00:54:15.526000,0 days 00:54:53.967000,0 days 00:55:15.709000,166.0,182.0,262.0,277.0,False,SOFT,1.0,True,McLaren,0 days 00:53:49.617000,2026-06-06 11:10:09.976,1,,,,False,False,FP3
0 days 00:56:36.645000,NOR,1,0 days 00:01:20.936000,18.0,3.0,,,0 days 00:00:20.084000,0 days 00:00:36.180000,0 days 00:00:24.672000,0 days 00:55:35.793000,0 days 00:56:11.973000,0 days 00:56:36.645000,200.0,190.0,264.0,279.0,False,SOFT,2.0,True,McLaren,0 days 00:55:15.709000,2026-06-06 11:11:36.068,1,,,,False,True,FP3
0 days 00:57:57.861000,NOR,1,0 days 00:01:21.216000,19.0,3.0,,,0 days 00:00:19.422000,0 days 00:00:36.854000,0 days 00:00:24.940000,0 days 00:56:56.067000,0 days 00:57:32.921000,0 days 00:57:57.861000,217.0,172.0,263.0,279.0,False,SOFT,3.0,True,McLaren,0 days 00:56:36.645000,2026-06-06 11:12:57.004,1,,,,False,True,FP3
0 days 01:11:14.909000,NOR,1,,20.0,3.0,,0 days 00:59:20.075000,0 days 00:00:19.375000,,,0 days 00:58:17.394000,,,212.0,,,280.0,False,SOFT,4.0,True,McLaren,0 days 00:57:57.861000,2026-06-06 11:14:18.220,125,,,,False,False,FP3
0 days 01:12:58.050000,NOR,1,0 days 00:01:43.141000,21.0,4.0,0 days 01:11:15.910000,,0 days 00:00:29.156000,0 days 00:00:42.099000,0 days 00:00:31.886000,0 days 01:11:44.065000,0 days 01:12:26.164000,0 days 01:12:58.050000,171.0,170.0,243.0,274.0,False,SOFT,5.0,False,McLaren,0 days 01:11:15.910000,2026-06-06 11:27:36.269,1,,,,False,False,FP3
0 days 01:14:14.306000,NOR,1,0 days 00:01:16.256000,22.0,4.0,,,0 days 00:00:19.797000,0 days 00:00:34.928000,0 days 00:00:21.531000,0 days 01:13:17.847000,0 days 01:13:52.775000,0 days 01:14:14.306000,208.0,198.0,262.0,280.0,False,SOFT,6.0,False,McLaren,0 days 01:12:58.050000,2026-06-06 11:29:18.409,1,,,,False,True,FP3
0 days 01:16:31.460000,NOR,1,0 days 00:02:17.154000,23.0,4.0,,,0 days 00:00:21.341000,0 days 00:00:47.199000,0 days 00:01:08.614000,0 days 01:14:35.647000,0 days 01:15:22.846000,0 days 01:16:31.460000,125.0,150.0,154.0,204.0,False,SOFT,7.0,False,McLaren,0 days 01:14:14.306000,2026-06-06 11:30:34.665,1,,,,False,True,FP3
0 days 01:17:54.191000,NOR,1,,24.0,4.0,,0 days 01:17:54.191000,0 days 00:00:24.065000,0 days 00:00:41.169000,,0 days 01:16:55.585000,0 days 01:17:36.840000,,140.0,143.0,,264.0,False,SOFT,8.0,False,McLaren,0 days 01:16:31.460000,2026-06-06 11:32:51.819,1,,,,False,False,FP3
0 days 00:24:54.735000,GAS,10,0 days 00:01:31.851000,1.0,1.0,0 days 00:23:23.539000,,0 days 00:00:29.321000,0 days 00:00:40.282000,0 days 00:00:22.248000,0 days 00:23:52.477000,0 days 00:24:32.664000,0 days 00:24:54.897000,153.0,174.0,262.0,257.0,False,SOFT,1.0,True,Alpine,0 days 00:23:23.539000,2026-06-06 10:39:43.898,1,,,,False,False,FP3
0 days 00:26:26.107000,GAS,10,0 days 00:01:31.372000,2.0,1.0,,,0 days 00:00:21.515000,0 days 00:00:39,0 days 00:00:30.857000,0 days 00:25:16.250000,0 days 00:25:55.250000,0 days 00:26:26.107000,173.0,181.0,238.0,266.0,True,SOFT,2.0,True,Alpine,0 days 00:24:54.735000,2026-06-06 10:41:15.094,1,,,,False,True,FP3
0 days 00:27:42.918000,GAS,10,0 days 00:01:16.811000,3.0,1.0,,,0 days 00:00:20.494000,0 days 00:00:36.168000,0 days 00:00:20.149000,0 days 00:26:46.601000,0 days 00:27:22.769000,0 days 00:27:42.918000,198.0,193.0,265.0,283.0,True,SOFT,3.0,True,Alpine,0 days 00:26:26.107000,2026-06-06 10:42:46.466,1,,,,False,True,FP3
0 days 00:28:58.200000,GAS,10,0 days 00:01:15.282000,4.0,1.0,,,0 days 00:00:19.599000,0 days 00:00:35.512000,0 days 00:00:20.171000,0 days 00:28:02.517000,0 days 00:28:38.029000,0 days 00:28:58.200000,204.0,196.0,264.0,283.0,True,SOFT,4.0,True,Alpine,0 days 00:27:42.918000,2026-06-06 10:44:03.277,1,,,,False,True,FP3
0 days 00:30:43.844000,GAS,10,0 days 00:01:45.644000,5.0,1.0,,,0 days 00:00:33.979000,0 days 00:00:47.666000,0 days 00:00:23.999000,0 days 00:29:32.179000,0 days 00:30:19.845000,0 days 00:30:43.844000,91.0,145.0,262.0,240.0,False,SOFT,5.0,True,Alpine,0 days 00:28:58.200000,2026-06-06 10:45:18.559,1,,,,False,True,FP3
0 days 00:32:09.682000,GAS,10,0 days 00:01:25.838000,6.0,1.0,,,0 days 00:00:22.675000,0 days 00:00:41.997000,0 days 00:00:21.166000,0 days 00:31:06.519000,0 days 00:31:48.516000,0 days 00:32:09.682000,159.0,180.0,265.0,239.0,False,SOFT,6.0,True,Alpine,0 days 00:30:43.844000,2026-06-06 10:47:04.203,1,,,,False,True,FP3
0 days 00:33:24.204000,GAS,10,0 days 00:01:14.522000,7.0,1.0,,,0 days 00:00:19.523000,0 days 00:00:35.125000,0 days 00:00:19.874000,0 days 00:32:29.205000,0 days 00:33:04.330000,0 days 00:33:24.204000,208.0,198.0,265.0,283.0,True,SOFT,7.0,True,Alpine,0 days 00:32:09.682000,2026-06-06 10:48:30.041,1,,,,False,True,FP3
0 days 00:35:02.639000,GAS,10,0 days 00:01:38.435000,8.0,1.0,,,0 days 00:00:27.796000,0 days 00:00:44.428000,0 days 00:00:26.211000,0 days 00:33:52,0 days 00:34:36.428000,0 days 00:35:02.639000,134.0,116.0,263.0,242.0,False,SOFT,8.0,True,Alpine,0 days 00:33:24.204000,2026-06-06 10:49:44.563,1,,,,False,True,FP3
0 days 00:36:17.376000,GAS,10,0 days 00:01:14.737000,9.0,1.0,,,0 days 00:00:19.676000,0 days 00:00:35.181000,0 days 00:00:19.880000,0 days 00:35:22.315000,0 days 00:35:57.496000,0 days 00:36:17.376000,204.0,198.0,265.0,283.0,False,SOFT,9.0,True,Alpine,0 days 00:35:02.639000,2026-06-06 10:51:22.998,1,,,,False,True,FP3
0 days 00:37:59.865000,GAS,10,0 days 00:01:42.489000,10.0,1.0,,,0 days 00:00:31.008000,0 days 00:00:46.562000,0 days 00:00:24.919000,0 days 00:36:48.384000,0 days 00:37:34.946000,0 days 00:37:59.865000,69.0,179.0,262.0,246.0,False,SOFT,10.0,True,Alpine,0 days 00:36:17.376000,2026-06-06 10:52:37.735,1,,,,False,True,FP3
0 days 00:39:14.345000,GAS,10,0 days 00:01:14.480000,11.0,1.0,,,0 days 00:00:19.495000,0 days 00:00:34.983000,0 days 00:00:20.002000,0 days 00:38:19.360000,0 days 00:38:54.343000,0 days 00:39:14.345000,211.0,189.0,264.0,284.0,True,SOFT,11.0,True,Alpine,0 days 00:37:59.865000,2026-06-06 10:54:20.224,1,,,,False,True,FP3
0 days 00:40:53.716000,GAS,10,0 days 00:01:39.371000,12.0,1.0,,,0 days 00:00:30.267000,0 days 00:00:44.143000,0 days 00:00:24.961000,0 days 00:39:44.612000,0 days 00:40:28.755000,0 days 00:40:53.716000,114.0,178.0,262.0,241.0,False,SOFT,12.0,True,Alpine,0 days 00:39:14.345000,2026-06-06 10:55:34.704,1,,,,False,True,FP3
0 days 00:42:20.324000,GAS,10,0 days 00:01:26.608000,13.0,1.0,,,0 days 00:00:19.856000,0 days 00:00:42.181000,0 days 00:00:24.571000,0 days 00:41:13.572000,0 days 00:41:55.753000,0 days 00:42:20.324000,208.0,138.0,254.0,214.0,False,SOFT,13.0,True,Alpine,0 days 00:40:53.716000,2026-06-06 10:57:14.075,12,,,,False,True,FP3
0 days 00:43:35.453000,GAS,10,0 days 00:01:15.129000,14.0,1.0,,,0 days 00:00:19.816000,0 days 00:00:35.257000,0 days 00:00:20.056000,0 days 00:42:40.140000,0 days 00:43:15.397000,0 days 00:43:35.453000,209.0,197.0,266.0,283.0,False,SOFT,14.0,True,Alpine,0 days 00:42:20.324000,2026-06-06 10:58:40.683,1,,,,False,True,FP3
0 days 00:57:04.101000,GAS,10,,15.0,1.0,,0 days 00:44:52.777000,0 days 00:00:22.123000,0 days 00:00:39.522000,,0 days 00:43:57.859000,0 days 00:44:37.340000,,178.0,167.0,,243.0,False,SOFT,15.0,True,Alpine,0 days 00:43:35.453000,2026-06-06 10:59:55.812,1,,,,False,False,FP3
0 days 00:58:30.882000,GAS,10,0 days 00:01:26.781000,16.0,2.0,0 days 00:57:04.689000,,0 days 00:00:26.083000,0 days 00:00:39.019000,0 days 00:00:21.679000,0 days 00:57:30.184000,0 days 00:58:09.203000,0 days 00:58:30.882000,169.0,171.0,264.0,269.0,False,SOFT,1.0,True,Alpine,0 days 00:57:04.101000,2026-06-06 11:13:24.460,12,,,,False,False,FP3
0 days 01:09:49.632000,GAS,10,,17.0,2.0,,0 days 01:00:09.025000,,,,,,,,,,,False,SOFT,2.0,True,Alpine,0 days 00:58:30.882000,2026-06-06 11:14:51.241,251,,,,False,False,FP3
0 days 01:11:20.871000,GAS,10,0 days 00:01:31.239000,18.0,3.0,0 days 01:09:50.584000,,0 days 00:00:28.733000,0 days 00:00:40.730000,0 days 00:00:21.776000,0 days 01:10:18.365000,0 days 01:10:59.095000,0 days 01:11:20.871000,162.0,180.0,262.0,256.0,False,SOFT,3.0,False,Alpine,0 days 01:09:50.584000,2026-06-06 11:26:10.943,1,,,,False,False,FP3
0 days 01:12:43.688000,GAS,10,0 days 00:01:22.817000,19.0,3.0,,,0 days 00:00:20.956000,0 days 00:00:38.445000,0 days 00:00:23.416000,0 days 01:11:41.827000,0 days 01:12:20.272000,0 days 01:12:43.688000,188.0,165.0,265.0,282.0,False,SOFT,4.0,False,Alpine,0 days 01:11:20.871000,2026-06-06 11:27:41.230,1,,,,False,True,FP3
0 days 01:13:58.781000,GAS,10,0 days 00:01:15.093000,20.0,3.0,,,0 days 00:00:19.797000,0 days 00:00:35.385000,0 days 00:00:19.911000,0 days 01:13:03.485000,0 days 01:13:38.870000,0 days 01:13:58.781000,208.0,196.0,264.0,285.0,False,SOFT,5.0,False,Alpine,0 days 01:12:43.688000,2026-06-06 11:29:04.047,1,,,,False,True,FP3
0 days 01:16:14.943000,GAS,10,0 days 00:02:16.162000,21.0,3.0,,,0 days 00:00:27.457000,0 days 00:00:43.821000,0 days 00:01:04.884000,0 days 01:14:26.238000,0 days 01:15:10.059000,0 days 01:16:14.943000,133.0,130.0,111.0,229.0,False,SOFT,6.0,False,Alpine,0 days 01:13:58.781000,2026-06-06 11:30:19.140,1,,,,False,True,FP3
0 days 01:17:35.457000,GAS,10,,22.0,3.0,,0 days 01:17:35.457000,0 days 00:00:22.769000,0 days 00:00:40.579000,,0 days 01:16:37.861000,0 days 01:17:18.418000,,178.0,127.0,,265.0,False,SOFT,7.0,False,Alpine,0 days 01:16:14.943000,2026-06-06 11:32:35.302,1,,,,False,False,FP3
0 days 00:19:14.946000,PER,11,0 days 00:01:32.064000,1.0,1.0,0 days 00:17:43.468000,,0 days 00:00:28.184000,0 days 00:00:41.772000,0 days 00:00:22.108000,0 days 00:18:11.093000,0 days 00:18:52.968000,0 days 00:19:14.968000,131.0,174.0,259.0,257.0,False,SOFT,11.0,False,Cadillac,0 days 00:17:43.468000,2026-06-06 10:34:03.827,1,,,,False,False,FP3
0 days 00:20:38.359000,PER,11,0 days 00:01:23.413000,2.0,1.0,,,0 days 00:00:20.760000,0 days 00:00:36.521000,0 days 00:00:26.132000,0 days 00:19:35.706000,0 days 00:20:12.227000,0 days 00:20:38.359000,192.0,183.0,252.0,275.0,True,SOFT,12.0,False,Cadillac,0 days 00:19:14.946000,2026-06-06 10:35:35.305,1,,,,False,True,FP3
0 days 00:36:58.192000,PER,11,,3.0,1.0,,0 days 00:21:57.850000,0 days 00:00:20.360000,0 days 00:00:37.971000,,0 days 00:20:58.765000,0 days 00:21:36.878000,,203.0,140.0,,239.0,False,SOFT,13.0,False,Cadillac,0 days 00:20:38.359000,2026-06-06 10:36:58.718,1,,,,False,False,FP3
0 days 00:38:28.006000,PER,11,0 days 00:01:29.814000,4.0,2.0,0 days 00:36:58.866000,,0 days 00:00:25.549000,0 days 00:00:38.823000,0 days 00:00:25.442000,0 days 00:37:23.741000,0 days 00:38:02.564000,0 days 00:38:28.006000,170.0,178.0,263.0,257.0,False,SOFT,14.0,False,Cadillac,0 days 00:36:58.192000,2026-06-06 10:53:18.551,1,,,,False,False,FP3
0 days 00:39:50.900000,PER,11,0 days 00:01:22.894000,5.0,2.0,,,0 days 00:00:21.370000,0 days 00:00:36.320000,0 days 00:00:25.204000,0 days 00:38:49.376000,0 days 00:39:25.696000,0 days 00:39:50.900000,195.0,188.0,261.0,279.0,True,SOFT,15.0,False,Cadillac,0 days 00:38:28.006000,2026-06-06 10:54:48.365,1,,,,False,True,FP3
0 days 00:41:06.655000,PER,11,0 days 00:01:15.755000,6.0,2.0,,,0 days 00:00:19.922000,0 days 00:00:35.570000,0 days 00:00:20.263000,0 days 00:40:10.822000,0 days 00:40:46.392000,0 days 00:41:06.655000,207.0,192.0,262.0,279.0,True,SOFT,16.0,False,Cadillac,0 days 00:39:50.900000,2026-06-06 10:56:11.259,1,,,,False,True,FP3
0 days 00:49:22.549000,PER,11,,7.0,2.0,,0 days 00:42:27.442000,0 days 00:00:23.268000,0 days 00:00:41.294000,,0 days 00:41:30.122000,0 days 00:42:11.442000,,157.0,170.0,,229.0,False,SOFT,17.0,False,Cadillac,0 days 00:41:06.655000,2026-06-06 10:57:27.014,12,,,,False,False,FP3
0 days 00:50:47.750000,PER,11,0 days 00:01:25.201000,8.0,3.0,0 days 00:49:23.249000,,0 days 00:00:25.496000,0 days 00:00:38.572000,0 days 00:00:21.133000,0 days 00:49:48.045000,0 days 00:50:26.617000,0 days 00:50:47.750000,171.0,180.0,263.0,248.0,False,SOFT,1.0,True,Cadillac,0 days 00:49:22.549000,2026-06-06 11:05:42.908,1,,,,False,False,FP3
0 days 00:52:05.413000,PER,11,0 days 00:01:17.663000,9.0,3.0,,,0 days 00:00:19.841000,0 days 00:00:36.492000,0 days 00:00:21.330000,0 days 00:51:07.591000,0 days 00:51:44.083000,0 days 00:52:05.413000,210.0,179.0,262.0,278.0,False,SOFT,2.0,True,Cadillac,0 days 00:50:47.750000,2026-06-06 11:07:08.109,1,,,,False,True,FP3
0 days 00:53:20.768000,PER,11,0 days 00:01:15.355000,10.0,3.0,,,0 days 00:00:19.797000,0 days 00:00:35.363000,0 days 00:00:20.195000,0 days 00:52:25.210000,0 days 00:53:00.573000,0 days 00:53:20.768000,208.0,192.0,262.0,278.0,True,SOFT,3.0,True,Cadillac,0 days 00:52:05.413000,2026-06-06 11:08:25.772,1,,,,False,True,FP3
0 days 00:55:08.873000,PER,11,0 days 00:01:48.105000,11.0,3.0,,,0 days 00:00:25.119000,0 days 00:00:47.017000,0 days 00:00:35.969000,0 days 00:53:45.887000,0 days 00:54:32.904000,0 days 00:55:08.873000,99.0,107.0,242.0,217.0,False,SOFT,4.0,True,Cadillac,0 days 00:53:20.768000,2026-06-06 11:09:41.127,1,,,,False,True,FP3
0 days 00:56:42.584000,PER,11,0 days 00:01:33.711000,12.0,3.0,,,0 days 00:00:23.111000,0 days 00:00:44.810000,0 days 00:00:25.790000,0 days 00:55:31.984000,0 days 00:56:16.794000,0 days 00:56:42.584000,159.0,169.0,260.0,260.0,False,SOFT,5.0,True,Cadillac,0 days 00:55:08.873000,2026-06-06 11:11:29.232,1,,,,False,True,FP3
0 days 00:58:05.830000,PER,11,0 days 00:01:23.246000,13.0,3.0,,,0 days 00:00:19.925000,0 days 00:00:39.163000,0 days 00:00:24.158000,0 days 00:57:02.509000,0 days 00:57:41.672000,0 days 00:58:05.830000,207.0,169.0,258.0,264.0,False,SOFT,6.0,True,Cadillac,0 days 00:56:42.584000,2026-06-06 11:13:02.943,1,,,,False,True,FP3
0 days 01:08:46.002000,PER,11,,14.0,3.0,,0 days 00:59:32.450000,0 days 00:00:19.807000,,,0 days 00:58:25.941000,,,210.0,,,,False,SOFT,7.0,True,Cadillac,0 days 00:58:05.830000,2026-06-06 11:14:26.189,125,,,,False,False,FP3
0 days 01:11:10.278000,PER,11,0 days 00:02:24.276000,15.0,4.0,0 days 01:09:42.772000,,0 days 00:01:23.057000,0 days 00:00:39.345000,0 days 00:00:21.874000,0 days 01:10:09.059000,0 days 01:10:48.404000,0 days 01:11:10.278000,163.0,174.0,260.0,251.0,False,SOFT,1.0,True,Cadillac,0 days 01:09:42.772000,2026-06-06 11:26:03.131,1,,,,False,False,FP3
0 days 01:12:28.875000,PER,11,0 days 00:01:18.597000,16.0,4.0,,,0 days 00:00:20.794000,0 days 00:00:36.689000,0 days 00:00:21.114000,0 days 01:11:31.072000,0 days 01:12:07.761000,0 days 01:12:28.875000,185.0,183.0,264.0,280.0,False,SOFT,2.0,True,Cadillac,0 days 01:11:10.278000,2026-06-06 11:27:30.637,1,,,,False,True,FP3
0 days 01:13:43.820000,PER,11,0 days 00:01:14.945000,17.0,4.0,,,0 days 00:00:19.658000,0 days 00:00:35.276000,0 days 00:00:20.011000,0 days 01:12:48.533000,0 days 01:13:23.809000,0 days 01:13:43.820000,203.0,193.0,264.0,281.0,True,SOFT,3.0,True,Cadillac,0 days 01:12:28.875000,2026-06-06 11:28:49.234,1,,,,False,True,FP3
0 days 01:16:00.199000,PER,11,0 days 00:02:16.379000,18.0,4.0,,,0 days 00:00:27.014000,0 days 00:00:42.913000,0 days 00:01:06.452000,0 days 01:14:10.834000,0 days 01:14:53.747000,0 days 01:16:00.199000,122.0,132.0,4.0,224.0,False,SOFT,4.0,True,Cadillac,0 days 01:13:43.820000,2026-06-06 11:30:04.179,1,,,,False,True,FP3
0 days 01:17:22.324000,PER,11,,19.0,4.0,,0 days 01:17:22.324000,0 days 00:00:24.203000,0 days 00:00:41.365000,,0 days 01:16:24.693000,0 days 01:17:05.990000,,145.0,164.0,,232.0,False,SOFT,5.0,True,Cadillac,0 days 01:16:00.199000,2026-06-06 11:32:20.558,1,,,,False,False,FP3
0 days 00:26:45.368000,ANT,12,0 days 00:01:28.317000,1.0,1.0,0 days 00:25:17.804000,,0 days 00:00:26.731000,0 days 00:00:38.927000,0 days 00:00:22.659000,0 days 00:25:44.069000,0 days 00:26:22.952000,0 days 00:26:45.515000,174.0,181.0,253.0,263.0,False,SOFT,1.0,True,Mercedes,0 days 00:25:17.804000,2026-06-06 10:41:38.163,1,,,,False,False,FP3
0 days 00:28:12.413000,ANT,12,0 days 00:01:27.045000,2.0,1.0,,,0 days 00:00:21.234000,0 days 00:00:42.037000,0 days 00:00:23.774000,0 days 00:27:06.602000,0 days 00:27:48.639000,0 days 00:28:12.413000,169.0,177.0,262.0,263.0,True,SOFT,2.0,True,Mercedes,0 days 00:26:45.368000,2026-06-06 10:43:05.727,1,,,,False,True,FP3
0 days 00:29:26.635000,ANT,12,0 days 00:01:14.222000,3.0,1.0,,,0 days 00:00:19.537000,0 days 00:00:34.985000,0 days 00:00:19.700000,0 days 00:28:31.950000,0 days 00:29:06.935000,0 days 00:29:26.635000,211.0,199.0,264.0,282.0,True,SOFT,3.0,True,Mercedes,0 days 00:28:12.413000,2026-06-06 10:44:32.772,1,,,,False,True,FP3
0 days 00:31:14.995000,ANT,12,0 days 00:01:48.360000,4.0,1.0,,,0 days 00:00:36.254000,0 days 00:00:45.921000,0 days 00:00:26.185000,0 days 00:30:02.889000,0 days 00:30:48.810000,0 days 00:31:14.995000,78.0,157.0,256.0,243.0,False,SOFT,4.0,True,Mercedes,0 days 00:29:26.635000,2026-06-06 10:45:46.994,1,,,,False,True,FP3
0 days 00:32:28.369000,ANT,12,0 days 00:01:13.374000,5.0,1.0,,,0 days 00:00:19.338000,0 days 00:00:34.643000,0 days 00:00:19.393000,0 days 00:31:34.333000,0 days 00:32:08.976000,0 days 00:32:28.369000,216.0,197.0,265.0,282.0,True,SOFT,5.0,True,Mercedes,0 days 00:31:14.995000,2026-06-06 10:47:35.354,1,,,,False,True,FP3
0 days 00:34:23.350000,ANT,12,0 days 00:01:54.981000,6.0,1.0,,0 days 00:33:54.744000,0 days 00:00:25.779000,0 days 00:00:45.444000,0 days 00:00:43.758000,0 days 00:32:54.148000,0 days 00:33:39.592000,0 days 00:34:23.350000,134.0,174.0,,233.0,False,SOFT,6.0,True,Mercedes,0 days 00:32:28.369000,2026-06-06 10:48:48.728,1,,,,False,False,FP3
0 days 00:35:50.390000,ANT,12,0 days 00:01:27.040000,7.0,2.0,0 days 00:34:23.994000,,0 days 00:00:25.076000,0 days 00:00:39.404000,0 days 00:00:22.560000,0 days 00:34:48.426000,0 days 00:35:27.830000,0 days 00:35:50.390000,173.0,185.0,264.0,239.0,False,SOFT,7.0,False,Mercedes,0 days 00:34:23.350000,2026-06-06 10:50:43.709,1,,,,False,False,FP3
0 days 00:37:03.527000,ANT,12,0 days 00:01:13.137000,8.0,2.0,,,0 days 00:00:19.204000,0 days 00:00:34.643000,0 days 00:00:19.290000,0 days 00:36:09.594000,0 days 00:36:44.237000,0 days 00:37:03.527000,217.0,200.0,264.0,283.0,True,SOFT,8.0,False,Mercedes,0 days 00:35:50.390000,2026-06-06 10:52:10.749,1,,,,False,True,FP3
0 days 00:38:35.503000,ANT,12,0 days 00:01:31.976000,9.0,2.0,,,0 days 00:00:27.180000,0 days 00:00:43.382000,0 days 00:00:21.414000,0 days 00:37:30.707000,0 days 00:38:14.089000,0 days 00:38:35.503000,60.0,165.0,264.0,241.0,False,SOFT,9.0,False,Mercedes,0 days 00:37:03.527000,2026-06-06 10:53:23.886,1,,,,False,True,FP3
0 days 00:39:52.530000,ANT,12,0 days 00:01:17.027000,10.0,2.0,,,0 days 00:00:19.195000,0 days 00:00:34.375000,0 days 00:00:23.457000,0 days 00:38:54.698000,0 days 00:39:29.073000,0 days 00:39:52.530000,215.0,202.0,223.0,283.0,False,SOFT,10.0,False,Mercedes,0 days 00:38:35.503000,2026-06-06 10:54:55.862,1,,,,False,True,FP3
0 days 00:41:22.512000,ANT,12,0 days 00:01:29.982000,11.0,2.0,,,0 days 00:00:24.893000,0 days 00:00:44.165000,0 days 00:00:20.924000,0 days 00:40:17.423000,0 days 00:41:01.588000,0 days 00:41:22.512000,141.0,178.0,264.0,199.0,False,SOFT,11.0,False,Mercedes,0 days 00:39:52.530000,2026-06-06 10:56:12.889,12,,,,False,True,FP3
0 days 00:50:29.463000,ANT,12,,12.0,2.0,,0 days 00:42:31.473000,0 days 00:00:19.071000,0 days 00:00:34.322000,,0 days 00:41:41.805000,0 days 00:42:16.145000,,215.0,203.0,,282.0,False,SOFT,12.0,False,Mercedes,0 days 00:41:22.512000,2026-06-06 10:57:42.871,1,,,,False,False,FP3
0 days 00:51:53.761000,ANT,12,0 days 00:01:24.298000,13.0,3.0,0 days 00:50:30.216000,,0 days 00:00:24.639000,0 days 00:00:38.447000,0 days 00:00:21.212000,0 days 00:50:54.102000,0 days 00:51:32.549000,0 days 00:51:53.761000,175.0,177.0,255.0,261.0,False,SOFT,1.0,True,Mercedes,0 days 00:50:29.463000,2026-06-06 11:06:49.822,1,,,,False,False,FP3
0 days 00:53:12.204000,ANT,12,0 days 00:01:18.443000,14.0,3.0,,,0 days 00:00:20.732000,0 days 00:00:37.035000,0 days 00:00:20.676000,0 days 00:52:14.493000,0 days 00:52:51.528000,0 days 00:53:12.204000,189.0,186.0,263.0,262.0,False,SOFT,2.0,True,Mercedes,0 days 00:51:53.761000,2026-06-06 11:08:14.120,1,,,,False,True,FP3
0 days 00:54:24.924000,ANT,12,0 days 00:01:12.720000,15.0,3.0,,,0 days 00:00:19.059000,0 days 00:00:34.261000,0 days 00:00:19.400000,0 days 00:53:31.263000,0 days 00:54:05.524000,0 days 00:54:24.924000,215.0,201.0,263.0,281.0,True,SOFT,3.0,True,Mercedes,0 days 00:53:12.204000,2026-06-06 11:09:32.563,1,,,,False,True,FP3
0 days 00:56:00.309000,ANT,12,0 days 00:01:35.385000,16.0,3.0,,,0 days 00:00:22.963000,0 days 00:00:48.298000,0 days 00:00:24.124000,0 days 00:54:47.887000,0 days 00:55:36.185000,0 days 00:56:00.309000,140.0,144.0,222.0,172.0,False,SOFT,4.0,True,Mercedes,0 days 00:54:24.924000,2026-06-06 11:10:45.283,1,,,,False,True,FP3
0 days 00:57:27.184000,ANT,12,0 days 00:01:26.875000,17.0,3.0,,,0 days 00:00:23.022000,0 days 00:00:40.924000,0 days 00:00:22.929000,0 days 00:56:23.331000,0 days 00:57:04.255000,0 days 00:57:27.184000,170.0,183.0,265.0,234.0,False,SOFT,5.0,True,Mercedes,0 days 00:56:00.309000,2026-06-06 11:12:20.668,1,,,,False,True,FP3
0 days 00:58:40.119000,ANT,12,0 days 00:01:12.935000,18.0,3.0,,,0 days 00:00:19.199000,0 days 00:00:34.309000,0 days 00:00:19.427000,0 days 00:57:46.383000,0 days 00:58:20.692000,0 days 00:58:40.119000,212.0,201.0,264.0,283.0,False,SOFT,6.0,True,Mercedes,0 days 00:57:27.184000,2026-06-06 11:13:47.543,12,,,,False,True,FP3
0 days 01:13:28.669000,ANT,12,,19.0,3.0,,0 days 01:00:24.557000,,,,,,,,,,,False,SOFT,7.0,True,Mercedes,0 days 00:58:40.119000,2026-06-06 11:15:00.478,251,,,,False,False,FP3
0 days 01:15:04.752000,ANT,12,0 days 00:01:36.083000,20.0,4.0,0 days 01:13:29.289000,,0 days 00:00:33.235000,0 days 00:00:39.813000,0 days 00:00:23.035000,0 days 01:14:01.904000,0 days 01:14:41.717000,0 days 01:15:04.752000,168.0,161.0,203.0,236.0,False,SOFT,8.0,False,Mercedes,0 days 01:13:29.289000,2026-06-06 11:29:49.648,1,,,,False,False,FP3
0 days 01:17:23.176000,ANT,12,0 days 00:02:18.424000,21.0,4.0,,,0 days 00:00:23.789000,0 days 00:00:42.481000,0 days 00:01:12.154000,0 days 01:15:28.541000,0 days 01:16:11.022000,0 days 01:17:23.176000,170.0,154.0,206.0,227.0,False,SOFT,9.0,False,Mercedes,0 days 01:15:04.752000,2026-06-06 11:31:25.111,1,,,,False,True,FP3
0 days 01:18:42.947000,ANT,12,,22.0,4.0,,0 days 01:18:42.947000,0 days 00:00:23.099000,0 days 00:00:38.938000,,0 days 01:17:46.401000,0 days 01:18:25.362000,,159.0,142.0,,248.0,False,SOFT,10.0,False,Mercedes,0 days 01:17:23.176000,2026-06-06 11:33:43.535,1,,,,False,False,FP3
0 days 00:16:37.890000,ALO,14,0 days 00:01:29.244000,1.0,1.0,0 days 00:15:09.349000,,0 days 00:00:25.843000,0 days 00:00:40.647000,0 days 00:00:22.754000,0 days 00:15:34.705000,0 days 00:16:15.298000,0 days 00:16:37.947000,164.0,167.0,246.0,255.0,False,SOFT,1.0,True,Aston Martin,0 days 00:15:09.349000,2026-06-06 10:31:29.708,1,,,,False,False,FP3
0 days 00:17:59.853000,ALO,14,0 days 00:01:21.963000,2.0,1.0,,,0 days 00:00:21.733000,0 days 00:00:38.265000,0 days 00:00:21.965000,0 days 00:16:59.623000,0 days 00:17:37.888000,0 days 00:17:59.853000,182.0,176.0,255.0,259.0,True,SOFT,2.0,True,Aston Martin,0 days 00:16:37.890000,2026-06-06 10:32:58.249,1,,,,False,True,FP3
0 days 00:19:16.807000,ALO,14,0 days 00:01:16.954000,3.0,1.0,,,0 days 00:00:20.444000,0 days 00:00:36.084000,0 days 00:00:20.426000,0 days 00:18:20.297000,0 days 00:18:56.381000,0 days 00:19:16.807000,201.0,180.0,254.0,272.0,True,SOFT,3.0,True,Aston Martin,0 days 00:17:59.853000,2026-06-06 10:34:20.212,1,,,,False,True,FP3
0 days 00:20:42.903000,ALO,14,0 days 00:01:26.096000,4.0,1.0,,,0 days 00:00:22.149000,0 days 00:00:41.347000,0 days 00:00:22.600000,0 days 00:19:38.956000,0 days 00:20:20.303000,0 days 00:20:42.903000,182.0,172.0,254.0,259.0,False,SOFT,4.0,True,Aston Martin,0 days 00:19:16.807000,2026-06-06 10:35:37.166,1,,,,False,True,FP3
0 days 00:22:04.122000,ALO,14,0 days 00:01:21.219000,5.0,1.0,,,0 days 00:00:20.360000,0 days 00:00:36.043000,0 days 00:00:24.816000,0 days 00:21:03.263000,0 days 00:21:39.306000,0 days 00:22:04.122000,204.0,187.0,252.0,273.0,False,SOFT,5.0,True,Aston Martin,0 days 00:20:42.903000,2026-06-06 10:37:03.262,1,,,,False,True,FP3
0 days 00:23:20.523000,ALO,14,0 days 00:01:16.401000,6.0,1.0,,,0 days 00:00:20.209000,0 days 00:00:35.999000,0 days 00:00:20.193000,0 days 00:22:24.331000,0 days 00:23:00.330000,0 days 00:23:20.523000,204.0,187.0,254.0,273.0,True,SOFT,6.0,True,Aston Martin,0 days 00:22:04.122000,2026-06-06 10:38:24.481,1,,,,False,True,FP3
0 days 00:24:53.800000,ALO,14,0 days 00:01:33.277000,7.0,1.0,,,0 days 00:00:24.716000,0 days 00:00:44.770000,0 days 00:00:23.791000,0 days 00:23:45.239000,0 days 00:24:30.009000,0 days 00:24:53.800000,158.0,159.0,253.0,259.0,False,SOFT,7.0,True,Aston Martin,0 days 00:23:20.523000,2026-06-06 10:39:40.882,1,,,,False,True,FP3
0 days 00:26:17.531000,ALO,14,0 days 00:01:23.731000,8.0,1.0,,,0 days 00:00:20.225000,0 days 00:00:36.171000,0 days 00:00:27.335000,0 days 00:25:14.025000,0 days 00:25:50.196000,0 days 00:26:17.531000,206.0,185.0,252.0,273.0,False,SOFT,8.0,True,Aston Martin,0 days 00:24:53.800000,2026-06-06 10:41:14.159,1,,,,False,True,FP3
0 days 00:27:53.565000,ALO,14,0 days 00:01:36.034000,9.0,1.0,,,0 days 00:00:26.281000,0 days 00:00:46.915000,0 days 00:00:22.838000,0 days 00:26:43.812000,0 days 00:27:30.727000,0 days 00:27:53.565000,136.0,164.0,255.0,261.0,False,SOFT,9.0,True,Aston Martin,0 days 00:26:17.531000,2026-06-06 10:42:37.890,1,,,,False,True,FP3
0 days 00:29:09.977000,ALO,14,0 days 00:01:16.412000,10.0,1.0,,,0 days 00:00:20.148000,0 days 00:00:35.946000,0 days 00:00:20.318000,0 days 00:28:13.713000,0 days 00:28:49.659000,0 days 00:29:09.977000,206.0,189.0,255.0,273.0,False,SOFT,10.0,True,Aston Martin,0 days 00:27:53.565000,2026-06-06 10:44:13.924,1,,,,False,True,FP3
0 days 00:40:16.111000,ALO,14,,11.0,1.0,,0 days 00:30:29.653000,0 days 00:00:22.967000,0 days 00:00:40.833000,,0 days 00:29:33.121000,0 days 00:30:13.934000,,165.0,168.0,,241.0,False,SOFT,11.0,True,Aston Martin,0 days 00:29:09.977000,2026-06-06 10:45:30.336,1,,,,False,False,FP3
0 days 00:41:45.570000,ALO,14,0 days 00:01:29.459000,12.0,2.0,0 days 00:40:16.775000,,0 days 00:00:26.047000,0 days 00:00:40.045000,0 days 00:00:23.367000,0 days 00:40:42.158000,0 days 00:41:22.203000,0 days 00:41:45.570000,170.0,170.0,246.0,260.0,False,SOFT,12.0,False,Aston Martin,0 days 00:40:16.111000,2026-06-06 10:56:36.470,12,,,,False,False,FP3
0 days 00:43:14.211000,ALO,14,0 days 00:01:28.641000,13.0,2.0,,,0 days 00:00:21.966000,0 days 00:00:38.841000,0 days 00:00:27.834000,0 days 00:42:07.536000,0 days 00:42:46.377000,0 days 00:43:14.211000,186.0,173.0,254.0,260.0,False,SOFT,13.0,False,Aston Martin,0 days 00:41:45.570000,2026-06-06 10:58:05.929,1,,,,False,True,FP3
0 days 00:44:30.740000,ALO,14,0 days 00:01:16.529000,14.0,2.0,,,0 days 00:00:20.330000,0 days 00:00:36.098000,0 days 00:00:20.101000,0 days 00:43:34.541000,0 days 00:44:10.639000,0 days 00:44:30.740000,202.0,189.0,253.0,272.0,False,SOFT,14.0,False,Aston Martin,0 days 00:43:14.211000,2026-06-06 10:59:34.570,1,,,,False,True,FP3
0 days 00:46:05.350000,ALO,14,0 days 00:01:34.610000,15.0,2.0,,,0 days 00:00:25.132000,0 days 00:00:47.271000,0 days 00:00:22.207000,0 days 00:44:55.872000,0 days 00:45:43.143000,0 days 00:46:05.350000,75.0,174.0,254.0,258.0,False,SOFT,15.0,False,Aston Martin,0 days 00:44:30.740000,2026-06-06 11:00:51.099,1,,,,False,True,FP3
0 days 00:47:26.747000,ALO,14,0 days 00:01:21.397000,16.0,2.0,,,0 days 00:00:20.147000,0 days 00:00:36.093000,0 days 00:00:25.157000,0 days 00:46:25.497000,0 days 00:47:01.590000,0 days 00:47:26.747000,205.0,184.0,232.0,273.0,False,SOFT,16.0,False,Aston Martin,0 days 00:46:05.350000,2026-06-06 11:02:25.709,1,,,,False,True,FP3
0 days 00:48:52.403000,ALO,14,0 days 00:01:25.656000,17.0,2.0,,,0 days 00:00:22.551000,0 days 00:00:41.410000,0 days 00:00:21.695000,0 days 00:47:49.298000,0 days 00:48:30.708000,0 days 00:48:52.403000,174.0,175.0,254.0,257.0,False,SOFT,17.0,False,Aston Martin,0 days 00:47:26.747000,2026-06-06 11:03:47.106,1,,,,False,True,FP3
0 days 00:50:08.622000,ALO,14,0 days 00:01:16.219000,18.0,2.0,,,0 days 00:00:20.155000,0 days 00:00:35.943000,0 days 00:00:20.121000,0 days 00:49:12.558000,0 days 00:49:48.501000,0 days 00:50:08.622000,207.0,192.0,253.0,271.0,True,SOFT,18.0,False,Aston Martin,0 days 00:48:52.403000,2026-06-06 11:05:12.762,1,,,,False,True,FP3
0 days 00:57:00.399000,ALO,14,,19.0,2.0,,0 days 00:51:28.997000,0 days 00:00:22.201000,0 days 00:00:41.283000,,0 days 00:50:30.981000,0 days 00:51:12.310000,,165.0,162.0,,231.0,False,SOFT,19.0,False,Aston Martin,0 days 00:50:08.622000,2026-06-06 11:06:28.981,1,,,,False,False,FP3
0 days 00:58:27.280000,ALO,14,0 days 00:01:26.881000,20.0,3.0,0 days 00:57:00.908000,,0 days 00:00:26.094000,0 days 00:00:38.594000,0 days 00:00:22.193000,0 days 00:57:26.493000,0 days 00:58:05.087000,0 days 00:58:27.280000,177.0,175.0,246.0,259.0,False,SOFT,1.0,True,Aston Martin,0 days 00:57:00.399000,2026-06-06 11:13:20.758,12,,,,False,False,FP3
0 days 01:10:14.231000,ALO,14,,21.0,3.0,,0 days 01:00:07.603000,,,,,,,,,,,False,SOFT,2.0,True,Aston Martin,0 days 00:58:27.280000,2026-06-06 11:14:47.639,251,,,,False,False,FP3
0 days 01:11:46.342000,ALO,14,0 days 00:01:32.111000,22.0,4.0,0 days 01:10:16.912000,,0 days 00:00:30.641000,0 days 00:00:39.562000,0 days 00:00:21.908000,0 days 01:10:44.872000,0 days 01:11:24.434000,0 days 01:11:46.342000,176.0,174.0,247.0,258.0,False,SOFT,3.0,False,Aston Martin,0 days 01:10:16.912000,2026-06-06 11:26:37.271,1,,,,False,False,FP3
0 days 01:13:08.924000,ALO,14,0 days 00:01:22.582000,23.0,4.0,,,0 days 00:00:21.171000,0 days 00:00:37.902000,0 days 00:00:23.509000,0 days 01:12:07.513000,0 days 01:12:45.415000,0 days 01:13:08.924000,192.0,179.0,257.0,261.0,False,SOFT,4.0,False,Aston Martin,0 days 01:11:46.342000,2026-06-06 11:28:06.701,1,,,,False,True,FP3
0 days 01:14:24.491000,ALO,14,0 days 00:01:15.567000,24.0,4.0,,,0 days 00:00:19.852000,0 days 00:00:35.742000,0 days 00:00:19.973000,0 days 01:13:28.776000,0 days 01:14:04.518000,0 days 01:14:24.491000,208.0,192.0,257.0,276.0,True,SOFT,5.0,False,Aston Martin,0 days 01:13:08.924000,2026-06-06 11:29:29.283,1,,,,False,True,FP3
0 days 01:16:47.356000,ALO,14,0 days 00:02:22.865000,25.0,4.0,,,0 days 00:00:25.882000,0 days 00:00:44.360000,0 days 00:01:12.623000,0 days 01:14:50.373000,0 days 01:15:34.733000,0 days 01:16:47.356000,127.0,162.0,135.0,192.0,False,SOFT,6.0,False,Aston Martin,0 days 01:14:24.491000,2026-06-06 11:30:44.850,1,,,,False,True,FP3
0 days 01:18:09.815000,ALO,14,,26.0,4.0,,0 days 01:18:09.815000,0 days 00:00:24.105000,0 days 00:00:41.756000,,0 days 01:17:11.596000,0 days 01:17:53.416000,,115.0,166.0,,238.0,False,SOFT,7.0,False,Aston Martin,0 days 01:16:47.356000,2026-06-06 11:33:07.715,1,,,,False,False,FP3
0 days 00:15:53.686000,LEC,16,0 days 00:01:37.652000,1.0,1.0,0 days 00:14:17.425000,,0 days 00:00:34.343000,0 days 00:00:40.221000,0 days 00:00:23.088000,0 days 00:14:50.615000,0 days 00:15:30.915000,0 days 00:15:53.821000,147.0,172.0,250.0,244.0,False,SOFT,1.0,True,Ferrari,0 days 00:14:17.425000,2026-06-06 10:30:37.784,1,,,,False,False,FP3
0 days 00:17:16.870000,LEC,16,0 days 00:01:23.184000,2.0,1.0,,,0 days 00:00:21.701000,0 days 00:00:39.518000,0 days 00:00:21.965000,0 days 00:16:15.387000,0 days 00:16:54.905000,0 days 00:17:16.870000,176.0,173.0,254.0,263.0,True,SOFT,2.0,True,Ferrari,0 days 00:15:53.686000,2026-06-06 10:32:14.045,1,,,,False,True,FP3
0 days 00:18:32.054000,LEC,16,0 days 00:01:15.184000,3.0,1.0,,,0 days 00:00:19.957000,0 days 00:00:35.438000,0 days 00:00:19.789000,0 days 00:17:36.827000,0 days 00:18:12.265000,0 days 00:18:32.054000,208.0,195.0,255.0,266.0,True,SOFT,3.0,True,Ferrari,0 days 00:17:16.870000,2026-06-06 10:33:37.229,1,,,,False,True,FP3
0 days 00:19:53.563000,LEC,16,0 days 00:01:21.509000,4.0,1.0,,,0 days 00:00:22.570000,0 days 00:00:38.573000,0 days 00:00:20.366000,0 days 00:18:54.624000,0 days 00:19:33.197000,0 days 00:19:53.563000,180.0,185.0,254.0,266.0,False,SOFT,4.0,True,Ferrari,0 days 00:18:32.054000,2026-06-06 10:34:52.413,1,,,,False,True,FP3
0 days 00:21:10.068000,LEC,16,0 days 00:01:16.505000,5.0,1.0,,,0 days 00:00:19.766000,0 days 00:00:36.126000,0 days 00:00:20.613000,0 days 00:20:13.329000,0 days 00:20:49.455000,0 days 00:21:10.068000,213.0,188.0,259.0,263.0,False,SOFT,5.0,True,Ferrari,0 days 00:19:53.563000,2026-06-06 10:36:13.922,1,,,,False,True,FP3
0 days 00:22:25.186000,LEC,16,0 days 00:01:15.118000,6.0,1.0,,,0 days 00:00:19.775000,0 days 00:00:35.344000,0 days 00:00:19.999000,0 days 00:21:29.843000,0 days 00:22:05.187000,0 days 00:22:25.186000,205.0,200.0,254.0,268.0,True,SOFT,6.0,True,Ferrari,0 days 00:21:10.068000,2026-06-06 10:37:30.427,1,,,,False,True,FP3
0 days 00:23:41.945000,LEC,16,0 days 00:01:16.759000,7.0,1.0,,,0 days 00:00:20.126000,0 days 00:00:36.314000,0 days 00:00:20.319000,0 days 00:22:45.312000,0 days 00:23:21.626000,0 days 00:23:41.945000,203.0,193.0,255.0,268.0,False,SOFT,7.0,True,Ferrari,0 days 00:22:25.186000,2026-06-06 10:38:45.545,1,,,,False,True,FP3
0 days 00:24:58.052000,LEC,16,0 days 00:01:16.107000,8.0,1.0,,,0 days 00:00:19.836000,0 days 00:00:36.140000,0 days 00:00:20.131000,0 days 00:24:01.781000,0 days 00:24:37.921000,0 days 00:24:58.052000,207.0,197.0,256.0,269.0,False,SOFT,8.0,True,Ferrari,0 days 00:23:41.945000,2026-06-06 10:40:02.304,1,,,,False,True,FP3
0 days 00:26:44.593000,LEC,16,0 days 00:01:46.541000,9.0,1.0,,,0 days 00:00:29.445000,0 days 00:00:51.060000,0 days 00:00:26.036000,0 days 00:25:27.497000,0 days 00:26:18.557000,0 days 00:26:44.593000,146.0,157.0,261.0,236.0,False,SOFT,9.0,True,Ferrari,0 days 00:24:58.052000,2026-06-06 10:41:18.411,1,,,,False,True,FP3
0 days 00:28:21.061000,LEC,16,0 days 00:01:36.468000,10.0,1.0,,,0 days 00:00:20.138000,0 days 00:00:53.797000,0 days 00:00:22.533000,0 days 00:27:04.731000,0 days 00:27:58.528000,0 days 00:28:21.061000,164.0,170.0,262.0,196.0,False,SOFT,10.0,True,Ferrari,0 days 00:26:44.593000,2026-06-06 10:43:04.952,1,,,,False,True,FP3
0 days 00:29:34.809000,LEC,16,0 days 00:01:13.748000,11.0,1.0,,,0 days 00:00:19.492000,0 days 00:00:34.730000,0 days 00:00:19.526000,0 days 00:28:40.553000,0 days 00:29:15.283000,0 days 00:29:34.809000,213.0,201.0,263.0,281.0,True,SOFT,11.0,True,Ferrari,0 days 00:28:21.061000,2026-06-06 10:44:41.420,1,,,,False,True,FP3
0 days 00:31:25.275000,LEC,16,0 days 00:01:50.466000,12.0,1.0,,,0 days 00:00:31.150000,0 days 00:00:54.489000,0 days 00:00:24.827000,0 days 00:30:05.959000,0 days 00:31:00.448000,0 days 00:31:25.275000,64.0,115.0,261.0,251.0,False,SOFT,12.0,True,Ferrari,0 days 00:29:34.809000,2026-06-06 10:45:55.168,1,,,,False,True,FP3
0 days 00:32:39.256000,LEC,16,0 days 00:01:13.981000,13.0,1.0,,,0 days 00:00:19.504000,0 days 00:00:34.744000,0 days 00:00:19.733000,0 days 00:31:44.779000,0 days 00:32:19.523000,0 days 00:32:39.256000,210.0,199.0,263.0,280.0,False,SOFT,13.0,True,Ferrari,0 days 00:31:25.275000,2026-06-06 10:47:45.634,1,,,,False,True,FP3
0 days 00:34:22.442000,LEC,16,0 days 00:01:43.186000,14.0,1.0,,,0 days 00:00:28.366000,0 days 00:00:52.098000,0 days 00:00:22.722000,0 days 00:33:07.622000,0 days 00:33:59.720000,0 days 00:34:22.442000,80.0,139.0,263.0,217.0,False,SOFT,14.0,True,Ferrari,0 days 00:32:39.256000,2026-06-06 10:48:59.615,1,,,,False,True,FP3
0 days 00:35:35.797000,LEC,16,0 days 00:01:13.355000,15.0,1.0,,,0 days 00:00:19.165000,0 days 00:00:34.673000,0 days 00:00:19.517000,0 days 00:34:41.607000,0 days 00:35:16.280000,0 days 00:35:35.797000,213.0,203.0,263.0,280.0,True,SOFT,15.0,True,Ferrari,0 days 00:34:22.442000,2026-06-06 10:50:42.801,1,,,,False,True,FP3
0 days 00:37:20.646000,LEC,16,0 days 00:01:44.849000,16.0,1.0,,,0 days 00:00:28.643000,0 days 00:00:53.145000,0 days 00:00:23.061000,0 days 00:36:04.440000,0 days 00:36:57.585000,0 days 00:37:20.646000,72.0,141.0,262.0,218.0,False,SOFT,16.0,True,Ferrari,0 days 00:35:35.797000,2026-06-06 10:51:56.156,1,,,,False,True,FP3
0 days 00:39:17.357000,LEC,16,0 days 00:01:56.711000,17.0,1.0,,0 days 00:38:38.866000,0 days 00:00:20.015000,0 days 00:00:43.273000,0 days 00:00:53.423000,0 days 00:37:40.661000,0 days 00:38:23.934000,0 days 00:39:17.357000,167.0,177.0,,190.0,False,SOFT,17.0,True,Ferrari,0 days 00:37:20.646000,2026-06-06 10:53:41.005,1,,,,False,False,FP3
0 days 00:40:47.295000,LEC,16,0 days 00:01:29.938000,18.0,2.0,0 days 00:39:18.101000,,0 days 00:00:26.493000,0 days 00:00:42.754000,0 days 00:00:20.691000,0 days 00:39:43.850000,0 days 00:40:26.604000,0 days 00:40:47.295000,172.0,181.0,263.0,252.0,False,SOFT,18.0,False,Ferrari,0 days 00:39:17.357000,2026-06-06 10:55:37.716,1,,,,False,False,FP3
0 days 00:42:10.678000,LEC,16,0 days 00:01:23.383000,19.0,2.0,,,0 days 00:00:19.355000,0 days 00:00:43.100000,0 days 00:00:20.928000,0 days 00:41:06.650000,0 days 00:41:49.750000,0 days 00:42:10.678000,215.0,178.0,263.0,181.0,False,SOFT,19.0,False,Ferrari,0 days 00:40:47.295000,2026-06-06 10:57:07.654,12,,,,False,True,FP3
0 days 00:43:24.072000,LEC,16,0 days 00:01:13.394000,20.0,2.0,,,0 days 00:00:19.329000,0 days 00:00:34.576000,0 days 00:00:19.489000,0 days 00:42:30.007000,0 days 00:43:04.583000,0 days 00:43:24.072000,217.0,202.0,263.0,280.0,False,SOFT,20.0,False,Ferrari,0 days 00:42:10.678000,2026-06-06 10:58:31.037,1,,,,False,True,FP3
0 days 00:51:01.839000,LEC,16,,21.0,2.0,,0 days 00:44:49.902000,0 days 00:00:25.073000,0 days 00:00:43.883000,,0 days 00:43:49.446000,0 days 00:44:33.375000,,155.0,150.0,,224.0,False,SOFT,21.0,False,Ferrari,0 days 00:43:24.072000,2026-06-06 10:59:44.431,1,,,,False,False,FP3
0 days 00:52:31.334000,LEC,16,0 days 00:01:29.495000,22.0,3.0,0 days 00:51:02.872000,,0 days 00:00:29.837000,0 days 00:00:38.315000,0 days 00:00:21.343000,0 days 00:51:31.676000,0 days 00:52:09.991000,0 days 00:52:31.334000,178.0,179.0,262.0,248.0,False,SOFT,1.0,True,Ferrari,0 days 00:51:01.839000,2026-06-06 11:07:22.198,1,,,,False,False,FP3
0 days 00:53:50.518000,LEC,16,0 days 00:01:19.184000,23.0,3.0,,,0 days 00:00:20.072000,0 days 00:00:38.771000,0 days 00:00:20.341000,0 days 00:52:51.406000,0 days 00:53:30.177000,0 days 00:53:50.518000,203.0,193.0,262.0,278.0,False,SOFT,2.0,True,Ferrari,0 days 00:52:31.334000,2026-06-06 11:08:51.693,1,,,,False,True,FP3
0 days 00:55:06.419000,LEC,16,0 days 00:01:15.901000,24.0,3.0,,,0 days 00:00:19.112000,0 days 00:00:34.429000,0 days 00:00:22.360000,0 days 00:54:09.630000,0 days 00:54:44.059000,0 days 00:55:06.419000,215.0,198.0,258.0,280.0,False,SOFT,3.0,True,Ferrari,0 days 00:53:50.518000,2026-06-06 11:10:10.877,1,,,,False,True,FP3
0 days 00:56:51.222000,LEC,16,0 days 00:01:44.803000,25.0,3.0,,,0 days 00:00:30.135000,0 days 00:00:48.590000,0 days 00:00:26.078000,0 days 00:55:36.554000,0 days 00:56:25.144000,0 days 00:56:51.222000,68.0,107.0,262.0,245.0,False,SOFT,4.0,True,Ferrari,0 days 00:55:06.419000,2026-06-06 11:11:26.778,1,,,,False,True,FP3
0 days 00:58:04.269000,LEC,16,0 days 00:01:13.047000,26.0,3.0,,,0 days 00:00:19.186000,0 days 00:00:34.386000,0 days 00:00:19.475000,0 days 00:57:10.408000,0 days 00:57:44.794000,0 days 00:58:04.269000,218.0,203.0,263.0,281.0,True,SOFT,5.0,True,Ferrari,0 days 00:56:51.222000,2026-06-06 11:13:11.581,1,,,,False,True,FP3
0 days 01:10:38.568000,LEC,16,,27.0,3.0,,0 days 00:59:53.697000,0 days 00:00:38.853000,,,0 days 00:58:43.278000,,,111.0,,,,False,SOFT,6.0,True,Ferrari,0 days 00:58:04.269000,2026-06-06 11:14:24.628,125,,,,False,False,FP3
0 days 01:12:14.477000,LEC,16,0 days 00:01:35.909000,28.0,4.0,0 days 01:10:39.908000,,0 days 00:00:32.984000,0 days 00:00:40.035000,0 days 00:00:22.890000,0 days 01:11:11.552000,0 days 01:11:51.587000,0 days 01:12:14.477000,164.0,177.0,262.0,248.0,False,SOFT,7.0,False,Ferrari,0 days 01:10:39.908000,2026-06-06 11:27:00.267,1,,,,False,False,FP3
0 days 01:13:32.381000,LEC,16,0 days 00:01:17.904000,29.0,4.0,,,0 days 00:00:19.525000,0 days 00:00:34.714000,0 days 00:00:23.665000,0 days 01:12:34.002000,0 days 01:13:08.716000,0 days 01:13:32.381000,210.0,198.0,261.0,280.0,False,SOFT,8.0,False,Ferrari,0 days 01:12:14.477000,2026-06-06 11:28:34.836,1,,,,False,True,FP3
0 days 01:14:47.694000,LEC,16,0 days 00:01:15.313000,30.0,4.0,,,0 days 00:00:19.205000,0 days 00:00:36.410000,0 days 00:00:19.698000,0 days 01:13:51.586000,0 days 01:14:27.996000,0 days 01:14:47.694000,219.0,197.0,263.0,280.0,False,SOFT,9.0,False,Ferrari,0 days 01:13:32.381000,2026-06-06 11:29:52.740,1,,,,False,True,FP3
0 days 01:17:07.678000,LEC,16,0 days 00:02:19.984000,31.0,4.0,,,0 days 00:00:25.574000,0 days 00:00:43.573000,0 days 00:01:10.837000,0 days 01:15:13.268000,0 days 01:15:56.841000,0 days 01:17:07.678000,137.0,124.0,197.0,270.0,False,SOFT,10.0,False,Ferrari,0 days 01:14:47.694000,2026-06-06 11:31:08.053,1,,,,False,True,FP3
0 days 01:18:24.906000,LEC,16,,32.0,4.0,,0 days 01:18:24.906000,0 days 00:00:23.135000,0 days 00:00:37.838000,,0 days 01:17:31.024000,0 days 01:18:08.799000,,183.0,136.0,,267.0,False,SOFT,11.0,False,Ferrari,0 days 01:17:07.678000,2026-06-06 11:33:28.037,1,,,,False,False,FP3
0 days 00:15:58.003000,STR,18,0 days 00:01:34.714000,1.0,1.0,0 days 00:14:23.998000,,0 days 00:00:31.019000,0 days 00:00:40.573000,0 days 00:00:23.122000,0 days 00:14:54.515000,0 days 00:15:35.188000,0 days 00:15:58.117000,159.0,167.0,245.0,256.0,False,SOFT,1.0,True,Aston Martin,0 days 00:14:23.998000,2026-06-06 10:30:44.357,1,,,,False,False,FP3
0 days 00:17:26.069000,STR,18,0 days 00:01:28.066000,2.0,1.0,,,0 days 00:00:22.515000,0 days 00:00:43.040000,0 days 00:00:22.511000,0 days 00:16:20.518000,0 days 00:17:03.558000,0 days 00:17:26.069000,173.0,166.0,254.0,252.0,True,SOFT,2.0,True,Aston Martin,0 days 00:15:58.003000,2026-06-06 10:32:18.362,1,,,,False,True,FP3
0 days 00:18:43.843000,STR,18,0 days 00:01:17.774000,3.0,1.0,,,0 days 00:00:20.657000,0 days 00:00:36.540000,0 days 00:00:20.577000,0 days 00:17:46.726000,0 days 00:18:23.266000,0 days 00:18:43.843000,207.0,189.0,255.0,269.0,True,SOFT,3.0,True,Aston Martin,0 days 00:17:26.069000,2026-06-06 10:33:46.428,1,,,,False,True,FP3
0 days 00:20:01.572000,STR,18,0 days 00:01:17.729000,4.0,1.0,,,0 days 00:00:20.342000,0 days 00:00:36.717000,0 days 00:00:20.670000,0 days 00:19:04.185000,0 days 00:19:40.902000,0 days 00:20:01.572000,208.0,188.0,255.0,270.0,True,SOFT,4.0,True,Aston Martin,0 days 00:18:43.843000,2026-06-06 10:35:04.202,1,,,,False,True,FP3
0 days 00:21:46.249000,STR,18,0 days 00:01:44.677000,5.0,1.0,,,0 days 00:00:32.984000,0 days 00:00:47.320000,0 days 00:00:24.373000,0 days 00:20:34.556000,0 days 00:21:21.876000,0 days 00:21:46.249000,134.0,130.0,253.0,223.0,False,SOFT,5.0,True,Aston Martin,0 days 00:20:01.572000,2026-06-06 10:36:21.931,1,,,,False,True,FP3
0 days 00:23:03.583000,STR,18,0 days 00:01:17.334000,6.0,1.0,,,0 days 00:00:20.524000,0 days 00:00:36.253000,0 days 00:00:20.557000,0 days 00:22:06.773000,0 days 00:22:43.026000,0 days 00:23:03.583000,210.0,190.0,255.0,271.0,True,SOFT,6.0,True,Aston Martin,0 days 00:21:46.249000,2026-06-06 10:38:06.608,1,,,,False,True,FP3
0 days 00:24:39.564000,STR,18,0 days 00:01:35.981000,7.0,1.0,,,0 days 00:00:26.701000,0 days 00:00:42.859000,0 days 00:00:26.421000,0 days 00:23:30.284000,0 days 00:24:13.143000,0 days 00:24:39.564000,73.0,164.0,246.0,259.0,False,SOFT,7.0,True,Aston Martin,0 days 00:23:03.583000,2026-06-06 10:39:23.942,1,,,,False,True,FP3
0 days 00:32:07.913000,STR,18,,8.0,1.0,,0 days 00:26:02.320000,0 days 00:00:20.644000,0 days 00:00:42.295000,,0 days 00:25:00.491000,0 days 00:25:42.819000,,207.0,134.0,,240.0,False,SOFT,8.0,True,Aston Martin,0 days 00:24:39.564000,2026-06-06 10:40:59.923,1,,,,False,False,FP3
0 days 00:33:41.752000,STR,18,0 days 00:01:33.839000,9.0,2.0,0 days 00:32:08.702000,,0 days 00:00:29.403000,0 days 00:00:41.898000,0 days 00:00:22.538000,0 days 00:32:37.316000,0 days 00:33:19.214000,0 days 00:33:41.752000,157.0,173.0,250.0,248.0,False,SOFT,9.0,False,Aston Martin,0 days 00:32:07.913000,2026-06-06 10:48:28.272,1,,,,False,False,FP3
0 days 00:34:58.978000,STR,18,0 days 00:01:17.226000,10.0,2.0,,,0 days 00:00:20.424000,0 days 00:00:36.377000,0 days 00:00:20.425000,0 days 00:34:02.176000,0 days 00:34:38.553000,0 days 00:34:58.978000,206.0,187.0,254.0,269.0,True,SOFT,10.0,False,Aston Martin,0 days 00:33:41.752000,2026-06-06 10:50:02.111,1,,,,False,True,FP3
0 days 00:36:33.447000,STR,18,0 days 00:01:34.469000,11.0,2.0,,,0 days 00:00:24.003000,0 days 00:00:47.669000,0 days 00:00:22.797000,0 days 00:35:22.981000,0 days 00:36:10.650000,0 days 00:36:33.447000,100.0,160.0,254.0,239.0,False,SOFT,11.0,False,Aston Martin,0 days 00:34:58.978000,2026-06-06 10:51:19.337,1,,,,False,True,FP3
0 days 00:38:13.282000,STR,18,0 days 00:01:39.835000,12.0,2.0,,,0 days 00:00:23.715000,0 days 00:00:46.433000,0 days 00:00:29.687000,0 days 00:36:57.162000,0 days 00:37:43.595000,0 days 00:38:13.282000,78.0,167.0,252.0,260.0,False,SOFT,12.0,False,Aston Martin,0 days 00:36:33.447000,2026-06-06 10:52:53.806,1,,,,False,True,FP3
0 days 00:51:17.383000,STR,18,,13.0,2.0,,0 days 00:39:42.134000,0 days 00:00:22.212000,0 days 00:00:48.469000,,0 days 00:38:35.773000,0 days 00:39:24.145000,,148.0,145.0,,237.0,False,SOFT,13.0,False,Aston Martin,0 days 00:38:13.282000,2026-06-06 10:54:33.641,12,,,,False,False,FP3
0 days 00:52:45.305000,STR,18,0 days 00:01:27.922000,14.0,3.0,0 days 00:51:18.185000,,0 days 00:00:26.904000,0 days 00:00:38.919000,0 days 00:00:22.099000,0 days 00:51:44.287000,0 days 00:52:23.206000,0 days 00:52:45.305000,173.0,177.0,244.0,258.0,False,SOFT,1.0,True,Aston Martin,0 days 00:51:17.383000,2026-06-06 11:07:37.742,1,,,,False,False,FP3
0 days 00:54:08.365000,STR,18,0 days 00:01:23.060000,15.0,3.0,,,0 days 00:00:21.421000,0 days 00:00:39.089000,0 days 00:00:22.550000,0 days 00:53:06.726000,0 days 00:53:45.815000,0 days 00:54:08.365000,190.0,173.0,255.0,258.0,False,SOFT,2.0,True,Aston Martin,0 days 00:52:45.305000,2026-06-06 11:09:05.664,1,,,,False,True,FP3
0 days 00:55:24.720000,STR,18,0 days 00:01:16.355000,16.0,3.0,,,0 days 00:00:20.250000,0 days 00:00:35.916000,0 days 00:00:20.189000,0 days 00:54:28.615000,0 days 00:55:04.531000,0 days 00:55:24.720000,207.0,194.0,258.0,274.0,True,SOFT,3.0,True,Aston Martin,0 days 00:54:08.365000,2026-06-06 11:10:28.724,1,,,,False,True,FP3
0 days 00:56:59.345000,STR,18,0 days 00:01:34.625000,17.0,3.0,,,0 days 00:00:26.585000,0 days 00:00:39.985000,0 days 00:00:28.055000,0 days 00:55:51.305000,0 days 00:56:31.290000,0 days 00:56:59.345000,166.0,177.0,255.0,259.0,False,SOFT,4.0,True,Aston Martin,0 days 00:55:24.720000,2026-06-06 11:11:45.079,1,,,,False,True,FP3
0 days 00:58:15.266000,STR,18,0 days 00:01:15.921000,18.0,3.0,,,0 days 00:00:20.072000,0 days 00:00:35.750000,0 days 00:00:20.099000,0 days 00:57:19.417000,0 days 00:57:55.167000,0 days 00:58:15.266000,210.0,192.0,259.0,276.0,True,SOFT,5.0,True,Aston Martin,0 days 00:56:59.345000,2026-06-06 11:13:19.704,1,,,,False,True,FP3
0 days 01:10:19.653000,STR,18,,19.0,3.0,,0 days 00:59:59.447000,,,,,,,,,,,False,SOFT,6.0,True,Aston Martin,0 days 00:58:15.266000,2026-06-06 11:14:35.625,125,,,,False,False,FP3
0 days 01:11:53.891000,STR,18,0 days 00:01:34.238000,20.0,4.0,0 days 01:10:20.834000,,0 days 00:00:32.267000,0 days 00:00:39.885000,0 days 00:00:22.086000,0 days 01:10:51.920000,0 days 01:11:31.805000,0 days 01:11:53.891000,163.0,171.0,256.0,254.0,False,SOFT,7.0,False,Aston Martin,0 days 01:10:20.834000,2026-06-06 11:26:41.193,1,,,,False,False,FP3
0 days 01:13:13.933000,STR,18,0 days 00:01:20.042000,21.0,4.0,,,0 days 00:00:20.483000,0 days 00:00:36.343000,0 days 00:00:23.216000,0 days 01:12:14.374000,0 days 01:12:50.717000,0 days 01:13:13.933000,202.0,190.0,256.0,272.0,False,SOFT,8.0,False,Aston Martin,0 days 01:11:53.891000,2026-06-06 11:28:14.250,1,,,,False,True,FP3
0 days 01:14:28.413000,STR,18,,22.0,4.0,,0 days 01:14:28.413000,0 days 00:00:19.995000,0 days 00:00:35.886000,,0 days 01:13:34.070000,0 days 01:14:09.937000,,208.0,192.0,,276.0,False,SOFT,9.0,False,Aston Martin,0 days 01:13:13.933000,2026-06-06 11:29:34.292,1,,,,False,False,FP3
0 days 00:27:16.805000,ALB,23,0 days 00:01:33.749000,1.0,1.0,0 days 00:25:43.835000,,0 days 00:00:27.702000,0 days 00:00:42.174000,0 days 00:00:23.873000,0 days 00:26:11.132000,0 days 00:26:53.234000,0 days 00:27:16.984000,116.0,172.0,246.0,261.0,False,SOFT,1.0,True,Williams,0 days 00:25:43.835000,2026-06-06 10:42:04.194,1,,,,False,False,FP3
0 days 00:28:38.175000,ALB,23,0 days 00:01:21.370000,2.0,1.0,,,0 days 00:00:21.107000,0 days 00:00:38.934000,0 days 00:00:21.329000,0 days 00:27:37.912000,0 days 00:28:16.846000,0 days 00:28:38.175000,186.0,170.0,263.0,240.0,True,SOFT,2.0,True,Williams,0 days 00:27:16.805000,2026-06-06 10:43:37.164,1,,,,False,True,FP3
0 days 00:29:53.668000,ALB,23,0 days 00:01:15.493000,3.0,1.0,,,0 days 00:00:19.834000,0 days 00:00:35.714000,0 days 00:00:19.945000,0 days 00:28:58.009000,0 days 00:29:33.723000,0 days 00:29:53.668000,208.0,190.0,264.0,279.0,True,SOFT,3.0,True,Williams,0 days 00:28:38.175000,2026-06-06 10:44:58.534,1,,,,False,True,FP3
0 days 00:31:33.644000,ALB,23,0 days 00:01:39.976000,4.0,1.0,,,0 days 00:00:20.873000,0 days 00:00:57.002000,0 days 00:00:22.101000,0 days 00:30:14.541000,0 days 00:31:11.543000,0 days 00:31:33.644000,135.0,157.0,263.0,242.0,False,SOFT,4.0,True,Williams,0 days 00:29:53.668000,2026-06-06 10:46:14.027,1,,,,False,True,FP3
0 days 00:32:48.889000,ALB,23,0 days 00:01:15.245000,5.0,1.0,,,0 days 00:00:19.837000,0 days 00:00:35.409000,0 days 00:00:19.999000,0 days 00:31:53.481000,0 days 00:32:28.890000,0 days 00:32:48.889000,208.0,195.0,264.0,282.0,True,SOFT,5.0,True,Williams,0 days 00:31:33.644000,2026-06-06 10:47:54.003,1,,,,False,True,FP3
0 days 00:34:33.503000,ALB,23,0 days 00:01:44.614000,6.0,1.0,,,0 days 00:00:30.079000,0 days 00:00:53.149000,0 days 00:00:21.386000,0 days 00:33:18.968000,0 days 00:34:12.117000,0 days 00:34:33.503000,103.0,165.0,264.0,182.0,False,SOFT,6.0,True,Williams,0 days 00:32:48.889000,2026-06-06 10:49:09.248,1,,,,False,True,FP3
0 days 00:36:00.128000,ALB,23,0 days 00:01:26.625000,7.0,1.0,,,0 days 00:00:20.493000,0 days 00:00:43.284000,0 days 00:00:22.848000,0 days 00:34:53.996000,0 days 00:35:37.280000,0 days 00:36:00.128000,175.0,166.0,264.0,225.0,False,SOFT,7.0,True,Williams,0 days 00:34:33.503000,2026-06-06 10:50:53.862,1,,,,False,True,FP3
0 days 00:37:14.929000,ALB,23,0 days 00:01:14.801000,8.0,1.0,,,0 days 00:00:19.808000,0 days 00:00:35.159000,0 days 00:00:19.834000,0 days 00:36:19.936000,0 days 00:36:55.095000,0 days 00:37:14.929000,211.0,190.0,264.0,281.0,True,SOFT,8.0,True,Williams,0 days 00:36:00.128000,2026-06-06 10:52:20.487,1,,,,False,True,FP3
0 days 00:38:54.014000,ALB,23,0 days 00:01:39.085000,9.0,1.0,,,0 days 00:00:26.488000,0 days 00:00:49.887000,0 days 00:00:22.710000,0 days 00:37:41.417000,0 days 00:38:31.304000,0 days 00:38:54.014000,115.0,158.0,265.0,250.0,False,SOFT,9.0,True,Williams,0 days 00:37:14.929000,2026-06-06 10:53:35.288,1,,,,False,True,FP3
0 days 00:40:14.914000,ALB,23,0 days 00:01:20.900000,10.0,1.0,,,0 days 00:00:19.808000,0 days 00:00:35.954000,0 days 00:00:25.138000,0 days 00:39:13.822000,0 days 00:39:49.776000,0 days 00:40:14.914000,210.0,130.0,219.0,282.0,False,SOFT,10.0,True,Williams,0 days 00:38:54.014000,2026-06-06 10:55:14.373,1,,,,False,True,FP3
0 days 00:42:00.596000,ALB,23,0 days 00:01:45.682000,11.0,1.0,,,0 days 00:00:27.906000,0 days 00:00:56.161000,0 days 00:00:21.615000,0 days 00:40:42.820000,0 days 00:41:38.981000,0 days 00:42:00.596000,98.0,169.0,264.0,236.0,False,SOFT,11.0,True,Williams,0 days 00:40:14.914000,2026-06-06 10:56:35.273,12,,,,False,True,FP3
0 days 00:43:15.685000,ALB,23,0 days 00:01:15.089000,12.0,1.0,,,0 days 00:00:19.823000,0 days 00:00:35.292000,0 days 00:00:19.974000,0 days 00:42:20.419000,0 days 00:42:55.711000,0 days 00:43:15.685000,210.0,194.0,265.0,282.0,False,SOFT,12.0,True,Williams,0 days 00:42:00.596000,2026-06-06 10:58:20.955,1,,,,False,True,FP3
0 days 00:44:54.987000,ALB,23,0 days 00:01:39.302000,13.0,1.0,,,0 days 00:00:30.248000,0 days 00:00:46.485000,0 days 00:00:22.569000,0 days 00:43:45.933000,0 days 00:44:32.418000,0 days 00:44:54.987000,66.0,148.0,265.0,248.0,False,SOFT,13.0,True,Williams,0 days 00:43:15.685000,2026-06-06 10:59:36.044,1,,,,False,True,FP3
0 days 00:46:22.670000,ALB,23,0 days 00:01:27.683000,14.0,1.0,,,0 days 00:00:19.744000,0 days 00:00:39.610000,0 days 00:00:28.329000,0 days 00:45:14.731000,0 days 00:45:54.341000,0 days 00:46:22.670000,208.0,139.0,190.0,282.0,False,SOFT,14.0,True,Williams,0 days 00:44:54.987000,2026-06-06 11:01:15.346,1,,,,False,True,FP3
0 days 00:47:56.612000,ALB,23,0 days 00:01:33.942000,15.0,1.0,,,0 days 00:00:27.957000,0 days 00:00:44.177000,0 days 00:00:21.808000,0 days 00:46:50.627000,0 days 00:47:34.804000,0 days 00:47:56.612000,145.0,168.0,264.0,230.0,False,SOFT,15.0,True,Williams,0 days 00:46:22.670000,2026-06-06 11:02:43.029,1,,,,False,True,FP3
0 days 00:55:11.946000,ALB,23,,16.0,1.0,,0 days 00:49:40.137000,0 days 00:00:47.304000,0 days 00:00:40.660000,,0 days 00:48:44.232000,0 days 00:49:24.872000,,165.0,165.0,,251.0,False,SOFT,16.0,True,Williams,0 days 00:47:56.612000,2026-06-06 11:04:16.971,1,,,,False,False,FP3
0 days 00:56:45.200000,ALB,23,0 days 00:01:33.254000,17.0,2.0,0 days 00:55:12.532000,,0 days 00:00:27.536000,0 days 00:00:40.397000,0 days 00:00:25.321000,0 days 00:55:39.482000,0 days 00:56:19.879000,0 days 00:56:45.200000,171.0,173.0,258.0,243.0,False,SOFT,1.0,True,Williams,0 days 00:55:11.946000,2026-06-06 11:11:32.305,1,,,,False,False,FP3
0 days 00:58:12.771000,ALB,23,0 days 00:01:27.571000,18.0,2.0,,,0 days 00:00:21.223000,0 days 00:00:44.947000,0 days 00:00:21.401000,0 days 00:57:06.423000,0 days 00:57:51.370000,0 days 00:58:12.771000,171.0,179.0,266.0,231.0,False,SOFT,2.0,True,Williams,0 days 00:56:45.200000,2026-06-06 11:13:05.559,1,,,,False,True,FP3
0 days 01:10:34.820000,ALB,23,,19.0,2.0,,0 days 00:59:50.369000,0 days 00:00:29.017000,,,0 days 00:58:41.809000,,,119.0,,,,False,SOFT,3.0,True,Williams,0 days 00:58:12.771000,2026-06-06 11:14:33.130,125,,,,False,False,FP3
0 days 01:12:06.915000,ALB,23,0 days 00:01:32.095000,20.0,3.0,0 days 01:10:36.053000,,0 days 00:00:31.070000,0 days 00:00:39.730000,0 days 00:00:21.295000,0 days 01:11:05.890000,0 days 01:11:45.620000,0 days 01:12:06.915000,162.0,174.0,262.0,250.0,False,SOFT,4.0,False,Williams,0 days 01:10:36.053000,2026-06-06 11:26:56.412,1,,,,False,False,FP3
0 days 01:13:26.144000,ALB,23,0 days 00:01:19.229000,21.0,3.0,,,0 days 00:00:20.427000,0 days 00:00:38.123000,0 days 00:00:20.679000,0 days 01:12:27.342000,0 days 01:13:05.465000,0 days 01:13:26.144000,194.0,181.0,265.0,240.0,False,SOFT,5.0,False,Williams,0 days 01:12:06.915000,2026-06-06 11:28:27.274,1,,,,False,True,FP3
0 days 01:15:32.338000,ALB,23,0 days 00:02:06.194000,22.0,3.0,,,0 days 00:00:54.720000,0 days 00:00:36.921000,0 days 00:00:34.553000,0 days 01:14:20.864000,0 days 01:14:57.785000,0 days 01:15:32.338000,175.0,180.0,78.0,281.0,False,SOFT,6.0,False,Williams,0 days 01:13:26.144000,2026-06-06 11:29:46.503,1,,,,False,True,FP3
0 days 01:17:31.008000,ALB,23,0 days 00:01:58.670000,23.0,3.0,,,0 days 00:00:23.272000,0 days 00:00:37.850000,0 days 00:00:57.548000,0 days 01:15:55.610000,0 days 01:16:33.460000,0 days 01:17:31.008000,197.0,133.0,137.0,255.0,False,SOFT,7.0,False,Williams,0 days 01:15:32.338000,2026-06-06 11:31:52.697,1,,,,False,True,FP3
0 days 01:18:45.435000,ALB,23,,24.0,3.0,,0 days 01:18:45.435000,0 days 00:00:23.080000,0 days 00:00:37.412000,,0 days 01:17:54.270000,0 days 01:18:31.654000,,185.0,180.0,,248.0,False,SOFT,8.0,False,Williams,0 days 01:17:31.008000,2026-06-06 11:33:51.367,1,,,,False,False,FP3
0 days 00:24:28.137000,HUL,27,0 days 00:01:34.735000,1.0,1.0,0 days 00:22:54.101000,,0 days 00:00:27.278000,0 days 00:00:43.576000,0 days 00:00:23.881000,0 days 00:23:20.867000,0 days 00:24:04.555000,0 days 00:24:28.336000,107.0,170.0,263.0,238.0,False,SOFT,1.0,True,Audi,0 days 00:22:54.101000,2026-06-06 10:39:14.460,1,,,,False,False,FP3
0 days 00:25:51.254000,HUL,27,0 days 00:01:23.117000,2.0,1.0,,,0 days 00:00:21.033000,0 days 00:00:36.926000,0 days 00:00:25.158000,0 days 00:24:49.170000,0 days 00:25:26.096000,0 days 00:25:51.254000,185.0,181.0,255.0,279.0,True,SOFT,2.0,True,Audi,0 days 00:24:28.137000,2026-06-06 10:40:48.496,1,,,,False,True,FP3
0 days 00:27:06.237000,HUL,27,0 days 00:01:14.983000,3.0,1.0,,,0 days 00:00:20.004000,0 days 00:00:35.251000,0 days 00:00:19.728000,0 days 00:26:11.258000,0 days 00:26:46.509000,0 days 00:27:06.237000,207.0,199.0,266.0,282.0,True,SOFT,3.0,True,Audi,0 days 00:25:51.254000,2026-06-06 10:42:11.613,1,,,,False,True,FP3
0 days 00:28:47.462000,HUL,27,0 days 00:01:41.225000,4.0,1.0,,,0 days 00:00:27.470000,0 days 00:00:49.123000,0 days 00:00:24.632000,0 days 00:27:33.707000,0 days 00:28:22.830000,0 days 00:28:47.462000,109.0,169.0,264.0,172.0,False,SOFT,4.0,True,Audi,0 days 00:27:06.237000,2026-06-06 10:43:26.596,1,,,,False,True,FP3
0 days 00:30:02.115000,HUL,27,0 days 00:01:14.653000,5.0,1.0,,,0 days 00:00:19.800000,0 days 00:00:35.108000,0 days 00:00:19.745000,0 days 00:29:07.262000,0 days 00:29:42.370000,0 days 00:30:02.115000,214.0,200.0,265.0,281.0,True,SOFT,5.0,True,Audi,0 days 00:28:47.462000,2026-06-06 10:45:07.821,1,,,,False,True,FP3
0 days 00:31:45.681000,HUL,27,0 days 00:01:43.566000,6.0,1.0,,,0 days 00:00:29.307000,0 days 00:00:50.458000,0 days 00:00:23.801000,0 days 00:30:31.422000,0 days 00:31:21.880000,0 days 00:31:45.681000,99.0,138.0,263.0,176.0,False,SOFT,6.0,True,Audi,0 days 00:30:02.115000,2026-06-06 10:46:22.474,1,,,,False,True,FP3
0 days 00:33:00.140000,HUL,27,0 days 00:01:14.459000,7.0,1.0,,,0 days 00:00:19.698000,0 days 00:00:35.125000,0 days 00:00:19.636000,0 days 00:32:05.379000,0 days 00:32:40.504000,0 days 00:33:00.140000,214.0,197.0,265.0,282.0,True,SOFT,7.0,True,Audi,0 days 00:31:45.681000,2026-06-06 10:48:06.040,1,,,,False,True,FP3
0 days 00:34:46.364000,HUL,27,0 days 00:01:46.224000,8.0,1.0,,,0 days 00:00:29.107000,0 days 00:00:50.975000,0 days 00:00:26.142000,0 days 00:33:29.247000,0 days 00:34:20.222000,0 days 00:34:46.364000,81.0,123.0,233.0,206.0,False,SOFT,8.0,True,Audi,0 days 00:33:00.140000,2026-06-06 10:49:20.499,1,,,,False,True,FP3
0 days 00:36:15.412000,HUL,27,0 days 00:01:29.048000,9.0,1.0,,,0 days 00:00:22.271000,0 days 00:00:41.314000,0 days 00:00:25.463000,0 days 00:35:08.635000,0 days 00:35:49.949000,0 days 00:36:15.412000,185.0,179.0,264.0,259.0,False,SOFT,9.0,True,Audi,0 days 00:34:46.364000,2026-06-06 10:51:06.723,1,,,,False,True,FP3
0 days 00:37:30.238000,HUL,27,0 days 00:01:14.826000,10.0,1.0,,,0 days 00:00:19.828000,0 days 00:00:35.168000,0 days 00:00:19.830000,0 days 00:36:35.240000,0 days 00:37:10.408000,0 days 00:37:30.238000,207.0,197.0,264.0,282.0,False,SOFT,10.0,True,Audi,0 days 00:36:15.412000,2026-06-06 10:52:35.771,1,,,,False,True,FP3
0 days 00:51:30.445000,HUL,27,,11.0,1.0,,0 days 00:38:50.007000,0 days 00:00:23.835000,0 days 00:00:40.661000,,0 days 00:37:54.304000,0 days 00:38:34.960000,,145.0,171.0,,254.0,False,SOFT,11.0,True,Audi,0 days 00:37:30.238000,2026-06-06 10:53:50.597,12,,,,False,False,FP3
0 days 00:53:01.731000,HUL,27,0 days 00:01:31.286000,12.0,2.0,0 days 00:51:31.731000,,0 days 00:00:30.362000,0 days 00:00:38.582000,0 days 00:00:22.342000,0 days 00:52:00.807000,0 days 00:52:39.389000,0 days 00:53:01.731000,172.0,181.0,265.0,267.0,False,SOFT,1.0,True,Audi,0 days 00:51:30.445000,2026-06-06 11:07:50.804,1,,,,False,False,FP3
0 days 00:54:23.736000,HUL,27,0 days 00:01:22.005000,13.0,2.0,,,0 days 00:00:20.232000,0 days 00:00:36.684000,0 days 00:00:25.089000,0 days 00:53:21.963000,0 days 00:53:58.647000,0 days 00:54:23.736000,199.0,166.0,264.0,282.0,False,SOFT,2.0,True,Audi,0 days 00:53:01.731000,2026-06-06 11:09:22.090,1,,,,False,True,FP3
0 days 00:55:37.954000,HUL,27,0 days 00:01:14.218000,14.0,2.0,,,0 days 00:00:19.669000,0 days 00:00:34.818000,0 days 00:00:19.731000,0 days 00:54:43.405000,0 days 00:55:18.223000,0 days 00:55:37.954000,205.0,197.0,265.0,283.0,True,SOFT,3.0,True,Audi,0 days 00:54:23.736000,2026-06-06 11:10:44.095,1,,,,False,True,FP3
0 days 00:57:23.287000,HUL,27,0 days 00:01:45.333000,15.0,2.0,,,0 days 00:00:30.880000,0 days 00:00:50.359000,0 days 00:00:24.094000,0 days 00:56:08.834000,0 days 00:56:59.193000,0 days 00:57:23.287000,124.0,138.0,264.0,179.0,False,SOFT,4.0,True,Audi,0 days 00:55:37.954000,2026-06-06 11:11:58.313,1,,,,False,True,FP3
0 days 00:58:37.337000,HUL,27,0 days 00:01:14.050000,16.0,2.0,,,0 days 00:00:19.652000,0 days 00:00:34.929000,0 days 00:00:19.469000,0 days 00:57:42.939000,0 days 00:58:17.868000,0 days 00:58:37.337000,214.0,199.0,266.0,282.0,True,SOFT,5.0,True,Audi,0 days 00:57:23.287000,2026-06-06 11:13:43.646,12,,,,False,True,FP3
0 days 01:09:57.176000,HUL,27,,17.0,2.0,,0 days 01:00:20.057000,,,,,,,,,,,False,SOFT,6.0,True,Audi,0 days 00:58:37.337000,2026-06-06 11:14:57.696,251,,,,False,False,FP3
0 days 01:11:27.968000,HUL,27,0 days 00:01:30.792000,18.0,3.0,0 days 01:09:58.162000,,0 days 00:00:30.978000,0 days 00:00:38.891000,0 days 00:00:20.923000,0 days 01:10:28.154000,0 days 01:11:07.045000,0 days 01:11:27.968000,161.0,181.0,265.0,267.0,False,SOFT,7.0,False,Audi,0 days 01:09:58.162000,2026-06-06 11:26:18.521,1,,,,False,False,FP3
0 days 01:12:49.422000,HUL,27,0 days 00:01:21.454000,19.0,3.0,,,0 days 00:00:20.053000,0 days 00:00:36.229000,0 days 00:00:25.172000,0 days 01:11:48.021000,0 days 01:12:24.250000,0 days 01:12:49.422000,207.0,178.0,254.0,284.0,False,SOFT,8.0,False,Audi,0 days 01:11:27.968000,2026-06-06 11:27:48.327,1,,,,False,True,FP3
0 days 01:14:03.733000,HUL,27,0 days 00:01:14.311000,20.0,3.0,,,0 days 00:00:19.564000,0 days 00:00:35.155000,0 days 00:00:19.592000,0 days 01:13:08.986000,0 days 01:13:44.141000,0 days 01:14:03.733000,215.0,199.0,265.0,284.0,False,SOFT,9.0,False,Audi,0 days 01:12:49.422000,2026-06-06 11:29:09.781,1,,,,False,True,FP3
0 days 01:16:23.835000,HUL,27,0 days 00:02:20.102000,21.0,3.0,,,0 days 00:00:29.697000,0 days 00:00:44.818000,0 days 00:01:05.587000,0 days 01:14:33.430000,0 days 01:15:18.248000,0 days 01:16:23.835000,124.0,140.0,124.0,221.0,False,SOFT,10.0,False,Audi,0 days 01:14:03.733000,2026-06-06 11:30:24.092,1,,,,False,True,FP3
0 days 01:17:43.656000,HUL,27,,22.0,3.0,,0 days 01:17:43.656000,0 days 00:00:23.526000,0 days 00:00:40.539000,,0 days 01:16:47.529000,0 days 01:17:28.056000,,164.0,160.0,,266.0,False,SOFT,11.0,False,Audi,0 days 01:16:23.835000,2026-06-06 11:32:44.194,1,,,,False,False,FP3
0 days 00:25:32.500000,VER,3,0 days 00:01:28.612000,1.0,1.0,0 days 00:24:04.555000,,0 days 00:00:26.065000,0 days 00:00:40.267000,0 days 00:00:22.280000,0 days 00:24:30.242000,0 days 00:25:10.507000,0 days 00:25:32.585000,170.0,175.0,251.0,259.0,False,SOFT,1.0,True,Red Bull Racing,0 days 00:24:04.555000,2026-06-06 10:40:24.914,1,,,,False,False,FP3
0 days 00:26:52.873000,VER,3,0 days 00:01:20.373000,2.0,1.0,,,0 days 00:00:21.425000,0 days 00:00:38.366000,0 days 00:00:20.582000,0 days 00:25:53.925000,0 days 00:26:32.291000,0 days 00:26:52.873000,184.0,188.0,263.0,270.0,True,SOFT,2.0,True,Red Bull Racing,0 days 00:25:32.500000,2026-06-06 10:41:52.859,1,,,,False,True,FP3
0 days 00:28:07.382000,VER,3,0 days 00:01:14.509000,3.0,1.0,,,0 days 00:00:19.416000,0 days 00:00:35.112000,0 days 00:00:19.981000,0 days 00:27:12.289000,0 days 00:27:47.401000,0 days 00:28:07.382000,213.0,199.0,264.0,282.0,True,SOFT,3.0,True,Red Bull Racing,0 days 00:26:52.873000,2026-06-06 10:43:13.232,1,,,,False,True,FP3
0 days 00:29:21.906000,VER,3,0 days 00:01:14.524000,4.0,1.0,,,0 days 00:00:19.470000,0 days 00:00:35.229000,0 days 00:00:19.825000,0 days 00:28:26.852000,0 days 00:29:02.081000,0 days 00:29:21.906000,213.0,196.0,263.0,281.0,False,SOFT,4.0,True,Red Bull Racing,0 days 00:28:07.382000,2026-06-06 10:44:27.741,1,,,,False,True,FP3
0 days 00:35:58.562000,VER,3,,5.0,1.0,,0 days 00:30:46.013000,0 days 00:00:27.463000,0 days 00:00:41.812000,,0 days 00:29:49.590000,0 days 00:30:31.497000,,84.0,183.0,,269.0,False,SOFT,5.0,True,Red Bull Racing,0 days 00:29:21.906000,2026-06-06 10:45:42.265,1,,,,False,False,FP3
0 days 00:37:27.521000,VER,3,0 days 00:01:28.959000,6.0,2.0,0 days 00:35:59.351000,,0 days 00:00:27.752000,0 days 00:00:39.279000,0 days 00:00:21.928000,0 days 00:36:26.314000,0 days 00:37:05.593000,0 days 00:37:27.521000,110.0,183.0,259.0,273.0,False,SOFT,6.0,False,Red Bull Racing,0 days 00:35:58.562000,2026-06-06 10:52:18.921,1,,,,False,False,FP3
0 days 00:38:51.041000,VER,3,0 days 00:01:23.520000,7.0,2.0,,,0 days 00:00:21.552000,0 days 00:00:38.243000,0 days 00:00:23.725000,0 days 00:37:49.073000,0 days 00:38:27.316000,0 days 00:38:51.041000,188.0,187.0,262.0,271.0,False,SOFT,7.0,False,Red Bull Racing,0 days 00:37:27.521000,2026-06-06 10:53:47.880,1,,,,False,True,FP3
0 days 00:40:05.021000,VER,3,0 days 00:01:13.980000,8.0,2.0,,,0 days 00:00:19.404000,0 days 00:00:34.921000,0 days 00:00:19.655000,0 days 00:39:10.445000,0 days 00:39:45.366000,0 days 00:40:05.021000,216.0,200.0,263.0,281.0,True,SOFT,8.0,False,Red Bull Racing,0 days 00:38:51.041000,2026-06-06 10:55:11.400,1,,,,False,True,FP3
0 days 00:41:33.208000,VER,3,0 days 00:01:28.187000,9.0,2.0,,,0 days 00:00:25.949000,0 days 00:00:40.613000,0 days 00:00:21.625000,0 days 00:40:30.970000,0 days 00:41:11.583000,0 days 00:41:33.208000,156.0,172.0,262.0,247.0,False,SOFT,9.0,False,Red Bull Racing,0 days 00:40:05.021000,2026-06-06 10:56:25.380,12,,,,False,True,FP3
0 days 00:42:47.177000,VER,3,0 days 00:01:13.969000,10.0,2.0,,,0 days 00:00:19.434000,0 days 00:00:34.944000,0 days 00:00:19.591000,0 days 00:41:52.642000,0 days 00:42:27.586000,0 days 00:42:47.177000,209.0,197.0,263.0,279.0,True,SOFT,10.0,False,Red Bull Racing,0 days 00:41:33.208000,2026-06-06 10:57:53.567,1,,,,False,True,FP3
0 days 00:44:14.300000,VER,3,0 days 00:01:27.123000,11.0,2.0,,,0 days 00:00:19.264000,0 days 00:00:41.508000,0 days 00:00:26.351000,0 days 00:43:06.441000,0 days 00:43:47.949000,0 days 00:44:14.300000,215.0,142.0,186.0,199.0,False,SOFT,11.0,False,Red Bull Racing,0 days 00:42:47.177000,2026-06-06 10:59:07.536,1,,,,False,True,FP3
0 days 00:45:45.583000,VER,3,0 days 00:01:31.283000,12.0,2.0,,,0 days 00:00:26.928000,0 days 00:00:42.981000,0 days 00:00:21.374000,0 days 00:44:41.228000,0 days 00:45:24.209000,0 days 00:45:45.583000,146.0,173.0,262.0,251.0,False,SOFT,12.0,False,Red Bull Racing,0 days 00:44:14.300000,2026-06-06 11:00:34.659,1,,,,False,True,FP3
0 days 00:46:59.492000,VER,3,0 days 00:01:13.909000,13.0,2.0,,,0 days 00:00:19.455000,0 days 00:00:34.884000,0 days 00:00:19.570000,0 days 00:46:05.038000,0 days 00:46:39.922000,0 days 00:46:59.492000,215.0,199.0,263.0,278.0,True,SOFT,13.0,False,Red Bull Racing,0 days 00:45:45.583000,2026-06-06 11:02:05.942,1,,,,False,True,FP3
0 days 00:53:37.928000,VER,3,,14.0,2.0,,0 days 00:48:12.338000,0 days 00:00:20.982000,0 days 00:00:37.361000,,0 days 00:47:20.719000,0 days 00:47:58.143000,,190.0,190.0,,259.0,False,SOFT,14.0,False,Red Bull Racing,0 days 00:46:59.492000,2026-06-06 11:03:19.851,1,,,,False,False,FP3
0 days 00:55:07.698000,VER,3,0 days 00:01:29.770000,15.0,3.0,0 days 00:53:38.501000,,0 days 00:00:25.481000,0 days 00:00:41.721000,0 days 00:00:22.568000,0 days 00:54:03.409000,0 days 00:54:45.130000,0 days 00:55:07.698000,179.0,177.0,255.0,270.0,False,SOFT,1.0,True,Red Bull Racing,0 days 00:53:37.928000,2026-06-06 11:09:58.287,1,,,,False,False,FP3
0 days 00:56:33.001000,VER,3,0 days 00:01:25.303000,16.0,3.0,,,0 days 00:00:21.054000,0 days 00:00:38.626000,0 days 00:00:25.623000,0 days 00:55:28.752000,0 days 00:56:07.378000,0 days 00:56:33.001000,189.0,189.0,258.0,268.0,False,SOFT,2.0,True,Red Bull Racing,0 days 00:55:07.698000,2026-06-06 11:11:28.057,1,,,,False,True,FP3
0 days 00:57:46.663000,VER,3,0 days 00:01:13.662000,17.0,3.0,,,0 days 00:00:19.381000,0 days 00:00:34.812000,0 days 00:00:19.469000,0 days 00:56:52.382000,0 days 00:57:27.194000,0 days 00:57:46.663000,214.0,202.0,264.0,280.0,True,SOFT,3.0,True,Red Bull Racing,0 days 00:56:33.001000,2026-06-06 11:12:53.360,1,,,,False,True,FP3
0 days 01:10:41.434000,VER,3,,18.0,3.0,,0 days 00:58:57.810000,0 days 00:00:19.265000,0 days 00:00:34.667000,,0 days 00:58:06.034000,0 days 00:58:40.716000,,215.0,198.0,,281.0,False,SOFT,4.0,True,Red Bull Racing,0 days 00:57:46.663000,2026-06-06 11:14:07.022,125,,,,False,False,FP3
0 days 01:12:17.469000,VER,3,0 days 00:01:36.035000,19.0,4.0,0 days 01:10:42.123000,,0 days 00:00:33.649000,0 days 00:00:40.937000,0 days 00:00:21.449000,0 days 01:11:15.083000,0 days 01:11:56.020000,0 days 01:12:17.469000,186.0,187.0,263.0,266.0,False,SOFT,5.0,False,Red Bull Racing,0 days 01:10:42.123000,2026-06-06 11:27:02.482,1,,,,False,False,FP3
0 days 01:13:36.445000,VER,3,0 days 00:01:18.976000,20.0,4.0,,,0 days 00:00:19.450000,0 days 00:00:35.216000,0 days 00:00:24.310000,0 days 01:12:36.919000,0 days 01:13:12.135000,0 days 01:13:36.445000,213.0,199.0,260.0,281.0,False,SOFT,6.0,False,Red Bull Racing,0 days 01:12:17.469000,2026-06-06 11:28:37.828,1,,,,False,True,FP3
0 days 01:14:50.128000,VER,3,0 days 00:01:13.683000,21.0,4.0,,,0 days 00:00:19.299000,0 days 00:00:34.829000,0 days 00:00:19.555000,0 days 01:13:55.744000,0 days 01:14:30.573000,0 days 01:14:50.128000,214.0,196.0,264.0,281.0,False,SOFT,7.0,False,Red Bull Racing,0 days 01:13:36.445000,2026-06-06 11:29:56.804,1,,,,False,True,FP3
0 days 01:17:07.844000,VER,3,0 days 00:02:17.716000,22.0,4.0,,,0 days 00:00:27.908000,0 days 00:00:44.285000,0 days 00:01:05.523000,0 days 01:15:18.036000,0 days 01:16:02.321000,0 days 01:17:07.844000,147.0,117.0,178.0,204.0,False,SOFT,8.0,False,Red Bull Racing,0 days 01:14:50.128000,2026-06-06 11:31:10.487,1,,,,False,True,FP3
0 days 01:18:26.507000,VER,3,,23.0,4.0,,0 days 01:18:26.507000,0 days 00:00:24.194000,0 days 00:00:38.539000,,0 days 01:17:32.239000,0 days 01:18:10.746000,,164.0,186.0,,264.0,False,SOFT,9.0,False,Red Bull Racing,0 days 01:17:07.844000,2026-06-06 11:33:28.203,1,,,,False,False,FP3
0 days 00:16:16.580000,LAW,30,0 days 00:01:31.258000,1.0,1.0,0 days 00:14:45.969000,,0 days 00:00:27.271000,0 days 00:00:41.930000,0 days 00:00:22.057000,0 days 00:15:12.813000,0 days 00:15:54.778000,0 days 00:16:16.711000,147.0,164.0,260.0,243.0,False,SOFT,1.0,True,Racing Bulls,0 days 00:14:45.969000,2026-06-06 10:31:06.328,1,,,,False,False,FP3
0 days 00:17:33.803000,LAW,30,0 days 00:01:17.223000,2.0,1.0,,,0 days 00:00:20.518000,0 days 00:00:36.436000,0 days 00:00:20.269000,0 days 00:16:37.098000,0 days 00:17:13.534000,0 days 00:17:33.803000,184.0,193.0,265.0,279.0,True,SOFT,2.0,True,Racing Bulls,0 days 00:16:16.580000,2026-06-06 10:32:36.939,1,,,,False,True,FP3
0 days 00:18:49.312000,LAW,30,0 days 00:01:15.509000,3.0,1.0,,,0 days 00:00:19.999000,0 days 00:00:35.634000,0 days 00:00:19.876000,0 days 00:17:53.802000,0 days 00:18:29.436000,0 days 00:18:49.312000,199.0,195.0,265.0,280.0,True,SOFT,3.0,True,Racing Bulls,0 days 00:17:33.803000,2026-06-06 10:33:54.162,1,,,,False,True,FP3
0 days 00:20:21.622000,LAW,30,0 days 00:01:32.310000,4.0,1.0,,,0 days 00:00:24.790000,0 days 00:00:43.080000,0 days 00:00:24.440000,0 days 00:19:14.102000,0 days 00:19:57.182000,0 days 00:20:21.622000,154.0,158.0,263.0,177.0,False,SOFT,4.0,True,Racing Bulls,0 days 00:18:49.312000,2026-06-06 10:35:09.671,1,,,,False,True,FP3
0 days 00:21:37.101000,LAW,30,0 days 00:01:15.479000,5.0,1.0,,,0 days 00:00:19.896000,0 days 00:00:35.703000,0 days 00:00:19.880000,0 days 00:20:41.518000,0 days 00:21:17.221000,0 days 00:21:37.101000,204.0,196.0,265.0,282.0,True,SOFT,5.0,True,Racing Bulls,0 days 00:20:21.622000,2026-06-06 10:36:41.981,1,,,,False,True,FP3
0 days 00:23:32.843000,LAW,30,0 days 00:01:55.742000,6.0,1.0,,0 days 00:23:00.179000,0 days 00:00:25.880000,0 days 00:00:42.119000,0 days 00:00:47.743000,0 days 00:22:02.981000,0 days 00:22:45.100000,0 days 00:23:32.843000,72.0,172.0,,190.0,False,SOFT,6.0,True,Racing Bulls,0 days 00:21:37.101000,2026-06-06 10:37:57.460,1,,,,False,False,FP3
0 days 00:25:03.665000,LAW,30,0 days 00:01:30.822000,7.0,2.0,0 days 00:23:33.586000,,0 days 00:00:27.027000,0 days 00:00:42.444000,0 days 00:00:21.351000,0 days 00:23:59.870000,0 days 00:24:42.314000,0 days 00:25:03.665000,172.0,172.0,264.0,262.0,False,SOFT,7.0,False,Racing Bulls,0 days 00:23:32.843000,2026-06-06 10:39:53.202,1,,,,False,False,FP3
0 days 00:26:18.640000,LAW,30,0 days 00:01:14.975000,8.0,2.0,,,0 days 00:00:19.768000,0 days 00:00:35.449000,0 days 00:00:19.758000,0 days 00:25:23.433000,0 days 00:25:58.882000,0 days 00:26:18.640000,200.0,198.0,265.0,282.0,True,SOFT,8.0,False,Racing Bulls,0 days 00:25:03.665000,2026-06-06 10:41:24.024,1,,,,False,True,FP3
0 days 00:33:03.420000,LAW,30,,9.0,2.0,,0 days 00:27:43.142000,0 days 00:00:25.120000,0 days 00:00:43.813000,,0 days 00:26:43.999000,0 days 00:27:27.800000,,91.0,171.0,,252.0,False,SOFT,9.0,False,Racing Bulls,0 days 00:26:18.640000,2026-06-06 10:42:38.999,1,,,,False,False,FP3
0 days 00:34:37.328000,LAW,30,0 days 00:01:33.908000,10.0,3.0,0 days 00:33:04.015000,,0 days 00:00:27.795000,0 days 00:00:43.221000,0 days 00:00:22.892000,0 days 00:33:31.215000,0 days 00:34:14.436000,0 days 00:34:37.328000,157.0,176.0,262.0,248.0,False,SOFT,10.0,False,Racing Bulls,0 days 00:33:03.420000,2026-06-06 10:49:23.779,1,,,,False,False,FP3
0 days 00:36:03.924000,LAW,30,0 days 00:01:26.596000,11.0,3.0,,,0 days 00:00:21.100000,0 days 00:00:39.609000,0 days 00:00:25.887000,0 days 00:34:58.428000,0 days 00:35:38.037000,0 days 00:36:03.924000,159.0,136.0,261.0,258.0,False,SOFT,11.0,False,Racing Bulls,0 days 00:34:37.328000,2026-06-06 10:50:57.687,1,,,,False,True,FP3
0 days 00:37:26.565000,LAW,30,0 days 00:01:22.641000,12.0,3.0,,,0 days 00:00:19.998000,0 days 00:00:41.307000,0 days 00:00:21.336000,0 days 00:36:23.922000,0 days 00:37:05.229000,0 days 00:37:26.565000,185.0,180.0,264.0,145.0,False,SOFT,12.0,False,Racing Bulls,0 days 00:36:03.924000,2026-06-06 10:52:24.283,1,,,,False,True,FP3
0 days 00:38:41.152000,LAW,30,0 days 00:01:14.587000,13.0,3.0,,,0 days 00:00:19.678000,0 days 00:00:35.293000,0 days 00:00:19.616000,0 days 00:37:46.243000,0 days 00:38:21.536000,0 days 00:38:41.152000,211.0,196.0,265.0,281.0,True,SOFT,13.0,False,Racing Bulls,0 days 00:37:26.565000,2026-06-06 10:53:46.924,1,,,,False,True,FP3
0 days 00:40:18.250000,LAW,30,0 days 00:01:37.098000,14.0,3.0,,,0 days 00:00:23.236000,0 days 00:00:47.554000,0 days 00:00:26.308000,0 days 00:39:04.388000,0 days 00:39:51.942000,0 days 00:40:18.250000,167.0,120.0,262.0,258.0,False,SOFT,14.0,False,Racing Bulls,0 days 00:38:41.152000,2026-06-06 10:55:01.511,1,,,,False,True,FP3
0 days 00:41:40.961000,LAW,30,0 days 00:01:22.711000,15.0,3.0,,,0 days 00:00:21.016000,0 days 00:00:39.411000,0 days 00:00:22.284000,0 days 00:40:39.266000,0 days 00:41:18.677000,0 days 00:41:40.961000,167.0,167.0,263.0,249.0,False,SOFT,15.0,False,Racing Bulls,0 days 00:40:18.250000,2026-06-06 10:56:38.609,12,,,,False,True,FP3
0 days 00:43:17.162000,LAW,30,0 days 00:01:36.201000,16.0,3.0,,,0 days 00:00:19.649000,0 days 00:00:50.017000,0 days 00:00:26.535000,0 days 00:42:00.610000,0 days 00:42:50.627000,0 days 00:43:17.162000,209.0,157.0,246.0,82.0,False,SOFT,16.0,False,Racing Bulls,0 days 00:41:40.961000,2026-06-06 10:58:01.320,1,,,,False,True,FP3
0 days 00:44:41.377000,LAW,30,0 days 00:01:24.215000,17.0,3.0,,,0 days 00:00:22.092000,0 days 00:00:39.587000,0 days 00:00:22.536000,0 days 00:43:39.254000,0 days 00:44:18.841000,0 days 00:44:41.377000,168.0,176.0,262.0,257.0,False,SOFT,17.0,False,Racing Bulls,0 days 00:43:17.162000,2026-06-06 10:59:37.521,1,,,,False,True,FP3
0 days 00:45:57.055000,LAW,30,0 days 00:01:15.678000,18.0,3.0,,,0 days 00:00:19.903000,0 days 00:00:35.543000,0 days 00:00:20.232000,0 days 00:45:01.280000,0 days 00:45:36.823000,0 days 00:45:57.055000,202.0,196.0,265.0,280.0,False,SOFT,18.0,False,Racing Bulls,0 days 00:44:41.377000,2026-06-06 11:01:01.736,1,,,,False,True,FP3
0 days 00:47:50.570000,LAW,30,0 days 00:01:53.515000,19.0,3.0,,0 days 00:47:19.797000,0 days 00:00:23.235000,0 days 00:00:42.686000,0 days 00:00:47.594000,0 days 00:46:20.290000,0 days 00:47:02.976000,0 days 00:47:50.570000,161.0,171.0,,253.0,False,SOFT,19.0,False,Racing Bulls,0 days 00:45:57.055000,2026-06-06 11:02:17.414,1,,,,False,False,FP3
0 days 00:49:15.354000,LAW,30,0 days 00:01:24.784000,20.0,4.0,0 days 00:47:51.187000,,0 days 00:00:24.817000,0 days 00:00:39.003000,0 days 00:00:20.964000,0 days 00:48:15.387000,0 days 00:48:54.390000,0 days 00:49:15.354000,180.0,185.0,264.0,254.0,False,SOFT,20.0,False,Racing Bulls,0 days 00:47:50.570000,2026-06-06 11:04:10.929,1,,,,False,False,FP3
0 days 00:50:32.629000,LAW,30,0 days 00:01:17.275000,21.0,4.0,,,0 days 00:00:19.657000,0 days 00:00:35.283000,0 days 00:00:22.335000,0 days 00:49:35.011000,0 days 00:50:10.294000,0 days 00:50:32.629000,205.0,200.0,218.0,280.0,False,SOFT,21.0,False,Racing Bulls,0 days 00:49:15.354000,2026-06-06 11:05:35.713,1,,,,False,True,FP3
0 days 00:58:19.613000,LAW,30,,22.0,4.0,,0 days 00:51:49.747000,0 days 00:00:23.828000,0 days 00:00:38.387000,,0 days 00:50:56.669000,0 days 00:51:35.091000,,169.0,173.0,,262.0,False,SOFT,22.0,False,Racing Bulls,0 days 00:50:32.629000,2026-06-06 11:06:52.988,1,,,,False,False,FP3
0 days 01:10:54.660000,LAW,30,,23.0,5.0,0 days 00:58:19.613000,0 days 01:00:06.525000,,,,,,,,,,,False,SOFT,1.0,True,Racing Bulls,0 days 00:58:19.613000,2026-06-06 11:14:39.972,125,,,,False,False,FP3
0 days 01:12:25.346000,LAW,30,0 days 00:01:30.686000,24.0,6.0,0 days 01:10:55.488000,,0 days 00:00:27.977000,0 days 00:00:39.213000,0 days 00:00:23.496000,0 days 01:11:22.637000,0 days 01:12:01.850000,0 days 01:12:25.346000,146.0,178.0,262.0,264.0,False,SOFT,2.0,False,Racing Bulls,0 days 01:10:55.488000,2026-06-06 11:27:15.847,1,,,,False,False,FP3
0 days 01:13:41.930000,LAW,30,0 days 00:01:16.584000,25.0,6.0,,,0 days 00:00:20.081000,0 days 00:00:36.259000,0 days 00:00:20.244000,0 days 01:12:45.427000,0 days 01:13:21.686000,0 days 01:13:41.930000,176.0,194.0,265.0,282.0,False,SOFT,3.0,False,Racing Bulls,0 days 01:12:25.346000,2026-06-06 11:28:45.705,1,,,,False,True,FP3
0 days 01:15:52.228000,LAW,30,0 days 00:02:10.298000,26.0,6.0,,,0 days 00:00:20.852000,0 days 00:00:42.752000,0 days 00:01:06.694000,0 days 01:14:02.782000,0 days 01:14:45.534000,0 days 01:15:52.228000,181.0,161.0,3.0,195.0,False,SOFT,4.0,False,Racing Bulls,0 days 01:13:41.930000,2026-06-06 11:30:02.289,1,,,,False,True,FP3
0 days 01:17:09.755000,LAW,30,,27.0,6.0,,0 days 01:17:09.755000,0 days 00:00:24.211000,0 days 00:00:38.808000,,0 days 01:16:16.489000,0 days 01:16:55.408000,,178.0,164.0,,258.0,False,SOFT,5.0,False,Racing Bulls,0 days 01:15:52.228000,2026-06-06 11:32:12.587,1,,,,False,False,FP3
0 days 00:21:47.819000,OCO,31,0 days 00:01:37.003000,1.0,1.0,0 days 00:20:11.565000,,0 days 00:00:30.083000,0 days 00:00:42.475000,0 days 00:00:24.445000,0 days 00:20:41.125000,0 days 00:21:23.703000,0 days 00:21:48.016000,93.0,169.0,257.0,254.0,False,SOFT,1.0,True,Haas F1 Team,0 days 00:20:11.565000,2026-06-06 10:36:31.924,1,,,,False,False,FP3
0 days 00:23:10.488000,OCO,31,0 days 00:01:22.669000,2.0,1.0,,,0 days 00:00:21.443000,0 days 00:00:38.406000,0 days 00:00:22.820000,0 days 00:22:09.262000,0 days 00:22:47.668000,0 days 00:23:10.488000,170.0,177.0,261.0,276.0,True,SOFT,2.0,True,Haas F1 Team,0 days 00:21:47.819000,2026-06-06 10:38:08.178,1,,,,False,True,FP3
0 days 00:24:26.711000,OCO,31,0 days 00:01:16.223000,3.0,1.0,,,0 days 00:00:20.196000,0 days 00:00:35.941000,0 days 00:00:20.086000,0 days 00:23:30.684000,0 days 00:24:06.625000,0 days 00:24:26.711000,183.0,195.0,260.0,278.0,True,SOFT,3.0,True,Haas F1 Team,0 days 00:23:10.488000,2026-06-06 10:39:30.847,1,,,,False,True,FP3
0 days 00:25:59.485000,OCO,31,0 days 00:01:32.774000,4.0,1.0,,,0 days 00:00:24.339000,0 days 00:00:44.814000,0 days 00:00:23.621000,0 days 00:24:51.050000,0 days 00:25:35.864000,0 days 00:25:59.485000,157.0,172.0,263.0,244.0,False,SOFT,4.0,True,Haas F1 Team,0 days 00:24:26.711000,2026-06-06 10:40:47.070,1,,,,False,True,FP3
0 days 00:27:14.816000,OCO,31,0 days 00:01:15.331000,5.0,1.0,,,0 days 00:00:19.934000,0 days 00:00:35.513000,0 days 00:00:19.884000,0 days 00:26:19.419000,0 days 00:26:54.932000,0 days 00:27:14.816000,198.0,196.0,264.0,281.0,True,SOFT,5.0,True,Haas F1 Team,0 days 00:25:59.485000,2026-06-06 10:42:19.844,1,,,,False,True,FP3
0 days 00:28:59.598000,OCO,31,0 days 00:01:44.782000,6.0,1.0,,,0 days 00:00:27.753000,0 days 00:00:51.414000,0 days 00:00:25.615000,0 days 00:27:42.569000,0 days 00:28:33.983000,0 days 00:28:59.598000,133.0,175.0,252.0,181.0,False,SOFT,6.0,True,Haas F1 Team,0 days 00:27:14.816000,2026-06-06 10:43:35.175,1,,,,False,True,FP3
0 days 00:30:23.409000,OCO,31,0 days 00:01:23.811000,7.0,1.0,,,0 days 00:00:21.302000,0 days 00:00:38.380000,0 days 00:00:24.129000,0 days 00:29:20.900000,0 days 00:29:59.280000,0 days 00:30:23.409000,171.0,174.0,259.0,264.0,False,SOFT,7.0,True,Haas F1 Team,0 days 00:28:59.598000,2026-06-06 10:45:19.957,1,,,,False,True,FP3
0 days 00:31:38.273000,OCO,31,0 days 00:01:14.864000,8.0,1.0,,,0 days 00:00:19.849000,0 days 00:00:35.258000,0 days 00:00:19.757000,0 days 00:30:43.258000,0 days 00:31:18.516000,0 days 00:31:38.273000,208.0,197.0,263.0,280.0,True,SOFT,8.0,True,Haas F1 Team,0 days 00:30:23.409000,2026-06-06 10:46:43.768,1,,,,False,True,FP3
0 days 00:33:09.325000,OCO,31,0 days 00:01:31.052000,9.0,1.0,,,0 days 00:00:25.072000,0 days 00:00:44.746000,0 days 00:00:21.234000,0 days 00:32:03.345000,0 days 00:32:48.091000,0 days 00:33:09.325000,143.0,177.0,262.0,263.0,False,SOFT,9.0,True,Haas F1 Team,0 days 00:31:38.273000,2026-06-06 10:47:58.632,1,,,,False,True,FP3
0 days 00:34:23.938000,OCO,31,0 days 00:01:14.613000,10.0,1.0,,,0 days 00:00:19.714000,0 days 00:00:35.103000,0 days 00:00:19.796000,0 days 00:33:29.039000,0 days 00:34:04.142000,0 days 00:34:23.938000,202.0,197.0,264.0,281.0,True,SOFT,10.0,True,Haas F1 Team,0 days 00:33:09.325000,2026-06-06 10:49:29.684,1,,,,False,True,FP3
0 days 00:36:07.302000,OCO,31,0 days 00:01:43.364000,11.0,1.0,,,0 days 00:00:30.154000,0 days 00:00:45.099000,0 days 00:00:28.111000,0 days 00:34:54.092000,0 days 00:35:39.191000,0 days 00:36:07.302000,53.0,177.0,265.0,262.0,False,SOFT,11.0,True,Haas F1 Team,0 days 00:34:23.938000,2026-06-06 10:50:44.297,1,,,,False,True,FP3
0 days 00:37:22.933000,OCO,31,0 days 00:01:15.631000,12.0,1.0,,,0 days 00:00:19.772000,0 days 00:00:35.288000,0 days 00:00:20.571000,0 days 00:36:27.074000,0 days 00:37:02.362000,0 days 00:37:22.933000,203.0,197.0,257.0,281.0,False,SOFT,12.0,True,Haas F1 Team,0 days 00:36:07.302000,2026-06-06 10:52:27.661,1,,,,False,True,FP3
0 days 00:51:25.256000,OCO,31,,13.0,1.0,,0 days 00:38:49.148000,0 days 00:00:26.719000,0 days 00:00:42.768000,,0 days 00:37:50.038000,0 days 00:38:32.773000,,125.0,162.0,,237.0,False,SOFT,13.0,True,Haas F1 Team,0 days 00:37:22.933000,2026-06-06 10:53:43.292,12,,,,False,False,FP3
0 days 00:52:56.642000,OCO,31,0 days 00:01:31.386000,14.0,2.0,0 days 00:51:26.310000,,0 days 00:00:29.633000,0 days 00:00:40.241000,0 days 00:00:21.512000,0 days 00:51:54.889000,0 days 00:52:35.130000,0 days 00:52:56.642000,151.0,176.0,261.0,257.0,False,SOFT,1.0,True,Haas F1 Team,0 days 00:51:25.256000,2026-06-06 11:07:45.615,1,,,,False,False,FP3
0 days 00:54:18.466000,OCO,31,0 days 00:01:21.824000,15.0,2.0,,,0 days 00:00:21.142000,0 days 00:00:38.270000,0 days 00:00:22.412000,0 days 00:53:17.784000,0 days 00:53:56.054000,0 days 00:54:18.466000,176.0,179.0,261.0,277.0,False,SOFT,2.0,True,Haas F1 Team,0 days 00:52:56.642000,2026-06-06 11:09:17.001,1,,,,False,True,FP3
0 days 00:55:33.050000,OCO,31,0 days 00:01:14.584000,16.0,2.0,,,0 days 00:00:19.782000,0 days 00:00:35.009000,0 days 00:00:19.793000,0 days 00:54:38.248000,0 days 00:55:13.257000,0 days 00:55:33.050000,206.0,197.0,263.0,279.0,True,SOFT,3.0,True,Haas F1 Team,0 days 00:54:18.466000,2026-06-06 11:10:38.825,1,,,,False,True,FP3
0 days 00:57:03.397000,OCO,31,0 days 00:01:30.347000,17.0,2.0,,,0 days 00:00:24.434000,0 days 00:00:40.780000,0 days 00:00:25.133000,0 days 00:55:57.484000,0 days 00:56:38.264000,0 days 00:57:03.397000,148.0,181.0,255.0,264.0,False,SOFT,4.0,True,Haas F1 Team,0 days 00:55:33.050000,2026-06-06 11:11:53.409,1,,,,False,True,FP3
0 days 00:58:17.675000,OCO,31,0 days 00:01:14.278000,18.0,2.0,,,0 days 00:00:19.703000,0 days 00:00:34.903000,0 days 00:00:19.672000,0 days 00:57:23.100000,0 days 00:57:58.003000,0 days 00:58:17.675000,208.0,198.0,265.0,281.0,True,SOFT,5.0,True,Haas F1 Team,0 days 00:57:03.397000,2026-06-06 11:13:23.756,1,,,,False,True,FP3
0 days 01:10:06.274000,OCO,31,,19.0,2.0,,0 days 01:00:05.322000,,,,,,,,,,,False,SOFT,6.0,True,Haas F1 Team,0 days 00:58:17.675000,2026-06-06 11:14:38.034,125,,,,False,False,FP3
0 days 01:11:37.619000,OCO,31,0 days 00:01:31.345000,20.0,3.0,0 days 01:10:07.740000,,0 days 00:00:29.959000,0 days 00:00:39.598000,0 days 00:00:21.788000,0 days 01:10:36.233000,0 days 01:11:15.831000,0 days 01:11:37.619000,143.0,178.0,261.0,258.0,False,SOFT,7.0,False,Haas F1 Team,0 days 01:10:07.740000,2026-06-06 11:26:28.099,1,,,,False,False,FP3
0 days 01:13:04.066000,OCO,31,0 days 00:01:26.447000,21.0,3.0,,,0 days 00:00:21.179000,0 days 00:00:37.476000,0 days 00:00:27.792000,0 days 01:11:58.798000,0 days 01:12:36.274000,0 days 01:13:04.066000,179.0,180.0,250.0,278.0,False,SOFT,8.0,False,Haas F1 Team,0 days 01:11:37.619000,2026-06-06 11:27:57.978,1,,,,False,True,FP3
0 days 01:14:20.382000,OCO,31,0 days 00:01:16.316000,22.0,3.0,,,0 days 00:00:20.407000,0 days 00:00:35.655000,0 days 00:00:20.254000,0 days 01:13:24.473000,0 days 01:14:00.128000,0 days 01:14:20.382000,192.0,194.0,257.0,281.0,False,SOFT,9.0,False,Haas F1 Team,0 days 01:13:04.066000,2026-06-06 11:29:24.425,1,,,,False,True,FP3
0 days 01:16:38.934000,OCO,31,0 days 00:02:18.552000,23.0,3.0,,,0 days 00:00:26.523000,0 days 00:00:42.555000,0 days 00:01:09.474000,0 days 01:14:46.905000,0 days 01:15:29.460000,0 days 01:16:38.934000,153.0,156.0,119.0,221.0,False,SOFT,10.0,False,Haas F1 Team,0 days 01:14:20.382000,2026-06-06 11:30:40.741,1,,,,False,True,FP3
0 days 01:17:59.307000,OCO,31,,24.0,3.0,,0 days 01:17:59.307000,0 days 00:00:24.477000,0 days 00:00:40.043000,,0 days 01:17:03.677000,0 days 01:17:43.672000,,158.0,169.0,,256.0,False,SOFT,11.0,False,Haas F1 Team,0 days 01:16:38.934000,2026-06-06 11:32:59.293,1,,,,False,False,FP3
0 days 00:21:25.715000,LIN,41,0 days 00:01:42.213000,1.0,1.0,0 days 00:19:44.328000,,0 days 00:00:35.064000,0 days 00:00:43.541000,0 days 00:00:23.608000,0 days 00:20:18.796000,0 days 00:21:02.421000,0 days 00:21:25.843000,129.0,159.0,255.0,247.0,False,SOFT,1.0,True,Racing Bulls,0 days 00:19:44.328000,2026-06-06 10:36:04.687,1,,,,False,False,FP3
0 days 00:22:45.582000,LIN,41,0 days 00:01:19.867000,2.0,1.0,,,0 days 00:00:21.439000,0 days 00:00:37.634000,0 days 00:00:20.794000,0 days 00:21:47.154000,0 days 00:22:24.788000,0 days 00:22:45.582000,177.0,187.0,263.0,276.0,True,SOFT,2.0,True,Racing Bulls,0 days 00:21:25.715000,2026-06-06 10:37:46.074,1,,,,False,True,FP3
0 days 00:24:01.152000,LIN,41,0 days 00:01:15.570000,3.0,1.0,,,0 days 00:00:19.971000,0 days 00:00:35.732000,0 days 00:00:19.867000,0 days 00:23:05.553000,0 days 00:23:41.285000,0 days 00:24:01.152000,205.0,195.0,263.0,280.0,True,SOFT,3.0,True,Racing Bulls,0 days 00:22:45.582000,2026-06-06 10:39:05.941,1,,,,False,True,FP3
0 days 00:26:00.482000,LIN,41,0 days 00:01:59.330000,4.0,1.0,,0 days 00:25:27.882000,0 days 00:00:25.207000,0 days 00:00:45.180000,0 days 00:00:48.943000,0 days 00:24:26.359000,0 days 00:25:11.539000,0 days 00:26:00.482000,154.0,142.0,,212.0,False,SOFT,4.0,True,Racing Bulls,0 days 00:24:01.152000,2026-06-06 10:40:21.511,1,,,,False,False,FP3
0 days 00:27:28.766000,LIN,41,0 days 00:01:28.284000,5.0,2.0,0 days 00:26:01.288000,,0 days 00:00:27.345000,0 days 00:00:39.536000,0 days 00:00:21.403000,0 days 00:26:27.827000,0 days 00:27:07.363000,0 days 00:27:28.766000,168.0,182.0,263.0,261.0,False,SOFT,5.0,False,Racing Bulls,0 days 00:26:00.482000,2026-06-06 10:42:20.841,1,,,,False,False,FP3
0 days 00:28:43.976000,LIN,41,0 days 00:01:15.210000,6.0,2.0,,,0 days 00:00:19.682000,0 days 00:00:35.674000,0 days 00:00:19.854000,0 days 00:27:48.448000,0 days 00:28:24.122000,0 days 00:28:43.976000,202.0,194.0,264.0,281.0,True,SOFT,6.0,False,Racing Bulls,0 days 00:27:28.766000,2026-06-06 10:43:49.125,1,,,,False,True,FP3
0 days 00:30:29.509000,LIN,41,0 days 00:01:45.533000,7.0,2.0,,,0 days 00:00:28.029000,0 days 00:00:52.304000,0 days 00:00:25.200000,0 days 00:29:12.005000,0 days 00:30:04.309000,0 days 00:30:29.509000,114.0,106.0,261.0,160.0,False,SOFT,7.0,False,Racing Bulls,0 days 00:28:43.976000,2026-06-06 10:45:04.335,1,,,,False,True,FP3
0 days 00:32:02.855000,LIN,41,0 days 00:01:33.346000,8.0,2.0,,,0 days 00:00:20.034000,0 days 00:00:50.095000,0 days 00:00:23.217000,0 days 00:30:49.543000,0 days 00:31:39.638000,0 days 00:32:02.855000,187.0,74.0,260.0,183.0,False,SOFT,8.0,False,Racing Bulls,0 days 00:30:29.509000,2026-06-06 10:46:49.868,1,,,,False,True,FP3
0 days 00:33:18.295000,LIN,41,0 days 00:01:15.440000,9.0,2.0,,,0 days 00:00:19.805000,0 days 00:00:35.469000,0 days 00:00:20.166000,0 days 00:32:22.660000,0 days 00:32:58.129000,0 days 00:33:18.295000,213.0,196.0,265.0,281.0,False,SOFT,9.0,False,Racing Bulls,0 days 00:32:02.855000,2026-06-06 10:48:23.214,1,,,,False,True,FP3
0 days 00:35:08.813000,LIN,41,0 days 00:01:50.518000,10.0,2.0,,,0 days 00:00:35.218000,0 days 00:00:48.021000,0 days 00:00:27.279000,0 days 00:33:53.513000,0 days 00:34:41.534000,0 days 00:35:08.813000,132.0,132.0,182.0,207.0,False,SOFT,10.0,False,Racing Bulls,0 days 00:33:18.295000,2026-06-06 10:49:38.654,1,,,,False,True,FP3
0 days 00:36:55.270000,LIN,41,0 days 00:01:46.457000,11.0,2.0,,,0 days 00:00:32.303000,0 days 00:00:48.866000,0 days 00:00:25.288000,0 days 00:35:41.116000,0 days 00:36:29.982000,0 days 00:36:55.270000,111.0,169.0,253.0,249.0,False,SOFT,11.0,False,Racing Bulls,0 days 00:35:08.813000,2026-06-06 10:51:29.172,1,,,,False,True,FP3
0 days 00:42:42.705000,LIN,41,,12.0,2.0,,0 days 00:38:08.632000,0 days 00:00:20.412000,0 days 00:00:37.078000,,0 days 00:37:15.960000,0 days 00:37:52.960000,,204.0,157.0,,280.0,False,SOFT,12.0,False,Racing Bulls,0 days 00:36:55.270000,2026-06-06 10:53:15.629,12,,,,False,False,FP3
0 days 00:44:15.536000,LIN,41,0 days 00:01:32.831000,13.0,3.0,0 days 00:42:43.427000,,0 days 00:00:27.743000,0 days 00:00:39.994000,0 days 00:00:25.094000,0 days 00:43:10.448000,0 days 00:43:50.442000,0 days 00:44:15.536000,158.0,167.0,252.0,261.0,False,SOFT,13.0,False,Racing Bulls,0 days 00:42:42.705000,2026-06-06 10:59:03.064,1,,,,False,False,FP3
0 days 00:45:35.978000,LIN,41,0 days 00:01:20.442000,14.0,3.0,,,0 days 00:00:21.237000,0 days 00:00:37.638000,0 days 00:00:21.567000,0 days 00:44:36.773000,0 days 00:45:14.411000,0 days 00:45:35.978000,182.0,176.0,259.0,274.0,False,SOFT,14.0,False,Racing Bulls,0 days 00:44:15.536000,2026-06-06 11:00:35.895,1,,,,False,True,FP3
0 days 00:46:50.896000,LIN,41,0 days 00:01:14.918000,15.0,3.0,,,0 days 00:00:19.650000,0 days 00:00:35.505000,0 days 00:00:19.763000,0 days 00:45:55.628000,0 days 00:46:31.133000,0 days 00:46:50.896000,208.0,197.0,264.0,278.0,True,SOFT,15.0,False,Racing Bulls,0 days 00:45:35.978000,2026-06-06 11:01:56.337,1,,,,False,True,FP3
0 days 00:48:38.141000,LIN,41,0 days 00:01:47.245000,16.0,3.0,,,0 days 00:00:28.211000,0 days 00:00:53.588000,0 days 00:00:25.446000,0 days 00:47:19.107000,0 days 00:48:12.695000,0 days 00:48:38.141000,65.0,176.0,261.0,182.0,False,SOFT,16.0,False,Racing Bulls,0 days 00:46:50.896000,2026-06-06 11:03:11.255,1,,,,False,True,FP3
0 days 00:49:53.457000,LIN,41,0 days 00:01:15.316000,17.0,3.0,,,0 days 00:00:19.863000,0 days 00:00:35.655000,0 days 00:00:19.798000,0 days 00:48:58.004000,0 days 00:49:33.659000,0 days 00:49:53.457000,204.0,197.0,263.0,278.0,False,SOFT,17.0,False,Racing Bulls,0 days 00:48:38.141000,2026-06-06 11:04:58.500,1,,,,False,True,FP3
0 days 00:57:10.236000,LIN,41,,18.0,3.0,,0 days 00:51:05.544000,0 days 00:00:19.758000,0 days 00:00:37.560000,,0 days 00:50:13.387000,0 days 00:50:50.934000,,199.0,184.0,,250.0,False,SOFT,18.0,False,Racing Bulls,0 days 00:49:53.457000,2026-06-06 11:06:13.816,1,,,,False,False,FP3
0 days 01:10:26.234000,LIN,41,,19.0,4.0,0 days 00:57:10.236000,0 days 01:00:26.510000,0 days 00:00:29.005000,0 days 00:00:45.501000,,0 days 00:57:38.861000,0 days 00:58:24.380000,,143.0,168.0,,243.0,False,SOFT,1.0,True,Racing Bulls,0 days 00:57:10.236000,2026-06-06 11:13:30.595,125,,,,False,False,FP3
0 days 01:11:58.415000,LIN,41,0 days 00:01:32.181000,20.0,5.0,0 days 01:10:27.194000,,0 days 00:00:31.031000,0 days 00:00:39.615000,0 days 00:00:21.535000,0 days 01:10:57.265000,0 days 01:11:36.880000,0 days 01:11:58.415000,164.0,173.0,259.0,261.0,False,SOFT,2.0,False,Racing Bulls,0 days 01:10:27.194000,2026-06-06 11:26:47.553,1,,,,False,False,FP3
0 days 01:13:18.320000,LIN,41,0 days 00:01:19.905000,21.0,5.0,,,0 days 00:00:20.033000,0 days 00:00:38.776000,0 days 00:00:21.096000,0 days 01:12:18.448000,0 days 01:12:57.224000,0 days 01:13:18.320000,192.0,171.0,261.0,273.0,False,SOFT,3.0,False,Racing Bulls,0 days 01:11:58.415000,2026-06-06 11:28:18.774,1,,,,False,True,FP3
0 days 01:14:33.601000,LIN,41,0 days 00:01:15.281000,22.0,5.0,,,0 days 00:00:19.615000,0 days 00:00:35.257000,0 days 00:00:20.409000,0 days 01:13:37.935000,0 days 01:14:13.192000,0 days 01:14:33.601000,210.0,199.0,265.0,283.0,False,SOFT,4.0,False,Racing Bulls,0 days 01:13:18.320000,2026-06-06 11:29:38.679,1,,,,False,True,FP3
0 days 01:17:00.589000,LIN,41,0 days 00:02:26.988000,23.0,5.0,,,0 days 00:00:25.022000,0 days 00:00:41.578000,0 days 00:01:20.388000,0 days 01:14:58.623000,0 days 01:15:40.201000,0 days 01:17:00.589000,136.0,152.0,186.0,259.0,False,SOFT,5.0,False,Racing Bulls,0 days 01:14:33.601000,2026-06-06 11:30:53.960,1,,,,False,True,FP3
0 days 01:18:20.390000,LIN,41,,24.0,5.0,,0 days 01:18:20.390000,0 days 00:00:22.720000,0 days 00:00:41.428000,,0 days 01:17:23.556000,0 days 01:18:04.857000,,143.0,160.0,,251.0,False,SOFT,6.0,False,Racing Bulls,0 days 01:17:00.589000,2026-06-06 11:33:20.948,1,,,,False,False,FP3
0 days 00:20:13.049000,COL,43,0 days 00:01:40.883000,1.0,1.0,0 days 00:18:32.752000,,0 days 00:00:27.692000,0 days 00:00:47.879000,0 days 00:00:25.312000,0 days 00:19:00.124000,0 days 00:19:47.999000,0 days 00:20:13.140000,154.0,155.0,245.0,202.0,False,SOFT,1.0,True,Alpine,0 days 00:18:32.752000,2026-06-06 10:34:53.111,1,,,,False,False,FP3
0 days 00:21:42.160000,COL,43,0 days 00:01:29.111000,2.0,1.0,,,0 days 00:00:22.617000,0 days 00:00:43.521000,0 days 00:00:22.973000,0 days 00:20:35.666000,0 days 00:21:19.187000,0 days 00:21:42.160000,165.0,157.0,261.0,262.0,True,SOFT,2.0,True,Alpine,0 days 00:20:13.049000,2026-06-06 10:36:33.408,1,,,,False,True,FP3
0 days 00:23:00.179000,COL,43,0 days 00:01:18.019000,3.0,1.0,,,0 days 00:00:20.696000,0 days 00:00:36.609000,0 days 00:00:20.714000,0 days 00:22:02.856000,0 days 00:22:39.465000,0 days 00:23:00.179000,193.0,187.0,264.0,278.0,True,SOFT,3.0,True,Alpine,0 days 00:21:42.160000,2026-06-06 10:38:02.519,1,,,,False,True,FP3
0 days 00:24:16.496000,COL,43,0 days 00:01:16.317000,4.0,1.0,,,0 days 00:00:20.243000,0 days 00:00:35.844000,0 days 00:00:20.230000,0 days 00:23:20.422000,0 days 00:23:56.266000,0 days 00:24:16.496000,197.0,194.0,263.0,279.0,True,SOFT,4.0,True,Alpine,0 days 00:23:00.179000,2026-06-06 10:39:20.538,1,,,,False,True,FP3
0 days 00:25:55.780000,COL,43,0 days 00:01:39.284000,5.0,1.0,,,0 days 00:00:32.997000,0 days 00:00:43.728000,0 days 00:00:22.559000,0 days 00:24:49.493000,0 days 00:25:33.221000,0 days 00:25:55.780000,94.0,159.0,261.0,242.0,False,SOFT,5.0,True,Alpine,0 days 00:24:16.496000,2026-06-06 10:40:36.855,1,,,,False,True,FP3
0 days 00:27:11.610000,COL,43,0 days 00:01:15.830000,6.0,1.0,,,0 days 00:00:19.905000,0 days 00:00:35.657000,0 days 00:00:20.268000,0 days 00:26:15.685000,0 days 00:26:51.342000,0 days 00:27:11.610000,202.0,195.0,264.0,283.0,True,SOFT,6.0,True,Alpine,0 days 00:25:55.780000,2026-06-06 10:42:16.139,1,,,,False,True,FP3
0 days 00:28:55.252000,COL,43,0 days 00:01:43.642000,7.0,1.0,,,0 days 00:00:29.552000,0 days 00:00:48.039000,0 days 00:00:26.051000,0 days 00:27:41.162000,0 days 00:28:29.201000,0 days 00:28:55.252000,146.0,130.0,255.0,193.0,False,SOFT,7.0,True,Alpine,0 days 00:27:11.610000,2026-06-06 10:43:31.969,1,,,,False,True,FP3
0 days 00:30:12.212000,COL,43,0 days 00:01:16.960000,8.0,1.0,,,0 days 00:00:20.150000,0 days 00:00:36.309000,0 days 00:00:20.501000,0 days 00:29:15.402000,0 days 00:29:51.711000,0 days 00:30:12.212000,192.0,186.0,266.0,282.0,False,SOFT,8.0,True,Alpine,0 days 00:28:55.252000,2026-06-06 10:45:15.611,1,,,,False,True,FP3
0 days 00:31:51.094000,COL,43,0 days 00:01:38.882000,9.0,1.0,,,0 days 00:00:31.815000,0 days 00:00:44.063000,0 days 00:00:23.004000,0 days 00:30:44.027000,0 days 00:31:28.090000,0 days 00:31:51.094000,66.0,158.0,264.0,240.0,False,SOFT,9.0,True,Alpine,0 days 00:30:12.212000,2026-06-06 10:46:32.571,1,,,,False,True,FP3
0 days 00:33:06.276000,COL,43,0 days 00:01:15.182000,10.0,1.0,,,0 days 00:00:19.718000,0 days 00:00:35.470000,0 days 00:00:19.994000,0 days 00:32:10.812000,0 days 00:32:46.282000,0 days 00:33:06.276000,202.0,196.0,264.0,282.0,True,SOFT,10.0,True,Alpine,0 days 00:31:51.094000,2026-06-06 10:48:11.453,1,,,,False,True,FP3
0 days 00:34:52.873000,COL,43,0 days 00:01:46.597000,11.0,1.0,,,0 days 00:00:29.492000,0 days 00:00:53.141000,0 days 00:00:23.964000,0 days 00:33:35.768000,0 days 00:34:28.909000,0 days 00:34:52.873000,93.0,137.0,257.0,160.0,False,SOFT,11.0,True,Alpine,0 days 00:33:06.276000,2026-06-06 10:49:26.635,1,,,,False,True,FP3
0 days 00:36:08.586000,COL,43,0 days 00:01:15.713000,12.0,1.0,,,0 days 00:00:19.827000,0 days 00:00:35.762000,0 days 00:00:20.124000,0 days 00:35:12.700000,0 days 00:35:48.462000,0 days 00:36:08.586000,201.0,194.0,266.0,283.0,False,SOFT,12.0,True,Alpine,0 days 00:34:52.873000,2026-06-06 10:51:13.232,1,,,,False,True,FP3
0 days 00:37:43.052000,COL,43,0 days 00:01:34.466000,13.0,1.0,,,0 days 00:00:27.543000,0 days 00:00:44.529000,0 days 00:00:22.394000,0 days 00:36:36.129000,0 days 00:37:20.658000,0 days 00:37:43.052000,86.0,161.0,264.0,256.0,False,SOFT,13.0,True,Alpine,0 days 00:36:08.586000,2026-06-06 10:52:28.945,1,,,,False,True,FP3
0 days 00:38:58.518000,COL,43,0 days 00:01:15.466000,14.0,1.0,,,0 days 00:00:19.713000,0 days 00:00:35.711000,0 days 00:00:20.042000,0 days 00:38:02.765000,0 days 00:38:38.476000,0 days 00:38:58.518000,204.0,194.0,265.0,283.0,False,SOFT,14.0,True,Alpine,0 days 00:37:43.052000,2026-06-06 10:54:03.411,1,,,,False,True,FP3
0 days 00:40:38.648000,COL,43,0 days 00:01:40.130000,15.0,1.0,,,0 days 00:00:28.509000,0 days 00:00:48.259000,0 days 00:00:23.362000,0 days 00:39:27.027000,0 days 00:40:15.286000,0 days 00:40:38.648000,129.0,132.0,262.0,195.0,False,SOFT,15.0,True,Alpine,0 days 00:38:58.518000,2026-06-06 10:55:18.877,1,,,,False,True,FP3
0 days 01:09:46.830000,COL,43,,16.0,1.0,,0 days 00:42:15.567000,0 days 00:00:19.701000,0 days 00:00:56.828000,,0 days 00:40:58.622000,0 days 00:41:55.477000,,202.0,118.0,,154.0,False,SOFT,16.0,True,Alpine,0 days 00:40:38.648000,2026-06-06 10:56:59.007,125,,,,False,False,FP3
0 days 01:11:17.827000,COL,43,0 days 00:01:30.997000,17.0,2.0,0 days 01:09:48.178000,,0 days 00:00:28.848000,0 days 00:00:40.355000,0 days 00:00:21.794000,0 days 01:10:15.678000,0 days 01:10:56.033000,0 days 01:11:17.827000,166.0,175.0,263.0,253.0,False,SOFT,1.0,True,Alpine,0 days 01:09:48.178000,2026-06-06 11:26:08.537,1,,,,False,False,FP3
0 days 01:12:41.501000,COL,43,0 days 00:01:23.674000,18.0,2.0,,,0 days 00:00:20.869000,0 days 00:00:37.733000,0 days 00:00:25.072000,0 days 01:11:38.696000,0 days 01:12:16.429000,0 days 01:12:41.501000,181.0,155.0,262.0,281.0,False,SOFT,2.0,True,Alpine,0 days 01:11:17.827000,2026-06-06 11:27:38.186,1,,,,False,True,FP3
0 days 01:13:56.680000,COL,43,0 days 00:01:15.179000,19.0,2.0,,,0 days 00:00:19.910000,0 days 00:00:35.440000,0 days 00:00:19.829000,0 days 01:13:01.411000,0 days 01:13:36.851000,0 days 01:13:56.680000,195.0,191.0,266.0,284.0,True,SOFT,3.0,True,Alpine,0 days 01:12:41.501000,2026-06-06 11:29:01.860,1,,,,False,True,FP3
0 days 01:15:56.410000,COL,43,0 days 00:01:59.730000,20.0,2.0,,,0 days 00:00:21.658000,0 days 00:00:37.531000,0 days 00:01:00.541000,0 days 01:14:18.338000,0 days 01:14:55.869000,0 days 01:15:56.410000,192.0,150.0,3.0,281.0,False,SOFT,4.0,True,Alpine,0 days 01:13:56.680000,2026-06-06 11:30:17.039,1,,,,False,True,FP3
0 days 01:17:11.716000,COL,43,,21.0,2.0,,0 days 01:17:11.716000,0 days 00:00:22.596000,0 days 00:00:37.079000,,0 days 01:16:19.114000,0 days 01:16:56.275000,,188.0,186.0,,269.0,False,SOFT,5.0,True,Alpine,0 days 01:15:56.410000,2026-06-06 11:32:16.769,1,,,,False,False,FP3
0 days 00:15:40.569000,HAM,44,0 days 00:01:39.130000,1.0,1.0,0 days 00:14:02.090000,,0 days 00:00:30.652000,0 days 00:00:44.515000,0 days 00:00:23.963000,0 days 00:14:32.316000,0 days 00:15:16.821000,0 days 00:15:40.711000,150.0,159.0,247.0,243.0,False,SOFT,1.0,True,Ferrari,0 days 00:14:02.090000,2026-06-06 10:30:22.449,1,,,,False,False,FP3
0 days 00:17:02.800000,HAM,44,0 days 00:01:22.231000,2.0,1.0,,,0 days 00:00:22.331000,0 days 00:00:38.659000,0 days 00:00:21.241000,0 days 00:16:02.900000,0 days 00:16:41.559000,0 days 00:17:02.800000,180.0,189.0,254.0,265.0,True,SOFT,2.0,True,Ferrari,0 days 00:15:40.569000,2026-06-06 10:32:00.928,1,,,,False,True,FP3
0 days 00:18:18.046000,HAM,44,0 days 00:01:15.246000,3.0,1.0,,,0 days 00:00:19.962000,0 days 00:00:35.342000,0 days 00:00:19.942000,0 days 00:17:22.762000,0 days 00:17:58.104000,0 days 00:18:18.046000,210.0,194.0,255.0,266.0,True,SOFT,3.0,True,Ferrari,0 days 00:17:02.800000,2026-06-06 10:33:23.159,1,,,,False,True,FP3
0 days 00:20:09.072000,HAM,44,0 days 00:01:51.026000,4.0,1.0,,,0 days 00:00:35.133000,0 days 00:00:51.372000,0 days 00:00:24.521000,0 days 00:18:53.179000,0 days 00:19:44.551000,0 days 00:20:09.072000,98.0,138.0,257.0,198.0,False,SOFT,4.0,True,Ferrari,0 days 00:18:18.046000,2026-06-06 10:34:38.405,1,,,,False,True,FP3
0 days 00:21:33.250000,HAM,44,0 days 00:01:24.178000,5.0,1.0,,,0 days 00:00:22.948000,0 days 00:00:39.735000,0 days 00:00:21.495000,0 days 00:20:32.020000,0 days 00:21:11.755000,0 days 00:21:33.250000,167.0,177.0,259.0,252.0,False,SOFT,5.0,True,Ferrari,0 days 00:20:09.072000,2026-06-06 10:36:29.431,1,,,,False,True,FP3
0 days 00:22:47.640000,HAM,44,0 days 00:01:14.390000,6.0,1.0,,,0 days 00:00:19.458000,0 days 00:00:34.769000,0 days 00:00:20.163000,0 days 00:21:52.708000,0 days 00:22:27.477000,0 days 00:22:47.640000,215.0,197.0,261.0,278.0,True,SOFT,6.0,True,Ferrari,0 days 00:21:33.250000,2026-06-06 10:37:53.609,1,,,,False,True,FP3
0 days 00:24:36.959000,HAM,44,0 days 00:01:49.319000,7.0,1.0,,,0 days 00:00:32.114000,0 days 00:00:50.052000,0 days 00:00:27.153000,0 days 00:23:19.754000,0 days 00:24:09.806000,0 days 00:24:36.959000,85.0,137.0,198.0,211.0,False,SOFT,7.0,True,Ferrari,0 days 00:22:47.640000,2026-06-06 10:39:07.999,1,,,,False,True,FP3
0 days 00:26:13.510000,HAM,44,0 days 00:01:36.551000,8.0,1.0,,,0 days 00:00:27.165000,0 days 00:00:43.687000,0 days 00:00:25.699000,0 days 00:25:04.124000,0 days 00:25:47.811000,0 days 00:26:13.510000,156.0,184.0,259.0,251.0,False,SOFT,8.0,True,Ferrari,0 days 00:24:36.959000,2026-06-06 10:40:57.318,1,,,,False,True,FP3
0 days 00:27:38.118000,HAM,44,0 days 00:01:24.608000,9.0,1.0,,,0 days 00:00:21.974000,0 days 00:00:40.818000,0 days 00:00:21.816000,0 days 00:26:35.484000,0 days 00:27:16.302000,0 days 00:27:38.118000,169.0,178.0,261.0,260.0,False,SOFT,9.0,True,Ferrari,0 days 00:26:13.510000,2026-06-06 10:42:33.869,1,,,,False,True,FP3
0 days 00:28:52.121000,HAM,44,0 days 00:01:14.003000,10.0,1.0,,,0 days 00:00:19.435000,0 days 00:00:34.803000,0 days 00:00:19.765000,0 days 00:27:57.553000,0 days 00:28:32.356000,0 days 00:28:52.121000,209.0,200.0,262.0,279.0,True,SOFT,10.0,True,Ferrari,0 days 00:27:38.118000,2026-06-06 10:43:58.477,1,,,,False,True,FP3
0 days 00:30:11.056000,HAM,44,0 days 00:01:18.935000,11.0,1.0,,,0 days 00:00:22.325000,0 days 00:00:36.360000,0 days 00:00:20.250000,0 days 00:29:14.446000,0 days 00:29:50.806000,0 days 00:30:11.056000,193.0,197.0,258.0,268.0,False,SOFT,11.0,True,Ferrari,0 days 00:28:52.121000,2026-06-06 10:45:12.480,1,,,,False,True,FP3
0 days 00:31:26.803000,HAM,44,0 days 00:01:15.747000,12.0,1.0,,,0 days 00:00:20.098000,0 days 00:00:35.489000,0 days 00:00:20.160000,0 days 00:30:31.154000,0 days 00:31:06.643000,0 days 00:31:26.803000,208.0,197.0,259.0,271.0,False,SOFT,12.0,True,Ferrari,0 days 00:30:11.056000,2026-06-06 10:46:31.415,1,,,,False,True,FP3
0 days 00:32:42.225000,HAM,44,0 days 00:01:15.422000,13.0,1.0,,,0 days 00:00:19.940000,0 days 00:00:35.511000,0 days 00:00:19.971000,0 days 00:31:46.743000,0 days 00:32:22.254000,0 days 00:32:42.225000,203.0,200.0,259.0,272.0,False,SOFT,13.0,True,Ferrari,0 days 00:31:26.803000,2026-06-06 10:47:47.162,1,,,,False,True,FP3
0 days 00:33:57.737000,HAM,44,0 days 00:01:15.512000,14.0,1.0,,,0 days 00:00:19.976000,0 days 00:00:35.573000,0 days 00:00:19.963000,0 days 00:33:02.201000,0 days 00:33:37.774000,0 days 00:33:57.737000,207.0,198.0,259.0,265.0,False,SOFT,14.0,True,Ferrari,0 days 00:32:42.225000,2026-06-06 10:49:02.584,1,,,,False,True,FP3
0 days 00:35:13.095000,HAM,44,0 days 00:01:15.358000,15.0,1.0,,,0 days 00:00:19.880000,0 days 00:00:35.441000,0 days 00:00:20.037000,0 days 00:34:17.617000,0 days 00:34:53.058000,0 days 00:35:13.095000,209.0,198.0,258.0,272.0,False,SOFT,15.0,True,Ferrari,0 days 00:33:57.737000,2026-06-06 10:50:18.096,1,,,,False,True,FP3
0 days 00:36:28.705000,HAM,44,0 days 00:01:15.610000,16.0,1.0,,,0 days 00:00:19.955000,0 days 00:00:35.759000,0 days 00:00:19.896000,0 days 00:35:33.050000,0 days 00:36:08.809000,0 days 00:36:28.705000,206.0,197.0,259.0,273.0,False,SOFT,16.0,True,Ferrari,0 days 00:35:13.095000,2026-06-06 10:51:33.454,1,,,,False,True,FP3
0 days 00:38:16.462000,HAM,44,0 days 00:01:47.757000,17.0,1.0,,0 days 00:37:50.366000,0 days 00:00:20.265000,0 days 00:00:42.414000,0 days 00:00:45.078000,0 days 00:36:48.970000,0 days 00:37:31.384000,0 days 00:38:16.462000,196.0,117.0,,232.0,False,SOFT,17.0,True,Ferrari,0 days 00:36:28.705000,2026-06-06 10:52:49.064,1,,,,False,False,FP3
0 days 00:40:04.228000,HAM,44,0 days 00:01:47.766000,18.0,2.0,0 days 00:38:17.444000,,0 days 00:00:36.412000,0 days 00:00:47.869000,0 days 00:00:23.485000,0 days 00:38:52.874000,0 days 00:39:40.743000,0 days 00:40:04.228000,127.0,164.0,232.0,210.0,False,SOFT,18.0,False,Ferrari,0 days 00:38:16.462000,2026-06-06 10:54:36.821,1,,,,False,False,FP3
0 days 00:41:44.918000,HAM,44,0 days 00:01:40.690000,19.0,2.0,,,0 days 00:00:27.120000,0 days 00:00:49.640000,0 days 00:00:23.930000,0 days 00:40:31.348000,0 days 00:41:20.988000,0 days 00:41:44.918000,158.0,186.0,253.0,243.0,False,SOFT,19.0,False,Ferrari,0 days 00:40:04.228000,2026-06-06 10:56:24.587,12,,,,False,True,FP3
0 days 00:43:05.022000,HAM,44,0 days 00:01:20.104000,20.0,2.0,,,0 days 00:00:20.765000,0 days 00:00:38.370000,0 days 00:00:20.969000,0 days 00:42:05.683000,0 days 00:42:44.053000,0 days 00:43:05.022000,187.0,189.0,265.0,254.0,False,SOFT,20.0,False,Ferrari,0 days 00:41:44.918000,2026-06-06 10:58:05.277,1,,,,False,True,FP3
0 days 00:51:54.650000,HAM,44,,21.0,2.0,,0 days 00:44:17.920000,0 days 00:00:19.650000,0 days 00:00:36.173000,,0 days 00:43:24.927000,0 days 00:44:01.076000,,198.0,159.0,,280.0,False,SOFT,21.0,False,Ferrari,0 days 00:43:05.022000,2026-06-06 10:59:25.381,1,,,,False,False,FP3
0 days 00:53:28.401000,HAM,44,0 days 00:01:33.751000,22.0,3.0,0 days 00:51:55.325000,,0 days 00:00:30.130000,0 days 00:00:41.496000,0 days 00:00:22.125000,0 days 00:52:24.780000,0 days 00:53:06.276000,0 days 00:53:28.401000,104.0,169.0,256.0,250.0,False,SOFT,1.0,True,Ferrari,0 days 00:51:54.650000,2026-06-06 11:08:15.009,1,,,,False,False,FP3
0 days 00:54:57.127000,HAM,44,0 days 00:01:28.726000,23.0,3.0,,,0 days 00:00:21.320000,0 days 00:00:40.781000,0 days 00:00:26.625000,0 days 00:53:49.721000,0 days 00:54:30.502000,0 days 00:54:57.127000,187.0,100.0,261.0,278.0,False,SOFT,2.0,True,Ferrari,0 days 00:53:28.401000,2026-06-06 11:09:48.760,1,,,,False,True,FP3
0 days 00:56:22.825000,HAM,44,0 days 00:01:25.698000,24.0,3.0,,,0 days 00:00:21.895000,0 days 00:00:42.238000,0 days 00:00:21.565000,0 days 00:55:19.022000,0 days 00:56:01.260000,0 days 00:56:22.825000,178.0,139.0,263.0,253.0,False,SOFT,3.0,True,Ferrari,0 days 00:54:57.127000,2026-06-06 11:11:17.486,1,,,,False,True,FP3
0 days 00:57:35.876000,HAM,44,0 days 00:01:13.051000,25.0,3.0,,,0 days 00:00:19.346000,0 days 00:00:34.385000,0 days 00:00:19.320000,0 days 00:56:42.171000,0 days 00:57:16.556000,0 days 00:57:35.876000,216.0,200.0,264.0,279.0,True,SOFT,4.0,True,Ferrari,0 days 00:56:22.825000,2026-06-06 11:12:43.184,1,,,,False,True,FP3
0 days 01:11:10.785000,HAM,44,,26.0,3.0,,0 days 00:59:14.466000,0 days 00:00:26.225000,,,0 days 00:58:02.252000,,,148.0,,,200.0,False,SOFT,5.0,True,Ferrari,0 days 00:57:35.876000,2026-06-06 11:13:56.235,125,,,,False,False,FP3
0 days 01:12:44.744000,HAM,44,0 days 00:01:33.959000,27.0,4.0,0 days 01:11:11.379000,,0 days 00:00:26.839000,0 days 00:00:42.949000,0 days 00:00:24.171000,0 days 01:11:37.624000,0 days 01:12:20.573000,0 days 01:12:44.744000,169.0,168.0,253.0,262.0,False,SOFT,6.0,False,Ferrari,0 days 01:11:11.379000,2026-06-06 11:27:31.738,1,,,,False,False,FP3
0 days 01:14:13.072000,HAM,44,0 days 00:01:28.328000,28.0,4.0,,,0 days 00:00:21.139000,0 days 00:00:46.138000,0 days 00:00:21.051000,0 days 01:13:05.883000,0 days 01:13:52.021000,0 days 01:14:13.072000,188.0,183.0,263.0,249.0,False,SOFT,7.0,False,Ferrari,0 days 01:12:44.744000,2026-06-06 11:29:05.103,1,,,,False,True,FP3
0 days 01:16:17.411000,HAM,44,0 days 00:02:04.339000,29.0,4.0,,,0 days 00:00:21.106000,0 days 00:00:45.973000,0 days 00:00:57.260000,0 days 01:14:34.178000,0 days 01:15:20.151000,0 days 01:16:17.411000,132.0,144.0,32.0,220.0,False,SOFT,8.0,False,Ferrari,0 days 01:14:13.072000,2026-06-06 11:30:33.431,1,,,,False,True,FP3
0 days 01:17:37.086000,HAM,44,,30.0,4.0,,0 days 01:17:37.086000,0 days 00:00:25.742000,0 days 00:00:37.256000,,0 days 01:16:43.294000,0 days 01:17:20.484000,,169.0,187.0,,260.0,False,SOFT,9.0,False,Ferrari,0 days 01:16:17.411000,2026-06-06 11:32:37.770,1,,,,False,False,FP3
0 days 00:22:06.717000,BOR,5,0 days 00:01:35.547000,1.0,1.0,0 days 00:20:31.953000,,0 days 00:00:31.993000,0 days 00:00:40.842000,0 days 00:00:22.712000,0 days 00:21:03.375000,0 days 00:21:44.250000,0 days 00:22:06.881000,97.0,168.0,263.0,269.0,False,SOFT,1.0,True,Audi,0 days 00:20:31.953000,2026-06-06 10:36:52.312,1,,,,False,False,FP3
0 days 00:23:28.541000,BOR,5,0 days 00:01:21.824000,2.0,1.0,,,0 days 00:00:20.671000,0 days 00:00:38.209000,0 days 00:00:22.944000,0 days 00:22:27.388000,0 days 00:23:05.597000,0 days 00:23:28.541000,188.0,161.0,264.0,282.0,True,SOFT,2.0,True,Audi,0 days 00:22:06.717000,2026-06-06 10:38:27.076,1,,,,False,True,FP3
0 days 00:24:43.911000,BOR,5,0 days 00:01:15.370000,3.0,1.0,,,0 days 00:00:19.703000,0 days 00:00:35.669000,0 days 00:00:19.998000,0 days 00:23:48.244000,0 days 00:24:23.913000,0 days 00:24:43.911000,204.0,195.0,265.0,282.0,True,SOFT,3.0,True,Audi,0 days 00:23:28.541000,2026-06-06 10:39:48.900,1,,,,False,True,FP3
0 days 00:26:22.694000,BOR,5,0 days 00:01:38.783000,4.0,1.0,,,0 days 00:00:26.336000,0 days 00:00:44,0 days 00:00:28.447000,0 days 00:25:10.247000,0 days 00:25:54.247000,0 days 00:26:22.694000,155.0,147.0,252.0,248.0,False,SOFT,4.0,True,Audi,0 days 00:24:43.911000,2026-06-06 10:41:04.270,1,,,,False,True,FP3
0 days 00:27:48.014000,BOR,5,0 days 00:01:25.320000,5.0,1.0,,,0 days 00:00:20.716000,0 days 00:00:40.949000,0 days 00:00:23.655000,0 days 00:26:43.410000,0 days 00:27:24.359000,0 days 00:27:48.014000,158.0,154.0,263.0,274.0,False,SOFT,5.0,True,Audi,0 days 00:26:22.694000,2026-06-06 10:42:43.053,1,,,,False,True,FP3
0 days 00:29:03.089000,BOR,5,0 days 00:01:15.075000,6.0,1.0,,,0 days 00:00:19.862000,0 days 00:00:35.246000,0 days 00:00:19.967000,0 days 00:28:07.876000,0 days 00:28:43.122000,0 days 00:29:03.089000,209.0,195.0,264.0,282.0,True,SOFT,6.0,True,Audi,0 days 00:27:48.014000,2026-06-06 10:44:08.373,1,,,,False,True,FP3
0 days 00:30:51.957000,BOR,5,0 days 00:01:48.868000,7.0,1.0,,0 days 00:30:24.465000,0 days 00:00:23.746000,0 days 00:00:40.950000,0 days 00:00:44.172000,0 days 00:29:26.835000,0 days 00:30:07.785000,0 days 00:30:51.957000,154.0,174.0,,264.0,False,SOFT,7.0,True,Audi,0 days 00:29:03.089000,2026-06-06 10:45:23.448,1,,,,False,False,FP3
0 days 00:32:21.700000,BOR,5,0 days 00:01:29.743000,8.0,2.0,0 days 00:30:52.653000,,0 days 00:00:24.103000,0 days 00:00:43.527000,0 days 00:00:22.113000,0 days 00:31:16.060000,0 days 00:31:59.587000,0 days 00:32:21.700000,180.0,159.0,265.0,255.0,False,SOFT,8.0,False,Audi,0 days 00:30:51.957000,2026-06-06 10:47:12.316,1,,,,False,False,FP3
0 days 00:33:36.481000,BOR,5,0 days 00:01:14.781000,9.0,2.0,,,0 days 00:00:19.701000,0 days 00:00:35.271000,0 days 00:00:19.809000,0 days 00:32:41.401000,0 days 00:33:16.672000,0 days 00:33:36.481000,214.0,194.0,264.0,282.0,True,SOFT,9.0,False,Audi,0 days 00:32:21.700000,2026-06-06 10:48:42.059,1,,,,False,True,FP3
0 days 00:35:11.427000,BOR,5,0 days 00:01:34.946000,10.0,2.0,,,0 days 00:00:29.376000,0 days 00:00:43.621000,0 days 00:00:21.949000,0 days 00:34:05.857000,0 days 00:34:49.478000,0 days 00:35:11.427000,157.0,161.0,265.0,269.0,False,SOFT,10.0,False,Audi,0 days 00:33:36.481000,2026-06-06 10:49:56.840,1,,,,False,True,FP3
0 days 00:36:25.556000,BOR,5,0 days 00:01:14.129000,11.0,2.0,,,0 days 00:00:19.445000,0 days 00:00:34.976000,0 days 00:00:19.708000,0 days 00:35:30.872000,0 days 00:36:05.848000,0 days 00:36:25.556000,213.0,193.0,265.0,283.0,True,SOFT,11.0,False,Audi,0 days 00:35:11.427000,2026-06-06 10:51:31.786,1,,,,False,True,FP3
0 days 00:38:07.945000,BOR,5,0 days 00:01:42.389000,12.0,2.0,,,0 days 00:00:28.282000,0 days 00:00:43.780000,0 days 00:00:30.327000,0 days 00:36:53.838000,0 days 00:37:37.618000,0 days 00:38:07.945000,83.0,121.0,253.0,271.0,False,SOFT,12.0,False,Audi,0 days 00:36:25.556000,2026-06-06 10:52:45.915,1,,,,False,True,FP3
0 days 00:39:37.290000,BOR,5,0 days 00:01:29.345000,13.0,2.0,,,0 days 00:00:19.811000,0 days 00:00:46.389000,0 days 00:00:23.145000,0 days 00:38:27.756000,0 days 00:39:14.145000,0 days 00:39:37.290000,207.0,55.0,265.0,250.0,False,SOFT,13.0,False,Audi,0 days 00:38:07.945000,2026-06-06 10:54:28.304,1,,,,False,True,FP3
0 days 00:40:52.319000,BOR,5,0 days 00:01:15.029000,14.0,2.0,,,0 days 00:00:19.596000,0 days 00:00:35.076000,0 days 00:00:20.357000,0 days 00:39:56.886000,0 days 00:40:31.962000,0 days 00:40:52.319000,209.0,193.0,262.0,282.0,False,SOFT,14.0,False,Audi,0 days 00:39:37.290000,2026-06-06 10:55:57.649,1,,,,False,True,FP3
0 days 00:42:28.189000,BOR,5,0 days 00:01:35.870000,15.0,2.0,,,0 days 00:00:25.462000,0 days 00:00:47.356000,0 days 00:00:23.052000,0 days 00:41:17.781000,0 days 00:42:05.137000,0 days 00:42:28.189000,164.0,162.0,265.0,260.0,False,SOFT,15.0,False,Audi,0 days 00:40:52.319000,2026-06-06 10:57:12.678,12,,,,False,True,FP3
0 days 00:43:42.374000,BOR,5,0 days 00:01:14.185000,16.0,2.0,,,0 days 00:00:19.394000,0 days 00:00:35.176000,0 days 00:00:19.615000,0 days 00:42:47.583000,0 days 00:43:22.759000,0 days 00:43:42.374000,217.0,197.0,266.0,281.0,False,SOFT,16.0,False,Audi,0 days 00:42:28.189000,2026-06-06 10:58:48.548,1,,,,False,True,FP3
0 days 00:51:56.932000,BOR,5,,17.0,2.0,,0 days 00:44:55.667000,0 days 00:00:20.601000,0 days 00:00:36.557000,,0 days 00:44:03.199000,0 days 00:44:39.722000,,192.0,155.0,,282.0,False,SOFT,17.0,False,Audi,0 days 00:43:42.374000,2026-06-06 11:00:02.733,1,,,,False,False,FP3
0 days 00:53:30.909000,BOR,5,0 days 00:01:33.977000,18.0,3.0,0 days 00:51:57.591000,,0 days 00:00:33.074000,0 days 00:00:38.676000,0 days 00:00:22.227000,0 days 00:52:30.006000,0 days 00:53:08.682000,0 days 00:53:30.909000,157.0,179.0,263.0,261.0,False,SOFT,1.0,True,Audi,0 days 00:51:56.932000,2026-06-06 11:08:17.291,1,,,,False,False,FP3
0 days 00:55:01.868000,BOR,5,0 days 00:01:30.959000,19.0,3.0,,,0 days 00:00:20.382000,0 days 00:00:41.138000,0 days 00:00:29.439000,0 days 00:53:51.291000,0 days 00:54:32.429000,0 days 00:55:01.868000,185.0,109.0,262.0,246.0,False,SOFT,2.0,True,Audi,0 days 00:53:30.909000,2026-06-06 11:09:51.268,1,,,,False,True,FP3
0 days 00:56:18.244000,BOR,5,0 days 00:01:16.376000,20.0,3.0,,,0 days 00:00:19.817000,0 days 00:00:35.799000,0 days 00:00:20.760000,0 days 00:55:21.685000,0 days 00:55:57.484000,0 days 00:56:18.244000,200.0,195.0,263.0,282.0,False,SOFT,3.0,True,Audi,0 days 00:55:01.868000,2026-06-06 11:11:22.227,1,,,,False,True,FP3
0 days 00:57:32.064000,BOR,5,0 days 00:01:13.820000,21.0,3.0,,,0 days 00:00:19.482000,0 days 00:00:34.818000,0 days 00:00:19.520000,0 days 00:56:37.726000,0 days 00:57:12.544000,0 days 00:57:32.064000,210.0,191.0,266.0,280.0,True,SOFT,4.0,True,Audi,0 days 00:56:18.244000,2026-06-06 11:12:38.603,1,,,,False,True,FP3
0 days 01:10:03.726000,BOR,5,,22.0,3.0,,0 days 00:59:18.778000,0 days 00:00:31.392000,,,0 days 00:58:03.709000,,,93.0,,,264.0,False,SOFT,5.0,True,Audi,0 days 00:57:32.064000,2026-06-06 11:13:52.423,125,,,,False,False,FP3
0 days 01:11:33.560000,BOR,5,0 days 00:01:29.834000,23.0,4.0,0 days 01:10:05.147000,,0 days 00:00:29.260000,0 days 00:00:39.031000,0 days 00:00:21.543000,0 days 01:10:32.986000,0 days 01:11:12.017000,0 days 01:11:33.560000,153.0,180.0,240.0,249.0,False,SOFT,6.0,False,Audi,0 days 01:10:05.147000,2026-06-06 11:26:25.506,1,,,,False,False,FP3
0 days 01:13:01.662000,BOR,5,0 days 00:01:28.102000,24.0,4.0,,,0 days 00:00:20.820000,0 days 00:00:37.051000,0 days 00:00:30.231000,0 days 01:11:54.380000,0 days 01:12:31.431000,0 days 01:13:01.662000,184.0,172.0,262.0,277.0,False,SOFT,7.0,False,Audi,0 days 01:11:33.560000,2026-06-06 11:27:53.919,1,,,,False,True,FP3
0 days 01:14:16.301000,BOR,5,0 days 00:01:14.639000,25.0,4.0,,,0 days 00:00:19.555000,0 days 00:00:35.285000,0 days 00:00:19.799000,0 days 01:13:21.217000,0 days 01:13:56.502000,0 days 01:14:16.301000,203.0,197.0,266.0,283.0,False,SOFT,8.0,False,Audi,0 days 01:13:01.662000,2026-06-06 11:29:22.021,1,,,,False,True,FP3
0 days 01:16:30.224000,BOR,5,0 days 00:02:13.923000,26.0,4.0,,,0 days 00:00:26.056000,0 days 00:00:45.095000,0 days 00:01:02.772000,0 days 01:14:42.357000,0 days 01:15:27.452000,0 days 01:16:30.224000,140.0,128.0,91.0,178.0,False,SOFT,9.0,False,Audi,0 days 01:14:16.301000,2026-06-06 11:30:36.660,1,,,,False,True,FP3
0 days 01:17:53.107000,BOR,5,,27.0,4.0,,0 days 01:17:53.107000,0 days 00:00:24.852000,0 days 00:00:40.900000,,0 days 01:16:55.316000,0 days 01:17:36.068000,,151.0,155.0,,262.0,False,SOFT,10.0,False,Audi,0 days 01:16:30.224000,2026-06-06 11:32:50.583,1,,,,False,False,FP3
0 days 00:23:52.369000,SAI,55,0 days 00:01:31.275000,1.0,1.0,0 days 00:22:21.668000,,0 days 00:00:27.005000,0 days 00:00:41.456000,0 days 00:00:22.814000,0 days 00:22:48.370000,0 days 00:23:29.804000,0 days 00:23:52.492000,162.0,179.0,263.0,260.0,False,SOFT,1.0,True,Williams,0 days 00:22:21.668000,2026-06-06 10:38:42.027,1,,,,False,False,FP3
0 days 00:25:20.772000,SAI,55,0 days 00:01:28.403000,2.0,1.0,,,0 days 00:00:20.733000,0 days 00:00:45.400000,0 days 00:00:22.270000,0 days 00:24:13.102000,0 days 00:24:58.502000,0 days 00:25:20.772000,189.0,178.0,265.0,276.0,True,SOFT,2.0,True,Williams,0 days 00:23:52.369000,2026-06-06 10:40:12.728,1,,,,False,True,FP3
0 days 00:26:39.859000,SAI,55,0 days 00:01:19.087000,3.0,1.0,,,0 days 00:00:19.865000,0 days 00:00:35.741000,0 days 00:00:23.481000,0 days 00:25:40.637000,0 days 00:26:16.378000,0 days 00:26:39.859000,202.0,190.0,265.0,283.0,True,SOFT,3.0,True,Williams,0 days 00:25:20.772000,2026-06-06 10:41:41.131,1,,,,False,True,FP3
0 days 00:27:55.245000,SAI,55,0 days 00:01:15.386000,4.0,1.0,,,0 days 00:00:19.747000,0 days 00:00:35.469000,0 days 00:00:20.170000,0 days 00:26:59.606000,0 days 00:27:35.075000,0 days 00:27:55.245000,211.0,193.0,265.0,284.0,True,SOFT,4.0,True,Williams,0 days 00:26:39.859000,2026-06-06 10:43:00.218,1,,,,False,True,FP3
0 days 00:29:39.592000,SAI,55,0 days 00:01:44.347000,5.0,1.0,,,0 days 00:00:29.594000,0 days 00:00:53.287000,0 days 00:00:21.466000,0 days 00:28:24.839000,0 days 00:29:18.126000,0 days 00:29:39.592000,89.0,175.0,265.0,238.0,False,SOFT,5.0,True,Williams,0 days 00:27:55.245000,2026-06-06 10:44:15.604,1,,,,False,True,FP3
0 days 00:31:10.916000,SAI,55,0 days 00:01:31.324000,6.0,1.0,,,0 days 00:00:22.203000,0 days 00:00:45.530000,0 days 00:00:23.591000,0 days 00:30:01.795000,0 days 00:30:47.325000,0 days 00:31:10.916000,102.0,179.0,262.0,239.0,False,SOFT,6.0,True,Williams,0 days 00:29:39.592000,2026-06-06 10:45:59.951,1,,,,False,True,FP3
0 days 00:32:25.714000,SAI,55,0 days 00:01:14.798000,7.0,1.0,,,0 days 00:00:19.731000,0 days 00:00:35.192000,0 days 00:00:19.875000,0 days 00:31:30.647000,0 days 00:32:05.839000,0 days 00:32:25.714000,212.0,193.0,265.0,283.0,True,SOFT,7.0,True,Williams,0 days 00:31:10.916000,2026-06-06 10:47:31.275,1,,,,False,True,FP3
0 days 00:34:09.893000,SAI,55,0 days 00:01:44.179000,8.0,1.0,,,0 days 00:00:28.224000,0 days 00:00:54.121000,0 days 00:00:21.834000,0 days 00:32:53.938000,0 days 00:33:48.059000,0 days 00:34:09.893000,82.0,172.0,265.0,238.0,False,SOFT,8.0,True,Williams,0 days 00:32:25.714000,2026-06-06 10:48:46.073,1,,,,False,True,FP3
0 days 00:35:44.103000,SAI,55,0 days 00:01:34.210000,9.0,1.0,,,0 days 00:00:19.674000,0 days 00:00:48.847000,0 days 00:00:25.689000,0 days 00:34:29.567000,0 days 00:35:18.414000,0 days 00:35:44.103000,211.0,176.0,265.0,235.0,False,SOFT,9.0,True,Williams,0 days 00:34:09.893000,2026-06-06 10:50:30.252,1,,,,False,True,FP3
0 days 00:37:10.798000,SAI,55,0 days 00:01:26.695000,10.0,1.0,,,0 days 00:00:19.817000,0 days 00:00:45.380000,0 days 00:00:21.498000,0 days 00:36:03.920000,0 days 00:36:49.300000,0 days 00:37:10.798000,211.0,177.0,266.0,242.0,False,SOFT,10.0,True,Williams,0 days 00:35:44.103000,2026-06-06 10:52:04.462,1,,,,False,True,FP3
0 days 00:38:25.936000,SAI,55,0 days 00:01:15.138000,11.0,1.0,,,0 days 00:00:19.830000,0 days 00:00:35.294000,0 days 00:00:20.014000,0 days 00:37:30.628000,0 days 00:38:05.922000,0 days 00:38:25.936000,210.0,195.0,264.0,283.0,False,SOFT,11.0,True,Williams,0 days 00:37:10.798000,2026-06-06 10:53:31.157,1,,,,False,True,FP3
0 days 00:40:08.825000,SAI,55,0 days 00:01:42.889000,12.0,1.0,,,0 days 00:00:28.661000,0 days 00:00:52.172000,0 days 00:00:22.056000,0 days 00:38:54.597000,0 days 00:39:46.769000,0 days 00:40:08.825000,89.0,173.0,265.0,236.0,False,SOFT,12.0,True,Williams,0 days 00:38:25.936000,2026-06-06 10:54:46.295,1,,,,False,True,FP3
0 days 00:41:23.932000,SAI,55,0 days 00:01:15.107000,13.0,1.0,,,0 days 00:00:19.785000,0 days 00:00:35.351000,0 days 00:00:19.971000,0 days 00:40:28.610000,0 days 00:41:03.961000,0 days 00:41:23.932000,210.0,194.0,265.0,281.0,False,SOFT,13.0,True,Williams,0 days 00:40:08.825000,2026-06-06 10:56:29.184,12,,,,False,True,FP3
0 days 00:43:08.027000,SAI,55,0 days 00:01:44.095000,14.0,1.0,,,0 days 00:00:28.562000,0 days 00:00:52.915000,0 days 00:00:22.618000,0 days 00:41:52.494000,0 days 00:42:45.409000,0 days 00:43:08.027000,82.0,171.0,265.0,240.0,False,SOFT,14.0,True,Williams,0 days 00:41:23.932000,2026-06-06 10:57:44.291,1,,,,False,True,FP3
0 days 00:44:35.927000,SAI,55,0 days 00:01:27.900000,15.0,1.0,,,0 days 00:00:20.712000,0 days 00:00:45.329000,0 days 00:00:21.859000,0 days 00:43:28.739000,0 days 00:44:14.068000,0 days 00:44:35.927000,164.0,183.0,265.0,240.0,False,SOFT,15.0,True,Williams,0 days 00:43:08.027000,2026-06-06 10:59:28.386,1,,,,False,True,FP3
0 days 00:45:50.859000,SAI,55,0 days 00:01:14.932000,16.0,1.0,,,0 days 00:00:19.643000,0 days 00:00:35.405000,0 days 00:00:19.884000,0 days 00:44:55.570000,0 days 00:45:30.975000,0 days 00:45:50.859000,212.0,197.0,265.0,281.0,False,SOFT,16.0,True,Williams,0 days 00:44:35.927000,2026-06-06 11:00:56.286,1,,,,False,True,FP3
0 days 00:53:30.086000,SAI,55,,17.0,1.0,,0 days 00:47:14.469000,0 days 00:00:25.624000,0 days 00:00:42.116000,,0 days 00:46:16.827000,0 days 00:46:58.953000,,134.0,161.0,,228.0,False,SOFT,17.0,True,Williams,0 days 00:45:50.859000,2026-06-06 11:02:11.218,1,,,,False,False,FP3
0 days 00:55:05.391000,SAI,55,0 days 00:01:35.305000,18.0,2.0,0 days 00:53:30.768000,,0 days 00:00:25.684000,0 days 00:00:43.104000,0 days 00:00:26.517000,0 days 00:53:55.770000,0 days 00:54:38.874000,0 days 00:55:05.391000,173.0,176.0,254.0,264.0,False,SOFT,1.0,True,Williams,0 days 00:53:30.086000,2026-06-06 11:09:50.445,1,,,,False,False,FP3
0 days 00:56:27.471000,SAI,55,0 days 00:01:22.080000,19.0,2.0,,,0 days 00:00:20.329000,0 days 00:00:36.679000,0 days 00:00:25.072000,0 days 00:55:25.720000,0 days 00:56:02.399000,0 days 00:56:27.471000,198.0,184.0,263.0,279.0,False,SOFT,2.0,True,Williams,0 days 00:55:05.391000,2026-06-06 11:11:25.750,1,,,,False,True,FP3
0 days 00:57:50.973000,SAI,55,0 days 00:01:23.502000,20.0,2.0,,,0 days 00:00:20.679000,0 days 00:00:41.625000,0 days 00:00:21.198000,0 days 00:56:48.150000,0 days 00:57:29.775000,0 days 00:57:50.973000,169.0,182.0,266.0,232.0,False,SOFT,3.0,True,Williams,0 days 00:56:27.471000,2026-06-06 11:12:47.830,1,,,,False,True,FP3
0 days 01:10:36.270000,SAI,55,,21.0,2.0,,0 days 00:59:08.356000,0 days 00:00:19.482000,,,0 days 00:58:10.613000,,,214.0,,,284.0,False,SOFT,4.0,True,Williams,0 days 00:57:50.973000,2026-06-06 11:14:11.332,125,,,,False,False,FP3
0 days 01:12:10.254000,SAI,55,0 days 00:01:33.984000,22.0,3.0,0 days 01:10:37.459000,,0 days 00:00:30.205000,0 days 00:00:40.851000,0 days 00:00:22.928000,0 days 01:11:06.475000,0 days 01:11:47.326000,0 days 01:12:10.254000,154.0,178.0,261.0,240.0,False,SOFT,5.0,False,Williams,0 days 01:10:37.459000,2026-06-06 11:26:57.818,1,,,,False,False,FP3
0 days 01:13:29.260000,SAI,55,0 days 00:01:19.006000,23.0,3.0,,,0 days 00:00:20.527000,0 days 00:00:36.593000,0 days 00:00:21.886000,0 days 01:12:30.781000,0 days 01:13:07.374000,0 days 01:13:29.260000,197.0,190.0,264.0,280.0,False,SOFT,6.0,False,Williams,0 days 01:12:10.254000,2026-06-06 11:28:30.613,1,,,,False,True,FP3
0 days 01:14:43.596000,SAI,55,0 days 00:01:14.336000,24.0,3.0,,,0 days 00:00:19.612000,0 days 00:00:35.013000,0 days 00:00:19.711000,0 days 01:13:48.872000,0 days 01:14:23.885000,0 days 01:14:43.596000,214.0,191.0,263.0,282.0,True,SOFT,7.0,False,Williams,0 days 01:13:29.260000,2026-06-06 11:29:49.619,1,,,,False,True,FP3
0 days 01:16:50.867000,SAI,55,0 days 00:02:07.271000,25.0,3.0,,,0 days 00:00:20.348000,0 days 00:00:46.444000,0 days 00:01:00.479000,0 days 01:15:03.944000,0 days 01:15:50.388000,0 days 01:16:50.867000,143.0,143.0,167.0,241.0,False,SOFT,8.0,False,Williams,0 days 01:14:43.596000,2026-06-06 11:31:03.955,1,,,,False,True,FP3
0 days 01:18:15.172000,SAI,55,,26.0,3.0,,0 days 01:18:15.172000,0 days 00:00:23.509000,0 days 00:00:43.442000,,0 days 01:17:14.585000,0 days 01:17:58.017000,,158.0,158.0,,220.0,False,SOFT,9.0,False,Williams,0 days 01:16:50.867000,2026-06-06 11:33:11.226,1,,,,False,False,FP3
0 days 00:25:41.290000,HAD,6,0 days 00:01:28.393000,1.0,1.0,0 days 00:24:13.664000,,0 days 00:00:27.528000,0 days 00:00:39.188000,0 days 00:00:21.677000,0 days 00:24:40.649000,0 days 00:25:19.804000,0 days 00:25:41.382000,163.0,170.0,255.0,268.0,False,SOFT,1.0,True,Red Bull Racing,0 days 00:24:13.664000,2026-06-06 10:40:34.023,1,,,,False,False,FP3
0 days 00:27:01.699000,HAD,6,0 days 00:01:20.409000,2.0,1.0,,,0 days 00:00:20.968000,0 days 00:00:37.961000,0 days 00:00:21.480000,0 days 00:26:02.258000,0 days 00:26:40.219000,0 days 00:27:01.699000,197.0,180.0,261.0,270.0,True,SOFT,2.0,True,Red Bull Racing,0 days 00:25:41.290000,2026-06-06 10:42:01.649,1,,,,False,True,FP3
0 days 00:28:16.492000,HAD,6,0 days 00:01:14.793000,3.0,1.0,,,0 days 00:00:19.518000,0 days 00:00:35.435000,0 days 00:00:19.840000,0 days 00:27:21.217000,0 days 00:27:56.652000,0 days 00:28:16.492000,212.0,189.0,264.0,280.0,True,SOFT,3.0,True,Red Bull Racing,0 days 00:27:01.699000,2026-06-06 10:43:22.058,1,,,,False,True,FP3
0 days 00:29:31.105000,HAD,6,0 days 00:01:14.613000,4.0,1.0,,,0 days 00:00:19.624000,0 days 00:00:35.171000,0 days 00:00:19.818000,0 days 00:28:36.116000,0 days 00:29:11.287000,0 days 00:29:31.105000,213.0,194.0,264.0,281.0,True,SOFT,4.0,True,Red Bull Racing,0 days 00:28:16.492000,2026-06-06 10:44:36.851,1,,,,False,True,FP3
0 days 00:31:27.542000,HAD,6,0 days 00:01:56.437000,5.0,1.0,,0 days 00:31:00.042000,0 days 00:00:26.334000,0 days 00:00:45.120000,0 days 00:00:44.983000,0 days 00:29:57.439000,0 days 00:30:42.559000,0 days 00:31:27.542000,77.0,135.0,,233.0,False,SOFT,5.0,True,Red Bull Racing,0 days 00:29:31.105000,2026-06-06 10:45:51.464,1,,,,False,False,FP3
0 days 00:32:57.990000,HAD,6,0 days 00:01:30.448000,6.0,2.0,0 days 00:31:28.264000,,0 days 00:00:28.741000,0 days 00:00:40.191000,0 days 00:00:21.516000,0 days 00:31:56.283000,0 days 00:32:36.474000,0 days 00:32:57.990000,172.0,174.0,259.0,245.0,False,SOFT,6.0,False,Red Bull Racing,0 days 00:31:27.542000,2026-06-06 10:47:47.901,1,,,,False,False,FP3
0 days 00:34:12.394000,HAD,6,0 days 00:01:14.404000,7.0,2.0,,,0 days 00:00:19.499000,0 days 00:00:35.141000,0 days 00:00:19.764000,0 days 00:33:17.489000,0 days 00:33:52.630000,0 days 00:34:12.394000,216.0,190.0,262.0,280.0,True,SOFT,7.0,False,Red Bull Racing,0 days 00:32:57.990000,2026-06-06 10:49:18.349,1,,,,False,True,FP3
0 days 00:35:39.493000,HAD,6,0 days 00:01:27.099000,8.0,2.0,,,0 days 00:00:23.313000,0 days 00:00:39.353000,0 days 00:00:24.433000,0 days 00:34:35.707000,0 days 00:35:15.060000,0 days 00:35:39.493000,173.0,172.0,260.0,250.0,False,SOFT,8.0,False,Red Bull Racing,0 days 00:34:12.394000,2026-06-06 10:50:32.753,1,,,,False,True,FP3
0 days 00:36:53.726000,HAD,6,0 days 00:01:14.233000,9.0,2.0,,,0 days 00:00:19.550000,0 days 00:00:34.947000,0 days 00:00:19.736000,0 days 00:35:59.043000,0 days 00:36:33.990000,0 days 00:36:53.726000,216.0,192.0,262.0,281.0,True,SOFT,9.0,False,Red Bull Racing,0 days 00:35:39.493000,2026-06-06 10:51:59.852,1,,,,False,True,FP3
0 days 00:38:18.565000,HAD,6,0 days 00:01:24.839000,10.0,2.0,,,0 days 00:00:25.013000,0 days 00:00:39.488000,0 days 00:00:20.338000,0 days 00:37:18.739000,0 days 00:37:58.227000,0 days 00:38:18.565000,164.0,186.0,255.0,267.0,False,SOFT,10.0,False,Red Bull Racing,0 days 00:36:53.726000,2026-06-06 10:53:14.085,1,,,,False,True,FP3
0 days 00:39:34.557000,HAD,6,0 days 00:01:15.992000,11.0,2.0,,,0 days 00:00:19.717000,0 days 00:00:35.962000,0 days 00:00:20.313000,0 days 00:38:38.282000,0 days 00:39:14.244000,0 days 00:39:34.557000,208.0,191.0,258.0,270.0,False,SOFT,11.0,False,Red Bull Racing,0 days 00:38:18.565000,2026-06-06 10:54:38.924,1,,,,False,True,FP3
0 days 00:40:50.153000,HAD,6,0 days 00:01:15.596000,12.0,2.0,,,0 days 00:00:19.779000,0 days 00:00:35.714000,0 days 00:00:20.103000,0 days 00:39:54.336000,0 days 00:40:30.050000,0 days 00:40:50.153000,211.0,189.0,258.0,270.0,False,SOFT,12.0,False,Red Bull Racing,0 days 00:39:34.557000,2026-06-06 10:55:54.916,1,,,,False,True,FP3
0 days 00:42:11.378000,HAD,6,0 days 00:01:21.225000,13.0,2.0,,,0 days 00:00:19.729000,0 days 00:00:40.287000,0 days 00:00:21.209000,0 days 00:41:09.882000,0 days 00:41:50.169000,0 days 00:42:11.378000,211.0,176.0,260.0,249.0,False,SOFT,13.0,False,Red Bull Racing,0 days 00:40:50.153000,2026-06-06 10:57:10.512,12,,,,False,True,FP3
0 days 00:43:27.097000,HAD,6,0 days 00:01:15.719000,14.0,2.0,,,0 days 00:00:19.936000,0 days 00:00:35.696000,0 days 00:00:20.087000,0 days 00:42:31.314000,0 days 00:43:07.010000,0 days 00:43:27.097000,202.0,187.0,259.0,279.0,False,SOFT,14.0,False,Red Bull Racing,0 days 00:42:11.378000,2026-06-06 10:58:31.737,1,,,,False,True,FP3
0 days 00:51:22.429000,HAD,6,,15.0,2.0,,0 days 00:44:41.907000,0 days 00:00:19.594000,0 days 00:00:38.577000,,0 days 00:43:46.976000,0 days 00:44:25.474000,,207.0,145.0,,259.0,False,SOFT,15.0,False,Red Bull Racing,0 days 00:43:27.097000,2026-06-06 10:59:47.456,1,,,,False,False,FP3
0 days 00:52:52.972000,HAD,6,0 days 00:01:30.543000,16.0,3.0,0 days 00:51:23.419000,,0 days 00:00:28.177000,0 days 00:00:40.030000,0 days 00:00:22.336000,0 days 00:51:50.606000,0 days 00:52:30.636000,0 days 00:52:52.972000,161.0,163.0,256.0,250.0,False,SOFT,1.0,True,Red Bull Racing,0 days 00:51:22.429000,2026-06-06 11:07:42.788,1,,,,False,False,FP3
0 days 00:54:15.023000,HAD,6,0 days 00:01:22.051000,17.0,3.0,,,0 days 00:00:20.870000,0 days 00:00:38.132000,0 days 00:00:23.049000,0 days 00:53:13.842000,0 days 00:53:51.974000,0 days 00:54:15.023000,187.0,171.0,261.0,268.0,False,SOFT,2.0,True,Red Bull Racing,0 days 00:52:52.972000,2026-06-06 11:09:13.331,1,,,,False,True,FP3
0 days 00:55:28.900000,HAD,6,0 days 00:01:13.877000,18.0,3.0,,,0 days 00:00:19.466000,0 days 00:00:34.777000,0 days 00:00:19.634000,0 days 00:54:34.489000,0 days 00:55:09.266000,0 days 00:55:28.900000,213.0,187.0,264.0,280.0,True,SOFT,3.0,True,Red Bull Racing,0 days 00:54:15.023000,2026-06-06 11:10:35.382,1,,,,False,True,FP3
0 days 00:57:15.298000,HAD,6,0 days 00:01:46.398000,19.0,3.0,,0 days 00:56:45.283000,0 days 00:00:19.621000,0 days 00:00:40.589000,0 days 00:00:46.188000,0 days 00:55:48.521000,0 days 00:56:29.110000,0 days 00:57:15.298000,177.0,165.0,,257.0,False,SOFT,4.0,True,Red Bull Racing,0 days 00:55:28.900000,2026-06-06 11:11:49.259,1,,,,False,False,FP3
0 days 01:10:49.903000,HAD,6,,20.0,4.0,0 days 00:57:16.314000,0 days 01:00:33.885000,0 days 00:00:33.494000,0 days 00:00:38.534000,,0 days 00:57:48.986000,0 days 00:58:27.546000,,173.0,179.0,,270.0,False,SOFT,5.0,False,Red Bull Racing,0 days 00:57:15.298000,2026-06-06 11:13:35.657,125,,,,False,False,FP3
0 days 01:12:22.096000,HAD,6,0 days 00:01:32.193000,21.0,5.0,0 days 01:10:50.629000,,0 days 00:00:26.697000,0 days 00:00:42.503000,0 days 00:00:22.993000,0 days 01:11:16.600000,0 days 01:11:59.103000,0 days 01:12:22.096000,178.0,121.0,261.0,233.0,False,SOFT,6.0,False,Red Bull Racing,0 days 01:10:50.629000,2026-06-06 11:27:10.988,1,,,,False,False,FP3
0 days 01:13:38.949000,HAD,6,0 days 00:01:16.853000,22.0,5.0,,,0 days 00:00:19.547000,0 days 00:00:35.040000,0 days 00:00:22.266000,0 days 01:12:41.643000,0 days 01:13:16.683000,0 days 01:13:38.949000,218.0,193.0,260.0,280.0,False,SOFT,7.0,False,Red Bull Racing,0 days 01:12:22.096000,2026-06-06 11:28:42.455,1,,,,False,True,FP3
0 days 01:14:52.909000,HAD,6,0 days 00:01:13.960000,23.0,5.0,,,0 days 00:00:19.501000,0 days 00:00:34.779000,0 days 00:00:19.680000,0 days 01:13:58.450000,0 days 01:14:33.229000,0 days 01:14:52.909000,217.0,187.0,263.0,281.0,False,SOFT,8.0,False,Red Bull Racing,0 days 01:13:38.949000,2026-06-06 11:29:59.308,1,,,,False,True,FP3
0 days 01:17:08.990000,HAD,6,0 days 00:02:16.081000,24.0,5.0,,,0 days 00:00:27.841000,0 days 00:00:43.518000,0 days 00:01:04.722000,0 days 01:15:20.750000,0 days 01:16:04.268000,0 days 01:17:08.990000,147.0,138.0,190.0,247.0,False,SOFT,9.0,False,Red Bull Racing,0 days 01:14:52.909000,2026-06-06 11:31:13.268,1,,,,False,True,FP3
0 days 01:18:34.546000,HAD,6,,25.0,5.0,,0 days 01:18:34.546000,0 days 00:00:25.034000,0 days 00:00:44.915000,,0 days 01:17:34.285000,0 days 01:18:19.130000,,148.0,123.0,,200.0,False,SOFT,10.0,False,Red Bull Racing,0 days 01:17:08.990000,2026-06-06 11:33:29.349,1,,,,False,False,FP3
0 days 00:25:46.076000,RUS,63,0 days 00:01:28.464000,1.0,1.0,0 days 00:24:18.227000,,0 days 00:00:27.155000,0 days 00:00:38.985000,0 days 00:00:22.324000,0 days 00:24:45.019000,0 days 00:25:24.007000,0 days 00:25:46.148000,170.0,182.0,256.0,250.0,False,SOFT,1.0,True,Mercedes,0 days 00:24:18.227000,2026-06-06 10:40:38.586,1,,,,False,False,FP3
0 days 00:27:09.828000,RUS,63,0 days 00:01:23.752000,2.0,1.0,,,0 days 00:00:20.865000,0 days 00:00:42.112000,0 days 00:00:20.775000,0 days 00:26:06.941000,0 days 00:26:49.053000,0 days 00:27:09.828000,196.0,180.0,264.0,259.0,True,SOFT,2.0,True,Mercedes,0 days 00:25:46.076000,2026-06-06 10:42:06.435,1,,,,False,True,FP3
0 days 00:28:23.730000,RUS,63,0 days 00:01:13.902000,3.0,1.0,,,0 days 00:00:19.291000,0 days 00:00:34.983000,0 days 00:00:19.628000,0 days 00:27:29.119000,0 days 00:28:04.102000,0 days 00:28:23.730000,211.0,199.0,265.0,281.0,True,SOFT,3.0,True,Mercedes,0 days 00:27:09.828000,2026-06-06 10:43:30.187,1,,,,False,True,FP3
0 days 00:30:21.245000,RUS,63,0 days 00:01:57.515000,4.0,1.0,,,0 days 00:00:34.884000,0 days 00:00:56.033000,0 days 00:00:26.598000,0 days 00:28:58.614000,0 days 00:29:54.647000,0 days 00:30:21.245000,77.0,129.0,223.0,185.0,False,SOFT,4.0,True,Mercedes,0 days 00:28:23.730000,2026-06-06 10:44:44.089,1,,,,False,True,FP3
0 days 00:31:56.358000,RUS,63,0 days 00:01:35.113000,5.0,1.0,,,0 days 00:00:25.266000,0 days 00:00:48.986000,0 days 00:00:20.861000,0 days 00:30:46.511000,0 days 00:31:35.497000,0 days 00:31:56.358000,181.0,160.0,262.0,236.0,False,SOFT,5.0,True,Mercedes,0 days 00:30:21.245000,2026-06-06 10:46:41.604,1,,,,False,True,FP3
0 days 00:33:16.458000,RUS,63,0 days 00:01:20.100000,6.0,1.0,,,0 days 00:00:19.338000,0 days 00:00:40.036000,0 days 00:00:20.726000,0 days 00:32:15.696000,0 days 00:32:55.732000,0 days 00:33:16.458000,216.0,172.0,263.0,244.0,False,SOFT,6.0,True,Mercedes,0 days 00:31:56.358000,2026-06-06 10:48:16.717,1,,,,False,True,FP3
0 days 00:34:29.941000,RUS,63,0 days 00:01:13.483000,7.0,1.0,,,0 days 00:00:19.247000,0 days 00:00:34.687000,0 days 00:00:19.549000,0 days 00:33:35.705000,0 days 00:34:10.392000,0 days 00:34:29.941000,216.0,201.0,263.0,281.0,True,SOFT,7.0,True,Mercedes,0 days 00:33:16.458000,2026-06-06 10:49:36.817,1,,,,False,True,FP3
0 days 00:36:20.270000,RUS,63,0 days 00:01:50.329000,8.0,1.0,,,0 days 00:00:33.053000,0 days 00:00:56.448000,0 days 00:00:20.828000,0 days 00:35:02.994000,0 days 00:35:59.442000,0 days 00:36:20.270000,117.0,180.0,264.0,172.0,False,SOFT,8.0,True,Mercedes,0 days 00:34:29.941000,2026-06-06 10:50:50.300,1,,,,False,True,FP3
0 days 00:37:33.926000,RUS,63,0 days 00:01:13.656000,9.0,1.0,,,0 days 00:00:19.378000,0 days 00:00:34.770000,0 days 00:00:19.508000,0 days 00:36:39.648000,0 days 00:37:14.418000,0 days 00:37:33.926000,214.0,201.0,263.0,282.0,False,SOFT,9.0,True,Mercedes,0 days 00:36:20.270000,2026-06-06 10:52:40.629,1,,,,False,True,FP3
0 days 00:40:25.454000,RUS,63,,10.0,1.0,,0 days 00:39:09.148000,0 days 00:00:30.237000,0 days 00:00:46.251000,0 days 00:01:34.908000,0 days 00:38:04.319000,0 days 00:38:50.648000,0 days 00:40:25.497000,103.0,148.0,,205.0,False,SOFT,10.0,True,Mercedes,0 days 00:37:33.926000,2026-06-06 10:53:54.285,1,,,,False,False,FP3
0 days 00:41:54.524000,RUS,63,0 days 00:01:29.070000,11.0,2.0,0 days 00:40:26.044000,,0 days 00:00:25.046000,0 days 00:00:43.352000,0 days 00:00:20.672000,0 days 00:40:50.500000,0 days 00:41:33.852000,0 days 00:41:54.524000,182.0,180.0,263.0,237.0,False,SOFT,11.0,False,Mercedes,0 days 00:40:25.454000,2026-06-06 10:56:45.813,12,,,,False,False,FP3
0 days 00:43:11.286000,RUS,63,0 days 00:01:16.762000,12.0,2.0,,,0 days 00:00:19.235000,0 days 00:00:34.543000,0 days 00:00:22.984000,0 days 00:42:13.759000,0 days 00:42:48.302000,0 days 00:43:11.286000,215.0,200.0,218.0,281.0,False,SOFT,12.0,False,Mercedes,0 days 00:41:54.524000,2026-06-06 10:58:14.883,1,,,,False,True,FP3
0 days 00:50:36.523000,RUS,63,,13.0,2.0,,0 days 00:44:43.475000,0 days 00:00:33.599000,0 days 00:00:43.051000,,0 days 00:43:45.005000,0 days 00:44:28.077000,,86.0,170.0,,243.0,False,SOFT,13.0,False,Mercedes,0 days 00:43:11.286000,2026-06-06 10:59:31.645,1,,,,False,False,FP3
0 days 00:52:01.153000,RUS,63,0 days 00:01:24.630000,14.0,3.0,0 days 00:50:37.372000,,0 days 00:00:26.031000,0 days 00:00:37.485000,0 days 00:00:21.114000,0 days 00:51:02.554000,0 days 00:51:40.039000,0 days 00:52:01.153000,192.0,179.0,256.0,267.0,False,SOFT,1.0,True,Mercedes,0 days 00:50:36.523000,2026-06-06 11:06:56.882,1,,,,False,False,FP3
0 days 00:53:24.772000,RUS,63,0 days 00:01:23.619000,15.0,3.0,,,0 days 00:00:21.005000,0 days 00:00:42.065000,0 days 00:00:20.549000,0 days 00:52:22.158000,0 days 00:53:04.223000,0 days 00:53:24.772000,198.0,179.0,264.0,250.0,False,SOFT,2.0,True,Mercedes,0 days 00:52:01.153000,2026-06-06 11:08:21.512,1,,,,False,True,FP3
0 days 00:54:50.166000,RUS,63,0 days 00:01:25.394000,16.0,3.0,,,0 days 00:00:19.243000,0 days 00:00:43.623000,0 days 00:00:22.528000,0 days 00:53:44.015000,0 days 00:54:27.638000,0 days 00:54:50.166000,215.0,148.0,263.0,203.0,False,SOFT,3.0,True,Mercedes,0 days 00:53:24.772000,2026-06-06 11:09:45.131,1,,,,False,True,FP3
0 days 00:56:05.892000,RUS,63,0 days 00:01:15.726000,17.0,3.0,,,0 days 00:00:19.349000,0 days 00:00:34.445000,0 days 00:00:21.932000,0 days 00:55:09.515000,0 days 00:55:43.960000,0 days 00:56:05.892000,216.0,196.0,166.0,279.0,False,SOFT,4.0,True,Mercedes,0 days 00:54:50.166000,2026-06-06 11:11:10.525,1,,,,False,True,FP3
0 days 00:58:01.455000,RUS,63,0 days 00:01:55.563000,18.0,3.0,,,0 days 00:00:34.264000,0 days 00:00:58.551000,0 days 00:00:22.748000,0 days 00:56:40.156000,0 days 00:57:38.707000,0 days 00:58:01.455000,86.0,177.0,201.0,151.0,False,SOFT,5.0,True,Mercedes,0 days 00:56:05.892000,2026-06-06 11:12:26.251,1,,,,False,True,FP3
0 days 01:11:02.631000,RUS,63,,19.0,3.0,,0 days 00:59:47.182000,0 days 00:00:35.936000,,,0 days 00:58:37.611000,,,154.0,,,,False,SOFT,6.0,True,Mercedes,0 days 00:58:01.455000,2026-06-06 11:14:21.814,125,,,,False,False,FP3
0 days 01:12:33.746000,RUS,63,0 days 00:01:31.115000,20.0,4.0,0 days 01:11:03.676000,,0 days 00:00:30.539000,0 days 00:00:39.127000,0 days 00:00:21.449000,0 days 01:11:33.170000,0 days 01:12:12.297000,0 days 01:12:33.746000,171.0,182.0,256.0,263.0,False,SOFT,7.0,False,Mercedes,0 days 01:11:03.676000,2026-06-06 11:27:24.035,1,,,,False,False,FP3
0 days 01:13:50.571000,RUS,63,0 days 00:01:16.825000,21.0,4.0,,,0 days 00:00:20.296000,0 days 00:00:36.100000,0 days 00:00:20.429000,0 days 01:12:54.042000,0 days 01:13:30.142000,0 days 01:13:50.571000,206.0,193.0,263.0,269.0,False,SOFT,8.0,False,Mercedes,0 days 01:12:33.746000,2026-06-06 11:28:54.105,1,,,,False,True,FP3
0 days 01:16:03.614000,RUS,63,0 days 00:02:13.043000,22.0,4.0,,,0 days 00:00:23.544000,0 days 00:00:42.336000,0 days 00:01:07.163000,0 days 01:14:14.115000,0 days 01:14:56.451000,0 days 01:16:03.614000,153.0,138.0,4.0,240.0,False,SOFT,9.0,False,Mercedes,0 days 01:13:50.571000,2026-06-06 11:30:10.930,1,,,,False,True,FP3
0 days 01:17:24.173000,RUS,63,,23.0,4.0,,0 days 01:17:24.173000,0 days 00:00:23.893000,0 days 00:00:39.952000,,0 days 01:16:27.661000,0 days 01:17:07.615000,,196.0,161.0,,241.0,False,SOFT,10.0,False,Mercedes,0 days 01:16:03.614000,2026-06-06 11:32:23.973,1,,,,False,False,FP3
0 days 00:15:45.678000,BOT,77,0 days 00:01:38.976000,1.0,1.0,0 days 00:14:07.568000,,0 days 00:00:29.493000,0 days 00:00:41.914000,0 days 00:00:27.569000,0 days 00:14:36.371000,0 days 00:15:18.274000,0 days 00:15:45.770000,161.0,166.0,243.0,247.0,False,SOFT,1.0,True,Cadillac,0 days 00:14:07.568000,2026-06-06 10:30:27.927,1,,,,False,False,FP3
0 days 00:17:06.793000,BOT,77,0 days 00:01:21.115000,2.0,1.0,,,0 days 00:00:21.075000,0 days 00:00:37.203000,0 days 00:00:22.837000,0 days 00:16:06.753000,0 days 00:16:43.956000,0 days 00:17:06.793000,195.0,178.0,258.0,273.0,True,SOFT,2.0,True,Cadillac,0 days 00:15:45.678000,2026-06-06 10:32:06.037,1,,,,False,True,FP3
0 days 00:18:24.499000,BOT,77,0 days 00:01:17.706000,3.0,1.0,,,0 days 00:00:20.590000,0 days 00:00:36.593000,0 days 00:00:20.523000,0 days 00:17:27.383000,0 days 00:18:03.976000,0 days 00:18:24.499000,207.0,184.0,262.0,278.0,True,SOFT,3.0,True,Cadillac,0 days 00:17:06.793000,2026-06-06 10:33:27.152,1,,,,False,True,FP3
0 days 00:29:41.669000,BOT,77,,4.0,1.0,,0 days 00:20:07.359000,0 days 00:00:33.512000,0 days 00:00:49.157000,,0 days 00:18:58.156000,0 days 00:19:47.312000,,91.0,135.0,,185.0,False,SOFT,4.0,True,Cadillac,0 days 00:18:24.499000,2026-06-06 10:34:44.858,1,,,,False,False,FP3
0 days 00:31:19.447000,BOT,77,0 days 00:01:37.778000,5.0,2.0,0 days 00:29:42.434000,,0 days 00:00:25.745000,0 days 00:00:42.049000,0 days 00:00:29.984000,0 days 00:30:07.414000,0 days 00:30:49.463000,0 days 00:31:19.447000,168.0,152.0,247.0,251.0,False,SOFT,5.0,False,Cadillac,0 days 00:29:41.669000,2026-06-06 10:46:02.028,1,,,,False,False,FP3
0 days 00:32:37.919000,BOT,77,0 days 00:01:18.472000,6.0,2.0,,,0 days 00:00:21.111000,0 days 00:00:36.646000,0 days 00:00:20.715000,0 days 00:31:40.558000,0 days 00:32:17.204000,0 days 00:32:37.919000,199.0,183.0,262.0,278.0,False,SOFT,6.0,False,Cadillac,0 days 00:31:19.447000,2026-06-06 10:47:39.806,1,,,,False,True,FP3
0 days 00:33:54.353000,BOT,77,0 days 00:01:16.434000,7.0,2.0,,,0 days 00:00:20.178000,0 days 00:00:35.990000,0 days 00:00:20.266000,0 days 00:32:58.097000,0 days 00:33:34.087000,0 days 00:33:54.353000,206.0,184.0,263.0,279.0,True,SOFT,7.0,False,Cadillac,0 days 00:32:37.919000,2026-06-06 10:48:58.278,1,,,,False,True,FP3
0 days 00:35:32.826000,BOT,77,0 days 00:01:38.473000,8.0,2.0,,,0 days 00:00:26.878000,0 days 00:00:47.914000,0 days 00:00:23.681000,0 days 00:34:21.231000,0 days 00:35:09.145000,0 days 00:35:32.826000,154.0,127.0,263.0,243.0,False,SOFT,8.0,False,Cadillac,0 days 00:33:54.353000,2026-06-06 10:50:14.712,1,,,,False,True,FP3
0 days 00:36:48.909000,BOT,77,0 days 00:01:16.083000,9.0,2.0,,,0 days 00:00:20.169000,0 days 00:00:35.629000,0 days 00:00:20.285000,0 days 00:35:52.995000,0 days 00:36:28.624000,0 days 00:36:48.909000,207.0,186.0,264.0,281.0,True,SOFT,9.0,False,Cadillac,0 days 00:35:32.826000,2026-06-06 10:51:53.185,1,,,,False,True,FP3
0 days 00:38:23.893000,BOT,77,0 days 00:01:34.984000,10.0,2.0,,,0 days 00:00:25.189000,0 days 00:00:45.459000,0 days 00:00:24.336000,0 days 00:37:14.098000,0 days 00:37:59.557000,0 days 00:38:23.893000,79.0,145.0,265.0,249.0,False,SOFT,10.0,False,Cadillac,0 days 00:36:48.909000,2026-06-06 10:53:09.268,1,,,,False,True,FP3
0 days 00:39:40.284000,BOT,77,0 days 00:01:16.391000,11.0,2.0,,,0 days 00:00:20.057000,0 days 00:00:35.849000,0 days 00:00:20.485000,0 days 00:38:43.950000,0 days 00:39:19.799000,0 days 00:39:40.284000,209.0,190.0,264.0,281.0,False,SOFT,11.0,False,Cadillac,0 days 00:38:23.893000,2026-06-06 10:54:44.252,1,,,,False,True,FP3
0 days 01:09:44.284000,BOT,77,,12.0,2.0,,0 days 00:41:03.919000,0 days 00:00:22.715000,0 days 00:00:41.211000,,0 days 00:40:03.300000,0 days 00:40:44.497000,,182.0,170.0,,259.0,False,SOFT,12.0,False,Cadillac,0 days 00:39:40.284000,2026-06-06 10:56:00.643,125,,,,False,False,FP3
0 days 01:11:15.288000,BOT,77,0 days 00:01:31.004000,13.0,3.0,0 days 01:09:46.943000,,0 days 00:00:29.561000,0 days 00:00:39.632000,0 days 00:00:21.811000,0 days 01:10:13.845000,0 days 01:10:53.477000,0 days 01:11:15.288000,180.0,176.0,263.0,252.0,False,SOFT,1.0,True,Cadillac,0 days 01:09:46.943000,2026-06-06 11:26:07.302,1,,,,False,False,FP3
0 days 01:12:38.994000,BOT,77,0 days 00:01:23.706000,14.0,3.0,,,0 days 00:00:20.116000,0 days 00:00:38.255000,0 days 00:00:25.335000,0 days 01:11:35.404000,0 days 01:12:13.659000,0 days 01:12:38.994000,211.0,173.0,257.0,263.0,False,SOFT,2.0,True,Cadillac,0 days 01:11:15.288000,2026-06-06 11:27:35.647,1,,,,False,True,FP3
0 days 01:13:54.445000,BOT,77,0 days 00:01:15.451000,15.0,3.0,,,0 days 00:00:20.032000,0 days 00:00:35.407000,0 days 00:00:20.012000,0 days 01:12:59.026000,0 days 01:13:34.433000,0 days 01:13:54.445000,210.0,188.0,263.0,282.0,True,SOFT,3.0,True,Cadillac,0 days 01:12:38.994000,2026-06-06 11:28:59.353,1,,,,False,True,FP3
0 days 01:16:09.967000,BOT,77,0 days 00:02:15.522000,16.0,3.0,,,0 days 00:00:30.619000,0 days 00:00:43.464000,0 days 00:01:01.439000,0 days 01:14:25.064000,0 days 01:15:08.528000,0 days 01:16:09.967000,130.0,158.0,85.0,183.0,False,SOFT,4.0,True,Cadillac,0 days 01:13:54.445000,2026-06-06 11:30:14.804,1,,,,False,True,FP3
0 days 01:17:34.058000,BOT,77,,17.0,3.0,,0 days 01:17:34.058000,0 days 00:00:24.900000,0 days 00:00:42.264000,,0 days 01:16:35.016000,0 days 01:17:17.287000,,128.0,154.0,,189.0,False,SOFT,5.0,True,Cadillac,0 days 01:16:09.967000,2026-06-06 11:32:30.326,1,,,,False,False,FP3
0 days 00:27:58.212000,PIA,81,0 days 00:01:38.236000,1.0,1.0,0 days 00:26:20.687000,,0 days 00:00:31.212000,0 days 00:00:40.748000,0 days 00:00:26.276000,0 days 00:26:51.453000,0 days 00:27:32.206000,0 days 00:27:58.293000,150.0,167.0,256.0,271.0,False,SOFT,1.0,True,McLaren,0 days 00:26:20.687000,2026-06-06 10:42:41.046,1,,,,False,False,FP3
0 days 00:29:29.355000,PIA,81,0 days 00:01:31.143000,2.0,1.0,,,0 days 00:00:20.964000,0 days 00:00:43.296000,0 days 00:00:26.883000,0 days 00:28:19.176000,0 days 00:29:02.472000,0 days 00:29:29.355000,179.0,87.0,252.0,278.0,True,SOFT,2.0,True,McLaren,0 days 00:27:58.212000,2026-06-06 10:44:18.571,1,,,,False,True,FP3
0 days 00:30:44.683000,PIA,81,0 days 00:01:15.328000,3.0,1.0,,,0 days 00:00:20.014000,0 days 00:00:35.386000,0 days 00:00:19.928000,0 days 00:29:49.369000,0 days 00:30:24.755000,0 days 00:30:44.683000,204.0,197.0,265.0,280.0,True,SOFT,3.0,True,McLaren,0 days 00:29:29.355000,2026-06-06 10:45:49.714,1,,,,False,True,FP3
0 days 00:32:14.572000,PIA,81,0 days 00:01:29.889000,4.0,1.0,,,0 days 00:00:25.692000,0 days 00:00:42.372000,0 days 00:00:21.825000,0 days 00:31:10.375000,0 days 00:31:52.747000,0 days 00:32:14.572000,128.0,161.0,263.0,256.0,False,SOFT,4.0,True,McLaren,0 days 00:30:44.683000,2026-06-06 10:47:05.042,1,,,,False,True,FP3
0 days 00:33:28.517000,PIA,81,0 days 00:01:13.945000,5.0,1.0,,,0 days 00:00:19.441000,0 days 00:00:34.824000,0 days 00:00:19.680000,0 days 00:32:34.013000,0 days 00:33:08.837000,0 days 00:33:28.517000,210.0,202.0,264.0,280.0,True,SOFT,5.0,True,McLaren,0 days 00:32:14.572000,2026-06-06 10:48:34.931,1,,,,False,True,FP3
0 days 00:34:56.886000,PIA,81,0 days 00:01:28.369000,6.0,1.0,,,0 days 00:00:19.749000,0 days 00:00:44.855000,0 days 00:00:23.765000,0 days 00:33:48.266000,0 days 00:34:33.121000,0 days 00:34:56.886000,163.0,139.0,263.0,229.0,False,SOFT,6.0,True,McLaren,0 days 00:33:28.517000,2026-06-06 10:49:48.876,1,,,,False,True,FP3
0 days 00:36:10.989000,PIA,81,0 days 00:01:14.103000,7.0,1.0,,,0 days 00:00:19.448000,0 days 00:00:34.724000,0 days 00:00:19.931000,0 days 00:35:16.334000,0 days 00:35:51.058000,0 days 00:36:10.989000,209.0,201.0,265.0,281.0,False,SOFT,7.0,True,McLaren,0 days 00:34:56.886000,2026-06-06 10:51:17.245,1,,,,False,True,FP3
0 days 00:37:49.545000,PIA,81,0 days 00:01:38.556000,8.0,1.0,,,0 days 00:00:29.050000,0 days 00:00:48.155000,0 days 00:00:21.351000,0 days 00:36:40.039000,0 days 00:37:28.194000,0 days 00:37:49.545000,94.0,149.0,263.0,227.0,False,SOFT,8.0,True,McLaren,0 days 00:36:10.989000,2026-06-06 10:52:31.348,1,,,,False,True,FP3
0 days 00:39:03.791000,PIA,81,0 days 00:01:14.246000,9.0,1.0,,,0 days 00:00:19.533000,0 days 00:00:35.055000,0 days 00:00:19.658000,0 days 00:38:09.078000,0 days 00:38:44.133000,0 days 00:39:03.791000,215.0,202.0,264.0,281.0,False,SOFT,9.0,True,McLaren,0 days 00:37:49.545000,2026-06-06 10:54:09.904,1,,,,False,True,FP3
0 days 00:41:19.520000,PIA,81,0 days 00:02:15.729000,10.0,1.0,,0 days 00:40:34.622000,0 days 00:00:25.209000,0 days 00:00:47.620000,0 days 00:01:02.900000,0 days 00:39:29,0 days 00:40:16.620000,0 days 00:41:19.520000,136.0,132.0,,203.0,False,SOFT,10.0,True,McLaren,0 days 00:39:03.791000,2026-06-06 10:55:24.150,12,,,,False,False,FP3
0 days 00:42:58.520000,PIA,81,0 days 00:01:39,11.0,2.0,0 days 00:41:20.262000,,0 days 00:00:33.736000,0 days 00:00:43.972000,0 days 00:00:21.292000,0 days 00:41:53.256000,0 days 00:42:37.228000,0 days 00:42:58.520000,89.0,178.0,263.0,240.0,False,SOFT,11.0,False,McLaren,0 days 00:41:19.520000,2026-06-06 10:57:39.879,1,,,,False,False,FP3
0 days 00:44:12.560000,PIA,81,0 days 00:01:14.040000,12.0,2.0,,,0 days 00:00:19.493000,0 days 00:00:34.942000,0 days 00:00:19.605000,0 days 00:43:18.013000,0 days 00:43:52.955000,0 days 00:44:12.560000,207.0,202.0,264.0,279.0,False,SOFT,12.0,False,McLaren,0 days 00:42:58.520000,2026-06-06 10:59:18.879,1,,,,False,True,FP3
0 days 00:45:53.850000,PIA,81,0 days 00:01:41.290000,13.0,2.0,,,0 days 00:00:29.925000,0 days 00:00:50.376000,0 days 00:00:20.989000,0 days 00:44:42.485000,0 days 00:45:32.861000,0 days 00:45:53.850000,130.0,182.0,264.0,201.0,False,SOFT,13.0,False,McLaren,0 days 00:44:12.560000,2026-06-06 11:00:32.919,1,,,,False,True,FP3
0 days 00:47:07.548000,PIA,81,0 days 00:01:13.698000,14.0,2.0,,,0 days 00:00:19.393000,0 days 00:00:34.814000,0 days 00:00:19.491000,0 days 00:46:13.243000,0 days 00:46:48.057000,0 days 00:47:07.548000,211.0,202.0,264.0,278.0,True,SOFT,14.0,False,McLaren,0 days 00:45:53.850000,2026-06-06 11:02:14.209,1,,,,False,True,FP3
0 days 00:57:22.626000,PIA,81,,15.0,2.0,,0 days 00:48:26.922000,0 days 00:00:22.977000,0 days 00:00:40.545000,,0 days 00:47:30.828000,0 days 00:48:11.324000,,151.0,169.0,,236.0,False,SOFT,15.0,False,McLaren,0 days 00:47:07.548000,2026-06-06 11:03:27.907,1,,,,False,False,FP3
0 days 01:11:17.989000,PIA,81,,16.0,3.0,0 days 00:57:22.626000,0 days 01:00:43.416000,0 days 00:00:28.756000,0 days 00:00:39.702000,,0 days 00:57:50.908000,0 days 00:58:30.511000,,155.0,144.0,,277.0,False,SOFT,1.0,True,McLaren,0 days 00:57:22.626000,2026-06-06 11:13:42.985,125,,,,False,False,FP3
0 days 01:13:04.992000,PIA,81,0 days 00:01:47.003000,17.0,4.0,0 days 01:11:19.051000,,0 days 00:00:40.938000,0 days 00:00:41.666000,0 days 00:00:24.399000,0 days 01:11:58.927000,0 days 01:12:40.593000,0 days 01:13:04.992000,97.0,176.0,248.0,258.0,False,SOFT,2.0,False,McLaren,0 days 01:11:19.051000,2026-06-06 11:27:39.410,1,,,,False,False,FP3
0 days 01:14:28.717000,PIA,81,0 days 00:01:23.725000,18.0,4.0,,,0 days 00:00:21.213000,0 days 00:00:41.350000,0 days 00:00:21.162000,0 days 01:13:26.205000,0 days 01:14:07.555000,0 days 01:14:28.717000,174.0,187.0,248.0,250.0,False,SOFT,3.0,False,McLaren,0 days 01:13:04.992000,2026-06-06 11:29:25.351,1,,,,False,True,FP3
0 days 01:16:47.857000,PIA,81,0 days 00:02:19.140000,19.0,4.0,,,0 days 00:00:23.197000,0 days 00:00:45.123000,0 days 00:01:10.820000,0 days 01:14:51.914000,0 days 01:15:37.037000,0 days 01:16:47.857000,125.0,148.0,172.0,241.0,False,SOFT,4.0,False,McLaren,0 days 01:14:28.717000,2026-06-06 11:30:49.076,1,,,,False,True,FP3
0 days 01:18:06.135000,PIA,81,,20.0,4.0,,0 days 01:18:06.135000,0 days 00:00:23.145000,0 days 00:00:39.379000,,0 days 01:17:11.190000,0 days 01:17:50.630000,,173.0,162.0,,243.0,False,SOFT,5.0,False,McLaren,0 days 01:16:47.857000,2026-06-06 11:33:08.216,1,,,,False,False,FP3
0 days 00:23:47.968000,BEA,87,0 days 00:01:37.652000,1.0,1.0,0 days 00:22:11.053000,,0 days 00:00:29.019000,0 days 00:00:44.565000,0 days 00:00:24.068000,0 days 00:22:39.555000,0 days 00:23:24.070000,0 days 00:23:48.086000,151.0,159.0,256.0,262.0,False,SOFT,1.0,True,Haas F1 Team,0 days 00:22:11.053000,2026-06-06 10:38:31.412,1,,,,False,False,FP3
0 days 00:25:16.407000,BEA,87,0 days 00:01:28.439000,2.0,1.0,,,0 days 00:00:21.591000,0 days 00:00:40.119000,0 days 00:00:26.729000,0 days 00:24:09.559000,0 days 00:24:49.678000,0 days 00:25:16.407000,176.0,98.0,263.0,276.0,True,SOFT,2.0,True,Haas F1 Team,0 days 00:23:47.968000,2026-06-06 10:40:08.327,1,,,,False,True,FP3
0 days 00:26:32.431000,BEA,87,0 days 00:01:16.024000,3.0,1.0,,,0 days 00:00:20.085000,0 days 00:00:35.678000,0 days 00:00:20.261000,0 days 00:25:36.492000,0 days 00:26:12.170000,0 days 00:26:32.431000,206.0,194.0,262.0,280.0,True,SOFT,3.0,True,Haas F1 Team,0 days 00:25:16.407000,2026-06-06 10:41:36.766,1,,,,False,True,FP3
0 days 00:28:08.834000,BEA,87,0 days 00:01:36.403000,4.0,1.0,,,0 days 00:00:25.273000,0 days 00:00:42.345000,0 days 00:00:28.785000,0 days 00:26:57.704000,0 days 00:27:40.049000,0 days 00:28:08.834000,141.0,169.0,261.0,267.0,False,SOFT,4.0,True,Haas F1 Team,0 days 00:26:32.431000,2026-06-06 10:42:52.790,1,,,,False,True,FP3
0 days 00:29:23.965000,BEA,87,0 days 00:01:15.131000,5.0,1.0,,,0 days 00:00:19.737000,0 days 00:00:35.485000,0 days 00:00:19.909000,0 days 00:28:28.571000,0 days 00:29:04.056000,0 days 00:29:23.965000,211.0,196.0,264.0,281.0,True,SOFT,5.0,True,Haas F1 Team,0 days 00:28:08.834000,2026-06-06 10:44:29.193,1,,,,False,True,FP3
0 days 00:31:02.257000,BEA,87,0 days 00:01:38.292000,6.0,1.0,,,0 days 00:00:30.656000,0 days 00:00:45.460000,0 days 00:00:22.176000,0 days 00:29:54.621000,0 days 00:30:40.081000,0 days 00:31:02.257000,89.0,168.0,263.0,213.0,False,SOFT,6.0,True,Haas F1 Team,0 days 00:29:23.965000,2026-06-06 10:45:44.324,1,,,,False,True,FP3
0 days 00:32:17.082000,BEA,87,0 days 00:01:14.825000,7.0,1.0,,,0 days 00:00:19.680000,0 days 00:00:35.324000,0 days 00:00:19.821000,0 days 00:31:21.937000,0 days 00:31:57.261000,0 days 00:32:17.082000,213.0,198.0,263.0,279.0,True,SOFT,7.0,True,Haas F1 Team,0 days 00:31:02.257000,2026-06-06 10:47:22.616,1,,,,False,True,FP3
0 days 00:33:53.126000,BEA,87,0 days 00:01:36.044000,8.0,1.0,,,0 days 00:00:29.467000,0 days 00:00:45.223000,0 days 00:00:21.354000,0 days 00:32:46.549000,0 days 00:33:31.772000,0 days 00:33:53.126000,133.0,180.0,263.0,202.0,False,SOFT,8.0,True,Haas F1 Team,0 days 00:32:17.082000,2026-06-06 10:48:37.441,1,,,,False,True,FP3
0 days 00:35:08.069000,BEA,87,0 days 00:01:14.943000,9.0,1.0,,,0 days 00:00:19.590000,0 days 00:00:35.400000,0 days 00:00:19.953000,0 days 00:34:12.716000,0 days 00:34:48.116000,0 days 00:35:08.069000,216.0,171.0,262.0,280.0,False,SOFT,9.0,True,Haas F1 Team,0 days 00:33:53.126000,2026-06-06 10:50:13.485,1,,,,False,True,FP3
0 days 00:36:50.140000,BEA,87,0 days 00:01:42.071000,10.0,1.0,,,0 days 00:00:32.112000,0 days 00:00:45.528000,0 days 00:00:24.431000,0 days 00:35:40.181000,0 days 00:36:25.709000,0 days 00:36:50.140000,102.0,174.0,265.0,197.0,False,SOFT,10.0,True,Haas F1 Team,0 days 00:35:08.069000,2026-06-06 10:51:28.428,1,,,,False,True,FP3
0 days 00:38:05.225000,BEA,87,0 days 00:01:15.085000,11.0,1.0,,,0 days 00:00:19.754000,0 days 00:00:35.366000,0 days 00:00:19.965000,0 days 00:37:09.894000,0 days 00:37:45.260000,0 days 00:38:05.225000,215.0,196.0,263.0,280.0,False,SOFT,11.0,True,Haas F1 Team,0 days 00:36:50.140000,2026-06-06 10:53:10.499,1,,,,False,True,FP3
0 days 00:50:53.094000,BEA,87,,12.0,1.0,,0 days 00:39:32.799000,0 days 00:00:27.611000,0 days 00:00:45.068000,,0 days 00:38:33.179000,0 days 00:39:18.195000,,72.0,178.0,,263.0,False,SOFT,12.0,True,Haas F1 Team,0 days 00:38:05.225000,2026-06-06 10:54:25.584,12,,,,False,False,FP3
0 days 00:52:21.613000,BEA,87,0 days 00:01:28.519000,13.0,2.0,0 days 00:50:53.841000,,0 days 00:00:27.163000,0 days 00:00:39.359000,0 days 00:00:21.997000,0 days 00:51:20.257000,0 days 00:51:59.616000,0 days 00:52:21.613000,165.0,179.0,251.0,259.0,False,SOFT,1.0,True,Haas F1 Team,0 days 00:50:53.094000,2026-06-06 11:07:13.453,1,,,,False,False,FP3
0 days 00:53:41.311000,BEA,87,0 days 00:01:19.698000,14.0,2.0,,,0 days 00:00:21.088000,0 days 00:00:37.576000,0 days 00:00:21.034000,0 days 00:52:42.701000,0 days 00:53:20.277000,0 days 00:53:41.311000,185.0,187.0,263.0,263.0,False,SOFT,2.0,True,Haas F1 Team,0 days 00:52:21.613000,2026-06-06 11:08:41.972,1,,,,False,True,FP3
0 days 00:54:55.798000,BEA,87,0 days 00:01:14.487000,15.0,2.0,,,0 days 00:00:19.492000,0 days 00:00:35.079000,0 days 00:00:19.916000,0 days 00:54:00.803000,0 days 00:54:35.882000,0 days 00:54:55.798000,215.0,199.0,262.0,280.0,True,SOFT,3.0,True,Haas F1 Team,0 days 00:53:41.311000,2026-06-06 11:10:01.670,1,,,,False,True,FP3
0 days 00:56:39.631000,BEA,87,0 days 00:01:43.833000,16.0,2.0,,,0 days 00:00:33.127000,0 days 00:00:43.714000,0 days 00:00:26.992000,0 days 00:55:28.925000,0 days 00:56:12.639000,0 days 00:56:39.631000,91.0,177.0,262.0,255.0,False,SOFT,4.0,True,Haas F1 Team,0 days 00:54:55.798000,2026-06-06 11:11:16.157,1,,,,False,True,FP3
0 days 00:58:09.250000,BEA,87,0 days 00:01:29.619000,17.0,2.0,,,0 days 00:00:21.483000,0 days 00:00:40.919000,0 days 00:00:27.217000,0 days 00:57:01.114000,0 days 00:57:42.033000,0 days 00:58:09.250000,163.0,178.0,261.0,267.0,False,SOFT,5.0,True,Haas F1 Team,0 days 00:56:39.631000,2026-06-06 11:12:59.990,1,,,,False,True,FP3
0 days 00:58:45.138000,BEA,87,,18.0,2.0,,,,,,,,,,,,,,SOFT,6.0,True,Haas F1 Team,0 days 00:58:09.250000,2026-06-06 11:14:29.609,12,,,,True,False,FP3
