Driver,DriverNumber,LapTime,LapNumber,Stint,Sector1Time,Sector2Time,Sector3Time,SpeedI1,SpeedI2,SpeedFL,SpeedST,IsPersonalBest,Compound,TyreLife,FreshTyre,Team,LapStartTime,TrackStatus,Session,TrackTemp,AirTemp,Humidity
NOR,1,109.706,2.0,1.0,38.872,44.485,26.349,189.0,193.0,302.0,302.0,True,MEDIUM,2.0,True,McLaren,0 days 00:17:00.016000,1,FP1,50.4,28.1,75.0
NOR,1,142.461,3.0,1.0,51.785,61.463,29.213,102.0,166.0,307.0,279.0,False,MEDIUM,3.0,True,McLaren,0 days 00:18:49.722000,1,FP1,50.4,28.1,75.0
NOR,1,110.141,4.0,1.0,38.288,45.4,26.453,202.0,192.0,301.0,304.0,False,MEDIUM,4.0,True,McLaren,0 days 00:21:12.183000,1,FP1,50.4,28.1,75.0
NOR,1,139.612,5.0,1.0,50.086,57.913,31.613,123.0,108.0,298.0,253.0,False,MEDIUM,5.0,True,McLaren,0 days 00:23:02.324000,1,FP1,50.0,28.1,75.8
NOR,1,107.676,6.0,1.0,38.044,43.732,25.9,203.0,207.0,304.0,309.0,True,MEDIUM,6.0,True,McLaren,0 days 00:25:21.936000,1,FP1,50.0,28.1,75.8
NOR,1,143.0,7.0,1.0,49.941,62.796,30.263,132.0,71.0,310.0,281.0,False,MEDIUM,7.0,True,McLaren,0 days 00:27:09.612000,1,FP1,50.0,28.1,75.8
NOR,1,106.981,10.0,2.0,37.702,43.525,25.754,212.0,213.0,301.0,309.0,True,MEDIUM,10.0,False,McLaren,0 days 01:05:16.227000,1,FP1,50.0,28.1,75.8
GAS,10,110.955,4.0,2.0,39.524,45.208,26.223,179.0,194.0,305.0,306.0,True,HARD,4.0,False,Alpine,0 days 00:32:49.653000,1,FP1,50.0,28.1,74.7
GAS,10,126.788,5.0,2.0,45.649,52.504,28.635,172.0,174.0,310.0,285.0,False,HARD,5.0,False,Alpine,0 days 00:34:40.608000,1,FP1,50.0,28.1,74.7
GAS,10,108.283,8.0,2.0,38.409,44.342,25.532,187.0,204.0,308.0,315.0,True,HARD,8.0,False,Alpine,0 days 00:41:14.983000,12,FP1,49.3,28.2,74.4
GAS,10,131.066,9.0,2.0,47.281,55.384,28.401,142.0,184.0,312.0,287.0,False,HARD,9.0,False,Alpine,0 days 00:43:03.266000,1,FP1,49.3,28.2,74.4
GAS,10,107.342,10.0,2.0,37.888,44.117,25.337,197.0,206.0,313.0,321.0,True,HARD,10.0,False,Alpine,0 days 00:45:14.332000,12,FP1,49.3,28.2,74.4
GAS,10,131.917,11.0,2.0,48.891,54.767,28.259,159.0,190.0,313.0,288.0,False,HARD,11.0,False,Alpine,0 days 00:47:01.674000,12,FP1,49.3,28.2,74.4
GAS,10,107.043,12.0,2.0,37.907,43.809,25.327,205.0,206.0,311.0,319.0,True,HARD,12.0,False,Alpine,0 days 00:49:13.591000,1,FP1,49.3,28.2,74.4
GAS,10,134.745,13.0,2.0,49.875,56.59,28.28,152.0,179.0,314.0,290.0,False,HARD,13.0,False,Alpine,0 days 00:51:00.634000,1,FP1,49.3,28.2,74.4
GAS,10,107.497,14.0,2.0,38.315,43.884,25.298,191.0,207.0,310.0,320.0,False,HARD,14.0,False,Alpine,0 days 00:53:15.379000,1,FP1,49.3,28.2,74.4
GAS,10,134.153,17.0,3.0,50.271,55.899,27.983,139.0,186.0,317.0,291.0,False,SOFT,2.0,True,Alpine,0 days 01:04:30.658000,1,FP1,49.3,28.2,74.4
GAS,10,135.967,20.0,3.0,51.721,51.652,32.594,149.0,155.0,211.0,213.0,False,SOFT,5.0,True,Alpine,0 days 01:11:34.751000,1,FP1,49.8,28.3,73.8
PER,11,112.292,2.0,1.0,40.093,46.321,25.878,177.0,195.0,305.0,319.0,True,HARD,2.0,True,Cadillac,0 days 00:16:07.342000,1,FP1,49.8,28.3,73.8
PER,11,135.312,3.0,1.0,48.358,58.024,28.93,148.0,162.0,305.0,284.0,False,HARD,3.0,True,Cadillac,0 days 00:17:59.634000,1,FP1,49.8,28.3,73.8
PER,11,110.135,4.0,1.0,39.243,45.062,25.83,183.0,199.0,304.0,319.0,True,HARD,4.0,True,Cadillac,0 days 00:20:14.946000,1,FP1,49.8,28.3,73.8
PER,11,109.312,6.0,1.0,39.102,44.76,25.45,195.0,194.0,314.0,326.0,True,HARD,6.0,True,Cadillac,0 days 00:24:43.400000,1,FP1,49.8,28.4,74.6
PER,11,108.756,12.0,4.0,38.481,44.55,25.725,184.0,205.0,305.0,316.0,True,MEDIUM,2.0,True,Cadillac,0 days 00:48:14.806000,1,FP1,49.8,28.4,74.6
PER,11,146.797,13.0,4.0,55.73,62.173,28.894,155.0,133.0,310.0,286.0,False,MEDIUM,3.0,True,Cadillac,0 days 00:50:03.562000,1,FP1,49.8,28.4,74.6
PER,11,134.01,14.0,4.0,50.661,54.833,28.516,149.0,177.0,312.0,288.0,False,MEDIUM,4.0,True,Cadillac,0 days 00:52:30.359000,1,FP1,49.8,28.4,74.6
PER,11,128.575,15.0,4.0,47.048,52.817,28.71,159.0,181.0,306.0,284.0,False,MEDIUM,5.0,True,Cadillac,0 days 00:54:44.369000,1,FP1,49.8,28.4,74.6
PER,11,107.666,16.0,4.0,37.991,44.193,25.482,193.0,208.0,303.0,322.0,True,MEDIUM,6.0,True,Cadillac,0 days 00:56:52.944000,1,FP1,49.5,28.5,75.0
PER,11,121.399,19.0,5.0,42.789,50.086,28.524,155.0,190.0,309.0,286.0,False,MEDIUM,9.0,False,Cadillac,0 days 01:03:47.374000,1,FP1,49.5,28.5,75.0
PER,11,107.253,20.0,5.0,37.93,43.985,25.338,197.0,207.0,307.0,323.0,True,MEDIUM,10.0,False,Cadillac,0 days 01:05:48.773000,12,FP1,49.5,28.5,75.0
ANT,12,130.749,2.0,1.0,45.633,56.042,29.074,164.0,166.0,318.0,284.0,True,HARD,2.0,True,Mercedes,0 days 00:17:13.411000,1,FP1,49.8,28.6,73.3
ANT,12,109.92,3.0,1.0,39.329,44.994,25.597,189.0,200.0,313.0,319.0,True,HARD,3.0,True,Mercedes,0 days 00:19:24.160000,1,FP1,49.8,28.6,73.3
ANT,12,138.824,4.0,1.0,55.73,54.612,28.482,149.0,180.0,320.0,289.0,False,HARD,4.0,True,Mercedes,0 days 00:21:14.080000,1,FP1,49.8,28.6,73.3
ANT,12,107.375,5.0,1.0,38.182,43.916,25.277,201.0,209.0,315.0,318.0,True,HARD,5.0,True,Mercedes,0 days 00:23:32.904000,1,FP1,49.8,28.6,73.3
ANT,12,140.884,6.0,1.0,56.828,55.629,28.427,148.0,181.0,320.0,289.0,False,HARD,6.0,True,Mercedes,0 days 00:25:20.279000,1,FP1,49.8,28.6,73.3
ANT,12,106.265,7.0,1.0,37.683,43.559,25.023,206.0,216.0,316.0,331.0,True,HARD,7.0,True,Mercedes,0 days 00:27:41.163000,1,FP1,49.8,28.6,73.3
ALO,14,116.766,2.0,1.0,41.84,48.085,26.841,163.0,181.0,294.0,297.0,True,HARD,2.0,True,Aston Martin,0 days 00:18:38.129000,1,FP1,49.8,28.6,73.3
ALO,14,113.65,3.0,1.0,40.75,46.468,26.432,179.0,183.0,295.0,301.0,True,HARD,3.0,True,Aston Martin,0 days 00:20:34.895000,1,FP1,50.1,28.7,71.2
ALO,14,132.859,4.0,1.0,45.241,56.924,30.694,151.0,139.0,303.0,277.0,False,HARD,4.0,True,Aston Martin,0 days 00:22:28.545000,1,FP1,50.1,28.7,71.2
ALO,14,110.034,5.0,1.0,39.016,44.725,26.293,185.0,191.0,304.0,300.0,True,HARD,5.0,True,Aston Martin,0 days 00:24:41.404000,1,FP1,50.1,28.7,71.2
ALO,14,135.337,6.0,1.0,47.275,58.583,29.479,134.0,160.0,304.0,278.0,False,HARD,6.0,True,Aston Martin,0 days 00:26:31.438000,1,FP1,50.1,28.7,71.2
ALO,14,109.16,7.0,1.0,38.436,44.659,26.065,205.0,193.0,295.0,306.0,True,HARD,7.0,True,Aston Martin,0 days 00:28:46.775000,1,FP1,50.1,28.7,71.2
ALO,14,139.814,8.0,1.0,48.863,61.1,29.851,140.0,146.0,305.0,278.0,False,HARD,8.0,True,Aston Martin,0 days 00:30:35.935000,1,FP1,50.1,28.7,71.2
ALO,14,108.518,9.0,1.0,38.002,44.596,25.92,199.0,198.0,299.0,315.0,True,HARD,9.0,True,Aston Martin,0 days 00:32:55.749000,1,FP1,50.1,28.7,71.2
ALO,14,120.983,12.0,2.0,42.515,49.062,29.406,158.0,165.0,305.0,279.0,False,MEDIUM,2.0,True,Aston Martin,0 days 00:48:22.029000,1,FP1,50.1,28.7,71.2
ALO,14,120.125,13.0,2.0,38.272,52.246,29.607,199.0,153.0,307.0,279.0,False,MEDIUM,3.0,True,Aston Martin,0 days 00:50:23.012000,1,FP1,50.1,28.7,71.2
ALO,14,138.636,14.0,2.0,56.662,52.143,29.831,144.0,155.0,309.0,280.0,False,MEDIUM,4.0,True,Aston Martin,0 days 00:52:23.137000,1,FP1,49.7,28.9,70.6
ALO,14,108.531,15.0,2.0,38.038,44.661,25.832,195.0,197.0,295.0,309.0,False,MEDIUM,5.0,True,Aston Martin,0 days 00:54:41.773000,1,FP1,49.7,28.9,70.6
ALO,14,130.817,16.0,2.0,47.344,54.096,29.377,142.0,175.0,316.0,277.0,False,MEDIUM,6.0,True,Aston Martin,0 days 00:56:30.304000,1,FP1,49.7,28.9,70.6
ALO,14,107.835,17.0,2.0,37.88,44.167,25.788,198.0,197.0,296.0,308.0,True,MEDIUM,7.0,True,Aston Martin,0 days 00:58:41.121000,1,FP1,49.7,28.9,70.6
ALO,14,138.049,18.0,2.0,50.758,57.642,29.649,109.0,146.0,304.0,277.0,False,MEDIUM,8.0,True,Aston Martin,0 days 01:00:28.956000,1,FP1,49.7,28.9,70.6
ALO,14,107.936,19.0,2.0,37.922,44.367,25.647,196.0,200.0,298.0,310.0,False,MEDIUM,9.0,True,Aston Martin,0 days 01:02:47.005000,1,FP1,49.7,28.9,70.6
ALO,14,145.378,23.0,4.0,43.876,59.134,42.368,142.0,128.0,58.0,240.0,False,MEDIUM,13.0,False,Aston Martin,0 days 01:14:56.930000,1,FP1,49.9,28.9,68.7
LEC,16,114.395,2.0,1.0,41.776,46.346,26.273,174.0,192.0,302.0,313.0,True,HARD,2.0,True,Ferrari,0 days 00:15:57.722000,1,FP1,49.9,28.9,68.7
LEC,16,110.231,3.0,1.0,40.054,45.249,24.928,186.0,202.0,322.0,339.0,True,HARD,3.0,True,Ferrari,0 days 00:17:52.117000,1,FP1,49.9,28.9,68.7
LEC,16,109.025,4.0,1.0,39.303,44.627,25.095,195.0,207.0,320.0,333.0,True,HARD,4.0,True,Ferrari,0 days 00:19:42.348000,1,FP1,49.9,28.9,68.7
LEC,16,140.907,5.0,1.0,44.704,67.351,28.852,136.0,167.0,310.0,286.0,False,HARD,5.0,True,Ferrari,0 days 00:21:31.373000,1,FP1,49.9,28.9,68.7
LEC,16,107.746,6.0,1.0,38.106,44.311,25.329,202.0,203.0,310.0,326.0,True,HARD,6.0,True,Ferrari,0 days 00:23:52.280000,1,FP1,49.9,28.9,68.7
LEC,16,133.247,7.0,1.0,47.892,56.755,28.6,149.0,180.0,309.0,286.0,False,HARD,7.0,True,Ferrari,0 days 00:25:40.026000,1,FP1,49.9,28.9,68.7
LEC,16,106.621,8.0,1.0,37.69,43.713,25.218,195.0,203.0,313.0,325.0,True,HARD,8.0,True,Ferrari,0 days 00:27:53.273000,1,FP1,49.8,29.0,68.4
LEC,16,132.951,11.0,2.0,49.781,54.387,28.783,165.0,167.0,310.0,285.0,False,MEDIUM,2.0,True,Ferrari,0 days 00:42:06.772000,21,FP1,49.8,29.0,68.4
LEC,16,111.69,12.0,2.0,37.507,45.356,28.827,202.0,161.0,307.0,284.0,False,MEDIUM,3.0,True,Ferrari,0 days 00:44:19.723000,12,FP1,49.8,29.0,68.4
LEC,16,113.831,13.0,2.0,37.559,47.736,28.536,205.0,189.0,317.0,290.0,False,MEDIUM,4.0,True,Ferrari,0 days 00:46:11.413000,12,FP1,49.8,29.0,68.4
LEC,16,145.947,14.0,2.0,50.841,66.02,29.086,156.0,161.0,307.0,282.0,False,MEDIUM,5.0,True,Ferrari,0 days 00:48:05.244000,1,FP1,49.8,29.0,68.4
LEC,16,106.528,15.0,2.0,37.483,43.725,25.32,203.0,199.0,309.0,324.0,True,MEDIUM,6.0,True,Ferrari,0 days 00:50:31.191000,1,FP1,50.3,29.0,68.1
LEC,16,124.432,16.0,2.0,44.137,52.069,28.226,143.0,189.0,322.0,289.0,False,MEDIUM,7.0,True,Ferrari,0 days 00:52:17.719000,1,FP1,50.3,29.0,68.1
LEC,16,105.791,17.0,2.0,37.151,43.429,25.211,208.0,208.0,307.0,320.0,True,MEDIUM,8.0,True,Ferrari,0 days 00:54:22.151000,1,FP1,50.3,29.0,68.1
LEC,16,110.167,20.0,3.0,39.767,44.901,25.499,193.0,203.0,313.0,326.0,False,MEDIUM,11.0,False,Ferrari,0 days 01:05:36.163000,1,FP1,50.3,29.0,68.1
LEC,16,109.118,23.0,3.0,39.267,44.576,25.275,205.0,214.0,315.0,329.0,False,MEDIUM,14.0,False,Ferrari,0 days 01:11:41.265000,1,FP1,50.3,29.0,68.1
LEC,16,138.864,24.0,3.0,39.023,51.898,47.943,198.0,130.0,78.0,157.0,False,MEDIUM,15.0,False,Ferrari,0 days 01:13:30.383000,1,FP1,50.3,29.0,68.1
STR,18,118.137,2.0,1.0,43.049,47.828,27.26,176.0,191.0,294.0,293.0,True,HARD,2.0,True,Aston Martin,0 days 00:19:42.499000,1,FP1,50.1,29.1,69.0
STR,18,114.022,3.0,1.0,40.75,46.682,26.59,194.0,194.0,299.0,299.0,True,HARD,3.0,True,Aston Martin,0 days 00:21:40.636000,1,FP1,50.1,29.1,69.0
STR,18,112.626,4.0,1.0,40.361,45.556,26.709,199.0,203.0,295.0,296.0,True,HARD,4.0,True,Aston Martin,0 days 00:23:34.658000,1,FP1,50.1,29.1,69.0
STR,18,110.572,8.0,2.0,38.974,44.697,26.901,207.0,189.0,292.0,291.0,True,HARD,8.0,False,Aston Martin,0 days 00:40:00.066000,12,FP1,50.2,29.0,67.4
STR,18,137.464,9.0,2.0,54.342,53.487,29.635,143.0,170.0,304.0,277.0,False,HARD,9.0,False,Aston Martin,0 days 00:41:50.638000,21,FP1,50.2,29.0,67.4
STR,18,109.435,10.0,2.0,38.512,44.703,26.22,203.0,197.0,294.0,305.0,True,HARD,10.0,False,Aston Martin,0 days 00:44:08.102000,12,FP1,50.2,29.0,67.4
STR,18,143.525,11.0,2.0,49.883,63.206,30.436,79.0,156.0,307.0,278.0,False,HARD,11.0,False,Aston Martin,0 days 00:45:57.537000,12,FP1,50.2,29.0,67.4
STR,18,108.997,12.0,2.0,38.339,44.578,26.08,217.0,197.0,294.0,308.0,True,HARD,12.0,False,Aston Martin,0 days 00:48:21.062000,1,FP1,50.2,29.0,67.4
STR,18,121.588,15.0,3.0,43.762,48.231,29.595,179.0,175.0,303.0,278.0,False,MEDIUM,2.0,True,Aston Martin,0 days 01:01:16.696000,1,FP1,50.1,29.1,68.2
STR,18,108.705,16.0,3.0,38.369,44.311,26.025,209.0,200.0,294.0,309.0,True,MEDIUM,3.0,True,Aston Martin,0 days 01:03:18.284000,1,FP1,50.1,29.1,68.2
STR,18,120.919,19.0,3.0,42.897,48.661,29.361,182.0,191.0,305.0,278.0,False,MEDIUM,6.0,True,Aston Martin,0 days 01:10:16.780000,1,FP1,50.1,29.1,68.2
STR,18,108.547,20.0,3.0,38.339,44.239,25.969,210.0,200.0,296.0,308.0,True,MEDIUM,7.0,True,Aston Martin,0 days 01:12:17.699000,1,FP1,50.3,29.1,67.4
ALB,23,123.395,2.0,1.0,43.818,50.148,29.429,158.0,156.0,299.0,282.0,True,HARD,2.0,True,Williams,0 days 00:16:23.667000,1,FP1,50.3,29.1,67.4
ALB,23,122.267,3.0,1.0,42.022,50.055,30.19,170.0,153.0,282.0,273.0,True,HARD,3.0,True,Williams,0 days 00:18:27.062000,1,FP1,50.3,29.1,67.4
ALB,23,111.516,4.0,1.0,39.689,45.336,26.491,181.0,194.0,306.0,301.0,True,HARD,4.0,True,Williams,0 days 00:20:29.329000,1,FP1,50.3,29.1,67.4
ALB,23,128.302,5.0,1.0,45.428,52.916,29.958,160.0,166.0,310.0,277.0,False,HARD,5.0,True,Williams,0 days 00:22:20.845000,1,FP1,50.3,29.1,67.4
ALB,23,121.392,6.0,1.0,40.856,51.277,29.259,177.0,161.0,314.0,281.0,False,HARD,6.0,True,Williams,0 days 00:24:29.147000,1,FP1,50.3,29.1,67.4
ALB,23,110.824,7.0,1.0,39.059,45.267,26.498,186.0,194.0,303.0,299.0,True,HARD,7.0,True,Williams,0 days 00:26:30.539000,1,FP1,50.3,29.1,67.4
ALB,23,121.435,8.0,1.0,43.857,49.873,27.705,160.0,177.0,299.0,289.0,False,HARD,8.0,True,Williams,0 days 00:28:21.363000,1,FP1,50.4,29.1,67.0
ALB,23,126.377,9.0,1.0,44.822,50.704,30.851,166.0,166.0,298.0,250.0,False,HARD,9.0,True,Williams,0 days 00:30:22.798000,1,FP1,50.4,29.1,67.0
ALB,23,109.579,10.0,1.0,38.913,44.579,26.087,190.0,197.0,306.0,306.0,True,HARD,10.0,True,Williams,0 days 00:32:29.175000,1,FP1,50.4,29.1,67.0
ALB,23,129.87,11.0,1.0,47.055,51.329,31.486,165.0,147.0,295.0,254.0,False,HARD,11.0,True,Williams,0 days 00:34:18.754000,1,FP1,50.2,29.1,67.8
ALB,23,129.4,14.0,2.0,40.004,60.117,29.279,176.0,158.0,305.0,281.0,False,HARD,14.0,False,Williams,0 days 00:44:49.732000,12,FP1,50.2,29.1,67.8
ALB,23,109.333,15.0,2.0,38.671,44.616,26.046,187.0,208.0,311.0,309.0,True,HARD,15.0,False,Williams,0 days 00:46:59.132000,12,FP1,50.2,29.1,67.8
ALB,23,108.172,18.0,3.0,38.429,44.051,25.692,191.0,210.0,313.0,313.0,True,SOFT,2.0,True,Williams,0 days 00:53:50.692000,1,FP1,50.4,28.9,66.4
ALB,23,139.111,19.0,3.0,47.92,62.077,29.114,150.0,166.0,314.0,280.0,False,SOFT,3.0,True,Williams,0 days 00:55:38.864000,1,FP1,50.4,28.9,66.4
ALB,23,107.777,20.0,3.0,38.381,43.869,25.527,193.0,212.0,307.0,315.0,True,SOFT,4.0,True,Williams,0 days 00:57:57.975000,1,FP1,50.4,28.9,66.4
ALB,23,145.633,21.0,3.0,54.787,62.203,28.643,150.0,162.0,314.0,286.0,False,SOFT,5.0,True,Williams,0 days 00:59:45.752000,1,FP1,49.7,28.8,67.9
ALB,23,106.939,22.0,3.0,38.011,43.723,25.205,199.0,210.0,313.0,323.0,True,SOFT,6.0,True,Williams,0 days 01:02:11.385000,1,FP1,49.7,28.8,67.9
ALB,23,141.771,23.0,3.0,49.472,63.678,28.621,138.0,171.0,318.0,284.0,False,SOFT,7.0,True,Williams,0 days 01:03:58.324000,1,FP1,49.7,28.8,67.9
ALB,23,107.368,24.0,3.0,38.173,43.801,25.394,199.0,212.0,309.0,318.0,False,SOFT,8.0,True,Williams,0 days 01:06:20.095000,12,FP1,49.7,28.8,67.9
ALB,23,128.366,26.0,3.0,38.132,58.219,32.015,194.0,68.0,298.0,282.0,False,SOFT,10.0,True,Williams,0 days 01:10:35.194000,1,FP1,50.9,28.9,65.2
ALB,23,107.704,27.0,3.0,38.396,44.044,25.264,205.0,213.0,316.0,320.0,False,SOFT,11.0,True,Williams,0 days 01:12:43.560000,1,FP1,50.9,28.9,65.2
HUL,27,112.397,2.0,1.0,40.694,45.368,26.335,183.0,195.0,305.0,311.0,True,HARD,2.0,True,Audi,0 days 00:17:21.242000,1,FP1,50.7,29.1,66.9
HUL,27,129.44,3.0,1.0,49.721,50.709,29.01,102.0,177.0,318.0,287.0,False,HARD,3.0,True,Audi,0 days 00:19:13.639000,1,FP1,50.7,29.1,66.9
HUL,27,109.534,4.0,1.0,39.191,44.519,25.824,195.0,203.0,309.0,315.0,True,HARD,4.0,True,Audi,0 days 00:21:23.079000,1,FP1,50.7,29.1,64.8
HUL,27,137.515,5.0,1.0,46.091,59.682,31.742,168.0,103.0,313.0,272.0,False,HARD,5.0,True,Audi,0 days 00:23:12.613000,1,FP1,50.7,29.1,64.8
HUL,27,108.325,6.0,1.0,38.524,43.925,25.876,202.0,205.0,304.0,312.0,True,HARD,6.0,True,Audi,0 days 00:25:30.128000,1,FP1,50.7,29.1,64.8
HUL,27,137.582,7.0,1.0,49.202,57.468,30.912,166.0,117.0,308.0,270.0,False,HARD,7.0,True,Audi,0 days 00:27:18.453000,1,FP1,50.7,29.1,64.8
HUL,27,108.208,8.0,1.0,38.51,43.75,25.948,203.0,205.0,301.0,309.0,True,HARD,8.0,True,Audi,0 days 00:29:36.035000,1,FP1,50.5,29.1,64.0
HUL,27,106.921,11.0,2.0,38.049,43.488,25.384,205.0,208.0,310.0,325.0,True,SOFT,2.0,True,Audi,0 days 00:42:47.526000,1,FP1,50.5,29.1,64.0
HUL,27,135.871,12.0,2.0,49.426,54.519,31.926,141.0,98.0,316.0,285.0,False,SOFT,3.0,True,Audi,0 days 00:44:34.447000,12,FP1,50.5,29.1,64.0
HUL,27,106.871,13.0,2.0,38.043,43.624,25.204,204.0,203.0,310.0,335.0,True,SOFT,4.0,True,Audi,0 days 00:46:50.318000,12,FP1,50.5,29.1,64.0
HUL,27,133.265,14.0,2.0,46.939,57.041,29.285,127.0,166.0,316.0,285.0,False,SOFT,5.0,True,Audi,0 days 00:48:37.189000,1,FP1,50.5,29.1,64.0
HUL,27,110.819,17.0,3.0,40.037,44.93,25.852,192.0,208.0,309.0,326.0,False,SOFT,8.0,False,Audi,0 days 00:58:15.343000,1,FP1,50.8,29.2,64.3
HUL,27,110.463,18.0,3.0,39.824,44.794,25.845,192.0,212.0,309.0,325.0,False,SOFT,9.0,False,Audi,0 days 01:00:06.162000,1,FP1,50.9,29.3,63.7
HUL,27,110.408,19.0,3.0,39.798,45.026,25.584,191.0,200.0,312.0,332.0,False,SOFT,10.0,False,Audi,0 days 01:01:56.625000,1,FP1,50.9,29.3,63.7
HUL,27,109.96,20.0,3.0,39.577,44.913,25.47,197.0,204.0,322.0,331.0,False,SOFT,11.0,False,Audi,0 days 01:03:47.033000,1,FP1,50.9,29.3,63.7
HUL,27,111.605,21.0,3.0,39.743,45.548,26.314,188.0,207.0,260.0,327.0,False,SOFT,12.0,False,Audi,0 days 01:05:36.993000,1,FP1,50.9,29.3,64.1
VER,3,109.202,2.0,1.0,39.215,44.576,25.411,201.0,194.0,310.0,324.0,True,HARD,2.0,True,Red Bull Racing,0 days 00:16:43.612000,1,FP1,50.9,29.3,64.1
VER,3,133.981,3.0,1.0,49.03,56.066,28.885,166.0,174.0,306.0,287.0,False,HARD,3.0,True,Red Bull Racing,0 days 00:18:32.814000,1,FP1,50.9,29.3,64.1
VER,3,106.635,4.0,1.0,37.807,43.783,25.045,205.0,200.0,317.0,327.0,True,HARD,4.0,True,Red Bull Racing,0 days 00:20:46.795000,1,FP1,50.9,29.3,64.1
VER,3,145.404,5.0,1.0,54.043,62.651,28.71,123.0,184.0,305.0,287.0,False,HARD,5.0,True,Red Bull Racing,0 days 00:22:33.430000,1,FP1,50.6,29.3,62.8
VER,3,106.512,6.0,1.0,37.565,43.446,25.501,205.0,208.0,308.0,319.0,True,HARD,6.0,True,Red Bull Racing,0 days 00:24:58.834000,1,FP1,50.6,29.3,62.8
VER,3,142.507,9.0,2.0,56.51,56.717,29.28,173.0,171.0,304.0,284.0,False,SOFT,2.0,True,Red Bull Racing,0 days 00:41:53.121000,21,FP1,50.6,29.3,62.8
VER,3,122.858,10.0,2.0,37.602,56.233,29.023,214.0,160.0,305.0,287.0,False,SOFT,3.0,True,Red Bull Racing,0 days 00:44:15.628000,12,FP1,50.9,29.2,63.7
VER,3,105.787,11.0,2.0,37.602,42.988,25.197,216.0,210.0,305.0,320.0,True,SOFT,4.0,True,Red Bull Racing,0 days 00:46:18.486000,12,FP1,50.9,29.2,63.7
VER,3,110.386,14.0,3.0,39.765,45.269,25.352,192.0,198.0,316.0,325.0,False,HARD,9.0,False,Red Bull Racing,0 days 01:01:37.937000,1,FP1,50.9,29.2,63.7
VER,3,109.306,15.0,3.0,39.186,44.932,25.188,186.0,207.0,321.0,325.0,False,HARD,10.0,False,Red Bull Racing,0 days 01:03:28.323000,1,FP1,50.9,29.2,63.7
VER,3,109.141,16.0,3.0,39.18,44.78,25.181,194.0,209.0,315.0,324.0,False,HARD,11.0,False,Red Bull Racing,0 days 01:05:17.629000,1,FP1,50.8,29.2,62.2
VER,3,109.491,19.0,3.0,39.208,44.803,25.48,196.0,208.0,309.0,319.0,False,HARD,14.0,False,Red Bull Racing,0 days 01:11:21.638000,1,FP1,51.0,29.3,61.5
VER,3,109.709,20.0,3.0,39.044,44.954,25.711,198.0,206.0,312.0,319.0,False,HARD,15.0,False,Red Bull Racing,0 days 01:13:11.129000,1,FP1,51.0,29.3,61.5
LAW,30,116.964,2.0,1.0,40.695,47.509,28.76,179.0,176.0,308.0,287.0,True,HARD,2.0,True,Racing Bulls,0 days 00:16:15.537000,1,FP1,51.0,29.3,61.5
LAW,30,111.54,3.0,1.0,39.351,46.046,26.143,180.0,189.0,304.0,306.0,True,HARD,3.0,True,Racing Bulls,0 days 00:18:12.501000,1,FP1,51.0,29.3,61.5
LAW,30,109.659,5.0,1.0,39.162,44.752,25.745,190.0,200.0,304.0,310.0,True,HARD,5.0,True,Racing Bulls,0 days 00:22:36.799000,1,FP1,51.0,29.3,61.5
LAW,30,142.771,6.0,1.0,56.169,57.578,29.024,92.0,154.0,316.0,288.0,False,HARD,6.0,True,Racing Bulls,0 days 00:24:26.458000,1,FP1,51.0,29.3,61.5
LAW,30,107.634,7.0,1.0,38.252,44.138,25.244,196.0,210.0,307.0,322.0,True,HARD,7.0,True,Racing Bulls,0 days 00:26:49.229000,1,FP1,51.0,29.3,61.5
LAW,30,123.08,10.0,2.0,41.422,52.749,28.909,171.0,140.0,319.0,290.0,False,HARD,10.0,False,Racing Bulls,0 days 00:39:51.827000,12,FP1,50.5,29.2,60.8
LAW,30,125.277,11.0,2.0,46.394,50.157,28.726,168.0,168.0,315.0,287.0,False,HARD,11.0,False,Racing Bulls,0 days 00:41:54.907000,21,FP1,50.5,29.2,60.8
LAW,30,107.027,12.0,2.0,37.86,44.082,25.085,198.0,203.0,314.0,327.0,True,HARD,12.0,False,Racing Bulls,0 days 00:44:00.184000,12,FP1,50.5,29.2,60.8
LAW,30,106.707,15.0,3.0,37.846,43.725,25.136,200.0,201.0,311.0,326.0,True,MEDIUM,2.0,True,Racing Bulls,0 days 00:54:49.882000,1,FP1,50.6,29.1,62.0
LAW,30,142.209,16.0,3.0,56.169,57.422,28.618,139.0,178.0,313.0,288.0,False,MEDIUM,3.0,True,Racing Bulls,0 days 00:56:36.589000,1,FP1,50.6,29.1,62.0
LAW,30,106.44,17.0,3.0,37.704,43.58,25.156,197.0,203.0,310.0,324.0,True,MEDIUM,4.0,True,Racing Bulls,0 days 00:58:58.798000,1,FP1,50.6,29.1,62.0
LAW,30,122.633,18.0,3.0,46.999,50.399,25.235,143.0,199.0,318.0,325.0,False,MEDIUM,5.0,True,Racing Bulls,0 days 01:00:45.238000,1,FP1,50.6,29.1,62.0
LAW,30,110.753,19.0,3.0,39.663,45.712,25.378,184.0,192.0,314.0,326.0,False,MEDIUM,6.0,True,Racing Bulls,0 days 01:02:47.871000,1,FP1,50.6,29.1,62.0
LAW,30,110.287,20.0,3.0,39.657,45.394,25.236,191.0,206.0,311.0,325.0,False,MEDIUM,7.0,True,Racing Bulls,0 days 01:04:38.624000,1,FP1,50.6,29.1,62.0
LAW,30,109.324,21.0,3.0,39.154,45.119,25.051,196.0,205.0,312.0,328.0,False,MEDIUM,8.0,True,Racing Bulls,0 days 01:06:28.911000,12,FP1,50.7,29.2,62.8
LAW,30,110.489,23.0,3.0,40.021,45.397,25.071,184.0,199.0,315.0,328.0,False,MEDIUM,10.0,True,Racing Bulls,0 days 01:10:35.421000,1,FP1,50.7,29.2,62.8
LAW,30,109.288,24.0,3.0,39.232,45.264,24.792,185.0,203.0,272.0,338.0,False,MEDIUM,11.0,True,Racing Bulls,0 days 01:12:25.910000,1,FP1,50.7,29.2,62.8
OCO,31,112.893,2.0,1.0,40.543,46.03,26.32,178.0,191.0,299.0,307.0,True,HARD,2.0,True,Haas F1 Team,0 days 00:16:04.386000,1,FP1,50.7,29.2,62.8
OCO,31,132.707,3.0,1.0,48.584,54.739,29.384,141.0,145.0,305.0,283.0,False,HARD,3.0,True,Haas F1 Team,0 days 00:17:57.279000,1,FP1,50.8,29.3,61.5
OCO,31,109.731,4.0,1.0,38.928,45.116,25.687,185.0,197.0,304.0,321.0,True,HARD,4.0,True,Haas F1 Team,0 days 00:20:09.986000,1,FP1,50.8,29.3,61.5
OCO,31,109.306,7.0,2.0,38.799,44.727,25.78,185.0,200.0,302.0,320.0,True,HARD,7.0,False,Haas F1 Team,0 days 00:33:59.641000,1,FP1,50.8,29.3,61.5
OCO,31,107.341,13.0,5.0,38.026,43.859,25.456,194.0,200.0,307.0,323.0,True,SOFT,2.0,True,Haas F1 Team,0 days 00:57:15.827000,1,FP1,50.8,29.3,61.5
OCO,31,130.274,14.0,5.0,47.761,53.702,28.811,153.0,171.0,306.0,285.0,False,SOFT,3.0,True,Haas F1 Team,0 days 00:59:03.168000,1,FP1,50.9,29.4,60.8
OCO,31,106.624,15.0,5.0,37.695,43.675,25.254,193.0,201.0,306.0,324.0,True,SOFT,4.0,True,Haas F1 Team,0 days 01:01:13.442000,1,FP1,50.9,29.4,60.8
LIN,41,110.53,7.0,3.0,39.35,45.199,25.981,177.0,191.0,305.0,309.0,True,HARD,7.0,False,Racing Bulls,0 days 00:39:50.965000,1,FP1,50.7,29.6,59.2
LIN,41,133.723,8.0,3.0,50.725,53.435,29.563,108.0,186.0,305.0,259.0,False,HARD,8.0,False,Racing Bulls,0 days 00:41:41.495000,12,FP1,50.3,29.7,59.3
LIN,41,107.946,9.0,3.0,38.432,44.33,25.184,188.0,201.0,311.0,325.0,True,HARD,9.0,False,Racing Bulls,0 days 00:43:55.218000,12,FP1,50.3,29.7,59.3
LIN,41,146.424,10.0,3.0,54.372,63.113,28.939,134.0,179.0,315.0,272.0,False,HARD,10.0,False,Racing Bulls,0 days 00:45:43.164000,21,FP1,50.3,29.7,59.3
LIN,41,107.726,11.0,3.0,38.421,44.014,25.291,182.0,202.0,308.0,322.0,True,HARD,11.0,False,Racing Bulls,0 days 00:48:09.588000,1,FP1,50.3,29.7,59.3
LIN,41,135.686,12.0,3.0,55.725,50.885,29.076,124.0,188.0,307.0,261.0,False,HARD,12.0,False,Racing Bulls,0 days 00:49:57.314000,1,FP1,50.3,29.7,59.3
LIN,41,107.444,13.0,3.0,38.17,44.032,25.242,187.0,202.0,309.0,323.0,True,HARD,13.0,False,Racing Bulls,0 days 00:52:13,1,FP1,50.3,29.7,59.3
LIN,41,106.771,16.0,4.0,37.699,43.819,25.253,201.0,207.0,312.0,323.0,True,MEDIUM,2.0,True,Racing Bulls,0 days 01:00:20.618000,1,FP1,50.9,29.7,61.7
LIN,41,130.565,17.0,4.0,51.778,50.714,28.073,175.0,195.0,315.0,290.0,False,MEDIUM,3.0,True,Racing Bulls,0 days 01:02:07.389000,1,FP1,50.9,29.7,61.7
LIN,41,143.391,18.0,4.0,52.816,60.497,30.078,101.0,179.0,310.0,268.0,False,MEDIUM,4.0,True,Racing Bulls,0 days 01:04:17.954000,1,FP1,50.9,29.7,61.7
LIN,41,124.614,20.0,4.0,43.68,51.937,28.997,168.0,181.0,312.0,270.0,False,MEDIUM,6.0,True,Racing Bulls,0 days 01:10:04.725000,1,FP1,50.9,29.7,61.7
LIN,41,106.601,21.0,4.0,37.814,43.733,25.054,194.0,204.0,313.0,326.0,True,MEDIUM,7.0,True,Racing Bulls,0 days 01:12:09.339000,1,FP1,50.9,29.7,61.7
COL,43,115.065,2.0,1.0,40.88,47.0,27.185,162.0,193.0,301.0,294.0,True,MEDIUM,2.0,True,Alpine,0 days 00:17:10.111000,1,FP1,50.8,29.7,60.8
COL,43,133.375,3.0,1.0,52.171,51.592,29.612,163.0,165.0,314.0,289.0,False,MEDIUM,3.0,True,Alpine,0 days 00:19:05.176000,1,FP1,50.8,29.7,60.8
COL,43,110.405,4.0,1.0,39.275,45.033,26.097,187.0,195.0,305.0,308.0,True,MEDIUM,4.0,True,Alpine,0 days 00:21:18.551000,1,FP1,50.8,29.7,60.8
COL,43,107.523,9.0,2.0,38.086,44.167,25.27,199.0,210.0,318.0,320.0,True,SOFT,4.0,True,Alpine,0 days 00:40:20.846000,12,FP1,50.8,29.8,60.0
COL,43,113.133,12.0,3.0,40.968,45.995,26.17,185.0,195.0,306.0,309.0,False,MEDIUM,7.0,False,Alpine,0 days 00:54:22.341000,1,FP1,50.8,29.8,60.0
COL,43,111.621,13.0,3.0,40.06,45.378,26.183,186.0,198.0,306.0,308.0,False,MEDIUM,8.0,False,Alpine,0 days 00:56:15.474000,1,FP1,50.8,29.8,60.0
COL,43,111.276,14.0,3.0,39.959,45.319,25.998,185.0,203.0,308.0,311.0,False,MEDIUM,9.0,False,Alpine,0 days 00:58:07.095000,1,FP1,50.8,29.8,60.0
COL,43,111.278,15.0,3.0,40.075,45.16,26.043,188.0,206.0,307.0,310.0,False,MEDIUM,10.0,False,Alpine,0 days 00:59:58.371000,1,FP1,50.2,29.8,59.2
COL,43,110.892,16.0,3.0,39.837,45.05,26.005,193.0,201.0,306.0,309.0,False,MEDIUM,11.0,False,Alpine,0 days 01:01:49.649000,1,FP1,50.2,29.8,59.2
COL,43,111.623,17.0,3.0,40.287,45.41,25.926,189.0,204.0,308.0,315.0,False,MEDIUM,12.0,False,Alpine,0 days 01:03:40.541000,1,FP1,50.2,29.8,59.2
COL,43,110.397,18.0,3.0,39.593,44.915,25.889,192.0,205.0,307.0,315.0,False,MEDIUM,13.0,False,Alpine,0 days 01:05:32.164000,1,FP1,50.2,29.8,59.2
COL,43,110.359,21.0,3.0,39.608,44.794,25.957,201.0,202.0,307.0,312.0,False,MEDIUM,16.0,False,Alpine,0 days 01:11:35.392000,1,FP1,50.2,29.8,59.2
COL,43,136.405,22.0,3.0,40.195,48.428,47.782,187.0,147.0,82.0,195.0,False,MEDIUM,17.0,False,Alpine,0 days 01:13:25.751000,1,FP1,50.2,29.8,59.2
HAM,44,114.224,2.0,1.0,41.768,46.516,25.94,176.0,185.0,308.0,325.0,True,HARD,2.0,True,Ferrari,0 days 00:17:13.012000,1,FP1,50.8,29.9,58.5
HAM,44,112.369,3.0,1.0,41.131,45.675,25.563,187.0,200.0,314.0,329.0,True,HARD,3.0,True,Ferrari,0 days 00:19:07.236000,1,FP1,50.8,29.9,58.5
HAM,44,109.567,4.0,1.0,39.182,44.937,25.448,196.0,205.0,313.0,329.0,True,HARD,4.0,True,Ferrari,0 days 00:20:59.605000,1,FP1,50.8,29.9,58.5
HAM,44,140.277,5.0,1.0,51.873,59.085,29.319,130.0,175.0,307.0,284.0,False,HARD,5.0,True,Ferrari,0 days 00:22:49.172000,1,FP1,50.8,29.9,58.5
HAM,44,107.54,6.0,1.0,37.877,44.328,25.335,200.0,204.0,312.0,327.0,True,HARD,6.0,True,Ferrari,0 days 00:25:09.449000,1,FP1,50.8,29.9,58.5
HAM,44,142.663,7.0,1.0,51.507,61.883,29.273,159.0,145.0,310.0,280.0,False,HARD,7.0,True,Ferrari,0 days 00:26:56.989000,1,FP1,50.7,29.9,58.1
HAM,44,106.879,8.0,1.0,37.726,43.815,25.338,216.0,198.0,308.0,327.0,True,HARD,8.0,True,Ferrari,0 days 00:29:19.652000,1,FP1,50.7,29.9,58.1
HAM,44,129.5,9.0,1.0,45.861,54.606,29.033,165.0,186.0,307.0,282.0,False,HARD,9.0,True,Ferrari,0 days 00:31:06.531000,1,FP1,50.7,29.9,58.1
HAM,44,106.365,10.0,1.0,37.432,43.708,25.225,212.0,198.0,309.0,328.0,True,HARD,10.0,True,Ferrari,0 days 00:33:16.031000,1,FP1,50.7,29.9,58.1
HAM,44,106.696,13.0,2.0,37.529,44.014,25.153,208.0,198.0,312.0,332.0,False,MEDIUM,2.0,True,Ferrari,0 days 00:45:27.145000,12,FP1,51.1,30.0,60.3
HAM,44,130.082,14.0,2.0,46.176,54.797,29.109,168.0,192.0,306.0,279.0,False,MEDIUM,3.0,True,Ferrari,0 days 00:47:13.841000,12,FP1,51.1,30.0,60.3
HAM,44,106.426,15.0,2.0,37.449,43.703,25.274,208.0,199.0,309.0,326.0,False,MEDIUM,4.0,True,Ferrari,0 days 00:49:23.923000,1,FP1,51.1,30.0,60.3
HAM,44,139.524,16.0,2.0,56.376,54.184,28.964,67.0,195.0,309.0,283.0,False,MEDIUM,5.0,True,Ferrari,0 days 00:51:10.349000,1,FP1,51.1,30.0,60.3
HAM,44,106.217,17.0,2.0,37.473,43.593,25.151,212.0,199.0,310.0,327.0,True,MEDIUM,6.0,True,Ferrari,0 days 00:53:29.873000,1,FP1,51.1,30.0,60.3
HAM,44,144.954,18.0,2.0,56.539,59.326,29.089,132.0,188.0,307.0,281.0,False,MEDIUM,7.0,True,Ferrari,0 days 00:55:16.090000,1,FP1,51.1,30.0,60.3
HAM,44,105.824,19.0,2.0,37.279,43.358,25.187,204.0,202.0,309.0,327.0,True,MEDIUM,8.0,True,Ferrari,0 days 00:57:41.044000,1,FP1,51.0,30.0,59.6
HAM,44,109.902,23.0,4.0,39.434,45.135,25.333,188.0,208.0,316.0,329.0,False,HARD,14.0,False,Ferrari,0 days 01:12:22.239000,1,FP1,50.4,30.0,59.8
BOR,5,111.899,6.0,4.0,40.222,45.668,26.009,178.0,193.0,306.0,310.0,True,HARD,6.0,False,Audi,0 days 00:40:07.296000,12,FP1,49.8,29.9,58.6
BOR,5,149.414,7.0,4.0,60.366,54.532,34.516,152.0,108.0,314.0,279.0,False,HARD,7.0,False,Audi,0 days 00:41:59.195000,21,FP1,49.8,29.9,58.6
BOR,5,137.229,8.0,4.0,39.509,68.578,29.142,191.0,161.0,311.0,282.0,False,HARD,8.0,False,Audi,0 days 00:44:28.609000,12,FP1,49.8,29.9,58.6
BOR,5,111.5,9.0,4.0,40.247,45.13,26.123,191.0,197.0,316.0,300.0,True,HARD,9.0,False,Audi,0 days 00:46:45.838000,12,FP1,49.8,29.9,58.6
BOR,5,125.539,10.0,4.0,45.779,50.306,29.454,174.0,138.0,310.0,282.0,False,HARD,10.0,False,Audi,0 days 00:48:37.338000,1,FP1,49.8,29.9,58.6
BOR,5,108.833,11.0,4.0,38.899,44.305,25.629,196.0,204.0,310.0,313.0,True,HARD,11.0,False,Audi,0 days 00:50:42.877000,1,FP1,51.2,29.8,58.2
BOR,5,126.24,12.0,4.0,43.982,53.301,28.957,175.0,149.0,312.0,284.0,False,HARD,12.0,False,Audi,0 days 00:52:31.710000,1,FP1,51.2,29.8,58.2
BOR,5,107.151,15.0,5.0,38.155,43.409,25.587,196.0,206.0,306.0,316.0,True,SOFT,2.0,True,Audi,0 days 01:03:26.130000,1,FP1,51.2,29.8,58.2
BOR,5,134.787,16.0,5.0,49.765,53.947,31.075,177.0,67.0,305.0,282.0,False,SOFT,3.0,True,Audi,0 days 01:05:13.281000,1,FP1,51.2,29.8,58.2
BOR,5,106.688,19.0,5.0,38.03,43.353,25.305,202.0,209.0,308.0,325.0,True,SOFT,6.0,True,Audi,0 days 01:12:01.100000,1,FP1,50.9,29.9,60.0
SAI,55,115.907,2.0,1.0,41.96,47.139,26.808,165.0,177.0,306.0,298.0,True,HARD,2.0,True,Williams,0 days 00:17:03.956000,1,FP1,50.9,29.9,60.0
SAI,55,113.137,3.0,1.0,40.584,46.087,26.466,178.0,189.0,308.0,302.0,True,HARD,3.0,True,Williams,0 days 00:18:59.863000,1,FP1,50.9,29.9,60.0
SAI,55,136.006,4.0,1.0,49.882,56.559,29.565,155.0,87.0,329.0,282.0,False,HARD,4.0,True,Williams,0 days 00:20:53,1,FP1,50.9,29.9,60.0
SAI,55,127.658,7.0,2.0,39.336,59.364,28.958,171.0,148.0,319.0,285.0,False,SOFT,2.0,True,Williams,0 days 00:45:00.246000,12,FP1,50.9,29.9,60.0
SAI,55,109.165,8.0,2.0,38.672,44.64,25.853,185.0,194.0,309.0,311.0,True,SOFT,3.0,True,Williams,0 days 00:47:07.904000,12,FP1,50.9,29.9,60.0
SAI,55,143.267,9.0,2.0,54.556,59.631,29.08,88.0,166.0,322.0,291.0,False,SOFT,4.0,True,Williams,0 days 00:48:57.069000,1,FP1,50.9,29.9,60.0
SAI,55,108.321,10.0,2.0,38.403,44.246,25.672,185.0,203.0,310.0,315.0,True,SOFT,5.0,True,Williams,0 days 00:51:20.336000,1,FP1,50.9,29.9,60.0
SAI,55,148.791,11.0,2.0,60.444,59.432,28.915,125.0,161.0,317.0,286.0,False,SOFT,6.0,True,Williams,0 days 00:53:08.657000,1,FP1,50.9,29.9,60.0
SAI,55,108.022,12.0,2.0,38.242,43.993,25.787,189.0,210.0,309.0,311.0,True,SOFT,7.0,True,Williams,0 days 00:55:37.448000,1,FP1,50.9,29.9,60.0
SAI,55,147.581,13.0,2.0,60.217,58.456,28.908,121.0,164.0,294.0,286.0,False,SOFT,8.0,True,Williams,0 days 00:57:25.470000,1,FP1,50.9,29.9,60.0
SAI,55,131.184,14.0,2.0,46.909,54.209,30.066,154.0,160.0,294.0,261.0,False,SOFT,9.0,True,Williams,0 days 00:59:53.051000,1,FP1,50.9,29.9,60.0
SAI,55,107.429,15.0,2.0,38.374,43.675,25.38,192.0,203.0,315.0,320.0,True,SOFT,10.0,True,Williams,0 days 01:02:04.235000,1,FP1,50.9,29.9,60.0
SAI,55,136.891,16.0,2.0,48.439,59.09,29.362,145.0,165.0,317.0,265.0,False,SOFT,11.0,True,Williams,0 days 01:03:51.664000,1,FP1,50.9,29.9,60.0
SAI,55,106.893,17.0,2.0,37.996,43.433,25.464,194.0,209.0,312.0,317.0,True,SOFT,12.0,True,Williams,0 days 01:06:08.555000,12,FP1,50.9,29.9,60.0
SAI,55,109.019,20.0,3.0,39.242,44.175,25.602,187.0,204.0,313.0,314.0,False,SOFT,2.0,False,Williams,0 days 01:12:55.067000,1,FP1,50.9,29.9,60.0
HAD,6,111.915,2.0,1.0,40.257,46.288,25.37,175.0,194.0,315.0,330.0,True,HARD,2.0,True,Red Bull Racing,0 days 00:16:34.894000,1,FP1,50.9,29.9,60.0
HAD,6,135.009,3.0,1.0,46.399,54.542,34.068,147.0,88.0,311.0,288.0,False,HARD,3.0,True,Red Bull Racing,0 days 00:18:26.809000,1,FP1,50.9,29.9,60.0
HAD,6,109.037,4.0,1.0,38.934,44.784,25.319,198.0,199.0,314.0,323.0,True,HARD,4.0,True,Red Bull Racing,0 days 00:20:41.818000,1,FP1,50.9,29.9,60.0
HAD,6,140.454,5.0,1.0,52.243,59.712,28.499,139.0,188.0,312.0,289.0,False,HARD,5.0,True,Red Bull Racing,0 days 00:22:30.855000,1,FP1,50.9,29.9,60.0
HAD,6,107.873,6.0,1.0,38.266,44.452,25.155,201.0,211.0,311.0,324.0,True,HARD,6.0,True,Red Bull Racing,0 days 00:24:51.309000,1,FP1,50.9,29.9,60.0
RUS,63,120.597,2.0,1.0,43.047,48.425,29.125,179.0,184.0,315.0,277.0,True,HARD,2.0,True,Mercedes,0 days 00:19:53.190000,1,FP1,51.0,29.9,58.7
RUS,63,108.109,3.0,1.0,38.418,44.401,25.29,185.0,208.0,312.0,326.0,True,HARD,3.0,True,Mercedes,0 days 00:21:53.787000,1,FP1,51.0,29.9,58.7
RUS,63,145.517,4.0,1.0,53.698,62.831,28.988,120.0,186.0,312.0,281.0,False,HARD,4.0,True,Mercedes,0 days 00:23:41.896000,1,FP1,51.0,29.9,58.7
RUS,63,107.166,5.0,1.0,37.999,44.064,25.103,203.0,212.0,321.0,328.0,True,HARD,5.0,True,Mercedes,0 days 00:26:07.413000,1,FP1,51.0,29.9,58.7
RUS,63,146.167,6.0,1.0,62.229,55.07,28.868,118.0,191.0,313.0,282.0,False,HARD,6.0,True,Mercedes,0 days 00:27:54.579000,1,FP1,51.0,29.9,58.7
RUS,63,106.601,7.0,1.0,37.497,43.841,25.263,207.0,209.0,309.0,323.0,True,HARD,7.0,True,Mercedes,0 days 00:30:20.746000,1,FP1,51.0,29.9,58.7
RUS,63,117.196,11.0,2.0,38.719,49.541,28.936,169.0,193.0,317.0,285.0,False,SOFT,3.0,True,Mercedes,0 days 00:44:25.735000,12,FP1,51.0,29.9,58.7
RUS,63,106.261,12.0,2.0,37.685,43.605,24.971,208.0,204.0,318.0,331.0,True,SOFT,4.0,True,Mercedes,0 days 00:46:22.931000,12,FP1,51.0,29.9,58.7
RUS,63,148.852,13.0,2.0,59.271,60.762,28.819,153.0,174.0,310.0,284.0,False,SOFT,5.0,True,Mercedes,0 days 00:48:09.192000,1,FP1,51.0,29.9,58.7
RUS,63,105.387,14.0,2.0,37.336,43.319,24.732,203.0,213.0,332.0,334.0,True,SOFT,6.0,True,Mercedes,0 days 00:50:38.044000,1,FP1,51.0,29.9,58.7
RUS,63,112.313,17.0,3.0,40.808,45.789,25.716,184.0,201.0,314.0,319.0,False,SOFT,9.0,False,Mercedes,0 days 01:02:12.003000,1,FP1,51.0,29.9,58.7
RUS,63,109.881,18.0,3.0,39.647,44.707,25.527,188.0,206.0,315.0,323.0,False,SOFT,10.0,False,Mercedes,0 days 01:04:04.316000,1,FP1,51.0,29.9,58.7
RUS,63,109.358,19.0,3.0,39.063,44.848,25.447,201.0,204.0,315.0,325.0,False,SOFT,11.0,False,Mercedes,0 days 01:05:54.197000,12,FP1,51.0,29.9,58.7
RUS,63,110.193,22.0,3.0,39.496,45.103,25.594,195.0,199.0,313.0,322.0,False,SOFT,14.0,False,Mercedes,0 days 01:11:53.183000,1,FP1,51.0,29.8,58.7
BOT,77,119.763,4.0,3.0,40.279,49.452,30.032,175.0,149.0,295.0,274.0,True,MEDIUM,2.0,True,Cadillac,0 days 00:34:23.785000,1,FP1,51.0,29.8,58.7
BOT,77,111.036,7.0,3.0,38.954,45.505,26.577,193.0,194.0,307.0,305.0,True,MEDIUM,5.0,True,Cadillac,0 days 00:40:57.393000,12,FP1,51.0,29.8,60.5
BOT,77,124.352,8.0,3.0,42.898,52.025,29.429,168.0,141.0,301.0,281.0,False,MEDIUM,6.0,True,Cadillac,0 days 00:42:48.429000,1,FP1,51.0,29.8,60.5
BOT,77,121.973,9.0,3.0,38.741,50.537,32.695,194.0,158.0,304.0,281.0,False,MEDIUM,7.0,True,Cadillac,0 days 00:44:52.781000,12,FP1,51.0,29.8,60.5
BOT,77,109.786,10.0,3.0,38.718,44.854,26.214,190.0,195.0,301.0,312.0,True,MEDIUM,8.0,True,Cadillac,0 days 00:46:54.754000,12,FP1,51.0,29.8,60.5
BOT,77,128.474,11.0,3.0,44.586,54.728,29.16,154.0,151.0,307.0,284.0,False,MEDIUM,9.0,True,Cadillac,0 days 00:48:44.540000,1,FP1,50.9,29.8,60.0
BOT,77,109.315,12.0,3.0,38.516,44.746,26.053,188.0,202.0,300.0,311.0,True,MEDIUM,10.0,True,Cadillac,0 days 00:50:53.014000,1,FP1,50.9,29.8,60.0
BOT,77,114.443,15.0,4.0,40.94,46.576,26.927,181.0,188.0,299.0,307.0,False,MEDIUM,13.0,False,Cadillac,0 days 01:02:33.723000,1,FP1,50.9,29.8,60.0
BOT,77,112.981,16.0,4.0,40.485,46.128,26.368,184.0,194.0,309.0,316.0,False,MEDIUM,14.0,False,Cadillac,0 days 01:04:28.166000,1,FP1,50.9,29.8,60.0
BOT,77,112.512,17.0,4.0,40.366,45.955,26.191,179.0,196.0,303.0,314.0,False,MEDIUM,15.0,False,Cadillac,0 days 01:06:21.147000,12,FP1,50.9,29.8,60.0
BOT,77,115.936,19.0,4.0,41.742,47.741,26.453,179.0,196.0,304.0,316.0,False,MEDIUM,17.0,False,Cadillac,0 days 01:10:35.531000,1,FP1,50.9,29.8,60.0
BOT,77,111.908,20.0,4.0,40.108,45.934,25.866,183.0,206.0,306.0,322.0,False,MEDIUM,18.0,False,Cadillac,0 days 01:12:31.467000,1,FP1,50.5,29.7,60.0
PIA,81,112.137,2.0,1.0,39.922,45.887,26.328,162.0,189.0,306.0,304.0,True,MEDIUM,2.0,True,McLaren,0 days 00:16:52.225000,1,FP1,50.5,29.7,60.0
PIA,81,142.258,3.0,1.0,52.96,60.528,28.77,129.0,165.0,312.0,284.0,False,MEDIUM,3.0,True,McLaren,0 days 00:18:44.362000,1,FP1,50.5,29.7,60.0
PIA,81,109.046,4.0,1.0,38.526,44.484,26.036,176.0,201.0,305.0,304.0,True,MEDIUM,4.0,True,McLaren,0 days 00:21:06.620000,1,FP1,50.7,29.7,60.5
PIA,81,141.234,5.0,1.0,53.47,58.911,28.853,122.0,169.0,310.0,285.0,False,MEDIUM,5.0,True,McLaren,0 days 00:22:55.666000,1,FP1,50.7,29.7,60.5
PIA,81,107.407,6.0,1.0,37.821,43.889,25.697,180.0,213.0,307.0,311.0,True,MEDIUM,6.0,True,McLaren,0 days 00:25:16.900000,1,FP1,50.7,29.7,60.5
PIA,81,142.13,7.0,1.0,53.919,59.561,28.65,132.0,178.0,313.0,285.0,False,MEDIUM,7.0,True,McLaren,0 days 00:27:04.307000,1,FP1,50.7,29.7,60.5
PIA,81,137.138,11.0,3.0,54.957,53.372,28.809,165.0,167.0,312.0,282.0,False,SOFT,3.0,False,McLaren,0 days 00:47:14.448000,12,FP1,50.7,29.7,60.5
PIA,81,106.896,12.0,3.0,37.613,43.683,25.6,191.0,211.0,307.0,311.0,True,SOFT,4.0,False,McLaren,0 days 00:49:31.586000,1,FP1,50.7,29.7,60.5
PIA,81,106.398,15.0,4.0,37.756,43.311,25.331,187.0,212.0,311.0,315.0,True,SOFT,7.0,False,McLaren,0 days 01:12:48.644000,1,FP1,50.7,29.7,60.5
BEA,87,114.403,2.0,1.0,40.857,46.931,26.615,174.0,182.0,306.0,316.0,True,HARD,2.0,True,Haas F1 Team,0 days 00:16:20.353000,1,FP1,50.6,29.7,61.0
BEA,87,129.873,3.0,1.0,48.79,51.353,29.73,155.0,171.0,302.0,280.0,False,HARD,3.0,True,Haas F1 Team,0 days 00:18:14.756000,1,FP1,50.6,29.7,61.0
BEA,87,110.665,4.0,1.0,39.205,45.259,26.201,188.0,201.0,301.0,308.0,True,HARD,4.0,True,Haas F1 Team,0 days 00:20:24.629000,1,FP1,50.6,29.7,61.0
BEA,87,126.074,9.0,2.0,44.684,52.353,29.037,158.0,183.0,301.0,280.0,False,HARD,9.0,False,Haas F1 Team,0 days 00:41:42.057000,12,FP1,50.6,29.7,61.0
BEA,87,108.509,10.0,2.0,38.542,44.115,25.852,188.0,206.0,300.0,308.0,True,HARD,10.0,False,Haas F1 Team,0 days 00:43:48.131000,1,FP1,50.6,29.7,61.0
BEA,87,107.839,13.0,3.0,38.194,44.338,25.307,196.0,201.0,308.0,325.0,True,SOFT,2.0,True,Haas F1 Team,0 days 00:53:18.720000,1,FP1,50.6,29.7,61.0
BEA,87,142.447,14.0,3.0,54.989,58.59,28.868,119.0,150.0,307.0,286.0,False,SOFT,3.0,True,Haas F1 Team,0 days 00:55:06.559000,1,FP1,50.6,29.7,61.0
BEA,87,107.937,15.0,3.0,38.061,43.921,25.955,203.0,201.0,304.0,324.0,False,SOFT,4.0,True,Haas F1 Team,0 days 00:57:29.006000,1,FP1,50.6,29.7,61.0
BEA,87,138.128,16.0,3.0,57.183,52.298,28.647,135.0,181.0,307.0,286.0,False,SOFT,5.0,True,Haas F1 Team,0 days 00:59:16.943000,1,FP1,50.6,29.7,61.0
BEA,87,106.994,17.0,3.0,37.858,43.893,25.243,205.0,203.0,309.0,326.0,True,SOFT,6.0,True,Haas F1 Team,0 days 01:01:35.071000,1,FP1,50.6,29.7,61.0
BEA,87,110.73,20.0,4.0,40.175,45.144,25.411,184.0,203.0,311.0,327.0,False,SOFT,9.0,False,Haas F1 Team,0 days 01:12:37.271000,1,FP1,50.8,29.8,60.5
BEA,87,146.4,21.0,4.0,44.413,52.933,49.054,160.0,178.0,43.0,187.0,False,SOFT,10.0,False,Haas F1 Team,0 days 01:14:28.001000,1,FP1,50.8,29.8,60.5
NOR,1,106.448,2.0,1.0,37.727,43.35,25.371,203.0,214.0,308.0,315.0,True,HARD,2.0,True,McLaren,0 days 00:17:33.015000,1,FP2,47.5,29.4,54.7
NOR,1,132.689,3.0,1.0,49.65,53.864,29.175,150.0,190.0,307.0,279.0,False,HARD,3.0,True,McLaren,0 days 00:19:19.463000,1,FP2,47.5,29.4,54.7
NOR,1,105.184,4.0,1.0,36.956,42.927,25.301,201.0,216.0,308.0,317.0,True,HARD,4.0,True,McLaren,0 days 00:21:32.152000,1,FP2,47.5,29.4,54.7
NOR,1,128.145,5.0,1.0,42.703,56.654,28.788,176.0,183.0,307.0,282.0,False,HARD,5.0,True,McLaren,0 days 00:23:17.336000,1,FP2,47.5,29.4,54.7
NOR,1,104.831,8.0,2.0,36.89,42.713,25.228,210.0,224.0,305.0,317.0,True,SOFT,2.0,True,McLaren,0 days 00:46:59.645000,12,FP2,47.6,29.4,54.3
NOR,1,126.475,9.0,2.0,43.342,52.093,31.04,167.0,156.0,315.0,290.0,False,SOFT,3.0,True,McLaren,0 days 00:48:44.476000,1,FP2,47.6,29.4,54.3
NOR,1,122.69,10.0,2.0,43.083,51.08,28.527,159.0,179.0,309.0,288.0,False,SOFT,4.0,True,McLaren,0 days 00:50:50.951000,1,FP2,47.6,29.4,54.3
NOR,1,109.139,13.0,3.0,39.036,44.427,25.676,197.0,208.0,304.0,314.0,False,SOFT,2.0,False,McLaren,0 days 01:02:04.642000,1,FP2,47.6,29.4,54.3
NOR,1,108.272,14.0,3.0,38.799,44.101,25.372,200.0,209.0,311.0,321.0,False,SOFT,3.0,False,McLaren,0 days 01:03:53.781000,12,FP2,47.6,29.4,55.4
NOR,1,108.748,15.0,3.0,38.839,44.451,25.458,196.0,203.0,315.0,323.0,False,SOFT,4.0,False,McLaren,0 days 01:05:42.053000,1,FP2,47.6,29.4,55.4
NOR,1,109.684,16.0,3.0,39.225,44.965,25.494,188.0,206.0,315.0,315.0,False,SOFT,5.0,False,McLaren,0 days 01:07:30.801000,1,FP2,47.6,29.4,55.4
NOR,1,108.627,17.0,3.0,38.631,44.565,25.431,193.0,204.0,319.0,321.0,False,SOFT,6.0,False,McLaren,0 days 01:09:20.485000,1,FP2,47.7,29.4,56.0
NOR,1,113.044,18.0,3.0,38.715,46.13,28.199,189.0,199.0,310.0,326.0,False,SOFT,7.0,False,McLaren,0 days 01:11:09.112000,12,FP2,47.7,29.4,56.0
NOR,1,108.491,19.0,3.0,38.637,44.325,25.529,201.0,195.0,310.0,319.0,False,SOFT,8.0,False,McLaren,0 days 01:13:02.156000,1,FP2,47.7,29.4,56.0
NOR,1,143.134,20.0,3.0,43.605,52.983,46.546,156.0,147.0,48.0,192.0,False,SOFT,9.0,False,McLaren,0 days 01:14:50.647000,1,FP2,47.7,29.4,56.0
VER,3,105.933,2.0,1.0,37.402,43.468,25.063,207.0,207.0,310.0,325.0,True,MEDIUM,2.0,True,Red Bull Racing,0 days 00:17:40.656000,1,FP2,47.7,29.4,56.0
VER,3,145.531,3.0,1.0,59.345,57.769,28.417,99.0,199.0,309.0,287.0,False,MEDIUM,3.0,True,Red Bull Racing,0 days 00:19:26.589000,1,FP2,47.7,29.4,56.0
VER,3,105.115,4.0,1.0,37.063,42.991,25.061,208.0,208.0,309.0,324.0,True,MEDIUM,4.0,True,Red Bull Racing,0 days 00:21:52.120000,1,FP2,47.1,29.4,54.6
VER,3,143.369,5.0,1.0,59.211,55.874,28.284,137.0,196.0,310.0,288.0,False,MEDIUM,5.0,True,Red Bull Racing,0 days 00:23:37.235000,1,FP2,47.1,29.4,54.6
VER,3,104.492,6.0,1.0,36.889,42.741,24.862,209.0,213.0,314.0,327.0,True,MEDIUM,6.0,True,Red Bull Racing,0 days 00:26:00.604000,1,FP2,47.1,29.4,54.6
VER,3,125.273,9.0,2.0,45.869,50.975,28.429,179.0,192.0,311.0,289.0,False,SOFT,2.0,True,Red Bull Racing,0 days 00:46:19.213000,12,FP2,47.1,29.4,54.6
VER,3,132.192,10.0,2.0,40.637,62.881,28.674,139.0,170.0,310.0,288.0,False,SOFT,3.0,True,Red Bull Racing,0 days 00:48:24.486000,1,FP2,47.1,29.4,54.6
VER,3,104.174,11.0,2.0,36.723,42.675,24.776,210.0,211.0,315.0,327.0,True,SOFT,4.0,True,Red Bull Racing,0 days 00:50:36.678000,1,FP2,47.1,29.4,54.6
VER,3,110.111,14.0,3.0,39.198,45.429,25.484,189.0,199.0,308.0,320.0,False,SOFT,7.0,False,Red Bull Racing,0 days 01:01:48.662000,1,FP2,47.2,29.5,53.9
VER,3,108.333,15.0,3.0,38.876,44.349,25.108,194.0,209.0,315.0,326.0,False,SOFT,8.0,False,Red Bull Racing,0 days 01:03:38.773000,12,FP2,47.2,29.5,53.9
VER,3,107.851,16.0,3.0,38.679,44.21,24.962,191.0,208.0,324.0,330.0,False,SOFT,9.0,False,Red Bull Racing,0 days 01:05:27.106000,1,FP2,47.2,29.5,53.9
VER,3,117.937,17.0,3.0,38.987,49.011,29.939,195.0,71.0,302.0,302.0,False,SOFT,10.0,False,Red Bull Racing,0 days 01:07:14.957000,1,FP2,47.2,29.5,53.9
VER,3,108.13,18.0,3.0,38.904,43.989,25.237,200.0,209.0,309.0,326.0,False,SOFT,11.0,False,Red Bull Racing,0 days 01:09:12.894000,1,FP2,47.2,29.5,53.9
VER,3,125.376,19.0,3.0,38.995,59.733,26.648,191.0,140.0,310.0,319.0,False,SOFT,12.0,False,Red Bull Racing,0 days 01:11:01.024000,12,FP2,47.2,29.5,53.9
VER,3,108.161,20.0,3.0,38.989,44.05,25.122,197.0,208.0,313.0,324.0,False,SOFT,13.0,False,Red Bull Racing,0 days 01:13:06.400000,1,FP2,47.2,29.5,53.9
VER,3,147.965,21.0,3.0,54.076,52.043,41.846,126.0,179.0,49.0,205.0,False,SOFT,14.0,False,Red Bull Racing,0 days 01:14:54.561000,1,FP2,47.2,29.5,53.9
BOR,5,122.512,2.0,1.0,45.153,48.592,28.767,175.0,140.0,317.0,288.0,True,MEDIUM,2.0,True,Audi,0 days 00:17:44.848000,1,FP2,46.8,29.5,53.7
BOR,5,107.651,3.0,1.0,38.189,43.836,25.626,199.0,204.0,307.0,310.0,True,MEDIUM,3.0,True,Audi,0 days 00:19:47.360000,1,FP2,46.8,29.5,53.7
BOR,5,137.274,4.0,1.0,48.845,59.634,28.795,158.0,146.0,318.0,289.0,False,MEDIUM,4.0,True,Audi,0 days 00:21:35.011000,1,FP2,46.8,29.5,53.7
BOR,5,106.774,5.0,1.0,37.787,43.576,25.411,211.0,207.0,303.0,314.0,True,MEDIUM,5.0,True,Audi,0 days 00:23:52.285000,1,FP2,46.8,29.5,53.7
BOR,5,133.43,6.0,1.0,50.871,54.109,28.45,151.0,184.0,316.0,287.0,False,MEDIUM,6.0,True,Audi,0 days 00:25:39.059000,1,FP2,46.8,29.5,53.7
BOR,5,106.476,7.0,1.0,37.693,43.573,25.21,207.0,207.0,315.0,316.0,True,MEDIUM,7.0,True,Audi,0 days 00:27:52.489000,1,FP2,46.8,29.5,53.7
BOR,5,146.624,8.0,1.0,50.928,65.979,29.717,139.0,114.0,314.0,284.0,False,MEDIUM,8.0,True,Audi,0 days 00:29:38.965000,12,FP2,46.9,29.6,54.9
BOR,5,105.794,11.0,2.0,37.391,43.017,25.386,205.0,209.0,304.0,313.0,True,SOFT,2.0,True,Audi,0 days 00:48:06.788000,12,FP2,46.9,29.6,54.9
BOR,5,146.116,12.0,2.0,53.913,63.284,28.919,125.0,117.0,317.0,288.0,False,SOFT,3.0,True,Audi,0 days 00:49:52.582000,1,FP2,46.9,29.6,54.9
BOR,5,141.474,13.0,2.0,47.815,63.32,30.339,102.0,92.0,318.0,291.0,False,SOFT,4.0,True,Audi,0 days 00:52:18.698000,1,FP2,46.9,29.6,54.9
BOR,5,144.397,14.0,2.0,54.429,59.312,30.656,151.0,77.0,323.0,284.0,False,SOFT,5.0,True,Audi,0 days 00:54:40.172000,12,FP2,46.9,29.6,54.9
BOR,5,110.532,17.0,3.0,39.735,44.88,25.917,192.0,204.0,306.0,318.0,False,SOFT,8.0,False,Audi,0 days 01:05:17.756000,1,FP2,46.9,29.6,54.9
BOR,5,110.192,18.0,3.0,39.53,44.672,25.99,194.0,208.0,305.0,316.0,False,SOFT,9.0,False,Audi,0 days 01:07:08.288000,1,FP2,46.9,29.6,54.9
BOR,5,109.492,19.0,3.0,39.286,44.325,25.881,193.0,212.0,305.0,318.0,False,SOFT,10.0,False,Audi,0 days 01:08:58.480000,1,FP2,46.5,29.6,56.2
BOR,5,110.031,20.0,3.0,39.675,44.755,25.601,201.0,213.0,306.0,324.0,False,SOFT,11.0,False,Audi,0 days 01:10:47.972000,12,FP2,46.5,29.6,56.2
BOR,5,109.293,21.0,3.0,39.133,44.59,25.57,198.0,214.0,307.0,325.0,False,SOFT,12.0,False,Audi,0 days 01:12:38.003000,1,FP2,46.5,29.6,56.2
HAD,6,106.301,2.0,1.0,37.497,43.652,25.152,212.0,217.0,311.0,324.0,True,SOFT,2.0,True,Red Bull Racing,0 days 00:20:50.642000,1,FP2,46.5,29.6,56.2
HAD,6,144.687,3.0,1.0,58.679,57.784,28.224,173.0,171.0,326.0,293.0,False,SOFT,3.0,True,Red Bull Racing,0 days 00:22:36.943000,1,FP2,46.4,29.6,56.3
HAD,6,105.462,4.0,1.0,37.154,43.318,24.99,207.0,229.0,312.0,325.0,True,SOFT,4.0,True,Red Bull Racing,0 days 00:25:01.630000,1,FP2,46.4,29.6,56.3
HAD,6,141.883,5.0,1.0,61.617,51.987,28.279,112.0,207.0,309.0,289.0,False,SOFT,5.0,True,Red Bull Racing,0 days 00:26:47.092000,1,FP2,46.4,29.6,56.3
HAD,6,131.408,8.0,2.0,43.98,59.097,28.331,172.0,169.0,313.0,292.0,False,SOFT,2.0,True,Red Bull Racing,0 days 00:46:25.293000,12,FP2,46.4,29.6,56.3
HAD,6,104.868,9.0,2.0,36.99,43.096,24.782,218.0,223.0,315.0,328.0,True,SOFT,3.0,True,Red Bull Racing,0 days 00:48:36.701000,1,FP2,46.4,29.6,56.3
HAD,6,146.649,10.0,2.0,65.127,53.36,28.162,141.0,195.0,313.0,291.0,False,SOFT,4.0,True,Red Bull Racing,0 days 00:50:21.569000,1,FP2,46.4,29.6,56.3
HAD,6,110.108,13.0,3.0,39.591,45.216,25.301,196.0,206.0,319.0,326.0,False,SOFT,7.0,False,Red Bull Racing,0 days 01:05:09.283000,1,FP2,46.4,29.6,56.3
HAD,6,109.595,14.0,3.0,39.444,45.131,25.02,196.0,214.0,320.0,328.0,False,SOFT,8.0,False,Red Bull Racing,0 days 01:06:59.391000,1,FP2,46.4,29.6,56.3
HAD,6,108.648,15.0,3.0,39.103,44.726,24.819,190.0,219.0,334.0,339.0,False,SOFT,9.0,False,Red Bull Racing,0 days 01:08:48.986000,1,FP2,46.1,29.5,55.7
HAD,6,109.079,16.0,3.0,39.428,44.52,25.131,199.0,217.0,322.0,327.0,False,SOFT,10.0,False,Red Bull Racing,0 days 01:10:37.634000,12,FP2,46.1,29.5,55.7
HAD,6,111.013,17.0,3.0,40.069,45.807,25.137,193.0,211.0,318.0,331.0,False,SOFT,11.0,False,Red Bull Racing,0 days 01:12:26.713000,21,FP2,46.1,29.5,55.7
HAD,6,108.708,18.0,3.0,39.049,44.206,25.453,193.0,218.0,308.0,319.0,False,SOFT,12.0,False,Red Bull Racing,0 days 01:14:17.726000,1,FP2,46.1,29.5,55.7
GAS,10,108.353,2.0,1.0,38.483,44.483,25.387,195.0,207.0,307.0,319.0,True,MEDIUM,2.0,True,Alpine,0 days 00:16:30.745000,1,FP2,45.9,29.5,55.6
GAS,10,136.86,3.0,1.0,53.312,55.283,28.265,98.0,180.0,318.0,288.0,False,MEDIUM,3.0,True,Alpine,0 days 00:18:19.098000,1,FP2,45.9,29.5,55.6
GAS,10,106.97,4.0,1.0,37.892,43.895,25.183,201.0,214.0,308.0,321.0,True,MEDIUM,4.0,True,Alpine,0 days 00:20:35.958000,1,FP2,45.9,29.5,55.6
GAS,10,146.051,5.0,1.0,60.714,57.113,28.224,118.0,183.0,311.0,288.0,False,MEDIUM,5.0,True,Alpine,0 days 00:22:22.928000,1,FP2,45.9,29.5,55.6
GAS,10,106.116,6.0,1.0,37.645,43.295,25.176,194.0,209.0,308.0,318.0,True,MEDIUM,6.0,True,Alpine,0 days 00:24:48.979000,1,FP2,45.9,29.5,55.6
GAS,10,124.691,9.0,2.0,46.689,49.995,28.007,167.0,190.0,313.0,290.0,False,SOFT,2.0,True,Alpine,0 days 00:45:39.426000,21,FP2,45.9,29.5,55.6
GAS,10,136.194,10.0,2.0,51.864,55.941,28.389,135.0,170.0,315.0,289.0,False,SOFT,3.0,True,Alpine,0 days 00:47:44.117000,12,FP2,45.9,29.5,55.6
GAS,10,105.83,11.0,2.0,37.398,43.273,25.159,197.0,214.0,306.0,316.0,True,SOFT,4.0,True,Alpine,0 days 00:50:00.311000,1,FP2,46.2,29.5,55.6
GAS,10,104.843,13.0,2.0,37.144,42.722,24.977,198.0,222.0,310.0,319.0,True,SOFT,6.0,True,Alpine,0 days 00:54:28.777000,12,FP2,46.2,29.5,55.6
GAS,10,110.012,16.0,3.0,39.528,44.707,25.777,188.0,206.0,310.0,314.0,False,MEDIUM,9.0,False,Alpine,0 days 01:05:39.821000,1,FP2,46.2,29.5,55.6
GAS,10,109.551,17.0,3.0,39.616,44.582,25.353,188.0,207.0,313.0,324.0,False,MEDIUM,10.0,False,Alpine,0 days 01:07:29.833000,1,FP2,46.2,29.5,55.6
GAS,10,108.972,18.0,3.0,39.137,44.542,25.293,191.0,205.0,314.0,325.0,False,MEDIUM,11.0,False,Alpine,0 days 01:09:19.384000,1,FP2,46.2,29.5,55.6
GAS,10,110.043,19.0,3.0,39.03,45.635,25.378,192.0,200.0,313.0,324.0,False,MEDIUM,12.0,False,Alpine,0 days 01:11:08.356000,12,FP2,46.2,29.5,55.6
GAS,10,108.9,20.0,3.0,39.174,44.367,25.359,194.0,204.0,313.0,321.0,False,MEDIUM,13.0,False,Alpine,0 days 01:12:58.399000,1,FP2,46.2,29.5,55.6
GAS,10,142.714,21.0,3.0,46.062,52.877,43.775,163.0,147.0,56.0,200.0,False,MEDIUM,14.0,False,Alpine,0 days 01:14:47.299000,1,FP2,45.9,29.5,55.4
PER,11,115.237,2.0,1.0,38.731,47.443,29.063,192.0,186.0,305.0,281.0,True,MEDIUM,2.0,True,Cadillac,0 days 00:16:56.872000,1,FP2,45.9,29.5,55.4
PER,11,108.036,3.0,1.0,38.061,44.35,25.625,195.0,210.0,303.0,322.0,True,MEDIUM,3.0,True,Cadillac,0 days 00:18:52.109000,1,FP2,45.9,29.5,55.4
PER,11,106.843,5.0,1.0,37.683,43.838,25.322,204.0,209.0,304.0,330.0,True,MEDIUM,5.0,True,Cadillac,0 days 00:23:14.688000,1,FP2,45.9,29.5,55.4
PER,11,120.173,8.0,2.0,44.011,47.531,28.631,183.0,192.0,306.0,284.0,False,SOFT,2.0,True,Cadillac,0 days 00:45:30.204000,21,FP2,45.7,29.5,55.3
PER,11,106.546,9.0,2.0,37.593,43.614,25.339,198.0,213.0,305.0,323.0,True,SOFT,3.0,True,Cadillac,0 days 00:47:30.377000,12,FP2,45.7,29.5,55.3
PER,11,127.597,10.0,2.0,46.941,52.038,28.618,145.0,184.0,306.0,285.0,False,SOFT,4.0,True,Cadillac,0 days 00:49:16.923000,1,FP2,45.7,29.5,55.3
PER,11,105.76,11.0,2.0,37.376,43.441,24.943,194.0,207.0,315.0,332.0,True,SOFT,5.0,True,Cadillac,0 days 00:51:24.520000,1,FP2,45.7,29.5,55.3
PER,11,111.137,14.0,3.0,39.939,45.201,25.997,192.0,200.0,303.0,321.0,False,SOFT,8.0,False,Cadillac,0 days 01:02:20.406000,12,FP2,45.6,29.5,55.5
PER,11,110.683,15.0,3.0,39.673,45.175,25.835,188.0,205.0,305.0,323.0,False,SOFT,9.0,False,Cadillac,0 days 01:04:11.543000,21,FP2,45.6,29.5,55.5
PER,11,109.966,16.0,3.0,39.358,44.97,25.638,193.0,204.0,311.0,327.0,False,SOFT,10.0,False,Cadillac,0 days 01:06:02.226000,1,FP2,45.6,29.5,55.5
PER,11,110.902,17.0,3.0,39.89,45.547,25.465,196.0,196.0,325.0,329.0,False,SOFT,11.0,False,Cadillac,0 days 01:07:52.192000,1,FP2,45.6,29.5,55.5
PER,11,110.615,18.0,3.0,39.812,44.929,25.874,195.0,199.0,305.0,323.0,False,SOFT,12.0,False,Cadillac,0 days 01:09:43.094000,1,FP2,45.6,29.5,55.5
PER,11,110.14,19.0,3.0,39.29,44.966,25.884,194.0,209.0,303.0,320.0,False,SOFT,13.0,False,Cadillac,0 days 01:11:33.709000,12,FP2,45.6,29.5,55.5
PER,11,110.295,20.0,3.0,39.591,44.814,25.89,198.0,210.0,301.0,318.0,False,SOFT,14.0,False,Cadillac,0 days 01:13:23.849000,1,FP2,45.6,29.5,55.5
PER,11,142.237,21.0,3.0,46.559,55.619,40.059,151.0,154.0,61.0,252.0,False,SOFT,15.0,False,Cadillac,0 days 01:15:14.144000,1,FP2,45.6,29.5,55.5
ANT,12,105.671,2.0,1.0,37.392,43.39,24.889,203.0,212.0,312.0,329.0,True,SOFT,2.0,True,Mercedes,0 days 00:46:23.098000,1,FP2,45.9,29.6,55.9
ANT,12,139.736,3.0,1.0,53.852,57.197,28.687,158.0,184.0,312.0,284.0,False,SOFT,3.0,True,Mercedes,0 days 00:48:08.769000,12,FP2,45.9,29.6,55.9
ANT,12,104.753,4.0,1.0,36.896,43.026,24.831,208.0,211.0,312.0,327.0,True,SOFT,4.0,True,Mercedes,0 days 00:50:28.505000,1,FP2,45.6,29.6,56.5
ANT,12,134.627,6.0,1.0,44.477,61.36,28.79,188.0,174.0,313.0,274.0,False,SOFT,6.0,True,Mercedes,0 days 00:54:55.842000,21,FP2,45.6,29.6,56.5
ANT,12,103.899,7.0,1.0,36.556,42.724,24.619,218.0,212.0,315.0,332.0,True,SOFT,7.0,True,Mercedes,0 days 00:57:10.469000,1,FP2,45.6,29.6,56.5
ANT,12,109.444,10.0,2.0,39.368,44.603,25.473,194.0,202.0,312.0,322.0,False,MEDIUM,2.0,True,Mercedes,0 days 01:08:11.740000,1,FP2,45.4,29.5,56.6
ANT,12,108.703,11.0,2.0,38.937,44.3,25.466,197.0,205.0,312.0,321.0,False,MEDIUM,3.0,True,Mercedes,0 days 01:10:01.184000,1,FP2,45.4,29.5,56.6
ANT,12,108.138,12.0,2.0,38.701,44.064,25.373,198.0,208.0,312.0,323.0,False,MEDIUM,4.0,True,Mercedes,0 days 01:11:49.887000,12,FP2,45.4,29.5,56.6
ANT,12,107.793,13.0,2.0,38.528,43.986,25.279,205.0,209.0,316.0,324.0,False,MEDIUM,5.0,True,Mercedes,0 days 01:13:38.025000,1,FP2,45.4,29.5,56.6
ALO,14,124.293,2.0,1.0,42.32,52.552,29.421,176.0,175.0,299.0,277.0,True,SOFT,2.0,True,Aston Martin,0 days 00:17:10.850000,1,FP2,45.0,29.2,54.9
ALO,14,108.452,3.0,1.0,38.189,44.473,25.79,204.0,200.0,294.0,307.0,True,SOFT,3.0,True,Aston Martin,0 days 00:19:15.143000,1,FP2,45.2,29.2,54.1
ALO,14,141.383,4.0,1.0,57.387,54.275,29.721,164.0,155.0,300.0,280.0,False,SOFT,4.0,True,Aston Martin,0 days 00:21:03.595000,1,FP2,45.2,29.2,54.1
ALO,14,107.889,5.0,1.0,37.767,44.086,26.036,207.0,204.0,293.0,301.0,True,SOFT,5.0,True,Aston Martin,0 days 00:23:24.978000,1,FP2,45.2,29.2,54.1
ALO,14,140.249,6.0,1.0,55.197,55.599,29.453,121.0,165.0,311.0,279.0,False,SOFT,6.0,True,Aston Martin,0 days 00:25:12.867000,1,FP2,45.2,29.2,54.1
ALO,14,107.911,7.0,1.0,37.585,43.565,26.761,210.0,222.0,291.0,288.0,False,SOFT,7.0,True,Aston Martin,0 days 00:27:33.116000,1,FP2,45.2,29.2,54.1
ALO,14,148.121,8.0,1.0,61.152,57.322,29.647,164.0,184.0,298.0,277.0,False,SOFT,8.0,True,Aston Martin,0 days 00:29:21.027000,12,FP2,45.2,29.2,54.1
LEC,16,123.609,2.0,1.0,41.985,52.588,29.036,181.0,176.0,308.0,282.0,True,MEDIUM,2.0,True,Ferrari,0 days 00:20:05.251000,1,FP2,44.6,29.2,54.0
LEC,16,105.812,3.0,1.0,37.266,43.505,25.041,210.0,210.0,315.0,329.0,True,MEDIUM,3.0,True,Ferrari,0 days 00:22:08.860000,1,FP2,44.6,29.2,54.0
LEC,16,134.365,4.0,1.0,48.625,56.837,28.903,145.0,176.0,308.0,282.0,False,MEDIUM,4.0,True,Ferrari,0 days 00:23:54.672000,1,FP2,44.6,29.2,54.0
LEC,16,114.747,5.0,1.0,37.276,49.36,28.111,207.0,162.0,319.0,294.0,False,MEDIUM,5.0,True,Ferrari,0 days 00:26:09.037000,1,FP2,44.6,29.2,54.0
LEC,16,122.723,6.0,1.0,41.386,52.421,28.916,176.0,191.0,311.0,281.0,False,MEDIUM,6.0,True,Ferrari,0 days 00:28:03.784000,1,FP2,44.6,29.2,54.0
LEC,16,112.546,7.0,1.0,37.017,46.102,29.427,205.0,119.0,317.0,290.0,False,MEDIUM,7.0,True,Ferrari,0 days 00:30:06.507000,12,FP2,44.6,29.2,54.0
LEC,16,115.122,10.0,2.0,37.262,49.485,28.375,201.0,175.0,314.0,292.0,False,SOFT,2.0,True,Ferrari,0 days 00:46:36.377000,12,FP2,44.6,29.2,54.0
LEC,16,104.473,11.0,2.0,36.844,42.857,24.772,206.0,214.0,317.0,334.0,True,SOFT,3.0,True,Ferrari,0 days 00:48:31.499000,1,FP2,44.8,29.2,54.5
LEC,16,146.418,12.0,2.0,52.475,65.298,28.645,154.0,175.0,311.0,287.0,False,SOFT,4.0,True,Ferrari,0 days 00:50:15.972000,1,FP2,44.8,29.2,54.5
LEC,16,128.298,13.0,2.0,38.236,60.539,29.523,183.0,148.0,313.0,284.0,False,SOFT,5.0,True,Ferrari,0 days 00:52:42.390000,12,FP2,44.8,29.2,54.5
LEC,16,123.125,14.0,2.0,41.962,52.221,28.942,175.0,178.0,311.0,280.0,False,SOFT,6.0,True,Ferrari,0 days 00:54:50.688000,21,FP2,44.8,29.2,54.5
LEC,16,109.262,17.0,3.0,39.271,44.514,25.477,193.0,204.0,311.0,325.0,False,SOFT,9.0,False,Ferrari,0 days 01:06:27.141000,1,FP2,44.8,29.2,54.5
LEC,16,109.076,18.0,3.0,39.23,44.397,25.449,195.0,209.0,312.0,326.0,False,SOFT,10.0,False,Ferrari,0 days 01:08:16.403000,1,FP2,44.8,29.2,54.5
LEC,16,108.841,19.0,3.0,38.925,44.45,25.466,198.0,215.0,313.0,326.0,False,SOFT,11.0,False,Ferrari,0 days 01:10:05.479000,1,FP2,44.8,29.2,54.5
LEC,16,108.751,20.0,3.0,39.064,44.344,25.343,199.0,206.0,312.0,320.0,False,SOFT,12.0,False,Ferrari,0 days 01:11:54.320000,12,FP2,44.8,29.2,54.5
LEC,16,107.933,21.0,3.0,38.605,44.055,25.273,195.0,209.0,313.0,322.0,False,SOFT,13.0,False,Ferrari,0 days 01:13:43.071000,1,FP2,45.0,29.2,54.8
STR,18,124.363,2.0,1.0,43.506,51.217,29.64,186.0,170.0,302.0,280.0,True,SOFT,2.0,True,Aston Martin,0 days 00:19:52.851000,1,FP2,45.0,29.2,54.8
STR,18,109.071,3.0,1.0,38.517,44.549,26.005,209.0,194.0,295.0,306.0,True,SOFT,3.0,True,Aston Martin,0 days 00:21:57.214000,1,FP2,45.0,29.2,54.8
STR,18,146.47,4.0,1.0,52.823,64.137,29.51,114.0,164.0,303.0,280.0,False,SOFT,4.0,True,Aston Martin,0 days 00:23:46.285000,1,FP2,45.0,29.2,54.8
STR,18,108.491,5.0,1.0,38.337,44.164,25.99,212.0,193.0,294.0,306.0,True,SOFT,5.0,True,Aston Martin,0 days 00:26:12.755000,1,FP2,44.8,29.2,54.4
STR,18,108.458,7.0,1.0,38.317,44.118,26.023,204.0,201.0,293.0,304.0,True,SOFT,7.0,True,Aston Martin,0 days 00:30:40.091000,12,FP2,44.8,29.2,54.4
STR,18,126.19,10.0,2.0,48.089,48.735,29.366,176.0,178.0,301.0,279.0,False,SOFT,2.0,True,Aston Martin,0 days 00:46:50.994000,12,FP2,44.8,29.2,54.4
STR,18,108.161,11.0,2.0,38.201,44.103,25.857,208.0,194.0,296.0,309.0,True,SOFT,3.0,True,Aston Martin,0 days 00:48:57.184000,1,FP2,44.8,29.2,54.4
STR,18,132.876,12.0,2.0,50.961,52.736,29.179,179.0,174.0,304.0,281.0,False,SOFT,4.0,True,Aston Martin,0 days 00:50:45.345000,1,FP2,44.8,29.2,54.4
STR,18,107.403,13.0,2.0,37.765,43.9,25.738,208.0,199.0,300.0,309.0,True,SOFT,5.0,True,Aston Martin,0 days 00:52:58.221000,1,FP2,44.8,29.2,54.4
STR,18,132.528,14.0,2.0,47.468,55.431,29.629,143.0,139.0,302.0,280.0,False,SOFT,6.0,True,Aston Martin,0 days 00:54:45.624000,12,FP2,44.8,29.2,54.4
STR,18,115.47,17.0,3.0,41.478,46.822,27.17,179.0,183.0,294.0,293.0,False,SOFT,9.0,False,Aston Martin,0 days 01:05:53.802000,1,FP2,44.6,29.3,54.4
STR,18,113.69,18.0,3.0,40.99,46.3,26.4,183.0,196.0,295.0,303.0,False,SOFT,10.0,False,Aston Martin,0 days 01:07:49.272000,1,FP2,44.6,29.3,54.4
STR,18,113.337,19.0,3.0,41.215,46.039,26.083,188.0,198.0,299.0,307.0,False,SOFT,11.0,False,Aston Martin,0 days 01:09:42.962000,1,FP2,44.6,29.3,54.4
STR,18,112.424,20.0,3.0,40.053,45.87,26.501,190.0,198.0,293.0,296.0,False,SOFT,12.0,False,Aston Martin,0 days 01:11:36.299000,12,FP2,44.6,29.3,54.4
STR,18,114.074,21.0,3.0,40.715,46.144,27.215,184.0,182.0,291.0,288.0,False,SOFT,13.0,False,Aston Martin,0 days 01:13:28.723000,1,FP2,44.6,29.3,54.4
ALB,23,108.789,2.0,1.0,38.941,44.323,25.525,192.0,214.0,313.0,317.0,True,MEDIUM,2.0,True,Williams,0 days 00:17:27.993000,1,FP2,44.5,29.3,53.9
ALB,23,144.013,3.0,1.0,55.125,59.702,29.186,144.0,148.0,289.0,281.0,False,MEDIUM,3.0,True,Williams,0 days 00:19:16.782000,1,FP2,44.5,29.3,53.9
ALB,23,107.44,4.0,1.0,38.241,43.925,25.274,203.0,212.0,311.0,322.0,True,MEDIUM,4.0,True,Williams,0 days 00:21:40.795000,1,FP2,44.5,29.3,53.9
ALB,23,146.345,5.0,1.0,54.903,61.466,29.976,130.0,155.0,294.0,269.0,False,MEDIUM,5.0,True,Williams,0 days 00:23:28.235000,1,FP2,44.5,29.3,53.9
ALB,23,107.061,6.0,1.0,37.986,43.838,25.237,205.0,208.0,314.0,322.0,True,MEDIUM,6.0,True,Williams,0 days 00:25:54.580000,1,FP2,44.5,29.3,53.9
ALB,23,138.214,7.0,1.0,49.496,59.648,29.07,146.0,166.0,301.0,281.0,False,MEDIUM,7.0,True,Williams,0 days 00:27:41.641000,1,FP2,44.5,29.3,53.9
ALB,23,106.123,10.0,2.0,37.867,43.233,25.023,209.0,215.0,314.0,326.0,True,SOFT,2.0,True,Williams,0 days 00:46:04.322000,1,FP2,44.5,29.3,53.9
ALB,23,126.457,12.0,2.0,40.048,58.396,28.013,135.0,175.0,325.0,293.0,False,SOFT,4.0,True,Williams,0 days 00:50:22.476000,1,FP2,44.4,29.4,54.4
ALB,23,110.742,15.0,3.0,39.871,44.932,25.939,186.0,205.0,308.0,312.0,False,SOFT,7.0,False,Williams,0 days 01:01:53.121000,1,FP2,44.4,29.4,54.4
ALB,23,110.542,16.0,3.0,39.439,45.255,25.848,193.0,205.0,309.0,314.0,False,SOFT,8.0,False,Williams,0 days 01:03:43.863000,12,FP2,44.4,29.4,54.4
ALB,23,109.964,17.0,3.0,39.424,44.745,25.795,196.0,209.0,309.0,315.0,False,SOFT,9.0,False,Williams,0 days 01:05:34.405000,1,FP2,44.4,29.4,54.4
ALB,23,109.349,18.0,3.0,39.33,44.666,25.353,194.0,202.0,320.0,325.0,False,SOFT,10.0,False,Williams,0 days 01:07:24.369000,1,FP2,44.0,29.4,55.0
ALB,23,109.982,19.0,3.0,39.5,45.244,25.238,188.0,207.0,316.0,328.0,False,SOFT,11.0,False,Williams,0 days 01:09:13.718000,1,FP2,44.0,29.4,55.0
ALB,23,110.14,20.0,3.0,39.37,45.138,25.632,188.0,200.0,310.0,319.0,False,SOFT,12.0,False,Williams,0 days 01:11:03.700000,12,FP2,44.0,29.4,55.0
ALB,23,109.417,21.0,3.0,39.31,44.81,25.297,193.0,210.0,312.0,327.0,False,SOFT,13.0,False,Williams,0 days 01:12:53.840000,1,FP2,44.0,29.4,55.0
ALB,23,143.511,22.0,3.0,39.513,59.571,44.427,162.0,147.0,65.0,216.0,False,SOFT,14.0,False,Williams,0 days 01:14:43.257000,1,FP2,44.0,29.4,55.0
HUL,27,107.445,2.0,1.0,38.342,43.805,25.298,203.0,207.0,309.0,322.0,True,MEDIUM,2.0,True,Audi,0 days 00:21:17.404000,1,FP2,44.0,29.4,55.0
HUL,27,106.825,5.0,2.0,38.08,43.563,25.182,200.0,210.0,309.0,326.0,True,MEDIUM,5.0,False,Audi,0 days 00:46:40.800000,12,FP2,43.8,29.4,55.4
HUL,27,134.236,6.0,2.0,53.565,52.237,28.434,134.0,188.0,315.0,287.0,False,MEDIUM,6.0,False,Audi,0 days 00:48:27.625000,1,FP2,43.8,29.4,55.4
HUL,27,106.12,7.0,2.0,37.675,43.159,25.286,205.0,207.0,306.0,325.0,True,MEDIUM,7.0,False,Audi,0 days 00:50:41.861000,1,FP2,43.8,29.4,55.4
HUL,27,105.957,10.0,3.0,37.562,42.956,25.439,206.0,211.0,302.0,315.0,True,SOFT,2.0,True,Audi,0 days 00:57:02.491000,1,FP2,43.8,29.4,55.4
HUL,27,140.131,11.0,3.0,53.638,56.949,29.544,124.0,162.0,311.0,282.0,False,SOFT,3.0,True,Audi,0 days 00:58:48.448000,1,FP2,43.8,29.4,55.4
HUL,27,105.854,12.0,3.0,37.671,43.01,25.173,206.0,211.0,309.0,324.0,True,SOFT,4.0,True,Audi,0 days 01:01:08.579000,1,FP2,43.8,29.4,55.4
HUL,27,109.244,15.0,4.0,39.317,44.341,25.586,199.0,210.0,309.0,327.0,False,MEDIUM,10.0,False,Audi,0 days 01:09:32.581000,1,FP2,44.0,29.3,56.1
HUL,27,108.677,16.0,4.0,38.977,44.052,25.648,196.0,209.0,309.0,320.0,False,MEDIUM,11.0,False,Audi,0 days 01:11:21.825000,12,FP2,44.0,29.3,56.1
HUL,27,108.604,17.0,4.0,38.47,43.953,26.181,204.0,209.0,305.0,313.0,False,MEDIUM,12.0,False,Audi,0 days 01:13:10.502000,1,FP2,44.0,29.3,56.1
LAW,30,107.254,2.0,1.0,38.095,44.102,25.057,197.0,203.0,312.0,326.0,True,MEDIUM,2.0,True,Racing Bulls,0 days 00:16:52.100000,1,FP2,44.0,29.3,56.3
LAW,30,137.321,3.0,1.0,57.317,51.694,28.31,142.0,187.0,315.0,292.0,False,MEDIUM,3.0,True,Racing Bulls,0 days 00:18:39.354000,1,FP2,44.0,29.3,56.3
LAW,30,134.845,4.0,1.0,51.91,54.285,28.65,162.0,148.0,317.0,293.0,False,MEDIUM,4.0,True,Racing Bulls,0 days 00:20:56.675000,1,FP2,44.0,29.3,56.3
LAW,30,106.375,5.0,1.0,37.71,43.631,25.034,198.0,215.0,313.0,326.0,True,MEDIUM,5.0,True,Racing Bulls,0 days 00:23:11.520000,1,FP2,44.0,29.3,56.3
LAW,30,143.077,6.0,1.0,50.48,64.188,28.409,135.0,167.0,315.0,291.0,False,MEDIUM,6.0,True,Racing Bulls,0 days 00:24:57.895000,1,FP2,44.0,29.3,56.3
LAW,30,132.384,7.0,1.0,50.678,53.134,28.572,154.0,166.0,315.0,291.0,False,MEDIUM,7.0,True,Racing Bulls,0 days 00:27:20.972000,1,FP2,44.0,29.3,56.3
LAW,30,106.274,8.0,1.0,37.762,43.418,25.094,204.0,204.0,310.0,325.0,True,MEDIUM,8.0,True,Racing Bulls,0 days 00:29:33.356000,12,FP2,44.0,29.3,56.3
LAW,30,106.292,11.0,2.0,37.513,43.184,25.595,197.0,203.0,310.0,322.0,False,SOFT,2.0,True,Racing Bulls,0 days 00:46:09.028000,1,FP2,44.0,29.3,56.3
LAW,30,141.377,12.0,2.0,52.696,59.377,29.304,155.0,183.0,320.0,260.0,False,SOFT,3.0,True,Racing Bulls,0 days 00:47:55.320000,12,FP2,43.8,29.2,55.7
LAW,30,105.681,13.0,2.0,37.343,43.414,24.924,202.0,207.0,315.0,328.0,True,SOFT,4.0,True,Racing Bulls,0 days 00:50:16.697000,1,FP2,43.8,29.2,55.7
LAW,30,111.131,16.0,3.0,40.032,45.372,25.727,183.0,196.0,306.0,316.0,False,MEDIUM,11.0,False,Racing Bulls,0 days 01:01:38.661000,1,FP2,43.6,29.2,55.0
LAW,30,110.322,17.0,3.0,39.684,45.407,25.231,195.0,199.0,315.0,327.0,False,MEDIUM,12.0,False,Racing Bulls,0 days 01:03:29.792000,12,FP2,43.6,29.2,55.0
LAW,30,110.171,18.0,3.0,39.561,45.442,25.168,188.0,199.0,317.0,333.0,False,MEDIUM,13.0,False,Racing Bulls,0 days 01:05:20.114000,1,FP2,43.6,29.2,55.0
LAW,30,110.132,19.0,3.0,39.388,45.547,25.197,190.0,191.0,318.0,332.0,False,MEDIUM,14.0,False,Racing Bulls,0 days 01:07:10.285000,1,FP2,43.6,29.2,55.0
LAW,30,109.837,20.0,3.0,39.389,45.259,25.189,190.0,198.0,316.0,332.0,False,MEDIUM,15.0,False,Racing Bulls,0 days 01:09:00.417000,1,FP2,43.6,29.2,55.0
LAW,30,112.107,21.0,3.0,40.993,45.746,25.368,179.0,199.0,313.0,331.0,False,MEDIUM,16.0,False,Racing Bulls,0 days 01:10:50.254000,12,FP2,43.6,29.2,55.0
LAW,30,110.209,22.0,3.0,39.228,45.355,25.626,189.0,194.0,310.0,320.0,False,MEDIUM,17.0,False,Racing Bulls,0 days 01:12:42.361000,1,FP2,43.5,29.2,54.3
OCO,31,109.347,2.0,1.0,39.678,44.324,25.345,186.0,201.0,306.0,330.0,True,MEDIUM,2.0,True,Haas F1 Team,0 days 00:17:02.436000,1,FP2,43.7,29.2,54.5
OCO,31,135.497,3.0,1.0,51.458,54.634,29.405,150.0,95.0,307.0,287.0,False,MEDIUM,3.0,True,Haas F1 Team,0 days 00:18:51.783000,1,FP2,43.7,29.2,54.5
OCO,31,107.361,4.0,1.0,37.927,43.889,25.545,200.0,202.0,303.0,320.0,True,MEDIUM,4.0,True,Haas F1 Team,0 days 00:21:07.280000,1,FP2,43.7,29.2,54.5
OCO,31,142.045,5.0,1.0,55.448,57.077,29.52,129.0,106.0,306.0,286.0,False,MEDIUM,5.0,True,Haas F1 Team,0 days 00:22:54.641000,1,FP2,43.7,29.2,54.5
OCO,31,107.225,6.0,1.0,38.021,43.784,25.42,200.0,202.0,304.0,323.0,True,MEDIUM,6.0,True,Haas F1 Team,0 days 00:25:16.686000,1,FP2,43.7,29.2,54.5
OCO,31,142.813,7.0,1.0,52.221,61.402,29.19,141.0,162.0,315.0,284.0,False,MEDIUM,7.0,True,Haas F1 Team,0 days 00:27:03.911000,1,FP2,43.1,29.1,54.6
OCO,31,106.856,8.0,1.0,37.756,43.462,25.638,202.0,202.0,301.0,318.0,True,MEDIUM,8.0,True,Haas F1 Team,0 days 00:29:26.724000,1,FP2,43.1,29.1,54.6
OCO,31,105.88,11.0,2.0,37.561,43.149,25.17,194.0,203.0,312.0,322.0,True,SOFT,2.0,True,Haas F1 Team,0 days 00:45:59.450000,1,FP2,43.5,29.1,54.7
OCO,31,143.144,12.0,2.0,52.774,59.865,30.505,140.0,71.0,309.0,287.0,False,SOFT,3.0,True,Haas F1 Team,0 days 00:47:45.330000,12,FP2,43.5,29.1,54.7
OCO,31,105.29,13.0,2.0,37.086,43.045,25.159,207.0,205.0,304.0,324.0,True,SOFT,4.0,True,Haas F1 Team,0 days 00:50:08.474000,1,FP2,43.5,29.1,54.7
OCO,31,144.275,16.0,3.0,40.035,77.564,26.676,182.0,165.0,304.0,315.0,False,SOFT,7.0,False,Haas F1 Team,0 days 01:02:43.873000,12,FP2,43.2,29.1,55.2
OCO,31,110.028,17.0,3.0,39.581,44.879,25.568,190.0,198.0,308.0,325.0,False,SOFT,8.0,False,Haas F1 Team,0 days 01:05:08.148000,1,FP2,43.2,29.1,55.2
OCO,31,109.501,18.0,3.0,39.338,44.669,25.494,192.0,205.0,310.0,325.0,False,SOFT,9.0,False,Haas F1 Team,0 days 01:06:58.176000,1,FP2,43.2,29.1,55.2
OCO,31,109.834,19.0,3.0,39.436,44.798,25.6,188.0,199.0,314.0,334.0,False,SOFT,10.0,False,Haas F1 Team,0 days 01:08:47.677000,1,FP2,43.2,29.1,55.2
OCO,31,111.051,20.0,3.0,40.27,45.236,25.545,184.0,196.0,318.0,336.0,False,SOFT,11.0,False,Haas F1 Team,0 days 01:10:37.511000,12,FP2,43.1,29.0,54.9
OCO,31,110.328,21.0,3.0,39.353,45.206,25.769,187.0,187.0,320.0,331.0,False,SOFT,12.0,False,Haas F1 Team,0 days 01:12:28.562000,21,FP2,43.1,29.0,54.9
OCO,31,126.549,22.0,3.0,48.894,51.6,26.055,147.0,184.0,309.0,326.0,False,SOFT,13.0,False,Haas F1 Team,0 days 01:14:18.890000,1,FP2,43.1,29.0,54.9
OCO,31,143.533,23.0,3.0,42.6,51.907,49.026,162.0,142.0,69.0,166.0,False,SOFT,14.0,False,Haas F1 Team,0 days 01:16:25.439000,1,FP2,43.1,29.0,54.9
LIN,41,106.391,2.0,1.0,37.952,43.601,24.838,186.0,205.0,314.0,331.0,True,MEDIUM,2.0,True,Racing Bulls,0 days 00:27:39.676000,1,FP2,43.0,29.1,54.4
COL,43,108.791,2.0,1.0,38.837,44.4,25.554,188.0,208.0,308.0,316.0,True,HARD,2.0,True,Alpine,0 days 00:17:15.909000,1,FP2,43.0,29.1,54.4
COL,43,135.702,3.0,1.0,50.487,56.413,28.802,160.0,170.0,315.0,285.0,False,HARD,3.0,True,Alpine,0 days 00:19:04.700000,1,FP2,43.0,29.1,54.4
COL,43,107.098,4.0,1.0,37.991,43.873,25.234,197.0,211.0,313.0,323.0,True,HARD,4.0,True,Alpine,0 days 00:21:20.402000,1,FP2,43.0,29.1,54.4
COL,43,106.783,6.0,1.0,38.002,43.577,25.204,204.0,208.0,309.0,324.0,True,HARD,6.0,True,Alpine,0 days 00:25:45.630000,1,FP2,42.5,29.0,54.7
COL,43,129.461,9.0,2.0,48.871,52.266,28.324,157.0,185.0,315.0,289.0,False,SOFT,2.0,True,Alpine,0 days 00:45:28.778000,21,FP2,42.5,29.0,54.7
COL,43,106.08,10.0,2.0,37.595,43.292,25.193,207.0,216.0,309.0,321.0,True,SOFT,3.0,True,Alpine,0 days 00:47:38.239000,12,FP2,42.5,29.0,54.7
COL,43,138.77,12.0,2.0,53.694,56.955,28.121,155.0,175.0,318.0,292.0,False,SOFT,5.0,True,Alpine,0 days 00:51:58.847000,1,FP2,42.5,29.0,54.7
COL,43,105.479,13.0,2.0,37.516,42.867,25.096,206.0,208.0,310.0,320.0,True,SOFT,6.0,True,Alpine,0 days 00:54:17.617000,12,FP2,42.5,29.0,54.7
COL,43,109.583,16.0,3.0,39.391,44.809,25.383,190.0,201.0,315.0,325.0,False,HARD,9.0,False,Alpine,0 days 01:05:24.667000,1,FP2,42.5,29.1,54.1
COL,43,109.073,17.0,3.0,39.204,44.599,25.27,190.0,197.0,316.0,324.0,False,HARD,10.0,False,Alpine,0 days 01:07:14.250000,1,FP2,42.5,29.1,54.1
COL,43,108.681,18.0,3.0,38.964,44.562,25.155,191.0,200.0,320.0,329.0,False,HARD,11.0,False,Alpine,0 days 01:09:03.323000,1,FP2,42.5,29.1,54.1
COL,43,111.625,19.0,3.0,39.966,45.813,25.846,174.0,193.0,315.0,315.0,False,HARD,12.0,False,Alpine,0 days 01:10:52.004000,12,FP2,42.5,29.1,54.1
COL,43,109.204,20.0,3.0,39.156,45.014,25.034,193.0,201.0,331.0,332.0,False,HARD,13.0,False,Alpine,0 days 01:12:43.629000,1,FP2,42.5,29.1,54.1
COL,43,140.884,21.0,3.0,42.624,48.166,50.094,180.0,187.0,62.0,203.0,False,HARD,14.0,False,Alpine,0 days 01:14:32.833000,1,FP2,42.5,29.1,54.1
HAM,44,124.002,2.0,1.0,41.892,52.253,29.857,185.0,188.0,312.0,287.0,True,MEDIUM,2.0,True,Ferrari,0 days 00:20:35.909000,1,FP2,42.3,29.1,54.2
HAM,44,106.399,3.0,1.0,37.522,43.448,25.429,206.0,206.0,306.0,321.0,True,MEDIUM,3.0,True,Ferrari,0 days 00:22:39.911000,1,FP2,42.3,29.1,54.2
HAM,44,131.337,4.0,1.0,50.013,51.265,30.059,156.0,184.0,313.0,288.0,False,MEDIUM,4.0,True,Ferrari,0 days 00:24:26.310000,1,FP2,42.3,29.1,54.2
HAM,44,130.489,5.0,1.0,48.785,52.73,28.974,177.0,187.0,314.0,285.0,False,MEDIUM,5.0,True,Ferrari,0 days 00:26:37.647000,1,FP2,42.3,29.1,54.2
HAM,44,105.249,6.0,1.0,37.092,43.144,25.013,201.0,213.0,310.0,328.0,True,MEDIUM,6.0,True,Ferrari,0 days 00:28:48.136000,1,FP2,42.3,29.1,54.2
HAM,44,125.049,7.0,1.0,48.469,47.936,28.644,174.0,185.0,311.0,285.0,False,MEDIUM,7.0,True,Ferrari,0 days 00:30:33.385000,12,FP2,42.3,29.1,54.2
HAM,44,136.887,10.0,2.0,47.677,56.05,33.16,84.0,164.0,312.0,283.0,False,SOFT,2.0,True,Ferrari,0 days 00:47:56.684000,12,FP2,42.1,29.2,54.3
HAM,44,104.665,11.0,2.0,36.845,42.832,24.988,209.0,210.0,312.0,330.0,True,SOFT,3.0,True,Ferrari,0 days 00:50:13.571000,1,FP2,42.1,29.2,54.3
HAM,44,126.527,12.0,2.0,48.737,48.422,29.368,168.0,202.0,309.0,281.0,False,SOFT,4.0,True,Ferrari,0 days 00:51:58.236000,1,FP2,42.1,29.2,54.3
HAM,44,104.709,13.0,2.0,36.969,42.695,25.045,212.0,215.0,309.0,327.0,False,SOFT,5.0,True,Ferrari,0 days 00:54:04.763000,12,FP2,42.1,29.2,54.3
HAM,44,109.714,16.0,3.0,39.44,44.791,25.483,189.0,212.0,312.0,326.0,False,SOFT,8.0,False,Ferrari,0 days 01:06:37.189000,1,FP2,42.1,29.2,54.3
HAM,44,109.325,17.0,3.0,39.337,44.513,25.475,195.0,208.0,311.0,325.0,False,SOFT,9.0,False,Ferrari,0 days 01:08:26.903000,1,FP2,42.1,29.2,54.3
HAM,44,109.139,18.0,3.0,39.177,44.452,25.51,198.0,215.0,311.0,325.0,False,SOFT,10.0,False,Ferrari,0 days 01:10:16.228000,1,FP2,42.1,29.2,54.3
HAM,44,108.488,19.0,3.0,38.969,44.174,25.345,197.0,216.0,311.0,320.0,False,SOFT,11.0,False,Ferrari,0 days 01:12:05.367000,12,FP2,42.1,29.2,54.3
HAM,44,108.172,20.0,3.0,38.788,44.01,25.374,202.0,210.0,314.0,327.0,False,SOFT,12.0,False,Ferrari,0 days 01:13:53.855000,1,FP2,42.1,29.2,54.3
SAI,55,107.727,2.0,1.0,38.312,43.996,25.419,193.0,198.0,309.0,321.0,True,MEDIUM,2.0,True,Williams,0 days 00:26:28.614000,1,FP2,42.1,29.2,54.7
SAI,55,130.224,3.0,1.0,45.48,55.691,29.053,161.0,177.0,304.0,282.0,False,MEDIUM,3.0,True,Williams,0 days 00:28:16.341000,1,FP2,42.1,29.2,54.7
SAI,55,106.875,4.0,1.0,37.79,43.692,25.393,194.0,207.0,308.0,318.0,True,MEDIUM,4.0,True,Williams,0 days 00:30:26.565000,12,FP2,42.1,29.2,54.7
SAI,55,123.497,7.0,2.0,39.52,54.982,28.995,176.0,171.0,309.0,280.0,False,SOFT,2.0,True,Williams,0 days 00:46:14.213000,12,FP2,42.1,29.2,54.7
SAI,55,106.221,8.0,2.0,37.626,43.279,25.316,195.0,211.0,312.0,317.0,True,SOFT,3.0,True,Williams,0 days 00:48:17.710000,21,FP2,42.1,29.2,54.7
SAI,55,127.047,10.0,2.0,37.612,59.612,29.823,199.0,96.0,297.0,278.0,False,SOFT,5.0,True,Williams,0 days 00:52:36.710000,1,FP2,41.9,29.2,54.1
SAI,55,123.748,11.0,2.0,43.716,50.748,29.284,155.0,173.0,302.0,278.0,False,SOFT,6.0,True,Williams,0 days 00:54:43.757000,12,FP2,41.9,29.2,54.1
SAI,55,111.246,14.0,3.0,39.874,45.657,25.715,184.0,192.0,315.0,317.0,False,MEDIUM,7.0,False,Williams,0 days 01:04:48.279000,1,FP2,41.9,29.2,54.1
SAI,55,110.139,15.0,3.0,39.518,45.253,25.368,185.0,202.0,317.0,327.0,False,MEDIUM,8.0,False,Williams,0 days 01:06:39.525000,1,FP2,41.9,29.2,54.1
SAI,55,109.68,16.0,3.0,39.337,44.958,25.385,188.0,207.0,316.0,328.0,False,MEDIUM,9.0,False,Williams,0 days 01:08:29.664000,1,FP2,41.9,29.2,54.1
SAI,55,109.278,17.0,3.0,39.188,44.768,25.322,184.0,203.0,317.0,329.0,False,MEDIUM,10.0,False,Williams,0 days 01:10:19.344000,1,FP2,41.9,29.2,54.1
SAI,55,109.337,18.0,3.0,39.181,44.763,25.393,189.0,201.0,315.0,325.0,False,MEDIUM,11.0,False,Williams,0 days 01:12:08.622000,12,FP2,41.9,29.2,54.1
SAI,55,109.813,19.0,3.0,39.305,44.84,25.668,189.0,204.0,311.0,320.0,False,MEDIUM,12.0,False,Williams,0 days 01:13:57.959000,1,FP2,41.9,29.2,54.1
SAI,55,139.084,21.0,3.0,44.657,50.0,44.427,171.0,180.0,64.0,225.0,False,MEDIUM,14.0,False,Williams,0 days 01:18:50.525000,1,FP2,41.8,29.2,54.1
RUS,63,106.3,2.0,1.0,37.863,43.507,24.93,197.0,214.0,318.0,330.0,True,MEDIUM,2.0,True,Mercedes,0 days 00:16:48.162000,1,FP2,41.8,29.2,54.1
RUS,63,131.449,3.0,1.0,49.739,53.34,28.37,157.0,193.0,312.0,287.0,False,MEDIUM,3.0,True,Mercedes,0 days 00:18:34.462000,1,FP2,41.8,29.2,54.1
RUS,63,105.944,4.0,1.0,37.596,43.275,25.073,207.0,217.0,311.0,326.0,True,MEDIUM,4.0,True,Mercedes,0 days 00:20:45.911000,1,FP2,41.8,29.2,54.1
RUS,63,143.354,5.0,1.0,55.88,58.919,28.555,131.0,186.0,312.0,285.0,False,MEDIUM,5.0,True,Mercedes,0 days 00:22:31.855000,1,FP2,41.8,29.2,54.1
RUS,63,104.537,6.0,1.0,36.818,43.034,24.685,209.0,209.0,318.0,332.0,True,MEDIUM,6.0,True,Mercedes,0 days 00:24:55.209000,1,FP2,41.8,29.2,54.1
RUS,63,114.599,10.0,3.0,39.281,46.77,28.548,192.0,196.0,298.0,286.0,False,SOFT,3.0,False,Mercedes,0 days 00:47:14.425000,12,FP2,41.5,29.2,55.0
RUS,63,103.759,11.0,3.0,36.815,42.329,24.615,209.0,210.0,322.0,335.0,True,SOFT,4.0,False,Mercedes,0 days 00:49:09.024000,1,FP2,41.5,29.2,55.0
RUS,63,134.165,12.0,3.0,49.003,56.898,28.264,141.0,182.0,305.0,290.0,False,SOFT,5.0,False,Mercedes,0 days 00:50:52.783000,1,FP2,41.5,29.2,55.0
RUS,63,133.44,13.0,3.0,48.581,56.262,28.597,162.0,181.0,301.0,287.0,False,SOFT,6.0,False,Mercedes,0 days 00:53:06.948000,12,FP2,41.5,29.2,55.0
RUS,63,103.347,14.0,3.0,36.616,42.235,24.496,213.0,208.0,323.0,333.0,True,SOFT,7.0,False,Mercedes,0 days 00:55:20.388000,1,FP2,41.5,29.2,55.0
RUS,63,112.977,17.0,4.0,39.899,47.055,26.023,181.0,183.0,311.0,322.0,False,MEDIUM,9.0,False,Mercedes,0 days 01:05:55.749000,1,FP2,41.5,29.2,55.0
RUS,63,108.336,18.0,4.0,39.018,44.108,25.21,204.0,205.0,315.0,325.0,False,MEDIUM,10.0,False,Mercedes,0 days 01:07:48.726000,1,FP2,41.4,29.2,55.3
RUS,63,107.905,19.0,4.0,38.551,44.075,25.279,203.0,209.0,317.0,326.0,False,MEDIUM,11.0,False,Mercedes,0 days 01:09:37.062000,1,FP2,41.4,29.2,55.3
RUS,63,107.763,20.0,4.0,38.437,44.132,25.194,203.0,206.0,321.0,328.0,False,MEDIUM,12.0,False,Mercedes,0 days 01:11:24.967000,12,FP2,41.4,29.2,55.3
RUS,63,107.837,21.0,4.0,38.503,44.211,25.123,204.0,214.0,323.0,329.0,False,MEDIUM,13.0,False,Mercedes,0 days 01:13:12.730000,1,FP2,41.4,29.2,55.3
BOT,77,118.631,2.0,1.0,40.377,48.912,29.342,182.0,165.0,301.0,280.0,True,MEDIUM,2.0,True,Cadillac,0 days 00:16:34.467000,1,FP2,41.4,29.2,55.3
BOT,77,109.771,3.0,1.0,38.778,44.673,26.32,186.0,202.0,294.0,301.0,True,MEDIUM,3.0,True,Cadillac,0 days 00:18:33.098000,1,FP2,41.4,29.2,55.3
BOT,77,141.811,4.0,1.0,45.634,67.151,29.026,169.0,167.0,304.0,283.0,False,MEDIUM,4.0,True,Cadillac,0 days 00:20:22.869000,1,FP2,41.4,29.1,55.6
BOT,77,108.504,5.0,1.0,38.052,44.458,25.994,205.0,207.0,298.0,307.0,True,MEDIUM,5.0,True,Cadillac,0 days 00:22:44.680000,1,FP2,41.4,29.1,55.6
BOT,77,142.991,6.0,1.0,48.084,65.871,29.036,157.0,159.0,303.0,281.0,False,MEDIUM,6.0,True,Cadillac,0 days 00:24:33.184000,1,FP2,41.4,29.1,55.6
BOT,77,108.058,7.0,1.0,38.009,44.165,25.884,197.0,207.0,298.0,309.0,True,MEDIUM,7.0,True,Cadillac,0 days 00:26:56.175000,1,FP2,41.4,29.1,55.6
BOT,77,124.332,10.0,2.0,46.068,49.321,28.943,183.0,176.0,305.0,281.0,False,SOFT,2.0,True,Cadillac,0 days 00:45:20.505000,21,FP2,41.4,29.1,55.6
BOT,77,107.8,11.0,2.0,38.202,43.931,25.667,193.0,212.0,303.0,312.0,True,SOFT,3.0,True,Cadillac,0 days 00:47:24.837000,12,FP2,41.4,29.1,55.6
BOT,77,128.733,12.0,2.0,48.665,51.117,28.951,147.0,160.0,304.0,281.0,False,SOFT,4.0,True,Cadillac,0 days 00:49:12.637000,1,FP2,41.4,29.1,55.6
BOT,77,106.737,13.0,2.0,37.801,43.626,25.31,199.0,212.0,311.0,327.0,True,SOFT,5.0,True,Cadillac,0 days 00:51:21.370000,1,FP2,41.4,29.1,55.6
BOT,77,112.842,16.0,3.0,40.497,46.228,26.117,179.0,193.0,302.0,319.0,False,SOFT,8.0,False,Cadillac,0 days 01:01:10.763000,1,FP2,41.2,29.1,56.6
BOT,77,116.901,17.0,3.0,40.596,49.875,26.43,186.0,179.0,302.0,322.0,False,SOFT,9.0,False,Cadillac,0 days 01:03:03.605000,12,FP2,41.2,29.1,56.6
BOT,77,111.868,18.0,3.0,40.258,45.57,26.04,187.0,200.0,302.0,320.0,False,SOFT,10.0,False,Cadillac,0 days 01:05:00.506000,1,FP2,41.2,29.1,56.6
BOT,77,111.564,19.0,3.0,40.175,45.452,25.937,191.0,211.0,304.0,321.0,False,SOFT,11.0,False,Cadillac,0 days 01:06:52.374000,1,FP2,41.2,29.1,56.6
BOT,77,111.117,20.0,3.0,39.989,45.24,25.888,191.0,195.0,304.0,324.0,False,SOFT,12.0,False,Cadillac,0 days 01:08:43.938000,1,FP2,41.2,29.1,57.0
BOT,77,111.126,21.0,3.0,40.073,45.203,25.85,185.0,199.0,304.0,325.0,False,SOFT,13.0,False,Cadillac,0 days 01:10:35.055000,12,FP2,41.2,29.1,57.0
BOT,77,111.64,22.0,3.0,40.128,45.601,25.911,190.0,202.0,303.0,324.0,False,SOFT,14.0,False,Cadillac,0 days 01:12:26.181000,21,FP2,41.2,29.1,57.0
BOT,77,115.37,23.0,3.0,40.91,46.802,27.658,182.0,173.0,240.0,313.0,False,SOFT,15.0,False,Cadillac,0 days 01:14:17.821000,1,FP2,41.2,29.1,57.0
PIA,81,106.972,2.0,1.0,37.844,43.535,25.593,187.0,218.0,305.0,313.0,True,HARD,2.0,True,McLaren,0 days 00:17:49.830000,1,FP2,41.2,29.1,57.0
PIA,81,144.651,3.0,1.0,54.569,61.543,28.539,142.0,170.0,313.0,288.0,False,HARD,3.0,True,McLaren,0 days 00:19:36.802000,1,FP2,41.2,29.0,57.7
PIA,81,105.978,4.0,1.0,37.265,43.465,25.248,190.0,213.0,313.0,319.0,True,HARD,4.0,True,McLaren,0 days 00:22:01.453000,1,FP2,41.2,29.0,57.7
PIA,81,128.197,8.0,2.0,46.784,52.951,28.462,167.0,170.0,312.0,287.0,False,SOFT,2.0,True,McLaren,0 days 00:46:54.056000,12,FP2,41.0,29.0,58.4
PIA,81,104.857,9.0,2.0,36.73,42.588,25.539,194.0,220.0,313.0,322.0,True,SOFT,3.0,True,McLaren,0 days 00:49:02.253000,1,FP2,41.0,29.0,58.4
PIA,81,143.205,10.0,2.0,56.324,57.793,29.088,130.0,159.0,316.0,291.0,False,SOFT,4.0,True,McLaren,0 days 00:50:47.110000,1,FP2,41.0,29.0,58.4
PIA,81,111.979,13.0,3.0,39.453,46.565,25.961,179.0,191.0,303.0,311.0,False,SOFT,7.0,False,McLaren,0 days 01:02:52.023000,12,FP2,41.0,29.0,58.4
PIA,81,109.857,14.0,3.0,39.371,44.903,25.583,184.0,205.0,307.0,316.0,False,SOFT,8.0,False,McLaren,0 days 01:04:44.002000,1,FP2,41.1,29.1,58.2
PIA,81,108.547,15.0,3.0,38.814,44.322,25.411,186.0,207.0,308.0,319.0,False,SOFT,9.0,False,McLaren,0 days 01:06:33.859000,1,FP2,41.1,29.1,58.2
PIA,81,108.345,16.0,3.0,38.702,44.229,25.414,189.0,204.0,308.0,319.0,False,SOFT,10.0,False,McLaren,0 days 01:08:22.406000,1,FP2,41.1,29.1,58.2
PIA,81,108.043,17.0,3.0,38.368,44.253,25.422,197.0,207.0,310.0,320.0,False,SOFT,11.0,False,McLaren,0 days 01:10:10.751000,1,FP2,41.1,29.1,58.2
PIA,81,108.363,18.0,3.0,38.726,44.26,25.377,192.0,207.0,309.0,316.0,False,SOFT,12.0,False,McLaren,0 days 01:11:58.794000,12,FP2,41.1,29.1,58.2
PIA,81,108.426,19.0,3.0,38.623,44.188,25.615,196.0,215.0,308.0,315.0,False,SOFT,13.0,False,McLaren,0 days 01:13:47.157000,1,FP2,41.1,29.1,58.2
NOR,1,108.304,3.0,2.0,38.182,43.484,26.638,205.0,198.0,297.0,304.0,True,SOFT,3.0,False,McLaren,0 days 00:34:57.547000,1,FP3,44.2,25.4,66.4
NOR,1,129.976,4.0,2.0,46.274,53.259,30.443,169.0,181.0,290.0,274.0,False,SOFT,4.0,False,McLaren,0 days 00:36:45.851000,12,FP3,44.6,25.4,66.5
NOR,1,106.478,5.0,2.0,37.604,42.992,25.882,202.0,209.0,310.0,314.0,True,SOFT,5.0,False,McLaren,0 days 00:38:55.827000,1,FP3,44.6,25.4,66.5
NOR,1,132.095,6.0,2.0,48.421,54.403,29.271,143.0,189.0,301.0,277.0,False,SOFT,6.0,False,McLaren,0 days 00:40:42.305000,12,FP3,42.8,25.5,65.9
NOR,1,106.135,7.0,2.0,37.196,43.016,25.923,208.0,210.0,300.0,311.0,True,SOFT,7.0,False,McLaren,0 days 00:42:54.400000,12,FP3,42.8,25.5,65.9
NOR,1,135.42,8.0,2.0,52.848,53.005,29.567,152.0,188.0,302.0,276.0,False,SOFT,8.0,False,McLaren,0 days 00:44:40.535000,12,FP3,42.8,25.5,65.9
NOR,1,119.786,9.0,2.0,38.547,51.829,29.41,148.0,197.0,302.0,275.0,False,SOFT,9.0,False,McLaren,0 days 00:46:55.955000,21,FP3,42.8,25.5,65.9
NOR,1,105.326,12.0,3.0,36.957,42.82,25.549,217.0,206.0,305.0,316.0,True,SOFT,2.0,True,McLaren,0 days 01:00:06.626000,1,FP3,43.7,25.4,65.9
NOR,1,123.348,13.0,3.0,46.014,48.476,28.858,154.0,201.0,309.0,282.0,False,SOFT,3.0,True,McLaren,0 days 01:01:51.952000,12,FP3,43.7,25.4,65.9
NOR,1,104.899,14.0,3.0,36.756,42.474,25.669,212.0,209.0,300.0,311.0,True,SOFT,4.0,True,McLaren,0 days 01:03:55.300000,12,FP3,43.7,25.4,65.9
NOR,1,123.362,15.0,3.0,45.842,47.787,29.733,155.0,126.0,307.0,272.0,False,SOFT,5.0,True,McLaren,0 days 01:05:40.199000,12,FP3,43.7,25.4,65.9
NOR,1,115.005,16.0,3.0,36.793,49.282,28.93,209.0,199.0,303.0,281.0,False,SOFT,6.0,True,McLaren,0 days 01:07:43.561000,1,FP3,44.6,25.4,66.3
NOR,1,105.61,17.0,3.0,36.859,42.696,26.055,213.0,204.0,300.0,311.0,False,SOFT,7.0,True,McLaren,0 days 01:09:38.566000,12,FP3,44.6,25.4,66.3
NOR,1,128.174,18.0,3.0,47.413,51.423,29.338,180.0,150.0,306.0,278.0,False,SOFT,8.0,True,McLaren,0 days 01:11:24.176000,12,FP3,44.6,25.4,66.3
NOR,1,104.911,19.0,3.0,36.563,42.704,25.644,215.0,203.0,303.0,313.0,False,SOFT,9.0,True,McLaren,0 days 01:13:32.350000,12,FP3,44.6,25.4,66.3
GAS,10,110.582,2.0,1.0,39.502,45.092,25.988,178.0,189.0,303.0,317.0,True,MEDIUM,2.0,True,Alpine,0 days 00:19:25.830000,1,FP3,42.8,25.5,66.2
GAS,10,131.393,3.0,1.0,50.068,51.811,29.514,155.0,171.0,304.0,278.0,False,MEDIUM,3.0,True,Alpine,0 days 00:21:16.412000,1,FP3,42.8,25.5,66.2
GAS,10,108.295,4.0,1.0,38.479,44.026,25.79,193.0,206.0,303.0,317.0,True,MEDIUM,4.0,True,Alpine,0 days 00:23:27.805000,1,FP3,44.9,25.6,65.8
GAS,10,107.714,6.0,1.0,38.166,43.766,25.782,204.0,204.0,305.0,315.0,True,MEDIUM,6.0,True,Alpine,0 days 00:27:33.403000,1,FP3,44.9,25.6,65.8
GAS,10,133.044,7.0,1.0,51.547,52.413,29.084,143.0,186.0,302.0,281.0,False,MEDIUM,7.0,True,Alpine,0 days 00:29:21.117000,1,FP3,44.9,25.6,65.8
GAS,10,125.343,10.0,2.0,41.774,54.074,29.495,156.0,172.0,307.0,277.0,False,MEDIUM,10.0,False,Alpine,0 days 00:45:45.412000,12,FP3,44.9,25.6,65.8
GAS,10,106.413,11.0,2.0,37.883,43.144,25.386,190.0,208.0,305.0,318.0,True,MEDIUM,11.0,False,Alpine,0 days 00:47:50.755000,12,FP3,43.3,25.6,66.5
GAS,10,145.976,12.0,2.0,60.656,56.392,28.928,129.0,182.0,304.0,282.0,False,MEDIUM,12.0,False,Alpine,0 days 00:49:37.168000,1,FP3,43.3,25.6,66.5
GAS,10,106.116,15.0,3.0,37.892,43.0,25.224,206.0,204.0,306.0,318.0,True,SOFT,2.0,True,Alpine,0 days 01:04:25.235000,12,FP3,43.3,25.6,66.5
GAS,10,145.185,16.0,3.0,54.957,61.742,28.486,135.0,175.0,310.0,285.0,False,SOFT,3.0,True,Alpine,0 days 01:06:11.351000,12,FP3,43.3,25.6,66.5
GAS,10,105.276,17.0,3.0,37.231,42.772,25.273,204.0,203.0,309.0,318.0,True,SOFT,4.0,True,Alpine,0 days 01:08:36.536000,1,FP3,43.3,25.6,65.8
GAS,10,104.637,19.0,3.0,37.261,42.722,24.654,206.0,203.0,319.0,339.0,True,SOFT,6.0,True,Alpine,0 days 01:12:54.672000,1,FP3,43.3,25.6,65.8
PER,11,115.059,2.0,1.0,39.199,46.594,29.266,193.0,197.0,299.0,277.0,True,SOFT,2.0,True,Cadillac,0 days 00:31:40.337000,1,FP3,43.3,25.6,65.8
PER,11,107.578,3.0,1.0,38.14,43.647,25.791,199.0,206.0,302.0,323.0,True,SOFT,3.0,True,Cadillac,0 days 00:33:35.396000,1,FP3,43.3,25.6,65.8
PER,11,143.618,5.0,1.0,59.28,55.175,29.163,174.0,186.0,304.0,282.0,False,SOFT,5.0,True,Cadillac,0 days 00:37:59.858000,12,FP3,43.3,25.6,65.8
PER,11,118.38,6.0,1.0,38.198,51.07,29.112,196.0,195.0,302.0,279.0,False,SOFT,6.0,True,Cadillac,0 days 00:40:23.476000,1,FP3,43.3,25.6,65.8
PER,11,122.59,7.0,1.0,41.635,51.885,29.07,153.0,200.0,302.0,279.0,False,SOFT,7.0,True,Cadillac,0 days 00:42:21.856000,12,FP3,43.3,25.6,65.8
PER,11,107.134,8.0,1.0,37.706,43.484,25.944,197.0,205.0,298.0,318.0,True,SOFT,8.0,True,Cadillac,0 days 00:44:24.446000,12,FP3,43.7,25.5,66.5
PER,11,149.937,9.0,1.0,65.575,54.79,29.572,154.0,181.0,303.0,274.0,False,SOFT,9.0,True,Cadillac,0 days 00:46:11.580000,21,FP3,43.7,25.5,66.5
PER,11,107.027,10.0,1.0,37.655,43.497,25.875,197.0,206.0,307.0,318.0,True,SOFT,10.0,True,Cadillac,0 days 00:48:41.517000,1,FP3,43.7,25.5,66.5
PER,11,114.476,13.0,2.0,39.431,45.837,29.208,184.0,192.0,296.0,277.0,False,SOFT,2.0,True,Cadillac,0 days 01:04:41.261000,12,FP3,43.7,25.5,66.5
PER,11,132.034,14.0,2.0,44.132,58.877,29.025,142.0,144.0,306.0,282.0,False,SOFT,3.0,True,Cadillac,0 days 01:06:35.737000,12,FP3,43.7,25.5,66.5
PER,11,106.185,15.0,2.0,37.424,43.184,25.577,197.0,203.0,309.0,323.0,True,SOFT,4.0,True,Cadillac,0 days 01:08:47.771000,1,FP3,43.7,25.5,66.5
PER,11,106.004,17.0,2.0,37.164,43.004,25.836,198.0,206.0,300.0,314.0,True,SOFT,6.0,True,Cadillac,0 days 01:13:06.580000,1,FP3,43.7,25.5,66.5
ANT,12,106.582,4.0,2.0,37.828,42.9,25.854,206.0,210.0,306.0,320.0,True,MEDIUM,2.0,True,Mercedes,0 days 00:35:11.240000,1,FP3,44.3,25.4,66.9
ANT,12,125.743,6.0,2.0,44.725,51.511,29.507,165.0,174.0,292.0,277.0,False,MEDIUM,4.0,True,Mercedes,0 days 00:39:29.245000,1,FP3,44.2,25.4,66.3
ANT,12,105.046,7.0,2.0,37.287,42.588,25.171,207.0,205.0,312.0,328.0,True,MEDIUM,5.0,True,Mercedes,0 days 00:41:34.988000,12,FP3,44.2,25.4,66.3
ANT,12,132.724,8.0,2.0,50.106,53.3,29.318,152.0,167.0,293.0,279.0,False,MEDIUM,6.0,True,Mercedes,0 days 00:43:20.034000,12,FP3,44.2,25.4,66.3
ANT,12,104.797,12.0,3.0,36.934,42.488,25.375,212.0,206.0,309.0,324.0,True,SOFT,3.0,True,Mercedes,0 days 00:55:14.052000,1,FP3,44.2,25.4,66.3
ANT,12,135.879,13.0,3.0,50.451,56.006,29.422,141.0,175.0,293.0,275.0,False,SOFT,4.0,True,Mercedes,0 days 00:56:58.849000,1,FP3,44.2,25.4,66.3
ANT,12,104.273,14.0,3.0,36.821,42.259,25.193,201.0,209.0,309.0,323.0,True,SOFT,5.0,True,Mercedes,0 days 00:59:14.728000,1,FP3,44.2,25.4,66.3
ANT,12,138.664,15.0,3.0,57.195,52.274,29.195,136.0,180.0,295.0,280.0,False,SOFT,6.0,True,Mercedes,0 days 01:00:59.001000,12,FP3,44.2,25.4,66.3
ANT,12,123.703,16.0,3.0,36.687,57.243,29.773,209.0,171.0,291.0,273.0,False,SOFT,7.0,True,Mercedes,0 days 01:03:17.665000,12,FP3,44.2,25.4,66.3
ANT,12,131.79,17.0,3.0,52.781,49.902,29.107,144.0,187.0,296.0,278.0,False,SOFT,8.0,True,Mercedes,0 days 01:05:21.368000,12,FP3,44.7,25.4,67.0
ANT,12,143.678,20.0,4.0,45.541,49.376,48.761,173.0,166.0,74.0,245.0,False,MEDIUM,4.0,False,Mercedes,0 days 01:15:32.174000,1,FP3,44.7,25.4,67.0
ALO,14,125.659,2.0,1.0,42.976,52.016,30.667,175.0,133.0,296.0,273.0,True,SOFT,2.0,True,Aston Martin,0 days 00:29:13.227000,1,FP3,44.7,25.4,67.0
ALO,14,109.909,3.0,1.0,38.886,44.728,26.295,187.0,193.0,294.0,301.0,True,SOFT,3.0,True,Aston Martin,0 days 00:31:18.886000,1,FP3,44.7,25.4,67.0
ALO,14,134.514,4.0,1.0,49.913,54.695,29.906,162.0,164.0,302.0,274.0,False,SOFT,4.0,True,Aston Martin,0 days 00:33:08.795000,1,FP3,44.7,25.4,67.0
ALO,14,116.84,5.0,1.0,38.115,44.139,34.586,192.0,200.0,266.0,151.0,False,SOFT,5.0,True,Aston Martin,0 days 00:35:23.309000,1,FP3,44.9,25.4,66.2
ALO,14,135.316,6.0,1.0,50.739,54.8,29.777,123.0,154.0,298.0,275.0,False,SOFT,6.0,True,Aston Martin,0 days 00:37:20.149000,12,FP3,44.9,25.4,66.2
ALO,14,108.655,7.0,1.0,37.872,44.124,26.659,203.0,187.0,289.0,297.0,True,SOFT,7.0,True,Aston Martin,0 days 00:39:35.465000,1,FP3,44.9,25.4,66.2
ALO,14,137.019,8.0,1.0,53.111,54.232,29.676,153.0,153.0,313.0,276.0,False,SOFT,8.0,True,Aston Martin,0 days 00:41:24.120000,12,FP3,44.9,25.4,66.2
ALO,14,107.832,9.0,1.0,37.612,43.887,26.333,199.0,195.0,289.0,302.0,True,SOFT,9.0,True,Aston Martin,0 days 00:43:41.139000,12,FP3,44.9,25.4,66.2
ALO,14,107.387,12.0,2.0,37.671,43.477,26.239,202.0,197.0,292.0,306.0,True,SOFT,2.0,True,Aston Martin,0 days 01:00:32.107000,1,FP3,44.9,25.4,66.2
ALO,14,133.81,13.0,2.0,47.535,56.085,30.19,147.0,154.0,298.0,274.0,False,SOFT,3.0,True,Aston Martin,0 days 01:02:19.494000,12,FP3,44.9,25.4,66.2
ALO,14,107.01,14.0,2.0,37.524,43.331,26.155,213.0,200.0,293.0,304.0,True,SOFT,4.0,True,Aston Martin,0 days 01:04:33.304000,12,FP3,44.9,25.4,66.2
ALO,14,132.182,15.0,2.0,46.568,55.485,30.129,149.0,156.0,297.0,273.0,False,SOFT,5.0,True,Aston Martin,0 days 01:06:20.314000,12,FP3,44.2,25.5,65.5
ALO,14,106.8,16.0,2.0,37.442,43.103,26.255,203.0,201.0,289.0,298.0,True,SOFT,6.0,True,Aston Martin,0 days 01:08:32.496000,1,FP3,44.2,25.5,65.5
ALO,14,106.512,18.0,2.0,37.252,43.172,26.088,204.0,201.0,294.0,306.0,True,SOFT,8.0,True,Aston Martin,0 days 01:13:02.770000,1,FP3,44.2,25.5,65.5
LEC,16,124.809,2.0,1.0,43.215,51.693,29.901,165.0,155.0,304.0,258.0,True,SOFT,2.0,True,Ferrari,0 days 00:29:10.453000,1,FP3,44.2,25.5,65.5
LEC,16,111.606,3.0,1.0,37.267,44.928,29.411,212.0,127.0,308.0,282.0,True,SOFT,3.0,True,Ferrari,0 days 00:31:15.262000,1,FP3,44.2,25.5,65.5
LEC,16,105.564,4.0,1.0,36.966,42.832,25.766,199.0,206.0,306.0,322.0,True,SOFT,4.0,True,Ferrari,0 days 00:33:06.868000,1,FP3,44.2,25.5,65.5
LEC,16,145.912,5.0,1.0,60.571,56.169,29.172,147.0,162.0,318.0,286.0,False,SOFT,5.0,True,Ferrari,0 days 00:34:52.432000,1,FP3,44.2,25.5,65.5
LEC,16,118.803,6.0,1.0,37.688,50.878,30.237,184.0,123.0,301.0,255.0,False,SOFT,6.0,True,Ferrari,0 days 00:37:18.344000,12,FP3,44.5,25.5,65.5
LEC,16,105.298,7.0,1.0,36.813,42.718,25.767,205.0,202.0,303.0,317.0,True,SOFT,7.0,True,Ferrari,0 days 00:39:17.147000,1,FP3,44.5,25.5,65.5
LEC,16,137.779,8.0,1.0,53.212,55.373,29.194,103.0,192.0,314.0,276.0,False,SOFT,8.0,True,Ferrari,0 days 00:41:02.445000,12,FP3,44.5,25.5,65.5
LEC,16,104.877,9.0,1.0,36.755,42.717,25.405,194.0,207.0,308.0,325.0,True,SOFT,9.0,True,Ferrari,0 days 00:43:20.224000,12,FP3,44.5,25.5,65.5
LEC,16,131.579,10.0,1.0,50.396,51.422,29.761,153.0,187.0,303.0,255.0,False,SOFT,10.0,True,Ferrari,0 days 00:45:05.101000,12,FP3,44.5,25.5,65.5
LEC,16,125.297,11.0,1.0,46.084,48.989,30.224,177.0,177.0,299.0,255.0,False,SOFT,11.0,True,Ferrari,0 days 00:47:16.680000,12,FP3,44.5,25.5,65.5
LEC,16,117.693,14.0,2.0,37.4,50.164,30.129,166.0,193.0,299.0,257.0,False,SOFT,2.0,True,Ferrari,0 days 01:01:27.725000,12,FP3,44.5,25.5,65.5
LEC,16,104.544,15.0,2.0,36.483,42.628,25.433,217.0,212.0,305.0,317.0,True,SOFT,3.0,True,Ferrari,0 days 01:03:25.418000,12,FP3,44.5,25.5,65.5
LEC,16,133.701,16.0,2.0,49.932,53.672,30.097,130.0,196.0,271.0,255.0,False,SOFT,4.0,True,Ferrari,0 days 01:05:09.962000,12,FP3,45.5,25.6,65.6
LEC,16,130.95,17.0,2.0,43.749,57.162,30.039,164.0,190.0,299.0,256.0,False,SOFT,5.0,True,Ferrari,0 days 01:07:23.663000,21,FP3,45.5,25.6,65.6
LEC,16,118.379,18.0,2.0,36.77,51.739,29.87,216.0,174.0,303.0,257.0,False,SOFT,6.0,True,Ferrari,0 days 01:09:34.613000,12,FP3,45.5,25.6,65.6
LEC,16,137.976,19.0,2.0,36.528,72.231,29.217,208.0,180.0,315.0,269.0,False,SOFT,7.0,True,Ferrari,0 days 01:11:32.992000,12,FP3,45.5,25.6,65.6
LEC,16,129.233,20.0,2.0,38.759,56.508,33.966,155.0,138.0,191.0,264.0,False,SOFT,8.0,True,Ferrari,0 days 01:13:50.968000,12,FP3,45.5,25.6,65.6
STR,18,123.031,2.0,1.0,43.371,49.524,30.136,166.0,176.0,293.0,273.0,True,SOFT,2.0,True,Aston Martin,0 days 00:27:03.767000,1,FP3,44.8,25.6,65.0
STR,18,110.592,3.0,1.0,39.23,44.801,26.561,198.0,196.0,291.0,300.0,True,SOFT,3.0,True,Aston Martin,0 days 00:29:06.798000,1,FP3,44.8,25.6,65.0
STR,18,139.965,4.0,1.0,49.481,60.379,30.105,135.0,138.0,298.0,274.0,False,SOFT,4.0,True,Aston Martin,0 days 00:30:57.390000,1,FP3,44.8,25.6,65.0
STR,18,109.793,5.0,1.0,38.949,44.317,26.527,186.0,196.0,292.0,298.0,True,SOFT,5.0,True,Aston Martin,0 days 00:33:17.355000,1,FP3,44.8,25.6,65.0
STR,18,144.031,6.0,1.0,47.422,54.52,42.089,164.0,146.0,295.0,270.0,False,SOFT,6.0,True,Aston Martin,0 days 00:35:07.148000,1,FP3,44.8,25.6,65.0
STR,18,109.279,7.0,1.0,38.768,44.278,26.233,207.0,192.0,305.0,303.0,True,SOFT,7.0,True,Aston Martin,0 days 00:37:31.179000,12,FP3,44.8,25.6,65.0
STR,18,140.198,8.0,1.0,49.365,60.023,30.81,163.0,142.0,298.0,273.0,False,SOFT,8.0,True,Aston Martin,0 days 00:39:20.458000,1,FP3,44.8,25.6,65.0
ALB,23,124.032,2.0,1.0,44.577,50.301,29.154,162.0,181.0,306.0,279.0,True,MEDIUM,2.0,True,Williams,0 days 00:26:34.096000,1,FP3,44.8,25.6,65.0
ALB,23,108.653,3.0,1.0,38.628,44.324,25.701,192.0,211.0,307.0,321.0,True,MEDIUM,3.0,True,Williams,0 days 00:28:38.128000,1,FP3,44.8,25.6,65.0
ALB,23,135.713,4.0,1.0,50.343,56.089,29.281,167.0,157.0,303.0,279.0,False,MEDIUM,4.0,True,Williams,0 days 00:30:26.781000,1,FP3,44.8,25.6,65.0
ALB,23,107.505,5.0,1.0,38.094,43.94,25.471,197.0,205.0,313.0,324.0,True,MEDIUM,5.0,True,Williams,0 days 00:32:42.494000,1,FP3,44.6,25.6,63.8
ALB,23,136.731,6.0,1.0,52.493,54.15,30.088,120.0,186.0,307.0,270.0,False,MEDIUM,6.0,True,Williams,0 days 00:34:29.999000,1,FP3,44.6,25.6,63.8
ALB,23,121.706,7.0,1.0,40.507,51.786,29.413,165.0,179.0,304.0,275.0,False,MEDIUM,7.0,True,Williams,0 days 00:36:46.730000,12,FP3,44.6,25.6,63.8
ALB,23,107.213,8.0,1.0,37.936,43.756,25.521,200.0,197.0,306.0,323.0,True,MEDIUM,8.0,True,Williams,0 days 00:38:48.436000,1,FP3,44.6,25.6,63.8
ALB,23,110.572,11.0,2.0,40.164,44.681,25.727,182.0,208.0,305.0,323.0,False,MEDIUM,11.0,False,Williams,0 days 00:45:35.756000,12,FP3,44.8,25.5,64.4
ALB,23,134.082,12.0,2.0,59.59,48.389,26.103,167.0,204.0,309.0,328.0,False,MEDIUM,12.0,False,Williams,0 days 00:47:26.328000,12,FP3,44.8,25.5,64.4
ALB,23,109.065,13.0,2.0,39.263,44.096,25.706,198.0,193.0,305.0,325.0,False,MEDIUM,13.0,False,Williams,0 days 00:49:40.410000,1,FP3,44.8,25.5,64.4
ALB,23,126.207,17.0,3.0,37.406,59.921,28.88,201.0,166.0,309.0,282.0,False,SOFT,2.0,True,Williams,0 days 01:02:47.057000,12,FP3,44.8,25.5,64.4
ALB,23,106.275,18.0,3.0,37.634,43.661,24.98,198.0,202.0,320.0,331.0,True,SOFT,3.0,True,Williams,0 days 01:04:53.264000,12,FP3,44.8,25.5,64.4
ALB,23,106.106,20.0,3.0,37.601,43.205,25.3,191.0,204.0,311.0,325.0,True,SOFT,5.0,True,Williams,0 days 01:09:15.303000,12,FP3,44.8,25.5,64.4
ALB,23,137.998,21.0,3.0,51.18,58.204,28.614,167.0,159.0,314.0,288.0,False,SOFT,6.0,True,Williams,0 days 01:11:01.409000,12,FP3,44.8,25.5,64.4
ALB,23,106.076,22.0,3.0,37.475,43.336,25.265,198.0,203.0,308.0,325.0,True,SOFT,7.0,True,Williams,0 days 01:13:19.407000,12,FP3,44.8,25.5,64.4
HUL,27,108.741,2.0,1.0,38.977,44.018,25.746,202.0,202.0,306.0,320.0,True,MEDIUM,2.0,True,Audi,0 days 00:29:47.140000,1,FP3,45.3,25.5,64.4
HUL,27,133.035,3.0,1.0,53.744,49.762,29.529,152.0,187.0,308.0,279.0,False,MEDIUM,3.0,True,Audi,0 days 00:31:35.881000,1,FP3,45.3,25.5,64.4
HUL,27,107.1,4.0,1.0,38.107,43.372,25.621,205.0,205.0,304.0,321.0,True,MEDIUM,4.0,True,Audi,0 days 00:33:48.916000,1,FP3,45.3,25.5,64.4
HUL,27,135.168,5.0,1.0,53.79,52.145,29.233,127.0,188.0,307.0,278.0,False,MEDIUM,5.0,True,Audi,0 days 00:35:36.016000,1,FP3,45.3,25.5,64.4
HUL,27,106.933,6.0,1.0,37.883,43.148,25.902,204.0,203.0,301.0,320.0,True,MEDIUM,6.0,True,Audi,0 days 00:37:51.184000,12,FP3,44.6,25.5,64.5
HUL,27,135.749,7.0,1.0,51.288,55.186,29.275,165.0,165.0,310.0,280.0,False,MEDIUM,7.0,True,Audi,0 days 00:39:38.117000,1,FP3,44.6,25.5,64.5
HUL,27,106.944,8.0,1.0,38.087,43.355,25.502,197.0,204.0,304.0,329.0,False,MEDIUM,8.0,True,Audi,0 days 00:41:53.866000,12,FP3,44.6,25.5,64.5
HUL,27,121.189,11.0,2.0,41.523,50.288,29.378,172.0,171.0,312.0,281.0,False,SOFT,2.0,True,Audi,0 days 00:58:01.195000,1,FP3,44.6,25.5,64.5
HUL,27,105.998,12.0,2.0,37.456,42.821,25.721,206.0,206.0,301.0,318.0,True,SOFT,3.0,True,Audi,0 days 01:00:02.384000,1,FP3,44.6,25.5,64.5
HUL,27,140.915,13.0,2.0,55.529,55.52,29.866,117.0,156.0,308.0,277.0,False,SOFT,4.0,True,Audi,0 days 01:01:48.382000,12,FP3,44.6,25.5,64.5
HUL,27,125.878,14.0,2.0,46.992,47.173,31.713,129.0,182.0,310.0,278.0,False,SOFT,5.0,True,Audi,0 days 01:04:09.297000,12,FP3,44.6,25.5,64.5
HUL,27,138.168,17.0,3.0,40.662,52.03,45.476,182.0,154.0,59.0,192.0,False,SOFT,8.0,False,Audi,0 days 01:14:37.934000,12,FP3,44.5,25.4,64.2
VER,3,124.772,2.0,1.0,44.036,51.832,28.904,188.0,171.0,306.0,283.0,True,MEDIUM,2.0,True,Red Bull Racing,0 days 00:31:20.274000,1,FP3,44.5,25.4,64.2
VER,3,107.214,3.0,1.0,38.444,43.185,25.585,202.0,211.0,311.0,322.0,True,MEDIUM,3.0,True,Red Bull Racing,0 days 00:33:25.046000,1,FP3,44.5,25.4,64.2
VER,3,142.905,4.0,1.0,60.293,51.216,31.396,112.0,198.0,306.0,278.0,False,MEDIUM,4.0,True,Red Bull Racing,0 days 00:35:12.260000,1,FP3,44.5,25.4,64.2
VER,3,105.329,5.0,1.0,37.457,42.74,25.132,210.0,205.0,317.0,333.0,True,MEDIUM,5.0,True,Red Bull Racing,0 days 00:37:35.165000,12,FP3,44.5,25.4,64.2
VER,3,145.579,6.0,1.0,56.014,58.64,30.925,157.0,184.0,297.0,278.0,False,MEDIUM,6.0,True,Red Bull Racing,0 days 00:39:20.494000,1,FP3,44.0,25.4,64.6
VER,3,131.781,7.0,1.0,48.059,54.864,28.858,180.0,178.0,307.0,283.0,False,MEDIUM,7.0,True,Red Bull Racing,0 days 00:41:46.073000,12,FP3,44.0,25.4,64.6
VER,3,119.778,10.0,2.0,44.084,46.512,29.182,187.0,203.0,304.0,281.0,False,SOFT,2.0,True,Red Bull Racing,0 days 00:55:53.394000,1,FP3,44.0,25.4,64.6
VER,3,105.168,11.0,2.0,37.183,42.381,25.604,211.0,211.0,303.0,320.0,True,SOFT,3.0,True,Red Bull Racing,0 days 00:57:53.172000,1,FP3,44.0,25.4,64.6
VER,3,139.899,12.0,2.0,55.241,55.739,28.919,67.0,171.0,308.0,284.0,False,SOFT,4.0,True,Red Bull Racing,0 days 00:59:38.340000,1,FP3,44.0,25.4,64.6
VER,3,104.162,13.0,2.0,36.807,42.123,25.232,211.0,215.0,316.0,318.0,True,SOFT,5.0,True,Red Bull Racing,0 days 01:01:58.239000,12,FP3,44.0,25.4,64.6
VER,3,138.65,14.0,2.0,54.035,55.343,29.272,156.0,179.0,307.0,283.0,False,SOFT,6.0,True,Red Bull Racing,0 days 01:03:42.401000,12,FP3,44.0,25.4,64.6
VER,3,104.126,15.0,2.0,36.594,42.182,25.35,210.0,216.0,311.0,324.0,True,SOFT,7.0,True,Red Bull Racing,0 days 01:06:01.051000,21,FP3,44.0,25.4,64.6
VER,3,126.33,16.0,2.0,48.195,49.151,28.984,159.0,197.0,306.0,283.0,False,SOFT,8.0,True,Red Bull Racing,0 days 01:07:45.177000,1,FP3,44.0,25.4,64.6
VER,3,103.922,17.0,2.0,36.536,42.053,25.333,215.0,215.0,307.0,318.0,True,SOFT,9.0,True,Red Bull Racing,0 days 01:09:51.507000,12,FP3,44.1,25.4,64.8
VER,3,131.486,18.0,2.0,51.694,50.957,28.835,156.0,191.0,305.0,282.0,False,SOFT,10.0,True,Red Bull Racing,0 days 01:11:35.429000,12,FP3,44.1,25.4,64.8
VER,3,126.754,19.0,2.0,36.589,56.769,33.396,207.0,133.0,245.0,254.0,False,SOFT,11.0,True,Red Bull Racing,0 days 01:13:46.915000,12,FP3,44.1,25.4,64.8
VER,3,143.741,20.0,2.0,45.541,49.866,48.334,187.0,170.0,83.0,185.0,False,SOFT,12.0,True,Red Bull Racing,0 days 01:15:53.669000,1,FP3,44.1,25.4,64.8
LAW,30,130.639,3.0,1.0,49.822,51.094,29.723,153.0,177.0,299.0,278.0,False,SOFT,3.0,True,Racing Bulls,0 days 00:26:49.217000,1,FP3,44.6,25.5,64.2
LAW,30,108.362,4.0,1.0,38.383,43.918,26.061,186.0,196.0,301.0,313.0,True,SOFT,4.0,True,Racing Bulls,0 days 00:28:59.856000,1,FP3,44.6,25.5,64.2
LAW,30,144.321,5.0,1.0,58.071,56.376,29.874,147.0,113.0,304.0,279.0,False,SOFT,5.0,True,Racing Bulls,0 days 00:30:48.218000,1,FP3,44.6,25.5,64.2
LAW,30,107.469,6.0,1.0,38.083,43.468,25.918,190.0,207.0,305.0,319.0,True,SOFT,6.0,True,Racing Bulls,0 days 00:33:12.539000,1,FP3,44.6,25.5,64.2
LAW,30,129.272,9.0,2.0,44.021,54.332,30.919,168.0,144.0,309.0,281.0,False,SOFT,9.0,False,Racing Bulls,0 days 00:45:55.319000,12,FP3,44.6,25.5,64.2
LAW,30,107.185,10.0,2.0,37.88,43.555,25.75,196.0,204.0,305.0,315.0,True,SOFT,10.0,False,Racing Bulls,0 days 00:48:04.591000,21,FP3,44.6,25.5,64.2
LAW,30,136.377,11.0,2.0,53.012,53.12,30.245,153.0,156.0,306.0,278.0,False,SOFT,11.0,False,Racing Bulls,0 days 00:49:51.776000,1,FP3,44.6,25.5,64.2
LAW,30,106.281,14.0,3.0,37.52,42.983,25.778,201.0,202.0,306.0,319.0,True,SOFT,2.0,True,Racing Bulls,0 days 00:59:43.035000,1,FP3,44.6,25.5,64.2
LAW,30,132.876,15.0,3.0,48.394,54.928,29.554,158.0,166.0,306.0,279.0,False,SOFT,3.0,True,Racing Bulls,0 days 01:01:29.316000,12,FP3,44.6,25.5,64.2
LAW,30,130.84,16.0,3.0,50.864,50.442,29.534,150.0,184.0,304.0,278.0,False,SOFT,4.0,True,Racing Bulls,0 days 01:03:42.192000,12,FP3,45.2,25.4,64.5
LAW,30,106.374,17.0,3.0,37.531,43.123,25.72,200.0,205.0,300.0,314.0,False,SOFT,5.0,True,Racing Bulls,0 days 01:05:53.032000,21,FP3,45.2,25.4,64.5
LAW,30,140.611,18.0,3.0,55.914,55.466,29.231,143.0,149.0,308.0,283.0,False,SOFT,6.0,True,Racing Bulls,0 days 01:07:39.406000,1,FP3,45.2,25.4,64.5
LAW,30,106.222,19.0,3.0,37.457,42.992,25.773,203.0,198.0,301.0,315.0,True,SOFT,7.0,True,Racing Bulls,0 days 01:10:00.017000,12,FP3,45.2,25.4,64.5
LAW,30,127.241,20.0,3.0,45.268,51.97,30.003,158.0,174.0,312.0,285.0,False,SOFT,8.0,True,Racing Bulls,0 days 01:11:46.239000,12,FP3,45.2,25.4,64.5
LAW,30,110.033,21.0,3.0,37.463,44.716,27.854,199.0,171.0,265.0,296.0,False,SOFT,9.0,True,Racing Bulls,0 days 01:13:53.480000,12,FP3,45.2,25.4,64.5
LAW,30,147.92,22.0,3.0,49.606,53.949,44.365,157.0,165.0,44.0,189.0,False,SOFT,10.0,True,Racing Bulls,0 days 01:15:43.513000,1,FP3,45.2,25.4,64.5
OCO,31,120.873,2.0,1.0,43.258,47.779,29.836,183.0,158.0,301.0,279.0,True,MEDIUM,2.0,True,Haas F1 Team,0 days 00:33:32.875000,1,FP3,44.7,25.5,63.8
OCO,31,109.081,3.0,1.0,38.526,44.251,26.304,188.0,194.0,299.0,316.0,True,MEDIUM,3.0,True,Haas F1 Team,0 days 00:35:33.748000,1,FP3,44.7,25.5,63.8
OCO,31,139.485,4.0,1.0,51.394,57.508,30.583,164.0,65.0,311.0,280.0,False,MEDIUM,4.0,True,Haas F1 Team,0 days 00:37:22.829000,12,FP3,44.7,25.5,63.8
OCO,31,108.016,5.0,1.0,38.083,43.742,26.191,195.0,189.0,299.0,316.0,True,MEDIUM,5.0,True,Haas F1 Team,0 days 00:39:42.314000,1,FP3,44.7,25.5,63.8
OCO,31,135.32,6.0,1.0,47.503,58.03,29.787,137.0,137.0,301.0,280.0,False,MEDIUM,6.0,True,Haas F1 Team,0 days 00:41:30.330000,12,FP3,44.7,25.5,63.8
OCO,31,106.971,7.0,1.0,37.841,43.556,25.574,189.0,186.0,304.0,322.0,True,MEDIUM,7.0,True,Haas F1 Team,0 days 00:43:45.650000,12,FP3,44.7,25.5,63.8
OCO,31,134.034,8.0,1.0,49.502,54.853,29.679,142.0,171.0,299.0,277.0,False,MEDIUM,8.0,True,Haas F1 Team,0 days 00:45:32.621000,12,FP3,44.7,25.5,63.8
OCO,31,123.435,9.0,1.0,42.982,51.385,29.068,131.0,178.0,303.0,280.0,False,MEDIUM,9.0,True,Haas F1 Team,0 days 00:47:46.655000,21,FP3,44.7,25.5,63.8
OCO,31,106.761,10.0,1.0,37.719,43.381,25.661,197.0,189.0,300.0,319.0,True,MEDIUM,10.0,True,Haas F1 Team,0 days 00:49:50.090000,1,FP3,44.7,25.5,63.8
OCO,31,118.494,13.0,2.0,40.865,48.075,29.554,182.0,176.0,302.0,279.0,False,SOFT,2.0,True,Haas F1 Team,0 days 01:01:10.347000,12,FP3,44.9,25.5,64.0
OCO,31,105.921,14.0,2.0,37.308,43.172,25.441,194.0,193.0,307.0,322.0,True,SOFT,3.0,True,Haas F1 Team,0 days 01:03:08.841000,12,FP3,44.9,25.5,64.0
OCO,31,131.29,15.0,2.0,46.919,54.703,29.668,157.0,162.0,302.0,280.0,False,SOFT,4.0,True,Haas F1 Team,0 days 01:04:54.762000,12,FP3,44.9,25.5,64.0
OCO,31,138.938,16.0,2.0,53.966,54.991,29.981,174.0,79.0,303.0,281.0,False,SOFT,5.0,True,Haas F1 Team,0 days 01:07:06.052000,12,FP3,44.9,25.5,64.0
OCO,31,107.731,17.0,2.0,38.252,43.787,25.692,193.0,199.0,302.0,322.0,False,SOFT,6.0,True,Haas F1 Team,0 days 01:09:24.990000,12,FP3,44.9,25.5,64.0
OCO,31,121.986,18.0,2.0,40.788,51.622,29.576,177.0,107.0,307.0,282.0,False,SOFT,7.0,True,Haas F1 Team,0 days 01:11:12.721000,12,FP3,45.2,25.4,64.7
OCO,31,105.918,19.0,2.0,37.309,43.028,25.581,194.0,204.0,301.0,318.0,True,SOFT,8.0,True,Haas F1 Team,0 days 01:13:14.707000,1,FP3,45.2,25.4,64.7
OCO,31,144.369,20.0,2.0,47.53,54.049,42.79,148.0,133.0,71.0,202.0,False,SOFT,9.0,True,Haas F1 Team,0 days 01:15:00.625000,12,FP3,45.2,25.4,64.7
LIN,41,109.545,4.0,1.0,39.301,44.377,25.867,192.0,196.0,301.0,320.0,True,SOFT,4.0,True,Racing Bulls,0 days 00:28:04.467000,1,FP3,45.2,25.4,64.7
LIN,41,139.77,5.0,1.0,54.945,54.172,30.653,160.0,134.0,288.0,251.0,False,SOFT,5.0,True,Racing Bulls,0 days 00:29:54.012000,1,FP3,45.7,25.4,64.9
LIN,41,108.698,6.0,1.0,38.404,44.505,25.789,197.0,199.0,301.0,318.0,True,SOFT,6.0,True,Racing Bulls,0 days 00:32:13.782000,1,FP3,45.7,25.4,64.9
LIN,41,134.13,7.0,1.0,49.235,54.846,30.049,151.0,176.0,293.0,259.0,False,SOFT,7.0,True,Racing Bulls,0 days 00:34:02.480000,1,FP3,45.7,25.4,64.9
LIN,41,107.548,8.0,1.0,38.185,43.709,25.654,184.0,201.0,304.0,321.0,True,SOFT,8.0,True,Racing Bulls,0 days 00:36:16.610000,1,FP3,45.7,25.4,64.9
LIN,41,129.194,11.0,2.0,47.337,50.431,31.426,153.0,204.0,291.0,249.0,False,SOFT,11.0,False,Racing Bulls,0 days 00:46:31.174000,12,FP3,45.4,25.5,64.1
LIN,41,107.403,12.0,2.0,37.889,43.534,25.98,188.0,196.0,301.0,316.0,True,SOFT,12.0,False,Racing Bulls,0 days 00:48:40.368000,1,FP3,45.4,25.5,64.1
LIN,41,121.379,15.0,3.0,40.618,50.295,30.466,168.0,184.0,293.0,250.0,False,SOFT,2.0,True,Racing Bulls,0 days 00:58:21.863000,1,FP3,45.4,25.5,64.1
LIN,41,106.91,16.0,3.0,37.881,43.37,25.659,188.0,202.0,302.0,320.0,True,SOFT,3.0,True,Racing Bulls,0 days 01:00:23.242000,1,FP3,45.4,25.5,64.1
LIN,41,148.991,17.0,3.0,58.452,58.621,31.918,138.0,184.0,297.0,246.0,False,SOFT,4.0,True,Racing Bulls,0 days 01:02:10.152000,12,FP3,45.8,25.4,64.0
LIN,41,106.692,18.0,3.0,37.656,43.448,25.588,196.0,205.0,302.0,319.0,True,SOFT,5.0,True,Racing Bulls,0 days 01:04:39.143000,12,FP3,45.8,25.4,64.0
LIN,41,139.647,19.0,3.0,50.69,57.506,31.451,135.0,162.0,305.0,263.0,False,SOFT,6.0,True,Racing Bulls,0 days 01:06:25.835000,12,FP3,45.8,25.4,64.0
LIN,41,106.271,20.0,3.0,37.576,43.296,25.399,189.0,209.0,304.0,324.0,True,SOFT,7.0,True,Racing Bulls,0 days 01:08:45.482000,1,FP3,45.8,25.4,64.0
LIN,41,137.721,21.0,3.0,50.796,53.646,33.279,176.0,184.0,299.0,249.0,False,SOFT,8.0,True,Racing Bulls,0 days 01:10:31.753000,12,FP3,45.8,25.4,64.0
COL,43,111.899,2.0,1.0,40.979,45.005,25.915,194.0,206.0,299.0,311.0,True,MEDIUM,2.0,True,Alpine,0 days 00:20:21.680000,1,FP3,46.7,25.5,64.1
COL,43,149.876,3.0,1.0,65.578,54.976,29.322,116.0,181.0,314.0,285.0,False,MEDIUM,3.0,True,Alpine,0 days 00:22:13.579000,1,FP3,46.7,25.5,64.1
COL,43,107.18,7.0,2.0,37.9,43.657,25.623,200.0,208.0,310.0,320.0,True,MEDIUM,7.0,False,Alpine,0 days 00:36:27.188000,12,FP3,46.2,25.5,63.9
COL,43,147.171,8.0,2.0,55.236,62.499,29.436,121.0,178.0,309.0,279.0,False,MEDIUM,8.0,False,Alpine,0 days 00:38:14.368000,21,FP3,45.0,25.6,63.3
COL,43,106.75,9.0,2.0,37.909,43.275,25.566,207.0,208.0,305.0,315.0,True,MEDIUM,9.0,False,Alpine,0 days 00:40:41.539000,1,FP3,45.0,25.6,63.3
COL,43,143.856,10.0,2.0,60.167,54.223,29.466,135.0,193.0,306.0,275.0,False,MEDIUM,10.0,False,Alpine,0 days 00:42:28.289000,12,FP3,45.0,25.6,63.3
COL,43,106.694,11.0,2.0,37.651,43.402,25.641,205.0,202.0,305.0,316.0,True,MEDIUM,11.0,False,Alpine,0 days 00:44:52.145000,12,FP3,44.6,25.5,63.6
COL,43,106.007,14.0,3.0,37.661,42.973,25.373,199.0,200.0,310.0,319.0,True,SOFT,2.0,True,Alpine,0 days 01:04:18.194000,21,FP3,45.3,25.4,63.8
COL,43,105.635,16.0,3.0,37.295,42.921,25.419,206.0,209.0,306.0,317.0,True,SOFT,4.0,True,Alpine,0 days 01:08:41.898000,1,FP3,46.2,25.4,65.2
COL,43,105.592,18.0,3.0,37.354,42.878,25.36,210.0,211.0,308.0,317.0,True,SOFT,6.0,True,Alpine,0 days 01:13:00.193000,1,FP3,46.2,25.4,65.2
COL,43,144.001,19.0,3.0,46.573,50.041,47.387,178.0,174.0,52.0,201.0,False,SOFT,7.0,True,Alpine,0 days 01:14:45.785000,12,FP3,46.2,25.4,65.2
HAM,44,123.957,2.0,1.0,42.639,51.594,29.724,189.0,191.0,306.0,265.0,True,SOFT,2.0,True,Ferrari,0 days 00:30:04.095000,1,FP3,45.2,25.4,65.0
HAM,44,106.168,3.0,1.0,37.541,43.252,25.375,204.0,207.0,309.0,324.0,True,SOFT,3.0,True,Ferrari,0 days 00:32:08.052000,1,FP3,45.2,25.4,65.0
HAM,44,128.098,4.0,1.0,46.545,52.063,29.49,163.0,148.0,308.0,273.0,False,SOFT,4.0,True,Ferrari,0 days 00:33:54.220000,1,FP3,45.2,25.4,65.0
HAM,44,114.304,5.0,1.0,37.214,47.596,29.494,215.0,139.0,311.0,284.0,False,SOFT,5.0,True,Ferrari,0 days 00:36:02.318000,1,FP3,45.2,25.4,65.0
HAM,44,105.093,6.0,1.0,36.945,43.122,25.026,208.0,211.0,315.0,338.0,True,SOFT,6.0,True,Ferrari,0 days 00:37:56.622000,12,FP3,45.2,25.4,65.0
HAM,44,149.665,7.0,1.0,65.502,55.122,29.041,122.0,189.0,309.0,281.0,False,SOFT,7.0,True,Ferrari,0 days 00:39:41.715000,1,FP3,44.3,25.3,64.5
HAM,44,113.534,8.0,1.0,37.003,47.684,28.847,190.0,167.0,310.0,285.0,False,SOFT,8.0,True,Ferrari,0 days 00:42:11.380000,12,FP3,44.3,25.3,64.5
HAM,44,139.925,9.0,1.0,52.827,58.136,28.962,166.0,175.0,310.0,283.0,False,SOFT,9.0,True,Ferrari,0 days 00:44:04.914000,12,FP3,44.3,25.3,64.5
HAM,44,141.611,10.0,1.0,52.628,60.267,28.716,112.0,146.0,314.0,291.0,False,SOFT,10.0,True,Ferrari,0 days 00:46:24.839000,12,FP3,44.3,25.3,64.5
HAM,44,127.373,13.0,2.0,42.816,55.471,29.086,178.0,163.0,307.0,282.0,False,SOFT,2.0,True,Ferrari,0 days 01:07:13.289000,12,FP3,44.3,25.3,64.5
HAM,44,104.789,14.0,2.0,36.73,42.677,25.382,209.0,205.0,309.0,323.0,True,SOFT,3.0,True,Ferrari,0 days 01:09:20.662000,12,FP3,44.9,25.2,64.8
HAM,44,141.533,15.0,2.0,49.913,62.581,29.039,169.0,156.0,308.0,281.0,False,SOFT,4.0,True,Ferrari,0 days 01:11:05.451000,12,FP3,44.9,25.2,64.8
HAM,44,104.033,16.0,2.0,36.592,42.506,24.935,216.0,208.0,320.0,334.0,True,SOFT,5.0,True,Ferrari,0 days 01:13:26.984000,12,FP3,44.9,25.2,64.8
BOR,5,129.069,2.0,1.0,42.987,56.458,29.624,185.0,137.0,313.0,278.0,True,MEDIUM,2.0,True,Audi,0 days 00:31:19.333000,1,FP3,44.9,25.2,64.8
BOR,5,108.643,3.0,1.0,38.598,43.997,26.048,195.0,206.0,301.0,312.0,True,MEDIUM,3.0,True,Audi,0 days 00:33:28.402000,1,FP3,44.9,25.2,64.8
BOR,5,141.378,4.0,1.0,57.044,52.663,31.671,118.0,163.0,311.0,272.0,False,MEDIUM,4.0,True,Audi,0 days 00:35:17.045000,1,FP3,44.9,25.2,64.8
BOR,5,107.304,5.0,1.0,38.097,43.495,25.712,199.0,204.0,301.0,314.0,True,MEDIUM,5.0,True,Audi,0 days 00:37:38.423000,12,FP3,0.0,25.3,64.6
BOR,5,143.467,6.0,1.0,54.752,57.454,31.261,92.0,178.0,309.0,269.0,False,MEDIUM,6.0,True,Audi,0 days 00:39:25.727000,1,FP3,0.0,25.3,64.6
BOR,5,107.704,7.0,1.0,37.732,43.872,26.1,212.0,200.0,297.0,310.0,False,MEDIUM,7.0,True,Audi,0 days 00:41:49.194000,12,FP3,0.0,25.3,64.6
BOR,5,141.48,8.0,1.0,59.099,53.057,29.324,151.0,174.0,310.0,281.0,False,MEDIUM,8.0,True,Audi,0 days 00:43:36.898000,12,FP3,0.0,25.3,64.6
BOR,5,106.293,11.0,2.0,37.319,43.332,25.642,203.0,207.0,301.0,316.0,True,SOFT,2.0,True,Audi,0 days 00:59:18.646000,1,FP3,44.8,25.3,64.8
BOR,5,149.661,12.0,2.0,61.348,59.113,29.2,132.0,175.0,308.0,278.0,False,SOFT,3.0,True,Audi,0 days 01:01:04.939000,12,FP3,44.8,25.3,64.8
BOR,5,142.182,13.0,2.0,60.002,52.482,29.698,151.0,149.0,308.0,277.0,False,SOFT,4.0,True,Audi,0 days 01:03:34.600000,12,FP3,44.8,25.3,64.8
BOR,5,105.854,14.0,2.0,37.358,42.974,25.522,202.0,206.0,302.0,317.0,True,SOFT,5.0,True,Audi,0 days 01:05:56.782000,21,FP3,44.8,25.3,64.8
BOR,5,129.588,17.0,3.0,42.401,46.941,40.246,183.0,184.0,49.0,250.0,False,SOFT,8.0,False,Audi,0 days 01:14:25.202000,12,FP3,44.8,25.3,64.8
SAI,55,122.023,2.0,1.0,41.856,50.103,30.064,168.0,162.0,302.0,264.0,True,MEDIUM,2.0,True,Williams,0 days 00:26:26.207000,1,FP3,46.4,25.3,65.9
SAI,55,109.037,3.0,1.0,38.691,44.59,25.756,189.0,198.0,304.0,316.0,True,MEDIUM,3.0,True,Williams,0 days 00:28:28.230000,1,FP3,46.4,25.3,65.9
SAI,55,128.903,4.0,1.0,46.806,52.534,29.563,170.0,150.0,308.0,279.0,False,MEDIUM,4.0,True,Williams,0 days 00:30:17.267000,1,FP3,46.4,25.3,65.9
SAI,55,117.592,5.0,1.0,38.411,49.95,29.231,196.0,175.0,307.0,280.0,False,MEDIUM,5.0,True,Williams,0 days 00:32:26.170000,1,FP3,46.4,25.3,65.9
SAI,55,107.739,6.0,1.0,37.946,43.816,25.977,195.0,206.0,303.0,314.0,True,MEDIUM,6.0,True,Williams,0 days 00:34:23.762000,1,FP3,46.4,25.3,65.9
SAI,55,135.987,7.0,1.0,56.285,50.282,29.42,154.0,169.0,305.0,276.0,False,MEDIUM,7.0,True,Williams,0 days 00:36:11.501000,12,FP3,46.4,25.3,65.9
SAI,55,107.245,8.0,1.0,38.042,43.718,25.485,193.0,194.0,306.0,330.0,True,MEDIUM,8.0,True,Williams,0 days 00:38:27.488000,1,FP3,46.4,25.3,65.9
SAI,55,141.66,9.0,1.0,54.352,57.903,29.405,154.0,169.0,304.0,279.0,False,MEDIUM,9.0,True,Williams,0 days 00:40:14.733000,1,FP3,46.4,25.3,65.9
SAI,55,109.643,12.0,2.0,39.346,44.518,25.779,192.0,195.0,310.0,325.0,False,MEDIUM,2.0,False,Williams,0 days 00:47:08.608000,12,FP3,46.4,25.3,65.9
SAI,55,108.691,13.0,2.0,38.917,44.101,25.673,192.0,192.0,306.0,323.0,False,MEDIUM,3.0,False,Williams,0 days 00:48:58.251000,1,FP3,45.1,25.3,66.6
SAI,55,107.947,14.0,2.0,38.622,43.733,25.592,197.0,202.0,307.0,326.0,False,MEDIUM,4.0,False,Williams,0 days 00:50:46.942000,1,FP3,45.1,25.3,66.6
SAI,55,106.15,17.0,3.0,37.643,43.225,25.282,197.0,198.0,313.0,324.0,True,SOFT,2.0,True,Williams,0 days 01:02:33.662000,12,FP3,45.1,25.3,66.6
SAI,55,145.828,18.0,3.0,50.381,66.606,28.841,92.0,126.0,310.0,289.0,False,SOFT,3.0,True,Williams,0 days 01:04:19.812000,12,FP3,45.1,25.3,66.6
SAI,55,131.544,19.0,3.0,47.277,54.694,29.573,121.0,158.0,307.0,270.0,False,SOFT,4.0,True,Williams,0 days 01:06:45.640000,12,FP3,45.1,25.3,66.6
SAI,55,105.605,20.0,3.0,37.167,43.153,25.285,199.0,201.0,309.0,323.0,True,SOFT,5.0,True,Williams,0 days 01:08:57.184000,1,FP3,45.1,25.3,66.6
SAI,55,148.622,21.0,3.0,56.07,63.423,29.129,129.0,164.0,311.0,280.0,False,SOFT,6.0,True,Williams,0 days 01:10:42.789000,12,FP3,45.1,25.3,66.6
SAI,55,119.357,22.0,3.0,37.335,52.857,29.165,206.0,158.0,309.0,282.0,False,SOFT,7.0,True,Williams,0 days 01:13:11.411000,12,FP3,44.7,25.5,65.8
SAI,55,137.097,23.0,3.0,39.918,56.825,40.354,154.0,157.0,60.0,264.0,False,SOFT,8.0,True,Williams,0 days 01:15:10.768000,21,FP3,44.7,25.5,65.8
HAD,6,131.074,2.0,1.0,46.506,52.521,32.047,81.0,89.0,287.0,207.0,True,MEDIUM,2.0,True,Red Bull Racing,0 days 00:31:59.150000,1,FP3,44.7,25.5,65.8
HAD,6,108.129,3.0,1.0,38.662,43.52,25.947,192.0,210.0,301.0,318.0,True,MEDIUM,3.0,True,Red Bull Racing,0 days 00:34:10.224000,1,FP3,44.7,25.5,65.8
HAD,6,132.618,4.0,1.0,46.269,56.746,29.603,175.0,50.0,307.0,283.0,False,MEDIUM,4.0,True,Red Bull Racing,0 days 00:35:58.353000,1,FP3,44.7,25.5,65.8
HAD,6,124.06,5.0,1.0,43.846,51.481,28.733,201.0,192.0,311.0,281.0,False,MEDIUM,5.0,True,Red Bull Racing,0 days 00:38:10.971000,12,FP3,44.7,25.5,65.8
HAD,6,106.439,6.0,1.0,37.629,43.114,25.696,203.0,213.0,303.0,321.0,True,MEDIUM,6.0,True,Red Bull Racing,0 days 00:40:15.031000,1,FP3,44.7,25.5,65.8
HAD,6,130.42,7.0,1.0,43.62,57.515,29.285,161.0,129.0,304.0,282.0,False,MEDIUM,7.0,True,Red Bull Racing,0 days 00:42:01.470000,12,FP3,44.7,25.5,65.8
HAD,6,123.444,8.0,1.0,42.901,50.942,29.601,181.0,109.0,306.0,283.0,False,MEDIUM,8.0,True,Red Bull Racing,0 days 00:44:11.890000,12,FP3,44.7,25.5,65.8
HAD,6,105.699,9.0,1.0,37.224,42.862,25.613,209.0,217.0,304.0,319.0,True,MEDIUM,9.0,True,Red Bull Racing,0 days 00:46:15.334000,21,FP3,45.2,25.4,66.0
HAD,6,124.382,10.0,1.0,44.641,50.727,29.014,179.0,190.0,305.0,283.0,False,MEDIUM,10.0,True,Red Bull Racing,0 days 00:48:01.033000,12,FP3,45.2,25.4,66.0
HAD,6,120.328,13.0,2.0,42.93,48.63,28.768,191.0,189.0,306.0,283.0,False,SOFT,2.0,True,Red Bull Racing,0 days 00:57:57.610000,1,FP3,45.2,25.4,66.0
HAD,6,105.227,14.0,2.0,36.91,42.797,25.52,224.0,214.0,303.0,321.0,True,SOFT,3.0,True,Red Bull Racing,0 days 00:59:57.938000,1,FP3,45.2,25.4,66.0
HAD,6,144.057,16.0,2.0,57.309,57.86,28.888,180.0,79.0,320.0,288.0,False,SOFT,5.0,True,Red Bull Racing,0 days 01:04:14.357000,12,FP3,45.2,25.4,66.0
HAD,6,105.327,17.0,2.0,36.955,42.615,25.757,211.0,212.0,301.0,318.0,False,SOFT,6.0,True,Red Bull Racing,0 days 01:06:38.414000,12,FP3,46.4,25.3,65.8
HAD,6,129.283,18.0,2.0,42.763,55.477,31.043,164.0,63.0,299.0,245.0,False,SOFT,7.0,True,Red Bull Racing,0 days 01:08:23.741000,1,FP3,46.4,25.3,65.8
HAD,6,130.651,19.0,2.0,52.769,48.403,29.479,175.0,164.0,302.0,280.0,False,SOFT,8.0,True,Red Bull Racing,0 days 01:10:33.024000,12,FP3,46.4,25.3,65.8
HAD,6,105.176,20.0,2.0,37.06,42.578,25.538,211.0,213.0,303.0,320.0,True,SOFT,9.0,True,Red Bull Racing,0 days 01:12:43.675000,1,FP3,46.4,25.3,65.8
RUS,63,106.843,4.0,2.0,38.174,43.062,25.607,190.0,201.0,305.0,323.0,True,MEDIUM,2.0,True,Mercedes,0 days 00:35:30.752000,1,FP3,46.4,25.3,65.8
RUS,63,122.61,5.0,2.0,45.93,47.291,29.389,174.0,188.0,295.0,279.0,False,MEDIUM,3.0,True,Mercedes,0 days 00:37:17.595000,12,FP3,46.4,25.3,66.4
RUS,63,105.377,6.0,2.0,37.173,42.366,25.838,205.0,210.0,311.0,328.0,True,MEDIUM,4.0,True,Mercedes,0 days 00:39:20.205000,1,FP3,46.4,25.3,66.4
RUS,63,130.881,7.0,2.0,51.684,50.174,29.023,113.0,201.0,293.0,279.0,False,MEDIUM,5.0,True,Mercedes,0 days 00:41:05.582000,12,FP3,46.4,25.3,66.4
RUS,63,104.715,8.0,2.0,36.877,42.355,25.483,204.0,205.0,307.0,323.0,True,MEDIUM,6.0,True,Mercedes,0 days 00:43:16.463000,12,FP3,46.4,25.3,66.4
RUS,63,104.177,12.0,3.0,36.783,42.053,25.341,207.0,211.0,308.0,326.0,True,SOFT,3.0,True,Mercedes,0 days 00:55:02.666000,1,FP3,46.4,25.3,66.4
RUS,63,124.838,13.0,3.0,45.51,50.697,28.631,155.0,194.0,296.0,286.0,False,SOFT,4.0,True,Mercedes,0 days 00:56:46.843000,1,FP3,46.4,25.3,66.4
RUS,63,104.021,14.0,3.0,36.57,42.225,25.226,214.0,209.0,311.0,325.0,True,SOFT,5.0,True,Mercedes,0 days 00:58:51.681000,1,FP3,46.4,25.3,66.4
RUS,63,136.789,15.0,3.0,49.759,58.241,28.789,151.0,188.0,296.0,285.0,False,SOFT,6.0,True,Mercedes,0 days 01:00:35.702000,1,FP3,45.0,25.4,65.9
RUS,63,126.961,16.0,3.0,46.992,51.215,28.754,183.0,170.0,299.0,287.0,False,SOFT,7.0,True,Mercedes,0 days 01:02:52.491000,12,FP3,45.0,25.4,65.9
RUS,63,133.364,17.0,3.0,36.509,68.222,28.633,216.0,193.0,298.0,287.0,False,SOFT,8.0,True,Mercedes,0 days 01:04:59.452000,12,FP3,45.0,25.4,65.9
RUS,63,147.534,20.0,4.0,46.625,55.572,45.337,171.0,96.0,58.0,257.0,False,MEDIUM,9.0,False,Mercedes,0 days 01:15:12.317000,21,FP3,45.0,25.4,65.9
BOT,77,113.474,2.0,1.0,40.228,46.488,26.758,189.0,195.0,289.0,311.0,True,SOFT,2.0,True,Cadillac,0 days 00:23:35.486000,1,FP3,45.0,25.4,65.9
BOT,77,120.506,5.0,2.0,43.439,47.417,29.65,175.0,186.0,298.0,275.0,False,SOFT,5.0,False,Cadillac,0 days 00:41:49.842000,12,FP3,45.0,25.4,65.9
BOT,77,111.845,6.0,2.0,39.47,45.67,26.705,183.0,191.0,292.0,309.0,True,SOFT,6.0,False,Cadillac,0 days 00:43:50.348000,12,FP3,44.2,25.4,65.4
BOT,77,134.329,7.0,2.0,52.903,52.095,29.331,145.0,174.0,302.0,277.0,False,SOFT,7.0,False,Cadillac,0 days 00:45:42.193000,12,FP3,44.2,25.4,65.4
BOT,77,121.883,8.0,2.0,41.202,51.094,29.587,172.0,144.0,302.0,278.0,False,SOFT,8.0,False,Cadillac,0 days 00:47:56.522000,12,FP3,44.2,25.4,65.4
BOT,77,109.358,9.0,2.0,38.517,44.631,26.21,193.0,205.0,296.0,316.0,True,SOFT,9.0,False,Cadillac,0 days 00:49:58.405000,1,FP3,44.2,25.4,65.4
BOT,77,115.269,13.0,3.0,39.211,46.721,29.337,188.0,190.0,298.0,277.0,False,SOFT,2.0,True,Cadillac,0 days 01:04:42.964000,12,FP3,45.2,25.3,66.0
BOT,77,127.295,14.0,3.0,40.905,56.639,29.751,176.0,144.0,299.0,275.0,False,SOFT,3.0,True,Cadillac,0 days 01:06:38.233000,12,FP3,45.2,25.3,66.0
BOT,77,126.4,15.0,3.0,43.954,52.799,29.647,171.0,181.0,296.0,273.0,False,SOFT,4.0,True,Cadillac,0 days 01:08:45.528000,12,FP3,45.2,25.3,66.0
BOT,77,118.975,16.0,3.0,38.21,46.03,34.735,193.0,166.0,301.0,268.0,False,SOFT,5.0,True,Cadillac,0 days 01:10:51.928000,12,FP3,45.2,25.3,66.0
BOT,77,108.587,17.0,3.0,38.552,44.14,25.895,200.0,197.0,311.0,321.0,True,SOFT,6.0,True,Cadillac,0 days 01:12:50.903000,1,FP3,45.2,25.3,66.0
BOT,77,141.49,18.0,3.0,48.313,53.771,39.406,146.0,174.0,67.0,238.0,False,SOFT,7.0,True,Cadillac,0 days 01:14:39.490000,12,FP3,45.2,25.3,66.0
PIA,81,129.321,2.0,1.0,42.524,57.689,29.108,172.0,164.0,305.0,280.0,True,MEDIUM,2.0,True,McLaren,0 days 00:32:19.362000,1,FP3,46.1,25.3,67.1
PIA,81,106.971,3.0,1.0,37.735,43.466,25.77,198.0,201.0,304.0,314.0,True,MEDIUM,3.0,True,McLaren,0 days 00:34:28.683000,1,FP3,46.1,25.3,67.1
PIA,81,135.233,4.0,1.0,56.295,50.105,28.833,144.0,195.0,306.0,280.0,False,MEDIUM,4.0,True,McLaren,0 days 00:36:15.654000,12,FP3,46.1,25.3,67.1
PIA,81,106.16,5.0,1.0,37.393,43.213,25.554,206.0,204.0,308.0,320.0,True,MEDIUM,5.0,True,McLaren,0 days 00:38:30.887000,1,FP3,46.1,25.3,67.1
PIA,81,143.372,6.0,1.0,54.361,59.774,29.237,145.0,151.0,306.0,277.0,False,MEDIUM,6.0,True,McLaren,0 days 00:40:17.047000,1,FP3,46.1,25.3,67.1
PIA,81,125.091,7.0,1.0,42.927,53.04,29.124,137.0,184.0,307.0,279.0,False,MEDIUM,7.0,True,McLaren,0 days 00:42:40.419000,12,FP3,46.1,25.3,67.1
PIA,81,105.855,8.0,1.0,37.313,43.022,25.52,205.0,203.0,313.0,315.0,True,MEDIUM,8.0,True,McLaren,0 days 00:44:45.510000,12,FP3,46.1,25.3,67.1
PIA,81,104.969,11.0,2.0,37.02,42.451,25.498,202.0,203.0,304.0,316.0,True,SOFT,2.0,True,McLaren,0 days 00:59:52.726000,1,FP3,46.7,25.4,66.5
PIA,81,132.048,12.0,2.0,51.359,51.392,29.297,167.0,176.0,248.0,280.0,False,SOFT,3.0,True,McLaren,0 days 01:01:37.695000,12,FP3,46.7,25.4,66.5
PIA,81,138.533,13.0,2.0,48.669,57.211,32.653,152.0,156.0,277.0,283.0,False,SOFT,4.0,True,McLaren,0 days 01:03:49.743000,12,FP3,46.7,25.4,66.5
PIA,81,122.422,14.0,2.0,46.3,47.135,28.987,169.0,194.0,305.0,279.0,False,SOFT,5.0,True,McLaren,0 days 01:06:08.276000,21,FP3,46.7,25.4,66.5
PIA,81,105.171,15.0,2.0,36.882,42.777,25.512,206.0,208.0,303.0,310.0,False,SOFT,6.0,True,McLaren,0 days 01:08:10.698000,1,FP3,46.7,25.4,66.5
PIA,81,129.832,16.0,2.0,50.741,50.091,29.0,148.0,187.0,307.0,278.0,False,SOFT,7.0,True,McLaren,0 days 01:09:55.869000,12,FP3,46.7,25.4,66.5
PIA,81,104.746,17.0,2.0,36.667,42.686,25.393,203.0,202.0,305.0,321.0,True,SOFT,8.0,True,McLaren,0 days 01:12:05.701000,12,FP3,46.7,25.4,66.5
PIA,81,132.713,18.0,2.0,49.165,53.724,29.824,161.0,149.0,309.0,291.0,False,SOFT,9.0,True,McLaren,0 days 01:13:50.447000,12,FP3,46.7,25.4,66.5
BEA,87,109.031,4.0,1.0,38.991,44.207,25.833,195.0,198.0,305.0,321.0,True,SOFT,5.0,False,Haas F1 Team,0 days 00:28:06.674000,1,FP3,45.9,25.5,65.4
BEA,87,139.544,5.0,1.0,56.264,53.174,30.106,132.0,107.0,292.0,276.0,False,SOFT,6.0,False,Haas F1 Team,0 days 00:29:55.705000,1,FP3,45.9,25.5,65.4
BEA,87,108.081,6.0,1.0,38.376,43.934,25.771,195.0,198.0,309.0,323.0,True,SOFT,7.0,False,Haas F1 Team,0 days 00:32:15.249000,1,FP3,45.9,25.5,65.4
BEA,87,136.649,7.0,1.0,51.353,55.918,29.378,142.0,162.0,300.0,279.0,False,SOFT,8.0,False,Haas F1 Team,0 days 00:34:03.330000,1,FP3,45.9,25.5,65.4
BEA,87,107.019,8.0,1.0,37.75,43.581,25.688,210.0,200.0,304.0,320.0,True,SOFT,9.0,False,Haas F1 Team,0 days 00:36:19.979000,1,FP3,45.9,25.5,65.4
BEA,87,133.142,9.0,1.0,50.209,52.06,30.873,146.0,111.0,301.0,280.0,False,SOFT,10.0,False,Haas F1 Team,0 days 00:38:06.998000,12,FP3,45.1,25.5,64.5
BEA,87,106.708,10.0,1.0,37.826,43.205,25.677,194.0,213.0,301.0,321.0,True,SOFT,11.0,False,Haas F1 Team,0 days 00:40:20.140000,1,FP3,45.1,25.5,64.5
BEA,87,129.29,11.0,1.0,49.023,51.191,29.076,159.0,185.0,283.0,280.0,False,SOFT,12.0,False,Haas F1 Team,0 days 00:42:06.848000,12,FP3,45.1,25.5,64.5
BEA,87,122.348,12.0,1.0,42.884,50.31,29.154,165.0,184.0,300.0,281.0,False,SOFT,13.0,False,Haas F1 Team,0 days 00:44:16.138000,21,FP3,45.1,25.5,64.5
BEA,87,106.284,13.0,1.0,37.777,43.173,25.334,193.0,212.0,319.0,322.0,True,SOFT,14.0,False,Haas F1 Team,0 days 00:46:18.486000,12,FP3,45.1,25.5,64.5
BEA,87,119.461,16.0,2.0,40.52,48.137,30.804,173.0,167.0,296.0,276.0,False,SOFT,2.0,True,Haas F1 Team,0 days 00:58:26.498000,1,FP3,45.3,25.5,64.5
BEA,87,106.032,17.0,2.0,37.452,43.13,25.45,204.0,207.0,305.0,321.0,True,SOFT,3.0,True,Haas F1 Team,0 days 01:00:25.959000,1,FP3,45.3,25.5,64.5
BEA,87,129.771,19.0,2.0,49.375,50.95,29.446,167.0,166.0,296.0,275.0,False,SOFT,5.0,True,Haas F1 Team,0 days 01:04:43.356000,12,FP3,45.3,25.5,64.5
BEA,87,105.692,20.0,2.0,37.239,42.886,25.567,212.0,206.0,303.0,317.0,True,SOFT,6.0,True,Haas F1 Team,0 days 01:06:53.127000,12,FP3,45.3,25.5,64.5
BEA,87,140.001,21.0,2.0,56.016,54.497,29.488,113.0,178.0,297.0,276.0,False,SOFT,7.0,True,Haas F1 Team,0 days 01:08:38.819000,12,FP3,45.3,25.5,64.5
BEA,87,106.129,22.0,2.0,37.211,42.999,25.919,207.0,212.0,307.0,320.0,False,SOFT,8.0,True,Haas F1 Team,0 days 01:10:58.820000,12,FP3,45.3,25.5,64.5
BEA,87,146.025,23.0,2.0,59.303,57.699,29.023,108.0,152.0,298.0,291.0,False,SOFT,9.0,True,Haas F1 Team,0 days 01:12:44.949000,12,FP3,45.3,25.5,64.5
BEA,87,140.934,24.0,2.0,45.488,52.687,42.759,149.0,161.0,46.0,233.0,False,SOFT,10.0,True,Haas F1 Team,0 days 01:15:10.974000,21,FP3,45.7,25.4,64.6
