Time,Driver,DriverNumber,LapTime,LapNumber,Stint,PitOutTime,PitInTime,Sector1Time,Sector2Time,Sector3Time,Sector1SessionTime,Sector2SessionTime,Sector3SessionTime,SpeedI1,SpeedI2,SpeedFL,SpeedST,IsPersonalBest,Compound,TyreLife,FreshTyre,Team,LapStartTime,LapStartDate,TrackStatus,Position,Deleted,DeletedReason,FastF1Generated,IsAccurate,Session
0 days 00:18:15.052000,NOR,1,,1.0,1.0,0 days 00:15:45.200000,,0 days 00:01:01.237000,0 days 00:00:33.743000,0 days 00:00:58.131000,0 days 00:16:43.438000,0 days 00:17:17.151000,0 days 00:18:15.195000,181.0,276.0,237.0,88.0,False,HARD,1.0,True,,0 days 00:15:45.200000,2026-05-22 16:31:46.891,1,,,,False,False,FP1
0 days 00:19:37.699000,NOR,1,0 days 00:01:22.647000,2.0,1.0,,,0 days 00:00:23.288000,0 days 00:00:24.633000,0 days 00:00:34.726000,0 days 00:18:38.340000,0 days 00:19:02.973000,0 days 00:19:37.699000,244.0,281.0,217.0,308.0,True,HARD,2.0,True,,0 days 00:18:15.052000,2026-05-22 16:34:16.743,1,,,,False,True,FP1
0 days 00:21:12.717000,NOR,1,0 days 00:01:35.018000,3.0,1.0,,,0 days 00:00:26.239000,0 days 00:00:26.675000,0 days 00:00:42.104000,0 days 00:20:03.938000,0 days 00:20:30.613000,0 days 00:21:12.717000,228.0,251.0,262.0,243.0,True,HARD,3.0,True,,0 days 00:19:37.699000,2026-05-22 16:35:39.390,1,,,,False,True,FP1
0 days 00:22:33.425000,NOR,1,0 days 00:01:20.708000,4.0,1.0,,,0 days 00:00:21.770000,0 days 00:00:24.046000,0 days 00:00:34.892000,0 days 00:21:34.487000,0 days 00:21:58.533000,0 days 00:22:33.425000,246.0,280.0,78.0,307.0,True,HARD,4.0,True,,0 days 00:21:12.717000,2026-05-22 16:37:14.408,126,,,,False,False,FP1
0 days 00:24:56.913000,NOR,1,0 days 00:02:23.488000,5.0,1.0,,0 days 00:24:22.097000,0 days 00:00:40.284000,0 days 00:00:31.544000,0 days 00:01:11.660000,0 days 00:23:13.709000,0 days 00:23:45.253000,0 days 00:24:56.913000,111.0,198.0,,264.0,False,HARD,5.0,True,,0 days 00:22:33.425000,2026-05-22 16:38:35.116,6,,,,False,False,FP1
0 days 00:33:55.008000,NOR,1,,6.0,2.0,0 days 00:24:58.898000,0 days 00:26:34.287000,,,,,,,,,,,False,HARD,6.0,False,,0 days 00:24:56.913000,2026-05-22 16:40:58.604,6512,,,,False,False,FP1
0 days 00:35:21.436000,NOR,1,0 days 00:01:26.428000,7.0,3.0,0 days 00:33:56.583000,,0 days 00:00:27.466000,0 days 00:00:25.797000,0 days 00:00:33.165000,0 days 00:34:22.474000,0 days 00:34:48.271000,0 days 00:35:21.436000,245.0,274.0,213.0,293.0,False,HARD,7.0,False,,0 days 00:33:56.583000,2026-05-22 16:49:58.274,1,,,,False,False,FP1
0 days 00:36:52.039000,NOR,1,0 days 00:01:30.603000,8.0,3.0,,,0 days 00:00:23.596000,0 days 00:00:25.129000,0 days 00:00:41.878000,0 days 00:35:45.032000,0 days 00:36:10.161000,0 days 00:36:52.039000,239.0,287.0,241.0,208.0,False,HARD,8.0,False,,0 days 00:35:21.436000,2026-05-22 16:51:23.127,1,,,,False,True,FP1
0 days 00:38:09.498000,NOR,1,0 days 00:01:17.459000,9.0,3.0,,,0 days 00:00:22.148000,0 days 00:00:24.413000,0 days 00:00:30.898000,0 days 00:37:14.187000,0 days 00:37:38.600000,0 days 00:38:09.498000,234.0,280.0,261.0,304.0,True,HARD,9.0,False,,0 days 00:36:52.039000,2026-05-22 16:52:53.730,1,,,,False,True,FP1
0 days 00:39:39.472000,NOR,1,0 days 00:01:29.974000,10.0,3.0,,,0 days 00:00:24.300000,0 days 00:00:26.446000,0 days 00:00:39.228000,0 days 00:38:33.798000,0 days 00:39:00.244000,0 days 00:39:39.472000,234.0,260.0,250.0,177.0,False,HARD,10.0,False,,0 days 00:38:09.498000,2026-05-22 16:54:11.189,1,,,,False,True,FP1
0 days 00:40:55.925000,NOR,1,0 days 00:01:16.453000,11.0,3.0,,,0 days 00:00:21.725000,0 days 00:00:24.503000,0 days 00:00:30.225000,0 days 00:40:01.197000,0 days 00:40:25.700000,0 days 00:40:55.925000,241.0,276.0,264.0,304.0,True,HARD,11.0,False,,0 days 00:39:39.472000,2026-05-22 16:55:41.163,1,,,,False,True,FP1
0 days 00:57:06.526000,NOR,1,,12.0,3.0,,0 days 00:42:35.761000,0 days 00:00:25.889000,,,0 days 00:41:22.059000,,,190.0,,,,False,HARD,12.0,False,,0 days 00:40:55.925000,2026-05-22 16:56:57.616,125,,,,False,False,FP1
0 days 00:58:44.715000,NOR,1,,13.0,4.0,0 days 00:57:06.526000,,,0 days 00:00:28.035000,0 days 00:00:41.557000,,0 days 00:58:03.556000,0 days 00:58:44.864000,201.0,255.0,250.0,243.0,False,HARD,13.0,False,,0 days 00:57:06.526000,2026-05-22 17:13:08.217,1,,,,False,False,FP1
0 days 01:00:09.507000,NOR,1,0 days 00:01:24.792000,14.0,4.0,,,0 days 00:00:23.424000,0 days 00:00:25.996000,0 days 00:00:35.372000,0 days 00:59:08.139000,0 days 00:59:34.135000,0 days 01:00:09.507000,229.0,259.0,267.0,240.0,False,HARD,14.0,False,,0 days 00:58:44.715000,2026-05-22 17:14:46.406,1,,,,False,True,FP1
0 days 01:01:31.580000,NOR,1,0 days 00:01:22.073000,15.0,4.0,,,0 days 00:00:22.885000,0 days 00:00:24.384000,0 days 00:00:34.804000,0 days 01:00:32.392000,0 days 01:00:56.776000,0 days 01:01:31.580000,229.0,280.0,249.0,235.0,False,HARD,15.0,False,,0 days 01:00:09.507000,2026-05-22 17:16:11.198,1,,,,False,True,FP1
0 days 01:02:47.364000,NOR,1,0 days 00:01:15.784000,16.0,4.0,,,0 days 00:00:21.845000,0 days 00:00:23.997000,0 days 00:00:29.942000,0 days 01:01:53.425000,0 days 01:02:17.422000,0 days 01:02:47.364000,240.0,280.0,272.0,311.0,True,HARD,16.0,False,,0 days 01:01:31.580000,2026-05-22 17:17:33.271,1,,,,False,True,FP1
0 days 01:04:18.891000,NOR,1,0 days 00:01:31.527000,17.0,4.0,,,0 days 00:00:24.514000,0 days 00:00:29.347000,0 days 00:00:37.666000,0 days 01:03:11.878000,0 days 01:03:41.225000,0 days 01:04:18.891000,181.0,228.0,269.0,256.0,False,HARD,17.0,False,,0 days 01:02:47.364000,2026-05-22 17:18:49.055,1,,,,False,True,FP1
0 days 01:05:34.083000,NOR,1,0 days 00:01:15.192000,18.0,4.0,,,0 days 00:00:21.585000,0 days 00:00:23.900000,0 days 00:00:29.707000,0 days 01:04:40.476000,0 days 01:05:04.376000,0 days 01:05:34.083000,246.0,282.0,270.0,316.0,True,HARD,18.0,False,,0 days 01:04:18.891000,2026-05-22 17:20:20.582,1,,,,False,True,FP1
0 days 01:07:17.054000,NOR,1,0 days 00:01:42.971000,19.0,4.0,,,0 days 00:00:27.009000,0 days 00:00:33.229000,0 days 00:00:42.733000,0 days 01:06:01.092000,0 days 01:06:34.321000,0 days 01:07:17.054000,190.0,132.0,267.0,203.0,False,HARD,19.0,False,,0 days 01:05:34.083000,2026-05-22 17:21:35.774,1,,,,False,True,FP1
0 days 01:08:32.246000,NOR,1,0 days 00:01:15.192000,20.0,4.0,,,0 days 00:00:21.586000,0 days 00:00:23.798000,0 days 00:00:29.808000,0 days 01:07:38.640000,0 days 01:08:02.438000,0 days 01:08:32.246000,244.0,284.0,268.0,316.0,False,HARD,20.0,False,,0 days 01:07:17.054000,2026-05-22 17:23:18.745,1,,,,False,True,FP1
0 days 01:10:02.020000,NOR,1,0 days 00:01:29.774000,21.0,4.0,,,0 days 00:00:25.010000,0 days 00:00:29.341000,0 days 00:00:35.423000,0 days 01:08:57.256000,0 days 01:09:26.597000,0 days 01:10:02.020000,216.0,226.0,269.0,275.0,False,HARD,21.0,False,,0 days 01:08:32.246000,2026-05-22 17:24:33.937,1,,,,False,True,FP1
0 days 01:11:29.795000,NOR,1,0 days 00:01:27.775000,22.0,4.0,,,0 days 00:00:24.408000,0 days 00:00:27.563000,0 days 00:00:35.804000,0 days 01:10:26.428000,0 days 01:10:53.991000,0 days 01:11:29.795000,195.0,257.0,267.0,273.0,False,HARD,22.0,False,,0 days 01:10:02.020000,2026-05-22 17:26:03.711,12,,,,False,True,FP1
0 days 01:12:45.093000,NOR,1,0 days 00:01:15.298000,23.0,4.0,,,0 days 00:00:21.428000,0 days 00:00:23.858000,0 days 00:00:30.012000,0 days 01:11:51.223000,0 days 01:12:15.081000,0 days 01:12:45.093000,244.0,281.0,238.0,308.0,False,HARD,23.0,False,,0 days 01:11:29.795000,2026-05-22 17:27:31.486,1,,,,False,True,FP1
0 days 01:21:32.875000,NOR,1,,24.0,4.0,,0 days 01:14:06.151000,0 days 00:00:23.913000,0 days 00:00:27.575000,,0 days 01:13:09.228000,0 days 01:13:36.800000,,237.0,235.0,,252.0,False,HARD,24.0,False,,0 days 01:12:45.093000,2026-05-22 17:28:46.784,1,,,,False,False,FP1
0 days 01:23:02.309000,NOR,1,0 days 00:01:29.434000,25.0,5.0,0 days 01:21:34.428000,,0 days 00:00:26.910000,0 days 00:00:27.444000,0 days 00:00:35.080000,0 days 01:21:59.785000,0 days 01:22:27.229000,0 days 01:23:02.309000,235.0,257.0,268.0,233.0,False,SOFT,1.0,True,,0 days 01:21:32.875000,2026-05-22 17:37:34.566,1,,,,False,False,FP1
0 days 01:24:17.108000,NOR,1,0 days 00:01:14.799000,26.0,5.0,,,0 days 00:00:21.300000,0 days 00:00:23.400000,0 days 00:00:30.099000,0 days 01:23:23.609000,0 days 01:23:47.009000,0 days 01:24:17.108000,249.0,284.0,270.0,308.0,True,SOFT,2.0,True,,0 days 01:23:02.309000,2026-05-22 17:39:04.000,12,,,,False,True,FP1
0 days 01:26:00.984000,NOR,1,0 days 00:01:43.876000,27.0,5.0,,,0 days 00:00:25.500000,0 days 00:00:31.173000,0 days 00:00:47.203000,0 days 01:24:42.608000,0 days 01:25:13.781000,0 days 01:26:00.984000,215.0,192.0,268.0,175.0,False,SOFT,3.0,True,,0 days 01:24:17.108000,2026-05-22 17:40:18.799,12,,,,False,True,FP1
0 days 01:31:26.217000,NOR,1,,28.0,5.0,,0 days 01:27:32.688000,0 days 00:00:22.815000,0 days 00:00:31.125000,,0 days 01:26:24.086000,0 days 01:26:55.179000,,163.0,261.0,,,False,SOFT,4.0,True,,0 days 01:26:00.984000,2026-05-22 17:42:02.675,125,,,,False,False,FP1
0 days 01:33:38.032000,NOR,1,0 days 00:02:11.815000,29.0,6.0,0 days 01:32:04.753000,,0 days 00:01:08.563000,0 days 00:00:28.101000,0 days 00:00:35.151000,0 days 01:32:34.780000,0 days 01:33:02.881000,0 days 01:33:38.032000,203.0,228.0,258.0,268.0,False,SOFT,5.0,False,,0 days 01:32:04.753000,2026-05-22 17:48:06.444,1,,,,False,False,FP1
0 days 01:35:51.951000,NOR,1,0 days 00:02:13.919000,30.0,6.0,,,0 days 00:00:23.226000,0 days 00:00:28.538000,0 days 00:01:22.155000,0 days 01:34:01.258000,0 days 01:34:29.796000,0 days 01:35:51.951000,210.0,207.0,60.0,213.0,False,SOFT,6.0,False,,0 days 01:33:38.032000,2026-05-22 17:49:39.723,1,,,,False,True,FP1
0 days 01:38:00.222000,NOR,1,0 days 00:02:08.271000,31.0,6.0,,,0 days 00:00:25.744000,0 days 00:00:29.503000,0 days 00:01:13.024000,0 days 01:36:17.695000,0 days 01:36:47.198000,0 days 01:38:00.222000,181.0,249.0,80.0,240.0,False,SOFT,7.0,False,,0 days 01:35:51.951000,2026-05-22 17:51:53.642,1,,,,False,True,FP1
0 days 01:39:28.504000,NOR,1,,32.0,6.0,,0 days 01:39:28.504000,0 days 00:00:26.371000,0 days 00:00:28.951000,,0 days 01:38:26.735000,0 days 01:38:55.656000,,196.0,215.0,,238.0,False,SOFT,8.0,False,,0 days 01:38:00.222000,2026-05-22 17:54:01.913,1,,,,False,False,FP1
0 days 00:16:50.790000,GAS,10,0 days 00:01:40.042000,1.0,1.0,0 days 00:15:13.313000,,0 days 00:00:33.302000,0 days 00:00:29.655000,0 days 00:00:37.085000,0 days 00:15:44.304000,0 days 00:16:13.965000,0 days 00:16:50.876000,189.0,265.0,225.0,271.0,False,HARD,1.0,True,,0 days 00:15:13.313000,2026-05-22 16:31:15.004,1,,,,False,False,FP1
0 days 00:18:23.687000,GAS,10,0 days 00:01:32.897000,2.0,1.0,,,0 days 00:00:25.958000,0 days 00:00:27.231000,0 days 00:00:39.708000,0 days 00:17:16.748000,0 days 00:17:43.979000,0 days 00:18:23.687000,223.0,264.0,276.0,132.0,True,HARD,2.0,True,,0 days 00:16:50.790000,2026-05-22 16:32:52.481,1,,,,False,True,FP1
0 days 00:19:44.602000,GAS,10,0 days 00:01:20.915000,3.0,1.0,,,0 days 00:00:23.416000,0 days 00:00:25.663000,0 days 00:00:31.836000,0 days 00:18:47.103000,0 days 00:19:12.766000,0 days 00:19:44.602000,231.0,272.0,257.0,304.0,True,HARD,3.0,True,,0 days 00:18:23.687000,2026-05-22 16:34:25.378,1,,,,False,True,FP1
0 days 00:21:27.286000,GAS,10,0 days 00:01:42.684000,4.0,1.0,,,0 days 00:00:29.711000,0 days 00:00:29.449000,0 days 00:00:43.524000,0 days 00:20:14.313000,0 days 00:20:43.762000,0 days 00:21:27.286000,214.0,239.0,276.0,248.0,False,HARD,4.0,True,,0 days 00:19:44.602000,2026-05-22 16:35:46.293,1,,,,False,True,FP1
0 days 00:22:59.262000,GAS,10,0 days 00:01:31.976000,5.0,1.0,,,0 days 00:00:22.770000,0 days 00:00:25.172000,0 days 00:00:44.034000,0 days 00:21:50.056000,0 days 00:22:15.228000,0 days 00:22:59.262000,237.0,281.0,225.0,229.0,False,HARD,5.0,True,,0 days 00:21:27.286000,2026-05-22 16:37:28.977,126,,,,False,False,FP1
0 days 00:24:49.085000,GAS,10,0 days 00:01:49.823000,6.0,1.0,,,0 days 00:00:36.473000,0 days 00:00:32.346000,0 days 00:00:41.004000,0 days 00:23:35.735000,0 days 00:24:08.081000,0 days 00:24:49.085000,105.0,226.0,222.0,248.0,False,HARD,6.0,True,,0 days 00:22:59.262000,2026-05-22 16:39:00.953,6,,,,False,False,FP1
0 days 00:57:39.378000,GAS,10,,7.0,1.0,,0 days 00:26:30.734000,,,,,,,,,,,False,HARD,7.0,True,,0 days 00:24:49.085000,2026-05-22 16:40:50.776,6512,,,,False,False,FP1
0 days 00:59:10.203000,GAS,10,0 days 00:01:30.825000,8.0,2.0,0 days 00:57:40.956000,,0 days 00:00:29.216000,0 days 00:00:27.666000,0 days 00:00:33.943000,0 days 00:58:08.594000,0 days 00:58:36.260000,0 days 00:59:10.203000,218.0,267.0,278.0,309.0,False,HARD,8.0,False,,0 days 00:57:40.956000,2026-05-22 17:13:42.647,1,,,,False,False,FP1
0 days 01:00:30.311000,GAS,10,0 days 00:01:20.108000,9.0,2.0,,,0 days 00:00:23.505000,0 days 00:00:25.498000,0 days 00:00:31.105000,0 days 00:59:33.708000,0 days 00:59:59.206000,0 days 01:00:30.311000,238.0,279.0,281.0,308.0,True,HARD,9.0,False,,0 days 00:59:10.203000,2026-05-22 17:15:11.894,1,,,,False,True,FP1
0 days 01:01:48.134000,GAS,10,0 days 00:01:17.823000,10.0,2.0,,,0 days 00:00:22.579000,0 days 00:00:24.805000,0 days 00:00:30.439000,0 days 01:00:52.890000,0 days 01:01:17.695000,0 days 01:01:48.134000,236.0,280.0,283.0,311.0,True,HARD,10.0,False,,0 days 01:00:30.311000,2026-05-22 17:16:32.002,1,,,,False,True,FP1
0 days 01:03:05.355000,GAS,10,0 days 00:01:17.221000,11.0,2.0,,,0 days 00:00:22.154000,0 days 00:00:24.665000,0 days 00:00:30.402000,0 days 01:02:10.288000,0 days 01:02:34.953000,0 days 01:03:05.355000,241.0,284.0,280.0,313.0,True,HARD,11.0,False,,0 days 01:01:48.134000,2026-05-22 17:17:49.825,1,,,,False,True,FP1
0 days 01:04:22.410000,GAS,10,0 days 00:01:17.055000,12.0,2.0,,,0 days 00:00:22.151000,0 days 00:00:24.585000,0 days 00:00:30.319000,0 days 01:03:27.506000,0 days 01:03:52.091000,0 days 01:04:22.410000,240.0,284.0,288.0,321.0,True,HARD,12.0,False,,0 days 01:03:05.355000,2026-05-22 17:19:07.046,1,,,,False,True,FP1
0 days 01:05:45.155000,GAS,10,0 days 00:01:22.745000,13.0,2.0,,,0 days 00:00:22.394000,0 days 00:00:27.650000,0 days 00:00:32.701000,0 days 01:04:44.804000,0 days 01:05:12.454000,0 days 01:05:45.155000,242.0,263.0,267.0,310.0,False,HARD,13.0,False,,0 days 01:04:22.410000,2026-05-22 17:20:24.101,1,,,,False,True,FP1
0 days 01:07:02.792000,GAS,10,0 days 00:01:17.637000,14.0,2.0,,,0 days 00:00:22.430000,0 days 00:00:24.685000,0 days 00:00:30.522000,0 days 01:06:07.585000,0 days 01:06:32.270000,0 days 01:07:02.792000,238.0,279.0,283.0,312.0,False,HARD,14.0,False,,0 days 01:05:45.155000,2026-05-22 17:21:46.846,1,,,,False,True,FP1
0 days 01:08:21.160000,GAS,10,0 days 00:01:18.368000,15.0,2.0,,,0 days 00:00:22.834000,0 days 00:00:24.834000,0 days 00:00:30.700000,0 days 01:07:25.626000,0 days 01:07:50.460000,0 days 01:08:21.160000,236.0,284.0,287.0,315.0,False,HARD,15.0,False,,0 days 01:07:02.792000,2026-05-22 17:23:04.483,1,,,,False,True,FP1
0 days 01:09:37.969000,GAS,10,0 days 00:01:16.809000,16.0,2.0,,,0 days 00:00:22.244000,0 days 00:00:24.426000,0 days 00:00:30.139000,0 days 01:08:43.404000,0 days 01:09:07.830000,0 days 01:09:37.969000,240.0,286.0,279.0,314.0,True,HARD,16.0,False,,0 days 01:08:21.160000,2026-05-22 17:24:22.851,1,,,,False,True,FP1
0 days 01:10:57.266000,GAS,10,0 days 00:01:19.297000,17.0,2.0,,,0 days 00:00:22.922000,0 days 00:00:25.675000,0 days 00:00:30.700000,0 days 01:10:00.891000,0 days 01:10:26.566000,0 days 01:10:57.266000,242.0,281.0,284.0,313.0,False,HARD,17.0,False,,0 days 01:09:37.969000,2026-05-22 17:25:39.660,12,,,,False,True,FP1
0 days 01:12:48.862000,GAS,10,0 days 00:01:51.596000,18.0,2.0,,,0 days 00:00:38.255000,0 days 00:00:33.985000,0 days 00:00:39.356000,0 days 01:11:35.521000,0 days 01:12:09.506000,0 days 01:12:48.862000,161.0,242.0,243.0,148.0,False,HARD,18.0,False,,0 days 01:10:57.266000,2026-05-22 17:26:58.957,1,,,,False,True,FP1
0 days 01:14:21.059000,GAS,10,0 days 00:01:32.197000,19.0,2.0,,,0 days 00:00:26.508000,0 days 00:00:28.884000,0 days 00:00:36.805000,0 days 01:13:15.370000,0 days 01:13:44.254000,0 days 01:14:21.059000,224.0,242.0,283.0,270.0,False,HARD,19.0,False,,0 days 01:12:48.862000,2026-05-22 17:28:50.553,1,,,,False,True,FP1
0 days 01:15:38.916000,GAS,10,0 days 00:01:17.857000,20.0,2.0,,,0 days 00:00:22.086000,0 days 00:00:24.589000,0 days 00:00:31.182000,0 days 01:14:43.145000,0 days 01:15:07.734000,0 days 01:15:38.916000,240.0,279.0,268.0,300.0,False,HARD,20.0,False,,0 days 01:14:21.059000,2026-05-22 17:30:22.750,1,,,,False,True,FP1
0 days 01:22:09.289000,GAS,10,,21.0,2.0,,0 days 01:17:02.755000,0 days 00:00:26.536000,0 days 00:00:27.480000,,0 days 01:16:05.622000,0 days 01:16:33.167000,,227.0,244.0,,254.0,False,HARD,21.0,False,,0 days 01:15:38.916000,2026-05-22 17:31:40.607,1,,,,False,False,FP1
0 days 01:23:44.719000,GAS,10,0 days 00:01:35.430000,22.0,3.0,0 days 01:22:10.730000,,0 days 00:00:30.425000,0 days 00:00:27.107000,0 days 00:00:37.898000,0 days 01:22:39.714000,0 days 01:23:06.821000,0 days 01:23:44.719000,218.0,267.0,244.0,149.0,False,SOFT,1.0,True,,0 days 01:22:09.289000,2026-05-22 17:38:10.980,12,,,,False,False,FP1
0 days 01:25:19.094000,GAS,10,0 days 00:01:34.375000,23.0,3.0,,,0 days 00:00:24.112000,0 days 00:00:26.944000,0 days 00:00:43.319000,0 days 01:24:08.831000,0 days 01:24:35.775000,0 days 01:25:19.094000,229.0,240.0,266.0,260.0,False,SOFT,2.0,True,,0 days 01:23:44.719000,2026-05-22 17:39:46.410,12,,,,False,True,FP1
0 days 01:26:59.655000,GAS,10,0 days 00:01:40.561000,24.0,3.0,,,0 days 00:00:32.078000,0 days 00:00:29.681000,0 days 00:00:38.802000,0 days 01:25:51.172000,0 days 01:26:20.853000,0 days 01:26:59.655000,192.0,235.0,279.0,251.0,False,SOFT,3.0,True,,0 days 01:25:19.094000,2026-05-22 17:41:20.785,21,,,,False,True,FP1
0 days 01:32:11.285000,GAS,10,,25.0,3.0,,0 days 01:28:42.854000,,,,,,,,,,,False,SOFT,4.0,True,,0 days 01:26:59.655000,2026-05-22 17:43:01.346,251,,,,False,False,FP1
0 days 01:33:47.631000,GAS,10,0 days 00:01:36.346000,26.0,4.0,0 days 01:32:13.094000,,0 days 00:00:29.775000,0 days 00:00:29.125000,0 days 00:00:37.446000,0 days 01:32:41.060000,0 days 01:33:10.185000,0 days 01:33:47.631000,210.0,244.0,230.0,271.0,False,SOFT,5.0,False,,0 days 01:32:13.094000,2026-05-22 17:48:14.785,1,,,,False,False,FP1
0 days 01:36:07.301000,GAS,10,0 days 00:02:19.670000,27.0,4.0,,,0 days 00:00:25.773000,0 days 00:00:29.148000,0 days 00:01:24.749000,0 days 01:34:13.404000,0 days 01:34:42.552000,0 days 01:36:07.301000,197.0,273.0,107.0,275.0,False,SOFT,6.0,False,,0 days 01:33:47.631000,2026-05-22 17:49:49.322,1,,,,False,True,FP1
0 days 01:38:36.484000,GAS,10,0 days 00:02:29.183000,28.0,4.0,,,0 days 00:00:27.654000,0 days 00:00:30.885000,0 days 00:01:30.644000,0 days 01:36:34.955000,0 days 01:37:05.840000,0 days 01:38:36.484000,198.0,200.0,122.0,215.0,False,SOFT,7.0,False,,0 days 01:36:07.301000,2026-05-22 17:52:08.992,1,,,,False,True,FP1
0 days 01:40:07.568000,GAS,10,,29.0,4.0,,0 days 01:40:07.568000,0 days 00:00:26.041000,0 days 00:00:32.509000,,0 days 01:39:02.627000,0 days 01:39:35.040000,,209.0,198.0,,254.0,False,SOFT,8.0,False,,0 days 01:38:36.484000,2026-05-22 17:54:38.175,1,,,,False,False,FP1
0 days 00:15:55.501000,PER,11,0 days 00:01:40.057000,1.0,1.0,0 days 00:14:17.309000,,0 days 00:00:32.422000,0 days 00:00:30.131000,0 days 00:00:37.504000,0 days 00:14:48.019000,0 days 00:15:18.142000,0 days 00:15:55.579000,164.0,253.0,262.0,264.0,False,SOFT,1.0,True,,0 days 00:14:17.309000,2026-05-22 16:30:19.000,1,,,,False,False,FP1
0 days 00:17:18.938000,PER,11,0 days 00:01:23.437000,2.0,1.0,,,0 days 00:00:24.501000,0 days 00:00:26.664000,0 days 00:00:32.272000,0 days 00:16:20.002000,0 days 00:16:46.666000,0 days 00:17:18.938000,231.0,275.0,251.0,316.0,True,SOFT,2.0,True,,0 days 00:15:55.501000,2026-05-22 16:31:57.192,1,,,,False,True,FP1
0 days 00:19:03.179000,PER,11,0 days 00:01:44.241000,3.0,1.0,,,0 days 00:00:31.789000,0 days 00:00:34.771000,0 days 00:00:37.681000,0 days 00:17:50.727000,0 days 00:18:25.498000,0 days 00:19:03.179000,164.0,244.0,266.0,274.0,False,SOFT,3.0,True,,0 days 00:17:18.938000,2026-05-22 16:33:20.629,1,,,,False,True,FP1
0 days 00:20:23.766000,PER,11,0 days 00:01:20.587000,4.0,1.0,,,0 days 00:00:23.141000,0 days 00:00:25.713000,0 days 00:00:31.733000,0 days 00:19:26.320000,0 days 00:19:52.033000,0 days 00:20:23.766000,236.0,271.0,245.0,315.0,True,SOFT,4.0,True,,0 days 00:19:03.179000,2026-05-22 16:35:04.870,1,,,,False,True,FP1
0 days 00:22:08.359000,PER,11,0 days 00:01:44.593000,5.0,1.0,,,0 days 00:00:35.307000,0 days 00:00:29.815000,0 days 00:00:39.471000,0 days 00:20:59.073000,0 days 00:21:28.888000,0 days 00:22:08.359000,116.0,265.0,261.0,270.0,False,SOFT,5.0,True,,0 days 00:20:23.766000,2026-05-22 16:36:25.457,12,,,,False,True,FP1
0 days 00:23:56.205000,PER,11,0 days 00:01:47.846000,6.0,1.0,,,0 days 00:00:27.809000,0 days 00:00:36.011000,0 days 00:00:44.026000,0 days 00:22:36.168000,0 days 00:23:12.179000,0 days 00:23:56.205000,98.0,228.0,242.0,251.0,False,SOFT,6.0,True,,0 days 00:22:08.359000,2026-05-22 16:38:10.050,26,,,,False,False,FP1
0 days 00:36:32.329000,PER,11,,7.0,1.0,,0 days 00:25:35.722000,0 days 00:00:35.008000,0 days 00:00:31.373000,,0 days 00:24:32.137000,0 days 00:25:02.738000,,193.0,268.0,,,False,SOFT,7.0,True,,0 days 00:23:56.205000,2026-05-22 16:39:57.896,6512,,,,False,False,FP1
0 days 00:38:06.518000,PER,11,0 days 00:01:34.189000,8.0,2.0,0 days 00:36:33.817000,,0 days 00:00:29.699000,0 days 00:00:28.438000,0 days 00:00:36.052000,0 days 00:37:02.028000,0 days 00:37:30.466000,0 days 00:38:06.518000,202.0,259.0,273.0,276.0,False,SOFT,8.0,False,,0 days 00:36:33.817000,2026-05-22 16:52:35.508,1,,,,False,False,FP1
0 days 00:39:25.218000,PER,11,0 days 00:01:18.700000,9.0,2.0,,,0 days 00:00:22.550000,0 days 00:00:25.338000,0 days 00:00:30.812000,0 days 00:38:29.068000,0 days 00:38:54.406000,0 days 00:39:25.218000,241.0,277.0,270.0,314.0,True,SOFT,9.0,False,,0 days 00:38:06.518000,2026-05-22 16:54:08.209,1,,,,False,True,FP1
0 days 00:57:50.042000,PER,11,,10.0,2.0,,0 days 00:40:53.633000,0 days 00:00:26.870000,0 days 00:00:29.988000,,0 days 00:39:52.244000,0 days 00:40:22.232000,,163.0,256.0,,275.0,False,SOFT,10.0,False,,0 days 00:39:25.218000,2026-05-22 16:55:26.909,125,,,,False,False,FP1
0 days 00:59:22.378000,PER,11,0 days 00:01:32.336000,11.0,3.0,0 days 00:57:51.476000,,0 days 00:00:28.288000,0 days 00:00:27.174000,0 days 00:00:36.874000,0 days 00:58:18.330000,0 days 00:58:45.504000,0 days 00:59:22.378000,220.0,265.0,294.0,167.0,False,SOFT,11.0,False,,0 days 00:57:51.476000,2026-05-22 17:13:53.167,1,,,,False,False,FP1
0 days 01:00:41.531000,PER,11,0 days 00:01:19.153000,12.0,3.0,,,0 days 00:00:22.864000,0 days 00:00:25.274000,0 days 00:00:31.015000,0 days 00:59:45.242000,0 days 01:00:10.516000,0 days 01:00:41.531000,234.0,276.0,286.0,307.0,False,SOFT,12.0,False,,0 days 00:59:22.378000,2026-05-22 17:15:24.069,1,,,,False,True,FP1
0 days 01:02:00.016000,PER,11,0 days 00:01:18.485000,13.0,3.0,,,0 days 00:00:22.588000,0 days 00:00:25.005000,0 days 00:00:30.892000,0 days 01:01:04.119000,0 days 01:01:29.124000,0 days 01:02:00.016000,235.0,276.0,283.0,309.0,True,SOFT,13.0,False,,0 days 01:00:41.531000,2026-05-22 17:16:43.222,1,,,,False,True,FP1
0 days 01:03:18.322000,PER,11,0 days 00:01:18.306000,14.0,3.0,,,0 days 00:00:22.577000,0 days 00:00:24.886000,0 days 00:00:30.843000,0 days 01:02:22.593000,0 days 01:02:47.479000,0 days 01:03:18.322000,235.0,277.0,280.0,303.0,True,SOFT,14.0,False,,0 days 01:02:00.016000,2026-05-22 17:18:01.707,1,,,,False,True,FP1
0 days 01:04:36.517000,PER,11,0 days 00:01:18.195000,15.0,3.0,,,0 days 00:00:22.435000,0 days 00:00:24.928000,0 days 00:00:30.832000,0 days 01:03:40.757000,0 days 01:04:05.685000,0 days 01:04:36.517000,235.0,278.0,281.0,305.0,True,SOFT,15.0,False,,0 days 01:03:18.322000,2026-05-22 17:19:20.013,1,,,,False,True,FP1
0 days 01:05:54.503000,PER,11,0 days 00:01:17.986000,16.0,3.0,,,0 days 00:00:22.533000,0 days 00:00:24.888000,0 days 00:00:30.565000,0 days 01:04:59.050000,0 days 01:05:23.938000,0 days 01:05:54.503000,235.0,279.0,282.0,305.0,True,SOFT,16.0,False,,0 days 01:04:36.517000,2026-05-22 17:20:38.208,1,,,,False,True,FP1
0 days 01:07:12.429000,PER,11,0 days 00:01:17.926000,17.0,3.0,,,0 days 00:00:22.343000,0 days 00:00:25.058000,0 days 00:00:30.525000,0 days 01:06:16.846000,0 days 01:06:41.904000,0 days 01:07:12.429000,234.0,275.0,283.0,312.0,True,SOFT,17.0,False,,0 days 01:05:54.503000,2026-05-22 17:21:56.194,1,,,,False,True,FP1
0 days 01:08:31.295000,PER,11,0 days 00:01:18.866000,18.0,3.0,,,0 days 00:00:22.334000,0 days 00:00:25.322000,0 days 00:00:31.210000,0 days 01:07:34.763000,0 days 01:08:00.085000,0 days 01:08:31.295000,236.0,274.0,283.0,308.0,False,SOFT,18.0,False,,0 days 01:07:12.429000,2026-05-22 17:23:14.120,1,,,,False,True,FP1
0 days 01:09:49.255000,PER,11,0 days 00:01:17.960000,19.0,3.0,,,0 days 00:00:22.233000,0 days 00:00:24.824000,0 days 00:00:30.903000,0 days 01:08:53.528000,0 days 01:09:18.352000,0 days 01:09:49.255000,236.0,279.0,274.0,308.0,False,SOFT,19.0,False,,0 days 01:08:31.295000,2026-05-22 17:24:32.986,1,,,,False,True,FP1
0 days 01:11:07.693000,PER,11,0 days 00:01:18.438000,20.0,3.0,,,0 days 00:00:22.452000,0 days 00:00:24.989000,0 days 00:00:30.997000,0 days 01:10:11.707000,0 days 01:10:36.696000,0 days 01:11:07.693000,235.0,277.0,282.0,299.0,False,SOFT,20.0,False,,0 days 01:09:49.255000,2026-05-22 17:25:50.946,12,,,,False,True,FP1
0 days 01:12:26.911000,PER,11,0 days 00:01:19.218000,21.0,3.0,,,0 days 00:00:22.542000,0 days 00:00:25.179000,0 days 00:00:31.497000,0 days 01:11:30.235000,0 days 01:11:55.414000,0 days 01:12:26.911000,233.0,271.0,263.0,288.0,False,SOFT,21.0,False,,0 days 01:11:07.693000,2026-05-22 17:27:09.384,1,,,,False,True,FP1
0 days 01:13:44.917000,PER,11,0 days 00:01:18.006000,22.0,3.0,,,0 days 00:00:22.420000,0 days 00:00:24.813000,0 days 00:00:30.773000,0 days 01:12:49.331000,0 days 01:13:14.144000,0 days 01:13:44.917000,234.0,278.0,281.0,302.0,False,SOFT,22.0,False,,0 days 01:12:26.911000,2026-05-22 17:28:28.602,1,,,,False,True,FP1
0 days 01:26:09.681000,PER,11,,23.0,3.0,,0 days 01:15:07.442000,0 days 00:00:24.457000,0 days 00:00:27.752000,,0 days 01:14:09.513000,0 days 01:14:37.310000,,220.0,239.0,,239.0,False,SOFT,23.0,False,,0 days 01:13:44.917000,2026-05-22 17:29:46.608,12,,,,False,False,FP1
0 days 01:32:21.940000,PER,11,,24.0,4.0,0 days 01:26:09.681000,0 days 01:27:45.374000,0 days 00:00:30.438000,0 days 00:00:27.601000,,0 days 01:26:38.678000,0 days 01:27:06.380000,,223.0,248.0,,,False,MEDIUM,1.0,True,,0 days 01:26:09.681000,2026-05-22 17:42:11.372,125,,,,False,False,FP1
0 days 01:33:54.503000,PER,11,0 days 00:01:32.563000,25.0,5.0,0 days 01:32:23.349000,,0 days 00:00:27.586000,0 days 00:00:27.894000,0 days 00:00:37.083000,0 days 01:32:49.526000,0 days 01:33:17.420000,0 days 01:33:54.503000,202.0,250.0,271.0,268.0,False,MEDIUM,2.0,False,,0 days 01:32:23.349000,2026-05-22 17:48:25.040,1,,,,False,False,FP1
0 days 01:36:28.399000,PER,11,,26.0,5.0,,,0 days 00:00:22.346000,0 days 00:00:29.858000,,0 days 01:34:16.911000,0 days 01:34:46.847000,,243.0,247.0,164.0,261.0,False,MEDIUM,3.0,False,,0 days 01:33:54.503000,2026-05-22 17:49:56.194,1,,,,False,False,FP1
0 days 01:38:51.238000,PER,11,0 days 00:02:22.839000,27.0,5.0,,,0 days 00:00:26.232000,0 days 00:00:27.896000,0 days 00:01:28.711000,0 days 01:36:54.631000,0 days 01:37:22.527000,0 days 01:38:51.238000,206.0,234.0,181.0,252.0,False,MEDIUM,4.0,False,,0 days 01:36:28.399000,2026-05-22 17:52:30.090,1,,,,False,True,FP1
0 days 01:40:13.285000,PER,11,,28.0,5.0,,0 days 01:40:13.285000,0 days 00:00:26.935000,0 days 00:00:25.826000,,0 days 01:39:18.359000,0 days 01:39:44.188000,,227.0,279.0,,224.0,False,MEDIUM,5.0,False,,0 days 01:38:51.238000,2026-05-22 17:54:52.929,1,,,,False,False,FP1
0 days 00:17:30.939000,ANT,12,0 days 00:02:15.180000,1.0,1.0,0 days 00:15:18.822000,,0 days 00:01:01.325000,0 days 00:00:31.633000,0 days 00:00:42.222000,0 days 00:16:17.341000,0 days 00:16:48.984000,0 days 00:17:31.046000,216.0,234.0,227.0,175.0,False,HARD,1.0,True,,0 days 00:15:18.822000,2026-05-22 16:31:20.513,1,,,,False,False,FP1
0 days 00:19:00.240000,ANT,12,0 days 00:01:29.301000,2.0,1.0,,,0 days 00:00:24.914000,0 days 00:00:28.051000,0 days 00:00:36.336000,0 days 00:17:55.853000,0 days 00:18:23.904000,0 days 00:19:00.240000,227.0,233.0,267.0,245.0,True,HARD,2.0,True,,0 days 00:17:30.939000,2026-05-22 16:33:32.630,1,,,,False,True,FP1
0 days 00:20:17.766000,ANT,12,0 days 00:01:17.526000,3.0,1.0,,,0 days 00:00:22.312000,0 days 00:00:24.592000,0 days 00:00:30.622000,0 days 00:19:22.552000,0 days 00:19:47.144000,0 days 00:20:17.766000,245.0,281.0,263.0,309.0,True,HARD,3.0,True,,0 days 00:19:00.240000,2026-05-22 16:35:01.931,1,,,,False,True,FP1
0 days 00:21:48.708000,ANT,12,0 days 00:01:30.942000,4.0,1.0,,,0 days 00:00:26.133000,0 days 00:00:27.839000,0 days 00:00:36.970000,0 days 00:20:43.899000,0 days 00:21:11.738000,0 days 00:21:48.708000,213.0,236.0,272.0,218.0,False,HARD,4.0,True,,0 days 00:20:17.766000,2026-05-22 16:36:19.457,1,,,,False,True,FP1
0 days 00:23:30.087000,ANT,12,0 days 00:01:41.379000,5.0,1.0,,,0 days 00:00:25.287000,0 days 00:00:35.361000,0 days 00:00:40.731000,0 days 00:22:13.995000,0 days 00:22:49.356000,0 days 00:23:30.087000,127.0,190.0,224.0,229.0,False,HARD,5.0,True,,0 days 00:21:48.708000,2026-05-22 16:37:50.399,126,,,,False,False,FP1
0 days 00:32:25.645000,ANT,12,,6.0,1.0,,0 days 00:26:53.727000,0 days 00:00:32.338000,0 days 00:00:35.973000,,0 days 00:24:02.615000,0 days 00:24:38.643000,,156.0,234.0,,241.0,False,HARD,6.0,True,,0 days 00:23:30.087000,2026-05-22 16:39:31.778,6512,,,,False,False,FP1
0 days 00:34:12.546000,ANT,12,0 days 00:01:46.901000,7.0,2.0,0 days 00:32:27.365000,,0 days 00:00:51.089000,0 days 00:00:25.157000,0 days 00:00:30.655000,0 days 00:33:16.734000,0 days 00:33:41.891000,0 days 00:34:12.546000,244.0,287.0,282.0,302.0,False,HARD,7.0,False,,0 days 00:32:27.365000,2026-05-22 16:48:29.056,1,,,,False,False,FP1
0 days 00:35:29.280000,ANT,12,0 days 00:01:16.734000,8.0,2.0,,,0 days 00:00:21.976000,0 days 00:00:24.443000,0 days 00:00:30.315000,0 days 00:34:34.522000,0 days 00:34:58.965000,0 days 00:35:29.280000,235.0,277.0,276.0,302.0,True,HARD,8.0,False,,0 days 00:34:12.546000,2026-05-22 16:50:14.237,1,,,,False,True,FP1
0 days 00:36:45.274000,ANT,12,0 days 00:01:15.994000,9.0,2.0,,,0 days 00:00:21.770000,0 days 00:00:24.140000,0 days 00:00:30.084000,0 days 00:35:51.050000,0 days 00:36:15.190000,0 days 00:36:45.274000,236.0,280.0,276.0,303.0,True,HARD,9.0,False,,0 days 00:35:29.280000,2026-05-22 16:51:30.971,1,,,,False,True,FP1
0 days 00:38:01.660000,ANT,12,0 days 00:01:16.386000,10.0,2.0,,,0 days 00:00:21.631000,0 days 00:00:24.171000,0 days 00:00:30.584000,0 days 00:37:06.905000,0 days 00:37:31.076000,0 days 00:38:01.660000,239.0,282.0,279.0,304.0,False,HARD,10.0,False,,0 days 00:36:45.274000,2026-05-22 16:52:46.965,1,,,,False,True,FP1
0 days 00:39:17.411000,ANT,12,0 days 00:01:15.751000,11.0,2.0,,,0 days 00:00:21.543000,0 days 00:00:24.085000,0 days 00:00:30.123000,0 days 00:38:23.203000,0 days 00:38:47.288000,0 days 00:39:17.411000,239.0,281.0,278.0,317.0,True,HARD,11.0,False,,0 days 00:38:01.660000,2026-05-22 16:54:03.351,1,,,,False,True,FP1
0 days 00:40:33.201000,ANT,12,0 days 00:01:15.790000,12.0,2.0,,,0 days 00:00:21.614000,0 days 00:00:24.104000,0 days 00:00:30.072000,0 days 00:39:39.025000,0 days 00:40:03.129000,0 days 00:40:33.201000,240.0,281.0,276.0,303.0,False,HARD,12.0,False,,0 days 00:39:17.411000,2026-05-22 16:55:19.102,1,,,,False,True,FP1
0 days 00:57:09.549000,ANT,12,,13.0,2.0,,0 days 00:41:52.020000,0 days 00:00:21.318000,0 days 00:00:24.137000,,0 days 00:40:54.786000,0 days 00:41:18.938000,,242.0,283.0,,,False,HARD,13.0,False,,0 days 00:40:33.201000,2026-05-22 16:56:34.892,125,,,,False,False,FP1
0 days 00:58:46.811000,ANT,12,,14.0,3.0,0 days 00:57:09.549000,,,0 days 00:00:28.641000,0 days 00:00:38.046000,,0 days 00:58:08.894000,0 days 00:58:46.814000,209.0,223.0,228.0,247.0,False,HARD,14.0,False,,0 days 00:57:09.549000,2026-05-22 17:13:11.240,1,,,,False,False,FP1
0 days 01:00:15.451000,ANT,12,0 days 00:01:28.640000,15.0,3.0,,,0 days 00:00:23.554000,0 days 00:00:26.608000,0 days 00:00:38.478000,0 days 00:59:10.365000,0 days 00:59:36.973000,0 days 01:00:15.451000,246.0,232.0,273.0,248.0,False,HARD,15.0,False,,0 days 00:58:46.811000,2026-05-22 17:14:48.502,1,,,,False,True,FP1
0 days 01:01:37.933000,ANT,12,0 days 00:01:22.482000,16.0,3.0,,,0 days 00:00:22.006000,0 days 00:00:25.402000,0 days 00:00:35.074000,0 days 01:00:37.457000,0 days 01:01:02.859000,0 days 01:01:37.933000,246.0,242.0,271.0,250.0,False,HARD,16.0,False,,0 days 01:00:15.451000,2026-05-22 17:16:17.142,1,,,,False,True,FP1
0 days 01:02:52.603000,ANT,12,0 days 00:01:14.670000,17.0,3.0,,,0 days 00:00:21.359000,0 days 00:00:23.692000,0 days 00:00:29.619000,0 days 01:01:59.292000,0 days 01:02:22.984000,0 days 01:02:52.603000,244.0,286.0,270.0,315.0,True,HARD,17.0,False,,0 days 01:01:37.933000,2026-05-22 17:17:39.624,1,,,,False,True,FP1
0 days 01:04:28.705000,ANT,12,0 days 00:01:36.102000,18.0,3.0,,,0 days 00:00:26.616000,0 days 00:00:27.475000,0 days 00:00:42.011000,0 days 01:03:19.219000,0 days 01:03:46.694000,0 days 01:04:28.705000,125.0,238.0,273.0,107.0,False,HARD,18.0,False,,0 days 01:02:52.603000,2026-05-22 17:18:54.294,1,,,,False,True,FP1
0 days 01:06:06.663000,ANT,12,0 days 00:01:37.958000,19.0,3.0,,,0 days 00:00:28.996000,0 days 00:00:32.132000,0 days 00:00:36.830000,0 days 01:04:57.701000,0 days 01:05:29.833000,0 days 01:06:06.663000,144.0,236.0,274.0,244.0,False,HARD,19.0,False,,0 days 01:04:28.705000,2026-05-22 17:20:30.396,1,,,,False,True,FP1
0 days 01:07:21.055000,ANT,12,0 days 00:01:14.392000,20.0,3.0,,,0 days 00:00:21.058000,0 days 00:00:23.874000,0 days 00:00:29.460000,0 days 01:06:27.721000,0 days 01:06:51.595000,0 days 01:07:21.055000,244.0,285.0,272.0,317.0,True,HARD,20.0,False,,0 days 01:06:06.663000,2026-05-22 17:22:08.354,1,,,,False,True,FP1
0 days 01:08:50.439000,ANT,12,0 days 00:01:29.384000,21.0,3.0,,,0 days 00:00:25.016000,0 days 00:00:27.297000,0 days 00:00:37.071000,0 days 01:07:46.071000,0 days 01:08:13.368000,0 days 01:08:50.439000,220.0,237.0,272.0,244.0,False,HARD,21.0,False,,0 days 01:07:21.055000,2026-05-22 17:23:22.746,1,,,,False,True,FP1
0 days 01:10:22.608000,ANT,12,0 days 00:01:32.169000,22.0,3.0,,,0 days 00:00:25.316000,0 days 00:00:29.189000,0 days 00:00:37.664000,0 days 01:09:15.755000,0 days 01:09:44.944000,0 days 01:10:22.608000,227.0,122.0,271.0,247.0,False,HARD,22.0,False,,0 days 01:08:50.439000,2026-05-22 17:24:52.130,12,,,,False,True,FP1
0 days 01:11:37.202000,ANT,12,0 days 00:01:14.594000,23.0,3.0,,,0 days 00:00:21.321000,0 days 00:00:23.711000,0 days 00:00:29.562000,0 days 01:10:43.929000,0 days 01:11:07.640000,0 days 01:11:37.202000,246.0,285.0,267.0,311.0,False,HARD,23.0,False,,0 days 01:10:22.608000,2026-05-22 17:26:24.299,21,,,,False,True,FP1
0 days 01:17:00.186000,ANT,12,,24.0,3.0,,0 days 01:13:06.625000,0 days 00:00:27.751000,0 days 00:00:28.627000,,0 days 01:12:05.150000,0 days 01:12:33.803000,,177.0,159.0,,238.0,False,HARD,24.0,False,,0 days 01:11:37.202000,2026-05-22 17:27:38.893,1,,,,False,False,FP1
0 days 01:18:28.396000,ANT,12,0 days 00:01:28.210000,25.0,4.0,0 days 01:17:02.099000,,0 days 00:00:26.835000,0 days 00:00:26.228000,0 days 00:00:35.147000,0 days 01:17:27.021000,0 days 01:17:53.249000,0 days 01:18:28.396000,248.0,237.0,270.0,241.0,False,SOFT,1.0,True,,0 days 01:17:00.186000,2026-05-22 17:33:01.877,1,,,,False,False,FP1
0 days 01:19:41.798000,ANT,12,0 days 00:01:13.402000,26.0,4.0,,,0 days 00:00:20.785000,0 days 00:00:23.330000,0 days 00:00:29.287000,0 days 01:18:49.181000,0 days 01:19:12.511000,0 days 01:19:41.798000,247.0,287.0,269.0,313.0,True,SOFT,2.0,True,,0 days 01:18:28.396000,2026-05-22 17:34:30.087,1,,,,False,True,FP1
0 days 01:21:11.158000,ANT,12,0 days 00:01:29.360000,27.0,4.0,,,0 days 00:00:24.597000,0 days 00:00:27.336000,0 days 00:00:37.427000,0 days 01:20:06.395000,0 days 01:20:33.731000,0 days 01:21:11.158000,220.0,237.0,273.0,246.0,False,SOFT,3.0,True,,0 days 01:19:41.798000,2026-05-22 17:35:43.489,1,,,,False,True,FP1
0 days 01:22:44.058000,ANT,12,0 days 00:01:32.900000,28.0,4.0,,,0 days 00:00:24.884000,0 days 00:00:30.852000,0 days 00:00:37.164000,0 days 01:21:36.042000,0 days 01:22:06.894000,0 days 01:22:44.058000,233.0,229.0,273.0,242.0,False,SOFT,4.0,True,,0 days 01:21:11.158000,2026-05-22 17:37:12.849,1,,,,False,True,FP1
0 days 01:32:06.203000,ANT,12,,29.0,4.0,,0 days 01:24:01.523000,0 days 00:00:20.828000,0 days 00:00:23.401000,,0 days 01:23:05.076000,0 days 01:23:28.499000,,247.0,289.0,,252.0,False,SOFT,5.0,True,,0 days 01:22:44.058000,2026-05-22 17:38:45.749,125,,,,False,False,FP1
0 days 01:33:42.793000,ANT,12,0 days 00:01:36.590000,30.0,5.0,0 days 01:32:08.991000,,0 days 00:00:31.480000,0 days 00:00:28.105000,0 days 00:00:37.005000,0 days 01:32:37.683000,0 days 01:33:05.788000,0 days 01:33:42.793000,186.0,262.0,256.0,253.0,False,SOFT,6.0,False,,0 days 01:32:08.991000,2026-05-22 17:48:10.682,1,,,,False,False,FP1
0 days 01:36:00.685000,ANT,12,0 days 00:02:17.892000,31.0,5.0,,,0 days 00:00:24.220000,0 days 00:00:26.543000,0 days 00:01:27.129000,0 days 01:34:07.013000,0 days 01:34:33.556000,0 days 01:36:00.685000,242.0,257.0,82.0,223.0,False,SOFT,7.0,False,,0 days 01:33:42.793000,2026-05-22 17:49:44.484,1,,,,False,True,FP1
0 days 01:38:14.589000,ANT,12,0 days 00:02:13.904000,32.0,5.0,,,0 days 00:00:23.530000,0 days 00:00:26.530000,0 days 00:01:23.844000,0 days 01:36:24.215000,0 days 01:36:50.745000,0 days 01:38:14.589000,249.0,244.0,3.0,206.0,False,SOFT,8.0,False,,0 days 01:36:00.685000,2026-05-22 17:52:02.376,1,,,,False,True,FP1
0 days 01:39:49.466000,ANT,12,,33.0,5.0,,0 days 01:39:49.466000,0 days 00:00:23.828000,0 days 00:00:29.989000,,0 days 01:38:38.558000,0 days 01:39:08.657000,,251.0,263.0,,109.0,False,SOFT,9.0,False,,0 days 01:38:14.589000,2026-05-22 17:54:16.280,1,,,,False,False,FP1
0 days 00:16:18.644000,ALO,14,0 days 00:02:08.009000,1.0,1.0,0 days 00:14:13.914000,0 days 00:15:40.635000,0 days 00:00:31.153000,0 days 00:00:29.574000,0 days 00:01:07.282000,0 days 00:14:42.137000,0 days 00:15:11.714000,0 days 00:16:18.817000,209.0,261.0,,294.0,False,HARD,1.0,True,,0 days 00:14:13.914000,2026-05-22 16:30:15.605,1,,,,False,False,FP1
0 days 00:18:06.529000,ALO,14,0 days 00:01:47.885000,2.0,2.0,0 days 00:16:20.290000,,0 days 00:00:27.608000,0 days 00:00:35.968000,0 days 00:00:44.309000,0 days 00:16:46.252000,0 days 00:17:22.220000,0 days 00:18:06.529000,222.0,243.0,262.0,225.0,False,HARD,2.0,False,,0 days 00:16:18.644000,2026-05-22 16:32:20.335,1,,,,False,False,FP1
0 days 00:19:29.586000,ALO,14,0 days 00:01:23.057000,3.0,2.0,,,0 days 00:00:23.338000,0 days 00:00:26.339000,0 days 00:00:33.380000,0 days 00:18:29.867000,0 days 00:18:56.206000,0 days 00:19:29.586000,231.0,269.0,268.0,294.0,True,HARD,3.0,False,,0 days 00:18:06.529000,2026-05-22 16:34:08.220,1,,,,False,True,FP1
0 days 00:20:48.823000,ALO,14,0 days 00:01:19.237000,4.0,2.0,,,0 days 00:00:22.578000,0 days 00:00:25.318000,0 days 00:00:31.341000,0 days 00:19:52.164000,0 days 00:20:17.482000,0 days 00:20:48.823000,236.0,267.0,273.0,294.0,True,HARD,4.0,False,,0 days 00:19:29.586000,2026-05-22 16:35:31.277,1,,,,False,True,FP1
0 days 00:22:27.732000,ALO,14,0 days 00:01:38.909000,5.0,2.0,,,0 days 00:00:29.270000,0 days 00:00:29.045000,0 days 00:00:40.594000,0 days 00:21:18.093000,0 days 00:21:47.138000,0 days 00:22:27.732000,217.0,246.0,130.0,153.0,False,HARD,5.0,False,,0 days 00:20:48.823000,2026-05-22 16:36:50.514,126,,,,False,False,FP1
0 days 00:24:28.676000,ALO,14,0 days 00:02:00.944000,6.0,2.0,,,0 days 00:00:38.251000,0 days 00:00:38.241000,0 days 00:00:44.452000,0 days 00:23:05.983000,0 days 00:23:44.224000,0 days 00:24:28.676000,165.0,165.0,222.0,236.0,False,HARD,6.0,False,,0 days 00:22:27.732000,2026-05-22 16:38:29.423,6,,,,False,False,FP1
0 days 00:33:50.309000,ALO,14,,7.0,2.0,,0 days 00:26:04.759000,0 days 00:00:35.282000,,,0 days 00:25:04.246000,,,139.0,,,,False,HARD,7.0,False,,0 days 00:24:28.676000,2026-05-22 16:40:30.367,6512,,,,False,False,FP1
0 days 00:35:21.192000,ALO,14,0 days 00:01:30.883000,8.0,3.0,0 days 00:33:51.833000,,0 days 00:00:26.802000,0 days 00:00:27.536000,0 days 00:00:36.545000,0 days 00:34:17.111000,0 days 00:34:44.647000,0 days 00:35:21.192000,227.0,231.0,273.0,238.0,False,SOFT,1.0,True,,0 days 00:33:51.833000,2026-05-22 16:49:53.524,1,,,,False,False,FP1
0 days 00:36:37.977000,ALO,14,0 days 00:01:16.785000,9.0,3.0,,,0 days 00:00:21.591000,0 days 00:00:24.414000,0 days 00:00:30.780000,0 days 00:35:42.783000,0 days 00:36:07.197000,0 days 00:36:37.977000,243.0,272.0,253.0,298.0,True,SOFT,2.0,True,,0 days 00:35:21.192000,2026-05-22 16:51:22.883,1,,,,False,True,FP1
0 days 00:38:14.860000,ALO,14,0 days 00:01:36.883000,10.0,3.0,,,0 days 00:00:27.637000,0 days 00:00:32.011000,0 days 00:00:37.235000,0 days 00:37:05.614000,0 days 00:37:37.625000,0 days 00:38:14.860000,164.0,243.0,279.0,177.0,False,SOFT,3.0,True,,0 days 00:36:37.977000,2026-05-22 16:52:39.668,1,,,,False,True,FP1
0 days 00:39:44.882000,ALO,14,0 days 00:01:30.022000,11.0,3.0,,,0 days 00:00:21.704000,0 days 00:00:30.118000,0 days 00:00:38.200000,0 days 00:38:36.564000,0 days 00:39:06.682000,0 days 00:39:44.882000,212.0,234.0,280.0,244.0,False,SOFT,4.0,True,,0 days 00:38:14.860000,2026-05-22 16:54:16.551,1,,,,False,True,FP1
0 days 00:41:15.680000,ALO,14,0 days 00:01:30.798000,12.0,3.0,,,0 days 00:00:21.507000,0 days 00:00:31.198000,0 days 00:00:38.093000,0 days 00:40:06.389000,0 days 00:40:37.587000,0 days 00:41:15.680000,245.0,211.0,278.0,247.0,False,SOFT,5.0,True,,0 days 00:39:44.882000,2026-05-22 16:55:46.573,1,,,,False,True,FP1
0 days 00:59:29.916000,ALO,14,,13.0,3.0,,0 days 00:43:00.690000,,,,,,,,,,,False,SOFT,6.0,True,,0 days 00:41:15.680000,2026-05-22 16:57:17.371,125,,,,False,False,FP1
0 days 01:01:01.005000,ALO,14,0 days 00:01:31.089000,14.0,4.0,0 days 00:59:31.448000,,0 days 00:00:27.786000,0 days 00:00:27.104000,0 days 00:00:36.199000,0 days 00:59:57.702000,0 days 01:00:24.806000,0 days 01:01:01.005000,225.0,228.0,264.0,239.0,False,SOFT,7.0,False,,0 days 00:59:31.448000,2026-05-22 17:15:33.139,1,,,,False,False,FP1
0 days 01:02:17.223000,ALO,14,0 days 00:01:16.218000,15.0,4.0,,,0 days 00:00:21.575000,0 days 00:00:24.193000,0 days 00:00:30.450000,0 days 01:01:22.580000,0 days 01:01:46.773000,0 days 01:02:17.223000,245.0,274.0,260.0,301.0,True,SOFT,8.0,False,,0 days 01:01:01.005000,2026-05-22 17:17:02.696,1,,,,False,True,FP1
0 days 01:03:49.819000,ALO,14,0 days 00:01:32.596000,16.0,4.0,,,0 days 00:00:26.756000,0 days 00:00:30.311000,0 days 00:00:35.529000,0 days 01:02:43.979000,0 days 01:03:14.290000,0 days 01:03:49.819000,166.0,241.0,265.0,270.0,False,SOFT,9.0,False,,0 days 01:02:17.223000,2026-05-22 17:18:18.914,1,,,,False,True,FP1
0 days 01:05:05.841000,ALO,14,0 days 00:01:16.022000,17.0,4.0,,,0 days 00:00:21.464000,0 days 00:00:24.194000,0 days 00:00:30.364000,0 days 01:04:11.283000,0 days 01:04:35.477000,0 days 01:05:05.841000,246.0,276.0,262.0,304.0,True,SOFT,10.0,False,,0 days 01:03:49.819000,2026-05-22 17:19:51.510,1,,,,False,True,FP1
0 days 01:06:38.705000,ALO,14,0 days 00:01:32.864000,18.0,4.0,,,0 days 00:00:26.487000,0 days 00:00:27.710000,0 days 00:00:38.667000,0 days 01:05:32.328000,0 days 01:06:00.038000,0 days 01:06:38.705000,210.0,244.0,266.0,170.0,False,SOFT,11.0,False,,0 days 01:05:05.841000,2026-05-22 17:21:07.532,1,,,,False,True,FP1
0 days 01:07:57.195000,ALO,14,0 days 00:01:18.490000,19.0,4.0,,,0 days 00:00:22.374000,0 days 00:00:25.006000,0 days 00:00:31.110000,0 days 01:07:01.079000,0 days 01:07:26.085000,0 days 01:07:57.195000,235.0,268.0,272.0,293.0,False,SOFT,12.0,False,,0 days 01:06:38.705000,2026-05-22 17:22:40.396,1,,,,False,True,FP1
0 days 01:09:15.348000,ALO,14,0 days 00:01:18.153000,20.0,4.0,,,0 days 00:00:22.320000,0 days 00:00:24.742000,0 days 00:00:31.091000,0 days 01:08:19.515000,0 days 01:08:44.257000,0 days 01:09:15.348000,238.0,269.0,270.0,293.0,False,SOFT,13.0,False,,0 days 01:07:57.195000,2026-05-22 17:23:58.886,1,,,,False,True,FP1
0 days 01:10:33.122000,ALO,14,0 days 00:01:17.774000,21.0,4.0,,,0 days 00:00:22.196000,0 days 00:00:24.728000,0 days 00:00:30.850000,0 days 01:09:37.544000,0 days 01:10:02.272000,0 days 01:10:33.122000,239.0,270.0,277.0,300.0,False,SOFT,14.0,False,,0 days 01:09:15.348000,2026-05-22 17:25:17.039,12,,,,False,True,FP1
0 days 01:11:50.429000,ALO,14,0 days 00:01:17.307000,22.0,4.0,,,0 days 00:00:22.270000,0 days 00:00:24.452000,0 days 00:00:30.585000,0 days 01:10:55.392000,0 days 01:11:19.844000,0 days 01:11:50.429000,241.0,274.0,277.0,301.0,False,SOFT,15.0,False,,0 days 01:10:33.122000,2026-05-22 17:26:34.813,1,,,,False,True,FP1
0 days 01:22:55.802000,ALO,14,,23.0,4.0,,0 days 01:13:08.901000,0 days 00:00:22.657000,0 days 00:00:26.400000,,0 days 01:12:13.282000,0 days 01:12:39.791000,,240.0,267.0,,226.0,False,SOFT,16.0,False,,0 days 01:11:50.429000,2026-05-22 17:27:52.120,1,,,,False,False,FP1
0 days 01:24:25.752000,ALO,14,0 days 00:01:29.950000,24.0,5.0,0 days 01:22:57.351000,,0 days 00:00:25.718000,0 days 00:00:27.265000,0 days 00:00:36.967000,0 days 01:23:21.520000,0 days 01:23:48.785000,0 days 01:24:25.752000,240.0,255.0,249.0,249.0,False,MEDIUM,1.0,True,,0 days 01:22:55.802000,2026-05-22 17:38:57.493,12,,,,False,False,FP1
0 days 01:25:52.595000,ALO,14,0 days 00:01:26.843000,25.0,5.0,,,0 days 00:00:24.341000,0 days 00:00:27.220000,0 days 00:00:35.282000,0 days 01:24:50.093000,0 days 01:25:17.313000,0 days 01:25:52.595000,218.0,234.0,266.0,248.0,False,MEDIUM,2.0,True,,0 days 01:24:25.752000,2026-05-22 17:40:27.443,12,,,,False,True,FP1
0 days 01:27:08.458000,ALO,14,0 days 00:01:15.863000,26.0,5.0,,,0 days 00:00:21.317000,0 days 00:00:24.174000,0 days 00:00:30.372000,0 days 01:26:13.912000,0 days 01:26:38.086000,0 days 01:27:08.458000,247.0,276.0,269.0,303.0,True,MEDIUM,3.0,True,,0 days 01:25:52.595000,2026-05-22 17:41:54.286,12,,,,False,True,FP1
0 days 01:32:44.035000,ALO,14,,27.0,5.0,,0 days 01:29:01.183000,,,,,,,,,,,False,MEDIUM,4.0,True,,0 days 01:27:08.458000,2026-05-22 17:43:10.149,251,,,,False,False,FP1
0 days 01:34:13.700000,ALO,14,0 days 00:01:29.665000,28.0,6.0,0 days 01:32:46.591000,,0 days 00:00:29.436000,0 days 00:00:26.766000,0 days 00:00:33.463000,0 days 01:33:13.471000,0 days 01:33:40.237000,0 days 01:34:13.700000,228.0,265.0,269.0,291.0,False,SOFT,17.0,False,,0 days 01:32:46.591000,2026-05-22 17:48:48.282,1,,,,False,False,FP1
0 days 01:36:32.561000,ALO,14,0 days 00:02:18.861000,29.0,6.0,,,0 days 00:00:23.768000,0 days 00:00:26.499000,0 days 00:01:28.594000,0 days 01:34:37.468000,0 days 01:35:03.967000,0 days 01:36:32.561000,233.0,272.0,170.0,235.0,False,SOFT,18.0,False,,0 days 01:34:13.700000,2026-05-22 17:50:15.391,1,,,,False,True,FP1
0 days 01:38:47.500000,ALO,14,0 days 00:02:14.939000,30.0,6.0,,,0 days 00:00:24.515000,0 days 00:00:27.678000,0 days 00:01:22.746000,0 days 01:36:57.076000,0 days 01:37:24.754000,0 days 01:38:47.500000,211.0,191.0,79.0,197.0,False,SOFT,19.0,False,,0 days 01:36:32.561000,2026-05-22 17:52:34.252,1,,,,False,True,FP1
0 days 01:40:09.900000,ALO,14,,31.0,6.0,,0 days 01:40:09.900000,0 days 00:00:24.185000,0 days 00:00:26.574000,,0 days 01:39:11.874000,0 days 01:39:38.328000,,249.0,223.0,,203.0,False,SOFT,20.0,False,,0 days 01:38:47.500000,2026-05-22 17:54:49.191,1,,,,False,False,FP1
0 days 00:16:57.310000,LEC,16,0 days 00:01:37.813000,1.0,1.0,0 days 00:15:22.119000,,0 days 00:00:31.192000,0 days 00:00:28.823000,0 days 00:00:37.798000,0 days 00:15:50.878000,0 days 00:16:19.851000,0 days 00:16:57.392000,212.0,241.0,227.0,243.0,False,HARD,1.0,True,,0 days 00:15:22.119000,2026-05-22 16:31:23.810,1,,,,False,False,FP1
0 days 00:18:30.192000,LEC,16,0 days 00:01:32.882000,2.0,1.0,,,0 days 00:00:24.653000,0 days 00:00:27.736000,0 days 00:00:40.493000,0 days 00:17:21.963000,0 days 00:17:49.699000,0 days 00:18:30.192000,239.0,244.0,263.0,141.0,True,HARD,2.0,True,,0 days 00:16:57.310000,2026-05-22 16:32:59.001,1,,,,False,True,FP1
0 days 00:19:48.702000,LEC,16,0 days 00:01:18.510000,3.0,1.0,,,0 days 00:00:22.543000,0 days 00:00:24.910000,0 days 00:00:31.057000,0 days 00:18:52.735000,0 days 00:19:17.645000,0 days 00:19:48.702000,240.0,274.0,251.0,310.0,True,HARD,3.0,True,,0 days 00:18:30.192000,2026-05-22 16:34:31.883,1,,,,False,True,FP1
0 days 00:21:19.094000,LEC,16,0 days 00:01:30.392000,4.0,1.0,,,0 days 00:00:26.202000,0 days 00:00:27.464000,0 days 00:00:36.726000,0 days 00:20:14.904000,0 days 00:20:42.368000,0 days 00:21:19.094000,224.0,242.0,271.0,255.0,False,HARD,4.0,True,,0 days 00:19:48.702000,2026-05-22 16:35:50.393,1,,,,False,True,FP1
0 days 00:22:49.130000,LEC,16,0 days 00:01:30.036000,5.0,1.0,,,0 days 00:00:21.878000,0 days 00:00:24.435000,0 days 00:00:43.723000,0 days 00:21:40.972000,0 days 00:22:05.407000,0 days 00:22:49.130000,242.0,278.0,100.0,313.0,False,HARD,5.0,True,,0 days 00:21:19.094000,2026-05-22 16:37:20.785,126,,,,False,False,FP1
0 days 00:24:43.277000,LEC,16,0 days 00:01:54.147000,6.0,1.0,,,0 days 00:00:38.182000,0 days 00:00:32.708000,0 days 00:00:43.257000,0 days 00:23:27.312000,0 days 00:24:00.020000,0 days 00:24:43.277000,77.0,228.0,224.0,205.0,False,HARD,6.0,True,,0 days 00:22:49.130000,2026-05-22 16:38:50.821,6,,,,False,False,FP1
0 days 00:32:52.022000,LEC,16,,7.0,1.0,,0 days 00:26:13.913000,,,,,,,,,,,False,HARD,7.0,True,,0 days 00:24:43.277000,2026-05-22 16:40:44.968,6512,,,,False,False,FP1
0 days 00:34:51.340000,LEC,16,0 days 00:01:59.318000,8.0,2.0,0 days 00:32:54.007000,,0 days 00:00:54.027000,0 days 00:00:28.729000,0 days 00:00:36.562000,0 days 00:33:46.049000,0 days 00:34:14.778000,0 days 00:34:51.340000,234.0,247.0,231.0,245.0,False,HARD,8.0,False,,0 days 00:32:54.007000,2026-05-22 16:48:55.698,1,,,,False,False,FP1
0 days 00:36:18.985000,LEC,16,0 days 00:01:27.645000,9.0,2.0,,,0 days 00:00:23.351000,0 days 00:00:26.304000,0 days 00:00:37.990000,0 days 00:35:14.691000,0 days 00:35:40.995000,0 days 00:36:18.985000,236.0,244.0,267.0,177.0,False,HARD,9.0,False,,0 days 00:34:51.340000,2026-05-22 16:50:53.031,1,,,,False,True,FP1
0 days 00:37:35.260000,LEC,16,0 days 00:01:16.275000,10.0,2.0,,,0 days 00:00:21.751000,0 days 00:00:24.272000,0 days 00:00:30.252000,0 days 00:36:40.736000,0 days 00:37:05.008000,0 days 00:37:35.260000,243.0,277.0,257.0,312.0,True,HARD,10.0,False,,0 days 00:36:18.985000,2026-05-22 16:52:20.676,1,,,,False,True,FP1
0 days 00:39:01.829000,LEC,16,0 days 00:01:26.569000,11.0,2.0,,,0 days 00:00:24.418000,0 days 00:00:26.787000,0 days 00:00:35.364000,0 days 00:37:59.678000,0 days 00:38:26.465000,0 days 00:39:01.829000,226.0,235.0,270.0,247.0,False,HARD,11.0,False,,0 days 00:37:35.260000,2026-05-22 16:53:36.951,1,,,,False,True,FP1
0 days 00:40:23.169000,LEC,16,0 days 00:01:21.340000,12.0,2.0,,,0 days 00:00:21.573000,0 days 00:00:24.343000,0 days 00:00:35.424000,0 days 00:39:23.402000,0 days 00:39:47.745000,0 days 00:40:23.169000,241.0,275.0,271.0,247.0,False,HARD,12.0,False,,0 days 00:39:01.829000,2026-05-22 16:55:03.520,1,,,,False,True,FP1
0 days 00:57:16.878000,LEC,16,,13.0,2.0,,0 days 00:41:35.162000,0 days 00:00:21.500000,0 days 00:00:24.059000,,0 days 00:40:44.893000,0 days 00:41:08.905000,,244.0,278.0,,312.0,False,HARD,13.0,False,,0 days 00:40:23.169000,2026-05-22 16:56:24.860,125,,,,False,False,FP1
0 days 00:58:50.970000,LEC,16,0 days 00:01:34.092000,14.0,3.0,0 days 00:57:19.465000,,0 days 00:00:30.332000,0 days 00:00:27.431000,0 days 00:00:36.329000,0 days 00:57:47.210000,0 days 00:58:14.641000,0 days 00:58:50.970000,223.0,237.0,229.0,242.0,False,HARD,14.0,False,,0 days 00:57:19.465000,2026-05-22 17:13:21.156,1,,,,False,False,FP1
0 days 01:00:25.260000,LEC,16,0 days 00:01:34.290000,15.0,3.0,,,0 days 00:00:23.074000,0 days 00:00:28.907000,0 days 00:00:42.309000,0 days 00:59:14.044000,0 days 00:59:42.951000,0 days 01:00:25.260000,241.0,165.0,274.0,186.0,False,HARD,15.0,False,,0 days 00:58:50.970000,2026-05-22 17:14:52.661,1,,,,False,True,FP1
0 days 01:01:40.660000,LEC,16,0 days 00:01:15.400000,16.0,3.0,,,0 days 00:00:21.352000,0 days 00:00:24.151000,0 days 00:00:29.897000,0 days 01:00:46.612000,0 days 01:01:10.763000,0 days 01:01:40.660000,244.0,284.0,266.0,320.0,True,HARD,16.0,False,,0 days 01:00:25.260000,2026-05-22 17:16:26.951,1,,,,False,True,FP1
0 days 01:03:16.206000,LEC,16,0 days 00:01:35.546000,17.0,3.0,,,0 days 00:00:23.506000,0 days 00:00:29.586000,0 days 00:00:42.454000,0 days 01:02:04.166000,0 days 01:02:33.752000,0 days 01:03:16.206000,231.0,242.0,294.0,184.0,False,HARD,17.0,False,,0 days 01:01:40.660000,2026-05-22 17:17:42.351,1,,,,False,True,FP1
0 days 01:04:31.918000,LEC,16,0 days 00:01:15.712000,18.0,3.0,,,0 days 00:00:21.574000,0 days 00:00:23.893000,0 days 00:00:30.245000,0 days 01:03:37.780000,0 days 01:04:01.673000,0 days 01:04:31.918000,243.0,283.0,284.0,304.0,False,HARD,18.0,False,,0 days 01:03:16.206000,2026-05-22 17:19:17.897,1,,,,False,True,FP1
0 days 01:05:47.275000,LEC,16,0 days 00:01:15.357000,19.0,3.0,,,0 days 00:00:21.521000,0 days 00:00:23.980000,0 days 00:00:29.856000,0 days 01:04:53.439000,0 days 01:05:17.419000,0 days 01:05:47.275000,239.0,280.0,282.0,309.0,True,HARD,19.0,False,,0 days 01:04:31.918000,2026-05-22 17:20:33.609,1,,,,False,True,FP1
0 days 01:07:03.227000,LEC,16,0 days 00:01:15.952000,20.0,3.0,,,0 days 00:00:21.565000,0 days 00:00:24.695000,0 days 00:00:29.692000,0 days 01:06:08.840000,0 days 01:06:33.535000,0 days 01:07:03.227000,237.0,279.0,308.0,329.0,False,HARD,20.0,False,,0 days 01:05:47.275000,2026-05-22 17:21:48.966,1,,,,False,True,FP1
0 days 01:08:21.257000,LEC,16,0 days 00:01:18.030000,21.0,3.0,,,0 days 00:00:22.501000,0 days 00:00:24.750000,0 days 00:00:30.779000,0 days 01:07:25.728000,0 days 01:07:50.478000,0 days 01:08:21.257000,235.0,311.0,290.0,303.0,False,HARD,21.0,False,,0 days 01:07:03.227000,2026-05-22 17:23:04.918,1,,,,False,True,FP1
0 days 01:09:38.060000,LEC,16,0 days 00:01:16.803000,22.0,3.0,,,0 days 00:00:22.622000,0 days 00:00:24.269000,0 days 00:00:29.912000,0 days 01:08:43.879000,0 days 01:09:08.148000,0 days 01:09:38.060000,235.0,287.0,301.0,326.0,False,HARD,22.0,False,,0 days 01:08:21.257000,2026-05-22 17:24:22.948,1,,,,False,True,FP1
0 days 01:10:54.533000,LEC,16,0 days 00:01:16.473000,23.0,3.0,,,0 days 00:00:21.788000,0 days 00:00:24.281000,0 days 00:00:30.404000,0 days 01:09:59.848000,0 days 01:10:24.129000,0 days 01:10:54.533000,236.0,275.0,276.0,302.0,False,HARD,23.0,False,,0 days 01:09:38.060000,2026-05-22 17:25:39.751,12,,,,False,True,FP1
0 days 01:12:10.247000,LEC,16,0 days 00:01:15.714000,24.0,3.0,,,0 days 00:00:21.508000,0 days 00:00:24.017000,0 days 00:00:30.189000,0 days 01:11:16.041000,0 days 01:11:40.058000,0 days 01:12:10.247000,236.0,277.0,278.0,301.0,False,HARD,24.0,False,,0 days 01:10:54.533000,2026-05-22 17:26:56.224,1,,,,False,True,FP1
0 days 01:18:08.369000,LEC,16,,25.0,3.0,,0 days 01:13:20.479000,0 days 00:00:21.482000,0 days 00:00:23.993000,,0 days 01:12:32.088000,0 days 01:12:56.027000,,236.0,276.0,,298.0,False,HARD,25.0,False,,0 days 01:12:10.247000,2026-05-22 17:28:11.938,1,,,,False,False,FP1
0 days 01:19:35.583000,LEC,16,0 days 00:01:27.214000,26.0,4.0,0 days 01:18:09.849000,,0 days 00:00:26.429000,0 days 00:00:25.877000,0 days 00:00:34.908000,0 days 01:18:34.798000,0 days 01:19:00.675000,0 days 01:19:35.583000,239.0,252.0,275.0,243.0,False,SOFT,1.0,True,,0 days 01:18:08.369000,2026-05-22 17:34:10.060,1,,,,False,False,FP1
0 days 01:20:49.938000,LEC,16,0 days 00:01:14.355000,27.0,4.0,,,0 days 00:00:20.942000,0 days 00:00:23.697000,0 days 00:00:29.716000,0 days 01:19:56.525000,0 days 01:20:20.222000,0 days 01:20:49.938000,246.0,282.0,263.0,316.0,True,SOFT,2.0,True,,0 days 01:19:35.583000,2026-05-22 17:35:37.274,1,,,,False,True,FP1
0 days 01:22:22.367000,LEC,16,0 days 00:01:32.429000,28.0,4.0,,,0 days 00:00:23.085000,0 days 00:00:26.351000,0 days 00:00:42.993000,0 days 01:21:13.023000,0 days 01:21:39.374000,0 days 01:22:22.367000,237.0,255.0,234.0,161.0,False,SOFT,3.0,True,,0 days 01:20:49.938000,2026-05-22 17:36:51.629,1,,,,False,True,FP1
0 days 01:23:56.159000,LEC,16,0 days 00:01:33.792000,29.0,4.0,,,0 days 00:00:23.412000,0 days 00:00:34.291000,0 days 00:00:36.089000,0 days 01:22:45.779000,0 days 01:23:20.070000,0 days 01:23:56.159000,230.0,239.0,275.0,248.0,False,SOFT,4.0,True,,0 days 01:22:22.367000,2026-05-22 17:38:24.058,12,,,,False,True,FP1
0 days 01:25:22.695000,LEC,16,0 days 00:01:26.536000,30.0,4.0,,,0 days 00:00:21.110000,0 days 00:00:23.653000,0 days 00:00:41.773000,0 days 01:24:17.269000,0 days 01:24:40.922000,0 days 01:25:22.695000,238.0,286.0,274.0,158.0,False,SOFT,5.0,True,,0 days 01:23:56.159000,2026-05-22 17:39:57.850,12,,,,False,True,FP1
0 days 01:26:50.732000,LEC,16,0 days 00:01:28.037000,31.0,4.0,,,0 days 00:00:25.626000,0 days 00:00:26.648000,0 days 00:00:35.763000,0 days 01:25:48.321000,0 days 01:26:14.969000,0 days 01:26:50.732000,215.0,253.0,274.0,250.0,False,SOFT,6.0,True,,0 days 01:25:22.695000,2026-05-22 17:41:24.386,21,,,,False,True,FP1
0 days 01:32:15.190000,LEC,16,,32.0,4.0,,0 days 01:28:31.149000,0 days 00:00:26.928000,,,0 days 01:27:17.949000,,,123.0,,,,False,SOFT,7.0,True,,0 days 01:26:50.732000,2026-05-22 17:42:52.423,125,,,,False,False,FP1
0 days 01:33:50.814000,LEC,16,0 days 00:01:35.624000,33.0,5.0,0 days 01:32:17.695000,,0 days 00:00:30.197000,0 days 00:00:28.030000,0 days 00:00:37.397000,0 days 01:32:45.387000,0 days 01:33:13.417000,0 days 01:33:50.814000,214.0,248.0,231.0,246.0,False,SOFT,8.0,False,,0 days 01:32:17.695000,2026-05-22 17:48:19.386,1,,,,False,False,FP1
0 days 01:36:14.611000,LEC,16,0 days 00:02:23.797000,34.0,5.0,,,0 days 00:00:23.871000,0 days 00:00:29.063000,0 days 00:01:30.863000,0 days 01:34:14.685000,0 days 01:34:43.748000,0 days 01:36:14.611000,205.0,214.0,133.0,166.0,False,SOFT,9.0,False,,0 days 01:33:50.814000,2026-05-22 17:49:52.505,1,,,,False,True,FP1
0 days 01:38:40.719000,LEC,16,0 days 00:02:26.108000,35.0,5.0,,,0 days 00:00:25.408000,0 days 00:00:28.235000,0 days 00:01:32.465000,0 days 01:36:40.019000,0 days 01:37:08.254000,0 days 01:38:40.719000,208.0,249.0,147.0,158.0,False,SOFT,10.0,False,,0 days 01:36:14.611000,2026-05-22 17:52:16.302,1,,,,False,True,FP1
0 days 01:40:02.125000,LEC,16,,36.0,5.0,,0 days 01:40:02.125000,0 days 00:00:24.998000,0 days 00:00:28.296000,,0 days 01:39:05.834000,0 days 01:39:34.304000,,236.0,264.0,,254.0,False,SOFT,11.0,False,,0 days 01:38:40.719000,2026-05-22 17:54:42.410,1,,,,False,False,FP1
0 days 00:17:28.391000,STR,18,,1.0,1.0,0 days 00:14:37.929000,0 days 00:16:26.117000,0 days 00:00:43.485000,0 days 00:00:28.501000,,0 days 00:15:18.822000,0 days 00:15:47.477000,,204.0,264.0,,139.0,False,HARD,1.0,True,,0 days 00:14:37.929000,2026-05-22 16:30:39.620,1,,,,False,False,FP1
0 days 00:19:05.853000,STR,18,0 days 00:01:37.462000,2.0,2.0,0 days 00:17:29.943000,,0 days 00:00:32.854000,0 days 00:00:27.408000,0 days 00:00:37.200000,0 days 00:18:01.245000,0 days 00:18:28.653000,0 days 00:19:05.853000,195.0,264.0,269.0,268.0,False,HARD,2.0,False,,0 days 00:17:28.391000,2026-05-22 16:33:30.082,1,,,,False,False,FP1
0 days 00:20:26.929000,STR,18,0 days 00:01:21.076000,3.0,2.0,,,0 days 00:00:23.438000,0 days 00:00:25.795000,0 days 00:00:31.843000,0 days 00:19:29.291000,0 days 00:19:55.086000,0 days 00:20:26.929000,233.0,268.0,266.0,295.0,True,HARD,3.0,False,,0 days 00:19:05.853000,2026-05-22 16:35:07.544,1,,,,False,True,FP1
0 days 00:21:46.539000,STR,18,0 days 00:01:19.610000,4.0,2.0,,,0 days 00:00:22.558000,0 days 00:00:25.522000,0 days 00:00:31.530000,0 days 00:20:49.487000,0 days 00:21:15.009000,0 days 00:21:46.539000,235.0,265.0,265.0,290.0,True,HARD,4.0,False,,0 days 00:20:26.929000,2026-05-22 16:36:28.620,1,,,,False,True,FP1
0 days 00:23:21.778000,STR,18,0 days 00:01:35.239000,5.0,2.0,,,0 days 00:00:22.680000,0 days 00:00:30.587000,0 days 00:00:41.972000,0 days 00:22:09.219000,0 days 00:22:39.806000,0 days 00:23:21.778000,235.0,237.0,262.0,260.0,False,HARD,5.0,False,,0 days 00:21:46.539000,2026-05-22 16:37:48.230,126,,,,False,False,FP1
0 days 00:25:05.995000,STR,18,0 days 00:01:44.217000,6.0,2.0,,,0 days 00:00:31.523000,0 days 00:00:28.147000,0 days 00:00:44.547000,0 days 00:23:53.301000,0 days 00:24:21.448000,0 days 00:25:05.995000,190.0,205.0,260.0,129.0,False,HARD,6.0,False,,0 days 00:23:21.778000,2026-05-22 16:39:23.469,6,,,,False,False,FP1
0 days 00:36:06.673000,STR,18,,7.0,2.0,,0 days 00:26:45.195000,,,,,,,,,,,False,HARD,7.0,False,,0 days 00:25:05.995000,2026-05-22 16:41:07.686,6512,,,,False,False,FP1
0 days 00:37:59.521000,STR,18,0 days 00:01:52.848000,8.0,3.0,0 days 00:36:10.261000,,0 days 00:00:46.520000,0 days 00:00:27.641000,0 days 00:00:38.687000,0 days 00:36:53.193000,0 days 00:37:20.834000,0 days 00:37:59.521000,221.0,251.0,274.0,156.0,False,SOFT,1.0,True,,0 days 00:36:10.261000,2026-05-22 16:52:11.952,1,,,,False,False,FP1
0 days 00:39:17.818000,STR,18,0 days 00:01:18.297000,9.0,3.0,,,0 days 00:00:22.039000,0 days 00:00:24.843000,0 days 00:00:31.415000,0 days 00:38:21.560000,0 days 00:38:46.403000,0 days 00:39:17.818000,243.0,272.0,248.0,305.0,True,SOFT,2.0,True,,0 days 00:37:59.521000,2026-05-22 16:54:01.212,1,,,,False,True,FP1
0 days 00:41:08.640000,STR,18,0 days 00:01:50.822000,10.0,3.0,,,0 days 00:00:32.860000,0 days 00:00:38.571000,0 days 00:00:39.391000,0 days 00:39:50.678000,0 days 00:40:29.249000,0 days 00:41:08.640000,134.0,173.0,277.0,264.0,False,SOFT,3.0,True,,0 days 00:39:17.818000,2026-05-22 16:55:19.509,1,,,,False,True,FP1
0 days 01:00:51.838000,STR,18,,11.0,3.0,,0 days 00:42:59.109000,,,,,,,,,,,False,SOFT,4.0,True,,0 days 00:41:08.640000,2026-05-22 16:57:10.331,125,,,,False,False,FP1
0 days 01:02:33.153000,STR,18,0 days 00:01:41.315000,12.0,4.0,0 days 01:00:53.455000,,0 days 00:00:35.244000,0 days 00:00:27.745000,0 days 00:00:38.326000,0 days 01:01:27.082000,0 days 01:01:54.827000,0 days 01:02:33.153000,225.0,248.0,278.0,161.0,False,SOFT,5.0,False,,0 days 01:00:53.455000,2026-05-22 17:16:55.146,1,,,,False,False,FP1
0 days 01:03:50.901000,STR,18,0 days 00:01:17.748000,13.0,4.0,,,0 days 00:00:22.107000,0 days 00:00:24.748000,0 days 00:00:30.893000,0 days 01:02:55.260000,0 days 01:03:20.008000,0 days 01:03:50.901000,243.0,275.0,256.0,303.0,True,SOFT,6.0,False,,0 days 01:02:33.153000,2026-05-22 17:18:34.844,1,,,,False,True,FP1
0 days 01:05:36.738000,STR,18,0 days 00:01:45.837000,14.0,4.0,,,0 days 00:00:33.390000,0 days 00:00:34.603000,0 days 00:00:37.844000,0 days 01:04:24.291000,0 days 01:04:58.894000,0 days 01:05:36.738000,157.0,230.0,279.0,264.0,False,SOFT,7.0,False,,0 days 01:03:50.901000,2026-05-22 17:19:52.592,1,,,,False,True,FP1
0 days 01:06:54.764000,STR,18,0 days 00:01:18.026000,15.0,4.0,,,0 days 00:00:22.222000,0 days 00:00:24.699000,0 days 00:00:31.105000,0 days 01:05:58.960000,0 days 01:06:23.659000,0 days 01:06:54.764000,241.0,275.0,254.0,302.0,False,SOFT,8.0,False,,0 days 01:05:36.738000,2026-05-22 17:21:38.429,1,,,,False,True,FP1
0 days 01:08:44.506000,STR,18,0 days 00:01:49.742000,16.0,4.0,,,0 days 00:00:34.272000,0 days 00:00:36.917000,0 days 00:00:38.553000,0 days 01:07:29.036000,0 days 01:08:05.953000,0 days 01:08:44.506000,160.0,241.0,277.0,242.0,False,SOFT,9.0,False,,0 days 01:06:54.764000,2026-05-22 17:22:56.455,1,,,,False,True,FP1
0 days 01:10:02.498000,STR,18,0 days 00:01:17.992000,17.0,4.0,,,0 days 00:00:22.050000,0 days 00:00:24.599000,0 days 00:00:31.343000,0 days 01:09:06.556000,0 days 01:09:31.155000,0 days 01:10:02.498000,244.0,273.0,258.0,302.0,False,SOFT,10.0,False,,0 days 01:08:44.506000,2026-05-22 17:24:46.197,1,,,,False,True,FP1
0 days 01:11:40.300000,STR,18,0 days 00:01:37.802000,18.0,4.0,,,0 days 00:00:27.134000,0 days 00:00:32.388000,0 days 00:00:38.280000,0 days 01:10:29.632000,0 days 01:11:02.020000,0 days 01:11:40.300000,177.0,144.0,277.0,244.0,False,SOFT,11.0,False,,0 days 01:10:02.498000,2026-05-22 17:26:04.189,12,,,,False,True,FP1
0 days 01:12:57.906000,STR,18,0 days 00:01:17.606000,19.0,4.0,,,0 days 00:00:21.831000,0 days 00:00:24.471000,0 days 00:00:31.304000,0 days 01:12:02.131000,0 days 01:12:26.602000,0 days 01:12:57.906000,244.0,272.0,258.0,286.0,True,SOFT,12.0,False,,0 days 01:11:40.300000,2026-05-22 17:27:41.991,1,,,,False,True,FP1
0 days 01:14:42.402000,STR,18,0 days 00:01:44.496000,20.0,4.0,,,0 days 00:00:31.023000,0 days 00:00:33.943000,0 days 00:00:39.530000,0 days 01:13:28.929000,0 days 01:14:02.872000,0 days 01:14:42.402000,145.0,182.0,276.0,237.0,False,SOFT,13.0,False,,0 days 01:12:57.906000,2026-05-22 17:28:59.597,1,,,,False,True,FP1
0 days 01:15:59.723000,STR,18,0 days 00:01:17.321000,21.0,4.0,,,0 days 00:00:21.786000,0 days 00:00:24.460000,0 days 00:00:31.075000,0 days 01:15:04.188000,0 days 01:15:28.648000,0 days 01:15:59.723000,242.0,273.0,250.0,296.0,True,SOFT,14.0,False,,0 days 01:14:42.402000,2026-05-22 17:30:44.093,1,,,,False,True,FP1
0 days 01:22:44.902000,STR,18,,22.0,4.0,,0 days 01:17:23.675000,0 days 00:00:26.108000,0 days 00:00:27.864000,,0 days 01:16:26.183000,0 days 01:16:53.997000,,216.0,242.0,,265.0,False,SOFT,15.0,False,,0 days 01:15:59.723000,2026-05-22 17:32:01.414,1,,,,False,False,FP1
0 days 01:24:14.904000,STR,18,0 days 00:01:30.002000,23.0,5.0,0 days 01:22:46.287000,,0 days 00:00:27.540000,0 days 00:00:26.764000,0 days 00:00:35.698000,0 days 01:23:12.442000,0 days 01:23:39.206000,0 days 01:24:14.904000,235.0,259.0,256.0,240.0,False,MEDIUM,1.0,True,,0 days 01:22:44.902000,2026-05-22 17:38:46.593,12,,,,False,False,FP1
0 days 01:25:44.640000,STR,18,0 days 00:01:29.736000,24.0,5.0,,,0 days 00:00:25.053000,0 days 00:00:28.019000,0 days 00:00:36.664000,0 days 01:24:39.957000,0 days 01:25:07.976000,0 days 01:25:44.640000,215.0,241.0,274.0,236.0,False,MEDIUM,2.0,True,,0 days 01:24:14.904000,2026-05-22 17:40:16.595,12,,,,False,True,FP1
0 days 01:27:01.618000,STR,18,0 days 00:01:16.978000,25.0,5.0,,,0 days 00:00:21.765000,0 days 00:00:24.496000,0 days 00:00:30.717000,0 days 01:26:06.405000,0 days 01:26:30.901000,0 days 01:27:01.618000,245.0,274.0,258.0,301.0,True,MEDIUM,3.0,True,,0 days 01:25:44.640000,2026-05-22 17:41:46.331,12,,,,False,True,FP1
0 days 01:32:36.898000,STR,18,,26.0,5.0,,0 days 01:28:58.510000,,,,,,,,,,,False,MEDIUM,4.0,True,,0 days 01:27:01.618000,2026-05-22 17:43:03.309,251,,,,False,False,FP1
0 days 01:34:33.485000,STR,18,0 days 00:01:56.587000,27.0,6.0,0 days 01:32:40.673000,,0 days 00:00:53.103000,0 days 00:00:27.318000,0 days 00:00:36.166000,0 days 01:33:30.001000,0 days 01:33:57.319000,0 days 01:34:33.485000,206.0,267.0,249.0,259.0,False,MEDIUM,5.0,False,,0 days 01:32:40.673000,2026-05-22 17:48:42.364,1,,,,False,False,FP1
0 days 01:36:40.869000,STR,18,0 days 00:02:07.384000,28.0,6.0,,,0 days 00:00:23.096000,0 days 00:00:32.577000,0 days 00:01:11.711000,0 days 01:34:56.581000,0 days 01:35:29.158000,0 days 01:36:40.869000,245.0,215.0,188.0,247.0,False,MEDIUM,6.0,False,,0 days 01:34:33.485000,2026-05-22 17:50:35.176,1,,,,False,True,FP1
0 days 01:39:06.733000,STR,18,0 days 00:02:25.864000,29.0,6.0,,,0 days 00:00:25.063000,0 days 00:00:29.318000,0 days 00:01:31.483000,0 days 01:37:05.932000,0 days 01:37:35.250000,0 days 01:39:06.733000,221.0,209.0,148.0,170.0,False,MEDIUM,7.0,False,,0 days 01:36:40.869000,2026-05-22 17:52:42.560,1,,,,False,True,FP1
0 days 01:40:46.712000,STR,18,,30.0,6.0,,0 days 01:40:46.712000,0 days 00:00:25.300000,0 days 00:00:35.006000,,0 days 01:39:32.098000,0 days 01:40:07.152000,,186.0,206.0,,146.0,False,MEDIUM,8.0,False,,0 days 01:39:06.733000,2026-05-22 17:55:08.424,1,,,,False,False,FP1
0 days 00:16:26.882000,ALB,23,0 days 00:01:55.675000,1.0,1.0,0 days 00:14:33.959000,,0 days 00:00:43.173000,0 days 00:00:29.401000,0 days 00:00:43.101000,0 days 00:15:14.568000,0 days 00:15:44.022000,0 days 00:16:27.044000,209.0,266.0,244.0,205.0,False,HARD,1.0,True,,0 days 00:14:33.959000,2026-05-22 16:30:35.650,1,,,,False,False,FP1
0 days 00:17:58.981000,ALB,23,0 days 00:01:32.099000,2.0,1.0,,,0 days 00:00:24.460000,0 days 00:00:27.205000,0 days 00:00:40.434000,0 days 00:16:51.342000,0 days 00:17:18.547000,0 days 00:17:58.981000,236.0,250.0,275.0,250.0,True,HARD,2.0,True,,0 days 00:16:26.882000,2026-05-22 16:32:28.573,1,,,,False,True,FP1
0 days 00:19:18.435000,ALB,23,0 days 00:01:19.454000,3.0,1.0,,,0 days 00:00:22.676000,0 days 00:00:25.159000,0 days 00:00:31.619000,0 days 00:18:21.657000,0 days 00:18:46.816000,0 days 00:19:18.435000,237.0,279.0,259.0,312.0,True,HARD,3.0,True,,0 days 00:17:58.981000,2026-05-22 16:34:00.672,1,,,,False,True,FP1
0 days 00:20:58.541000,ALB,23,0 days 00:01:40.106000,4.0,1.0,,,0 days 00:00:30.128000,0 days 00:00:31.303000,0 days 00:00:38.675000,0 days 00:19:48.563000,0 days 00:20:19.866000,0 days 00:20:58.541000,200.0,242.0,279.0,272.0,False,HARD,4.0,True,,0 days 00:19:18.435000,2026-05-22 16:35:20.126,1,,,,False,True,FP1
0 days 00:22:16.555000,ALB,23,0 days 00:01:18.014000,5.0,1.0,,,0 days 00:00:22.169000,0 days 00:00:24.866000,0 days 00:00:30.979000,0 days 00:21:20.710000,0 days 00:21:45.576000,0 days 00:22:16.555000,239.0,280.0,260.0,311.0,True,HARD,5.0,True,,0 days 00:20:58.541000,2026-05-22 16:37:00.232,12,,,,False,True,FP1
0 days 00:24:15.910000,ALB,23,0 days 00:01:59.355000,6.0,1.0,,,0 days 00:00:42.107000,0 days 00:00:33.378000,0 days 00:00:43.870000,0 days 00:22:58.662000,0 days 00:23:32.040000,0 days 00:24:15.910000,105.0,235.0,228.0,169.0,False,HARD,6.0,True,,0 days 00:22:16.555000,2026-05-22 16:38:18.246,26,,,,False,False,FP1
0 days 00:30:02.079000,ALB,23,,7.0,1.0,,0 days 00:25:54.003000,0 days 00:00:33.518000,,,0 days 00:24:49.689000,,,114.0,,,,False,HARD,7.0,True,,0 days 00:24:15.910000,2026-05-22 16:40:17.601,6512,,,,False,False,FP1
0 days 00:31:42.435000,ALB,23,0 days 00:01:40.356000,8.0,2.0,0 days 00:30:05.934000,,0 days 00:00:36.375000,0 days 00:00:27.092000,0 days 00:00:36.889000,0 days 00:30:38.454000,0 days 00:31:05.546000,0 days 00:31:42.435000,229.0,274.0,279.0,250.0,False,HARD,8.0,False,,0 days 00:30:05.934000,2026-05-22 16:46:07.625,1,,,,False,False,FP1
0 days 00:32:59.588000,ALB,23,0 days 00:01:17.153000,9.0,2.0,,,0 days 00:00:21.975000,0 days 00:00:24.500000,0 days 00:00:30.678000,0 days 00:32:04.410000,0 days 00:32:28.910000,0 days 00:32:59.588000,239.0,282.0,263.0,303.0,True,HARD,9.0,False,,0 days 00:31:42.435000,2026-05-22 16:47:44.126,1,,,,False,True,FP1
0 days 00:34:41.578000,ALB,23,0 days 00:01:41.990000,10.0,2.0,,,0 days 00:00:29.336000,0 days 00:00:32.740000,0 days 00:00:39.914000,0 days 00:33:28.924000,0 days 00:34:01.664000,0 days 00:34:41.578000,180.0,233.0,284.0,257.0,False,HARD,10.0,False,,0 days 00:32:59.588000,2026-05-22 16:49:01.279,1,,,,False,True,FP1
0 days 00:36:10.556000,ALB,23,0 days 00:01:28.978000,11.0,2.0,,,0 days 00:00:22.752000,0 days 00:00:29.431000,0 days 00:00:36.795000,0 days 00:35:04.330000,0 days 00:35:33.761000,0 days 00:36:10.556000,183.0,247.0,278.0,268.0,False,HARD,11.0,False,,0 days 00:34:41.578000,2026-05-22 16:50:43.269,1,,,,False,True,FP1
0 days 00:37:27.198000,ALB,23,0 days 00:01:16.642000,12.0,2.0,,,0 days 00:00:21.827000,0 days 00:00:24.425000,0 days 00:00:30.390000,0 days 00:36:32.383000,0 days 00:36:56.808000,0 days 00:37:27.198000,238.0,280.0,267.0,309.0,True,HARD,12.0,False,,0 days 00:36:10.556000,2026-05-22 16:52:12.247,1,,,,False,True,FP1
0 days 00:39:10.106000,ALB,23,0 days 00:01:42.908000,13.0,2.0,,,0 days 00:00:29.155000,0 days 00:00:32.456000,0 days 00:00:41.297000,0 days 00:37:56.353000,0 days 00:38:28.809000,0 days 00:39:10.106000,179.0,171.0,279.0,265.0,False,HARD,13.0,False,,0 days 00:37:27.198000,2026-05-22 16:53:28.889,1,,,,False,True,FP1
0 days 00:40:42.017000,ALB,23,0 days 00:01:31.911000,14.0,2.0,,,0 days 00:00:21.663000,0 days 00:00:32.989000,0 days 00:00:37.259000,0 days 00:39:31.769000,0 days 00:40:04.758000,0 days 00:40:42.017000,239.0,208.0,274.0,272.0,False,HARD,14.0,False,,0 days 00:39:10.106000,2026-05-22 16:55:11.797,1,,,,False,True,FP1
0 days 00:55:31.422000,ALB,23,,15.0,2.0,,0 days 00:55:31.422000,0 days 00:00:21.775000,,,0 days 00:41:04.101000,,,,,,,False,HARD,15.0,False,,0 days 00:40:42.017000,2026-05-22 16:56:43.708,125,,,,False,False,FP1
0 days 00:16:08.356000,HUL,27,,1.0,1.0,0 days 00:14:01.287000,,,0 days 00:00:31.309000,0 days 00:00:37.281000,,0 days 00:15:32.090000,0 days 00:16:08.473000,195.0,245.0,242.0,261.0,False,HARD,1.0,True,,0 days 00:14:01.287000,2026-05-22 16:30:02.978,1,,,,False,False,FP1
0 days 00:17:37.595000,HUL,27,0 days 00:01:29.239000,2.0,1.0,,,0 days 00:00:25.579000,0 days 00:00:27.857000,0 days 00:00:35.803000,0 days 00:16:33.935000,0 days 00:17:01.792000,0 days 00:17:37.595000,225.0,246.0,263.0,259.0,True,HARD,2.0,True,,0 days 00:16:08.356000,2026-05-22 16:32:10.047,1,,,,False,True,FP1
0 days 00:19:08.308000,HUL,27,0 days 00:01:30.713000,3.0,1.0,,,0 days 00:00:24.082000,0 days 00:00:28.194000,0 days 00:00:38.437000,0 days 00:18:01.677000,0 days 00:18:29.871000,0 days 00:19:08.308000,217.0,257.0,261.0,171.0,False,HARD,3.0,True,,0 days 00:17:37.595000,2026-05-22 16:33:39.286,1,,,,False,True,FP1
0 days 00:20:43.120000,HUL,27,0 days 00:01:34.812000,4.0,1.0,,,0 days 00:00:23.709000,0 days 00:00:26.929000,0 days 00:00:44.174000,0 days 00:19:32.017000,0 days 00:19:58.946000,0 days 00:20:43.120000,228.0,235.0,243.0,155.0,False,HARD,4.0,True,,0 days 00:19:08.308000,2026-05-22 16:35:09.999,1,,,,False,True,FP1
0 days 00:30:39.213000,HUL,27,,5.0,1.0,,0 days 00:22:14.510000,0 days 00:00:29.380000,0 days 00:00:30.578000,,0 days 00:21:12.725000,0 days 00:21:43.347000,,216.0,249.0,,242.0,False,HARD,5.0,True,,0 days 00:20:43.120000,2026-05-22 16:36:44.811,1265,,,,False,False,FP1
0 days 00:32:12.668000,HUL,27,0 days 00:01:33.455000,6.0,2.0,0 days 00:30:40.861000,,0 days 00:00:28.138000,0 days 00:00:28.310000,0 days 00:00:37.007000,0 days 00:31:07.351000,0 days 00:31:35.661000,0 days 00:32:12.668000,219.0,241.0,250.0,227.0,False,HARD,6.0,False,,0 days 00:30:40.861000,2026-05-22 16:46:42.552,1,,,,False,False,FP1
0 days 00:33:36.025000,HUL,27,0 days 00:01:23.357000,7.0,2.0,,,0 days 00:00:23.708000,0 days 00:00:25.938000,0 days 00:00:33.711000,0 days 00:32:36.376000,0 days 00:33:02.314000,0 days 00:33:36.025000,245.0,258.0,257.0,279.0,True,HARD,7.0,False,,0 days 00:32:12.668000,2026-05-22 16:48:14.359,1,,,,False,True,FP1
0 days 00:41:16.643000,HUL,27,,8.0,2.0,,0 days 00:35:00.724000,0 days 00:00:27.496000,0 days 00:00:29.240000,,0 days 00:34:03.677000,0 days 00:34:32.951000,,183.0,245.0,,275.0,False,HARD,8.0,False,,0 days 00:33:36.025000,2026-05-22 16:49:37.716,1,,,,False,False,FP1
0 days 00:57:33.037000,HUL,27,,9.0,3.0,0 days 00:41:16.643000,0 days 00:43:02.978000,,,,,,,,,,,False,HARD,9.0,False,,0 days 00:41:16.643000,2026-05-22 16:57:18.334,125,,,,False,False,FP1
0 days 00:59:08.724000,HUL,27,0 days 00:01:35.687000,10.0,4.0,0 days 00:57:34.458000,,0 days 00:00:30.272000,0 days 00:00:28.774000,0 days 00:00:36.641000,0 days 00:58:03.309000,0 days 00:58:32.083000,0 days 00:59:08.724000,212.0,246.0,267.0,261.0,False,HARD,10.0,False,,0 days 00:57:34.458000,2026-05-22 17:13:36.149,1,,,,False,False,FP1
0 days 01:00:39.286000,HUL,27,0 days 00:01:30.562000,11.0,4.0,,,0 days 00:00:23.348000,0 days 00:00:28.669000,0 days 00:00:38.545000,0 days 00:59:32.072000,0 days 01:00:00.741000,0 days 01:00:39.286000,227.0,249.0,267.0,211.0,False,HARD,11.0,False,,0 days 00:59:08.724000,2026-05-22 17:15:10.415,1,,,,False,True,FP1
0 days 01:01:57.231000,HUL,27,0 days 00:01:17.945000,12.0,4.0,,,0 days 00:00:22.465000,0 days 00:00:24.808000,0 days 00:00:30.672000,0 days 01:01:01.751000,0 days 01:01:26.559000,0 days 01:01:57.231000,245.0,282.0,264.0,317.0,True,HARD,12.0,False,,0 days 01:00:39.286000,2026-05-22 17:16:40.977,1,,,,False,True,FP1
0 days 01:07:32.895000,HUL,27,,13.0,4.0,,0 days 01:03:39.815000,0 days 00:00:28.546000,0 days 00:00:34.877000,,0 days 01:02:25.961000,0 days 01:03:00.814000,,179.0,170.0,,184.0,False,HARD,13.0,False,,0 days 01:01:57.231000,2026-05-22 17:17:58.922,1,,,,False,False,FP1
0 days 01:09:03.434000,HUL,27,0 days 00:01:30.539000,14.0,5.0,0 days 01:07:34.495000,,0 days 00:00:27.106000,0 days 00:00:28.051000,0 days 00:00:35.382000,0 days 01:08:00.001000,0 days 01:08:28.052000,0 days 01:09:03.434000,225.0,248.0,254.0,280.0,False,HARD,14.0,False,,0 days 01:07:32.895000,2026-05-22 17:23:34.586,1,,,,False,False,FP1
0 days 01:10:28.070000,HUL,27,0 days 00:01:24.636000,15.0,5.0,,,0 days 00:00:23.368000,0 days 00:00:26.648000,0 days 00:00:34.620000,0 days 01:09:26.802000,0 days 01:09:53.450000,0 days 01:10:28.070000,231.0,258.0,272.0,276.0,False,HARD,15.0,False,,0 days 01:09:03.434000,2026-05-22 17:25:05.125,12,,,,False,True,FP1
0 days 01:11:45.059000,HUL,27,0 days 00:01:16.989000,16.0,5.0,,,0 days 00:00:22.122000,0 days 00:00:24.344000,0 days 00:00:30.523000,0 days 01:10:50.192000,0 days 01:11:14.536000,0 days 01:11:45.059000,251.0,286.0,267.0,319.0,True,HARD,16.0,False,,0 days 01:10:28.070000,2026-05-22 17:26:29.761,1,,,,False,True,FP1
0 days 01:13:20.393000,HUL,27,0 days 00:01:35.334000,17.0,5.0,,,0 days 00:00:27.078000,0 days 00:00:30.510000,0 days 00:00:37.746000,0 days 01:12:12.137000,0 days 01:12:42.647000,0 days 01:13:20.393000,200.0,248.0,272.0,248.0,False,HARD,17.0,False,,0 days 01:11:45.059000,2026-05-22 17:27:46.750,1,,,,False,True,FP1
0 days 01:14:36.656000,HUL,27,0 days 00:01:16.263000,18.0,5.0,,,0 days 00:00:21.822000,0 days 00:00:24.128000,0 days 00:00:30.313000,0 days 01:13:42.215000,0 days 01:14:06.343000,0 days 01:14:36.656000,250.0,287.0,265.0,317.0,True,HARD,18.0,False,,0 days 01:13:20.393000,2026-05-22 17:29:22.084,1,,,,False,True,FP1
0 days 01:16:08.675000,HUL,27,0 days 00:01:32.019000,19.0,5.0,,,0 days 00:00:24.234000,0 days 00:00:31.788000,0 days 00:00:35.997000,0 days 01:15:00.890000,0 days 01:15:32.678000,0 days 01:16:08.675000,217.0,206.0,270.0,267.0,False,HARD,19.0,False,,0 days 01:14:36.656000,2026-05-22 17:30:38.347,1,,,,False,True,FP1
0 days 01:17:24.373000,HUL,27,0 days 00:01:15.698000,20.0,5.0,,,0 days 00:00:21.633000,0 days 00:00:24.003000,0 days 00:00:30.062000,0 days 01:16:30.308000,0 days 01:16:54.311000,0 days 01:17:24.373000,250.0,290.0,270.0,314.0,True,HARD,20.0,False,,0 days 01:16:08.675000,2026-05-22 17:32:10.366,1,,,,False,True,FP1
0 days 01:23:06.894000,HUL,27,,21.0,5.0,,0 days 01:18:40.921000,0 days 00:00:22.873000,0 days 00:00:26.343000,,0 days 01:17:47.499000,0 days 01:18:13.809000,,233.0,260.0,,278.0,False,HARD,21.0,False,,0 days 01:17:24.373000,2026-05-22 17:33:26.064,1,,,,False,False,FP1
0 days 01:24:38.451000,HUL,27,0 days 00:01:31.557000,22.0,6.0,0 days 01:23:08.264000,,0 days 00:00:27.422000,0 days 00:00:27.769000,0 days 00:00:36.366000,0 days 01:23:34.316000,0 days 01:24:02.085000,0 days 01:24:38.451000,220.0,257.0,240.0,225.0,False,SOFT,1.0,True,,0 days 01:23:06.894000,2026-05-22 17:39:08.585,12,,,,False,False,FP1
0 days 01:26:05.405000,HUL,27,0 days 00:01:26.954000,23.0,6.0,,,0 days 00:00:23.505000,0 days 00:00:26.979000,0 days 00:00:36.470000,0 days 01:25:01.956000,0 days 01:25:28.935000,0 days 01:26:05.405000,231.0,256.0,267.0,271.0,False,SOFT,2.0,True,,0 days 01:24:38.451000,2026-05-22 17:40:40.142,12,,,,False,True,FP1
0 days 01:32:52.038000,HUL,27,,24.0,6.0,,0 days 01:29:04.495000,0 days 00:00:21.887000,0 days 00:00:24.002000,,0 days 01:26:27.327000,0 days 01:26:51.415000,,250.0,285.0,,314.0,False,SOFT,3.0,True,,0 days 01:26:05.405000,2026-05-22 17:42:07.096,125,,,,False,False,FP1
0 days 01:34:54.452000,HUL,27,0 days 00:02:02.414000,25.0,7.0,0 days 01:32:55.427000,,0 days 00:00:59.950000,0 days 00:00:27.996000,0 days 00:00:34.468000,0 days 01:33:51.988000,0 days 01:34:19.984000,0 days 01:34:54.452000,206.0,256.0,247.0,275.0,False,SOFT,4.0,False,,0 days 01:32:55.427000,2026-05-22 17:48:57.118,1,,,,False,False,FP1
0 days 01:36:53.904000,HUL,27,0 days 00:01:59.452000,26.0,7.0,,,0 days 00:00:23.912000,0 days 00:00:27.377000,0 days 00:01:08.163000,0 days 01:35:18.364000,0 days 01:35:45.741000,0 days 01:36:53.904000,227.0,243.0,207.0,242.0,False,SOFT,5.0,False,,0 days 01:34:54.452000,2026-05-22 17:50:56.143,1,,,,False,True,FP1
0 days 01:39:10.686000,HUL,27,0 days 00:02:16.782000,27.0,7.0,,,0 days 00:00:25.191000,0 days 00:00:29.372000,0 days 00:01:22.219000,0 days 01:37:19.095000,0 days 01:37:48.467000,0 days 01:39:10.686000,207.0,262.0,203.0,162.0,False,SOFT,6.0,False,,0 days 01:36:53.904000,2026-05-22 17:52:55.595,1,,,,False,True,FP1
0 days 01:40:42.658000,HUL,27,,28.0,7.0,,0 days 01:40:42.658000,0 days 00:00:24.185000,0 days 00:00:30.981000,,0 days 01:39:34.994000,0 days 01:40:06.020000,,219.0,244.0,,153.0,False,SOFT,7.0,False,,0 days 01:39:10.686000,2026-05-22 17:55:12.377,1,,,,False,False,FP1
0 days 00:17:06.404000,VER,3,0 days 00:01:44.055000,1.0,1.0,0 days 00:15:27.044000,,0 days 00:00:33.035000,0 days 00:00:30.009000,0 days 00:00:41.011000,0 days 00:15:55.645000,0 days 00:16:25.639000,0 days 00:17:06.547000,221.0,242.0,264.0,234.0,False,HARD,1.0,True,,0 days 00:15:27.044000,2026-05-22 16:31:28.735,1,,,,False,False,FP1
0 days 00:18:23.836000,VER,3,0 days 00:01:17.432000,2.0,1.0,,,0 days 00:00:22.331000,0 days 00:00:24.593000,0 days 00:00:30.508000,0 days 00:17:28.735000,0 days 00:17:53.328000,0 days 00:18:23.836000,247.0,281.0,273.0,310.0,True,HARD,2.0,True,,0 days 00:17:06.404000,2026-05-22 16:33:08.095,1,,,,False,True,FP1
0 days 00:20:00.237000,VER,3,0 days 00:01:36.401000,3.0,1.0,,,0 days 00:00:32.439000,0 days 00:00:28.183000,0 days 00:00:35.779000,0 days 00:18:56.275000,0 days 00:19:24.458000,0 days 00:20:00.237000,212.0,248.0,265.0,278.0,False,HARD,3.0,True,,0 days 00:18:23.836000,2026-05-22 16:34:25.527,1,,,,False,True,FP1
0 days 00:21:16.132000,VER,3,0 days 00:01:15.895000,4.0,1.0,,,0 days 00:00:21.645000,0 days 00:00:24.076000,0 days 00:00:30.174000,0 days 00:20:21.882000,0 days 00:20:45.958000,0 days 00:21:16.132000,247.0,283.0,278.0,310.0,True,HARD,4.0,True,,0 days 00:20:00.237000,2026-05-22 16:36:01.928,1,,,,False,True,FP1
0 days 00:23:23.718000,VER,3,0 days 00:02:07.586000,5.0,1.0,,0 days 00:22:44.265000,0 days 00:00:26.904000,0 days 00:00:28.419000,0 days 00:01:12.263000,0 days 00:21:43.036000,0 days 00:22:11.455000,0 days 00:23:23.718000,173.0,252.0,,241.0,False,HARD,5.0,True,,0 days 00:21:16.132000,2026-05-22 16:37:17.823,126,,,,False,False,FP1
0 days 00:25:12.202000,VER,3,0 days 00:01:48.484000,6.0,2.0,0 days 00:23:25.157000,,0 days 00:00:33.807000,0 days 00:00:35.251000,0 days 00:00:39.426000,0 days 00:23:57.525000,0 days 00:24:32.776000,0 days 00:25:12.202000,180.0,179.0,244.0,168.0,False,HARD,6.0,False,,0 days 00:23:23.718000,2026-05-22 16:39:25.409,65,,,,False,False,FP1
0 days 00:39:56.318000,VER,3,,7.0,2.0,,0 days 00:26:47.699000,,,,,,,,,,,False,HARD,7.0,False,,0 days 00:25:12.202000,2026-05-22 16:41:13.893,512,,,,False,False,FP1
0 days 00:57:09.229000,VER,3,,8.0,3.0,0 days 00:39:56.318000,0 days 00:41:48.709000,0 days 00:00:57.028000,0 days 00:00:25.252000,,0 days 00:40:51.686000,0 days 00:41:17.077000,,236.0,272.0,,,False,HARD,8.0,False,,0 days 00:39:56.318000,2026-05-22 16:55:58.009,125,,,,False,False,FP1
0 days 00:58:37.967000,VER,3,0 days 00:01:28.738000,9.0,4.0,0 days 00:57:11.581000,,0 days 00:00:28.097000,0 days 00:00:25.926000,0 days 00:00:34.715000,0 days 00:57:37.326000,0 days 00:58:03.252000,0 days 00:58:37.967000,233.0,274.0,272.0,189.0,False,HARD,9.0,False,,0 days 00:57:11.581000,2026-05-22 17:13:13.272,1,,,,False,False,FP1
0 days 00:59:56.296000,VER,3,0 days 00:01:18.329000,10.0,4.0,,,0 days 00:00:22.615000,0 days 00:00:24.663000,0 days 00:00:31.051000,0 days 00:59:00.582000,0 days 00:59:25.245000,0 days 00:59:56.296000,236.0,276.0,280.0,297.0,False,HARD,10.0,False,,0 days 00:58:37.967000,2026-05-22 17:14:39.658,1,,,,False,True,FP1
0 days 01:01:13.199000,VER,3,0 days 00:01:16.903000,11.0,4.0,,,0 days 00:00:21.920000,0 days 00:00:24.540000,0 days 00:00:30.443000,0 days 01:00:18.216000,0 days 01:00:42.756000,0 days 01:01:13.199000,240.0,277.0,283.0,299.0,False,HARD,11.0,False,,0 days 00:59:56.296000,2026-05-22 17:15:57.987,1,,,,False,True,FP1
0 days 01:02:29.714000,VER,3,0 days 00:01:16.515000,12.0,4.0,,,0 days 00:00:21.849000,0 days 00:00:24.296000,0 days 00:00:30.370000,0 days 01:01:35.048000,0 days 01:01:59.344000,0 days 01:02:29.714000,236.0,276.0,280.0,299.0,False,HARD,12.0,False,,0 days 01:01:13.199000,2026-05-22 17:17:14.890,1,,,,False,True,FP1
0 days 01:03:46.209000,VER,3,0 days 00:01:16.495000,13.0,4.0,,,0 days 00:00:21.850000,0 days 00:00:24.229000,0 days 00:00:30.416000,0 days 01:02:51.564000,0 days 01:03:15.793000,0 days 01:03:46.209000,236.0,277.0,277.0,297.0,False,HARD,13.0,False,,0 days 01:02:29.714000,2026-05-22 17:18:31.405,1,,,,False,True,FP1
0 days 01:05:02.844000,VER,3,0 days 00:01:16.635000,14.0,4.0,,,0 days 00:00:21.761000,0 days 00:00:24.399000,0 days 00:00:30.475000,0 days 01:04:07.970000,0 days 01:04:32.369000,0 days 01:05:02.844000,235.0,272.0,280.0,297.0,False,HARD,14.0,False,,0 days 01:03:46.209000,2026-05-22 17:19:47.900,1,,,,False,True,FP1
0 days 01:06:19.337000,VER,3,0 days 00:01:16.493000,15.0,4.0,,,0 days 00:00:21.696000,0 days 00:00:24.361000,0 days 00:00:30.436000,0 days 01:05:24.540000,0 days 01:05:48.901000,0 days 01:06:19.337000,237.0,275.0,276.0,295.0,False,HARD,15.0,False,,0 days 01:05:02.844000,2026-05-22 17:21:04.535,1,,,,False,True,FP1
0 days 01:07:36.160000,VER,3,0 days 00:01:16.823000,16.0,4.0,,,0 days 00:00:21.905000,0 days 00:00:24.329000,0 days 00:00:30.589000,0 days 01:06:41.242000,0 days 01:07:05.571000,0 days 01:07:36.160000,237.0,278.0,279.0,296.0,False,HARD,16.0,False,,0 days 01:06:19.337000,2026-05-22 17:22:21.028,1,,,,False,True,FP1
0 days 01:08:57.498000,VER,3,0 days 00:01:21.338000,17.0,4.0,,,0 days 00:00:21.794000,0 days 00:00:27.978000,0 days 00:00:31.566000,0 days 01:07:57.954000,0 days 01:08:25.932000,0 days 01:08:57.498000,237.0,249.0,273.0,296.0,False,HARD,17.0,False,,0 days 01:07:36.160000,2026-05-22 17:23:37.851,1,,,,False,True,FP1
0 days 01:10:15.284000,VER,3,0 days 00:01:17.786000,18.0,4.0,,,0 days 00:00:22.013000,0 days 00:00:24.286000,0 days 00:00:31.487000,0 days 01:09:19.511000,0 days 01:09:43.797000,0 days 01:10:15.284000,237.0,277.0,276.0,297.0,False,HARD,18.0,False,,0 days 01:08:57.498000,2026-05-22 17:24:59.189,1,,,,False,True,FP1
0 days 01:11:31.809000,VER,3,0 days 00:01:16.525000,19.0,4.0,,,0 days 00:00:21.844000,0 days 00:00:24.294000,0 days 00:00:30.387000,0 days 01:10:37.128000,0 days 01:11:01.422000,0 days 01:11:31.809000,239.0,277.0,283.0,301.0,False,HARD,19.0,False,,0 days 01:10:15.284000,2026-05-22 17:26:16.975,12,,,,False,True,FP1
0 days 01:12:48.435000,VER,3,0 days 00:01:16.626000,20.0,4.0,,,0 days 00:00:21.987000,0 days 00:00:24.258000,0 days 00:00:30.381000,0 days 01:11:53.796000,0 days 01:12:18.054000,0 days 01:12:48.435000,238.0,279.0,279.0,300.0,False,HARD,20.0,False,,0 days 01:11:31.809000,2026-05-22 17:27:33.500,1,,,,False,True,FP1
0 days 01:14:05.395000,VER,3,0 days 00:01:16.960000,21.0,4.0,,,0 days 00:00:22.020000,0 days 00:00:24.420000,0 days 00:00:30.520000,0 days 01:13:10.455000,0 days 01:13:34.875000,0 days 01:14:05.395000,240.0,277.0,278.0,297.0,False,HARD,21.0,False,,0 days 01:12:48.435000,2026-05-22 17:28:50.126,1,,,,False,True,FP1
0 days 01:15:22.147000,VER,3,0 days 00:01:16.752000,22.0,4.0,,,0 days 00:00:21.921000,0 days 00:00:24.300000,0 days 00:00:30.531000,0 days 01:14:27.316000,0 days 01:14:51.616000,0 days 01:15:22.147000,239.0,275.0,276.0,297.0,False,HARD,22.0,False,,0 days 01:14:05.395000,2026-05-22 17:30:07.086,1,,,,False,True,FP1
0 days 01:22:38.760000,VER,3,,23.0,4.0,,0 days 01:16:39.080000,0 days 00:00:22.404000,0 days 00:00:26.709000,,0 days 01:15:44.692000,0 days 01:16:11.479000,,228.0,253.0,,278.0,False,HARD,23.0,False,,0 days 01:15:22.147000,2026-05-22 17:31:23.838,1,,,,False,False,FP1
0 days 01:24:13.877000,VER,3,0 days 00:01:35.117000,24.0,5.0,0 days 01:22:40.199000,,0 days 00:00:29.105000,0 days 00:00:26.497000,0 days 00:00:39.515000,0 days 01:23:07.865000,0 days 01:23:34.362000,0 days 01:24:13.877000,233.0,244.0,265.0,242.0,False,SOFT,1.0,True,,0 days 01:22:38.760000,2026-05-22 17:38:40.451,12,,,,False,False,FP1
0 days 01:25:28.243000,VER,3,0 days 00:01:14.366000,25.0,5.0,,,0 days 00:00:21.214000,0 days 00:00:23.594000,0 days 00:00:29.558000,0 days 01:24:35.091000,0 days 01:24:58.685000,0 days 01:25:28.243000,246.0,284.0,285.0,311.0,True,SOFT,2.0,True,,0 days 01:24:13.877000,2026-05-22 17:40:15.568,12,,,,False,True,FP1
0 days 01:27:15.536000,VER,3,0 days 00:01:47.293000,26.0,5.0,,,0 days 00:00:28.151000,0 days 00:00:29.975000,0 days 00:00:49.167000,0 days 01:25:56.394000,0 days 01:26:26.369000,0 days 01:27:15.536000,209.0,244.0,256.0,166.0,False,SOFT,3.0,True,,0 days 01:25:28.243000,2026-05-22 17:41:29.934,12,,,,False,True,FP1
0 days 01:32:22.977000,VER,3,,27.0,5.0,,0 days 01:29:02.712000,,,,,,,,,,,False,SOFT,4.0,True,,0 days 01:27:15.536000,2026-05-22 17:43:17.227,251,,,,False,False,FP1
0 days 01:33:56.693000,VER,3,0 days 00:01:33.716000,28.0,6.0,0 days 01:32:24.348000,,0 days 00:00:27.390000,0 days 00:00:27.960000,0 days 00:00:38.366000,0 days 01:32:50.367000,0 days 01:33:18.327000,0 days 01:33:56.693000,226.0,250.0,243.0,231.0,False,SOFT,5.0,False,,0 days 01:32:24.348000,2026-05-22 17:48:26.039,1,,,,False,False,FP1
0 days 01:36:08.708000,VER,3,0 days 00:02:12.015000,29.0,6.0,,,0 days 00:00:24.697000,0 days 00:00:28.886000,0 days 00:01:18.432000,0 days 01:34:21.390000,0 days 01:34:50.276000,0 days 01:36:08.708000,234.0,247.0,94.0,247.0,False,SOFT,6.0,False,,0 days 01:33:56.693000,2026-05-22 17:49:58.384,1,,,,False,True,FP1
0 days 01:38:26.071000,VER,3,0 days 00:02:17.363000,30.0,6.0,,,0 days 00:00:26.615000,0 days 00:00:28.042000,0 days 00:01:22.706000,0 days 01:36:35.323000,0 days 01:37:03.365000,0 days 01:38:26.071000,195.0,240.0,56.0,245.0,False,SOFT,7.0,False,,0 days 01:36:08.708000,2026-05-22 17:52:10.399,1,,,,False,True,FP1
0 days 01:40:01.088000,VER,3,,31.0,6.0,,0 days 01:40:01.088000,0 days 00:00:24.246000,0 days 00:00:27.826000,,0 days 01:38:50.479000,0 days 01:39:18.249000,,247.0,260.0,,230.0,False,SOFT,8.0,False,,0 days 01:38:26.071000,2026-05-22 17:54:27.762,1,,,,False,False,FP1
0 days 00:17:24.388000,LAW,30,0 days 00:02:20.332000,1.0,1.0,0 days 00:15:07.058000,,0 days 00:01:04.532000,0 days 00:00:29.383000,0 days 00:00:46.417000,0 days 00:16:08.816000,0 days 00:16:38.217000,0 days 00:17:24.505000,197.0,246.0,296.0,98.0,False,MEDIUM,1.0,True,,0 days 00:15:07.058000,2026-05-22 16:31:08.749,1,,,,False,False,FP1
0 days 00:18:44.384000,LAW,30,0 days 00:01:19.996000,2.0,1.0,,,0 days 00:00:23.166000,0 days 00:00:25.204000,0 days 00:00:31.626000,0 days 00:17:47.554000,0 days 00:18:12.758000,0 days 00:18:44.384000,245.0,276.0,288.0,302.0,True,MEDIUM,2.0,True,,0 days 00:17:24.388000,2026-05-22 16:33:26.079,1,,,,False,True,FP1
0 days 00:20:02.704000,LAW,30,0 days 00:01:18.320000,3.0,1.0,,,0 days 00:00:22.404000,0 days 00:00:24.874000,0 days 00:00:31.042000,0 days 00:19:06.788000,0 days 00:19:31.662000,0 days 00:20:02.704000,237.0,273.0,282.0,300.0,True,MEDIUM,3.0,True,,0 days 00:18:44.384000,2026-05-22 16:34:46.075,1,,,,False,True,FP1
0 days 00:21:20.135000,LAW,30,0 days 00:01:17.431000,4.0,1.0,,,0 days 00:00:22.285000,0 days 00:00:24.467000,0 days 00:00:30.679000,0 days 00:20:24.989000,0 days 00:20:49.456000,0 days 00:21:20.135000,246.0,276.0,285.0,301.0,True,MEDIUM,4.0,True,,0 days 00:20:02.704000,2026-05-22 16:36:04.395,1,,,,False,True,FP1
0 days 00:25:11.903000,LAW,30,,5.0,1.0,,,,,,,,,,,,,,MEDIUM,5.0,True,,0 days 00:21:20.135000,2026-05-22 16:37:21.826,126,,,,True,False,FP1
0 days 00:16:06.332000,OCO,31,0 days 00:01:43.727000,1.0,1.0,0 days 00:14:24.265000,,0 days 00:00:34.627000,0 days 00:00:30.856000,0 days 00:00:38.244000,0 days 00:14:57.350000,0 days 00:15:28.264000,0 days 00:16:06.462000,179.0,251.0,263.0,228.0,False,HARD,1.0,True,,0 days 00:14:24.265000,2026-05-22 16:30:25.956,1,,,,False,False,FP1
0 days 00:17:29.242000,OCO,31,0 days 00:01:22.910000,2.0,1.0,,,0 days 00:00:23.814000,0 days 00:00:25.897000,0 days 00:00:33.199000,0 days 00:16:30.146000,0 days 00:16:56.043000,0 days 00:17:29.242000,235.0,277.0,249.0,320.0,True,HARD,2.0,True,,0 days 00:16:06.332000,2026-05-22 16:32:08.023,1,,,,False,True,FP1
0 days 00:33:27.328000,OCO,31,,3.0,1.0,,0 days 00:19:33.629000,0 days 00:00:38.391000,0 days 00:00:51.412000,,0 days 00:18:07.847000,0 days 00:18:59.223000,,158.0,198.0,,199.0,False,HARD,3.0,True,,0 days 00:17:29.242000,2026-05-22 16:33:30.933,1265,,,,False,False,FP1
0 days 00:35:07.104000,OCO,31,0 days 00:01:39.776000,4.0,2.0,0 days 00:33:28.883000,0 days 00:34:50.375000,0 days 00:00:28.586000,0 days 00:00:26.647000,0 days 00:00:44.543000,0 days 00:33:55.914000,0 days 00:34:22.561000,0 days 00:35:07.104000,225.0,273.0,,274.0,False,HARD,4.0,False,,0 days 00:33:28.883000,2026-05-22 16:49:30.574,1,,,,False,False,FP1
0 days 00:37:02.065000,OCO,31,0 days 00:01:54.961000,5.0,3.0,0 days 00:35:08.661000,,0 days 00:00:54.229000,0 days 00:00:26.342000,0 days 00:00:34.390000,0 days 00:36:01.333000,0 days 00:36:27.675000,0 days 00:37:02.065000,231.0,274.0,268.0,274.0,False,HARD,5.0,False,,0 days 00:35:07.104000,2026-05-22 16:51:08.795,1,,,,False,False,FP1
0 days 00:38:21.621000,OCO,31,0 days 00:01:19.556000,6.0,3.0,,,0 days 00:00:23.057000,0 days 00:00:25.272000,0 days 00:00:31.227000,0 days 00:37:25.122000,0 days 00:37:50.394000,0 days 00:38:21.621000,228.0,278.0,258.0,320.0,True,HARD,6.0,False,,0 days 00:37:02.065000,2026-05-22 16:53:03.756,1,,,,False,True,FP1
0 days 00:39:59.312000,OCO,31,0 days 00:01:37.691000,7.0,3.0,,,0 days 00:00:30.669000,0 days 00:00:29.745000,0 days 00:00:37.277000,0 days 00:38:52.290000,0 days 00:39:22.035000,0 days 00:39:59.312000,187.0,255.0,270.0,238.0,False,HARD,7.0,False,,0 days 00:38:21.621000,2026-05-22 16:54:23.312,1,,,,False,True,FP1
0 days 00:41:17.723000,OCO,31,0 days 00:01:18.411000,8.0,3.0,,,0 days 00:00:22.592000,0 days 00:00:25.055000,0 days 00:00:30.764000,0 days 00:40:21.904000,0 days 00:40:46.959000,0 days 00:41:17.723000,241.0,277.0,265.0,316.0,True,HARD,8.0,False,,0 days 00:39:59.312000,2026-05-22 16:56:01.003,1,,,,False,True,FP1
0 days 00:57:25.618000,OCO,31,,9.0,3.0,,0 days 00:43:11.850000,,,,,,,,,,,False,HARD,9.0,False,,0 days 00:41:17.723000,2026-05-22 16:57:19.414,125,,,,False,False,FP1
0 days 00:59:01.201000,OCO,31,0 days 00:01:35.583000,10.0,4.0,0 days 00:57:27.819000,,0 days 00:00:30.771000,0 days 00:00:26.060000,0 days 00:00:38.752000,0 days 00:57:56.389000,0 days 00:58:22.449000,0 days 00:59:01.201000,226.0,272.0,297.0,155.0,False,HARD,10.0,False,,0 days 00:57:27.819000,2026-05-22 17:13:29.510,1,,,,False,False,FP1
0 days 01:00:20.043000,OCO,31,0 days 00:01:18.842000,11.0,4.0,,,0 days 00:00:22.863000,0 days 00:00:25.024000,0 days 00:00:30.955000,0 days 00:59:24.064000,0 days 00:59:49.088000,0 days 01:00:20.043000,228.0,282.0,295.0,308.0,False,HARD,11.0,False,,0 days 00:59:01.201000,2026-05-22 17:15:02.892,1,,,,False,True,FP1
0 days 01:01:38.091000,OCO,31,0 days 00:01:18.048000,12.0,4.0,,,0 days 00:00:22.288000,0 days 00:00:24.841000,0 days 00:00:30.919000,0 days 01:00:42.331000,0 days 01:01:07.172000,0 days 01:01:38.091000,232.0,271.0,279.0,302.0,True,HARD,12.0,False,,0 days 01:00:20.043000,2026-05-22 17:16:21.734,1,,,,False,True,FP1
0 days 01:02:56.309000,OCO,31,0 days 00:01:18.218000,13.0,4.0,,,0 days 00:00:22.747000,0 days 00:00:24.897000,0 days 00:00:30.574000,0 days 01:02:00.838000,0 days 01:02:25.735000,0 days 01:02:56.309000,233.0,274.0,295.0,311.0,False,HARD,13.0,False,,0 days 01:01:38.091000,2026-05-22 17:17:39.782,1,,,,False,True,FP1
0 days 01:04:14.129000,OCO,31,0 days 00:01:17.820000,14.0,4.0,,,0 days 00:00:22.145000,0 days 00:00:24.760000,0 days 00:00:30.915000,0 days 01:03:18.454000,0 days 01:03:43.214000,0 days 01:04:14.129000,233.0,268.0,268.0,298.0,True,HARD,14.0,False,,0 days 01:02:56.309000,2026-05-22 17:18:58.000,1,,,,False,True,FP1
0 days 01:05:31.257000,OCO,31,0 days 00:01:17.128000,15.0,4.0,,,0 days 00:00:22.212000,0 days 00:00:24.505000,0 days 00:00:30.411000,0 days 01:04:36.341000,0 days 01:05:00.846000,0 days 01:05:31.257000,235.0,279.0,297.0,310.0,True,HARD,15.0,False,,0 days 01:04:14.129000,2026-05-22 17:20:15.820,1,,,,False,True,FP1
0 days 01:06:48.480000,OCO,31,0 days 00:01:17.223000,16.0,4.0,,,0 days 00:00:22.212000,0 days 00:00:24.804000,0 days 00:00:30.207000,,0 days 01:06:18.273000,0 days 01:06:48.480000,233.0,274.0,277.0,331.0,False,HARD,16.0,False,,0 days 01:05:31.257000,2026-05-22 17:21:32.948,1,,,,False,True,FP1
0 days 01:08:15.692000,OCO,31,0 days 00:01:27.212000,17.0,4.0,,,0 days 00:00:24.217000,0 days 00:00:26.551000,0 days 00:00:36.444000,0 days 01:07:12.697000,0 days 01:07:39.248000,0 days 01:08:15.692000,232.0,244.0,273.0,228.0,False,HARD,17.0,False,,0 days 01:06:48.480000,2026-05-22 17:22:50.171,1,,,,False,True,FP1
0 days 01:09:32.706000,OCO,31,0 days 00:01:17.014000,18.0,4.0,,,0 days 00:00:21.859000,0 days 00:00:24.513000,0 days 00:00:30.642000,0 days 01:08:37.551000,0 days 01:09:02.064000,0 days 01:09:32.706000,241.0,275.0,267.0,304.0,True,HARD,18.0,False,,0 days 01:08:15.692000,2026-05-22 17:24:17.383,1,,,,False,True,FP1
0 days 01:11:10.926000,OCO,31,0 days 00:01:38.220000,19.0,4.0,,,0 days 00:00:25.162000,0 days 00:00:29.487000,0 days 00:00:43.571000,0 days 01:09:57.868000,0 days 01:10:27.355000,0 days 01:11:10.926000,215.0,190.0,245.0,141.0,False,HARD,19.0,False,,0 days 01:09:32.706000,2026-05-22 17:25:34.397,12,,,,False,True,FP1
0 days 01:12:36.528000,OCO,31,0 days 00:01:25.602000,20.0,4.0,,,0 days 00:00:25.365000,0 days 00:00:26.023000,0 days 00:00:34.214000,0 days 01:11:36.291000,0 days 01:12:02.314000,0 days 01:12:36.528000,207.0,275.0,271.0,274.0,False,HARD,20.0,False,,0 days 01:11:10.926000,2026-05-22 17:27:12.617,1,,,,False,True,FP1
0 days 01:13:53.025000,OCO,31,0 days 00:01:16.497000,21.0,4.0,,,0 days 00:00:21.883000,0 days 00:00:24.195000,0 days 00:00:30.419000,0 days 01:12:58.411000,0 days 01:13:22.606000,0 days 01:13:53.025000,242.0,280.0,267.0,307.0,True,HARD,21.0,False,,0 days 01:12:36.528000,2026-05-22 17:28:38.219,1,,,,False,True,FP1
0 days 01:19:34.728000,OCO,31,,22.0,4.0,,0 days 01:15:26.069000,0 days 00:00:23.779000,0 days 00:00:32.489000,,0 days 01:14:17.110000,0 days 01:14:49.539000,,229.0,181.0,,199.0,False,HARD,22.0,False,,0 days 01:13:53.025000,2026-05-22 17:29:54.716,1,,,,False,False,FP1
0 days 01:21:01.944000,OCO,31,0 days 00:01:27.216000,23.0,5.0,0 days 01:19:36.279000,,0 days 00:00:26.979000,0 days 00:00:25.985000,0 days 00:00:34.252000,0 days 01:20:01.707000,0 days 01:20:27.692000,0 days 01:21:01.944000,239.0,275.0,246.0,274.0,False,MEDIUM,1.0,True,,0 days 01:19:34.728000,2026-05-22 17:35:36.419,1,,,,False,False,FP1
0 days 01:22:25.576000,OCO,31,0 days 00:01:23.632000,24.0,5.0,,,0 days 00:00:22.909000,0 days 00:00:25.330000,0 days 00:00:35.393000,0 days 01:21:24.853000,0 days 01:21:50.183000,0 days 01:22:25.576000,243.0,273.0,273.0,227.0,False,MEDIUM,2.0,True,,0 days 01:21:01.944000,2026-05-22 17:37:03.635,1,,,,False,True,FP1
0 days 01:23:45.061000,OCO,31,0 days 00:01:19.485000,25.0,5.0,,,0 days 00:00:21.778000,0 days 00:00:24.319000,0 days 00:00:33.388000,0 days 01:22:47.354000,0 days 01:23:11.673000,0 days 01:23:45.061000,245.0,278.0,222.0,314.0,False,MEDIUM,3.0,True,,0 days 01:22:25.576000,2026-05-22 17:38:27.267,12,,,,False,True,FP1
0 days 01:25:11.563000,OCO,31,0 days 00:01:26.502000,26.0,5.0,,,0 days 00:00:25.289000,0 days 00:00:26.497000,0 days 00:00:34.716000,0 days 01:24:10.350000,0 days 01:24:36.847000,0 days 01:25:11.563000,229.0,255.0,273.0,273.0,False,MEDIUM,4.0,True,,0 days 01:23:45.061000,2026-05-22 17:39:46.752,1,,,,False,True,FP1
0 days 01:26:38.906000,OCO,31,0 days 00:01:27.343000,27.0,5.0,,,0 days 00:00:26.614000,0 days 00:00:26.602000,0 days 00:00:34.127000,0 days 01:25:38.177000,0 days 01:26:04.779000,0 days 01:26:38.906000,219.0,275.0,273.0,273.0,False,MEDIUM,5.0,True,,0 days 01:25:11.563000,2026-05-22 17:41:13.254,12,,,,False,True,FP1
0 days 01:32:54.806000,OCO,31,,28.0,5.0,,0 days 01:28:24.015000,0 days 00:00:27.948000,,,0 days 01:27:07.058000,,,94.0,,,,False,MEDIUM,6.0,True,,0 days 01:26:38.906000,2026-05-22 17:42:40.597,125,,,,False,False,FP1
0 days 01:34:37.072000,OCO,31,0 days 00:01:42.266000,29.0,6.0,0 days 01:33:00.052000,,0 days 00:00:41.779000,0 days 00:00:28.006000,0 days 00:00:32.481000,0 days 01:33:36.585000,0 days 01:34:04.591000,0 days 01:34:37.072000,173.0,265.0,281.0,304.0,False,HARD,23.0,False,,0 days 01:33:00.052000,2026-05-22 17:49:01.743,1,,,,False,False,FP1
0 days 01:36:52.779000,OCO,31,0 days 00:02:15.707000,30.0,6.0,,,0 days 00:00:25.587000,0 days 00:00:32.171000,0 days 00:01:17.949000,0 days 01:35:02.659000,0 days 01:35:34.830000,0 days 01:36:52.779000,194.0,203.0,211.0,221.0,False,HARD,24.0,False,,0 days 01:34:37.072000,2026-05-22 17:50:38.763,1,,,,False,True,FP1
0 days 01:39:11.425000,OCO,31,0 days 00:02:18.646000,31.0,6.0,,,0 days 00:00:24.286000,0 days 00:00:30.904000,0 days 00:01:23.456000,0 days 01:37:17.065000,0 days 01:37:47.969000,0 days 01:39:11.425000,192.0,220.0,168.0,198.0,False,HARD,25.0,False,,0 days 01:36:52.779000,2026-05-22 17:52:54.470,1,,,,False,True,FP1
0 days 01:40:49.603000,OCO,31,,32.0,6.0,,0 days 01:40:49.603000,0 days 00:00:25.887000,0 days 00:00:36.459000,,0 days 01:39:37.330000,0 days 01:40:13.911000,,198.0,217.0,,155.0,False,HARD,26.0,False,,0 days 01:39:11.425000,2026-05-22 17:55:13.116,1,,,,False,False,FP1
0 days 00:16:29.802000,LIN,41,,1.0,1.0,0 days 00:14:05.233000,,,0 days 00:00:32.122000,0 days 00:00:44.081000,,0 days 00:15:45.881000,0 days 00:16:29.907000,195.0,238.0,292.0,168.0,False,MEDIUM,1.0,True,,0 days 00:14:05.233000,2026-05-22 16:30:06.924,1,,,,False,False,FP1
0 days 00:17:53.307000,LIN,41,0 days 00:01:23.505000,2.0,1.0,,,0 days 00:00:24.341000,0 days 00:00:26.117000,0 days 00:00:33.047000,0 days 00:16:54.143000,0 days 00:17:20.260000,0 days 00:17:53.307000,240.0,284.0,279.0,316.0,True,MEDIUM,2.0,True,,0 days 00:16:29.802000,2026-05-22 16:32:31.493,1,,,,False,True,FP1
0 days 00:19:12.642000,LIN,41,0 days 00:01:19.335000,3.0,1.0,,,0 days 00:00:23.088000,0 days 00:00:25.378000,0 days 00:00:30.869000,0 days 00:18:16.395000,0 days 00:18:41.773000,0 days 00:19:12.642000,239.0,277.0,289.0,303.0,True,MEDIUM,3.0,True,,0 days 00:17:53.307000,2026-05-22 16:33:54.998,1,,,,False,True,FP1
0 days 00:20:52.376000,LIN,41,0 days 00:01:39.734000,4.0,1.0,,,0 days 00:00:25.709000,0 days 00:00:33.655000,0 days 00:00:40.370000,0 days 00:19:38.351000,0 days 00:20:12.006000,0 days 00:20:52.376000,156.0,246.0,266.0,249.0,False,MEDIUM,4.0,True,,0 days 00:19:12.642000,2026-05-22 16:35:14.333,1,,,,False,True,FP1
0 days 00:22:15.205000,LIN,41,0 days 00:01:22.829000,5.0,1.0,,,0 days 00:00:23.273000,0 days 00:00:25.249000,0 days 00:00:34.307000,0 days 00:21:15.649000,0 days 00:21:40.898000,0 days 00:22:15.205000,243.0,241.0,267.0,283.0,False,MEDIUM,5.0,True,,0 days 00:20:52.376000,2026-05-22 16:36:54.067,12,,,,False,True,FP1
0 days 00:24:05.662000,LIN,41,0 days 00:01:50.457000,6.0,1.0,,,0 days 00:00:34.123000,0 days 00:00:31.032000,0 days 00:00:45.302000,0 days 00:22:49.328000,0 days 00:23:20.360000,0 days 00:24:05.662000,144.0,247.0,238.0,158.0,False,MEDIUM,6.0,True,,0 days 00:22:15.205000,2026-05-22 16:38:16.896,26,,,,False,False,FP1
0 days 00:36:53.750000,LIN,41,,7.0,1.0,,0 days 00:25:43.205000,0 days 00:00:30.112000,0 days 00:00:31.927000,,0 days 00:24:35.947000,0 days 00:25:07.876000,,158.0,244.0,,,False,MEDIUM,7.0,True,,0 days 00:24:05.662000,2026-05-22 16:40:07.353,6512,,,,False,False,FP1
0 days 00:38:31.970000,LIN,41,0 days 00:01:38.220000,8.0,2.0,0 days 00:36:55.249000,,0 days 00:00:27.066000,0 days 00:00:32.393000,0 days 00:00:38.761000,0 days 00:37:20.816000,0 days 00:37:53.209000,0 days 00:38:31.970000,228.0,246.0,267.0,255.0,False,MEDIUM,8.0,False,,0 days 00:36:55.249000,2026-05-22 16:52:56.940,1,,,,False,False,FP1
0 days 00:39:49.231000,LIN,41,0 days 00:01:17.261000,9.0,2.0,,,0 days 00:00:22.074000,0 days 00:00:24.666000,0 days 00:00:30.521000,0 days 00:38:54.044000,0 days 00:39:18.710000,0 days 00:39:49.231000,250.0,285.0,282.0,314.0,True,MEDIUM,9.0,False,,0 days 00:38:31.970000,2026-05-22 16:54:33.661,1,,,,False,True,FP1
0 days 00:41:22.814000,LIN,41,0 days 00:01:33.583000,10.0,2.0,,,0 days 00:00:23.273000,0 days 00:00:30.438000,0 days 00:00:39.872000,0 days 00:40:12.504000,0 days 00:40:42.942000,0 days 00:41:22.814000,232.0,167.0,268.0,256.0,False,MEDIUM,10.0,False,,0 days 00:39:49.231000,2026-05-22 16:55:50.922,1,,,,False,True,FP1
0 days 00:57:21.308000,LIN,41,,11.0,2.0,,0 days 00:43:14.946000,,,,,,,,,,,False,MEDIUM,11.0,False,,0 days 00:41:22.814000,2026-05-22 16:57:24.505,125,,,,False,False,FP1
0 days 00:58:56.747000,LIN,41,0 days 00:01:35.439000,12.0,3.0,0 days 00:57:24.286000,,0 days 00:00:29.393000,0 days 00:00:27.980000,0 days 00:00:38.066000,0 days 00:57:50.701000,0 days 00:58:18.681000,0 days 00:58:56.747000,230.0,244.0,264.0,185.0,False,MEDIUM,12.0,False,,0 days 00:57:24.286000,2026-05-22 17:13:25.977,1,,,,False,False,FP1
0 days 01:00:13.614000,LIN,41,0 days 00:01:16.867000,13.0,3.0,,,0 days 00:00:22.176000,0 days 00:00:24.335000,0 days 00:00:30.356000,0 days 00:59:18.923000,0 days 00:59:43.258000,0 days 01:00:13.614000,250.0,287.0,282.0,315.0,True,MEDIUM,13.0,False,,0 days 00:58:56.747000,2026-05-22 17:14:58.438,1,,,,False,True,FP1
0 days 01:01:44.411000,LIN,41,0 days 00:01:30.797000,14.0,3.0,,,0 days 00:00:25.788000,0 days 00:00:29.909000,0 days 00:00:35.100000,0 days 01:00:39.402000,0 days 01:01:09.311000,0 days 01:01:44.411000,215.0,249.0,270.0,276.0,False,MEDIUM,14.0,False,,0 days 01:00:13.614000,2026-05-22 17:16:15.305,1,,,,False,True,FP1
0 days 01:02:59.863000,LIN,41,0 days 00:01:15.452000,15.0,3.0,,,0 days 00:00:21.576000,0 days 00:00:24.047000,0 days 00:00:29.829000,0 days 01:02:05.987000,0 days 01:02:30.034000,0 days 01:02:59.863000,252.0,290.0,285.0,320.0,True,MEDIUM,15.0,False,,0 days 01:01:44.411000,2026-05-22 17:17:46.102,1,,,,False,True,FP1
0 days 01:04:35.089000,LIN,41,0 days 00:01:35.226000,16.0,3.0,,,0 days 00:00:23.625000,0 days 00:00:32.717000,0 days 00:00:38.884000,0 days 01:03:23.488000,0 days 01:03:56.205000,0 days 01:04:35.089000,212.0,227.0,269.0,188.0,False,MEDIUM,16.0,False,,0 days 01:02:59.863000,2026-05-22 17:19:01.554,1,,,,False,True,FP1
0 days 01:05:50.551000,LIN,41,0 days 00:01:15.462000,17.0,3.0,,,0 days 00:00:21.728000,0 days 00:00:24.041000,0 days 00:00:29.693000,0 days 01:04:56.817000,0 days 01:05:20.858000,0 days 01:05:50.551000,251.0,289.0,283.0,321.0,False,MEDIUM,17.0,False,,0 days 01:04:35.089000,2026-05-22 17:20:36.780,1,,,,False,True,FP1
0 days 01:07:19.851000,LIN,41,0 days 00:01:29.300000,18.0,3.0,,,0 days 00:00:22.839000,0 days 00:00:32.164000,0 days 00:00:34.297000,0 days 01:06:13.390000,0 days 01:06:45.554000,0 days 01:07:19.851000,201.0,226.0,306.0,286.0,False,MEDIUM,18.0,False,,0 days 01:05:50.551000,2026-05-22 17:21:52.242,1,,,,False,True,FP1
0 days 01:08:36.685000,LIN,41,0 days 00:01:16.834000,19.0,3.0,,,0 days 00:00:22.090000,0 days 00:00:24.268000,0 days 00:00:30.476000,0 days 01:07:41.941000,0 days 01:08:06.209000,0 days 01:08:36.685000,247.0,291.0,292.0,314.0,False,MEDIUM,19.0,False,,0 days 01:07:19.851000,2026-05-22 17:23:21.542,1,,,,False,True,FP1
0 days 01:09:53.655000,LIN,41,0 days 00:01:16.970000,20.0,3.0,,,0 days 00:00:21.864000,0 days 00:00:24.451000,0 days 00:00:30.655000,0 days 01:08:58.549000,0 days 01:09:23,0 days 01:09:53.655000,245.0,277.0,278.0,304.0,False,MEDIUM,20.0,False,,0 days 01:08:36.685000,2026-05-22 17:24:38.376,1,,,,False,True,FP1
0 days 01:11:10.818000,LIN,41,0 days 00:01:17.163000,21.0,3.0,,,0 days 00:00:21.879000,0 days 00:00:24.337000,0 days 00:00:30.947000,0 days 01:10:15.534000,0 days 01:10:39.871000,0 days 01:11:10.818000,241.0,278.0,272.0,310.0,False,MEDIUM,21.0,False,,0 days 01:09:53.655000,2026-05-22 17:25:55.346,12,,,,False,True,FP1
0 days 01:12:27.820000,LIN,41,0 days 00:01:17.002000,22.0,3.0,,,0 days 00:00:22.052000,0 days 00:00:24.376000,0 days 00:00:30.574000,0 days 01:11:32.870000,0 days 01:11:57.246000,0 days 01:12:27.820000,244.0,279.0,271.0,304.0,False,MEDIUM,22.0,False,,0 days 01:11:10.818000,2026-05-22 17:27:12.509,1,,,,False,True,FP1
0 days 01:19:21.601000,LIN,41,,23.0,3.0,,0 days 01:13:40.569000,0 days 00:00:22.181000,0 days 00:00:24.642000,,0 days 01:12:50.217000,0 days 01:13:14.814000,,242.0,281.0,,312.0,False,MEDIUM,23.0,False,,0 days 01:12:27.820000,2026-05-22 17:28:29.511,1,,,,False,False,FP1
0 days 01:20:56.519000,LIN,41,0 days 00:01:34.918000,24.0,4.0,0 days 01:19:23.065000,,0 days 00:00:26.857000,0 days 00:00:27.066000,0 days 00:00:40.995000,0 days 01:19:48.458000,0 days 01:20:15.524000,0 days 01:20:56.519000,235.0,246.0,272.0,255.0,False,SOFT,1.0,True,,0 days 01:19:21.601000,2026-05-22 17:35:23.292,1,,,,False,False,FP1
0 days 01:22:12.155000,LIN,41,0 days 00:01:15.636000,25.0,4.0,,,0 days 00:00:21.635000,0 days 00:00:23.911000,0 days 00:00:30.090000,0 days 01:21:18.154000,0 days 01:21:42.065000,0 days 01:22:12.155000,247.0,285.0,289.0,311.0,False,SOFT,2.0,True,,0 days 01:20:56.519000,2026-05-22 17:36:58.210,1,,,,False,True,FP1
0 days 01:23:40.135000,LIN,41,0 days 00:01:27.980000,26.0,4.0,,,0 days 00:00:24.766000,0 days 00:00:28.686000,0 days 00:00:34.528000,0 days 01:22:36.921000,0 days 01:23:05.607000,0 days 01:23:40.135000,161.0,239.0,260.0,261.0,False,SOFT,3.0,True,,0 days 01:22:12.155000,2026-05-22 17:38:13.846,12,,,,False,True,FP1
0 days 01:24:55.660000,LIN,41,0 days 00:01:15.525000,27.0,4.0,,,0 days 00:00:21.721000,0 days 00:00:23.894000,0 days 00:00:29.910000,0 days 01:24:01.856000,0 days 01:24:25.750000,0 days 01:24:55.660000,246.0,288.0,285.0,312.0,False,SOFT,4.0,True,,0 days 01:23:40.135000,2026-05-22 17:39:41.826,1,,,,False,True,FP1
0 days 01:26:29.305000,LIN,41,0 days 00:01:33.645000,28.0,4.0,,,0 days 00:00:25.737000,0 days 00:00:31.843000,0 days 00:00:36.065000,0 days 01:25:21.397000,0 days 01:25:53.240000,0 days 01:26:29.305000,183.0,224.0,273.0,257.0,False,SOFT,5.0,True,,0 days 01:24:55.660000,2026-05-22 17:40:57.351,12,,,,False,True,FP1
0 days 01:32:50.189000,LIN,41,,29.0,4.0,,0 days 01:27:56.323000,0 days 00:00:21.462000,0 days 00:00:23.667000,,0 days 01:26:50.861000,0 days 01:27:14.648000,,248.0,286.0,,,False,SOFT,6.0,True,,0 days 01:26:29.305000,2026-05-22 17:42:30.996,125,,,,False,False,FP1
0 days 01:34:28.230000,LIN,41,0 days 00:01:38.041000,30.0,5.0,0 days 01:32:53.379000,,0 days 00:00:35.430000,0 days 00:00:27.797000,0 days 00:00:34.814000,0 days 01:33:25.619000,0 days 01:33:53.416000,0 days 01:34:28.230000,218.0,246.0,248.0,256.0,False,MEDIUM,24.0,False,,0 days 01:32:53.379000,2026-05-22 17:48:55.070,1,,,,False,False,FP1
0 days 01:36:33.658000,LIN,41,0 days 00:02:05.428000,31.0,5.0,,,0 days 00:00:23.220000,0 days 00:00:28.483000,0 days 00:01:13.725000,0 days 01:34:51.450000,0 days 01:35:19.933000,0 days 01:36:33.658000,233.0,217.0,189.0,240.0,False,MEDIUM,25.0,False,,0 days 01:34:28.230000,2026-05-22 17:50:29.921,1,,,,False,True,FP1
0 days 01:38:55.908000,LIN,41,0 days 00:02:22.250000,32.0,5.0,,,0 days 00:00:27.040000,0 days 00:00:27.514000,0 days 00:01:27.696000,0 days 01:37:00.698000,0 days 01:37:28.212000,0 days 01:38:55.908000,223.0,235.0,197.0,105.0,False,MEDIUM,26.0,False,,0 days 01:36:33.658000,2026-05-22 17:52:35.349,1,,,,False,True,FP1
0 days 01:40:21.499000,LIN,41,,33.0,5.0,,0 days 01:40:21.499000,0 days 00:00:23.807000,0 days 00:00:30.575000,,0 days 01:39:19.868000,0 days 01:39:50.450000,,227.0,199.0,,253.0,False,MEDIUM,27.0,False,,0 days 01:38:55.908000,2026-05-22 17:54:57.599,1,,,,False,False,FP1
0 days 00:17:44.862000,COL,43,,1.0,1.0,0 days 00:15:11.213000,0 days 00:17:44.862000,0 days 00:00:33.238000,0 days 00:00:28.869000,,0 days 00:15:41.510000,0 days 00:16:10.324000,,202.0,274.0,,74.0,False,HARD,1.0,True,,0 days 00:15:11.213000,2026-05-22 16:31:12.904,1,,,,False,False,FP1
0 days 00:16:32.913000,HAM,44,0 days 00:01:35.471000,1.0,1.0,0 days 00:14:58.846000,,0 days 00:00:30.088000,0 days 00:00:27.971000,0 days 00:00:37.412000,0 days 00:15:27.775000,0 days 00:15:55.753000,0 days 00:16:33.079000,218.0,244.0,235.0,247.0,False,HARD,1.0,True,,0 days 00:14:58.846000,2026-05-22 16:31:00.537,1,,,,False,False,FP1
0 days 00:18:15.800000,HAM,44,0 days 00:01:42.887000,2.0,1.0,,,0 days 00:00:24.179000,0 days 00:00:27.083000,0 days 00:00:51.625000,0 days 00:16:57.092000,0 days 00:17:24.175000,0 days 00:18:15.800000,236.0,249.0,268.0,120.0,True,HARD,2.0,True,,0 days 00:16:32.913000,2026-05-22 16:32:34.604,1,,,,False,True,FP1
0 days 00:19:45.403000,HAM,44,0 days 00:01:29.603000,3.0,1.0,,,0 days 00:00:25.124000,0 days 00:00:27.266000,0 days 00:00:37.213000,0 days 00:18:40.924000,0 days 00:19:08.190000,0 days 00:19:45.403000,235.0,248.0,273.0,247.0,True,HARD,3.0,True,,0 days 00:18:15.800000,2026-05-22 16:34:17.491,1,,,,False,True,FP1
0 days 00:21:04.012000,HAM,44,0 days 00:01:18.609000,4.0,1.0,,,0 days 00:00:22.171000,0 days 00:00:24.686000,0 days 00:00:31.752000,0 days 00:20:07.574000,0 days 00:20:32.260000,0 days 00:21:04.012000,240.0,277.0,252.0,316.0,True,HARD,4.0,True,,0 days 00:19:45.403000,2026-05-22 16:35:47.094,1,,,,False,True,FP1
0 days 00:22:45.313000,HAM,44,0 days 00:01:41.301000,5.0,1.0,,,0 days 00:00:26.455000,0 days 00:00:28.309000,0 days 00:00:46.537000,0 days 00:21:30.467000,0 days 00:21:58.776000,0 days 00:22:45.313000,196.0,218.0,145.0,251.0,False,HARD,5.0,True,,0 days 00:21:04.012000,2026-05-22 16:37:05.703,126,,,,False,False,FP1
0 days 00:33:06.017000,HAM,44,,6.0,1.0,,0 days 00:24:32.110000,0 days 00:00:34.197000,0 days 00:00:36.603000,,0 days 00:23:19.726000,0 days 00:23:56.307000,,87.0,202.0,,243.0,False,HARD,6.0,True,,0 days 00:22:45.313000,2026-05-22 16:38:47.004,6512,,,,False,False,FP1
0 days 00:34:36.612000,HAM,44,0 days 00:01:30.595000,7.0,2.0,0 days 00:33:07.597000,,0 days 00:00:26.568000,0 days 00:00:28.505000,0 days 00:00:35.522000,0 days 00:33:32.585000,0 days 00:34:01.090000,0 days 00:34:36.612000,233.0,247.0,269.0,245.0,False,HARD,7.0,False,,0 days 00:33:07.597000,2026-05-22 16:49:09.288,1,,,,False,False,FP1
0 days 00:35:54.711000,HAM,44,0 days 00:01:18.099000,8.0,2.0,,,0 days 00:00:21.680000,0 days 00:00:25.642000,0 days 00:00:30.777000,0 days 00:34:58.292000,0 days 00:35:23.934000,0 days 00:35:54.711000,241.0,269.0,258.0,314.0,True,HARD,8.0,False,,0 days 00:34:36.612000,2026-05-22 16:50:38.303,1,,,,False,True,FP1
0 days 00:37:23.948000,HAM,44,0 days 00:01:29.237000,9.0,2.0,,,0 days 00:00:24.915000,0 days 00:00:28.987000,0 days 00:00:35.335000,0 days 00:36:19.626000,0 days 00:36:48.613000,0 days 00:37:23.948000,210.0,235.0,273.0,251.0,False,HARD,9.0,False,,0 days 00:35:54.711000,2026-05-22 16:51:56.402,1,,,,False,True,FP1
0 days 00:38:40.023000,HAM,44,0 days 00:01:16.075000,10.0,2.0,,,0 days 00:00:21.494000,0 days 00:00:24.290000,0 days 00:00:30.291000,0 days 00:37:45.442000,0 days 00:38:09.732000,0 days 00:38:40.023000,241.0,279.0,263.0,318.0,True,HARD,10.0,False,,0 days 00:37:23.948000,2026-05-22 16:53:25.639,1,,,,False,True,FP1
0 days 00:40:09.980000,HAM,44,0 days 00:01:29.957000,11.0,2.0,,,0 days 00:00:23.512000,0 days 00:00:28.528000,0 days 00:00:37.917000,0 days 00:39:03.535000,0 days 00:39:32.063000,0 days 00:40:09.980000,231.0,190.0,275.0,224.0,False,HARD,11.0,False,,0 days 00:38:40.023000,2026-05-22 16:54:41.714,1,,,,False,True,FP1
0 days 00:41:25.385000,HAM,44,0 days 00:01:15.405000,12.0,2.0,,,0 days 00:00:21.506000,0 days 00:00:24.048000,0 days 00:00:29.851000,0 days 00:40:31.486000,0 days 00:40:55.534000,0 days 00:41:25.385000,244.0,281.0,262.0,320.0,True,HARD,12.0,False,,0 days 00:40:09.980000,2026-05-22 16:56:11.671,12,,,,False,True,FP1
0 days 00:57:31.210000,HAM,44,,13.0,2.0,,0 days 00:43:24.842000,,,,,,,,,,,False,HARD,13.0,False,,0 days 00:41:25.385000,2026-05-22 16:57:27.076,251,,,,False,False,FP1
0 days 00:59:17.896000,HAM,44,0 days 00:01:46.686000,14.0,3.0,0 days 00:57:33.277000,,0 days 00:00:48.963000,0 days 00:00:26.151000,0 days 00:00:31.572000,0 days 00:58:20.173000,0 days 00:58:46.324000,0 days 00:59:17.896000,235.0,282.0,302.0,308.0,False,HARD,14.0,False,,0 days 00:57:33.277000,2026-05-22 17:13:34.968,1,,,,False,False,FP1
0 days 01:00:35.654000,HAM,44,0 days 00:01:17.758000,15.0,3.0,,,0 days 00:00:22.423000,0 days 00:00:24.568000,0 days 00:00:30.767000,0 days 00:59:40.319000,0 days 01:00:04.887000,0 days 01:00:35.654000,240.0,284.0,288.0,334.0,False,HARD,15.0,False,,0 days 00:59:17.896000,2026-05-22 17:15:19.587,1,,,,False,True,FP1
0 days 01:01:51.813000,HAM,44,0 days 00:01:16.159000,16.0,3.0,,,0 days 00:00:21.694000,0 days 00:00:24.177000,0 days 00:00:30.288000,0 days 01:00:57.348000,0 days 01:01:21.525000,0 days 01:01:51.813000,235.0,279.0,281.0,313.0,False,HARD,16.0,False,,0 days 01:00:35.654000,2026-05-22 17:16:37.345,1,,,,False,True,FP1
0 days 01:03:07.543000,HAM,44,0 days 00:01:15.730000,17.0,3.0,,,0 days 00:00:21.559000,0 days 00:00:24.028000,0 days 00:00:30.143000,0 days 01:02:13.372000,0 days 01:02:37.400000,0 days 01:03:07.543000,235.0,279.0,282.0,308.0,False,HARD,17.0,False,,0 days 01:01:51.813000,2026-05-22 17:17:53.504,1,,,,False,True,FP1
0 days 01:04:23.281000,HAM,44,0 days 00:01:15.738000,18.0,3.0,,,0 days 00:00:21.547000,0 days 00:00:23.907000,0 days 00:00:30.284000,0 days 01:03:29.090000,0 days 01:03:52.997000,0 days 01:04:23.281000,234.0,284.0,285.0,313.0,False,HARD,18.0,False,,0 days 01:03:07.543000,2026-05-22 17:19:09.234,1,,,,False,True,FP1
0 days 01:05:40.327000,HAM,44,0 days 00:01:17.046000,19.0,3.0,,,0 days 00:00:21.858000,0 days 00:00:24.886000,0 days 00:00:30.302000,0 days 01:04:45.139000,0 days 01:05:10.025000,0 days 01:05:40.327000,236.0,284.0,290.0,321.0,False,HARD,19.0,False,,0 days 01:04:23.281000,2026-05-22 17:20:24.972,1,,,,False,True,FP1
0 days 01:06:56.477000,HAM,44,0 days 00:01:16.150000,20.0,3.0,,,0 days 00:00:21.688000,0 days 00:00:24.331000,0 days 00:00:30.131000,0 days 01:06:02.015000,0 days 01:06:26.346000,0 days 01:06:56.477000,237.0,279.0,285.0,316.0,False,HARD,20.0,False,,0 days 01:05:40.327000,2026-05-22 17:21:42.018,1,,,,False,True,FP1
0 days 01:08:19.501000,HAM,44,0 days 00:01:23.024000,21.0,3.0,,,0 days 00:00:21.572000,0 days 00:00:24.502000,0 days 00:00:36.950000,0 days 01:07:18.049000,0 days 01:07:42.551000,0 days 01:08:19.501000,235.0,258.0,289.0,190.0,False,HARD,21.0,False,,0 days 01:06:56.477000,2026-05-22 17:22:58.168,1,,,,False,True,FP1
0 days 01:09:34.767000,HAM,44,0 days 00:01:15.266000,22.0,3.0,,,0 days 00:00:21.447000,0 days 00:00:23.729000,0 days 00:00:30.090000,0 days 01:08:40.948000,0 days 01:09:04.677000,0 days 01:09:34.767000,238.0,284.0,288.0,309.0,True,HARD,22.0,False,,0 days 01:08:19.501000,2026-05-22 17:24:21.192,1,,,,False,True,FP1
0 days 01:11:05.132000,HAM,44,0 days 00:01:30.365000,23.0,3.0,,,0 days 00:00:24.459000,0 days 00:00:30.487000,0 days 00:00:35.419000,0 days 01:09:59.226000,0 days 01:10:29.713000,0 days 01:11:05.132000,201.0,246.0,277.0,252.0,False,HARD,23.0,False,,0 days 01:09:34.767000,2026-05-22 17:25:36.458,12,,,,False,True,FP1
0 days 01:12:44.960000,HAM,44,0 days 00:01:39.828000,24.0,3.0,,,0 days 00:00:23.312000,0 days 00:00:29.690000,0 days 00:00:46.826000,0 days 01:11:28.444000,0 days 01:11:58.134000,0 days 01:12:44.960000,237.0,120.0,251.0,244.0,False,HARD,24.0,False,,0 days 01:11:05.132000,2026-05-22 17:27:06.823,1,,,,False,True,FP1
0 days 01:14:10.788000,HAM,44,0 days 00:01:25.828000,25.0,3.0,,,0 days 00:00:22.864000,0 days 00:00:25.703000,0 days 00:00:37.261000,0 days 01:13:07.824000,0 days 01:13:33.527000,0 days 01:14:10.788000,238.0,251.0,274.0,251.0,False,HARD,25.0,False,,0 days 01:12:44.960000,2026-05-22 17:28:46.651,1,,,,False,True,FP1
0 days 01:15:25.540000,HAM,44,0 days 00:01:14.752000,26.0,3.0,,,0 days 00:00:21.172000,0 days 00:00:23.759000,0 days 00:00:29.821000,0 days 01:14:31.960000,0 days 01:14:55.719000,0 days 01:15:25.540000,245.0,283.0,264.0,318.0,True,HARD,26.0,False,,0 days 01:14:10.788000,2026-05-22 17:30:12.479,1,,,,False,True,FP1
0 days 01:21:07.001000,HAM,44,,27.0,3.0,,0 days 01:16:37.787000,0 days 00:00:22.922000,0 days 00:00:24.384000,,0 days 01:15:48.708000,0 days 01:16:13.134000,,234.0,274.0,,297.0,False,HARD,27.0,False,,0 days 01:15:25.540000,2026-05-22 17:31:27.231,1,,,,False,False,FP1
0 days 01:22:37.554000,HAM,44,0 days 00:01:30.553000,28.0,4.0,0 days 01:21:08.529000,,0 days 00:00:28.318000,0 days 00:00:27.411000,0 days 00:00:34.824000,0 days 01:21:35.319000,0 days 01:22:02.730000,0 days 01:22:37.554000,221.0,236.0,274.0,245.0,False,SOFT,1.0,True,,0 days 01:21:07.001000,2026-05-22 17:37:08.692,1,,,,False,False,FP1
0 days 01:24:03.966000,HAM,44,0 days 00:01:26.412000,29.0,4.0,,,0 days 00:00:22.685000,0 days 00:00:27.380000,0 days 00:00:36.347000,0 days 01:23:00.239000,0 days 01:23:27.619000,0 days 01:24:03.966000,205.0,198.0,274.0,244.0,False,SOFT,2.0,True,,0 days 01:22:37.554000,2026-05-22 17:38:39.245,12,,,,False,True,FP1
0 days 01:25:18.142000,HAM,44,0 days 00:01:14.176000,30.0,4.0,,,0 days 00:00:20.910000,0 days 00:00:23.494000,0 days 00:00:29.772000,0 days 01:24:24.876000,0 days 01:24:48.370000,0 days 01:25:18.142000,248.0,286.0,263.0,315.0,True,SOFT,3.0,True,,0 days 01:24:03.966000,2026-05-22 17:40:05.657,12,,,,False,True,FP1
0 days 01:27:07.331000,HAM,44,0 days 00:01:49.189000,31.0,4.0,,,0 days 00:00:28.235000,0 days 00:00:33.741000,0 days 00:00:47.213000,0 days 01:25:46.377000,0 days 01:26:20.118000,0 days 01:27:07.331000,156.0,191.0,275.0,155.0,False,SOFT,4.0,True,,0 days 01:25:18.142000,2026-05-22 17:41:19.833,21,,,,False,True,FP1
0 days 01:32:48.903000,HAM,44,,32.0,4.0,,0 days 01:28:51.610000,,,,,,,,,,,False,SOFT,5.0,True,,0 days 01:27:07.331000,2026-05-22 17:43:09.022,251,,,,False,False,FP1
0 days 01:34:24.903000,HAM,44,0 days 00:01:36,33.0,5.0,0 days 01:32:51.963000,,0 days 00:00:33.695000,0 days 00:00:26.875000,0 days 00:00:35.430000,0 days 01:33:22.598000,0 days 01:33:49.473000,0 days 01:34:24.903000,227.0,254.0,291.0,241.0,False,SOFT,6.0,False,,0 days 01:32:51.963000,2026-05-22 17:48:53.654,1,,,,False,False,FP1
0 days 01:36:39.901000,HAM,44,0 days 00:02:14.998000,34.0,5.0,,,0 days 00:00:21.052000,0 days 00:00:30.792000,0 days 00:01:23.154000,0 days 01:34:45.955000,0 days 01:35:16.747000,0 days 01:36:39.901000,235.0,225.0,205.0,176.0,False,SOFT,7.0,False,,0 days 01:34:24.903000,2026-05-22 17:50:26.594,1,,,,False,True,FP1
0 days 01:38:52.151000,HAM,44,0 days 00:02:12.250000,35.0,5.0,,,0 days 00:00:24.047000,0 days 00:00:24.665000,0 days 00:01:23.538000,0 days 01:37:03.948000,0 days 01:37:28.613000,0 days 01:38:52.151000,233.0,287.0,108.0,143.0,False,SOFT,8.0,False,,0 days 01:36:39.901000,2026-05-22 17:52:41.592,1,,,,False,True,FP1
0 days 01:40:54.615000,HAM,44,,36.0,5.0,,0 days 01:40:54.615000,0 days 00:00:33.950000,0 days 00:00:55.428000,,0 days 01:39:26.156000,0 days 01:40:21.670000,,101.0,272.0,,152.0,False,SOFT,9.0,False,,0 days 01:38:52.151000,2026-05-22 17:54:53.842,1,,,,False,False,FP1
0 days 00:16:23.327000,BOR,5,,1.0,1.0,0 days 00:14:07.972000,,,0 days 00:00:30.300000,0 days 00:00:37.323000,,0 days 00:15:46.202000,0 days 00:16:23.533000,202.0,211.0,238.0,259.0,False,HARD,1.0,True,,0 days 00:14:07.972000,2026-05-22 16:30:09.663,1,,,,False,False,FP1
0 days 00:17:55.766000,BOR,5,0 days 00:01:32.439000,2.0,1.0,,,0 days 00:00:24.644000,0 days 00:00:27.719000,0 days 00:00:40.076000,0 days 00:16:47.971000,0 days 00:17:15.690000,0 days 00:17:55.766000,226.0,242.0,269.0,256.0,True,HARD,2.0,True,,0 days 00:16:23.327000,2026-05-22 16:32:25.018,1,,,,False,True,FP1
0 days 00:19:16.217000,BOR,5,0 days 00:01:20.451000,3.0,1.0,,,0 days 00:00:23.151000,0 days 00:00:25.299000,0 days 00:00:32.001000,0 days 00:18:18.917000,0 days 00:18:44.216000,0 days 00:19:16.217000,248.0,282.0,261.0,305.0,True,HARD,3.0,True,,0 days 00:17:55.766000,2026-05-22 16:33:57.457,1,,,,False,True,FP1
0 days 00:21:03.998000,BOR,5,0 days 00:01:47.781000,4.0,1.0,,,0 days 00:00:31.737000,0 days 00:00:34.483000,0 days 00:00:41.561000,0 days 00:19:47.954000,0 days 00:20:22.437000,0 days 00:21:03.998000,200.0,186.0,264.0,252.0,False,HARD,4.0,True,,0 days 00:19:16.217000,2026-05-22 16:35:17.908,1,,,,False,True,FP1
0 days 00:22:22.716000,BOR,5,0 days 00:01:18.718000,5.0,1.0,,,0 days 00:00:22.482000,0 days 00:00:24.726000,0 days 00:00:31.510000,0 days 00:21:26.480000,0 days 00:21:51.206000,0 days 00:22:22.716000,247.0,271.0,263.0,293.0,True,HARD,5.0,True,,0 days 00:21:03.998000,2026-05-22 16:37:05.689,12,,,,False,True,FP1
0 days 00:30:03.667000,BOR,5,,6.0,1.0,,0 days 00:24:15.727000,0 days 00:00:41.756000,0 days 00:00:39.052000,,0 days 00:23:04.782000,0 days 00:23:43.778000,,84.0,159.0,,259.0,False,HARD,6.0,True,,0 days 00:22:22.716000,2026-05-22 16:38:24.407,2651,,,,False,False,FP1
0 days 00:31:53.495000,BOR,5,,7.0,2.0,0 days 00:30:03.667000,,0 days 00:01:28.857000,0 days 00:00:28.978000,0 days 00:00:36.486000,0 days 00:30:48.277000,0 days 00:31:17.262000,0 days 00:31:53.529000,219.0,238.0,233.0,252.0,False,HARD,7.0,False,,0 days 00:30:03.667000,2026-05-22 16:46:05.358,1,,,,False,False,FP1
0 days 00:33:25.457000,BOR,5,0 days 00:01:31.962000,8.0,2.0,,,0 days 00:00:25.159000,0 days 00:00:28.962000,0 days 00:00:37.841000,0 days 00:32:18.654000,0 days 00:32:47.616000,0 days 00:33:25.457000,233.0,223.0,268.0,255.0,False,HARD,8.0,False,,0 days 00:31:53.495000,2026-05-22 16:47:55.186,1,,,,False,True,FP1
0 days 00:34:43.958000,BOR,5,0 days 00:01:18.501000,9.0,2.0,,,0 days 00:00:22.497000,0 days 00:00:24.647000,0 days 00:00:31.357000,0 days 00:33:47.954000,0 days 00:34:12.601000,0 days 00:34:43.958000,247.0,284.0,267.0,308.0,True,HARD,9.0,False,,0 days 00:33:25.457000,2026-05-22 16:49:27.148,1,,,,False,True,FP1
0 days 00:36:27.598000,BOR,5,0 days 00:01:43.640000,10.0,2.0,,,0 days 00:00:31.496000,0 days 00:00:31.534000,0 days 00:00:40.610000,0 days 00:35:15.454000,0 days 00:35:46.988000,0 days 00:36:27.598000,154.0,228.0,267.0,251.0,False,HARD,10.0,False,,0 days 00:34:43.958000,2026-05-22 16:50:45.649,1,,,,False,True,FP1
0 days 00:37:44.877000,BOR,5,0 days 00:01:17.279000,11.0,2.0,,,0 days 00:00:22.136000,0 days 00:00:24.519000,0 days 00:00:30.624000,0 days 00:36:49.734000,0 days 00:37:14.253000,0 days 00:37:44.877000,248.0,283.0,264.0,316.0,True,HARD,11.0,False,,0 days 00:36:27.598000,2026-05-22 16:52:29.289,1,,,,False,True,FP1
0 days 00:57:34.927000,BOR,5,,12.0,2.0,,0 days 00:39:05.421000,0 days 00:00:25.092000,0 days 00:00:28.176000,,0 days 00:38:10.314000,0 days 00:38:38.438000,,228.0,200.0,,313.0,False,HARD,12.0,False,,0 days 00:37:44.877000,2026-05-22 16:53:46.568,125,,,,False,False,FP1
0 days 00:59:09.534000,BOR,5,0 days 00:01:34.607000,13.0,3.0,0 days 00:57:36.524000,,0 days 00:00:29.485000,0 days 00:00:28.584000,0 days 00:00:36.538000,0 days 00:58:04.412000,0 days 00:58:32.996000,0 days 00:59:09.534000,215.0,242.0,236.0,260.0,False,HARD,13.0,False,,0 days 00:57:36.524000,2026-05-22 17:13:38.215,1,,,,False,False,FP1
0 days 01:00:43.465000,BOR,5,0 days 00:01:33.931000,14.0,3.0,,,0 days 00:00:25.356000,0 days 00:00:27.544000,0 days 00:00:41.031000,0 days 00:59:34.890000,0 days 01:00:02.434000,0 days 01:00:43.465000,234.0,245.0,273.0,248.0,False,HARD,14.0,False,,0 days 00:59:09.534000,2026-05-22 17:15:11.225,1,,,,False,True,FP1
0 days 01:02:00.820000,BOR,5,0 days 00:01:17.355000,15.0,3.0,,,0 days 00:00:22.345000,0 days 00:00:24.503000,0 days 00:00:30.507000,0 days 01:01:05.810000,0 days 01:01:30.313000,0 days 01:02:00.820000,248.0,288.0,267.0,331.0,False,HARD,15.0,False,,0 days 01:00:43.465000,2026-05-22 17:16:45.156,1,,,,False,True,FP1
0 days 01:03:52.595000,BOR,5,0 days 00:01:51.775000,16.0,3.0,,,0 days 00:00:31.548000,0 days 00:00:31.823000,0 days 00:00:48.404000,0 days 01:02:32.368000,0 days 01:03:04.191000,0 days 01:03:52.595000,182.0,199.0,254.0,183.0,False,HARD,16.0,False,,0 days 01:02:00.820000,2026-05-22 17:18:02.511,1,,,,False,True,FP1
0 days 01:05:23.994000,BOR,5,0 days 00:01:31.399000,17.0,3.0,,,0 days 00:00:25.445000,0 days 00:00:29.057000,0 days 00:00:36.897000,0 days 01:04:18.040000,0 days 01:04:47.097000,0 days 01:05:23.994000,229.0,244.0,272.0,254.0,False,HARD,17.0,False,,0 days 01:03:52.595000,2026-05-22 17:19:54.286,1,,,,False,True,FP1
0 days 01:06:40.510000,BOR,5,0 days 00:01:16.516000,18.0,3.0,,,0 days 00:00:21.939000,0 days 00:00:24.152000,0 days 00:00:30.425000,0 days 01:05:45.933000,0 days 01:06:10.085000,0 days 01:06:40.510000,249.0,285.0,269.0,314.0,True,HARD,18.0,False,,0 days 01:05:23.994000,2026-05-22 17:21:25.685,1,,,,False,True,FP1
0 days 01:08:05.751000,BOR,5,0 days 00:01:25.241000,19.0,3.0,,,0 days 00:00:27.403000,0 days 00:00:26.859000,0 days 00:00:30.979000,0 days 01:07:07.913000,0 days 01:07:34.772000,0 days 01:08:05.751000,187.0,273.0,275.0,303.0,False,HARD,19.0,False,,0 days 01:06:40.510000,2026-05-22 17:22:42.201,1,,,,False,True,FP1
0 days 01:09:23.815000,BOR,5,0 days 00:01:18.064000,20.0,3.0,,,0 days 00:00:22.479000,0 days 00:00:24.768000,0 days 00:00:30.817000,0 days 01:08:28.230000,0 days 01:08:52.998000,0 days 01:09:23.815000,242.0,277.0,274.0,305.0,False,HARD,20.0,False,,0 days 01:08:05.751000,2026-05-22 17:24:07.442,1,,,,False,True,FP1
0 days 01:10:41.088000,BOR,5,0 days 00:01:17.273000,21.0,3.0,,,0 days 00:00:22.247000,0 days 00:00:24.613000,0 days 00:00:30.413000,0 days 01:09:46.062000,0 days 01:10:10.675000,0 days 01:10:41.088000,234.0,276.0,277.0,304.0,False,HARD,21.0,False,,0 days 01:09:23.815000,2026-05-22 17:25:25.506,12,,,,False,True,FP1
0 days 01:11:58.150000,BOR,5,0 days 00:01:17.062000,22.0,3.0,,,0 days 00:00:22.137000,0 days 00:00:24.427000,0 days 00:00:30.498000,0 days 01:11:03.225000,0 days 01:11:27.652000,0 days 01:11:58.150000,239.0,277.0,278.0,306.0,False,HARD,22.0,False,,0 days 01:10:41.088000,2026-05-22 17:26:42.779,1,,,,False,True,FP1
0 days 01:13:15.217000,BOR,5,0 days 00:01:17.067000,23.0,3.0,,,0 days 00:00:22.007000,0 days 00:00:24.404000,0 days 00:00:30.656000,0 days 01:12:20.157000,0 days 01:12:44.561000,0 days 01:13:15.217000,249.0,277.0,276.0,305.0,False,HARD,23.0,False,,0 days 01:11:58.150000,2026-05-22 17:27:59.841,1,,,,False,True,FP1
0 days 01:14:32.250000,BOR,5,0 days 00:01:17.033000,24.0,3.0,,,0 days 00:00:22.005000,0 days 00:00:24.596000,0 days 00:00:30.432000,0 days 01:13:37.222000,0 days 01:14:01.818000,0 days 01:14:32.250000,240.0,275.0,276.0,303.0,False,HARD,24.0,False,,0 days 01:13:15.217000,2026-05-22 17:29:16.908,1,,,,False,True,FP1
0 days 01:21:42.481000,BOR,5,,25.0,3.0,,0 days 01:15:42.118000,0 days 00:00:21.912000,0 days 00:00:24.306000,,0 days 01:14:54.392000,0 days 01:15:18.681000,,242.0,281.0,,309.0,False,HARD,25.0,False,,0 days 01:14:32.250000,2026-05-22 17:30:33.941,1,,,,False,False,FP1
0 days 01:23:12.882000,BOR,5,0 days 00:01:30.401000,26.0,4.0,0 days 01:21:44.171000,,0 days 00:00:27.965000,0 days 00:00:27.575000,0 days 00:00:34.861000,0 days 01:22:10.446000,0 days 01:22:38.021000,0 days 01:23:12.882000,223.0,244.0,237.0,255.0,False,SOFT,1.0,True,,0 days 01:21:42.481000,2026-05-22 17:37:44.172,1,,,,False,False,FP1
0 days 01:24:45.336000,BOR,5,0 days 00:01:32.454000,27.0,4.0,,,0 days 00:00:23.566000,0 days 00:00:26.951000,0 days 00:00:41.937000,0 days 01:23:36.448000,0 days 01:24:03.399000,0 days 01:24:45.336000,234.0,252.0,271.0,197.0,False,SOFT,2.0,True,,0 days 01:23:12.882000,2026-05-22 17:39:14.573,12,,,,False,True,FP1
0 days 01:26:01.550000,BOR,5,0 days 00:01:16.214000,28.0,4.0,,,0 days 00:00:21.588000,0 days 00:00:23.951000,0 days 00:00:30.675000,0 days 01:25:06.924000,0 days 01:25:30.875000,0 days 01:26:01.550000,251.0,286.0,268.0,313.0,True,SOFT,3.0,True,,0 days 01:24:45.336000,2026-05-22 17:40:47.027,12,,,,False,True,FP1
0 days 01:32:26.044000,BOR,5,,29.0,4.0,,0 days 01:27:40.622000,0 days 00:00:28.636000,0 days 00:00:31.088000,,0 days 01:26:30.355000,0 days 01:27:02.124000,,178.0,230.0,,,False,SOFT,4.0,True,,0 days 01:26:01.550000,2026-05-22 17:42:03.241,125,,,,False,False,FP1
0 days 01:34:19.769000,BOR,5,0 days 00:01:53.725000,30.0,5.0,0 days 01:32:28.012000,,0 days 00:00:44.907000,0 days 00:00:27.905000,0 days 00:00:40.913000,0 days 01:33:10.951000,0 days 01:33:38.856000,0 days 01:34:19.769000,209.0,272.0,243.0,237.0,False,SOFT,5.0,False,,0 days 01:32:28.012000,2026-05-22 17:48:29.703,1,,,,False,False,FP1
0 days 01:36:38.719000,BOR,5,0 days 00:02:18.950000,31.0,5.0,,,0 days 00:00:25.136000,0 days 00:00:28.367000,0 days 00:01:25.447000,0 days 01:34:44.905000,0 days 01:35:13.272000,0 days 01:36:38.719000,200.0,250.0,183.0,213.0,False,SOFT,6.0,False,,0 days 01:34:19.769000,2026-05-22 17:50:21.460,1,,,,False,True,FP1
0 days 01:39:02.510000,BOR,5,0 days 00:02:23.791000,32.0,5.0,,,0 days 00:00:26.112000,0 days 00:00:28.963000,0 days 00:01:28.716000,0 days 01:37:04.831000,0 days 01:37:33.794000,0 days 01:39:02.510000,186.0,235.0,119.0,172.0,False,SOFT,7.0,False,,0 days 01:36:38.719000,2026-05-22 17:52:40.410,1,,,,False,True,FP1
0 days 01:40:34.189000,BOR,5,,33.0,5.0,,0 days 01:40:34.189000,0 days 00:00:28.344000,0 days 00:00:34.346000,,0 days 01:39:30.946000,0 days 01:40:05.351000,,141.0,238.0,,256.0,False,SOFT,8.0,False,,0 days 01:39:02.510000,2026-05-22 17:55:04.201,1,,,,False,False,FP1
0 days 00:16:20.809000,SAI,55,0 days 00:01:52.576000,1.0,1.0,0 days 00:14:31.464000,,0 days 00:00:41.329000,0 days 00:00:32.343000,0 days 00:00:38.904000,0 days 00:15:09.776000,0 days 00:15:42.199000,0 days 00:16:20.903000,211.0,277.0,263.0,273.0,False,HARD,1.0,True,,0 days 00:14:31.464000,2026-05-22 16:30:33.155,1,,,,False,False,FP1
0 days 00:17:49.895000,SAI,55,0 days 00:01:29.086000,2.0,1.0,,,0 days 00:00:23.725000,0 days 00:00:26.815000,0 days 00:00:38.546000,0 days 00:16:44.534000,0 days 00:17:11.349000,0 days 00:17:49.895000,225.0,251.0,273.0,273.0,True,HARD,2.0,True,,0 days 00:16:20.809000,2026-05-22 16:32:22.500,1,,,,False,True,FP1
0 days 00:19:08.723000,SAI,55,0 days 00:01:18.828000,3.0,1.0,,,0 days 00:00:22.732000,0 days 00:00:25.104000,0 days 00:00:30.992000,0 days 00:18:12.627000,0 days 00:18:37.731000,0 days 00:19:08.723000,234.0,280.0,270.0,308.0,True,HARD,3.0,True,,0 days 00:17:49.895000,2026-05-22 16:33:51.586,1,,,,False,True,FP1
0 days 00:20:47.842000,SAI,55,0 days 00:01:39.119000,4.0,1.0,,,0 days 00:00:27.821000,0 days 00:00:31.605000,0 days 00:00:39.693000,0 days 00:19:36.544000,0 days 00:20:08.149000,0 days 00:20:47.842000,207.0,196.0,274.0,264.0,False,HARD,4.0,True,,0 days 00:19:08.723000,2026-05-22 16:35:10.414,1,,,,False,True,FP1
0 days 00:22:05.551000,SAI,55,0 days 00:01:17.709000,5.0,1.0,,,0 days 00:00:22.254000,0 days 00:00:24.759000,0 days 00:00:30.696000,0 days 00:21:10.096000,0 days 00:21:34.855000,0 days 00:22:05.551000,235.0,281.0,265.0,303.0,True,HARD,5.0,True,,0 days 00:20:47.842000,2026-05-22 16:36:49.533,12,,,,False,True,FP1
0 days 00:24:15.665000,SAI,55,0 days 00:02:10.114000,6.0,1.0,,0 days 00:23:49.973000,0 days 00:00:34.129000,0 days 00:00:35.018000,0 days 00:01:00.967000,0 days 00:22:39.680000,0 days 00:23:14.698000,0 days 00:24:15.665000,113.0,229.0,,237.0,False,HARD,6.0,True,,0 days 00:22:05.551000,2026-05-22 16:38:07.242,26,,,,False,False,FP1
0 days 00:30:22.104000,SAI,55,,7.0,2.0,0 days 00:24:17.123000,0 days 00:25:57.072000,0 days 00:00:35.251000,,,0 days 00:24:51.164000,,,189.0,,,,False,HARD,7.0,False,,0 days 00:24:15.665000,2026-05-22 16:40:17.356,6512,,,,False,False,FP1
0 days 00:31:59.752000,SAI,55,0 days 00:01:37.648000,8.0,3.0,0 days 00:30:23.624000,,0 days 00:00:32.331000,0 days 00:00:25.890000,0 days 00:00:39.427000,0 days 00:30:54.435000,0 days 00:31:20.325000,0 days 00:31:59.752000,234.0,282.0,275.0,248.0,False,HARD,8.0,False,,0 days 00:30:23.624000,2026-05-22 16:46:25.315,1,,,,False,False,FP1
0 days 00:33:21.818000,SAI,55,0 days 00:01:22.066000,9.0,3.0,,,0 days 00:00:22.456000,0 days 00:00:24.966000,0 days 00:00:34.644000,0 days 00:32:22.208000,0 days 00:32:47.174000,0 days 00:33:21.818000,232.0,278.0,268.0,267.0,False,HARD,9.0,False,,0 days 00:31:59.752000,2026-05-22 16:48:01.443,1,,,,False,True,FP1
0 days 00:34:39.050000,SAI,55,0 days 00:01:17.232000,10.0,3.0,,,0 days 00:00:22.054000,0 days 00:00:24.543000,0 days 00:00:30.635000,0 days 00:33:43.872000,0 days 00:34:08.415000,0 days 00:34:39.050000,235.0,279.0,266.0,302.0,True,HARD,10.0,False,,0 days 00:33:21.818000,2026-05-22 16:49:23.509,1,,,,False,True,FP1
0 days 00:36:23.929000,SAI,55,0 days 00:01:44.879000,11.0,3.0,,,0 days 00:00:27.408000,0 days 00:00:28.123000,0 days 00:00:49.348000,0 days 00:35:06.458000,0 days 00:35:34.581000,0 days 00:36:23.929000,213.0,212.0,270.0,245.0,False,HARD,11.0,False,,0 days 00:34:39.050000,2026-05-22 16:50:40.741,1,,,,False,True,FP1
0 days 00:37:53.816000,SAI,55,0 days 00:01:29.887000,12.0,3.0,,,0 days 00:00:21.929000,0 days 00:00:30.310000,0 days 00:00:37.648000,0 days 00:36:45.858000,0 days 00:37:16.168000,0 days 00:37:53.816000,237.0,231.0,264.0,249.0,False,HARD,12.0,False,,0 days 00:36:23.929000,2026-05-22 16:52:25.620,1,,,,False,True,FP1
0 days 00:39:10.476000,SAI,55,0 days 00:01:16.660000,13.0,3.0,,,0 days 00:00:21.822000,0 days 00:00:24.370000,0 days 00:00:30.468000,0 days 00:38:15.638000,0 days 00:38:40.008000,0 days 00:39:10.476000,237.0,282.0,276.0,308.0,True,HARD,13.0,False,,0 days 00:37:53.816000,2026-05-22 16:53:55.507,1,,,,False,True,FP1
0 days 00:40:48.681000,SAI,55,0 days 00:01:38.205000,14.0,3.0,,,0 days 00:00:30.144000,0 days 00:00:29.224000,0 days 00:00:38.837000,0 days 00:39:40.620000,0 days 00:40:09.844000,0 days 00:40:48.681000,176.0,251.0,264.0,268.0,False,HARD,14.0,False,,0 days 00:39:10.476000,2026-05-22 16:55:12.167,1,,,,False,True,FP1
0 days 00:57:42.336000,SAI,55,,15.0,3.0,,0 days 00:42:27.658000,0 days 00:00:24.914000,,,0 days 00:41:13.730000,,,235.0,,,,False,HARD,15.0,False,,0 days 00:40:48.681000,2026-05-22 16:56:50.372,125,,,,False,False,FP1
0 days 00:59:17.641000,SAI,55,0 days 00:01:35.305000,16.0,4.0,0 days 00:57:44.202000,,0 days 00:00:34.845000,0 days 00:00:26.626000,0 days 00:00:33.834000,0 days 00:58:17.181000,0 days 00:58:43.807000,0 days 00:59:17.641000,228.0,278.0,287.0,290.0,False,HARD,16.0,False,,0 days 00:57:44.202000,2026-05-22 17:13:45.893,1,,,,False,False,FP1
0 days 01:00:35.750000,SAI,55,0 days 00:01:18.109000,17.0,4.0,,,0 days 00:00:22.260000,0 days 00:00:24.717000,0 days 00:00:31.132000,0 days 00:59:39.901000,0 days 01:00:04.618000,0 days 01:00:35.750000,238.0,282.0,280.0,318.0,False,HARD,17.0,False,,0 days 00:59:17.641000,2026-05-22 17:15:19.332,1,,,,False,True,FP1
0 days 01:01:54.340000,SAI,55,0 days 00:01:18.590000,18.0,4.0,,,0 days 00:00:22.854000,0 days 00:00:24.996000,0 days 00:00:30.740000,0 days 01:00:58.604000,0 days 01:01:23.600000,0 days 01:01:54.340000,235.0,280.0,274.0,307.0,False,HARD,18.0,False,,0 days 01:00:35.750000,2026-05-22 17:16:37.441,1,,,,False,True,FP1
0 days 01:03:11.472000,SAI,55,0 days 00:01:17.132000,19.0,4.0,,,0 days 00:00:21.947000,0 days 00:00:24.604000,0 days 00:00:30.581000,0 days 01:02:16.287000,0 days 01:02:40.891000,0 days 01:03:11.472000,238.0,280.0,276.0,306.0,False,HARD,19.0,False,,0 days 01:01:54.340000,2026-05-22 17:17:56.031,1,,,,False,True,FP1
0 days 01:04:28.634000,SAI,55,0 days 00:01:17.162000,20.0,4.0,,,0 days 00:00:21.948000,0 days 00:00:24.629000,0 days 00:00:30.585000,0 days 01:03:33.420000,0 days 01:03:58.049000,0 days 01:04:28.634000,237.0,280.0,278.0,304.0,False,HARD,20.0,False,,0 days 01:03:11.472000,2026-05-22 17:19:13.163,1,,,,False,True,FP1
0 days 01:05:45.837000,SAI,55,0 days 00:01:17.203000,21.0,4.0,,,0 days 00:00:22.191000,0 days 00:00:24.601000,0 days 00:00:30.411000,0 days 01:04:50.825000,0 days 01:05:15.426000,0 days 01:05:45.837000,238.0,279.0,283.0,311.0,False,HARD,21.0,False,,0 days 01:04:28.634000,2026-05-22 17:20:30.325,1,,,,False,True,FP1
0 days 01:07:10.560000,SAI,55,0 days 00:01:24.723000,22.0,4.0,,,0 days 00:00:22.362000,0 days 00:00:25.078000,0 days 00:00:37.283000,0 days 01:06:08.199000,0 days 01:06:33.277000,0 days 01:07:10.560000,237.0,272.0,272.0,242.0,False,HARD,22.0,False,,0 days 01:05:45.837000,2026-05-22 17:21:47.528,1,,,,False,True,FP1
0 days 01:08:28.842000,SAI,55,0 days 00:01:18.282000,23.0,4.0,,,0 days 00:00:22.163000,0 days 00:00:24.730000,0 days 00:00:31.389000,0 days 01:07:32.723000,0 days 01:07:57.453000,0 days 01:08:28.842000,237.0,276.0,254.0,299.0,False,HARD,23.0,False,,0 days 01:07:10.560000,2026-05-22 17:23:12.251,1,,,,False,True,FP1
0 days 01:09:46.485000,SAI,55,0 days 00:01:17.643000,24.0,4.0,,,0 days 00:00:22.215000,0 days 00:00:24.413000,0 days 00:00:31.015000,0 days 01:08:51.057000,0 days 01:09:15.470000,0 days 01:09:46.485000,237.0,279.0,258.0,304.0,False,HARD,24.0,False,,0 days 01:08:28.842000,2026-05-22 17:24:30.533,1,,,,False,True,FP1
0 days 01:11:04.188000,SAI,55,0 days 00:01:17.703000,25.0,4.0,,,0 days 00:00:22.035000,0 days 00:00:24.490000,0 days 00:00:31.178000,0 days 01:10:08.520000,0 days 01:10:33.010000,0 days 01:11:04.188000,240.0,283.0,280.0,307.0,False,HARD,25.0,False,,0 days 01:09:46.485000,2026-05-22 17:25:48.176,12,,,,False,True,FP1
0 days 01:12:21.103000,SAI,55,0 days 00:01:16.915000,26.0,4.0,,,0 days 00:00:21.940000,0 days 00:00:24.360000,0 days 00:00:30.615000,0 days 01:11:26.128000,0 days 01:11:50.488000,0 days 01:12:21.103000,240.0,282.0,275.0,303.0,False,HARD,26.0,False,,0 days 01:11:04.188000,2026-05-22 17:27:05.879,1,,,,False,True,FP1
0 days 01:13:37.948000,SAI,55,0 days 00:01:16.845000,27.0,4.0,,,0 days 00:00:21.925000,0 days 00:00:24.466000,0 days 00:00:30.454000,0 days 01:12:43.028000,0 days 01:13:07.494000,0 days 01:13:37.948000,239.0,283.0,278.0,302.0,False,HARD,27.0,False,,0 days 01:12:21.103000,2026-05-22 17:28:22.794,1,,,,False,True,FP1
0 days 01:14:54.986000,SAI,55,0 days 00:01:17.038000,28.0,4.0,,,0 days 00:00:21.822000,0 days 00:00:24.534000,0 days 00:00:30.682000,0 days 01:13:59.770000,0 days 01:14:24.304000,0 days 01:14:54.986000,239.0,267.0,275.0,301.0,False,HARD,28.0,False,,0 days 01:13:37.948000,2026-05-22 17:29:39.639,1,,,,False,True,FP1
0 days 01:23:20.973000,SAI,55,,29.0,4.0,,0 days 01:16:10.533000,0 days 00:00:21.953000,0 days 00:00:24.715000,,0 days 01:15:17.100000,0 days 01:15:41.894000,,238.0,278.0,,199.0,False,HARD,29.0,False,,0 days 01:14:54.986000,2026-05-22 17:30:56.677,1,,,,False,False,FP1
0 days 01:24:52.276000,SAI,55,0 days 00:01:31.303000,30.0,5.0,0 days 01:23:22.277000,,0 days 00:00:27.339000,0 days 00:00:25.347000,0 days 00:00:38.617000,0 days 01:23:48.312000,0 days 01:24:13.659000,0 days 01:24:52.276000,245.0,293.0,255.0,244.0,False,SOFT,1.0,True,,0 days 01:23:20.973000,2026-05-22 17:39:22.664,12,,,,False,False,FP1
0 days 01:26:21.860000,SAI,55,0 days 00:01:29.584000,31.0,5.0,,,0 days 00:00:23.979000,0 days 00:00:27.185000,0 days 00:00:38.420000,0 days 01:25:16.255000,0 days 01:25:43.440000,0 days 01:26:21.860000,221.0,231.0,261.0,266.0,False,SOFT,2.0,True,,0 days 01:24:52.276000,2026-05-22 17:40:53.967,12,,,,False,True,FP1
0 days 01:32:08.192000,SAI,55,,32.0,5.0,,0 days 01:27:52.556000,0 days 00:00:21.692000,0 days 00:00:26.505000,,0 days 01:26:43.592000,0 days 01:27:10.124000,,237.0,214.0,,,False,SOFT,3.0,True,,0 days 01:26:21.860000,2026-05-22 17:42:23.551,125,,,,False,False,FP1
0 days 01:33:40.785000,SAI,55,0 days 00:01:32.593000,33.0,6.0,0 days 01:32:10.300000,,0 days 00:00:30.198000,0 days 00:00:26.362000,0 days 00:00:36.033000,0 days 01:32:38.390000,0 days 01:33:04.752000,0 days 01:33:40.785000,211.0,277.0,280.0,263.0,False,SOFT,4.0,False,,0 days 01:32:10.300000,2026-05-22 17:48:11.991,1,,,,False,False,FP1
0 days 01:35:42.092000,SAI,55,0 days 00:02:01.307000,34.0,6.0,,,0 days 00:00:22.089000,0 days 00:00:24.500000,0 days 00:01:14.718000,0 days 01:34:02.874000,0 days 01:34:27.374000,0 days 01:35:42.092000,239.0,285.0,4.0,221.0,False,SOFT,5.0,False,,0 days 01:33:40.785000,2026-05-22 17:49:42.476,1,,,,False,True,FP1
0 days 01:37:39.476000,SAI,55,0 days 00:01:57.384000,35.0,6.0,,,0 days 00:00:26.933000,0 days 00:00:24.949000,0 days 00:01:05.502000,0 days 01:36:09.025000,0 days 01:36:33.974000,0 days 01:37:39.476000,240.0,287.0,4.0,241.0,False,SOFT,6.0,False,,0 days 01:35:42.092000,2026-05-22 17:51:43.783,1,,,,False,True,FP1
0 days 01:38:57.395000,SAI,55,,36.0,6.0,,0 days 01:38:57.395000,0 days 00:00:25.499000,0 days 00:00:25.670000,,0 days 01:38:05.095000,0 days 01:38:30.720000,,225.0,285.0,,259.0,False,SOFT,7.0,False,,0 days 01:37:39.476000,2026-05-22 17:53:41.167,1,,,,False,False,FP1
0 days 00:17:13.628000,HAD,6,0 days 00:01:48.098000,1.0,1.0,0 days 00:15:30.239000,,0 days 00:00:32.793000,0 days 00:00:31.319000,0 days 00:00:43.986000,0 days 00:15:58.602000,0 days 00:16:30.018000,0 days 00:17:13.768000,221.0,251.0,257.0,221.0,False,HARD,1.0,True,,0 days 00:15:30.239000,2026-05-22 16:31:31.930,1,,,,False,False,FP1
0 days 00:18:32.402000,HAD,6,0 days 00:01:18.774000,2.0,1.0,,,0 days 00:00:22.679000,0 days 00:00:24.754000,0 days 00:00:31.341000,0 days 00:17:36.307000,0 days 00:18:01.061000,0 days 00:18:32.402000,250.0,284.0,267.0,310.0,True,HARD,2.0,True,,0 days 00:17:13.628000,2026-05-22 16:33:15.319,1,,,,False,True,FP1
0 days 00:20:14.156000,HAD,6,0 days 00:01:41.754000,3.0,1.0,,,0 days 00:00:29.810000,0 days 00:00:34.388000,0 days 00:00:37.556000,0 days 00:19:02.212000,0 days 00:19:36.600000,0 days 00:20:14.156000,169.0,179.0,271.0,242.0,False,HARD,3.0,True,,0 days 00:18:32.402000,2026-05-22 16:34:34.093,1,,,,False,True,FP1
0 days 00:21:30.409000,HAD,6,0 days 00:01:16.253000,4.0,1.0,,,0 days 00:00:21.875000,0 days 00:00:24.212000,0 days 00:00:30.166000,0 days 00:20:36.031000,0 days 00:21:00.243000,0 days 00:21:30.409000,250.0,285.0,280.0,309.0,True,HARD,4.0,True,,0 days 00:20:14.156000,2026-05-22 16:36:15.847,1,,,,False,True,FP1
0 days 00:23:16.958000,HAD,6,0 days 00:01:46.549000,5.0,1.0,,,0 days 00:00:29.685000,0 days 00:00:36.283000,0 days 00:00:40.581000,0 days 00:22:00.094000,0 days 00:22:36.377000,0 days 00:23:16.958000,191.0,157.0,226.0,222.0,False,HARD,5.0,True,,0 days 00:21:30.409000,2026-05-22 16:37:32.100,126,,,,False,False,FP1
0 days 00:25:00.584000,HAD,6,0 days 00:01:43.626000,6.0,1.0,,,0 days 00:00:31.737000,0 days 00:00:30.092000,0 days 00:00:41.797000,0 days 00:23:48.695000,0 days 00:24:18.787000,0 days 00:25:00.584000,175.0,223.0,180.0,252.0,False,HARD,6.0,True,,0 days 00:23:16.958000,2026-05-22 16:39:18.649,6,,,,False,False,FP1
0 days 00:41:23.117000,HAD,6,,7.0,1.0,,0 days 00:26:38.711000,,,,,,,,,,,False,HARD,7.0,True,,0 days 00:25:00.584000,2026-05-22 16:41:02.275,6512,,,,False,False,FP1
0 days 00:57:11.583000,HAD,6,,8.0,2.0,0 days 00:41:23.117000,0 days 00:43:38.141000,,,,,,,,,,,False,HARD,8.0,False,,0 days 00:41:23.117000,2026-05-22 16:57:24.808,125,,,,False,False,FP1
0 days 00:58:44.339000,HAD,6,0 days 00:01:32.756000,9.0,3.0,0 days 00:57:13.636000,,0 days 00:00:30.820000,0 days 00:00:26.064000,0 days 00:00:35.872000,0 days 00:57:42.403000,0 days 00:58:08.467000,0 days 00:58:44.339000,237.0,278.0,270.0,254.0,False,HARD,9.0,False,,0 days 00:57:13.636000,2026-05-22 17:13:15.327,1,,,,False,False,FP1
0 days 01:00:03.507000,HAD,6,0 days 00:01:19.168000,10.0,3.0,,,0 days 00:00:23.170000,0 days 00:00:24.985000,0 days 00:00:31.013000,0 days 00:59:07.509000,0 days 00:59:32.494000,0 days 01:00:03.507000,238.0,278.0,283.0,302.0,False,HARD,10.0,False,,0 days 00:58:44.339000,2026-05-22 17:14:46.030,1,,,,False,True,FP1
0 days 01:01:24.309000,HAD,6,0 days 00:01:20.802000,11.0,3.0,,,0 days 00:00:22.516000,0 days 00:00:24.792000,0 days 00:00:33.494000,0 days 01:00:26.023000,0 days 01:00:50.815000,0 days 01:01:24.309000,242.0,280.0,273.0,308.0,False,HARD,11.0,False,,0 days 01:00:03.507000,2026-05-22 17:16:05.198,1,,,,False,True,FP1
0 days 01:02:41.505000,HAD,6,0 days 00:01:17.196000,12.0,3.0,,,0 days 00:00:22.128000,0 days 00:00:24.513000,0 days 00:00:30.555000,0 days 01:01:46.437000,0 days 01:02:10.950000,0 days 01:02:41.505000,239.0,276.0,282.0,303.0,False,HARD,12.0,False,,0 days 01:01:24.309000,2026-05-22 17:17:26.000,1,,,,False,True,FP1
0 days 01:03:58.761000,HAD,6,0 days 00:01:17.256000,13.0,3.0,,,0 days 00:00:21.966000,0 days 00:00:24.519000,0 days 00:00:30.771000,0 days 01:03:03.471000,0 days 01:03:27.990000,0 days 01:03:58.761000,241.0,279.0,281.0,305.0,False,HARD,13.0,False,,0 days 01:02:41.505000,2026-05-22 17:18:43.196,1,,,,False,True,FP1
0 days 01:05:16.263000,HAD,6,0 days 00:01:17.502000,14.0,3.0,,,0 days 00:00:22.316000,0 days 00:00:24.688000,0 days 00:00:30.498000,0 days 01:04:21.077000,0 days 01:04:45.765000,0 days 01:05:16.263000,240.0,278.0,285.0,304.0,False,HARD,14.0,False,,0 days 01:03:58.761000,2026-05-22 17:20:00.452,1,,,,False,True,FP1
0 days 01:06:32.981000,HAD,6,0 days 00:01:16.718000,15.0,3.0,,,0 days 00:00:21.887000,0 days 00:00:24.475000,0 days 00:00:30.356000,0 days 01:05:38.150000,0 days 01:06:02.625000,0 days 01:06:32.981000,242.0,280.0,283.0,303.0,False,HARD,15.0,False,,0 days 01:05:16.263000,2026-05-22 17:21:17.954,1,,,,False,True,FP1
0 days 01:07:49.719000,HAD,6,0 days 00:01:16.738000,16.0,3.0,,,0 days 00:00:21.833000,0 days 00:00:24.434000,0 days 00:00:30.471000,0 days 01:06:54.814000,0 days 01:07:19.248000,0 days 01:07:49.719000,243.0,277.0,283.0,302.0,False,HARD,16.0,False,,0 days 01:06:32.981000,2026-05-22 17:22:34.672,1,,,,False,True,FP1
0 days 01:09:06.551000,HAD,6,0 days 00:01:16.832000,17.0,3.0,,,0 days 00:00:21.935000,0 days 00:00:24.442000,0 days 00:00:30.455000,0 days 01:08:11.654000,0 days 01:08:36.096000,0 days 01:09:06.551000,241.0,277.0,281.0,303.0,False,HARD,17.0,False,,0 days 01:07:49.719000,2026-05-22 17:23:51.410,1,,,,False,True,FP1
0 days 01:10:31.309000,HAD,6,0 days 00:01:24.758000,18.0,3.0,,,0 days 00:00:22.154000,0 days 00:00:30.055000,0 days 00:00:32.549000,0 days 01:09:28.705000,0 days 01:09:58.760000,0 days 01:10:31.309000,200.0,279.0,280.0,324.0,False,HARD,18.0,False,,0 days 01:09:06.551000,2026-05-22 17:25:08.242,12,,,,False,True,FP1
0 days 01:11:48.199000,HAD,6,0 days 00:01:16.890000,19.0,3.0,,,0 days 00:00:22.148000,0 days 00:00:24.419000,0 days 00:00:30.323000,0 days 01:10:53.457000,0 days 01:11:17.876000,0 days 01:11:48.199000,241.0,275.0,290.0,302.0,False,HARD,19.0,False,,0 days 01:10:31.309000,2026-05-22 17:26:33.000,1,,,,False,True,FP1
0 days 01:13:04.819000,HAD,6,0 days 00:01:16.620000,20.0,3.0,,,0 days 00:00:21.850000,0 days 00:00:24.438000,0 days 00:00:30.332000,0 days 01:12:10.049000,0 days 01:12:34.487000,0 days 01:13:04.819000,239.0,279.0,287.0,301.0,False,HARD,20.0,False,,0 days 01:11:48.199000,2026-05-22 17:27:49.890,1,,,,False,True,FP1
0 days 01:14:21.572000,HAD,6,0 days 00:01:16.753000,21.0,3.0,,,0 days 00:00:21.915000,0 days 00:00:24.493000,0 days 00:00:30.345000,0 days 01:13:26.734000,0 days 01:13:51.227000,0 days 01:14:21.572000,239.0,279.0,282.0,304.0,False,HARD,21.0,False,,0 days 01:13:04.819000,2026-05-22 17:29:06.510,1,,,,False,True,FP1
0 days 01:15:39.403000,HAD,6,0 days 00:01:17.831000,22.0,3.0,,,0 days 00:00:22.258000,0 days 00:00:24.721000,0 days 00:00:30.852000,0 days 01:14:43.830000,0 days 01:15:08.551000,0 days 01:15:39.403000,242.0,281.0,288.0,311.0,False,HARD,22.0,False,,0 days 01:14:21.572000,2026-05-22 17:30:23.263,1,,,,False,True,FP1
0 days 01:24:14.441000,HAD,6,,23.0,3.0,,0 days 01:16:51.542000,0 days 00:00:21.850000,0 days 00:00:24.641000,,0 days 01:16:01.881000,0 days 01:16:26.145000,,242.0,277.0,,276.0,False,HARD,23.0,False,,0 days 01:15:39.403000,2026-05-22 17:31:41.094,12,,,,False,False,FP1
0 days 01:25:54.192000,HAD,6,0 days 00:01:39.751000,24.0,4.0,0 days 01:24:15.927000,,0 days 00:00:27.368000,0 days 00:00:28.102000,0 days 00:00:44.281000,0 days 01:24:41.809000,0 days 01:25:09.911000,0 days 01:25:54.192000,234.0,256.0,211.0,122.0,False,SOFT,1.0,True,,0 days 01:24:14.441000,2026-05-22 17:40:16.132,12,,,,False,False,FP1
0 days 01:32:33.446000,HAD,6,,25.0,4.0,,0 days 01:29:16.792000,0 days 00:00:30.117000,0 days 00:00:29.059000,,0 days 01:26:24.432000,0 days 01:26:53.533000,,201.0,254.0,,259.0,False,SOFT,2.0,True,,0 days 01:25:54.192000,2026-05-22 17:41:55.883,125,,,,False,False,FP1
0 days 01:34:03.562000,HAD,6,0 days 00:01:30.116000,26.0,5.0,0 days 01:32:36.327000,,0 days 00:00:30.668000,0 days 00:00:26.418000,0 days 00:00:33.030000,0 days 01:33:04.114000,0 days 01:33:30.532000,0 days 01:34:03.562000,197.0,267.0,282.0,306.0,False,SOFT,3.0,False,,0 days 01:32:36.327000,2026-05-22 17:48:38.018,1,,,,False,False,FP1
0 days 01:36:10.149000,HAD,6,0 days 00:02:06.587000,27.0,5.0,,,0 days 00:00:22.041000,0 days 00:00:25.015000,0 days 00:01:19.531000,0 days 01:34:25.603000,0 days 01:34:50.618000,0 days 01:36:10.149000,244.0,234.0,112.0,255.0,False,SOFT,4.0,False,,0 days 01:34:03.562000,2026-05-22 17:50:05.253,1,,,,False,True,FP1
0 days 01:38:27.258000,HAD,6,0 days 00:02:17.109000,28.0,5.0,,,0 days 00:00:26.673000,0 days 00:00:28.460000,0 days 00:01:21.976000,0 days 01:36:36.822000,0 days 01:37:05.282000,0 days 01:38:27.258000,223.0,231.0,94.0,161.0,False,SOFT,5.0,False,,0 days 01:36:10.149000,2026-05-22 17:52:11.840,1,,,,False,True,FP1
0 days 01:39:47.366000,HAD,6,,29.0,5.0,,0 days 01:39:47.366000,0 days 00:00:23.812000,0 days 00:00:25.431000,,0 days 01:38:51.236000,0 days 01:39:16.682000,,250.0,282.0,,184.0,False,SOFT,6.0,False,,0 days 01:38:27.258000,2026-05-22 17:54:28.949,1,,,,False,False,FP1
0 days 00:17:33.736000,RUS,63,0 days 00:01:45.604000,1.0,1.0,0 days 00:15:49.953000,,0 days 00:00:33.439000,0 days 00:00:29.507000,0 days 00:00:42.658000,0 days 00:16:21.843000,0 days 00:16:51.366000,0 days 00:17:33.888000,203.0,235.0,229.0,180.0,False,HARD,1.0,True,,0 days 00:15:49.953000,2026-05-22 16:31:51.644,1,,,,False,False,FP1
0 days 00:19:17.043000,RUS,63,0 days 00:01:43.307000,2.0,1.0,,,0 days 00:00:28.939000,0 days 00:00:28.055000,0 days 00:00:46.313000,0 days 00:18:02.675000,0 days 00:18:30.730000,0 days 00:19:17.043000,225.0,247.0,266.0,109.0,True,HARD,2.0,True,,0 days 00:17:33.736000,2026-05-22 16:33:35.427,1,,,,False,True,FP1
0 days 00:20:34.760000,RUS,63,0 days 00:01:17.717000,3.0,1.0,,,0 days 00:00:22.591000,0 days 00:00:24.414000,0 days 00:00:30.712000,0 days 00:19:39.634000,0 days 00:20:04.048000,0 days 00:20:34.760000,246.0,285.0,262.0,312.0,True,HARD,3.0,True,,0 days 00:19:17.043000,2026-05-22 16:35:18.734,1,,,,False,True,FP1
0 days 00:22:16.386000,RUS,63,0 days 00:01:41.626000,4.0,1.0,,,0 days 00:00:26.384000,0 days 00:00:27.932000,0 days 00:00:47.310000,0 days 00:21:01.144000,0 days 00:21:29.076000,0 days 00:22:16.386000,220.0,251.0,271.0,122.0,False,HARD,4.0,True,,0 days 00:20:34.760000,2026-05-22 16:36:36.451,12,,,,False,True,FP1
0 days 00:24:09.435000,RUS,63,0 days 00:01:53.049000,5.0,1.0,,,0 days 00:00:35.958000,0 days 00:00:29.516000,0 days 00:00:47.575000,0 days 00:22:52.344000,0 days 00:23:21.860000,0 days 00:24:09.435000,170.0,238.0,221.0,240.0,False,HARD,5.0,True,,0 days 00:22:16.386000,2026-05-22 16:38:18.077,26,,,,False,False,FP1
0 days 00:30:09.338000,RUS,63,,6.0,1.0,,0 days 00:25:46.541000,0 days 00:00:32.168000,0 days 00:00:29.202000,,0 days 00:24:41.867000,0 days 00:25:11.155000,,125.0,237.0,,,False,HARD,6.0,True,,0 days 00:24:09.435000,2026-05-22 16:40:11.126,6512,,,,False,False,FP1
0 days 00:31:55.370000,RUS,63,0 days 00:01:46.032000,7.0,2.0,0 days 00:30:11.280000,,0 days 00:00:49.283000,0 days 00:00:25.199000,0 days 00:00:31.550000,0 days 00:30:58.621000,0 days 00:31:23.820000,0 days 00:31:55.370000,241.0,290.0,275.0,302.0,False,HARD,7.0,False,,0 days 00:30:11.280000,2026-05-22 16:46:12.971,1,,,,False,False,FP1
0 days 00:33:12.608000,RUS,63,0 days 00:01:17.238000,8.0,2.0,,,0 days 00:00:22.227000,0 days 00:00:24.403000,0 days 00:00:30.608000,0 days 00:32:17.597000,0 days 00:32:42,0 days 00:33:12.608000,236.0,277.0,274.0,300.0,True,HARD,8.0,False,,0 days 00:31:55.370000,2026-05-22 16:47:57.061,1,,,,False,True,FP1
0 days 00:34:29.490000,RUS,63,0 days 00:01:16.882000,9.0,2.0,,,0 days 00:00:21.926000,0 days 00:00:24.426000,0 days 00:00:30.530000,0 days 00:33:34.534000,0 days 00:33:58.960000,0 days 00:34:29.490000,238.0,278.0,276.0,303.0,True,HARD,9.0,False,,0 days 00:33:12.608000,2026-05-22 16:49:14.299,1,,,,False,True,FP1
0 days 00:35:45.754000,RUS,63,0 days 00:01:16.264000,10.0,2.0,,,0 days 00:00:21.795000,0 days 00:00:24.177000,0 days 00:00:30.292000,0 days 00:34:51.285000,0 days 00:35:15.462000,0 days 00:35:45.754000,238.0,278.0,273.0,301.0,True,HARD,10.0,False,,0 days 00:34:29.490000,2026-05-22 16:50:31.181,1,,,,False,True,FP1
0 days 00:37:01.647000,RUS,63,0 days 00:01:15.893000,11.0,2.0,,,0 days 00:00:21.625000,0 days 00:00:23.955000,0 days 00:00:30.313000,0 days 00:36:07.379000,0 days 00:36:31.334000,0 days 00:37:01.647000,239.0,280.0,276.0,309.0,True,HARD,11.0,False,,0 days 00:35:45.754000,2026-05-22 16:51:47.445,1,,,,False,True,FP1
0 days 00:38:17.407000,RUS,63,0 days 00:01:15.760000,12.0,2.0,,,0 days 00:00:21.640000,0 days 00:00:24.032000,0 days 00:00:30.088000,0 days 00:37:23.287000,0 days 00:37:47.319000,0 days 00:38:17.407000,239.0,280.0,278.0,304.0,True,HARD,12.0,False,,0 days 00:37:01.647000,2026-05-22 16:53:03.338,1,,,,False,True,FP1
0 days 00:39:32.821000,RUS,63,0 days 00:01:15.414000,13.0,2.0,,,0 days 00:00:21.567000,0 days 00:00:24.027000,0 days 00:00:29.820000,0 days 00:38:38.974000,0 days 00:39:03.001000,0 days 00:39:32.821000,240.0,282.0,281.0,309.0,True,HARD,13.0,False,,0 days 00:38:17.407000,2026-05-22 16:54:19.098,1,,,,False,True,FP1
0 days 00:40:48.550000,RUS,63,0 days 00:01:15.729000,14.0,2.0,,,0 days 00:00:21.454000,0 days 00:00:24.349000,0 days 00:00:29.926000,0 days 00:39:54.275000,0 days 00:40:18.624000,0 days 00:40:48.550000,241.0,281.0,280.0,309.0,False,HARD,14.0,False,,0 days 00:39:32.821000,2026-05-22 16:55:34.512,1,,,,False,True,FP1
0 days 00:57:01.483000,RUS,63,,15.0,2.0,,0 days 00:42:22.782000,0 days 00:00:21.760000,,,0 days 00:41:10.518000,,,242.0,,,,False,HARD,15.0,False,,0 days 00:40:48.550000,2026-05-22 16:56:50.241,125,,,,False,False,FP1
0 days 00:58:34.071000,RUS,63,,16.0,3.0,0 days 00:57:01.483000,,,0 days 00:00:27.650000,0 days 00:00:35.870000,,0 days 00:57:58.389000,0 days 00:58:34.248000,214.0,240.0,229.0,245.0,False,HARD,16.0,False,,0 days 00:57:01.483000,2026-05-22 17:13:03.174,1,,,,False,False,FP1
0 days 01:00:00.445000,RUS,63,0 days 00:01:26.374000,17.0,3.0,,,0 days 00:00:22.875000,0 days 00:00:26.571000,0 days 00:00:36.928000,0 days 00:58:56.946000,0 days 00:59:23.517000,0 days 01:00:00.445000,228.0,237.0,273.0,229.0,False,HARD,17.0,False,,0 days 00:58:34.071000,2026-05-22 17:14:35.762,1,,,,False,True,FP1
0 days 01:01:15.421000,RUS,63,0 days 00:01:14.976000,18.0,3.0,,,0 days 00:00:21.446000,0 days 00:00:23.636000,0 days 00:00:29.894000,0 days 01:00:21.891000,0 days 01:00:45.527000,0 days 01:01:15.421000,243.0,287.0,270.0,315.0,True,HARD,18.0,False,,0 days 01:00:00.445000,2026-05-22 17:16:02.136,1,,,,False,True,FP1
0 days 01:02:46.808000,RUS,63,0 days 00:01:31.387000,19.0,3.0,,,0 days 00:00:24.612000,0 days 00:00:27.809000,0 days 00:00:38.966000,0 days 01:01:40.033000,0 days 01:02:07.842000,0 days 01:02:46.808000,220.0,252.0,275.0,254.0,False,HARD,19.0,False,,0 days 01:01:15.421000,2026-05-22 17:17:17.112,1,,,,False,True,FP1
0 days 01:04:01.368000,RUS,63,0 days 00:01:14.560000,20.0,3.0,,,0 days 00:00:21.257000,0 days 00:00:23.647000,0 days 00:00:29.656000,0 days 01:03:08.065000,0 days 01:03:31.712000,0 days 01:04:01.368000,244.0,286.0,270.0,316.0,True,HARD,20.0,False,,0 days 01:02:46.808000,2026-05-22 17:18:48.499,1,,,,False,True,FP1
0 days 01:05:30.240000,RUS,63,0 days 00:01:28.872000,21.0,3.0,,,0 days 00:00:25.961000,0 days 00:00:27.818000,0 days 00:00:35.093000,0 days 01:04:27.329000,0 days 01:04:55.147000,0 days 01:05:30.240000,219.0,252.0,275.0,256.0,False,HARD,21.0,False,,0 days 01:04:01.368000,2026-05-22 17:20:03.059,1,,,,False,True,FP1
0 days 01:06:44.684000,RUS,63,0 days 00:01:14.444000,22.0,3.0,,,0 days 00:00:21.252000,0 days 00:00:23.488000,0 days 00:00:29.704000,0 days 01:05:51.492000,0 days 01:06:14.980000,0 days 01:06:44.684000,244.0,286.0,271.0,313.0,True,HARD,22.0,False,,0 days 01:05:30.240000,2026-05-22 17:21:31.931,1,,,,False,True,FP1
0 days 01:14:56.680000,RUS,63,,23.0,3.0,,0 days 01:08:10.688000,0 days 00:00:25.175000,0 days 00:00:27.572000,,0 days 01:07:10.109000,0 days 01:07:37.677000,,219.0,185.0,,268.0,False,HARD,23.0,False,,0 days 01:06:44.684000,2026-05-22 17:22:46.375,12,,,,False,False,FP1
0 days 01:16:24.817000,RUS,63,0 days 00:01:28.137000,24.0,4.0,0 days 01:14:58.079000,,0 days 00:00:28.062000,0 days 00:00:25.054000,0 days 00:00:35.021000,0 days 01:15:24.742000,0 days 01:15:49.796000,0 days 01:16:24.817000,241.0,276.0,271.0,245.0,False,SOFT,1.0,True,,0 days 01:14:56.680000,2026-05-22 17:30:58.371,1,,,,False,False,FP1
0 days 01:17:38.667000,RUS,63,0 days 00:01:13.850000,25.0,4.0,,,0 days 00:00:20.899000,0 days 00:00:23.315000,0 days 00:00:29.636000,0 days 01:16:45.716000,0 days 01:17:09.031000,0 days 01:17:38.667000,247.0,286.0,268.0,314.0,True,SOFT,2.0,True,,0 days 01:16:24.817000,2026-05-22 17:32:26.508,1,,,,False,True,FP1
0 days 01:19:17.014000,RUS,63,0 days 00:01:38.347000,26.0,4.0,,,0 days 00:00:28.013000,0 days 00:00:32.401000,0 days 00:00:37.933000,0 days 01:18:06.680000,0 days 01:18:39.081000,0 days 01:19:17.014000,218.0,226.0,270.0,250.0,False,SOFT,3.0,True,,0 days 01:17:38.667000,2026-05-22 17:33:40.358,1,,,,False,True,FP1
0 days 01:20:49.256000,RUS,63,0 days 00:01:32.242000,27.0,4.0,,,0 days 00:00:24.980000,0 days 00:00:30.864000,0 days 00:00:36.398000,0 days 01:19:41.994000,0 days 01:20:12.858000,0 days 01:20:49.256000,218.0,239.0,269.0,246.0,False,SOFT,4.0,True,,0 days 01:19:17.014000,2026-05-22 17:35:18.705,1,,,,False,True,FP1
0 days 01:22:15.829000,RUS,63,0 days 00:01:26.573000,28.0,4.0,,,0 days 00:00:20.956000,0 days 00:00:27.902000,0 days 00:00:37.715000,0 days 01:21:10.212000,0 days 01:21:38.114000,0 days 01:22:15.829000,246.0,240.0,273.0,219.0,False,SOFT,5.0,True,,0 days 01:20:49.256000,2026-05-22 17:36:50.947,1,,,,False,True,FP1
0 days 01:23:29.373000,RUS,63,0 days 00:01:13.544000,29.0,4.0,,,0 days 00:00:20.896000,0 days 00:00:23.224000,0 days 00:00:29.424000,0 days 01:22:36.725000,0 days 01:22:59.949000,0 days 01:23:29.373000,247.0,287.0,268.0,313.0,True,SOFT,6.0,True,,0 days 01:22:15.829000,2026-05-22 17:38:17.520,1,,,,False,True,FP1
0 days 01:25:03.389000,RUS,63,0 days 00:01:34.016000,30.0,4.0,,,0 days 00:00:25.869000,0 days 00:00:27.448000,0 days 00:00:40.699000,0 days 01:23:55.242000,0 days 01:24:22.690000,0 days 01:25:03.389000,220.0,243.0,272.0,247.0,False,SOFT,7.0,True,,0 days 01:23:29.373000,2026-05-22 17:39:31.064,12,,,,False,True,FP1
0 days 01:31:32.920000,RUS,63,,31.0,4.0,,0 days 01:26:48.659000,0 days 00:00:43.402000,0 days 00:00:31.154000,,0 days 01:25:46.878000,0 days 01:26:18.136000,,171.0,230.0,,251.0,False,SOFT,8.0,True,,0 days 01:25:03.389000,2026-05-22 17:41:05.080,125,,,,False,False,FP1
0 days 01:33:41.576000,RUS,63,0 days 00:02:08.656000,32.0,5.0,0 days 01:32:06.963000,,0 days 00:01:03.830000,0 days 00:00:27.843000,0 days 00:00:36.983000,0 days 01:32:36.750000,0 days 01:33:04.593000,0 days 01:33:41.576000,185.0,253.0,260.0,254.0,False,HARD,24.0,False,,0 days 01:32:06.963000,2026-05-22 17:48:08.654,1,,,,False,False,FP1
0 days 01:35:59.369000,RUS,63,0 days 00:02:17.793000,33.0,5.0,,,0 days 00:00:24.102000,0 days 00:00:27.333000,0 days 00:01:26.358000,0 days 01:34:05.678000,0 days 01:34:33.011000,0 days 01:35:59.369000,244.0,260.0,92.0,247.0,False,HARD,25.0,False,,0 days 01:33:41.576000,2026-05-22 17:49:43.267,1,,,,False,True,FP1
0 days 01:38:11.292000,RUS,63,0 days 00:02:11.923000,34.0,5.0,,,0 days 00:00:23.870000,0 days 00:00:25.539000,0 days 00:01:22.514000,0 days 01:36:23.239000,0 days 01:36:48.778000,0 days 01:38:11.292000,249.0,239.0,106.0,259.0,False,HARD,26.0,False,,0 days 01:35:59.369000,2026-05-22 17:52:01.060,1,,,,False,True,FP1
0 days 01:39:29.219000,RUS,63,,35.0,5.0,,0 days 01:39:29.219000,0 days 00:00:23.839000,0 days 00:00:25.583000,,0 days 01:38:35.246000,0 days 01:39:01.780000,,239.0,281.0,,277.0,False,HARD,27.0,False,,0 days 01:38:11.292000,2026-05-22 17:54:12.983,1,,,,False,False,FP1
0 days 00:17:40.504000,BOT,77,0 days 00:01:56.445000,1.0,1.0,0 days 00:15:47.064000,,0 days 00:00:38.631000,0 days 00:00:29.816000,0 days 00:00:47.998000,0 days 00:16:22.956000,0 days 00:16:52.736000,0 days 00:17:40.676000,203.0,199.0,252.0,230.0,False,MEDIUM,1.0,True,,0 days 00:15:47.064000,2026-05-22 16:31:48.755,1,,,,False,False,FP1
0 days 00:19:11.767000,BOT,77,0 days 00:01:31.263000,2.0,1.0,,,0 days 00:00:24.147000,0 days 00:00:27.265000,0 days 00:00:39.851000,0 days 00:18:04.651000,0 days 00:18:31.916000,0 days 00:19:11.767000,226.0,258.0,267.0,197.0,True,MEDIUM,2.0,True,,0 days 00:17:40.504000,2026-05-22 16:33:42.195,1,,,,False,True,FP1
0 days 00:20:31.908000,BOT,77,0 days 00:01:20.141000,3.0,1.0,,,0 days 00:00:23.118000,0 days 00:00:25.544000,0 days 00:00:31.479000,0 days 00:19:34.885000,0 days 00:20:00.429000,0 days 00:20:31.908000,239.0,275.0,250.0,308.0,True,MEDIUM,3.0,True,,0 days 00:19:11.767000,2026-05-22 16:35:13.458,1,,,,False,True,FP1
0 days 00:22:02.947000,BOT,77,0 days 00:01:31.039000,4.0,1.0,,,0 days 00:00:26.205000,0 days 00:00:29.073000,0 days 00:00:35.761000,0 days 00:20:58.113000,0 days 00:21:27.186000,0 days 00:22:02.947000,176.0,253.0,266.0,269.0,False,MEDIUM,4.0,True,,0 days 00:20:31.908000,2026-05-22 16:36:33.599,12,,,,False,True,FP1
0 days 00:23:54.476000,BOT,77,0 days 00:01:51.529000,5.0,1.0,,,0 days 00:00:28.102000,0 days 00:00:34.522000,0 days 00:00:48.905000,0 days 00:22:31.049000,0 days 00:23:05.571000,0 days 00:23:54.476000,151.0,265.0,237.0,244.0,False,MEDIUM,5.0,True,,0 days 00:22:02.947000,2026-05-22 16:38:04.638,26,,,,False,False,FP1
0 days 00:38:23.247000,BOT,77,,6.0,1.0,,0 days 00:25:32.172000,0 days 00:00:36.103000,0 days 00:00:29.961000,,0 days 00:24:32.128000,0 days 00:25:01.142000,,170.0,277.0,,,False,MEDIUM,6.0,True,,0 days 00:23:54.476000,2026-05-22 16:39:56.167,6512,,,,False,False,FP1
0 days 00:39:55.078000,BOT,77,0 days 00:01:31.831000,7.0,2.0,0 days 00:38:24.734000,,0 days 00:00:27.143000,0 days 00:00:27.079000,0 days 00:00:37.609000,0 days 00:38:50.390000,0 days 00:39:17.469000,0 days 00:39:55.078000,226.0,252.0,269.0,260.0,False,MEDIUM,7.0,False,,0 days 00:38:24.734000,2026-05-22 16:54:26.425,1,,,,False,False,FP1
0 days 00:41:13.388000,BOT,77,0 days 00:01:18.310000,8.0,2.0,,,0 days 00:00:22.402000,0 days 00:00:25.008000,0 days 00:00:30.900000,0 days 00:40:17.480000,0 days 00:40:42.488000,0 days 00:41:13.388000,238.0,276.0,265.0,315.0,True,MEDIUM,8.0,False,,0 days 00:39:55.078000,2026-05-22 16:55:56.769,1,,,,False,True,FP1
0 days 00:57:44.325000,BOT,77,,9.0,2.0,,0 days 00:43:01.524000,,,,,,,,,,,False,MEDIUM,9.0,False,,0 days 00:41:13.388000,2026-05-22 16:57:15.079,125,,,,False,False,FP1
0 days 00:59:14.998000,BOT,77,0 days 00:01:30.673000,10.0,3.0,0 days 00:57:45.922000,,0 days 00:00:27.628000,0 days 00:00:27.679000,0 days 00:00:35.366000,0 days 00:58:11.953000,0 days 00:58:39.632000,0 days 00:59:14.998000,221.0,248.0,270.0,266.0,False,MEDIUM,10.0,False,,0 days 00:57:45.922000,2026-05-22 17:13:47.613,1,,,,False,False,FP1
0 days 01:00:46.895000,BOT,77,0 days 00:01:31.897000,11.0,3.0,,,0 days 00:00:22.549000,0 days 00:00:25.574000,0 days 00:00:43.774000,0 days 00:59:37.547000,0 days 01:00:03.121000,0 days 01:00:46.895000,235.0,215.0,271.0,266.0,False,MEDIUM,11.0,False,,0 days 00:59:14.998000,2026-05-22 17:15:16.689,1,,,,False,True,FP1
0 days 01:02:04.763000,BOT,77,0 days 00:01:17.868000,12.0,3.0,,,0 days 00:00:22.246000,0 days 00:00:24.851000,0 days 00:00:30.771000,0 days 01:01:09.141000,0 days 01:01:33.992000,0 days 01:02:04.763000,237.0,275.0,256.0,314.0,True,MEDIUM,12.0,False,,0 days 01:00:46.895000,2026-05-22 17:16:48.586,1,,,,False,True,FP1
0 days 01:03:36.941000,BOT,77,0 days 00:01:32.178000,13.0,3.0,,,0 days 00:00:25.877000,0 days 00:00:29.223000,0 days 00:00:37.078000,0 days 01:02:30.640000,0 days 01:02:59.863000,0 days 01:03:36.941000,199.0,243.0,267.0,269.0,False,MEDIUM,13.0,False,,0 days 01:02:04.763000,2026-05-22 17:18:06.454,1,,,,False,True,FP1
0 days 01:13:36.025000,BOT,77,,14.0,3.0,,0 days 01:04:51.250000,0 days 00:00:22.165000,0 days 00:00:24.758000,,0 days 01:03:59.342000,0 days 01:04:24.050000,,237.0,279.0,,250.0,False,MEDIUM,14.0,False,,0 days 01:03:36.941000,2026-05-22 17:19:38.632,12,,,,False,False,FP1
0 days 01:15:27.929000,BOT,77,0 days 00:01:51.904000,15.0,4.0,0 days 01:13:38.307000,,0 days 00:00:49.996000,0 days 00:00:28.744000,0 days 00:00:33.164000,0 days 01:14:26.021000,0 days 01:14:54.765000,0 days 01:15:27.929000,217.0,270.0,289.0,311.0,False,MEDIUM,15.0,False,,0 days 01:13:36.025000,2026-05-22 17:29:37.716,1,,,,False,False,FP1
0 days 01:16:46.416000,BOT,77,0 days 00:01:18.487000,16.0,4.0,,,0 days 00:00:22.532000,0 days 00:00:24.945000,0 days 00:00:31.010000,0 days 01:15:50.461000,0 days 01:16:15.406000,0 days 01:16:46.416000,232.0,274.0,270.0,301.0,False,MEDIUM,16.0,False,,0 days 01:15:27.929000,2026-05-22 17:31:29.620,1,,,,False,True,FP1
0 days 01:18:04.939000,BOT,77,0 days 00:01:18.523000,17.0,4.0,,,0 days 00:00:22.489000,0 days 00:00:24.964000,0 days 00:00:31.070000,0 days 01:17:08.905000,0 days 01:17:33.869000,0 days 01:18:04.939000,229.0,272.0,271.0,296.0,False,MEDIUM,17.0,False,,0 days 01:16:46.416000,2026-05-22 17:32:48.107,1,,,,False,True,FP1
0 days 01:19:23.215000,BOT,77,0 days 00:01:18.276000,18.0,4.0,,,0 days 00:00:22.331000,0 days 00:00:24.855000,0 days 00:00:31.090000,0 days 01:18:27.270000,0 days 01:18:52.125000,0 days 01:19:23.215000,231.0,273.0,270.0,296.0,False,MEDIUM,18.0,False,,0 days 01:18:04.939000,2026-05-22 17:34:06.630,1,,,,False,True,FP1
0 days 01:20:41.648000,BOT,77,0 days 00:01:18.433000,19.0,4.0,,,0 days 00:00:22.432000,0 days 00:00:24.893000,0 days 00:00:31.108000,0 days 01:19:45.647000,0 days 01:20:10.540000,0 days 01:20:41.648000,230.0,274.0,270.0,294.0,False,MEDIUM,19.0,False,,0 days 01:19:23.215000,2026-05-22 17:35:24.906,1,,,,False,True,FP1
0 days 01:22:00.076000,BOT,77,0 days 00:01:18.428000,20.0,4.0,,,0 days 00:00:22.422000,0 days 00:00:24.978000,0 days 00:00:31.028000,0 days 01:21:04.070000,0 days 01:21:29.048000,0 days 01:22:00.076000,229.0,269.0,271.0,292.0,False,MEDIUM,20.0,False,,0 days 01:20:41.648000,2026-05-22 17:36:43.339,1,,,,False,True,FP1
0 days 01:23:18.242000,BOT,77,0 days 00:01:18.166000,21.0,4.0,,,0 days 00:00:22.241000,0 days 00:00:24.851000,0 days 00:00:31.074000,0 days 01:22:22.317000,0 days 01:22:47.168000,0 days 01:23:18.242000,232.0,273.0,274.0,293.0,False,MEDIUM,21.0,False,,0 days 01:22:00.076000,2026-05-22 17:38:01.767,1,,,,False,True,FP1
0 days 01:24:36.353000,BOT,77,0 days 00:01:18.111000,22.0,4.0,,,0 days 00:00:22.567000,0 days 00:00:24.761000,0 days 00:00:30.783000,0 days 01:23:40.809000,0 days 01:24:05.570000,0 days 01:24:36.353000,229.0,275.0,278.0,295.0,False,MEDIUM,22.0,False,,0 days 01:23:18.242000,2026-05-22 17:39:19.933,12,,,,False,True,FP1
0 days 01:26:32.336000,BOT,77,0 days 00:01:55.983000,23.0,4.0,,0 days 01:25:50.351000,0 days 00:00:22.527000,0 days 00:00:24.655000,0 days 00:01:08.801000,0 days 01:24:58.880000,0 days 01:25:23.535000,0 days 01:26:32.336000,231.0,274.0,,255.0,False,MEDIUM,23.0,False,,0 days 01:24:36.353000,2026-05-22 17:40:38.044,12,,,,False,False,FP1
0 days 01:32:12.563000,BOT,77,,24.0,5.0,0 days 01:26:33.896000,0 days 01:28:25.989000,0 days 00:00:37.370000,,,0 days 01:27:10.023000,,,124.0,,,,False,SOFT,1.0,True,,0 days 01:26:32.336000,2026-05-22 17:42:34.027,125,,,,False,False,FP1
0 days 01:33:49.121000,BOT,77,0 days 00:01:36.558000,25.0,6.0,0 days 01:32:14.528000,,0 days 00:00:29.645000,0 days 00:00:28.727000,0 days 00:00:38.186000,0 days 01:32:42.208000,0 days 01:33:10.935000,0 days 01:33:49.121000,209.0,252.0,270.0,243.0,False,SOFT,2.0,False,,0 days 01:32:14.528000,2026-05-22 17:48:16.219,1,,,,False,False,FP1
0 days 01:36:01.422000,BOT,77,0 days 00:02:12.301000,26.0,6.0,,,0 days 00:00:24.843000,0 days 00:00:29.309000,0 days 00:01:18.149000,0 days 01:34:13.964000,0 days 01:34:43.273000,0 days 01:36:01.422000,187.0,236.0,125.0,192.0,False,SOFT,3.0,False,,0 days 01:33:49.121000,2026-05-22 17:49:50.812,1,,,,False,True,FP1
0 days 01:38:14.445000,BOT,77,0 days 00:02:13.023000,27.0,6.0,,,0 days 00:00:24.162000,0 days 00:00:27.587000,0 days 00:01:21.274000,0 days 01:36:25.584000,0 days 01:36:53.171000,0 days 01:38:14.445000,242.0,192.0,137.0,176.0,False,SOFT,4.0,False,,0 days 01:36:01.422000,2026-05-22 17:52:03.113,1,,,,False,True,FP1
0 days 01:39:32.766000,BOT,77,,28.0,6.0,,0 days 01:39:32.766000,0 days 00:00:23.501000,0 days 00:00:25.720000,,0 days 01:38:38.076000,0 days 01:39:03.848000,,231.0,273.0,,239.0,False,SOFT,5.0,False,,0 days 01:38:14.445000,2026-05-22 17:54:16.136,1,,,,False,False,FP1
0 days 00:16:16.172000,PIA,81,0 days 00:01:49.554000,1.0,1.0,0 days 00:14:30.010000,,0 days 00:00:40.658000,0 days 00:00:29.669000,0 days 00:00:39.227000,0 days 00:15:07.381000,0 days 00:15:37.108000,0 days 00:16:16.280000,195.0,236.0,254.0,246.0,False,HARD,1.0,True,,0 days 00:14:30.010000,2026-05-22 16:30:31.701,1,,,,False,False,FP1
0 days 00:17:35.661000,PIA,81,0 days 00:01:19.489000,2.0,1.0,,,0 days 00:00:23.315000,0 days 00:00:25.207000,0 days 00:00:30.967000,0 days 00:16:39.487000,0 days 00:17:04.694000,0 days 00:17:35.661000,243.0,280.0,265.0,310.0,True,HARD,2.0,True,,0 days 00:16:16.172000,2026-05-22 16:32:17.863,1,,,,False,True,FP1
0 days 00:19:22.517000,PIA,81,0 days 00:01:46.856000,3.0,1.0,,,0 days 00:00:32.505000,0 days 00:00:32.524000,0 days 00:00:41.827000,0 days 00:18:08.166000,0 days 00:18:40.690000,0 days 00:19:22.517000,175.0,197.0,258.0,257.0,False,HARD,3.0,True,,0 days 00:17:35.661000,2026-05-22 16:33:37.352,1,,,,False,True,FP1
0 days 00:20:39.396000,PIA,81,0 days 00:01:16.879000,4.0,1.0,,,0 days 00:00:22.298000,0 days 00:00:24.256000,0 days 00:00:30.325000,0 days 00:19:44.815000,0 days 00:20:09.071000,0 days 00:20:39.396000,247.0,283.0,267.0,311.0,True,HARD,4.0,True,,0 days 00:19:22.517000,2026-05-22 16:35:24.208,1,,,,False,True,FP1
0 days 00:30:02.450000,PIA,81,,5.0,1.0,,0 days 00:22:11.906000,0 days 00:00:25.438000,0 days 00:00:30.644000,,0 days 00:21:04.949000,0 days 00:21:35.693000,,200.0,186.0,,191.0,False,HARD,5.0,True,,0 days 00:20:39.396000,2026-05-22 16:36:41.087,1265,,,,False,False,FP1
0 days 00:31:38.441000,PIA,81,,6.0,2.0,0 days 00:30:02.450000,,0 days 00:01:37.665000,0 days 00:00:28.577000,0 days 00:00:36.732000,0 days 00:30:33.239000,0 days 00:31:01.988000,0 days 00:31:38.628000,223.0,236.0,237.0,242.0,False,HARD,6.0,False,,0 days 00:30:02.450000,2026-05-22 16:46:04.141,1,,,,False,False,FP1
0 days 00:33:03.608000,PIA,81,0 days 00:01:25.167000,7.0,2.0,,,0 days 00:00:23.377000,0 days 00:00:25.546000,0 days 00:00:36.244000,0 days 00:32:01.818000,0 days 00:32:27.364000,0 days 00:33:03.608000,250.0,275.0,257.0,250.0,False,HARD,7.0,False,,0 days 00:31:38.441000,2026-05-22 16:47:40.132,1,,,,False,True,FP1
0 days 00:34:23.484000,PIA,81,0 days 00:01:19.876000,8.0,2.0,,,0 days 00:00:22.071000,0 days 00:00:24.178000,0 days 00:00:33.627000,0 days 00:33:25.679000,0 days 00:33:49.857000,0 days 00:34:23.484000,238.0,278.0,213.0,303.0,False,HARD,8.0,False,,0 days 00:33:03.608000,2026-05-22 16:49:05.299,1,,,,False,True,FP1
0 days 00:35:58.649000,PIA,81,0 days 00:01:35.165000,9.0,2.0,,,0 days 00:00:29.413000,0 days 00:00:27.582000,0 days 00:00:38.170000,0 days 00:34:52.897000,0 days 00:35:20.479000,0 days 00:35:58.649000,198.0,242.0,263.0,228.0,False,HARD,9.0,False,,0 days 00:34:23.484000,2026-05-22 16:50:25.175,1,,,,False,True,FP1
0 days 00:37:14.455000,PIA,81,0 days 00:01:15.806000,10.0,2.0,,,0 days 00:00:21.673000,0 days 00:00:23.944000,0 days 00:00:30.189000,0 days 00:36:20.322000,0 days 00:36:44.266000,0 days 00:37:14.455000,247.0,282.0,265.0,307.0,True,HARD,10.0,False,,0 days 00:35:58.649000,2026-05-22 16:52:00.340,1,,,,False,True,FP1
0 days 00:38:46.804000,PIA,81,0 days 00:01:32.349000,11.0,2.0,,,0 days 00:00:25.282000,0 days 00:00:30.482000,0 days 00:00:36.585000,0 days 00:37:39.737000,0 days 00:38:10.219000,0 days 00:38:46.804000,201.0,183.0,267.0,253.0,False,HARD,11.0,False,,0 days 00:37:14.455000,2026-05-22 16:53:16.146,1,,,,False,True,FP1
0 days 00:40:01.767000,PIA,81,0 days 00:01:14.963000,12.0,2.0,,,0 days 00:00:21.400000,0 days 00:00:23.671000,0 days 00:00:29.892000,0 days 00:39:08.204000,0 days 00:39:31.875000,0 days 00:40:01.767000,248.0,286.0,270.0,309.0,True,HARD,12.0,False,,0 days 00:38:46.804000,2026-05-22 16:54:48.495,1,,,,False,True,FP1
0 days 00:57:54.283000,PIA,81,,13.0,2.0,,0 days 00:41:24.080000,0 days 00:00:24.304000,0 days 00:00:27.511000,,0 days 00:40:26.271000,0 days 00:40:53.735000,,218.0,239.0,,241.0,False,HARD,13.0,False,,0 days 00:40:01.767000,2026-05-22 16:56:03.458,125,,,,False,False,FP1
0 days 01:00:01.992000,PIA,81,0 days 00:02:07.709000,14.0,3.0,0 days 00:57:56.649000,,0 days 00:01:00.674000,0 days 00:00:29.671000,0 days 00:00:37.364000,0 days 00:58:54.957000,0 days 00:59:24.628000,0 days 01:00:01.992000,227.0,242.0,278.0,300.0,False,HARD,14.0,False,,0 days 00:57:56.649000,2026-05-22 17:13:58.340,1,,,,False,False,FP1
0 days 01:01:20.001000,PIA,81,0 days 00:01:18.009000,15.0,3.0,,,0 days 00:00:22.472000,0 days 00:00:24.835000,0 days 00:00:30.702000,0 days 01:00:24.464000,0 days 01:00:49.299000,0 days 01:01:20.001000,240.0,279.0,278.0,301.0,False,HARD,15.0,False,,0 days 01:00:01.992000,2026-05-22 17:16:03.683,1,,,,False,True,FP1
0 days 01:02:36.270000,PIA,81,0 days 00:01:16.269000,16.0,3.0,,,0 days 00:00:21.830000,0 days 00:00:24.152000,0 days 00:00:30.287000,0 days 01:01:41.831000,0 days 01:02:05.983000,0 days 01:02:36.270000,238.0,280.0,278.0,303.0,False,HARD,16.0,False,,0 days 01:01:20.001000,2026-05-22 17:17:21.692,1,,,,False,True,FP1
0 days 01:03:52.537000,PIA,81,0 days 00:01:16.267000,17.0,3.0,,,0 days 00:00:21.766000,0 days 00:00:24.185000,0 days 00:00:30.316000,0 days 01:02:58.036000,0 days 01:03:22.221000,0 days 01:03:52.537000,238.0,283.0,281.0,309.0,False,HARD,17.0,False,,0 days 01:02:36.270000,2026-05-22 17:18:37.961,1,,,,False,True,FP1
0 days 01:05:08.676000,PIA,81,0 days 00:01:16.139000,18.0,3.0,,,0 days 00:00:21.760000,0 days 00:00:24.141000,0 days 00:00:30.238000,0 days 01:04:14.297000,0 days 01:04:38.438000,0 days 01:05:08.676000,240.0,284.0,278.0,310.0,False,HARD,18.0,False,,0 days 01:03:52.537000,2026-05-22 17:19:54.228,1,,,,False,True,FP1
0 days 01:06:25.005000,PIA,81,0 days 00:01:16.329000,19.0,3.0,,,0 days 00:00:21.776000,0 days 00:00:24.213000,0 days 00:00:30.340000,0 days 01:05:30.452000,0 days 01:05:54.665000,0 days 01:06:25.005000,238.0,282.0,275.0,301.0,False,HARD,19.0,False,,0 days 01:05:08.676000,2026-05-22 17:21:10.367,1,,,,False,True,FP1
0 days 01:07:41.347000,PIA,81,0 days 00:01:16.342000,20.0,3.0,,,0 days 00:00:21.833000,0 days 00:00:24.211000,0 days 00:00:30.298000,0 days 01:06:46.838000,0 days 01:07:11.049000,0 days 01:07:41.347000,240.0,283.0,281.0,305.0,False,HARD,20.0,False,,0 days 01:06:25.005000,2026-05-22 17:22:26.696,1,,,,False,True,FP1
0 days 01:08:58.135000,PIA,81,0 days 00:01:16.788000,21.0,3.0,,,0 days 00:00:21.659000,0 days 00:00:24.668000,0 days 00:00:30.461000,0 days 01:08:03.006000,0 days 01:08:27.674000,0 days 01:08:58.135000,240.0,279.0,283.0,308.0,False,HARD,21.0,False,,0 days 01:07:41.347000,2026-05-22 17:23:43.038,1,,,,False,True,FP1
0 days 01:10:33.991000,PIA,81,0 days 00:01:35.856000,22.0,3.0,,0 days 01:10:10.035000,0 days 00:00:21.970000,0 days 00:00:24.186000,0 days 00:00:49.700000,0 days 01:09:20.105000,0 days 01:09:44.291000,0 days 01:10:33.991000,242.0,290.0,,323.0,False,HARD,22.0,False,,0 days 01:08:58.135000,2026-05-22 17:24:59.826,12,,,,False,False,FP1
0 days 01:18:39.162000,PIA,81,,23.0,4.0,0 days 01:10:35.530000,0 days 01:11:48.748000,0 days 00:00:24.493000,0 days 00:00:24.429000,,0 days 01:10:58.678000,0 days 01:11:23.120000,,246.0,284.0,,282.0,False,HARD,23.0,False,,0 days 01:10:33.991000,2026-05-22 17:26:35.682,1,,,,False,False,FP1
0 days 01:20:09.308000,PIA,81,0 days 00:01:30.146000,24.0,5.0,0 days 01:18:40.820000,,0 days 00:00:27.770000,0 days 00:00:26.859000,0 days 00:00:35.517000,0 days 01:19:06.932000,0 days 01:19:33.791000,0 days 01:20:09.308000,231.0,245.0,253.0,248.0,False,SOFT,1.0,True,,0 days 01:18:39.162000,2026-05-22 17:34:40.853,1,,,,False,False,FP1
0 days 01:21:27.110000,PIA,81,0 days 00:01:17.802000,25.0,5.0,,,0 days 00:00:21.260000,0 days 00:00:23.308000,0 days 00:00:33.234000,0 days 01:20:30.568000,0 days 01:20:53.876000,0 days 01:21:27.110000,253.0,282.0,184.0,304.0,False,SOFT,2.0,True,,0 days 01:20:09.308000,2026-05-22 17:36:10.999,1,,,,False,True,FP1
0 days 01:23:09.218000,PIA,81,0 days 00:01:42.108000,26.0,5.0,,,0 days 00:00:29.087000,0 days 00:00:32.422000,0 days 00:00:40.599000,0 days 01:21:56.197000,0 days 01:22:28.619000,0 days 01:23:09.218000,190.0,195.0,264.0,223.0,False,SOFT,3.0,True,,0 days 01:21:27.110000,2026-05-22 17:37:28.801,1,,,,False,True,FP1
0 days 01:24:24.316000,PIA,81,0 days 00:01:15.098000,27.0,5.0,,,0 days 00:00:21.410000,0 days 00:00:23.709000,0 days 00:00:29.979000,0 days 01:23:30.628000,0 days 01:23:54.337000,0 days 01:24:24.316000,254.0,286.0,269.0,306.0,False,SOFT,4.0,True,,0 days 01:23:09.218000,2026-05-22 17:39:10.909,12,,,,False,True,FP1
0 days 01:31:19.335000,PIA,81,,28.0,5.0,,0 days 01:26:00.989000,0 days 00:00:29.316000,0 days 00:00:33.089000,,0 days 01:24:53.736000,0 days 01:25:26.806000,,201.0,194.0,,212.0,False,SOFT,5.0,True,,0 days 01:24:24.316000,2026-05-22 17:40:26.007,125,,,,False,False,FP1
0 days 01:33:35.681000,PIA,81,0 days 00:02:16.346000,29.0,6.0,0 days 01:32:02.336000,,0 days 00:01:13.031000,0 days 00:00:27.378000,0 days 00:00:35.937000,0 days 01:32:32.366000,0 days 01:32:59.744000,0 days 01:33:35.681000,210.0,239.0,266.0,238.0,False,HARD,24.0,False,,0 days 01:32:02.336000,2026-05-22 17:48:04.027,1,,,,False,False,FP1
0 days 01:35:40.366000,PIA,81,0 days 00:02:04.685000,30.0,6.0,,,0 days 00:00:21.764000,0 days 00:00:24.430000,0 days 00:01:18.491000,0 days 01:33:57.445000,0 days 01:34:21.875000,0 days 01:35:40.366000,249.0,270.0,4.0,228.0,False,HARD,25.0,False,,0 days 01:33:35.681000,2026-05-22 17:49:37.372,1,,,,False,True,FP1
0 days 01:37:41.287000,PIA,81,0 days 00:02:00.921000,31.0,6.0,,,0 days 00:00:23.790000,0 days 00:00:24.318000,0 days 00:01:12.813000,0 days 01:36:04.156000,0 days 01:36:28.474000,0 days 01:37:41.287000,251.0,285.0,4.0,223.0,False,HARD,26.0,False,,0 days 01:35:40.366000,2026-05-22 17:51:42.057,1,,,,False,True,FP1
0 days 01:38:58.984000,PIA,81,,32.0,6.0,,0 days 01:38:58.984000,0 days 00:00:24.213000,0 days 00:00:26.097000,,0 days 01:38:05.606000,0 days 01:38:31.720000,,252.0,291.0,,305.0,False,HARD,27.0,False,,0 days 01:37:41.287000,2026-05-22 17:53:42.978,1,,,,False,False,FP1
0 days 00:16:01.534000,BEA,87,0 days 00:01:43.203000,1.0,1.0,0 days 00:14:20.336000,,0 days 00:00:35.146000,0 days 00:00:30.958000,0 days 00:00:37.099000,0 days 00:14:53.740000,0 days 00:15:24.678000,0 days 00:16:01.709000,185.0,256.0,262.0,267.0,False,HARD,1.0,True,,0 days 00:14:20.336000,2026-05-22 16:30:22.027,1,,,,False,False,FP1
0 days 00:17:27.098000,BEA,87,0 days 00:01:25.564000,2.0,1.0,,,0 days 00:00:24.421000,0 days 00:00:27.083000,0 days 00:00:34.060000,0 days 00:16:25.955000,0 days 00:16:53.038000,0 days 00:17:27.098000,239.0,274.0,243.0,317.0,True,HARD,2.0,True,,0 days 00:16:01.534000,2026-05-22 16:32:03.225,1,,,,False,True,FP1
0 days 00:34:59.231000,BEA,87,,3.0,1.0,,0 days 00:19:25.219000,0 days 00:00:33.594000,0 days 00:00:50.053000,,0 days 00:18:00.921000,0 days 00:18:50.949000,,156.0,243.0,,199.0,False,HARD,3.0,True,,0 days 00:17:27.098000,2026-05-22 16:33:28.789,1265,,,,False,False,FP1
0 days 00:36:35.259000,BEA,87,0 days 00:01:36.028000,4.0,2.0,0 days 00:35:00.872000,,0 days 00:00:30.261000,0 days 00:00:28.833000,0 days 00:00:36.934000,0 days 00:35:29.492000,0 days 00:35:58.325000,0 days 00:36:35.259000,205.0,262.0,238.0,259.0,False,HARD,4.0,False,,0 days 00:35:00.872000,2026-05-22 16:51:02.563,1,,,,False,False,FP1
0 days 00:38:09.380000,BEA,87,0 days 00:01:34.121000,5.0,2.0,,,0 days 00:00:25.572000,0 days 00:00:27.810000,0 days 00:00:40.739000,0 days 00:37:00.831000,0 days 00:37:28.641000,0 days 00:38:09.380000,233.0,266.0,267.0,194.0,False,HARD,5.0,False,,0 days 00:36:35.259000,2026-05-22 16:52:36.950,1,,,,False,True,FP1
0 days 00:39:29.175000,BEA,87,0 days 00:01:19.795000,6.0,2.0,,,0 days 00:00:23.009000,0 days 00:00:25.535000,0 days 00:00:31.251000,0 days 00:38:32.389000,0 days 00:38:57.924000,0 days 00:39:29.175000,242.0,279.0,258.0,324.0,True,HARD,6.0,False,,0 days 00:38:09.380000,2026-05-22 16:54:11.071,1,,,,False,True,FP1
0 days 00:41:04.155000,BEA,87,0 days 00:01:34.980000,7.0,2.0,,,0 days 00:00:27.509000,0 days 00:00:30.344000,0 days 00:00:37.127000,0 days 00:39:56.684000,0 days 00:40:27.028000,0 days 00:41:04.155000,204.0,209.0,269.0,234.0,False,HARD,7.0,False,,0 days 00:39:29.175000,2026-05-22 16:55:30.866,1,,,,False,True,FP1
0 days 00:57:27.680000,BEA,87,,8.0,2.0,,0 days 00:42:54.040000,0 days 00:00:22.597000,,,0 days 00:41:26.934000,,,242.0,,,,False,HARD,8.0,False,,0 days 00:41:04.155000,2026-05-22 16:57:05.846,125,,,,False,False,FP1
0 days 00:59:06.239000,BEA,87,0 days 00:01:38.559000,9.0,3.0,0 days 00:57:29.731000,,0 days 00:00:34.947000,0 days 00:00:27.064000,0 days 00:00:36.548000,0 days 00:58:02.627000,0 days 00:58:29.691000,0 days 00:59:06.239000,214.0,270.0,293.0,180.0,False,HARD,9.0,False,,0 days 00:57:29.731000,2026-05-22 17:13:31.422,1,,,,False,False,FP1
0 days 01:00:26.005000,BEA,87,0 days 00:01:19.766000,10.0,3.0,,,0 days 00:00:23.159000,0 days 00:00:25.471000,0 days 00:00:31.136000,0 days 00:59:29.398000,0 days 00:59:54.869000,0 days 01:00:26.005000,235.0,280.0,292.0,309.0,True,HARD,10.0,False,,0 days 00:59:06.239000,2026-05-22 17:15:07.930,1,,,,False,True,FP1
0 days 01:01:45.157000,BEA,87,0 days 00:01:19.152000,11.0,3.0,,,0 days 00:00:22.877000,0 days 00:00:25.379000,0 days 00:00:30.896000,0 days 01:00:48.882000,0 days 01:01:14.261000,0 days 01:01:45.157000,230.0,275.0,290.0,310.0,True,HARD,11.0,False,,0 days 01:00:26.005000,2026-05-22 17:16:27.696,1,,,,False,True,FP1
0 days 01:03:03.622000,BEA,87,0 days 00:01:18.465000,12.0,3.0,,,0 days 00:00:22.608000,0 days 00:00:25.198000,0 days 00:00:30.659000,0 days 01:02:07.765000,0 days 01:02:32.963000,0 days 01:03:03.622000,234.0,278.0,284.0,309.0,True,HARD,12.0,False,,0 days 01:01:45.157000,2026-05-22 17:17:46.848,1,,,,False,True,FP1
0 days 01:04:21.933000,BEA,87,0 days 00:01:18.311000,13.0,3.0,,,0 days 00:00:22.469000,0 days 00:00:25.098000,0 days 00:00:30.744000,0 days 01:03:26.091000,0 days 01:03:51.189000,0 days 01:04:21.933000,233.0,274.0,284.0,306.0,True,HARD,13.0,False,,0 days 01:03:03.622000,2026-05-22 17:19:05.313,1,,,,False,True,FP1
0 days 01:05:40.296000,BEA,87,0 days 00:01:18.363000,14.0,3.0,,,0 days 00:00:22.458000,0 days 00:00:25.001000,0 days 00:00:30.904000,0 days 01:04:44.391000,0 days 01:05:09.392000,0 days 01:05:40.296000,233.0,275.0,283.0,305.0,False,HARD,14.0,False,,0 days 01:04:21.933000,2026-05-22 17:20:23.624,1,,,,False,True,FP1
0 days 01:06:59.150000,BEA,87,0 days 00:01:18.854000,15.0,3.0,,,0 days 00:00:22.889000,0 days 00:00:25.264000,0 days 00:00:30.701000,0 days 01:06:03.185000,0 days 01:06:28.449000,0 days 01:06:59.150000,234.0,277.0,287.0,310.0,False,HARD,15.0,False,,0 days 01:05:40.296000,2026-05-22 17:21:41.987,1,,,,False,True,FP1
0 days 01:08:47.085000,BEA,87,0 days 00:01:47.935000,16.0,3.0,,0 days 01:08:11.924000,0 days 00:00:22.275000,0 days 00:00:25.009000,0 days 00:01:00.651000,0 days 01:07:21.425000,0 days 01:07:46.434000,0 days 01:08:47.085000,234.0,271.0,,306.0,False,HARD,16.0,False,,0 days 01:06:59.150000,2026-05-22 17:23:00.841,1,,,,False,False,FP1
0 days 01:10:49.920000,BEA,87,0 days 00:02:02.835000,17.0,4.0,0 days 01:08:49.460000,,0 days 00:00:55.610000,0 days 00:00:31.274000,0 days 00:00:35.951000,0 days 01:09:42.695000,0 days 01:10:13.969000,0 days 01:10:49.920000,201.0,241.0,270.0,252.0,False,HARD,17.0,False,,0 days 01:08:47.085000,2026-05-22 17:24:48.776,12,,,,False,False,FP1
0 days 01:12:07.690000,BEA,87,0 days 00:01:17.770000,18.0,4.0,,,0 days 00:00:22.259000,0 days 00:00:24.662000,0 days 00:00:30.849000,0 days 01:11:12.179000,0 days 01:11:36.841000,0 days 01:12:07.690000,241.0,282.0,262.0,313.0,True,HARD,18.0,False,,0 days 01:10:49.920000,2026-05-22 17:26:51.611,1,,,,False,True,FP1
0 days 01:23:52.922000,BEA,87,,19.0,4.0,,0 days 01:13:36.559000,0 days 00:00:29.123000,0 days 00:00:28.524000,,0 days 01:12:36.983000,0 days 01:13:05.637000,,190.0,238.0,,273.0,False,HARD,19.0,False,,0 days 01:12:07.690000,2026-05-22 17:28:09.381,12,,,,False,False,FP1
0 days 01:25:24.280000,BEA,87,0 days 00:01:31.358000,20.0,5.0,0 days 01:23:54.251000,,0 days 00:00:28.045000,0 days 00:00:26.934000,0 days 00:00:36.379000,0 days 01:24:20.967000,0 days 01:24:47.901000,0 days 01:25:24.280000,231.0,266.0,241.0,250.0,False,MEDIUM,1.0,True,,0 days 01:23:52.922000,2026-05-22 17:39:54.613,12,,,,False,False,FP1
0 days 01:26:54.163000,BEA,87,0 days 00:01:29.883000,21.0,5.0,,,0 days 00:00:26.200000,0 days 00:00:26.720000,0 days 00:00:36.963000,0 days 01:25:50.480000,0 days 01:26:17.200000,0 days 01:26:54.163000,238.0,265.0,271.0,250.0,False,MEDIUM,2.0,True,,0 days 01:25:24.280000,2026-05-22 17:41:25.971,21,,,,False,True,FP1
0 days 01:32:19.449000,BEA,87,,22.0,5.0,,0 days 01:28:38.706000,,,,,,,,,,,False,MEDIUM,3.0,True,,0 days 01:26:54.163000,2026-05-22 17:42:55.854,125,,,,False,False,FP1
0 days 01:33:51.289000,BEA,87,0 days 00:01:31.840000,23.0,6.0,0 days 01:32:20.927000,,0 days 00:00:28.481000,0 days 00:00:27.518000,0 days 00:00:35.841000,0 days 01:32:47.930000,0 days 01:33:15.448000,0 days 01:33:51.289000,216.0,282.0,267.0,234.0,False,MEDIUM,4.0,False,,0 days 01:32:20.927000,2026-05-22 17:48:22.618,1,,,,False,False,FP1
0 days 01:36:21.040000,BEA,87,0 days 00:02:29.751000,24.0,6.0,,,0 days 00:00:24.213000,0 days 00:00:28.695000,0 days 00:01:36.843000,0 days 01:34:15.502000,0 days 01:34:44.197000,0 days 01:36:21.040000,223.0,199.0,150.0,236.0,False,MEDIUM,5.0,False,,0 days 01:33:51.289000,2026-05-22 17:49:52.980,1,,,,False,True,FP1
0 days 01:38:45.043000,BEA,87,0 days 00:02:24.003000,25.0,6.0,,,0 days 00:00:23.661000,0 days 00:00:25.942000,0 days 00:01:34.400000,0 days 01:36:44.701000,0 days 01:37:10.643000,0 days 01:38:45.043000,242.0,263.0,162.0,118.0,False,MEDIUM,6.0,False,,0 days 01:36:21.040000,2026-05-22 17:52:22.731,1,,,,False,True,FP1
0 days 01:40:03.731000,BEA,87,,26.0,6.0,,0 days 01:40:03.731000,0 days 00:00:23.138000,0 days 00:00:26.134000,,0 days 01:39:08.344000,0 days 01:39:34.395000,,240.0,281.0,,257.0,False,MEDIUM,7.0,False,,0 days 01:38:45.043000,2026-05-22 17:54:46.734,1,,,,False,False,FP1
