Driver,DriverNumber,LapTime,LapNumber,Stint,Sector1Time,Sector2Time,Sector3Time,SpeedI1,SpeedI2,SpeedFL,SpeedST,IsPersonalBest,Compound,TyreLife,FreshTyre,Team,LapStartTime,TrackStatus,Session,TrackTemp,AirTemp,Humidity
NOR,1,87.76,2.0,1.0,27.926,30.546,29.288,295.0,311.0,275.0,321.0,True,MEDIUM,2.0,True,McLaren,0 days 00:16:30.036000,1,FP1,49.6,30.4,39.1
NOR,1,126.524,3.0,1.0,37.564,50.339,38.621,167.0,142.0,281.0,216.0,False,MEDIUM,3.0,True,McLaren,0 days 00:17:57.796000,1,FP1,49.6,30.4,39.1
NOR,1,84.526,4.0,1.0,27.601,28.723,28.202,295.0,318.0,282.0,320.0,True,MEDIUM,4.0,True,McLaren,0 days 00:20:04.320000,1,FP1,49.6,30.4,39.1
NOR,1,84.194,6.0,1.0,27.529,28.527,28.138,297.0,316.0,286.0,320.0,True,MEDIUM,6.0,True,McLaren,0 days 00:24:06.212000,1,FP1,49.6,30.4,39.1
NOR,1,144.42,7.0,1.0,48.253,55.013,41.154,125.0,209.0,283.0,112.0,False,MEDIUM,7.0,True,McLaren,0 days 00:25:30.406000,1,FP1,49.6,30.4,39.1
NOR,1,83.719,8.0,1.0,27.434,28.37,27.915,299.0,320.0,285.0,322.0,True,MEDIUM,8.0,True,McLaren,0 days 00:27:54.826000,1,FP1,49.6,30.4,39.1
NOR,1,84.621,11.0,2.0,27.441,28.283,28.897,295.0,313.0,281.0,320.0,False,SOFT,2.0,True,McLaren,0 days 00:43:01.254000,1,FP1,49.6,30.4,39.1
NOR,1,134.91,12.0,2.0,44.419,54.417,36.074,132.0,149.0,282.0,166.0,False,SOFT,3.0,True,McLaren,0 days 00:44:25.875000,1,FP1,49.6,30.4,39.1
NOR,1,84.024,13.0,2.0,27.501,28.383,28.14,291.0,315.0,280.0,317.0,False,SOFT,4.0,True,McLaren,0 days 00:46:40.785000,1,FP1,49.6,30.4,39.1
NOR,1,86.744,16.0,3.0,28.625,29.315,28.804,287.0,306.0,289.0,285.0,False,MEDIUM,11.0,False,McLaren,0 days 00:59:43.808000,1,FP1,50.2,30.4,39.6
NOR,1,86.305,17.0,3.0,28.446,29.263,28.596,290.0,307.0,290.0,299.0,False,MEDIUM,12.0,False,McLaren,0 days 01:01:10.552000,1,FP1,50.2,30.4,39.6
NOR,1,86.517,18.0,3.0,28.456,29.445,28.616,289.0,308.0,291.0,301.0,False,MEDIUM,13.0,False,McLaren,0 days 01:02:36.857000,1,FP1,50.2,30.4,39.6
NOR,1,87.06,19.0,3.0,29.005,29.642,28.413,300.0,317.0,298.0,299.0,False,MEDIUM,14.0,False,McLaren,0 days 01:04:03.374000,1,FP1,50.2,30.4,39.6
NOR,1,86.21,20.0,3.0,28.203,29.476,28.531,297.0,319.0,305.0,311.0,False,MEDIUM,15.0,False,McLaren,0 days 01:05:30.434000,1,FP1,50.2,30.4,39.6
NOR,1,86.248,21.0,3.0,28.02,29.601,28.627,302.0,315.0,297.0,314.0,False,MEDIUM,16.0,False,McLaren,0 days 01:06:56.644000,1,FP1,50.2,30.4,39.6
NOR,1,86.954,22.0,3.0,28.552,29.574,28.828,288.0,306.0,293.0,301.0,False,MEDIUM,17.0,False,McLaren,0 days 01:08:22.892000,1,FP1,50.2,30.4,39.6
NOR,1,114.774,25.0,4.0,33.198,37.384,44.192,220.0,212.0,65.0,233.0,False,SOFT,7.0,False,McLaren,0 days 01:13:14.128000,1,FP1,49.5,30.4,39.1
BOR,5,86.307,4.0,2.0,28.107,29.182,29.018,291.0,307.0,276.0,313.0,True,MEDIUM,4.0,False,Audi,0 days 00:26:15.211000,1,FP1,49.5,30.4,39.1
BOR,5,132.267,5.0,2.0,42.507,48.476,41.284,131.0,145.0,287.0,205.0,False,MEDIUM,5.0,False,Audi,0 days 00:27:41.518000,12,FP1,49.5,30.4,39.1
BOR,5,84.599,8.0,3.0,27.795,28.648,28.156,295.0,312.0,282.0,318.0,True,MEDIUM,8.0,False,Audi,0 days 00:40:57.422000,1,FP1,49.5,30.4,39.1
BOR,5,141.124,9.0,3.0,43.695,59.299,38.13,111.0,161.0,290.0,186.0,False,MEDIUM,9.0,False,Audi,0 days 00:42:22.021000,1,FP1,50.4,30.4,39.4
BOR,5,85.296,10.0,3.0,27.982,28.743,28.571,289.0,305.0,276.0,312.0,False,MEDIUM,10.0,False,Audi,0 days 00:44:43.145000,1,FP1,50.4,30.4,39.4
BOR,5,84.006,13.0,4.0,27.854,28.219,27.933,293.0,311.0,283.0,314.0,True,SOFT,2.0,True,Audi,0 days 01:03:16.077000,1,FP1,50.4,30.4,39.4
BOR,5,92.309,14.0,4.0,32.674,31.04,28.595,272.0,302.0,306.0,230.0,False,SOFT,3.0,True,Audi,0 days 01:04:40.083000,1,FP1,50.4,30.4,39.4
BOR,5,86.497,15.0,4.0,28.591,29.211,28.695,284.0,304.0,312.0,296.0,False,SOFT,4.0,True,Audi,0 days 01:06:12.392000,1,FP1,50.4,30.4,39.4
BOR,5,85.963,16.0,4.0,28.689,29.052,28.222,291.0,309.0,309.0,293.0,False,SOFT,5.0,True,Audi,0 days 01:07:38.889000,1,FP1,50.4,30.4,39.4
BOR,5,86.392,17.0,4.0,28.471,29.373,28.548,293.0,312.0,308.0,309.0,False,SOFT,6.0,True,Audi,0 days 01:09:04.852000,1,FP1,50.4,30.4,39.4
BOR,5,85.27,18.0,4.0,28.065,29.034,28.171,293.0,312.0,307.0,299.0,False,SOFT,7.0,True,Audi,0 days 01:10:31.244000,1,FP1,50.4,30.4,39.4
BOR,5,85.38,19.0,4.0,27.937,29.049,28.394,290.0,308.0,306.0,298.0,False,SOFT,8.0,True,Audi,0 days 01:11:56.514000,1,FP1,50.4,30.4,39.4
BOR,5,134.829,20.0,4.0,36.968,43.721,54.14,165.0,164.0,49.0,236.0,False,SOFT,9.0,True,Audi,0 days 01:13:21.894000,1,FP1,50.4,30.4,39.4
ANT,12,110.23,2.0,1.0,31.728,43.798,34.704,274.0,138.0,294.0,328.0,True,MEDIUM,2.0,True,Mercedes,0 days 00:15:41.344000,1,FP1,50.2,30.4,40.0
ANT,12,85.637,3.0,1.0,27.811,28.943,28.883,293.0,312.0,278.0,325.0,True,MEDIUM,3.0,True,Mercedes,0 days 00:17:31.574000,1,FP1,50.2,30.4,40.0
ANT,12,131.473,4.0,1.0,49.004,48.56,33.909,97.0,208.0,296.0,151.0,False,MEDIUM,4.0,True,Mercedes,0 days 00:18:57.211000,1,FP1,50.2,30.4,40.0
ANT,12,84.515,5.0,1.0,27.348,28.604,28.563,292.0,313.0,280.0,329.0,True,MEDIUM,5.0,True,Mercedes,0 days 00:21:08.684000,1,FP1,50.2,30.4,40.0
ANT,12,83.644,9.0,3.0,27.277,28.205,28.162,292.0,315.0,280.0,324.0,True,SOFT,3.0,False,Mercedes,0 days 00:40:11.338000,1,FP1,50.2,30.4,40.0
ANT,12,87.372,12.0,4.0,28.524,29.839,29.009,290.0,303.0,286.0,295.0,False,MEDIUM,8.0,False,Mercedes,0 days 00:49:38.034000,1,FP1,50.2,30.4,40.0
ANT,12,87.201,13.0,4.0,28.785,29.641,28.775,290.0,304.0,292.0,295.0,False,MEDIUM,9.0,False,Mercedes,0 days 00:51:05.406000,1,FP1,50.2,30.4,40.0
ANT,12,86.973,14.0,4.0,28.775,29.526,28.672,289.0,303.0,290.0,299.0,False,MEDIUM,10.0,False,Mercedes,0 days 00:52:32.607000,1,FP1,50.2,30.4,40.0
ANT,12,86.541,15.0,4.0,28.646,29.423,28.472,289.0,303.0,296.0,297.0,False,MEDIUM,11.0,False,Mercedes,0 days 00:53:59.580000,1,FP1,50.3,30.5,39.5
ANT,12,86.639,16.0,4.0,28.631,29.437,28.571,289.0,303.0,300.0,296.0,False,MEDIUM,12.0,False,Mercedes,0 days 00:55:26.121000,1,FP1,50.3,30.5,39.5
ANT,12,86.303,17.0,4.0,28.56,29.35,28.393,289.0,305.0,298.0,297.0,False,MEDIUM,13.0,False,Mercedes,0 days 00:56:52.760000,1,FP1,50.3,30.5,39.5
ANT,12,86.292,18.0,4.0,28.398,29.47,28.424,291.0,312.0,300.0,297.0,False,MEDIUM,14.0,False,Mercedes,0 days 00:58:19.063000,1,FP1,50.3,30.5,39.5
ANT,12,85.972,19.0,4.0,28.286,29.327,28.359,294.0,311.0,303.0,304.0,False,MEDIUM,15.0,False,Mercedes,0 days 00:59:45.355000,1,FP1,50.3,30.5,39.5
ANT,12,86.21,20.0,4.0,28.377,29.506,28.327,297.0,312.0,303.0,313.0,False,MEDIUM,16.0,False,Mercedes,0 days 01:01:11.327000,1,FP1,50.3,30.5,39.5
ANT,12,86.202,21.0,4.0,28.228,29.498,28.476,298.0,318.0,306.0,316.0,False,MEDIUM,17.0,False,Mercedes,0 days 01:02:37.537000,1,FP1,50.3,30.5,39.5
ANT,12,85.821,22.0,4.0,28.277,29.297,28.247,294.0,310.0,302.0,303.0,False,MEDIUM,18.0,False,Mercedes,0 days 01:04:03.739000,1,FP1,50.3,30.5,39.5
ANT,12,86.298,23.0,4.0,28.307,29.619,28.372,293.0,307.0,302.0,302.0,False,MEDIUM,19.0,False,Mercedes,0 days 01:05:29.560000,1,FP1,50.3,30.5,39.5
ANT,12,111.408,26.0,5.0,33.718,33.217,44.473,238.0,235.0,47.0,239.0,False,SOFT,6.0,False,Mercedes,0 days 01:14:00.867000,1,FP1,50.3,30.5,39.5
ALO,14,100.083,2.0,1.0,31.898,36.568,31.617,263.0,282.0,289.0,263.0,True,HARD,2.0,True,Aston Martin,0 days 00:14:43.147000,1,FP1,50.3,30.5,39.5
ALO,14,88.728,7.0,3.0,29.004,30.355,29.369,279.0,295.0,272.0,302.0,True,HARD,7.0,False,Aston Martin,0 days 00:40:17.748000,1,FP1,50.4,30.6,39.4
ALO,14,110.09,8.0,3.0,36.728,40.399,32.963,226.0,263.0,280.0,170.0,False,HARD,8.0,False,Aston Martin,0 days 00:41:46.476000,1,FP1,50.4,30.6,39.4
ALO,14,87.393,9.0,3.0,28.683,29.674,29.036,278.0,294.0,272.0,306.0,True,HARD,9.0,False,Aston Martin,0 days 00:43:36.566000,1,FP1,50.4,30.6,39.4
ALO,14,115.464,10.0,3.0,38.869,39.894,36.701,194.0,173.0,284.0,194.0,False,HARD,10.0,False,Aston Martin,0 days 00:45:03.959000,1,FP1,50.4,30.6,39.4
ALO,14,86.143,11.0,3.0,28.275,29.177,28.691,281.0,301.0,274.0,313.0,True,HARD,11.0,False,Aston Martin,0 days 00:46:59.423000,1,FP1,50.4,30.6,39.4
ALO,14,85.78,14.0,4.0,28.088,29.162,28.53,284.0,300.0,274.0,318.0,False,MEDIUM,2.0,True,Aston Martin,0 days 01:03:17.116000,1,FP1,50.7,30.6,38.9
ALO,14,86.254,17.0,5.0,28.266,29.217,28.771,282.0,300.0,271.0,312.0,False,MEDIUM,5.0,False,Aston Martin,0 days 01:09:07.876000,1,FP1,50.7,30.6,38.9
ALO,14,113.369,18.0,5.0,34.936,38.99,39.443,182.0,264.0,283.0,248.0,False,MEDIUM,6.0,False,Aston Martin,0 days 01:10:34.130000,1,FP1,50.7,30.6,38.9
ALO,14,86.072,19.0,5.0,28.122,29.13,28.82,283.0,302.0,271.0,310.0,True,MEDIUM,7.0,False,Aston Martin,0 days 01:12:27.499000,1,FP1,50.7,30.6,38.9
ALO,14,123.868,20.0,5.0,38.976,34.872,50.02,210.0,217.0,53.0,123.0,False,MEDIUM,8.0,False,Aston Martin,0 days 01:13:53.571000,1,FP1,50.7,30.6,38.9
LEC,16,86.873,2.0,1.0,28.391,29.504,28.978,284.0,304.0,272.0,314.0,True,HARD,2.0,True,Ferrari,0 days 00:15:26.898000,1,FP1,50.5,30.6,38.8
LEC,16,124.855,3.0,1.0,41.577,48.567,34.711,179.0,153.0,282.0,164.0,False,HARD,3.0,True,Ferrari,0 days 00:16:53.771000,1,FP1,50.5,30.6,38.8
LEC,16,84.482,4.0,1.0,27.76,28.541,28.181,289.0,307.0,278.0,318.0,True,HARD,4.0,True,Ferrari,0 days 00:18:58.626000,1,FP1,50.5,30.6,38.8
LEC,16,131.801,5.0,1.0,42.126,50.304,39.371,167.0,189.0,283.0,177.0,False,HARD,5.0,True,Ferrari,0 days 00:20:23.108000,1,FP1,50.5,30.6,38.8
LEC,16,93.906,6.0,1.0,27.831,31.041,35.034,288.0,240.0,286.0,310.0,False,HARD,6.0,True,Ferrari,0 days 00:22:34.909000,1,FP1,50.5,30.6,38.8
LEC,16,104.142,7.0,1.0,27.504,36.333,40.305,293.0,214.0,284.0,324.0,False,HARD,7.0,True,Ferrari,0 days 00:24:08.815000,1,FP1,50.5,30.6,38.8
LEC,16,110.407,8.0,1.0,27.456,39.62,43.331,299.0,176.0,286.0,327.0,False,HARD,8.0,True,Ferrari,0 days 00:25:52.957000,1,FP1,50.6,30.6,38.8
LEC,16,84.023,9.0,1.0,27.525,28.414,28.084,290.0,310.0,276.0,324.0,True,HARD,9.0,True,Ferrari,0 days 00:27:43.364000,1,FP1,50.6,30.6,38.8
LEC,16,83.008,12.0,2.0,27.224,28.105,27.679,293.0,316.0,282.0,331.0,True,MEDIUM,2.0,True,Ferrari,0 days 00:41:15.928000,1,FP1,50.6,30.6,38.8
LEC,16,136.759,13.0,2.0,43.298,53.665,39.796,120.0,163.0,289.0,167.0,False,MEDIUM,3.0,True,Ferrari,0 days 00:42:38.936000,1,FP1,50.6,30.6,38.8
LEC,16,107.753,14.0,2.0,27.396,42.802,37.555,291.0,144.0,288.0,326.0,False,MEDIUM,4.0,True,Ferrari,0 days 00:44:55.695000,1,FP1,50.6,30.6,38.8
LEC,16,86.923,18.0,4.0,28.273,29.877,28.773,280.0,300.0,307.0,314.0,False,MEDIUM,8.0,False,Ferrari,0 days 00:58:13.001000,1,FP1,50.3,30.7,38.9
LEC,16,86.429,19.0,4.0,28.58,29.335,28.514,281.0,305.0,310.0,306.0,False,MEDIUM,9.0,False,Ferrari,0 days 00:59:39.924000,1,FP1,50.3,30.7,38.9
LEC,16,86.705,20.0,4.0,28.803,29.379,28.523,281.0,302.0,303.0,309.0,False,MEDIUM,10.0,False,Ferrari,0 days 01:01:06.353000,1,FP1,50.3,30.7,38.9
LEC,16,86.962,21.0,4.0,28.657,29.735,28.57,283.0,300.0,308.0,310.0,False,MEDIUM,11.0,False,Ferrari,0 days 01:02:33.058000,1,FP1,50.3,30.7,38.9
LEC,16,86.425,22.0,4.0,28.609,29.381,28.435,283.0,307.0,310.0,312.0,False,MEDIUM,12.0,False,Ferrari,0 days 01:04:00.020000,1,FP1,50.3,30.7,38.9
LEC,16,86.636,23.0,4.0,28.408,29.998,28.23,285.0,299.0,324.0,315.0,False,MEDIUM,13.0,False,Ferrari,0 days 01:05:26.445000,1,FP1,50.1,30.7,39.4
LEC,16,86.405,24.0,4.0,27.667,29.947,28.791,301.0,300.0,303.0,324.0,False,MEDIUM,14.0,False,Ferrari,0 days 01:06:53.081000,1,FP1,50.1,30.7,39.4
LEC,16,86.282,25.0,4.0,28.463,29.365,28.454,289.0,318.0,329.0,316.0,False,MEDIUM,15.0,False,Ferrari,0 days 01:08:19.486000,1,FP1,50.1,30.7,39.4
LEC,16,85.936,26.0,4.0,27.939,29.432,28.565,284.0,303.0,308.0,320.0,False,MEDIUM,16.0,False,Ferrari,0 days 01:09:45.768000,1,FP1,50.1,30.7,39.4
LEC,16,86.153,27.0,4.0,28.372,29.434,28.347,286.0,309.0,307.0,314.0,False,MEDIUM,17.0,False,Ferrari,0 days 01:11:11.704000,1,FP1,50.1,30.7,39.4
LEC,16,142.734,28.0,4.0,41.95,46.947,53.837,143.0,175.0,64.0,208.0,False,MEDIUM,18.0,False,Ferrari,0 days 01:12:37.857000,1,FP1,50.1,30.7,39.4
STR,18,89.365,2.0,1.0,29.191,30.513,29.661,274.0,291.0,271.0,299.0,True,HARD,2.0,True,Aston Martin,0 days 00:17:51.708000,1,FP1,50.3,30.7,39.6
STR,18,111.061,3.0,1.0,33.839,41.533,35.689,234.0,257.0,280.0,226.0,False,HARD,3.0,True,Aston Martin,0 days 00:19:21.073000,1,FP1,50.3,30.7,39.6
STR,18,87.309,4.0,1.0,28.661,29.725,28.923,277.0,294.0,277.0,306.0,True,HARD,4.0,True,Aston Martin,0 days 00:21:12.134000,1,FP1,50.3,30.7,39.6
STR,18,114.29,5.0,1.0,34.854,41.081,38.355,219.0,242.0,276.0,225.0,False,HARD,5.0,True,Aston Martin,0 days 00:22:39.443000,1,FP1,50.3,30.7,39.6
STR,18,87.329,6.0,1.0,28.677,29.533,29.119,276.0,292.0,276.0,301.0,False,HARD,6.0,True,Aston Martin,0 days 00:24:33.733000,1,FP1,50.3,30.7,39.6
STR,18,119.508,7.0,1.0,35.582,39.565,44.361,257.0,147.0,282.0,196.0,False,HARD,7.0,True,Aston Martin,0 days 00:26:01.062000,1,FP1,50.3,30.7,39.6
STR,18,86.812,8.0,1.0,28.576,29.324,28.912,278.0,297.0,274.0,309.0,True,HARD,8.0,True,Aston Martin,0 days 00:28:00.570000,1,FP1,50.3,30.7,39.6
STR,18,86.91,11.0,2.0,28.443,29.395,29.072,278.0,299.0,271.0,304.0,False,MEDIUM,2.0,True,Aston Martin,0 days 00:43:11.523000,1,FP1,50.1,30.7,39.6
STR,18,127.159,12.0,2.0,42.553,45.7,38.906,167.0,226.0,283.0,143.0,False,MEDIUM,3.0,True,Aston Martin,0 days 00:44:38.433000,1,FP1,50.1,30.7,39.6
STR,18,86.197,13.0,2.0,28.402,29.109,28.686,280.0,300.0,281.0,310.0,True,MEDIUM,4.0,True,Aston Martin,0 days 00:46:45.592000,1,FP1,50.1,30.7,39.6
STR,18,132.604,14.0,2.0,37.748,52.766,42.09,191.0,126.0,283.0,234.0,False,MEDIUM,5.0,True,Aston Martin,0 days 00:48:11.789000,1,FP1,50.1,30.7,39.6
STR,18,86.066,15.0,2.0,28.479,28.924,28.663,280.0,300.0,276.0,307.0,True,MEDIUM,6.0,True,Aston Martin,0 days 00:50:24.393000,1,FP1,50.1,30.7,39.6
STR,18,86.117,18.0,3.0,28.375,29.131,28.611,282.0,303.0,277.0,311.0,False,MEDIUM,9.0,False,Aston Martin,0 days 01:07:01.577000,1,FP1,50.1,30.7,39.6
STR,18,121.124,19.0,3.0,35.125,43.734,42.265,233.0,263.0,278.0,203.0,False,MEDIUM,10.0,False,Aston Martin,0 days 01:08:27.694000,1,FP1,50.1,30.7,39.6
STR,18,86.762,20.0,3.0,28.979,29.251,28.532,279.0,300.0,282.0,299.0,False,MEDIUM,11.0,False,Aston Martin,0 days 01:10:28.818000,1,FP1,50.4,30.7,40.0
STR,18,114.053,21.0,3.0,36.512,41.94,35.601,236.0,260.0,277.0,195.0,False,MEDIUM,12.0,False,Aston Martin,0 days 01:11:55.580000,1,FP1,50.4,30.7,40.0
STR,18,113.036,22.0,3.0,28.533,30.862,53.641,277.0,184.0,36.0,301.0,False,MEDIUM,13.0,False,Aston Martin,0 days 01:13:49.633000,1,FP1,50.4,30.7,40.0
TSU,22,86.518,2.0,1.0,28.181,29.569,28.768,291.0,308.0,283.0,319.0,True,HARD,2.0,True,Racing Bulls,0 days 00:15:51.784000,1,FP1,50.4,30.7,40.0
TSU,22,145.28,3.0,1.0,53.543,53.182,38.555,150.0,184.0,295.0,91.0,False,HARD,3.0,True,Racing Bulls,0 days 00:17:18.302000,1,FP1,50.4,30.7,40.0
TSU,22,85.142,4.0,1.0,27.909,29.001,28.232,293.0,309.0,298.0,318.0,True,HARD,4.0,True,Racing Bulls,0 days 00:19:43.582000,1,FP1,50.4,30.7,40.0
TSU,22,134.807,5.0,1.0,47.382,49.575,37.85,157.0,149.0,296.0,123.0,False,HARD,5.0,True,Racing Bulls,0 days 00:21:08.724000,1,FP1,50.4,30.7,40.0
TSU,22,85.399,6.0,1.0,27.783,28.767,28.849,295.0,310.0,293.0,317.0,False,HARD,6.0,True,Racing Bulls,0 days 00:23:23.531000,1,FP1,50.4,30.7,40.0
TSU,22,143.889,7.0,1.0,44.455,52.485,46.949,214.0,141.0,296.0,121.0,False,HARD,7.0,True,Racing Bulls,0 days 00:24:48.930000,1,FP1,50.5,30.8,39.8
TSU,22,84.739,8.0,1.0,27.79,28.758,28.191,294.0,309.0,298.0,316.0,True,HARD,8.0,True,Racing Bulls,0 days 00:27:12.819000,1,FP1,50.5,30.8,39.8
TSU,22,84.571,11.0,2.0,27.685,28.629,28.257,295.0,310.0,293.0,317.0,True,MEDIUM,2.0,True,Racing Bulls,0 days 00:41:12.013000,1,FP1,50.5,30.8,39.8
TSU,22,136.841,12.0,2.0,39.263,58.417,39.161,200.0,182.0,293.0,174.0,False,MEDIUM,3.0,True,Racing Bulls,0 days 00:42:36.584000,1,FP1,50.5,30.8,39.8
TSU,22,117.015,13.0,2.0,28.03,50.953,38.032,268.0,166.0,296.0,315.0,False,MEDIUM,4.0,True,Racing Bulls,0 days 00:44:53.425000,1,FP1,50.5,30.8,39.8
TSU,22,91.633,14.0,2.0,27.759,28.724,35.15,296.0,312.0,187.0,318.0,False,MEDIUM,5.0,True,Racing Bulls,0 days 00:46:50.440000,1,FP1,50.5,30.8,39.8
TSU,22,143.931,15.0,2.0,50.329,48.053,45.549,165.0,201.0,178.0,124.0,False,MEDIUM,6.0,True,Racing Bulls,0 days 00:48:22.073000,1,FP1,50.5,30.8,39.8
TSU,22,118.84,16.0,2.0,37.755,41.327,39.758,276.0,207.0,294.0,266.0,False,MEDIUM,7.0,True,Racing Bulls,0 days 00:50:46.004000,1,FP1,50.5,30.8,39.8
TSU,22,84.636,17.0,2.0,27.983,28.666,27.987,293.0,310.0,276.0,315.0,False,MEDIUM,8.0,True,Racing Bulls,0 days 00:52:44.844000,1,FP1,50.5,30.8,39.8
TSU,22,92.473,20.0,3.0,30.709,30.695,31.069,285.0,295.0,300.0,309.0,False,HARD,11.0,False,Racing Bulls,0 days 01:03:47.813000,1,FP1,50.8,30.9,39.3
TSU,22,87.729,21.0,3.0,29.071,29.859,28.799,285.0,302.0,309.0,310.0,False,HARD,12.0,False,Racing Bulls,0 days 01:05:20.286000,1,FP1,50.8,30.9,39.3
TSU,22,87.878,22.0,3.0,28.747,30.089,29.042,284.0,301.0,304.0,311.0,False,HARD,13.0,False,Racing Bulls,0 days 01:06:48.015000,1,FP1,50.8,30.9,39.3
TSU,22,87.157,25.0,4.0,28.598,29.979,28.58,288.0,304.0,308.0,312.0,False,MEDIUM,11.0,False,Racing Bulls,0 days 01:11:45.968000,1,FP1,51.0,30.9,37.6
TSU,22,133.62,26.0,4.0,37.76,37.949,57.911,189.0,250.0,74.0,237.0,False,MEDIUM,12.0,False,Racing Bulls,0 days 01:13:13.125000,1,FP1,51.3,30.9,37.0
HUL,27,86.337,3.0,2.0,28.45,29.068,28.819,288.0,310.0,279.0,312.0,True,HARD,3.0,False,Audi,0 days 00:23:00.338000,1,FP1,51.5,30.9,37.5
HUL,27,123.713,4.0,2.0,44.873,42.324,36.516,184.0,215.0,285.0,124.0,False,HARD,4.0,False,Audi,0 days 00:24:26.675000,1,FP1,51.5,30.9,37.5
HUL,27,85.926,5.0,2.0,28.191,28.93,28.805,288.0,304.0,284.0,309.0,True,HARD,5.0,False,Audi,0 days 00:26:30.388000,1,FP1,51.5,30.9,37.5
HUL,27,127.747,6.0,2.0,43.548,44.722,39.477,182.0,192.0,287.0,142.0,False,HARD,6.0,False,Audi,0 days 00:27:56.314000,12,FP1,51.5,30.9,37.5
HUL,27,84.924,9.0,3.0,27.742,28.868,28.314,293.0,310.0,283.0,315.0,True,HARD,9.0,False,Audi,0 days 00:40:25.573000,1,FP1,51.5,30.8,38.5
HUL,27,84.854,12.0,4.0,27.938,28.64,28.276,288.0,307.0,282.0,311.0,True,SOFT,2.0,True,Audi,0 days 00:45:31.110000,1,FP1,51.5,30.8,38.5
HUL,27,100.43,15.0,5.0,31.607,34.902,33.921,239.0,252.0,289.0,307.0,False,SOFT,5.0,False,Audi,0 days 00:51:41.667000,1,FP1,52.3,30.7,38.7
HUL,27,84.626,16.0,5.0,28.079,28.373,28.174,288.0,304.0,277.0,308.0,True,SOFT,6.0,False,Audi,0 days 00:53:22.097000,1,FP1,52.3,30.7,38.7
HUL,27,87.11,19.0,6.0,28.778,29.502,28.83,285.0,304.0,300.0,301.0,False,HARD,12.0,False,Audi,0 days 01:02:56.388000,1,FP1,52.3,30.7,38.7
HUL,27,87.755,20.0,6.0,28.871,29.829,29.055,284.0,299.0,304.0,299.0,False,HARD,13.0,False,Audi,0 days 01:04:23.498000,1,FP1,52.3,30.7,38.7
HUL,27,87.18,21.0,6.0,28.54,29.765,28.875,283.0,301.0,301.0,304.0,False,HARD,14.0,False,Audi,0 days 01:05:51.253000,1,FP1,52.3,30.7,38.7
HUL,27,87.698,22.0,6.0,28.778,29.88,29.04,284.0,299.0,299.0,297.0,False,HARD,15.0,False,Audi,0 days 01:07:18.433000,1,FP1,52.3,30.7,38.7
HUL,27,87.837,23.0,6.0,28.887,30.128,28.822,286.0,311.0,319.0,296.0,False,HARD,16.0,False,Audi,0 days 01:08:46.131000,1,FP1,52.3,30.7,38.7
HUL,27,87.089,24.0,6.0,28.341,29.806,28.942,288.0,304.0,296.0,308.0,False,HARD,17.0,False,Audi,0 days 01:10:13.968000,1,FP1,52.3,30.7,38.7
HUL,27,87.423,25.0,6.0,28.871,29.601,28.951,285.0,304.0,296.0,297.0,False,HARD,18.0,False,Audi,0 days 01:11:41.057000,1,FP1,52.3,30.7,38.7
HUL,27,124.458,26.0,6.0,32.075,38.67,53.713,225.0,216.0,61.0,249.0,False,HARD,19.0,False,Audi,0 days 01:13:08.480000,1,FP1,52.3,30.7,38.7
LAW,30,85.785,2.0,1.0,28.206,29.183,28.396,297.0,319.0,286.0,318.0,True,SOFT,2.0,True,Red Bull Racing,0 days 00:16:08.315000,1,FP1,51.6,30.8,38.3
LAW,30,136.21,3.0,1.0,47.591,49.805,38.814,132.0,134.0,294.0,143.0,False,SOFT,3.0,True,Red Bull Racing,0 days 00:17:34.100000,1,FP1,51.6,30.8,38.3
LAW,30,84.383,4.0,1.0,27.842,28.7,27.841,295.0,311.0,296.0,318.0,True,SOFT,4.0,True,Red Bull Racing,0 days 00:19:50.310000,1,FP1,51.6,30.8,38.3
LAW,30,84.196,7.0,2.0,27.743,28.615,27.838,299.0,315.0,298.0,317.0,True,SOFT,7.0,False,Red Bull Racing,0 days 00:25:48.987000,1,FP1,51.6,30.8,38.3
LAW,30,83.712,10.0,3.0,27.635,28.289,27.788,298.0,315.0,294.0,321.0,True,SOFT,2.0,True,Red Bull Racing,0 days 00:40:52.169000,1,FP1,51.6,30.8,38.3
LAW,30,113.65,11.0,3.0,39.425,38.135,36.09,230.0,261.0,238.0,203.0,False,SOFT,3.0,True,Red Bull Racing,0 days 00:42:15.881000,1,FP1,51.6,30.8,38.3
LAW,30,127.441,12.0,3.0,42.182,47.982,37.277,171.0,129.0,290.0,233.0,False,SOFT,4.0,True,Red Bull Racing,0 days 00:44:09.531000,1,FP1,51.6,30.8,38.3
LAW,30,84.105,13.0,3.0,27.8,28.456,27.849,297.0,313.0,289.0,317.0,False,SOFT,5.0,True,Red Bull Racing,0 days 00:46:16.972000,1,FP1,51.6,30.8,38.3
LAW,30,83.796,16.0,4.0,27.591,28.396,27.809,298.0,309.0,297.0,317.0,False,SOFT,8.0,False,Red Bull Racing,0 days 00:52:01.807000,1,FP1,51.7,30.9,37.5
LAW,30,134.173,17.0,4.0,41.921,48.359,43.893,151.0,156.0,252.0,264.0,False,SOFT,9.0,False,Red Bull Racing,0 days 00:53:25.603000,1,FP1,51.7,30.9,37.5
LAW,30,106.478,18.0,4.0,37.117,36.906,32.455,257.0,260.0,293.0,235.0,False,SOFT,10.0,False,Red Bull Racing,0 days 00:55:39.776000,1,FP1,51.7,30.9,37.5
LAW,30,83.433,19.0,4.0,27.543,28.222,27.668,297.0,311.0,288.0,316.0,True,SOFT,11.0,False,Red Bull Racing,0 days 00:57:26.254000,1,FP1,51.7,30.9,37.5
LAW,30,87.922,22.0,5.0,28.719,29.969,29.234,289.0,300.0,309.0,304.0,False,SOFT,10.0,False,Red Bull Racing,0 days 01:09:04.196000,1,FP1,51.7,30.9,37.5
LAW,30,86.681,23.0,5.0,28.141,29.871,28.669,299.0,311.0,308.0,309.0,False,SOFT,11.0,False,Red Bull Racing,0 days 01:10:32.118000,1,FP1,51.7,30.9,37.5
LAW,30,87.069,24.0,5.0,28.455,29.93,28.684,292.0,302.0,304.0,307.0,False,SOFT,12.0,False,Red Bull Racing,0 days 01:11:58.799000,1,FP1,51.9,31.1,36.7
LAW,30,142.251,25.0,5.0,37.92,47.093,57.238,162.0,190.0,39.0,214.0,False,SOFT,13.0,False,Red Bull Racing,0 days 01:13:25.868000,1,FP1,51.9,31.1,36.7
OCO,31,90.541,2.0,1.0,29.203,30.963,30.375,284.0,293.0,264.0,305.0,True,HARD,2.0,True,Haas F1 Team,0 days 00:14:41.040000,1,FP1,51.9,31.1,36.7
OCO,31,87.026,5.0,2.0,28.259,29.546,29.221,289.0,307.0,271.0,312.0,True,HARD,5.0,False,Haas F1 Team,0 days 00:27:19.351000,1,FP1,51.9,31.2,36.3
OCO,31,86.096,9.0,3.0,28.092,29.234,28.77,290.0,308.0,276.0,314.0,True,HARD,9.0,False,Haas F1 Team,0 days 00:40:22.065000,1,FP1,51.9,31.2,36.3
OCO,31,117.884,10.0,3.0,43.943,41.54,32.401,185.0,256.0,279.0,137.0,False,HARD,10.0,False,Haas F1 Team,0 days 00:41:48.161000,1,FP1,51.9,31.2,36.3
OCO,31,85.852,11.0,3.0,28.04,29.051,28.761,290.0,303.0,271.0,312.0,True,HARD,11.0,False,Haas F1 Team,0 days 00:43:46.045000,1,FP1,51.9,31.2,36.3
OCO,31,102.292,14.0,4.0,31.747,35.662,34.883,211.0,248.0,286.0,325.0,False,SOFT,2.0,True,Haas F1 Team,0 days 00:51:42.916000,1,FP1,51.9,31.2,36.3
OCO,31,86.857,15.0,4.0,28.944,29.421,28.492,292.0,305.0,275.0,318.0,False,SOFT,3.0,True,Haas F1 Team,0 days 00:53:25.208000,1,FP1,51.9,31.2,36.3
OCO,31,86.039,18.0,5.0,28.377,28.901,28.761,289.0,310.0,270.0,311.0,False,SOFT,6.0,False,Haas F1 Team,0 days 00:59:19.276000,1,FP1,51.9,31.2,36.3
OCO,31,87.553,21.0,6.0,28.486,30.07,28.997,283.0,296.0,301.0,319.0,False,HARD,14.0,False,Haas F1 Team,0 days 01:06:50.339000,1,FP1,51.5,31.2,36.1
OCO,31,87.636,22.0,6.0,28.837,29.99,28.809,284.0,304.0,307.0,308.0,False,HARD,15.0,False,Haas F1 Team,0 days 01:08:17.892000,1,FP1,51.5,31.2,36.1
OCO,31,87.506,23.0,6.0,28.876,29.864,28.766,286.0,308.0,309.0,315.0,False,HARD,16.0,False,Haas F1 Team,0 days 01:09:45.528000,1,FP1,51.5,31.2,36.1
OCO,31,87.147,24.0,6.0,28.56,29.834,28.753,285.0,305.0,304.0,314.0,False,HARD,17.0,False,Haas F1 Team,0 days 01:11:13.034000,1,FP1,51.5,31.2,36.1
OCO,31,129.528,25.0,6.0,35.573,44.889,49.066,173.0,231.0,87.0,260.0,False,HARD,18.0,False,Haas F1 Team,0 days 01:12:40.181000,1,FP1,51.5,31.2,36.1
LIN,41,103.345,2.0,1.0,34.314,36.205,32.826,259.0,281.0,291.0,258.0,True,HARD,2.0,True,Racing Bulls,0 days 00:14:56.661000,1,FP1,52.0,31.4,35.6
LIN,41,86.083,3.0,1.0,28.184,29.359,28.54,291.0,307.0,292.0,315.0,True,HARD,3.0,True,Racing Bulls,0 days 00:16:40.006000,1,FP1,52.0,31.4,35.6
LIN,41,125.082,4.0,1.0,39.065,48.088,37.929,171.0,246.0,294.0,238.0,False,HARD,4.0,True,Racing Bulls,0 days 00:18:06.089000,1,FP1,52.0,31.4,35.6
LIN,41,84.746,5.0,1.0,27.81,28.82,28.116,294.0,311.0,291.0,316.0,True,HARD,5.0,True,Racing Bulls,0 days 00:20:11.171000,1,FP1,52.0,31.4,35.6
LIN,41,134.644,6.0,1.0,40.906,56.151,37.587,156.0,177.0,294.0,194.0,False,HARD,6.0,True,Racing Bulls,0 days 00:21:35.917000,1,FP1,52.0,31.4,35.6
LIN,41,85.477,7.0,1.0,27.763,29.008,28.706,291.0,307.0,287.0,313.0,False,HARD,7.0,True,Racing Bulls,0 days 00:23:50.561000,1,FP1,52.0,31.4,35.6
LIN,41,84.399,9.0,1.0,27.842,28.726,27.831,295.0,312.0,286.0,318.0,True,HARD,9.0,True,Racing Bulls,0 days 00:27:50.718000,1,FP1,52.0,31.4,35.6
LIN,41,83.802,12.0,2.0,27.558,28.344,27.9,294.0,312.0,291.0,318.0,True,MEDIUM,2.0,True,Racing Bulls,0 days 00:41:03.667000,1,FP1,52.1,31.3,35.7
LIN,41,133.73,13.0,2.0,46.401,50.749,36.58,139.0,261.0,251.0,165.0,False,MEDIUM,3.0,True,Racing Bulls,0 days 00:42:27.469000,1,FP1,52.1,31.3,35.7
LIN,41,132.515,14.0,2.0,44.302,49.001,39.212,264.0,150.0,298.0,148.0,False,MEDIUM,4.0,True,Racing Bulls,0 days 00:44:41.199000,1,FP1,52.1,31.3,35.7
LIN,41,84.299,15.0,2.0,27.6,28.671,28.028,292.0,313.0,296.0,325.0,False,MEDIUM,5.0,True,Racing Bulls,0 days 00:46:53.714000,1,FP1,52.1,31.3,35.7
LIN,41,120.882,16.0,2.0,39.946,42.779,38.157,235.0,255.0,294.0,260.0,False,MEDIUM,6.0,True,Racing Bulls,0 days 00:48:18.013000,1,FP1,52.1,31.3,35.7
LIN,41,88.435,19.0,3.0,29.441,30.114,28.88,281.0,301.0,301.0,302.0,False,HARD,12.0,False,Racing Bulls,0 days 00:59:34.015000,1,FP1,52.0,31.3,36.3
LIN,41,87.61,20.0,3.0,28.859,29.911,28.84,282.0,299.0,306.0,300.0,False,HARD,13.0,False,Racing Bulls,0 days 01:01:02.450000,1,FP1,52.0,31.3,36.3
LIN,41,87.203,21.0,3.0,28.677,29.835,28.691,284.0,302.0,302.0,303.0,False,HARD,14.0,False,Racing Bulls,0 days 01:02:30.060000,1,FP1,52.0,31.3,36.3
LIN,41,87.518,22.0,3.0,28.932,29.987,28.599,283.0,301.0,302.0,301.0,False,HARD,15.0,False,Racing Bulls,0 days 01:03:57.263000,1,FP1,52.0,31.3,36.3
LIN,41,87.489,23.0,3.0,28.766,30.055,28.668,285.0,304.0,315.0,302.0,False,HARD,16.0,False,Racing Bulls,0 days 01:05:24.781000,1,FP1,52.0,31.3,36.3
LIN,41,88.232,26.0,4.0,29.165,30.335,28.732,290.0,310.0,301.0,309.0,False,MEDIUM,9.0,False,Racing Bulls,0 days 01:10:13.445000,1,FP1,51.8,31.2,37.1
LIN,41,87.289,27.0,4.0,28.659,30.246,28.384,288.0,309.0,317.0,310.0,False,MEDIUM,10.0,False,Racing Bulls,0 days 01:11:41.677000,1,FP1,51.8,31.2,37.1
LIN,41,119.545,28.0,4.0,34.325,35.599,49.621,239.0,258.0,71.0,224.0,False,MEDIUM,11.0,False,Racing Bulls,0 days 01:13:08.966000,1,FP1,51.8,31.2,37.1
COL,43,86.628,2.0,1.0,27.65,29.407,29.571,296.0,317.0,277.0,323.0,True,MEDIUM,2.0,True,Alpine,0 days 00:16:12.115000,1,FP1,51.8,31.2,37.1
COL,43,139.617,3.0,1.0,50.081,53.561,35.975,123.0,201.0,297.0,163.0,False,MEDIUM,3.0,True,Alpine,0 days 00:17:38.743000,1,FP1,51.8,31.2,37.1
COL,43,85.305,4.0,1.0,27.498,28.986,28.821,296.0,315.0,273.0,323.0,True,MEDIUM,4.0,True,Alpine,0 days 00:19:58.360000,1,FP1,51.8,31.2,37.1
COL,43,84.714,6.0,1.0,27.404,28.692,28.618,295.0,319.0,275.0,326.0,True,MEDIUM,6.0,True,Alpine,0 days 00:23:54.540000,1,FP1,51.8,31.2,37.1
COL,43,84.028,8.0,1.0,27.31,28.548,28.17,297.0,321.0,276.0,329.0,True,MEDIUM,8.0,True,Alpine,0 days 00:27:58.260000,1,FP1,52.3,31.5,37.6
COL,43,131.171,11.0,2.0,46.01,50.22,34.941,152.0,225.0,297.0,152.0,False,SOFT,2.0,True,Alpine,0 days 00:41:20.257000,1,FP1,52.3,31.5,37.6
COL,43,126.151,12.0,2.0,34.85,53.255,38.046,170.0,142.0,297.0,324.0,False,SOFT,3.0,True,Alpine,0 days 00:43:31.428000,1,FP1,52.3,31.5,37.6
COL,43,87.823,13.0,2.0,27.26,28.264,32.299,295.0,318.0,178.0,329.0,False,SOFT,4.0,True,Alpine,0 days 00:45:37.579000,1,FP1,51.7,31.6,37.6
COL,43,88.274,17.0,3.0,28.777,30.017,29.48,289.0,302.0,286.0,297.0,False,MEDIUM,11.0,False,Alpine,0 days 01:00:15.217000,1,FP1,51.7,31.6,37.6
COL,43,87.853,18.0,3.0,28.801,30.148,28.904,295.0,304.0,289.0,298.0,False,MEDIUM,12.0,False,Alpine,0 days 01:01:43.491000,1,FP1,51.7,31.6,37.6
COL,43,87.192,19.0,3.0,28.718,29.71,28.764,290.0,301.0,293.0,301.0,False,MEDIUM,13.0,False,Alpine,0 days 01:03:11.344000,1,FP1,51.7,31.6,37.6
COL,43,87.091,20.0,3.0,28.53,29.819,28.742,289.0,301.0,305.0,302.0,False,MEDIUM,14.0,False,Alpine,0 days 01:04:38.536000,1,FP1,51.7,31.6,37.6
COL,43,87.115,21.0,3.0,28.474,29.791,28.85,287.0,300.0,308.0,303.0,False,MEDIUM,15.0,False,Alpine,0 days 01:06:05.627000,1,FP1,52.3,31.5,36.7
COL,43,86.73,22.0,3.0,28.296,29.705,28.729,290.0,308.0,303.0,308.0,False,MEDIUM,16.0,False,Alpine,0 days 01:07:32.742000,1,FP1,52.3,31.5,36.7
COL,43,86.92,23.0,3.0,28.433,29.696,28.791,291.0,305.0,310.0,303.0,False,MEDIUM,17.0,False,Alpine,0 days 01:08:59.472000,1,FP1,52.3,31.5,36.7
COL,43,86.728,24.0,3.0,28.276,29.732,28.72,292.0,304.0,310.0,299.0,False,MEDIUM,18.0,False,Alpine,0 days 01:10:26.392000,1,FP1,52.3,31.5,36.7
COL,43,86.449,25.0,3.0,28.229,29.64,28.58,291.0,305.0,311.0,302.0,False,MEDIUM,19.0,False,Alpine,0 days 01:11:53.120000,1,FP1,52.3,31.5,36.7
COL,43,134.812,26.0,3.0,37.791,42.797,54.224,171.0,179.0,55.0,200.0,False,MEDIUM,20.0,False,Alpine,0 days 01:13:19.569000,1,FP1,52.3,31.5,36.7
HAM,44,86.748,2.0,1.0,28.473,29.408,28.867,291.0,305.0,272.0,316.0,True,HARD,2.0,True,Ferrari,0 days 00:15:59.604000,1,FP1,51.6,31.3,37.3
HAM,44,131.09,3.0,1.0,46.011,49.71,35.369,199.0,254.0,281.0,150.0,False,HARD,3.0,True,Ferrari,0 days 00:17:26.352000,1,FP1,51.6,31.3,37.3
HAM,44,85.743,4.0,1.0,27.91,28.952,28.881,288.0,303.0,270.0,316.0,True,HARD,4.0,True,Ferrari,0 days 00:19:37.442000,1,FP1,51.6,31.3,37.3
HAM,44,135.342,5.0,1.0,48.806,49.456,37.08,183.0,116.0,281.0,139.0,False,HARD,5.0,True,Ferrari,0 days 00:21:03.185000,1,FP1,51.6,31.3,37.3
HAM,44,84.291,6.0,1.0,27.795,28.526,27.97,287.0,307.0,276.0,317.0,True,HARD,6.0,True,Ferrari,0 days 00:23:18.527000,1,FP1,51.6,31.3,37.3
HAM,44,83.891,8.0,1.0,27.668,28.448,27.775,291.0,314.0,280.0,324.0,True,HARD,8.0,True,Ferrari,0 days 00:27:23.626000,1,FP1,52.3,31.1,37.4
HAM,44,113.398,11.0,2.0,34.328,44.195,34.875,192.0,211.0,293.0,336.0,False,MEDIUM,2.0,True,Ferrari,0 days 00:43:39.338000,1,FP1,52.3,31.1,37.4
HAM,44,117.21,12.0,2.0,32.744,46.845,37.621,191.0,267.0,291.0,331.0,False,MEDIUM,3.0,True,Ferrari,0 days 00:45:32.736000,1,FP1,52.3,31.1,37.4
HAM,44,83.561,13.0,2.0,27.359,28.39,27.812,294.0,318.0,275.0,326.0,True,MEDIUM,4.0,True,Ferrari,0 days 00:47:29.946000,1,FP1,52.5,31.1,37.8
HAM,44,114.439,16.0,3.0,30.564,46.69,37.185,194.0,156.0,266.0,314.0,False,MEDIUM,7.0,False,Ferrari,0 days 00:54:11.206000,1,FP1,52.5,31.1,37.8
HAM,44,104.974,17.0,3.0,33.934,40.125,30.915,281.0,276.0,292.0,278.0,False,MEDIUM,8.0,False,Ferrari,0 days 00:56:05.645000,1,FP1,52.5,31.1,37.8
HAM,44,83.181,18.0,3.0,27.345,28.245,27.591,291.0,312.0,280.0,324.0,True,MEDIUM,9.0,False,Ferrari,0 days 00:57:50.619000,1,FP1,52.5,31.1,37.8
HAM,44,87.793,21.0,4.0,29.524,29.826,28.443,277.0,302.0,312.0,312.0,False,MEDIUM,12.0,False,Ferrari,0 days 01:07:45.073000,1,FP1,52.1,31.1,37.6
HAM,44,86.88,22.0,4.0,28.865,29.588,28.427,277.0,304.0,307.0,313.0,False,MEDIUM,13.0,False,Ferrari,0 days 01:09:12.866000,1,FP1,52.1,31.1,37.6
HAM,44,88.776,23.0,4.0,28.73,31.337,28.709,280.0,299.0,308.0,310.0,False,MEDIUM,14.0,False,Ferrari,0 days 01:10:39.746000,1,FP1,52.1,31.1,37.6
HAM,44,87.946,24.0,4.0,28.67,30.691,28.585,281.0,301.0,308.0,308.0,False,MEDIUM,15.0,False,Ferrari,0 days 01:12:08.522000,1,FP1,52.1,31.1,37.6
HAM,44,121.69,25.0,4.0,30.648,41.22,49.822,242.0,210.0,52.0,295.0,False,MEDIUM,16.0,False,Ferrari,0 days 01:13:36.468000,1,FP1,52.1,31.1,37.6
SAI,55,87.205,2.0,1.0,27.95,29.473,29.782,298.0,317.0,271.0,326.0,True,HARD,2.0,True,Williams,0 days 00:15:28.765000,1,FP1,53.1,31.5,37.0
SAI,55,126.259,3.0,1.0,41.136,47.747,37.376,168.0,161.0,297.0,233.0,False,HARD,3.0,True,Williams,0 days 00:16:55.970000,1,FP1,53.1,31.5,37.0
SAI,55,86.187,4.0,1.0,27.678,29.124,29.385,295.0,309.0,270.0,322.0,True,HARD,4.0,True,Williams,0 days 00:19:02.229000,1,FP1,53.1,31.5,37.0
SAI,55,128.236,5.0,1.0,39.058,49.548,39.63,156.0,166.0,295.0,251.0,False,HARD,5.0,True,Williams,0 days 00:20:28.416000,1,FP1,53.1,31.5,37.0
SAI,55,85.487,8.0,2.0,27.461,28.886,29.14,297.0,315.0,271.0,327.0,True,HARD,8.0,False,Williams,0 days 00:44:45.476000,1,FP1,53.1,31.5,37.0
SAI,55,120.407,9.0,2.0,40.807,42.561,37.039,170.0,253.0,293.0,261.0,False,HARD,9.0,False,Williams,0 days 00:46:10.963000,1,FP1,53.1,31.5,37.0
SAI,55,84.903,12.0,3.0,27.315,28.914,28.674,300.0,320.0,272.0,326.0,True,MEDIUM,2.0,True,Williams,0 days 00:52:47.632000,1,FP1,52.6,31.5,37.9
SAI,55,124.753,13.0,3.0,43.407,46.436,34.91,184.0,216.0,293.0,137.0,False,MEDIUM,3.0,True,Williams,0 days 00:54:12.535000,1,FP1,52.6,31.5,37.9
SAI,55,85.043,14.0,3.0,27.357,28.967,28.719,298.0,314.0,271.0,325.0,False,MEDIUM,4.0,True,Williams,0 days 00:56:17.288000,1,FP1,52.6,31.5,37.9
SAI,55,129.435,15.0,3.0,46.191,47.004,36.24,130.0,167.0,296.0,214.0,False,MEDIUM,5.0,True,Williams,0 days 00:57:42.331000,1,FP1,52.6,31.5,37.9
SAI,55,84.827,16.0,3.0,27.561,28.744,28.522,297.0,317.0,275.0,321.0,True,MEDIUM,6.0,True,Williams,0 days 00:59:51.766000,1,FP1,52.6,31.5,37.9
SAI,55,127.621,17.0,3.0,43.99,49.42,34.211,161.0,192.0,295.0,188.0,False,MEDIUM,7.0,True,Williams,0 days 01:01:16.593000,1,FP1,52.6,31.5,37.9
SAI,55,85.87,20.0,4.0,27.966,29.126,28.778,295.0,312.0,289.0,316.0,False,MEDIUM,10.0,False,Williams,0 days 01:06:58.890000,1,FP1,52.6,31.5,37.9
SAI,55,86.212,21.0,4.0,28.293,29.289,28.63,296.0,314.0,294.0,310.0,False,MEDIUM,11.0,False,Williams,0 days 01:08:24.760000,1,FP1,52.6,31.5,37.9
SAI,55,86.709,22.0,4.0,28.087,29.409,29.213,298.0,318.0,298.0,312.0,False,MEDIUM,12.0,False,Williams,0 days 01:09:50.972000,1,FP1,52.6,31.5,37.9
SAI,55,86.373,23.0,4.0,28.302,29.282,28.789,293.0,308.0,291.0,302.0,False,MEDIUM,13.0,False,Williams,0 days 01:11:17.681000,1,FP1,52.6,31.5,37.4
SAI,55,120.266,24.0,4.0,30.702,41.115,48.449,183.0,259.0,103.0,303.0,False,MEDIUM,14.0,False,Williams,0 days 01:12:44.054000,1,FP1,52.6,31.5,37.4
RUS,63,85.259,2.0,1.0,27.499,28.909,28.851,295.0,316.0,281.0,334.0,True,MEDIUM,2.0,True,Mercedes,0 days 00:15:45.970000,1,FP1,53.4,31.6,37.7
RUS,63,143.645,3.0,1.0,57.203,53.11,33.332,121.0,266.0,295.0,112.0,False,MEDIUM,3.0,True,Mercedes,0 days 00:17:11.229000,1,FP1,53.4,31.6,37.7
RUS,63,109.513,4.0,1.0,27.55,46.77,35.193,291.0,194.0,297.0,328.0,False,MEDIUM,4.0,True,Mercedes,0 days 00:19:34.874000,1,FP1,53.4,31.6,37.7
RUS,63,84.57,5.0,1.0,27.624,28.615,28.331,289.0,312.0,281.0,332.0,True,MEDIUM,5.0,True,Mercedes,0 days 00:21:24.387000,1,FP1,53.4,31.6,37.7
RUS,63,142.115,6.0,1.0,57.269,52.628,32.218,122.0,224.0,295.0,105.0,False,MEDIUM,6.0,True,Mercedes,0 days 00:22:48.957000,1,FP1,53.4,31.6,37.7
RUS,63,83.802,7.0,1.0,27.376,28.286,28.14,291.0,312.0,282.0,328.0,True,MEDIUM,7.0,True,Mercedes,0 days 00:25:11.072000,1,FP1,53.4,31.6,37.7
RUS,63,83.312,10.0,2.0,27.39,28.011,27.911,290.0,318.0,281.0,325.0,True,SOFT,2.0,True,Mercedes,0 days 00:40:17.124000,1,FP1,53.2,31.8,36.9
RUS,63,83.519,13.0,3.0,27.337,28.166,28.016,291.0,317.0,280.0,326.0,False,SOFT,5.0,False,Mercedes,0 days 00:46:25.087000,1,FP1,53.2,31.8,36.9
RUS,63,86.925,16.0,4.0,28.651,29.654,28.62,293.0,311.0,292.0,288.0,False,MEDIUM,10.0,False,Mercedes,0 days 00:56:17.097000,1,FP1,53.2,31.8,36.9
RUS,63,86.595,17.0,4.0,28.696,29.329,28.57,289.0,307.0,293.0,301.0,False,MEDIUM,11.0,False,Mercedes,0 days 00:57:44.022000,1,FP1,53.2,31.8,36.9
RUS,63,86.494,18.0,4.0,28.653,29.338,28.503,287.0,305.0,292.0,299.0,False,MEDIUM,12.0,False,Mercedes,0 days 00:59:10.617000,1,FP1,53.2,31.8,36.9
RUS,63,86.574,19.0,4.0,28.813,29.386,28.375,285.0,302.0,294.0,293.0,False,MEDIUM,13.0,False,Mercedes,0 days 01:00:37.111000,1,FP1,53.2,31.8,36.9
RUS,63,86.223,20.0,4.0,28.569,29.315,28.339,289.0,305.0,295.0,288.0,False,MEDIUM,14.0,False,Mercedes,0 days 01:02:03.685000,1,FP1,53.2,31.8,36.9
RUS,63,86.335,21.0,4.0,28.58,29.293,28.462,290.0,306.0,293.0,291.0,False,MEDIUM,15.0,False,Mercedes,0 days 01:03:29.908000,1,FP1,53.2,31.8,36.9
RUS,63,86.35,22.0,4.0,28.672,29.336,28.342,288.0,304.0,295.0,289.0,False,MEDIUM,16.0,False,Mercedes,0 days 01:04:56.243000,1,FP1,53.2,31.8,36.9
RUS,63,86.556,23.0,4.0,28.754,29.458,28.344,288.0,306.0,301.0,292.0,False,MEDIUM,17.0,False,Mercedes,0 days 01:06:22.593000,1,FP1,53.1,31.8,35.6
RUS,63,140.626,26.0,5.0,33.28,45.575,61.771,235.0,165.0,52.0,253.0,False,SOFT,8.0,False,Mercedes,0 days 01:14:13.380000,1,FP1,53.1,31.8,35.6
BOT,77,89.576,2.0,1.0,28.792,30.529,30.255,284.0,297.0,268.0,308.0,True,HARD,2.0,True,Cadillac,0 days 00:15:32.948000,1,FP1,53.1,31.8,35.6
BOT,77,130.398,3.0,1.0,37.263,49.223,43.912,199.0,117.0,274.0,192.0,False,HARD,3.0,True,Cadillac,0 days 00:17:02.524000,1,FP1,53.1,31.8,35.6
BOT,77,87.67,4.0,1.0,28.512,29.756,29.402,285.0,294.0,277.0,308.0,True,HARD,4.0,True,Cadillac,0 days 00:19:12.922000,1,FP1,53.1,31.8,35.6
BOT,77,117.553,5.0,1.0,36.829,41.011,39.713,219.0,146.0,277.0,194.0,False,HARD,5.0,True,Cadillac,0 days 00:20:40.592000,1,FP1,53.1,31.8,35.6
BOT,77,87.218,6.0,1.0,28.419,29.522,29.277,287.0,305.0,270.0,314.0,True,HARD,6.0,True,Cadillac,0 days 00:22:38.145000,1,FP1,53.1,31.8,35.6
BOT,77,112.153,7.0,1.0,36.963,37.224,37.966,228.0,232.0,279.0,166.0,False,HARD,7.0,True,Cadillac,0 days 00:24:05.363000,1,FP1,53.1,31.9,36.4
BOT,77,107.937,8.0,1.0,28.066,36.72,43.151,289.0,181.0,281.0,315.0,False,HARD,8.0,True,Cadillac,0 days 00:25:57.516000,1,FP1,53.1,31.9,36.4
BOT,77,86.483,9.0,1.0,28.08,29.29,29.113,289.0,306.0,272.0,318.0,True,HARD,9.0,True,Cadillac,0 days 00:27:45.453000,1,FP1,53.1,31.9,36.4
BOT,77,86.009,12.0,2.0,27.909,29.171,28.929,290.0,306.0,274.0,319.0,True,MEDIUM,2.0,True,Cadillac,0 days 00:46:57.561000,1,FP1,53.1,31.9,36.4
BOT,77,117.93,13.0,2.0,37.175,43.322,37.433,146.0,176.0,285.0,232.0,False,MEDIUM,3.0,True,Cadillac,0 days 00:48:23.570000,1,FP1,53.1,31.9,36.4
BOT,77,86.059,14.0,2.0,28.015,29.091,28.953,289.0,307.0,274.0,317.0,False,MEDIUM,4.0,True,Cadillac,0 days 00:50:21.500000,1,FP1,53.1,31.9,36.4
BOT,77,117.785,15.0,2.0,36.704,42.55,38.531,206.0,197.0,282.0,230.0,False,MEDIUM,5.0,True,Cadillac,0 days 00:51:47.559000,1,FP1,53.1,31.9,36.4
BOT,77,85.984,16.0,2.0,27.962,29.157,28.865,289.0,301.0,272.0,311.0,True,MEDIUM,6.0,True,Cadillac,0 days 00:53:45.344000,1,FP1,53.1,31.9,36.4
BOT,77,88.158,19.0,3.0,28.7,30.109,29.349,280.0,301.0,304.0,308.0,False,MEDIUM,9.0,False,Cadillac,0 days 01:02:43.939000,1,FP1,53.1,31.9,36.4
BOT,77,88.683,20.0,3.0,29.139,30.182,29.362,279.0,294.0,290.0,300.0,False,MEDIUM,10.0,False,Cadillac,0 days 01:04:12.097000,1,FP1,53.1,31.9,36.4
BOT,77,89.219,21.0,3.0,29.512,30.361,29.346,277.0,293.0,305.0,290.0,False,MEDIUM,11.0,False,Cadillac,0 days 01:05:40.780000,1,FP1,53.1,31.9,36.4
BOT,77,89.194,22.0,3.0,29.049,30.555,29.59,278.0,291.0,312.0,296.0,False,MEDIUM,12.0,False,Cadillac,0 days 01:07:09.999000,1,FP1,53.5,31.7,36.9
BOT,77,89.137,23.0,3.0,28.773,30.782,29.582,287.0,298.0,304.0,310.0,False,MEDIUM,13.0,False,Cadillac,0 days 01:08:39.193000,1,FP1,53.5,31.7,36.9
BOT,77,88.91,24.0,3.0,29.35,30.252,29.308,276.0,296.0,303.0,304.0,False,MEDIUM,14.0,False,Cadillac,0 days 01:10:08.330000,1,FP1,53.5,31.7,36.9
BOT,77,89.337,25.0,3.0,29.024,30.406,29.907,279.0,293.0,303.0,300.0,False,MEDIUM,15.0,False,Cadillac,0 days 01:11:37.240000,1,FP1,53.5,31.7,36.9
BOT,77,129.155,26.0,3.0,37.167,38.152,53.836,191.0,238.0,45.0,199.0,False,MEDIUM,16.0,False,Cadillac,0 days 01:13:06.577000,1,FP1,53.5,31.7,36.9
PIA,81,110.737,2.0,1.0,32.464,40.913,37.36,167.0,243.0,277.0,322.0,True,MEDIUM,2.0,True,McLaren,0 days 00:16:25.375000,1,FP1,53.5,31.7,36.9
PIA,81,85.333,3.0,1.0,27.783,28.995,28.555,299.0,314.0,282.0,318.0,True,MEDIUM,3.0,True,McLaren,0 days 00:18:16.112000,1,FP1,53.5,31.7,36.9
PIA,81,123.724,4.0,1.0,40.645,43.738,39.341,220.0,111.0,281.0,170.0,False,MEDIUM,4.0,True,McLaren,0 days 00:19:41.445000,1,FP1,53.5,31.7,36.9
PIA,81,84.394,5.0,1.0,27.524,28.524,28.346,299.0,316.0,282.0,316.0,True,MEDIUM,5.0,True,McLaren,0 days 00:21:45.169000,1,FP1,53.5,31.7,36.9
PIA,81,131.388,6.0,1.0,42.053,51.548,37.787,156.0,192.0,283.0,194.0,False,MEDIUM,6.0,True,McLaren,0 days 00:23:09.563000,1,FP1,53.3,31.8,36.2
PIA,81,84.253,7.0,1.0,27.48,28.547,28.226,300.0,316.0,280.0,320.0,True,MEDIUM,7.0,True,McLaren,0 days 00:25:20.951000,1,FP1,53.3,31.8,36.2
PIA,81,127.851,8.0,1.0,40.742,46.917,40.192,173.0,194.0,283.0,263.0,False,MEDIUM,8.0,True,McLaren,0 days 00:26:45.204000,1,FP1,53.3,31.8,36.2
PIA,81,114.571,11.0,2.0,32.294,43.685,38.592,165.0,236.0,290.0,316.0,False,SOFT,2.0,True,McLaren,0 days 00:42:55.220000,1,FP1,53.3,31.8,36.2
PIA,81,84.549,12.0,2.0,27.459,28.425,28.665,297.0,316.0,281.0,321.0,False,SOFT,3.0,True,McLaren,0 days 00:44:49.791000,1,FP1,53.3,31.8,36.2
PIA,81,84.184,15.0,3.0,27.622,28.343,28.219,295.0,312.0,281.0,315.0,True,SOFT,6.0,False,McLaren,0 days 00:50:44.454000,1,FP1,53.3,31.8,36.2
PIA,81,86.671,18.0,4.0,28.733,29.378,28.56,297.0,315.0,294.0,309.0,False,MEDIUM,11.0,False,McLaren,0 days 01:02:51.303000,1,FP1,53.3,31.8,36.2
PIA,81,86.329,19.0,4.0,28.391,29.299,28.639,292.0,307.0,293.0,304.0,False,MEDIUM,12.0,False,McLaren,0 days 01:04:17.974000,1,FP1,53.3,31.8,36.2
PIA,81,86.704,20.0,4.0,28.484,29.639,28.581,291.0,307.0,301.0,301.0,False,MEDIUM,13.0,False,McLaren,0 days 01:05:44.303000,1,FP1,53.7,31.8,35.6
PIA,81,87.606,21.0,4.0,28.411,30.089,29.106,291.0,308.0,290.0,307.0,False,MEDIUM,14.0,False,McLaren,0 days 01:07:11.007000,1,FP1,53.7,31.8,35.6
PIA,81,87.232,22.0,4.0,28.982,29.64,28.61,293.0,300.0,296.0,297.0,False,MEDIUM,15.0,False,McLaren,0 days 01:08:38.613000,1,FP1,53.7,31.8,35.6
PIA,81,86.448,23.0,4.0,28.429,29.298,28.721,290.0,301.0,299.0,300.0,False,MEDIUM,16.0,False,McLaren,0 days 01:10:05.845000,1,FP1,53.7,31.8,35.6
PIA,81,86.713,24.0,4.0,28.412,29.651,28.65,288.0,297.0,312.0,302.0,False,MEDIUM,17.0,False,McLaren,0 days 01:11:32.293000,1,FP1,53.7,31.8,35.6
PIA,81,125.549,25.0,4.0,30.536,42.266,52.747,256.0,172.0,74.0,305.0,False,MEDIUM,18.0,False,McLaren,0 days 01:12:59.006000,1,FP1,53.7,31.8,35.6
BEA,87,92.74,2.0,1.0,29.911,30.971,31.858,279.0,282.0,257.0,261.0,True,HARD,2.0,True,Haas F1 Team,0 days 00:14:44.834000,1,FP1,53.7,31.8,35.6
BEA,87,86.418,5.0,2.0,28.061,29.436,28.921,292.0,305.0,278.0,313.0,True,HARD,5.0,False,Haas F1 Team,0 days 00:21:54.025000,1,FP1,53.5,31.7,36.1
BEA,87,144.607,6.0,2.0,55.05,54.544,35.013,115.0,196.0,277.0,120.0,False,HARD,6.0,False,Haas F1 Team,0 days 00:23:20.443000,1,FP1,53.5,31.7,36.1
BEA,87,85.815,7.0,2.0,28.189,28.986,28.64,292.0,305.0,277.0,313.0,True,HARD,7.0,False,Haas F1 Team,0 days 00:25:45.050000,1,FP1,53.5,31.7,36.1
BEA,87,139.458,8.0,2.0,52.727,51.207,35.524,138.0,209.0,281.0,124.0,False,HARD,8.0,False,Haas F1 Team,0 days 00:27:10.865000,1,FP1,53.5,31.7,36.1
BEA,87,115.516,14.0,4.0,27.824,47.726,39.966,291.0,160.0,284.0,318.0,False,SOFT,2.0,True,Haas F1 Team,0 days 00:47:35.210000,1,FP1,53.8,31.6,36.5
BEA,87,84.971,15.0,4.0,27.942,28.618,28.411,292.0,306.0,276.0,314.0,True,SOFT,3.0,True,Haas F1 Team,0 days 00:49:30.726000,1,FP1,53.8,31.6,36.5
BEA,87,84.646,18.0,5.0,27.728,28.503,28.415,292.0,305.0,276.0,318.0,True,SOFT,6.0,False,Haas F1 Team,0 days 00:56:09.068000,1,FP1,53.8,31.6,36.5
BEA,87,92.502,21.0,6.0,33.213,30.377,28.912,276.0,296.0,312.0,305.0,False,HARD,14.0,False,Haas F1 Team,0 days 01:03:44.014000,1,FP1,53.8,31.6,36.5
BEA,87,87.273,22.0,6.0,28.83,29.603,28.84,282.0,300.0,307.0,306.0,False,HARD,15.0,False,Haas F1 Team,0 days 01:05:16.516000,1,FP1,53.8,31.6,36.5
BEA,87,87.323,23.0,6.0,28.785,29.609,28.929,283.0,297.0,304.0,304.0,False,HARD,16.0,False,Haas F1 Team,0 days 01:06:43.789000,1,FP1,53.8,31.6,36.5
BEA,87,87.106,24.0,6.0,28.797,29.48,28.829,283.0,297.0,305.0,303.0,False,HARD,17.0,False,Haas F1 Team,0 days 01:08:11.112000,1,FP1,53.7,31.7,36.3
BEA,87,87.598,25.0,6.0,29.035,29.614,28.949,284.0,298.0,302.0,307.0,False,HARD,18.0,False,Haas F1 Team,0 days 01:09:38.218000,1,FP1,53.7,31.7,36.3
BEA,87,87.183,26.0,6.0,28.81,29.662,28.711,285.0,297.0,303.0,305.0,False,HARD,19.0,False,Haas F1 Team,0 days 01:11:05.816000,1,FP1,53.7,31.7,36.3
BEA,87,109.302,27.0,6.0,29.905,35.387,44.01,242.0,232.0,40.0,307.0,False,HARD,20.0,False,Haas F1 Team,0 days 01:12:32.999000,1,FP1,53.7,31.7,36.3
NOR,1,84.06,2.0,1.0,27.365,28.417,28.278,296.0,317.0,282.0,325.0,True,HARD,2.0,True,McLaren,0 days 00:16:56.697000,1,FP2,56.6,33.4,32.2
NOR,1,139.286,3.0,1.0,41.733,56.997,40.556,158.0,144.0,292.0,170.0,False,HARD,3.0,True,McLaren,0 days 00:18:20.757000,1,FP2,56.6,33.4,32.2
NOR,1,84.152,4.0,1.0,27.572,28.277,28.303,291.0,313.0,282.0,322.0,False,HARD,4.0,True,McLaren,0 days 00:20:40.043000,1,FP2,56.6,33.4,32.2
NOR,1,130.094,5.0,1.0,43.284,50.254,36.556,151.0,148.0,291.0,183.0,False,HARD,5.0,True,McLaren,0 days 00:22:04.195000,1,FP2,56.6,33.4,32.2
NOR,1,83.796,6.0,1.0,27.393,28.123,28.28,291.0,314.0,286.0,321.0,True,HARD,6.0,True,McLaren,0 days 00:24:14.289000,1,FP2,56.6,33.4,32.2
NOR,1,103.177,9.0,2.0,30.555,39.868,32.754,207.0,216.0,296.0,326.0,False,SOFT,2.0,True,McLaren,0 days 00:43:39.058000,1,FP2,56.6,33.4,32.2
NOR,1,82.943,10.0,2.0,27.179,27.859,27.905,297.0,316.0,283.0,324.0,True,SOFT,3.0,True,McLaren,0 days 00:45:22.235000,1,FP2,56.6,33.4,32.2
NOR,1,133.511,11.0,2.0,45.041,49.115,39.355,158.0,113.0,295.0,135.0,False,SOFT,4.0,True,McLaren,0 days 00:46:45.178000,1,FP2,56.3,33.5,32.6
NOR,1,82.99,12.0,2.0,27.241,27.883,27.866,294.0,316.0,282.0,320.0,False,SOFT,5.0,True,McLaren,0 days 00:48:58.689000,1,FP2,56.3,33.5,32.6
NOR,1,86.361,15.0,3.0,28.229,29.461,28.671,297.0,320.0,292.0,308.0,False,HARD,9.0,False,McLaren,0 days 01:02:13.906000,1,FP2,56.3,33.5,32.6
NOR,1,86.28,16.0,3.0,28.343,29.5,28.437,298.0,316.0,298.0,317.0,False,HARD,10.0,False,McLaren,0 days 01:03:40.267000,1,FP2,56.3,33.5,32.6
NOR,1,86.69,17.0,3.0,28.284,30.028,28.378,298.0,315.0,316.0,320.0,False,HARD,11.0,False,McLaren,0 days 01:05:06.547000,1,FP2,56.3,33.5,32.6
NOR,1,86.311,18.0,3.0,27.924,29.421,28.966,293.0,305.0,288.0,312.0,False,HARD,12.0,False,McLaren,0 days 01:06:33.237000,1,FP2,56.3,33.5,32.6
NOR,1,89.487,19.0,3.0,30.543,30.132,28.812,258.0,306.0,288.0,301.0,False,HARD,13.0,False,McLaren,0 days 01:07:59.548000,1,FP2,56.6,33.5,32.8
NOR,1,86.887,20.0,3.0,28.719,29.367,28.801,286.0,303.0,289.0,302.0,False,HARD,14.0,False,McLaren,0 days 01:09:29.035000,1,FP2,56.6,33.5,32.8
NOR,1,107.037,23.0,4.0,28.626,36.35,42.061,284.0,184.0,84.0,302.0,False,SOFT,8.0,False,McLaren,0 days 01:14:13.906000,1,FP2,56.6,33.5,32.8
VER,3,84.719,2.0,1.0,27.585,28.81,28.324,300.0,314.0,285.0,325.0,True,MEDIUM,2.0,True,Red Bull Racing,0 days 00:16:09.168000,1,FP2,56.6,33.5,32.8
VER,3,142.547,3.0,1.0,47.386,52.08,43.081,134.0,115.0,276.0,165.0,False,MEDIUM,3.0,True,Red Bull Racing,0 days 00:17:33.887000,1,FP2,56.6,33.5,32.8
VER,3,85.23,4.0,1.0,28.107,28.671,28.452,293.0,309.0,282.0,310.0,False,MEDIUM,4.0,True,Red Bull Racing,0 days 00:19:56.434000,1,FP2,56.6,33.5,32.8
VER,3,83.95,7.0,2.0,27.531,28.532,27.887,295.0,315.0,285.0,327.0,True,MEDIUM,7.0,False,Red Bull Racing,0 days 00:25:43.050000,1,FP2,56.3,33.4,33.0
VER,3,126.738,8.0,2.0,42.605,39.621,44.512,229.0,167.0,239.0,161.0,False,MEDIUM,8.0,False,Red Bull Racing,0 days 00:27:07,1,FP2,56.3,33.4,33.0
VER,3,121.673,9.0,2.0,35.288,45.682,40.703,260.0,148.0,290.0,233.0,False,MEDIUM,9.0,False,Red Bull Racing,0 days 00:29:13.738000,1,FP2,56.3,33.4,33.0
VER,3,83.749,10.0,2.0,27.474,28.448,27.827,298.0,315.0,288.0,322.0,True,MEDIUM,10.0,False,Red Bull Racing,0 days 00:31:15.411000,1,FP2,56.3,33.4,33.0
VER,3,83.487,13.0,3.0,27.371,28.489,27.627,301.0,314.0,291.0,325.0,True,SOFT,2.0,True,Red Bull Racing,0 days 00:43:56.346000,1,FP2,56.3,33.4,33.0
VER,3,121.758,14.0,3.0,44.139,41.652,35.967,173.0,144.0,293.0,159.0,False,SOFT,3.0,True,Red Bull Racing,0 days 00:45:19.833000,1,FP2,56.3,33.4,33.0
VER,3,83.377,15.0,3.0,27.492,28.245,27.64,297.0,311.0,286.0,318.0,True,SOFT,4.0,True,Red Bull Racing,0 days 00:47:21.591000,1,FP2,56.3,33.4,33.0
VER,3,86.641,18.0,4.0,28.546,29.732,28.363,287.0,306.0,311.0,308.0,False,MEDIUM,13.0,False,Red Bull Racing,0 days 00:58:29.906000,1,FP2,56.3,33.4,33.0
VER,3,86.45,19.0,4.0,28.498,29.721,28.231,288.0,307.0,304.0,313.0,False,MEDIUM,14.0,False,Red Bull Racing,0 days 00:59:56.547000,1,FP2,56.3,33.4,33.0
VER,3,86.605,20.0,4.0,28.437,29.881,28.287,290.0,321.0,315.0,316.0,False,MEDIUM,15.0,False,Red Bull Racing,0 days 01:01:22.997000,1,FP2,56.3,33.4,33.0
VER,3,86.741,21.0,4.0,28.248,30.01,28.483,295.0,317.0,320.0,314.0,False,MEDIUM,16.0,False,Red Bull Racing,0 days 01:02:49.602000,1,FP2,56.2,33.4,32.2
VER,3,86.174,22.0,4.0,28.256,29.584,28.334,286.0,291.0,313.0,313.0,False,MEDIUM,17.0,False,Red Bull Racing,0 days 01:04:16.343000,1,FP2,56.2,33.4,32.2
VER,3,86.486,25.0,5.0,28.601,29.615,28.27,287.0,310.0,307.0,316.0,False,MEDIUM,20.0,False,Red Bull Racing,0 days 01:09:06.987000,1,FP2,56.2,33.4,32.2
VER,3,86.074,26.0,5.0,28.333,29.455,28.286,290.0,316.0,320.0,322.0,False,MEDIUM,21.0,False,Red Bull Racing,0 days 01:10:33.473000,1,FP2,56.2,33.4,32.2
VER,3,85.841,27.0,5.0,28.375,29.398,28.068,288.0,307.0,305.0,309.0,False,MEDIUM,22.0,False,Red Bull Racing,0 days 01:11:59.547000,1,FP2,56.2,33.4,32.2
VER,3,134.691,28.0,5.0,41.367,45.647,47.677,188.0,160.0,94.0,159.0,False,MEDIUM,23.0,False,Red Bull Racing,0 days 01:13:25.388000,1,FP2,56.2,33.4,32.2
BOR,5,84.666,2.0,1.0,27.476,28.752,28.438,302.0,321.0,280.0,324.0,True,HARD,2.0,True,Audi,0 days 00:15:45.234000,1,FP2,55.8,33.5,32.1
BOR,5,146.147,3.0,1.0,51.145,55.443,39.559,118.0,177.0,292.0,143.0,False,HARD,3.0,True,Audi,0 days 00:17:09.900000,1,FP2,55.8,33.5,32.1
BOR,5,84.586,4.0,1.0,27.716,28.786,28.084,296.0,310.0,282.0,316.0,True,HARD,4.0,True,Audi,0 days 00:19:36.047000,1,FP2,56.0,33.5,31.7
BOR,5,84.111,7.0,2.0,27.646,28.565,27.9,293.0,310.0,283.0,317.0,True,HARD,7.0,False,Audi,0 days 00:25:40.684000,1,FP2,56.0,33.5,31.7
BOR,5,83.776,10.0,3.0,27.587,28.404,27.785,296.0,313.0,284.0,316.0,True,HARD,10.0,False,Audi,0 days 00:31:18.390000,1,FP2,56.0,33.5,31.7
BOR,5,119.221,13.0,4.0,27.447,49.582,42.192,298.0,167.0,293.0,318.0,False,SOFT,2.0,True,Audi,0 days 00:43:53.700000,1,FP2,56.0,33.5,31.7
BOR,5,84.059,14.0,4.0,27.61,28.464,27.985,297.0,312.0,281.0,317.0,False,SOFT,3.0,True,Audi,0 days 00:45:52.921000,1,FP2,56.0,33.5,31.7
BOR,5,87.408,19.0,6.0,28.664,29.915,28.829,287.0,304.0,302.0,309.0,False,HARD,13.0,False,Audi,0 days 01:00:01.442000,1,FP2,56.2,33.5,31.9
BOR,5,87.073,20.0,6.0,28.584,29.66,28.829,286.0,305.0,299.0,313.0,False,HARD,14.0,False,Audi,0 days 01:01:28.850000,1,FP2,56.2,33.5,31.9
BOR,5,88.099,21.0,6.0,28.718,30.251,29.13,285.0,303.0,298.0,311.0,False,HARD,15.0,False,Audi,0 days 01:02:55.923000,1,FP2,56.2,33.5,31.9
GAS,10,85.595,2.0,1.0,27.285,29.075,29.235,294.0,319.0,273.0,329.0,True,HARD,2.0,True,Alpine,0 days 00:22:25.419000,1,FP2,56.2,33.5,31.9
GAS,10,125.587,3.0,1.0,44.851,43.686,37.05,185.0,215.0,297.0,197.0,False,HARD,3.0,True,Alpine,0 days 00:23:51.014000,1,FP2,56.2,33.5,31.9
GAS,10,84.571,4.0,1.0,27.213,28.77,28.588,295.0,319.0,280.0,330.0,True,HARD,4.0,True,Alpine,0 days 00:25:56.601000,1,FP2,56.2,33.5,31.9
GAS,10,123.471,5.0,1.0,39.923,46.284,37.264,178.0,191.0,297.0,269.0,False,HARD,5.0,True,Alpine,0 days 00:27:21.172000,1,FP2,56.2,33.5,31.9
GAS,10,84.312,6.0,1.0,27.295,28.625,28.392,294.0,317.0,274.0,328.0,True,HARD,6.0,True,Alpine,0 days 00:29:24.643000,1,FP2,56.1,33.5,32.0
GAS,10,124.941,7.0,1.0,42.753,46.526,35.662,155.0,243.0,296.0,240.0,False,HARD,7.0,True,Alpine,0 days 00:30:48.955000,1,FP2,56.1,33.5,32.0
GAS,10,84.35,8.0,1.0,27.269,28.543,28.538,294.0,316.0,275.0,325.0,False,HARD,8.0,True,Alpine,0 days 00:32:53.896000,1,FP2,56.1,33.5,32.0
GAS,10,83.803,11.0,2.0,27.039,28.392,28.372,297.0,316.0,281.0,329.0,True,SOFT,2.0,True,Alpine,0 days 00:44:32.517000,1,FP2,56.1,33.5,32.0
GAS,10,135.675,12.0,2.0,51.653,44.368,39.654,122.0,213.0,204.0,268.0,False,SOFT,3.0,True,Alpine,0 days 00:45:56.320000,1,FP2,56.1,33.5,32.0
GAS,10,117.739,13.0,2.0,40.818,43.903,33.018,211.0,263.0,296.0,216.0,False,SOFT,4.0,True,Alpine,0 days 00:48:11.995000,1,FP2,56.1,33.5,32.0
GAS,10,83.773,14.0,2.0,27.15,28.282,28.341,293.0,315.0,278.0,328.0,True,SOFT,5.0,True,Alpine,0 days 00:50:09.734000,1,FP2,56.1,33.5,32.0
GAS,10,87.339,17.0,3.0,28.448,29.544,29.347,292.0,307.0,278.0,296.0,False,HARD,11.0,False,Alpine,0 days 01:02:32.054000,1,FP2,55.6,33.4,32.1
GAS,10,87.027,18.0,3.0,28.728,29.416,28.883,293.0,313.0,286.0,302.0,False,HARD,12.0,False,Alpine,0 days 01:03:59.393000,1,FP2,55.6,33.4,32.1
GAS,10,87.636,19.0,3.0,28.426,29.911,29.299,295.0,316.0,285.0,308.0,False,HARD,13.0,False,Alpine,0 days 01:05:26.420000,1,FP2,55.6,33.4,32.1
GAS,10,87.619,20.0,3.0,29.133,29.684,28.802,295.0,315.0,292.0,303.0,False,HARD,14.0,False,Alpine,0 days 01:06:54.056000,1,FP2,55.6,33.4,32.1
GAS,10,86.755,21.0,3.0,28.324,29.614,28.817,295.0,313.0,289.0,315.0,False,HARD,15.0,False,Alpine,0 days 01:08:21.675000,1,FP2,55.6,33.4,32.1
GAS,10,86.804,22.0,3.0,28.503,29.552,28.749,293.0,311.0,290.0,311.0,False,HARD,16.0,False,Alpine,0 days 01:09:48.430000,1,FP2,55.6,33.4,32.1
GAS,10,87.116,23.0,3.0,28.491,29.656,28.969,295.0,302.0,297.0,306.0,False,HARD,17.0,False,Alpine,0 days 01:11:15.234000,1,FP2,55.6,33.4,32.1
GAS,10,86.662,24.0,3.0,28.334,29.646,28.682,296.0,306.0,303.0,309.0,False,HARD,18.0,False,Alpine,0 days 01:12:42.350000,1,FP2,55.6,33.4,32.1
GAS,10,113.252,25.0,3.0,35.958,36.458,40.836,200.0,240.0,96.0,296.0,False,HARD,19.0,False,Alpine,0 days 01:14:09.012000,1,FP2,55.6,33.4,32.1
GAS,10,143.779,26.0,3.0,64.807,36.32,42.652,272.0,223.0,100.0,287.0,False,HARD,20.0,False,Alpine,0 days 01:16:02.264000,1,FP2,55.6,33.4,32.1
PER,11,87.436,2.0,1.0,28.502,29.851,29.083,286.0,300.0,279.0,313.0,True,MEDIUM,2.0,True,Cadillac,0 days 00:25:12.419000,1,FP2,55.6,33.4,32.1
PER,11,132.054,3.0,1.0,48.774,43.974,39.306,175.0,203.0,278.0,129.0,False,MEDIUM,3.0,True,Cadillac,0 days 00:26:39.855000,1,FP2,55.4,33.3,32.2
PER,11,86.414,4.0,1.0,28.143,29.328,28.943,286.0,302.0,274.0,311.0,True,MEDIUM,4.0,True,Cadillac,0 days 00:28:51.909000,1,FP2,55.4,33.3,32.2
PER,11,120.059,5.0,1.0,43.976,41.461,34.622,148.0,213.0,281.0,196.0,False,MEDIUM,5.0,True,Cadillac,0 days 00:30:18.323000,1,FP2,55.4,33.3,32.2
PER,11,85.951,6.0,1.0,28.024,29.148,28.779,286.0,296.0,272.0,310.0,True,MEDIUM,6.0,True,Cadillac,0 days 00:32:18.382000,1,FP2,55.4,33.3,32.2
PER,11,111.44,7.0,1.0,36.91,39.011,35.519,205.0,215.0,284.0,224.0,False,MEDIUM,7.0,True,Cadillac,0 days 00:33:44.333000,1,FP2,55.4,33.3,32.2
PER,11,85.483,8.0,1.0,27.811,29.058,28.614,288.0,302.0,278.0,309.0,True,MEDIUM,8.0,True,Cadillac,0 days 00:35:35.773000,1,FP2,55.4,33.3,32.2
PER,11,85.198,11.0,2.0,27.7,29.088,28.41,290.0,301.0,278.0,316.0,True,SOFT,2.0,True,Cadillac,0 days 00:44:41.704000,1,FP2,55.7,33.4,31.8
PER,11,130.008,12.0,2.0,44.512,44.183,41.313,180.0,206.0,209.0,135.0,False,SOFT,3.0,True,Cadillac,0 days 00:46:06.902000,1,FP2,55.7,33.4,31.8
PER,11,117.373,13.0,2.0,40.831,43.053,33.489,188.0,226.0,286.0,206.0,False,SOFT,4.0,True,Cadillac,0 days 00:48:16.910000,1,FP2,55.7,33.4,31.8
PER,11,85.082,14.0,2.0,27.636,28.955,28.491,290.0,304.0,277.0,314.0,True,SOFT,5.0,True,Cadillac,0 days 00:50:14.283000,1,FP2,55.7,33.4,31.8
PER,11,88.961,17.0,3.0,28.954,30.705,29.302,280.0,294.0,305.0,300.0,False,SOFT,8.0,False,Cadillac,0 days 01:01:05.782000,1,FP2,55.7,33.4,31.8
PER,11,88.97,18.0,3.0,29.042,30.638,29.29,280.0,300.0,307.0,300.0,False,SOFT,9.0,False,Cadillac,0 days 01:02:34.743000,1,FP2,55.7,33.4,31.8
PER,11,88.357,19.0,3.0,28.906,30.26,29.191,279.0,295.0,306.0,306.0,False,SOFT,10.0,False,Cadillac,0 days 01:04:03.713000,1,FP2,55.2,33.3,31.5
PER,11,88.293,20.0,3.0,28.906,30.236,29.151,278.0,293.0,305.0,304.0,False,SOFT,11.0,False,Cadillac,0 days 01:05:32.070000,1,FP2,55.2,33.3,31.5
PER,11,88.677,21.0,3.0,29.039,30.548,29.09,278.0,290.0,314.0,303.0,False,SOFT,12.0,False,Cadillac,0 days 01:07:00.363000,1,FP2,55.2,33.3,31.5
PER,11,87.892,22.0,3.0,28.713,30.272,28.907,280.0,296.0,315.0,305.0,False,SOFT,13.0,False,Cadillac,0 days 01:08:29.040000,1,FP2,55.2,33.3,31.5
PER,11,88.211,23.0,3.0,28.603,30.673,28.935,287.0,307.0,321.0,309.0,False,SOFT,14.0,False,Cadillac,0 days 01:09:56.932000,1,FP2,55.2,33.3,31.5
PER,11,90.946,24.0,3.0,31.005,30.848,29.093,269.0,305.0,311.0,320.0,False,SOFT,15.0,False,Cadillac,0 days 01:11:25.143000,1,FP2,55.2,33.3,31.5
PER,11,90.253,25.0,3.0,29.521,31.159,29.573,280.0,301.0,308.0,311.0,False,SOFT,16.0,False,Cadillac,0 days 01:12:56.089000,1,FP2,55.2,33.3,31.5
PER,11,126.848,26.0,3.0,41.644,39.339,45.865,170.0,231.0,57.0,166.0,False,SOFT,17.0,False,Cadillac,0 days 01:14:26.342000,1,FP2,55.2,33.3,31.5
ANT,12,83.417,2.0,1.0,27.262,28.242,27.913,296.0,320.0,285.0,329.0,True,HARD,2.0,True,Mercedes,0 days 00:16:45.012000,1,FP2,55.2,33.3,31.5
ANT,12,134.119,3.0,1.0,47.962,50.981,35.176,157.0,202.0,292.0,122.0,False,HARD,3.0,True,Mercedes,0 days 00:18:08.429000,1,FP2,55.2,33.3,31.5
ANT,12,82.7,8.0,3.0,27.297,27.784,27.619,296.0,317.0,281.0,321.0,True,SOFT,4.0,False,Mercedes,0 days 00:35:07.906000,1,FP2,55.1,33.3,32.1
ANT,12,86.42,11.0,4.0,28.376,29.33,28.714,289.0,304.0,283.0,292.0,False,HARD,6.0,False,Mercedes,0 days 00:45:37.585000,1,FP2,55.1,33.3,32.1
ANT,12,86.405,12.0,4.0,28.621,29.245,28.539,292.0,306.0,290.0,298.0,False,HARD,7.0,False,Mercedes,0 days 00:47:04.005000,1,FP2,55.1,33.3,32.1
ANT,12,86.291,13.0,4.0,28.563,29.305,28.423,289.0,306.0,296.0,301.0,False,HARD,8.0,False,Mercedes,0 days 00:48:30.410000,1,FP2,55.1,33.3,32.1
ANT,12,85.875,14.0,4.0,28.367,29.234,28.274,292.0,306.0,295.0,305.0,False,HARD,9.0,False,Mercedes,0 days 00:49:56.701000,1,FP2,55.1,33.3,32.1
ANT,12,85.968,15.0,4.0,28.452,29.301,28.215,290.0,306.0,296.0,296.0,False,HARD,10.0,False,Mercedes,0 days 00:51:22.576000,1,FP2,55.1,33.3,32.1
ANT,12,85.702,16.0,4.0,28.308,29.132,28.262,291.0,307.0,298.0,298.0,False,HARD,11.0,False,Mercedes,0 days 00:52:48.544000,1,FP2,55.1,33.3,32.1
ANT,12,85.946,17.0,4.0,28.433,29.21,28.303,291.0,307.0,296.0,298.0,False,HARD,12.0,False,Mercedes,0 days 00:54:14.246000,1,FP2,55.3,33.3,32.1
ANT,12,85.813,18.0,4.0,28.409,29.185,28.219,291.0,305.0,295.0,295.0,False,HARD,13.0,False,Mercedes,0 days 00:55:40.192000,1,FP2,55.3,33.3,32.1
ANT,12,85.739,19.0,4.0,28.494,29.158,28.087,293.0,311.0,300.0,296.0,False,HARD,14.0,False,Mercedes,0 days 00:57:06.005000,1,FP2,55.3,33.3,32.1
ANT,12,85.815,20.0,4.0,28.208,29.394,28.213,294.0,315.0,303.0,303.0,False,HARD,15.0,False,Mercedes,0 days 00:58:31.744000,1,FP2,55.3,33.3,32.1
ANT,12,86.018,21.0,4.0,28.107,29.5,28.411,300.0,323.0,304.0,304.0,False,HARD,16.0,False,Mercedes,0 days 00:59:57.559000,1,FP2,55.3,33.3,32.1
ANT,12,85.773,22.0,4.0,27.68,29.648,28.445,310.0,313.0,308.0,317.0,False,HARD,17.0,False,Mercedes,0 days 01:01:23.577000,1,FP2,55.3,33.3,32.1
ANT,12,87.637,23.0,4.0,28.514,30.576,28.547,293.0,321.0,319.0,312.0,False,HARD,18.0,False,Mercedes,0 days 01:02:49.350000,1,FP2,55.3,33.3,32.1
ANT,12,86.332,24.0,4.0,27.966,29.873,28.493,300.0,310.0,312.0,327.0,False,HARD,19.0,False,Mercedes,0 days 01:04:16.987000,1,FP2,55.3,33.3,32.1
ANT,12,86.463,25.0,4.0,27.764,30.099,28.6,304.0,317.0,303.0,324.0,False,HARD,20.0,False,Mercedes,0 days 01:05:43.319000,1,FP2,55.4,33.4,31.9
ANT,12,86.376,26.0,4.0,28.181,29.463,28.732,296.0,304.0,291.0,308.0,False,HARD,21.0,False,Mercedes,0 days 01:07:09.782000,1,FP2,55.4,33.4,31.9
ANT,12,86.076,27.0,4.0,28.456,29.362,28.258,291.0,308.0,298.0,305.0,False,HARD,22.0,False,Mercedes,0 days 01:08:36.158000,1,FP2,55.4,33.4,31.9
ANT,12,130.172,30.0,5.0,31.84,44.427,53.905,205.0,180.0,54.0,295.0,False,SOFT,7.0,False,Mercedes,0 days 01:13:40.470000,1,FP2,55.4,33.4,31.9
ALO,14,86.319,2.0,1.0,28.263,29.335,28.721,282.0,298.0,274.0,308.0,True,SOFT,2.0,True,Aston Martin,0 days 00:28:53.914000,1,FP2,55.4,33.4,31.9
ALO,14,120.032,3.0,1.0,42.465,42.324,35.243,221.0,105.0,281.0,118.0,False,SOFT,3.0,True,Aston Martin,0 days 00:30:20.233000,1,FP2,55.4,33.4,31.9
ALO,14,86.155,4.0,1.0,28.218,29.15,28.787,283.0,296.0,268.0,308.0,True,SOFT,4.0,True,Aston Martin,0 days 00:32:20.265000,1,FP2,55.4,33.4,31.9
ALO,14,121.683,5.0,1.0,43.385,42.6,35.698,147.0,265.0,279.0,137.0,False,SOFT,5.0,True,Aston Martin,0 days 00:33:46.420000,1,FP2,55.4,33.4,31.9
ALO,14,85.791,6.0,1.0,28.101,29.136,28.554,281.0,294.0,273.0,306.0,True,SOFT,6.0,True,Aston Martin,0 days 00:35:48.103000,1,FP2,55.4,33.4,31.9
ALO,14,85.06,9.0,2.0,27.877,28.783,28.4,286.0,301.0,275.0,310.0,True,SOFT,2.0,True,Aston Martin,0 days 00:52:02.810000,1,FP2,55.2,33.5,31.2
ALO,14,119.167,10.0,2.0,42.323,38.767,38.077,246.0,246.0,194.0,120.0,False,SOFT,3.0,True,Aston Martin,0 days 00:53:27.870000,1,FP2,55.2,33.5,31.2
ALO,14,126.921,11.0,2.0,40.899,45.498,40.524,167.0,208.0,279.0,195.0,False,SOFT,4.0,True,Aston Martin,0 days 00:55:27.037000,1,FP2,55.2,33.5,31.2
ALO,14,85.027,12.0,2.0,27.93,28.785,28.312,285.0,301.0,276.0,306.0,True,SOFT,5.0,True,Aston Martin,0 days 00:57:33.958000,1,FP2,55.2,33.5,31.2
ALO,14,108.541,15.0,3.0,28.34,45.965,34.236,241.0,138.0,281.0,310.0,False,SOFT,8.0,False,Aston Martin,0 days 01:07:30.936000,1,FP2,55.5,33.5,31.5
ALO,14,86.796,16.0,3.0,27.991,29.203,29.602,290.0,314.0,270.0,315.0,False,SOFT,9.0,False,Aston Martin,0 days 01:09:19.477000,1,FP2,55.5,33.5,31.5
ALO,14,125.16,17.0,3.0,50.025,40.666,34.469,226.0,271.0,280.0,107.0,False,SOFT,10.0,False,Aston Martin,0 days 01:10:46.273000,1,FP2,55.5,33.5,31.5
LEC,16,83.472,2.0,1.0,27.436,28.262,27.774,295.0,315.0,280.0,324.0,True,MEDIUM,2.0,True,Ferrari,0 days 00:16:33.632000,1,FP2,55.5,33.5,31.5
LEC,16,112.593,5.0,2.0,33.751,39.762,39.08,201.0,186.0,288.0,317.0,False,MEDIUM,5.0,False,Ferrari,0 days 00:23:02.164000,1,FP2,55.5,33.5,31.5
LEC,16,83.798,6.0,2.0,27.631,28.313,27.854,289.0,308.0,277.0,319.0,False,MEDIUM,6.0,False,Ferrari,0 days 00:24:54.757000,1,FP2,55.5,33.5,31.5
LEC,16,83.83,9.0,3.0,27.691,28.212,27.927,289.0,308.0,275.0,318.0,False,MEDIUM,9.0,False,Ferrari,0 days 00:30:50.743000,1,FP2,54.4,33.5,31.6
LEC,16,82.679,12.0,4.0,27.259,27.874,27.546,297.0,316.0,281.0,324.0,True,SOFT,2.0,True,Ferrari,0 days 00:43:43.282000,1,FP2,54.4,33.5,31.6
LEC,16,87.087,17.0,6.0,28.898,29.683,28.506,277.0,292.0,312.0,306.0,False,SOFT,7.0,False,Ferrari,0 days 00:58:42.494000,1,FP2,55.0,33.5,32.7
LEC,16,86.232,18.0,6.0,28.534,29.424,28.274,280.0,300.0,310.0,310.0,False,SOFT,8.0,False,Ferrari,0 days 01:00:09.581000,1,FP2,55.0,33.5,32.7
LEC,16,86.168,19.0,6.0,28.551,29.315,28.302,280.0,302.0,306.0,311.0,False,SOFT,9.0,False,Ferrari,0 days 01:01:35.813000,1,FP2,55.0,33.5,32.7
LEC,16,97.38,20.0,6.0,28.728,38.463,30.189,280.0,294.0,307.0,309.0,False,SOFT,10.0,False,Ferrari,0 days 01:03:01.981000,1,FP2,55.0,33.5,32.7
LEC,16,88.185,21.0,6.0,28.826,29.988,29.371,286.0,311.0,313.0,315.0,False,SOFT,11.0,False,Ferrari,0 days 01:04:39.361000,1,FP2,55.0,33.5,32.7
LEC,16,86.024,22.0,6.0,28.512,29.579,27.933,283.0,310.0,330.0,317.0,False,SOFT,12.0,False,Ferrari,0 days 01:06:07.546000,1,FP2,55.0,33.5,32.3
LEC,16,86.042,23.0,6.0,27.966,29.616,28.46,284.0,305.0,303.0,325.0,False,SOFT,13.0,False,Ferrari,0 days 01:07:33.570000,1,FP2,55.0,33.5,32.3
LEC,16,86.323,24.0,6.0,28.511,29.403,28.409,285.0,308.0,308.0,313.0,False,SOFT,14.0,False,Ferrari,0 days 01:08:59.612000,1,FP2,55.0,33.5,32.3
LEC,16,86.137,25.0,6.0,28.481,29.439,28.217,284.0,306.0,312.0,314.0,False,SOFT,15.0,False,Ferrari,0 days 01:10:25.935000,1,FP2,55.0,33.5,32.3
LEC,16,85.708,26.0,6.0,28.353,29.255,28.1,287.0,311.0,309.0,317.0,False,SOFT,16.0,False,Ferrari,0 days 01:11:52.072000,1,FP2,55.0,33.5,32.3
LEC,16,105.0,27.0,6.0,27.615,29.364,48.021,302.0,339.0,87.0,329.0,False,SOFT,17.0,False,Ferrari,0 days 01:13:17.780000,1,FP2,55.0,33.5,32.3
STR,18,86.045,2.0,1.0,28.006,29.314,28.725,285.0,299.0,276.0,312.0,True,SOFT,2.0,True,Aston Martin,0 days 00:15:55.284000,1,FP2,55.2,33.5,32.2
STR,18,136.712,3.0,1.0,46.32,49.998,40.394,101.0,209.0,275.0,184.0,False,SOFT,3.0,True,Aston Martin,0 days 00:17:21.329000,1,FP2,55.2,33.5,32.2
STR,18,120.39,4.0,1.0,37.441,48.377,34.572,218.0,212.0,282.0,308.0,False,SOFT,4.0,True,Aston Martin,0 days 00:19:38.041000,1,FP2,53.4,33.5,32.4
STR,18,94.664,5.0,1.0,28.166,29.43,37.068,280.0,296.0,255.0,307.0,False,SOFT,5.0,True,Aston Martin,0 days 00:21:38.431000,1,FP2,53.4,33.5,32.4
STR,18,140.95,6.0,1.0,43.576,53.402,43.972,98.0,177.0,222.0,170.0,False,SOFT,6.0,True,Aston Martin,0 days 00:23:13.095000,1,FP2,53.4,33.5,32.4
STR,18,126.261,7.0,1.0,41.7,37.142,47.419,240.0,161.0,270.0,201.0,False,SOFT,7.0,True,Aston Martin,0 days 00:25:34.045000,1,FP2,53.4,33.5,32.4
STR,18,105.975,8.0,1.0,37.124,35.931,32.92,244.0,269.0,281.0,259.0,False,SOFT,8.0,True,Aston Martin,0 days 00:27:40.306000,1,FP2,55.5,33.4,32.8
STR,18,86.263,9.0,1.0,28.277,29.11,28.876,282.0,298.0,275.0,310.0,False,SOFT,9.0,True,Aston Martin,0 days 00:29:26.281000,1,FP2,55.5,33.4,32.8
STR,18,85.253,12.0,2.0,27.94,28.88,28.433,287.0,305.0,277.0,314.0,True,SOFT,2.0,True,Aston Martin,0 days 00:43:33.558000,1,FP2,55.2,33.3,32.8
STR,18,112.192,15.0,3.0,36.034,42.334,33.824,166.0,141.0,289.0,309.0,False,SOFT,5.0,False,Aston Martin,0 days 00:49:48.826000,1,FP2,56.0,33.4,32.2
STR,18,93.762,18.0,4.0,31.487,31.71,30.565,266.0,266.0,296.0,265.0,False,SOFT,8.0,False,Aston Martin,0 days 01:02:20.671000,1,FP2,55.9,33.5,31.8
STR,18,90.352,19.0,4.0,29.966,30.833,29.553,270.0,289.0,307.0,299.0,False,SOFT,9.0,False,Aston Martin,0 days 01:03:54.433000,1,FP2,55.9,33.5,31.8
STR,18,90.211,20.0,4.0,29.552,30.511,30.148,265.0,289.0,307.0,300.0,False,SOFT,10.0,False,Aston Martin,0 days 01:05:24.785000,1,FP2,55.8,33.6,31.9
STR,18,89.504,21.0,4.0,29.647,30.44,29.417,273.0,291.0,295.0,293.0,False,SOFT,11.0,False,Aston Martin,0 days 01:06:54.996000,1,FP2,54.9,33.7,31.9
STR,18,89.624,22.0,4.0,29.792,30.494,29.338,270.0,289.0,291.0,294.0,False,SOFT,12.0,False,Aston Martin,0 days 01:08:24.500000,1,FP2,54.9,33.7,31.9
STR,18,90.514,23.0,4.0,30.981,30.258,29.275,269.0,302.0,303.0,287.0,False,SOFT,13.0,False,Aston Martin,0 days 01:09:54.124000,1,FP2,54.9,33.7,31.9
STR,18,89.726,24.0,4.0,29.687,30.428,29.611,268.0,286.0,292.0,295.0,False,SOFT,14.0,False,Aston Martin,0 days 01:11:24.638000,1,FP2,54.9,33.7,31.9
STR,18,91.318,25.0,4.0,29.812,30.643,30.863,270.0,289.0,302.0,292.0,False,SOFT,15.0,False,Aston Martin,0 days 01:12:54.364000,1,FP2,54.9,33.7,31.9
STR,18,130.499,26.0,4.0,43.128,40.295,47.076,163.0,232.0,51.0,168.0,False,SOFT,16.0,False,Aston Martin,0 days 01:14:25.682000,1,FP2,54.9,33.7,31.9
TSU,22,84.916,2.0,1.0,27.692,28.891,28.333,294.0,309.0,282.0,321.0,True,MEDIUM,2.0,True,Racing Bulls,0 days 00:15:52.910000,1,FP2,55.5,33.7,31.9
TSU,22,148.11,3.0,1.0,48.647,55.931,43.532,105.0,169.0,182.0,172.0,False,MEDIUM,3.0,True,Racing Bulls,0 days 00:17:17.826000,1,FP2,55.5,33.7,31.9
TSU,22,121.94,4.0,1.0,45.154,41.861,34.925,139.0,287.0,291.0,204.0,False,MEDIUM,4.0,True,Racing Bulls,0 days 00:19:45.936000,1,FP2,55.5,33.7,31.9
TSU,22,84.488,5.0,1.0,27.74,28.645,28.103,296.0,314.0,291.0,320.0,True,MEDIUM,5.0,True,Racing Bulls,0 days 00:21:47.876000,1,FP2,55.5,33.7,31.9
TSU,22,146.899,6.0,1.0,43.419,53.824,49.656,103.0,177.0,183.0,181.0,False,MEDIUM,6.0,True,Racing Bulls,0 days 00:23:12.364000,1,FP2,55.5,33.7,31.9
TSU,22,119.51,7.0,1.0,45.564,35.675,38.271,225.0,295.0,288.0,153.0,False,MEDIUM,7.0,True,Racing Bulls,0 days 00:25:39.263000,1,FP2,55.5,33.7,31.9
TSU,22,84.325,8.0,1.0,27.808,28.576,27.941,295.0,309.0,286.0,314.0,True,MEDIUM,8.0,True,Racing Bulls,0 days 00:27:38.773000,1,FP2,55.5,33.7,31.9
TSU,22,83.455,11.0,2.0,27.47,28.349,27.636,297.0,315.0,294.0,321.0,True,SOFT,2.0,True,Racing Bulls,0 days 00:43:19.108000,1,FP2,55.5,33.7,31.9
TSU,22,142.788,12.0,2.0,45.787,49.576,47.425,155.0,162.0,193.0,135.0,False,SOFT,3.0,True,Racing Bulls,0 days 00:44:42.563000,1,FP2,55.3,33.7,32.0
TSU,22,125.292,13.0,2.0,46.944,39.223,39.125,167.0,223.0,289.0,183.0,False,SOFT,4.0,True,Racing Bulls,0 days 00:47:05.351000,1,FP2,55.3,33.7,32.0
TSU,22,83.92,14.0,2.0,27.689,28.445,27.786,295.0,312.0,287.0,316.0,False,SOFT,5.0,True,Racing Bulls,0 days 00:49:10.643000,1,FP2,55.3,33.7,32.0
TSU,22,88.732,17.0,3.0,29.369,30.437,28.926,287.0,301.0,301.0,301.0,False,MEDIUM,11.0,False,Racing Bulls,0 days 00:59:52.692000,1,FP2,55.3,33.7,32.0
TSU,22,87.227,18.0,3.0,28.853,29.702,28.672,285.0,302.0,313.0,308.0,False,MEDIUM,12.0,False,Racing Bulls,0 days 01:01:21.424000,1,FP2,55.3,33.7,32.0
TSU,22,87.616,19.0,3.0,28.981,29.837,28.798,285.0,303.0,301.0,312.0,False,MEDIUM,13.0,False,Racing Bulls,0 days 01:02:48.651000,1,FP2,55.3,33.7,32.0
TSU,22,88.021,20.0,3.0,29.551,29.909,28.561,291.0,313.0,309.0,291.0,False,MEDIUM,14.0,False,Racing Bulls,0 days 01:04:16.267000,1,FP2,55.3,33.7,32.0
TSU,22,86.519,21.0,3.0,28.114,29.869,28.536,301.0,314.0,311.0,320.0,False,MEDIUM,15.0,False,Racing Bulls,0 days 01:05:44.288000,1,FP2,55.3,33.7,32.0
TSU,22,86.891,22.0,3.0,28.46,29.881,28.55,290.0,306.0,311.0,323.0,False,MEDIUM,16.0,False,Racing Bulls,0 days 01:07:10.807000,1,FP2,55.3,33.7,32.0
TSU,22,86.876,23.0,3.0,28.494,29.892,28.49,289.0,308.0,319.0,317.0,False,MEDIUM,17.0,False,Racing Bulls,0 days 01:08:37.698000,1,FP2,55.3,33.7,32.0
TSU,22,87.545,24.0,3.0,28.888,30.087,28.57,292.0,314.0,311.0,321.0,False,MEDIUM,18.0,False,Racing Bulls,0 days 01:10:04.574000,1,FP2,55.3,33.7,32.0
TSU,22,87.362,25.0,3.0,28.777,30.044,28.541,290.0,312.0,316.0,316.0,False,MEDIUM,19.0,False,Racing Bulls,0 days 01:11:32.119000,1,FP2,55.3,33.7,32.0
TSU,22,87.443,26.0,3.0,28.562,30.115,28.766,290.0,312.0,317.0,320.0,False,MEDIUM,20.0,False,Racing Bulls,0 days 01:12:59.481000,1,FP2,55.3,33.7,32.0
TSU,22,148.056,27.0,3.0,43.897,45.547,58.612,136.0,229.0,55.0,184.0,False,MEDIUM,21.0,False,Racing Bulls,0 days 01:14:26.924000,1,FP2,55.2,33.7,31.4
ALB,23,85.774,2.0,1.0,27.835,29.186,28.753,300.0,320.0,282.0,326.0,True,MEDIUM,2.0,True,Williams,0 days 00:17:00.946000,1,FP2,55.2,33.7,31.4
ALB,23,136.765,3.0,1.0,41.873,55.883,39.009,221.0,157.0,298.0,243.0,False,MEDIUM,3.0,True,Williams,0 days 00:18:26.720000,1,FP2,55.2,33.7,31.4
ALB,23,105.889,4.0,1.0,34.625,38.888,32.376,217.0,243.0,293.0,327.0,False,MEDIUM,4.0,True,Williams,0 days 00:20:43.485000,1,FP2,55.2,33.7,31.4
ALB,23,85.207,5.0,1.0,27.621,28.851,28.735,296.0,320.0,282.0,327.0,True,MEDIUM,5.0,True,Williams,0 days 00:22:29.374000,1,FP2,55.2,33.7,31.4
ALB,23,128.644,6.0,1.0,43.402,47.65,37.592,169.0,212.0,258.0,215.0,False,MEDIUM,6.0,True,Williams,0 days 00:23:54.581000,1,FP2,55.2,33.7,31.4
ALB,23,103.728,7.0,1.0,35.526,34.902,33.3,263.0,281.0,297.0,279.0,False,MEDIUM,7.0,True,Williams,0 days 00:26:03.225000,1,FP2,55.2,33.7,31.4
ALB,23,84.929,8.0,1.0,27.602,28.792,28.535,297.0,320.0,280.0,326.0,True,MEDIUM,8.0,True,Williams,0 days 00:27:46.953000,1,FP2,55.2,33.7,31.4
ALB,23,140.53,9.0,1.0,41.492,57.243,41.795,173.0,146.0,295.0,196.0,False,MEDIUM,9.0,True,Williams,0 days 00:29:11.882000,1,FP2,55.2,33.7,31.4
ALB,23,85.374,10.0,1.0,27.877,28.81,28.687,295.0,314.0,280.0,317.0,False,MEDIUM,10.0,True,Williams,0 days 00:31:32.412000,1,FP2,55.2,33.7,31.4
ALB,23,83.853,13.0,2.0,27.254,28.489,28.11,302.0,322.0,284.0,326.0,True,SOFT,2.0,True,Williams,0 days 00:43:23.447000,1,FP2,55.2,33.7,31.4
ALB,23,87.984,16.0,3.0,28.819,29.796,29.369,291.0,306.0,280.0,301.0,False,MEDIUM,13.0,False,Williams,0 days 00:55:06.428000,1,FP2,55.2,33.7,31.4
ALB,23,87.827,17.0,3.0,28.942,29.642,29.243,291.0,306.0,281.0,297.0,False,MEDIUM,14.0,False,Williams,0 days 00:56:34.412000,1,FP2,55.2,33.7,31.4
ALB,23,87.802,18.0,3.0,28.985,29.762,29.055,292.0,309.0,286.0,297.0,False,MEDIUM,15.0,False,Williams,0 days 00:58:02.239000,1,FP2,55.2,33.7,31.4
ALB,23,87.616,19.0,3.0,28.709,29.88,29.027,294.0,309.0,295.0,303.0,False,MEDIUM,16.0,False,Williams,0 days 00:59:30.041000,1,FP2,55.2,33.7,31.4
ALB,23,87.584,20.0,3.0,28.504,29.917,29.163,294.0,309.0,293.0,307.0,False,MEDIUM,17.0,False,Williams,0 days 01:00:57.657000,1,FP2,55.2,33.7,31.4
ALB,23,87.917,21.0,3.0,28.539,30.113,29.265,295.0,311.0,294.0,309.0,False,MEDIUM,18.0,False,Williams,0 days 01:02:25.241000,1,FP2,55.0,33.8,30.7
ALB,23,87.618,22.0,3.0,28.567,29.937,29.114,292.0,308.0,294.0,307.0,False,MEDIUM,19.0,False,Williams,0 days 01:03:53.158000,1,FP2,55.0,33.8,30.7
ALB,23,87.654,23.0,3.0,28.559,29.967,29.128,292.0,308.0,293.0,305.0,False,MEDIUM,20.0,False,Williams,0 days 01:05:20.776000,1,FP2,55.0,33.8,30.7
ALB,23,87.753,24.0,3.0,28.63,30.071,29.052,293.0,308.0,299.0,304.0,False,MEDIUM,21.0,False,Williams,0 days 01:06:48.430000,1,FP2,55.0,33.8,30.7
ALB,23,87.58,25.0,3.0,28.34,30.119,29.121,293.0,309.0,292.0,310.0,False,MEDIUM,22.0,False,Williams,0 days 01:08:16.183000,1,FP2,55.0,33.8,30.7
ALB,23,87.622,28.0,4.0,29.229,29.708,28.685,292.0,311.0,293.0,299.0,False,SOFT,5.0,False,Williams,0 days 01:13:04.784000,1,FP2,55.1,33.7,31.2
ALB,23,125.742,29.0,4.0,37.487,39.955,48.3,182.0,221.0,51.0,252.0,False,SOFT,6.0,False,Williams,0 days 01:14:32.406000,1,FP2,55.1,33.7,31.2
HUL,27,85.294,2.0,1.0,27.857,28.973,28.464,294.0,311.0,287.0,319.0,True,MEDIUM,2.0,True,Audi,0 days 00:16:27.967000,1,FP2,55.1,33.7,31.2
HUL,27,131.377,3.0,1.0,41.237,47.613,42.527,208.0,153.0,293.0,136.0,False,MEDIUM,3.0,True,Audi,0 days 00:17:53.261000,1,FP2,55.1,33.7,31.2
HUL,27,85.016,4.0,1.0,27.724,28.757,28.535,295.0,310.0,280.0,317.0,True,MEDIUM,4.0,True,Audi,0 days 00:20:04.638000,1,FP2,55.1,33.7,31.2
HUL,27,129.452,5.0,1.0,44.469,45.55,39.433,139.0,205.0,217.0,139.0,False,MEDIUM,5.0,True,Audi,0 days 00:21:29.654000,1,FP2,55.1,33.7,31.2
HUL,27,118.063,6.0,1.0,38.319,34.81,44.934,238.0,225.0,286.0,161.0,False,MEDIUM,6.0,True,Audi,0 days 00:23:39.106000,1,FP2,54.9,33.7,30.7
HUL,27,85.019,7.0,1.0,27.776,28.922,28.321,290.0,305.0,278.0,313.0,False,MEDIUM,7.0,True,Audi,0 days 00:25:37.169000,1,FP2,54.9,33.7,30.7
HUL,27,124.179,8.0,1.0,41.738,42.611,39.83,191.0,202.0,250.0,134.0,False,MEDIUM,8.0,True,Audi,0 days 00:27:02.188000,1,FP2,54.9,33.7,30.7
HUL,27,122.374,9.0,1.0,41.503,45.48,35.391,188.0,200.0,291.0,187.0,False,MEDIUM,9.0,True,Audi,0 days 00:29:06.367000,1,FP2,54.9,33.7,30.7
HUL,27,94.427,10.0,1.0,27.999,28.602,37.826,291.0,307.0,248.0,309.0,False,MEDIUM,10.0,True,Audi,0 days 00:31:08.741000,1,FP2,54.9,33.7,30.7
HUL,27,83.732,13.0,2.0,27.55,28.41,27.772,296.0,316.0,284.0,318.0,True,SOFT,2.0,True,Audi,0 days 00:43:16.350000,1,FP2,54.9,33.7,30.7
HUL,27,84.043,16.0,3.0,27.605,28.596,27.842,293.0,315.0,292.0,318.0,False,SOFT,5.0,False,Audi,0 days 00:49:12.574000,1,FP2,54.9,33.7,30.7
HUL,27,88.024,19.0,4.0,29.144,29.791,29.089,281.0,300.0,296.0,293.0,False,SOFT,8.0,False,Audi,0 days 00:58:47.012000,1,FP2,54.9,33.7,30.7
HUL,27,87.66,20.0,4.0,28.979,29.703,28.978,284.0,299.0,297.0,293.0,False,SOFT,9.0,False,Audi,0 days 01:00:15.036000,1,FP2,54.9,33.7,30.7
HUL,27,87.339,21.0,4.0,28.839,29.71,28.79,284.0,299.0,297.0,293.0,False,SOFT,10.0,False,Audi,0 days 01:01:42.696000,1,FP2,54.7,33.7,30.5
HUL,27,87.871,22.0,4.0,28.904,29.888,29.079,285.0,299.0,298.0,290.0,False,SOFT,11.0,False,Audi,0 days 01:03:10.035000,1,FP2,54.7,33.7,30.5
HUL,27,87.517,23.0,4.0,28.934,29.641,28.942,282.0,302.0,301.0,294.0,False,SOFT,12.0,False,Audi,0 days 01:04:37.906000,1,FP2,54.7,33.7,30.5
HUL,27,87.947,24.0,4.0,29.155,29.934,28.858,288.0,311.0,306.0,285.0,False,SOFT,13.0,False,Audi,0 days 01:06:05.423000,1,FP2,54.7,33.7,30.5
HUL,27,87.871,25.0,4.0,28.537,30.373,28.961,292.0,309.0,303.0,309.0,False,SOFT,14.0,False,Audi,0 days 01:07:33.370000,1,FP2,54.7,33.7,30.5
HUL,27,87.129,26.0,4.0,28.547,29.878,28.704,286.0,306.0,304.0,302.0,False,SOFT,15.0,False,Audi,0 days 01:09:01.241000,1,FP2,54.7,33.7,30.5
LAW,30,84.473,2.0,1.0,27.747,28.661,28.065,298.0,313.0,284.0,323.0,True,SOFT,2.0,True,Red Bull Racing,0 days 00:16:05.825000,1,FP2,55.0,33.7,29.8
LAW,30,143.945,3.0,1.0,45.698,55.268,42.979,148.0,140.0,233.0,209.0,False,SOFT,3.0,True,Red Bull Racing,0 days 00:17:30.298000,1,FP2,55.0,33.7,29.8
LAW,30,110.018,4.0,1.0,39.093,37.463,33.462,141.0,265.0,288.0,212.0,False,SOFT,4.0,True,Red Bull Racing,0 days 00:19:54.243000,1,FP2,55.0,33.7,29.8
LAW,30,84.135,5.0,1.0,27.541,28.536,28.058,298.0,315.0,285.0,319.0,True,SOFT,5.0,True,Red Bull Racing,0 days 00:21:44.261000,1,FP2,55.0,33.7,29.8
LAW,30,140.29,6.0,1.0,41.935,53.469,44.886,134.0,161.0,207.0,243.0,False,SOFT,6.0,True,Red Bull Racing,0 days 00:23:08.396000,1,FP2,55.0,33.7,29.8
LAW,30,111.075,7.0,1.0,42.1,36.284,32.691,156.0,271.0,291.0,247.0,False,SOFT,7.0,True,Red Bull Racing,0 days 00:25:28.686000,1,FP2,55.0,33.7,29.8
LAW,30,83.66,8.0,1.0,27.49,28.426,27.744,297.0,313.0,287.0,320.0,True,SOFT,8.0,True,Red Bull Racing,0 days 00:27:19.761000,1,FP2,55.0,33.7,29.8
LAW,30,87.735,11.0,2.0,28.877,29.827,29.031,287.0,304.0,300.0,302.0,False,SOFT,11.0,False,Red Bull Racing,0 days 00:39:37.177000,1,FP2,53.5,33.7,30.9
LAW,30,87.167,12.0,2.0,28.63,29.699,28.838,287.0,303.0,302.0,301.0,False,SOFT,12.0,False,Red Bull Racing,0 days 00:41:04.912000,1,FP2,53.5,33.7,30.9
LAW,30,87.265,13.0,2.0,28.79,29.736,28.739,286.0,305.0,306.0,298.0,False,SOFT,13.0,False,Red Bull Racing,0 days 00:42:32.079000,1,FP2,53.5,33.7,30.9
LAW,30,86.69,14.0,2.0,28.485,29.662,28.543,289.0,307.0,307.0,309.0,False,SOFT,14.0,False,Red Bull Racing,0 days 00:43:59.344000,1,FP2,53.5,33.7,30.9
LAW,30,86.658,15.0,2.0,28.461,29.654,28.543,288.0,307.0,309.0,309.0,False,SOFT,15.0,False,Red Bull Racing,0 days 00:45:26.034000,1,FP2,53.5,33.7,30.9
LAW,30,86.77,16.0,2.0,28.578,29.702,28.49,287.0,304.0,309.0,303.0,False,SOFT,16.0,False,Red Bull Racing,0 days 00:46:52.692000,1,FP2,53.5,33.7,30.9
LAW,30,87.398,17.0,2.0,28.477,29.758,29.163,286.0,305.0,299.0,309.0,False,SOFT,17.0,False,Red Bull Racing,0 days 00:48:19.462000,1,FP2,53.5,33.7,30.9
LAW,30,86.632,18.0,2.0,28.531,29.551,28.55,290.0,310.0,311.0,307.0,False,SOFT,18.0,False,Red Bull Racing,0 days 00:49:46.860000,1,FP2,53.5,33.7,30.9
LAW,30,86.617,19.0,2.0,28.401,29.78,28.436,285.0,305.0,309.0,308.0,False,SOFT,19.0,False,Red Bull Racing,0 days 00:51:13.492000,1,FP2,53.5,33.7,30.9
LAW,30,86.361,20.0,2.0,28.385,29.574,28.402,287.0,306.0,307.0,307.0,False,SOFT,20.0,False,Red Bull Racing,0 days 00:52:40.109000,1,FP2,53.5,33.7,30.9
LAW,30,86.252,23.0,3.0,28.486,29.572,28.194,287.0,306.0,310.0,307.0,False,HARD,2.0,True,Red Bull Racing,0 days 00:57:30.322000,1,FP2,54.4,33.8,30.8
LAW,30,85.964,24.0,3.0,28.314,29.421,28.229,288.0,308.0,311.0,309.0,False,HARD,3.0,True,Red Bull Racing,0 days 00:58:56.574000,1,FP2,54.4,33.8,30.8
LAW,30,85.754,25.0,3.0,28.169,29.325,28.26,290.0,311.0,311.0,314.0,False,HARD,4.0,True,Red Bull Racing,0 days 01:00:22.538000,1,FP2,54.4,33.8,30.8
LAW,30,85.868,26.0,3.0,28.157,29.38,28.331,292.0,315.0,311.0,316.0,False,HARD,5.0,True,Red Bull Racing,0 days 01:01:48.292000,1,FP2,54.4,33.8,30.8
LAW,30,85.883,27.0,3.0,28.209,29.401,28.273,290.0,311.0,314.0,324.0,False,HARD,6.0,True,Red Bull Racing,0 days 01:03:14.160000,1,FP2,54.4,33.8,30.8
LAW,30,85.582,28.0,3.0,27.846,29.542,28.194,304.0,315.0,322.0,320.0,False,HARD,7.0,True,Red Bull Racing,0 days 01:04:40.043000,1,FP2,53.2,33.8,31.4
LAW,30,86.267,29.0,3.0,28.159,29.672,28.436,289.0,309.0,314.0,314.0,False,HARD,8.0,True,Red Bull Racing,0 days 01:06:05.625000,1,FP2,53.2,33.8,31.4
LAW,30,86.571,30.0,3.0,28.175,30.002,28.394,289.0,305.0,304.0,314.0,False,HARD,9.0,True,Red Bull Racing,0 days 01:07:31.892000,1,FP2,53.2,33.8,31.4
LAW,30,86.154,31.0,3.0,28.521,29.375,28.258,286.0,305.0,307.0,309.0,False,HARD,10.0,True,Red Bull Racing,0 days 01:08:58.463000,1,FP2,53.2,33.8,31.4
LAW,30,86.128,32.0,3.0,28.398,29.364,28.366,287.0,306.0,310.0,311.0,False,HARD,11.0,True,Red Bull Racing,0 days 01:10:24.617000,1,FP2,53.2,33.8,31.4
LAW,30,85.88,33.0,3.0,28.456,29.42,28.004,287.0,307.0,308.0,309.0,False,HARD,12.0,True,Red Bull Racing,0 days 01:11:50.745000,1,FP2,53.2,33.8,31.4
LAW,30,86.459,34.0,3.0,28.53,29.376,28.553,287.0,306.0,305.0,312.0,False,HARD,13.0,True,Red Bull Racing,0 days 01:13:16.625000,1,FP2,53.8,34.0,31.8
LAW,30,141.366,35.0,3.0,40.844,45.402,55.12,176.0,184.0,49.0,233.0,False,HARD,14.0,True,Red Bull Racing,0 days 01:14:43.084000,1,FP2,53.8,34.0,31.8
OCO,31,87.373,2.0,1.0,28.168,29.567,29.638,290.0,305.0,282.0,317.0,True,MEDIUM,2.0,True,Haas F1 Team,0 days 00:15:43.402000,1,FP2,53.9,34.0,31.7
OCO,31,85.645,5.0,2.0,27.87,29.037,28.738,289.0,308.0,274.0,319.0,True,MEDIUM,5.0,False,Haas F1 Team,0 days 00:22:16.127000,1,FP2,54.4,33.9,30.9
OCO,31,148.202,6.0,2.0,50.089,51.864,46.249,129.0,167.0,193.0,151.0,False,MEDIUM,6.0,False,Haas F1 Team,0 days 00:23:41.772000,1,FP2,54.4,33.9,30.9
OCO,31,120.223,7.0,2.0,41.816,42.624,35.783,192.0,227.0,281.0,190.0,False,MEDIUM,7.0,False,Haas F1 Team,0 days 00:26:09.974000,1,FP2,54.4,33.9,30.2
OCO,31,86.157,8.0,2.0,28.166,29.228,28.763,287.0,302.0,272.0,312.0,False,MEDIUM,8.0,False,Haas F1 Team,0 days 00:28:10.197000,1,FP2,54.4,33.9,30.2
OCO,31,85.764,11.0,3.0,28.126,28.994,28.644,287.0,304.0,273.0,309.0,False,MEDIUM,11.0,False,Haas F1 Team,0 days 00:34:20.416000,1,FP2,54.4,33.9,30.2
OCO,31,84.637,14.0,4.0,27.732,28.715,28.19,292.0,306.0,275.0,315.0,True,SOFT,2.0,True,Haas F1 Team,0 days 00:46:17.793000,1,FP2,54.4,33.9,30.2
OCO,31,84.407,17.0,5.0,27.393,28.759,28.255,296.0,304.0,276.0,321.0,True,SOFT,5.0,False,Haas F1 Team,0 days 00:52:35.386000,1,FP2,54.6,34.1,29.5
OCO,31,87.507,20.0,6.0,28.614,29.837,29.056,281.0,298.0,301.0,310.0,False,SOFT,8.0,False,Haas F1 Team,0 days 01:02:09.887000,1,FP2,54.6,34.1,29.5
OCO,31,87.582,21.0,6.0,28.843,29.757,28.982,282.0,300.0,307.0,303.0,False,SOFT,9.0,False,Haas F1 Team,0 days 01:03:37.394000,1,FP2,54.6,34.1,29.5
OCO,31,90.111,22.0,6.0,29.218,31.64,29.253,281.0,313.0,307.0,306.0,False,SOFT,10.0,False,Haas F1 Team,0 days 01:05:04.976000,1,FP2,54.6,34.1,29.5
OCO,31,87.403,23.0,6.0,28.593,29.814,28.996,286.0,308.0,307.0,312.0,False,SOFT,11.0,False,Haas F1 Team,0 days 01:06:35.087000,1,FP2,54.6,34.1,29.5
OCO,31,88.416,24.0,6.0,28.503,31.016,28.897,290.0,295.0,312.0,309.0,False,SOFT,12.0,False,Haas F1 Team,0 days 01:08:02.490000,1,FP2,54.6,34.1,29.5
OCO,31,87.738,25.0,6.0,28.181,30.515,29.042,292.0,296.0,314.0,311.0,False,SOFT,13.0,False,Haas F1 Team,0 days 01:09:30.906000,1,FP2,54.6,34.1,29.5
OCO,31,88.203,26.0,6.0,29.141,30.113,28.949,281.0,301.0,310.0,311.0,False,SOFT,14.0,False,Haas F1 Team,0 days 01:10:58.644000,1,FP2,54.7,34.1,28.9
OCO,31,87.734,27.0,6.0,28.845,29.845,29.044,280.0,298.0,302.0,304.0,False,SOFT,15.0,False,Haas F1 Team,0 days 01:12:26.847000,1,FP2,54.7,34.1,28.9
OCO,31,119.754,28.0,6.0,29.671,34.698,55.385,281.0,149.0,70.0,295.0,False,SOFT,16.0,False,Haas F1 Team,0 days 01:13:54.581000,1,FP2,54.7,34.1,28.9
LIN,41,84.258,2.0,1.0,27.751,28.669,27.838,295.0,310.0,287.0,319.0,True,MEDIUM,2.0,True,Racing Bulls,0 days 00:16:52.197000,1,FP2,54.7,34.1,28.9
LIN,41,129.489,3.0,1.0,43.351,51.928,34.21,179.0,206.0,291.0,223.0,False,MEDIUM,3.0,True,Racing Bulls,0 days 00:18:16.455000,1,FP2,54.7,34.1,28.9
LIN,41,83.807,4.0,1.0,27.593,28.456,27.758,296.0,311.0,290.0,320.0,True,MEDIUM,4.0,True,Racing Bulls,0 days 00:20:25.944000,1,FP2,54.7,34.1,28.9
LIN,41,124.35,5.0,1.0,40.49,42.054,41.806,152.0,180.0,223.0,245.0,False,MEDIUM,5.0,True,Racing Bulls,0 days 00:21:49.751000,1,FP2,54.7,34.1,28.9
LIN,41,112.903,6.0,1.0,34.936,41.708,36.259,250.0,201.0,289.0,267.0,False,MEDIUM,6.0,True,Racing Bulls,0 days 00:23:54.101000,1,FP2,54.7,34.1,28.9
LIN,41,83.468,7.0,1.0,27.576,28.199,27.693,297.0,314.0,293.0,320.0,True,MEDIUM,7.0,True,Racing Bulls,0 days 00:25:47.004000,1,FP2,54.7,34.3,27.9
LIN,41,83.465,10.0,2.0,27.563,28.266,27.636,295.0,312.0,291.0,314.0,True,SOFT,2.0,True,Racing Bulls,0 days 00:43:14.074000,1,FP2,54.7,34.3,27.9
LIN,41,83.349,13.0,3.0,27.504,28.202,27.643,296.0,315.0,289.0,319.0,True,SOFT,5.0,False,Racing Bulls,0 days 00:49:05.068000,1,FP2,54.7,34.3,27.9
LIN,41,87.398,16.0,4.0,28.875,29.808,28.715,284.0,303.0,298.0,301.0,False,MEDIUM,10.0,False,Racing Bulls,0 days 00:59:27.247000,1,FP2,54.7,34.3,27.9
LIN,41,87.091,17.0,4.0,28.702,29.698,28.691,285.0,306.0,303.0,302.0,False,MEDIUM,11.0,False,Racing Bulls,0 days 01:00:54.645000,1,FP2,54.7,34.3,27.9
LIN,41,87.295,18.0,4.0,28.97,29.797,28.528,287.0,307.0,314.0,306.0,False,MEDIUM,12.0,False,Racing Bulls,0 days 01:02:21.736000,1,FP2,54.7,34.3,27.9
LIN,41,86.27,19.0,4.0,27.878,29.809,28.583,310.0,304.0,306.0,308.0,False,MEDIUM,13.0,False,Racing Bulls,0 days 01:03:49.031000,1,FP2,54.7,34.3,27.9
LIN,41,87.072,20.0,4.0,28.588,29.82,28.664,283.0,301.0,300.0,309.0,False,MEDIUM,14.0,False,Racing Bulls,0 days 01:05:15.301000,1,FP2,54.7,34.3,27.9
LIN,41,87.121,21.0,4.0,28.812,29.693,28.616,284.0,303.0,301.0,305.0,False,MEDIUM,15.0,False,Racing Bulls,0 days 01:06:42.373000,1,FP2,54.4,34.3,28.0
LIN,41,86.876,22.0,4.0,28.791,29.623,28.462,284.0,305.0,308.0,303.0,False,MEDIUM,16.0,False,Racing Bulls,0 days 01:08:09.494000,1,FP2,54.4,34.3,28.0
LIN,41,86.817,23.0,4.0,28.609,29.76,28.448,285.0,304.0,309.0,306.0,False,MEDIUM,17.0,False,Racing Bulls,0 days 01:09:36.370000,1,FP2,54.4,34.3,28.0
LIN,41,86.799,24.0,4.0,28.602,29.667,28.53,285.0,306.0,307.0,306.0,False,MEDIUM,18.0,False,Racing Bulls,0 days 01:11:03.187000,1,FP2,54.4,34.3,28.0
LIN,41,86.505,25.0,4.0,28.575,29.642,28.288,285.0,306.0,310.0,306.0,False,MEDIUM,19.0,False,Racing Bulls,0 days 01:12:29.986000,1,FP2,54.4,34.3,28.0
COL,43,85.174,2.0,1.0,27.446,28.888,28.84,295.0,315.0,279.0,325.0,True,HARD,2.0,True,Alpine,0 days 00:15:37.979000,1,FP2,54.4,34.3,28.0
COL,43,84.852,4.0,1.0,27.484,28.773,28.595,293.0,313.0,279.0,326.0,True,HARD,4.0,True,Alpine,0 days 00:19:33.216000,1,FP2,54.4,34.3,28.0
COL,43,142.42,5.0,1.0,58.255,50.027,34.138,89.0,203.0,297.0,159.0,False,HARD,5.0,True,Alpine,0 days 00:20:58.068000,1,FP2,54.4,34.3,28.0
COL,43,84.248,6.0,1.0,27.175,28.506,28.567,294.0,313.0,276.0,329.0,True,HARD,6.0,True,Alpine,0 days 00:23:20.488000,1,FP2,54.4,34.3,28.0
COL,43,147.439,7.0,1.0,48.73,65.559,33.15,141.0,156.0,299.0,142.0,False,HARD,7.0,True,Alpine,0 days 00:24:44.736000,1,FP2,54.4,34.3,28.0
COL,43,84.361,8.0,1.0,27.292,28.638,28.431,293.0,313.0,277.0,329.0,False,HARD,8.0,True,Alpine,0 days 00:27:12.175000,1,FP2,54.4,34.3,28.0
COL,43,83.619,11.0,2.0,27.088,28.204,28.327,298.0,317.0,285.0,326.0,True,SOFT,2.0,True,Alpine,0 days 00:41:56.873000,1,FP2,53.7,34.2,27.6
COL,43,111.535,13.0,2.0,40.408,39.342,31.785,245.0,257.0,299.0,165.0,False,SOFT,4.0,True,Alpine,0 days 00:46:05.074000,1,FP2,53.7,34.2,27.6
COL,43,87.319,16.0,3.0,28.519,29.759,29.041,289.0,304.0,280.0,291.0,False,SOFT,7.0,False,Alpine,0 days 00:59:05.070000,1,FP2,53.7,34.2,27.6
COL,43,87.158,17.0,3.0,28.757,29.47,28.931,290.0,308.0,282.0,300.0,False,SOFT,8.0,False,Alpine,0 days 01:00:32.389000,1,FP2,53.7,34.2,27.6
COL,43,86.775,18.0,3.0,28.649,29.254,28.872,291.0,306.0,285.0,300.0,False,SOFT,9.0,False,Alpine,0 days 01:01:59.547000,1,FP2,53.7,34.2,27.6
COL,43,86.699,19.0,3.0,28.683,29.281,28.735,290.0,306.0,294.0,300.0,False,SOFT,10.0,False,Alpine,0 days 01:03:26.322000,1,FP2,53.7,34.2,27.6
COL,43,86.632,20.0,3.0,28.518,29.381,28.733,289.0,304.0,290.0,301.0,False,SOFT,11.0,False,Alpine,0 days 01:04:53.021000,1,FP2,53.7,34.2,27.6
COL,43,89.961,21.0,3.0,28.661,29.564,31.736,289.0,304.0,284.0,295.0,False,SOFT,12.0,False,Alpine,0 days 01:06:19.653000,1,FP2,53.7,34.2,27.6
COL,43,88.34,22.0,3.0,29.123,30.023,29.194,288.0,304.0,282.0,289.0,False,SOFT,13.0,False,Alpine,0 days 01:07:49.614000,1,FP2,53.7,34.2,27.6
COL,43,88.204,25.0,4.0,28.794,30.062,29.348,295.0,314.0,284.0,289.0,False,HARD,11.0,False,Alpine,0 days 01:12:56.781000,1,FP2,54.0,34.2,27.4
COL,43,124.107,26.0,4.0,36.165,42.622,45.32,211.0,239.0,60.0,222.0,False,HARD,12.0,False,Alpine,0 days 01:14:24.985000,1,FP2,54.0,34.2,27.4
COL,43,149.158,27.0,4.0,65.066,36.359,47.733,284.0,194.0,53.0,294.0,False,HARD,13.0,False,Alpine,0 days 01:16:29.092000,1,FP2,54.0,34.2,27.4
HAM,44,83.831,2.0,1.0,27.38,28.594,27.857,294.0,312.0,278.0,324.0,True,MEDIUM,2.0,True,Ferrari,0 days 00:16:39.216000,1,FP2,54.0,34.2,27.4
HAM,44,94.523,5.0,2.0,27.382,28.69,38.451,290.0,308.0,194.0,324.0,False,MEDIUM,5.0,False,Ferrari,0 days 00:23:04.121000,1,FP2,54.0,34.2,27.4
HAM,44,137.07,6.0,2.0,48.99,50.146,37.934,183.0,160.0,285.0,147.0,False,MEDIUM,6.0,False,Ferrari,0 days 00:24:38.644000,1,FP2,54.0,34.2,27.4
HAM,44,84.029,7.0,2.0,27.569,28.471,27.989,290.0,310.0,275.0,316.0,False,MEDIUM,7.0,False,Ferrari,0 days 00:26:55.714000,1,FP2,54.0,34.2,27.4
HAM,44,83.016,10.0,3.0,27.174,28.145,27.697,294.0,312.0,279.0,321.0,True,SOFT,2.0,True,Ferrari,0 days 00:43:51.314000,1,FP2,54.0,34.2,27.4
HAM,44,116.521,13.0,4.0,47.757,37.941,30.823,126.0,287.0,290.0,320.0,False,SOFT,5.0,False,Ferrari,0 days 00:50:36.452000,1,FP2,54.1,34.2,27.9
HAM,44,86.424,16.0,5.0,28.491,29.566,28.367,280.0,302.0,309.0,319.0,False,SOFT,8.0,False,Ferrari,0 days 01:01:27.067000,1,FP2,54.1,34.2,27.9
HAM,44,86.645,17.0,5.0,28.618,29.682,28.345,281.0,302.0,309.0,311.0,False,SOFT,9.0,False,Ferrari,0 days 01:02:53.491000,1,FP2,54.1,34.2,27.9
HAM,44,86.373,18.0,5.0,28.586,29.524,28.263,281.0,300.0,315.0,315.0,False,SOFT,10.0,False,Ferrari,0 days 01:04:20.136000,1,FP2,54.1,34.2,27.9
HAM,44,86.022,19.0,5.0,28.448,29.47,28.104,281.0,306.0,311.0,319.0,False,SOFT,11.0,False,Ferrari,0 days 01:05:46.509000,1,FP2,54.1,34.2,27.9
HAM,44,86.419,20.0,5.0,28.497,29.706,28.216,283.0,308.0,313.0,317.0,False,SOFT,12.0,False,Ferrari,0 days 01:07:12.531000,1,FP2,54.1,34.2,27.9
HAM,44,86.002,21.0,5.0,28.306,29.453,28.243,287.0,313.0,328.0,321.0,False,SOFT,13.0,False,Ferrari,0 days 01:08:38.950000,1,FP2,54.1,34.2,27.9
HAM,44,86.254,22.0,5.0,27.965,29.962,28.327,284.0,300.0,321.0,326.0,False,SOFT,14.0,False,Ferrari,0 days 01:10:04.952000,1,FP2,53.8,34.2,27.6
HAM,44,85.756,23.0,5.0,28.272,29.627,27.857,283.0,304.0,333.0,314.0,False,SOFT,15.0,False,Ferrari,0 days 01:11:31.206000,1,FP2,53.8,34.2,27.6
HAM,44,86.261,24.0,5.0,28.08,29.832,28.349,287.0,313.0,323.0,331.0,False,SOFT,16.0,False,Ferrari,0 days 01:12:56.962000,1,FP2,53.8,34.2,27.6
HAM,44,115.285,25.0,5.0,29.727,45.799,39.759,181.0,196.0,129.0,315.0,False,SOFT,17.0,False,Ferrari,0 days 01:14:23.223000,1,FP2,53.8,34.2,27.6
HAM,44,142.738,26.0,5.0,62.899,41.691,38.148,195.0,237.0,145.0,288.0,False,SOFT,18.0,False,Ferrari,0 days 01:16:18.508000,1,FP2,53.8,34.2,27.6
SAI,55,84.985,2.0,1.0,27.375,28.882,28.728,299.0,321.0,283.0,326.0,True,MEDIUM,2.0,True,Williams,0 days 00:15:59.273000,1,FP2,53.8,34.2,27.6
SAI,55,141.083,3.0,1.0,48.067,56.619,36.397,127.0,178.0,296.0,188.0,False,MEDIUM,3.0,True,Williams,0 days 00:17:24.258000,1,FP2,53.8,34.2,27.6
SAI,55,84.912,4.0,1.0,27.445,28.867,28.6,296.0,315.0,281.0,323.0,True,MEDIUM,4.0,True,Williams,0 days 00:19:45.341000,1,FP2,53.8,34.2,27.6
SAI,55,137.849,5.0,1.0,47.258,56.062,34.529,132.0,216.0,297.0,265.0,False,MEDIUM,5.0,True,Williams,0 days 00:21:10.253000,1,FP2,53.8,34.2,27.6
SAI,55,84.587,6.0,1.0,27.246,28.766,28.575,297.0,315.0,280.0,323.0,True,MEDIUM,6.0,True,Williams,0 days 00:23:28.102000,1,FP2,53.8,34.2,27.6
SAI,55,115.047,9.0,2.0,27.284,46.602,41.161,300.0,154.0,296.0,334.0,False,MEDIUM,9.0,False,Williams,0 days 00:29:15.589000,1,FP2,53.8,34.2,27.6
SAI,55,83.9,12.0,3.0,27.07,28.63,28.2,300.0,322.0,283.0,325.0,True,SOFT,2.0,True,Williams,0 days 00:43:27.787000,1,FP2,53.5,34.3,27.5
SAI,55,129.086,13.0,3.0,41.524,43.151,44.411,185.0,163.0,162.0,205.0,False,SOFT,3.0,True,Williams,0 days 00:44:51.687000,1,FP2,53.5,34.3,27.5
SAI,55,120.865,14.0,3.0,49.268,37.266,34.331,208.0,160.0,299.0,191.0,False,SOFT,4.0,True,Williams,0 days 00:47:00.773000,1,FP2,53.5,34.3,27.5
SAI,55,84.026,15.0,3.0,27.246,28.596,28.184,300.0,322.0,281.0,324.0,False,SOFT,5.0,True,Williams,0 days 00:49:01.638000,1,FP2,53.5,34.3,27.5
SAI,55,87.439,18.0,4.0,28.448,29.858,29.133,293.0,311.0,289.0,309.0,False,SOFT,8.0,False,Williams,0 days 00:58:51.269000,1,FP2,53.5,34.3,27.5
SAI,55,87.427,19.0,4.0,28.477,29.828,29.122,296.0,311.0,287.0,307.0,False,SOFT,9.0,False,Williams,0 days 01:00:18.708000,1,FP2,53.5,34.3,27.5
SAI,55,87.337,20.0,4.0,28.444,29.762,29.131,295.0,310.0,288.0,306.0,False,SOFT,10.0,False,Williams,0 days 01:01:46.135000,1,FP2,53.5,34.3,27.5
SAI,55,89.029,21.0,4.0,29.266,30.424,29.339,300.0,313.0,297.0,306.0,False,SOFT,11.0,False,Williams,0 days 01:03:13.472000,1,FP2,53.5,34.3,27.5
SAI,55,87.293,22.0,4.0,28.362,29.854,29.077,294.0,312.0,290.0,314.0,False,SOFT,12.0,False,Williams,0 days 01:04:42.501000,1,FP2,53.5,34.3,27.5
SAI,55,87.333,23.0,4.0,28.344,29.917,29.072,295.0,311.0,289.0,313.0,False,SOFT,13.0,False,Williams,0 days 01:06:09.794000,1,FP2,53.5,34.3,27.5
SAI,55,87.539,24.0,4.0,28.516,29.94,29.083,295.0,310.0,293.0,305.0,False,SOFT,14.0,False,Williams,0 days 01:07:37.127000,1,FP2,53.5,34.3,27.5
SAI,55,87.341,25.0,4.0,28.452,29.899,28.99,294.0,309.0,290.0,309.0,False,SOFT,15.0,False,Williams,0 days 01:09:04.666000,1,FP2,53.3,34.2,27.5
SAI,55,87.363,26.0,4.0,28.476,29.944,28.943,293.0,309.0,293.0,308.0,False,SOFT,16.0,False,Williams,0 days 01:10:32.007000,1,FP2,53.3,34.2,27.5
SAI,55,88.073,27.0,4.0,28.866,30.323,28.884,298.0,311.0,297.0,305.0,False,SOFT,17.0,False,Williams,0 days 01:11:59.370000,1,FP2,53.3,34.2,27.5
SAI,55,110.147,28.0,4.0,28.482,31.478,50.187,291.0,200.0,89.0,302.0,False,SOFT,18.0,False,Williams,0 days 01:13:27.443000,1,FP2,53.3,34.2,27.5
SAI,55,136.124,29.0,4.0,63.611,33.196,39.317,289.0,224.0,152.0,293.0,False,SOFT,19.0,False,Williams,0 days 01:15:17.590000,1,FP2,53.3,34.2,27.5
RUS,63,83.625,2.0,1.0,27.275,28.188,28.162,299.0,316.0,282.0,326.0,True,HARD,2.0,True,Mercedes,0 days 00:17:42.961000,1,FP2,53.3,34.2,27.5
RUS,63,149.526,3.0,1.0,59.874,56.106,33.546,122.0,164.0,295.0,111.0,False,HARD,3.0,True,Mercedes,0 days 00:19:06.586000,1,FP2,53.3,34.2,27.5
RUS,63,83.434,4.0,1.0,27.336,28.025,28.073,295.0,318.0,282.0,324.0,True,HARD,4.0,True,Mercedes,0 days 00:21:36.112000,1,FP2,53.3,34.2,27.5
RUS,63,83.202,7.0,2.0,27.232,28.037,27.933,296.0,319.0,285.0,331.0,True,HARD,7.0,False,Mercedes,0 days 00:27:43.278000,1,FP2,53.3,34.1,27.7
RUS,63,82.686,11.0,4.0,27.084,27.82,27.782,298.0,318.0,281.0,323.0,True,SOFT,3.0,False,Mercedes,0 days 00:39:25.216000,1,FP2,53.3,34.1,27.7
RUS,63,145.346,12.0,4.0,47.12,49.373,48.853,182.0,180.0,181.0,142.0,False,SOFT,4.0,False,Mercedes,0 days 00:40:47.902000,1,FP2,53.3,34.1,27.7
RUS,63,125.803,13.0,4.0,45.954,47.526,32.323,161.0,225.0,296.0,188.0,False,SOFT,5.0,False,Mercedes,0 days 00:43:13.248000,1,FP2,53.3,34.1,27.7
RUS,63,82.559,14.0,4.0,27.044,27.794,27.721,302.0,320.0,283.0,325.0,True,SOFT,6.0,False,Mercedes,0 days 00:45:19.051000,1,FP2,53.3,34.1,27.7
RUS,63,86.11,17.0,5.0,28.375,29.1,28.635,291.0,306.0,287.0,293.0,False,HARD,10.0,False,Mercedes,0 days 00:55:24.392000,1,FP2,53.3,34.1,27.7
RUS,63,86.381,18.0,5.0,28.694,29.142,28.545,292.0,306.0,288.0,300.0,False,HARD,11.0,False,Mercedes,0 days 00:56:50.502000,1,FP2,53.3,34.1,27.7
RUS,63,86.304,19.0,5.0,28.513,29.327,28.464,291.0,306.0,294.0,304.0,False,HARD,12.0,False,Mercedes,0 days 00:58:16.883000,1,FP2,53.3,34.1,27.7
RUS,63,86.155,20.0,5.0,28.5,29.224,28.431,291.0,308.0,298.0,304.0,False,HARD,13.0,False,Mercedes,0 days 00:59:43.187000,1,FP2,53.3,34.1,27.7
RUS,63,85.975,21.0,5.0,28.341,29.278,28.356,294.0,313.0,304.0,304.0,False,HARD,14.0,False,Mercedes,0 days 01:01:09.342000,1,FP2,53.3,34.1,27.7
RUS,63,86.14,22.0,5.0,28.199,29.459,28.482,302.0,310.0,298.0,314.0,False,HARD,15.0,False,Mercedes,0 days 01:02:35.317000,1,FP2,53.3,34.1,27.7
RUS,63,85.943,23.0,5.0,28.359,29.219,28.365,296.0,315.0,298.0,308.0,False,HARD,16.0,False,Mercedes,0 days 01:04:01.457000,1,FP2,53.0,34.1,28.6
RUS,63,87.175,24.0,5.0,28.07,29.764,29.341,300.0,320.0,311.0,318.0,False,HARD,17.0,False,Mercedes,0 days 01:05:27.400000,1,FP2,53.0,34.1,28.6
RUS,63,85.742,25.0,5.0,28.067,29.324,28.351,292.0,308.0,294.0,314.0,False,HARD,18.0,False,Mercedes,0 days 01:06:54.575000,1,FP2,53.0,34.1,28.6
RUS,63,86.158,26.0,5.0,28.533,29.311,28.314,293.0,310.0,298.0,307.0,False,HARD,19.0,False,Mercedes,0 days 01:08:20.317000,1,FP2,53.0,34.1,28.6
RUS,63,122.936,29.0,6.0,33.776,35.916,53.244,211.0,237.0,48.0,232.0,False,SOFT,9.0,False,Mercedes,0 days 01:14:49.046000,1,FP2,53.0,34.1,28.6
BOT,77,86.107,2.0,1.0,27.925,29.278,28.904,291.0,306.0,280.0,320.0,True,MEDIUM,2.0,True,Cadillac,0 days 00:15:48.016000,1,FP2,53.0,34.1,28.6
BOT,77,124.583,3.0,1.0,40.488,44.34,39.755,164.0,174.0,278.0,195.0,False,MEDIUM,3.0,True,Cadillac,0 days 00:17:14.123000,1,FP2,53.0,34.1,28.6
BOT,77,86.314,4.0,1.0,28.101,29.209,29.004,286.0,299.0,279.0,312.0,False,MEDIUM,4.0,True,Cadillac,0 days 00:19:18.706000,1,FP2,53.0,34.1,28.6
BOT,77,86.19,7.0,2.0,27.901,29.193,29.096,287.0,300.0,272.0,315.0,False,MEDIUM,7.0,False,Cadillac,0 days 00:25:09.882000,1,FP2,53.1,34.2,28.3
BOT,77,85.149,10.0,3.0,27.636,28.878,28.635,293.0,307.0,279.0,314.0,True,SOFT,2.0,True,Cadillac,0 days 00:44:17.315000,1,FP2,53.1,34.2,28.3
BOT,77,131.993,11.0,3.0,41.625,44.644,45.724,217.0,177.0,195.0,138.0,False,SOFT,3.0,True,Cadillac,0 days 00:45:42.464000,1,FP2,53.1,34.2,28.3
BOT,77,117.475,12.0,3.0,41.248,41.425,34.802,193.0,177.0,289.0,207.0,False,SOFT,4.0,True,Cadillac,0 days 00:47:54.457000,1,FP2,53.1,34.2,28.3
BOT,77,108.595,13.0,3.0,31.529,42.654,34.412,175.0,157.0,291.0,319.0,False,SOFT,5.0,True,Cadillac,0 days 00:49:51.932000,1,FP2,53.1,34.2,28.3
BOT,77,85.216,14.0,3.0,27.554,28.765,28.897,292.0,306.0,278.0,316.0,False,SOFT,6.0,True,Cadillac,0 days 00:51:40.527000,1,FP2,53.1,34.2,28.3
BOT,77,88.155,17.0,4.0,28.622,29.992,29.541,282.0,302.0,309.0,305.0,False,SOFT,9.0,False,Cadillac,0 days 01:00:51.720000,1,FP2,53.1,34.2,28.3
BOT,77,88.225,18.0,4.0,28.749,30.149,29.327,281.0,295.0,305.0,305.0,False,SOFT,10.0,False,Cadillac,0 days 01:02:19.875000,1,FP2,52.3,34.3,28.0
BOT,77,89.186,19.0,4.0,29.047,30.804,29.335,278.0,297.0,313.0,303.0,False,SOFT,11.0,False,Cadillac,0 days 01:03:48.100000,1,FP2,52.3,34.3,28.0
BOT,77,88.09,20.0,4.0,28.625,30.34,29.125,280.0,293.0,311.0,311.0,False,SOFT,12.0,False,Cadillac,0 days 01:05:17.286000,1,FP2,52.3,34.3,28.0
BOT,77,88.171,21.0,4.0,28.685,30.048,29.438,280.0,301.0,306.0,311.0,False,SOFT,13.0,False,Cadillac,0 days 01:06:45.376000,1,FP2,52.3,34.3,28.0
BOT,77,88.081,22.0,4.0,28.826,30.163,29.092,281.0,297.0,307.0,307.0,False,SOFT,14.0,False,Cadillac,0 days 01:08:13.547000,1,FP2,52.3,34.3,28.0
BOT,77,88.518,23.0,4.0,28.94,30.222,29.356,279.0,295.0,310.0,306.0,False,SOFT,15.0,False,Cadillac,0 days 01:09:41.628000,1,FP2,52.3,34.3,28.0
BOT,77,88.756,24.0,4.0,28.856,30.498,29.402,278.0,291.0,302.0,305.0,False,SOFT,16.0,False,Cadillac,0 days 01:11:10.146000,1,FP2,52.3,34.3,28.0
BOT,77,88.758,25.0,4.0,29.28,30.275,29.203,276.0,295.0,287.0,300.0,False,SOFT,17.0,False,Cadillac,0 days 01:12:38.902000,1,FP2,52.3,34.3,28.0
BOT,77,119.747,26.0,4.0,38.055,36.567,45.125,203.0,238.0,116.0,196.0,False,SOFT,18.0,False,Cadillac,0 days 01:14:07.660000,1,FP2,52.3,34.3,28.0
BOT,77,144.705,27.0,4.0,60.671,39.127,44.907,292.0,194.0,129.0,286.0,False,SOFT,19.0,False,Cadillac,0 days 01:16:07.407000,1,FP2,52.3,34.3,28.0
PIA,81,84.466,2.0,1.0,27.497,28.622,28.347,296.0,316.0,284.0,323.0,True,HARD,2.0,True,McLaren,0 days 00:16:23.905000,1,FP2,52.3,34.3,28.0
PIA,81,133.348,3.0,1.0,44.512,48.112,40.724,172.0,155.0,289.0,172.0,False,HARD,3.0,True,McLaren,0 days 00:17:48.371000,1,FP2,52.3,34.3,28.0
PIA,81,84.059,4.0,1.0,27.488,28.273,28.298,295.0,317.0,284.0,325.0,True,HARD,4.0,True,McLaren,0 days 00:20:01.719000,1,FP2,52.3,34.3,28.0
PIA,81,138.603,5.0,1.0,47.478,47.884,43.241,164.0,220.0,289.0,156.0,False,HARD,5.0,True,McLaren,0 days 00:21:25.778000,1,FP2,52.1,34.3,27.7
PIA,81,83.855,6.0,1.0,27.376,28.24,28.239,294.0,315.0,282.0,322.0,True,HARD,6.0,True,McLaren,0 days 00:23:44.381000,1,FP2,52.1,34.3,27.7
PIA,81,120.863,9.0,2.0,39.461,39.169,42.233,224.0,241.0,289.0,188.0,False,SOFT,2.0,True,McLaren,0 days 00:43:49.582000,1,FP2,52.1,34.3,27.7
PIA,81,83.028,10.0,2.0,27.348,27.945,27.735,297.0,316.0,283.0,321.0,True,SOFT,3.0,True,McLaren,0 days 00:45:50.445000,1,FP2,52.1,34.3,27.7
PIA,81,123.674,11.0,2.0,40.908,45.71,37.056,159.0,249.0,292.0,165.0,False,SOFT,4.0,True,McLaren,0 days 00:47:13.473000,1,FP2,52.1,34.3,27.7
PIA,81,131.219,12.0,2.0,40.356,45.933,44.93,187.0,147.0,286.0,193.0,False,SOFT,5.0,True,McLaren,0 days 00:49:17.147000,1,FP2,52.1,34.3,27.7
PIA,81,83.219,13.0,2.0,27.408,27.987,27.824,296.0,319.0,285.0,321.0,False,SOFT,6.0,True,McLaren,0 days 00:51:28.366000,1,FP2,52.1,34.3,27.7
PIA,81,86.467,16.0,3.0,28.295,29.379,28.793,293.0,309.0,287.0,296.0,False,HARD,9.0,False,McLaren,0 days 01:02:13.255000,1,FP2,52.1,34.3,27.7
PIA,81,86.292,17.0,3.0,28.365,29.123,28.804,297.0,315.0,292.0,311.0,False,HARD,10.0,False,McLaren,0 days 01:03:39.722000,1,FP2,52.6,34.4,27.8
PIA,81,86.865,18.0,3.0,28.276,29.839,28.75,298.0,308.0,294.0,316.0,False,HARD,11.0,False,McLaren,0 days 01:05:06.014000,1,FP2,52.6,34.4,27.8
PIA,81,87.211,19.0,3.0,28.823,29.794,28.594,295.0,312.0,297.0,301.0,False,HARD,12.0,False,McLaren,0 days 01:06:32.879000,1,FP2,52.6,34.4,27.8
PIA,81,86.406,22.0,4.0,28.662,29.213,28.531,288.0,308.0,299.0,303.0,False,SOFT,9.0,False,McLaren,0 days 01:11:22.687000,1,FP2,52.6,34.4,27.8
PIA,81,102.672,23.0,4.0,33.509,38.617,30.546,236.0,301.0,224.0,263.0,False,SOFT,10.0,False,McLaren,0 days 01:12:49.093000,1,FP2,52.6,34.4,27.8
PIA,81,145.584,24.0,4.0,40.172,47.441,57.971,169.0,200.0,50.0,190.0,False,SOFT,11.0,False,McLaren,0 days 01:14:31.765000,1,FP2,53.2,34.4,27.7
BEA,87,85.238,2.0,1.0,27.801,29.002,28.435,292.0,309.0,278.0,321.0,True,MEDIUM,2.0,True,Haas F1 Team,0 days 00:15:39.928000,1,FP2,53.2,34.4,27.7
BEA,87,84.961,5.0,2.0,27.838,28.73,28.393,287.0,306.0,278.0,315.0,True,MEDIUM,5.0,False,Haas F1 Team,0 days 00:22:13.965000,1,FP2,51.8,34.4,27.3
BEA,87,119.044,8.0,3.0,27.947,44.528,46.569,288.0,123.0,286.0,316.0,False,MEDIUM,8.0,False,Haas F1 Team,0 days 00:29:13.820000,1,FP2,51.8,34.4,27.3
BEA,87,85.119,9.0,3.0,27.855,28.78,28.484,292.0,308.0,276.0,321.0,False,MEDIUM,9.0,False,Haas F1 Team,0 days 00:31:12.864000,1,FP2,51.8,34.4,27.3
BEA,87,83.69,12.0,4.0,27.396,28.356,27.938,299.0,313.0,280.0,321.0,True,SOFT,2.0,True,Haas F1 Team,0 days 00:43:32.059000,1,FP2,51.8,34.4,27.3
BEA,87,133.161,15.0,5.0,43.152,53.048,36.961,120.0,226.0,291.0,228.0,False,SOFT,5.0,False,Haas F1 Team,0 days 00:49:47.620000,1,FP2,53.3,34.3,28.1
BEA,87,83.37,16.0,5.0,27.244,28.301,27.825,298.0,314.0,282.0,325.0,True,SOFT,6.0,False,Haas F1 Team,0 days 00:52:00.781000,1,FP2,53.3,34.3,28.1
BEA,87,92.615,19.0,6.0,32.815,30.708,29.092,266.0,292.0,316.0,283.0,False,MEDIUM,12.0,False,Haas F1 Team,0 days 01:01:32.388000,1,FP2,52.7,34.3,28.6
BEA,87,87.779,20.0,6.0,28.521,30.346,28.912,286.0,298.0,307.0,314.0,False,MEDIUM,13.0,False,Haas F1 Team,0 days 01:03:05.003000,1,FP2,52.7,34.3,28.6
BEA,87,86.827,21.0,6.0,28.658,29.547,28.622,285.0,305.0,308.0,308.0,False,MEDIUM,14.0,False,Haas F1 Team,0 days 01:04:32.782000,1,FP2,52.7,34.3,28.6
BEA,87,88.763,22.0,6.0,29.838,29.862,29.063,284.0,302.0,301.0,309.0,False,MEDIUM,15.0,False,Haas F1 Team,0 days 01:05:59.609000,1,FP2,52.7,34.3,28.6
BEA,87,104.987,23.0,6.0,41.94,34.13,28.917,160.0,296.0,317.0,306.0,False,MEDIUM,16.0,False,Haas F1 Team,0 days 01:07:28.372000,1,FP2,52.7,34.3,28.6
BEA,87,86.847,24.0,6.0,28.501,29.604,28.742,285.0,303.0,309.0,314.0,False,MEDIUM,17.0,False,Haas F1 Team,0 days 01:09:13.359000,1,FP2,52.7,34.3,28.6
BEA,87,87.476,25.0,6.0,28.685,29.867,28.924,283.0,300.0,302.0,309.0,False,MEDIUM,18.0,False,Haas F1 Team,0 days 01:10:40.206000,1,FP2,52.7,34.3,28.6
BEA,87,87.342,26.0,6.0,29.06,29.648,28.634,283.0,296.0,317.0,306.0,False,MEDIUM,19.0,False,Haas F1 Team,0 days 01:12:07.682000,1,FP2,53.5,34.3,28.4
BEA,87,105.738,27.0,6.0,28.319,33.273,44.146,290.0,206.0,99.0,305.0,False,MEDIUM,20.0,False,Haas F1 Team,0 days 01:13:35.024000,1,FP2,53.5,34.3,28.4
NOR,1,83.652,2.0,1.0,27.544,27.956,28.152,295.0,312.0,282.0,321.0,True,MEDIUM,2.0,True,McLaren,0 days 00:36:36.066000,1,FP3,48.9,30.7,41.0
NOR,1,101.571,5.0,2.0,28.224,40.944,32.403,250.0,139.0,287.0,320.0,False,MEDIUM,5.0,False,McLaren,0 days 00:42:15.980000,1,FP3,50.5,30.9,43.0
NOR,1,83.959,6.0,2.0,27.583,28.082,28.294,290.0,310.0,280.0,320.0,False,MEDIUM,6.0,False,McLaren,0 days 00:43:57.551000,1,FP3,50.5,30.9,43.0
NOR,1,121.519,7.0,2.0,42.357,45.88,33.282,188.0,197.0,287.0,143.0,False,MEDIUM,7.0,False,McLaren,0 days 00:45:21.510000,12,FP3,49.5,30.9,42.4
NOR,1,83.431,8.0,2.0,27.452,27.872,28.107,292.0,314.0,280.0,321.0,True,MEDIUM,8.0,False,McLaren,0 days 00:47:23.029000,1,FP3,51.2,31.0,41.0
NOR,1,82.774,11.0,3.0,27.164,27.808,27.802,302.0,315.0,283.0,329.0,True,SOFT,2.0,True,McLaren,0 days 01:03:13.784000,12,FP3,51.3,30.8,41.6
NOR,1,146.111,12.0,3.0,58.614,47.483,40.014,163.0,179.0,290.0,108.0,False,SOFT,3.0,True,McLaren,0 days 01:04:36.558000,1,FP3,51.3,30.8,41.6
NOR,1,82.625,13.0,3.0,27.318,27.704,27.603,297.0,315.0,283.0,324.0,True,SOFT,4.0,True,McLaren,0 days 01:07:02.669000,1,FP3,51.4,30.8,41.6
NOR,1,109.435,15.0,3.0,39.33,34.931,35.174,279.0,285.0,292.0,239.0,False,SOFT,6.0,True,McLaren,0 days 01:10:56.255000,1,FP3,50.3,31.0,41.7
NOR,1,82.863,16.0,3.0,27.217,27.896,27.75,294.0,315.0,287.0,328.0,False,SOFT,7.0,True,McLaren,0 days 01:12:45.690000,1,FP3,50.4,31.0,41.0
NOR,1,129.507,17.0,3.0,37.316,42.297,49.894,174.0,269.0,46.0,194.0,False,SOFT,8.0,True,McLaren,0 days 01:14:08.553000,1,FP3,50.4,31.0,41.0
VER,3,83.467,2.0,1.0,27.354,28.342,27.771,301.0,319.0,288.0,328.0,True,MEDIUM,2.0,True,Red Bull Racing,0 days 00:29:55.861000,1,FP3,50.4,31.0,41.0
VER,3,83.692,5.0,2.0,27.545,28.372,27.775,297.0,305.0,284.0,315.0,False,MEDIUM,5.0,False,Red Bull Racing,0 days 00:35:30.830000,1,FP3,51.5,31.0,40.0
VER,3,146.902,6.0,2.0,54.503,50.576,41.823,108.0,208.0,289.0,106.0,False,MEDIUM,6.0,False,Red Bull Racing,0 days 00:36:54.522000,1,FP3,51.5,31.0,40.0
VER,3,83.455,7.0,2.0,27.479,28.241,27.735,296.0,306.0,283.0,315.0,True,MEDIUM,7.0,False,Red Bull Racing,0 days 00:39:21.424000,1,FP3,51.5,31.0,40.0
VER,3,120.42,9.0,2.0,37.521,41.489,41.41,185.0,189.0,290.0,318.0,False,MEDIUM,9.0,False,Red Bull Racing,0 days 00:43:25.690000,12,FP3,51.8,31.1,41.1
VER,3,83.1,10.0,2.0,27.574,28.085,27.441,296.0,307.0,285.0,315.0,True,MEDIUM,10.0,False,Red Bull Racing,0 days 00:45:26.110000,21,FP3,51.8,31.1,41.1
VER,3,82.79,13.0,3.0,27.263,28.186,27.341,298.0,308.0,285.0,322.0,True,SOFT,2.0,True,Red Bull Racing,0 days 00:55:36.142000,1,FP3,51.8,31.1,41.1
VER,3,101.181,16.0,4.0,27.355,34.525,39.301,301.0,256.0,292.0,318.0,False,SOFT,5.0,False,Red Bull Racing,0 days 01:01:35.637000,1,FP3,51.8,31.1,41.1
VER,3,101.293,17.0,4.0,27.35,28.292,45.651,301.0,312.0,182.0,323.0,False,SOFT,6.0,False,Red Bull Racing,0 days 01:03:16.818000,12,FP3,51.9,31.2,41.0
VER,3,130.469,18.0,4.0,47.085,44.531,38.853,192.0,236.0,293.0,150.0,False,SOFT,7.0,False,Red Bull Racing,0 days 01:04:58.111000,1,FP3,51.9,31.2,41.0
VER,3,82.569,19.0,4.0,27.26,28.027,27.282,301.0,312.0,286.0,323.0,True,SOFT,8.0,False,Red Bull Racing,0 days 01:07:08.580000,1,FP3,51.9,31.2,41.0
VER,3,143.437,20.0,4.0,50.276,52.464,40.697,149.0,175.0,166.0,118.0,False,SOFT,9.0,False,Red Bull Racing,0 days 01:08:31.149000,1,FP3,51.9,31.2,41.0
VER,3,108.035,21.0,4.0,38.882,35.403,33.75,258.0,288.0,291.0,213.0,False,SOFT,10.0,False,Red Bull Racing,0 days 01:10:54.586000,1,FP3,51.9,31.2,41.0
VER,3,110.76,22.0,4.0,33.08,42.582,35.098,198.0,251.0,252.0,320.0,False,SOFT,11.0,False,Red Bull Racing,0 days 01:12:42.621000,1,FP3,51.6,31.0,40.6
VER,3,125.519,23.0,4.0,39.36,37.179,48.98,203.0,275.0,72.0,168.0,False,SOFT,12.0,False,Red Bull Racing,0 days 01:14:33.381000,1,FP3,51.6,31.0,40.6
BOR,5,84.309,3.0,2.0,27.611,28.596,28.102,297.0,312.0,282.0,322.0,True,MEDIUM,3.0,False,Audi,0 days 00:29:58.121000,1,FP3,51.6,31.0,40.6
BOR,5,83.893,6.0,3.0,27.542,28.444,27.907,296.0,307.0,284.0,318.0,True,MEDIUM,6.0,False,Audi,0 days 00:35:35.670000,1,FP3,51.6,31.0,40.6
BOR,5,83.561,9.0,4.0,27.516,28.322,27.723,297.0,313.0,285.0,319.0,True,MEDIUM,9.0,False,Audi,0 days 00:41:48.587000,1,FP3,51.3,31.0,41.1
BOR,5,83.319,14.0,6.0,27.412,28.273,27.634,297.0,308.0,284.0,317.0,True,SOFT,2.0,True,Audi,0 days 01:00:59.093000,1,FP3,51.4,31.2,39.7
BOR,5,83.298,17.0,7.0,27.401,28.208,27.689,298.0,311.0,282.0,321.0,True,SOFT,5.0,False,Audi,0 days 01:07:10.813000,1,FP3,51.4,31.2,39.7
BOR,5,123.939,20.0,8.0,36.593,36.52,50.826,220.0,249.0,70.0,198.0,False,SOFT,8.0,False,Audi,0 days 01:13:10.877000,1,FP3,51.4,31.2,39.7
GAS,10,85.349,2.0,1.0,27.628,29.258,28.463,295.0,313.0,279.0,323.0,True,MEDIUM,2.0,True,Alpine,0 days 00:18:39.083000,1,FP3,50.8,31.4,39.9
GAS,10,126.608,3.0,1.0,46.493,47.591,32.524,164.0,200.0,300.0,149.0,False,MEDIUM,3.0,True,Alpine,0 days 00:20:04.432000,1,FP3,50.8,31.4,39.9
GAS,10,83.878,4.0,1.0,27.355,28.449,28.074,298.0,315.0,279.0,325.0,True,MEDIUM,4.0,True,Alpine,0 days 00:22:11.040000,1,FP3,50.8,31.4,39.9
GAS,10,130.1,5.0,1.0,43.022,48.94,38.138,153.0,158.0,294.0,244.0,False,MEDIUM,5.0,True,Alpine,0 days 00:23:34.918000,1,FP3,50.8,31.4,39.9
GAS,10,83.875,6.0,1.0,27.492,28.281,28.102,293.0,309.0,280.0,324.0,True,MEDIUM,6.0,True,Alpine,0 days 00:25:45.018000,1,FP3,50.8,31.4,39.9
GAS,10,83.416,9.0,2.0,27.223,28.113,28.08,296.0,312.0,282.0,323.0,True,MEDIUM,9.0,False,Alpine,0 days 00:37:17.655000,1,FP3,50.8,31.4,39.9
GAS,10,99.713,10.0,2.0,33.949,36.867,28.897,240.0,266.0,318.0,264.0,False,MEDIUM,10.0,False,Alpine,0 days 00:38:41.071000,1,FP3,50.8,31.4,39.9
GAS,10,85.143,11.0,2.0,27.785,28.844,28.514,292.0,304.0,288.0,312.0,False,MEDIUM,11.0,False,Alpine,0 days 00:40:20.784000,1,FP3,50.8,31.4,39.9
GAS,10,85.056,12.0,2.0,28.195,28.914,27.947,296.0,309.0,296.0,308.0,False,MEDIUM,12.0,False,Alpine,0 days 00:41:45.927000,1,FP3,50.8,31.4,39.9
GAS,10,84.991,13.0,2.0,28.183,28.811,27.997,293.0,302.0,299.0,301.0,False,MEDIUM,13.0,False,Alpine,0 days 00:43:10.983000,1,FP3,50.8,31.4,39.9
GAS,10,84.843,14.0,2.0,28.157,28.793,27.893,295.0,305.0,301.0,297.0,False,MEDIUM,14.0,False,Alpine,0 days 00:44:35.974000,12,FP3,51.7,31.4,40.1
GAS,10,84.716,15.0,2.0,27.994,28.759,27.963,295.0,306.0,302.0,296.0,False,MEDIUM,15.0,False,Alpine,0 days 00:46:00.817000,1,FP3,51.7,31.4,40.1
GAS,10,84.581,16.0,2.0,27.974,28.68,27.927,296.0,310.0,299.0,299.0,False,MEDIUM,16.0,False,Alpine,0 days 00:47:25.533000,1,FP3,51.7,31.4,40.1
GAS,10,83.096,19.0,3.0,27.219,28.142,27.735,297.0,317.0,284.0,323.0,True,SOFT,2.0,True,Alpine,0 days 01:00:42.987000,1,FP3,51.7,31.4,40.1
GAS,10,82.898,22.0,4.0,27.236,28.028,27.634,301.0,316.0,281.0,322.0,True,SOFT,5.0,False,Alpine,0 days 01:12:26.792000,1,FP3,51.3,31.3,40.8
GAS,10,122.25,23.0,4.0,35.614,37.828,48.808,224.0,212.0,76.0,242.0,False,SOFT,6.0,False,Alpine,0 days 01:13:49.690000,1,FP3,51.3,31.3,40.8
PER,11,86.381,2.0,1.0,27.916,29.189,29.276,293.0,314.0,274.0,319.0,True,SOFT,2.0,True,Cadillac,0 days 00:25:01.323000,1,FP3,51.3,31.3,40.8
PER,11,86.102,5.0,2.0,28.007,29.23,28.865,288.0,297.0,272.0,310.0,True,SOFT,5.0,False,Cadillac,0 days 00:31:21.340000,1,FP3,51.3,31.3,40.8
PER,11,85.031,8.0,3.0,27.569,28.911,28.551,295.0,307.0,279.0,323.0,True,SOFT,8.0,False,Cadillac,0 days 00:41:50.265000,1,FP3,51.0,31.4,40.1
PER,11,142.279,9.0,3.0,49.025,44.949,48.305,177.0,166.0,189.0,118.0,False,SOFT,9.0,False,Cadillac,0 days 00:43:15.296000,12,FP3,51.0,31.4,40.1
PER,11,145.552,10.0,3.0,49.816,55.802,39.934,144.0,146.0,277.0,181.0,False,SOFT,10.0,False,Cadillac,0 days 00:45:37.575000,1,FP3,51.0,31.4,40.1
PER,11,98.908,13.0,4.0,27.608,33.739,37.561,294.0,238.0,284.0,318.0,False,SOFT,2.0,True,Cadillac,0 days 01:01:28.232000,1,FP3,51.0,31.4,40.1
PER,11,85.454,16.0,5.0,27.772,28.804,28.878,296.0,302.0,278.0,312.0,False,SOFT,5.0,False,Cadillac,0 days 01:07:46.563000,1,FP3,51.8,31.5,39.8
PER,11,108.495,19.0,6.0,29.348,33.576,45.571,255.0,263.0,54.0,298.0,False,SOFT,8.0,False,Cadillac,0 days 01:15:07.312000,1,FP3,51.8,31.5,39.8
ANT,12,83.032,2.0,1.0,27.269,28.173,27.59,297.0,313.0,282.0,322.0,True,SOFT,2.0,True,Mercedes,0 days 00:29:34.758000,1,FP3,51.8,31.5,39.8
ANT,12,83.565,5.0,2.0,27.257,27.858,28.45,298.0,315.0,276.0,322.0,False,SOFT,5.0,False,Mercedes,0 days 00:36:24.952000,1,FP3,51.5,31.3,40.1
ANT,12,120.465,10.0,4.0,40.348,46.357,33.76,167.0,210.0,293.0,326.0,False,SOFT,2.0,True,Mercedes,0 days 00:55:27.617000,1,FP3,51.5,31.3,40.1
ANT,12,82.696,11.0,4.0,27.359,27.837,27.5,297.0,314.0,280.0,324.0,True,SOFT,3.0,True,Mercedes,0 days 00:57:28.082000,1,FP3,51.5,31.3,40.1
ANT,12,82.58,14.0,5.0,27.147,27.935,27.498,300.0,315.0,282.0,323.0,True,SOFT,6.0,False,Mercedes,0 days 01:06:03.920000,1,FP3,51.5,31.3,40.1
ANT,12,117.81,17.0,6.0,34.409,33.281,50.12,240.0,244.0,44.0,218.0,False,SOFT,10.0,False,Mercedes,0 days 01:14:54.566000,1,FP3,52.0,31.4,40.7
ALO,14,86.288,2.0,1.0,28.107,29.335,28.846,284.0,295.0,274.0,308.0,True,SOFT,2.0,True,Aston Martin,0 days 00:24:31.194000,1,FP3,50.9,31.5,40.2
ALO,14,125.875,3.0,1.0,42.882,41.885,41.108,245.0,178.0,243.0,118.0,False,SOFT,3.0,True,Aston Martin,0 days 00:25:57.482000,1,FP3,50.9,31.5,40.2
ALO,14,109.936,4.0,1.0,37.592,33.903,38.441,254.0,268.0,280.0,189.0,False,SOFT,4.0,True,Aston Martin,0 days 00:28:03.357000,1,FP3,50.9,31.5,40.2
ALO,14,97.589,5.0,1.0,28.166,29.032,40.391,285.0,299.0,159.0,310.0,False,SOFT,5.0,True,Aston Martin,0 days 00:29:53.293000,1,FP3,50.9,31.5,40.2
ALO,14,120.786,6.0,1.0,51.668,37.902,31.216,163.0,255.0,285.0,124.0,False,SOFT,6.0,True,Aston Martin,0 days 00:31:30.882000,1,FP3,50.9,31.5,40.2
ALO,14,85.306,7.0,1.0,27.942,29.013,28.351,289.0,303.0,278.0,314.0,True,SOFT,7.0,True,Aston Martin,0 days 00:33:31.668000,12,FP3,50.9,31.5,40.2
ALO,14,120.342,10.0,2.0,37.744,48.22,34.378,139.0,233.0,284.0,313.0,False,SOFT,2.0,True,Aston Martin,0 days 00:55:28.810000,1,FP3,50.9,31.5,40.2
ALO,14,85.216,11.0,2.0,27.907,28.922,28.387,286.0,301.0,272.0,311.0,True,SOFT,3.0,True,Aston Martin,0 days 00:57:29.152000,1,FP3,50.9,31.5,40.2
ALO,14,118.781,12.0,2.0,42.258,36.769,39.754,255.0,207.0,165.0,122.0,False,SOFT,4.0,True,Aston Martin,0 days 00:58:54.368000,1,FP3,50.9,31.5,40.2
ALO,14,123.454,13.0,2.0,51.602,40.178,31.674,172.0,262.0,286.0,118.0,False,SOFT,5.0,True,Aston Martin,0 days 01:00:53.149000,1,FP3,50.0,31.5,40.8
ALO,14,114.448,14.0,2.0,28.817,41.884,43.747,265.0,83.0,286.0,315.0,False,SOFT,6.0,True,Aston Martin,0 days 01:02:56.603000,12,FP3,50.0,31.5,40.8
ALO,14,116.785,15.0,2.0,37.809,45.589,33.387,238.0,161.0,287.0,314.0,False,SOFT,7.0,True,Aston Martin,0 days 01:04:51.051000,1,FP3,50.0,31.5,40.8
ALO,14,84.919,16.0,2.0,27.833,28.649,28.437,288.0,300.0,273.0,314.0,True,SOFT,8.0,True,Aston Martin,0 days 01:06:47.836000,1,FP3,50.0,31.5,40.8
ALO,14,118.18,19.0,3.0,35.512,35.772,46.896,213.0,232.0,56.0,189.0,False,SOFT,11.0,False,Aston Martin,0 days 01:14:07.735000,1,FP3,50.0,31.5,40.8
LEC,16,83.25,2.0,1.0,27.265,28.328,27.657,297.0,316.0,283.0,328.0,True,SOFT,2.0,True,Ferrari,0 days 00:30:03.533000,1,FP3,51.3,31.4,40.8
LEC,16,99.271,5.0,2.0,35.02,33.302,30.949,166.0,289.0,292.0,322.0,True,SOFT,5.0,False,Ferrari,0 days 00:36:28.278000,1,FP3,50.5,31.5,41.7
LEC,16,83.271,6.0,2.0,27.53,28.131,27.61,294.0,309.0,279.0,320.0,True,SOFT,6.0,False,Ferrari,0 days 00:38:07.549000,1,FP3,50.5,31.5,41.7
LEC,16,83.065,9.0,3.0,27.439,28.11,27.516,294.0,309.0,280.0,319.0,True,SOFT,9.0,False,Ferrari,0 days 00:47:52.874000,1,FP3,50.5,31.5,41.7
LEC,16,107.641,10.0,3.0,36.226,34.621,36.794,230.0,192.0,293.0,200.0,False,SOFT,10.0,False,Ferrari,0 days 00:49:15.939000,1,FP3,50.5,31.5,41.7
LEC,16,82.913,11.0,3.0,27.215,28.169,27.529,295.0,312.0,281.0,323.0,True,SOFT,11.0,False,Ferrari,0 days 00:51:03.580000,1,FP3,50.5,31.5,41.7
LEC,16,82.708,14.0,4.0,27.307,28.016,27.385,297.0,313.0,281.0,325.0,True,SOFT,2.0,True,Ferrari,0 days 01:03:05.519000,1,FP3,50.9,31.5,41.3
LEC,16,106.577,17.0,5.0,30.166,35.432,40.979,239.0,243.0,181.0,322.0,False,SOFT,5.0,False,Ferrari,0 days 01:09:07.407000,1,FP3,50.9,31.5,41.3
LEC,16,105.368,18.0,5.0,40.908,32.417,32.043,246.0,287.0,293.0,192.0,False,SOFT,6.0,False,Ferrari,0 days 01:10:53.984000,1,FP3,50.9,31.5,41.3
LEC,16,82.972,19.0,5.0,27.24,28.242,27.49,300.0,311.0,280.0,324.0,False,SOFT,7.0,False,Ferrari,0 days 01:12:39.352000,1,FP3,52.3,31.5,41.4
LEC,16,139.21,20.0,5.0,42.632,43.341,53.237,171.0,204.0,50.0,145.0,False,SOFT,8.0,False,Ferrari,0 days 01:14:02.324000,1,FP3,52.3,31.5,41.4
STR,18,87.31,2.0,1.0,28.532,29.722,29.056,283.0,295.0,271.0,305.0,True,SOFT,2.0,True,Aston Martin,0 days 00:24:59.908000,1,FP3,52.3,31.5,41.4
STR,18,87.571,5.0,2.0,29.003,29.476,29.092,283.0,296.0,270.0,297.0,False,SOFT,5.0,False,Aston Martin,0 days 00:31:33.545000,1,FP3,52.3,31.5,41.4
STR,18,137.027,6.0,2.0,45.652,50.675,40.7,162.0,201.0,188.0,159.0,False,SOFT,6.0,False,Aston Martin,0 days 00:33:01.116000,12,FP3,52.3,31.5,41.4
STR,18,122.118,7.0,2.0,43.063,40.286,38.769,199.0,199.0,276.0,183.0,False,SOFT,7.0,False,Aston Martin,0 days 00:35:18.143000,1,FP3,52.3,31.5,41.4
STR,18,86.506,8.0,2.0,28.346,29.242,28.918,282.0,296.0,269.0,303.0,True,SOFT,8.0,False,Aston Martin,0 days 00:37:20.261000,1,FP3,52.3,31.5,41.4
STR,18,119.863,12.0,4.0,38.736,46.41,34.717,162.0,239.0,282.0,313.0,False,SOFT,2.0,True,Aston Martin,0 days 00:55:30.759000,1,FP3,52.3,31.5,42.1
STR,18,85.68,13.0,4.0,28.177,28.991,28.512,288.0,305.0,272.0,313.0,True,SOFT,3.0,True,Aston Martin,0 days 00:57:30.622000,1,FP3,52.3,31.5,42.1
STR,18,85.765,16.0,5.0,28.177,28.961,28.627,287.0,302.0,271.0,312.0,False,SOFT,6.0,False,Aston Martin,0 days 01:03:19.028000,12,FP3,52.3,31.5,42.1
STR,18,131.809,17.0,5.0,45.609,45.523,40.677,227.0,205.0,202.0,136.0,False,SOFT,7.0,False,Aston Martin,0 days 01:04:44.793000,1,FP3,51.8,31.3,41.8
STR,18,122.572,18.0,5.0,46.917,42.967,32.688,213.0,227.0,283.0,141.0,False,SOFT,8.0,False,Aston Martin,0 days 01:06:56.602000,1,FP3,51.8,31.3,41.8
STR,18,85.555,19.0,5.0,27.978,28.945,28.632,289.0,297.0,271.0,313.0,True,SOFT,9.0,False,Aston Martin,0 days 01:08:59.174000,1,FP3,51.8,31.3,41.8
TSU,22,84.31,2.0,1.0,27.804,28.69,27.816,295.0,309.0,286.0,318.0,True,SOFT,2.0,True,Racing Bulls,0 days 00:29:49.172000,1,FP3,51.8,31.3,41.8
TSU,22,83.817,5.0,2.0,27.672,28.333,27.812,294.0,307.0,283.0,315.0,True,SOFT,5.0,False,Racing Bulls,0 days 00:44:46.280000,12,FP3,51.8,31.3,41.8
TSU,22,114.928,6.0,2.0,44.554,39.842,30.532,155.0,286.0,323.0,134.0,False,SOFT,6.0,False,Racing Bulls,0 days 00:46:10.097000,1,FP3,51.8,31.3,41.8
TSU,22,85.118,7.0,2.0,27.921,29.218,27.979,289.0,308.0,304.0,323.0,False,SOFT,7.0,False,Racing Bulls,0 days 00:48:05.025000,1,FP3,51.8,31.3,41.8
TSU,22,85.435,8.0,2.0,28.401,29.027,28.007,292.0,310.0,318.0,311.0,False,SOFT,8.0,False,Racing Bulls,0 days 00:49:30.143000,1,FP3,52.2,31.4,41.6
TSU,22,122.0,13.0,4.0,40.296,49.618,32.086,138.0,254.0,287.0,296.0,False,SOFT,4.0,False,Racing Bulls,0 days 01:06:55.834000,1,FP3,51.8,31.4,40.9
TSU,22,99.946,14.0,4.0,27.89,38.364,33.692,295.0,217.0,289.0,316.0,False,SOFT,5.0,False,Racing Bulls,0 days 01:08:57.834000,1,FP3,51.8,31.4,40.9
TSU,22,84.013,15.0,4.0,27.676,28.411,27.926,297.0,303.0,283.0,314.0,False,SOFT,6.0,False,Racing Bulls,0 days 01:10:37.780000,1,FP3,51.8,31.4,40.9
ALB,23,108.807,2.0,1.0,27.746,46.059,35.002,299.0,204.0,292.0,320.0,True,SOFT,2.0,True,Williams,0 days 00:24:27.026000,1,FP3,51.8,31.4,40.9
ALB,23,84.922,3.0,1.0,27.705,28.772,28.445,292.0,314.0,284.0,317.0,True,SOFT,3.0,True,Williams,0 days 00:26:15.833000,1,FP3,51.8,31.4,40.9
ALB,23,133.189,4.0,1.0,44.1,47.721,41.368,156.0,179.0,260.0,232.0,False,SOFT,4.0,True,Williams,0 days 00:27:40.755000,1,FP3,51.8,31.4,40.9
ALB,23,106.932,5.0,1.0,34.859,40.094,31.979,210.0,310.0,300.0,240.0,False,SOFT,5.0,True,Williams,0 days 00:29:53.944000,1,FP3,51.8,31.4,40.9
ALB,23,84.437,6.0,1.0,27.35,28.697,28.39,301.0,317.0,285.0,324.0,True,SOFT,6.0,True,Williams,0 days 00:31:40.876000,1,FP3,51.8,31.4,40.9
ALB,23,86.049,9.0,2.0,28.095,29.365,28.589,297.0,308.0,286.0,297.0,False,SOFT,2.0,True,Williams,0 days 00:41:13.787000,1,FP3,51.8,31.4,40.9
ALB,23,85.887,10.0,2.0,28.186,29.199,28.502,297.0,309.0,287.0,307.0,False,SOFT,3.0,True,Williams,0 days 00:42:39.836000,1,FP3,51.8,31.4,40.9
ALB,23,86.21,11.0,2.0,28.36,29.234,28.616,296.0,310.0,294.0,305.0,False,SOFT,4.0,True,Williams,0 days 00:44:05.723000,12,FP3,52.1,31.5,40.5
ALB,23,87.048,12.0,2.0,28.43,29.583,29.035,305.0,316.0,300.0,306.0,False,SOFT,5.0,True,Williams,0 days 00:45:31.933000,1,FP3,52.1,31.5,40.5
ALB,23,86.001,13.0,2.0,28.083,29.35,28.568,301.0,317.0,288.0,319.0,False,SOFT,6.0,True,Williams,0 days 00:46:58.981000,1,FP3,52.1,31.5,40.5
ALB,23,86.645,14.0,2.0,28.543,29.399,28.703,294.0,303.0,290.0,304.0,False,SOFT,7.0,True,Williams,0 days 00:48:24.982000,1,FP3,52.1,31.5,40.5
ALB,23,86.032,15.0,2.0,28.299,29.43,28.303,294.0,306.0,307.0,304.0,False,SOFT,8.0,True,Williams,0 days 00:49:51.627000,1,FP3,52.1,31.5,40.5
ALB,23,86.007,16.0,2.0,28.023,29.451,28.533,293.0,303.0,307.0,309.0,False,SOFT,9.0,True,Williams,0 days 00:51:17.659000,1,FP3,52.1,31.5,40.5
ALB,23,88.309,19.0,3.0,27.531,28.98,31.798,297.0,310.0,252.0,319.0,False,SOFT,9.0,False,Williams,0 days 01:00:26.775000,1,FP3,52.1,31.5,40.5
ALB,23,109.092,20.0,3.0,38.14,34.111,36.841,257.0,266.0,321.0,167.0,False,SOFT,10.0,False,Williams,0 days 01:01:55.084000,1,FP3,51.9,31.4,40.5
ALB,23,85.872,21.0,3.0,27.647,29.602,28.623,296.0,303.0,296.0,310.0,False,SOFT,11.0,False,Williams,0 days 01:03:44.176000,12,FP3,51.9,31.4,40.5
ALB,23,86.591,22.0,3.0,28.306,29.605,28.68,296.0,301.0,310.0,298.0,False,SOFT,12.0,False,Williams,0 days 01:05:10.048000,1,FP3,51.9,31.4,40.5
ALB,23,85.858,23.0,3.0,28.035,29.523,28.3,295.0,302.0,311.0,306.0,False,SOFT,13.0,False,Williams,0 days 01:06:36.639000,1,FP3,51.9,31.4,40.5
ALB,23,85.479,24.0,3.0,27.94,29.322,28.217,294.0,305.0,313.0,306.0,False,SOFT,14.0,False,Williams,0 days 01:08:02.497000,1,FP3,51.9,31.4,40.5
ALB,23,85.713,25.0,3.0,27.954,29.451,28.308,294.0,302.0,312.0,306.0,False,SOFT,15.0,False,Williams,0 days 01:09:27.976000,1,FP3,51.9,31.4,40.5
ALB,23,86.214,26.0,3.0,28.053,29.844,28.317,294.0,302.0,310.0,303.0,False,SOFT,16.0,False,Williams,0 days 01:10:53.689000,1,FP3,51.9,31.4,40.5
ALB,23,85.886,27.0,3.0,28.148,29.435,28.303,294.0,297.0,308.0,302.0,False,SOFT,17.0,False,Williams,0 days 01:12:19.903000,1,FP3,51.9,31.4,40.5
ALB,23,114.388,28.0,3.0,33.296,38.45,42.642,232.0,231.0,105.0,309.0,False,SOFT,18.0,False,Williams,0 days 01:13:45.789000,1,FP3,51.9,31.4,40.5
HUL,27,84.683,3.0,2.0,27.884,28.654,28.145,294.0,309.0,283.0,318.0,True,MEDIUM,3.0,False,Audi,0 days 00:29:51.525000,1,FP3,51.9,31.4,40.5
HUL,27,84.388,6.0,3.0,27.586,28.572,28.23,293.0,306.0,279.0,317.0,True,MEDIUM,6.0,False,Audi,0 days 00:35:32.960000,1,FP3,52.2,31.3,40.3
HUL,27,84.745,9.0,4.0,27.862,28.436,28.447,289.0,304.0,279.0,309.0,False,MEDIUM,9.0,False,Audi,0 days 00:41:44.587000,1,FP3,52.2,31.3,40.3
HUL,27,84.181,12.0,5.0,27.539,28.352,28.29,295.0,310.0,278.0,321.0,True,MEDIUM,12.0,False,Audi,0 days 00:47:54.357000,1,FP3,52.2,31.3,40.3
HUL,27,83.126,15.0,6.0,27.214,28.253,27.659,299.0,318.0,286.0,324.0,True,SOFT,2.0,True,Audi,0 days 01:00:44.536000,1,FP3,52.6,31.4,40.8
HUL,27,83.827,18.0,7.0,27.554,28.488,27.785,299.0,312.0,283.0,320.0,False,SOFT,5.0,False,Audi,0 days 01:06:17.554000,1,FP3,52.6,31.4,40.8
HUL,27,115.169,21.0,8.0,31.682,36.129,47.358,255.0,269.0,54.0,260.0,False,SOFT,8.0,False,Audi,0 days 01:14:15.379000,1,FP3,52.6,31.4,40.8
LAW,30,84.24,2.0,1.0,27.772,28.666,27.802,297.0,307.0,286.0,316.0,True,MEDIUM,2.0,True,Red Bull Racing,0 days 00:25:28.537000,1,FP3,52.6,31.4,40.8
LAW,30,125.493,3.0,1.0,49.078,44.009,32.406,127.0,256.0,292.0,194.0,False,MEDIUM,3.0,True,Red Bull Racing,0 days 00:26:52.777000,1,FP3,52.6,31.4,40.8
LAW,30,83.769,4.0,1.0,27.575,28.47,27.724,299.0,309.0,287.0,317.0,True,MEDIUM,4.0,True,Red Bull Racing,0 days 00:28:58.270000,1,FP3,52.6,31.4,40.8
LAW,30,130.991,5.0,1.0,38.724,45.939,46.328,136.0,214.0,184.0,232.0,False,MEDIUM,5.0,True,Red Bull Racing,0 days 00:30:22.039000,1,FP3,52.3,31.7,39.8
LAW,30,108.357,6.0,1.0,40.158,36.1,32.099,247.0,260.0,292.0,232.0,False,MEDIUM,6.0,True,Red Bull Racing,0 days 00:32:33.030000,1,FP3,52.3,31.7,39.8
LAW,30,87.4,9.0,2.0,28.74,29.786,28.874,286.0,309.0,303.0,309.0,False,MEDIUM,9.0,False,Red Bull Racing,0 days 00:46:29.178000,1,FP3,52.3,31.7,39.8
LAW,30,90.803,10.0,2.0,28.763,32.897,29.143,258.0,301.0,284.0,304.0,False,MEDIUM,10.0,False,Red Bull Racing,0 days 00:47:56.578000,1,FP3,52.3,31.7,39.8
LAW,30,87.569,11.0,2.0,28.852,29.883,28.834,288.0,303.0,306.0,304.0,False,MEDIUM,11.0,False,Red Bull Racing,0 days 00:49:27.381000,1,FP3,52.3,31.7,39.8
LAW,30,86.362,12.0,2.0,28.337,29.561,28.464,291.0,307.0,310.0,309.0,False,MEDIUM,12.0,False,Red Bull Racing,0 days 00:50:54.950000,1,FP3,52.3,31.7,39.8
LAW,30,86.658,13.0,2.0,28.465,29.573,28.62,287.0,302.0,304.0,308.0,False,MEDIUM,13.0,False,Red Bull Racing,0 days 00:52:21.312000,1,FP3,52.3,31.7,39.8
LAW,30,83.714,16.0,3.0,27.535,28.376,27.803,299.0,309.0,286.0,318.0,True,SOFT,2.0,True,Red Bull Racing,0 days 01:02:55.666000,1,FP3,52.5,31.8,39.2
LAW,30,124.586,17.0,3.0,46.763,45.918,31.905,119.0,256.0,294.0,224.0,False,SOFT,3.0,True,Red Bull Racing,0 days 01:04:19.380000,12,FP3,52.5,31.8,39.2
LAW,30,83.203,18.0,3.0,27.45,28.179,27.574,300.0,313.0,290.0,321.0,True,SOFT,4.0,True,Red Bull Racing,0 days 01:06:23.966000,1,FP3,52.5,31.8,39.2
LAW,30,96.828,21.0,4.0,29.879,35.381,31.568,257.0,223.0,292.0,321.0,False,SOFT,7.0,False,Red Bull Racing,0 days 01:12:29.369000,1,FP3,52.9,31.7,39.7
LAW,30,111.748,22.0,4.0,27.372,29.374,55.002,301.0,237.0,86.0,317.0,False,SOFT,8.0,False,Red Bull Racing,0 days 01:14:06.197000,1,FP3,52.9,31.7,39.7
OCO,31,86.547,2.0,1.0,28.379,29.399,28.769,292.0,301.0,276.0,316.0,True,MEDIUM,2.0,True,Haas F1 Team,0 days 00:24:55.456000,1,FP3,52.9,31.7,39.7
OCO,31,85.908,5.0,2.0,28.072,29.164,28.672,293.0,302.0,276.0,315.0,True,MEDIUM,5.0,False,Haas F1 Team,0 days 00:33:30.253000,12,FP3,52.6,31.9,39.2
OCO,31,85.478,8.0,3.0,27.788,29.286,28.404,293.0,297.0,278.0,318.0,True,MEDIUM,8.0,False,Haas F1 Team,0 days 00:42:05.418000,1,FP3,52.7,31.8,39.8
OCO,31,95.203,11.0,4.0,27.527,34.848,32.828,299.0,257.0,266.0,324.0,False,MEDIUM,11.0,False,Haas F1 Team,0 days 00:47:59.979000,1,FP3,52.7,31.8,39.8
OCO,31,85.091,14.0,5.0,27.891,28.914,28.286,290.0,302.0,277.0,312.0,True,MEDIUM,14.0,False,Haas F1 Team,0 days 00:53:22.162000,1,FP3,51.6,31.9,39.6
OCO,31,84.13,17.0,6.0,27.402,28.745,27.983,298.0,309.0,281.0,324.0,True,SOFT,2.0,True,Haas F1 Team,0 days 01:00:35.615000,1,FP3,51.6,31.9,39.6
OCO,31,84.02,20.0,7.0,27.461,28.644,27.915,299.0,305.0,281.0,320.0,True,SOFT,5.0,False,Haas F1 Team,0 days 01:06:15.414000,1,FP3,52.0,31.9,38.5
OCO,31,105.649,23.0,8.0,30.978,38.045,36.626,292.0,241.0,232.0,287.0,False,SOFT,8.0,False,Haas F1 Team,0 days 01:12:51.699000,1,FP3,52.1,31.7,39.6
OCO,31,122.987,24.0,8.0,37.478,37.508,48.001,209.0,235.0,66.0,185.0,False,SOFT,9.0,False,Haas F1 Team,0 days 01:14:37.348000,1,FP3,51.0,31.6,40.5
LIN,41,84.307,2.0,1.0,27.685,28.722,27.9,294.0,306.0,284.0,316.0,True,SOFT,2.0,True,Racing Bulls,0 days 00:29:44.645000,1,FP3,51.0,31.6,40.5
LIN,41,83.641,5.0,2.0,27.538,28.457,27.646,296.0,308.0,288.0,317.0,True,SOFT,5.0,False,Racing Bulls,0 days 00:40:27.623000,1,FP3,52.0,31.5,40.9
LIN,41,85.84,8.0,3.0,28.506,29.2,28.134,288.0,302.0,306.0,305.0,False,SOFT,8.0,False,Racing Bulls,0 days 00:45:50.124000,1,FP3,52.0,31.5,40.9
LIN,41,85.538,9.0,3.0,28.561,29.074,27.903,286.0,303.0,314.0,299.0,False,SOFT,9.0,False,Racing Bulls,0 days 00:47:15.964000,1,FP3,52.0,31.5,40.9
LIN,41,84.875,10.0,3.0,28.268,28.871,27.736,287.0,304.0,316.0,302.0,False,SOFT,10.0,False,Racing Bulls,0 days 00:48:41.502000,1,FP3,52.0,31.5,40.9
LIN,41,84.632,11.0,3.0,28.049,28.863,27.72,288.0,304.0,308.0,301.0,False,SOFT,11.0,False,Racing Bulls,0 days 00:50:06.377000,1,FP3,52.0,31.5,40.9
LIN,41,82.724,14.0,4.0,27.232,28.192,27.3,301.0,315.0,291.0,326.0,True,SOFT,2.0,True,Racing Bulls,0 days 01:00:46.625000,1,FP3,52.0,31.5,40.9
LIN,41,83.083,17.0,5.0,27.44,28.108,27.535,296.0,307.0,286.0,315.0,False,SOFT,5.0,False,Racing Bulls,0 days 01:08:54.138000,1,FP3,52.9,31.4,40.4
LIN,41,127.229,18.0,5.0,36.625,43.777,46.827,219.0,228.0,230.0,244.0,False,SOFT,6.0,False,Racing Bulls,0 days 01:10:17.221000,1,FP3,52.9,31.4,40.4
LIN,41,109.627,19.0,5.0,37.656,41.019,30.952,205.0,252.0,310.0,220.0,False,SOFT,7.0,False,Racing Bulls,0 days 01:12:24.450000,1,FP3,52.9,31.4,40.4
LIN,41,124.92,20.0,5.0,36.404,40.672,47.844,204.0,228.0,47.0,210.0,False,SOFT,8.0,False,Racing Bulls,0 days 01:14:14.077000,1,FP3,52.9,31.4,40.4
COL,43,86.561,2.0,1.0,28.268,29.22,29.073,295.0,310.0,275.0,320.0,True,MEDIUM,2.0,True,Alpine,0 days 00:18:31.486000,1,FP3,52.9,31.4,40.4
COL,43,129.407,3.0,1.0,48.05,48.08,33.277,168.0,189.0,296.0,147.0,True,MEDIUM,3.0,True,Alpine,0 days 00:19:58.047000,1,FP3,52.9,31.4,40.4
COL,43,84.733,4.0,1.0,27.477,28.77,28.486,294.0,309.0,278.0,320.0,True,MEDIUM,4.0,True,Alpine,0 days 00:22:07.454000,1,FP3,52.9,31.4,40.4
COL,43,136.785,5.0,1.0,49.533,48.209,39.043,132.0,146.0,299.0,172.0,False,MEDIUM,5.0,True,Alpine,0 days 00:23:32.187000,1,FP3,53.0,31.3,41.2
COL,43,83.766,6.0,1.0,27.408,28.319,28.039,297.0,315.0,283.0,320.0,True,MEDIUM,6.0,True,Alpine,0 days 00:25:48.972000,1,FP3,53.0,31.3,41.2
COL,43,86.521,9.0,2.0,28.48,29.333,28.708,293.0,302.0,301.0,295.0,False,MEDIUM,9.0,False,Alpine,0 days 00:38:19.072000,1,FP3,53.0,31.3,41.2
COL,43,85.492,10.0,2.0,28.062,28.921,28.509,292.0,305.0,304.0,309.0,False,MEDIUM,10.0,False,Alpine,0 days 00:39:45.593000,1,FP3,53.0,31.3,41.2
COL,43,85.536,11.0,2.0,28.138,28.977,28.421,291.0,301.0,310.0,308.0,False,MEDIUM,11.0,False,Alpine,0 days 00:41:11.085000,1,FP3,53.0,31.3,41.2
COL,43,85.483,12.0,2.0,28.243,29.007,28.233,291.0,300.0,318.0,308.0,False,MEDIUM,12.0,False,Alpine,0 days 00:42:36.621000,1,FP3,53.0,31.3,41.2
COL,43,84.492,13.0,2.0,27.739,28.833,27.92,298.0,313.0,324.0,319.0,False,MEDIUM,13.0,False,Alpine,0 days 00:44:02.104000,12,FP3,53.0,31.3,41.2
COL,43,85.083,14.0,2.0,28.067,29.05,27.966,296.0,309.0,313.0,285.0,False,MEDIUM,14.0,False,Alpine,0 days 00:45:26.596000,21,FP3,53.0,31.3,41.2
COL,43,85.061,15.0,2.0,28.102,29.049,27.91,291.0,303.0,303.0,303.0,False,MEDIUM,15.0,False,Alpine,0 days 00:46:51.679000,1,FP3,53.0,31.3,41.2
COL,43,83.101,18.0,3.0,27.098,28.174,27.829,299.0,318.0,285.0,322.0,True,SOFT,2.0,True,Alpine,0 days 01:01:26.374000,1,FP3,52.7,31.5,40.7
COL,43,83.726,21.0,4.0,27.583,28.222,27.921,299.0,319.0,285.0,330.0,False,SOFT,5.0,False,Alpine,0 days 01:12:31.522000,1,FP3,52.7,31.5,40.7
COL,43,127.538,22.0,4.0,38.153,38.846,50.539,209.0,239.0,91.0,166.0,False,SOFT,6.0,False,Alpine,0 days 01:13:55.248000,1,FP3,52.7,31.5,40.7
HAM,44,84.912,2.0,1.0,27.659,29.181,28.072,293.0,309.0,282.0,324.0,True,SOFT,2.0,True,Ferrari,0 days 00:30:07.922000,1,FP3,52.8,31.8,40.7
HAM,44,139.762,4.0,1.0,62.819,43.174,33.769,232.0,252.0,291.0,103.0,False,SOFT,4.0,True,Ferrari,0 days 00:34:12.129000,12,FP3,52.8,31.8,40.7
HAM,44,83.683,5.0,1.0,27.465,28.408,27.81,294.0,307.0,281.0,323.0,True,SOFT,5.0,True,Ferrari,0 days 00:36:31.891000,1,FP3,52.8,31.8,40.7
HAM,44,116.84,8.0,2.0,27.423,47.603,41.814,293.0,170.0,293.0,321.0,False,SOFT,8.0,False,Ferrari,0 days 00:43:32.913000,12,FP3,52.8,31.8,40.7
HAM,44,83.111,9.0,2.0,27.455,28.22,27.436,299.0,315.0,285.0,325.0,True,SOFT,9.0,False,Ferrari,0 days 00:45:29.753000,21,FP3,52.8,31.8,40.7
HAM,44,146.507,10.0,2.0,47.56,58.728,40.219,177.0,139.0,289.0,148.0,False,SOFT,10.0,False,Ferrari,0 days 00:46:52.864000,1,FP3,52.8,31.8,40.7
HAM,44,83.04,11.0,2.0,27.193,28.145,27.702,295.0,309.0,278.0,325.0,True,SOFT,11.0,False,Ferrari,0 days 00:49:19.371000,1,FP3,52.8,31.8,40.7
HAM,44,111.326,14.0,3.0,27.061,42.085,42.18,302.0,183.0,213.0,327.0,False,SOFT,2.0,True,Ferrari,0 days 01:03:11.138000,12,FP3,52.8,31.8,40.7
HAM,44,123.094,15.0,3.0,39.808,44.244,39.042,218.0,163.0,294.0,224.0,False,SOFT,3.0,True,Ferrari,0 days 01:05:02.464000,1,FP3,53.0,31.8,40.7
HAM,44,82.445,16.0,3.0,27.046,27.896,27.503,302.0,315.0,284.0,327.0,True,SOFT,4.0,True,Ferrari,0 days 01:07:05.558000,1,FP3,53.0,31.8,40.7
HAM,44,143.315,17.0,3.0,44.933,54.805,43.577,143.0,209.0,192.0,139.0,False,SOFT,5.0,True,Ferrari,0 days 01:08:28.003000,1,FP3,53.0,31.8,40.7
HAM,44,111.42,18.0,3.0,44.879,32.733,33.808,277.0,292.0,291.0,161.0,False,SOFT,6.0,True,Ferrari,0 days 01:10:51.318000,1,FP3,53.0,31.8,40.7
HAM,44,104.393,19.0,3.0,30.904,39.155,34.334,233.0,231.0,292.0,326.0,False,SOFT,7.0,True,Ferrari,0 days 01:12:42.738000,1,FP3,52.2,31.9,40.7
HAM,44,126.402,20.0,3.0,27.221,44.267,54.914,298.0,158.0,81.0,320.0,False,SOFT,8.0,True,Ferrari,0 days 01:14:27.131000,1,FP3,52.2,31.9,40.7
SAI,55,85.482,2.0,1.0,27.923,28.964,28.595,298.0,310.0,278.0,320.0,True,SOFT,2.0,True,Williams,0 days 00:18:56.143000,1,FP3,52.2,31.9,40.7
SAI,55,128.198,3.0,1.0,40.627,47.833,39.738,188.0,162.0,217.0,226.0,False,SOFT,3.0,True,Williams,0 days 00:20:21.625000,1,FP3,52.2,31.9,40.7
SAI,55,119.422,4.0,1.0,49.552,36.675,33.195,247.0,235.0,300.0,285.0,False,SOFT,4.0,True,Williams,0 days 00:22:29.823000,1,FP3,52.2,31.9,40.7
SAI,55,84.642,5.0,1.0,27.333,28.9,28.409,301.0,310.0,283.0,325.0,True,SOFT,5.0,True,Williams,0 days 00:24:29.245000,1,FP3,52.2,31.9,40.7
SAI,55,124.133,6.0,1.0,41.054,38.819,44.26,177.0,228.0,165.0,269.0,False,SOFT,6.0,True,Williams,0 days 00:25:53.887000,1,FP3,52.2,31.9,40.7
SAI,55,122.052,7.0,1.0,44.902,41.64,35.51,199.0,259.0,299.0,184.0,False,SOFT,7.0,True,Williams,0 days 00:27:58.020000,1,FP3,52.2,31.9,40.7
SAI,55,99.313,8.0,1.0,27.167,28.737,43.409,301.0,322.0,170.0,330.0,False,SOFT,8.0,True,Williams,0 days 00:30:00.072000,1,FP3,52.2,31.9,40.7
SAI,55,107.836,9.0,1.0,40.06,34.747,33.029,264.0,283.0,298.0,183.0,False,SOFT,9.0,True,Williams,0 days 00:31:39.385000,1,FP3,52.2,31.9,40.7
SAI,55,86.215,12.0,2.0,28.433,29.223,28.559,300.0,314.0,292.0,305.0,False,SOFT,12.0,False,Williams,0 days 00:39:49.516000,1,FP3,52.2,31.9,40.7
SAI,55,85.511,13.0,2.0,28.029,29.178,28.304,298.0,312.0,300.0,314.0,False,SOFT,13.0,False,Williams,0 days 00:41:15.731000,1,FP3,53.3,32.1,40.2
SAI,55,85.433,14.0,2.0,27.877,29.382,28.174,299.0,313.0,310.0,320.0,False,SOFT,14.0,False,Williams,0 days 00:42:41.242000,1,FP3,53.3,32.1,40.2
SAI,55,85.752,15.0,2.0,27.921,29.451,28.38,301.0,316.0,319.0,328.0,False,SOFT,15.0,False,Williams,0 days 00:44:06.675000,12,FP3,53.3,32.1,40.2
SAI,55,85.902,16.0,2.0,27.576,29.588,28.738,295.0,303.0,305.0,325.0,False,SOFT,16.0,False,Williams,0 days 00:45:32.427000,1,FP3,53.3,32.1,40.2
SAI,55,83.948,20.0,4.0,27.207,28.694,28.047,302.0,320.0,283.0,326.0,True,SOFT,2.0,True,Williams,0 days 01:00:28.985000,1,FP3,53.3,32.1,40.2
SAI,55,83.875,23.0,5.0,27.309,28.492,28.074,300.0,316.0,284.0,322.0,True,SOFT,5.0,False,Williams,0 days 01:06:07.388000,1,FP3,53.2,32.0,41.2
SAI,55,84.481,26.0,6.0,27.624,28.653,28.204,303.0,317.0,282.0,313.0,False,SOFT,8.0,False,Williams,0 days 01:12:57.606000,1,FP3,53.2,32.0,41.2
SAI,55,126.253,27.0,6.0,41.552,39.933,44.768,209.0,204.0,77.0,143.0,False,SOFT,9.0,False,Williams,0 days 01:14:22.087000,1,FP3,53.2,32.0,41.2
RUS,63,83.508,2.0,1.0,27.224,28.224,28.06,300.0,312.0,277.0,321.0,True,SOFT,2.0,True,Mercedes,0 days 00:37:53.123000,1,FP3,53.2,32.0,41.2
RUS,63,82.687,5.0,2.0,27.094,27.933,27.66,305.0,314.0,282.0,331.0,True,SOFT,5.0,False,Mercedes,0 days 00:46:19.053000,1,FP3,53.2,32.0,41.2
RUS,63,82.463,8.0,3.0,27.251,27.709,27.503,303.0,314.0,282.0,322.0,True,SOFT,2.0,True,Mercedes,0 days 00:55:23.056000,1,FP3,53.3,32.2,40.3
RUS,63,116.541,11.0,4.0,35.868,48.081,32.592,224.0,198.0,289.0,323.0,False,SOFT,5.0,False,Mercedes,0 days 01:04:50.159000,1,FP3,53.3,32.2,40.3
RUS,63,82.219,12.0,4.0,27.112,27.768,27.339,303.0,317.0,283.0,325.0,True,SOFT,6.0,False,Mercedes,0 days 01:06:46.700000,1,FP3,53.3,32.2,40.3
BOT,77,87.019,2.0,1.0,28.177,29.408,29.434,288.0,294.0,276.0,312.0,True,SOFT,2.0,True,Cadillac,0 days 00:25:04.680000,1,FP3,53.5,32.2,39.5
BOT,77,86.091,5.0,2.0,27.908,29.098,29.085,291.0,308.0,275.0,321.0,True,SOFT,5.0,False,Cadillac,0 days 00:31:42.722000,1,FP3,53.5,32.2,39.5
BOT,77,85.004,8.0,3.0,27.608,28.648,28.748,296.0,307.0,284.0,318.0,True,SOFT,8.0,False,Cadillac,0 days 00:44:50.139000,12,FP3,53.5,32.2,39.5
BOT,77,118.113,9.0,3.0,42.464,39.53,36.119,166.0,290.0,218.0,176.0,False,SOFT,9.0,False,Cadillac,0 days 00:46:15.143000,1,FP3,53.5,32.2,39.5
BOT,77,116.412,10.0,3.0,39.023,39.434,37.955,186.0,255.0,284.0,193.0,False,SOFT,10.0,False,Cadillac,0 days 00:48:13.256000,1,FP3,53.5,32.2,39.5
BOT,77,85.209,11.0,3.0,27.652,28.854,28.703,296.0,308.0,282.0,317.0,False,SOFT,11.0,False,Cadillac,0 days 00:50:09.668000,1,FP3,53.5,32.2,39.5
BOT,77,85.093,14.0,4.0,27.585,28.779,28.729,297.0,303.0,281.0,321.0,False,SOFT,2.0,True,Cadillac,0 days 01:03:01.300000,1,FP3,52.2,32.3,39.7
BOT,77,85.099,17.0,5.0,27.291,29.102,28.706,304.0,312.0,284.0,325.0,False,SOFT,5.0,False,Cadillac,0 days 01:09:00.924000,1,FP3,52.2,32.3,39.7
BOT,77,132.905,19.0,5.0,37.069,34.887,60.949,275.0,219.0,53.0,174.0,False,SOFT,7.0,False,Cadillac,0 days 01:13:06.409000,1,FP3,52.2,32.3,39.7
PIA,81,83.878,2.0,1.0,27.578,28.257,28.043,297.0,316.0,282.0,321.0,True,MEDIUM,2.0,True,McLaren,0 days 00:33:23.672000,12,FP3,52.2,32.3,39.7
PIA,81,119.519,3.0,1.0,42.267,40.65,36.602,206.0,208.0,212.0,173.0,False,MEDIUM,3.0,True,McLaren,0 days 00:34:47.550000,21,FP3,52.2,32.3,39.7
PIA,81,135.341,6.0,2.0,33.413,53.697,48.231,267.0,66.0,290.0,326.0,False,MEDIUM,6.0,False,McLaren,0 days 00:41:20.220000,1,FP3,52.2,32.3,39.7
PIA,81,83.672,7.0,2.0,27.462,28.03,28.18,296.0,312.0,282.0,327.0,True,MEDIUM,7.0,False,McLaren,0 days 00:43:35.561000,1,FP3,52.2,32.3,39.7
PIA,81,83.342,10.0,3.0,27.229,28.1,28.013,297.0,318.0,282.0,327.0,True,MEDIUM,10.0,False,McLaren,0 days 00:49:38.615000,1,FP3,52.8,32.2,40.4
PIA,81,100.606,14.0,5.0,27.063,35.44,38.103,303.0,228.0,227.0,337.0,False,SOFT,2.0,True,McLaren,0 days 01:03:07.443000,12,FP3,52.8,32.2,40.4
PIA,81,130.891,15.0,5.0,45.652,44.577,40.662,208.0,177.0,292.0,187.0,False,SOFT,3.0,True,McLaren,0 days 01:04:48.049000,1,FP3,52.8,32.2,40.4
PIA,81,83.022,16.0,5.0,27.422,27.86,27.74,298.0,313.0,283.0,327.0,True,SOFT,4.0,True,McLaren,0 days 01:06:58.940000,1,FP3,52.8,32.2,40.4
PIA,81,113.965,18.0,5.0,42.631,34.198,37.136,263.0,297.0,293.0,164.0,False,SOFT,6.0,True,McLaren,0 days 01:10:54.076000,1,FP3,52.8,32.2,40.4
PIA,81,82.773,19.0,5.0,26.981,27.883,27.909,300.0,318.0,287.0,331.0,True,SOFT,7.0,True,McLaren,0 days 01:12:48.041000,1,FP3,53.0,32.1,40.7
PIA,81,134.045,20.0,5.0,38.043,43.198,52.804,211.0,184.0,46.0,191.0,False,SOFT,8.0,True,McLaren,0 days 01:14:10.814000,1,FP3,53.0,32.1,40.7
BEA,87,84.922,2.0,1.0,28.077,28.667,28.178,287.0,301.0,280.0,311.0,True,MEDIUM,2.0,True,Haas F1 Team,0 days 00:24:52.833000,1,FP3,53.0,32.1,40.7
BEA,87,148.842,3.0,1.0,51.847,52.684,44.311,139.0,194.0,232.0,126.0,False,MEDIUM,3.0,True,Haas F1 Team,0 days 00:26:17.755000,1,FP3,53.0,32.1,40.7
BEA,87,108.671,4.0,1.0,36.522,38.643,33.506,140.0,284.0,283.0,232.0,False,MEDIUM,4.0,True,Haas F1 Team,0 days 00:28:46.597000,1,FP3,53.0,32.1,40.7
BEA,87,84.784,5.0,1.0,27.826,28.645,28.313,290.0,298.0,279.0,311.0,True,MEDIUM,5.0,True,Haas F1 Team,0 days 00:30:35.268000,1,FP3,52.8,32.2,40.5
BEA,87,118.351,8.0,2.0,27.796,52.603,37.952,289.0,71.0,285.0,316.0,False,MEDIUM,8.0,False,Haas F1 Team,0 days 00:42:02.742000,1,FP3,52.8,32.2,40.5
BEA,87,85.29,9.0,2.0,27.801,28.761,28.728,293.0,301.0,283.0,318.0,False,MEDIUM,9.0,False,Haas F1 Team,0 days 00:44:01.093000,12,FP3,52.8,32.2,40.5
BEA,87,84.663,12.0,3.0,27.831,28.713,28.119,291.0,301.0,280.0,315.0,True,MEDIUM,12.0,False,Haas F1 Team,0 days 00:50:54.188000,1,FP3,52.8,32.2,40.5
BEA,87,83.947,15.0,4.0,27.584,28.475,27.888,295.0,309.0,282.0,322.0,True,SOFT,2.0,True,Haas F1 Team,0 days 01:00:32.969000,1,FP3,52.1,32.2,39.7
BEA,87,83.95,18.0,5.0,27.593,28.463,27.894,294.0,308.0,281.0,320.0,False,SOFT,5.0,False,Haas F1 Team,0 days 01:06:12.567000,1,FP3,52.1,32.2,39.7
BEA,87,83.585,21.0,6.0,27.498,28.41,27.677,296.0,311.0,285.0,328.0,True,SOFT,8.0,False,Haas F1 Team,0 days 01:12:33.322000,1,FP3,52.1,32.2,39.7
BEA,87,126.404,22.0,6.0,39.967,37.199,49.238,222.0,242.0,61.0,148.0,False,SOFT,9.0,False,Haas F1 Team,0 days 01:13:56.907000,1,FP3,52.1,32.2,39.7
