Time,Driver,DriverNumber,LapTime,LapNumber,Stint,PitOutTime,PitInTime,Sector1Time,Sector2Time,Sector3Time,Sector1SessionTime,Sector2SessionTime,Sector3SessionTime,SpeedI1,SpeedI2,SpeedFL,SpeedST,IsPersonalBest,Compound,TyreLife,FreshTyre,Team,LapStartTime,LapStartDate,TrackStatus,Position,Deleted,DeletedReason,FastF1Generated,IsAccurate,Session,TrackTemp,AirTemp,Humidity
0 days 00:16:47.645000,NOR,1,,1.0,1.0,0 days 00:14:07.880000,,,0 days 00:00:34.065000,0 days 00:00:39.230000,,0 days 00:16:08.734000,0 days 00:16:47.750000,252.0,164.0,260.0,,False,MEDIUM,1.0,True,McLaren,0 days 00:14:07.880000,2026-07-24 11:31:03.473,1,,,,False,False,FP1,42.4,22.9,31.7
0 days 00:18:18.109000,NOR,1,0 days 00:01:30.464000,2.0,1.0,,,0 days 00:00:29.252000,0 days 00:00:35.391000,0 days 00:00:25.821000,0 days 00:17:16.897000,0 days 00:17:52.288000,0 days 00:18:18.109000,200.0,229.0,260.0,324.0,True,MEDIUM,2.0,True,McLaren,0 days 00:16:47.645000,2026-07-24 11:33:43.238,1,,,,False,True,FP1,42.4,22.9,31.7
0 days 00:19:40.513000,NOR,1,0 days 00:01:22.404000,3.0,1.0,,,0 days 00:00:28.523000,0 days 00:00:30.282000,0 days 00:00:23.599000,0 days 00:18:46.632000,0 days 00:19:16.914000,0 days 00:19:40.513000,302.0,236.0,255.0,318.0,True,MEDIUM,3.0,True,McLaren,0 days 00:18:18.109000,2026-07-24 11:35:13.702,1,,,,False,True,FP1,42.4,22.9,31.7
0 days 00:21:42.358000,NOR,1,0 days 00:02:01.845000,4.0,1.0,,,0 days 00:00:46.193000,0 days 00:00:44.495000,0 days 00:00:31.157000,0 days 00:20:26.706000,0 days 00:21:11.201000,0 days 00:21:42.358000,179.0,155.0,209.0,265.0,False,MEDIUM,4.0,True,McLaren,0 days 00:19:40.513000,2026-07-24 11:36:36.106,1,,,,False,True,FP1,42.4,22.9,31.7
0 days 00:23:33.170000,NOR,1,0 days 00:01:50.812000,5.0,1.0,,,0 days 00:00:37.577000,0 days 00:00:38.523000,0 days 00:00:34.712000,0 days 00:22:19.935000,0 days 00:22:58.458000,0 days 00:23:33.170000,184.0,117.0,261.0,263.0,False,MEDIUM,5.0,True,McLaren,0 days 00:21:42.358000,2026-07-24 11:38:37.951,1,,,,False,True,FP1,42.4,22.9,31.7
0 days 00:24:54.957000,NOR,1,0 days 00:01:21.787000,6.0,1.0,,,0 days 00:00:28.625000,0 days 00:00:29.754000,0 days 00:00:23.408000,0 days 00:24:01.795000,0 days 00:24:31.549000,0 days 00:24:54.957000,301.0,245.0,245.0,317.0,True,MEDIUM,6.0,True,McLaren,0 days 00:23:33.170000,2026-07-24 11:40:28.763,1,,,,False,True,FP1,42.4,22.9,31.7
0 days 00:27:02.762000,NOR,1,0 days 00:02:07.805000,7.0,1.0,,,0 days 00:00:47.423000,0 days 00:00:49.590000,0 days 00:00:30.792000,0 days 00:25:42.380000,0 days 00:26:31.970000,0 days 00:27:02.762000,139.0,153.0,260.0,237.0,False,MEDIUM,7.0,True,McLaren,0 days 00:24:54.957000,2026-07-24 11:41:50.550,1,,,,False,True,FP1,42.4,22.9,31.7
0 days 00:28:45.956000,NOR,1,0 days 00:01:43.194000,8.0,1.0,,,0 days 00:00:28.244000,0 days 00:00:38.121000,0 days 00:00:36.829000,0 days 00:27:31.006000,0 days 00:28:09.127000,0 days 00:28:45.956000,296.0,96.0,263.0,319.0,False,MEDIUM,8.0,True,McLaren,0 days 00:27:02.762000,2026-07-24 11:43:58.355,1,,,,False,True,FP1,42.4,22.9,31.7
0 days 00:30:28.301000,NOR,1,0 days 00:01:42.345000,9.0,1.0,,0 days 00:30:26.546000,0 days 00:00:34.696000,0 days 00:00:37.595000,0 days 00:00:30.054000,0 days 00:29:20.652000,0 days 00:29:58.247000,0 days 00:30:28.301000,243.0,234.0,,321.0,False,MEDIUM,9.0,True,McLaren,0 days 00:28:45.956000,2026-07-24 11:45:41.549,1,,,,False,False,FP1,42.4,22.9,31.7
0 days 00:40:17.274000,NOR,1,,10.0,2.0,0 days 00:38:41.386000,,,0 days 00:00:32.196000,0 days 00:00:28.184000,,0 days 00:39:49.143000,0 days 00:40:17.274000,238.0,226.0,263.0,321.0,False,SOFT,1.0,True,McLaren,0 days 00:30:28.301000,2026-07-24 11:47:23.894,1,,,,False,False,FP1,42.4,22.9,31.7
0 days 00:41:50.314000,NOR,1,0 days 00:01:33.040000,11.0,2.0,,0 days 00:41:47.890000,0 days 00:00:28.030000,0 days 00:00:29.141000,0 days 00:00:35.869000,0 days 00:40:45.304000,0 days 00:41:14.445000,0 days 00:41:50.314000,297.0,204.0,,319.0,False,SOFT,2.0,True,McLaren,0 days 00:40:17.274000,2026-07-24 11:57:12.867,1,,,,False,False,FP1,42.4,22.9,31.7
0 days 00:44:25.759000,NOR,1,,12.0,3.0,0 days 00:42:20.329000,,0 days 00:01:18.328000,0 days 00:00:49.631000,0 days 00:00:27.609000,0 days 00:43:08.806000,0 days 00:43:58.390000,0 days 00:44:25.816000,134.0,161.0,260.0,319.0,False,SOFT,3.0,False,McLaren,0 days 00:41:50.314000,2026-07-24 11:58:45.907,1,,,,False,False,FP1,42.4,22.9,31.7
0 days 00:45:46.783000,NOR,1,0 days 00:01:21.024000,13.0,3.0,,,0 days 00:00:28.234000,0 days 00:00:28.988000,0 days 00:00:23.802000,0 days 00:44:53.993000,0 days 00:45:22.981000,0 days 00:45:46.783000,296.0,248.0,209.0,319.0,True,SOFT,4.0,False,McLaren,0 days 00:44:25.759000,2026-07-24 12:01:21.352,1,,,,False,True,FP1,42.4,22.9,31.7
0 days 00:47:31.723000,NOR,1,0 days 00:01:44.940000,14.0,3.0,,0 days 00:47:29.915000,0 days 00:00:38.314000,0 days 00:00:36.409000,0 days 00:00:30.217000,0 days 00:46:25.097000,0 days 00:47:01.506000,0 days 00:47:31.723000,234.0,159.0,,180.0,False,SOFT,5.0,False,McLaren,0 days 00:45:46.783000,2026-07-24 12:02:42.376,1,,,,False,False,FP1,42.4,22.9,31.7
0 days 01:00:53.828000,NOR,1,,15.0,4.0,0 days 00:59:07.688000,,,0 days 00:00:31.248000,0 days 00:00:23.929000,,0 days 01:00:30.159000,0 days 01:00:53.917000,257.0,242.0,259.0,180.0,False,MEDIUM,10.0,False,McLaren,0 days 00:59:07.688000,2026-07-24 12:16:03.281,1,,,,False,False,FP1,42.4,22.9,31.7
0 days 01:02:18.205000,NOR,1,0 days 00:01:24.377000,16.0,4.0,,,0 days 00:00:29.211000,0 days 00:00:30.745000,0 days 00:00:24.421000,0 days 01:01:23.039000,0 days 01:01:53.784000,0 days 01:02:18.205000,284.0,235.0,261.0,312.0,False,MEDIUM,11.0,False,McLaren,0 days 01:00:53.828000,2026-07-24 12:17:49.421,12,,,,False,True,FP1,42.4,22.9,31.7
0 days 01:03:44.766000,NOR,1,0 days 00:01:26.561000,17.0,4.0,,,0 days 00:00:30.422000,0 days 00:00:31.279000,0 days 00:00:24.860000,0 days 01:02:48.627000,0 days 01:03:19.906000,0 days 01:03:44.766000,289.0,229.0,257.0,305.0,False,MEDIUM,12.0,False,McLaren,0 days 01:02:18.205000,2026-07-24 12:19:13.798,21,,,,False,True,FP1,42.4,22.9,31.7
0 days 01:05:13.643000,NOR,1,0 days 00:01:28.877000,18.0,4.0,,0 days 01:05:11.913000,0 days 00:00:29.411000,0 days 00:00:31.293000,0 days 00:00:28.173000,0 days 01:04:14.177000,0 days 01:04:45.470000,0 days 01:05:13.643000,287.0,226.0,,299.0,False,MEDIUM,13.0,False,McLaren,0 days 01:03:44.766000,2026-07-24 12:20:40.359,1,,,,False,False,FP1,40.8,22.8,31.4
0 days 01:07:03.707000,NOR,1,0 days 00:01:50.064000,19.0,5.0,0 days 01:05:35.415000,,0 days 00:00:54.071000,0 days 00:00:31.873000,0 days 00:00:24.120000,0 days 01:06:07.714000,0 days 01:06:39.587000,0 days 01:07:03.707000,257.0,238.0,258.0,299.0,False,SOFT,6.0,False,McLaren,0 days 01:05:13.643000,2026-07-24 12:22:09.236,1,,,,False,False,FP1,40.8,22.8,31.4
0 days 01:08:27.542000,NOR,1,0 days 00:01:23.835000,20.0,5.0,,,0 days 00:00:28.992000,0 days 00:00:30.782000,0 days 00:00:24.061000,0 days 01:07:32.699000,0 days 01:08:03.481000,0 days 01:08:27.542000,288.0,233.0,260.0,309.0,False,SOFT,7.0,False,McLaren,0 days 01:07:03.707000,2026-07-24 12:23:59.300,1,,,,False,True,FP1,40.8,22.8,31.4
0 days 01:09:53.546000,NOR,1,0 days 00:01:26.004000,21.0,5.0,,,0 days 00:00:29.394000,0 days 00:00:31.528000,0 days 00:00:25.082000,0 days 01:08:56.936000,0 days 01:09:28.464000,0 days 01:09:53.546000,288.0,238.0,263.0,308.0,False,SOFT,8.0,False,McLaren,0 days 01:08:27.542000,2026-07-24 12:25:23.135,1,,,,False,True,FP1,40.8,22.8,31.4
0 days 01:11:17.629000,NOR,1,0 days 00:01:24.083000,22.0,5.0,,,0 days 00:00:29.146000,0 days 00:00:30.665000,0 days 00:00:24.272000,0 days 01:10:22.692000,0 days 01:10:53.357000,0 days 01:11:17.629000,291.0,237.0,261.0,320.0,False,SOFT,9.0,False,McLaren,0 days 01:09:53.546000,2026-07-24 12:26:49.139,1,,,,False,True,FP1,40.9,22.9,31.7
0 days 01:12:43.564000,NOR,1,0 days 00:01:25.935000,23.0,5.0,,,0 days 00:00:29.487000,0 days 00:00:31.833000,0 days 00:00:24.615000,0 days 01:11:47.116000,0 days 01:12:18.949000,0 days 01:12:43.564000,271.0,238.0,263.0,322.0,False,SOFT,10.0,False,McLaren,0 days 01:11:17.629000,2026-07-24 12:28:13.222,1,,,,False,True,FP1,40.9,22.9,31.7
0 days 01:14:07.271000,NOR,1,0 days 00:01:23.707000,24.0,5.0,,,0 days 00:00:29.198000,0 days 00:00:30.468000,0 days 00:00:24.041000,0 days 01:13:12.762000,0 days 01:13:43.230000,0 days 01:14:07.271000,285.0,232.0,259.0,327.0,False,SOFT,11.0,False,McLaren,0 days 01:12:43.564000,2026-07-24 12:29:39.157,1,,,,False,True,FP1,40.9,22.9,31.7
0 days 01:16:42.971000,NOR,1,,25.0,5.0,,,0 days 00:00:36.729000,0 days 00:00:43.521000,0 days 00:01:15.438000,0 days 01:14:44.266000,0 days 01:15:27.732000,0 days 01:16:43.137000,151.0,170.0,111.0,253.0,False,SOFT,12.0,False,McLaren,0 days 01:14:07.271000,2026-07-24 12:31:02.864,1,,,,False,False,FP1,40.9,22.9,31.7
0 days 01:18:17.279000,NOR,1,0 days 00:01:34.308000,26.0,5.0,,0 days 01:18:15.415000,0 days 00:00:31.145000,0 days 00:00:32.939000,0 days 00:00:30.224000,0 days 01:17:14.116000,0 days 01:17:47.055000,0 days 01:18:17.279000,271.0,213.0,,275.0,False,SOFT,13.0,False,McLaren,0 days 01:16:42.971000,2026-07-24 12:33:38.564,1,,,,False,False,FP1,40.9,22.9,31.7
0 days 00:17:36.756000,VER,3,,1.0,1.0,0 days 00:16:03.032000,,,0 days 00:00:32.594000,0 days 00:00:26.834000,,0 days 00:17:10.164000,0 days 00:17:36.919000,237.0,228.0,262.0,,False,MEDIUM,1.0,True,Red Bull Racing,0 days 00:16:03.032000,2026-07-24 11:32:58.625,1,,,,False,False,FP1,40.9,22.9,31.7
0 days 00:19:07.260000,VER,3,0 days 00:01:30.504000,2.0,1.0,,,0 days 00:00:28.562000,0 days 00:00:29.556000,0 days 00:00:32.386000,0 days 00:18:05.318000,0 days 00:18:34.874000,0 days 00:19:07.260000,289.0,250.0,202.0,323.0,True,MEDIUM,2.0,True,Red Bull Racing,0 days 00:17:36.756000,2026-07-24 11:34:32.349,1,,,,False,True,FP1,40.9,22.9,31.7
0 days 00:20:55.541000,VER,3,0 days 00:01:48.281000,3.0,1.0,,,0 days 00:00:40.753000,0 days 00:00:42.546000,0 days 00:00:24.982000,0 days 00:19:48.013000,0 days 00:20:30.559000,0 days 00:20:55.541000,125.0,212.0,265.0,254.0,False,MEDIUM,3.0,True,Red Bull Racing,0 days 00:19:07.260000,2026-07-24 11:36:02.853,1,,,,False,True,FP1,40.9,22.9,31.7
0 days 00:22:16.329000,VER,3,0 days 00:01:20.788000,4.0,1.0,,,0 days 00:00:28.380000,0 days 00:00:29.238000,0 days 00:00:23.170000,0 days 00:21:23.921000,0 days 00:21:53.159000,0 days 00:22:16.329000,290.0,251.0,244.0,318.0,True,MEDIUM,4.0,True,Red Bull Racing,0 days 00:20:55.541000,2026-07-24 11:37:51.134,1,,,,False,True,FP1,40.9,22.9,31.7
0 days 00:24:28.684000,VER,3,0 days 00:02:12.355000,5.0,1.0,,,0 days 00:00:49.795000,0 days 00:00:48.237000,0 days 00:00:34.323000,0 days 00:23:06.124000,0 days 00:23:54.361000,0 days 00:24:28.684000,149.0,110.0,204.0,193.0,False,MEDIUM,5.0,True,Red Bull Racing,0 days 00:22:16.329000,2026-07-24 11:39:11.922,1,,,,False,True,FP1,40.9,22.9,31.7
0 days 00:26:12.458000,VER,3,0 days 00:01:43.774000,6.0,1.0,,,0 days 00:00:38.356000,0 days 00:00:35.003000,0 days 00:00:30.415000,0 days 00:25:07.040000,0 days 00:25:42.043000,0 days 00:26:12.458000,243.0,225.0,262.0,243.0,False,MEDIUM,6.0,True,Red Bull Racing,0 days 00:24:28.684000,2026-07-24 11:41:24.277,1,,,,False,True,FP1,40.9,22.9,31.7
0 days 00:27:33.265000,VER,3,0 days 00:01:20.807000,7.0,1.0,,,0 days 00:00:28.211000,0 days 00:00:29.169000,0 days 00:00:23.427000,0 days 00:26:40.669000,0 days 00:27:09.838000,0 days 00:27:33.265000,288.0,250.0,237.0,319.0,False,MEDIUM,7.0,True,Red Bull Racing,0 days 00:26:12.458000,2026-07-24 11:43:08.051,1,,,,False,True,FP1,40.9,22.9,31.7
0 days 00:29:13.007000,VER,3,0 days 00:01:39.742000,8.0,1.0,,0 days 00:29:11.245000,0 days 00:00:35.464000,0 days 00:00:35.082000,0 days 00:00:29.196000,0 days 00:28:08.729000,0 days 00:28:43.811000,0 days 00:29:13.007000,222.0,210.0,,207.0,False,MEDIUM,8.0,True,Red Bull Racing,0 days 00:27:33.265000,2026-07-24 11:44:28.858,1,,,,False,False,FP1,40.9,22.9,31.7
0 days 00:41:10.407000,VER,3,,9.0,2.0,0 days 00:39:39.080000,,,0 days 00:00:34.046000,0 days 00:00:24.533000,,0 days 00:40:46.062000,0 days 00:41:10.514000,249.0,226.0,263.0,207.0,False,SOFT,1.0,True,Red Bull Racing,0 days 00:29:13.007000,2026-07-24 11:46:08.600,1,,,,False,False,FP1,40.9,22.9,31.7
0 days 00:42:29.966000,VER,3,0 days 00:01:19.559000,10.0,2.0,,,0 days 00:00:28.031000,0 days 00:00:28.879000,0 days 00:00:22.649000,0 days 00:41:38.438000,0 days 00:42:07.317000,0 days 00:42:29.966000,286.0,252.0,256.0,318.0,True,SOFT,2.0,True,Red Bull Racing,0 days 00:41:10.407000,2026-07-24 11:58:06.000,1,,,,False,True,FP1,41.2,23.0,31.5
0 days 00:44:31.550000,VER,3,0 days 00:02:01.584000,11.0,2.0,,0 days 00:44:29.754000,0 days 00:00:45.329000,0 days 00:00:45.325000,0 days 00:00:30.930000,0 days 00:43:15.295000,0 days 00:44:00.620000,0 days 00:44:31.550000,147.0,170.0,,219.0,False,SOFT,3.0,True,Red Bull Racing,0 days 00:42:29.966000,2026-07-24 11:59:25.559,1,,,,False,False,FP1,41.2,23.0,31.5
0 days 00:58:45.165000,VER,3,,12.0,3.0,0 days 00:56:39.711000,,,0 days 00:00:33.347000,0 days 00:00:32.355000,,0 days 00:58:12.940000,0 days 00:58:45.217000,266.0,234.0,257.0,219.0,False,MEDIUM,9.0,False,Red Bull Racing,0 days 00:56:39.711000,2026-07-24 12:13:35.304,1,,,,False,False,FP1,41.2,23.0,31.5
0 days 01:00:09.896000,VER,3,0 days 00:01:24.731000,13.0,3.0,,,0 days 00:00:29.466000,0 days 00:00:31.230000,0 days 00:00:24.035000,0 days 00:59:14.631000,0 days 00:59:45.861000,0 days 01:00:09.896000,289.0,238.0,259.0,296.0,False,MEDIUM,10.0,False,Red Bull Racing,0 days 00:58:45.165000,2026-07-24 12:15:40.758,1,,,,False,True,FP1,41.2,23.0,31.5
0 days 01:01:34.609000,VER,3,0 days 00:01:24.713000,14.0,3.0,,,0 days 00:00:29.428000,0 days 00:00:30.991000,0 days 00:00:24.294000,0 days 01:00:39.324000,0 days 01:01:10.315000,0 days 01:01:34.609000,283.0,234.0,258.0,315.0,False,MEDIUM,11.0,False,Red Bull Racing,0 days 01:00:09.896000,2026-07-24 12:17:05.489,1,,,,False,True,FP1,41.2,23.0,31.5
0 days 01:02:59.691000,VER,3,0 days 00:01:25.082000,15.0,3.0,,,0 days 00:00:29.361000,0 days 00:00:31.276000,0 days 00:00:24.445000,0 days 01:02:03.970000,0 days 01:02:35.246000,0 days 01:02:59.691000,278.0,235.0,259.0,307.0,False,MEDIUM,12.0,False,Red Bull Racing,0 days 01:01:34.609000,2026-07-24 12:18:30.202,12,,,,False,True,FP1,41.2,23.0,31.5
0 days 01:04:26.316000,VER,3,0 days 00:01:26.625000,16.0,3.0,,,0 days 00:00:30.377000,0 days 00:00:31.508000,0 days 00:00:24.740000,0 days 01:03:30.068000,0 days 01:04:01.576000,0 days 01:04:26.316000,285.0,230.0,256.0,307.0,False,MEDIUM,13.0,False,Red Bull Racing,0 days 01:02:59.691000,2026-07-24 12:19:55.284,21,,,,False,True,FP1,41.2,23.0,31.5
0 days 01:05:51.935000,VER,3,0 days 00:01:25.619000,17.0,3.0,,,0 days 00:00:29.691000,0 days 00:00:31.263000,0 days 00:00:24.665000,0 days 01:04:56.007000,0 days 01:05:27.270000,0 days 01:05:51.935000,280.0,233.0,256.0,304.0,False,MEDIUM,14.0,False,Red Bull Racing,0 days 01:04:26.316000,2026-07-24 12:21:21.909,1,,,,False,True,FP1,41.2,23.0,31.5
0 days 01:07:18.327000,VER,3,0 days 00:01:26.392000,18.0,3.0,,,0 days 00:00:29.616000,0 days 00:00:31.410000,0 days 00:00:25.366000,0 days 01:06:21.551000,0 days 01:06:52.961000,0 days 01:07:18.327000,280.0,231.0,254.0,302.0,False,MEDIUM,15.0,False,Red Bull Racing,0 days 01:05:51.935000,2026-07-24 12:22:47.528,1,,,,False,True,FP1,41.2,23.0,31.5
0 days 01:08:44.442000,VER,3,0 days 00:01:26.115000,19.0,3.0,,,0 days 00:00:29.589000,0 days 00:00:31.595000,0 days 00:00:24.931000,0 days 01:07:47.916000,0 days 01:08:19.511000,0 days 01:08:44.442000,284.0,232.0,258.0,308.0,False,MEDIUM,16.0,False,Red Bull Racing,0 days 01:07:18.327000,2026-07-24 12:24:13.920,1,,,,False,True,FP1,41.2,23.0,31.5
0 days 01:10:10.238000,VER,3,0 days 00:01:25.796000,20.0,3.0,,,0 days 00:00:29.798000,0 days 00:00:31.335000,0 days 00:00:24.663000,0 days 01:09:14.240000,0 days 01:09:45.575000,0 days 01:10:10.238000,281.0,236.0,256.0,326.0,False,MEDIUM,17.0,False,Red Bull Racing,0 days 01:08:44.442000,2026-07-24 12:25:40.035,1,,,,False,True,FP1,41.2,23.0,31.5
0 days 01:11:35.696000,VER,3,0 days 00:01:25.458000,21.0,3.0,,,0 days 00:00:29.662000,0 days 00:00:31.251000,0 days 00:00:24.545000,0 days 01:10:39.900000,0 days 01:11:11.151000,0 days 01:11:35.696000,279.0,234.0,258.0,302.0,False,MEDIUM,18.0,False,Red Bull Racing,0 days 01:10:10.238000,2026-07-24 12:27:05.831,1,,,,False,True,FP1,41.2,23.0,31.5
0 days 01:13:00.802000,VER,3,0 days 00:01:25.106000,22.0,3.0,,,0 days 00:00:29.623000,0 days 00:00:31.054000,0 days 00:00:24.429000,0 days 01:12:05.319000,0 days 01:12:36.373000,0 days 01:13:00.802000,285.0,235.0,258.0,300.0,False,MEDIUM,19.0,False,Red Bull Racing,0 days 01:11:35.696000,2026-07-24 12:28:31.289,1,,,,False,True,FP1,41.2,23.0,31.5
0 days 01:14:26.441000,VER,3,0 days 00:01:25.639000,23.0,3.0,,,0 days 00:00:29.661000,0 days 00:00:31.328000,0 days 00:00:24.650000,0 days 01:13:30.463000,0 days 01:14:01.791000,0 days 01:14:26.441000,283.0,234.0,258.0,310.0,False,MEDIUM,20.0,False,Red Bull Racing,0 days 01:13:00.802000,2026-07-24 12:29:56.395,1,,,,False,True,FP1,41.2,23.0,31.5
0 days 01:16:35.860000,VER,3,0 days 00:02:09.419000,24.0,3.0,,,0 days 00:00:43.943000,0 days 00:00:42.528000,0 days 00:00:42.948000,0 days 01:15:10.384000,0 days 01:15:52.912000,0 days 01:16:35.860000,153.0,204.0,35.0,252.0,False,MEDIUM,21.0,False,Red Bull Racing,0 days 01:14:26.441000,2026-07-24 12:31:22.034,1,,,,False,True,FP1,40.3,23.0,31.5
0 days 01:18:44.712000,VER,3,0 days 00:02:08.852000,25.0,3.0,,0 days 01:18:42.887000,0 days 00:01:05.433000,0 days 00:00:34.401000,0 days 00:00:29.018000,0 days 01:17:41.293000,0 days 01:18:15.694000,0 days 01:18:44.712000,239.0,218.0,,261.0,False,MEDIUM,22.0,False,Red Bull Racing,0 days 01:16:35.860000,2026-07-24 12:33:31.453,1,,,,False,False,FP1,40.3,23.0,31.5
0 days 00:16:39.522000,BOR,5,,1.0,1.0,0 days 00:13:33.338000,0 days 00:16:37.640000,,0 days 00:00:39.417000,0 days 00:00:34.217000,,0 days 00:16:05.390000,0 days 00:16:39.522000,128.0,205.0,,,False,MEDIUM,1.0,True,Audi,0 days 00:13:33.338000,2026-07-24 11:30:28.931,1,,,,False,False,FP1,40.3,23.0,31.5
0 days 00:19:11.300000,BOR,5,,2.0,2.0,0 days 00:17:07.708000,0 days 00:19:09.471000,0 days 00:01:19.340000,0 days 00:00:39.165000,0 days 00:00:33.422000,0 days 00:17:58.890000,0 days 00:18:38.159000,0 days 00:19:11.300000,183.0,214.0,,,False,MEDIUM,2.0,False,Audi,0 days 00:16:39.522000,2026-07-24 11:33:35.115,1,,,,False,False,FP1,40.3,23.0,31.5
0 days 00:21:20.399000,BOR,5,0 days 00:02:09.099000,3.0,3.0,0 days 00:19:42.835000,,0 days 00:01:07.574000,0 days 00:00:34.670000,0 days 00:00:26.855000,0 days 00:20:18.874000,0 days 00:20:53.544000,0 days 00:21:20.399000,227.0,215.0,224.0,,False,MEDIUM,2.0,False,Audi,0 days 00:19:11.300000,2026-07-24 11:36:06.893,1,,,,False,False,FP1,40.3,23.0,31.5
0 days 00:22:53.985000,BOR,5,0 days 00:01:33.586000,4.0,3.0,,,0 days 00:00:33.207000,0 days 00:00:33.672000,0 days 00:00:26.707000,0 days 00:21:53.606000,0 days 00:22:27.278000,0 days 00:22:53.985000,237.0,224.0,261.0,248.0,True,MEDIUM,3.0,False,Audi,0 days 00:21:20.399000,2026-07-24 11:38:15.992,1,,,,False,True,FP1,40.3,23.0,31.5
0 days 00:24:17.911000,BOR,5,0 days 00:01:23.926000,5.0,3.0,,,0 days 00:00:29.202000,0 days 00:00:31.010000,0 days 00:00:23.714000,0 days 00:23:23.187000,0 days 00:23:54.197000,0 days 00:24:17.911000,284.0,237.0,255.0,319.0,True,MEDIUM,4.0,False,Audi,0 days 00:22:53.985000,2026-07-24 11:39:49.578,1,,,,False,True,FP1,40.3,23.0,31.5
0 days 00:26:07.161000,BOR,5,0 days 00:01:49.250000,6.0,3.0,,,0 days 00:00:37.679000,0 days 00:00:43.334000,0 days 00:00:28.237000,0 days 00:24:55.590000,0 days 00:25:38.924000,0 days 00:26:07.161000,169.0,146.0,261.0,286.0,False,MEDIUM,5.0,False,Audi,0 days 00:24:17.911000,2026-07-24 11:41:13.504,1,,,,False,True,FP1,40.3,23.0,31.5
0 days 00:27:29.341000,BOR,5,0 days 00:01:22.180000,7.0,3.0,,,0 days 00:00:28.699000,0 days 00:00:29.954000,0 days 00:00:23.527000,0 days 00:26:35.860000,0 days 00:27:05.814000,0 days 00:27:29.341000,292.0,242.0,253.0,320.0,True,MEDIUM,6.0,False,Audi,0 days 00:26:07.161000,2026-07-24 11:43:02.754,1,,,,False,True,FP1,40.3,23.0,31.5
0 days 00:29:20.214000,BOR,5,0 days 00:01:50.873000,8.0,3.0,,0 days 00:29:18.421000,0 days 00:00:36.874000,0 days 00:00:43.223000,0 days 00:00:30.776000,0 days 00:28:06.215000,0 days 00:28:49.438000,0 days 00:29:20.214000,178.0,177.0,,279.0,False,MEDIUM,7.0,False,Audi,0 days 00:27:29.341000,2026-07-24 11:44:24.934,1,,,,False,False,FP1,40.3,23.0,31.5
0 days 00:31:10.526000,BOR,5,0 days 00:01:50.312000,9.0,4.0,0 days 00:29:35.093000,,0 days 00:00:49.143000,0 days 00:00:35.576000,0 days 00:00:25.593000,0 days 00:30:09.357000,0 days 00:30:44.933000,0 days 00:31:10.526000,228.0,215.0,262.0,279.0,False,MEDIUM,9.0,False,Audi,0 days 00:29:20.214000,2026-07-24 11:46:15.807,1,,,,False,False,FP1,40.3,23.0,31.5
0 days 00:32:32.655000,BOR,5,0 days 00:01:22.129000,10.0,4.0,,,0 days 00:00:28.639000,0 days 00:00:29.944000,0 days 00:00:23.546000,0 days 00:31:39.165000,0 days 00:32:09.109000,0 days 00:32:32.655000,289.0,244.0,253.0,319.0,True,MEDIUM,10.0,False,Audi,0 days 00:31:10.526000,2026-07-24 11:48:06.119,1,,,,False,True,FP1,40.3,23.0,31.5
0 days 00:34:15.947000,BOR,5,0 days 00:01:43.292000,11.0,4.0,,0 days 00:34:14.210000,0 days 00:00:34.923000,0 days 00:00:38.135000,0 days 00:00:30.234000,0 days 00:33:07.578000,0 days 00:33:45.713000,0 days 00:34:15.947000,175.0,200.0,,275.0,False,MEDIUM,11.0,False,Audi,0 days 00:32:32.655000,2026-07-24 11:49:28.248,1,,,,False,False,FP1,39.3,23.1,31.0
0 days 00:36:16.072000,BOR,5,0 days 00:02:00.125000,12.0,5.0,0 days 00:34:40.044000,,0 days 00:00:58.449000,0 days 00:00:35.964000,0 days 00:00:25.712000,0 days 00:35:14.396000,0 days 00:35:50.360000,0 days 00:36:16.072000,228.0,206.0,261.0,275.0,False,MEDIUM,12.0,False,Audi,0 days 00:34:15.947000,2026-07-24 11:51:11.540,1,,,,False,False,FP1,39.3,23.1,31.0
0 days 00:37:37.497000,BOR,5,0 days 00:01:21.425000,13.0,5.0,,,0 days 00:00:28.493000,0 days 00:00:29.590000,0 days 00:00:23.342000,0 days 00:36:44.565000,0 days 00:37:14.155000,0 days 00:37:37.497000,294.0,246.0,254.0,318.0,True,MEDIUM,13.0,False,Audi,0 days 00:36:16.072000,2026-07-24 11:53:11.665,1,,,,False,True,FP1,39.3,23.1,31.0
0 days 00:39:25.584000,BOR,5,0 days 00:01:48.087000,14.0,5.0,,0 days 00:39:23.647000,0 days 00:00:35.521000,0 days 00:00:40.094000,0 days 00:00:32.472000,0 days 00:38:13.018000,0 days 00:38:53.112000,0 days 00:39:25.584000,192.0,179.0,,277.0,False,MEDIUM,14.0,False,Audi,0 days 00:37:37.497000,2026-07-24 11:54:33.090,1,,,,False,False,FP1,39.3,23.1,31.0
0 days 00:48:11.388000,BOR,5,,15.0,6.0,0 days 00:46:34.217000,,,0 days 00:00:35.841000,0 days 00:00:27.764000,,0 days 00:47:43.841000,0 days 00:48:11.400000,242.0,156.0,264.0,277.0,False,SOFT,1.0,True,Audi,0 days 00:39:25.584000,2026-07-24 11:56:21.177,1,,,,False,False,FP1,39.3,23.1,31.0
0 days 00:49:31.748000,BOR,5,0 days 00:01:20.360000,16.0,6.0,,,0 days 00:00:28.104000,0 days 00:00:29.150000,0 days 00:00:23.106000,0 days 00:48:39.492000,0 days 00:49:08.642000,0 days 00:49:31.748000,290.0,248.0,256.0,321.0,True,SOFT,2.0,True,Audi,0 days 00:48:11.388000,2026-07-24 12:05:06.981,12,,,,False,True,FP1,39.3,23.1,31.0
0 days 00:56:35.466000,BOR,5,,17.0,6.0,,0 days 00:51:43.044000,,,,,,,,,,281.0,False,SOFT,3.0,True,Audi,0 days 00:49:31.748000,2026-07-24 12:06:27.341,215,,,,False,False,FP1,39.3,23.1,31.0
0 days 00:58:40.221000,BOR,5,,18.0,7.0,0 days 00:56:35.466000,0 days 00:58:38.365000,,0 days 00:00:35.808000,0 days 00:00:30.321000,,0 days 00:58:10.095000,0 days 00:58:40.318000,202.0,223.0,,281.0,False,SOFT,4.0,False,Audi,0 days 00:56:35.466000,2026-07-24 12:13:31.059,1,,,,False,False,FP1,39.3,23.1,31.0
0 days 01:00:44.637000,BOR,5,0 days 00:02:04.416000,19.0,8.0,0 days 00:58:56.047000,,0 days 00:01:07.989000,0 days 00:00:32.247000,0 days 00:00:24.180000,0 days 00:59:48.210000,0 days 01:00:20.457000,0 days 01:00:44.637000,260.0,235.0,257.0,281.0,False,SOFT,5.0,False,Audi,0 days 00:58:40.221000,2026-07-24 12:15:35.814,1,,,,False,False,FP1,39.3,23.1,31.0
0 days 01:02:09.401000,BOR,5,0 days 00:01:24.764000,20.0,8.0,,,0 days 00:00:29.440000,0 days 00:00:31.250000,0 days 00:00:24.074000,0 days 01:01:14.077000,0 days 01:01:45.327000,0 days 01:02:09.401000,285.0,233.0,258.0,313.0,False,SOFT,6.0,False,Audi,0 days 01:00:44.637000,2026-07-24 12:17:40.230,12,,,,False,True,FP1,39.3,23.1,31.0
0 days 01:03:35.219000,BOR,5,0 days 00:01:25.818000,21.0,8.0,,,0 days 00:00:30.425000,0 days 00:00:31.192000,0 days 00:00:24.201000,0 days 01:02:39.826000,0 days 01:03:11.018000,0 days 01:03:35.219000,282.0,233.0,257.0,309.0,False,SOFT,7.0,False,Audi,0 days 01:02:09.401000,2026-07-24 12:19:04.994,21,,,,False,True,FP1,39.3,23.1,31.0
0 days 01:04:59.307000,BOR,5,0 days 00:01:24.088000,22.0,8.0,,,0 days 00:00:29.309000,0 days 00:00:30.887000,0 days 00:00:23.892000,0 days 01:04:04.528000,0 days 01:04:35.415000,0 days 01:04:59.307000,279.0,236.0,259.0,305.0,False,SOFT,8.0,False,Audi,0 days 01:03:35.219000,2026-07-24 12:20:30.812,1,,,,False,True,FP1,39.3,23.1,31.0
0 days 01:06:23.627000,BOR,5,0 days 00:01:24.320000,23.0,8.0,,,0 days 00:00:29.383000,0 days 00:00:30.864000,0 days 00:00:24.073000,0 days 01:05:28.690000,0 days 01:05:59.554000,0 days 01:06:23.627000,280.0,238.0,258.0,306.0,False,SOFT,9.0,False,Audi,0 days 01:04:59.307000,2026-07-24 12:21:54.900,1,,,,False,True,FP1,39.2,23.0,30.6
0 days 01:07:48.183000,BOR,5,0 days 00:01:24.556000,24.0,8.0,,,0 days 00:00:29.402000,0 days 00:00:30.902000,0 days 00:00:24.252000,0 days 01:06:53.029000,0 days 01:07:23.931000,0 days 01:07:48.183000,285.0,236.0,257.0,307.0,False,SOFT,10.0,False,Audi,0 days 01:06:23.627000,2026-07-24 12:23:19.220,1,,,,False,True,FP1,39.2,23.0,30.6
0 days 01:09:12.527000,BOR,5,0 days 00:01:24.344000,25.0,8.0,,,0 days 00:00:29.394000,0 days 00:00:30.708000,0 days 00:00:24.242000,0 days 01:08:17.577000,0 days 01:08:48.285000,0 days 01:09:12.527000,282.0,232.0,256.0,307.0,False,SOFT,11.0,False,Audi,0 days 01:07:48.183000,2026-07-24 12:24:43.776,1,,,,False,True,FP1,39.2,23.0,30.6
0 days 01:10:37.330000,BOR,5,0 days 00:01:24.803000,26.0,8.0,,,0 days 00:00:29.472000,0 days 00:00:30.849000,0 days 00:00:24.482000,0 days 01:09:41.999000,0 days 01:10:12.848000,0 days 01:10:37.330000,280.0,233.0,255.0,308.0,False,SOFT,12.0,False,Audi,0 days 01:09:12.527000,2026-07-24 12:26:08.120,1,,,,False,True,FP1,39.2,23.0,30.6
0 days 01:12:02.455000,BOR,5,0 days 00:01:25.125000,27.0,8.0,,,0 days 00:00:29.455000,0 days 00:00:31.175000,0 days 00:00:24.495000,0 days 01:11:06.785000,0 days 01:11:37.960000,0 days 01:12:02.455000,286.0,236.0,257.0,308.0,False,SOFT,13.0,False,Audi,0 days 01:10:37.330000,2026-07-24 12:27:32.923,1,,,,False,True,FP1,39.2,23.0,30.6
0 days 01:13:27.157000,BOR,5,0 days 00:01:24.702000,28.0,8.0,,,0 days 00:00:29.363000,0 days 00:00:30.842000,0 days 00:00:24.497000,0 days 01:12:31.818000,0 days 01:13:02.660000,0 days 01:13:27.157000,289.0,234.0,254.0,303.0,False,SOFT,14.0,False,Audi,0 days 01:12:02.455000,2026-07-24 12:28:58.048,1,,,,False,True,FP1,39.2,23.0,30.6
0 days 01:15:26.297000,BOR,5,0 days 00:01:59.140000,29.0,8.0,,,0 days 00:00:33.462000,0 days 00:00:48.048000,0 days 00:00:37.630000,0 days 01:14:00.619000,0 days 01:14:48.667000,0 days 01:15:26.297000,121.0,149.0,37.0,297.0,False,SOFT,15.0,False,Audi,0 days 01:13:27.157000,2026-07-24 12:30:22.750,1,,,,False,True,FP1,39.2,23.0,30.6
0 days 01:17:25.156000,BOR,5,0 days 00:01:58.859000,30.0,8.0,,0 days 01:17:23.292000,0 days 00:00:50.592000,0 days 00:00:38.033000,0 days 00:00:30.234000,0 days 01:16:16.889000,0 days 01:16:54.922000,0 days 01:17:25.156000,258.0,187.0,,262.0,False,SOFT,16.0,False,Audi,0 days 01:15:26.297000,2026-07-24 12:32:21.890,1,,,,False,False,FP1,39.2,23.0,30.6
0 days 00:15:06.598000,HAD,6,,1.0,1.0,0 days 00:13:15.003000,,,0 days 00:00:41.665000,0 days 00:00:31.453000,,0 days 00:14:35.359000,0 days 00:15:06.749000,246.0,160.0,223.0,,False,MEDIUM,1.0,True,Red Bull Racing,0 days 00:13:15.003000,2026-07-24 11:30:10.596,1,,,,False,False,FP1,39.2,23.0,30.6
0 days 00:16:41.549000,HAD,6,0 days 00:01:34.951000,2.0,1.0,,,0 days 00:00:34.900000,0 days 00:00:34.342000,0 days 00:00:25.709000,0 days 00:15:41.498000,0 days 00:16:15.840000,0 days 00:16:41.549000,271.0,218.0,253.0,263.0,True,MEDIUM,2.0,True,Red Bull Racing,0 days 00:15:06.598000,2026-07-24 11:32:02.191,1,,,,False,True,FP1,39.2,23.0,30.6
0 days 00:18:09.938000,HAD,6,0 days 00:01:28.389000,3.0,1.0,,,0 days 00:00:30.685000,0 days 00:00:32.837000,0 days 00:00:24.867000,0 days 00:17:12.234000,0 days 00:17:45.071000,0 days 00:18:09.938000,275.0,231.0,255.0,300.0,True,MEDIUM,3.0,True,Red Bull Racing,0 days 00:16:41.549000,2026-07-24 11:33:37.142,1,,,,False,True,FP1,39.2,23.0,30.6
0 days 00:19:48.271000,HAD,6,0 days 00:01:38.333000,4.0,1.0,,0 days 00:19:46.546000,0 days 00:00:31.036000,0 days 00:00:35.773000,0 days 00:00:31.524000,0 days 00:18:40.974000,0 days 00:19:16.747000,0 days 00:19:48.271000,262.0,217.0,,300.0,False,MEDIUM,4.0,True,Red Bull Racing,0 days 00:18:09.938000,2026-07-24 11:35:05.531,1,,,,False,False,FP1,39.2,23.0,30.6
0 days 00:32:36.188000,HAD,6,,5.0,2.0,0 days 00:30:57.877000,,,0 days 00:00:36.918000,0 days 00:00:25.079000,,0 days 00:32:11.377000,0 days 00:32:36.346000,238.0,230.0,263.0,300.0,False,MEDIUM,5.0,False,Red Bull Racing,0 days 00:19:48.271000,2026-07-24 11:36:43.864,1,,,,False,False,FP1,39.2,23.0,30.6
0 days 00:33:58.971000,HAD,6,0 days 00:01:22.783000,6.0,2.0,,,0 days 00:00:28.956000,0 days 00:00:30.107000,0 days 00:00:23.720000,0 days 00:33:05.144000,0 days 00:33:35.251000,0 days 00:33:58.971000,299.0,243.0,229.0,321.0,True,MEDIUM,6.0,False,Red Bull Racing,0 days 00:32:36.188000,2026-07-24 11:49:31.781,1,,,,False,True,FP1,39.0,22.9,31.4
0 days 00:35:55.173000,HAD,6,0 days 00:01:56.202000,7.0,2.0,,,0 days 00:00:38.228000,0 days 00:00:47.099000,0 days 00:00:30.875000,0 days 00:34:37.199000,0 days 00:35:24.298000,0 days 00:35:55.173000,216.0,104.0,260.0,211.0,False,MEDIUM,7.0,False,Red Bull Racing,0 days 00:33:58.971000,2026-07-24 11:50:54.564,1,,,,False,True,FP1,39.0,22.9,31.4
0 days 00:37:16.789000,HAD,6,0 days 00:01:21.616000,8.0,2.0,,,0 days 00:00:28.683000,0 days 00:00:29.444000,0 days 00:00:23.489000,0 days 00:36:23.856000,0 days 00:36:53.300000,0 days 00:37:16.789000,298.0,246.0,235.0,316.0,True,MEDIUM,8.0,False,Red Bull Racing,0 days 00:35:55.173000,2026-07-24 11:52:50.766,1,,,,False,True,FP1,39.0,22.9,31.4
0 days 00:39:09.475000,HAD,6,0 days 00:01:52.686000,9.0,2.0,,0 days 00:39:07.815000,0 days 00:00:43.533000,0 days 00:00:38.013000,0 days 00:00:31.140000,0 days 00:38:00.322000,0 days 00:38:38.335000,0 days 00:39:09.475000,213.0,189.0,,237.0,False,MEDIUM,9.0,False,Red Bull Racing,0 days 00:37:16.789000,2026-07-24 11:54:12.382,1,,,,False,False,FP1,39.0,22.9,31.4
0 days 00:46:24.791000,HAD,6,,10.0,3.0,0 days 00:44:55.392000,,,0 days 00:00:32.038000,0 days 00:00:24.583000,,0 days 00:46:00.517000,0 days 00:46:24.946000,218.0,233.0,264.0,237.0,False,SOFT,1.0,True,Red Bull Racing,0 days 00:39:09.475000,2026-07-24 11:56:05.068,1,,,,False,False,FP1,39.0,22.9,31.4
0 days 00:47:44.788000,HAD,6,0 days 00:01:19.997000,11.0,3.0,,,0 days 00:00:27.866000,0 days 00:00:29.016000,0 days 00:00:23.115000,0 days 00:46:52.657000,0 days 00:47:21.673000,0 days 00:47:44.788000,287.0,248.0,264.0,320.0,True,SOFT,2.0,True,Red Bull Racing,0 days 00:46:24.791000,2026-07-24 12:03:20.384,1,,,,False,True,FP1,39.0,22.9,31.4
0 days 00:49:47.325000,HAD,6,0 days 00:02:02.537000,12.0,3.0,,,0 days 00:00:48.782000,0 days 00:00:43.566000,0 days 00:00:30.189000,0 days 00:48:33.570000,0 days 00:49:17.136000,0 days 00:49:47.325000,130.0,164.0,183.0,226.0,False,SOFT,3.0,True,Red Bull Racing,0 days 00:47:44.788000,2026-07-24 12:04:40.381,12,,,,False,True,FP1,39.0,22.9,31.4
0 days 00:58:21.158000,HAD,6,,13.0,3.0,,0 days 00:51:59.576000,,,,,,,,,,237.0,False,SOFT,4.0,True,Red Bull Racing,0 days 00:49:47.325000,2026-07-24 12:06:42.918,251,,,,False,False,FP1,39.0,22.9,31.4
0 days 01:00:21.577000,HAD,6,,14.0,4.0,0 days 00:58:21.158000,,,0 days 00:00:31.955000,0 days 00:00:24.284000,,0 days 00:59:57.543000,0 days 01:00:21.577000,276.0,237.0,255.0,237.0,False,MEDIUM,10.0,False,Red Bull Racing,0 days 00:58:21.158000,2026-07-24 12:15:16.751,1,,,,False,False,FP1,39.0,22.9,31.4
0 days 01:01:46.895000,HAD,6,0 days 00:01:25.318000,15.0,4.0,,,0 days 00:00:29.478000,0 days 00:00:31.238000,0 days 00:00:24.602000,0 days 01:00:51.055000,0 days 01:01:22.293000,0 days 01:01:46.895000,288.0,234.0,257.0,315.0,False,MEDIUM,11.0,False,Red Bull Racing,0 days 01:00:21.577000,2026-07-24 12:17:17.170,1,,,,False,True,FP1,39.0,22.9,31.4
0 days 01:03:12.119000,HAD,6,0 days 00:01:25.224000,16.0,4.0,,,0 days 00:00:29.403000,0 days 00:00:31.299000,0 days 00:00:24.522000,0 days 01:02:16.298000,0 days 01:02:47.597000,0 days 01:03:12.119000,285.0,235.0,259.0,309.0,False,MEDIUM,12.0,False,Red Bull Racing,0 days 01:01:46.895000,2026-07-24 12:18:42.488,12,,,,False,True,FP1,40.3,22.9,31.2
0 days 01:04:37.475000,HAD,6,0 days 00:01:25.356000,17.0,4.0,,,0 days 00:00:29.502000,0 days 00:00:31.283000,0 days 00:00:24.571000,0 days 01:03:41.621000,0 days 01:04:12.904000,0 days 01:04:37.475000,284.0,234.0,258.0,306.0,False,MEDIUM,13.0,False,Red Bull Racing,0 days 01:03:12.119000,2026-07-24 12:20:07.712,1,,,,False,True,FP1,40.3,22.9,31.2
0 days 01:06:03.039000,HAD,6,0 days 00:01:25.564000,18.0,4.0,,,0 days 00:00:29.409000,0 days 00:00:31.256000,0 days 00:00:24.899000,0 days 01:05:06.884000,0 days 01:05:38.140000,0 days 01:06:03.039000,285.0,236.0,256.0,312.0,False,MEDIUM,14.0,False,Red Bull Racing,0 days 01:04:37.475000,2026-07-24 12:21:33.068,1,,,,False,True,FP1,40.3,22.9,31.2
0 days 01:07:31.569000,HAD,6,0 days 00:01:28.530000,19.0,4.0,,,0 days 00:00:29.557000,0 days 00:00:31.267000,0 days 00:00:27.706000,0 days 01:06:32.596000,0 days 01:07:03.863000,0 days 01:07:31.569000,288.0,235.0,251.0,306.0,False,MEDIUM,15.0,False,Red Bull Racing,0 days 01:06:03.039000,2026-07-24 12:22:58.632,1,,,,False,True,FP1,40.3,22.9,31.2
0 days 01:08:57.226000,HAD,6,0 days 00:01:25.657000,20.0,4.0,,,0 days 00:00:29.690000,0 days 00:00:31.277000,0 days 00:00:24.690000,0 days 01:08:01.259000,0 days 01:08:32.536000,0 days 01:08:57.226000,281.0,233.0,257.0,308.0,False,MEDIUM,16.0,False,Red Bull Racing,0 days 01:07:31.569000,2026-07-24 12:24:27.162,1,,,,False,True,FP1,40.3,22.9,31.2
0 days 01:10:22.433000,HAD,6,0 days 00:01:25.207000,21.0,4.0,,,0 days 00:00:29.581000,0 days 00:00:31.034000,0 days 00:00:24.592000,0 days 01:09:26.807000,0 days 01:09:57.841000,0 days 01:10:22.433000,285.0,236.0,258.0,303.0,False,MEDIUM,17.0,False,Red Bull Racing,0 days 01:08:57.226000,2026-07-24 12:25:52.819,1,,,,False,True,FP1,40.3,22.9,31.2
0 days 01:11:47.623000,HAD,6,0 days 00:01:25.190000,22.0,4.0,,,0 days 00:00:29.503000,0 days 00:00:31.154000,0 days 00:00:24.533000,0 days 01:10:51.936000,0 days 01:11:23.090000,0 days 01:11:47.623000,281.0,236.0,259.0,305.0,False,MEDIUM,18.0,False,Red Bull Racing,0 days 01:10:22.433000,2026-07-24 12:27:18.026,1,,,,False,True,FP1,40.3,22.9,31.2
0 days 01:13:12.829000,HAD,6,0 days 00:01:25.206000,23.0,4.0,,,0 days 00:00:29.586000,0 days 00:00:31.135000,0 days 00:00:24.485000,0 days 01:12:17.209000,0 days 01:12:48.344000,0 days 01:13:12.829000,283.0,237.0,259.0,314.0,False,MEDIUM,19.0,False,Red Bull Racing,0 days 01:11:47.623000,2026-07-24 12:28:43.216,1,,,,False,True,FP1,40.3,22.9,31.2
0 days 01:15:41.802000,HAD,6,0 days 00:02:28.973000,24.0,4.0,,,0 days 00:00:43.258000,0 days 00:00:52.214000,0 days 00:00:53.501000,0 days 01:13:56.087000,0 days 01:14:48.301000,0 days 01:15:41.802000,106.0,104.0,42.0,295.0,False,MEDIUM,20.0,False,Red Bull Racing,0 days 01:13:12.829000,2026-07-24 12:30:08.422,1,,,,False,True,FP1,40.3,22.9,31.2
0 days 01:17:46.489000,HAD,6,0 days 00:02:04.687000,25.0,4.0,,0 days 01:17:44.696000,0 days 00:01:03.764000,0 days 00:00:32.329000,0 days 00:00:28.594000,0 days 01:16:45.566000,0 days 01:17:17.895000,0 days 01:17:46.489000,277.0,218.0,,261.0,False,MEDIUM,21.0,False,Red Bull Racing,0 days 01:15:41.802000,2026-07-24 12:32:37.395,1,,,,False,False,FP1,39.9,22.9,30.7
0 days 00:17:09.221000,GAS,10,,1.0,1.0,0 days 00:15:27.840000,,,0 days 00:00:38.796000,0 days 00:00:25.594000,,0 days 00:16:43.833000,0 days 00:17:09.319000,257.0,205.0,219.0,,False,MEDIUM,1.0,True,Alpine,0 days 00:15:27.840000,2026-07-24 11:32:23.433,1,,,,False,False,FP1,39.9,22.9,30.7
0 days 00:18:51.529000,GAS,10,0 days 00:01:42.308000,2.0,1.0,,,0 days 00:00:37.074000,0 days 00:00:35.588000,0 days 00:00:29.646000,0 days 00:17:46.295000,0 days 00:18:21.883000,0 days 00:18:51.529000,234.0,215.0,260.0,263.0,True,MEDIUM,2.0,True,Alpine,0 days 00:17:09.221000,2026-07-24 11:34:04.814,1,,,,False,True,FP1,39.9,22.9,30.7
0 days 00:20:16.078000,GAS,10,0 days 00:01:24.549000,3.0,1.0,,,0 days 00:00:28.987000,0 days 00:00:31.495000,0 days 00:00:24.067000,0 days 00:19:20.516000,0 days 00:19:52.011000,0 days 00:20:16.078000,291.0,232.0,251.0,323.0,True,MEDIUM,3.0,True,Alpine,0 days 00:18:51.529000,2026-07-24 11:35:47.122,1,,,,False,True,FP1,39.9,22.9,30.7
0 days 00:22:06.605000,GAS,10,0 days 00:01:50.527000,4.0,1.0,,,0 days 00:00:42.127000,0 days 00:00:42.185000,0 days 00:00:26.215000,0 days 00:20:58.205000,0 days 00:21:40.390000,0 days 00:22:06.605000,211.0,167.0,263.0,283.0,False,MEDIUM,4.0,True,Alpine,0 days 00:20:16.078000,2026-07-24 11:37:11.671,1,,,,False,True,FP1,39.9,22.9,30.7
0 days 00:23:29.299000,GAS,10,0 days 00:01:22.694000,5.0,1.0,,,0 days 00:00:28.584000,0 days 00:00:30.439000,0 days 00:00:23.671000,0 days 00:22:35.189000,0 days 00:23:05.628000,0 days 00:23:29.299000,288.0,239.0,249.0,323.0,True,MEDIUM,5.0,True,Alpine,0 days 00:22:06.605000,2026-07-24 11:39:02.198,1,,,,False,True,FP1,39.9,22.9,30.7
0 days 00:25:19.789000,GAS,10,0 days 00:01:50.490000,6.0,1.0,,0 days 00:25:17.984000,0 days 00:00:41.858000,0 days 00:00:36.770000,0 days 00:00:31.862000,0 days 00:24:11.157000,0 days 00:24:47.927000,0 days 00:25:19.789000,237.0,199.0,,267.0,False,MEDIUM,6.0,True,Alpine,0 days 00:23:29.299000,2026-07-24 11:40:24.892,1,,,,False,False,FP1,39.9,22.9,30.7
0 days 00:27:42.961000,GAS,10,0 days 00:02:23.172000,7.0,2.0,0 days 00:26:08.118000,,0 days 00:01:21.613000,0 days 00:00:35.671000,0 days 00:00:25.888000,0 days 00:26:41.402000,0 days 00:27:17.073000,0 days 00:27:42.961000,237.0,208.0,265.0,267.0,False,MEDIUM,7.0,False,Alpine,0 days 00:25:19.789000,2026-07-24 11:42:15.382,1,,,,False,False,FP1,39.9,22.9,30.7
0 days 00:29:06.498000,GAS,10,0 days 00:01:23.537000,8.0,2.0,,,0 days 00:00:28.870000,0 days 00:00:30.777000,0 days 00:00:23.890000,0 days 00:28:11.831000,0 days 00:28:42.608000,0 days 00:29:06.498000,288.0,241.0,253.0,321.0,False,MEDIUM,8.0,False,Alpine,0 days 00:27:42.961000,2026-07-24 11:44:38.554,1,,,,False,True,FP1,39.9,22.9,30.7
0 days 00:30:59.446000,GAS,10,0 days 00:01:52.948000,9.0,2.0,,,0 days 00:00:44.067000,0 days 00:00:43.207000,0 days 00:00:25.674000,0 days 00:29:50.565000,0 days 00:30:33.772000,0 days 00:30:59.446000,158.0,201.0,264.0,280.0,False,MEDIUM,9.0,False,Alpine,0 days 00:29:06.498000,2026-07-24 11:46:02.091,1,,,,False,True,FP1,39.9,22.9,30.7
0 days 00:32:23.735000,GAS,10,0 days 00:01:24.289000,10.0,2.0,,,0 days 00:00:29.027000,0 days 00:00:31.161000,0 days 00:00:24.101000,0 days 00:31:28.473000,0 days 00:31:59.634000,0 days 00:32:23.735000,289.0,240.0,248.0,322.0,False,MEDIUM,10.0,False,Alpine,0 days 00:30:59.446000,2026-07-24 11:47:55.039,1,,,,False,True,FP1,39.9,22.9,30.7
0 days 00:34:10.136000,GAS,10,0 days 00:01:46.401000,11.0,2.0,,0 days 00:34:08.315000,0 days 00:00:35.637000,0 days 00:00:39.243000,0 days 00:00:31.521000,0 days 00:32:59.372000,0 days 00:33:38.615000,0 days 00:34:10.136000,198.0,226.0,,265.0,False,MEDIUM,11.0,False,Alpine,0 days 00:32:23.735000,2026-07-24 11:49:19.328,1,,,,False,False,FP1,40.0,22.9,30.6
0 days 00:36:37.986000,GAS,10,0 days 00:02:27.850000,12.0,3.0,0 days 00:34:57.924000,,0 days 00:01:23.670000,0 days 00:00:38.487000,0 days 00:00:25.693000,0 days 00:35:33.806000,0 days 00:36:12.293000,0 days 00:36:37.986000,238.0,206.0,263.0,265.0,False,MEDIUM,12.0,False,Alpine,0 days 00:34:10.136000,2026-07-24 11:51:05.729,1,,,,False,False,FP1,40.0,22.9,30.6
0 days 00:38:01.136000,GAS,10,0 days 00:01:23.150000,13.0,3.0,,,0 days 00:00:28.857000,0 days 00:00:30.534000,0 days 00:00:23.759000,0 days 00:37:06.843000,0 days 00:37:37.377000,0 days 00:38:01.136000,290.0,242.0,250.0,322.0,False,MEDIUM,13.0,False,Alpine,0 days 00:36:37.986000,2026-07-24 11:53:33.579,1,,,,False,True,FP1,40.0,22.9,30.6
0 days 00:39:50.340000,GAS,10,0 days 00:01:49.204000,14.0,3.0,,,0 days 00:00:43.824000,0 days 00:00:39.290000,0 days 00:00:26.090000,0 days 00:38:44.960000,0 days 00:39:24.250000,0 days 00:39:50.340000,197.0,207.0,258.0,215.0,False,MEDIUM,14.0,False,Alpine,0 days 00:38:01.136000,2026-07-24 11:54:56.729,1,,,,False,True,FP1,40.0,22.9,30.6
0 days 00:41:23.809000,GAS,10,0 days 00:01:33.469000,15.0,3.0,,0 days 00:41:22.015000,0 days 00:00:28.805000,0 days 00:00:32.226000,0 days 00:00:32.438000,0 days 00:40:19.145000,0 days 00:40:51.371000,0 days 00:41:23.809000,293.0,181.0,,319.0,False,MEDIUM,15.0,False,Alpine,0 days 00:39:50.340000,2026-07-24 11:56:45.933,1,,,,False,False,FP1,40.0,22.9,30.6
0 days 00:56:15.297000,GAS,10,,16.0,4.0,0 days 00:48:35.081000,0 days 00:52:06.357000,,0 days 00:00:35.144000,,,0 days 00:49:44.389000,,233.0,205.0,,,False,SOFT,1.0,True,Alpine,0 days 00:41:23.809000,2026-07-24 11:58:19.402,125,,,,False,False,FP1,40.0,22.9,30.6
0 days 00:57:51.155000,GAS,10,,17.0,5.0,0 days 00:56:15.297000,,,0 days 00:00:34.626000,0 days 00:00:25.271000,,0 days 00:57:26.032000,0 days 00:57:51.311000,242.0,215.0,266.0,319.0,False,SOFT,2.0,False,Alpine,0 days 00:56:15.297000,2026-07-24 12:13:10.890,1,,,,False,False,FP1,40.0,22.9,30.6
0 days 00:59:12.859000,GAS,10,0 days 00:01:21.704000,18.0,5.0,,,0 days 00:00:28.558000,0 days 00:00:29.880000,0 days 00:00:23.266000,0 days 00:58:19.713000,0 days 00:58:49.593000,0 days 00:59:12.859000,291.0,240.0,245.0,319.0,True,SOFT,3.0,False,Alpine,0 days 00:57:51.155000,2026-07-24 12:14:46.748,1,,,,False,True,FP1,40.0,22.9,30.6
0 days 01:01:19.424000,GAS,10,0 days 00:02:06.565000,19.0,5.0,,,0 days 00:00:48.021000,0 days 00:00:44.128000,0 days 00:00:34.416000,0 days 01:00:00.880000,0 days 01:00:45.008000,0 days 01:01:19.424000,151.0,141.0,170.0,259.0,False,SOFT,4.0,False,Alpine,0 days 00:59:12.859000,2026-07-24 12:16:08.452,1,,,,False,True,FP1,40.0,22.9,30.6
0 days 01:03:04.946000,GAS,10,0 days 00:01:45.522000,20.0,5.0,,,0 days 00:00:36.369000,0 days 00:00:43.193000,0 days 00:00:25.960000,0 days 01:01:55.793000,0 days 01:02:38.986000,0 days 01:03:04.946000,232.0,177.0,264.0,235.0,False,SOFT,5.0,False,Alpine,0 days 01:01:19.424000,2026-07-24 12:18:15.017,12,,,,False,True,FP1,40.0,22.9,30.6
0 days 01:04:27.534000,GAS,10,0 days 00:01:22.588000,21.0,5.0,,,0 days 00:00:28.498000,0 days 00:00:30.228000,0 days 00:00:23.862000,0 days 01:03:33.444000,0 days 01:04:03.672000,0 days 01:04:27.534000,290.0,240.0,249.0,321.0,False,SOFT,6.0,False,Alpine,0 days 01:03:04.946000,2026-07-24 12:20:00.539,1,,,,False,True,FP1,39.3,22.9,30.6
0 days 01:06:06.403000,GAS,10,0 days 00:01:38.869000,22.0,5.0,,,0 days 00:00:32.338000,0 days 00:00:36.003000,0 days 00:00:30.528000,0 days 01:04:59.872000,0 days 01:05:35.875000,0 days 01:06:06.403000,247.0,143.0,258.0,282.0,False,SOFT,7.0,False,Alpine,0 days 01:04:27.534000,2026-07-24 12:21:23.127,1,,,,False,True,FP1,39.3,22.9,30.6
0 days 01:07:32.121000,GAS,10,0 days 00:01:25.718000,23.0,5.0,,,0 days 00:00:29.415000,0 days 00:00:31.977000,0 days 00:00:24.326000,0 days 01:06:35.818000,0 days 01:07:07.795000,0 days 01:07:32.121000,283.0,232.0,266.0,313.0,False,SOFT,8.0,False,Alpine,0 days 01:06:06.403000,2026-07-24 12:23:01.996,1,,,,False,True,FP1,39.3,22.9,30.6
0 days 01:09:00.529000,GAS,10,0 days 00:01:28.408000,24.0,5.0,,,0 days 00:00:29.473000,0 days 00:00:31.890000,0 days 00:00:27.045000,0 days 01:08:01.594000,0 days 01:08:33.484000,0 days 01:09:00.529000,270.0,234.0,263.0,322.0,False,SOFT,9.0,False,Alpine,0 days 01:07:32.121000,2026-07-24 12:24:27.714,1,,,,False,True,FP1,39.3,22.9,30.6
0 days 01:10:25.447000,GAS,10,0 days 00:01:24.918000,25.0,5.0,,,0 days 00:00:29.273000,0 days 00:00:31.357000,0 days 00:00:24.288000,0 days 01:09:29.802000,0 days 01:10:01.159000,0 days 01:10:25.447000,287.0,234.0,262.0,315.0,False,SOFT,10.0,False,Alpine,0 days 01:09:00.529000,2026-07-24 12:25:56.122,1,,,,False,True,FP1,39.3,22.9,30.6
0 days 01:11:50.024000,GAS,10,0 days 00:01:24.577000,26.0,5.0,,,0 days 00:00:29.105000,0 days 00:00:31.275000,0 days 00:00:24.197000,0 days 01:10:54.552000,0 days 01:11:25.827000,0 days 01:11:50.024000,293.0,235.0,264.0,319.0,False,SOFT,11.0,False,Alpine,0 days 01:10:25.447000,2026-07-24 12:27:21.040,1,,,,False,True,FP1,39.3,22.9,30.6
0 days 01:13:14.945000,GAS,10,0 days 00:01:24.921000,27.0,5.0,,,0 days 00:00:29.042000,0 days 00:00:31.529000,0 days 00:00:24.350000,0 days 01:12:19.066000,0 days 01:12:50.595000,0 days 01:13:14.945000,288.0,234.0,263.0,321.0,False,SOFT,12.0,False,Alpine,0 days 01:11:50.024000,2026-07-24 12:28:45.617,1,,,,False,True,FP1,39.3,22.9,30.6
0 days 01:15:08.461000,GAS,10,0 days 00:01:53.516000,28.0,5.0,,,0 days 00:00:36.810000,0 days 00:00:40.300000,0 days 00:00:36.406000,0 days 01:13:51.755000,0 days 01:14:32.055000,0 days 01:15:08.461000,135.0,200.0,68.0,321.0,False,SOFT,13.0,False,Alpine,0 days 01:13:14.945000,2026-07-24 12:30:10.538,1,,,,False,True,FP1,39.3,22.9,30.6
0 days 01:17:10.534000,GAS,10,0 days 00:02:02.073000,29.0,5.0,,0 days 01:17:08.729000,0 days 00:01:00.017000,0 days 00:00:33.376000,0 days 00:00:28.680000,0 days 01:16:08.478000,0 days 01:16:41.854000,0 days 01:17:10.534000,270.0,221.0,,262.0,False,SOFT,14.0,False,Alpine,0 days 01:15:08.461000,2026-07-24 12:32:04.054,1,,,,False,False,FP1,39.3,22.9,30.6
0 days 00:15:08.030000,PER,11,,1.0,1.0,0 days 00:13:29.186000,,,0 days 00:00:36.790000,0 days 00:00:27.268000,,0 days 00:14:40.989000,0 days 00:15:08.161000,212.0,223.0,256.0,,False,HARD,1.0,True,Cadillac,0 days 00:13:29.186000,2026-07-24 11:30:24.779,1,,,,False,False,FP1,39.3,22.9,30.6
0 days 00:16:34.527000,PER,11,0 days 00:01:26.497000,2.0,1.0,,,0 days 00:00:30.201000,0 days 00:00:31.913000,0 days 00:00:24.383000,0 days 00:15:38.231000,0 days 00:16:10.144000,0 days 00:16:34.527000,267.0,229.0,258.0,314.0,True,HARD,2.0,True,Cadillac,0 days 00:15:08.030000,2026-07-24 11:32:03.623,1,,,,False,True,FP1,39.3,22.9,30.6
0 days 00:18:27.815000,PER,11,0 days 00:01:53.288000,3.0,1.0,,,0 days 00:00:41.437000,0 days 00:00:43.895000,0 days 00:00:27.956000,0 days 00:17:15.964000,0 days 00:17:59.859000,0 days 00:18:27.815000,108.0,220.0,259.0,214.0,False,HARD,3.0,True,Cadillac,0 days 00:16:34.527000,2026-07-24 11:33:30.120,1,,,,False,True,FP1,39.3,22.9,30.6
0 days 00:19:51.519000,PER,11,0 days 00:01:23.704000,4.0,1.0,,,0 days 00:00:29.153000,0 days 00:00:30.865000,0 days 00:00:23.686000,0 days 00:18:56.968000,0 days 00:19:27.833000,0 days 00:19:51.519000,291.0,240.0,253.0,315.0,True,HARD,4.0,True,Cadillac,0 days 00:18:27.815000,2026-07-24 11:35:23.408,1,,,,False,True,FP1,40.4,22.8,31.0
0 days 00:21:35.315000,PER,11,0 days 00:01:43.796000,5.0,1.0,,,0 days 00:00:37.063000,0 days 00:00:39.085000,0 days 00:00:27.648000,0 days 00:20:28.582000,0 days 00:21:07.667000,0 days 00:21:35.315000,201.0,211.0,259.0,226.0,False,HARD,5.0,True,Cadillac,0 days 00:19:51.519000,2026-07-24 11:36:47.112,1,,,,False,True,FP1,40.4,22.8,31.0
0 days 00:22:58.963000,PER,11,0 days 00:01:23.648000,6.0,1.0,,,0 days 00:00:29.016000,0 days 00:00:30.831000,0 days 00:00:23.801000,0 days 00:22:04.331000,0 days 00:22:35.162000,0 days 00:22:58.963000,291.0,239.0,258.0,315.0,True,HARD,6.0,True,Cadillac,0 days 00:21:35.315000,2026-07-24 11:38:30.908,1,,,,False,True,FP1,40.4,22.8,31.0
0 days 00:24:57.793000,PER,11,0 days 00:01:58.830000,7.0,1.0,,,0 days 00:00:43.792000,0 days 00:00:41.765000,0 days 00:00:33.273000,0 days 00:23:42.755000,0 days 00:24:24.520000,0 days 00:24:57.793000,187.0,192.0,260.0,194.0,False,HARD,7.0,True,Cadillac,0 days 00:22:58.963000,2026-07-24 11:39:54.556,1,,,,False,True,FP1,40.4,22.8,31.0
0 days 00:26:22.736000,PER,11,0 days 00:01:24.943000,8.0,1.0,,,0 days 00:00:29.151000,0 days 00:00:30.896000,0 days 00:00:24.896000,0 days 00:25:26.944000,0 days 00:25:57.840000,0 days 00:26:22.736000,291.0,241.0,253.0,317.0,False,HARD,8.0,True,Cadillac,0 days 00:24:57.793000,2026-07-24 11:41:53.386,1,,,,False,True,FP1,40.4,22.8,31.0
0 days 00:28:05.903000,PER,11,0 days 00:01:43.167000,9.0,1.0,,0 days 00:28:04.049000,0 days 00:00:35.730000,0 days 00:00:35.987000,0 days 00:00:31.450000,0 days 00:26:58.466000,0 days 00:27:34.453000,0 days 00:28:05.903000,194.0,215.0,,308.0,False,HARD,9.0,True,Cadillac,0 days 00:26:22.736000,2026-07-24 11:43:18.329,1,,,,False,False,FP1,40.4,22.8,31.0
0 days 00:47:57.006000,PER,11,,10.0,2.0,0 days 00:46:11.410000,,,0 days 00:00:41.463000,0 days 00:00:27.625000,,0 days 00:47:29.649000,0 days 00:47:57.020000,209.0,175.0,264.0,308.0,False,SOFT,1.0,True,Cadillac,0 days 00:28:05.903000,2026-07-24 11:45:01.496,1,,,,False,False,FP1,39.9,22.9,30.8
0 days 00:49:19.095000,PER,11,0 days 00:01:22.089000,11.0,2.0,,,0 days 00:00:28.609000,0 days 00:00:30.251000,0 days 00:00:23.229000,0 days 00:48:25.615000,0 days 00:48:55.866000,0 days 00:49:19.095000,294.0,246.0,254.0,319.0,True,SOFT,2.0,True,Cadillac,0 days 00:47:57.006000,2026-07-24 12:04:52.599,1,,,,False,True,FP1,39.9,22.9,30.8
0 days 01:02:12.243000,PER,11,,12.0,2.0,,0 days 00:51:39.131000,,,,,,,,,,181.0,False,SOFT,3.0,True,Cadillac,0 days 00:49:19.095000,2026-07-24 12:06:14.688,125,,,,False,False,FP1,39.9,22.9,30.8
0 days 01:04:05.507000,PER,11,,13.0,3.0,0 days 01:02:12.243000,,,0 days 00:00:34.047000,0 days 00:00:24.648000,,0 days 01:03:41.140000,0 days 01:04:05.571000,260.0,224.0,255.0,181.0,False,SOFT,4.0,False,Cadillac,0 days 01:02:12.243000,2026-07-24 12:19:07.836,21,,,,False,False,FP1,39.9,22.9,30.8
0 days 01:05:31.451000,PER,11,0 days 00:01:25.944000,14.0,3.0,,,0 days 00:00:29.605000,0 days 00:00:31.900000,0 days 00:00:24.439000,0 days 01:04:35.112000,0 days 01:05:07.012000,0 days 01:05:31.451000,272.0,231.0,254.0,308.0,False,SOFT,5.0,False,Cadillac,0 days 01:04:05.507000,2026-07-24 12:21:01.100,1,,,,False,True,FP1,39.9,22.9,30.8
0 days 01:06:57.573000,PER,11,0 days 00:01:26.122000,15.0,3.0,,,0 days 00:00:29.558000,0 days 00:00:32.009000,0 days 00:00:24.555000,0 days 01:06:01.009000,0 days 01:06:33.018000,0 days 01:06:57.573000,271.0,236.0,253.0,309.0,False,SOFT,6.0,False,Cadillac,0 days 01:05:31.451000,2026-07-24 12:22:27.044,1,,,,False,True,FP1,39.9,22.9,30.8
0 days 01:08:23.789000,PER,11,0 days 00:01:26.216000,16.0,3.0,,,0 days 00:00:29.866000,0 days 00:00:31.817000,0 days 00:00:24.533000,0 days 01:07:27.439000,0 days 01:07:59.256000,0 days 01:08:23.789000,274.0,231.0,254.0,306.0,False,SOFT,7.0,False,Cadillac,0 days 01:06:57.573000,2026-07-24 12:23:53.166,1,,,,False,True,FP1,39.9,22.9,30.8
0 days 01:09:50.523000,PER,11,0 days 00:01:26.734000,17.0,3.0,,,0 days 00:00:29.990000,0 days 00:00:31.986000,0 days 00:00:24.758000,0 days 01:08:53.779000,0 days 01:09:25.765000,0 days 01:09:50.523000,273.0,227.0,253.0,309.0,False,SOFT,8.0,False,Cadillac,0 days 01:08:23.789000,2026-07-24 12:25:19.382,1,,,,False,True,FP1,39.9,22.9,30.8
0 days 01:11:17.156000,PER,11,0 days 00:01:26.633000,18.0,3.0,,,0 days 00:00:30.010000,0 days 00:00:32.090000,0 days 00:00:24.533000,0 days 01:10:20.533000,0 days 01:10:52.623000,0 days 01:11:17.156000,275.0,235.0,255.0,303.0,False,SOFT,9.0,False,Cadillac,0 days 01:09:50.523000,2026-07-24 12:26:46.116,1,,,,False,True,FP1,39.9,22.9,30.8
0 days 01:12:43.318000,PER,11,0 days 00:01:26.162000,19.0,3.0,,,0 days 00:00:29.782000,0 days 00:00:31.741000,0 days 00:00:24.639000,0 days 01:11:46.938000,0 days 01:12:18.679000,0 days 01:12:43.318000,277.0,233.0,252.0,314.0,False,SOFT,10.0,False,Cadillac,0 days 01:11:17.156000,2026-07-24 12:28:12.749,1,,,,False,True,FP1,39.9,22.9,30.8
0 days 01:14:10.652000,PER,11,0 days 00:01:27.334000,20.0,3.0,,,0 days 00:00:30.421000,0 days 00:00:32.229000,0 days 00:00:24.684000,0 days 01:13:13.739000,0 days 01:13:45.968000,0 days 01:14:10.652000,275.0,231.0,254.0,309.0,False,SOFT,11.0,False,Cadillac,0 days 01:12:43.318000,2026-07-24 12:29:38.911,1,,,,False,True,FP1,39.9,22.9,30.8
0 days 01:16:56.269000,PER,11,,21.0,3.0,,,0 days 00:00:38.480000,0 days 00:00:41.498000,0 days 00:01:25.530000,0 days 01:14:49.408000,0 days 01:15:30.826000,0 days 01:16:56.293000,198.0,162.0,134.0,253.0,False,SOFT,12.0,False,Cadillac,0 days 01:14:10.652000,2026-07-24 12:31:06.245,1,,,,False,False,FP1,39.9,22.9,30.8
0 days 01:18:36.439000,PER,11,0 days 00:01:40.170000,22.0,3.0,,0 days 01:18:34.542000,0 days 00:00:34.831000,0 days 00:00:36.303000,0 days 00:00:29.036000,0 days 01:17:31.100000,0 days 01:18:07.403000,0 days 01:18:36.439000,230.0,224.0,,276.0,False,SOFT,13.0,False,Cadillac,0 days 01:16:56.269000,2026-07-24 12:33:51.862,1,,,,False,False,FP1,39.9,22.9,30.8
0 days 00:15:50.722000,ALO,14,,1.0,1.0,0 days 00:13:47.347000,,,0 days 00:00:35.706000,0 days 00:00:27.663000,,0 days 00:15:23.275000,0 days 00:15:50.911000,242.0,215.0,248.0,,False,HARD,1.0,True,Aston Martin,0 days 00:13:47.347000,2026-07-24 11:30:42.940,1,,,,False,False,FP1,39.9,22.9,30.8
0 days 00:17:15.249000,ALO,14,0 days 00:01:24.527000,2.0,1.0,,,0 days 00:00:29.941000,0 days 00:00:31.068000,0 days 00:00:23.518000,0 days 00:16:20.663000,0 days 00:16:51.731000,0 days 00:17:15.249000,270.0,237.0,257.0,301.0,True,HARD,2.0,True,Aston Martin,0 days 00:15:50.722000,2026-07-24 11:32:46.315,1,,,,False,True,FP1,41.8,23.0,30.9
0 days 00:19:02.044000,ALO,14,0 days 00:01:46.795000,3.0,1.0,,,0 days 00:00:39.646000,0 days 00:00:37.682000,0 days 00:00:29.467000,0 days 00:17:54.895000,0 days 00:18:32.577000,0 days 00:19:02.044000,246.0,199.0,250.0,214.0,False,HARD,3.0,True,Aston Martin,0 days 00:17:15.249000,2026-07-24 11:34:10.842,1,,,,False,True,FP1,41.8,23.0,30.9
0 days 00:20:25.263000,ALO,14,0 days 00:01:23.219000,4.0,1.0,,,0 days 00:00:29.450000,0 days 00:00:30.192000,0 days 00:00:23.577000,0 days 00:19:31.494000,0 days 00:20:01.686000,0 days 00:20:25.263000,272.0,240.0,254.0,302.0,True,HARD,4.0,True,Aston Martin,0 days 00:19:02.044000,2026-07-24 11:35:57.637,1,,,,False,True,FP1,41.8,23.0,30.9
0 days 00:22:24.124000,ALO,14,0 days 00:01:58.861000,5.0,1.0,,,0 days 00:00:42.542000,0 days 00:00:44.340000,0 days 00:00:31.979000,0 days 00:21:07.805000,0 days 00:21:52.145000,0 days 00:22:24.124000,229.0,82.0,254.0,214.0,False,HARD,5.0,True,Aston Martin,0 days 00:20:25.263000,2026-07-24 11:37:20.856,1,,,,False,True,FP1,41.8,23.0,30.9
0 days 00:23:49.719000,ALO,14,0 days 00:01:25.595000,6.0,1.0,,,0 days 00:00:29.805000,0 days 00:00:31.552000,0 days 00:00:24.238000,0 days 00:22:53.929000,0 days 00:23:25.481000,0 days 00:23:49.719000,264.0,231.0,254.0,293.0,False,HARD,6.0,True,Aston Martin,0 days 00:22:24.124000,2026-07-24 11:39:19.717,1,,,,False,True,FP1,41.8,23.0,30.9
0 days 00:25:15.640000,ALO,14,0 days 00:01:25.921000,7.0,1.0,,,0 days 00:00:29.950000,0 days 00:00:31.602000,0 days 00:00:24.369000,0 days 00:24:19.669000,0 days 00:24:51.271000,0 days 00:25:15.640000,265.0,232.0,255.0,294.0,False,HARD,7.0,True,Aston Martin,0 days 00:23:49.719000,2026-07-24 11:40:45.312,1,,,,False,True,FP1,41.8,23.0,30.9
0 days 00:27:03.354000,ALO,14,0 days 00:01:47.714000,8.0,1.0,,0 days 00:27:01.656000,0 days 00:00:31.899000,0 days 00:00:41.931000,0 days 00:00:33.884000,0 days 00:25:47.539000,0 days 00:26:29.470000,0 days 00:27:03.354000,245.0,150.0,,294.0,False,HARD,8.0,True,Aston Martin,0 days 00:25:15.640000,2026-07-24 11:42:11.233,1,,,,False,False,FP1,41.8,23.0,30.9
0 days 00:43:16.013000,ALO,14,,9.0,2.0,0 days 00:41:44.421000,,,0 days 00:00:32.672000,0 days 00:00:28.019000,,0 days 00:42:48.107000,0 days 00:43:16.088000,253.0,226.0,254.0,294.0,False,HARD,9.0,False,Aston Martin,0 days 00:27:03.354000,2026-07-24 11:43:58.947,1,,,,False,False,FP1,42.6,23.2,30.5
0 days 00:44:41.715000,ALO,14,0 days 00:01:25.702000,10.0,2.0,,,0 days 00:00:29.890000,0 days 00:00:31.614000,0 days 00:00:24.198000,0 days 00:43:45.903000,0 days 00:44:17.517000,0 days 00:44:41.715000,265.0,232.0,257.0,297.0,False,HARD,10.0,False,Aston Martin,0 days 00:43:16.013000,2026-07-24 12:00:11.606,1,,,,False,True,FP1,42.6,23.2,30.5
0 days 00:46:07.275000,ALO,14,0 days 00:01:25.560000,11.0,2.0,,,0 days 00:00:29.607000,0 days 00:00:31.558000,0 days 00:00:24.395000,0 days 00:45:11.322000,0 days 00:45:42.880000,0 days 00:46:07.275000,264.0,233.0,252.0,291.0,False,HARD,11.0,False,Aston Martin,0 days 00:44:41.715000,2026-07-24 12:01:37.308,1,,,,False,True,FP1,42.6,23.2,30.5
0 days 00:47:46.856000,ALO,14,0 days 00:01:39.581000,12.0,2.0,,0 days 00:47:45.017000,0 days 00:00:31.971000,0 days 00:00:35.822000,0 days 00:00:31.788000,0 days 00:46:39.246000,0 days 00:47:15.068000,0 days 00:47:46.856000,244.0,149.0,,293.0,False,HARD,12.0,False,Aston Martin,0 days 00:46:07.275000,2026-07-24 12:03:02.868,1,,,,False,False,FP1,42.6,23.2,30.5
0 days 00:58:26.380000,ALO,14,,13.0,3.0,0 days 00:56:42.847000,,,0 days 00:00:33.476000,0 days 00:00:25.936000,,0 days 00:58:00.729000,0 days 00:58:26.463000,235.0,217.0,250.0,293.0,False,SOFT,1.0,True,Aston Martin,0 days 00:56:42.847000,2026-07-24 12:13:38.440,1,,,,False,False,FP1,42.6,23.2,30.5
0 days 00:59:47.930000,ALO,14,0 days 00:01:21.550000,14.0,3.0,,,0 days 00:00:28.899000,0 days 00:00:29.471000,0 days 00:00:23.180000,0 days 00:58:55.279000,0 days 00:59:24.750000,0 days 00:59:47.930000,273.0,245.0,248.0,302.0,True,SOFT,2.0,True,Aston Martin,0 days 00:58:26.380000,2026-07-24 12:15:21.973,1,,,,False,True,FP1,42.6,23.2,30.5
0 days 01:01:52.922000,ALO,14,0 days 00:02:04.992000,15.0,3.0,,0 days 01:01:51.230000,0 days 00:00:52.508000,0 days 00:00:39.339000,0 days 00:00:33.145000,0 days 01:00:40.438000,0 days 01:01:19.777000,0 days 01:01:52.922000,195.0,204.0,,139.0,False,SOFT,3.0,True,Aston Martin,0 days 00:59:47.930000,2026-07-24 12:16:43.523,1,,,,False,False,FP1,42.6,23.2,30.5
0 days 01:04:01.082000,ALO,14,0 days 00:02:08.160000,16.0,4.0,0 days 01:02:21.092000,,0 days 00:01:02.532000,0 days 00:00:37.546000,0 days 00:00:28.082000,0 days 01:02:55.454000,0 days 01:03:33,0 days 01:04:01.082000,248.0,192.0,248.0,139.0,False,SOFT,4.0,False,Aston Martin,0 days 01:01:52.922000,2026-07-24 12:18:48.515,12,,,,False,False,FP1,42.6,23.2,30.5
0 days 01:05:29.334000,ALO,14,0 days 00:01:28.252000,17.0,4.0,,,0 days 00:00:28.966000,0 days 00:00:29.739000,0 days 00:00:29.547000,0 days 01:04:30.048000,0 days 01:04:59.787000,0 days 01:05:29.334000,272.0,242.0,188.0,301.0,False,SOFT,5.0,False,Aston Martin,0 days 01:04:01.082000,2026-07-24 12:20:56.675,1,,,,False,True,FP1,42.6,23.2,30.5
0 days 01:07:24.776000,ALO,14,0 days 00:01:55.442000,18.0,4.0,,,0 days 00:00:39.433000,0 days 00:00:49.882000,0 days 00:00:26.127000,0 days 01:06:08.767000,0 days 01:06:58.649000,0 days 01:07:24.776000,216.0,199.0,249.0,233.0,False,SOFT,6.0,False,Aston Martin,0 days 01:05:29.334000,2026-07-24 12:22:24.927,1,,,,False,True,FP1,42.6,23.2,30.5
0 days 01:08:46.680000,ALO,14,0 days 00:01:21.904000,19.0,4.0,,,0 days 00:00:28.866000,0 days 00:00:29.570000,0 days 00:00:23.468000,0 days 01:07:53.642000,0 days 01:08:23.212000,0 days 01:08:46.680000,274.0,245.0,243.0,301.0,False,SOFT,7.0,False,Aston Martin,0 days 01:07:24.776000,2026-07-24 12:24:20.369,1,,,,False,True,FP1,42.6,23.2,30.5
0 days 01:10:19.193000,ALO,14,0 days 00:01:32.513000,20.0,4.0,,0 days 01:10:17.454000,0 days 00:00:31.321000,0 days 00:00:31.927000,0 days 00:00:29.265000,0 days 01:09:18.001000,0 days 01:09:49.928000,0 days 01:10:19.193000,262.0,221.0,,261.0,False,SOFT,8.0,False,Aston Martin,0 days 01:08:46.680000,2026-07-24 12:25:42.273,1,,,,False,False,FP1,42.6,23.2,30.5
0 days 00:15:31.064000,LEC,16,,1.0,1.0,0 days 00:13:38.278000,,,0 days 00:00:35.145000,0 days 00:00:30.142000,,0 days 00:15:01.278000,0 days 00:15:31.231000,245.0,213.0,257.0,,False,MEDIUM,1.0,True,Ferrari,0 days 00:13:38.278000,2026-07-24 11:30:33.871,1,,,,False,False,FP1,43.4,23.4,30.0
0 days 00:16:53.769000,LEC,16,0 days 00:01:22.705000,2.0,1.0,,,0 days 00:00:29.163000,0 days 00:00:30.244000,0 days 00:00:23.298000,0 days 00:16:00.227000,0 days 00:16:30.471000,0 days 00:16:53.769000,291.0,239.0,242.0,314.0,True,MEDIUM,2.0,True,Ferrari,0 days 00:15:31.064000,2026-07-24 11:32:26.657,1,,,,False,True,FP1,43.4,23.4,30.0
0 days 00:18:46.015000,LEC,16,0 days 00:01:52.246000,3.0,1.0,,,0 days 00:00:44.900000,0 days 00:00:41.369000,0 days 00:00:25.977000,0 days 00:17:38.669000,0 days 00:18:20.038000,0 days 00:18:46.015000,178.0,175.0,259.0,208.0,False,MEDIUM,3.0,True,Ferrari,0 days 00:16:53.769000,2026-07-24 11:33:49.362,1,,,,False,True,FP1,43.4,23.4,30.0
0 days 00:20:06.899000,LEC,16,0 days 00:01:20.884000,4.0,1.0,,,0 days 00:00:28.554000,0 days 00:00:29.452000,0 days 00:00:22.878000,0 days 00:19:14.569000,0 days 00:19:44.021000,0 days 00:20:06.899000,294.0,245.0,243.0,315.0,True,MEDIUM,4.0,True,Ferrari,0 days 00:18:46.015000,2026-07-24 11:35:41.608,1,,,,False,True,FP1,43.4,23.4,30.0
0 days 00:21:59.493000,LEC,16,0 days 00:01:52.594000,5.0,1.0,,,0 days 00:00:42.753000,0 days 00:00:42.791000,0 days 00:00:27.050000,0 days 00:20:49.652000,0 days 00:21:32.443000,0 days 00:21:59.493000,162.0,160.0,260.0,199.0,False,MEDIUM,5.0,True,Ferrari,0 days 00:20:06.899000,2026-07-24 11:37:02.492,1,,,,False,True,FP1,43.4,23.4,30.0
0 days 00:23:26.148000,LEC,16,0 days 00:01:26.655000,6.0,1.0,,,0 days 00:00:28.475000,0 days 00:00:29.430000,0 days 00:00:28.750000,0 days 00:22:27.968000,0 days 00:22:57.398000,0 days 00:23:26.148000,293.0,246.0,202.0,315.0,False,MEDIUM,6.0,True,Ferrari,0 days 00:21:59.493000,2026-07-24 11:38:55.086,1,,,,False,True,FP1,43.4,23.4,30.0
0 days 00:25:22.432000,LEC,16,0 days 00:01:56.284000,7.0,1.0,,,0 days 00:00:46.559000,0 days 00:00:44.451000,0 days 00:00:25.274000,0 days 00:24:12.707000,0 days 00:24:57.158000,0 days 00:25:22.432000,121.0,211.0,260.0,181.0,False,MEDIUM,7.0,True,Ferrari,0 days 00:23:26.148000,2026-07-24 11:40:21.741,1,,,,False,True,FP1,43.4,23.4,30.0
0 days 00:26:42.719000,LEC,16,0 days 00:01:20.287000,8.0,1.0,,,0 days 00:00:28.233000,0 days 00:00:29.137000,0 days 00:00:22.917000,0 days 00:25:50.665000,0 days 00:26:19.802000,0 days 00:26:42.719000,297.0,249.0,246.0,317.0,True,MEDIUM,8.0,True,Ferrari,0 days 00:25:22.432000,2026-07-24 11:42:18.025,1,,,,False,True,FP1,43.9,23.5,29.4
0 days 00:28:34.082000,LEC,16,0 days 00:01:51.363000,9.0,1.0,,0 days 00:28:32.358000,0 days 00:00:41.260000,0 days 00:00:36.606000,0 days 00:00:33.497000,0 days 00:27:23.979000,0 days 00:28:00.585000,0 days 00:28:34.082000,188.0,199.0,,210.0,False,MEDIUM,9.0,True,Ferrari,0 days 00:26:42.719000,2026-07-24 11:43:38.312,1,,,,False,False,FP1,43.9,23.5,29.4
0 days 00:30:48.774000,LEC,16,0 days 00:02:14.692000,10.0,2.0,0 days 00:28:52.061000,,0 days 00:01:11.623000,0 days 00:00:34.422000,0 days 00:00:28.647000,0 days 00:29:45.705000,0 days 00:30:20.127000,0 days 00:30:48.774000,241.0,217.0,260.0,210.0,False,MEDIUM,10.0,False,Ferrari,0 days 00:28:34.082000,2026-07-24 11:45:29.675,1,,,,False,False,FP1,43.9,23.5,29.4
0 days 00:32:17.295000,LEC,16,0 days 00:01:28.521000,11.0,2.0,,,0 days 00:00:28.279000,0 days 00:00:32.003000,0 days 00:00:28.239000,0 days 00:31:17.053000,0 days 00:31:49.056000,0 days 00:32:17.295000,295.0,179.0,261.0,316.0,False,MEDIUM,11.0,False,Ferrari,0 days 00:30:48.774000,2026-07-24 11:47:44.367,1,,,,False,True,FP1,43.9,23.5,29.4
0 days 00:33:44.801000,LEC,16,0 days 00:01:27.506000,12.0,2.0,,0 days 00:33:43.174000,0 days 00:00:28.255000,0 days 00:00:29.183000,0 days 00:00:30.068000,0 days 00:32:45.550000,0 days 00:33:14.733000,0 days 00:33:44.801000,296.0,252.0,,315.0,False,MEDIUM,12.0,False,Ferrari,0 days 00:32:17.295000,2026-07-24 11:49:12.888,1,,,,False,False,FP1,43.9,23.5,29.4
0 days 00:45:48.258000,LEC,16,,13.0,3.0,0 days 00:44:16.722000,,,0 days 00:00:33.551000,0 days 00:00:26.216000,,0 days 00:45:22.283000,0 days 00:45:48.330000,258.0,148.0,263.0,315.0,False,SOFT,1.0,True,Ferrari,0 days 00:33:44.801000,2026-07-24 11:50:40.394,1,,,,False,False,FP1,43.9,23.5,29.4
0 days 00:47:07.333000,LEC,16,0 days 00:01:19.075000,14.0,3.0,,,0 days 00:00:27.846000,0 days 00:00:28.625000,0 days 00:00:22.604000,0 days 00:46:16.104000,0 days 00:46:44.729000,0 days 00:47:07.333000,297.0,252.0,256.0,318.0,True,SOFT,2.0,True,Ferrari,0 days 00:45:48.258000,2026-07-24 12:02:43.851,1,,,,False,True,FP1,43.9,23.5,29.4
0 days 00:48:57.994000,LEC,16,0 days 00:01:50.661000,15.0,3.0,,0 days 00:48:56.267000,0 days 00:00:38.546000,0 days 00:00:39.188000,0 days 00:00:32.927000,0 days 00:47:45.879000,0 days 00:48:25.067000,0 days 00:48:57.994000,186.0,180.0,,222.0,False,SOFT,3.0,True,Ferrari,0 days 00:47:07.333000,2026-07-24 12:04:02.926,1,,,,False,False,FP1,43.9,23.5,29.4
0 days 01:00:11.545000,LEC,16,,16.0,4.0,0 days 00:49:14.314000,0 days 00:51:44.348000,,,,,,,,,,,False,SOFT,4.0,False,Ferrari,0 days 00:48:57.994000,2026-07-24 12:05:53.587,125,,,,False,False,FP1,43.9,23.5,29.4
0 days 01:02:01.842000,LEC,16,,17.0,5.0,0 days 01:00:11.545000,,,0 days 00:00:31.556000,0 days 00:00:23.948000,,0 days 01:01:38.151000,0 days 01:02:01.842000,282.0,232.0,257.0,222.0,False,SOFT,5.0,False,Ferrari,0 days 01:00:11.545000,2026-07-24 12:17:07.138,1,,,,False,False,FP1,44.5,23.5,29.2
0 days 01:03:27.508000,LEC,16,0 days 00:01:25.666000,18.0,5.0,,,0 days 00:00:30.831000,0 days 00:00:30.930000,0 days 00:00:23.905000,0 days 01:02:32.673000,0 days 01:03:03.603000,0 days 01:03:27.508000,280.0,236.0,256.0,312.0,False,SOFT,6.0,False,Ferrari,0 days 01:02:01.842000,2026-07-24 12:18:57.435,12,,,,False,True,FP1,44.5,23.5,29.2
0 days 01:05:18.743000,LEC,16,,19.0,5.0,,0 days 01:05:18.743000,0 days 00:00:28.905000,0 days 00:00:30.547000,,0 days 01:03:56.542000,0 days 01:04:27.190000,,279.0,238.0,,310.0,False,SOFT,7.0,False,Ferrari,0 days 01:03:27.508000,2026-07-24 12:20:23.101,1,,,,False,False,FP1,44.5,23.5,29.2
0 days 00:15:54.504000,STR,18,,1.0,1.0,0 days 00:13:50.675000,,,0 days 00:00:34.034000,0 days 00:00:28.954000,,0 days 00:15:25.789000,0 days 00:15:54.690000,241.0,216.0,249.0,,False,HARD,1.0,True,Aston Martin,0 days 00:13:50.675000,2026-07-24 11:30:46.268,1,,,,False,False,FP1,44.5,23.5,29.2
0 days 00:17:18.899000,STR,18,0 days 00:01:24.395000,2.0,1.0,,,0 days 00:00:29.963000,0 days 00:00:30.879000,0 days 00:00:23.553000,0 days 00:16:24.467000,0 days 00:16:55.346000,0 days 00:17:18.899000,283.0,236.0,258.0,302.0,True,HARD,2.0,True,Aston Martin,0 days 00:15:54.504000,2026-07-24 11:32:50.097,1,,,,False,True,FP1,44.5,23.5,29.2
0 days 00:19:12.293000,STR,18,0 days 00:01:53.394000,3.0,1.0,,,0 days 00:00:39.123000,0 days 00:00:41.322000,0 days 00:00:32.949000,0 days 00:17:58.022000,0 days 00:18:39.344000,0 days 00:19:12.293000,228.0,210.0,248.0,243.0,False,HARD,3.0,True,Aston Martin,0 days 00:17:18.899000,2026-07-24 11:34:14.492,1,,,,False,True,FP1,44.5,23.5,29.2
0 days 00:20:35.764000,STR,18,0 days 00:01:23.471000,4.0,1.0,,,0 days 00:00:29.636000,0 days 00:00:30.353000,0 days 00:00:23.482000,0 days 00:19:41.929000,0 days 00:20:12.282000,0 days 00:20:35.764000,275.0,236.0,256.0,301.0,True,HARD,4.0,True,Aston Martin,0 days 00:19:12.293000,2026-07-24 11:36:07.886,1,,,,False,True,FP1,44.5,23.5,29.2
0 days 00:22:35.588000,STR,18,0 days 00:01:59.824000,5.0,1.0,,0 days 00:22:33.764000,0 days 00:00:39.626000,0 days 00:00:46.884000,0 days 00:00:33.314000,0 days 00:21:15.390000,0 days 00:22:02.274000,0 days 00:22:35.588000,177.0,188.0,,268.0,False,HARD,5.0,True,Aston Martin,0 days 00:20:35.764000,2026-07-24 11:37:31.357,1,,,,False,False,FP1,44.5,23.5,29.2
0 days 00:25:25.168000,STR,18,,6.0,2.0,0 days 00:23:43.845000,,,0 days 00:00:35.463000,0 days 00:00:27.367000,,0 days 00:24:58.140000,0 days 00:25:25.232000,217.0,218.0,246.0,268.0,False,HARD,6.0,False,Aston Martin,0 days 00:22:35.588000,2026-07-24 11:39:31.181,1,,,,False,False,FP1,44.5,23.5,29.2
0 days 00:26:51.028000,STR,18,0 days 00:01:25.860000,7.0,2.0,,,0 days 00:00:30.241000,0 days 00:00:31.498000,0 days 00:00:24.121000,0 days 00:25:55.409000,0 days 00:26:26.907000,0 days 00:26:51.028000,265.0,231.0,253.0,301.0,False,HARD,7.0,False,Aston Martin,0 days 00:25:25.168000,2026-07-24 11:42:20.761,1,,,,False,True,FP1,45.0,23.7,29.4
0 days 00:28:16.026000,STR,18,0 days 00:01:24.998000,8.0,2.0,,,0 days 00:00:29.739000,0 days 00:00:31.214000,0 days 00:00:24.045000,0 days 00:27:20.767000,0 days 00:27:51.981000,0 days 00:28:16.026000,266.0,233.0,256.0,298.0,False,HARD,8.0,False,Aston Martin,0 days 00:26:51.028000,2026-07-24 11:43:46.621,1,,,,False,True,FP1,45.0,23.7,29.4
0 days 00:30:06.407000,STR,18,0 days 00:01:50.381000,9.0,2.0,,0 days 00:30:04.607000,0 days 00:00:36.137000,0 days 00:00:39.896000,0 days 00:00:34.348000,0 days 00:28:52.163000,0 days 00:29:32.059000,0 days 00:30:06.407000,226.0,149.0,,303.0,False,HARD,9.0,False,Aston Martin,0 days 00:28:16.026000,2026-07-24 11:45:11.619,1,,,,False,False,FP1,45.0,23.7,29.4
0 days 00:49:02.844000,STR,18,,10.0,3.0,0 days 00:47:31.447000,,,0 days 00:00:32.583000,0 days 00:00:26.693000,,0 days 00:48:36.168000,0 days 00:49:02.844000,261.0,227.0,250.0,303.0,False,HARD,10.0,False,Aston Martin,0 days 00:30:06.407000,2026-07-24 11:47:02.000,1,,,,False,False,FP1,45.0,23.7,29.4
0 days 00:54:43.751000,STR,18,,11.0,3.0,,0 days 00:54:43.751000,,,,,,,,,,302.0,False,HARD,11.0,False,Aston Martin,0 days 00:49:02.844000,2026-07-24 12:05:58.437,125,,,,False,False,FP1,45.0,23.7,29.4
0 days 00:15:38.451000,ALB,23,,1.0,1.0,0 days 00:13:42.431000,,,0 days 00:00:37.466000,0 days 00:00:28.917000,,0 days 00:15:09.802000,0 days 00:15:38.675000,258.0,218.0,262.0,,False,MEDIUM,1.0,True,Williams,0 days 00:13:42.431000,2026-07-24 11:30:38.024,1,,,,False,False,FP1,45.3,23.7,28.9
0 days 00:17:04.423000,ALB,23,0 days 00:01:25.972000,2.0,1.0,,,0 days 00:00:30.263000,0 days 00:00:31.562000,0 days 00:00:24.147000,0 days 00:16:08.714000,0 days 00:16:40.276000,0 days 00:17:04.423000,291.0,237.0,256.0,321.0,True,MEDIUM,2.0,True,Williams,0 days 00:15:38.451000,2026-07-24 11:32:34.044,1,,,,False,True,FP1,45.3,23.7,28.9
0 days 00:18:57.274000,ALB,23,0 days 00:01:52.851000,3.0,1.0,,,0 days 00:00:46.175000,0 days 00:00:40.293000,0 days 00:00:26.383000,0 days 00:17:50.598000,0 days 00:18:30.891000,0 days 00:18:57.274000,187.0,220.0,260.0,235.0,False,MEDIUM,3.0,True,Williams,0 days 00:17:04.423000,2026-07-24 11:34:00.016,1,,,,False,True,FP1,45.3,23.7,28.9
0 days 00:20:21.875000,ALB,23,0 days 00:01:24.601000,4.0,1.0,,,0 days 00:00:29.686000,0 days 00:00:30.885000,0 days 00:00:24.030000,0 days 00:19:26.960000,0 days 00:19:57.845000,0 days 00:20:21.875000,290.0,238.0,257.0,321.0,True,MEDIUM,4.0,True,Williams,0 days 00:18:57.274000,2026-07-24 11:35:52.867,1,,,,False,True,FP1,45.3,23.7,28.9
0 days 00:22:14.075000,ALB,23,0 days 00:01:52.200000,5.0,1.0,,,0 days 00:00:44.192000,0 days 00:00:41.286000,0 days 00:00:26.722000,0 days 00:21:06.067000,0 days 00:21:47.353000,0 days 00:22:14.075000,169.0,194.0,262.0,240.0,False,MEDIUM,5.0,True,Williams,0 days 00:20:21.875000,2026-07-24 11:37:17.468,1,,,,False,True,FP1,45.3,23.7,28.9
0 days 00:23:37.753000,ALB,23,0 days 00:01:23.678000,6.0,1.0,,,0 days 00:00:29.125000,0 days 00:00:30.647000,0 days 00:00:23.906000,0 days 00:22:43.200000,0 days 00:23:13.847000,0 days 00:23:37.753000,287.0,239.0,259.0,321.0,True,MEDIUM,6.0,True,Williams,0 days 00:22:14.075000,2026-07-24 11:39:09.668,1,,,,False,True,FP1,45.3,23.7,28.9
0 days 00:25:35.505000,ALB,23,0 days 00:01:57.752000,7.0,1.0,,0 days 00:25:33.731000,0 days 00:00:41.340000,0 days 00:00:45.817000,0 days 00:00:30.595000,0 days 00:24:19.093000,0 days 00:25:04.910000,0 days 00:25:35.505000,115.0,200.0,,293.0,False,MEDIUM,7.0,True,Williams,0 days 00:23:37.753000,2026-07-24 11:40:33.346,1,,,,False,False,FP1,45.3,23.7,28.9
0 days 00:34:23.870000,ALB,23,,8.0,2.0,0 days 00:32:44.518000,,,0 days 00:00:40.528000,0 days 00:00:27.311000,,0 days 00:33:56.815000,0 days 00:34:23.945000,272.0,217.0,262.0,293.0,False,MEDIUM,8.0,False,Williams,0 days 00:25:35.505000,2026-07-24 11:42:31.098,1,,,,False,False,FP1,45.3,23.7,28.9
0 days 00:35:46.876000,ALB,23,0 days 00:01:23.006000,9.0,2.0,,,0 days 00:00:28.823000,0 days 00:00:30.220000,0 days 00:00:23.963000,0 days 00:34:52.693000,0 days 00:35:22.913000,0 days 00:35:46.876000,291.0,240.0,254.0,319.0,True,MEDIUM,9.0,False,Williams,0 days 00:34:23.870000,2026-07-24 11:51:19.463,1,,,,False,True,FP1,45.6,23.8,28.7
0 days 00:37:45.006000,ALB,23,0 days 00:01:58.130000,10.0,2.0,,,0 days 00:00:45.634000,0 days 00:00:44.555000,0 days 00:00:27.941000,0 days 00:36:32.510000,0 days 00:37:17.065000,0 days 00:37:45.006000,160.0,174.0,260.0,250.0,False,MEDIUM,10.0,False,Williams,0 days 00:35:46.876000,2026-07-24 11:52:42.469,1,,,,False,True,FP1,45.6,23.8,28.7
0 days 00:39:30.453000,ALB,23,0 days 00:01:45.447000,11.0,2.0,,0 days 00:39:28.493000,0 days 00:00:35.914000,0 days 00:00:36.849000,0 days 00:00:32.684000,0 days 00:38:20.920000,0 days 00:38:57.769000,0 days 00:39:30.453000,202.0,199.0,,318.0,False,MEDIUM,11.0,False,Williams,0 days 00:37:45.006000,2026-07-24 11:54:40.599,1,,,,False,False,FP1,45.6,23.8,28.7
0 days 00:45:32.357000,ALB,23,,12.0,3.0,0 days 00:44:00.517000,,,0 days 00:00:34.164000,0 days 00:00:25.756000,,0 days 00:45:06.881000,0 days 00:45:32.533000,266.0,213.0,264.0,318.0,False,SOFT,1.0,True,Williams,0 days 00:39:30.453000,2026-07-24 11:56:26.046,1,,,,False,False,FP1,45.6,23.8,28.7
0 days 00:46:54.176000,ALB,23,0 days 00:01:21.819000,13.0,3.0,,,0 days 00:00:28.505000,0 days 00:00:29.742000,0 days 00:00:23.572000,0 days 00:46:00.862000,0 days 00:46:30.604000,0 days 00:46:54.176000,291.0,244.0,256.0,320.0,True,SOFT,2.0,True,Williams,0 days 00:45:32.357000,2026-07-24 12:02:27.950,1,,,,False,True,FP1,45.6,23.8,28.7
0 days 00:48:59.887000,ALB,23,0 days 00:02:05.711000,14.0,3.0,,,0 days 00:00:47.833000,0 days 00:00:46.427000,0 days 00:00:31.451000,0 days 00:47:42.009000,0 days 00:48:28.436000,0 days 00:48:59.887000,140.0,168.0,197.0,222.0,False,SOFT,3.0,True,Williams,0 days 00:46:54.176000,2026-07-24 12:03:49.769,1,,,,False,True,FP1,45.6,23.8,28.7
0 days 00:57:16.521000,ALB,23,,15.0,3.0,,0 days 00:50:55.936000,0 days 00:00:39.976000,,,0 days 00:49:40.153000,,,230.0,,,252.0,False,SOFT,4.0,True,Williams,0 days 00:48:59.887000,2026-07-24 12:05:55.480,125,,,,False,False,FP1,45.6,23.8,28.7
0 days 00:58:50.925000,ALB,23,,16.0,4.0,0 days 00:57:16.521000,,,0 days 00:00:33.491000,0 days 00:00:29.979000,,0 days 00:58:21.158000,0 days 00:58:51.031000,285.0,224.0,265.0,252.0,False,SOFT,5.0,False,Williams,0 days 00:57:16.521000,2026-07-24 12:14:12.114,1,,,,False,False,FP1,46.7,23.7,29.0
0 days 01:00:22.561000,ALB,23,0 days 00:01:31.636000,17.0,4.0,,0 days 01:00:20.765000,0 days 00:00:28.577000,0 days 00:00:31.627000,0 days 00:00:31.432000,0 days 00:59:19.502000,0 days 00:59:51.129000,0 days 01:00:22.561000,288.0,186.0,,322.0,False,SOFT,6.0,False,Williams,0 days 00:58:50.925000,2026-07-24 12:15:46.518,1,,,,False,False,FP1,46.7,23.7,29.0
0 days 01:02:15.877000,ALB,23,0 days 00:01:53.316000,18.0,5.0,0 days 01:00:45.482000,,0 days 00:00:53.676000,0 days 00:00:35.380000,0 days 00:00:24.260000,0 days 01:01:16.237000,0 days 01:01:51.617000,0 days 01:02:15.877000,260.0,233.0,262.0,322.0,False,SOFT,7.0,False,Williams,0 days 01:00:22.561000,2026-07-24 12:17:18.154,12,,,,False,False,FP1,46.7,23.7,29.0
0 days 01:03:41.502000,ALB,23,0 days 00:01:25.625000,19.0,5.0,,,0 days 00:00:29.938000,0 days 00:00:31.465000,0 days 00:00:24.222000,0 days 01:02:45.815000,0 days 01:03:17.280000,0 days 01:03:41.502000,284.0,233.0,260.0,317.0,False,SOFT,8.0,False,Williams,0 days 01:02:15.877000,2026-07-24 12:19:11.470,21,,,,False,True,FP1,46.7,23.7,29.0
0 days 01:05:05.458000,ALB,23,0 days 00:01:23.956000,20.0,5.0,,,0 days 00:00:28.964000,0 days 00:00:30.943000,0 days 00:00:24.049000,0 days 01:04:10.466000,0 days 01:04:41.409000,0 days 01:05:05.458000,282.0,232.0,262.0,316.0,False,SOFT,9.0,False,Williams,0 days 01:03:41.502000,2026-07-24 12:20:37.095,1,,,,False,True,FP1,46.7,23.7,28.5
0 days 01:06:30.091000,ALB,23,0 days 00:01:24.633000,21.0,5.0,,,0 days 00:00:29.145000,0 days 00:00:31.270000,0 days 00:00:24.218000,0 days 01:05:34.603000,0 days 01:06:05.873000,0 days 01:06:30.091000,280.0,237.0,260.0,317.0,False,SOFT,10.0,False,Williams,0 days 01:05:05.458000,2026-07-24 12:22:01.051,1,,,,False,True,FP1,46.7,23.7,28.5
0 days 01:07:54.477000,ALB,23,0 days 00:01:24.386000,22.0,5.0,,,0 days 00:00:29.104000,0 days 00:00:30.921000,0 days 00:00:24.361000,0 days 01:06:59.195000,0 days 01:07:30.116000,0 days 01:07:54.477000,282.0,234.0,260.0,318.0,False,SOFT,11.0,False,Williams,0 days 01:06:30.091000,2026-07-24 12:23:25.684,1,,,,False,True,FP1,46.7,23.7,28.5
0 days 01:09:23.748000,ALB,23,0 days 00:01:29.271000,23.0,5.0,,,0 days 00:00:32.411000,0 days 00:00:32.295000,0 days 00:00:24.565000,0 days 01:08:26.888000,0 days 01:08:59.183000,0 days 01:09:23.748000,265.0,232.0,259.0,316.0,False,SOFT,12.0,False,Williams,0 days 01:07:54.477000,2026-07-24 12:24:50.070,1,,,,False,True,FP1,46.7,23.7,28.5
0 days 01:10:48.301000,ALB,23,0 days 00:01:24.553000,24.0,5.0,,,0 days 00:00:29.273000,0 days 00:00:30.995000,0 days 00:00:24.285000,0 days 01:09:53.021000,0 days 01:10:24.016000,0 days 01:10:48.301000,286.0,235.0,260.0,314.0,False,SOFT,13.0,False,Williams,0 days 01:09:23.748000,2026-07-24 12:26:19.341,1,,,,False,True,FP1,46.7,23.7,28.5
0 days 01:12:17.524000,ALB,23,0 days 00:01:29.223000,25.0,5.0,,,0 days 00:00:29.240000,0 days 00:00:31.321000,0 days 00:00:28.662000,0 days 01:11:17.541000,0 days 01:11:48.862000,0 days 01:12:17.524000,286.0,234.0,260.0,315.0,False,SOFT,14.0,False,Williams,0 days 01:10:48.301000,2026-07-24 12:27:43.894,1,,,,False,True,FP1,46.7,23.7,28.5
0 days 01:13:42.092000,ALB,23,0 days 00:01:24.568000,26.0,5.0,,,0 days 00:00:29.200000,0 days 00:00:31.080000,0 days 00:00:24.288000,0 days 01:12:46.724000,0 days 01:13:17.804000,0 days 01:13:42.092000,286.0,233.0,260.0,317.0,False,SOFT,15.0,False,Williams,0 days 01:12:17.524000,2026-07-24 12:29:13.117,1,,,,False,True,FP1,47.0,23.6,28.6
0 days 01:16:13.672000,ALB,23,,27.0,5.0,,,0 days 00:00:35.457000,0 days 00:00:41.284000,0 days 00:01:14.762000,0 days 01:14:17.679000,0 days 01:14:58.961000,0 days 01:16:13.672000,196.0,143.0,3.0,316.0,False,SOFT,16.0,False,Williams,0 days 01:13:42.092000,2026-07-24 12:30:37.685,1,,,,False,False,FP1,47.0,23.6,28.6
0 days 01:17:53.691000,ALB,23,0 days 00:01:40.019000,28.0,5.0,,0 days 01:17:51.649000,0 days 00:00:35.406000,0 days 00:00:32.045000,0 days 00:00:32.568000,0 days 01:16:49.078000,0 days 01:17:21.123000,0 days 01:17:53.691000,277.0,233.0,,269.0,False,SOFT,17.0,False,Williams,0 days 01:16:13.672000,2026-07-24 12:33:09.265,1,,,,False,False,FP1,47.0,23.6,28.6
0 days 00:15:13.778000,HER,25,,1.0,1.0,0 days 00:13:18.484000,,,0 days 00:00:42.682000,0 days 00:00:30.499000,,0 days 00:14:43.535000,0 days 00:15:13.911000,180.0,197.0,242.0,,False,HARD,1.0,True,Cadillac,0 days 00:13:18.484000,2026-07-24 11:30:14.077,1,,,,False,False,FP1,47.0,23.6,28.6
0 days 00:16:45.212000,HER,25,0 days 00:01:31.434000,2.0,1.0,,,0 days 00:00:30.728000,0 days 00:00:33.377000,0 days 00:00:27.329000,0 days 00:15:44.506000,0 days 00:16:17.883000,0 days 00:16:45.212000,267.0,232.0,247.0,291.0,True,HARD,2.0,True,Cadillac,0 days 00:15:13.778000,2026-07-24 11:32:09.371,1,,,,False,True,FP1,47.0,23.6,28.6
0 days 00:18:11.652000,HER,25,0 days 00:01:26.440000,3.0,1.0,,,0 days 00:00:30.256000,0 days 00:00:32.152000,0 days 00:00:24.032000,0 days 00:17:15.468000,0 days 00:17:47.620000,0 days 00:18:11.652000,273.0,234.0,258.0,288.0,True,HARD,3.0,True,Cadillac,0 days 00:16:45.212000,2026-07-24 11:33:40.805,1,,,,False,True,FP1,45.8,23.5,28.5
0 days 00:19:38.809000,HER,25,0 days 00:01:27.157000,4.0,1.0,,,0 days 00:00:29.782000,0 days 00:00:33.089000,0 days 00:00:24.286000,0 days 00:18:41.434000,0 days 00:19:14.523000,0 days 00:19:38.809000,266.0,231.0,260.0,313.0,False,HARD,4.0,True,Cadillac,0 days 00:18:11.652000,2026-07-24 11:35:07.245,1,,,,False,True,FP1,45.8,23.5,28.5
0 days 00:21:38.268000,HER,25,0 days 00:01:59.459000,5.0,1.0,,,0 days 00:00:40.323000,0 days 00:00:46.997000,0 days 00:00:32.139000,0 days 00:20:19.132000,0 days 00:21:06.129000,0 days 00:21:38.268000,160.0,148.0,249.0,298.0,False,HARD,5.0,True,Cadillac,0 days 00:19:38.809000,2026-07-24 11:36:34.402,1,,,,False,True,FP1,45.8,23.5,28.5
0 days 00:23:36.815000,HER,25,0 days 00:01:58.547000,6.0,1.0,,,0 days 00:00:38.405000,0 days 00:00:43.922000,0 days 00:00:36.220000,0 days 00:22:16.673000,0 days 00:23:00.595000,0 days 00:23:36.815000,173.0,182.0,255.0,313.0,False,HARD,6.0,True,Cadillac,0 days 00:21:38.268000,2026-07-24 11:38:33.861,1,,,,False,True,FP1,43.1,23.5,28.8
0 days 00:25:02.431000,HER,25,0 days 00:01:25.616000,7.0,1.0,,,0 days 00:00:29.708000,0 days 00:00:31.913000,0 days 00:00:23.995000,0 days 00:24:06.523000,0 days 00:24:38.436000,0 days 00:25:02.431000,283.0,234.0,253.0,315.0,True,HARD,7.0,True,Cadillac,0 days 00:23:36.815000,2026-07-24 11:40:32.408,1,,,,False,True,FP1,43.1,23.5,28.8
0 days 00:27:07.278000,HER,25,0 days 00:02:04.847000,8.0,1.0,,,0 days 00:00:45.152000,0 days 00:00:47.080000,0 days 00:00:32.615000,0 days 00:25:47.583000,0 days 00:26:34.663000,0 days 00:27:07.278000,129.0,145.0,255.0,206.0,False,HARD,8.0,True,Cadillac,0 days 00:25:02.431000,2026-07-24 11:41:58.024,1,,,,False,True,FP1,43.1,23.5,28.8
0 days 00:28:32.121000,HER,25,0 days 00:01:24.843000,9.0,1.0,,,0 days 00:00:29.246000,0 days 00:00:31.537000,0 days 00:00:24.060000,0 days 00:27:36.524000,0 days 00:28:08.061000,0 days 00:28:32.121000,288.0,238.0,257.0,315.0,True,HARD,9.0,True,Cadillac,0 days 00:27:07.278000,2026-07-24 11:44:02.871,1,,,,False,True,FP1,43.1,23.5,28.8
0 days 00:30:35.528000,HER,25,0 days 00:02:03.407000,10.0,1.0,,,0 days 00:00:46.439000,0 days 00:00:46.302000,0 days 00:00:30.666000,0 days 00:29:18.560000,0 days 00:30:04.862000,0 days 00:30:35.528000,140.0,155.0,257.0,204.0,False,HARD,10.0,True,Cadillac,0 days 00:28:32.121000,2026-07-24 11:45:27.714,1,,,,False,True,FP1,43.1,23.5,28.8
0 days 00:32:01.302000,HER,25,0 days 00:01:25.774000,11.0,1.0,,,0 days 00:00:30.091000,0 days 00:00:31.717000,0 days 00:00:23.966000,0 days 00:31:05.619000,0 days 00:31:37.336000,0 days 00:32:01.302000,284.0,231.0,260.0,315.0,False,HARD,11.0,True,Cadillac,0 days 00:30:35.528000,2026-07-24 11:47:31.121,1,,,,False,True,FP1,43.1,23.5,28.8
0 days 00:33:54.708000,HER,25,0 days 00:01:53.406000,12.0,1.0,,0 days 00:33:52.924000,0 days 00:00:36.278000,0 days 00:00:43.044000,0 days 00:00:34.084000,0 days 00:32:37.580000,0 days 00:33:20.624000,0 days 00:33:54.708000,231.0,208.0,,286.0,False,HARD,12.0,True,Cadillac,0 days 00:32:01.302000,2026-07-24 11:48:56.895,1,,,,False,False,FP1,42.9,23.5,29.0
0 days 00:43:54.649000,HER,25,,13.0,2.0,0 days 00:41:58.661000,,,0 days 00:00:42.880000,0 days 00:00:30.621000,,0 days 00:43:24.264000,0 days 00:43:54.790000,181.0,181.0,259.0,286.0,False,SOFT,1.0,True,Cadillac,0 days 00:33:54.708000,2026-07-24 11:50:50.301,1,,,,False,False,FP1,42.9,23.5,29.0
0 days 00:45:17.767000,HER,25,0 days 00:01:23.118000,14.0,2.0,,,0 days 00:00:28.944000,0 days 00:00:30.707000,0 days 00:00:23.467000,0 days 00:44:23.593000,0 days 00:44:54.300000,0 days 00:45:17.767000,287.0,241.0,260.0,318.0,True,SOFT,2.0,True,Cadillac,0 days 00:43:54.649000,2026-07-24 12:00:50.242,1,,,,False,True,FP1,42.9,23.5,29.0
0 days 00:47:24.666000,HER,25,0 days 00:02:06.899000,15.0,2.0,,,0 days 00:00:44.882000,0 days 00:00:48.393000,0 days 00:00:33.624000,0 days 00:46:02.649000,0 days 00:46:51.042000,0 days 00:47:24.666000,138.0,169.0,162.0,221.0,False,SOFT,3.0,True,Cadillac,0 days 00:45:17.767000,2026-07-24 12:02:13.360,1,,,,False,True,FP1,42.9,23.5,29.0
0 days 00:49:29.402000,HER,25,0 days 00:02:04.736000,16.0,2.0,,,0 days 00:00:43.779000,0 days 00:00:50.273000,0 days 00:00:30.684000,0 days 00:48:08.445000,0 days 00:48:58.718000,0 days 00:49:29.402000,173.0,191.0,259.0,187.0,False,SOFT,4.0,True,Cadillac,0 days 00:47:24.666000,2026-07-24 12:04:20.259,1,,,,False,True,FP1,41.4,23.5,29.3
0 days 00:56:17.746000,HER,25,,17.0,2.0,,0 days 00:51:36.279000,0 days 00:00:35.373000,,,0 days 00:50:05.076000,,,149.0,,,316.0,False,SOFT,5.0,True,Cadillac,0 days 00:49:29.402000,2026-07-24 12:06:24.995,125,,,,False,False,FP1,41.4,23.5,29.3
0 days 00:58:02.615000,HER,25,,18.0,3.0,0 days 00:56:17.746000,,,0 days 00:00:36.401000,0 days 00:00:27.242000,,0 days 00:57:35.545000,0 days 00:58:02.615000,215.0,210.0,255.0,316.0,False,SOFT,6.0,False,Cadillac,0 days 00:56:17.746000,2026-07-24 12:13:13.339,1,,,,False,False,FP1,41.4,23.5,29.3
0 days 00:59:26.154000,HER,25,0 days 00:01:23.539000,19.0,3.0,,,0 days 00:00:29.267000,0 days 00:00:30.743000,0 days 00:00:23.529000,0 days 00:58:31.882000,0 days 00:59:02.625000,0 days 00:59:26.154000,288.0,233.0,262.0,315.0,False,SOFT,7.0,False,Cadillac,0 days 00:58:02.615000,2026-07-24 12:14:58.208,1,,,,False,True,FP1,41.4,23.5,29.3
0 days 01:01:04.445000,HER,25,0 days 00:01:38.291000,20.0,3.0,,0 days 01:01:02.639000,0 days 00:00:32.559000,0 days 00:00:34.665000,0 days 00:00:31.067000,0 days 00:59:58.713000,0 days 01:00:33.378000,0 days 01:01:04.445000,199.0,217.0,,259.0,False,SOFT,8.0,False,Cadillac,0 days 00:59:26.154000,2026-07-24 12:16:21.747,1,,,,False,False,FP1,41.4,23.5,29.3
0 days 01:06:34.874000,HER,25,,21.0,4.0,0 days 01:04:32.930000,,,0 days 00:00:40.913000,0 days 00:00:25.021000,,0 days 01:06:10.143000,0 days 01:06:34.946000,218.0,223.0,254.0,259.0,False,SOFT,9.0,False,Cadillac,0 days 01:01:04.445000,2026-07-24 12:18:00.038,12,,,,False,False,FP1,41.4,23.5,29.3
0 days 01:08:01.843000,HER,25,0 days 00:01:26.969000,22.0,4.0,,,0 days 00:00:30.164000,0 days 00:00:32.209000,0 days 00:00:24.596000,0 days 01:07:05.038000,0 days 01:07:37.247000,0 days 01:08:01.843000,271.0,228.0,255.0,309.0,False,SOFT,10.0,False,Cadillac,0 days 01:06:34.874000,2026-07-24 12:23:30.467,1,,,,False,True,FP1,41.4,23.5,29.3
0 days 01:09:28.361000,HER,25,0 days 00:01:26.518000,23.0,4.0,,,0 days 00:00:29.825000,0 days 00:00:32.037000,0 days 00:00:24.656000,0 days 01:08:31.668000,0 days 01:09:03.705000,0 days 01:09:28.361000,272.0,229.0,254.0,308.0,False,SOFT,11.0,False,Cadillac,0 days 01:08:01.843000,2026-07-24 12:24:57.436,1,,,,False,True,FP1,41.3,23.4,29.8
0 days 01:10:55.497000,HER,25,0 days 00:01:27.136000,24.0,4.0,,,0 days 00:00:30.190000,0 days 00:00:32.047000,0 days 00:00:24.899000,0 days 01:09:58.551000,0 days 01:10:30.598000,0 days 01:10:55.497000,271.0,230.0,253.0,307.0,False,SOFT,12.0,False,Cadillac,0 days 01:09:28.361000,2026-07-24 12:26:23.954,1,,,,False,True,FP1,41.3,23.4,29.8
0 days 01:12:22.845000,HER,25,0 days 00:01:27.348000,25.0,4.0,,,0 days 00:00:30.299000,0 days 00:00:32.171000,0 days 00:00:24.878000,0 days 01:11:25.796000,0 days 01:11:57.967000,0 days 01:12:22.845000,270.0,230.0,252.0,307.0,False,SOFT,13.0,False,Cadillac,0 days 01:10:55.497000,2026-07-24 12:27:51.090,1,,,,False,True,FP1,41.3,23.4,29.8
0 days 01:13:50.189000,HER,25,0 days 00:01:27.344000,26.0,4.0,,,0 days 00:00:30.428000,0 days 00:00:32.140000,0 days 00:00:24.776000,0 days 01:12:53.273000,0 days 01:13:25.413000,0 days 01:13:50.189000,273.0,229.0,252.0,307.0,False,SOFT,14.0,False,Cadillac,0 days 01:12:22.845000,2026-07-24 12:29:18.438,1,,,,False,True,FP1,41.3,23.4,29.8
0 days 01:16:01.253000,HER,25,0 days 00:02:11.064000,27.0,4.0,,,0 days 00:00:38.285000,0 days 00:00:43.819000,0 days 00:00:48.960000,0 days 01:14:28.474000,0 days 01:15:12.293000,0 days 01:16:01.253000,172.0,164.0,29.0,285.0,False,SOFT,15.0,False,Cadillac,0 days 01:13:50.189000,2026-07-24 12:30:45.782,1,,,,False,True,FP1,40.8,23.2,30.0
0 days 01:17:58.728000,HER,25,0 days 00:01:57.475000,28.0,4.0,,0 days 01:17:56.774000,0 days 00:00:49.279000,0 days 00:00:33.880000,0 days 00:00:34.316000,0 days 01:16:50.532000,0 days 01:17:24.412000,0 days 01:17:58.728000,273.0,216.0,,258.0,False,SOFT,16.0,False,Cadillac,0 days 01:16:01.253000,2026-07-24 12:32:56.846,1,,,,False,False,FP1,40.8,23.2,30.0
0 days 00:15:13.146000,HUL,27,,1.0,1.0,0 days 00:13:27.553000,0 days 00:15:11.373000,,0 days 00:00:36.746000,0 days 00:00:32.784000,,0 days 00:14:40.611000,0 days 00:15:13.210000,233.0,179.0,,,False,MEDIUM,1.0,True,Audi,0 days 00:13:27.553000,2026-07-24 11:30:23.146,1,,,,False,False,FP1,40.8,23.2,30.0
0 days 00:17:32.849000,HUL,27,0 days 00:02:19.703000,2.0,2.0,0 days 00:15:48.246000,0 days 00:17:31.104000,0 days 00:01:11.593000,0 days 00:00:37.184000,0 days 00:00:30.926000,0 days 00:16:24.739000,0 days 00:17:01.923000,0 days 00:17:32.849000,151.0,179.0,,,False,MEDIUM,2.0,False,Audi,0 days 00:15:13.146000,2026-07-24 11:32:08.739,1,,,,False,False,FP1,40.8,23.2,30.0
0 days 00:24:53.168000,HUL,27,,3.0,3.0,0 days 00:23:00.631000,,,0 days 00:00:35.005000,0 days 00:00:28.513000,,0 days 00:24:24.846000,0 days 00:24:53.343000,241.0,215.0,262.0,,False,MEDIUM,3.0,False,Audi,0 days 00:17:32.849000,2026-07-24 11:34:28.442,1,,,,False,False,FP1,40.8,23.2,30.0
0 days 00:26:15.610000,HUL,27,0 days 00:01:22.442000,4.0,3.0,,,0 days 00:00:28.727000,0 days 00:00:30.318000,0 days 00:00:23.397000,0 days 00:25:21.895000,0 days 00:25:52.213000,0 days 00:26:15.610000,292.0,245.0,259.0,321.0,True,MEDIUM,4.0,False,Audi,0 days 00:24:53.168000,2026-07-24 11:41:48.761,1,,,,False,True,FP1,40.8,23.2,30.0
0 days 00:28:07.130000,HUL,27,0 days 00:01:51.520000,5.0,3.0,,,0 days 00:00:42.153000,0 days 00:00:43.131000,0 days 00:00:26.236000,0 days 00:26:57.763000,0 days 00:27:40.894000,0 days 00:28:07.130000,159.0,218.0,264.0,228.0,False,MEDIUM,5.0,False,Audi,0 days 00:26:15.610000,2026-07-24 11:43:11.203,1,,,,False,True,FP1,40.8,23.2,30.0
0 days 00:29:28.634000,HUL,27,0 days 00:01:21.504000,6.0,3.0,,,0 days 00:00:28.477000,0 days 00:00:29.823000,0 days 00:00:23.204000,0 days 00:28:35.607000,0 days 00:29:05.430000,0 days 00:29:28.634000,294.0,249.0,255.0,321.0,True,MEDIUM,6.0,False,Audi,0 days 00:28:07.130000,2026-07-24 11:45:02.723,1,,,,False,True,FP1,40.8,23.2,30.0
0 days 00:31:22.014000,HUL,27,0 days 00:01:53.380000,7.0,3.0,,0 days 00:31:20.289000,0 days 00:00:35.339000,0 days 00:00:44.143000,0 days 00:00:33.898000,0 days 00:30:03.973000,0 days 00:30:48.116000,0 days 00:31:22.014000,164.0,158.0,,278.0,False,MEDIUM,7.0,False,Audi,0 days 00:29:28.634000,2026-07-24 11:46:24.227,1,,,,False,False,FP1,41.5,23.1,30.1
0 days 00:33:21.685000,HUL,27,0 days 00:01:59.671000,8.0,4.0,0 days 00:31:46.171000,,0 days 00:00:57.306000,0 days 00:00:36.965000,0 days 00:00:25.400000,0 days 00:32:19.320000,0 days 00:32:56.285000,0 days 00:33:21.685000,203.0,220.0,264.0,278.0,False,MEDIUM,8.0,False,Audi,0 days 00:31:22.014000,2026-07-24 11:48:17.607,1,,,,False,False,FP1,41.5,23.1,30.1
0 days 00:34:43.393000,HUL,27,0 days 00:01:21.708000,9.0,4.0,,,0 days 00:00:28.447000,0 days 00:00:29.667000,0 days 00:00:23.594000,0 days 00:33:50.132000,0 days 00:34:19.799000,0 days 00:34:43.393000,298.0,249.0,256.0,319.0,False,MEDIUM,9.0,False,Audi,0 days 00:33:21.685000,2026-07-24 11:50:17.278,1,,,,False,True,FP1,41.5,23.1,30.1
0 days 00:36:34.128000,HUL,27,0 days 00:01:50.735000,10.0,4.0,,0 days 00:36:32.418000,0 days 00:00:37.941000,0 days 00:00:42.169000,0 days 00:00:30.625000,0 days 00:35:21.334000,0 days 00:36:03.503000,0 days 00:36:34.128000,167.0,179.0,,258.0,False,MEDIUM,10.0,False,Audi,0 days 00:34:43.393000,2026-07-24 11:51:38.986,1,,,,False,False,FP1,41.5,23.1,30.1
0 days 00:43:26.368000,HUL,27,,11.0,5.0,0 days 00:41:52.815000,,,0 days 00:00:34.659000,0 days 00:00:24.728000,,0 days 00:43:02.012000,0 days 00:43:26.608000,243.0,221.0,266.0,258.0,False,SOFT,1.0,True,Audi,0 days 00:36:34.128000,2026-07-24 11:53:29.721,1,,,,False,False,FP1,41.5,23.1,30.1
0 days 00:44:47.157000,HUL,27,0 days 00:01:20.789000,12.0,5.0,,,0 days 00:00:28.165000,0 days 00:00:29.344000,0 days 00:00:23.280000,0 days 00:43:54.533000,0 days 00:44:23.877000,0 days 00:44:47.157000,300.0,250.0,256.0,323.0,True,SOFT,2.0,True,Audi,0 days 00:43:26.368000,2026-07-24 12:00:21.961,1,,,,False,True,FP1,41.5,23.1,30.1
0 days 00:46:44.225000,HUL,27,0 days 00:01:57.068000,13.0,5.0,,,0 days 00:00:41.357000,0 days 00:00:44.335000,0 days 00:00:31.376000,0 days 00:45:28.514000,0 days 00:46:12.849000,0 days 00:46:44.225000,144.0,158.0,224.0,218.0,False,SOFT,3.0,True,Audi,0 days 00:44:47.157000,2026-07-24 12:01:42.750,1,,,,False,True,FP1,41.5,23.1,30.1
0 days 00:48:27.531000,HUL,27,0 days 00:01:43.306000,14.0,5.0,,,0 days 00:00:33.029000,0 days 00:00:41.393000,0 days 00:00:28.884000,0 days 00:47:17.254000,0 days 00:47:58.647000,0 days 00:48:27.531000,171.0,166.0,265.0,307.0,False,SOFT,4.0,True,Audi,0 days 00:46:44.225000,2026-07-24 12:03:39.818,1,,,,False,True,FP1,40.8,23.1,29.6
0 days 00:49:48.154000,HUL,27,0 days 00:01:20.623000,15.0,5.0,,,0 days 00:00:28.130000,0 days 00:00:29.377000,0 days 00:00:23.116000,0 days 00:48:55.661000,0 days 00:49:25.038000,0 days 00:49:48.154000,296.0,250.0,256.0,319.0,True,SOFT,5.0,True,Audi,0 days 00:48:27.531000,2026-07-24 12:05:23.124,12,,,,False,True,FP1,40.8,23.1,29.6
0 days 00:57:19.606000,HUL,27,,16.0,5.0,,0 days 00:52:00.889000,,,,,,,,,,208.0,False,SOFT,6.0,True,Audi,0 days 00:49:48.154000,2026-07-24 12:06:43.747,251,,,,False,False,FP1,40.8,23.1,29.6
0 days 00:59:02.002000,HUL,27,,17.0,6.0,0 days 00:57:19.606000,,,0 days 00:00:32.274000,0 days 00:00:24.182000,,0 days 00:58:37.974000,0 days 00:59:02.109000,275.0,234.0,260.0,208.0,False,MEDIUM,11.0,False,Audi,0 days 00:57:19.606000,2026-07-24 12:14:15.199,1,,,,False,False,FP1,40.8,23.1,29.6
0 days 01:00:26.334000,HUL,27,0 days 00:01:24.332000,18.0,6.0,,,0 days 00:00:29.316000,0 days 00:00:30.929000,0 days 00:00:24.087000,0 days 00:59:31.318000,0 days 01:00:02.247000,0 days 01:00:26.334000,293.0,236.0,259.0,312.0,False,MEDIUM,12.0,False,Audi,0 days 00:59:02.002000,2026-07-24 12:15:57.595,1,,,,False,True,FP1,40.8,23.1,29.6
0 days 01:01:50.951000,HUL,27,0 days 00:01:24.617000,19.0,6.0,,,0 days 00:00:29.290000,0 days 00:00:31.119000,0 days 00:00:24.208000,0 days 01:00:55.624000,0 days 01:01:26.743000,0 days 01:01:50.951000,287.0,235.0,257.0,312.0,False,MEDIUM,13.0,False,Audi,0 days 01:00:26.334000,2026-07-24 12:17:21.927,1,,,,False,True,FP1,40.8,23.1,29.6
0 days 01:03:16.103000,HUL,27,0 days 00:01:25.152000,20.0,6.0,,,0 days 00:00:29.394000,0 days 00:00:31.248000,0 days 00:00:24.510000,0 days 01:02:20.345000,0 days 01:02:51.593000,0 days 01:03:16.103000,289.0,237.0,259.0,312.0,False,MEDIUM,14.0,False,Audi,0 days 01:01:50.951000,2026-07-24 12:18:46.544,12,,,,False,True,FP1,40.8,23.1,29.6
0 days 01:04:42.352000,HUL,27,0 days 00:01:26.249000,21.0,6.0,,,0 days 00:00:29.671000,0 days 00:00:31.481000,0 days 00:00:25.097000,0 days 01:03:45.774000,0 days 01:04:17.255000,0 days 01:04:42.352000,286.0,229.0,253.0,307.0,False,MEDIUM,15.0,False,Audi,0 days 01:03:16.103000,2026-07-24 12:20:11.696,1,,,,False,True,FP1,42.0,23.1,29.6
0 days 01:06:08.878000,HUL,27,0 days 00:01:26.526000,22.0,6.0,,,0 days 00:00:30.176000,0 days 00:00:31.509000,0 days 00:00:24.841000,0 days 01:05:12.528000,0 days 01:05:44.037000,0 days 01:06:08.878000,291.0,227.0,257.0,319.0,False,MEDIUM,16.0,False,Audi,0 days 01:04:42.352000,2026-07-24 12:21:37.945,1,,,,False,True,FP1,42.0,23.1,29.6
0 days 01:07:34.884000,HUL,27,0 days 00:01:26.006000,23.0,6.0,,,0 days 00:00:29.707000,0 days 00:00:31.443000,0 days 00:00:24.856000,0 days 01:06:38.585000,0 days 01:07:10.028000,0 days 01:07:34.884000,282.0,230.0,257.0,309.0,False,MEDIUM,17.0,False,Audi,0 days 01:06:08.878000,2026-07-24 12:23:04.471,1,,,,False,True,FP1,42.0,23.1,29.6
0 days 01:09:01.508000,HUL,27,0 days 00:01:26.624000,24.0,6.0,,,0 days 00:00:29.812000,0 days 00:00:31.743000,0 days 00:00:25.069000,0 days 01:08:04.696000,0 days 01:08:36.439000,0 days 01:09:01.508000,287.0,231.0,256.0,308.0,False,MEDIUM,18.0,False,Audi,0 days 01:07:34.884000,2026-07-24 12:24:30.477,1,,,,False,True,FP1,42.0,23.1,29.6
0 days 01:10:27.668000,HUL,27,0 days 00:01:26.160000,25.0,6.0,,,0 days 00:00:29.679000,0 days 00:00:31.598000,0 days 00:00:24.883000,0 days 01:09:31.187000,0 days 01:10:02.785000,0 days 01:10:27.668000,291.0,232.0,257.0,323.0,False,MEDIUM,19.0,False,Audi,0 days 01:09:01.508000,2026-07-24 12:25:57.101,1,,,,False,True,FP1,42.0,23.1,29.6
0 days 01:11:57.090000,HUL,27,0 days 00:01:29.422000,26.0,6.0,,0 days 01:11:55.321000,0 days 00:00:30.085000,0 days 00:00:31.617000,0 days 00:00:27.720000,0 days 01:10:57.753000,0 days 01:11:29.370000,0 days 01:11:57.090000,288.0,234.0,,305.0,False,MEDIUM,20.0,False,Audi,0 days 01:10:27.668000,2026-07-24 12:27:23.261,1,,,,False,False,FP1,42.0,23.1,29.6
0 days 01:14:25.095000,HUL,27,0 days 00:02:28.005000,27.0,7.0,0 days 01:12:21.576000,,0 days 00:01:29.611000,0 days 00:00:34.135000,0 days 00:00:24.259000,0 days 01:13:26.701000,0 days 01:14:00.836000,0 days 01:14:25.095000,214.0,232.0,258.0,305.0,False,SOFT,7.0,False,Audi,0 days 01:11:57.090000,2026-07-24 12:28:52.683,1,,,,False,False,FP1,42.0,23.1,29.6
0 days 01:17:08.769000,HUL,27,,28.0,7.0,,,0 days 00:00:33.593000,0 days 00:00:37.259000,0 days 00:01:32.875000,0 days 01:14:58.814000,0 days 01:15:36.216000,0 days 01:17:08.852000,193.0,211.0,164.0,309.0,False,SOFT,8.0,False,Audi,0 days 01:14:25.095000,2026-07-24 12:31:20.688,1,,,,False,False,FP1,43.8,23.1,29.8
0 days 01:18:52.357000,HUL,27,0 days 00:01:43.588000,29.0,7.0,,0 days 01:18:50.587000,0 days 00:00:33.122000,0 days 00:00:39.169000,0 days 00:00:31.297000,0 days 01:17:41.891000,0 days 01:18:21.060000,0 days 01:18:52.357000,217.0,191.0,,280.0,False,SOFT,9.0,False,Audi,0 days 01:17:08.769000,2026-07-24 12:34:04.362,1,,,,False,False,FP1,43.8,23.1,29.8
0 days 00:16:02.590000,LAW,30,,1.0,1.0,0 days 00:13:54.957000,,,0 days 00:00:34.972000,0 days 00:00:25.792000,,0 days 00:15:37.090000,0 days 00:16:02.814000,233.0,211.0,261.0,,False,MEDIUM,1.0,True,Racing Bulls,0 days 00:13:54.957000,2026-07-24 11:30:50.550,1,,,,False,False,FP1,43.8,23.1,29.8
0 days 00:17:26.096000,LAW,30,0 days 00:01:23.506000,2.0,1.0,,,0 days 00:00:28.888000,0 days 00:00:30.932000,0 days 00:00:23.686000,0 days 00:16:31.478000,0 days 00:17:02.410000,0 days 00:17:26.096000,298.0,249.0,236.0,320.0,True,MEDIUM,2.0,True,Racing Bulls,0 days 00:16:02.590000,2026-07-24 11:32:58.183,1,,,,False,True,FP1,43.8,23.1,29.8
0 days 00:19:35.495000,LAW,30,0 days 00:02:09.399000,3.0,1.0,,,0 days 00:00:47.906000,0 days 00:00:52.688000,0 days 00:00:28.805000,0 days 00:18:14.002000,0 days 00:19:06.690000,0 days 00:19:35.495000,147.0,194.0,262.0,194.0,True,MEDIUM,3.0,True,Racing Bulls,0 days 00:17:26.096000,2026-07-24 11:34:21.689,1,,,,False,True,FP1,43.8,23.1,29.8
0 days 00:20:58.918000,LAW,30,0 days 00:01:23.423000,4.0,1.0,,,0 days 00:00:28.675000,0 days 00:00:29.935000,0 days 00:00:24.813000,0 days 00:20:04.170000,0 days 00:20:34.105000,0 days 00:20:58.918000,299.0,251.0,211.0,323.0,True,MEDIUM,4.0,True,Racing Bulls,0 days 00:19:35.495000,2026-07-24 11:36:31.088,1,,,,False,True,FP1,42.1,23.1,29.0
0 days 00:22:59.992000,LAW,30,0 days 00:02:01.074000,5.0,1.0,,0 days 00:22:58.304000,0 days 00:00:48.950000,0 days 00:00:40.731000,0 days 00:00:31.393000,0 days 00:21:47.868000,0 days 00:22:28.599000,0 days 00:22:59.992000,152.0,189.0,,205.0,False,MEDIUM,5.0,True,Racing Bulls,0 days 00:20:58.918000,2026-07-24 11:37:54.511,1,,,,False,False,FP1,42.1,23.1,29.0
0 days 00:25:08.062000,LAW,30,0 days 00:02:08.070000,6.0,2.0,0 days 00:23:27.703000,,0 days 00:01:07.078000,0 days 00:00:35.171000,0 days 00:00:25.821000,0 days 00:24:07.070000,0 days 00:24:42.241000,0 days 00:25:08.062000,235.0,222.0,264.0,205.0,False,MEDIUM,6.0,False,Racing Bulls,0 days 00:22:59.992000,2026-07-24 11:39:55.585,1,,,,False,False,FP1,42.1,23.1,29.0
0 days 00:26:30.071000,LAW,30,0 days 00:01:22.009000,7.0,2.0,,,0 days 00:00:28.563000,0 days 00:00:29.975000,0 days 00:00:23.471000,0 days 00:25:36.625000,0 days 00:26:06.600000,0 days 00:26:30.071000,298.0,249.0,253.0,322.0,True,MEDIUM,7.0,False,Racing Bulls,0 days 00:25:08.062000,2026-07-24 11:42:03.655,1,,,,False,True,FP1,42.1,23.1,29.0
0 days 00:28:37.284000,LAW,30,0 days 00:02:07.213000,8.0,2.0,,,0 days 00:00:51.490000,0 days 00:00:43.434000,0 days 00:00:32.289000,0 days 00:27:21.561000,0 days 00:28:04.995000,0 days 00:28:37.284000,151.0,180.0,196.0,187.0,False,MEDIUM,8.0,False,Racing Bulls,0 days 00:26:30.071000,2026-07-24 11:43:25.664,1,,,,False,True,FP1,42.1,23.1,29.0
0 days 00:30:16.862000,LAW,30,0 days 00:01:39.578000,9.0,2.0,,,0 days 00:00:36.458000,0 days 00:00:36.709000,0 days 00:00:26.411000,0 days 00:29:13.742000,0 days 00:29:50.451000,0 days 00:30:16.862000,219.0,211.0,261.0,241.0,False,MEDIUM,9.0,False,Racing Bulls,0 days 00:28:37.284000,2026-07-24 11:45:32.877,1,,,,False,True,FP1,42.1,23.1,29.0
0 days 00:31:38.319000,LAW,30,0 days 00:01:21.457000,10.0,2.0,,,0 days 00:00:28.483000,0 days 00:00:29.591000,0 days 00:00:23.383000,0 days 00:30:45.345000,0 days 00:31:14.936000,0 days 00:31:38.319000,294.0,250.0,260.0,322.0,True,MEDIUM,10.0,False,Racing Bulls,0 days 00:30:16.862000,2026-07-24 11:47:12.455,1,,,,False,True,FP1,42.1,23.1,29.0
0 days 00:33:20.540000,LAW,30,0 days 00:01:42.221000,11.0,2.0,,0 days 00:33:18.830000,0 days 00:00:35.149000,0 days 00:00:35.745000,0 days 00:00:31.327000,0 days 00:32:13.468000,0 days 00:32:49.213000,0 days 00:33:20.540000,209.0,218.0,,243.0,False,MEDIUM,11.0,False,Racing Bulls,0 days 00:31:38.319000,2026-07-24 11:48:33.912,1,,,,False,False,FP1,42.1,23.1,29.0
0 days 00:42:53.403000,LAW,30,,12.0,3.0,0 days 00:41:15.546000,,,0 days 00:00:36.077000,0 days 00:00:25.090000,,0 days 00:42:28.357000,0 days 00:42:53.478000,232.0,211.0,265.0,243.0,False,SOFT,1.0,True,Racing Bulls,0 days 00:33:20.540000,2026-07-24 11:50:16.133,1,,,,False,False,FP1,41.6,23.1,29.0
0 days 00:44:14.269000,LAW,30,0 days 00:01:20.866000,13.0,3.0,,,0 days 00:00:28.201000,0 days 00:00:29.385000,0 days 00:00:23.280000,0 days 00:43:21.604000,0 days 00:43:50.989000,0 days 00:44:14.269000,295.0,250.0,252.0,323.0,True,SOFT,2.0,True,Racing Bulls,0 days 00:42:53.403000,2026-07-24 11:59:48.996,1,,,,False,True,FP1,41.6,23.1,29.0
0 days 00:46:02.902000,LAW,30,0 days 00:01:48.633000,14.0,3.0,,0 days 00:46:01.111000,0 days 00:00:36.624000,0 days 00:00:38.526000,0 days 00:00:33.483000,0 days 00:44:50.893000,0 days 00:45:29.419000,0 days 00:46:02.902000,204.0,196.0,,204.0,False,SOFT,3.0,True,Racing Bulls,0 days 00:44:14.269000,2026-07-24 12:01:09.862,1,,,,False,False,FP1,41.6,23.1,29.0
0 days 00:56:54.064000,LAW,30,,15.0,4.0,0 days 00:48:40.590000,0 days 00:50:28.732000,,0 days 00:00:38.071000,,,0 days 00:49:56.574000,,220.0,205.0,,,False,SOFT,4.0,False,Racing Bulls,0 days 00:46:02.902000,2026-07-24 12:02:58.495,125,,,,False,False,FP1,41.6,23.1,29.0
0 days 00:58:46.552000,LAW,30,,16.0,5.0,0 days 00:56:54.064000,,,0 days 00:00:32.964000,0 days 00:00:25.236000,,0 days 00:58:21.487000,0 days 00:58:46.664000,287.0,235.0,259.0,204.0,False,MEDIUM,12.0,False,Racing Bulls,0 days 00:56:54.064000,2026-07-24 12:13:49.657,1,,,,False,False,FP1,41.6,23.1,29.0
0 days 01:00:13.896000,LAW,30,0 days 00:01:27.344000,17.0,5.0,,,0 days 00:00:30.194000,0 days 00:00:32.276000,0 days 00:00:24.874000,0 days 00:59:16.746000,0 days 00:59:49.022000,0 days 01:00:13.896000,282.0,238.0,257.0,314.0,False,MEDIUM,13.0,False,Racing Bulls,0 days 00:58:46.552000,2026-07-24 12:15:42.145,1,,,,False,True,FP1,41.6,23.1,29.0
0 days 01:01:40.854000,LAW,30,0 days 00:01:26.958000,18.0,5.0,,,0 days 00:00:29.964000,0 days 00:00:32.089000,0 days 00:00:24.905000,0 days 01:00:43.860000,0 days 01:01:15.949000,0 days 01:01:40.854000,280.0,237.0,257.0,308.0,False,MEDIUM,14.0,False,Racing Bulls,0 days 01:00:13.896000,2026-07-24 12:17:09.489,1,,,,False,True,FP1,41.6,23.1,29.0
0 days 01:03:07.127000,LAW,30,0 days 00:01:26.273000,19.0,5.0,,,0 days 00:00:29.770000,0 days 00:00:31.708000,0 days 00:00:24.795000,0 days 01:02:10.624000,0 days 01:02:42.332000,0 days 01:03:07.127000,293.0,237.0,257.0,316.0,False,MEDIUM,15.0,False,Racing Bulls,0 days 01:01:40.854000,2026-07-24 12:18:36.447,12,,,,False,True,FP1,41.6,23.1,29.0
0 days 01:04:33.997000,LAW,30,0 days 00:01:26.870000,20.0,5.0,,,0 days 00:00:29.979000,0 days 00:00:31.891000,0 days 00:00:25,0 days 01:03:37.106000,0 days 01:04:08.997000,0 days 01:04:33.997000,288.0,232.0,256.0,313.0,False,MEDIUM,16.0,False,Racing Bulls,0 days 01:03:07.127000,2026-07-24 12:20:02.720,1,,,,False,True,FP1,41.6,23.1,29.0
0 days 01:06:00.642000,LAW,30,0 days 00:01:26.645000,21.0,5.0,,,0 days 00:00:29.827000,0 days 00:00:31.803000,0 days 00:00:25.015000,0 days 01:05:03.824000,0 days 01:05:35.627000,0 days 01:06:00.642000,289.0,230.0,257.0,304.0,False,MEDIUM,17.0,False,Racing Bulls,0 days 01:04:33.997000,2026-07-24 12:21:29.590,1,,,,False,True,FP1,45.2,23.2,29.5
0 days 01:07:27.199000,LAW,30,0 days 00:01:26.557000,22.0,5.0,,,0 days 00:00:29.906000,0 days 00:00:31.832000,0 days 00:00:24.819000,0 days 01:06:30.548000,0 days 01:07:02.380000,0 days 01:07:27.199000,281.0,235.0,257.0,303.0,False,MEDIUM,18.0,False,Racing Bulls,0 days 01:06:00.642000,2026-07-24 12:22:56.235,1,,,,False,True,FP1,45.2,23.2,29.5
0 days 01:08:53.477000,LAW,30,0 days 00:01:26.278000,23.0,5.0,,,0 days 00:00:29.762000,0 days 00:00:31.646000,0 days 00:00:24.870000,0 days 01:07:56.961000,0 days 01:08:28.607000,0 days 01:08:53.477000,288.0,234.0,256.0,313.0,False,MEDIUM,19.0,False,Racing Bulls,0 days 01:07:27.199000,2026-07-24 12:24:22.792,1,,,,False,True,FP1,45.2,23.2,29.5
0 days 01:10:19.705000,LAW,30,0 days 00:01:26.228000,24.0,5.0,,,0 days 00:00:29.667000,0 days 00:00:31.648000,0 days 00:00:24.913000,0 days 01:09:23.144000,0 days 01:09:54.792000,0 days 01:10:19.705000,291.0,235.0,255.0,313.0,False,MEDIUM,20.0,False,Racing Bulls,0 days 01:08:53.477000,2026-07-24 12:25:49.070,1,,,,False,True,FP1,45.2,23.2,29.5
0 days 01:11:46.049000,LAW,30,0 days 00:01:26.344000,25.0,5.0,,,0 days 00:00:29.957000,0 days 00:00:31.512000,0 days 00:00:24.875000,0 days 01:10:49.662000,0 days 01:11:21.174000,0 days 01:11:46.049000,287.0,237.0,256.0,309.0,False,MEDIUM,21.0,False,Racing Bulls,0 days 01:10:19.705000,2026-07-24 12:27:15.298,1,,,,False,True,FP1,45.2,23.2,29.5
0 days 01:13:12.084000,LAW,30,0 days 00:01:26.035000,26.0,5.0,,,0 days 00:00:29.699000,0 days 00:00:31.365000,0 days 00:00:24.971000,0 days 01:12:15.748000,0 days 01:12:47.113000,0 days 01:13:12.084000,281.0,228.0,255.0,317.0,False,MEDIUM,22.0,False,Racing Bulls,0 days 01:11:46.049000,2026-07-24 12:28:41.642,1,,,,False,True,FP1,45.2,23.2,29.5
0 days 01:15:19.744000,LAW,30,0 days 00:02:07.660000,27.0,5.0,,,0 days 00:00:38.941000,0 days 00:00:46.406000,0 days 00:00:42.313000,0 days 01:13:51.025000,0 days 01:14:37.431000,0 days 01:15:19.744000,134.0,224.0,63.0,306.0,False,MEDIUM,23.0,False,Racing Bulls,0 days 01:13:12.084000,2026-07-24 12:30:07.677,1,,,,False,True,FP1,45.2,23.2,29.5
0 days 01:17:20.312000,LAW,30,0 days 00:02:00.568000,28.0,5.0,,0 days 01:17:18.508000,0 days 00:00:55.885000,0 days 00:00:35.944000,0 days 00:00:28.739000,0 days 01:16:15.629000,0 days 01:16:51.573000,0 days 01:17:20.312000,276.0,211.0,,253.0,False,MEDIUM,24.0,False,Racing Bulls,0 days 01:15:19.744000,2026-07-24 12:32:15.337,1,,,,False,False,FP1,45.2,23.2,29.5
0 days 00:14:59.706000,OCO,31,,1.0,1.0,0 days 00:13:13.411000,,,0 days 00:00:39.436000,0 days 00:00:29.073000,,0 days 00:14:30.863000,0 days 00:14:59.903000,231.0,207.0,254.0,,False,MEDIUM,1.0,True,Haas F1 Team,0 days 00:13:13.411000,2026-07-24 11:30:09.004,1,,,,False,False,FP1,45.2,23.2,29.5
0 days 00:16:33.859000,OCO,31,0 days 00:01:34.153000,2.0,1.0,,,0 days 00:00:29.746000,0 days 00:00:31.686000,0 days 00:00:32.721000,0 days 00:15:29.452000,0 days 00:16:01.138000,0 days 00:16:33.859000,286.0,234.0,252.0,312.0,True,MEDIUM,2.0,True,Haas F1 Team,0 days 00:14:59.706000,2026-07-24 11:31:55.299,1,,,,False,True,FP1,45.2,23.2,29.5
0 days 00:18:03.424000,OCO,31,0 days 00:01:29.565000,3.0,1.0,,0 days 00:18:01.672000,0 days 00:00:29.496000,0 days 00:00:30.830000,0 days 00:00:29.239000,0 days 00:17:03.355000,0 days 00:17:34.185000,0 days 00:18:03.424000,290.0,237.0,,312.0,False,MEDIUM,3.0,True,Haas F1 Team,0 days 00:16:33.859000,2026-07-24 11:33:29.452,1,,,,False,False,FP1,45.2,23.2,29.5
0 days 00:30:29.565000,OCO,31,,4.0,2.0,0 days 00:28:53.358000,,,0 days 00:00:34.904000,0 days 00:00:28.007000,,0 days 00:30:01.779000,0 days 00:30:29.624000,246.0,219.0,260.0,312.0,False,MEDIUM,4.0,False,Haas F1 Team,0 days 00:18:03.424000,2026-07-24 11:34:59.017,1,,,,False,False,FP1,46.4,23.3,29.4
0 days 00:31:52.139000,OCO,31,0 days 00:01:22.574000,5.0,2.0,,,0 days 00:00:28.845000,0 days 00:00:30.228000,0 days 00:00:23.501000,0 days 00:30:58.410000,0 days 00:31:28.638000,0 days 00:31:52.139000,289.0,241.0,262.0,316.0,True,MEDIUM,5.0,False,Haas F1 Team,0 days 00:30:29.565000,2026-07-24 11:47:25.158,1,,,,False,True,FP1,46.4,23.3,29.4
0 days 00:34:05.026000,OCO,31,0 days 00:02:12.887000,6.0,2.0,,,0 days 00:00:48.133000,0 days 00:00:54.163000,0 days 00:00:30.591000,0 days 00:32:40.272000,0 days 00:33:34.435000,0 days 00:34:05.026000,123.0,216.0,261.0,265.0,False,MEDIUM,6.0,False,Haas F1 Team,0 days 00:31:52.139000,2026-07-24 11:48:47.732,1,,,,False,True,FP1,46.4,23.3,29.4
0 days 00:35:27.274000,OCO,31,0 days 00:01:22.248000,7.0,2.0,,,0 days 00:00:28.588000,0 days 00:00:29.867000,0 days 00:00:23.793000,0 days 00:34:33.614000,0 days 00:35:03.481000,0 days 00:35:27.274000,288.0,243.0,240.0,317.0,True,MEDIUM,7.0,False,Haas F1 Team,0 days 00:34:05.026000,2026-07-24 11:51:00.619,1,,,,False,True,FP1,46.4,23.3,29.4
0 days 00:37:37.499000,OCO,31,0 days 00:02:10.225000,8.0,2.0,,0 days 00:37:35.639000,0 days 00:00:46.160000,0 days 00:00:49.823000,0 days 00:00:34.242000,0 days 00:36:13.434000,0 days 00:37:03.257000,0 days 00:37:37.499000,130.0,148.0,,193.0,False,MEDIUM,8.0,False,Haas F1 Team,0 days 00:35:27.274000,2026-07-24 11:52:22.867,1,,,,False,False,FP1,46.4,23.3,29.4
0 days 00:39:56.572000,OCO,31,0 days 00:02:19.073000,9.0,3.0,0 days 00:37:53.712000,,0 days 00:01:14.595000,0 days 00:00:38.564000,0 days 00:00:25.914000,0 days 00:38:52.094000,0 days 00:39:30.658000,0 days 00:39:56.572000,200.0,212.0,259.0,193.0,False,MEDIUM,9.0,False,Haas F1 Team,0 days 00:37:37.499000,2026-07-24 11:54:33.092,1,,,,False,False,FP1,46.4,23.3,29.4
0 days 00:41:21.393000,OCO,31,0 days 00:01:24.821000,10.0,3.0,,,0 days 00:00:30.149000,0 days 00:00:31.006000,0 days 00:00:23.666000,0 days 00:40:26.721000,0 days 00:40:57.727000,0 days 00:41:21.393000,290.0,239.0,260.0,314.0,False,MEDIUM,10.0,False,Haas F1 Team,0 days 00:39:56.572000,2026-07-24 11:56:52.165,1,,,,False,True,FP1,46.4,23.3,29.4
0 days 00:43:07.124000,OCO,31,0 days 00:01:45.731000,11.0,3.0,,0 days 00:43:05.252000,0 days 00:00:38.047000,0 days 00:00:39.480000,0 days 00:00:28.204000,0 days 00:41:59.440000,0 days 00:42:38.920000,0 days 00:43:07.124000,237.0,224.0,,245.0,False,MEDIUM,11.0,False,Haas F1 Team,0 days 00:41:21.393000,2026-07-24 11:58:16.986,1,,,,False,False,FP1,46.2,23.4,28.9
0 days 00:49:34.030000,OCO,31,,12.0,4.0,0 days 00:47:53.130000,,,0 days 00:00:35.856000,0 days 00:00:29.515000,,0 days 00:49:04.661000,0 days 00:49:34.030000,240.0,229.0,264.0,245.0,False,SOFT,1.0,True,Haas F1 Team,0 days 00:43:07.124000,2026-07-24 12:00:02.717,12,,,,False,False,FP1,46.2,23.4,28.9
0 days 00:56:07.346000,OCO,31,,13.0,4.0,,0 days 00:51:41.002000,,,,,,,,,,324.0,False,SOFT,2.0,True,Haas F1 Team,0 days 00:49:34.030000,2026-07-24 12:06:29.623,125,,,,False,False,FP1,46.2,23.4,28.9
0 days 00:57:39.540000,OCO,31,,14.0,5.0,0 days 00:56:07.346000,,,0 days 00:00:32.559000,0 days 00:00:26.559000,,0 days 00:57:13.264000,0 days 00:57:39.715000,263.0,223.0,249.0,324.0,False,SOFT,3.0,False,Haas F1 Team,0 days 00:56:07.346000,2026-07-24 12:13:02.939,1,,,,False,False,FP1,46.2,23.4,28.9
0 days 00:59:15.181000,OCO,31,0 days 00:01:35.641000,15.0,5.0,,,0 days 00:00:31.723000,0 days 00:00:36.187000,0 days 00:00:27.731000,0 days 00:58:11.263000,0 days 00:58:47.450000,0 days 00:59:15.181000,242.0,208.0,265.0,307.0,False,SOFT,4.0,False,Haas F1 Team,0 days 00:57:39.540000,2026-07-24 12:14:35.133,1,,,,False,True,FP1,46.2,23.4,28.9
0 days 01:00:36.232000,OCO,31,0 days 00:01:21.051000,16.0,5.0,,,0 days 00:00:28.408000,0 days 00:00:29.482000,0 days 00:00:23.161000,0 days 00:59:43.589000,0 days 01:00:13.071000,0 days 01:00:36.232000,287.0,245.0,258.0,325.0,True,SOFT,5.0,False,Haas F1 Team,0 days 00:59:15.181000,2026-07-24 12:16:10.774,1,,,,False,True,FP1,46.2,23.4,28.9
0 days 01:02:35.372000,OCO,31,0 days 00:01:59.140000,17.0,5.0,,,0 days 00:00:40.791000,0 days 00:00:44.342000,0 days 00:00:34.007000,0 days 01:01:17.023000,0 days 01:02:01.365000,0 days 01:02:35.372000,154.0,159.0,192.0,185.0,False,SOFT,6.0,False,Haas F1 Team,0 days 01:00:36.232000,2026-07-24 12:17:31.825,12,,,,False,True,FP1,46.2,23.4,28.9
0 days 01:04:41.632000,OCO,31,0 days 00:02:06.260000,18.0,5.0,,,0 days 00:00:45.495000,0 days 00:00:46.533000,0 days 00:00:34.232000,0 days 01:03:20.867000,0 days 01:04:07.400000,0 days 01:04:41.632000,165.0,172.0,259.0,184.0,False,SOFT,7.0,False,Haas F1 Team,0 days 01:02:35.372000,2026-07-24 12:19:30.965,21,,,,False,True,FP1,46.2,23.4,28.9
0 days 01:06:03.514000,OCO,31,0 days 00:01:21.882000,19.0,5.0,,,0 days 00:00:28.554000,0 days 00:00:29.801000,0 days 00:00:23.527000,0 days 01:05:10.186000,0 days 01:05:39.987000,0 days 01:06:03.514000,285.0,247.0,255.0,317.0,False,SOFT,8.0,False,Haas F1 Team,0 days 01:04:41.632000,2026-07-24 12:21:37.225,1,,,,False,True,FP1,46.2,23.4,28.9
0 days 01:07:47.217000,OCO,31,0 days 00:01:43.703000,20.0,5.0,,0 days 01:07:45.560000,0 days 00:00:39.936000,0 days 00:00:34.905000,0 days 00:00:28.862000,0 days 01:06:43.450000,0 days 01:07:18.355000,0 days 01:07:47.217000,143.0,222.0,,210.0,False,SOFT,9.0,False,Haas F1 Team,0 days 01:06:03.514000,2026-07-24 12:22:59.107,1,,,,False,False,FP1,46.2,23.4,28.9
0 days 01:12:12.383000,OCO,31,,21.0,6.0,0 days 01:10:40.727000,,,0 days 00:00:32.216000,0 days 00:00:24.214000,,0 days 01:11:48.331000,0 days 01:12:12.430000,254.0,240.0,256.0,210.0,False,MEDIUM,12.0,False,Haas F1 Team,0 days 01:07:47.217000,2026-07-24 12:24:42.810,1,,,,False,False,FP1,46.2,23.4,28.9
0 days 01:13:37.077000,OCO,31,0 days 00:01:24.694000,22.0,6.0,,,0 days 00:00:29.367000,0 days 00:00:31.212000,0 days 00:00:24.115000,0 days 01:12:41.750000,0 days 01:13:12.962000,0 days 01:13:37.077000,281.0,237.0,257.0,312.0,False,MEDIUM,13.0,False,Haas F1 Team,0 days 01:12:12.383000,2026-07-24 12:29:07.976,1,,,,False,True,FP1,46.2,23.4,28.9
0 days 01:15:27.372000,OCO,31,0 days 00:01:50.295000,23.0,6.0,,,0 days 00:00:35.839000,0 days 00:00:36.234000,0 days 00:00:38.222000,0 days 01:14:12.916000,0 days 01:14:49.150000,0 days 01:15:27.372000,253.0,124.0,53.0,188.0,False,MEDIUM,14.0,False,Haas F1 Team,0 days 01:13:37.077000,2026-07-24 12:30:32.670,1,,,,False,True,FP1,45.3,23.4,28.9
0 days 01:17:28.640000,OCO,31,0 days 00:02:01.268000,24.0,6.0,,0 days 01:17:26.809000,0 days 00:00:57.049000,0 days 00:00:31.927000,0 days 00:00:32.292000,0 days 01:16:24.421000,0 days 01:16:56.348000,0 days 01:17:28.640000,272.0,223.0,,258.0,False,MEDIUM,15.0,False,Haas F1 Team,0 days 01:15:27.372000,2026-07-24 12:32:22.965,1,,,,False,False,FP1,45.3,23.4,28.9
0 days 00:16:38.348000,LIN,41,,1.0,1.0,0 days 00:14:12.309000,,,0 days 00:00:41.442000,0 days 00:00:33.994000,,0 days 00:16:04.747000,0 days 00:16:38.531000,204.0,212.0,256.0,,False,MEDIUM,1.0,True,Racing Bulls,0 days 00:14:12.309000,2026-07-24 11:31:07.902,1,,,,False,False,FP1,45.3,23.4,28.9
0 days 00:18:04.140000,LIN,41,0 days 00:01:25.792000,2.0,1.0,,,0 days 00:00:29.948000,0 days 00:00:31.076000,0 days 00:00:24.768000,0 days 00:17:08.296000,0 days 00:17:39.372000,0 days 00:18:04.140000,284.0,246.0,241.0,317.0,True,MEDIUM,2.0,True,Racing Bulls,0 days 00:16:38.348000,2026-07-24 11:33:33.941,1,,,,False,True,FP1,45.3,23.4,28.9
0 days 00:19:55.760000,LIN,41,0 days 00:01:51.620000,3.0,1.0,,,0 days 00:00:43.382000,0 days 00:00:41.895000,0 days 00:00:26.343000,0 days 00:18:47.522000,0 days 00:19:29.417000,0 days 00:19:55.760000,159.0,220.0,264.0,260.0,False,MEDIUM,3.0,True,Racing Bulls,0 days 00:18:04.140000,2026-07-24 11:34:59.733,1,,,,False,True,FP1,45.3,23.4,28.9
0 days 00:21:18.208000,LIN,41,0 days 00:01:22.448000,4.0,1.0,,,0 days 00:00:28.924000,0 days 00:00:30.113000,0 days 00:00:23.411000,0 days 00:20:24.684000,0 days 00:20:54.797000,0 days 00:21:18.208000,294.0,249.0,260.0,321.0,True,MEDIUM,4.0,True,Racing Bulls,0 days 00:19:55.760000,2026-07-24 11:36:51.353,1,,,,False,True,FP1,45.3,23.4,28.9
0 days 00:23:13.005000,LIN,41,0 days 00:01:54.797000,5.0,1.0,,,0 days 00:00:40.547000,0 days 00:00:45.220000,0 days 00:00:29.030000,0 days 00:21:58.755000,0 days 00:22:43.975000,0 days 00:23:13.005000,186.0,177.0,210.0,207.0,False,MEDIUM,5.0,True,Racing Bulls,0 days 00:21:18.208000,2026-07-24 11:38:13.801,1,,,,False,True,FP1,45.3,23.4,28.9
0 days 00:25:03.293000,LIN,41,0 days 00:01:50.288000,6.0,1.0,,,0 days 00:00:37.588000,0 days 00:00:42.612000,0 days 00:00:30.088000,0 days 00:23:50.593000,0 days 00:24:33.205000,0 days 00:25:03.293000,179.0,219.0,262.0,259.0,False,MEDIUM,6.0,True,Racing Bulls,0 days 00:23:13.005000,2026-07-24 11:40:08.598,1,,,,False,True,FP1,45.3,23.4,28.9
0 days 00:26:25.118000,LIN,41,0 days 00:01:21.825000,7.0,1.0,,,0 days 00:00:28.647000,0 days 00:00:29.654000,0 days 00:00:23.524000,0 days 00:25:31.940000,0 days 00:26:01.594000,0 days 00:26:25.118000,300.0,249.0,252.0,321.0,True,MEDIUM,7.0,True,Racing Bulls,0 days 00:25:03.293000,2026-07-24 11:41:58.886,1,,,,False,True,FP1,45.3,23.4,28.9
0 days 00:28:29.380000,LIN,41,0 days 00:02:04.262000,8.0,1.0,,,0 days 00:00:47.198000,0 days 00:00:42.708000,0 days 00:00:34.356000,0 days 00:27:12.316000,0 days 00:27:55.024000,0 days 00:28:29.380000,166.0,161.0,162.0,187.0,False,MEDIUM,8.0,True,Racing Bulls,0 days 00:26:25.118000,2026-07-24 11:43:20.711,1,,,,False,True,FP1,44.2,23.6,28.0
0 days 00:30:11.711000,LIN,41,0 days 00:01:42.331000,9.0,1.0,,,0 days 00:00:40.085000,0 days 00:00:36.885000,0 days 00:00:25.361000,0 days 00:29:09.465000,0 days 00:29:46.350000,0 days 00:30:11.711000,191.0,217.0,261.0,202.0,False,MEDIUM,9.0,True,Racing Bulls,0 days 00:28:29.380000,2026-07-24 11:45:24.973,1,,,,False,True,FP1,44.2,23.6,28.0
0 days 00:31:33.330000,LIN,41,0 days 00:01:21.619000,10.0,1.0,,,0 days 00:00:28.634000,0 days 00:00:29.557000,0 days 00:00:23.428000,0 days 00:30:40.345000,0 days 00:31:09.902000,0 days 00:31:33.330000,296.0,246.0,264.0,319.0,True,MEDIUM,10.0,True,Racing Bulls,0 days 00:30:11.711000,2026-07-24 11:47:07.304,1,,,,False,True,FP1,44.2,23.6,28.0
0 days 00:33:10.077000,LIN,41,0 days 00:01:36.747000,11.0,1.0,,0 days 00:33:08.330000,0 days 00:00:36.812000,0 days 00:00:33.551000,0 days 00:00:26.384000,0 days 00:32:10.142000,0 days 00:32:43.693000,0 days 00:33:10.077000,197.0,238.0,,223.0,False,MEDIUM,11.0,True,Racing Bulls,0 days 00:31:33.330000,2026-07-24 11:48:28.923,1,,,,False,False,FP1,44.2,23.6,28.0
0 days 00:42:42.755000,LIN,41,,12.0,2.0,0 days 00:41:00.358000,,,0 days 00:00:37.965000,0 days 00:00:25.458000,,0 days 00:42:17.601000,0 days 00:42:42.815000,171.0,212.0,263.0,223.0,False,SOFT,1.0,True,Racing Bulls,0 days 00:33:10.077000,2026-07-24 11:50:05.670,1,,,,False,False,FP1,44.2,23.6,28.0
0 days 00:44:03.515000,LIN,41,0 days 00:01:20.760000,13.0,2.0,,,0 days 00:00:28.485000,0 days 00:00:29.119000,0 days 00:00:23.156000,0 days 00:43:11.240000,0 days 00:43:40.359000,0 days 00:44:03.515000,295.0,246.0,265.0,319.0,True,SOFT,2.0,True,Racing Bulls,0 days 00:42:42.755000,2026-07-24 11:59:38.348,1,,,,False,True,FP1,44.2,23.6,28.0
0 days 00:46:00.298000,LIN,41,0 days 00:01:56.783000,14.0,2.0,,0 days 00:45:58.426000,0 days 00:00:38.596000,0 days 00:00:44.643000,0 days 00:00:33.544000,0 days 00:44:42.111000,0 days 00:45:26.754000,0 days 00:46:00.298000,197.0,172.0,,217.0,False,SOFT,3.0,True,Racing Bulls,0 days 00:44:03.515000,2026-07-24 12:00:59.108,1,,,,False,False,FP1,44.2,23.6,28.0
0 days 00:57:07.266000,LIN,41,,15.0,3.0,0 days 00:48:46.777000,0 days 00:50:35.843000,,0 days 00:00:37.720000,,,0 days 00:50:04.644000,,217.0,208.0,,,False,SOFT,4.0,False,Racing Bulls,0 days 00:46:00.298000,2026-07-24 12:02:55.891,125,,,,False,False,FP1,44.2,23.6,28.0
0 days 00:58:37.607000,LIN,41,,16.0,4.0,0 days 00:57:07.266000,,,0 days 00:00:33.298000,0 days 00:00:25.623000,,0 days 00:58:12.189000,0 days 00:58:37.724000,266.0,229.0,255.0,217.0,False,MEDIUM,12.0,False,Racing Bulls,0 days 00:57:07.266000,2026-07-24 12:14:02.859,1,,,,False,False,FP1,44.2,23.6,28.0
0 days 01:00:04.841000,LIN,41,0 days 00:01:27.234000,17.0,4.0,,,0 days 00:00:30.417000,0 days 00:00:32.134000,0 days 00:00:24.683000,0 days 00:59:08.024000,0 days 00:59:40.158000,0 days 01:00:04.841000,272.0,234.0,258.0,319.0,False,MEDIUM,13.0,False,Racing Bulls,0 days 00:58:37.607000,2026-07-24 12:15:33.200,1,,,,False,True,FP1,44.2,23.6,28.0
0 days 01:01:31.056000,LIN,41,0 days 00:01:26.215000,18.0,4.0,,,0 days 00:00:30.281000,0 days 00:00:31.471000,0 days 00:00:24.463000,0 days 01:00:35.122000,0 days 01:01:06.593000,0 days 01:01:31.056000,277.0,235.0,258.0,307.0,False,MEDIUM,14.0,False,Racing Bulls,0 days 01:00:04.841000,2026-07-24 12:17:00.434,1,,,,False,True,FP1,44.2,23.6,28.0
0 days 01:02:57.244000,LIN,41,0 days 00:01:26.188000,19.0,4.0,,,0 days 00:00:29.958000,0 days 00:00:31.515000,0 days 00:00:24.715000,0 days 01:02:01.014000,0 days 01:02:32.529000,0 days 01:02:57.244000,282.0,237.0,258.0,309.0,False,MEDIUM,15.0,False,Racing Bulls,0 days 01:01:31.056000,2026-07-24 12:18:26.649,12,,,,False,True,FP1,43.9,23.7,28.2
0 days 01:04:24.053000,LIN,41,0 days 00:01:26.809000,20.0,4.0,,,0 days 00:00:30.298000,0 days 00:00:31.753000,0 days 00:00:24.758000,0 days 01:03:27.542000,0 days 01:03:59.295000,0 days 01:04:24.053000,281.0,233.0,257.0,310.0,False,MEDIUM,16.0,False,Racing Bulls,0 days 01:02:57.244000,2026-07-24 12:19:52.837,21,,,,False,True,FP1,43.9,23.7,28.2
0 days 01:05:50.209000,LIN,41,0 days 00:01:26.156000,21.0,4.0,,,0 days 00:00:29.795000,0 days 00:00:31.639000,0 days 00:00:24.722000,0 days 01:04:53.848000,0 days 01:05:25.487000,0 days 01:05:50.209000,286.0,233.0,258.0,313.0,False,MEDIUM,17.0,False,Racing Bulls,0 days 01:04:24.053000,2026-07-24 12:21:19.646,1,,,,False,True,FP1,43.9,23.7,28.2
0 days 01:07:17.065000,LIN,41,0 days 00:01:26.856000,22.0,4.0,,,0 days 00:00:29.957000,0 days 00:00:31.998000,0 days 00:00:24.901000,0 days 01:06:20.166000,0 days 01:06:52.164000,0 days 01:07:17.065000,281.0,235.0,255.0,314.0,False,MEDIUM,18.0,False,Racing Bulls,0 days 01:05:50.209000,2026-07-24 12:22:45.802,1,,,,False,True,FP1,43.9,23.7,28.2
0 days 01:08:44.054000,LIN,41,0 days 00:01:26.989000,23.0,4.0,,,0 days 00:00:29.936000,0 days 00:00:31.872000,0 days 00:00:25.181000,0 days 01:07:47.001000,0 days 01:08:18.873000,0 days 01:08:44.054000,279.0,234.0,255.0,311.0,False,MEDIUM,19.0,False,Racing Bulls,0 days 01:07:17.065000,2026-07-24 12:24:12.658,1,,,,False,True,FP1,43.9,23.7,28.2
0 days 01:10:12.318000,LIN,41,0 days 00:01:28.264000,24.0,4.0,,,0 days 00:00:30.895000,0 days 00:00:32.343000,0 days 00:00:25.026000,0 days 01:09:14.949000,0 days 01:09:47.292000,0 days 01:10:12.318000,284.0,234.0,256.0,299.0,False,MEDIUM,20.0,False,Racing Bulls,0 days 01:08:44.054000,2026-07-24 12:25:39.647,1,,,,False,True,FP1,43.9,23.7,28.2
0 days 01:11:39.453000,LIN,41,0 days 00:01:27.135000,25.0,4.0,,,0 days 00:00:30.102000,0 days 00:00:31.949000,0 days 00:00:25.084000,0 days 01:10:42.420000,0 days 01:11:14.369000,0 days 01:11:39.453000,287.0,234.0,256.0,308.0,False,MEDIUM,21.0,False,Racing Bulls,0 days 01:10:12.318000,2026-07-24 12:27:07.911,1,,,,False,True,FP1,43.9,23.7,28.2
0 days 01:13:06.126000,LIN,41,0 days 00:01:26.673000,26.0,4.0,,,0 days 00:00:30.017000,0 days 00:00:31.705000,0 days 00:00:24.951000,0 days 01:12:09.470000,0 days 01:12:41.175000,0 days 01:13:06.126000,285.0,230.0,255.0,311.0,False,MEDIUM,22.0,False,Racing Bulls,0 days 01:11:39.453000,2026-07-24 12:28:35.046,1,,,,False,True,FP1,43.9,23.7,28.2
0 days 01:14:52.686000,LIN,41,0 days 00:01:46.560000,27.0,4.0,,,0 days 00:00:34.988000,0 days 00:00:37.073000,0 days 00:00:34.499000,0 days 01:13:41.114000,0 days 01:14:18.187000,0 days 01:14:52.686000,230.0,184.0,80.0,309.0,False,MEDIUM,23.0,False,Racing Bulls,0 days 01:13:06.126000,2026-07-24 12:30:01.719,1,,,,False,True,FP1,43.9,23.7,28.2
0 days 01:16:59.248000,LIN,41,0 days 00:02:06.562000,28.0,4.0,,0 days 01:16:56.887000,0 days 00:01:06.120000,0 days 00:00:32.945000,0 days 00:00:27.497000,0 days 01:15:58.806000,0 days 01:16:31.751000,0 days 01:16:59.248000,268.0,234.0,,251.0,False,MEDIUM,24.0,False,Racing Bulls,0 days 01:14:52.686000,2026-07-24 12:31:48.279,1,,,,False,False,FP1,43.9,23.7,28.2
0 days 00:16:23.146000,HAM,44,,1.0,1.0,0 days 00:13:57.992000,,,0 days 00:00:37.281000,0 days 00:00:31.746000,,0 days 00:15:51.604000,0 days 00:16:23.297000,196.0,204.0,118.0,,False,MEDIUM,1.0,True,Ferrari,0 days 00:13:57.992000,2026-07-24 11:30:53.585,1,,,,False,False,FP1,43.9,23.7,28.2
0 days 00:18:01.453000,HAM,44,0 days 00:01:38.307000,2.0,1.0,,,0 days 00:00:38.164000,0 days 00:00:35.026000,0 days 00:00:25.117000,0 days 00:17:01.310000,0 days 00:17:36.336000,0 days 00:18:01.453000,252.0,226.0,258.0,231.0,True,MEDIUM,2.0,True,Ferrari,0 days 00:16:23.146000,2026-07-24 11:33:18.739,1,,,,False,True,FP1,43.9,23.7,28.2
0 days 00:19:31.131000,HAM,44,0 days 00:01:29.678000,3.0,1.0,,,0 days 00:00:29.043000,0 days 00:00:35.172000,0 days 00:00:25.463000,0 days 00:18:30.496000,0 days 00:19:05.668000,0 days 00:19:31.131000,281.0,211.0,261.0,314.0,True,MEDIUM,3.0,True,Ferrari,0 days 00:18:01.453000,2026-07-24 11:34:57.046,1,,,,False,True,FP1,43.9,23.7,28.2
0 days 00:20:53.613000,HAM,44,0 days 00:01:22.482000,4.0,1.0,,,0 days 00:00:28.263000,0 days 00:00:29.450000,0 days 00:00:24.769000,0 days 00:19:59.394000,0 days 00:20:28.844000,0 days 00:20:53.613000,294.0,242.0,240.0,316.0,True,MEDIUM,4.0,True,Ferrari,0 days 00:19:31.131000,2026-07-24 11:36:26.724,1,,,,False,True,FP1,43.9,23.7,28.2
0 days 00:23:30.492000,HAM,44,,5.0,1.0,,,0 days 00:00:56.999000,0 days 00:01:05.269000,0 days 00:00:34.581000,0 days 00:21:50.803000,0 days 00:22:56.202000,0 days 00:23:30.518000,92.0,197.0,258.0,263.0,False,MEDIUM,5.0,True,Ferrari,0 days 00:20:53.613000,2026-07-24 11:37:49.206,1,,,,False,False,FP1,43.9,23.7,28.1
0 days 00:24:51.557000,HAM,44,0 days 00:01:21.065000,6.0,1.0,,,0 days 00:00:28.586000,0 days 00:00:29.431000,0 days 00:00:23.048000,0 days 00:23:59.078000,0 days 00:24:28.509000,0 days 00:24:51.557000,291.0,246.0,257.0,319.0,True,MEDIUM,6.0,True,Ferrari,0 days 00:23:30.492000,2026-07-24 11:40:26.085,1,,,,False,True,FP1,43.9,23.7,28.1
0 days 00:27:13.288000,HAM,44,0 days 00:02:21.731000,7.0,1.0,,,0 days 00:01:00.339000,0 days 00:00:53.841000,0 days 00:00:27.551000,0 days 00:25:51.896000,0 days 00:26:45.737000,0 days 00:27:13.288000,74.0,207.0,262.0,192.0,False,MEDIUM,7.0,True,Ferrari,0 days 00:24:51.557000,2026-07-24 11:41:47.150,1,,,,False,True,FP1,43.9,23.7,28.1
0 days 00:28:33.901000,HAM,44,0 days 00:01:20.613000,8.0,1.0,,,0 days 00:00:28.190000,0 days 00:00:29.302000,0 days 00:00:23.121000,0 days 00:27:41.478000,0 days 00:28:10.780000,0 days 00:28:33.901000,299.0,245.0,259.0,319.0,True,MEDIUM,8.0,True,Ferrari,0 days 00:27:13.288000,2026-07-24 11:44:08.881,1,,,,False,True,FP1,43.9,23.7,28.1
0 days 00:31:27.015000,HAM,44,,9.0,1.0,,,0 days 00:01:22.558000,0 days 00:01:04.634000,0 days 00:00:25.897000,0 days 00:29:56.678000,0 days 00:31:01.389000,0 days 00:31:27.048000,55.0,214.0,259.0,223.0,False,MEDIUM,9.0,True,Ferrari,0 days 00:28:33.901000,2026-07-24 11:45:29.494,1,,,,False,False,FP1,43.9,23.7,28.1
0 days 00:33:04.296000,HAM,44,0 days 00:01:37.281000,10.0,1.0,,0 days 00:33:02.515000,0 days 00:00:28.411000,0 days 00:00:38.073000,0 days 00:00:30.797000,0 days 00:31:55.426000,0 days 00:32:33.499000,0 days 00:33:04.296000,297.0,139.0,,315.0,False,MEDIUM,10.0,True,Ferrari,0 days 00:31:27.015000,2026-07-24 11:48:22.608,1,,,,False,False,FP1,43.9,23.7,28.1
0 days 00:48:04.771000,HAM,44,,11.0,2.0,0 days 00:46:27.010000,,,0 days 00:00:35.547000,0 days 00:00:25.900000,,0 days 00:47:39.002000,0 days 00:48:04.895000,246.0,223.0,262.0,315.0,False,SOFT,1.0,True,Ferrari,0 days 00:33:04.296000,2026-07-24 11:49:59.889,1,,,,False,False,FP1,43.9,23.7,28.1
0 days 00:49:24.389000,HAM,44,0 days 00:01:19.618000,12.0,2.0,,,0 days 00:00:27.931000,0 days 00:00:28.907000,0 days 00:00:22.780000,0 days 00:48:32.702000,0 days 00:49:01.609000,0 days 00:49:24.389000,298.0,243.0,262.0,316.0,True,SOFT,2.0,True,Ferrari,0 days 00:48:04.771000,2026-07-24 12:05:00.364,1,,,,False,True,FP1,43.9,23.7,28.1
0 days 01:01:47.343000,HAM,44,,13.0,2.0,,0 days 00:51:58.332000,,,,,,,,,,211.0,False,SOFT,3.0,True,Ferrari,0 days 00:49:24.389000,2026-07-24 12:06:19.982,125,,,,False,False,FP1,43.9,23.7,28.1
0 days 01:03:39.053000,HAM,44,,14.0,3.0,0 days 01:01:47.343000,,,0 days 00:00:32.704000,0 days 00:00:24.819000,,0 days 01:03:14.501000,0 days 01:03:39.107000,269.0,232.0,256.0,211.0,False,MEDIUM,11.0,False,Ferrari,0 days 01:01:47.343000,2026-07-24 12:18:42.936,12,,,,False,False,FP1,43.9,23.7,28.1
0 days 01:05:03.117000,HAM,44,0 days 00:01:24.064000,15.0,3.0,,,0 days 00:00:29.182000,0 days 00:00:30.826000,0 days 00:00:24.056000,0 days 01:04:08.235000,0 days 01:04:39.061000,0 days 01:05:03.117000,280.0,238.0,256.0,312.0,False,MEDIUM,12.0,False,Ferrari,0 days 01:03:39.053000,2026-07-24 12:20:34.646,1,,,,False,True,FP1,43.1,23.6,28.4
0 days 01:06:27.674000,HAM,44,0 days 00:01:24.557000,16.0,3.0,,,0 days 00:00:29.273000,0 days 00:00:31.111000,0 days 00:00:24.173000,0 days 01:05:32.390000,0 days 01:06:03.501000,0 days 01:06:27.674000,276.0,239.0,255.0,311.0,False,MEDIUM,13.0,False,Ferrari,0 days 01:05:03.117000,2026-07-24 12:21:58.710,1,,,,False,True,FP1,43.1,23.6,28.4
0 days 01:07:51.814000,HAM,44,0 days 00:01:24.140000,17.0,3.0,,,0 days 00:00:29.186000,0 days 00:00:30.872000,0 days 00:00:24.082000,0 days 01:06:56.860000,0 days 01:07:27.732000,0 days 01:07:51.814000,279.0,241.0,255.0,309.0,False,MEDIUM,14.0,False,Ferrari,0 days 01:06:27.674000,2026-07-24 12:23:23.267,1,,,,False,True,FP1,43.1,23.6,28.4
0 days 01:09:15.943000,HAM,44,0 days 00:01:24.129000,18.0,3.0,,,0 days 00:00:29.412000,0 days 00:00:30.651000,0 days 00:00:24.066000,0 days 01:08:21.226000,0 days 01:08:51.877000,0 days 01:09:15.943000,281.0,240.0,255.0,304.0,False,MEDIUM,15.0,False,Ferrari,0 days 01:07:51.814000,2026-07-24 12:24:47.407,1,,,,False,True,FP1,43.1,23.6,28.4
0 days 01:10:40.532000,HAM,44,0 days 00:01:24.589000,19.0,3.0,,,0 days 00:00:29.568000,0 days 00:00:30.859000,0 days 00:00:24.162000,0 days 01:09:45.511000,0 days 01:10:16.370000,0 days 01:10:40.532000,280.0,236.0,256.0,303.0,False,MEDIUM,16.0,False,Ferrari,0 days 01:09:15.943000,2026-07-24 12:26:11.536,1,,,,False,True,FP1,43.1,23.6,28.4
0 days 01:12:10.456000,HAM,44,0 days 00:01:29.924000,20.0,3.0,,,0 days 00:00:29.403000,0 days 00:00:30.982000,0 days 00:00:29.539000,0 days 01:11:09.935000,0 days 01:11:40.917000,0 days 01:12:10.456000,282.0,240.0,256.0,306.0,False,MEDIUM,17.0,False,Ferrari,0 days 01:10:40.532000,2026-07-24 12:27:36.125,1,,,,False,True,FP1,43.1,23.6,28.4
0 days 01:13:34.829000,HAM,44,0 days 00:01:24.373000,21.0,3.0,,,0 days 00:00:29.413000,0 days 00:00:30.785000,0 days 00:00:24.175000,0 days 01:12:39.869000,0 days 01:13:10.654000,0 days 01:13:34.829000,280.0,240.0,243.0,308.0,False,MEDIUM,18.0,False,Ferrari,0 days 01:12:10.456000,2026-07-24 12:29:06.049,1,,,,False,True,FP1,43.1,23.6,28.4
0 days 01:16:21.662000,HAM,44,,22.0,3.0,,,0 days 00:00:43.898000,0 days 00:00:44.596000,0 days 00:01:18.340000,0 days 01:14:18.888000,0 days 01:15:03.498000,0 days 01:16:21.713000,156.0,211.0,3.0,173.0,False,MEDIUM,19.0,False,Ferrari,0 days 01:13:34.829000,2026-07-24 12:30:30.422,1,,,,False,False,FP1,43.1,23.6,28.4
0 days 01:18:01.184000,HAM,44,0 days 00:01:39.522000,23.0,3.0,,0 days 01:17:59.415000,0 days 00:00:32.459000,0 days 00:00:33.583000,0 days 00:00:33.480000,0 days 01:16:54.121000,0 days 01:17:27.704000,0 days 01:18:01.184000,237.0,203.0,,268.0,False,MEDIUM,20.0,False,Ferrari,0 days 01:16:21.662000,2026-07-24 12:33:17.255,1,,,,False,False,FP1,43.1,23.6,28.4
0 days 00:14:53.984000,HIR,50,,1.0,1.0,0 days 00:13:07.531000,,,0 days 00:00:39.494000,0 days 00:00:28.076000,,0 days 00:14:26.145000,0 days 00:14:54.109000,210.0,205.0,250.0,,False,MEDIUM,1.0,True,Haas F1 Team,0 days 00:13:07.531000,2026-07-24 11:30:03.124,1,,,,False,False,FP1,43.1,23.6,28.4
0 days 00:16:28.390000,HIR,50,0 days 00:01:34.406000,2.0,1.0,,,0 days 00:00:31.312000,0 days 00:00:35.453000,0 days 00:00:27.641000,0 days 00:15:25.296000,0 days 00:16:00.749000,0 days 00:16:28.390000,259.0,214.0,234.0,311.0,True,MEDIUM,2.0,True,Haas F1 Team,0 days 00:14:53.984000,2026-07-24 11:31:49.577,1,,,,False,True,FP1,43.1,23.6,28.4
0 days 00:18:30.380000,HIR,50,0 days 00:02:01.990000,3.0,1.0,,0 days 00:18:28.625000,0 days 00:00:41.260000,0 days 00:00:47.095000,0 days 00:00:33.635000,0 days 00:17:09.650000,0 days 00:17:56.745000,0 days 00:18:30.380000,196.0,195.0,,223.0,False,MEDIUM,3.0,True,Haas F1 Team,0 days 00:16:28.390000,2026-07-24 11:33:23.983,1,,,,False,False,FP1,42.5,23.5,28.5
0 days 00:27:18.060000,HIR,50,,4.0,2.0,0 days 00:25:39.510000,,,0 days 00:00:34.531000,0 days 00:00:30.997000,,0 days 00:26:47.267000,0 days 00:27:18.187000,245.0,217.0,257.0,223.0,False,MEDIUM,4.0,False,Haas F1 Team,0 days 00:18:30.380000,2026-07-24 11:35:25.973,1,,,,False,False,FP1,42.5,23.5,28.5
0 days 00:28:42.790000,HIR,50,0 days 00:01:24.730000,5.0,2.0,,,0 days 00:00:29.423000,0 days 00:00:31.293000,0 days 00:00:24.014000,0 days 00:27:47.483000,0 days 00:28:18.776000,0 days 00:28:42.790000,290.0,241.0,238.0,318.0,True,MEDIUM,5.0,False,Haas F1 Team,0 days 00:27:18.060000,2026-07-24 11:44:13.653,1,,,,False,True,FP1,42.5,23.5,28.5
0 days 00:30:41.813000,HIR,50,0 days 00:01:59.023000,6.0,2.0,,,0 days 00:00:45.646000,0 days 00:00:46.399000,0 days 00:00:26.978000,0 days 00:29:28.436000,0 days 00:30:14.835000,0 days 00:30:41.813000,146.0,172.0,260.0,172.0,False,MEDIUM,6.0,False,Haas F1 Team,0 days 00:28:42.790000,2026-07-24 11:45:38.383,1,,,,False,True,FP1,42.5,23.5,28.5
0 days 00:32:06.032000,HIR,50,0 days 00:01:24.219000,7.0,2.0,,,0 days 00:00:29.655000,0 days 00:00:30.869000,0 days 00:00:23.695000,0 days 00:31:11.468000,0 days 00:31:42.337000,0 days 00:32:06.032000,287.0,241.0,257.0,317.0,True,MEDIUM,7.0,False,Haas F1 Team,0 days 00:30:41.813000,2026-07-24 11:47:37.406,1,,,,False,True,FP1,42.5,23.5,28.5
0 days 00:34:22.094000,HIR,50,0 days 00:02:16.062000,8.0,2.0,,0 days 00:34:20.320000,0 days 00:00:53.320000,0 days 00:00:49.314000,0 days 00:00:33.428000,0 days 00:32:59.352000,0 days 00:33:48.666000,0 days 00:34:22.094000,69.0,138.0,,185.0,False,MEDIUM,8.0,False,Haas F1 Team,0 days 00:32:06.032000,2026-07-24 11:49:01.625,1,,,,False,False,FP1,42.5,23.5,28.5
0 days 00:36:49.328000,HIR,50,0 days 00:02:27.234000,9.0,3.0,0 days 00:35:14.529000,,0 days 00:01:26.384000,0 days 00:00:34.883000,0 days 00:00:25.967000,0 days 00:35:48.478000,0 days 00:36:23.361000,0 days 00:36:49.328000,226.0,215.0,258.0,185.0,False,MEDIUM,9.0,False,Haas F1 Team,0 days 00:34:22.094000,2026-07-24 11:51:17.687,1,,,,False,False,FP1,42.5,23.5,28.5
0 days 00:38:12.968000,HIR,50,0 days 00:01:23.640000,10.0,3.0,,,0 days 00:00:29.268000,0 days 00:00:30.726000,0 days 00:00:23.646000,0 days 00:37:18.596000,0 days 00:37:49.322000,0 days 00:38:12.968000,288.0,242.0,250.0,315.0,True,MEDIUM,10.0,False,Haas F1 Team,0 days 00:36:49.328000,2026-07-24 11:53:44.921,1,,,,False,True,FP1,42.5,23.5,28.5
0 days 00:40:06.224000,HIR,50,0 days 00:01:53.256000,11.0,3.0,,0 days 00:40:04.486000,0 days 00:00:43.208000,0 days 00:00:38.028000,0 days 00:00:32.020000,0 days 00:38:56.176000,0 days 00:39:34.204000,0 days 00:40:06.224000,196.0,146.0,,190.0,False,MEDIUM,11.0,False,Haas F1 Team,0 days 00:38:12.968000,2026-07-24 11:55:08.561,1,,,,False,False,FP1,42.5,23.5,28.5
0 days 00:47:48.598000,HIR,50,,12.0,4.0,0 days 00:46:05.411000,,,0 days 00:00:35.061000,0 days 00:00:28.975000,,0 days 00:47:19.776000,0 days 00:47:48.755000,234.0,161.0,258.0,190.0,False,MEDIUM,12.0,False,Haas F1 Team,0 days 00:40:06.224000,2026-07-24 11:57:01.817,1,,,,False,False,FP1,42.5,23.5,28.5
0 days 00:49:12.986000,HIR,50,0 days 00:01:24.388000,13.0,4.0,,,0 days 00:00:29.417000,0 days 00:00:31.188000,0 days 00:00:23.783000,0 days 00:48:18.015000,0 days 00:48:49.203000,0 days 00:49:12.986000,292.0,242.0,254.0,315.0,False,MEDIUM,13.0,False,Haas F1 Team,0 days 00:47:48.598000,2026-07-24 12:04:44.191,1,,,,False,True,FP1,42.5,23.5,28.5
0 days 00:56:23.532000,HIR,50,,14.0,4.0,,0 days 00:50:57.936000,0 days 00:00:34.907000,,,0 days 00:49:48.129000,,,206.0,,,220.0,False,MEDIUM,14.0,False,Haas F1 Team,0 days 00:49:12.986000,2026-07-24 12:06:08.579,125,,,,False,False,FP1,42.5,23.5,28.5
0 days 00:58:07.961000,HIR,50,,15.0,5.0,0 days 00:56:23.532000,,,0 days 00:00:37.925000,0 days 00:00:26.651000,,0 days 00:57:41.609000,0 days 00:58:08.167000,225.0,198.0,261.0,220.0,False,SOFT,1.0,True,Haas F1 Team,0 days 00:56:23.532000,2026-07-24 12:13:19.125,1,,,,False,False,FP1,42.5,23.5,28.5
0 days 00:59:51.217000,HIR,50,0 days 00:01:43.256000,16.0,5.0,,,0 days 00:00:36.306000,0 days 00:00:37.422000,0 days 00:00:29.528000,0 days 00:58:44.267000,0 days 00:59:21.689000,0 days 00:59:51.217000,138.0,182.0,263.0,319.0,False,SOFT,2.0,True,Haas F1 Team,0 days 00:58:07.961000,2026-07-24 12:15:03.554,1,,,,False,True,FP1,43.7,23.5,28.3
0 days 01:01:39.852000,HIR,50,0 days 00:01:48.635000,17.0,5.0,,,0 days 00:00:36.843000,0 days 00:00:45.727000,0 days 00:00:26.065000,0 days 01:00:28.060000,0 days 01:01:13.787000,0 days 01:01:39.852000,148.0,172.0,260.0,325.0,False,SOFT,3.0,True,Haas F1 Team,0 days 00:59:51.217000,2026-07-24 12:16:46.810,1,,,,False,True,FP1,43.7,23.5,28.3
0 days 01:03:02.660000,HIR,50,0 days 00:01:22.808000,18.0,5.0,,,0 days 00:00:28.919000,0 days 00:00:30.345000,0 days 00:00:23.544000,0 days 01:02:08.771000,0 days 01:02:39.116000,0 days 01:03:02.660000,293.0,245.0,257.0,319.0,True,SOFT,4.0,True,Haas F1 Team,0 days 01:01:39.852000,2026-07-24 12:18:35.445,12,,,,False,True,FP1,43.7,23.5,28.3
0 days 01:05:10.023000,HIR,50,0 days 00:02:07.363000,19.0,5.0,,,0 days 00:00:47.595000,0 days 00:00:43.098000,0 days 00:00:36.670000,0 days 01:03:50.255000,0 days 01:04:33.353000,0 days 01:05:10.023000,156.0,139.0,134.0,183.0,False,SOFT,5.0,True,Haas F1 Team,0 days 01:03:02.660000,2026-07-24 12:19:58.253,21,,,,False,True,FP1,43.7,23.5,28.3
0 days 01:06:52.847000,HIR,50,0 days 00:01:42.824000,20.0,5.0,,,0 days 00:00:41.304000,0 days 00:00:35.810000,0 days 00:00:25.710000,0 days 01:05:51.327000,0 days 01:06:27.137000,0 days 01:06:52.847000,207.0,211.0,263.0,168.0,False,SOFT,6.0,True,Haas F1 Team,0 days 01:05:10.023000,2026-07-24 12:22:05.616,1,,,,False,True,FP1,43.7,23.5,28.3
0 days 01:08:14.848000,HIR,50,0 days 00:01:22.001000,21.0,5.0,,,0 days 00:00:28.653000,0 days 00:00:29.860000,0 days 00:00:23.488000,0 days 01:07:21.500000,0 days 01:07:51.360000,0 days 01:08:14.848000,296.0,246.0,257.0,319.0,True,SOFT,7.0,True,Haas F1 Team,0 days 01:06:52.847000,2026-07-24 12:23:48.440,1,,,,False,True,FP1,43.7,23.5,28.3
0 days 01:09:48.502000,HIR,50,0 days 00:01:33.654000,22.0,5.0,,0 days 01:09:46.808000,0 days 00:00:32.177000,0 days 00:00:32.621000,0 days 00:00:28.856000,0 days 01:08:47.025000,0 days 01:09:19.646000,0 days 01:09:48.502000,273.0,224.0,,224.0,False,SOFT,8.0,True,Haas F1 Team,0 days 01:08:14.848000,2026-07-24 12:25:10.441,1,,,,False,False,FP1,43.7,23.5,28.3
0 days 01:14:33.297000,HIR,50,,23.0,6.0,0 days 01:12:45.935000,,,0 days 00:00:34.806000,0 days 00:00:26.925000,,0 days 01:14:06.609000,0 days 01:14:33.297000,226.0,227.0,244.0,224.0,False,MEDIUM,15.0,False,Haas F1 Team,0 days 01:09:48.502000,2026-07-24 12:26:44.095,1,,,,False,False,FP1,43.7,23.5,28.3
0 days 01:16:32.141000,HIR,50,0 days 00:01:58.844000,24.0,6.0,,,0 days 00:00:37.683000,0 days 00:00:38.446000,0 days 00:00:42.715000,0 days 01:15:10.980000,0 days 01:15:49.426000,0 days 01:16:32.141000,151.0,197.0,30.0,295.0,False,MEDIUM,16.0,False,Haas F1 Team,0 days 01:14:33.297000,2026-07-24 12:31:28.890,1,,,,False,True,FP1,43.7,23.5,28.3
0 days 01:18:57.834000,HIR,50,0 days 00:02:25.693000,25.0,6.0,,0 days 01:18:55.895000,0 days 00:01:12.360000,0 days 00:00:41.392000,0 days 00:00:31.941000,0 days 01:17:44.501000,0 days 01:18:25.893000,0 days 01:18:57.834000,127.0,199.0,,257.0,False,MEDIUM,17.0,False,Haas F1 Team,0 days 01:16:32.141000,2026-07-24 12:33:27.734,1,,,,False,False,FP1,43.7,23.5,28.3
0 days 00:15:44.604000,SAI,55,,1.0,1.0,0 days 00:13:44.347000,,,0 days 00:00:36.207000,0 days 00:00:27.551000,,0 days 00:15:17.241000,0 days 00:15:44.816000,257.0,218.0,259.0,,False,MEDIUM,1.0,True,Williams,0 days 00:13:44.347000,2026-07-24 11:30:39.940,1,,,,False,False,FP1,43.7,23.5,28.3
0 days 00:17:09.491000,SAI,55,0 days 00:01:24.887000,2.0,1.0,,,0 days 00:00:29.642000,0 days 00:00:31.015000,0 days 00:00:24.230000,0 days 00:16:14.246000,0 days 00:16:45.261000,0 days 00:17:09.491000,280.0,239.0,255.0,320.0,True,MEDIUM,2.0,True,Williams,0 days 00:15:44.604000,2026-07-24 11:32:40.197,1,,,,False,True,FP1,43.7,23.5,28.3
0 days 00:19:09.634000,SAI,55,0 days 00:02:00.143000,3.0,1.0,,0 days 00:19:07.779000,0 days 00:00:45.128000,0 days 00:00:39.646000,0 days 00:00:35.369000,0 days 00:17:54.619000,0 days 00:18:34.265000,0 days 00:19:09.634000,144.0,218.0,,279.0,False,MEDIUM,3.0,True,Williams,0 days 00:17:09.491000,2026-07-24 11:34:05.084,1,,,,False,False,FP1,45.0,23.5,27.9
0 days 00:21:40.998000,SAI,55,,4.0,2.0,0 days 00:20:05.210000,,0 days 00:01:25.302000,0 days 00:00:33.562000,0 days 00:00:32.494000,0 days 00:20:35.056000,0 days 00:21:08.596000,0 days 00:21:41.047000,265.0,217.0,247.0,279.0,False,MEDIUM,4.0,False,Williams,0 days 00:19:09.634000,2026-07-24 11:36:05.227,1,,,,False,False,FP1,45.0,23.5,27.9
0 days 00:23:05.092000,SAI,55,0 days 00:01:24.094000,5.0,2.0,,,0 days 00:00:29.448000,0 days 00:00:30.776000,0 days 00:00:23.870000,0 days 00:22:10.446000,0 days 00:22:41.222000,0 days 00:23:05.092000,299.0,240.0,259.0,299.0,True,MEDIUM,5.0,False,Williams,0 days 00:21:40.998000,2026-07-24 11:38:36.591,1,,,,False,True,FP1,45.0,23.5,27.9
0 days 00:24:49.799000,SAI,55,0 days 00:01:44.707000,6.0,2.0,,,0 days 00:00:40.451000,0 days 00:00:37.494000,0 days 00:00:26.762000,0 days 00:23:45.543000,0 days 00:24:23.037000,0 days 00:24:49.799000,202.0,189.0,263.0,164.0,False,MEDIUM,6.0,False,Williams,0 days 00:23:05.092000,2026-07-24 11:40:00.685,1,,,,False,True,FP1,45.0,23.5,27.9
0 days 00:26:13.533000,SAI,55,0 days 00:01:23.734000,7.0,2.0,,,0 days 00:00:29.046000,0 days 00:00:30.657000,0 days 00:00:24.031000,0 days 00:25:18.845000,0 days 00:25:49.502000,0 days 00:26:13.533000,287.0,244.0,258.0,319.0,True,MEDIUM,7.0,False,Williams,0 days 00:24:49.799000,2026-07-24 11:41:45.392,1,,,,False,True,FP1,45.0,23.5,27.9
0 days 00:28:20.404000,SAI,55,0 days 00:02:06.871000,8.0,2.0,,,0 days 00:00:48.072000,0 days 00:00:46.987000,0 days 00:00:31.812000,0 days 00:27:01.605000,0 days 00:27:48.592000,0 days 00:28:20.404000,137.0,125.0,264.0,218.0,False,MEDIUM,8.0,False,Williams,0 days 00:26:13.533000,2026-07-24 11:43:09.126,1,,,,False,True,FP1,45.0,23.5,27.9
0 days 00:29:44.171000,SAI,55,0 days 00:01:23.767000,9.0,2.0,,,0 days 00:00:29.209000,0 days 00:00:30.651000,0 days 00:00:23.907000,0 days 00:28:49.613000,0 days 00:29:20.264000,0 days 00:29:44.171000,291.0,242.0,256.0,322.0,False,MEDIUM,9.0,False,Williams,0 days 00:28:20.404000,2026-07-24 11:45:15.997,1,,,,False,True,FP1,45.0,23.5,27.9
0 days 00:31:22.871000,SAI,55,0 days 00:01:38.700000,10.0,2.0,,0 days 00:31:21.136000,0 days 00:00:35.566000,0 days 00:00:32.839000,0 days 00:00:30.295000,0 days 00:30:19.737000,0 days 00:30:52.576000,0 days 00:31:22.871000,244.0,222.0,,234.0,False,MEDIUM,10.0,False,Williams,0 days 00:29:44.171000,2026-07-24 11:46:39.764,1,,,,False,False,FP1,45.0,23.5,27.9
0 days 00:56:29.223000,SAI,55,,11.0,3.0,0 days 00:48:49.027000,0 days 00:50:51.295000,,,,,,,261.0,,,,False,SOFT,1.0,True,Williams,0 days 00:31:22.871000,2026-07-24 11:48:18.464,125,,,,False,False,FP1,45.0,23.5,27.9
0 days 00:58:15.313000,SAI,55,,12.0,4.0,0 days 00:56:29.223000,,,0 days 00:00:36.758000,0 days 00:00:26.580000,,0 days 00:57:48.889000,0 days 00:58:15.329000,273.0,217.0,265.0,234.0,False,SOFT,2.0,False,Williams,0 days 00:56:29.223000,2026-07-24 12:13:24.816,1,,,,False,False,FP1,45.0,23.5,27.9
0 days 00:59:59.860000,SAI,55,0 days 00:01:44.547000,13.0,4.0,,,0 days 00:00:28.632000,0 days 00:00:37.262000,0 days 00:00:38.653000,0 days 00:58:43.945000,0 days 00:59:21.207000,0 days 00:59:59.860000,294.0,110.0,133.0,320.0,False,SOFT,3.0,False,Williams,0 days 00:58:15.313000,2026-07-24 12:15:10.906,1,,,,False,True,FP1,45.0,23.5,27.9
0 days 01:01:56.932000,SAI,55,0 days 00:01:57.072000,14.0,4.0,,,0 days 00:00:45.626000,0 days 00:00:40.235000,0 days 00:00:31.211000,0 days 01:00:45.486000,0 days 01:01:25.721000,0 days 01:01:56.932000,215.0,205.0,265.0,163.0,False,SOFT,4.0,False,Williams,0 days 00:59:59.860000,2026-07-24 12:16:55.453,1,,,,False,True,FP1,45.0,23.5,27.9
0 days 01:04:48.840000,SAI,55,,15.0,4.0,,0 days 01:04:47.017000,0 days 00:01:38.261000,0 days 00:00:42.106000,0 days 00:00:31.618000,0 days 01:03:35.156000,0 days 01:04:17.404000,0 days 01:04:48.879000,176.0,174.0,,323.0,False,SOFT,5.0,False,Williams,0 days 01:01:56.932000,2026-07-24 12:18:52.525,12,,,,False,False,FP1,43.8,23.5,27.9
0 days 01:07:11.413000,SAI,55,0 days 00:02:22.573000,16.0,5.0,0 days 01:05:27.267000,,0 days 00:01:24.866000,0 days 00:00:32.694000,0 days 00:00:25.013000,0 days 01:06:13.706000,0 days 01:06:46.400000,0 days 01:07:11.413000,268.0,226.0,259.0,323.0,False,MEDIUM,11.0,False,Williams,0 days 01:04:48.840000,2026-07-24 12:21:44.433,1,,,,False,False,FP1,43.8,23.5,27.9
0 days 01:08:36.760000,SAI,55,0 days 00:01:25.347000,17.0,5.0,,,0 days 00:00:29.574000,0 days 00:00:31.361000,0 days 00:00:24.412000,0 days 01:07:40.987000,0 days 01:08:12.348000,0 days 01:08:36.760000,285.0,232.0,259.0,314.0,False,MEDIUM,12.0,False,Williams,0 days 01:07:11.413000,2026-07-24 12:24:07.006,1,,,,False,True,FP1,43.8,23.5,27.9
0 days 01:10:02.084000,SAI,55,0 days 00:01:25.324000,18.0,5.0,,,0 days 00:00:29.653000,0 days 00:00:31.169000,0 days 00:00:24.502000,0 days 01:09:06.413000,0 days 01:09:37.582000,0 days 01:10:02.084000,286.0,231.0,257.0,304.0,False,MEDIUM,13.0,False,Williams,0 days 01:08:36.760000,2026-07-24 12:25:32.353,1,,,,False,True,FP1,43.8,23.5,27.9
0 days 01:11:30.563000,SAI,55,0 days 00:01:28.479000,19.0,5.0,,,0 days 00:00:29.741000,0 days 00:00:31.338000,0 days 00:00:27.400000,0 days 01:10:31.825000,0 days 01:11:03.163000,0 days 01:11:30.563000,287.0,231.0,261.0,302.0,False,MEDIUM,14.0,False,Williams,0 days 01:10:02.084000,2026-07-24 12:26:57.677,1,,,,False,True,FP1,43.8,23.5,27.9
0 days 01:12:56.245000,SAI,55,0 days 00:01:25.682000,20.0,5.0,,,0 days 00:00:29.862000,0 days 00:00:31.244000,0 days 00:00:24.576000,0 days 01:12:00.425000,0 days 01:12:31.669000,0 days 01:12:56.245000,286.0,228.0,259.0,305.0,False,MEDIUM,15.0,False,Williams,0 days 01:11:30.563000,2026-07-24 12:28:26.156,1,,,,False,True,FP1,43.8,23.5,27.9
0 days 01:14:22.259000,SAI,55,0 days 00:01:26.014000,21.0,5.0,,,0 days 00:00:29.805000,0 days 00:00:31.499000,0 days 00:00:24.710000,0 days 01:13:26.050000,0 days 01:13:57.549000,0 days 01:14:22.259000,289.0,231.0,260.0,315.0,False,MEDIUM,16.0,False,Williams,0 days 01:12:56.245000,2026-07-24 12:29:51.838,1,,,,False,True,FP1,43.8,23.5,27.9
0 days 01:16:24.838000,SAI,55,0 days 00:02:02.579000,22.0,5.0,,,0 days 00:00:40.492000,0 days 00:00:43.037000,0 days 00:00:39.050000,0 days 01:15:02.751000,0 days 01:15:45.788000,0 days 01:16:24.838000,172.0,160.0,62.0,303.0,False,MEDIUM,17.0,False,Williams,0 days 01:14:22.259000,2026-07-24 12:31:17.852,1,,,,False,True,FP1,43.8,23.5,27.9
0 days 01:18:27.920000,SAI,55,0 days 00:02:03.082000,23.0,5.0,,0 days 01:18:26.060000,0 days 00:00:59.891000,0 days 00:00:33.127000,0 days 00:00:30.064000,0 days 01:17:24.729000,0 days 01:17:57.856000,0 days 01:18:27.920000,259.0,223.0,,257.0,False,MEDIUM,18.0,False,Williams,0 days 01:16:24.838000,2026-07-24 12:33:20.431,1,,,,False,False,FP1,43.8,23.5,27.9
0 days 00:15:24.432000,ARO,61,,1.0,1.0,0 days 00:13:35.217000,,,0 days 00:00:37.164000,0 days 00:00:29.131000,,0 days 00:14:55.617000,0 days 00:15:24.685000,225.0,208.0,250.0,,False,MEDIUM,1.0,True,Alpine,0 days 00:13:35.217000,2026-07-24 11:30:30.810,1,,,,False,False,FP1,43.8,23.5,27.9
0 days 00:16:48.673000,ARO,61,0 days 00:01:24.241000,2.0,1.0,,,0 days 00:00:29.637000,0 days 00:00:30.594000,0 days 00:00:24.010000,0 days 00:15:54.069000,0 days 00:16:24.663000,0 days 00:16:48.673000,296.0,242.0,240.0,304.0,True,MEDIUM,2.0,True,Alpine,0 days 00:15:24.432000,2026-07-24 11:32:20.025,1,,,,False,True,FP1,43.8,23.5,27.9
0 days 00:18:47.611000,ARO,61,0 days 00:01:58.938000,3.0,1.0,,0 days 00:18:45.937000,0 days 00:00:42.786000,0 days 00:00:42.291000,0 days 00:00:33.861000,0 days 00:17:31.459000,0 days 00:18:13.750000,0 days 00:18:47.611000,174.0,166.0,,203.0,False,MEDIUM,3.0,True,Alpine,0 days 00:16:48.673000,2026-07-24 11:33:44.266,1,,,,False,False,FP1,43.8,23.5,27.9
0 days 00:21:16.974000,ARO,61,0 days 00:02:29.363000,4.0,2.0,0 days 00:19:33.645000,,0 days 00:01:24.294000,0 days 00:00:39.119000,0 days 00:00:25.950000,0 days 00:20:11.905000,0 days 00:20:51.024000,0 days 00:21:16.974000,230.0,217.0,266.0,203.0,False,MEDIUM,4.0,False,Alpine,0 days 00:18:47.611000,2026-07-24 11:35:43.204,1,,,,False,False,FP1,43.8,23.5,27.9
0 days 00:23:08.542000,ARO,61,0 days 00:01:51.568000,5.0,2.0,,,0 days 00:00:38.498000,0 days 00:00:42.577000,0 days 00:00:30.493000,0 days 00:21:55.472000,0 days 00:22:38.049000,0 days 00:23:08.542000,220.0,195.0,266.0,324.0,False,MEDIUM,5.0,False,Alpine,0 days 00:21:16.974000,2026-07-24 11:38:12.567,1,,,,False,True,FP1,43.8,23.5,27.9
0 days 00:24:33.097000,ARO,61,0 days 00:01:24.555000,6.0,2.0,,,0 days 00:00:29.121000,0 days 00:00:31.188000,0 days 00:00:24.246000,0 days 00:23:37.663000,0 days 00:24:08.851000,0 days 00:24:33.097000,286.0,240.0,239.0,323.0,False,MEDIUM,6.0,False,Alpine,0 days 00:23:08.542000,2026-07-24 11:40:04.135,1,,,,False,True,FP1,43.8,23.5,27.9
0 days 00:26:36.574000,ARO,61,0 days 00:02:03.477000,7.0,2.0,,,0 days 00:00:46.184000,0 days 00:00:49.462000,0 days 00:00:27.831000,0 days 00:25:19.281000,0 days 00:26:08.743000,0 days 00:26:36.574000,94.0,159.0,263.0,207.0,False,MEDIUM,7.0,False,Alpine,0 days 00:24:33.097000,2026-07-24 11:41:28.690,1,,,,False,True,FP1,43.5,23.5,28.0
0 days 00:28:00.161000,ARO,61,0 days 00:01:23.587000,8.0,2.0,,,0 days 00:00:29.198000,0 days 00:00:30.364000,0 days 00:00:24.025000,0 days 00:27:05.772000,0 days 00:27:36.136000,0 days 00:28:00.161000,290.0,245.0,237.0,324.0,True,MEDIUM,8.0,False,Alpine,0 days 00:26:36.574000,2026-07-24 11:43:32.167,1,,,,False,True,FP1,43.5,23.5,28.0
0 days 00:29:54.613000,ARO,61,0 days 00:01:54.452000,9.0,2.0,,0 days 00:29:52.893000,0 days 00:00:40.750000,0 days 00:00:42.090000,0 days 00:00:31.612000,0 days 00:28:40.911000,0 days 00:29:23.001000,0 days 00:29:54.613000,116.0,199.0,,214.0,False,MEDIUM,9.0,False,Alpine,0 days 00:28:00.161000,2026-07-24 11:44:55.754,1,,,,False,False,FP1,43.5,23.5,28.0
0 days 00:43:08.763000,ARO,61,,10.0,3.0,0 days 00:41:22.299000,,,0 days 00:00:34.536000,0 days 00:00:25.898000,,0 days 00:42:43.131000,0 days 00:43:08.869000,245.0,213.0,265.0,214.0,False,SOFT,1.0,False,Alpine,0 days 00:29:54.613000,2026-07-24 11:46:50.206,1,,,,False,False,FP1,43.5,23.5,28.0
0 days 00:44:33.092000,ARO,61,0 days 00:01:24.329000,11.0,3.0,,,0 days 00:00:28.815000,0 days 00:00:29.642000,0 days 00:00:25.872000,0 days 00:43:37.578000,0 days 00:44:07.220000,0 days 00:44:33.092000,292.0,247.0,211.0,322.0,False,SOFT,2.0,False,Alpine,0 days 00:43:08.763000,2026-07-24 12:00:04.356,1,,,,False,True,FP1,43.5,23.5,28.0
0 days 00:46:42.193000,ARO,61,0 days 00:02:09.101000,12.0,3.0,,,0 days 00:00:47.413000,0 days 00:00:50.763000,0 days 00:00:30.925000,0 days 00:45:20.505000,0 days 00:46:11.268000,0 days 00:46:42.193000,137.0,166.0,193.0,164.0,False,SOFT,3.0,False,Alpine,0 days 00:44:33.092000,2026-07-24 12:01:28.685,1,,,,False,True,FP1,43.5,23.5,28.0
0 days 00:48:31.806000,ARO,61,0 days 00:01:49.613000,13.0,3.0,,,0 days 00:00:35.896000,0 days 00:00:46.057000,0 days 00:00:27.660000,0 days 00:47:18.089000,0 days 00:48:04.146000,0 days 00:48:31.806000,210.0,211.0,264.0,238.0,False,SOFT,4.0,False,Alpine,0 days 00:46:42.193000,2026-07-24 12:03:37.786,1,,,,False,True,FP1,43.5,23.5,28.0
0 days 00:49:53.974000,ARO,61,0 days 00:01:22.168000,14.0,3.0,,,0 days 00:00:28.618000,0 days 00:00:29.851000,0 days 00:00:23.699000,0 days 00:49:00.424000,0 days 00:49:30.275000,0 days 00:49:53.974000,293.0,249.0,246.0,322.0,True,SOFT,5.0,False,Alpine,0 days 00:48:31.806000,2026-07-24 12:05:27.399,12,,,,False,True,FP1,43.5,23.5,28.0
0 days 00:57:35.108000,ARO,61,,15.0,3.0,,0 days 00:52:03.787000,,,,,,,,,,220.0,False,SOFT,6.0,False,Alpine,0 days 00:49:53.974000,2026-07-24 12:06:49.567,251,,,,False,False,FP1,43.5,23.5,28.0
0 days 00:59:43.678000,ARO,61,,16.0,4.0,0 days 00:57:35.108000,,,0 days 00:00:36.608000,0 days 00:00:25.326000,,0 days 00:59:18.516000,0 days 00:59:43.766000,249.0,221.0,256.0,220.0,False,SOFT,7.0,False,Alpine,0 days 00:57:35.108000,2026-07-24 12:14:30.701,1,,,,False,False,FP1,43.5,23.5,28.0
0 days 01:01:10.874000,ARO,61,0 days 00:01:27.196000,17.0,4.0,,,0 days 00:00:30.086000,0 days 00:00:32.115000,0 days 00:00:24.995000,0 days 01:00:13.764000,0 days 01:00:45.879000,0 days 01:01:10.874000,281.0,226.0,256.0,296.0,False,SOFT,8.0,False,Alpine,0 days 00:59:43.678000,2026-07-24 12:16:39.271,1,,,,False,True,FP1,43.5,23.5,28.0
0 days 01:02:37.844000,ARO,61,0 days 00:01:26.970000,18.0,4.0,,,0 days 00:00:29.873000,0 days 00:00:32.060000,0 days 00:00:25.037000,0 days 01:01:40.747000,0 days 01:02:12.807000,0 days 01:02:37.844000,275.0,229.0,257.0,298.0,False,SOFT,9.0,False,Alpine,0 days 01:01:10.874000,2026-07-24 12:18:06.467,12,,,,False,True,FP1,43.5,23.5,28.0
0 days 01:04:06.323000,ARO,61,0 days 00:01:28.479000,19.0,4.0,,,0 days 00:00:30.597000,0 days 00:00:32.628000,0 days 00:00:25.254000,0 days 01:03:08.441000,0 days 01:03:41.069000,0 days 01:04:06.323000,274.0,224.0,258.0,294.0,False,SOFT,10.0,False,Alpine,0 days 01:02:37.844000,2026-07-24 12:19:33.437,21,,,,False,True,FP1,43.5,23.5,28.0
0 days 01:05:33.013000,ARO,61,0 days 00:01:26.690000,20.0,4.0,,,0 days 00:00:30.021000,0 days 00:00:31.800000,0 days 00:00:24.869000,0 days 01:04:36.344000,0 days 01:05:08.144000,0 days 01:05:33.013000,279.0,228.0,256.0,300.0,False,SOFT,11.0,False,Alpine,0 days 01:04:06.323000,2026-07-24 12:21:01.916,1,,,,False,True,FP1,43.5,23.5,28.0
0 days 01:06:59.467000,ARO,61,0 days 00:01:26.454000,21.0,4.0,,,0 days 00:00:29.772000,0 days 00:00:31.826000,0 days 00:00:24.856000,0 days 01:06:02.785000,0 days 01:06:34.611000,0 days 01:06:59.467000,286.0,228.0,256.0,315.0,False,SOFT,12.0,False,Alpine,0 days 01:05:33.013000,2026-07-24 12:22:28.606,1,,,,False,True,FP1,43.9,23.5,27.6
0 days 01:08:26.116000,ARO,61,0 days 00:01:26.649000,22.0,4.0,,,0 days 00:00:29.845000,0 days 00:00:31.953000,0 days 00:00:24.851000,0 days 01:07:29.312000,0 days 01:08:01.265000,0 days 01:08:26.116000,275.0,228.0,254.0,315.0,False,SOFT,13.0,False,Alpine,0 days 01:06:59.467000,2026-07-24 12:23:55.060,1,,,,False,True,FP1,43.9,23.5,27.6
0 days 01:09:53.388000,ARO,61,0 days 00:01:27.272000,23.0,4.0,,,0 days 00:00:30.156000,0 days 00:00:31.980000,0 days 00:00:25.136000,0 days 01:08:56.272000,0 days 01:09:28.252000,0 days 01:09:53.388000,278.0,227.0,254.0,314.0,False,SOFT,14.0,False,Alpine,0 days 01:08:26.116000,2026-07-24 12:25:21.709,1,,,,False,True,FP1,43.9,23.5,27.6
0 days 01:11:26.480000,ARO,61,0 days 00:01:33.092000,24.0,4.0,,,0 days 00:00:34.594000,0 days 00:00:33.226000,0 days 00:00:25.272000,0 days 01:10:27.982000,0 days 01:11:01.208000,0 days 01:11:26.480000,245.0,225.0,257.0,314.0,False,SOFT,15.0,False,Alpine,0 days 01:09:53.388000,2026-07-24 12:26:48.981,1,,,,False,True,FP1,43.9,23.5,27.6
0 days 01:12:53.368000,ARO,61,0 days 00:01:26.888000,25.0,4.0,,,0 days 00:00:29.913000,0 days 00:00:31.967000,0 days 00:00:25.008000,0 days 01:11:56.393000,0 days 01:12:28.360000,0 days 01:12:53.368000,280.0,225.0,256.0,317.0,False,SOFT,16.0,False,Alpine,0 days 01:11:26.480000,2026-07-24 12:28:22.073,1,,,,False,True,FP1,43.9,23.5,27.6
0 days 01:14:21.523000,ARO,61,0 days 00:01:28.155000,26.0,4.0,,,0 days 00:00:30.749000,0 days 00:00:32.339000,0 days 00:00:25.067000,0 days 01:13:24.117000,0 days 01:13:56.456000,0 days 01:14:21.523000,262.0,229.0,257.0,319.0,False,SOFT,17.0,False,Alpine,0 days 01:12:53.368000,2026-07-24 12:29:48.961,1,,,,False,True,FP1,43.9,23.5,27.6
0 days 01:17:24.690000,ARO,61,,27.0,4.0,,,0 days 00:00:36.316000,0 days 00:00:41.605000,,0 days 01:14:58.046000,0 days 01:15:39.544000,,198.0,200.0,167.0,317.0,False,SOFT,18.0,False,Alpine,0 days 01:14:21.523000,2026-07-24 12:31:17.116,1,,,,False,False,FP1,43.9,23.5,27.6
0 days 01:18:59.493000,ARO,61,0 days 00:01:34.803000,28.0,4.0,,0 days 01:18:57.654000,0 days 00:00:32.332000,0 days 00:00:32.479000,0 days 00:00:29.992000,0 days 01:17:57.022000,0 days 01:18:29.501000,0 days 01:18:59.493000,277.0,226.0,,265.0,False,SOFT,19.0,False,Alpine,0 days 01:17:24.690000,2026-07-24 12:34:20.283,1,,,,False,False,FP1,43.9,23.5,27.6
0 days 00:16:58.959000,RUS,63,,1.0,1.0,0 days 00:15:23.275000,,,0 days 00:00:33.959000,0 days 00:00:24.878000,,0 days 00:16:34.375000,0 days 00:16:59.145000,131.0,223.0,266.0,,False,MEDIUM,1.0,True,Mercedes,0 days 00:15:23.275000,2026-07-24 11:32:18.868,1,,,,False,False,FP1,43.9,23.5,27.6
0 days 00:18:21.015000,RUS,63,0 days 00:01:22.056000,2.0,1.0,,,0 days 00:00:28.714000,0 days 00:00:30.081000,0 days 00:00:23.261000,0 days 00:17:27.673000,0 days 00:17:57.754000,0 days 00:18:21.015000,294.0,246.0,255.0,320.0,True,MEDIUM,2.0,True,Mercedes,0 days 00:16:58.959000,2026-07-24 11:33:54.552,1,,,,False,True,FP1,43.9,23.5,27.6
0 days 00:20:32.299000,RUS,63,0 days 00:02:11.284000,3.0,1.0,,0 days 00:20:30.610000,0 days 00:00:50.251000,0 days 00:00:49.554000,0 days 00:00:31.479000,0 days 00:19:11.266000,0 days 00:20:00.820000,0 days 00:20:32.299000,147.0,215.0,,190.0,False,MEDIUM,3.0,True,Mercedes,0 days 00:18:21.015000,2026-07-24 11:35:16.608,1,,,,False,False,FP1,41.8,23.6,27.3
0 days 00:22:59.363000,RUS,63,0 days 00:02:27.064000,4.0,2.0,0 days 00:21:21.349000,,0 days 00:01:23.785000,0 days 00:00:34.719000,0 days 00:00:28.560000,0 days 00:21:56.084000,0 days 00:22:30.803000,0 days 00:22:59.363000,238.0,210.0,267.0,190.0,False,MEDIUM,4.0,False,Mercedes,0 days 00:20:32.299000,2026-07-24 11:37:27.892,1,,,,False,False,FP1,41.8,23.6,27.3
0 days 00:24:20.554000,RUS,63,0 days 00:01:21.191000,5.0,2.0,,,0 days 00:00:28.326000,0 days 00:00:29.623000,0 days 00:00:23.242000,0 days 00:23:27.689000,0 days 00:23:57.312000,0 days 00:24:20.554000,292.0,250.0,247.0,319.0,True,MEDIUM,5.0,False,Mercedes,0 days 00:22:59.363000,2026-07-24 11:39:54.956,1,,,,False,True,FP1,41.8,23.6,27.3
0 days 00:26:34.651000,RUS,63,0 days 00:02:14.097000,6.0,2.0,,,0 days 00:00:52.757000,0 days 00:00:48.299000,0 days 00:00:33.041000,0 days 00:25:13.311000,0 days 00:26:01.610000,0 days 00:26:34.651000,158.0,124.0,203.0,135.0,False,MEDIUM,6.0,False,Mercedes,0 days 00:24:20.554000,2026-07-24 11:41:16.147,1,,,,False,True,FP1,41.8,23.6,27.3
0 days 00:28:13.263000,RUS,63,0 days 00:01:38.612000,7.0,2.0,,,0 days 00:00:36.304000,0 days 00:00:35.401000,0 days 00:00:26.907000,0 days 00:27:10.955000,0 days 00:27:46.356000,0 days 00:28:13.263000,253.0,198.0,264.0,256.0,False,MEDIUM,7.0,False,Mercedes,0 days 00:26:34.651000,2026-07-24 11:43:30.244,1,,,,False,True,FP1,41.8,23.6,27.3
0 days 00:29:34.106000,RUS,63,0 days 00:01:20.843000,8.0,2.0,,,0 days 00:00:28.453000,0 days 00:00:29.380000,0 days 00:00:23.010000,0 days 00:28:41.716000,0 days 00:29:11.096000,0 days 00:29:34.106000,293.0,248.0,247.0,322.0,True,MEDIUM,8.0,False,Mercedes,0 days 00:28:13.263000,2026-07-24 11:45:08.856,1,,,,False,True,FP1,41.8,23.6,27.3
0 days 00:31:16.286000,RUS,63,0 days 00:01:42.180000,9.0,2.0,,0 days 00:31:14.515000,0 days 00:00:34.775000,0 days 00:00:38.163000,0 days 00:00:29.242000,0 days 00:30:08.881000,0 days 00:30:47.044000,0 days 00:31:16.286000,235.0,208.0,,273.0,False,MEDIUM,9.0,False,Mercedes,0 days 00:29:34.106000,2026-07-24 11:46:29.699,1,,,,False,False,FP1,41.8,23.6,27.3
0 days 00:40:09.373000,RUS,63,,10.0,3.0,0 days 00:38:31.616000,,,0 days 00:00:35.412000,0 days 00:00:24.890000,,0 days 00:39:44.627000,0 days 00:40:09.564000,236.0,219.0,265.0,273.0,False,SOFT,1.0,False,Mercedes,0 days 00:31:16.286000,2026-07-24 11:48:11.879,1,,,,False,False,FP1,41.8,23.6,27.3
0 days 00:41:29.439000,RUS,63,0 days 00:01:20.066000,11.0,3.0,,,0 days 00:00:28.191000,0 days 00:00:29.064000,0 days 00:00:22.811000,0 days 00:40:37.564000,0 days 00:41:06.628000,0 days 00:41:29.439000,294.0,250.0,253.0,319.0,True,SOFT,2.0,False,Mercedes,0 days 00:40:09.373000,2026-07-24 11:57:04.966,1,,,,False,True,FP1,41.8,23.6,27.3
0 days 00:43:51.349000,RUS,63,0 days 00:02:21.910000,12.0,3.0,,,0 days 00:00:54.331000,0 days 00:00:51.007000,0 days 00:00:36.572000,0 days 00:42:23.770000,0 days 00:43:14.777000,0 days 00:43:51.349000,148.0,125.0,192.0,142.0,False,SOFT,3.0,False,Mercedes,0 days 00:41:29.439000,2026-07-24 11:58:25.032,1,,,,False,True,FP1,41.8,23.6,27.3
0 days 00:45:39.894000,RUS,63,0 days 00:01:48.545000,13.0,3.0,,,0 days 00:00:41.500000,0 days 00:00:41.413000,0 days 00:00:25.632000,0 days 00:44:32.849000,0 days 00:45:14.262000,0 days 00:45:39.894000,182.0,152.0,264.0,249.0,False,SOFT,4.0,False,Mercedes,0 days 00:43:51.349000,2026-07-24 12:00:46.942,1,,,,False,True,FP1,41.8,23.6,27.3
0 days 00:47:23.760000,RUS,63,0 days 00:01:43.866000,14.0,3.0,,0 days 00:47:21.965000,0 days 00:00:36.951000,0 days 00:00:36.717000,0 days 00:00:30.198000,0 days 00:46:16.845000,0 days 00:46:53.562000,0 days 00:47:23.760000,198.0,209.0,,320.0,False,SOFT,5.0,False,Mercedes,0 days 00:45:39.894000,2026-07-24 12:02:35.487,1,,,,False,False,FP1,41.8,23.6,27.3
0 days 01:08:06.195000,RUS,63,,15.0,4.0,0 days 01:06:09.005000,,,0 days 00:00:32.567000,0 days 00:00:24.791000,,0 days 01:07:41.500000,0 days 01:08:06.329000,274.0,229.0,259.0,320.0,False,MEDIUM,10.0,False,Mercedes,0 days 01:06:09.005000,2026-07-24 12:23:04.598,1,,,,False,False,FP1,41.3,23.6,27.4
0 days 01:09:31.119000,RUS,63,0 days 00:01:24.924000,16.0,4.0,,,0 days 00:00:29.559000,0 days 00:00:31.059000,0 days 00:00:24.306000,0 days 01:08:35.754000,0 days 01:09:06.813000,0 days 01:09:31.119000,287.0,237.0,257.0,299.0,False,MEDIUM,11.0,False,Mercedes,0 days 01:08:06.195000,2026-07-24 12:25:01.788,1,,,,False,True,FP1,41.3,23.6,27.4
0 days 01:11:03.267000,RUS,63,0 days 00:01:32.148000,17.0,4.0,,,0 days 00:00:36.590000,0 days 00:00:31.525000,0 days 00:00:24.033000,0 days 01:10:07.709000,0 days 01:10:39.234000,0 days 01:11:03.267000,269.0,233.0,257.0,303.0,False,MEDIUM,12.0,False,Mercedes,0 days 01:09:31.119000,2026-07-24 12:26:26.712,1,,,,False,True,FP1,41.3,23.6,27.4
0 days 01:12:27.639000,RUS,63,0 days 00:01:24.372000,18.0,4.0,,,0 days 00:00:29.360000,0 days 00:00:30.853000,0 days 00:00:24.159000,0 days 01:11:32.627000,0 days 01:12:03.480000,0 days 01:12:27.639000,291.0,234.0,257.0,304.0,False,MEDIUM,13.0,False,Mercedes,0 days 01:11:03.267000,2026-07-24 12:27:58.860,1,,,,False,True,FP1,41.3,23.6,27.4
0 days 01:13:52.162000,RUS,63,0 days 00:01:24.523000,19.0,4.0,,,0 days 00:00:29.525000,0 days 00:00:30.677000,0 days 00:00:24.321000,0 days 01:12:57.164000,0 days 01:13:27.841000,0 days 01:13:52.162000,291.0,234.0,259.0,301.0,False,MEDIUM,14.0,False,Mercedes,0 days 01:12:27.639000,2026-07-24 12:29:23.232,1,,,,False,True,FP1,41.3,23.6,27.4
0 days 01:16:35.950000,RUS,63,,20.0,4.0,,,0 days 00:00:43.366000,0 days 00:00:48.534000,0 days 00:01:11.906000,0 days 01:14:35.714000,0 days 01:15:24.263000,0 days 01:16:35.996000,141.0,132.0,79.0,283.0,False,MEDIUM,15.0,False,Mercedes,0 days 01:13:52.162000,2026-07-24 12:30:47.755,1,,,,False,False,FP1,41.3,23.6,27.4
0 days 01:18:08.775000,RUS,63,0 days 00:01:32.825000,21.0,4.0,,0 days 01:18:06.988000,0 days 00:00:32.002000,0 days 00:00:32.329000,0 days 00:00:28.494000,0 days 01:17:07.952000,0 days 01:17:40.281000,0 days 01:18:08.775000,265.0,227.0,,270.0,False,MEDIUM,16.0,False,Mercedes,0 days 01:16:35.950000,2026-07-24 12:33:31.543,1,,,,False,False,FP1,41.3,23.6,27.4
0 days 00:16:27.539000,FOR,67,,1.0,1.0,0 days 00:13:59.872000,,,0 days 00:00:41.148000,0 days 00:00:27.072000,,0 days 00:16:00.618000,0 days 00:16:27.703000,189.0,201.0,256.0,,False,MEDIUM,1.0,True,McLaren,0 days 00:13:59.872000,2026-07-24 11:30:55.465,1,,,,False,False,FP1,41.3,23.6,27.4
0 days 00:17:52.258000,FOR,67,0 days 00:01:24.719000,2.0,1.0,,,0 days 00:00:30.063000,0 days 00:00:30.750000,0 days 00:00:23.906000,0 days 00:16:57.602000,0 days 00:17:28.352000,0 days 00:17:52.258000,281.0,240.0,256.0,317.0,True,MEDIUM,2.0,True,McLaren,0 days 00:16:27.539000,2026-07-24 11:33:23.132,1,,,,False,True,FP1,41.3,23.6,27.4
0 days 00:19:47.591000,FOR,67,0 days 00:01:55.333000,3.0,1.0,,,0 days 00:00:38.814000,0 days 00:00:43.716000,0 days 00:00:32.803000,0 days 00:18:31.072000,0 days 00:19:14.788000,0 days 00:19:47.591000,147.0,146.0,261.0,282.0,False,MEDIUM,3.0,True,McLaren,0 days 00:17:52.258000,2026-07-24 11:34:47.851,1,,,,False,True,FP1,41.3,23.6,27.4
0 days 00:21:09.675000,FOR,67,0 days 00:01:22.084000,4.0,1.0,,,0 days 00:00:28.799000,0 days 00:00:29.989000,0 days 00:00:23.296000,0 days 00:20:16.390000,0 days 00:20:46.379000,0 days 00:21:09.675000,294.0,243.0,251.0,319.0,True,MEDIUM,4.0,True,McLaren,0 days 00:19:47.591000,2026-07-24 11:36:43.184,1,,,,False,True,FP1,41.3,23.6,27.4
0 days 00:23:02.378000,FOR,67,0 days 00:01:52.703000,5.0,1.0,,,0 days 00:00:39.025000,0 days 00:00:43.005000,0 days 00:00:30.673000,0 days 00:21:48.700000,0 days 00:22:31.705000,0 days 00:23:02.378000,158.0,174.0,265.0,275.0,False,MEDIUM,5.0,True,McLaren,0 days 00:21:09.675000,2026-07-24 11:38:05.268,1,,,,False,True,FP1,41.3,23.6,27.4
0 days 00:24:24.268000,FOR,67,0 days 00:01:21.890000,6.0,1.0,,,0 days 00:00:28.519000,0 days 00:00:29.806000,0 days 00:00:23.565000,0 days 00:23:30.897000,0 days 00:24:00.703000,0 days 00:24:24.268000,298.0,244.0,252.0,322.0,True,MEDIUM,6.0,True,McLaren,0 days 00:23:02.378000,2026-07-24 11:39:57.971,1,,,,False,True,FP1,42.8,23.9,27.4
0 days 00:26:17.843000,FOR,67,0 days 00:01:53.575000,7.0,1.0,,0 days 00:26:15.730000,0 days 00:00:38.656000,0 days 00:00:39.161000,0 days 00:00:35.758000,0 days 00:25:02.924000,0 days 00:25:42.085000,0 days 00:26:17.843000,180.0,188.0,,267.0,False,MEDIUM,7.0,True,McLaren,0 days 00:24:24.268000,2026-07-24 11:41:19.861,1,,,,False,False,FP1,42.8,23.9,27.4
0 days 00:35:10.245000,FOR,67,,8.0,2.0,0 days 00:33:05.071000,,,0 days 00:00:38.986000,0 days 00:00:26.394000,,0 days 00:34:44.002000,0 days 00:35:10.245000,204.0,191.0,261.0,267.0,False,MEDIUM,8.0,False,McLaren,0 days 00:26:17.843000,2026-07-24 11:43:13.436,1,,,,False,False,FP1,42.8,23.9,27.4
0 days 00:36:32.245000,FOR,67,0 days 00:01:22,9.0,2.0,,,0 days 00:00:28.544000,0 days 00:00:29.817000,0 days 00:00:23.639000,0 days 00:35:38.789000,0 days 00:36:08.606000,0 days 00:36:32.245000,296.0,246.0,250.0,318.0,False,MEDIUM,9.0,False,McLaren,0 days 00:35:10.245000,2026-07-24 11:52:05.838,1,,,,False,True,FP1,42.8,23.9,27.4
0 days 00:38:18.586000,FOR,67,0 days 00:01:46.341000,10.0,2.0,,,0 days 00:00:38.642000,0 days 00:00:41.505000,0 days 00:00:26.194000,0 days 00:37:10.887000,0 days 00:37:52.392000,0 days 00:38:18.586000,217.0,197.0,262.0,237.0,False,MEDIUM,10.0,False,McLaren,0 days 00:36:32.245000,2026-07-24 11:53:27.838,1,,,,False,True,FP1,42.8,23.9,27.4
0 days 00:39:41.295000,FOR,67,0 days 00:01:22.709000,11.0,2.0,,,0 days 00:00:28.811000,0 days 00:00:30.120000,0 days 00:00:23.778000,0 days 00:38:47.397000,0 days 00:39:17.517000,0 days 00:39:41.295000,294.0,243.0,250.0,316.0,False,MEDIUM,11.0,False,McLaren,0 days 00:38:18.586000,2026-07-24 11:55:14.179,1,,,,False,True,FP1,42.8,23.9,27.4
0 days 00:41:33.989000,FOR,67,0 days 00:01:52.694000,12.0,2.0,,,0 days 00:00:39.086000,0 days 00:00:44.239000,0 days 00:00:29.369000,0 days 00:40:20.381000,0 days 00:41:04.620000,0 days 00:41:33.989000,213.0,161.0,261.0,245.0,False,MEDIUM,12.0,False,McLaren,0 days 00:39:41.295000,2026-07-24 11:56:36.888,1,,,,False,True,FP1,42.8,23.9,27.4
0 days 00:42:56.710000,FOR,67,0 days 00:01:22.721000,13.0,2.0,,,0 days 00:00:28.682000,0 days 00:00:30.388000,0 days 00:00:23.651000,0 days 00:42:02.671000,0 days 00:42:33.059000,0 days 00:42:56.710000,296.0,236.0,253.0,319.0,False,MEDIUM,13.0,False,McLaren,0 days 00:41:33.989000,2026-07-24 11:58:29.582,1,,,,False,True,FP1,42.8,23.9,27.4
0 days 00:44:49.798000,FOR,67,0 days 00:01:53.088000,14.0,2.0,,0 days 00:44:47.861000,0 days 00:00:38.222000,0 days 00:00:41.511000,0 days 00:00:33.355000,0 days 00:43:34.932000,0 days 00:44:16.443000,0 days 00:44:49.798000,211.0,215.0,,234.0,False,MEDIUM,14.0,False,McLaren,0 days 00:42:56.710000,2026-07-24 11:59:52.303,1,,,,False,False,FP1,42.8,23.9,27.4
0 days 00:46:54.810000,FOR,67,0 days 00:02:05.012000,15.0,3.0,0 days 00:45:13.752000,0 days 00:46:52.788000,0 days 00:00:56.888000,0 days 00:00:37.393000,0 days 00:00:30.731000,0 days 00:45:46.686000,0 days 00:46:24.079000,0 days 00:46:54.810000,212.0,199.0,,234.0,False,MEDIUM,15.0,False,McLaren,0 days 00:44:49.798000,2026-07-24 12:01:45.391,1,,,,False,False,FP1,42.8,23.9,27.4
0 days 00:49:02.334000,FOR,67,0 days 00:02:07.524000,16.0,4.0,0 days 00:47:18.062000,0 days 00:49:00.492000,0 days 00:00:55.053000,0 days 00:00:40.079000,0 days 00:00:32.392000,0 days 00:47:49.863000,0 days 00:48:29.942000,0 days 00:49:02.334000,221.0,200.0,,234.0,False,MEDIUM,1.0,False,McLaren,0 days 00:46:54.810000,2026-07-24 12:03:50.403,1,,,,False,False,FP1,44.1,24.0,27.8
0 days 00:56:45.420000,FOR,67,,17.0,5.0,0 days 00:49:24.795000,0 days 00:51:30.576000,0 days 00:01:00.090000,,,0 days 00:50:02.615000,,,194.0,,,,False,MEDIUM,17.0,False,McLaren,0 days 00:49:02.334000,2026-07-24 12:05:57.927,125,,,,False,False,FP1,44.1,24.0,27.8
0 days 00:58:35.267000,FOR,67,,18.0,6.0,0 days 00:56:45.420000,,,0 days 00:00:35.543000,0 days 00:00:26.849000,,0 days 00:58:08.515000,0 days 00:58:35.318000,218.0,200.0,267.0,234.0,False,SOFT,1.0,True,McLaren,0 days 00:56:45.420000,2026-07-24 12:13:41.013,1,,,,False,False,FP1,44.1,24.0,27.8
0 days 01:00:32.334000,FOR,67,0 days 00:01:57.067000,19.0,6.0,,,0 days 00:00:36.351000,0 days 00:00:43.271000,0 days 00:00:37.445000,0 days 00:59:11.618000,0 days 00:59:54.889000,0 days 01:00:32.334000,229.0,192.0,244.0,322.0,False,SOFT,2.0,True,McLaren,0 days 00:58:35.267000,2026-07-24 12:15:30.860,1,,,,False,True,FP1,44.1,24.0,27.8
0 days 01:01:54.756000,FOR,67,0 days 00:01:22.422000,20.0,6.0,,,0 days 00:00:29.126000,0 days 00:00:29.795000,0 days 00:00:23.501000,0 days 01:01:01.460000,0 days 01:01:31.255000,0 days 01:01:54.756000,293.0,245.0,254.0,291.0,False,SOFT,3.0,True,McLaren,0 days 01:00:32.334000,2026-07-24 12:17:27.927,1,,,,False,True,FP1,44.1,24.0,27.8
0 days 01:03:54.043000,FOR,67,0 days 00:01:59.287000,21.0,6.0,,0 days 01:03:51.773000,0 days 00:00:40.653000,0 days 00:00:46.511000,0 days 00:00:32.123000,0 days 01:02:35.409000,0 days 01:03:21.920000,0 days 01:03:54.043000,202.0,180.0,,231.0,False,SOFT,4.0,True,McLaren,0 days 01:01:54.756000,2026-07-24 12:18:50.349,12,,,,False,False,FP1,44.1,24.0,27.8
0 days 01:06:13.674000,FOR,67,0 days 00:02:19.631000,22.0,7.0,0 days 01:04:16.829000,,0 days 00:01:01.907000,0 days 00:00:47.848000,0 days 00:00:29.876000,0 days 01:04:55.950000,0 days 01:05:43.798000,0 days 01:06:13.674000,112.0,145.0,245.0,231.0,False,MEDIUM,18.0,False,McLaren,0 days 01:03:54.043000,2026-07-24 12:20:49.636,1,,,,False,False,FP1,44.1,24.0,27.8
0 days 01:07:38.753000,FOR,67,0 days 00:01:25.079000,23.0,7.0,,,0 days 00:00:29.599000,0 days 00:00:31.398000,0 days 00:00:24.082000,0 days 01:06:43.273000,0 days 01:07:14.671000,0 days 01:07:38.753000,275.0,234.0,261.0,299.0,False,MEDIUM,19.0,False,McLaren,0 days 01:06:13.674000,2026-07-24 12:23:09.267,1,,,,False,True,FP1,44.1,24.0,27.8
0 days 01:09:02.754000,FOR,67,0 days 00:01:24.001000,24.0,7.0,,,0 days 00:00:28.919000,0 days 00:00:30.982000,0 days 00:00:24.100000,0 days 01:08:07.672000,0 days 01:08:38.654000,0 days 01:09:02.754000,286.0,233.0,260.0,305.0,False,MEDIUM,20.0,False,McLaren,0 days 01:07:38.753000,2026-07-24 12:24:34.346,1,,,,False,True,FP1,44.1,24.0,27.8
0 days 01:10:28.235000,FOR,67,0 days 00:01:25.481000,25.0,7.0,,,0 days 00:00:29.234000,0 days 00:00:31.617000,0 days 00:00:24.630000,0 days 01:09:31.988000,0 days 01:10:03.605000,0 days 01:10:28.235000,285.0,230.0,261.0,312.0,False,MEDIUM,21.0,False,McLaren,0 days 01:09:02.754000,2026-07-24 12:25:58.347,1,,,,False,True,FP1,44.1,24.0,27.8
0 days 01:11:58.008000,FOR,67,0 days 00:01:29.773000,26.0,7.0,,,0 days 00:00:29.793000,0 days 00:00:31.950000,0 days 00:00:28.030000,0 days 01:10:58.028000,0 days 01:11:29.978000,0 days 01:11:58.008000,259.0,234.0,260.0,320.0,False,MEDIUM,22.0,False,McLaren,0 days 01:10:28.235000,2026-07-24 12:27:23.828,1,,,,False,True,FP1,44.1,24.0,27.8
0 days 01:13:22.409000,FOR,67,0 days 00:01:24.401000,27.0,7.0,,,0 days 00:00:29.300000,0 days 00:00:30.845000,0 days 00:00:24.256000,0 days 01:12:27.308000,0 days 01:12:58.153000,0 days 01:13:22.409000,285.0,237.0,258.0,294.0,False,MEDIUM,23.0,False,McLaren,0 days 01:11:58.008000,2026-07-24 12:28:53.601,1,,,,False,True,FP1,44.5,24.0,27.4
0 days 01:15:55.497000,FOR,67,,28.0,7.0,,,0 days 00:00:38.205000,0 days 00:00:48.240000,0 days 00:01:06.514000,0 days 01:14:00.915000,0 days 01:14:49.087000,0 days 01:15:55.500000,109.0,100.0,4.0,249.0,False,MEDIUM,24.0,False,McLaren,0 days 01:13:22.409000,2026-07-24 12:30:18.002,1,,,,False,False,FP1,44.5,24.0,27.4
0 days 01:17:51.727000,FOR,67,0 days 00:01:56.230000,29.0,7.0,,0 days 01:17:49.805000,0 days 00:00:40.014000,0 days 00:00:42.398000,0 days 00:00:33.818000,0 days 01:16:35.511000,0 days 01:17:17.909000,0 days 01:17:51.727000,171.0,171.0,,267.0,False,MEDIUM,25.0,False,McLaren,0 days 01:15:55.497000,2026-07-24 12:32:51.090,1,,,,False,False,FP1,44.5,24.0,27.4
0 days 00:16:22.789000,VES,72,,1.0,1.0,0 days 00:13:30.706000,,,0 days 00:00:36.720000,0 days 00:00:25.876000,,0 days 00:15:57.145000,0 days 00:16:22.984000,216.0,215.0,249.0,,False,MEDIUM,1.0,True,Mercedes,0 days 00:13:30.706000,2026-07-24 11:30:26.299,1,,,,False,False,FP1,44.5,24.0,27.4
0 days 00:17:51.572000,VES,72,0 days 00:01:28.783000,2.0,1.0,,,0 days 00:00:31.257000,0 days 00:00:32.983000,0 days 00:00:24.543000,0 days 00:16:54.046000,0 days 00:17:27.029000,0 days 00:17:51.572000,262.0,226.0,263.0,288.0,True,MEDIUM,2.0,True,Mercedes,0 days 00:16:22.789000,2026-07-24 11:33:18.382,1,,,,False,True,FP1,44.5,24.0,27.4
0 days 00:19:18.041000,VES,72,0 days 00:01:26.469000,3.0,1.0,,,0 days 00:00:29.995000,0 days 00:00:32.203000,0 days 00:00:24.271000,0 days 00:18:21.567000,0 days 00:18:53.770000,0 days 00:19:18.041000,271.0,234.0,264.0,304.0,True,MEDIUM,3.0,True,Mercedes,0 days 00:17:51.572000,2026-07-24 11:34:47.165,1,,,,False,True,FP1,44.5,24.0,27.4
0 days 00:20:43.418000,VES,72,0 days 00:01:25.377000,4.0,1.0,,,0 days 00:00:29.650000,0 days 00:00:31.736000,0 days 00:00:23.991000,0 days 00:19:47.691000,0 days 00:20:19.427000,0 days 00:20:43.418000,282.0,234.0,243.0,302.0,True,MEDIUM,4.0,True,Mercedes,0 days 00:19:18.041000,2026-07-24 11:36:13.634,1,,,,False,True,FP1,44.5,24.0,27.4
0 days 00:22:30.753000,VES,72,0 days 00:01:47.335000,5.0,1.0,,0 days 00:22:29.014000,0 days 00:00:36.961000,0 days 00:00:40.079000,0 days 00:00:30.295000,0 days 00:21:20.379000,0 days 00:22:00.458000,0 days 00:22:30.753000,204.0,187.0,,239.0,False,MEDIUM,5.0,True,Mercedes,0 days 00:20:43.418000,2026-07-24 11:37:39.011,1,,,,False,False,FP1,44.5,24.0,27.4
0 days 00:33:30.912000,VES,72,,6.0,2.0,0 days 00:31:50.749000,,,0 days 00:00:34.869000,0 days 00:00:25.452000,,0 days 00:33:05.632000,0 days 00:33:30.955000,236.0,214.0,260.0,239.0,False,MEDIUM,6.0,False,Mercedes,0 days 00:22:30.753000,2026-07-24 11:39:26.346,1,,,,False,False,FP1,44.5,24.0,27.4
0 days 00:34:53.743000,VES,72,0 days 00:01:22.831000,7.0,2.0,,,0 days 00:00:29.079000,0 days 00:00:30.308000,0 days 00:00:23.444000,0 days 00:33:59.991000,0 days 00:34:30.299000,0 days 00:34:53.743000,284.0,247.0,250.0,319.0,True,MEDIUM,7.0,False,Mercedes,0 days 00:33:30.912000,2026-07-24 11:50:26.505,1,,,,False,True,FP1,40.4,24.0,27.7
0 days 00:36:59.031000,VES,72,0 days 00:02:05.288000,8.0,2.0,,,0 days 00:00:40.682000,0 days 00:00:57.365000,0 days 00:00:27.241000,0 days 00:35:34.425000,0 days 00:36:31.790000,0 days 00:36:59.031000,148.0,129.0,264.0,274.0,False,MEDIUM,8.0,False,Mercedes,0 days 00:34:53.743000,2026-07-24 11:51:49.336,1,,,,False,True,FP1,40.4,24.0,27.7
0 days 00:38:21.045000,VES,72,0 days 00:01:22.014000,9.0,2.0,,,0 days 00:00:28.844000,0 days 00:00:30.054000,0 days 00:00:23.116000,0 days 00:37:27.875000,0 days 00:37:57.929000,0 days 00:38:21.045000,288.0,248.0,252.0,320.0,True,MEDIUM,9.0,False,Mercedes,0 days 00:36:59.031000,2026-07-24 11:53:54.624,1,,,,False,True,FP1,40.4,24.0,27.7
0 days 00:40:30.261000,VES,72,0 days 00:02:09.216000,10.0,2.0,,,0 days 00:00:50.336000,0 days 00:00:53.678000,0 days 00:00:25.202000,0 days 00:39:11.381000,0 days 00:40:05.059000,0 days 00:40:30.261000,128.0,209.0,262.0,276.0,False,MEDIUM,10.0,False,Mercedes,0 days 00:38:21.045000,2026-07-24 11:55:16.638,1,,,,False,True,FP1,40.4,24.0,27.7
0 days 00:41:52.360000,VES,72,0 days 00:01:22.099000,11.0,2.0,,,0 days 00:00:28.584000,0 days 00:00:30.241000,0 days 00:00:23.274000,0 days 00:40:58.845000,0 days 00:41:29.086000,0 days 00:41:52.360000,291.0,247.0,253.0,316.0,False,MEDIUM,11.0,False,Mercedes,0 days 00:40:30.261000,2026-07-24 11:57:25.854,1,,,,False,True,FP1,40.4,24.0,27.7
0 days 00:43:18.430000,VES,72,0 days 00:01:26.070000,12.0,2.0,,,0 days 00:00:30.613000,0 days 00:00:31.426000,0 days 00:00:24.031000,0 days 00:42:22.973000,0 days 00:42:54.399000,0 days 00:43:18.430000,281.0,235.0,267.0,276.0,False,MEDIUM,12.0,False,Mercedes,0 days 00:41:52.360000,2026-07-24 11:58:47.953,1,,,,False,True,FP1,40.4,24.0,27.7
0 days 00:44:42.415000,VES,72,0 days 00:01:23.985000,13.0,2.0,,,0 days 00:00:29.166000,0 days 00:00:31.022000,0 days 00:00:23.797000,0 days 00:43:47.596000,0 days 00:44:18.618000,0 days 00:44:42.415000,276.0,236.0,266.0,321.0,False,MEDIUM,13.0,False,Mercedes,0 days 00:43:18.430000,2026-07-24 12:00:14.023,1,,,,False,True,FP1,40.4,24.0,27.7
0 days 00:46:07.696000,VES,72,0 days 00:01:25.281000,14.0,2.0,,,0 days 00:00:29.427000,0 days 00:00:31.617000,0 days 00:00:24.237000,0 days 00:45:11.842000,0 days 00:45:43.459000,0 days 00:46:07.696000,276.0,235.0,265.0,323.0,False,MEDIUM,14.0,False,Mercedes,0 days 00:44:42.415000,2026-07-24 12:01:38.008,1,,,,False,True,FP1,44.2,24.0,27.4
0 days 00:47:54.534000,VES,72,0 days 00:01:46.838000,15.0,2.0,,0 days 00:47:52.708000,0 days 00:00:38.396000,0 days 00:00:38.980000,0 days 00:00:29.462000,0 days 00:46:46.092000,0 days 00:47:25.072000,0 days 00:47:54.534000,211.0,198.0,,260.0,False,MEDIUM,15.0,False,Mercedes,0 days 00:46:07.696000,2026-07-24 12:03:03.289,1,,,,False,False,FP1,44.2,24.0,27.4
0 days 00:58:29.402000,VES,72,,16.0,3.0,0 days 00:56:34.743000,,,0 days 00:00:40.729000,0 days 00:00:28.595000,,0 days 00:58:00.915000,0 days 00:58:29.539000,240.0,204.0,267.0,260.0,False,SOFT,1.0,True,Mercedes,0 days 00:56:34.743000,2026-07-24 12:13:30.336,1,,,,False,False,FP1,44.2,24.0,27.4
0 days 00:59:49.869000,VES,72,0 days 00:01:20.467000,17.0,3.0,,,0 days 00:00:28.300000,0 days 00:00:29.290000,0 days 00:00:22.877000,0 days 00:58:57.702000,0 days 00:59:26.992000,0 days 00:59:49.869000,288.0,253.0,253.0,325.0,True,SOFT,2.0,True,Mercedes,0 days 00:58:29.402000,2026-07-24 12:15:24.995,1,,,,False,True,FP1,44.2,24.0,27.4
0 days 01:02:10.693000,VES,72,0 days 00:02:20.824000,18.0,3.0,,0 days 01:02:09.015000,0 days 00:00:51.678000,0 days 00:00:53.522000,0 days 00:00:35.624000,0 days 01:00:41.547000,0 days 01:01:35.069000,0 days 01:02:10.693000,108.0,201.0,,278.0,False,SOFT,3.0,True,Mercedes,0 days 00:59:49.869000,2026-07-24 12:16:45.462,12,,,,False,False,FP1,44.2,24.0,27.4
0 days 01:04:13.463000,VES,72,0 days 00:02:02.770000,19.0,4.0,0 days 01:02:25.449000,,0 days 00:00:53.985000,0 days 00:00:43.434000,0 days 00:00:25.351000,0 days 01:03:04.678000,0 days 01:03:48.112000,0 days 01:04:13.463000,172.0,212.0,265.0,278.0,False,SOFT,4.0,False,Mercedes,0 days 01:02:10.693000,2026-07-24 12:19:06.286,21,,,,False,False,FP1,44.2,24.0,27.4
0 days 01:05:35.500000,VES,72,0 days 00:01:22.037000,20.0,4.0,,,0 days 00:00:28.511000,0 days 00:00:30.407000,0 days 00:00:23.119000,0 days 01:04:41.974000,0 days 01:05:12.381000,0 days 01:05:35.500000,282.0,246.0,255.0,321.0,False,SOFT,5.0,False,Mercedes,0 days 01:04:13.463000,2026-07-24 12:21:09.056,1,,,,False,True,FP1,44.2,24.0,27.4
0 days 01:07:10.580000,VES,72,0 days 00:01:35.080000,21.0,4.0,,0 days 01:07:08.734000,0 days 00:00:31.823000,0 days 00:00:34.220000,0 days 00:00:29.037000,0 days 01:06:07.323000,0 days 01:06:41.543000,0 days 01:07:10.580000,250.0,220.0,,280.0,False,SOFT,6.0,False,Mercedes,0 days 01:05:35.500000,2026-07-24 12:22:31.093,1,,,,False,False,FP1,44.2,24.0,27.4
0 days 01:14:13.013000,VES,72,,22.0,5.0,0 days 01:12:17.859000,,,0 days 00:00:33.853000,0 days 00:00:24.398000,,0 days 01:13:48.700000,0 days 01:14:13.013000,231.0,227.0,256.0,280.0,False,MEDIUM,16.0,False,Mercedes,0 days 01:07:10.580000,2026-07-24 12:24:06.173,1,,,,False,False,FP1,44.2,24.0,27.4
0 days 01:16:58.309000,VES,72,,23.0,5.0,,,0 days 00:00:37.236000,0 days 00:00:42.612000,0 days 00:01:25.479000,0 days 01:14:50.388000,0 days 01:15:32.951000,0 days 01:16:58.309000,233.0,202.0,148.0,306.0,False,MEDIUM,17.0,False,Mercedes,0 days 01:14:13.013000,2026-07-24 12:31:08.606,1,,,,False,False,FP1,45.2,23.8,28.1
0 days 01:18:46.696000,VES,72,0 days 00:01:48.387000,24.0,5.0,,0 days 01:18:44.816000,0 days 00:00:37.485000,0 days 00:00:41.637000,0 days 00:00:29.265000,0 days 01:17:35.794000,0 days 01:18:17.431000,0 days 01:18:46.696000,120.0,216.0,,270.0,False,MEDIUM,18.0,False,Mercedes,0 days 01:16:58.309000,2026-07-24 12:33:53.902,1,,,,False,False,FP1,45.2,23.8,28.1
0 days 00:16:28.410000,NOR,1,,1.0,1.0,0 days 00:14:29.105000,,,0 days 00:00:33.099000,0 days 00:00:28.547000,,0 days 00:16:00.069000,0 days 00:16:28.574000,249.0,216.0,262.0,,False,MEDIUM,1.0,True,McLaren,0 days 00:14:29.105000,2026-07-24 15:01:10.825,1,,,,False,False,FP2,32.1,23.7,30.4
0 days 00:17:49.307000,NOR,1,0 days 00:01:20.897000,2.0,1.0,,,0 days 00:00:28.261000,0 days 00:00:28.981000,0 days 00:00:23.655000,0 days 00:16:56.671000,0 days 00:17:25.652000,0 days 00:17:49.307000,297.0,249.0,249.0,321.0,True,MEDIUM,2.0,True,McLaren,0 days 00:16:28.410000,2026-07-24 15:03:10.130,1,,,,False,True,FP2,32.1,23.7,30.4
0 days 00:20:10.701000,NOR,1,0 days 00:02:21.394000,3.0,1.0,,,0 days 00:00:51.920000,0 days 00:00:57.092000,0 days 00:00:32.382000,0 days 00:18:41.227000,0 days 00:19:38.319000,0 days 00:20:10.701000,130.0,92.0,259.0,212.0,False,MEDIUM,3.0,True,McLaren,0 days 00:17:49.307000,2026-07-24 15:04:31.027,1,,,,False,True,FP2,32.1,23.7,30.4
0 days 00:21:47.637000,NOR,1,0 days 00:01:36.936000,4.0,1.0,,,0 days 00:00:31.519000,0 days 00:00:34.621000,0 days 00:00:30.796000,0 days 00:20:42.220000,0 days 00:21:16.841000,0 days 00:21:47.637000,169.0,222.0,263.0,319.0,False,MEDIUM,4.0,True,McLaren,0 days 00:20:10.701000,2026-07-24 15:06:52.421,1,,,,False,True,FP2,32.1,23.7,30.4
0 days 00:23:09.982000,NOR,1,0 days 00:01:22.345000,5.0,1.0,,,0 days 00:00:28.092000,0 days 00:00:28.814000,0 days 00:00:25.439000,0 days 00:22:15.729000,0 days 00:22:44.543000,0 days 00:23:09.982000,299.0,242.0,160.0,321.0,False,MEDIUM,5.0,True,McLaren,0 days 00:21:47.637000,2026-07-24 15:08:29.357,1,,,,False,True,FP2,32.1,23.7,30.4
0 days 00:24:53.015000,NOR,1,0 days 00:01:43.033000,6.0,1.0,,0 days 00:24:51.248000,0 days 00:00:36.452000,0 days 00:00:36.108000,0 days 00:00:30.473000,0 days 00:23:46.434000,0 days 00:24:22.542000,0 days 00:24:53.015000,237.0,159.0,,180.0,False,MEDIUM,6.0,True,McLaren,0 days 00:23:09.982000,2026-07-24 15:09:51.702,1,,,,False,False,FP2,32.1,23.7,30.4
0 days 00:36:32.085000,NOR,1,,7.0,2.0,0 days 00:35:04.416000,,,0 days 00:00:31.036000,0 days 00:00:24.382000,,0 days 00:36:07.766000,0 days 00:36:32.114000,240.0,227.0,265.0,180.0,False,SOFT,1.0,True,McLaren,0 days 00:24:53.015000,2026-07-24 15:11:34.735,1,,,,False,False,FP2,32.1,23.7,30.4
0 days 00:37:51.313000,NOR,1,0 days 00:01:19.228000,8.0,2.0,,,0 days 00:00:27.782000,0 days 00:00:28.540000,0 days 00:00:22.906000,0 days 00:36:59.867000,0 days 00:37:28.407000,0 days 00:37:51.313000,299.0,251.0,255.0,321.0,True,SOFT,2.0,True,McLaren,0 days 00:36:32.085000,2026-07-24 15:23:13.805,1,,,,False,True,FP2,32.1,23.7,30.4
0 days 00:39:47.823000,NOR,1,0 days 00:01:56.510000,9.0,2.0,,,0 days 00:00:39.640000,0 days 00:00:46.511000,0 days 00:00:30.359000,0 days 00:38:30.953000,0 days 00:39:17.464000,0 days 00:39:47.823000,209.0,123.0,264.0,198.0,False,SOFT,3.0,True,McLaren,0 days 00:37:51.313000,2026-07-24 15:24:33.033,1,,,,False,True,FP2,32.1,23.7,30.4
0 days 00:48:41.114000,NOR,1,,10.0,2.0,,0 days 00:41:19.853000,0 days 00:00:27.750000,0 days 00:00:28.413000,,0 days 00:40:15.772000,0 days 00:40:44.136000,,299.0,250.0,,321.0,False,SOFT,4.0,True,McLaren,0 days 00:39:47.823000,2026-07-24 15:26:29.543,125,,,,False,False,FP2,32.1,23.7,30.4
0 days 00:50:40.606000,NOR,1,,11.0,3.0,0 days 00:48:41.114000,,,0 days 00:00:32.089000,0 days 00:00:24.766000,,0 days 00:50:15.956000,0 days 00:50:40.633000,278.0,230.0,262.0,321.0,False,MEDIUM,7.0,False,McLaren,0 days 00:48:41.114000,2026-07-24 15:35:22.834,1,,,,False,False,FP2,32.1,23.7,30.4
0 days 00:52:04.990000,NOR,1,0 days 00:01:24.384000,12.0,3.0,,,0 days 00:00:29.440000,0 days 00:00:30.786000,0 days 00:00:24.158000,0 days 00:51:10.046000,0 days 00:51:40.832000,0 days 00:52:04.990000,288.0,235.0,257.0,325.0,False,MEDIUM,8.0,False,McLaren,0 days 00:50:40.606000,2026-07-24 15:37:22.326,1,,,,False,True,FP2,32.1,23.7,30.4
0 days 00:53:29.336000,NOR,1,0 days 00:01:24.346000,13.0,3.0,,,0 days 00:00:29.364000,0 days 00:00:30.716000,0 days 00:00:24.266000,0 days 00:52:34.354000,0 days 00:53:05.070000,0 days 00:53:29.336000,284.0,237.0,260.0,305.0,False,MEDIUM,9.0,False,McLaren,0 days 00:52:04.990000,2026-07-24 15:38:46.710,1,,,,False,True,FP2,32.1,23.7,30.4
0 days 00:54:53.344000,NOR,1,0 days 00:01:24.008000,14.0,3.0,,,0 days 00:00:29.302000,0 days 00:00:30.426000,0 days 00:00:24.280000,0 days 00:53:58.638000,0 days 00:54:29.064000,0 days 00:54:53.344000,288.0,236.0,259.0,298.0,False,MEDIUM,10.0,False,McLaren,0 days 00:53:29.336000,2026-07-24 15:40:11.056,1,,,,False,True,FP2,32.1,23.7,30.4
0 days 00:56:17.767000,NOR,1,0 days 00:01:24.423000,15.0,3.0,,,0 days 00:00:29.351000,0 days 00:00:30.647000,0 days 00:00:24.425000,0 days 00:55:22.695000,0 days 00:55:53.342000,0 days 00:56:17.767000,286.0,235.0,258.0,302.0,False,MEDIUM,11.0,False,McLaren,0 days 00:54:53.344000,2026-07-24 15:41:35.064,1,,,,False,True,FP2,32.1,23.7,30.4
0 days 00:57:41.638000,NOR,1,0 days 00:01:23.871000,16.0,3.0,,,0 days 00:00:28.974000,0 days 00:00:30.530000,0 days 00:00:24.367000,0 days 00:56:46.741000,0 days 00:57:17.271000,0 days 00:57:41.638000,290.0,237.0,258.0,310.0,False,MEDIUM,12.0,False,McLaren,0 days 00:56:17.767000,2026-07-24 15:42:59.487,1,,,,False,True,FP2,32.1,23.7,30.4
0 days 00:59:06.452000,NOR,1,0 days 00:01:24.814000,17.0,3.0,,,0 days 00:00:29.245000,0 days 00:00:30.794000,0 days 00:00:24.775000,0 days 00:58:10.883000,0 days 00:58:41.677000,0 days 00:59:06.452000,286.0,235.0,258.0,306.0,False,MEDIUM,13.0,False,McLaren,0 days 00:57:41.638000,2026-07-24 15:44:23.358,1,,,,False,True,FP2,32.1,23.7,30.4
0 days 01:00:31.575000,NOR,1,0 days 00:01:25.123000,18.0,3.0,,,0 days 00:00:29.640000,0 days 00:00:30.795000,0 days 00:00:24.688000,0 days 00:59:36.092000,0 days 01:00:06.887000,0 days 01:00:31.575000,271.0,236.0,256.0,314.0,False,MEDIUM,14.0,False,McLaren,0 days 00:59:06.452000,2026-07-24 15:45:48.172,1,,,,False,True,FP2,31.6,23.8,30.1
0 days 01:01:56.955000,NOR,1,0 days 00:01:25.380000,19.0,3.0,,,0 days 00:00:29.494000,0 days 00:00:31.131000,0 days 00:00:24.755000,0 days 01:01:01.069000,0 days 01:01:32.200000,0 days 01:01:56.955000,280.0,234.0,258.0,307.0,False,MEDIUM,15.0,False,McLaren,0 days 01:00:31.575000,2026-07-24 15:47:13.295,1,,,,False,True,FP2,31.6,23.8,30.1
0 days 01:03:22.338000,NOR,1,0 days 00:01:25.383000,20.0,3.0,,,0 days 00:00:29.629000,0 days 00:00:30.991000,0 days 00:00:24.763000,0 days 01:02:26.584000,0 days 01:02:57.575000,0 days 01:03:22.338000,286.0,234.0,258.0,301.0,False,MEDIUM,16.0,False,McLaren,0 days 01:01:56.955000,2026-07-24 15:48:38.675,1,,,,False,True,FP2,31.6,23.8,30.1
0 days 01:04:47.633000,NOR,1,0 days 00:01:25.295000,21.0,3.0,,,0 days 00:00:29.428000,0 days 00:00:31.026000,0 days 00:00:24.841000,0 days 01:03:51.766000,0 days 01:04:22.792000,0 days 01:04:47.633000,284.0,233.0,255.0,306.0,False,MEDIUM,17.0,False,McLaren,0 days 01:03:22.338000,2026-07-24 15:50:04.058,1,,,,False,True,FP2,31.6,23.8,30.1
0 days 01:06:13.876000,NOR,1,0 days 00:01:26.243000,22.0,3.0,,,0 days 00:00:29.519000,0 days 00:00:31.747000,0 days 00:00:24.977000,0 days 01:05:17.152000,0 days 01:05:48.899000,0 days 01:06:13.876000,286.0,231.0,257.0,308.0,False,MEDIUM,18.0,False,McLaren,0 days 01:04:47.633000,2026-07-24 15:51:29.353,1,,,,False,True,FP2,31.6,23.8,30.1
0 days 01:07:45.027000,NOR,1,0 days 00:01:31.151000,23.0,3.0,,0 days 01:07:43.288000,0 days 00:00:31.279000,0 days 00:00:32.178000,0 days 00:00:27.694000,0 days 01:06:45.155000,0 days 01:07:17.333000,0 days 01:07:45.027000,287.0,230.0,,308.0,False,MEDIUM,19.0,False,McLaren,0 days 01:06:13.876000,2026-07-24 15:52:55.596,1,,,,False,False,FP2,31.6,23.8,30.1
0 days 01:09:27.973000,NOR,1,0 days 00:01:42.946000,24.0,4.0,0 days 01:08:04.586000,,0 days 00:00:48.277000,0 days 00:00:30.696000,0 days 00:00:23.973000,0 days 01:08:33.304000,0 days 01:09:04,0 days 01:09:27.973000,282.0,237.0,260.0,308.0,False,SOFT,5.0,False,McLaren,0 days 01:07:45.027000,2026-07-24 15:54:26.747,1,,,,False,False,FP2,31.6,23.8,30.1
0 days 01:10:51.692000,NOR,1,0 days 00:01:23.719000,25.0,4.0,,,0 days 00:00:28.803000,0 days 00:00:30.797000,0 days 00:00:24.119000,0 days 01:09:56.776000,0 days 01:10:27.573000,0 days 01:10:51.692000,287.0,238.0,261.0,308.0,False,SOFT,6.0,False,McLaren,0 days 01:09:27.973000,2026-07-24 15:56:09.693,1,,,,False,True,FP2,31.6,23.8,30.1
0 days 01:12:20.355000,NOR,1,0 days 00:01:28.663000,26.0,4.0,,,0 days 00:00:28.766000,0 days 00:00:31.007000,0 days 00:00:28.890000,0 days 01:11:20.458000,0 days 01:11:51.465000,0 days 01:12:20.355000,292.0,241.0,264.0,319.0,False,SOFT,7.0,False,McLaren,0 days 01:10:51.692000,2026-07-24 15:57:33.412,1,,,,False,True,FP2,31.6,23.8,30.1
0 days 01:13:43.106000,NOR,1,0 days 00:01:22.751000,27.0,4.0,,,0 days 00:00:28.726000,0 days 00:00:30.147000,0 days 00:00:23.878000,0 days 01:12:49.081000,0 days 01:13:19.228000,0 days 01:13:43.106000,287.0,239.0,261.0,310.0,False,SOFT,8.0,False,McLaren,0 days 01:12:20.355000,2026-07-24 15:59:02.075,1,,,,False,True,FP2,31.6,23.8,30.1
0 days 01:15:45.632000,NOR,1,0 days 00:02:02.526000,28.0,4.0,,,0 days 00:00:38.302000,0 days 00:00:42.095000,0 days 00:00:42.129000,0 days 01:14:21.408000,0 days 01:15:03.503000,0 days 01:15:45.632000,173.0,167.0,47.0,229.0,False,SOFT,9.0,False,McLaren,0 days 01:13:43.106000,2026-07-24 16:00:24.826,1,,,,False,True,FP2,31.6,23.8,30.1
0 days 01:17:54.145000,NOR,1,0 days 00:02:08.513000,29.0,4.0,,,0 days 00:01:00.044000,0 days 00:00:32.742000,0 days 00:00:35.727000,0 days 01:16:45.676000,0 days 01:17:18.418000,0 days 01:17:54.145000,243.0,227.0,51.0,258.0,False,SOFT,10.0,False,McLaren,0 days 01:15:45.632000,2026-07-24 16:02:27.352,1,,,,False,True,FP2,31.6,23.8,30.1
0 days 01:19:49.770000,NOR,1,0 days 00:01:55.625000,30.0,4.0,,0 days 01:19:47.971000,0 days 00:00:53.611000,0 days 00:00:33.521000,0 days 00:00:28.493000,0 days 01:18:47.756000,0 days 01:19:21.277000,0 days 01:19:49.770000,265.0,209.0,,260.0,False,SOFT,11.0,False,McLaren,0 days 01:17:54.145000,2026-07-24 16:04:35.865,1,,,,False,False,FP2,31.6,23.8,30.1
0 days 00:19:25.774000,VER,3,,1.0,1.0,0 days 00:17:48.289000,,,0 days 00:00:36.506000,0 days 00:00:28.332000,,0 days 00:18:57.685000,0 days 00:19:25.937000,247.0,217.0,262.0,,False,MEDIUM,1.0,True,Red Bull Racing,0 days 00:17:48.289000,2026-07-24 15:04:30.009,1,,,,False,False,FP2,31.6,23.8,30.1
0 days 00:20:46.183000,VER,3,0 days 00:01:20.409000,2.0,1.0,,,0 days 00:00:28.235000,0 days 00:00:29.016000,0 days 00:00:23.158000,0 days 00:19:54.009000,0 days 00:20:23.025000,0 days 00:20:46.183000,290.0,247.0,260.0,318.0,True,MEDIUM,2.0,True,Red Bull Racing,0 days 00:19:25.774000,2026-07-24 15:06:07.494,1,,,,False,True,FP2,31.6,23.8,30.1
0 days 00:22:50.828000,VER,3,0 days 00:02:04.645000,3.0,1.0,,,0 days 00:00:50.884000,0 days 00:00:46.719000,0 days 00:00:27.042000,0 days 00:21:37.067000,0 days 00:22:23.786000,0 days 00:22:50.828000,124.0,197.0,263.0,195.0,False,MEDIUM,3.0,True,Red Bull Racing,0 days 00:20:46.183000,2026-07-24 15:07:27.903,1,,,,False,True,FP2,31.6,23.8,30.1
0 days 00:24:11.001000,VER,3,0 days 00:01:20.173000,4.0,1.0,,,0 days 00:00:28.029000,0 days 00:00:29.152000,0 days 00:00:22.992000,0 days 00:23:18.857000,0 days 00:23:48.009000,0 days 00:24:11.001000,288.0,247.0,257.0,317.0,True,MEDIUM,4.0,True,Red Bull Racing,0 days 00:22:50.828000,2026-07-24 15:09:32.548,1,,,,False,True,FP2,31.6,23.8,30.1
0 days 00:25:51.782000,VER,3,0 days 00:01:40.781000,5.0,1.0,,0 days 00:25:49.982000,0 days 00:00:34.377000,0 days 00:00:34.694000,0 days 00:00:31.710000,0 days 00:24:45.378000,0 days 00:25:20.072000,0 days 00:25:51.782000,216.0,222.0,,246.0,False,MEDIUM,5.0,True,Red Bull Racing,0 days 00:24:11.001000,2026-07-24 15:10:52.721,1,,,,False,False,FP2,31.6,23.8,30.1
0 days 00:36:56.244000,VER,3,,6.0,2.0,0 days 00:35:21.666000,,,0 days 00:00:35.633000,0 days 00:00:25.275000,,0 days 00:36:31.129000,0 days 00:36:56.317000,248.0,195.0,265.0,246.0,False,SOFT,1.0,True,Red Bull Racing,0 days 00:25:51.782000,2026-07-24 15:12:33.502,1,,,,False,False,FP2,31.6,23.8,30.1
0 days 00:38:15.665000,VER,3,0 days 00:01:19.421000,7.0,2.0,,,0 days 00:00:27.827000,0 days 00:00:28.636000,0 days 00:00:22.958000,0 days 00:37:24.071000,0 days 00:37:52.707000,0 days 00:38:15.665000,289.0,249.0,259.0,318.0,True,SOFT,2.0,True,Red Bull Racing,0 days 00:36:56.244000,2026-07-24 15:23:37.964,1,,,,False,True,FP2,31.6,23.8,30.1
0 days 00:39:57.295000,VER,3,0 days 00:01:41.630000,8.0,2.0,,0 days 00:39:55.529000,0 days 00:00:39.032000,0 days 00:00:34.162000,0 days 00:00:28.436000,0 days 00:38:54.697000,0 days 00:39:28.859000,0 days 00:39:57.295000,215.0,223.0,,210.0,False,SOFT,3.0,True,Red Bull Racing,0 days 00:38:15.665000,2026-07-24 15:24:57.385,1,,,,False,False,FP2,31.6,23.8,30.1
0 days 00:52:56.470000,VER,3,,9.0,3.0,0 days 00:51:19.696000,,,0 days 00:00:33.826000,0 days 00:00:26.644000,,0 days 00:52:30.069000,0 days 00:52:56.495000,245.0,232.0,256.0,210.0,False,MEDIUM,6.0,False,Red Bull Racing,0 days 00:51:19.696000,2026-07-24 15:38:01.416,1,,,,False,False,FP2,31.6,23.8,30.1
0 days 00:54:21.205000,VER,3,0 days 00:01:24.735000,10.0,3.0,,,0 days 00:00:29.525000,0 days 00:00:30.929000,0 days 00:00:24.281000,0 days 00:53:25.995000,0 days 00:53:56.924000,0 days 00:54:21.205000,277.0,239.0,257.0,312.0,False,MEDIUM,7.0,False,Red Bull Racing,0 days 00:52:56.470000,2026-07-24 15:39:38.190,1,,,,False,True,FP2,31.6,23.8,30.1
0 days 00:55:45.345000,VER,3,0 days 00:01:24.140000,11.0,3.0,,,0 days 00:00:29.339000,0 days 00:00:30.747000,0 days 00:00:24.054000,0 days 00:54:50.544000,0 days 00:55:21.291000,0 days 00:55:45.345000,281.0,238.0,258.0,306.0,False,MEDIUM,8.0,False,Red Bull Racing,0 days 00:54:21.205000,2026-07-24 15:41:02.925,1,,,,False,True,FP2,31.6,23.8,30.1
0 days 00:57:09.455000,VER,3,0 days 00:01:24.110000,12.0,3.0,,,0 days 00:00:29.608000,0 days 00:00:30.596000,0 days 00:00:23.906000,0 days 00:56:14.953000,0 days 00:56:45.549000,0 days 00:57:09.455000,289.0,240.0,259.0,310.0,False,MEDIUM,9.0,False,Red Bull Racing,0 days 00:55:45.345000,2026-07-24 15:42:27.065,1,,,,False,True,FP2,31.6,23.8,30.1
0 days 00:58:33.334000,VER,3,0 days 00:01:23.879000,13.0,3.0,,,0 days 00:00:29.262000,0 days 00:00:30.668000,0 days 00:00:23.949000,0 days 00:57:38.717000,0 days 00:58:09.385000,0 days 00:58:33.334000,282.0,240.0,262.0,309.0,False,MEDIUM,10.0,False,Red Bull Racing,0 days 00:57:09.455000,2026-07-24 15:43:51.175,1,,,,False,True,FP2,31.5,23.9,30.0
0 days 00:59:58.707000,VER,3,0 days 00:01:25.373000,14.0,3.0,,,0 days 00:00:29.142000,0 days 00:00:31.492000,0 days 00:00:24.739000,0 days 00:59:02.476000,0 days 00:59:33.968000,0 days 00:59:58.707000,287.0,237.0,261.0,310.0,False,MEDIUM,11.0,False,Red Bull Racing,0 days 00:58:33.334000,2026-07-24 15:45:15.054,1,,,,False,True,FP2,31.5,23.9,30.0
0 days 01:01:26.186000,VER,3,0 days 00:01:27.479000,15.0,3.0,,,0 days 00:00:29.250000,0 days 00:00:30.907000,0 days 00:00:27.322000,0 days 01:00:27.957000,0 days 01:00:58.864000,0 days 01:01:26.186000,278.0,241.0,226.0,328.0,False,MEDIUM,12.0,False,Red Bull Racing,0 days 00:59:58.707000,2026-07-24 15:46:40.427,1,,,,False,True,FP2,31.5,23.9,30.0
0 days 01:02:52.365000,VER,3,0 days 00:01:26.179000,16.0,3.0,,,0 days 00:00:30.463000,0 days 00:00:31.233000,0 days 00:00:24.483000,0 days 01:01:56.649000,0 days 01:02:27.882000,0 days 01:02:52.365000,276.0,234.0,258.0,294.0,False,MEDIUM,13.0,False,Red Bull Racing,0 days 01:01:26.186000,2026-07-24 15:48:07.906,1,,,,False,True,FP2,31.5,23.9,30.0
0 days 01:04:21.038000,VER,3,0 days 00:01:28.673000,17.0,3.0,,0 days 01:04:19.196000,0 days 00:00:29.831000,0 days 00:00:31.369000,0 days 00:00:27.473000,0 days 01:03:22.196000,0 days 01:03:53.565000,0 days 01:04:21.038000,282.0,238.0,,298.0,False,MEDIUM,14.0,False,Red Bull Racing,0 days 01:02:52.365000,2026-07-24 15:49:34.085,1,,,,False,False,FP2,31.5,23.9,30.0
0 days 01:06:09.511000,VER,3,0 days 00:01:48.473000,18.0,4.0,0 days 01:04:43.801000,,0 days 00:00:52.479000,0 days 00:00:31.605000,0 days 00:00:24.389000,0 days 01:05:13.517000,0 days 01:05:45.122000,0 days 01:06:09.511000,282.0,237.0,259.0,298.0,False,SOFT,4.0,False,Red Bull Racing,0 days 01:04:21.038000,2026-07-24 15:51:02.758,1,,,,False,False,FP2,31.5,23.9,30.0
0 days 01:07:33.258000,VER,3,0 days 00:01:23.747000,19.0,4.0,,,0 days 00:00:29.023000,0 days 00:00:30.797000,0 days 00:00:23.927000,0 days 01:06:38.534000,0 days 01:07:09.331000,0 days 01:07:33.258000,290.0,242.0,264.0,319.0,False,SOFT,5.0,False,Red Bull Racing,0 days 01:06:09.511000,2026-07-24 15:52:51.231,1,,,,False,True,FP2,31.5,23.9,30.0
0 days 01:08:56.805000,VER,3,0 days 00:01:23.547000,20.0,4.0,,,0 days 00:00:28.910000,0 days 00:00:30.715000,0 days 00:00:23.922000,0 days 01:08:02.168000,0 days 01:08:32.883000,0 days 01:08:56.805000,283.0,237.0,261.0,332.0,False,SOFT,6.0,False,Red Bull Racing,0 days 01:07:33.258000,2026-07-24 15:54:14.978,1,,,,False,True,FP2,31.5,23.9,30.0
0 days 01:10:20.886000,VER,3,0 days 00:01:24.081000,21.0,4.0,,,0 days 00:00:29.100000,0 days 00:00:30.724000,0 days 00:00:24.257000,0 days 01:09:25.905000,0 days 01:09:56.629000,0 days 01:10:20.886000,288.0,241.0,260.0,313.0,False,SOFT,7.0,False,Red Bull Racing,0 days 01:08:56.805000,2026-07-24 15:55:38.525,1,,,,False,True,FP2,31.5,23.9,30.0
0 days 01:11:46.300000,VER,3,0 days 00:01:25.414000,22.0,4.0,,,0 days 00:00:29.015000,0 days 00:00:31.410000,0 days 00:00:24.989000,0 days 01:10:49.901000,0 days 01:11:21.311000,0 days 01:11:46.300000,294.0,238.0,258.0,316.0,False,SOFT,8.0,False,Red Bull Racing,0 days 01:10:20.886000,2026-07-24 15:57:02.606,1,,,,False,True,FP2,31.5,23.9,30.0
0 days 01:13:11.556000,VER,3,0 days 00:01:25.256000,23.0,4.0,,,0 days 00:00:29.457000,0 days 00:00:31.698000,0 days 00:00:24.101000,0 days 01:12:15.757000,0 days 01:12:47.455000,0 days 01:13:11.556000,285.0,239.0,261.0,312.0,False,SOFT,9.0,False,Red Bull Racing,0 days 01:11:46.300000,2026-07-24 15:58:28.020,1,,,,False,True,FP2,31.6,23.9,30.0
0 days 01:14:35.697000,VER,3,0 days 00:01:24.141000,24.0,4.0,,,0 days 00:00:29.132000,0 days 00:00:30.822000,0 days 00:00:24.187000,0 days 01:13:40.688000,0 days 01:14:11.510000,0 days 01:14:35.697000,285.0,243.0,259.0,310.0,False,SOFT,10.0,False,Red Bull Racing,0 days 01:13:11.556000,2026-07-24 15:59:53.276,1,,,,False,True,FP2,31.6,23.9,30.0
0 days 01:17:03.788000,VER,3,0 days 00:02:28.091000,25.0,4.0,,,0 days 00:00:36.179000,0 days 00:00:36.411000,0 days 00:01:15.501000,0 days 01:15:11.876000,0 days 01:15:48.287000,0 days 01:17:03.788000,196.0,208.0,153.0,205.0,False,SOFT,11.0,False,Red Bull Racing,0 days 01:14:35.697000,2026-07-24 16:01:17.417,1,,,,False,True,FP2,31.6,23.9,30.0
0 days 01:19:22.380000,VER,3,0 days 00:02:18.592000,26.0,4.0,,,0 days 00:00:30.819000,0 days 00:00:37.151000,0 days 00:01:10.622000,0 days 01:17:34.607000,0 days 01:18:11.758000,0 days 01:19:22.380000,226.0,222.0,61.0,278.0,False,SOFT,12.0,False,Red Bull Racing,0 days 01:17:03.788000,2026-07-24 16:03:45.508,1,,,,False,True,FP2,31.6,23.9,30.0
0 days 01:21:02.132000,VER,3,0 days 00:01:39.752000,27.0,4.0,,0 days 01:21:00.290000,0 days 00:00:35.770000,0 days 00:00:35.229000,0 days 00:00:28.753000,0 days 01:19:58.150000,0 days 01:20:33.379000,0 days 01:21:02.132000,211.0,206.0,,259.0,False,SOFT,13.0,False,Red Bull Racing,0 days 01:19:22.380000,2026-07-24 16:06:04.100,1,,,,False,False,FP2,31.6,23.9,30.0
0 days 00:15:37.444000,BOR,5,,1.0,1.0,0 days 00:13:30.973000,,,0 days 00:00:35.958000,0 days 00:00:28.275000,,0 days 00:15:09.344000,0 days 00:15:37.619000,240.0,99.0,265.0,,False,HARD,1.0,True,Audi,0 days 00:13:30.973000,2026-07-24 15:00:12.693,1,,,,False,False,FP2,31.6,23.9,30.0
0 days 00:16:59.320000,BOR,5,0 days 00:01:21.876000,2.0,1.0,,,0 days 00:00:28.520000,0 days 00:00:29.729000,0 days 00:00:23.627000,0 days 00:16:05.964000,0 days 00:16:35.693000,0 days 00:16:59.320000,299.0,240.0,254.0,321.0,True,HARD,2.0,True,Audi,0 days 00:15:37.444000,2026-07-24 15:02:19.164,1,,,,False,True,FP2,31.6,23.9,30.0
0 days 00:19:02.762000,BOR,5,0 days 00:02:03.442000,3.0,1.0,,,0 days 00:00:43.603000,0 days 00:00:46.638000,0 days 00:00:33.201000,0 days 00:17:42.923000,0 days 00:18:29.561000,0 days 00:19:02.762000,122.0,118.0,263.0,247.0,False,HARD,3.0,True,Audi,0 days 00:16:59.320000,2026-07-24 15:03:41.040,1,,,,False,True,FP2,31.6,23.9,30.0
0 days 00:20:27.473000,BOR,5,0 days 00:01:24.711000,4.0,1.0,,,0 days 00:00:28.505000,0 days 00:00:30.449000,0 days 00:00:25.757000,0 days 00:19:31.267000,0 days 00:20:01.716000,0 days 00:20:27.473000,292.0,236.0,259.0,318.0,False,HARD,4.0,True,Audi,0 days 00:19:02.762000,2026-07-24 15:05:44.482,1,,,,False,True,FP2,31.6,23.9,30.0
0 days 00:22:17.869000,BOR,5,0 days 00:01:50.396000,5.0,1.0,,0 days 00:22:16.035000,0 days 00:00:38.348000,0 days 00:00:41.310000,0 days 00:00:30.738000,0 days 00:21:05.821000,0 days 00:21:47.131000,0 days 00:22:17.869000,191.0,179.0,,318.0,False,HARD,5.0,True,Audi,0 days 00:20:27.473000,2026-07-24 15:07:09.193,1,,,,False,False,FP2,31.6,23.9,30.0
0 days 00:24:32.334000,BOR,5,0 days 00:02:14.465000,6.0,2.0,0 days 00:22:43.449000,,0 days 00:01:03.932000,0 days 00:00:35.319000,0 days 00:00:35.214000,0 days 00:23:21.801000,0 days 00:23:57.120000,0 days 00:24:32.334000,245.0,222.0,264.0,318.0,False,HARD,6.0,False,Audi,0 days 00:22:17.869000,2026-07-24 15:08:59.589,1,,,,False,False,FP2,31.6,23.9,30.0
0 days 00:25:53.966000,BOR,5,0 days 00:01:21.632000,7.0,2.0,,,0 days 00:00:28.439000,0 days 00:00:29.704000,0 days 00:00:23.489000,0 days 00:25:00.773000,0 days 00:25:30.477000,0 days 00:25:53.966000,292.0,239.0,251.0,318.0,True,HARD,7.0,False,Audi,0 days 00:24:32.334000,2026-07-24 15:11:14.054,1,,,,False,True,FP2,31.6,23.9,30.0
0 days 00:27:42.629000,BOR,5,0 days 00:01:48.663000,8.0,2.0,,0 days 00:27:40.763000,0 days 00:00:37.566000,0 days 00:00:39.909000,0 days 00:00:31.188000,0 days 00:26:31.532000,0 days 00:27:11.441000,0 days 00:27:42.629000,183.0,182.0,,275.0,False,HARD,8.0,False,Audi,0 days 00:25:53.966000,2026-07-24 15:12:35.686,1,,,,False,False,FP2,31.6,23.9,30.0
0 days 00:29:40.120000,BOR,5,0 days 00:01:57.491000,9.0,3.0,0 days 00:28:05.565000,,0 days 00:00:58.052000,0 days 00:00:33.989000,0 days 00:00:25.450000,0 days 00:28:40.681000,0 days 00:29:14.670000,0 days 00:29:40.120000,238.0,223.0,262.0,275.0,False,HARD,9.0,False,Audi,0 days 00:27:42.629000,2026-07-24 15:14:24.349,1,,,,False,False,FP2,31.1,23.9,29.5
0 days 00:31:07.991000,BOR,5,0 days 00:01:27.871000,10.0,3.0,,0 days 00:31:06.141000,0 days 00:00:28.517000,0 days 00:00:29.826000,0 days 00:00:29.528000,0 days 00:30:08.637000,0 days 00:30:38.463000,0 days 00:31:07.991000,289.0,242.0,,319.0,False,HARD,10.0,False,Audi,0 days 00:29:40.120000,2026-07-24 15:16:21.840,1,,,,False,False,FP2,31.1,23.9,29.5
0 days 00:48:54.301000,BOR,5,,11.0,4.0,0 days 00:47:20.169000,,,0 days 00:00:33.251000,0 days 00:00:25.219000,,0 days 00:48:29.281000,0 days 00:48:54.458000,242.0,210.0,263.0,319.0,False,SOFT,1.0,True,Audi,0 days 00:47:20.169000,2026-07-24 15:34:01.889,1,,,,False,False,FP2,31.1,23.9,29.5
0 days 00:50:36.928000,BOR,5,0 days 00:01:42.627000,12.0,4.0,,,0 days 00:00:34.213000,0 days 00:00:38.127000,0 days 00:00:30.287000,0 days 00:49:28.514000,0 days 00:50:06.641000,0 days 00:50:36.928000,213.0,156.0,265.0,319.0,False,SOFT,2.0,True,Audi,0 days 00:48:54.301000,2026-07-24 15:35:36.021,1,,,,False,True,FP2,31.1,23.9,29.5
0 days 00:51:59.192000,BOR,5,0 days 00:01:22.264000,13.0,4.0,,,0 days 00:00:29.263000,0 days 00:00:29.783000,0 days 00:00:23.218000,0 days 00:51:06.191000,0 days 00:51:35.974000,0 days 00:51:59.192000,295.0,241.0,252.0,320.0,False,SOFT,3.0,True,Audi,0 days 00:50:36.928000,2026-07-24 15:37:18.648,1,,,,False,True,FP2,31.1,23.9,29.5
0 days 00:54:00.511000,BOR,5,0 days 00:02:01.319000,14.0,4.0,,0 days 00:53:58.667000,0 days 00:00:47.108000,0 days 00:00:42.824000,0 days 00:00:31.387000,0 days 00:52:46.300000,0 days 00:53:29.124000,0 days 00:54:00.511000,188.0,178.0,,185.0,False,SOFT,4.0,True,Audi,0 days 00:51:59.192000,2026-07-24 15:38:40.912,1,,,,False,False,FP2,31.1,23.9,29.5
0 days 00:56:29.531000,BOR,5,0 days 00:02:29.020000,15.0,5.0,0 days 00:54:57.253000,,0 days 00:01:29.841000,0 days 00:00:34.509000,0 days 00:00:24.670000,0 days 00:55:30.352000,0 days 00:56:04.861000,0 days 00:56:29.531000,235.0,219.0,264.0,185.0,False,SOFT,5.0,False,Audi,0 days 00:54:00.511000,2026-07-24 15:40:42.231,1,,,,False,False,FP2,31.1,23.9,29.5
0 days 00:57:50.005000,BOR,5,0 days 00:01:20.474000,16.0,5.0,,,0 days 00:00:28.225000,0 days 00:00:29.191000,0 days 00:00:23.058000,0 days 00:56:57.756000,0 days 00:57:26.947000,0 days 00:57:50.005000,279.0,248.0,256.0,319.0,True,SOFT,6.0,False,Audi,0 days 00:56:29.531000,2026-07-24 15:43:11.251,1,,,,False,True,FP2,31.1,23.9,29.5
0 days 00:59:19.578000,BOR,5,0 days 00:01:29.573000,17.0,5.0,,0 days 00:59:17.741000,0 days 00:00:31.263000,0 days 00:00:31.569000,0 days 00:00:26.741000,0 days 00:58:21.268000,0 days 00:58:52.837000,0 days 00:59:19.578000,241.0,225.0,,281.0,False,SOFT,7.0,False,Audi,0 days 00:57:50.005000,2026-07-24 15:44:31.725,1,,,,False,False,FP2,31.1,23.9,29.5
0 days 01:05:18.950000,BOR,5,,18.0,6.0,0 days 01:03:26.105000,,,0 days 00:00:33.737000,0 days 00:00:24.579000,,0 days 01:04:54.539000,0 days 01:05:19.041000,278.0,221.0,257.0,281.0,False,HARD,11.0,False,Audi,0 days 00:59:19.578000,2026-07-24 15:46:01.298,1,,,,False,False,FP2,31.1,23.9,29.5
0 days 01:06:44.192000,BOR,5,0 days 00:01:25.242000,19.0,6.0,,,0 days 00:00:29.463000,0 days 00:00:31.612000,0 days 00:00:24.167000,0 days 01:05:48.413000,0 days 01:06:20.025000,0 days 01:06:44.192000,287.0,232.0,259.0,314.0,False,HARD,12.0,False,Audi,0 days 01:05:18.950000,2026-07-24 15:52:00.670,1,,,,False,True,FP2,31.1,23.9,29.5
0 days 01:08:10.163000,BOR,5,0 days 00:01:25.971000,20.0,6.0,,,0 days 00:00:29.582000,0 days 00:00:31.962000,0 days 00:00:24.427000,0 days 01:07:13.774000,0 days 01:07:45.736000,0 days 01:08:10.163000,281.0,228.0,257.0,310.0,False,HARD,13.0,False,Audi,0 days 01:06:44.192000,2026-07-24 15:53:25.912,1,,,,False,True,FP2,31.3,23.9,30.0
0 days 01:09:35.314000,BOR,5,0 days 00:01:25.151000,21.0,6.0,,,0 days 00:00:29.472000,0 days 00:00:31.228000,0 days 00:00:24.451000,0 days 01:08:39.635000,0 days 01:09:10.863000,0 days 01:09:35.314000,277.0,231.0,255.0,310.0,False,HARD,14.0,False,Audi,0 days 01:08:10.163000,2026-07-24 15:54:51.883,1,,,,False,True,FP2,31.3,23.9,30.0
0 days 01:11:01.353000,BOR,5,0 days 00:01:26.039000,22.0,6.0,,,0 days 00:00:29.714000,0 days 00:00:31.630000,0 days 00:00:24.695000,0 days 01:10:05.028000,0 days 01:10:36.658000,0 days 01:11:01.353000,279.0,229.0,254.0,309.0,False,HARD,15.0,False,Audi,0 days 01:09:35.314000,2026-07-24 15:56:17.034,1,,,,False,True,FP2,31.3,23.9,30.0
0 days 01:12:27.444000,BOR,5,0 days 00:01:26.091000,23.0,6.0,,,0 days 00:00:29.526000,0 days 00:00:31.705000,0 days 00:00:24.860000,0 days 01:11:30.879000,0 days 01:12:02.584000,0 days 01:12:27.444000,277.0,228.0,255.0,313.0,False,HARD,16.0,False,Audi,0 days 01:11:01.353000,2026-07-24 15:57:43.073,1,,,,False,True,FP2,31.3,23.9,30.0
0 days 01:13:53.729000,BOR,5,0 days 00:01:26.285000,24.0,6.0,,,0 days 00:00:29.790000,0 days 00:00:31.753000,0 days 00:00:24.742000,0 days 01:12:57.234000,0 days 01:13:28.987000,0 days 01:13:53.729000,281.0,229.0,256.0,307.0,False,HARD,17.0,False,Audi,0 days 01:12:27.444000,2026-07-24 15:59:09.164,1,,,,False,True,FP2,31.3,23.9,30.0
0 days 01:16:49.622000,BOR,5,,25.0,6.0,,,0 days 00:00:36.658000,0 days 00:00:41.387000,0 days 00:01:37.831000,0 days 01:14:30.523000,0 days 01:15:11.857000,0 days 01:16:49.675000,177.0,165.0,102.0,272.0,False,HARD,18.0,False,Audi,0 days 01:13:53.729000,2026-07-24 16:00:35.449,1,,,,False,False,FP2,31.3,23.9,30.0
0 days 01:18:37.099000,BOR,5,0 days 00:01:47.477000,26.0,6.0,,,0 days 00:00:32.584000,0 days 00:00:35.657000,0 days 00:00:39.236000,0 days 01:17:22.206000,0 days 01:17:57.863000,0 days 01:18:37.099000,268.0,170.0,52.0,268.0,False,HARD,19.0,False,Audi,0 days 01:16:49.622000,2026-07-24 16:03:31.342,1,,,,False,True,FP2,31.3,23.9,30.0
0 days 01:20:30.604000,BOR,5,0 days 00:01:53.505000,27.0,6.0,,0 days 01:20:28.835000,0 days 00:00:50.182000,0 days 00:00:35.212000,0 days 00:00:28.111000,0 days 01:19:27.281000,0 days 01:20:02.493000,0 days 01:20:30.604000,283.0,191.0,,260.0,False,HARD,20.0,False,Audi,0 days 01:18:37.099000,2026-07-24 16:05:18.819,1,,,,False,False,FP2,31.3,23.9,30.0
0 days 00:18:05.985000,HAD,6,,1.0,1.0,0 days 00:16:25.620000,,,0 days 00:00:33.026000,0 days 00:00:25.028000,,0 days 00:17:41.160000,0 days 00:18:06.084000,240.0,223.0,248.0,,False,MEDIUM,1.0,True,Red Bull Racing,0 days 00:16:25.620000,2026-07-24 15:03:07.340,1,,,,False,False,FP2,31.3,23.9,30.0
0 days 00:19:46.245000,HAD,6,0 days 00:01:40.260000,2.0,1.0,,,0 days 00:00:28.612000,0 days 00:00:41.849000,0 days 00:00:29.799000,0 days 00:18:34.597000,0 days 00:19:16.446000,0 days 00:19:46.245000,300.0,122.0,263.0,314.0,True,MEDIUM,2.0,True,Red Bull Racing,0 days 00:18:05.985000,2026-07-24 15:04:47.705,1,,,,False,True,FP2,31.3,23.9,30.0
0 days 00:21:06.949000,HAD,6,0 days 00:01:20.704000,3.0,1.0,,,0 days 00:00:28.223000,0 days 00:00:29.228000,0 days 00:00:23.253000,0 days 00:20:14.468000,0 days 00:20:43.696000,0 days 00:21:06.949000,290.0,244.0,251.0,318.0,True,MEDIUM,3.0,True,Red Bull Racing,0 days 00:19:46.245000,2026-07-24 15:06:27.965,1,,,,False,True,FP2,31.3,23.9,30.0
0 days 00:23:27.062000,HAD,6,0 days 00:02:20.113000,4.0,1.0,,,0 days 00:00:54.701000,0 days 00:00:55.528000,0 days 00:00:29.884000,0 days 00:22:01.650000,0 days 00:22:57.178000,0 days 00:23:27.062000,132.0,147.0,261.0,174.0,True,MEDIUM,4.0,True,Red Bull Racing,0 days 00:21:06.949000,2026-07-24 15:07:48.669,1,,,,False,True,FP2,31.3,23.9,30.0
0 days 00:25:27.782000,HAD,6,0 days 00:02:00.720000,5.0,1.0,,0 days 00:25:26.009000,0 days 00:00:45.087000,0 days 00:00:40.741000,0 days 00:00:34.892000,0 days 00:24:12.149000,0 days 00:24:52.890000,0 days 00:25:27.782000,213.0,151.0,,316.0,False,MEDIUM,5.0,True,Red Bull Racing,0 days 00:23:27.062000,2026-07-24 15:10:08.782,1,,,,False,False,FP2,31.3,23.9,30.0
0 days 00:37:16.492000,HAD,6,,6.0,2.0,0 days 00:35:38.246000,,,0 days 00:00:32.724000,0 days 00:00:26.900000,,0 days 00:36:49.744000,0 days 00:37:16.492000,241.0,214.0,264.0,316.0,False,SOFT,1.0,True,Red Bull Racing,0 days 00:25:27.782000,2026-07-24 15:12:09.502,1,,,,False,False,FP2,31.3,23.9,30.0
0 days 00:38:36.292000,HAD,6,0 days 00:01:19.800000,7.0,2.0,,,0 days 00:00:27.981000,0 days 00:00:28.794000,0 days 00:00:23.025000,0 days 00:37:44.473000,0 days 00:38:13.267000,0 days 00:38:36.292000,291.0,243.0,250.0,319.0,True,SOFT,2.0,True,Red Bull Racing,0 days 00:37:16.492000,2026-07-24 15:23:58.212,1,,,,False,True,FP2,31.3,23.9,30.0
0 days 00:40:44.313000,HAD,6,0 days 00:02:08.021000,8.0,2.0,,,0 days 00:00:51.127000,0 days 00:00:45.784000,0 days 00:00:31.110000,0 days 00:39:27.419000,0 days 00:40:13.203000,0 days 00:40:44.313000,161.0,164.0,188.0,174.0,False,SOFT,3.0,True,Red Bull Racing,0 days 00:38:36.292000,2026-07-24 15:25:18.012,12,,,,False,True,FP2,31.3,23.9,30.0
0 days 00:58:02.756000,HAD,6,,9.0,2.0,,0 days 00:42:36.776000,,,,,,,,,,,False,SOFT,4.0,True,Red Bull Racing,0 days 00:40:44.313000,2026-07-24 15:27:26.033,251,,,,False,False,FP2,31.3,23.9,30.0
0 days 00:59:34.725000,HAD,6,,10.0,3.0,0 days 00:58:02.756000,,,0 days 00:00:32.495000,0 days 00:00:25.461000,,0 days 00:59:09.372000,0 days 00:59:34.778000,231.0,221.0,217.0,174.0,False,SOFT,5.0,False,Red Bull Racing,0 days 00:58:02.756000,2026-07-24 15:44:44.476,1,,,,False,False,FP2,31.3,23.9,30.0
0 days 01:01:15.270000,HAD,6,0 days 00:01:40.545000,11.0,3.0,,,0 days 00:00:35.537000,0 days 00:00:32.834000,0 days 00:00:32.174000,0 days 01:00:10.262000,0 days 01:00:43.096000,0 days 01:01:15.270000,221.0,212.0,261.0,260.0,False,SOFT,6.0,False,Red Bull Racing,0 days 00:59:34.725000,2026-07-24 15:46:16.445,1,,,,False,True,FP2,31.3,23.9,30.0
0 days 01:02:59.796000,HAD,6,0 days 00:01:44.526000,12.0,3.0,,0 days 01:02:58.029000,0 days 00:00:28.176000,0 days 00:00:34.346000,0 days 00:00:42.004000,0 days 01:01:43.446000,0 days 01:02:17.792000,0 days 01:02:59.796000,289.0,174.0,,315.0,False,SOFT,7.0,False,Red Bull Racing,0 days 01:01:15.270000,2026-07-24 15:47:56.990,1,,,,False,False,FP2,31.3,23.9,30.0
0 days 01:09:00.670000,HAD,6,,13.0,4.0,0 days 01:07:31.682000,,,0 days 00:00:32.233000,0 days 00:00:24.380000,,0 days 01:08:36.468000,0 days 01:09:00.729000,270.0,234.0,255.0,315.0,False,MEDIUM,6.0,False,Red Bull Racing,0 days 01:02:59.796000,2026-07-24 15:49:41.516,1,,,,False,False,FP2,31.3,23.9,30.0
0 days 01:10:25.612000,HAD,6,0 days 00:01:24.942000,14.0,4.0,,,0 days 00:00:29.330000,0 days 00:00:31.333000,0 days 00:00:24.279000,0 days 01:09:30,0 days 01:10:01.333000,0 days 01:10:25.612000,285.0,237.0,260.0,325.0,False,MEDIUM,7.0,False,Red Bull Racing,0 days 01:09:00.670000,2026-07-24 15:55:42.390,1,,,,False,True,FP2,31.3,23.9,30.0
0 days 01:11:50.189000,HAD,6,0 days 00:01:24.577000,15.0,4.0,,,0 days 00:00:29.172000,0 days 00:00:31.050000,0 days 00:00:24.355000,0 days 01:10:54.784000,0 days 01:11:25.834000,0 days 01:11:50.189000,295.0,236.0,260.0,314.0,False,MEDIUM,8.0,False,Red Bull Racing,0 days 01:10:25.612000,2026-07-24 15:57:07.332,1,,,,False,True,FP2,31.3,23.9,30.0
0 days 01:13:15.404000,HAD,6,0 days 00:01:25.215000,16.0,4.0,,,0 days 00:00:29.145000,0 days 00:00:31.666000,0 days 00:00:24.404000,0 days 01:12:19.334000,0 days 01:12:51,0 days 01:13:15.404000,297.0,237.0,261.0,322.0,False,MEDIUM,9.0,False,Red Bull Racing,0 days 01:11:50.189000,2026-07-24 15:58:31.909,1,,,,False,True,FP2,31.3,23.9,30.0
0 days 01:14:44.105000,HAD,6,0 days 00:01:28.701000,17.0,4.0,,,0 days 00:00:29.654000,0 days 00:00:33.338000,0 days 00:00:25.709000,0 days 01:13:45.058000,0 days 01:14:18.396000,0 days 01:14:44.105000,273.0,218.0,258.0,322.0,False,MEDIUM,10.0,False,Red Bull Racing,0 days 01:13:15.404000,2026-07-24 15:59:57.124,1,,,,False,True,FP2,31.3,23.9,30.0
0 days 01:17:24.792000,HAD,6,,18.0,4.0,,,0 days 00:00:40.402000,0 days 00:00:48.086000,0 days 00:01:12.193000,0 days 01:15:24.767000,0 days 01:16:12.775000,0 days 01:17:24.850000,126.0,149.0,3.0,329.0,False,MEDIUM,11.0,False,Red Bull Racing,0 days 01:14:44.105000,2026-07-24 16:01:25.825,1,,,,False,False,FP2,31.3,23.9,30.0
0 days 01:19:43.087000,HAD,6,0 days 00:02:18.295000,19.0,4.0,,,0 days 00:00:32.340000,0 days 00:00:36.977000,0 days 00:01:08.978000,0 days 01:17:57.132000,0 days 01:18:34.109000,0 days 01:19:43.087000,269.0,195.0,84.0,264.0,False,MEDIUM,12.0,False,Red Bull Racing,0 days 01:17:24.792000,2026-07-24 16:04:06.512,1,,,,False,True,FP2,31.3,23.9,30.0
0 days 01:21:22.277000,HAD,6,0 days 00:01:39.190000,20.0,4.0,,0 days 01:21:20.510000,0 days 00:00:31.585000,0 days 00:00:34.850000,0 days 00:00:32.755000,0 days 01:20:14.672000,0 days 01:20:49.522000,0 days 01:21:22.277000,279.0,168.0,,271.0,False,MEDIUM,13.0,False,Red Bull Racing,0 days 01:19:43.087000,2026-07-24 16:06:24.807,1,,,,False,False,FP2,31.3,23.9,30.0
0 days 00:15:13.867000,GAS,10,,1.0,1.0,0 days 00:13:32.797000,,,0 days 00:00:35.738000,0 days 00:00:26.188000,,0 days 00:14:47.890000,0 days 00:15:14.126000,257.0,213.0,260.0,,False,MEDIUM,1.0,True,Alpine,0 days 00:13:32.797000,2026-07-24 15:00:14.517,1,,,,False,False,FP2,31.5,23.8,29.9
0 days 00:16:36.918000,GAS,10,0 days 00:01:23.051000,2.0,1.0,,,0 days 00:00:28.800000,0 days 00:00:30.143000,0 days 00:00:24.108000,0 days 00:15:42.667000,0 days 00:16:12.810000,0 days 00:16:36.918000,293.0,239.0,253.0,321.0,True,MEDIUM,2.0,True,Alpine,0 days 00:15:13.867000,2026-07-24 15:01:55.587,1,,,,False,True,FP2,31.5,23.8,29.9
0 days 00:18:46.786000,GAS,10,0 days 00:02:09.868000,3.0,1.0,,,0 days 00:00:50.240000,0 days 00:00:47.816000,0 days 00:00:31.812000,0 days 00:17:27.158000,0 days 00:18:14.974000,0 days 00:18:46.786000,97.0,153.0,187.0,232.0,False,MEDIUM,3.0,True,Alpine,0 days 00:16:36.918000,2026-07-24 15:03:18.638,1,,,,False,True,FP2,31.5,23.8,29.9
0 days 00:20:35.572000,GAS,10,0 days 00:01:48.786000,4.0,1.0,,,0 days 00:00:38.009000,0 days 00:00:40.379000,0 days 00:00:30.398000,0 days 00:19:24.795000,0 days 00:20:05.174000,0 days 00:20:35.572000,229.0,165.0,263.0,226.0,False,MEDIUM,4.0,True,Alpine,0 days 00:18:46.786000,2026-07-24 15:05:28.506,1,,,,False,True,FP2,31.5,23.8,29.9
0 days 00:21:57.704000,GAS,10,0 days 00:01:22.132000,5.0,1.0,,,0 days 00:00:28.586000,0 days 00:00:29.923000,0 days 00:00:23.623000,0 days 00:21:04.158000,0 days 00:21:34.081000,0 days 00:21:57.704000,296.0,238.0,252.0,322.0,True,MEDIUM,5.0,True,Alpine,0 days 00:20:35.572000,2026-07-24 15:07:17.292,1,,,,False,True,FP2,31.5,23.8,29.9
0 days 00:23:38.043000,GAS,10,0 days 00:01:40.339000,6.0,1.0,,0 days 00:23:36.377000,0 days 00:00:33.733000,0 days 00:00:35.683000,0 days 00:00:30.923000,0 days 00:22:31.437000,0 days 00:23:07.120000,0 days 00:23:38.043000,245.0,208.0,,276.0,False,MEDIUM,6.0,True,Alpine,0 days 00:21:57.704000,2026-07-24 15:08:39.424,1,,,,False,False,FP2,31.5,23.8,29.9
0 days 00:39:24.194000,GAS,10,,7.0,2.0,0 days 00:37:45.065000,,,0 days 00:00:36.674000,0 days 00:00:25.812000,,0 days 00:38:58.463000,0 days 00:39:24.194000,240.0,212.0,263.0,276.0,False,MEDIUM,7.0,False,Alpine,0 days 00:23:38.043000,2026-07-24 15:10:19.763,1,,,,False,False,FP2,31.5,23.8,29.9
0 days 00:48:12.960000,GAS,10,,8.0,2.0,,0 days 00:43:01.077000,0 days 00:00:28.517000,0 days 00:00:29.714000,,0 days 00:39:52.810000,0 days 00:40:22.495000,,296.0,241.0,,322.0,False,MEDIUM,8.0,False,Alpine,0 days 00:39:24.194000,2026-07-24 15:26:05.914,125,,,,False,False,FP2,31.5,23.8,29.9
0 days 00:49:57.010000,GAS,10,,9.0,3.0,0 days 00:48:12.960000,,,0 days 00:00:39.430000,0 days 00:00:25.234000,,0 days 00:49:32.037000,0 days 00:49:57.161000,256.0,215.0,265.0,322.0,False,SOFT,1.0,True,Alpine,0 days 00:48:12.960000,2026-07-24 15:34:54.680,1,,,,False,False,FP2,31.5,23.8,29.9
0 days 00:51:18.415000,GAS,10,0 days 00:01:21.405000,10.0,3.0,,,0 days 00:00:28.499000,0 days 00:00:29.500000,0 days 00:00:23.406000,0 days 00:50:25.509000,0 days 00:50:55.009000,0 days 00:51:18.415000,289.0,247.0,245.0,324.0,True,SOFT,2.0,True,Alpine,0 days 00:49:57.010000,2026-07-24 15:36:38.730,1,,,,False,True,FP2,30.9,23.9,30.1
0 days 00:53:37.391000,GAS,10,0 days 00:02:18.976000,11.0,3.0,,,0 days 00:00:50.222000,0 days 00:00:53.145000,0 days 00:00:35.609000,0 days 00:52:08.637000,0 days 00:53:01.782000,0 days 00:53:37.391000,152.0,156.0,183.0,275.0,False,SOFT,3.0,True,Alpine,0 days 00:51:18.415000,2026-07-24 15:38:00.135,1,,,,False,True,FP2,30.9,23.9,30.1
0 days 00:55:12.784000,GAS,10,0 days 00:01:35.393000,12.0,3.0,,,0 days 00:00:35.320000,0 days 00:00:34.811000,0 days 00:00:25.262000,0 days 00:54:12.711000,0 days 00:54:47.522000,0 days 00:55:12.784000,239.0,218.0,265.0,245.0,False,SOFT,4.0,True,Alpine,0 days 00:53:37.391000,2026-07-24 15:40:19.111,1,,,,False,True,FP2,30.9,23.9,30.1
0 days 00:56:33.600000,GAS,10,0 days 00:01:20.816000,13.0,3.0,,,0 days 00:00:28.070000,0 days 00:00:29.429000,0 days 00:00:23.317000,0 days 00:55:40.854000,0 days 00:56:10.283000,0 days 00:56:33.600000,293.0,246.0,251.0,324.0,True,SOFT,5.0,True,Alpine,0 days 00:55:12.784000,2026-07-24 15:41:54.504,1,,,,False,True,FP2,30.9,23.9,30.1
0 days 00:58:20.078000,GAS,10,0 days 00:01:46.478000,14.0,3.0,,0 days 00:58:18.362000,0 days 00:00:37.479000,0 days 00:00:39.943000,0 days 00:00:29.056000,0 days 00:57:11.079000,0 days 00:57:51.022000,0 days 00:58:20.078000,148.0,182.0,,280.0,False,SOFT,6.0,True,Alpine,0 days 00:56:33.600000,2026-07-24 15:43:15.320,1,,,,False,False,FP2,30.9,23.9,30.1
0 days 01:04:56.493000,GAS,10,,15.0,4.0,0 days 01:03:06.902000,,,0 days 00:00:33.784000,0 days 00:00:25.044000,,0 days 01:04:31.603000,0 days 01:04:56.531000,256.0,220.0,257.0,280.0,False,MEDIUM,9.0,False,Alpine,0 days 00:58:20.078000,2026-07-24 15:45:01.798,1,,,,False,False,FP2,30.9,23.9,30.1
0 days 01:06:22.880000,GAS,10,0 days 00:01:26.387000,16.0,4.0,,,0 days 00:00:29.684000,0 days 00:00:32.089000,0 days 00:00:24.614000,0 days 01:05:26.177000,0 days 01:05:58.266000,0 days 01:06:22.880000,284.0,228.0,256.0,298.0,False,MEDIUM,10.0,False,Alpine,0 days 01:04:56.493000,2026-07-24 15:51:38.213,1,,,,False,True,FP2,30.9,23.9,30.1
0 days 01:07:48.933000,GAS,10,0 days 00:01:26.053000,17.0,4.0,,,0 days 00:00:29.571000,0 days 00:00:31.873000,0 days 00:00:24.609000,0 days 01:06:52.451000,0 days 01:07:24.324000,0 days 01:07:48.933000,284.0,228.0,258.0,301.0,False,MEDIUM,11.0,False,Alpine,0 days 01:06:22.880000,2026-07-24 15:53:04.600,1,,,,False,True,FP2,30.9,23.9,30.1
0 days 01:09:14.859000,GAS,10,0 days 00:01:25.926000,18.0,4.0,,,0 days 00:00:29.609000,0 days 00:00:31.704000,0 days 00:00:24.613000,0 days 01:08:18.542000,0 days 01:08:50.246000,0 days 01:09:14.859000,284.0,228.0,255.0,303.0,False,MEDIUM,12.0,False,Alpine,0 days 01:07:48.933000,2026-07-24 15:54:30.653,1,,,,False,True,FP2,30.9,23.9,30.1
0 days 01:10:41.022000,GAS,10,0 days 00:01:26.163000,19.0,4.0,,,0 days 00:00:29.661000,0 days 00:00:31.754000,0 days 00:00:24.748000,0 days 01:09:44.520000,0 days 01:10:16.274000,0 days 01:10:41.022000,283.0,228.0,257.0,305.0,False,MEDIUM,13.0,False,Alpine,0 days 01:09:14.859000,2026-07-24 15:55:56.579,1,,,,False,True,FP2,30.9,23.9,30.1
0 days 01:12:07.788000,GAS,10,0 days 00:01:26.766000,20.0,4.0,,,0 days 00:00:29.536000,0 days 00:00:32.186000,0 days 00:00:25.044000,0 days 01:11:10.558000,0 days 01:11:42.744000,0 days 01:12:07.788000,285.0,226.0,255.0,313.0,False,MEDIUM,14.0,False,Alpine,0 days 01:10:41.022000,2026-07-24 15:57:22.742,1,,,,False,True,FP2,30.9,23.9,30.1
0 days 01:13:34.630000,GAS,10,0 days 00:01:26.842000,21.0,4.0,,,0 days 00:00:29.616000,0 days 00:00:32.269000,0 days 00:00:24.957000,0 days 01:12:37.404000,0 days 01:13:09.673000,0 days 01:13:34.630000,291.0,225.0,255.0,315.0,False,MEDIUM,15.0,False,Alpine,0 days 01:12:07.788000,2026-07-24 15:58:49.508,1,,,,False,True,FP2,30.9,23.9,30.1
0 days 01:15:29.947000,GAS,10,0 days 00:01:55.317000,22.0,4.0,,,0 days 00:00:37.299000,0 days 00:00:41.327000,0 days 00:00:36.691000,0 days 01:14:11.929000,0 days 01:14:53.256000,0 days 01:15:29.947000,183.0,197.0,48.0,316.0,False,MEDIUM,16.0,False,Alpine,0 days 01:13:34.630000,2026-07-24 16:00:16.350,1,,,,False,True,FP2,31.1,23.9,30.7
0 days 01:17:51.011000,GAS,10,0 days 00:02:21.064000,23.0,4.0,,,0 days 00:01:01.029000,0 days 00:00:42.443000,0 days 00:00:37.592000,0 days 01:16:30.976000,0 days 01:17:13.419000,0 days 01:17:51.011000,180.0,199.0,87.0,261.0,False,MEDIUM,17.0,False,Alpine,0 days 01:15:29.947000,2026-07-24 16:02:11.667,1,,,,False,True,FP2,31.1,23.9,30.7
0 days 01:19:49.161000,GAS,10,0 days 00:01:58.150000,24.0,4.0,,0 days 01:19:47.347000,0 days 00:00:55.594000,0 days 00:00:33.751000,0 days 00:00:28.805000,0 days 01:18:46.605000,0 days 01:19:20.356000,0 days 01:19:49.161000,261.0,220.0,,254.0,False,MEDIUM,18.0,False,Alpine,0 days 01:17:51.011000,2026-07-24 16:04:32.731,1,,,,False,False,FP2,31.1,23.9,30.7
0 days 00:15:17.594000,PER,11,,1.0,1.0,0 days 00:13:36.404000,,,0 days 00:00:33.850000,0 days 00:00:29.495000,,0 days 00:14:48.285000,0 days 00:15:17.653000,249.0,220.0,260.0,,False,MEDIUM,1.0,True,Cadillac,0 days 00:13:36.404000,2026-07-24 15:00:18.124,1,,,,False,False,FP2,31.1,23.9,30.7
0 days 00:16:46.376000,PER,11,0 days 00:01:28.782000,2.0,1.0,,,0 days 00:00:29.027000,0 days 00:00:30.386000,0 days 00:00:29.369000,0 days 00:15:46.621000,0 days 00:16:17.007000,0 days 00:16:46.376000,293.0,240.0,232.0,317.0,True,MEDIUM,2.0,True,Cadillac,0 days 00:15:17.594000,2026-07-24 15:01:59.314,1,,,,False,True,FP2,31.1,23.9,30.7
0 days 00:18:48.434000,PER,11,0 days 00:02:02.058000,3.0,1.0,,,0 days 00:00:42.880000,0 days 00:00:49.350000,0 days 00:00:29.828000,0 days 00:17:29.256000,0 days 00:18:18.606000,0 days 00:18:48.434000,135.0,164.0,259.0,305.0,True,MEDIUM,3.0,True,Cadillac,0 days 00:16:46.376000,2026-07-24 15:03:28.096,1,,,,False,True,FP2,31.1,23.9,30.7
0 days 00:20:11.514000,PER,11,0 days 00:01:23.080000,4.0,1.0,,,0 days 00:00:28.865000,0 days 00:00:30.465000,0 days 00:00:23.750000,0 days 00:19:17.299000,0 days 00:19:47.764000,0 days 00:20:11.514000,293.0,242.0,255.0,314.0,True,MEDIUM,4.0,True,Cadillac,0 days 00:18:48.434000,2026-07-24 15:05:30.154,1,,,,False,True,FP2,31.1,23.9,30.7
0 days 00:22:15.631000,PER,11,0 days 00:02:04.117000,5.0,1.0,,,0 days 00:00:42.867000,0 days 00:00:48.438000,0 days 00:00:32.812000,0 days 00:20:54.381000,0 days 00:21:42.819000,0 days 00:22:15.631000,173.0,144.0,201.0,244.0,False,MEDIUM,5.0,True,Cadillac,0 days 00:20:11.514000,2026-07-24 15:06:53.234,1,,,,False,True,FP2,31.1,23.9,30.7
0 days 00:24:24.107000,PER,11,0 days 00:02:08.476000,6.0,1.0,,,0 days 00:00:45.872000,0 days 00:00:53.684000,0 days 00:00:28.920000,0 days 00:23:01.503000,0 days 00:23:55.187000,0 days 00:24:24.107000,141.0,125.0,261.0,264.0,False,MEDIUM,6.0,True,Cadillac,0 days 00:22:15.631000,2026-07-24 15:08:57.351,1,,,,False,True,FP2,31.1,23.9,30.7
0 days 00:25:47.038000,PER,11,0 days 00:01:22.931000,7.0,1.0,,,0 days 00:00:28.926000,0 days 00:00:30.316000,0 days 00:00:23.689000,0 days 00:24:53.033000,0 days 00:25:23.349000,0 days 00:25:47.038000,294.0,242.0,255.0,317.0,True,MEDIUM,7.0,True,Cadillac,0 days 00:24:24.107000,2026-07-24 15:11:05.827,1,,,,False,True,FP2,31.1,23.9,30.7
0 days 00:27:36.711000,PER,11,0 days 00:01:49.673000,8.0,1.0,,0 days 00:27:34.950000,0 days 00:00:38.555000,0 days 00:00:41.009000,0 days 00:00:30.109000,0 days 00:26:25.593000,0 days 00:27:06.602000,0 days 00:27:36.711000,120.0,199.0,,262.0,False,MEDIUM,8.0,True,Cadillac,0 days 00:25:47.038000,2026-07-24 15:12:28.758,1,,,,False,False,FP2,31.1,23.9,30.7
0 days 00:37:32.905000,PER,11,,9.0,2.0,0 days 00:35:46.620000,,,0 days 00:00:35.127000,0 days 00:00:25.453000,,0 days 00:37:07.748000,0 days 00:37:33.046000,231.0,223.0,260.0,262.0,False,SOFT,1.0,True,Cadillac,0 days 00:27:36.711000,2026-07-24 15:14:18.431,1,,,,False,False,FP2,31.1,23.9,30.7
0 days 00:38:54.697000,PER,11,0 days 00:01:21.792000,10.0,2.0,,,0 days 00:00:28.436000,0 days 00:00:29.833000,0 days 00:00:23.523000,0 days 00:38:01.341000,0 days 00:38:31.174000,0 days 00:38:54.697000,286.0,247.0,256.0,318.0,True,SOFT,2.0,True,Cadillac,0 days 00:37:32.905000,2026-07-24 15:24:14.625,1,,,,False,True,FP2,31.1,23.9,30.7
0 days 00:48:21.935000,PER,11,,11.0,2.0,,0 days 00:41:06.383000,0 days 00:00:39.571000,0 days 00:00:45.698000,,0 days 00:39:34.562000,0 days 00:40:20.254000,,170.0,116.0,,280.0,False,SOFT,3.0,True,Cadillac,0 days 00:38:54.697000,2026-07-24 15:25:36.417,125,,,,False,False,FP2,31.1,23.9,30.7
0 days 00:50:00.933000,PER,11,,12.0,3.0,0 days 00:48:21.935000,,,0 days 00:00:34.344000,0 days 00:00:27.419000,,0 days 00:49:33.790000,0 days 00:50:00.933000,245.0,213.0,260.0,280.0,False,SOFT,4.0,False,Cadillac,0 days 00:48:21.935000,2026-07-24 15:35:03.655,1,,,,False,False,FP2,31.1,23.9,30.7
0 days 00:51:23.230000,PER,11,0 days 00:01:22.297000,13.0,3.0,,,0 days 00:00:28.758000,0 days 00:00:30.060000,0 days 00:00:23.479000,0 days 00:50:29.691000,0 days 00:50:59.751000,0 days 00:51:23.230000,292.0,237.0,254.0,318.0,False,SOFT,5.0,False,Cadillac,0 days 00:50:00.933000,2026-07-24 15:36:42.653,1,,,,False,True,FP2,31.1,23.9,30.7
0 days 00:53:00.367000,PER,11,0 days 00:01:37.137000,14.0,3.0,,0 days 00:52:58.576000,0 days 00:00:31.939000,0 days 00:00:34.391000,0 days 00:00:30.807000,0 days 00:51:55.169000,0 days 00:52:29.560000,0 days 00:53:00.367000,240.0,199.0,,284.0,False,SOFT,6.0,False,Cadillac,0 days 00:51:23.230000,2026-07-24 15:38:04.950,1,,,,False,False,FP2,31.1,23.9,30.7
0 days 01:00:06.137000,PER,11,,15.0,4.0,0 days 00:58:14.323000,,,0 days 00:00:33.315000,0 days 00:00:25.400000,,0 days 00:59:40.944000,0 days 01:00:06.185000,256.0,226.0,254.0,284.0,False,MEDIUM,9.0,False,Cadillac,0 days 00:53:00.367000,2026-07-24 15:39:42.087,1,,,,False,False,FP2,31.1,23.9,30.7
0 days 01:01:32.153000,PER,11,0 days 00:01:26.016000,16.0,4.0,,,0 days 00:00:29.904000,0 days 00:00:31.771000,0 days 00:00:24.341000,0 days 01:00:36.041000,0 days 01:01:07.812000,0 days 01:01:32.153000,272.0,229.0,254.0,306.0,False,MEDIUM,10.0,False,Cadillac,0 days 01:00:06.137000,2026-07-24 15:46:47.857,1,,,,False,True,FP2,31.1,23.9,30.7
0 days 01:02:59.295000,PER,11,0 days 00:01:27.142000,17.0,4.0,,,0 days 00:00:29.825000,0 days 00:00:32.314000,0 days 00:00:25.003000,0 days 01:02:01.978000,0 days 01:02:34.292000,0 days 01:02:59.295000,274.0,224.0,254.0,306.0,False,MEDIUM,11.0,False,Cadillac,0 days 01:01:32.153000,2026-07-24 15:48:13.873,1,,,,False,True,FP2,31.1,23.9,30.7
0 days 01:04:27.009000,PER,11,0 days 00:01:27.714000,18.0,4.0,,,0 days 00:00:30.120000,0 days 00:00:32.494000,0 days 00:00:25.100000,0 days 01:03:29.415000,0 days 01:04:01.909000,0 days 01:04:27.009000,271.0,234.0,256.0,312.0,False,MEDIUM,12.0,False,Cadillac,0 days 01:02:59.295000,2026-07-24 15:49:41.015,1,,,,False,True,FP2,31.1,23.9,30.7
0 days 01:05:54.686000,PER,11,0 days 00:01:27.677000,19.0,4.0,,,0 days 00:00:29.970000,0 days 00:00:32.571000,0 days 00:00:25.136000,0 days 01:04:56.979000,0 days 01:05:29.550000,0 days 01:05:54.686000,271.0,228.0,255.0,319.0,False,MEDIUM,13.0,False,Cadillac,0 days 01:04:27.009000,2026-07-24 15:51:08.729,1,,,,False,True,FP2,31.1,23.9,30.7
0 days 01:07:22.518000,PER,11,0 days 00:01:27.832000,20.0,4.0,,,0 days 00:00:30.135000,0 days 00:00:32.563000,0 days 00:00:25.134000,0 days 01:06:24.821000,0 days 01:06:57.384000,0 days 01:07:22.518000,275.0,231.0,254.0,317.0,False,MEDIUM,14.0,False,Cadillac,0 days 01:05:54.686000,2026-07-24 15:52:36.406,1,,,,False,True,FP2,31.1,23.9,30.7
0 days 01:08:50.327000,PER,11,0 days 00:01:27.809000,21.0,4.0,,,0 days 00:00:30.220000,0 days 00:00:32.489000,0 days 00:00:25.100000,0 days 01:07:52.738000,0 days 01:08:25.227000,0 days 01:08:50.327000,273.0,230.0,255.0,306.0,False,MEDIUM,15.0,False,Cadillac,0 days 01:07:22.518000,2026-07-24 15:54:04.238,1,,,,False,True,FP2,31.1,23.9,30.7
0 days 01:10:18.071000,PER,11,0 days 00:01:27.744000,22.0,4.0,,,0 days 00:00:30.169000,0 days 00:00:32.418000,0 days 00:00:25.157000,0 days 01:09:20.496000,0 days 01:09:52.914000,0 days 01:10:18.071000,276.0,230.0,253.0,308.0,False,MEDIUM,16.0,False,Cadillac,0 days 01:08:50.327000,2026-07-24 15:55:32.047,1,,,,False,True,FP2,30.8,23.8,30.6
0 days 01:11:46.189000,PER,11,0 days 00:01:28.118000,23.0,4.0,,,0 days 00:00:30.208000,0 days 00:00:32.548000,0 days 00:00:25.362000,0 days 01:10:48.279000,0 days 01:11:20.827000,0 days 01:11:46.189000,278.0,227.0,251.0,309.0,False,MEDIUM,17.0,False,Cadillac,0 days 01:10:18.071000,2026-07-24 15:56:59.791,1,,,,False,True,FP2,30.8,23.8,30.6
0 days 01:13:18.411000,PER,11,0 days 00:01:32.222000,24.0,4.0,,,0 days 00:00:32.032000,0 days 00:00:34.896000,0 days 00:00:25.294000,0 days 01:12:18.221000,0 days 01:12:53.117000,0 days 01:13:18.411000,268.0,232.0,255.0,311.0,False,MEDIUM,18.0,False,Cadillac,0 days 01:11:46.189000,2026-07-24 15:58:27.909,1,,,,False,True,FP2,30.8,23.8,30.6
0 days 01:14:46.279000,PER,11,0 days 00:01:27.868000,25.0,4.0,,,0 days 00:00:30.023000,0 days 00:00:32.653000,0 days 00:00:25.192000,0 days 01:13:48.434000,0 days 01:14:21.087000,0 days 01:14:46.279000,290.0,227.0,253.0,308.0,False,MEDIUM,19.0,False,Cadillac,0 days 01:13:18.411000,2026-07-24 16:00:00.131,1,,,,False,True,FP2,30.8,23.8,30.6
0 days 01:16:46.299000,PER,11,0 days 00:02:00.020000,26.0,4.0,,,0 days 00:00:39.400000,0 days 00:00:41.472000,0 days 00:00:39.148000,0 days 01:15:25.679000,0 days 01:16:07.151000,0 days 01:16:46.299000,142.0,199.0,36.0,307.0,False,MEDIUM,20.0,False,Cadillac,0 days 01:14:46.279000,2026-07-24 16:01:27.999,1,,,,False,True,FP2,30.8,23.8,30.6
0 days 01:19:28.307000,PER,11,,27.0,4.0,,,0 days 00:01:00.426000,0 days 00:00:39.774000,0 days 00:01:01.819000,0 days 01:17:46.840000,0 days 01:18:26.600000,0 days 01:19:28.307000,196.0,173.0,4.0,260.0,False,MEDIUM,21.0,False,Cadillac,0 days 01:16:46.299000,2026-07-24 16:03:28.019,1,,,,False,False,FP2,30.8,23.8,30.6
0 days 01:21:05.531000,PER,11,0 days 00:01:37.224000,28.0,4.0,,0 days 01:21:03.842000,0 days 00:00:32.410000,0 days 00:00:34.990000,0 days 00:00:29.824000,0 days 01:20:00.717000,0 days 01:20:35.707000,0 days 01:21:05.531000,256.0,215.0,,265.0,False,MEDIUM,22.0,False,Cadillac,0 days 01:19:28.307000,2026-07-24 16:06:10.027,1,,,,False,False,FP2,30.8,23.8,30.6
0 days 00:17:04.116000,ANT,12,,1.0,1.0,0 days 00:15:22.307000,,,0 days 00:00:35.683000,0 days 00:00:25.143000,,0 days 00:16:39.195000,0 days 00:17:04.124000,242.0,220.0,263.0,,False,MEDIUM,1.0,True,Mercedes,0 days 00:15:22.307000,2026-07-24 15:02:04.027,1,,,,False,False,FP2,30.8,23.8,30.6
0 days 00:18:26.118000,ANT,12,0 days 00:01:22.002000,2.0,1.0,,,0 days 00:00:28.464000,0 days 00:00:29.935000,0 days 00:00:23.603000,0 days 00:17:32.580000,0 days 00:18:02.515000,0 days 00:18:26.118000,290.0,245.0,252.0,321.0,True,MEDIUM,2.0,True,Mercedes,0 days 00:17:04.116000,2026-07-24 15:03:45.836,1,,,,False,True,FP2,30.4,23.9,30.3
0 days 00:20:23.465000,ANT,12,0 days 00:01:57.347000,3.0,1.0,,,0 days 00:00:43.279000,0 days 00:00:45.960000,0 days 00:00:28.108000,0 days 00:19:09.397000,0 days 00:19:55.357000,0 days 00:20:23.465000,93.0,178.0,262.0,219.0,False,MEDIUM,3.0,True,Mercedes,0 days 00:18:26.118000,2026-07-24 15:05:07.838,1,,,,False,True,FP2,30.4,23.9,30.3
0 days 00:21:44.886000,ANT,12,0 days 00:01:21.421000,4.0,1.0,,,0 days 00:00:28.425000,0 days 00:00:29.594000,0 days 00:00:23.402000,0 days 00:20:51.890000,0 days 00:21:21.484000,0 days 00:21:44.886000,291.0,248.0,254.0,322.0,True,MEDIUM,4.0,True,Mercedes,0 days 00:20:23.465000,2026-07-24 15:07:05.185,1,,,,False,True,FP2,30.4,23.9,30.3
0 days 00:23:45.462000,ANT,12,0 days 00:02:00.576000,5.0,1.0,,0 days 00:23:43.699000,0 days 00:00:45.731000,0 days 00:00:41.284000,0 days 00:00:33.561000,0 days 00:22:30.617000,0 days 00:23:11.901000,0 days 00:23:45.462000,186.0,172.0,,234.0,False,MEDIUM,5.0,True,Mercedes,0 days 00:21:44.886000,2026-07-24 15:08:26.606,1,,,,False,False,FP2,30.4,23.9,30.3
0 days 00:25:57.879000,ANT,12,0 days 00:02:12.417000,6.0,2.0,0 days 00:24:10.811000,,0 days 00:01:04.849000,0 days 00:00:36.309000,0 days 00:00:31.259000,0 days 00:24:50.311000,0 days 00:25:26.620000,0 days 00:25:57.879000,200.0,139.0,264.0,234.0,False,MEDIUM,6.0,False,Mercedes,0 days 00:23:45.462000,2026-07-24 15:10:27.182,1,,,,False,False,FP2,30.4,23.9,30.3
0 days 00:27:18.906000,ANT,12,0 days 00:01:21.027000,7.0,2.0,,,0 days 00:00:28.185000,0 days 00:00:29.619000,0 days 00:00:23.223000,0 days 00:26:26.064000,0 days 00:26:55.683000,0 days 00:27:18.906000,288.0,247.0,252.0,322.0,True,MEDIUM,7.0,False,Mercedes,0 days 00:25:57.879000,2026-07-24 15:12:39.599,1,,,,False,True,FP2,30.4,23.9,30.3
0 days 00:29:10.393000,ANT,12,0 days 00:01:51.487000,8.0,2.0,,0 days 00:29:08.647000,0 days 00:00:43.214000,0 days 00:00:37.755000,0 days 00:00:30.518000,0 days 00:28:02.120000,0 days 00:28:39.875000,0 days 00:29:10.393000,182.0,198.0,,232.0,False,MEDIUM,8.0,False,Mercedes,0 days 00:27:18.906000,2026-07-24 15:14:00.626,1,,,,False,False,FP2,30.4,23.9,30.3
0 days 00:31:10.852000,ANT,12,0 days 00:02:00.459000,9.0,3.0,0 days 00:29:34.185000,,0 days 00:00:58.907000,0 days 00:00:36.176000,0 days 00:00:25.376000,0 days 00:30:09.300000,0 days 00:30:45.476000,0 days 00:31:10.852000,207.0,208.0,266.0,232.0,False,MEDIUM,9.0,False,Mercedes,0 days 00:29:10.393000,2026-07-24 15:15:52.113,1,,,,False,False,FP2,30.4,23.9,30.3
0 days 00:32:31.545000,ANT,12,0 days 00:01:20.693000,10.0,3.0,,,0 days 00:00:28.061000,0 days 00:00:29.327000,0 days 00:00:23.305000,0 days 00:31:38.913000,0 days 00:32:08.240000,0 days 00:32:31.545000,289.0,247.0,250.0,322.0,True,MEDIUM,10.0,False,Mercedes,0 days 00:31:10.852000,2026-07-24 15:17:52.572,1,,,,False,True,FP2,30.4,23.9,30.3
0 days 00:34:10.750000,ANT,12,0 days 00:01:39.205000,11.0,3.0,,0 days 00:34:09.012000,0 days 00:00:34.477000,0 days 00:00:36.065000,0 days 00:00:28.663000,0 days 00:33:06.022000,0 days 00:33:42.087000,0 days 00:34:10.750000,201.0,211.0,,258.0,False,MEDIUM,11.0,False,Mercedes,0 days 00:32:31.545000,2026-07-24 15:19:13.265,1,,,,False,False,FP2,30.4,23.9,30.3
0 days 00:40:03.804000,ANT,12,,12.0,4.0,0 days 00:38:28.894000,,,0 days 00:00:34.216000,0 days 00:00:25.146000,,0 days 00:39:38.792000,0 days 00:40:03.804000,234.0,218.0,268.0,258.0,False,SOFT,1.0,True,Mercedes,0 days 00:34:10.750000,2026-07-24 15:20:52.470,1,,,,False,False,FP2,30.4,23.9,30.3
0 days 00:47:39.021000,ANT,12,,13.0,4.0,,0 days 00:41:42.454000,0 days 00:00:27.771000,,,0 days 00:40:31.612000,,,291.0,,,324.0,False,SOFT,2.0,True,Mercedes,0 days 00:40:03.804000,2026-07-24 15:26:45.524,125,,,,False,False,FP2,30.4,23.9,30.3
0 days 00:49:19.502000,ANT,12,,14.0,5.0,0 days 00:47:39.021000,,,0 days 00:00:32.476000,0 days 00:00:25.297000,,0 days 00:48:54.442000,0 days 00:49:19.519000,240.0,223.0,267.0,324.0,False,SOFT,3.0,False,Mercedes,0 days 00:47:39.021000,2026-07-24 15:34:20.741,1,,,,False,False,FP2,30.8,23.8,30.1
0 days 00:50:52.289000,ANT,12,0 days 00:01:32.787000,15.0,5.0,,0 days 00:50:50.534000,0 days 00:00:27.791000,0 days 00:00:34.158000,0 days 00:00:30.838000,0 days 00:49:47.293000,0 days 00:50:21.451000,0 days 00:50:52.289000,295.0,190.0,,325.0,False,SOFT,4.0,False,Mercedes,0 days 00:49:19.502000,2026-07-24 15:36:01.222,1,,,,False,False,FP2,30.8,23.8,30.1
0 days 00:57:44.948000,ANT,12,,16.0,6.0,0 days 00:55:44.776000,,,0 days 00:00:34.488000,0 days 00:00:24.742000,,0 days 00:57:20.425000,0 days 00:57:45.084000,263.0,224.0,259.0,325.0,False,MEDIUM,12.0,False,Mercedes,0 days 00:50:52.289000,2026-07-24 15:37:34.009,1,,,,False,False,FP2,30.8,23.8,30.1
0 days 00:59:10.153000,ANT,12,0 days 00:01:25.205000,17.0,6.0,,,0 days 00:00:29.443000,0 days 00:00:31.408000,0 days 00:00:24.354000,0 days 00:58:14.391000,0 days 00:58:45.799000,0 days 00:59:10.153000,283.0,227.0,260.0,306.0,False,MEDIUM,13.0,False,Mercedes,0 days 00:57:44.948000,2026-07-24 15:44:26.668,1,,,,False,True,FP2,30.8,23.8,30.1
0 days 01:00:37.257000,ANT,12,0 days 00:01:27.104000,18.0,6.0,,0 days 01:00:35.523000,0 days 00:00:29.351000,0 days 00:00:31.087000,0 days 00:00:26.666000,0 days 00:59:39.504000,0 days 01:00:10.591000,0 days 01:00:37.257000,287.0,233.0,,302.0,False,MEDIUM,14.0,False,Mercedes,0 days 00:59:10.153000,2026-07-24 15:45:51.873,1,,,,False,False,FP2,30.8,23.8,30.1
0 days 01:02:23.263000,ANT,12,0 days 00:01:46.006000,19.0,7.0,0 days 01:00:57.699000,,0 days 00:00:49.949000,0 days 00:00:32.044000,0 days 00:00:24.013000,0 days 01:01:27.206000,0 days 01:01:59.250000,0 days 01:02:23.263000,276.0,232.0,259.0,302.0,False,SOFT,5.0,False,Mercedes,0 days 01:00:37.257000,2026-07-24 15:47:18.977,1,,,,False,False,FP2,30.8,23.8,30.1
0 days 01:03:46.999000,ANT,12,0 days 00:01:23.736000,20.0,7.0,,,0 days 00:00:29.117000,0 days 00:00:30.888000,0 days 00:00:23.731000,0 days 01:02:52.380000,0 days 01:03:23.268000,0 days 01:03:46.999000,286.0,235.0,262.0,303.0,False,SOFT,6.0,False,Mercedes,0 days 01:02:23.263000,2026-07-24 15:49:04.983,1,,,,False,True,FP2,30.8,23.8,30.1
0 days 01:05:10.722000,ANT,12,0 days 00:01:23.723000,21.0,7.0,,,0 days 00:00:29.080000,0 days 00:00:30.817000,0 days 00:00:23.826000,0 days 01:04:16.079000,0 days 01:04:46.896000,0 days 01:05:10.722000,288.0,235.0,261.0,301.0,False,SOFT,7.0,False,Mercedes,0 days 01:03:46.999000,2026-07-24 15:50:28.719,1,,,,False,True,FP2,30.8,23.8,30.1
0 days 01:06:34.639000,ANT,12,0 days 00:01:23.917000,22.0,7.0,,,0 days 00:00:29.176000,0 days 00:00:30.929000,0 days 00:00:23.812000,0 days 01:05:39.898000,0 days 01:06:10.827000,0 days 01:06:34.639000,288.0,234.0,261.0,303.0,False,SOFT,8.0,False,Mercedes,0 days 01:05:10.722000,2026-07-24 15:51:52.442,1,,,,False,True,FP2,30.8,23.8,30.1
0 days 01:07:58.664000,ANT,12,0 days 00:01:24.025000,23.0,7.0,,,0 days 00:00:29.213000,0 days 00:00:30.870000,0 days 00:00:23.942000,0 days 01:07:03.852000,0 days 01:07:34.722000,0 days 01:07:58.664000,284.0,231.0,261.0,306.0,False,SOFT,9.0,False,Mercedes,0 days 01:06:34.639000,2026-07-24 15:53:16.359,1,,,,False,True,FP2,30.8,23.8,30.1
0 days 01:09:22.770000,ANT,12,0 days 00:01:24.106000,24.0,7.0,,,0 days 00:00:29.114000,0 days 00:00:30.962000,0 days 00:00:24.030000,0 days 01:08:27.778000,0 days 01:08:58.740000,0 days 01:09:22.770000,288.0,231.0,262.0,301.0,False,SOFT,10.0,False,Mercedes,0 days 01:07:58.664000,2026-07-24 15:54:40.384,1,,,,False,True,FP2,30.8,23.8,30.1
0 days 01:10:51.086000,ANT,12,0 days 00:01:28.316000,25.0,7.0,,,0 days 00:00:32.227000,0 days 00:00:32.127000,0 days 00:00:23.962000,0 days 01:09:54.997000,0 days 01:10:27.124000,0 days 01:10:51.086000,264.0,233.0,262.0,306.0,False,SOFT,11.0,False,Mercedes,0 days 01:09:22.770000,2026-07-24 15:56:04.490,1,,,,False,True,FP2,30.8,23.8,30.1
0 days 01:12:15.258000,ANT,12,0 days 00:01:24.172000,26.0,7.0,,,0 days 00:00:29.143000,0 days 00:00:30.827000,0 days 00:00:24.202000,0 days 01:11:20.229000,0 days 01:11:51.056000,0 days 01:12:15.258000,287.0,232.0,261.0,306.0,False,SOFT,12.0,False,Mercedes,0 days 01:10:51.086000,2026-07-24 15:57:32.806,1,,,,False,True,FP2,30.8,23.8,30.1
0 days 01:13:41.118000,ANT,12,0 days 00:01:25.860000,27.0,7.0,,,0 days 00:00:29.290000,0 days 00:00:31.946000,0 days 00:00:24.624000,0 days 01:12:44.548000,0 days 01:13:16.494000,0 days 01:13:41.118000,288.0,230.0,262.0,310.0,False,SOFT,13.0,False,Mercedes,0 days 01:12:15.258000,2026-07-24 15:58:56.978,1,,,,False,True,FP2,30.8,23.8,30.1
0 days 01:15:55.513000,ANT,12,0 days 00:02:14.395000,28.0,7.0,,,0 days 00:00:34.764000,0 days 00:00:43.204000,0 days 00:00:56.427000,0 days 01:14:15.882000,0 days 01:14:59.086000,0 days 01:15:55.513000,172.0,166.0,6.0,314.0,False,SOFT,14.0,False,Mercedes,0 days 01:13:41.118000,2026-07-24 16:00:22.838,1,,,,False,True,FP2,30.8,23.8,30.1
0 days 01:18:13.784000,ANT,12,0 days 00:02:18.271000,29.0,7.0,,,0 days 00:01:02.342000,0 days 00:00:38.778000,0 days 00:00:37.151000,0 days 01:16:57.855000,0 days 01:17:36.633000,0 days 01:18:13.784000,176.0,181.0,53.0,254.0,False,SOFT,15.0,False,Mercedes,0 days 01:15:55.513000,2026-07-24 16:02:37.233,1,,,,False,True,FP2,30.8,23.8,30.1
0 days 01:20:19.543000,ANT,12,0 days 00:02:05.759000,30.0,7.0,,0 days 01:20:17.826000,0 days 00:01:00.371000,0 days 00:00:34.794000,0 days 00:00:30.594000,0 days 01:19:14.155000,0 days 01:19:48.949000,0 days 01:20:19.543000,260.0,200.0,,254.0,False,SOFT,16.0,False,Mercedes,0 days 01:18:13.784000,2026-07-24 16:04:55.504,1,,,,False,False,FP2,30.8,23.8,30.1
0 days 00:18:34.780000,ALO,14,,1.0,1.0,0 days 00:16:58.815000,,,0 days 00:00:35.358000,0 days 00:00:27.017000,,0 days 00:18:08.045000,0 days 00:18:34.953000,85.0,222.0,216.0,,False,MEDIUM,1.0,True,Aston Martin,0 days 00:16:58.815000,2026-07-24 15:03:40.535,1,,,,False,False,FP2,30.8,23.8,30.1
0 days 00:20:18.882000,ALO,14,0 days 00:01:44.102000,2.0,1.0,,,0 days 00:00:34.617000,0 days 00:00:36.135000,0 days 00:00:33.350000,0 days 00:19:09.397000,0 days 00:19:45.532000,0 days 00:20:18.882000,250.0,136.0,247.0,259.0,True,MEDIUM,2.0,True,Aston Martin,0 days 00:18:34.780000,2026-07-24 15:05:16.500,1,,,,False,True,FP2,30.1,23.7,30.5
0 days 00:21:41.930000,ALO,14,0 days 00:01:23.048000,3.0,1.0,,,0 days 00:00:29.467000,0 days 00:00:30.035000,0 days 00:00:23.546000,0 days 00:20:48.349000,0 days 00:21:18.384000,0 days 00:21:41.930000,274.0,240.0,246.0,303.0,True,MEDIUM,3.0,True,Aston Martin,0 days 00:20:18.882000,2026-07-24 15:07:00.602,1,,,,False,True,FP2,30.1,23.7,30.5
0 days 00:23:33.457000,ALO,14,0 days 00:01:51.527000,4.0,1.0,,,0 days 00:00:39.620000,0 days 00:00:40.392000,0 days 00:00:31.515000,0 days 00:22:21.550000,0 days 00:23:01.942000,0 days 00:23:33.457000,240.0,186.0,251.0,157.0,False,MEDIUM,4.0,True,Aston Martin,0 days 00:21:41.930000,2026-07-24 15:08:23.650,1,,,,False,True,FP2,30.1,23.7,30.5
0 days 00:24:55.940000,ALO,14,0 days 00:01:22.483000,5.0,1.0,,,0 days 00:00:29.213000,0 days 00:00:29.804000,0 days 00:00:23.466000,0 days 00:24:02.670000,0 days 00:24:32.474000,0 days 00:24:55.940000,276.0,241.0,248.0,305.0,True,MEDIUM,5.0,True,Aston Martin,0 days 00:23:33.457000,2026-07-24 15:10:15.177,1,,,,False,True,FP2,30.1,23.7,30.5
0 days 00:26:49.513000,ALO,14,0 days 00:01:53.573000,6.0,1.0,,,0 days 00:00:40.640000,0 days 00:00:43.745000,0 days 00:00:29.188000,0 days 00:25:36.580000,0 days 00:26:20.325000,0 days 00:26:49.513000,227.0,188.0,251.0,177.0,False,MEDIUM,6.0,True,Aston Martin,0 days 00:24:55.940000,2026-07-24 15:11:37.660,1,,,,False,True,FP2,30.1,23.7,30.5
0 days 00:28:11.888000,ALO,14,0 days 00:01:22.375000,7.0,1.0,,,0 days 00:00:28.966000,0 days 00:00:29.805000,0 days 00:00:23.604000,0 days 00:27:18.479000,0 days 00:27:48.284000,0 days 00:28:11.888000,276.0,244.0,239.0,307.0,True,MEDIUM,7.0,True,Aston Martin,0 days 00:26:49.513000,2026-07-24 15:13:31.233,1,,,,False,True,FP2,30.1,23.7,30.5
0 days 00:29:57.053000,ALO,14,0 days 00:01:45.165000,8.0,1.0,,0 days 00:29:55.392000,0 days 00:00:38.296000,0 days 00:00:34.073000,0 days 00:00:32.796000,0 days 00:28:50.184000,0 days 00:29:24.257000,0 days 00:29:57.053000,206.0,217.0,,188.0,False,MEDIUM,8.0,True,Aston Martin,0 days 00:28:11.888000,2026-07-24 15:14:53.608,1,,,,False,False,FP2,30.1,23.7,30.5
0 days 00:47:30.220000,ALO,14,,9.0,2.0,0 days 00:39:08.642000,0 days 00:40:55.554000,,0 days 00:00:35.004000,,,0 days 00:40:19.904000,,246.0,206.0,,,False,SOFT,1.0,True,Aston Martin,0 days 00:29:57.053000,2026-07-24 15:16:38.773,125,,,,False,False,FP2,30.6,23.6,30.5
0 days 00:49:12.765000,ALO,14,,10.0,3.0,0 days 00:47:30.220000,,,0 days 00:00:33.369000,0 days 00:00:26.174000,,0 days 00:48:46.852000,0 days 00:49:12.878000,251.0,223.0,252.0,188.0,False,SOFT,2.0,False,Aston Martin,0 days 00:47:30.220000,2026-07-24 15:34:11.940,1,,,,False,False,FP2,30.6,23.6,30.5
0 days 00:50:34.484000,ALO,14,0 days 00:01:21.719000,11.0,3.0,,,0 days 00:00:28.691000,0 days 00:00:29.543000,0 days 00:00:23.485000,0 days 00:49:41.456000,0 days 00:50:10.999000,0 days 00:50:34.484000,282.0,245.0,246.0,308.0,True,SOFT,3.0,False,Aston Martin,0 days 00:49:12.765000,2026-07-24 15:35:54.485,1,,,,False,True,FP2,30.6,23.6,30.5
0 days 00:52:24.160000,ALO,14,0 days 00:01:49.676000,12.0,3.0,,,0 days 00:00:42.660000,0 days 00:00:37.127000,0 days 00:00:29.889000,0 days 00:51:17.144000,0 days 00:51:54.271000,0 days 00:52:24.160000,247.0,202.0,254.0,119.0,False,SOFT,4.0,False,Aston Martin,0 days 00:50:34.484000,2026-07-24 15:37:16.204,1,,,,False,True,FP2,30.6,23.6,30.5
0 days 00:53:45.508000,ALO,14,0 days 00:01:21.348000,13.0,3.0,,,0 days 00:00:28.566000,0 days 00:00:29.286000,0 days 00:00:23.496000,0 days 00:52:52.726000,0 days 00:53:22.012000,0 days 00:53:45.508000,283.0,244.0,243.0,309.0,False,SOFT,5.0,False,Aston Martin,0 days 00:52:24.160000,2026-07-24 15:39:05.880,1,,,,False,True,FP2,30.6,23.6,30.5
0 days 00:55:44.334000,ALO,14,0 days 00:01:58.826000,14.0,3.0,,,0 days 00:00:39.227000,0 days 00:00:50.435000,0 days 00:00:29.164000,0 days 00:54:24.735000,0 days 00:55:15.170000,0 days 00:55:44.334000,240.0,213.0,251.0,263.0,False,SOFT,6.0,False,Aston Martin,0 days 00:53:45.508000,2026-07-24 15:40:27.228,1,,,,False,True,FP2,30.6,23.6,30.5
0 days 00:57:12.303000,ALO,14,0 days 00:01:27.969000,15.0,3.0,,0 days 00:57:10.544000,0 days 00:00:28.481000,0 days 00:00:29.379000,0 days 00:00:30.109000,0 days 00:56:12.815000,0 days 00:56:42.194000,0 days 00:57:12.303000,285.0,243.0,,311.0,False,SOFT,7.0,False,Aston Martin,0 days 00:55:44.334000,2026-07-24 15:42:26.054,1,,,,False,False,FP2,30.6,23.6,30.5
0 days 01:06:09.444000,ALO,14,,16.0,4.0,0 days 01:04:40.485000,,,0 days 00:00:33.145000,0 days 00:00:24.828000,,0 days 01:05:44.847000,0 days 01:06:09.469000,254.0,221.0,245.0,311.0,False,SOFT,8.0,False,Aston Martin,0 days 00:57:12.303000,2026-07-24 15:43:54.023,1,,,,False,False,FP2,30.0,23.7,30.3
0 days 01:07:38.604000,ALO,14,0 days 00:01:29.160000,17.0,4.0,,,0 days 00:00:30.901000,0 days 00:00:32.069000,0 days 00:00:26.190000,0 days 01:06:40.345000,0 days 01:07:12.414000,0 days 01:07:38.604000,257.0,226.0,249.0,283.0,False,SOFT,9.0,False,Aston Martin,0 days 01:06:09.444000,2026-07-24 15:52:51.164,1,,,,False,True,FP2,30.0,23.7,30.3
0 days 01:09:06.054000,ALO,14,0 days 00:01:27.450000,18.0,4.0,,,0 days 00:00:30.387000,0 days 00:00:32.368000,0 days 00:00:24.695000,0 days 01:08:08.991000,0 days 01:08:41.359000,0 days 01:09:06.054000,263.0,227.0,252.0,294.0,False,SOFT,10.0,False,Aston Martin,0 days 01:07:38.604000,2026-07-24 15:54:20.324,1,,,,False,True,FP2,31.5,23.8,30.6
0 days 01:10:35.648000,ALO,14,0 days 00:01:29.594000,19.0,4.0,,,0 days 00:00:30.150000,0 days 00:00:32.267000,0 days 00:00:27.177000,0 days 01:09:36.204000,0 days 01:10:08.471000,0 days 01:10:35.648000,266.0,227.0,253.0,305.0,False,SOFT,11.0,False,Aston Martin,0 days 01:09:06.054000,2026-07-24 15:55:47.774,1,,,,False,True,FP2,31.5,23.8,30.6
0 days 01:12:02.425000,ALO,14,0 days 00:01:26.777000,20.0,4.0,,,0 days 00:00:30.094000,0 days 00:00:32.003000,0 days 00:00:24.680000,0 days 01:11:05.742000,0 days 01:11:37.745000,0 days 01:12:02.425000,265.0,227.0,252.0,294.0,False,SOFT,12.0,False,Aston Martin,0 days 01:10:35.648000,2026-07-24 15:57:17.368,1,,,,False,True,FP2,31.2,23.6,30.3
0 days 01:13:28.833000,ALO,14,0 days 00:01:26.408000,21.0,4.0,,,0 days 00:00:30.078000,0 days 00:00:31.662000,0 days 00:00:24.668000,0 days 01:12:32.503000,0 days 01:13:04.165000,0 days 01:13:28.833000,267.0,229.0,250.0,291.0,False,SOFT,13.0,False,Aston Martin,0 days 01:12:02.425000,2026-07-24 15:58:44.145,1,,,,False,True,FP2,31.2,23.6,30.3
0 days 01:15:13.930000,ALO,14,0 days 00:01:45.097000,22.0,4.0,,,0 days 00:00:32.191000,0 days 00:00:36.012000,0 days 00:00:36.894000,0 days 01:14:01.024000,0 days 01:14:37.036000,0 days 01:15:13.930000,224.0,190.0,59.0,297.0,False,SOFT,14.0,False,Aston Martin,0 days 01:13:28.833000,2026-07-24 16:00:10.553,1,,,,False,True,FP2,31.2,23.6,30.3
0 days 01:17:25.378000,ALO,14,0 days 00:02:11.448000,23.0,4.0,,,0 days 00:01:01.241000,0 days 00:00:36.251000,0 days 00:00:33.956000,0 days 01:16:15.171000,0 days 01:16:51.422000,0 days 01:17:25.378000,202.0,210.0,65.0,251.0,False,SOFT,15.0,False,Aston Martin,0 days 01:15:13.930000,2026-07-24 16:01:55.650,1,,,,False,True,FP2,31.2,23.6,30.3
0 days 01:19:26.143000,ALO,14,0 days 00:02:00.765000,24.0,4.0,,0 days 01:19:24.413000,0 days 00:00:56.275000,0 days 00:00:33.581000,0 days 00:00:30.909000,0 days 01:18:21.653000,0 days 01:18:55.234000,0 days 01:19:26.143000,251.0,213.0,,251.0,False,SOFT,16.0,False,Aston Martin,0 days 01:17:25.378000,2026-07-24 16:04:07.098,1,,,,False,False,FP2,31.2,23.6,30.3
0 days 00:15:44.911000,LEC,16,,1.0,1.0,0 days 00:13:50.896000,,,0 days 00:00:34.206000,0 days 00:00:26.037000,,0 days 00:15:19.119000,0 days 00:15:44.960000,258.0,209.0,265.0,,False,MEDIUM,1.0,True,Ferrari,0 days 00:13:50.896000,2026-07-24 15:00:32.616,1,,,,False,False,FP2,30.5,23.5,30.0
0 days 00:17:05.014000,LEC,16,0 days 00:01:20.103000,2.0,1.0,,,0 days 00:00:28.030000,0 days 00:00:29.134000,0 days 00:00:22.939000,0 days 00:16:12.941000,0 days 00:16:42.075000,0 days 00:17:05.014000,297.0,251.0,263.0,320.0,True,MEDIUM,2.0,True,Ferrari,0 days 00:15:44.911000,2026-07-24 15:02:26.631,1,,,,False,True,FP2,30.5,23.5,30.0
0 days 00:19:09.825000,LEC,16,0 days 00:02:04.811000,3.0,1.0,,,0 days 00:00:48.553000,0 days 00:00:45.923000,0 days 00:00:30.335000,0 days 00:17:53.567000,0 days 00:18:39.490000,0 days 00:19:09.825000,132.0,205.0,264.0,255.0,False,MEDIUM,3.0,True,Ferrari,0 days 00:17:05.014000,2026-07-24 15:03:46.734,1,,,,False,True,FP2,30.5,23.5,30.0
0 days 00:20:51.366000,LEC,16,0 days 00:01:41.541000,4.0,1.0,,,0 days 00:00:32.802000,0 days 00:00:39.582000,0 days 00:00:29.157000,0 days 00:19:42.627000,0 days 00:20:22.209000,0 days 00:20:51.366000,246.0,138.0,266.0,318.0,False,MEDIUM,4.0,True,Ferrari,0 days 00:19:09.825000,2026-07-24 15:05:51.545,1,,,,False,True,FP2,30.5,23.5,30.0
0 days 00:22:11.086000,LEC,16,0 days 00:01:19.720000,5.0,1.0,,,0 days 00:00:27.998000,0 days 00:00:28.889000,0 days 00:00:22.833000,0 days 00:21:19.364000,0 days 00:21:48.253000,0 days 00:22:11.086000,299.0,252.0,258.0,319.0,True,MEDIUM,5.0,True,Ferrari,0 days 00:20:51.366000,2026-07-24 15:07:33.086,1,,,,False,True,FP2,30.5,23.5,30.0
0 days 00:24:03.214000,LEC,16,0 days 00:01:52.128000,6.0,1.0,,,0 days 00:00:40.308000,0 days 00:00:43.754000,0 days 00:00:28.066000,0 days 00:22:51.394000,0 days 00:23:35.148000,0 days 00:24:03.214000,158.0,143.0,266.0,280.0,False,MEDIUM,6.0,True,Ferrari,0 days 00:22:11.086000,2026-07-24 15:08:52.806,1,,,,False,True,FP2,30.5,23.5,30.0
0 days 00:25:38.211000,LEC,16,0 days 00:01:34.997000,7.0,1.0,,,0 days 00:00:30.318000,0 days 00:00:38.825000,0 days 00:00:25.854000,0 days 00:24:33.532000,0 days 00:25:12.357000,0 days 00:25:38.211000,223.0,170.0,265.0,318.0,False,MEDIUM,7.0,True,Ferrari,0 days 00:24:03.214000,2026-07-24 15:10:44.934,1,,,,False,True,FP2,30.5,23.5,30.0
0 days 00:26:57.937000,LEC,16,0 days 00:01:19.726000,8.0,1.0,,,0 days 00:00:27.970000,0 days 00:00:28.814000,0 days 00:00:22.942000,0 days 00:26:06.181000,0 days 00:26:34.995000,0 days 00:26:57.937000,298.0,250.0,261.0,318.0,False,MEDIUM,8.0,True,Ferrari,0 days 00:25:38.211000,2026-07-24 15:12:19.931,1,,,,False,True,FP2,30.6,23.4,30.0
0 days 00:28:52.674000,LEC,16,0 days 00:01:54.737000,9.0,1.0,,,0 days 00:00:41.316000,0 days 00:00:45.877000,0 days 00:00:27.544000,0 days 00:27:39.253000,0 days 00:28:25.130000,0 days 00:28:52.674000,153.0,146.0,264.0,276.0,False,MEDIUM,9.0,True,Ferrari,0 days 00:26:57.937000,2026-07-24 15:13:39.657,1,,,,False,True,FP2,30.6,23.4,30.0
0 days 00:30:26.217000,LEC,16,0 days 00:01:33.543000,10.0,1.0,,,0 days 00:00:32.904000,0 days 00:00:35.798000,0 days 00:00:24.841000,0 days 00:29:25.578000,0 days 00:30:01.376000,0 days 00:30:26.217000,213.0,208.0,266.0,320.0,False,MEDIUM,10.0,True,Ferrari,0 days 00:28:52.674000,2026-07-24 15:15:34.394,1,,,,False,True,FP2,30.6,23.4,30.0
0 days 00:31:55.410000,LEC,16,0 days 00:01:29.193000,11.0,1.0,,0 days 00:31:53.644000,0 days 00:00:27.904000,0 days 00:00:28.829000,0 days 00:00:32.460000,0 days 00:30:54.121000,0 days 00:31:22.950000,0 days 00:31:55.410000,291.0,247.0,,322.0,False,MEDIUM,11.0,True,Ferrari,0 days 00:30:26.217000,2026-07-24 15:17:07.937,1,,,,False,False,FP2,30.6,23.4,30.0
0 days 00:40:22.877000,LEC,16,,12.0,2.0,0 days 00:38:49.417000,,,0 days 00:00:34.297000,0 days 00:00:24.752000,,0 days 00:39:58.228000,0 days 00:40:22.877000,248.0,225.0,267.0,322.0,False,SOFT,1.0,True,Ferrari,0 days 00:31:55.410000,2026-07-24 15:18:37.130,1,,,,False,False,FP2,30.6,23.4,30.0
0 days 00:48:32.137000,LEC,16,,13.0,2.0,,0 days 00:42:09.344000,,,,,,,,,,322.0,False,SOFT,2.0,True,Ferrari,0 days 00:40:22.877000,2026-07-24 15:27:04.597,125,,,,False,False,FP2,30.6,23.4,30.0
0 days 00:50:14.408000,LEC,16,,14.0,3.0,0 days 00:48:32.137000,,,0 days 00:00:31.427000,0 days 00:00:28.305000,,0 days 00:49:46.237000,0 days 00:50:14.461000,270.0,229.0,250.0,322.0,False,SOFT,3.0,False,Ferrari,0 days 00:48:32.137000,2026-07-24 15:35:13.857,1,,,,False,False,FP2,30.6,23.4,30.0
0 days 00:51:44.444000,LEC,16,0 days 00:01:30.036000,15.0,3.0,,,0 days 00:00:30.277000,0 days 00:00:34.258000,0 days 00:00:25.501000,0 days 00:50:44.685000,0 days 00:51:18.943000,0 days 00:51:44.444000,241.0,129.0,265.0,302.0,False,SOFT,4.0,False,Ferrari,0 days 00:50:14.408000,2026-07-24 15:36:56.128,1,,,,False,True,FP2,30.6,23.4,30.0
0 days 00:53:03.321000,LEC,16,0 days 00:01:18.877000,16.0,3.0,,,0 days 00:00:27.689000,0 days 00:00:28.492000,0 days 00:00:22.696000,0 days 00:52:12.133000,0 days 00:52:40.625000,0 days 00:53:03.321000,293.0,254.0,261.0,324.0,True,SOFT,5.0,False,Ferrari,0 days 00:51:44.444000,2026-07-24 15:38:26.164,1,,,,False,True,FP2,30.6,23.4,30.0
0 days 00:54:36.452000,LEC,16,0 days 00:01:33.131000,17.0,3.0,,0 days 00:54:34.727000,0 days 00:00:31.979000,0 days 00:00:31.946000,0 days 00:00:29.206000,0 days 00:53:35.300000,0 days 00:54:07.246000,0 days 00:54:36.452000,245.0,230.0,,249.0,False,SOFT,6.0,False,Ferrari,0 days 00:53:03.321000,2026-07-24 15:39:45.041,1,,,,False,False,FP2,30.6,23.4,30.0
0 days 01:01:51.301000,LEC,16,,18.0,4.0,0 days 01:00:05.757000,,,0 days 00:00:31.439000,0 days 00:00:24.204000,,0 days 01:01:27.338000,0 days 01:01:51.337000,286.0,230.0,257.0,249.0,False,SOFT,7.0,False,Ferrari,0 days 00:54:36.452000,2026-07-24 15:41:18.172,1,,,,False,False,FP2,30.6,23.4,30.0
0 days 01:03:15.009000,LEC,16,0 days 00:01:23.708000,19.0,4.0,,,0 days 00:00:29.053000,0 days 00:00:30.731000,0 days 00:00:23.924000,0 days 01:02:20.354000,0 days 01:02:51.085000,0 days 01:03:15.009000,276.0,234.0,257.0,307.0,False,SOFT,8.0,False,Ferrari,0 days 01:01:51.301000,2026-07-24 15:48:33.021,1,,,,False,True,FP2,30.6,23.4,30.0
0 days 01:04:38.764000,LEC,16,0 days 00:01:23.755000,20.0,4.0,,,0 days 00:00:29.279000,0 days 00:00:30.678000,0 days 00:00:23.798000,0 days 01:03:44.288000,0 days 01:04:14.966000,0 days 01:04:38.764000,276.0,237.0,256.0,306.0,False,SOFT,9.0,False,Ferrari,0 days 01:03:15.009000,2026-07-24 15:49:56.729,1,,,,False,True,FP2,30.6,23.4,30.0
0 days 01:06:04.802000,LEC,16,0 days 00:01:26.038000,21.0,4.0,,,0 days 00:00:29.298000,0 days 00:00:31.112000,0 days 00:00:25.628000,0 days 01:05:08.062000,0 days 01:05:39.174000,0 days 01:06:04.802000,281.0,234.0,255.0,306.0,False,SOFT,10.0,False,Ferrari,0 days 01:04:38.764000,2026-07-24 15:51:20.484,1,,,,False,True,FP2,30.6,23.4,30.0
0 days 01:07:29.021000,LEC,16,0 days 00:01:24.219000,22.0,4.0,,,0 days 00:00:29.386000,0 days 00:00:30.736000,0 days 00:00:24.097000,0 days 01:06:34.188000,0 days 01:07:04.924000,0 days 01:07:29.021000,276.0,236.0,255.0,306.0,False,SOFT,11.0,False,Ferrari,0 days 01:06:04.802000,2026-07-24 15:52:46.522,1,,,,False,True,FP2,30.2,23.3,30.1
0 days 01:08:55.173000,LEC,16,0 days 00:01:26.152000,23.0,4.0,,,0 days 00:00:29.569000,0 days 00:00:31.590000,0 days 00:00:24.993000,0 days 01:07:58.590000,0 days 01:08:30.180000,0 days 01:08:55.173000,285.0,232.0,254.0,316.0,False,SOFT,12.0,False,Ferrari,0 days 01:07:29.021000,2026-07-24 15:54:10.741,1,,,,False,True,FP2,30.2,23.3,30.1
0 days 01:10:20.117000,LEC,16,0 days 00:01:24.944000,24.0,4.0,,,0 days 00:00:29.409000,0 days 00:00:31.258000,0 days 00:00:24.277000,0 days 01:09:24.582000,0 days 01:09:55.840000,0 days 01:10:20.117000,277.0,233.0,254.0,323.0,False,SOFT,13.0,False,Ferrari,0 days 01:08:55.173000,2026-07-24 15:55:36.893,1,,,,False,True,FP2,30.3,23.4,31.0
0 days 01:11:46.589000,LEC,16,0 days 00:01:26.472000,25.0,4.0,,,0 days 00:00:29.354000,0 days 00:00:31.681000,0 days 00:00:25.437000,0 days 01:10:49.471000,0 days 01:11:21.152000,0 days 01:11:46.589000,282.0,226.0,259.0,308.0,False,SOFT,14.0,False,Ferrari,0 days 01:10:20.117000,2026-07-24 15:57:01.837,1,,,,False,True,FP2,30.3,23.4,31.0
0 days 01:13:13.695000,LEC,16,0 days 00:01:27.106000,26.0,4.0,,,0 days 00:00:29.791000,0 days 00:00:31.509000,0 days 00:00:25.806000,0 days 01:12:16.380000,0 days 01:12:47.889000,0 days 01:13:13.695000,282.0,232.0,257.0,326.0,False,SOFT,15.0,False,Ferrari,0 days 01:11:46.589000,2026-07-24 15:58:28.309,1,,,,False,True,FP2,30.3,23.4,31.0
0 days 01:14:37.997000,LEC,16,0 days 00:01:24.302000,27.0,4.0,,,0 days 00:00:29.345000,0 days 00:00:30.884000,0 days 00:00:24.073000,0 days 01:13:43.040000,0 days 01:14:13.924000,0 days 01:14:37.997000,280.0,238.0,255.0,310.0,False,SOFT,16.0,False,Ferrari,0 days 01:13:13.695000,2026-07-24 15:59:55.415,1,,,,False,True,FP2,30.3,23.4,31.0
0 days 01:17:09.514000,LEC,16,,28.0,4.0,,,0 days 00:00:37.263000,0 days 00:00:38.160000,0 days 00:01:16.040000,0 days 01:15:15.469000,0 days 01:15:53.610000,0 days 01:17:09.537000,182.0,178.0,169.0,231.0,False,SOFT,17.0,False,Ferrari,0 days 01:14:37.997000,2026-07-24 16:01:19.717,1,,,,False,False,FP2,30.3,23.4,31.0
0 days 01:19:30.263000,LEC,16,0 days 00:02:20.749000,29.0,4.0,,,0 days 00:00:34.467000,0 days 00:00:38.528000,0 days 00:01:07.754000,0 days 01:17:43.981000,0 days 01:18:22.509000,0 days 01:19:30.263000,177.0,170.0,118.0,277.0,False,SOFT,18.0,False,Ferrari,0 days 01:17:09.514000,2026-07-24 16:03:51.234,1,,,,False,True,FP2,30.3,23.4,31.0
0 days 01:21:21.436000,LEC,16,0 days 00:01:51.173000,30.0,4.0,,0 days 01:21:19.643000,0 days 00:00:31.588000,0 days 00:00:41.902000,0 days 00:00:37.683000,0 days 01:20:01.851000,0 days 01:20:43.753000,0 days 01:21:21.436000,215.0,142.0,,271.0,False,SOFT,19.0,False,Ferrari,0 days 01:19:30.263000,2026-07-24 16:06:11.983,1,,,,False,False,FP2,30.3,23.4,31.0
0 days 00:16:19.807000,ALB,23,,1.0,1.0,0 days 00:14:32.824000,,,0 days 00:00:34.298000,0 days 00:00:29.161000,,0 days 00:15:50.816000,0 days 00:16:19.973000,264.0,220.0,262.0,,False,HARD,1.0,True,Williams,0 days 00:14:32.824000,2026-07-24 15:01:14.544,1,,,,False,False,FP2,30.3,23.4,31.0
0 days 00:17:43.538000,ALB,23,0 days 00:01:23.731000,2.0,1.0,,,0 days 00:00:28.906000,0 days 00:00:30.071000,0 days 00:00:24.754000,0 days 00:16:48.713000,0 days 00:17:18.784000,0 days 00:17:43.538000,289.0,240.0,256.0,319.0,True,HARD,2.0,True,Williams,0 days 00:16:19.807000,2026-07-24 15:03:01.527,1,,,,False,True,FP2,30.1,23.4,30.7
0 days 00:19:52.805000,ALB,23,0 days 00:02:09.267000,3.0,1.0,,,0 days 00:00:48.503000,0 days 00:00:48.585000,0 days 00:00:32.179000,0 days 00:18:32.041000,0 days 00:19:20.626000,0 days 00:19:52.805000,234.0,184.0,262.0,200.0,False,HARD,3.0,True,Williams,0 days 00:17:43.538000,2026-07-24 15:04:25.258,1,,,,False,True,FP2,30.1,23.4,30.7
0 days 00:21:33.391000,ALB,23,0 days 00:01:40.586000,4.0,1.0,,,0 days 00:00:28.970000,0 days 00:00:41.497000,0 days 00:00:30.119000,0 days 00:20:21.775000,0 days 00:21:03.272000,0 days 00:21:33.391000,286.0,159.0,230.0,319.0,False,HARD,4.0,True,Williams,0 days 00:19:52.805000,2026-07-24 15:06:34.525,1,,,,False,True,FP2,30.1,23.4,30.7
0 days 00:23:12.735000,ALB,23,0 days 00:01:39.344000,5.0,1.0,,,0 days 00:00:35.147000,0 days 00:00:38.022000,0 days 00:00:26.175000,0 days 00:22:08.538000,0 days 00:22:46.560000,0 days 00:23:12.735000,248.0,210.0,265.0,269.0,False,HARD,5.0,True,Williams,0 days 00:21:33.391000,2026-07-24 15:08:15.111,1,,,,False,True,FP2,30.1,23.4,30.7
0 days 00:24:52.277000,ALB,23,0 days 00:01:39.542000,6.0,1.0,,,0 days 00:00:28.788000,0 days 00:00:37.573000,0 days 00:00:33.181000,0 days 00:23:41.523000,0 days 00:24:19.096000,0 days 00:24:52.277000,292.0,145.0,262.0,318.0,False,HARD,6.0,True,Williams,0 days 00:23:12.735000,2026-07-24 15:09:54.455,1,,,,False,True,FP2,30.1,23.4,30.7
0 days 00:26:32.041000,ALB,23,0 days 00:01:39.764000,7.0,1.0,,,0 days 00:00:28.817000,0 days 00:00:40.045000,0 days 00:00:30.902000,0 days 00:25:21.094000,0 days 00:26:01.139000,0 days 00:26:32.041000,291.0,152.0,186.0,307.0,False,HARD,7.0,True,Williams,0 days 00:24:52.277000,2026-07-24 15:11:33.997,1,,,,False,True,FP2,30.1,23.4,30.7
0 days 00:28:20.915000,ALB,23,0 days 00:01:48.874000,8.0,1.0,,,0 days 00:00:36.402000,0 days 00:00:45.944000,0 days 00:00:26.528000,0 days 00:27:08.443000,0 days 00:27:54.387000,0 days 00:28:20.915000,237.0,206.0,262.0,218.0,False,HARD,8.0,True,Williams,0 days 00:26:32.041000,2026-07-24 15:13:13.761,1,,,,False,True,FP2,30.1,23.4,30.7
0 days 00:29:43.680000,ALB,23,0 days 00:01:22.765000,9.0,1.0,,,0 days 00:00:28.695000,0 days 00:00:30.102000,0 days 00:00:23.968000,0 days 00:28:49.610000,0 days 00:29:19.712000,0 days 00:29:43.680000,289.0,236.0,256.0,319.0,True,HARD,9.0,True,Williams,0 days 00:28:20.915000,2026-07-24 15:15:02.635,1,,,,False,True,FP2,30.1,23.4,30.7
0 days 00:31:35.223000,ALB,23,0 days 00:01:51.543000,10.0,1.0,,,0 days 00:00:42.259000,0 days 00:00:43.040000,0 days 00:00:26.244000,0 days 00:30:25.939000,0 days 00:31:08.979000,0 days 00:31:35.223000,178.0,182.0,262.0,244.0,False,HARD,10.0,True,Williams,0 days 00:29:43.680000,2026-07-24 15:16:25.400,1,,,,False,True,FP2,30.1,23.4,30.7
0 days 00:32:58.220000,ALB,23,0 days 00:01:22.997000,11.0,1.0,,,0 days 00:00:28.584000,0 days 00:00:30.342000,0 days 00:00:24.071000,0 days 00:32:03.807000,0 days 00:32:34.149000,0 days 00:32:58.220000,292.0,240.0,254.0,319.0,False,HARD,11.0,True,Williams,0 days 00:31:35.223000,2026-07-24 15:18:16.943,1,,,,False,True,FP2,30.1,23.4,30.7
0 days 00:34:33.934000,ALB,23,0 days 00:01:35.714000,12.0,1.0,,0 days 00:34:32.189000,0 days 00:00:33.874000,0 days 00:00:33.973000,0 days 00:00:27.867000,0 days 00:33:32.094000,0 days 00:34:06.067000,0 days 00:34:33.934000,251.0,221.0,,279.0,False,HARD,12.0,True,Williams,0 days 00:32:58.220000,2026-07-24 15:19:39.940,1,,,,False,False,FP2,30.1,23.4,30.7
0 days 00:37:57.424000,ALB,23,,13.0,2.0,0 days 00:36:17.287000,,,0 days 00:00:40.303000,0 days 00:00:25.426000,,0 days 00:37:32.311000,0 days 00:37:57.534000,275.0,217.0,266.0,279.0,False,SOFT,1.0,True,Williams,0 days 00:34:33.934000,2026-07-24 15:21:15.654,1,,,,False,False,FP2,29.7,23.4,30.6
0 days 00:39:18.397000,ALB,23,0 days 00:01:20.973000,14.0,2.0,,,0 days 00:00:28.137000,0 days 00:00:29.380000,0 days 00:00:23.456000,0 days 00:38:25.561000,0 days 00:38:54.941000,0 days 00:39:18.397000,292.0,245.0,257.0,320.0,True,SOFT,2.0,True,Williams,0 days 00:37:57.424000,2026-07-24 15:24:39.144,1,,,,False,True,FP2,29.7,23.4,30.6
0 days 00:50:55.287000,ALB,23,,15.0,2.0,,0 days 00:41:15.851000,0 days 00:00:45.216000,0 days 00:00:37.867000,,0 days 00:40:03.891000,0 days 00:40:41.820000,,181.0,177.0,,225.0,False,SOFT,3.0,True,Williams,0 days 00:39:18.397000,2026-07-24 15:26:00.117,125,,,,False,False,FP2,29.7,23.4,30.6
0 days 00:52:43.930000,ALB,23,,16.0,3.0,0 days 00:50:55.287000,,,0 days 00:00:33.037000,0 days 00:00:25.035000,,0 days 00:52:19.088000,0 days 00:52:43.984000,260.0,222.0,256.0,225.0,False,HARD,13.0,False,Williams,0 days 00:50:55.287000,2026-07-24 15:37:37.007,1,,,,False,False,FP2,29.7,23.4,30.6
0 days 00:54:10.994000,ALB,23,0 days 00:01:27.064000,17.0,3.0,,,0 days 00:00:29.878000,0 days 00:00:32.023000,0 days 00:00:25.163000,0 days 00:53:13.808000,0 days 00:53:45.831000,0 days 00:54:10.994000,276.0,222.0,252.0,313.0,False,HARD,14.0,False,Williams,0 days 00:52:43.930000,2026-07-24 15:39:25.650,1,,,,False,True,FP2,29.7,23.4,30.6
0 days 00:55:38.060000,ALB,23,0 days 00:01:27.066000,18.0,3.0,,,0 days 00:00:30.035000,0 days 00:00:32.032000,0 days 00:00:24.999000,0 days 00:54:41.029000,0 days 00:55:13.061000,0 days 00:55:38.060000,271.0,227.0,252.0,307.0,False,HARD,15.0,False,Williams,0 days 00:54:10.994000,2026-07-24 15:40:52.714,1,,,,False,True,FP2,29.7,23.4,30.6
0 days 00:57:05.062000,ALB,23,0 days 00:01:27.002000,19.0,3.0,,,0 days 00:00:30.054000,0 days 00:00:31.926000,0 days 00:00:25.022000,0 days 00:56:08.114000,0 days 00:56:40.040000,0 days 00:57:05.062000,276.0,227.0,252.0,302.0,False,HARD,16.0,False,Williams,0 days 00:55:38.060000,2026-07-24 15:42:19.780,1,,,,False,True,FP2,29.7,23.4,30.6
0 days 00:58:31.941000,ALB,23,0 days 00:01:26.879000,20.0,3.0,,,0 days 00:00:30.053000,0 days 00:00:31.957000,0 days 00:00:24.869000,0 days 00:57:35.115000,0 days 00:58:07.072000,0 days 00:58:31.941000,275.0,227.0,255.0,310.0,False,HARD,17.0,False,Williams,0 days 00:57:05.062000,2026-07-24 15:43:46.782,1,,,,False,True,FP2,29.7,23.4,30.6
0 days 00:59:58.517000,ALB,23,0 days 00:01:26.576000,21.0,3.0,,,0 days 00:00:29.882000,0 days 00:00:31.888000,0 days 00:00:24.806000,0 days 00:59:01.823000,0 days 00:59:33.711000,0 days 00:59:58.517000,275.0,231.0,256.0,312.0,False,HARD,18.0,False,Williams,0 days 00:58:31.941000,2026-07-24 15:45:13.661,1,,,,False,True,FP2,30.3,23.3,31.0
0 days 01:01:27.087000,ALB,23,0 days 00:01:28.570000,22.0,3.0,,,0 days 00:00:30.415000,0 days 00:00:32.849000,0 days 00:00:25.306000,0 days 01:00:28.932000,0 days 01:01:01.781000,0 days 01:01:27.087000,280.0,217.0,254.0,309.0,False,HARD,19.0,False,Williams,0 days 00:59:58.517000,2026-07-24 15:46:40.237,1,,,,False,True,FP2,30.3,23.3,31.0
0 days 01:02:58.148000,ALB,23,0 days 00:01:31.061000,23.0,3.0,,,0 days 00:00:31.338000,0 days 00:00:33.067000,0 days 00:00:26.656000,0 days 01:01:58.425000,0 days 01:02:31.492000,0 days 01:02:58.148000,276.0,164.0,254.0,320.0,False,HARD,20.0,False,Williams,0 days 01:01:27.087000,2026-07-24 15:48:08.807,1,,,,False,True,FP2,30.3,23.3,31.0
0 days 01:04:25.528000,ALB,23,0 days 00:01:27.380000,24.0,3.0,,,0 days 00:00:30.051000,0 days 00:00:32.299000,0 days 00:00:25.030000,0 days 01:03:28.199000,0 days 01:04:00.498000,0 days 01:04:25.528000,276.0,229.0,253.0,314.0,False,HARD,21.0,False,Williams,0 days 01:02:58.148000,2026-07-24 15:49:39.868,1,,,,False,True,FP2,30.3,23.3,31.0
0 days 01:05:53.018000,ALB,23,0 days 00:01:27.490000,25.0,3.0,,,0 days 00:00:29.968000,0 days 00:00:32.486000,0 days 00:00:25.036000,0 days 01:04:55.496000,0 days 01:05:27.982000,0 days 01:05:53.018000,280.0,222.0,256.0,315.0,False,HARD,22.0,False,Williams,0 days 01:04:25.528000,2026-07-24 15:51:07.248,1,,,,False,True,FP2,30.3,23.3,31.0
0 days 01:07:20.380000,ALB,23,0 days 00:01:27.362000,26.0,3.0,,,0 days 00:00:29.833000,0 days 00:00:32.312000,0 days 00:00:25.217000,0 days 01:06:22.851000,0 days 01:06:55.163000,0 days 01:07:20.380000,282.0,225.0,255.0,314.0,False,HARD,23.0,False,Williams,0 days 01:05:53.018000,2026-07-24 15:52:34.738,1,,,,False,True,FP2,30.3,23.3,31.0
0 days 01:08:48.114000,ALB,23,0 days 00:01:27.734000,27.0,3.0,,,0 days 00:00:30.005000,0 days 00:00:32.476000,0 days 00:00:25.253000,0 days 01:07:50.385000,0 days 01:08:22.861000,0 days 01:08:48.114000,281.0,222.0,254.0,315.0,False,HARD,24.0,False,Williams,0 days 01:07:20.380000,2026-07-24 15:54:02.100,1,,,,False,True,FP2,30.3,23.3,31.0
0 days 01:10:16.014000,ALB,23,0 days 00:01:27.900000,28.0,3.0,,,0 days 00:00:30.163000,0 days 00:00:32.562000,0 days 00:00:25.175000,0 days 01:09:18.277000,0 days 01:09:50.839000,0 days 01:10:16.014000,279.0,223.0,254.0,311.0,False,HARD,25.0,False,Williams,0 days 01:08:48.114000,2026-07-24 15:55:29.834,1,,,,False,True,FP2,30.3,23.3,31.0
0 days 01:11:46.459000,ALB,23,0 days 00:01:30.445000,29.0,3.0,,0 days 01:11:44.567000,0 days 00:00:30.056000,0 days 00:00:32.538000,0 days 00:00:27.851000,0 days 01:10:46.070000,0 days 01:11:18.608000,0 days 01:11:46.459000,282.0,224.0,,312.0,False,HARD,26.0,False,Williams,0 days 01:10:16.014000,2026-07-24 15:56:57.734,1,,,,False,False,FP2,30.3,23.3,31.0
0 days 01:13:31.823000,ALB,23,0 days 00:01:45.364000,30.0,4.0,0 days 01:12:06.629000,,0 days 00:00:49.297000,0 days 00:00:31.811000,0 days 00:00:24.256000,0 days 01:12:35.756000,0 days 01:13:07.567000,0 days 01:13:31.823000,286.0,226.0,257.0,312.0,False,SOFT,4.0,False,Williams,0 days 01:11:46.459000,2026-07-24 15:58:28.179,1,,,,False,False,FP2,30.3,23.3,31.0
0 days 01:15:22.036000,ALB,23,0 days 00:01:50.213000,31.0,4.0,,,0 days 00:00:30.620000,0 days 00:00:43.887000,0 days 00:00:35.706000,0 days 01:14:02.443000,0 days 01:14:46.330000,0 days 01:15:22.036000,180.0,160.0,65.0,315.0,False,SOFT,5.0,False,Williams,0 days 01:13:31.823000,2026-07-24 16:00:13.543,1,,,,False,True,FP2,30.3,23.3,31.0
0 days 01:17:44.785000,ALB,23,0 days 00:02:22.749000,32.0,4.0,,,0 days 00:00:57.080000,0 days 00:00:33.495000,0 days 00:00:52.174000,0 days 01:16:19.116000,0 days 01:16:52.611000,0 days 01:17:44.785000,256.0,222.0,94.0,258.0,False,SOFT,6.0,False,Williams,0 days 01:15:22.036000,2026-07-24 16:02:03.756,1,,,,False,True,FP2,30.3,23.3,31.0
0 days 01:19:21.437000,ALB,23,0 days 00:01:36.652000,33.0,4.0,,0 days 01:19:19.675000,0 days 00:00:31.741000,0 days 00:00:34.878000,0 days 00:00:30.033000,0 days 01:18:16.526000,0 days 01:18:51.404000,0 days 01:19:21.437000,258.0,228.0,,270.0,False,SOFT,7.0,False,Williams,0 days 01:17:44.785000,2026-07-24 16:04:26.505,1,,,,False,False,FP2,30.3,23.3,31.0
0 days 00:15:24.967000,HUL,27,,1.0,1.0,0 days 00:13:28.372000,,,0 days 00:00:32.856000,0 days 00:00:30.294000,,0 days 00:14:55.013000,0 days 00:15:25.187000,244.0,224.0,264.0,,False,HARD,1.0,True,Audi,0 days 00:13:28.372000,2026-07-24 15:00:10.092,1,,,,False,False,FP2,30.3,23.3,31.0
0 days 00:16:46.755000,HUL,27,0 days 00:01:21.788000,2.0,1.0,,,0 days 00:00:28.367000,0 days 00:00:29.576000,0 days 00:00:23.845000,0 days 00:15:53.334000,0 days 00:16:22.910000,0 days 00:16:46.755000,300.0,244.0,258.0,323.0,True,HARD,2.0,True,Audi,0 days 00:15:24.967000,2026-07-24 15:02:06.687,1,,,,False,True,FP2,30.3,23.3,31.0
0 days 00:18:54.426000,HUL,27,0 days 00:02:07.671000,3.0,1.0,,,0 days 00:00:44.247000,0 days 00:00:51.595000,0 days 00:00:31.829000,0 days 00:17:31.002000,0 days 00:18:22.597000,0 days 00:18:54.426000,94.0,159.0,264.0,251.0,False,HARD,3.0,True,Audi,0 days 00:16:46.755000,2026-07-24 15:03:28.475,1,,,,False,True,FP2,29.6,23.4,30.5
0 days 00:20:41.853000,HUL,27,0 days 00:01:47.427000,4.0,1.0,,,0 days 00:00:28.597000,0 days 00:00:45.398000,0 days 00:00:33.432000,0 days 00:19:23.023000,0 days 00:20:08.421000,0 days 00:20:41.853000,297.0,144.0,265.0,318.0,False,HARD,4.0,True,Audi,0 days 00:18:54.426000,2026-07-24 15:05:36.146,1,,,,False,True,FP2,29.6,23.4,30.5
0 days 00:22:03.026000,HUL,27,0 days 00:01:21.173000,5.0,1.0,,,0 days 00:00:28.349000,0 days 00:00:29.448000,0 days 00:00:23.376000,0 days 00:21:10.202000,0 days 00:21:39.650000,0 days 00:22:03.026000,294.0,249.0,254.0,320.0,True,HARD,5.0,True,Audi,0 days 00:20:41.853000,2026-07-24 15:07:23.573,1,,,,False,True,FP2,29.6,23.4,30.5
0 days 00:23:57.744000,HUL,27,0 days 00:01:54.718000,6.0,1.0,,,0 days 00:00:34.979000,0 days 00:00:45.268000,0 days 00:00:34.471000,0 days 00:22:38.005000,0 days 00:23:23.273000,0 days 00:23:57.744000,166.0,146.0,185.0,278.0,False,HARD,6.0,True,Audi,0 days 00:22:03.026000,2026-07-24 15:08:44.746,1,,,,False,True,FP2,29.6,23.4,30.5
0 days 00:25:44.038000,HUL,27,0 days 00:01:46.294000,7.0,1.0,,,0 days 00:00:39.133000,0 days 00:00:40.376000,0 days 00:00:26.785000,0 days 00:24:36.877000,0 days 00:25:17.253000,0 days 00:25:44.038000,176.0,220.0,265.0,250.0,False,HARD,7.0,True,Audi,0 days 00:23:57.744000,2026-07-24 15:10:39.464,1,,,,False,True,FP2,29.6,23.4,30.5
0 days 00:27:05.105000,HUL,27,0 days 00:01:21.067000,8.0,1.0,,,0 days 00:00:28.251000,0 days 00:00:29.228000,0 days 00:00:23.588000,0 days 00:26:12.289000,0 days 00:26:41.517000,0 days 00:27:05.105000,293.0,247.0,254.0,320.0,True,HARD,8.0,True,Audi,0 days 00:25:44.038000,2026-07-24 15:12:25.758,1,,,,False,True,FP2,29.6,23.4,30.5
0 days 00:28:44.840000,HUL,27,0 days 00:01:39.735000,9.0,1.0,,0 days 00:28:43.153000,0 days 00:00:32.944000,0 days 00:00:35.702000,0 days 00:00:31.089000,0 days 00:27:38.049000,0 days 00:28:13.751000,0 days 00:28:44.840000,230.0,208.0,,279.0,False,HARD,9.0,True,Audi,0 days 00:27:05.105000,2026-07-24 15:13:46.825,1,,,,False,False,FP2,29.6,23.4,30.5
0 days 00:36:48.870000,HUL,27,,10.0,2.0,0 days 00:35:16.495000,,,0 days 00:00:34.679000,0 days 00:00:25.162000,,0 days 00:36:23.900000,0 days 00:36:48.915000,232.0,223.0,266.0,279.0,False,SOFT,1.0,True,Audi,0 days 00:28:44.840000,2026-07-24 15:15:26.560,1,,,,False,False,FP2,29.6,23.4,30.5
0 days 00:38:09.011000,HUL,27,0 days 00:01:20.141000,11.0,2.0,,,0 days 00:00:27.926000,0 days 00:00:29.029000,0 days 00:00:23.186000,0 days 00:37:16.796000,0 days 00:37:45.825000,0 days 00:38:09.011000,290.0,251.0,257.0,319.0,True,SOFT,2.0,True,Audi,0 days 00:36:48.870000,2026-07-24 15:23:30.590,1,,,,False,True,FP2,29.6,23.4,30.5
0 days 00:40:07.799000,HUL,27,0 days 00:01:58.788000,12.0,2.0,,0 days 00:40:05.954000,0 days 00:00:40.436000,0 days 00:00:44.003000,0 days 00:00:34.349000,0 days 00:38:49.447000,0 days 00:39:33.450000,0 days 00:40:07.799000,158.0,161.0,,213.0,False,SOFT,3.0,True,Audi,0 days 00:38:09.011000,2026-07-24 15:24:50.731,1,,,,False,False,FP2,29.5,23.5,30.0
0 days 00:48:01.857000,HUL,27,,13.0,3.0,0 days 00:40:31.810000,0 days 00:42:21.145000,,,,,,,,,,,False,SOFT,4.0,False,Audi,0 days 00:40:07.799000,2026-07-24 15:26:49.519,125,,,,False,False,FP2,29.5,23.5,30.0
0 days 00:49:47.275000,HUL,27,,14.0,4.0,0 days 00:48:01.857000,,,0 days 00:00:38.889000,0 days 00:00:26.741000,,0 days 00:49:20.766000,0 days 00:49:47.347000,242.0,223.0,266.0,213.0,False,SOFT,5.0,False,Audi,0 days 00:48:01.857000,2026-07-24 15:34:43.577,1,,,,False,False,FP2,29.5,23.5,30.0
0 days 00:51:07.400000,HUL,27,0 days 00:01:20.125000,15.0,4.0,,,0 days 00:00:28.060000,0 days 00:00:28.903000,0 days 00:00:23.162000,0 days 00:50:15.335000,0 days 00:50:44.238000,0 days 00:51:07.400000,292.0,254.0,254.0,320.0,True,SOFT,6.0,False,Audi,0 days 00:49:47.275000,2026-07-24 15:36:28.995,1,,,,False,True,FP2,29.5,23.5,30.0
0 days 00:52:35.318000,HUL,27,0 days 00:01:27.918000,16.0,4.0,,0 days 00:52:33.554000,0 days 00:00:30.376000,0 days 00:00:31.005000,0 days 00:00:26.537000,0 days 00:51:37.776000,0 days 00:52:08.781000,0 days 00:52:35.318000,273.0,237.0,,278.0,False,SOFT,7.0,False,Audi,0 days 00:51:07.400000,2026-07-24 15:37:49.120,1,,,,False,False,FP2,29.5,23.5,30.0
0 days 00:59:39.134000,HUL,27,,17.0,5.0,0 days 00:57:52.490000,,,0 days 00:00:32.585000,0 days 00:00:24.427000,,0 days 00:59:14.945000,0 days 00:59:39.224000,271.0,233.0,258.0,278.0,False,SOFT,8.0,False,Audi,0 days 00:52:35.318000,2026-07-24 15:39:17.038,1,,,,False,False,FP2,29.5,23.5,30.0
0 days 01:01:04.816000,HUL,27,0 days 00:01:25.682000,18.0,5.0,,,0 days 00:00:29.674000,0 days 00:00:31.563000,0 days 00:00:24.445000,0 days 01:00:08.808000,0 days 01:00:40.371000,0 days 01:01:04.816000,267.0,233.0,256.0,326.0,False,SOFT,9.0,False,Audi,0 days 00:59:39.134000,2026-07-24 15:46:20.854,1,,,,False,True,FP2,29.5,23.5,30.0
0 days 01:02:30.190000,HUL,27,0 days 00:01:25.374000,19.0,5.0,,,0 days 00:00:29.631000,0 days 00:00:31.229000,0 days 00:00:24.514000,0 days 01:01:34.447000,0 days 01:02:05.676000,0 days 01:02:30.190000,279.0,230.0,258.0,302.0,False,SOFT,10.0,False,Audi,0 days 01:01:04.816000,2026-07-24 15:47:46.536,1,,,,False,True,FP2,29.5,23.5,30.0
0 days 01:03:55.783000,HUL,27,0 days 00:01:25.593000,20.0,5.0,,,0 days 00:00:29.599000,0 days 00:00:31.376000,0 days 00:00:24.618000,0 days 01:02:59.789000,0 days 01:03:31.165000,0 days 01:03:55.783000,282.0,220.0,257.0,306.0,False,SOFT,11.0,False,Audi,0 days 01:02:30.190000,2026-07-24 15:49:11.910,1,,,,False,True,FP2,29.5,23.5,30.0
0 days 01:05:21.099000,HUL,27,0 days 00:01:25.316000,21.0,5.0,,,0 days 00:00:29.554000,0 days 00:00:31.250000,0 days 00:00:24.512000,0 days 01:04:25.337000,0 days 01:04:56.587000,0 days 01:05:21.099000,285.0,232.0,260.0,302.0,False,SOFT,12.0,False,Audi,0 days 01:03:55.783000,2026-07-24 15:50:37.503,1,,,,False,True,FP2,29.5,23.5,30.0
0 days 01:06:46.569000,HUL,27,0 days 00:01:25.470000,22.0,5.0,,,0 days 00:00:29.567000,0 days 00:00:31.365000,0 days 00:00:24.538000,0 days 01:05:50.666000,0 days 01:06:22.031000,0 days 01:06:46.569000,287.0,235.0,260.0,302.0,False,SOFT,13.0,False,Audi,0 days 01:05:21.099000,2026-07-24 15:52:02.819,1,,,,False,True,FP2,29.5,23.5,30.0
0 days 01:08:11.633000,HUL,27,0 days 00:01:25.064000,23.0,5.0,,,0 days 00:00:29.315000,0 days 00:00:31.131000,0 days 00:00:24.618000,0 days 01:07:15.884000,0 days 01:07:47.015000,0 days 01:08:11.633000,289.0,234.0,255.0,315.0,False,SOFT,14.0,False,Audi,0 days 01:06:46.569000,2026-07-24 15:53:28.289,1,,,,False,True,FP2,29.5,23.5,30.0
0 days 01:09:36.913000,HUL,27,0 days 00:01:25.280000,24.0,5.0,,,0 days 00:00:29.378000,0 days 00:00:31.380000,0 days 00:00:24.522000,0 days 01:08:41.011000,0 days 01:09:12.391000,0 days 01:09:36.913000,282.0,232.0,260.0,314.0,False,SOFT,15.0,False,Audi,0 days 01:08:11.633000,2026-07-24 15:54:53.353,1,,,,False,True,FP2,29.5,23.5,30.0
0 days 01:11:04.855000,HUL,27,0 days 00:01:27.942000,25.0,5.0,,0 days 01:11:03.028000,0 days 00:00:29.499000,0 days 00:00:31.248000,0 days 00:00:27.195000,0 days 01:10:06.412000,0 days 01:10:37.660000,0 days 01:11:04.855000,294.0,235.0,,304.0,False,SOFT,16.0,False,Audi,0 days 01:09:36.913000,2026-07-24 15:56:18.633,1,,,,False,False,FP2,30.1,23.7,29.0
0 days 01:12:49.265000,HUL,27,0 days 00:01:44.410000,26.0,6.0,0 days 01:11:25.082000,,0 days 00:00:48.245000,0 days 00:00:31.698000,0 days 00:00:24.467000,0 days 01:11:53.100000,0 days 01:12:24.798000,0 days 01:12:49.265000,286.0,233.0,265.0,304.0,False,HARD,10.0,False,Audi,0 days 01:11:04.855000,2026-07-24 15:57:46.575,1,,,,False,False,FP2,30.1,23.7,29.0
0 days 01:14:13.627000,HUL,27,0 days 00:01:24.362000,27.0,6.0,,,0 days 00:00:29.230000,0 days 00:00:30.944000,0 days 00:00:24.188000,0 days 01:13:18.495000,0 days 01:13:49.439000,0 days 01:14:13.627000,274.0,234.0,260.0,325.0,False,HARD,11.0,False,Audi,0 days 01:12:49.265000,2026-07-24 15:59:30.985,1,,,,False,True,FP2,30.1,23.7,29.0
0 days 01:16:03.657000,HUL,27,0 days 00:01:50.030000,28.0,6.0,,,0 days 00:00:29.703000,0 days 00:00:35.726000,0 days 00:00:44.601000,0 days 01:14:43.330000,0 days 01:15:19.056000,0 days 01:16:03.657000,278.0,178.0,50.0,303.0,False,HARD,12.0,False,Audi,0 days 01:14:13.627000,2026-07-24 16:00:55.347,1,,,,False,True,FP2,30.1,23.7,29.0
0 days 01:18:20.731000,HUL,27,0 days 00:02:17.074000,29.0,6.0,,,0 days 00:00:55.517000,0 days 00:00:40.774000,0 days 00:00:40.783000,0 days 01:16:59.174000,0 days 01:17:39.948000,0 days 01:18:20.731000,244.0,168.0,47.0,259.0,False,HARD,13.0,False,Audi,0 days 01:16:03.657000,2026-07-24 16:02:45.377,1,,,,False,True,FP2,30.1,23.7,29.0
0 days 01:20:16.665000,HUL,27,0 days 00:01:55.934000,30.0,6.0,,0 days 01:20:14.848000,0 days 00:00:53.702000,0 days 00:00:34.877000,0 days 00:00:27.355000,0 days 01:19:14.433000,0 days 01:19:49.310000,0 days 01:20:16.665000,263.0,234.0,,253.0,False,HARD,14.0,False,Audi,0 days 01:18:20.731000,2026-07-24 16:05:02.451,1,,,,False,False,FP2,30.1,23.7,29.0
0 days 00:15:31.673000,LAW,30,,1.0,1.0,0 days 00:13:46.207000,,,0 days 00:00:35.076000,0 days 00:00:25.645000,,0 days 00:15:06.245000,0 days 00:15:31.755000,238.0,221.0,262.0,,False,HARD,1.0,True,Racing Bulls,0 days 00:13:46.207000,2026-07-24 15:00:27.927,1,,,,False,False,FP2,30.1,23.7,29.0
0 days 00:16:53.673000,LAW,30,0 days 00:01:22,2.0,1.0,,,0 days 00:00:28.760000,0 days 00:00:29.790000,0 days 00:00:23.450000,0 days 00:16:00.433000,0 days 00:16:30.223000,0 days 00:16:53.673000,299.0,250.0,258.0,319.0,True,HARD,2.0,True,Racing Bulls,0 days 00:15:31.673000,2026-07-24 15:02:13.393,1,,,,False,True,FP2,30.1,23.7,29.0
0 days 00:18:53.151000,LAW,30,0 days 00:01:59.478000,3.0,1.0,,0 days 00:18:51.393000,0 days 00:00:45.329000,0 days 00:00:41.031000,0 days 00:00:33.118000,0 days 00:17:39.002000,0 days 00:18:20.033000,0 days 00:18:53.151000,167.0,192.0,,205.0,False,HARD,3.0,True,Racing Bulls,0 days 00:16:53.673000,2026-07-24 15:03:35.393,1,,,,False,False,FP2,30.1,23.7,29.0
0 days 00:21:01.317000,LAW,30,0 days 00:02:08.166000,4.0,2.0,0 days 00:19:22.741000,,0 days 00:01:06.595000,0 days 00:00:35.707000,0 days 00:00:25.864000,0 days 00:19:59.746000,0 days 00:20:35.453000,0 days 00:21:01.317000,242.0,202.0,262.0,205.0,False,HARD,4.0,False,Racing Bulls,0 days 00:18:53.151000,2026-07-24 15:05:34.871,1,,,,False,False,FP2,29.2,23.7,29.0
0 days 00:22:22.784000,LAW,30,0 days 00:01:21.467000,5.0,2.0,,,0 days 00:00:28.292000,0 days 00:00:29.574000,0 days 00:00:23.601000,0 days 00:21:29.609000,0 days 00:21:59.183000,0 days 00:22:22.784000,293.0,251.0,260.0,320.0,True,HARD,5.0,False,Racing Bulls,0 days 00:21:01.317000,2026-07-24 15:07:43.037,1,,,,False,True,FP2,29.2,23.7,29.0
0 days 00:24:21.410000,LAW,30,0 days 00:01:58.626000,6.0,2.0,,,0 days 00:00:40.668000,0 days 00:00:44.035000,0 days 00:00:33.923000,0 days 00:23:03.452000,0 days 00:23:47.487000,0 days 00:24:21.410000,171.0,118.0,202.0,186.0,False,HARD,6.0,False,Racing Bulls,0 days 00:22:22.784000,2026-07-24 15:09:04.504,1,,,,False,True,FP2,29.2,23.7,29.0
0 days 00:26:05.213000,LAW,30,0 days 00:01:43.803000,7.0,2.0,,,0 days 00:00:40.296000,0 days 00:00:36.450000,0 days 00:00:27.057000,0 days 00:25:01.706000,0 days 00:25:38.156000,0 days 00:26:05.213000,150.0,212.0,265.0,250.0,False,HARD,7.0,False,Racing Bulls,0 days 00:24:21.410000,2026-07-24 15:11:03.130,1,,,,False,True,FP2,29.2,23.7,29.0
0 days 00:27:26.395000,LAW,30,0 days 00:01:21.182000,8.0,2.0,,,0 days 00:00:28.332000,0 days 00:00:29.464000,0 days 00:00:23.386000,0 days 00:26:33.545000,0 days 00:27:03.009000,0 days 00:27:26.395000,303.0,251.0,263.0,322.0,True,HARD,8.0,False,Racing Bulls,0 days 00:26:05.213000,2026-07-24 15:12:46.933,1,,,,False,True,FP2,29.2,23.7,29.0
0 days 00:29:14.199000,LAW,30,0 days 00:01:47.804000,9.0,2.0,,0 days 00:29:12.444000,0 days 00:00:39.238000,0 days 00:00:37.343000,0 days 00:00:31.223000,0 days 00:28:05.633000,0 days 00:28:42.976000,0 days 00:29:14.199000,193.0,123.0,,178.0,False,HARD,9.0,False,Racing Bulls,0 days 00:27:26.395000,2026-07-24 15:14:08.115,1,,,,False,False,FP2,29.2,23.7,29.0
0 days 00:37:08.740000,LAW,30,,10.0,3.0,0 days 00:35:32.083000,,,0 days 00:00:35.070000,0 days 00:00:25.214000,,0 days 00:36:43.766000,0 days 00:37:08.796000,232.0,211.0,264.0,178.0,False,SOFT,1.0,True,Racing Bulls,0 days 00:29:14.199000,2026-07-24 15:15:55.919,1,,,,False,False,FP2,29.2,23.7,29.0
0 days 00:38:29.110000,LAW,30,0 days 00:01:20.370000,11.0,3.0,,,0 days 00:00:28.171000,0 days 00:00:28.999000,0 days 00:00:23.200000,0 days 00:37:36.911000,0 days 00:38:05.910000,0 days 00:38:29.110000,295.0,254.0,261.0,321.0,True,SOFT,2.0,True,Racing Bulls,0 days 00:37:08.740000,2026-07-24 15:23:50.460,1,,,,False,True,FP2,29.2,23.7,29.0
0 days 00:40:12.652000,LAW,30,0 days 00:01:43.542000,12.0,3.0,,0 days 00:40:10.883000,0 days 00:00:38.936000,0 days 00:00:34.620000,0 days 00:00:29.986000,0 days 00:39:08.046000,0 days 00:39:42.666000,0 days 00:40:12.652000,196.0,209.0,,197.0,False,SOFT,3.0,True,Racing Bulls,0 days 00:38:29.110000,2026-07-24 15:25:10.830,1,,,,False,False,FP2,29.2,23.7,29.0
0 days 00:49:39.725000,LAW,30,,13.0,4.0,0 days 00:47:53.214000,,,0 days 00:00:34.534000,0 days 00:00:25.466000,,0 days 00:49:14.498000,0 days 00:49:39.802000,245.0,214.0,264.0,197.0,False,SOFT,4.0,False,Racing Bulls,0 days 00:47:53.214000,2026-07-24 15:34:34.934,1,,,,False,False,FP2,29.2,23.7,29.0
0 days 00:50:59.766000,LAW,30,0 days 00:01:20.041000,14.0,4.0,,,0 days 00:00:28.116000,0 days 00:00:28.838000,0 days 00:00:23.087000,0 days 00:50:07.841000,0 days 00:50:36.679000,0 days 00:50:59.766000,295.0,253.0,264.0,320.0,True,SOFT,5.0,False,Racing Bulls,0 days 00:49:39.725000,2026-07-24 15:36:21.445,1,,,,False,True,FP2,29.2,23.7,29.0
0 days 00:52:34.007000,LAW,30,0 days 00:01:34.241000,15.0,4.0,,0 days 00:52:32.267000,0 days 00:00:33.924000,0 days 00:00:33.283000,0 days 00:00:27.034000,0 days 00:51:33.690000,0 days 00:52:06.973000,0 days 00:52:34.007000,186.0,226.0,,235.0,False,SOFT,6.0,False,Racing Bulls,0 days 00:50:59.766000,2026-07-24 15:37:41.486,1,,,,False,False,FP2,29.2,23.7,29.0
0 days 00:58:46.311000,LAW,30,,16.0,5.0,0 days 00:56:56.361000,,,0 days 00:00:31.749000,0 days 00:00:24.479000,,0 days 00:58:22.081000,0 days 00:58:46.399000,271.0,240.0,259.0,235.0,False,HARD,10.0,False,Racing Bulls,0 days 00:52:34.007000,2026-07-24 15:39:15.727,1,,,,False,False,FP2,29.2,23.7,29.0
0 days 01:00:11.216000,LAW,30,0 days 00:01:24.905000,17.0,5.0,,,0 days 00:00:29.536000,0 days 00:00:31.101000,0 days 00:00:24.268000,0 days 00:59:15.847000,0 days 00:59:46.948000,0 days 01:00:11.216000,286.0,239.0,259.0,311.0,False,HARD,11.0,False,Racing Bulls,0 days 00:58:46.311000,2026-07-24 15:45:28.031,1,,,,False,True,FP2,29.2,23.7,29.0
0 days 01:01:36.480000,LAW,30,0 days 00:01:25.264000,18.0,5.0,,,0 days 00:00:29.694000,0 days 00:00:31.252000,0 days 00:00:24.318000,0 days 01:00:40.910000,0 days 01:01:12.162000,0 days 01:01:36.480000,285.0,240.0,258.0,309.0,False,HARD,12.0,False,Racing Bulls,0 days 01:00:11.216000,2026-07-24 15:46:52.936,1,,,,False,True,FP2,29.2,23.7,29.0
0 days 01:03:01.604000,LAW,30,0 days 00:01:25.124000,19.0,5.0,,,0 days 00:00:29.490000,0 days 00:00:31.197000,0 days 00:00:24.437000,0 days 01:02:05.970000,0 days 01:02:37.167000,0 days 01:03:01.604000,288.0,236.0,260.0,308.0,False,HARD,13.0,False,Racing Bulls,0 days 01:01:36.480000,2026-07-24 15:48:18.200,1,,,,False,True,FP2,29.2,23.7,29.0
0 days 01:04:32.234000,LAW,30,0 days 00:01:30.630000,20.0,5.0,,,0 days 00:00:29.514000,0 days 00:00:36.176000,0 days 00:00:24.940000,0 days 01:03:31.118000,0 days 01:04:07.294000,0 days 01:04:32.234000,290.0,225.0,255.0,312.0,False,HARD,14.0,False,Racing Bulls,0 days 01:03:01.604000,2026-07-24 15:49:43.324,1,,,,False,True,FP2,29.6,23.7,29.7
0 days 01:05:57.650000,LAW,30,0 days 00:01:25.416000,21.0,5.0,,,0 days 00:00:29.518000,0 days 00:00:31.358000,0 days 00:00:24.540000,0 days 01:05:01.752000,0 days 01:05:33.110000,0 days 01:05:57.650000,284.0,236.0,259.0,313.0,False,HARD,15.0,False,Racing Bulls,0 days 01:04:32.234000,2026-07-24 15:51:13.954,1,,,,False,True,FP2,29.6,23.7,29.7
0 days 01:07:23.420000,LAW,30,0 days 00:01:25.770000,22.0,5.0,,,0 days 00:00:29.457000,0 days 00:00:31.505000,0 days 00:00:24.808000,0 days 01:06:27.107000,0 days 01:06:58.612000,0 days 01:07:23.420000,290.0,237.0,251.0,313.0,False,HARD,16.0,False,Racing Bulls,0 days 01:05:57.650000,2026-07-24 15:52:39.370,1,,,,False,True,FP2,29.6,23.7,29.7
0 days 01:08:50.990000,LAW,30,0 days 00:01:27.570000,23.0,5.0,,,0 days 00:00:29.809000,0 days 00:00:32.404000,0 days 00:00:25.357000,0 days 01:07:53.229000,0 days 01:08:25.633000,0 days 01:08:50.990000,279.0,231.0,242.0,321.0,False,HARD,17.0,False,Racing Bulls,0 days 01:07:23.420000,2026-07-24 15:54:05.140,1,,,,False,True,FP2,29.6,23.7,29.7
0 days 01:10:29.105000,LAW,30,0 days 00:01:38.115000,24.0,5.0,,,0 days 00:00:39.427000,0 days 00:00:34.144000,0 days 00:00:24.544000,0 days 01:09:30.417000,0 days 01:10:04.561000,0 days 01:10:29.105000,193.0,239.0,260.0,211.0,False,HARD,18.0,False,Racing Bulls,0 days 01:08:50.990000,2026-07-24 15:55:32.710,1,,,,False,True,FP2,29.6,23.7,29.7
0 days 01:11:54.894000,LAW,30,0 days 00:01:25.789000,25.0,5.0,,,0 days 00:00:29.537000,0 days 00:00:31.564000,0 days 00:00:24.688000,0 days 01:10:58.642000,0 days 01:11:30.206000,0 days 01:11:54.894000,287.0,236.0,258.0,314.0,False,HARD,19.0,False,Racing Bulls,0 days 01:10:29.105000,2026-07-24 15:57:10.825,1,,,,False,True,FP2,29.6,23.7,29.7
0 days 01:13:20.665000,LAW,30,0 days 00:01:25.771000,26.0,5.0,,,0 days 00:00:29.650000,0 days 00:00:31.432000,0 days 00:00:24.689000,0 days 01:12:24.544000,0 days 01:12:55.976000,0 days 01:13:20.665000,289.0,234.0,254.0,313.0,False,HARD,20.0,False,Racing Bulls,0 days 01:11:54.894000,2026-07-24 15:58:36.614,1,,,,False,True,FP2,29.6,23.7,29.7
0 days 01:15:11.794000,LAW,30,0 days 00:01:51.129000,27.0,5.0,,,0 days 00:00:36.682000,0 days 00:00:40.164000,0 days 00:00:34.283000,0 days 01:13:57.347000,0 days 01:14:37.511000,0 days 01:15:11.794000,190.0,223.0,59.0,291.0,False,HARD,21.0,False,Racing Bulls,0 days 01:13:20.665000,2026-07-24 16:00:02.385,1,,,,False,True,FP2,29.3,23.7,30.2
0 days 01:17:22.893000,LAW,30,0 days 00:02:11.099000,28.0,5.0,,,0 days 00:01:00.510000,0 days 00:00:34.553000,0 days 00:00:36.036000,0 days 01:16:12.304000,0 days 01:16:46.857000,0 days 01:17:22.893000,273.0,210.0,60.0,253.0,False,HARD,22.0,False,Racing Bulls,0 days 01:15:11.794000,2026-07-24 16:01:53.514,1,,,,False,True,FP2,29.3,23.7,30.2
0 days 01:19:19.986000,LAW,30,0 days 00:01:57.093000,29.0,5.0,,0 days 01:19:18.105000,0 days 00:00:57.641000,0 days 00:00:31.968000,0 days 00:00:27.484000,0 days 01:18:20.534000,0 days 01:18:52.502000,0 days 01:19:19.986000,276.0,235.0,,253.0,False,HARD,23.0,False,Racing Bulls,0 days 01:17:22.893000,2026-07-24 16:04:04.613,1,,,,False,False,FP2,29.3,23.7,30.2
0 days 00:17:36.204000,OCO,31,,1.0,1.0,0 days 00:15:56.846000,,,0 days 00:00:36.863000,0 days 00:00:28.942000,,0 days 00:17:07.556000,0 days 00:17:36.289000,247.0,222.0,259.0,,False,MEDIUM,1.0,True,Haas F1 Team,0 days 00:15:56.846000,2026-07-24 15:02:38.566,1,,,,False,False,FP2,29.3,23.7,30.2
0 days 00:18:58.202000,OCO,31,0 days 00:01:21.998000,2.0,1.0,,,0 days 00:00:28.704000,0 days 00:00:29.773000,0 days 00:00:23.521000,0 days 00:18:04.908000,0 days 00:18:34.681000,0 days 00:18:58.202000,292.0,238.0,255.0,316.0,True,MEDIUM,2.0,True,Haas F1 Team,0 days 00:17:36.204000,2026-07-24 15:04:17.924,1,,,,False,True,FP2,29.3,23.7,30.2
0 days 00:21:00.277000,OCO,31,0 days 00:02:02.075000,3.0,1.0,,,0 days 00:00:41.413000,0 days 00:00:48.918000,0 days 00:00:31.744000,0 days 00:19:39.615000,0 days 00:20:28.533000,0 days 00:21:00.277000,165.0,182.0,189.0,211.0,False,MEDIUM,3.0,True,Haas F1 Team,0 days 00:18:58.202000,2026-07-24 15:05:39.922,1,,,,False,True,FP2,29.3,23.7,30.2
0 days 00:22:55.616000,OCO,31,0 days 00:01:55.339000,4.0,1.0,,,0 days 00:00:43.578000,0 days 00:00:43.959000,0 days 00:00:27.802000,0 days 00:21:43.855000,0 days 00:22:27.814000,0 days 00:22:55.616000,152.0,220.0,259.0,185.0,False,MEDIUM,4.0,True,Haas F1 Team,0 days 00:21:00.277000,2026-07-24 15:07:41.997,1,,,,False,True,FP2,29.3,23.7,30.2
0 days 00:24:18.307000,OCO,31,0 days 00:01:22.691000,5.0,1.0,,,0 days 00:00:29.088000,0 days 00:00:30.164000,0 days 00:00:23.439000,0 days 00:23:24.704000,0 days 00:23:54.868000,0 days 00:24:18.307000,294.0,240.0,258.0,317.0,False,MEDIUM,5.0,True,Haas F1 Team,0 days 00:22:55.616000,2026-07-24 15:09:37.336,1,,,,False,True,FP2,29.1,23.7,30.3
0 days 00:26:14.735000,OCO,31,0 days 00:01:56.428000,6.0,1.0,,0 days 00:26:12.977000,0 days 00:00:44.636000,0 days 00:00:41.261000,0 days 00:00:30.531000,0 days 00:25:02.943000,0 days 00:25:44.204000,0 days 00:26:14.735000,174.0,190.0,,172.0,False,MEDIUM,6.0,True,Haas F1 Team,0 days 00:24:18.307000,2026-07-24 15:11:00.027,1,,,,False,False,FP2,29.1,23.7,30.3
0 days 00:28:44.374000,OCO,31,0 days 00:02:29.639000,7.0,2.0,0 days 00:26:43.873000,,0 days 00:01:23.987000,0 days 00:00:38.955000,0 days 00:00:26.697000,0 days 00:27:38.722000,0 days 00:28:17.677000,0 days 00:28:44.374000,222.0,218.0,261.0,172.0,False,MEDIUM,7.0,False,Haas F1 Team,0 days 00:26:14.735000,2026-07-24 15:12:56.455,1,,,,False,False,FP2,29.1,23.7,30.3
0 days 00:30:05.982000,OCO,31,0 days 00:01:21.608000,8.0,2.0,,,0 days 00:00:28.619000,0 days 00:00:29.595000,0 days 00:00:23.394000,0 days 00:29:12.993000,0 days 00:29:42.588000,0 days 00:30:05.982000,281.0,241.0,255.0,318.0,True,MEDIUM,8.0,False,Haas F1 Team,0 days 00:28:44.374000,2026-07-24 15:15:26.094,1,,,,False,True,FP2,29.1,23.7,30.3
0 days 00:31:44.597000,OCO,31,0 days 00:01:38.615000,9.0,2.0,,0 days 00:31:42.849000,0 days 00:00:33.690000,0 days 00:00:35.348000,0 days 00:00:29.577000,0 days 00:30:39.672000,0 days 00:31:15.020000,0 days 00:31:44.597000,219.0,205.0,,278.0,False,MEDIUM,9.0,False,Haas F1 Team,0 days 00:30:05.982000,2026-07-24 15:16:47.702,1,,,,False,False,FP2,29.1,23.7,30.3
0 days 00:50:22.174000,OCO,31,,10.0,3.0,0 days 00:48:36,,,0 days 00:00:35.010000,0 days 00:00:25.321000,,0 days 00:49:56.958000,0 days 00:50:22.258000,247.0,221.0,266.0,278.0,False,SOFT,1.0,True,Haas F1 Team,0 days 00:48:36,2026-07-24 15:35:17.720,1,,,,False,False,FP2,29.1,23.7,30.3
0 days 00:51:42.731000,OCO,31,0 days 00:01:20.557000,11.0,3.0,,,0 days 00:00:28.256000,0 days 00:00:29.101000,0 days 00:00:23.200000,0 days 00:50:50.430000,0 days 00:51:19.531000,0 days 00:51:42.731000,287.0,250.0,259.0,323.0,True,SOFT,2.0,True,Haas F1 Team,0 days 00:50:22.174000,2026-07-24 15:37:03.894,1,,,,False,True,FP2,29.1,23.7,30.3
0 days 00:53:26.836000,OCO,31,0 days 00:01:44.105000,12.0,3.0,,0 days 00:53:25.058000,0 days 00:00:40.176000,0 days 00:00:35.360000,0 days 00:00:28.569000,0 days 00:52:22.907000,0 days 00:52:58.267000,0 days 00:53:26.836000,168.0,224.0,,275.0,False,SOFT,3.0,True,Haas F1 Team,0 days 00:51:42.731000,2026-07-24 15:38:24.451,1,,,,False,False,FP2,29.1,23.7,30.3
0 days 00:59:14.479000,OCO,31,,13.0,4.0,0 days 00:57:12.884000,,,0 days 00:00:32.487000,0 days 00:00:25.558000,,0 days 00:58:49.065000,0 days 00:59:14.605000,271.0,231.0,248.0,275.0,False,MEDIUM,10.0,False,Haas F1 Team,0 days 00:53:26.836000,2026-07-24 15:40:08.556,1,,,,False,False,FP2,29.1,23.7,30.3
0 days 01:00:39.924000,OCO,31,0 days 00:01:25.445000,14.0,4.0,,,0 days 00:00:29.602000,0 days 00:00:31.327000,0 days 00:00:24.516000,0 days 00:59:44.081000,0 days 01:00:15.408000,0 days 01:00:39.924000,279.0,235.0,255.0,309.0,False,MEDIUM,11.0,False,Haas F1 Team,0 days 00:59:14.479000,2026-07-24 15:45:56.199,1,,,,False,True,FP2,29.1,23.7,30.3
0 days 01:02:05.539000,OCO,31,0 days 00:01:25.615000,15.0,4.0,,,0 days 00:00:29.874000,0 days 00:00:31.259000,0 days 00:00:24.482000,0 days 01:01:09.798000,0 days 01:01:41.057000,0 days 01:02:05.539000,275.0,234.0,255.0,306.0,False,MEDIUM,12.0,False,Haas F1 Team,0 days 01:00:39.924000,2026-07-24 15:47:21.644,1,,,,False,True,FP2,29.5,23.8,30.3
0 days 01:03:31.339000,OCO,31,0 days 00:01:25.800000,16.0,4.0,,,0 days 00:00:29.821000,0 days 00:00:31.516000,0 days 00:00:24.463000,0 days 01:02:35.360000,0 days 01:03:06.876000,0 days 01:03:31.339000,275.0,232.0,254.0,304.0,False,MEDIUM,13.0,False,Haas F1 Team,0 days 01:02:05.539000,2026-07-24 15:48:47.259,1,,,,False,True,FP2,29.5,23.8,30.3
0 days 01:04:57.578000,OCO,31,0 days 00:01:26.239000,17.0,4.0,,,0 days 00:00:29.977000,0 days 00:00:31.679000,0 days 00:00:24.583000,0 days 01:04:01.316000,0 days 01:04:32.995000,0 days 01:04:57.578000,276.0,233.0,256.0,299.0,False,MEDIUM,14.0,False,Haas F1 Team,0 days 01:03:31.339000,2026-07-24 15:50:13.059,1,,,,False,True,FP2,29.5,23.8,30.3
0 days 01:06:27.965000,OCO,31,0 days 00:01:30.387000,18.0,4.0,,,0 days 00:00:29.976000,0 days 00:00:32.065000,0 days 00:00:28.346000,0 days 01:05:27.554000,0 days 01:05:59.619000,0 days 01:06:27.965000,279.0,227.0,254.0,318.0,False,MEDIUM,15.0,False,Haas F1 Team,0 days 01:04:57.578000,2026-07-24 15:51:39.298,1,,,,False,True,FP2,29.5,23.8,30.3
0 days 01:07:54.465000,OCO,31,0 days 00:01:26.500000,19.0,4.0,,,0 days 00:00:29.791000,0 days 00:00:31.819000,0 days 00:00:24.890000,0 days 01:06:57.756000,0 days 01:07:29.575000,0 days 01:07:54.465000,275.0,230.0,255.0,313.0,False,MEDIUM,16.0,False,Haas F1 Team,0 days 01:06:27.965000,2026-07-24 15:53:09.685,1,,,,False,True,FP2,29.5,23.8,30.3
0 days 01:09:20.947000,OCO,31,0 days 00:01:26.482000,20.0,4.0,,,0 days 00:00:29.754000,0 days 00:00:31.924000,0 days 00:00:24.804000,0 days 01:08:24.219000,0 days 01:08:56.143000,0 days 01:09:20.947000,277.0,229.0,254.0,315.0,False,MEDIUM,17.0,False,Haas F1 Team,0 days 01:07:54.465000,2026-07-24 15:54:36.185,1,,,,False,True,FP2,29.5,23.8,30.3
0 days 01:10:47.444000,OCO,31,0 days 00:01:26.497000,21.0,4.0,,,0 days 00:00:29.874000,0 days 00:00:31.811000,0 days 00:00:24.812000,0 days 01:09:50.821000,0 days 01:10:22.632000,0 days 01:10:47.444000,275.0,231.0,256.0,305.0,False,MEDIUM,18.0,False,Haas F1 Team,0 days 01:09:20.947000,2026-07-24 15:56:02.667,1,,,,False,True,FP2,29.5,23.8,30.3
0 days 01:12:14.106000,OCO,31,0 days 00:01:26.662000,22.0,4.0,,,0 days 00:00:29.933000,0 days 00:00:31.758000,0 days 00:00:24.971000,0 days 01:11:17.377000,0 days 01:11:49.135000,0 days 01:12:14.106000,276.0,235.0,255.0,304.0,False,MEDIUM,19.0,False,Haas F1 Team,0 days 01:10:47.444000,2026-07-24 15:57:29.164,1,,,,False,True,FP2,29.5,23.8,30.3
0 days 01:13:40.786000,OCO,31,0 days 00:01:26.680000,23.0,4.0,,,0 days 00:00:29.761000,0 days 00:00:31.976000,0 days 00:00:24.943000,0 days 01:12:43.867000,0 days 01:13:15.843000,0 days 01:13:40.786000,275.0,227.0,255.0,317.0,False,MEDIUM,20.0,False,Haas F1 Team,0 days 01:12:14.106000,2026-07-24 15:58:55.826,1,,,,False,True,FP2,29.5,23.8,30.3
0 days 01:15:43.467000,OCO,31,0 days 00:02:02.681000,24.0,4.0,,,0 days 00:00:37.717000,0 days 00:00:43.535000,0 days 00:00:41.429000,0 days 01:14:18.503000,0 days 01:15:02.038000,0 days 01:15:43.467000,159.0,155.0,61.0,266.0,False,MEDIUM,21.0,False,Haas F1 Team,0 days 01:13:40.786000,2026-07-24 16:00:22.506,1,,,,False,True,FP2,29.5,23.8,30.3
0 days 01:17:49.158000,OCO,31,0 days 00:02:05.691000,25.0,4.0,,,0 days 00:00:49.890000,0 days 00:00:36.213000,0 days 00:00:39.588000,0 days 01:16:33.357000,0 days 01:17:09.570000,0 days 01:17:49.158000,275.0,187.0,51.0,251.0,False,MEDIUM,22.0,False,Haas F1 Team,0 days 01:15:43.467000,2026-07-24 16:02:25.187,1,,,,False,True,FP2,29.1,23.8,30.6
0 days 01:19:43.493000,OCO,31,0 days 00:01:54.335000,26.0,4.0,,0 days 01:19:41.713000,0 days 00:00:51.908000,0 days 00:00:32.983000,0 days 00:00:29.444000,0 days 01:18:41.066000,0 days 01:19:14.049000,0 days 01:19:43.493000,274.0,221.0,,254.0,False,MEDIUM,23.0,False,Haas F1 Team,0 days 01:17:49.158000,2026-07-24 16:04:30.878,1,,,,False,False,FP2,29.1,23.8,30.6
0 days 00:16:04.561000,LIN,41,,1.0,1.0,0 days 00:14:07.848000,,,0 days 00:00:36.363000,0 days 00:00:25.753000,,0 days 00:15:39.101000,0 days 00:16:04.755000,210.0,219.0,260.0,,False,HARD,1.0,True,Racing Bulls,0 days 00:14:07.848000,2026-07-24 15:00:49.568,1,,,,False,False,FP2,29.1,23.8,30.6
0 days 00:17:26.408000,LIN,41,0 days 00:01:21.847000,2.0,1.0,,,0 days 00:00:28.710000,0 days 00:00:29.753000,0 days 00:00:23.384000,0 days 00:16:33.271000,0 days 00:17:03.024000,0 days 00:17:26.408000,297.0,251.0,265.0,316.0,True,HARD,2.0,True,Racing Bulls,0 days 00:16:04.561000,2026-07-24 15:02:46.281,1,,,,False,True,FP2,29.1,23.8,30.6
0 days 00:19:30.671000,LIN,41,0 days 00:02:04.263000,3.0,1.0,,,0 days 00:00:42.536000,0 days 00:00:49.802000,0 days 00:00:31.925000,0 days 00:18:08.944000,0 days 00:18:58.746000,0 days 00:19:30.671000,169.0,149.0,186.0,203.0,False,HARD,3.0,True,Racing Bulls,0 days 00:17:26.408000,2026-07-24 15:04:08.128,1,,,,False,True,FP2,29.1,23.8,30.6
0 days 00:21:18.744000,LIN,41,0 days 00:01:48.073000,4.0,1.0,,,0 days 00:00:37.779000,0 days 00:00:39.916000,0 days 00:00:30.378000,0 days 00:20:08.450000,0 days 00:20:48.366000,0 days 00:21:18.744000,195.0,211.0,263.0,255.0,False,HARD,4.0,True,Racing Bulls,0 days 00:19:30.671000,2026-07-24 15:06:12.391,1,,,,False,True,FP2,29.1,23.8,30.6
0 days 00:22:41.895000,LIN,41,0 days 00:01:23.151000,5.0,1.0,,,0 days 00:00:28.460000,0 days 00:00:29.510000,0 days 00:00:25.181000,0 days 00:21:47.204000,0 days 00:22:16.714000,0 days 00:22:41.895000,299.0,248.0,263.0,319.0,False,HARD,5.0,True,Racing Bulls,0 days 00:21:18.744000,2026-07-24 15:08:00.464,1,,,,False,True,FP2,29.5,23.7,31.0
0 days 00:24:40.979000,LIN,41,0 days 00:01:59.084000,6.0,1.0,,,0 days 00:00:46.409000,0 days 00:00:42.427000,0 days 00:00:30.248000,0 days 00:23:28.304000,0 days 00:24:10.731000,0 days 00:24:40.979000,194.0,159.0,197.0,220.0,False,HARD,6.0,True,Racing Bulls,0 days 00:22:41.895000,2026-07-24 15:09:23.615,1,,,,False,True,FP2,29.5,23.7,31.0
0 days 00:26:27.560000,LIN,41,0 days 00:01:46.581000,7.0,1.0,,,0 days 00:00:40.880000,0 days 00:00:35.321000,0 days 00:00:30.380000,0 days 00:25:21.859000,0 days 00:25:57.180000,0 days 00:26:27.560000,150.0,211.0,263.0,233.0,False,HARD,7.0,True,Racing Bulls,0 days 00:24:40.979000,2026-07-24 15:11:22.699,1,,,,False,True,FP2,29.5,23.7,31.0
0 days 00:27:48.932000,LIN,41,0 days 00:01:21.372000,8.0,1.0,,,0 days 00:00:28.329000,0 days 00:00:29.384000,0 days 00:00:23.659000,0 days 00:26:55.889000,0 days 00:27:25.273000,0 days 00:27:48.932000,296.0,247.0,266.0,320.0,True,HARD,8.0,True,Racing Bulls,0 days 00:26:27.560000,2026-07-24 15:13:09.280,1,,,,False,True,FP2,29.5,23.7,31.0
0 days 00:29:31.850000,LIN,41,0 days 00:01:42.918000,9.0,1.0,,0 days 00:29:30.030000,0 days 00:00:36.578000,0 days 00:00:36.962000,0 days 00:00:29.378000,0 days 00:28:25.510000,0 days 00:29:02.472000,0 days 00:29:31.850000,196.0,218.0,,230.0,False,HARD,9.0,True,Racing Bulls,0 days 00:27:48.932000,2026-07-24 15:14:30.652,1,,,,False,False,FP2,29.5,23.7,31.0
0 days 00:37:28.182000,LIN,41,,10.0,2.0,0 days 00:35:41.170000,,,0 days 00:00:35.446000,0 days 00:00:25.529000,,0 days 00:37:02.919000,0 days 00:37:28.416000,209.0,221.0,265.0,230.0,False,SOFT,1.0,True,Racing Bulls,0 days 00:29:31.850000,2026-07-24 15:16:13.570,1,,,,False,False,FP2,29.5,23.7,31.0
0 days 00:38:48.506000,LIN,41,0 days 00:01:20.324000,11.0,2.0,,,0 days 00:00:28.139000,0 days 00:00:28.727000,0 days 00:00:23.458000,0 days 00:37:56.321000,0 days 00:38:25.048000,0 days 00:38:48.506000,291.0,247.0,264.0,319.0,True,SOFT,2.0,True,Racing Bulls,0 days 00:37:28.182000,2026-07-24 15:24:09.902,1,,,,False,True,FP2,29.5,23.7,31.0
0 days 00:47:46.548000,LIN,41,,12.0,2.0,,0 days 00:40:49.391000,0 days 00:00:41.676000,0 days 00:00:46.333000,,0 days 00:39:30.391000,0 days 00:40:16.768000,,165.0,168.0,,225.0,False,SOFT,3.0,True,Racing Bulls,0 days 00:38:48.506000,2026-07-24 15:25:30.226,125,,,,False,False,FP2,29.5,23.7,31.0
0 days 00:49:31.916000,LIN,41,,13.0,3.0,0 days 00:47:46.548000,,,0 days 00:00:33.584000,0 days 00:00:25.028000,,0 days 00:49:06.986000,0 days 00:49:31.916000,228.0,229.0,265.0,225.0,False,SOFT,4.0,False,Racing Bulls,0 days 00:47:46.548000,2026-07-24 15:34:28.268,1,,,,False,False,FP2,29.5,23.7,31.0
0 days 00:50:52.169000,LIN,41,0 days 00:01:20.253000,14.0,3.0,,,0 days 00:00:28.033000,0 days 00:00:28.845000,0 days 00:00:23.375000,0 days 00:49:59.949000,0 days 00:50:28.794000,0 days 00:50:52.169000,293.0,248.0,268.0,321.0,True,SOFT,5.0,False,Racing Bulls,0 days 00:49:31.916000,2026-07-24 15:36:13.636,1,,,,False,True,FP2,28.9,23.8,30.7
0 days 00:52:26.891000,LIN,41,0 days 00:01:34.722000,15.0,3.0,,0 days 00:52:24.975000,0 days 00:00:33.374000,0 days 00:00:33.486000,0 days 00:00:27.862000,0 days 00:51:25.543000,0 days 00:51:59.029000,0 days 00:52:26.891000,238.0,225.0,,237.0,False,SOFT,6.0,False,Racing Bulls,0 days 00:50:52.169000,2026-07-24 15:37:33.889,1,,,,False,False,FP2,28.9,23.8,30.7
0 days 00:59:38.790000,LIN,41,,16.0,4.0,0 days 00:57:35.902000,,,0 days 00:00:32.469000,0 days 00:00:24.507000,,0 days 00:59:14.372000,0 days 00:59:38.895000,267.0,236.0,257.0,237.0,False,HARD,10.0,False,Racing Bulls,0 days 00:52:26.891000,2026-07-24 15:39:08.611,1,,,,False,False,FP2,28.9,23.8,30.7
0 days 01:01:06.451000,LIN,41,0 days 00:01:27.661000,17.0,4.0,,,0 days 00:00:30.838000,0 days 00:00:32.197000,0 days 00:00:24.626000,0 days 01:00:09.628000,0 days 01:00:41.825000,0 days 01:01:06.451000,279.0,235.0,258.0,313.0,False,HARD,11.0,False,Racing Bulls,0 days 00:59:38.790000,2026-07-24 15:46:20.510,1,,,,False,True,FP2,28.9,23.8,30.7
0 days 01:02:33.335000,LIN,41,0 days 00:01:26.884000,18.0,4.0,,,0 days 00:00:30.032000,0 days 00:00:31.481000,0 days 00:00:25.371000,0 days 01:01:36.483000,0 days 01:02:07.964000,0 days 01:02:33.335000,287.0,235.0,257.0,290.0,False,HARD,12.0,False,Racing Bulls,0 days 01:01:06.451000,2026-07-24 15:47:48.171,1,,,,False,True,FP2,28.9,23.8,30.7
0 days 01:03:58.993000,LIN,41,0 days 00:01:25.658000,19.0,4.0,,,0 days 00:00:29.727000,0 days 00:00:31.421000,0 days 00:00:24.510000,0 days 01:03:03.062000,0 days 01:03:34.483000,0 days 01:03:58.993000,284.0,235.0,260.0,314.0,False,HARD,13.0,False,Racing Bulls,0 days 01:02:33.335000,2026-07-24 15:49:15.055,1,,,,False,True,FP2,28.9,23.8,30.7
0 days 01:05:24.728000,LIN,41,0 days 00:01:25.735000,20.0,4.0,,,0 days 00:00:29.750000,0 days 00:00:31.366000,0 days 00:00:24.619000,0 days 01:04:28.743000,0 days 01:05:00.109000,0 days 01:05:24.728000,287.0,235.0,259.0,302.0,False,HARD,14.0,False,Racing Bulls,0 days 01:03:58.993000,2026-07-24 15:50:40.713,1,,,,False,True,FP2,28.9,23.8,30.7
0 days 01:06:50.506000,LIN,41,0 days 00:01:25.778000,21.0,4.0,,,0 days 00:00:29.768000,0 days 00:00:31.396000,0 days 00:00:24.614000,0 days 01:05:54.496000,0 days 01:06:25.892000,0 days 01:06:50.506000,292.0,232.0,258.0,304.0,False,HARD,15.0,False,Racing Bulls,0 days 01:05:24.728000,2026-07-24 15:52:06.448,1,,,,False,True,FP2,28.9,23.8,30.7
0 days 01:08:16.355000,LIN,41,0 days 00:01:25.849000,22.0,4.0,,,0 days 00:00:29.720000,0 days 00:00:31.486000,0 days 00:00:24.643000,0 days 01:07:20.226000,0 days 01:07:51.712000,0 days 01:08:16.355000,283.0,234.0,258.0,301.0,False,HARD,16.0,False,Racing Bulls,0 days 01:06:50.506000,2026-07-24 15:53:32.226,1,,,,False,True,FP2,28.9,23.8,30.7
0 days 01:09:42.213000,LIN,41,0 days 00:01:25.858000,23.0,4.0,,,0 days 00:00:29.693000,0 days 00:00:31.415000,0 days 00:00:24.750000,0 days 01:08:46.048000,0 days 01:09:17.463000,0 days 01:09:42.213000,289.0,235.0,257.0,302.0,False,HARD,17.0,False,Racing Bulls,0 days 01:08:16.355000,2026-07-24 15:54:58.075,1,,,,False,True,FP2,28.9,23.8,30.7
0 days 01:11:08.443000,LIN,41,0 days 00:01:26.230000,24.0,4.0,,,0 days 00:00:29.878000,0 days 00:00:31.681000,0 days 00:00:24.671000,0 days 01:10:12.091000,0 days 01:10:43.772000,0 days 01:11:08.443000,289.0,233.0,258.0,306.0,False,HARD,18.0,False,Racing Bulls,0 days 01:09:42.213000,2026-07-24 15:56:23.933,1,,,,False,True,FP2,28.9,23.8,30.7
0 days 01:12:35.096000,LIN,41,0 days 00:01:26.653000,25.0,4.0,,,0 days 00:00:30.004000,0 days 00:00:31.825000,0 days 00:00:24.824000,0 days 01:11:38.447000,0 days 01:12:10.272000,0 days 01:12:35.096000,289.0,235.0,258.0,303.0,False,HARD,19.0,False,Racing Bulls,0 days 01:11:08.443000,2026-07-24 15:57:50.163,1,,,,False,True,FP2,28.9,23.8,30.7
0 days 01:14:01.108000,LIN,41,0 days 00:01:26.012000,26.0,4.0,,,0 days 00:00:29.783000,0 days 00:00:31.560000,0 days 00:00:24.669000,0 days 01:13:04.879000,0 days 01:13:36.439000,0 days 01:14:01.108000,288.0,234.0,258.0,303.0,False,HARD,20.0,False,Racing Bulls,0 days 01:12:35.096000,2026-07-24 15:59:16.816,1,,,,False,True,FP2,28.9,23.8,30.7
0 days 01:16:40.925000,LIN,41,,27.0,4.0,,,0 days 00:00:33.895000,0 days 00:00:37.164000,0 days 00:01:28.727000,0 days 01:14:35.225000,0 days 01:15:12.305000,0 days 01:16:41.037000,186.0,203.0,62.0,308.0,False,HARD,21.0,False,Racing Bulls,0 days 01:14:01.108000,2026-07-24 16:00:42.828,1,,,,False,False,FP2,28.9,23.8,30.7
0 days 01:18:29.925000,LIN,41,0 days 00:01:49,28.0,4.0,,,0 days 00:00:34.970000,0 days 00:00:35.102000,0 days 00:00:38.928000,0 days 01:17:15.895000,0 days 01:17:50.997000,0 days 01:18:29.925000,221.0,195.0,63.0,237.0,False,HARD,22.0,False,Racing Bulls,0 days 01:16:40.925000,2026-07-24 16:03:22.645,1,,,,False,True,FP2,28.9,23.8,31.0
0 days 01:20:35.427000,LIN,41,0 days 00:02:05.502000,29.0,4.0,,0 days 01:20:33.509000,0 days 00:01:03.435000,0 days 00:00:34.636000,0 days 00:00:27.431000,0 days 01:19:33.360000,0 days 01:20:07.996000,0 days 01:20:35.427000,197.0,230.0,,255.0,False,HARD,23.0,False,Racing Bulls,0 days 01:18:29.925000,2026-07-24 16:05:11.645,1,,,,False,False,FP2,28.9,23.8,31.0
0 days 00:15:08.082000,COL,43,,1.0,1.0,0 days 00:13:25.681000,,,0 days 00:00:36.741000,0 days 00:00:25.850000,,0 days 00:14:42.472000,0 days 00:15:08.157000,231.0,217.0,259.0,,False,MEDIUM,1.0,True,Alpine,0 days 00:13:25.681000,2026-07-24 15:00:07.401,1,,,,False,False,FP2,28.9,23.8,31.0
0 days 00:16:31.635000,COL,43,0 days 00:01:23.553000,2.0,1.0,,,0 days 00:00:28.904000,0 days 00:00:30.564000,0 days 00:00:24.085000,0 days 00:15:36.986000,0 days 00:16:07.550000,0 days 00:16:31.635000,286.0,242.0,241.0,323.0,True,MEDIUM,2.0,True,Alpine,0 days 00:15:08.082000,2026-07-24 15:01:49.802,1,,,,False,True,FP2,28.9,23.8,31.0
0 days 00:18:46.152000,COL,43,0 days 00:02:14.517000,3.0,1.0,,,0 days 00:00:49.825000,0 days 00:00:50.866000,0 days 00:00:33.826000,0 days 00:17:21.460000,0 days 00:18:12.326000,0 days 00:18:46.152000,126.0,150.0,175.0,229.0,False,MEDIUM,3.0,True,Alpine,0 days 00:16:31.635000,2026-07-24 15:03:13.355,1,,,,False,True,FP2,28.9,23.8,31.0
0 days 00:20:31.468000,COL,43,0 days 00:01:45.316000,4.0,1.0,,,0 days 00:00:37.290000,0 days 00:00:36.715000,0 days 00:00:31.311000,0 days 00:19:23.442000,0 days 00:20:00.157000,0 days 00:20:31.468000,145.0,209.0,250.0,241.0,False,MEDIUM,4.0,True,Alpine,0 days 00:18:46.152000,2026-07-24 15:05:27.872,1,,,,False,True,FP2,28.9,23.8,31.0
0 days 00:21:53.999000,COL,43,0 days 00:01:22.531000,5.0,1.0,,,0 days 00:00:28.744000,0 days 00:00:30.085000,0 days 00:00:23.702000,0 days 00:21:00.212000,0 days 00:21:30.297000,0 days 00:21:53.999000,289.0,246.0,248.0,319.0,True,MEDIUM,5.0,True,Alpine,0 days 00:20:31.468000,2026-07-24 15:07:13.188,1,,,,False,True,FP2,28.9,23.8,31.0
0 days 00:23:58.006000,COL,43,0 days 00:02:04.007000,6.0,1.0,,,0 days 00:00:38.616000,0 days 00:00:49.780000,0 days 00:00:35.611000,0 days 00:22:32.615000,0 days 00:23:22.395000,0 days 00:23:58.006000,163.0,127.0,167.0,214.0,False,MEDIUM,6.0,True,Alpine,0 days 00:21:53.999000,2026-07-24 15:08:35.719,1,,,,False,True,FP2,28.9,23.8,31.0
0 days 00:25:49.166000,COL,43,0 days 00:01:51.160000,7.0,1.0,,,0 days 00:00:44.599000,0 days 00:00:37.153000,0 days 00:00:29.408000,0 days 00:24:42.605000,0 days 00:25:19.758000,0 days 00:25:49.166000,185.0,207.0,256.0,239.0,False,MEDIUM,7.0,True,Alpine,0 days 00:23:58.006000,2026-07-24 15:10:39.726,1,,,,False,True,FP2,28.6,23.9,30.8
0 days 00:27:11.271000,COL,43,0 days 00:01:22.105000,8.0,1.0,,,0 days 00:00:28.650000,0 days 00:00:29.904000,0 days 00:00:23.551000,0 days 00:26:17.816000,0 days 00:26:47.720000,0 days 00:27:11.271000,291.0,245.0,248.0,319.0,False,MEDIUM,8.0,True,Alpine,0 days 00:25:49.166000,2026-07-24 15:12:30.886,1,,,,False,True,FP2,28.6,23.9,30.8
0 days 00:29:01.868000,COL,43,0 days 00:01:50.597000,9.0,1.0,,0 days 00:29:00.063000,0 days 00:00:36.976000,0 days 00:00:42.324000,0 days 00:00:31.297000,0 days 00:27:48.247000,0 days 00:28:30.571000,0 days 00:29:01.868000,197.0,200.0,,225.0,False,MEDIUM,9.0,True,Alpine,0 days 00:27:11.271000,2026-07-24 15:13:52.991,1,,,,False,False,FP2,28.6,23.9,30.8
0 days 00:39:12.915000,COL,43,,10.0,2.0,0 days 00:37:29.604000,,,0 days 00:00:35.372000,0 days 00:00:25.532000,,0 days 00:38:47.483000,0 days 00:39:12.915000,240.0,217.0,258.0,225.0,False,SOFT,1.0,True,Alpine,0 days 00:29:01.868000,2026-07-24 15:15:43.588,1,,,,False,False,FP2,28.6,23.9,30.8
0 days 00:45:43.456000,COL,43,,11.0,2.0,,0 days 00:45:43.456000,0 days 00:00:28.221000,0 days 00:00:29.507000,,0 days 00:39:41.207000,0 days 00:40:10.765000,,293.0,252.0,,322.0,False,SOFT,2.0,True,Alpine,0 days 00:39:12.915000,2026-07-24 15:25:54.635,125,,,,False,False,FP2,28.6,23.9,30.8
0 days 00:16:13.102000,HAM,44,,1.0,1.0,0 days 00:13:57.397000,,,0 days 00:00:33.781000,0 days 00:00:30.751000,,0 days 00:15:42.601000,0 days 00:16:13.219000,251.0,222.0,263.0,,False,MEDIUM,1.0,True,Ferrari,0 days 00:13:57.397000,2026-07-24 15:00:39.117,1,,,,False,False,FP2,28.6,23.9,30.8
0 days 00:17:32.750000,HAM,44,0 days 00:01:19.648000,2.0,1.0,,,0 days 00:00:27.952000,0 days 00:00:28.947000,0 days 00:00:22.749000,0 days 00:16:41.054000,0 days 00:17:10.001000,0 days 00:17:32.750000,293.0,250.0,249.0,319.0,True,MEDIUM,2.0,True,Ferrari,0 days 00:16:13.102000,2026-07-24 15:02:54.822,1,,,,False,True,FP2,28.6,23.9,30.8
0 days 00:20:02.303000,HAM,44,0 days 00:02:29.553000,3.0,1.0,,,0 days 00:00:59.445000,0 days 00:00:59.713000,0 days 00:00:30.395000,0 days 00:18:32.195000,0 days 00:19:31.908000,0 days 00:20:02.303000,159.0,122.0,265.0,165.0,False,MEDIUM,3.0,True,Ferrari,0 days 00:17:32.750000,2026-07-24 15:04:14.470,1,,,,False,True,FP2,28.6,23.9,30.8
0 days 00:21:34.151000,HAM,44,0 days 00:01:31.848000,4.0,1.0,,,0 days 00:00:27.926000,0 days 00:00:29.176000,0 days 00:00:34.746000,0 days 00:20:30.229000,0 days 00:20:59.405000,0 days 00:21:34.151000,299.0,250.0,159.0,319.0,False,MEDIUM,4.0,True,Ferrari,0 days 00:20:02.303000,2026-07-24 15:06:44.023,1,,,,False,True,FP2,28.6,23.9,30.8
0 days 00:23:38.957000,HAM,44,0 days 00:02:04.806000,5.0,1.0,,,0 days 00:00:52.593000,0 days 00:00:39.893000,0 days 00:00:32.320000,0 days 00:22:26.744000,0 days 00:23:06.637000,0 days 00:23:38.957000,208.0,210.0,263.0,186.0,False,MEDIUM,5.0,True,Ferrari,0 days 00:21:34.151000,2026-07-24 15:08:15.871,1,,,,False,True,FP2,28.6,23.9,30.8
0 days 00:24:58.542000,HAM,44,0 days 00:01:19.585000,6.0,1.0,,,0 days 00:00:27.931000,0 days 00:00:28.877000,0 days 00:00:22.777000,0 days 00:24:06.888000,0 days 00:24:35.765000,0 days 00:24:58.542000,301.0,247.0,258.0,318.0,True,MEDIUM,6.0,True,Ferrari,0 days 00:23:38.957000,2026-07-24 15:10:20.677,1,,,,False,True,FP2,28.6,23.9,30.8
0 days 00:27:46.283000,HAM,44,,7.0,1.0,,,0 days 00:00:53.568000,0 days 00:01:19.032000,0 days 00:00:35.047000,0 days 00:25:52.313000,0 days 00:27:11.271000,0 days 00:27:46.324000,80.0,89.0,264.0,280.0,False,MEDIUM,7.0,True,Ferrari,0 days 00:24:58.542000,2026-07-24 15:11:40.262,1,,,,False,False,FP2,28.6,23.9,30.8
0 days 00:29:05.935000,HAM,44,0 days 00:01:19.652000,8.0,1.0,,,0 days 00:00:27.972000,0 days 00:00:28.868000,0 days 00:00:22.812000,0 days 00:28:14.255000,0 days 00:28:43.123000,0 days 00:29:05.935000,298.0,247.0,261.0,320.0,False,MEDIUM,8.0,True,Ferrari,0 days 00:27:46.283000,2026-07-24 15:14:28.003,1,,,,False,True,FP2,28.7,23.8,30.6
0 days 00:30:34.941000,HAM,44,0 days 00:01:29.006000,9.0,1.0,,0 days 00:30:33.101000,0 days 00:00:29.684000,0 days 00:00:30.368000,0 days 00:00:28.954000,0 days 00:29:35.619000,0 days 00:30:05.987000,0 days 00:30:34.941000,255.0,237.0,,288.0,False,MEDIUM,9.0,True,Ferrari,0 days 00:29:05.935000,2026-07-24 15:15:47.655,1,,,,False,False,FP2,28.7,23.8,30.6
0 days 00:48:55.016000,HAM,44,,10.0,2.0,0 days 00:38:44.884000,0 days 00:40:57.569000,,0 days 00:00:36.993000,,,0 days 00:40:15.713000,,269.0,214.0,,,False,SOFT,1.0,True,Ferrari,0 days 00:30:34.941000,2026-07-24 15:17:16.661,125,,,,False,False,FP2,28.7,23.8,30.6
0 days 00:50:40.033000,HAM,44,,11.0,3.0,0 days 00:48:55.016000,,,0 days 00:00:32.869000,0 days 00:00:25.358000,,0 days 00:50:14.961000,0 days 00:50:40.133000,211.0,225.0,263.0,288.0,False,SOFT,2.0,False,Ferrari,0 days 00:48:55.016000,2026-07-24 15:35:36.736,1,,,,False,False,FP2,28.7,23.8,30.6
0 days 00:52:13.928000,HAM,44,0 days 00:01:33.895000,12.0,3.0,,,0 days 00:00:31.966000,0 days 00:00:34.589000,0 days 00:00:27.340000,0 days 00:51:11.999000,0 days 00:51:46.588000,0 days 00:52:13.928000,268.0,225.0,266.0,313.0,False,SOFT,3.0,False,Ferrari,0 days 00:50:40.033000,2026-07-24 15:37:21.753,1,,,,False,True,FP2,28.7,23.8,30.6
0 days 00:53:32.842000,HAM,44,0 days 00:01:18.914000,13.0,3.0,,,0 days 00:00:27.595000,0 days 00:00:28.590000,0 days 00:00:22.729000,0 days 00:52:41.523000,0 days 00:53:10.113000,0 days 00:53:32.842000,296.0,250.0,258.0,320.0,True,SOFT,4.0,False,Ferrari,0 days 00:52:13.928000,2026-07-24 15:38:55.648,1,,,,False,True,FP2,28.7,23.8,30.6
0 days 00:56:16.229000,HAM,44,,14.0,3.0,,,0 days 00:01:04.206000,0 days 00:01:13.282000,0 days 00:00:25.813000,0 days 00:54:37.298000,0 days 00:55:50.460000,0 days 00:56:16.298000,69.0,174.0,264.0,224.0,False,SOFT,5.0,False,Ferrari,0 days 00:53:32.842000,2026-07-24 15:40:14.562,1,,,,False,False,FP2,28.7,23.8,30.6
0 days 00:57:34.958000,HAM,44,0 days 00:01:18.729000,15.0,3.0,,,0 days 00:00:27.673000,0 days 00:00:28.449000,0 days 00:00:22.607000,0 days 00:56:43.902000,0 days 00:57:12.351000,0 days 00:57:34.958000,293.0,249.0,262.0,321.0,True,SOFT,6.0,False,Ferrari,0 days 00:56:16.229000,2026-07-24 15:42:57.949,1,,,,False,True,FP2,28.7,23.8,30.6
0 days 00:59:01.699000,HAM,44,0 days 00:01:26.741000,16.0,3.0,,0 days 00:58:59.932000,0 days 00:00:30.184000,0 days 00:00:29.853000,0 days 00:00:26.704000,0 days 00:58:05.142000,0 days 00:58:34.995000,0 days 00:59:01.699000,259.0,236.0,,289.0,False,SOFT,7.0,False,Ferrari,0 days 00:57:34.958000,2026-07-24 15:44:16.678,1,,,,False,False,FP2,28.7,23.8,30.6
0 days 01:06:08.334000,HAM,44,,17.0,4.0,0 days 01:04:09.326000,,,0 days 00:00:34.611000,0 days 00:00:26.469000,,0 days 01:05:41.985000,0 days 01:06:08.334000,291.0,225.0,255.0,289.0,False,MEDIUM,10.0,False,Ferrari,0 days 00:59:01.699000,2026-07-24 15:45:43.419,1,,,,False,False,FP2,28.7,23.8,30.6
0 days 01:07:32.768000,HAM,44,0 days 00:01:24.434000,18.0,4.0,,,0 days 00:00:29.390000,0 days 00:00:31.004000,0 days 00:00:24.040000,0 days 01:06:37.724000,0 days 01:07:08.728000,0 days 01:07:32.768000,276.0,236.0,255.0,307.0,False,MEDIUM,11.0,False,Ferrari,0 days 01:06:08.334000,2026-07-24 15:52:50.054,1,,,,False,True,FP2,28.7,23.8,30.6
0 days 01:09:00.125000,HAM,44,0 days 00:01:27.357000,19.0,4.0,,,0 days 00:00:30.698000,0 days 00:00:32.256000,0 days 00:00:24.403000,0 days 01:08:03.466000,0 days 01:08:35.722000,0 days 01:09:00.125000,262.0,232.0,252.0,305.0,False,MEDIUM,12.0,False,Ferrari,0 days 01:07:32.768000,2026-07-24 15:54:14.488,1,,,,False,True,FP2,28.7,23.8,30.6
0 days 01:10:24.736000,HAM,44,0 days 00:01:24.611000,20.0,4.0,,,0 days 00:00:29.259000,0 days 00:00:30.978000,0 days 00:00:24.374000,0 days 01:09:29.384000,0 days 01:10:00.362000,0 days 01:10:24.736000,277.0,234.0,255.0,309.0,False,MEDIUM,13.0,False,Ferrari,0 days 01:09:00.125000,2026-07-24 15:55:41.845,1,,,,False,True,FP2,28.7,23.8,30.6
0 days 01:11:49.545000,HAM,44,0 days 00:01:24.809000,21.0,4.0,,,0 days 00:00:29.097000,0 days 00:00:31.180000,0 days 00:00:24.532000,0 days 01:10:53.833000,0 days 01:11:25.013000,0 days 01:11:49.545000,279.0,233.0,253.0,313.0,False,MEDIUM,14.0,False,Ferrari,0 days 01:10:24.736000,2026-07-24 15:57:06.456,1,,,,False,True,FP2,28.7,23.8,30.6
0 days 01:13:14.715000,HAM,44,0 days 00:01:25.170000,22.0,4.0,,,0 days 00:00:29.308000,0 days 00:00:31.512000,0 days 00:00:24.350000,0 days 01:12:18.853000,0 days 01:12:50.365000,0 days 01:13:14.715000,285.0,236.0,257.0,310.0,False,MEDIUM,15.0,False,Ferrari,0 days 01:11:49.545000,2026-07-24 15:58:31.265,1,,,,False,True,FP2,28.7,23.8,30.6
0 days 01:14:39.870000,HAM,44,0 days 00:01:25.155000,23.0,4.0,,,0 days 00:00:29.325000,0 days 00:00:31.444000,0 days 00:00:24.386000,0 days 01:13:44.040000,0 days 01:14:15.484000,0 days 01:14:39.870000,274.0,231.0,255.0,327.0,False,MEDIUM,16.0,False,Ferrari,0 days 01:13:14.715000,2026-07-24 15:59:56.435,1,,,,False,True,FP2,28.9,23.6,30.7
0 days 01:16:41.457000,HAM,44,0 days 00:02:01.587000,24.0,4.0,,,0 days 00:00:39.289000,0 days 00:00:41.219000,0 days 00:00:41.079000,0 days 01:15:19.159000,0 days 01:16:00.378000,0 days 01:16:41.457000,174.0,179.0,61.0,304.0,False,MEDIUM,17.0,False,Ferrari,0 days 01:14:39.870000,2026-07-24 16:01:21.590,1,,,,False,True,FP2,28.9,23.6,30.7
0 days 01:19:17.207000,HAM,44,,25.0,4.0,,,0 days 00:01:01.170000,0 days 00:00:36.159000,0 days 00:00:58.462000,0 days 01:17:42.721000,0 days 01:18:18.964000,0 days 01:19:17.371000,220.0,220.0,4.0,255.0,False,MEDIUM,18.0,False,Ferrari,0 days 01:16:41.457000,2026-07-24 16:03:23.177,1,,,,False,False,FP2,28.9,23.6,30.7
0 days 01:20:51.717000,HAM,44,0 days 00:01:34.510000,26.0,4.0,,0 days 01:20:49.912000,0 days 00:00:32.354000,0 days 00:00:31.397000,0 days 00:00:30.759000,0 days 01:19:49.561000,0 days 01:20:20.958000,0 days 01:20:51.717000,265.0,231.0,,261.0,False,MEDIUM,19.0,False,Ferrari,0 days 01:19:17.207000,2026-07-24 16:05:58.927,1,,,,False,False,FP2,28.9,23.6,30.7
0 days 00:17:55.892000,SAI,55,,1.0,1.0,0 days 00:16:23.739000,,,0 days 00:00:33.017000,0 days 00:00:25.708000,,0 days 00:17:30.419000,0 days 00:17:56.141000,256.0,215.0,262.0,,False,HARD,1.0,True,Williams,0 days 00:16:23.739000,2026-07-24 15:03:05.459,1,,,,False,False,FP2,28.9,23.6,30.7
0 days 00:19:19.360000,SAI,55,0 days 00:01:23.468000,2.0,1.0,,,0 days 00:00:29.147000,0 days 00:00:30.286000,0 days 00:00:24.035000,0 days 00:18:25.039000,0 days 00:18:55.325000,0 days 00:19:19.360000,292.0,243.0,256.0,316.0,True,HARD,2.0,True,Williams,0 days 00:17:55.892000,2026-07-24 15:04:37.612,1,,,,False,True,FP2,28.9,23.6,30.7
0 days 00:21:12.886000,SAI,55,0 days 00:01:53.526000,3.0,1.0,,,0 days 00:00:41.566000,0 days 00:00:46.106000,0 days 00:00:25.854000,0 days 00:20:00.926000,0 days 00:20:47.032000,0 days 00:21:12.886000,149.0,216.0,263.0,193.0,False,HARD,3.0,True,Williams,0 days 00:19:19.360000,2026-07-24 15:06:01.080,1,,,,False,True,FP2,28.9,23.6,30.7
0 days 00:22:36.077000,SAI,55,0 days 00:01:23.191000,4.0,1.0,,,0 days 00:00:28.808000,0 days 00:00:30.359000,0 days 00:00:24.024000,0 days 00:21:41.694000,0 days 00:22:12.053000,0 days 00:22:36.077000,296.0,234.0,252.0,318.0,True,HARD,4.0,True,Williams,0 days 00:21:12.886000,2026-07-24 15:07:54.606,1,,,,False,True,FP2,28.9,23.6,30.7
0 days 00:24:45.964000,SAI,55,0 days 00:02:09.887000,5.0,1.0,,,0 days 00:00:53.026000,0 days 00:00:46.989000,0 days 00:00:29.872000,0 days 00:23:29.103000,0 days 00:24:16.092000,0 days 00:24:45.964000,136.0,212.0,263.0,171.0,False,HARD,5.0,True,Williams,0 days 00:22:36.077000,2026-07-24 15:09:17.797,1,,,,False,True,FP2,28.9,23.6,30.7
0 days 00:26:21.125000,SAI,55,0 days 00:01:35.161000,6.0,1.0,,,0 days 00:00:29.106000,0 days 00:00:39.609000,0 days 00:00:26.446000,0 days 00:25:15.070000,0 days 00:25:54.679000,0 days 00:26:21.125000,259.0,207.0,261.0,316.0,False,HARD,6.0,True,Williams,0 days 00:24:45.964000,2026-07-24 15:11:27.684,1,,,,False,True,FP2,28.5,23.5,30.8
0 days 00:27:44.059000,SAI,55,0 days 00:01:22.934000,7.0,1.0,,,0 days 00:00:28.772000,0 days 00:00:30.065000,0 days 00:00:24.097000,0 days 00:26:49.897000,0 days 00:27:19.962000,0 days 00:27:44.059000,292.0,238.0,256.0,314.0,True,HARD,7.0,True,Williams,0 days 00:26:21.125000,2026-07-24 15:13:02.845,1,,,,False,True,FP2,28.5,23.5,30.8
0 days 00:29:49.413000,SAI,55,0 days 00:02:05.354000,8.0,1.0,,,0 days 00:00:54.346000,0 days 00:00:44.748000,0 days 00:00:26.260000,0 days 00:28:38.405000,0 days 00:29:23.153000,0 days 00:29:49.413000,158.0,210.0,263.0,158.0,False,HARD,8.0,True,Williams,0 days 00:27:44.059000,2026-07-24 15:14:25.779,1,,,,False,True,FP2,28.5,23.5,30.8
0 days 00:31:12.989000,SAI,55,0 days 00:01:23.576000,9.0,1.0,,,0 days 00:00:28.984000,0 days 00:00:30.290000,0 days 00:00:24.302000,0 days 00:30:18.397000,0 days 00:30:48.687000,0 days 00:31:12.989000,293.0,237.0,254.0,317.0,False,HARD,9.0,True,Williams,0 days 00:29:49.413000,2026-07-24 15:16:31.133,1,,,,False,True,FP2,28.5,23.5,30.8
0 days 00:32:56.063000,SAI,55,0 days 00:01:43.074000,10.0,1.0,,0 days 00:32:54.430000,0 days 00:00:35.834000,0 days 00:00:35.442000,0 days 00:00:31.798000,0 days 00:31:48.823000,0 days 00:32:24.265000,0 days 00:32:56.063000,244.0,204.0,,226.0,False,HARD,10.0,True,Williams,0 days 00:31:12.989000,2026-07-24 15:17:54.709,1,,,,False,False,FP2,28.5,23.5,30.8
0 days 00:37:42.584000,SAI,55,,11.0,2.0,0 days 00:35:50.247000,,,0 days 00:00:35.813000,0 days 00:00:25.672000,,0 days 00:37:17.127000,0 days 00:37:42.640000,261.0,216.0,265.0,226.0,False,SOFT,1.0,True,Williams,0 days 00:32:56.063000,2026-07-24 15:19:37.783,1,,,,False,False,FP2,28.5,23.5,30.8
0 days 00:39:04.010000,SAI,55,0 days 00:01:21.426000,12.0,2.0,,,0 days 00:00:28.332000,0 days 00:00:29.531000,0 days 00:00:23.563000,0 days 00:38:10.916000,0 days 00:38:40.447000,0 days 00:39:04.010000,296.0,244.0,258.0,318.0,True,SOFT,2.0,True,Williams,0 days 00:37:42.584000,2026-07-24 15:24:24.304,1,,,,False,True,FP2,28.5,23.5,30.8
0 days 00:51:06.221000,SAI,55,,13.0,2.0,,0 days 00:41:10.792000,0 days 00:00:45.768000,0 days 00:00:44.060000,,0 days 00:39:49.954000,0 days 00:40:34.101000,,179.0,176.0,,200.0,False,SOFT,3.0,True,Williams,0 days 00:39:04.010000,2026-07-24 15:25:45.730,125,,,,False,False,FP2,28.5,23.5,30.8
0 days 00:52:37.480000,SAI,55,,14.0,3.0,0 days 00:51:06.221000,,,0 days 00:00:33.805000,0 days 00:00:25.528000,,0 days 00:52:12.088000,0 days 00:52:37.533000,237.0,214.0,255.0,200.0,False,HARD,11.0,False,Williams,0 days 00:51:06.221000,2026-07-24 15:37:47.941,1,,,,False,False,FP2,28.5,23.5,30.8
0 days 00:54:04.901000,SAI,55,0 days 00:01:27.421000,15.0,3.0,,,0 days 00:00:30.066000,0 days 00:00:32.067000,0 days 00:00:25.288000,0 days 00:53:07.546000,0 days 00:53:39.613000,0 days 00:54:04.901000,276.0,225.0,253.0,305.0,False,HARD,12.0,False,Williams,0 days 00:52:37.480000,2026-07-24 15:39:19.200,1,,,,False,True,FP2,28.5,23.5,30.8
0 days 00:55:32.298000,SAI,55,0 days 00:01:27.397000,16.0,3.0,,,0 days 00:00:30.223000,0 days 00:00:32.150000,0 days 00:00:25.024000,0 days 00:54:35.124000,0 days 00:55:07.274000,0 days 00:55:32.298000,280.0,224.0,255.0,303.0,False,HARD,13.0,False,Williams,0 days 00:54:04.901000,2026-07-24 15:40:46.621,1,,,,False,True,FP2,28.5,23.5,30.8
0 days 00:56:59.002000,SAI,55,0 days 00:01:26.704000,17.0,3.0,,,0 days 00:00:29.968000,0 days 00:00:31.854000,0 days 00:00:24.882000,0 days 00:56:02.266000,0 days 00:56:34.120000,0 days 00:56:59.002000,278.0,225.0,253.0,307.0,False,HARD,14.0,False,Williams,0 days 00:55:32.298000,2026-07-24 15:42:14.018,1,,,,False,True,FP2,28.5,23.5,30.8
0 days 00:58:25.646000,SAI,55,0 days 00:01:26.644000,18.0,3.0,,,0 days 00:00:29.962000,0 days 00:00:31.835000,0 days 00:00:24.847000,0 days 00:57:28.964000,0 days 00:58:00.799000,0 days 00:58:25.646000,278.0,224.0,255.0,312.0,False,HARD,15.0,False,Williams,0 days 00:56:59.002000,2026-07-24 15:43:40.722,1,,,,False,True,FP2,28.5,23.5,30.8
0 days 00:59:52.491000,SAI,55,0 days 00:01:26.845000,19.0,3.0,,,0 days 00:00:30.046000,0 days 00:00:31.886000,0 days 00:00:24.913000,0 days 00:58:55.692000,0 days 00:59:27.578000,0 days 00:59:52.491000,281.0,226.0,255.0,311.0,False,HARD,16.0,False,Williams,0 days 00:58:25.646000,2026-07-24 15:45:07.366,1,,,,False,True,FP2,28.5,23.5,30.8
0 days 01:01:19.551000,SAI,55,0 days 00:01:27.060000,20.0,3.0,,,0 days 00:00:30.013000,0 days 00:00:31.991000,0 days 00:00:25.056000,0 days 01:00:22.504000,0 days 01:00:54.495000,0 days 01:01:19.551000,282.0,224.0,255.0,308.0,False,HARD,17.0,False,Williams,0 days 00:59:52.491000,2026-07-24 15:46:34.211,1,,,,False,True,FP2,28.5,23.5,30.8
0 days 01:02:47.272000,SAI,55,0 days 00:01:27.721000,21.0,3.0,,,0 days 00:00:30.266000,0 days 00:00:32.224000,0 days 00:00:25.231000,0 days 01:01:49.817000,0 days 01:02:22.041000,0 days 01:02:47.272000,281.0,223.0,255.0,307.0,False,HARD,18.0,False,Williams,0 days 01:01:19.551000,2026-07-24 15:48:01.271,1,,,,False,True,FP2,28.5,23.5,30.8
0 days 01:04:14.722000,SAI,55,0 days 00:01:27.450000,22.0,3.0,,,0 days 00:00:30.173000,0 days 00:00:32.151000,0 days 00:00:25.126000,0 days 01:03:17.445000,0 days 01:03:49.596000,0 days 01:04:14.722000,281.0,226.0,254.0,308.0,False,HARD,19.0,False,Williams,0 days 01:02:47.272000,2026-07-24 15:49:28.992,1,,,,False,True,FP2,28.5,23.5,30.8
0 days 01:05:42.534000,SAI,55,0 days 00:01:27.812000,23.0,3.0,,,0 days 00:00:30.148000,0 days 00:00:32.364000,0 days 00:00:25.300000,0 days 01:04:44.870000,0 days 01:05:17.234000,0 days 01:05:42.534000,285.0,222.0,255.0,309.0,False,HARD,20.0,False,Williams,0 days 01:04:14.722000,2026-07-24 15:50:56.442,1,,,,False,True,FP2,28.5,23.5,30.8
0 days 01:07:10.003000,SAI,55,0 days 00:01:27.469000,24.0,3.0,,,0 days 00:00:30.228000,0 days 00:00:32.206000,0 days 00:00:25.035000,0 days 01:06:12.762000,0 days 01:06:44.968000,0 days 01:07:10.003000,284.0,226.0,255.0,313.0,False,HARD,21.0,False,Williams,0 days 01:05:42.534000,2026-07-24 15:52:24.254,1,,,,False,True,FP2,28.5,23.5,30.8
0 days 01:08:37.517000,SAI,55,0 days 00:01:27.514000,25.0,3.0,,,0 days 00:00:30.075000,0 days 00:00:32.287000,0 days 00:00:25.152000,0 days 01:07:40.078000,0 days 01:08:12.365000,0 days 01:08:37.517000,281.0,225.0,253.0,314.0,False,HARD,22.0,False,Williams,0 days 01:07:10.003000,2026-07-24 15:53:51.723,1,,,,False,True,FP2,28.5,23.5,30.8
0 days 01:10:05.312000,SAI,55,0 days 00:01:27.795000,26.0,3.0,,,0 days 00:00:30.194000,0 days 00:00:32.336000,0 days 00:00:25.265000,0 days 01:09:07.711000,0 days 01:09:40.047000,0 days 01:10:05.312000,281.0,222.0,255.0,308.0,False,HARD,23.0,False,Williams,0 days 01:08:37.517000,2026-07-24 15:55:19.237,1,,,,False,True,FP2,28.5,23.5,30.8
0 days 01:11:35.657000,SAI,55,0 days 00:01:30.345000,27.0,3.0,,0 days 01:11:33.829000,0 days 00:00:30.238000,0 days 00:00:32.356000,0 days 00:00:27.751000,0 days 01:10:35.550000,0 days 01:11:07.906000,0 days 01:11:35.657000,278.0,225.0,,308.0,False,HARD,24.0,False,Williams,0 days 01:10:05.312000,2026-07-24 15:56:47.032,1,,,,False,False,FP2,28.5,23.5,30.8
0 days 01:13:25.869000,SAI,55,0 days 00:01:50.212000,28.0,4.0,0 days 01:11:56.734000,,0 days 00:00:50.532000,0 days 00:00:32.847000,0 days 00:00:26.833000,0 days 01:12:26.189000,0 days 01:12:59.036000,0 days 01:13:25.869000,282.0,217.0,257.0,308.0,False,SOFT,6.0,False,Williams,0 days 01:11:35.657000,2026-07-24 15:58:17.377,1,,,,False,False,FP2,28.5,23.5,30.8
0 days 01:15:06.352000,SAI,55,0 days 00:01:40.483000,29.0,4.0,,,0 days 00:00:29.669000,0 days 00:00:35.431000,0 days 00:00:35.383000,0 days 01:13:55.538000,0 days 01:14:30.969000,0 days 01:15:06.352000,280.0,182.0,64.0,314.0,False,SOFT,7.0,False,Williams,0 days 01:13:25.869000,2026-07-24 16:00:07.589,1,,,,False,True,FP2,28.5,23.5,30.8
0 days 01:17:39.122000,SAI,55,,30.0,4.0,,,0 days 00:01:01.741000,0 days 00:00:34.442000,0 days 00:00:56.562000,0 days 01:16:08.191000,0 days 01:16:42.773000,0 days 01:17:39.122000,257.0,206.0,63.0,251.0,False,SOFT,8.0,False,Williams,0 days 01:15:06.352000,2026-07-24 16:01:48.072,1,,,,False,False,FP2,28.5,23.5,30.8
0 days 01:19:12.736000,SAI,55,0 days 00:01:33.614000,31.0,4.0,,0 days 01:19:10.933000,0 days 00:00:32.063000,0 days 00:00:31.795000,0 days 00:00:29.756000,0 days 01:18:11.185000,0 days 01:18:42.980000,0 days 01:19:12.736000,274.0,230.0,,268.0,False,SOFT,9.0,False,Williams,0 days 01:17:39.122000,2026-07-24 16:04:20.842,1,,,,False,False,FP2,28.5,23.5,30.8
0 days 00:18:27.156000,RUS,63,,1.0,1.0,0 days 00:16:55.623000,,,0 days 00:00:32.621000,0 days 00:00:26.964000,,0 days 00:18:00.488000,0 days 00:18:27.362000,250.0,222.0,268.0,,False,MEDIUM,1.0,True,Mercedes,0 days 00:16:55.623000,2026-07-24 15:03:37.343,1,,,,False,False,FP2,28.5,23.5,30.8
0 days 00:19:48.508000,RUS,63,0 days 00:01:21.352000,2.0,1.0,,,0 days 00:00:28.204000,0 days 00:00:29.255000,0 days 00:00:23.893000,0 days 00:18:55.360000,0 days 00:19:24.615000,0 days 00:19:48.508000,290.0,247.0,250.0,322.0,True,MEDIUM,2.0,True,Mercedes,0 days 00:18:27.156000,2026-07-24 15:05:08.876,1,,,,False,True,FP2,28.5,23.5,30.8
0 days 00:21:49.174000,RUS,63,0 days 00:02:00.666000,3.0,1.0,,0 days 00:21:47.449000,0 days 00:00:43.589000,0 days 00:00:43.264000,0 days 00:00:33.813000,0 days 00:20:32.097000,0 days 00:21:15.361000,0 days 00:21:49.174000,187.0,156.0,,170.0,False,MEDIUM,3.0,True,Mercedes,0 days 00:19:48.508000,2026-07-24 15:06:30.228,1,,,,False,False,FP2,28.5,23.5,30.8
0 days 00:23:47.584000,RUS,63,0 days 00:01:58.410000,4.0,2.0,0 days 00:22:12.240000,,0 days 00:00:57.005000,0 days 00:00:35.554000,0 days 00:00:25.851000,0 days 00:22:46.179000,0 days 00:23:21.733000,0 days 00:23:47.584000,249.0,203.0,265.0,170.0,False,MEDIUM,4.0,False,Mercedes,0 days 00:21:49.174000,2026-07-24 15:08:30.894,1,,,,False,False,FP2,28.5,23.5,30.8
0 days 00:25:08.056000,RUS,63,0 days 00:01:20.472000,5.0,2.0,,,0 days 00:00:28.076000,0 days 00:00:29.278000,0 days 00:00:23.118000,0 days 00:24:15.660000,0 days 00:24:44.938000,0 days 00:25:08.056000,293.0,249.0,252.0,319.0,True,MEDIUM,5.0,False,Mercedes,0 days 00:23:47.584000,2026-07-24 15:10:29.304,1,,,,False,True,FP2,28.6,23.5,31.1
0 days 00:27:28.575000,RUS,63,0 days 00:02:20.519000,6.0,2.0,,,0 days 00:01:01.346000,0 days 00:00:52.120000,0 days 00:00:27.053000,0 days 00:26:09.402000,0 days 00:27:01.522000,0 days 00:27:28.575000,124.0,205.0,267.0,131.0,False,MEDIUM,6.0,False,Mercedes,0 days 00:25:08.056000,2026-07-24 15:11:49.776,1,,,,False,True,FP2,28.6,23.5,31.1
0 days 00:28:48.987000,RUS,63,0 days 00:01:20.412000,7.0,2.0,,,0 days 00:00:28.159000,0 days 00:00:29.162000,0 days 00:00:23.091000,0 days 00:27:56.734000,0 days 00:28:25.896000,0 days 00:28:48.987000,292.0,251.0,251.0,322.0,True,MEDIUM,7.0,False,Mercedes,0 days 00:27:28.575000,2026-07-24 15:14:10.295,1,,,,False,True,FP2,28.6,23.5,31.1
0 days 00:30:30.701000,RUS,63,0 days 00:01:41.714000,8.0,2.0,,0 days 00:30:28.979000,0 days 00:00:36.985000,0 days 00:00:36.154000,0 days 00:00:28.575000,0 days 00:29:25.972000,0 days 00:30:02.126000,0 days 00:30:30.701000,223.0,208.0,,274.0,False,MEDIUM,8.0,False,Mercedes,0 days 00:28:48.987000,2026-07-24 15:15:30.707,1,,,,False,False,FP2,28.6,23.5,31.1
0 days 00:38:20.407000,RUS,63,,9.0,3.0,0 days 00:36:45.543000,,,0 days 00:00:33.923000,0 days 00:00:24.838000,,0 days 00:37:55.768000,0 days 00:38:20.628000,261.0,220.0,269.0,274.0,False,SOFT,1.0,True,Mercedes,0 days 00:30:30.701000,2026-07-24 15:17:12.421,1,,,,False,False,FP2,28.6,23.5,31.1
0 days 00:39:40.069000,RUS,63,0 days 00:01:19.662000,10.0,3.0,,,0 days 00:00:27.855000,0 days 00:00:28.699000,0 days 00:00:23.108000,0 days 00:38:48.262000,0 days 00:39:16.961000,0 days 00:39:40.069000,292.0,245.0,254.0,322.0,True,SOFT,2.0,True,Mercedes,0 days 00:38:20.407000,2026-07-24 15:25:02.127,1,,,,False,True,FP2,28.6,23.5,31.1
0 days 00:48:20.298000,RUS,63,,11.0,3.0,,0 days 00:41:50.769000,0 days 00:00:57.214000,,,0 days 00:40:37.455000,,,154.0,,,136.0,False,SOFT,3.0,True,Mercedes,0 days 00:39:40.069000,2026-07-24 15:26:21.789,125,,,,False,False,FP2,28.6,23.5,31.1
0 days 00:50:26.962000,RUS,63,,12.0,4.0,0 days 00:48:20.298000,,,0 days 00:00:35.443000,0 days 00:00:29.259000,,0 days 00:49:57.823000,0 days 00:50:26.996000,248.0,209.0,233.0,136.0,False,MEDIUM,9.0,False,Mercedes,0 days 00:48:20.298000,2026-07-24 15:35:02.018,1,,,,False,False,FP2,28.6,23.5,31.1
0 days 00:51:53.308000,RUS,63,0 days 00:01:26.346000,13.0,4.0,,,0 days 00:00:30.580000,0 days 00:00:31.334000,0 days 00:00:24.432000,0 days 00:50:57.542000,0 days 00:51:28.876000,0 days 00:51:53.308000,290.0,233.0,257.0,266.0,False,MEDIUM,10.0,False,Mercedes,0 days 00:50:26.962000,2026-07-24 15:37:08.682,1,,,,False,True,FP2,28.6,23.5,31.1
0 days 00:53:17.562000,RUS,63,0 days 00:01:24.254000,14.0,4.0,,,0 days 00:00:29.176000,0 days 00:00:30.976000,0 days 00:00:24.102000,0 days 00:52:22.484000,0 days 00:52:53.460000,0 days 00:53:17.562000,289.0,236.0,258.0,312.0,False,MEDIUM,11.0,False,Mercedes,0 days 00:51:53.308000,2026-07-24 15:38:35.028,1,,,,False,True,FP2,28.6,23.5,31.1
0 days 00:54:41.933000,RUS,63,0 days 00:01:24.371000,15.0,4.0,,,0 days 00:00:29.343000,0 days 00:00:30.866000,0 days 00:00:24.162000,0 days 00:53:46.905000,0 days 00:54:17.771000,0 days 00:54:41.933000,288.0,234.0,261.0,300.0,False,MEDIUM,12.0,False,Mercedes,0 days 00:53:17.562000,2026-07-24 15:39:59.282,1,,,,False,True,FP2,28.6,23.5,31.1
0 days 00:56:05.954000,RUS,63,0 days 00:01:24.021000,16.0,4.0,,,0 days 00:00:29.237000,0 days 00:00:30.657000,0 days 00:00:24.127000,0 days 00:55:11.170000,0 days 00:55:41.827000,0 days 00:56:05.954000,287.0,231.0,262.0,304.0,False,MEDIUM,13.0,False,Mercedes,0 days 00:54:41.933000,2026-07-24 15:41:23.653,1,,,,False,True,FP2,28.6,23.5,31.1
0 days 00:57:29.956000,RUS,63,0 days 00:01:24.002000,17.0,4.0,,,0 days 00:00:29.144000,0 days 00:00:30.643000,0 days 00:00:24.215000,0 days 00:56:35.098000,0 days 00:57:05.741000,0 days 00:57:29.956000,290.0,233.0,261.0,305.0,False,MEDIUM,14.0,False,Mercedes,0 days 00:56:05.954000,2026-07-24 15:42:47.674,1,,,,False,True,FP2,28.2,23.3,31.0
0 days 00:58:54.055000,RUS,63,0 days 00:01:24.099000,18.0,4.0,,,0 days 00:00:29.171000,0 days 00:00:30.753000,0 days 00:00:24.175000,0 days 00:57:59.127000,0 days 00:58:29.880000,0 days 00:58:54.055000,290.0,228.0,262.0,305.0,False,MEDIUM,15.0,False,Mercedes,0 days 00:57:29.956000,2026-07-24 15:44:11.676,1,,,,False,True,FP2,28.2,23.3,31.0
0 days 01:00:18.260000,RUS,63,0 days 00:01:24.205000,19.0,4.0,,,0 days 00:00:29.257000,0 days 00:00:30.708000,0 days 00:00:24.240000,0 days 00:59:23.312000,0 days 00:59:54.020000,0 days 01:00:18.260000,291.0,229.0,259.0,304.0,False,MEDIUM,16.0,False,Mercedes,0 days 00:58:54.055000,2026-07-24 15:45:35.775,1,,,,False,True,FP2,28.2,23.3,31.0
0 days 01:01:43.356000,RUS,63,0 days 00:01:25.096000,20.0,4.0,,,0 days 00:00:29.554000,0 days 00:00:31.142000,0 days 00:00:24.400000,0 days 01:00:47.814000,0 days 01:01:18.956000,0 days 01:01:43.356000,289.0,232.0,260.0,304.0,False,MEDIUM,17.0,False,Mercedes,0 days 01:00:18.260000,2026-07-24 15:46:59.980,1,,,,False,True,FP2,28.2,23.3,31.0
0 days 01:03:08.654000,RUS,63,0 days 00:01:25.298000,21.0,4.0,,,0 days 00:00:29.546000,0 days 00:00:31.230000,0 days 00:00:24.522000,0 days 01:02:12.902000,0 days 01:02:44.132000,0 days 01:03:08.654000,290.0,226.0,260.0,304.0,False,MEDIUM,18.0,False,Mercedes,0 days 01:01:43.356000,2026-07-24 15:48:25.076,1,,,,False,True,FP2,28.2,23.3,31.0
0 days 01:04:34.067000,RUS,63,0 days 00:01:25.413000,22.0,4.0,,,0 days 00:00:29.532000,0 days 00:00:31.325000,0 days 00:00:24.556000,0 days 01:03:38.186000,0 days 01:04:09.511000,0 days 01:04:34.067000,290.0,230.0,257.0,302.0,False,MEDIUM,19.0,False,Mercedes,0 days 01:03:08.654000,2026-07-24 15:49:50.374,1,,,,False,True,FP2,28.2,23.3,31.0
0 days 01:05:59.872000,RUS,63,0 days 00:01:25.805000,23.0,4.0,,,0 days 00:00:29.403000,0 days 00:00:31.671000,0 days 00:00:24.731000,0 days 01:05:03.470000,0 days 01:05:35.141000,0 days 01:05:59.872000,292.0,225.0,259.0,307.0,False,MEDIUM,20.0,False,Mercedes,0 days 01:04:34.067000,2026-07-24 15:51:15.787,1,,,,False,True,FP2,28.2,23.3,31.0
0 days 01:07:28.329000,RUS,63,0 days 00:01:28.457000,24.0,4.0,,,0 days 00:00:29.586000,0 days 00:00:32.096000,0 days 00:00:26.775000,0 days 01:06:29.458000,0 days 01:07:01.554000,0 days 01:07:28.329000,291.0,228.0,258.0,306.0,False,MEDIUM,21.0,False,Mercedes,0 days 01:05:59.872000,2026-07-24 15:52:41.592,1,,,,False,True,FP2,28.2,23.3,31.0
0 days 01:08:54.823000,RUS,63,0 days 00:01:26.494000,25.0,4.0,,,0 days 00:00:29.749000,0 days 00:00:31.830000,0 days 00:00:24.915000,0 days 01:07:58.078000,0 days 01:08:29.908000,0 days 01:08:54.823000,286.0,224.0,258.0,311.0,False,MEDIUM,22.0,False,Mercedes,0 days 01:07:28.329000,2026-07-24 15:54:10.049,1,,,,False,True,FP2,28.2,23.3,31.0
0 days 01:10:27.552000,RUS,63,0 days 00:01:32.729000,26.0,4.0,,0 days 01:10:25.827000,0 days 00:00:31.348000,0 days 00:00:33.646000,0 days 00:00:27.735000,0 days 01:09:26.171000,0 days 01:09:59.817000,0 days 01:10:27.552000,260.0,222.0,,314.0,False,MEDIUM,23.0,False,Mercedes,0 days 01:08:54.823000,2026-07-24 15:55:36.543,1,,,,False,False,FP2,28.2,23.3,31.0
0 days 01:14:36.482000,RUS,63,,27.0,5.0,0 days 01:12:46.085000,,,0 days 00:00:31.798000,0 days 00:00:25.339000,,0 days 01:14:11.329000,0 days 01:14:36.681000,281.0,229.0,255.0,314.0,False,SOFT,4.0,False,Mercedes,0 days 01:10:27.552000,2026-07-24 15:57:09.272,1,,,,False,False,FP2,28.2,23.3,31.0
0 days 01:16:30.391000,RUS,63,0 days 00:01:53.909000,28.0,5.0,,,0 days 00:00:37.168000,0 days 00:00:36.948000,0 days 00:00:39.793000,0 days 01:15:13.650000,0 days 01:15:50.598000,0 days 01:16:30.391000,200.0,205.0,68.0,211.0,False,SOFT,5.0,False,Mercedes,0 days 01:14:36.482000,2026-07-24 16:01:18.202,1,,,,False,True,FP2,28.2,23.3,31.0
0 days 01:18:48.540000,RUS,63,0 days 00:02:18.149000,29.0,5.0,,,0 days 00:01:03.807000,0 days 00:00:34.594000,0 days 00:00:39.748000,0 days 01:17:34.198000,0 days 01:18:08.792000,0 days 01:18:48.540000,181.0,208.0,43.0,253.0,False,SOFT,6.0,False,Mercedes,0 days 01:16:30.391000,2026-07-24 16:03:12.111,1,,,,False,True,FP2,28.2,23.3,31.0
0 days 01:20:47.172000,RUS,63,0 days 00:01:58.632000,30.0,5.0,,0 days 01:20:45.412000,0 days 00:00:56.675000,0 days 00:00:34.124000,0 days 00:00:27.833000,0 days 01:19:45.215000,0 days 01:20:19.339000,0 days 01:20:47.172000,264.0,225.0,,258.0,False,SOFT,7.0,False,Mercedes,0 days 01:18:48.540000,2026-07-24 16:05:30.260,1,,,,False,False,FP2,28.2,23.3,31.0
0 days 00:14:55.200000,BOT,77,,1.0,1.0,0 days 00:13:20.144000,,,0 days 00:00:35.385000,0 days 00:00:26.837000,,0 days 00:14:28.758000,0 days 00:14:55.389000,256.0,211.0,258.0,,False,MEDIUM,1.0,True,Cadillac,0 days 00:13:20.144000,2026-07-24 15:00:01.864,1,,,,False,False,FP2,28.2,23.3,31.0
0 days 00:16:33.907000,BOT,77,0 days 00:01:38.707000,2.0,1.0,,,0 days 00:00:32.472000,0 days 00:00:37.767000,0 days 00:00:28.468000,0 days 00:15:27.672000,0 days 00:16:05.439000,0 days 00:16:33.907000,246.0,173.0,261.0,315.0,True,MEDIUM,2.0,True,Cadillac,0 days 00:14:55.200000,2026-07-24 15:01:36.920,1,,,,False,True,FP2,28.1,23.3,31.5
0 days 00:18:18.722000,BOT,77,0 days 00:01:44.815000,3.0,1.0,,,0 days 00:00:36.535000,0 days 00:00:41.188000,0 days 00:00:27.092000,0 days 00:17:10.442000,0 days 00:17:51.630000,0 days 00:18:18.722000,186.0,182.0,260.0,318.0,False,MEDIUM,3.0,True,Cadillac,0 days 00:16:33.907000,2026-07-24 15:03:15.627,1,,,,False,True,FP2,28.1,23.3,31.5
0 days 00:19:44.535000,BOT,77,0 days 00:01:25.813000,4.0,1.0,,,0 days 00:00:28.955000,0 days 00:00:30.817000,0 days 00:00:26.041000,0 days 00:18:47.677000,0 days 00:19:18.494000,0 days 00:19:44.535000,296.0,238.0,257.0,315.0,True,MEDIUM,4.0,True,Cadillac,0 days 00:18:18.722000,2026-07-24 15:05:00.442,1,,,,False,True,FP2,28.1,23.3,31.5
0 days 00:21:35.145000,BOT,77,0 days 00:01:50.610000,5.0,1.0,,,0 days 00:00:41.445000,0 days 00:00:40.259000,0 days 00:00:28.906000,0 days 00:20:25.980000,0 days 00:21:06.239000,0 days 00:21:35.145000,208.0,194.0,263.0,222.0,False,MEDIUM,5.0,True,Cadillac,0 days 00:19:44.535000,2026-07-24 15:06:26.255,1,,,,False,True,FP2,28.1,23.3,31.5
0 days 00:22:59.665000,BOT,77,0 days 00:01:24.520000,6.0,1.0,,,0 days 00:00:29.536000,0 days 00:00:30.943000,0 days 00:00:24.041000,0 days 00:22:04.681000,0 days 00:22:35.624000,0 days 00:22:59.665000,287.0,239.0,260.0,318.0,True,MEDIUM,6.0,True,Cadillac,0 days 00:21:35.145000,2026-07-24 15:08:16.865,1,,,,False,True,FP2,28.1,23.3,31.5
0 days 00:24:59.340000,BOT,77,0 days 00:01:59.675000,7.0,1.0,,,0 days 00:00:41.415000,0 days 00:00:42.872000,0 days 00:00:35.388000,0 days 00:23:41.080000,0 days 00:24:23.952000,0 days 00:24:59.340000,82.0,171.0,166.0,262.0,False,MEDIUM,7.0,True,Cadillac,0 days 00:22:59.665000,2026-07-24 15:09:41.385,1,,,,False,True,FP2,28.1,23.3,31.5
0 days 00:26:52.908000,BOT,77,0 days 00:01:53.568000,8.0,1.0,,,0 days 00:00:42.955000,0 days 00:00:41.548000,0 days 00:00:29.065000,0 days 00:25:42.295000,0 days 00:26:23.843000,0 days 00:26:52.908000,159.0,191.0,263.0,215.0,False,MEDIUM,8.0,True,Cadillac,0 days 00:24:59.340000,2026-07-24 15:11:41.060,1,,,,False,True,FP2,28.1,23.3,31.5
0 days 00:28:16.316000,BOT,77,0 days 00:01:23.408000,9.0,1.0,,,0 days 00:00:28.896000,0 days 00:00:30.544000,0 days 00:00:23.968000,0 days 00:27:21.804000,0 days 00:27:52.348000,0 days 00:28:16.316000,291.0,243.0,255.0,318.0,True,MEDIUM,9.0,True,Cadillac,0 days 00:26:52.908000,2026-07-24 15:13:34.628,1,,,,False,True,FP2,28.1,23.3,31.5
0 days 00:30:12.857000,BOT,77,0 days 00:01:56.541000,10.0,1.0,,,0 days 00:00:39.960000,0 days 00:00:43.081000,0 days 00:00:33.500000,0 days 00:28:56.276000,0 days 00:29:39.357000,0 days 00:30:12.857000,173.0,146.0,197.0,276.0,False,MEDIUM,10.0,True,Cadillac,0 days 00:28:16.316000,2026-07-24 15:14:58.036,1,,,,False,True,FP2,28.1,23.3,31.5
0 days 00:32:01.991000,BOT,77,0 days 00:01:49.134000,11.0,1.0,,,0 days 00:00:41.541000,0 days 00:00:40.725000,0 days 00:00:26.868000,0 days 00:30:54.398000,0 days 00:31:35.123000,0 days 00:32:01.991000,107.0,192.0,262.0,237.0,False,MEDIUM,11.0,True,Cadillac,0 days 00:30:12.857000,2026-07-24 15:16:54.577,1,,,,False,True,FP2,28.1,23.3,31.5
0 days 00:33:24.982000,BOT,77,0 days 00:01:22.991000,12.0,1.0,,,0 days 00:00:28.700000,0 days 00:00:30.413000,0 days 00:00:23.878000,0 days 00:32:30.691000,0 days 00:33:01.104000,0 days 00:33:24.982000,287.0,243.0,255.0,317.0,True,MEDIUM,12.0,True,Cadillac,0 days 00:32:01.991000,2026-07-24 15:18:43.711,1,,,,False,True,FP2,28.1,23.3,31.5
0 days 00:35:02.902000,BOT,77,0 days 00:01:37.920000,13.0,1.0,,0 days 00:35:01.246000,0 days 00:00:34.193000,0 days 00:00:34.385000,0 days 00:00:29.342000,0 days 00:33:59.175000,0 days 00:34:33.560000,0 days 00:35:02.902000,197.0,199.0,,280.0,False,MEDIUM,13.0,True,Cadillac,0 days 00:33:24.982000,2026-07-24 15:20:06.702,1,,,,False,False,FP2,28.1,23.3,31.5
0 days 00:49:03.629000,BOT,77,,14.0,2.0,0 days 00:47:23.696000,,,0 days 00:00:35.739000,0 days 00:00:25.112000,,0 days 00:48:38.737000,0 days 00:49:03.736000,231.0,225.0,264.0,280.0,False,SOFT,1.0,True,Cadillac,0 days 00:47:23.696000,2026-07-24 15:34:05.416,1,,,,False,False,FP2,28.1,23.3,31.5
0 days 00:50:25.650000,BOT,77,0 days 00:01:22.021000,15.0,2.0,,,0 days 00:00:28.533000,0 days 00:00:29.927000,0 days 00:00:23.561000,0 days 00:49:32.162000,0 days 00:50:02.089000,0 days 00:50:25.650000,293.0,241.0,258.0,321.0,True,SOFT,2.0,True,Cadillac,0 days 00:49:03.629000,2026-07-24 15:35:45.349,1,,,,False,True,FP2,28.1,23.3,31.5
0 days 00:52:30.904000,BOT,77,0 days 00:02:05.254000,16.0,2.0,,0 days 00:52:29.141000,0 days 00:00:42.610000,0 days 00:00:45.697000,0 days 00:00:36.947000,0 days 00:51:08.260000,0 days 00:51:53.957000,0 days 00:52:30.904000,64.0,175.0,,272.0,False,SOFT,3.0,True,Cadillac,0 days 00:50:25.650000,2026-07-24 15:37:07.370,1,,,,False,False,FP2,28.5,23.3,31.4
0 days 00:54:45.637000,BOT,77,0 days 00:02:14.733000,17.0,3.0,0 days 00:52:57.296000,,0 days 00:01:04.708000,0 days 00:00:40.334000,0 days 00:00:29.691000,0 days 00:53:35.612000,0 days 00:54:15.946000,0 days 00:54:45.637000,131.0,164.0,265.0,272.0,False,SOFT,4.0,False,Cadillac,0 days 00:52:30.904000,2026-07-24 15:39:12.624,1,,,,False,False,FP2,28.5,23.3,31.4
0 days 00:56:07.079000,BOT,77,0 days 00:01:21.442000,18.0,3.0,,,0 days 00:00:28.301000,0 days 00:00:29.895000,0 days 00:00:23.246000,0 days 00:55:13.938000,0 days 00:55:43.833000,0 days 00:56:07.079000,286.0,245.0,258.0,321.0,True,SOFT,5.0,False,Cadillac,0 days 00:54:45.637000,2026-07-24 15:41:27.357,1,,,,False,True,FP2,28.5,23.3,31.4
0 days 00:57:43.328000,BOT,77,0 days 00:01:36.249000,19.0,3.0,,0 days 00:57:41.518000,0 days 00:00:31.239000,0 days 00:00:32.837000,0 days 00:00:32.173000,0 days 00:56:38.318000,0 days 00:57:11.155000,0 days 00:57:43.328000,268.0,206.0,,286.0,False,SOFT,6.0,False,Cadillac,0 days 00:56:07.079000,2026-07-24 15:42:48.799,1,,,,False,False,FP2,28.5,23.3,31.4
0 days 01:02:58.359000,BOT,77,,20.0,4.0,0 days 01:01:30.279000,,,0 days 00:00:32.354000,0 days 00:00:24.920000,,0 days 01:02:33.600000,0 days 01:02:58.416000,283.0,228.0,260.0,286.0,False,MEDIUM,14.0,False,Cadillac,0 days 00:57:43.328000,2026-07-24 15:44:25.048,1,,,,False,False,FP2,28.5,23.3,31.4
0 days 01:04:25.902000,BOT,77,0 days 00:01:27.543000,21.0,4.0,,,0 days 00:00:30.290000,0 days 00:00:32.626000,0 days 00:00:24.627000,0 days 01:03:28.649000,0 days 01:04:01.275000,0 days 01:04:25.902000,273.0,231.0,259.0,328.0,False,MEDIUM,15.0,False,Cadillac,0 days 01:02:58.359000,2026-07-24 15:49:40.079,1,,,,False,True,FP2,28.5,23.3,31.4
0 days 01:05:53.432000,BOT,77,0 days 00:01:27.530000,22.0,4.0,,,0 days 00:00:30.127000,0 days 00:00:32.560000,0 days 00:00:24.843000,0 days 01:04:56.029000,0 days 01:05:28.589000,0 days 01:05:53.432000,277.0,232.0,260.0,322.0,False,MEDIUM,16.0,False,Cadillac,0 days 01:04:25.902000,2026-07-24 15:51:07.622,1,,,,False,True,FP2,28.5,23.3,31.4
0 days 01:07:21.017000,BOT,77,0 days 00:01:27.585000,23.0,4.0,,,0 days 00:00:30.246000,0 days 00:00:32.421000,0 days 00:00:24.918000,0 days 01:06:23.678000,0 days 01:06:56.099000,0 days 01:07:21.017000,281.0,230.0,256.0,315.0,False,MEDIUM,17.0,False,Cadillac,0 days 01:05:53.432000,2026-07-24 15:52:35.152,1,,,,False,True,FP2,28.5,23.3,31.4
0 days 01:08:48.954000,BOT,77,0 days 00:01:27.937000,24.0,4.0,,,0 days 00:00:30.261000,0 days 00:00:32.620000,0 days 00:00:25.056000,0 days 01:07:51.278000,0 days 01:08:23.898000,0 days 01:08:48.954000,275.0,228.0,255.0,317.0,False,MEDIUM,18.0,False,Cadillac,0 days 01:07:21.017000,2026-07-24 15:54:02.737,1,,,,False,True,FP2,28.5,23.3,31.4
0 days 01:10:16.829000,BOT,77,0 days 00:01:27.875000,25.0,4.0,,,0 days 00:00:30.204000,0 days 00:00:32.556000,0 days 00:00:25.115000,0 days 01:09:19.158000,0 days 01:09:51.714000,0 days 01:10:16.829000,276.0,230.0,254.0,316.0,False,MEDIUM,19.0,False,Cadillac,0 days 01:08:48.954000,2026-07-24 15:55:30.674,1,,,,False,True,FP2,28.5,23.3,31.4
0 days 01:11:44.917000,BOT,77,0 days 00:01:28.088000,26.0,4.0,,,0 days 00:00:30.191000,0 days 00:00:32.656000,0 days 00:00:25.241000,0 days 01:10:47.020000,0 days 01:11:19.676000,0 days 01:11:44.917000,274.0,223.0,252.0,314.0,False,MEDIUM,20.0,False,Cadillac,0 days 01:10:16.829000,2026-07-24 15:56:58.549,1,,,,False,True,FP2,28.5,23.3,31.4
0 days 01:13:14.496000,BOT,77,0 days 00:01:29.579000,27.0,4.0,,,0 days 00:00:30.060000,0 days 00:00:32.348000,0 days 00:00:27.171000,0 days 01:12:14.977000,0 days 01:12:47.325000,0 days 01:13:14.496000,271.0,226.0,251.0,309.0,False,MEDIUM,21.0,False,Cadillac,0 days 01:11:44.917000,2026-07-24 15:58:26.637,1,,,,False,True,FP2,28.5,23.3,31.4
0 days 01:14:43.772000,BOT,77,0 days 00:01:29.276000,28.0,4.0,,,0 days 00:00:30.293000,0 days 00:00:33.135000,0 days 00:00:25.848000,0 days 01:13:44.789000,0 days 01:14:17.924000,0 days 01:14:43.772000,288.0,219.0,254.0,320.0,False,MEDIUM,22.0,False,Cadillac,0 days 01:13:14.496000,2026-07-24 15:59:56.216,1,,,,False,True,FP2,28.5,23.2,31.3
0 days 01:17:10.659000,BOT,77,0 days 00:02:26.887000,29.0,4.0,,,0 days 00:00:38.454000,0 days 00:00:38.465000,0 days 00:01:09.968000,0 days 01:15:22.226000,0 days 01:16:00.691000,0 days 01:17:10.659000,198.0,199.0,184.0,310.0,False,MEDIUM,23.0,False,Cadillac,0 days 01:14:43.772000,2026-07-24 16:01:25.492,1,,,,False,True,FP2,28.5,23.2,31.3
0 days 01:19:23.580000,BOT,77,0 days 00:02:12.921000,30.0,4.0,,,0 days 00:00:32.391000,0 days 00:00:37.707000,0 days 00:01:02.823000,0 days 01:17:43.050000,0 days 01:18:20.757000,0 days 01:19:23.580000,210.0,188.0,95.0,283.0,False,MEDIUM,24.0,False,Cadillac,0 days 01:17:10.659000,2026-07-24 16:03:52.379,1,,,,False,True,FP2,28.5,23.2,31.3
0 days 01:20:57.834000,BOT,77,,31.0,4.0,,0 days 01:20:57.834000,0 days 00:00:33.872000,0 days 00:00:33.964000,,0 days 01:19:57.652000,0 days 01:20:31.671000,,273.0,227.0,,271.0,False,MEDIUM,25.0,False,Cadillac,0 days 01:19:23.580000,2026-07-24 16:06:05.300,1,,,,False,False,FP2,28.5,23.2,31.3
0 days 00:15:53.045000,PIA,81,,1.0,1.0,0 days 00:14:00.116000,,,0 days 00:00:33.709000,0 days 00:00:25.097000,,0 days 00:15:28.144000,0 days 00:15:53.149000,233.0,216.0,262.0,,False,MEDIUM,1.0,True,McLaren,0 days 00:14:00.116000,2026-07-24 15:00:41.836,1,,,,False,False,FP2,28.5,23.2,31.3
0 days 00:17:23.986000,PIA,81,0 days 00:01:30.941000,2.0,1.0,,,0 days 00:00:28.245000,0 days 00:00:31.041000,0 days 00:00:31.655000,0 days 00:16:21.290000,0 days 00:16:52.331000,0 days 00:17:23.986000,296.0,147.0,188.0,320.0,True,MEDIUM,2.0,True,McLaren,0 days 00:15:53.045000,2026-07-24 15:02:34.765,1,,,,False,True,FP2,28.5,23.2,31.3
0 days 00:19:17.195000,PIA,81,0 days 00:01:53.209000,3.0,1.0,,,0 days 00:00:38,0 days 00:00:38.005000,0 days 00:00:37.204000,0 days 00:18:01.986000,0 days 00:18:39.991000,0 days 00:19:17.195000,227.0,203.0,264.0,218.0,True,MEDIUM,3.0,True,McLaren,0 days 00:17:23.986000,2026-07-24 15:04:05.706,1,,,,False,True,FP2,28.5,23.2,31.3
0 days 00:20:46.697000,PIA,81,0 days 00:01:29.502000,4.0,1.0,,,0 days 00:00:28.495000,0 days 00:00:29.725000,0 days 00:00:31.282000,0 days 00:19:45.690000,0 days 00:20:15.415000,0 days 00:20:46.697000,300.0,247.0,146.0,319.0,True,MEDIUM,4.0,True,McLaren,0 days 00:19:17.195000,2026-07-24 15:05:58.915,1,,,,False,True,FP2,28.5,23.2,31.3
0 days 00:22:37.937000,PIA,81,0 days 00:01:51.240000,5.0,1.0,,,0 days 00:00:44.611000,0 days 00:00:38.374000,0 days 00:00:28.255000,0 days 00:21:31.308000,0 days 00:22:09.682000,0 days 00:22:37.937000,203.0,144.0,265.0,163.0,False,MEDIUM,5.0,True,McLaren,0 days 00:20:46.697000,2026-07-24 15:07:28.417,1,,,,False,True,FP2,28.5,23.2,31.3
0 days 00:23:59.064000,PIA,81,0 days 00:01:21.127000,6.0,1.0,,,0 days 00:00:28.196000,0 days 00:00:29.489000,0 days 00:00:23.442000,0 days 00:23:06.133000,0 days 00:23:35.622000,0 days 00:23:59.064000,300.0,250.0,257.0,320.0,True,MEDIUM,6.0,True,McLaren,0 days 00:22:37.937000,2026-07-24 15:09:19.657,1,,,,False,True,FP2,28.5,23.2,31.3
0 days 00:25:54.367000,PIA,81,0 days 00:01:55.303000,7.0,1.0,,0 days 00:25:52.677000,0 days 00:00:44.674000,0 days 00:00:39.374000,0 days 00:00:31.255000,0 days 00:24:43.738000,0 days 00:25:23.112000,0 days 00:25:54.367000,190.0,153.0,,181.0,False,MEDIUM,7.0,True,McLaren,0 days 00:23:59.064000,2026-07-24 15:10:40.784,1,,,,False,False,FP2,28.5,23.2,31.3
0 days 00:28:00.855000,PIA,81,0 days 00:02:06.488000,8.0,2.0,0 days 00:26:17.709000,,0 days 00:01:04.519000,0 days 00:00:36.657000,0 days 00:00:25.312000,0 days 00:26:58.886000,0 days 00:27:35.543000,0 days 00:28:00.855000,243.0,210.0,266.0,181.0,False,MEDIUM,8.0,False,McLaren,0 days 00:25:54.367000,2026-07-24 15:12:36.087,1,,,,False,False,FP2,28.5,23.2,31.3
0 days 00:29:21.653000,PIA,81,0 days 00:01:20.798000,9.0,2.0,,,0 days 00:00:28.110000,0 days 00:00:29.280000,0 days 00:00:23.408000,0 days 00:28:28.965000,0 days 00:28:58.245000,0 days 00:29:21.653000,298.0,247.0,256.0,321.0,True,MEDIUM,9.0,False,McLaren,0 days 00:28:00.855000,2026-07-24 15:14:42.575,1,,,,False,True,FP2,28.5,23.2,31.3
0 days 00:31:03.056000,PIA,81,0 days 00:01:41.403000,10.0,2.0,,0 days 00:31:01.321000,0 days 00:00:35.641000,0 days 00:00:35.598000,0 days 00:00:30.164000,0 days 00:29:57.294000,0 days 00:30:32.892000,0 days 00:31:03.056000,198.0,199.0,,278.0,False,MEDIUM,10.0,False,McLaren,0 days 00:29:21.653000,2026-07-24 15:16:03.373,1,,,,False,False,FP2,27.9,23.3,31.2
0 days 00:39:56.173000,PIA,81,,11.0,3.0,0 days 00:38:15.256000,,,0 days 00:00:34.040000,0 days 00:00:26.227000,,0 days 00:39:29.969000,0 days 00:39:56.173000,239.0,216.0,266.0,278.0,False,SOFT,1.0,True,McLaren,0 days 00:31:03.056000,2026-07-24 15:17:44.776,1,,,,False,False,FP2,27.9,23.3,31.2
0 days 00:48:25.393000,PIA,81,,12.0,3.0,,0 days 00:41:33.106000,0 days 00:00:27.861000,,,0 days 00:40:24.092000,,,300.0,,,321.0,False,SOFT,2.0,True,McLaren,0 days 00:39:56.173000,2026-07-24 15:26:37.893,125,,,,False,False,FP2,27.9,23.3,31.2
0 days 00:50:08.610000,PIA,81,,13.0,4.0,0 days 00:48:25.393000,,,0 days 00:00:32.178000,0 days 00:00:32.079000,,0 days 00:49:36.702000,0 days 00:50:08.761000,240.0,220.0,268.0,321.0,False,SOFT,3.0,False,McLaren,0 days 00:48:25.393000,2026-07-24 15:35:07.113,1,,,,False,False,FP2,27.9,23.3,31.2
0 days 00:51:50.704000,PIA,81,0 days 00:01:42.094000,14.0,4.0,,,0 days 00:00:37.021000,0 days 00:00:36.536000,0 days 00:00:28.537000,0 days 00:50:45.631000,0 days 00:51:22.167000,0 days 00:51:50.704000,152.0,220.0,267.0,322.0,False,SOFT,4.0,False,McLaren,0 days 00:50:08.610000,2026-07-24 15:36:50.330,1,,,,False,True,FP2,27.9,23.3,31.2
0 days 00:53:10.805000,PIA,81,0 days 00:01:20.101000,15.0,4.0,,,0 days 00:00:27.819000,0 days 00:00:28.798000,0 days 00:00:23.484000,0 days 00:52:18.523000,0 days 00:52:47.321000,0 days 00:53:10.805000,298.0,243.0,256.0,323.0,True,SOFT,5.0,False,McLaren,0 days 00:51:50.704000,2026-07-24 15:38:32.424,1,,,,False,True,FP2,27.9,23.3,31.2
0 days 00:54:47.886000,PIA,81,0 days 00:01:37.081000,16.0,4.0,,0 days 00:54:46.192000,0 days 00:00:34.254000,0 days 00:00:34.764000,0 days 00:00:28.063000,0 days 00:53:45.059000,0 days 00:54:19.823000,0 days 00:54:47.886000,240.0,220.0,,274.0,False,SOFT,6.0,False,McLaren,0 days 00:53:10.805000,2026-07-24 15:39:52.525,1,,,,False,False,FP2,27.9,23.3,31.2
0 days 01:02:26.552000,PIA,81,,17.0,5.0,0 days 01:00:22.651000,,,0 days 00:00:32.469000,0 days 00:00:24.680000,,0 days 01:02:01.987000,0 days 01:02:26.564000,276.0,228.0,261.0,274.0,False,MEDIUM,11.0,False,McLaren,0 days 00:54:47.886000,2026-07-24 15:41:29.606,1,,,,False,False,FP2,27.9,23.3,31.2
0 days 01:03:51.790000,PIA,81,0 days 00:01:25.238000,18.0,5.0,,,0 days 00:00:29.474000,0 days 00:00:31.182000,0 days 00:00:24.582000,0 days 01:02:56.026000,0 days 01:03:27.208000,0 days 01:03:51.790000,284.0,232.0,259.0,295.0,False,MEDIUM,12.0,False,McLaren,0 days 01:02:26.552000,2026-07-24 15:49:08.272,1,,,,False,True,FP2,27.9,23.3,31.2
0 days 01:05:17.241000,PIA,81,0 days 00:01:25.451000,19.0,5.0,,,0 days 00:00:29.518000,0 days 00:00:31.545000,0 days 00:00:24.388000,0 days 01:04:21.308000,0 days 01:04:52.853000,0 days 01:05:17.241000,285.0,234.0,257.0,297.0,False,MEDIUM,13.0,False,McLaren,0 days 01:03:51.790000,2026-07-24 15:50:33.510,1,,,,False,True,FP2,27.9,23.3,31.2
0 days 01:06:42.641000,PIA,81,0 days 00:01:25.400000,20.0,5.0,,,0 days 00:00:29.447000,0 days 00:00:31.653000,0 days 00:00:24.300000,0 days 01:05:46.688000,0 days 01:06:18.341000,0 days 01:06:42.641000,284.0,231.0,261.0,296.0,False,MEDIUM,14.0,False,McLaren,0 days 01:05:17.241000,2026-07-24 15:51:58.961,1,,,,False,True,FP2,27.7,23.2,31.3
0 days 01:08:07.670000,PIA,81,0 days 00:01:25.029000,21.0,5.0,,,0 days 00:00:29.494000,0 days 00:00:31.201000,0 days 00:00:24.334000,0 days 01:07:12.135000,0 days 01:07:43.336000,0 days 01:08:07.670000,279.0,233.0,260.0,302.0,False,MEDIUM,15.0,False,McLaren,0 days 01:06:42.641000,2026-07-24 15:53:24.361,1,,,,False,True,FP2,27.7,23.2,31.3
0 days 01:09:33.102000,PIA,81,0 days 00:01:25.432000,22.0,5.0,,,0 days 00:00:29.431000,0 days 00:00:31.421000,0 days 00:00:24.580000,0 days 01:08:37.101000,0 days 01:09:08.522000,0 days 01:09:33.102000,279.0,232.0,257.0,307.0,False,MEDIUM,16.0,False,McLaren,0 days 01:08:07.670000,2026-07-24 15:54:49.390,1,,,,False,True,FP2,27.7,23.2,31.3
0 days 01:10:58.829000,PIA,81,0 days 00:01:25.727000,23.0,5.0,,,0 days 00:00:29.799000,0 days 00:00:31.333000,0 days 00:00:24.595000,0 days 01:10:02.901000,0 days 01:10:34.234000,0 days 01:10:58.829000,280.0,231.0,259.0,307.0,False,MEDIUM,17.0,False,McLaren,0 days 01:09:33.102000,2026-07-24 15:56:14.822,1,,,,False,True,FP2,27.7,23.2,31.3
0 days 01:12:24.513000,PIA,81,0 days 00:01:25.684000,24.0,5.0,,,0 days 00:00:29.539000,0 days 00:00:31.206000,0 days 00:00:24.939000,0 days 01:11:28.368000,0 days 01:11:59.574000,0 days 01:12:24.513000,289.0,228.0,258.0,312.0,False,MEDIUM,18.0,False,McLaren,0 days 01:10:58.829000,2026-07-24 15:57:40.549,1,,,,False,True,FP2,27.7,23.2,31.3
0 days 01:13:50.548000,PIA,81,0 days 00:01:26.035000,25.0,5.0,,,0 days 00:00:29.573000,0 days 00:00:31.722000,0 days 00:00:24.740000,0 days 01:12:54.086000,0 days 01:13:25.808000,0 days 01:13:50.548000,292.0,227.0,259.0,314.0,False,MEDIUM,19.0,False,McLaren,0 days 01:12:24.513000,2026-07-24 15:59:06.233,1,,,,False,True,FP2,27.7,23.2,31.3
0 days 01:16:35.165000,PIA,81,,26.0,5.0,,,0 days 00:00:38.106000,0 days 00:00:40.698000,0 days 00:01:25.831000,0 days 01:14:28.863000,0 days 01:15:09.555000,0 days 01:16:35.191000,175.0,175.0,2.0,283.0,False,MEDIUM,20.0,False,McLaren,0 days 01:13:50.548000,2026-07-24 16:00:32.268,1,,,,False,False,FP2,28.5,23.1,31.7
0 days 01:18:24.519000,PIA,81,0 days 00:01:49.354000,27.0,5.0,,,0 days 00:00:31.889000,0 days 00:00:39.397000,0 days 00:00:38.068000,0 days 01:17:07.054000,0 days 01:17:46.451000,0 days 01:18:24.519000,277.0,174.0,65.0,266.0,False,MEDIUM,21.0,False,McLaren,0 days 01:16:35.165000,2026-07-24 16:03:16.885,1,,,,False,True,FP2,28.5,23.1,31.7
0 days 01:20:28.545000,PIA,81,0 days 00:02:04.026000,28.0,5.0,,0 days 01:20:26.824000,0 days 00:01:01.626000,0 days 00:00:33.663000,0 days 00:00:28.737000,0 days 01:19:26.145000,0 days 01:19:59.808000,0 days 01:20:28.545000,265.0,208.0,,258.0,False,MEDIUM,22.0,False,McLaren,0 days 01:18:24.519000,2026-07-24 16:05:06.239,1,,,,False,False,FP2,28.5,23.1,31.7
0 days 00:18:09.878000,BEA,87,,1.0,1.0,0 days 00:16:29.090000,,,0 days 00:00:34.651000,0 days 00:00:25.269000,,0 days 00:17:44.814000,0 days 00:18:10.033000,236.0,218.0,259.0,,False,MEDIUM,1.0,True,Haas F1 Team,0 days 00:16:29.090000,2026-07-24 15:03:10.810,1,,,,False,False,FP2,28.5,23.1,31.7
0 days 00:19:32.776000,BEA,87,0 days 00:01:22.898000,2.0,1.0,,,0 days 00:00:28.631000,0 days 00:00:30.290000,0 days 00:00:23.977000,0 days 00:18:38.509000,0 days 00:19:08.799000,0 days 00:19:32.776000,293.0,241.0,255.0,317.0,True,MEDIUM,2.0,True,Haas F1 Team,0 days 00:18:09.878000,2026-07-24 15:04:51.598,1,,,,False,True,FP2,28.5,23.1,31.7
0 days 00:22:01.066000,BEA,87,0 days 00:02:28.290000,3.0,1.0,,0 days 00:21:59.221000,0 days 00:01:00.211000,0 days 00:00:52.668000,0 days 00:00:35.411000,0 days 00:20:32.987000,0 days 00:21:25.655000,0 days 00:22:01.066000,118.0,157.0,,153.0,False,MEDIUM,3.0,True,Haas F1 Team,0 days 00:19:32.776000,2026-07-24 15:06:14.496,1,,,,False,False,FP2,28.5,23.1,31.7
0 days 00:24:20.835000,BEA,87,0 days 00:02:19.769000,4.0,2.0,0 days 00:22:39.247000,,0 days 00:01:13.051000,0 days 00:00:37.860000,0 days 00:00:28.858000,0 days 00:23:14.117000,0 days 00:23:51.977000,0 days 00:24:20.835000,228.0,214.0,258.0,153.0,False,MEDIUM,4.0,False,Haas F1 Team,0 days 00:22:01.066000,2026-07-24 15:08:42.786,1,,,,False,False,FP2,28.5,23.1,31.7
0 days 00:26:00.998000,BEA,87,0 days 00:01:40.163000,5.0,2.0,,,0 days 00:00:33.167000,0 days 00:00:40.800000,0 days 00:00:26.196000,0 days 00:24:54.002000,0 days 00:25:34.802000,0 days 00:26:00.998000,145.0,208.0,260.0,317.0,False,MEDIUM,5.0,False,Haas F1 Team,0 days 00:24:20.835000,2026-07-24 15:11:02.555,1,,,,False,True,FP2,28.5,23.1,31.7
0 days 00:27:23.378000,BEA,87,0 days 00:01:22.380000,6.0,2.0,,,0 days 00:00:28.802000,0 days 00:00:30.002000,0 days 00:00:23.576000,0 days 00:26:29.800000,0 days 00:26:59.802000,0 days 00:27:23.378000,294.0,244.0,256.0,319.0,True,MEDIUM,6.0,False,Haas F1 Team,0 days 00:26:00.998000,2026-07-24 15:12:42.718,1,,,,False,True,FP2,28.5,23.1,31.7
0 days 00:29:29.840000,BEA,87,0 days 00:02:06.462000,7.0,2.0,,,0 days 00:00:51.614000,0 days 00:00:45.939000,0 days 00:00:28.909000,0 days 00:28:14.992000,0 days 00:29:00.931000,0 days 00:29:29.840000,150.0,179.0,196.0,158.0,False,MEDIUM,7.0,False,Haas F1 Team,0 days 00:27:23.378000,2026-07-24 15:14:05.098,1,,,,False,True,FP2,28.5,23.1,31.7
0 days 00:31:17.697000,BEA,87,0 days 00:01:47.857000,8.0,2.0,,,0 days 00:00:40.311000,0 days 00:00:42.126000,0 days 00:00:25.420000,0 days 00:30:10.151000,0 days 00:30:52.277000,0 days 00:31:17.697000,176.0,220.0,262.0,214.0,False,MEDIUM,8.0,False,Haas F1 Team,0 days 00:29:29.840000,2026-07-24 15:16:11.560,1,,,,False,True,FP2,28.3,23.2,31.9
0 days 00:32:40.031000,BEA,87,0 days 00:01:22.334000,9.0,2.0,,,0 days 00:00:28.619000,0 days 00:00:29.943000,0 days 00:00:23.772000,0 days 00:31:46.316000,0 days 00:32:16.259000,0 days 00:32:40.031000,294.0,242.0,257.0,319.0,True,MEDIUM,9.0,False,Haas F1 Team,0 days 00:31:17.697000,2026-07-24 15:17:59.417,1,,,,False,True,FP2,28.3,23.2,31.9
0 days 00:34:23.405000,BEA,87,0 days 00:01:43.374000,10.0,2.0,,0 days 00:34:21.599000,0 days 00:00:37.250000,0 days 00:00:37.181000,0 days 00:00:28.943000,0 days 00:33:17.281000,0 days 00:33:54.462000,0 days 00:34:23.405000,206.0,213.0,,198.0,False,MEDIUM,10.0,False,Haas F1 Team,0 days 00:32:40.031000,2026-07-24 15:19:21.751,1,,,,False,False,FP2,28.3,23.2,31.9
0 days 00:48:46.515000,BEA,87,,11.0,3.0,0 days 00:39:28.320000,0 days 00:41:07.975000,,0 days 00:00:34.194000,,,0 days 00:40:34.668000,,240.0,220.0,,,False,MEDIUM,11.0,False,Haas F1 Team,0 days 00:34:23.405000,2026-07-24 15:21:05.125,125,,,,False,False,FP2,28.3,23.2,31.9
0 days 00:50:30.855000,BEA,87,,12.0,4.0,0 days 00:48:46.515000,,,0 days 00:00:35.887000,0 days 00:00:25.619000,,0 days 00:50:05.393000,0 days 00:50:30.916000,226.0,217.0,264.0,198.0,False,SOFT,1.0,True,Haas F1 Team,0 days 00:48:46.515000,2026-07-24 15:35:28.235,1,,,,False,False,FP2,28.3,23.2,31.9
0 days 00:52:21.331000,BEA,87,0 days 00:01:50.476000,13.0,4.0,,,0 days 00:00:28.360000,0 days 00:00:47.017000,0 days 00:00:35.099000,0 days 00:50:59.215000,0 days 00:51:46.232000,0 days 00:52:21.331000,296.0,131.0,184.0,322.0,False,SOFT,2.0,True,Haas F1 Team,0 days 00:50:30.855000,2026-07-24 15:37:12.575,1,,,,False,True,FP2,28.3,23.2,31.9
0 days 00:54:03.689000,BEA,87,0 days 00:01:42.358000,14.0,4.0,,,0 days 00:00:41.347000,0 days 00:00:36.292000,0 days 00:00:24.719000,0 days 00:53:02.678000,0 days 00:53:38.970000,0 days 00:54:03.689000,178.0,221.0,264.0,209.0,False,SOFT,3.0,True,Haas F1 Team,0 days 00:52:21.331000,2026-07-24 15:39:03.051,1,,,,False,True,FP2,28.3,23.2,31.9
0 days 00:55:24.639000,BEA,87,0 days 00:01:20.950000,15.0,4.0,,,0 days 00:00:28.271000,0 days 00:00:29.314000,0 days 00:00:23.365000,0 days 00:54:31.960000,0 days 00:55:01.274000,0 days 00:55:24.639000,290.0,249.0,261.0,321.0,True,SOFT,4.0,True,Haas F1 Team,0 days 00:54:03.689000,2026-07-24 15:40:45.409,1,,,,False,True,FP2,28.3,23.2,31.9
0 days 00:56:57.732000,BEA,87,0 days 00:01:33.093000,16.0,4.0,,0 days 00:56:55.922000,0 days 00:00:32.983000,0 days 00:00:32.868000,0 days 00:00:27.242000,0 days 00:55:57.622000,0 days 00:56:30.490000,0 days 00:56:57.732000,251.0,226.0,,208.0,False,SOFT,5.0,True,Haas F1 Team,0 days 00:55:24.639000,2026-07-24 15:42:06.359,1,,,,False,False,FP2,28.3,23.2,31.9
0 days 01:02:44.225000,BEA,87,,17.0,5.0,0 days 01:00:54.968000,,,0 days 00:00:32.751000,0 days 00:00:24.609000,,0 days 01:02:19.771000,0 days 01:02:44.319000,267.0,228.0,253.0,208.0,False,MEDIUM,12.0,False,Haas F1 Team,0 days 00:56:57.732000,2026-07-24 15:43:39.452,1,,,,False,False,FP2,28.2,23.2,31.5
0 days 01:04:10.507000,BEA,87,0 days 00:01:26.282000,18.0,5.0,,,0 days 00:00:29.983000,0 days 00:00:31.736000,0 days 00:00:24.563000,0 days 01:03:14.208000,0 days 01:03:45.944000,0 days 01:04:10.507000,275.0,229.0,254.0,307.0,False,MEDIUM,13.0,False,Haas F1 Team,0 days 01:02:44.225000,2026-07-24 15:49:25.945,1,,,,False,True,FP2,28.2,23.2,31.5
0 days 01:05:37.040000,BEA,87,0 days 00:01:26.533000,19.0,5.0,,,0 days 00:00:29.868000,0 days 00:00:31.934000,0 days 00:00:24.731000,0 days 01:04:40.375000,0 days 01:05:12.309000,0 days 01:05:37.040000,276.0,229.0,253.0,308.0,False,MEDIUM,14.0,False,Haas F1 Team,0 days 01:04:10.507000,2026-07-24 15:50:52.227,1,,,,False,True,FP2,28.2,23.2,31.5
0 days 01:07:03.328000,BEA,87,0 days 00:01:26.288000,20.0,5.0,,,0 days 00:00:29.856000,0 days 00:00:31.879000,0 days 00:00:24.553000,0 days 01:06:06.896000,0 days 01:06:38.775000,0 days 01:07:03.328000,273.0,231.0,252.0,307.0,False,MEDIUM,15.0,False,Haas F1 Team,0 days 01:05:37.040000,2026-07-24 15:52:18.760,1,,,,False,True,FP2,28.2,23.2,31.5
0 days 01:08:29.702000,BEA,87,0 days 00:01:26.374000,21.0,5.0,,,0 days 00:00:29.929000,0 days 00:00:31.782000,0 days 00:00:24.663000,0 days 01:07:33.257000,0 days 01:08:05.039000,0 days 01:08:29.702000,275.0,231.0,253.0,307.0,False,MEDIUM,16.0,False,Haas F1 Team,0 days 01:07:03.328000,2026-07-24 15:53:45.048,1,,,,False,True,FP2,28.2,23.2,31.5
0 days 01:09:55.825000,BEA,87,0 days 00:01:26.123000,22.0,5.0,,,0 days 00:00:29.808000,0 days 00:00:31.544000,0 days 00:00:24.771000,0 days 01:08:59.510000,0 days 01:09:31.054000,0 days 01:09:55.825000,279.0,233.0,254.0,307.0,False,MEDIUM,17.0,False,Haas F1 Team,0 days 01:08:29.702000,2026-07-24 15:55:11.422,1,,,,False,True,FP2,28.2,23.2,31.5
0 days 01:11:22.426000,BEA,87,0 days 00:01:26.601000,23.0,5.0,,,0 days 00:00:29.841000,0 days 00:00:31.887000,0 days 00:00:24.873000,0 days 01:10:25.666000,0 days 01:10:57.553000,0 days 01:11:22.426000,277.0,231.0,255.0,310.0,False,MEDIUM,18.0,False,Haas F1 Team,0 days 01:09:55.825000,2026-07-24 15:56:37.545,1,,,,False,True,FP2,28.2,23.2,31.5
0 days 01:12:49.107000,BEA,87,0 days 00:01:26.681000,24.0,5.0,,,0 days 00:00:29.928000,0 days 00:00:31.925000,0 days 00:00:24.828000,0 days 01:11:52.354000,0 days 01:12:24.279000,0 days 01:12:49.107000,268.0,231.0,254.0,310.0,False,MEDIUM,19.0,False,Haas F1 Team,0 days 01:11:22.426000,2026-07-24 15:58:04.146,1,,,,False,True,FP2,28.3,23.3,31.1
0 days 01:14:16.657000,BEA,87,0 days 00:01:27.550000,25.0,5.0,,,0 days 00:00:30.321000,0 days 00:00:32.290000,0 days 00:00:24.939000,0 days 01:13:19.428000,0 days 01:13:51.718000,0 days 01:14:16.657000,273.0,230.0,255.0,311.0,False,MEDIUM,20.0,False,Haas F1 Team,0 days 01:12:49.107000,2026-07-24 15:59:30.827,1,,,,False,True,FP2,28.3,23.3,31.1
0 days 01:16:54.912000,BEA,87,,26.0,5.0,,,0 days 00:00:37.366000,0 days 00:00:37.227000,0 days 00:01:23.665000,0 days 01:14:54.206000,0 days 01:15:31.470000,0 days 01:16:54.964000,192.0,210.0,130.0,229.0,False,MEDIUM,21.0,False,Haas F1 Team,0 days 01:14:16.657000,2026-07-24 16:00:58.377,1,,,,False,False,FP2,28.3,23.3,31.1
0 days 01:19:08.496000,BEA,87,0 days 00:02:13.584000,27.0,5.0,,,0 days 00:00:31.474000,0 days 00:00:33.499000,0 days 00:01:08.611000,0 days 01:17:26.386000,0 days 01:17:59.885000,0 days 01:19:08.496000,266.0,188.0,3.0,274.0,False,MEDIUM,22.0,False,Haas F1 Team,0 days 01:16:54.912000,2026-07-24 16:03:36.632,1,,,,False,True,FP2,28.3,23.3,31.1
0 days 01:20:41.833000,BEA,87,0 days 00:01:33.337000,28.0,5.0,,0 days 01:20:39.974000,0 days 00:00:32.871000,0 days 00:00:32.655000,0 days 00:00:27.811000,0 days 01:19:41.367000,0 days 01:20:14.022000,0 days 01:20:41.833000,273.0,224.0,,263.0,False,MEDIUM,23.0,False,Haas F1 Team,0 days 01:19:08.496000,2026-07-24 16:05:50.216,1,,,,False,False,FP2,28.3,23.3,31.1
0 days 00:31:00.819000,NOR,1,,1.0,1.0,0 days 00:29:33.915000,,,0 days 00:00:30.930000,0 days 00:00:23.592000,,0 days 00:30:37.404000,0 days 00:31:00.908000,250.0,236.0,268.0,,False,SOFT,1.0,True,McLaren,0 days 00:29:33.915000,2026-07-25 10:46:34.959,1,,,,False,False,FP3,49.2,24.1,27.3
0 days 00:32:19.881000,NOR,1,0 days 00:01:19.062000,2.0,1.0,,,0 days 00:00:27.980000,0 days 00:00:28.420000,0 days 00:00:22.662000,0 days 00:31:28.799000,0 days 00:31:57.219000,0 days 00:32:19.881000,303.0,253.0,260.0,326.0,True,SOFT,2.0,True,McLaren,0 days 00:31:00.819000,2026-07-25 10:48:01.863,1,,,,False,True,FP3,50.5,24.7,27.8
0 days 00:39:42.232000,NOR,1,,3.0,1.0,,0 days 00:34:26.482000,0 days 00:00:47.336000,,,0 days 00:33:07.590000,,,164.0,,,225.0,False,SOFT,3.0,True,McLaren,0 days 00:32:19.881000,2026-07-25 10:49:20.925,125,,,,False,False,FP3,51.0,24.5,28.6
0 days 00:41:19.076000,NOR,1,,4.0,2.0,0 days 00:39:42.232000,,,0 days 00:00:31.566000,0 days 00:00:24.743000,,0 days 00:40:54.435000,0 days 00:41:19.123000,253.0,232.0,226.0,225.0,False,SOFT,4.0,False,McLaren,0 days 00:39:42.232000,2026-07-25 10:56:43.276,1,,,,False,False,FP3,52.1,24.7,28.1
0 days 00:42:52.261000,NOR,1,0 days 00:01:33.185000,5.0,2.0,,,0 days 00:00:31.341000,0 days 00:00:31.020000,0 days 00:00:30.824000,0 days 00:41:50.417000,0 days 00:42:21.437000,0 days 00:42:52.261000,259.0,182.0,268.0,265.0,False,SOFT,5.0,False,McLaren,0 days 00:41:19.076000,2026-07-25 10:58:20.120,1,,,,False,True,FP3,52.1,24.7,28.1
0 days 00:44:12.142000,NOR,1,0 days 00:01:19.881000,6.0,2.0,,,0 days 00:00:27.899000,0 days 00:00:28.499000,0 days 00:00:23.483000,0 days 00:43:20.160000,0 days 00:43:48.659000,0 days 00:44:12.142000,304.0,252.0,259.0,328.0,False,SOFT,6.0,False,McLaren,0 days 00:42:52.261000,2026-07-25 10:59:53.305,1,,,,False,True,FP3,52.0,24.5,28.4
0 days 00:46:17.004000,NOR,1,0 days 00:02:04.862000,7.0,2.0,,,0 days 00:00:45.834000,0 days 00:00:49.383000,0 days 00:00:29.645000,0 days 00:44:57.976000,0 days 00:45:47.359000,0 days 00:46:17.004000,130.0,185.0,266.0,234.0,False,SOFT,7.0,False,McLaren,0 days 00:44:12.142000,2026-07-25 11:01:13.186,1,,,,False,True,FP3,52.0,24.5,28.4
0 days 00:48:00.485000,NOR,1,0 days 00:01:43.481000,8.0,2.0,,,0 days 00:00:34.884000,0 days 00:00:41.288000,0 days 00:00:27.309000,0 days 00:46:51.888000,0 days 00:47:33.176000,0 days 00:48:00.485000,172.0,212.0,267.0,327.0,False,SOFT,8.0,False,McLaren,0 days 00:46:17.004000,2026-07-25 11:03:18.048,1,,,,False,True,FP3,52.0,24.5,28.4
0 days 00:49:20.978000,NOR,1,0 days 00:01:20.493000,9.0,2.0,,,0 days 00:00:28.065000,0 days 00:00:28.208000,0 days 00:00:24.220000,0 days 00:48:28.550000,0 days 00:48:56.758000,0 days 00:49:20.978000,304.0,249.0,158.0,325.0,False,SOFT,9.0,False,McLaren,0 days 00:48:00.485000,2026-07-25 11:05:01.529,1,,,,False,True,FP3,52.3,24.3,28.9
0 days 00:51:04.377000,NOR,1,0 days 00:01:43.399000,10.0,2.0,,0 days 00:51:02.614000,0 days 00:00:38.744000,0 days 00:00:35.433000,0 days 00:00:29.222000,0 days 00:49:59.722000,0 days 00:50:35.155000,0 days 00:51:04.377000,236.0,159.0,,218.0,False,SOFT,10.0,False,McLaren,0 days 00:49:20.978000,2026-07-25 11:06:22.022,1,,,,False,False,FP3,51.8,24.3,29.1
0 days 00:57:04.413000,NOR,1,,11.0,3.0,0 days 00:55:34.457000,,,0 days 00:00:31.921000,0 days 00:00:24.938000,,0 days 00:56:39.645000,0 days 00:57:04.413000,262.0,230.0,239.0,218.0,False,SOFT,1.0,True,McLaren,0 days 00:51:04.377000,2026-07-25 11:08:05.421,1,,,,False,False,FP3,51.8,24.3,29.1
0 days 00:58:29.805000,NOR,1,0 days 00:01:25.392000,12.0,3.0,,,0 days 00:00:30.411000,0 days 00:00:30.200000,0 days 00:00:24.781000,0 days 00:57:34.824000,0 days 00:58:05.024000,0 days 00:58:29.805000,264.0,238.0,269.0,295.0,False,SOFT,2.0,True,McLaren,0 days 00:57:04.413000,2026-07-25 11:14:05.457,1,,,,False,True,FP3,52.7,24.2,28.9
0 days 00:59:48.011000,NOR,1,0 days 00:01:18.206000,13.0,3.0,,,0 days 00:00:27.619000,0 days 00:00:27.889000,0 days 00:00:22.698000,0 days 00:58:57.424000,0 days 00:59:25.313000,0 days 00:59:48.011000,302.0,257.0,261.0,328.0,True,SOFT,3.0,True,McLaren,0 days 00:58:29.805000,2026-07-25 11:15:30.849,1,,,,False,True,FP3,52.7,24.2,28.9
0 days 01:01:47.868000,NOR,1,0 days 00:01:59.857000,14.0,3.0,,,0 days 00:00:41.297000,0 days 00:00:44.229000,0 days 00:00:34.331000,0 days 01:00:29.308000,0 days 01:01:13.537000,0 days 01:01:47.868000,159.0,162.0,151.0,221.0,False,SOFT,4.0,True,McLaren,0 days 00:59:48.011000,2026-07-25 11:16:49.055,1,,,,False,True,FP3,52.7,24.2,28.9
0 days 01:03:31.551000,NOR,1,0 days 00:01:43.683000,15.0,3.0,,,0 days 00:00:41.456000,0 days 00:00:35.812000,0 days 00:00:26.415000,0 days 01:02:29.324000,0 days 01:03:05.136000,0 days 01:03:31.551000,200.0,211.0,269.0,220.0,False,SOFT,5.0,True,McLaren,0 days 01:01:47.868000,2026-07-25 11:18:48.912,1,,,,False,True,FP3,52.7,24.4,29.2
0 days 01:04:49.490000,NOR,1,0 days 00:01:17.939000,16.0,3.0,,,0 days 00:00:27.632000,0 days 00:00:27.839000,0 days 00:00:22.468000,0 days 01:03:59.183000,0 days 01:04:27.022000,0 days 01:04:49.490000,302.0,255.0,263.0,327.0,True,SOFT,6.0,True,McLaren,0 days 01:03:31.551000,2026-07-25 11:20:32.595,1,,,,False,True,FP3,52.6,24.4,28.2
0 days 01:06:24.412000,NOR,1,0 days 00:01:34.922000,17.0,3.0,,0 days 01:06:22.588000,0 days 00:00:32.256000,0 days 00:00:33.610000,0 days 00:00:29.056000,0 days 01:05:21.746000,0 days 01:05:55.356000,0 days 01:06:24.412000,254.0,234.0,,230.0,False,SOFT,7.0,True,McLaren,0 days 01:04:49.490000,2026-07-25 11:21:50.534,1,,,,False,False,FP3,52.6,24.4,28.2
0 days 01:13:51.011000,NOR,1,,18.0,4.0,0 days 01:12:01.391000,,,0 days 00:00:33.189000,0 days 00:00:25.045000,,0 days 01:13:26.091000,0 days 01:13:51.011000,218.0,215.0,247.0,230.0,False,SOFT,8.0,False,McLaren,0 days 01:06:24.412000,2026-07-25 11:23:25.456,1,,,,False,False,FP3,52.6,24.4,28.2
0 days 01:15:40.233000,NOR,1,0 days 00:01:49.222000,19.0,4.0,,,0 days 00:00:33.110000,0 days 00:00:35.363000,0 days 00:00:40.749000,0 days 01:14:24.121000,0 days 01:14:59.484000,0 days 01:15:40.233000,209.0,218.0,52.0,315.0,False,SOFT,9.0,False,McLaren,0 days 01:13:51.011000,2026-07-25 11:30:52.055,1,,,,False,True,FP3,52.6,24.4,28.2
0 days 01:17:38.408000,NOR,1,0 days 00:01:58.175000,20.0,4.0,,0 days 01:17:36.264000,0 days 00:00:58.664000,0 days 00:00:31.343000,0 days 00:00:28.168000,0 days 01:16:38.897000,0 days 01:17:10.240000,0 days 01:17:38.408000,272.0,226.0,,265.0,False,SOFT,10.0,False,McLaren,0 days 01:15:40.233000,2026-07-25 11:32:41.277,1,,,,False,False,FP3,52.6,24.4,28.2
0 days 00:41:09.724000,VER,3,,1.0,1.0,0 days 00:39:26.637000,,,0 days 00:00:32.438000,0 days 00:00:28.013000,,0 days 00:40:41.981000,0 days 00:41:09.854000,240.0,221.0,269.0,,False,SOFT,1.0,True,Red Bull Racing,0 days 00:39:26.637000,2026-07-25 10:56:27.681,1,,,,False,False,FP3,51.3,25.1,28.5
0 days 00:42:29.288000,VER,3,0 days 00:01:19.564000,2.0,1.0,,,0 days 00:00:27.982000,0 days 00:00:28.940000,0 days 00:00:22.642000,0 days 00:41:37.706000,0 days 00:42:06.646000,0 days 00:42:29.288000,301.0,253.0,263.0,325.0,True,SOFT,2.0,True,Red Bull Racing,0 days 00:41:09.724000,2026-07-25 10:58:10.768,1,,,,False,True,FP3,51.3,25.1,28.5
0 days 00:44:41.849000,VER,3,0 days 00:02:12.561000,3.0,1.0,,,0 days 00:00:54.944000,0 days 00:00:51.020000,0 days 00:00:26.597000,0 days 00:43:24.232000,0 days 00:44:15.252000,0 days 00:44:41.849000,142.0,169.0,266.0,176.0,False,SOFT,3.0,True,Red Bull Racing,0 days 00:42:29.288000,2026-07-25 10:59:30.332,1,,,,False,True,FP3,51.3,25.1,28.5
0 days 00:46:01.130000,VER,3,0 days 00:01:19.281000,4.0,1.0,,,0 days 00:00:27.955000,0 days 00:00:28.265000,0 days 00:00:23.061000,0 days 00:45:09.804000,0 days 00:45:38.069000,0 days 00:46:01.130000,294.0,254.0,262.0,325.0,True,SOFT,4.0,True,Red Bull Racing,0 days 00:44:41.849000,2026-07-25 11:01:42.893,1,,,,False,True,FP3,51.3,25.1,28.5
0 days 00:47:45.096000,VER,3,0 days 00:01:43.966000,5.0,1.0,,0 days 00:47:43.407000,0 days 00:00:37.176000,0 days 00:00:36.305000,0 days 00:00:30.485000,0 days 00:46:38.306000,0 days 00:47:14.611000,0 days 00:47:45.096000,209.0,202.0,,215.0,False,SOFT,5.0,True,Red Bull Racing,0 days 00:46:01.130000,2026-07-25 11:03:02.174,1,,,,False,False,FP3,52.6,24.5,28.6
0 days 00:59:09.664000,VER,3,,6.0,2.0,0 days 00:57:30.912000,,,0 days 00:00:37.079000,0 days 00:00:24.310000,,0 days 00:58:45.512000,0 days 00:59:09.673000,239.0,229.0,269.0,215.0,False,SOFT,1.0,True,Red Bull Racing,0 days 00:47:45.096000,2026-07-25 11:04:46.140,1,,,,False,False,FP3,52.6,24.5,28.6
0 days 01:00:28.320000,VER,3,0 days 00:01:18.656000,7.0,2.0,,,0 days 00:00:27.652000,0 days 00:00:28.282000,0 days 00:00:22.722000,0 days 00:59:37.316000,0 days 01:00:05.598000,0 days 01:00:28.320000,297.0,254.0,258.0,326.0,True,SOFT,2.0,True,Red Bull Racing,0 days 00:59:09.664000,2026-07-25 11:16:10.708,1,,,,False,True,FP3,52.6,24.5,28.6
0 days 01:02:17.987000,VER,3,0 days 00:01:49.667000,8.0,2.0,,0 days 01:02:16.136000,0 days 00:00:39.595000,0 days 00:00:39.188000,0 days 00:00:30.884000,0 days 01:01:07.915000,0 days 01:01:47.103000,0 days 01:02:17.987000,186.0,187.0,,210.0,False,SOFT,3.0,True,Red Bull Racing,0 days 01:00:28.320000,2026-07-25 11:17:29.364,1,,,,False,False,FP3,52.6,24.5,28.6
0 days 01:08:51.930000,VER,3,,9.0,3.0,0 days 01:07:11.173000,,,0 days 00:00:39.711000,0 days 00:00:25.564000,,0 days 01:08:26.543000,0 days 01:08:52.055000,207.0,228.0,266.0,210.0,False,SOFT,4.0,False,Red Bull Racing,0 days 01:02:17.987000,2026-07-25 11:19:19.031,1,,,,False,False,FP3,52.6,24.5,28.6
0 days 01:10:10.902000,VER,3,0 days 00:01:18.972000,10.0,3.0,,,0 days 00:00:27.912000,0 days 00:00:28.320000,0 days 00:00:22.740000,0 days 01:09:19.842000,0 days 01:09:48.162000,0 days 01:10:10.902000,298.0,251.0,256.0,321.0,False,SOFT,5.0,False,Red Bull Racing,0 days 01:08:51.930000,2026-07-25 11:25:52.974,1,,,,False,True,FP3,52.6,24.5,28.6
0 days 01:12:20.623000,VER,3,0 days 00:02:09.721000,11.0,3.0,,,0 days 00:00:52.708000,0 days 00:00:49.365000,0 days 00:00:27.648000,0 days 01:11:03.610000,0 days 01:11:52.975000,0 days 01:12:20.623000,168.0,105.0,268.0,176.0,False,SOFT,6.0,False,Red Bull Racing,0 days 01:10:10.902000,2026-07-25 11:27:11.946,1,,,,False,True,FP3,52.6,24.5,28.6
0 days 01:14:01.339000,VER,3,0 days 00:01:40.716000,12.0,3.0,,,0 days 00:00:30.252000,0 days 00:00:41.226000,0 days 00:00:29.238000,0 days 01:12:50.875000,0 days 01:13:32.101000,0 days 01:14:01.339000,193.0,152.0,187.0,324.0,False,SOFT,7.0,False,Red Bull Racing,0 days 01:12:20.623000,2026-07-25 11:29:21.667,1,,,,False,True,FP3,52.6,24.4,29.2
0 days 01:16:23.408000,VER,3,0 days 00:02:22.069000,13.0,3.0,,,0 days 00:00:36.429000,0 days 00:00:33.895000,0 days 00:01:11.745000,0 days 01:14:37.768000,0 days 01:15:11.663000,0 days 01:16:23.408000,214.0,177.0,109.0,214.0,False,SOFT,8.0,False,Red Bull Racing,0 days 01:14:01.339000,2026-07-25 11:31:02.383,1,,,,False,True,FP3,52.6,24.4,29.2
0 days 01:18:03.733000,VER,3,0 days 00:01:40.325000,14.0,3.0,,0 days 01:18:01.991000,0 days 00:00:33.664000,0 days 00:00:35.963000,0 days 00:00:30.698000,0 days 01:16:57.072000,0 days 01:17:33.035000,0 days 01:18:03.733000,217.0,205.0,,282.0,False,SOFT,9.0,False,Red Bull Racing,0 days 01:16:23.408000,2026-07-25 11:33:24.452,1,,,,False,False,FP3,52.6,24.4,29.2
0 days 00:29:24.252000,BOR,5,,1.0,1.0,0 days 00:27:32.482000,,,0 days 00:00:34.124000,0 days 00:00:26.800000,,0 days 00:28:57.630000,0 days 00:29:24.255000,252.0,220.0,266.0,,False,MEDIUM,1.0,True,Audi,0 days 00:27:32.482000,2026-07-25 10:44:33.526,1,,,,False,False,FP3,52.6,24.4,29.2
0 days 00:30:45.732000,BOR,5,0 days 00:01:21.480000,2.0,1.0,,,0 days 00:00:29.028000,0 days 00:00:29.312000,0 days 00:00:23.140000,0 days 00:29:53.280000,0 days 00:30:22.592000,0 days 00:30:45.732000,302.0,248.0,259.0,327.0,True,MEDIUM,2.0,True,Audi,0 days 00:29:24.252000,2026-07-25 10:46:25.296,1,,,,False,True,FP3,52.6,24.4,29.2
0 days 00:32:47.284000,BOR,5,0 days 00:02:01.552000,3.0,1.0,,0 days 00:32:45.421000,0 days 00:00:43.873000,0 days 00:00:43.228000,0 days 00:00:34.451000,0 days 00:31:29.605000,0 days 00:32:12.833000,0 days 00:32:47.284000,148.0,155.0,,245.0,False,MEDIUM,3.0,True,Audi,0 days 00:30:45.732000,2026-07-25 10:47:46.776,1,,,,False,False,FP3,52.6,24.4,29.2
0 days 00:39:51.525000,BOR,5,,4.0,2.0,0 days 00:33:10.460000,0 days 00:35:04.123000,,,,,,,,,,,False,MEDIUM,4.0,False,Audi,0 days 00:32:47.284000,2026-07-25 10:49:48.328,125,,,,False,False,FP3,52.6,24.4,29.2
0 days 00:41:31.675000,BOR,5,,5.0,3.0,0 days 00:39:51.525000,,,0 days 00:00:34.141000,0 days 00:00:27.544000,,0 days 00:41:04.309000,0 days 00:41:31.802000,242.0,221.0,229.0,245.0,False,MEDIUM,5.0,False,Audi,0 days 00:39:51.525000,2026-07-25 10:56:52.569,1,,,,False,False,FP3,52.6,24.4,29.2
0 days 00:43:07.360000,BOR,5,0 days 00:01:35.685000,6.0,3.0,,,0 days 00:00:32.876000,0 days 00:00:34.153000,0 days 00:00:28.656000,0 days 00:42:04.551000,0 days 00:42:38.704000,0 days 00:43:07.360000,242.0,219.0,265.0,271.0,False,MEDIUM,6.0,False,Audi,0 days 00:41:31.675000,2026-07-25 10:58:32.719,1,,,,False,True,FP3,52.6,24.4,29.2
0 days 00:44:27.933000,BOR,5,0 days 00:01:20.573000,7.0,3.0,,,0 days 00:00:28.278000,0 days 00:00:29.020000,0 days 00:00:23.275000,0 days 00:43:35.638000,0 days 00:44:04.658000,0 days 00:44:27.933000,299.0,254.0,258.0,324.0,True,MEDIUM,7.0,False,Audi,0 days 00:43:07.360000,2026-07-25 11:00:08.404,1,,,,False,True,FP3,52.6,24.4,29.2
0 days 00:46:31.822000,BOR,5,0 days 00:02:03.889000,8.0,3.0,,0 days 00:46:29.983000,0 days 00:00:41.970000,0 days 00:00:45.891000,0 days 00:00:36.028000,0 days 00:45:09.903000,0 days 00:45:55.794000,0 days 00:46:31.822000,123.0,141.0,,244.0,False,MEDIUM,8.0,False,Audi,0 days 00:44:27.933000,2026-07-25 11:01:28.977,1,,,,False,False,FP3,52.6,24.4,29.2
0 days 00:48:34.336000,BOR,5,0 days 00:02:02.514000,9.0,4.0,0 days 00:46:46.652000,,0 days 00:00:56.444000,0 days 00:00:40.415000,0 days 00:00:25.655000,0 days 00:47:28.266000,0 days 00:48:08.681000,0 days 00:48:34.336000,172.0,216.0,265.0,244.0,False,MEDIUM,9.0,False,Audi,0 days 00:46:31.822000,2026-07-25 11:03:32.866,1,,,,False,False,FP3,52.6,24.4,29.2
0 days 00:50:16.397000,BOR,5,0 days 00:01:42.061000,10.0,4.0,,,0 days 00:00:34.493000,0 days 00:00:34.592000,0 days 00:00:32.976000,0 days 00:49:08.829000,0 days 00:49:43.421000,0 days 00:50:16.397000,253.0,193.0,265.0,325.0,False,MEDIUM,10.0,False,Audi,0 days 00:48:34.336000,2026-07-25 11:05:35.380,1,,,,False,True,FP3,52.6,24.4,29.2
0 days 00:51:38.213000,BOR,5,0 days 00:01:21.816000,11.0,4.0,,,0 days 00:00:28.743000,0 days 00:00:29.678000,0 days 00:00:23.395000,0 days 00:50:45.140000,0 days 00:51:14.818000,0 days 00:51:38.213000,298.0,241.0,256.0,325.0,False,MEDIUM,11.0,False,Audi,0 days 00:50:16.397000,2026-07-25 11:07:17.441,1,,,,False,True,FP3,52.6,24.4,29.2
0 days 00:53:16.470000,BOR,5,0 days 00:01:38.257000,12.0,4.0,,,0 days 00:00:38.306000,0 days 00:00:35.559000,0 days 00:00:24.392000,0 days 00:52:16.519000,0 days 00:52:52.078000,0 days 00:53:16.470000,173.0,219.0,263.0,254.0,False,MEDIUM,12.0,False,Audi,0 days 00:51:38.213000,2026-07-25 11:08:39.257,1,,,,False,True,FP3,52.6,24.4,29.2
0 days 00:55:01.818000,BOR,5,0 days 00:01:45.348000,13.0,4.0,,0 days 00:54:59.942000,0 days 00:00:36.640000,0 days 00:00:37.872000,0 days 00:00:30.836000,0 days 00:53:53.110000,0 days 00:54:30.982000,0 days 00:55:01.818000,98.0,215.0,,325.0,False,MEDIUM,13.0,False,Audi,0 days 00:53:16.470000,2026-07-25 11:10:17.514,1,,,,False,False,FP3,52.6,24.4,29.2
0 days 01:01:04.302000,BOR,5,,14.0,5.0,0 days 00:59:29.779000,,,0 days 00:00:33.350000,0 days 00:00:24.901000,,0 days 01:00:39.634000,0 days 01:01:04.386000,243.0,220.0,267.0,325.0,False,SOFT,1.0,True,Audi,0 days 00:55:01.818000,2026-07-25 11:12:02.862,1,,,,False,False,FP3,51.7,24.5,29.6
0 days 01:02:23.640000,BOR,5,0 days 00:01:19.338000,15.0,5.0,,,0 days 00:00:28.061000,0 days 00:00:28.497000,0 days 00:00:22.780000,0 days 01:01:32.363000,0 days 01:02:00.860000,0 days 01:02:23.640000,298.0,252.0,257.0,326.0,True,SOFT,2.0,True,Audi,0 days 01:01:04.302000,2026-07-25 11:18:05.346,1,,,,False,True,FP3,51.7,24.5,29.6
0 days 01:04:27.049000,BOR,5,0 days 00:02:03.409000,16.0,5.0,,0 days 01:04:25.323000,0 days 00:00:41.541000,0 days 00:00:46.650000,0 days 00:00:35.218000,0 days 01:03:05.181000,0 days 01:03:51.831000,0 days 01:04:27.049000,152.0,169.0,,234.0,False,SOFT,3.0,True,Audi,0 days 01:02:23.640000,2026-07-25 11:19:24.684,1,,,,False,False,FP3,51.7,24.5,29.6
0 days 01:06:39.989000,BOR,5,0 days 00:02:12.940000,17.0,6.0,0 days 01:04:50.340000,,0 days 00:01:03.999000,0 days 00:00:37.005000,0 days 00:00:31.936000,0 days 01:05:31.048000,0 days 01:06:08.053000,0 days 01:06:39.989000,159.0,224.0,266.0,234.0,False,SOFT,4.0,False,Audi,0 days 01:04:27.049000,2026-07-25 11:21:28.093,1,,,,False,False,FP3,51.7,24.5,29.6
0 days 01:07:59.655000,BOR,5,0 days 00:01:19.666000,18.0,6.0,,,0 days 00:00:28.057000,0 days 00:00:28.753000,0 days 00:00:22.856000,0 days 01:07:08.046000,0 days 01:07:36.799000,0 days 01:07:59.655000,282.0,255.0,259.0,326.0,False,SOFT,5.0,False,Audi,0 days 01:06:39.989000,2026-07-25 11:23:41.033,1,,,,False,True,FP3,51.7,24.5,29.6
0 days 01:09:32.537000,BOR,5,0 days 00:01:32.882000,19.0,6.0,,0 days 01:09:30.812000,0 days 00:00:36.172000,0 days 00:00:30.506000,0 days 00:00:26.204000,0 days 01:08:35.827000,0 days 01:09:06.333000,0 days 01:09:32.537000,253.0,247.0,,284.0,False,SOFT,6.0,False,Audi,0 days 01:07:59.655000,2026-07-25 11:25:00.699,1,,,,False,False,FP3,51.7,24.5,29.6
0 days 01:13:26.728000,BOR,5,,20.0,7.0,0 days 01:11:28.330000,,,0 days 00:00:33.984000,0 days 00:00:26.119000,,0 days 01:13:00.837000,0 days 01:13:26.801000,252.0,210.0,239.0,284.0,False,SOFT,7.0,False,Audi,0 days 01:09:32.537000,2026-07-25 11:26:33.581,1,,,,False,False,FP3,52.8,24.7,29.4
0 days 01:15:18.084000,BOR,5,0 days 00:01:51.356000,21.0,7.0,,,0 days 00:00:33.080000,0 days 00:00:40.407000,0 days 00:00:37.869000,0 days 01:13:59.808000,0 days 01:14:40.215000,0 days 01:15:18.084000,184.0,169.0,70.0,264.0,False,SOFT,8.0,False,Audi,0 days 01:13:26.728000,2026-07-25 11:30:27.772,1,,,,False,True,FP3,52.8,24.7,29.4
0 days 01:17:12.686000,BOR,5,0 days 00:01:54.602000,22.0,7.0,,0 days 01:17:10.783000,0 days 00:00:49.927000,0 days 00:00:34.694000,0 days 00:00:29.981000,0 days 01:16:08.011000,0 days 01:16:42.705000,0 days 01:17:12.686000,253.0,181.0,,256.0,False,SOFT,9.0,False,Audi,0 days 01:15:18.084000,2026-07-25 11:32:19.128,1,,,,False,False,FP3,52.8,24.7,29.4
0 days 00:31:30.468000,HAD,6,,1.0,1.0,0 days 00:29:56.758000,,,0 days 00:00:32.791000,0 days 00:00:26.479000,,0 days 00:31:04.301000,0 days 00:31:30.667000,245.0,231.0,264.0,,False,SOFT,1.0,True,Red Bull Racing,0 days 00:29:56.758000,2026-07-25 10:46:57.802,1,,,,False,False,FP3,52.8,24.7,29.4
0 days 00:32:49.826000,HAD,6,0 days 00:01:19.358000,2.0,1.0,,,0 days 00:00:28.144000,0 days 00:00:28.595000,0 days 00:00:22.619000,0 days 00:31:58.612000,0 days 00:32:27.207000,0 days 00:32:49.826000,300.0,254.0,259.0,325.0,True,SOFT,2.0,True,Red Bull Racing,0 days 00:31:30.468000,2026-07-25 10:48:31.512,1,,,,False,True,FP3,52.8,24.7,29.4
0 days 00:40:27.370000,HAD,6,,3.0,1.0,,0 days 00:34:49.487000,,,,,,,,,,193.0,False,SOFT,3.0,True,Red Bull Racing,0 days 00:32:49.826000,2026-07-25 10:49:50.870,125,,,,False,False,FP3,52.8,24.7,29.4
0 days 00:42:15.150000,HAD,6,,4.0,2.0,0 days 00:40:27.370000,,,0 days 00:00:33.738000,0 days 00:00:31.124000,,0 days 00:41:44.341000,0 days 00:42:15.150000,250.0,133.0,265.0,193.0,False,SOFT,4.0,False,Red Bull Racing,0 days 00:40:27.370000,2026-07-25 10:57:28.414,1,,,,False,False,FP3,52.7,24.7,29.1
0 days 00:44:02.163000,HAD,6,0 days 00:01:47.013000,5.0,2.0,,,0 days 00:00:28.036000,0 days 00:00:40.928000,0 days 00:00:38.049000,0 days 00:42:43.186000,0 days 00:43:24.114000,0 days 00:44:02.163000,301.0,143.0,196.0,324.0,False,SOFT,5.0,False,Red Bull Racing,0 days 00:42:15.150000,2026-07-25 10:59:16.194,1,,,,False,True,FP3,52.7,24.7,29.1
0 days 00:45:44.383000,HAD,6,0 days 00:01:42.220000,6.0,2.0,,,0 days 00:00:39.033000,0 days 00:00:37.106000,0 days 00:00:26.081000,0 days 00:44:41.196000,0 days 00:45:18.302000,0 days 00:45:44.383000,236.0,189.0,264.0,233.0,False,SOFT,6.0,False,Red Bull Racing,0 days 00:44:02.163000,2026-07-25 11:01:03.207,1,,,,False,True,FP3,51.3,24.4,30.5
0 days 00:47:03.468000,HAD,6,0 days 00:01:19.085000,7.0,2.0,,,0 days 00:00:27.983000,0 days 00:00:28.373000,0 days 00:00:22.729000,0 days 00:46:12.366000,0 days 00:46:40.739000,0 days 00:47:03.468000,300.0,252.0,260.0,324.0,True,SOFT,7.0,False,Red Bull Racing,0 days 00:45:44.383000,2026-07-25 11:02:45.427,1,,,,False,True,FP3,51.3,24.4,30.5
0 days 00:48:45.070000,HAD,6,0 days 00:01:41.602000,8.0,2.0,,0 days 00:48:43.375000,0 days 00:00:37.308000,0 days 00:00:33.030000,0 days 00:00:31.264000,0 days 00:47:40.776000,0 days 00:48:13.806000,0 days 00:48:45.070000,240.0,220.0,,198.0,False,SOFT,8.0,False,Red Bull Racing,0 days 00:47:03.468000,2026-07-25 11:04:04.512,1,,,,False,False,FP3,51.3,24.4,30.5
0 days 00:58:19.245000,HAD,6,,9.0,3.0,0 days 00:56:45.412000,,,0 days 00:00:35.477000,0 days 00:00:24.248000,,0 days 00:57:55.175000,0 days 00:58:19.245000,251.0,232.0,267.0,198.0,False,SOFT,1.0,True,Red Bull Racing,0 days 00:48:45.070000,2026-07-25 11:05:46.114,1,,,,False,False,FP3,51.3,24.4,30.5
0 days 00:59:48.400000,HAD,6,0 days 00:01:29.155000,10.0,3.0,,0 days 00:59:46.519000,0 days 00:00:27.926000,0 days 00:00:28.277000,0 days 00:00:32.952000,0 days 00:58:47.171000,0 days 00:59:15.448000,0 days 00:59:48.400000,296.0,258.0,,325.0,False,SOFT,2.0,True,Red Bull Racing,0 days 00:58:19.245000,2026-07-25 11:15:20.289,1,,,,False,False,FP3,51.3,24.4,30.5
0 days 01:06:46.438000,HAD,6,,11.0,4.0,0 days 01:04:53.068000,,,0 days 00:00:33.219000,0 days 00:00:38.165000,,0 days 01:06:08.595000,0 days 01:06:46.588000,256.0,231.0,267.0,325.0,False,SOFT,3.0,False,Red Bull Racing,0 days 00:59:48.400000,2026-07-25 11:16:49.444,1,,,,False,False,FP3,51.3,24.4,30.5
0 days 01:08:05.490000,HAD,6,0 days 00:01:19.052000,12.0,4.0,,,0 days 00:00:28.034000,0 days 00:00:28.365000,0 days 00:00:22.653000,0 days 01:07:14.472000,0 days 01:07:42.837000,0 days 01:08:05.490000,299.0,256.0,260.0,327.0,True,SOFT,4.0,False,Red Bull Racing,0 days 01:06:46.438000,2026-07-25 11:23:47.482,1,,,,False,True,FP3,51.3,24.4,30.5
0 days 01:10:10.352000,HAD,6,0 days 00:02:04.862000,13.0,4.0,,,0 days 00:00:46.971000,0 days 00:00:47.126000,0 days 00:00:30.765000,0 days 01:08:52.461000,0 days 01:09:39.587000,0 days 01:10:10.352000,154.0,152.0,186.0,205.0,False,SOFT,5.0,False,Red Bull Racing,0 days 01:08:05.490000,2026-07-25 11:25:06.534,1,,,,False,True,FP3,51.3,24.4,30.5
0 days 01:11:56.050000,HAD,6,0 days 00:01:45.698000,14.0,4.0,,,0 days 00:00:40.515000,0 days 00:00:36.239000,0 days 00:00:28.944000,0 days 01:10:50.867000,0 days 01:11:27.106000,0 days 01:11:56.050000,158.0,226.0,267.0,236.0,False,SOFT,6.0,False,Red Bull Racing,0 days 01:10:10.352000,2026-07-25 11:27:11.396,1,,,,False,True,FP3,51.3,24.4,30.5
0 days 01:13:14.993000,HAD,6,0 days 00:01:18.943000,15.0,4.0,,,0 days 00:00:27.845000,0 days 00:00:28.337000,0 days 00:00:22.761000,0 days 01:12:23.895000,0 days 01:12:52.232000,0 days 01:13:14.993000,295.0,256.0,259.0,327.0,True,SOFT,7.0,False,Red Bull Racing,0 days 01:11:56.050000,2026-07-25 11:28:57.094,1,,,,False,True,FP3,51.3,24.4,30.5
0 days 01:15:16.554000,HAD,6,0 days 00:02:01.561000,16.0,4.0,,,0 days 00:00:40.730000,0 days 00:00:41.870000,0 days 00:00:38.961000,0 days 01:13:55.723000,0 days 01:14:37.593000,0 days 01:15:16.554000,175.0,166.0,67.0,206.0,False,SOFT,8.0,False,Red Bull Racing,0 days 01:13:14.993000,2026-07-25 11:30:16.037,1,,,,False,True,FP3,51.3,24.4,30.5
0 days 01:17:16.602000,HAD,6,0 days 00:02:00.048000,17.0,4.0,,0 days 01:17:14.880000,0 days 00:01:01.964000,0 days 00:00:30.496000,0 days 00:00:27.588000,0 days 01:16:18.518000,0 days 01:16:49.014000,0 days 01:17:16.602000,275.0,245.0,,261.0,False,SOFT,9.0,False,Red Bull Racing,0 days 01:15:16.554000,2026-07-25 11:32:17.598,1,,,,False,False,FP3,52.5,24.5,30.2
0 days 00:39:03.667000,GAS,10,,1.0,1.0,0 days 00:32:06.060000,0 days 00:33:46.518000,,0 days 00:00:33.248000,,,0 days 00:33:13.587000,,260.0,219.0,,,False,SOFT,1.0,True,Alpine,0 days 00:32:06.060000,2026-07-25 10:49:07.104,125,,,,False,False,FP3,52.5,24.5,30.2
0 days 00:40:36.404000,GAS,10,,2.0,2.0,0 days 00:39:03.667000,,,0 days 00:00:32.941000,0 days 00:00:25.515000,,0 days 00:40:11.118000,0 days 00:40:36.600000,271.0,217.0,269.0,,False,SOFT,4.0,False,Alpine,0 days 00:39:03.667000,2026-07-25 10:56:04.711,1,,,,False,False,FP3,52.5,24.5,30.2
0 days 00:41:58.157000,GAS,10,0 days 00:01:21.753000,3.0,2.0,,,0 days 00:00:28.481000,0 days 00:00:29.822000,0 days 00:00:23.450000,0 days 00:41:04.885000,0 days 00:41:34.707000,0 days 00:41:58.157000,297.0,245.0,249.0,330.0,True,SOFT,5.0,False,Alpine,0 days 00:40:36.404000,2026-07-25 10:57:37.448,1,,,,False,True,FP3,52.5,24.5,30.2
0 days 00:44:04.068000,GAS,10,0 days 00:02:05.911000,4.0,2.0,,,0 days 00:00:41.932000,0 days 00:00:47.057000,0 days 00:00:36.922000,0 days 00:42:40.089000,0 days 00:43:27.146000,0 days 00:44:04.068000,197.0,139.0,168.0,243.0,False,SOFT,6.0,False,Alpine,0 days 00:41:58.157000,2026-07-25 10:58:59.201,1,,,,False,True,FP3,52.5,24.5,30.2
0 days 00:45:48.861000,GAS,10,0 days 00:01:44.793000,5.0,2.0,,,0 days 00:00:38.333000,0 days 00:00:39.011000,0 days 00:00:27.449000,0 days 00:44:42.401000,0 days 00:45:21.412000,0 days 00:45:48.861000,249.0,212.0,266.0,232.0,False,SOFT,7.0,False,Alpine,0 days 00:44:04.068000,2026-07-25 11:01:05.112,1,,,,False,True,FP3,52.5,24.5,30.2
0 days 00:47:29.874000,GAS,10,0 days 00:01:41.013000,6.0,2.0,,,0 days 00:00:36.768000,0 days 00:00:37.279000,0 days 00:00:26.966000,0 days 00:46:25.629000,0 days 00:47:02.908000,0 days 00:47:29.874000,138.0,215.0,265.0,333.0,False,SOFT,8.0,False,Alpine,0 days 00:45:48.861000,2026-07-25 11:02:49.905,1,,,,False,True,FP3,52.5,24.5,30.2
0 days 00:48:51.206000,GAS,10,0 days 00:01:21.332000,7.0,2.0,,,0 days 00:00:28.495000,0 days 00:00:29.488000,0 days 00:00:23.349000,0 days 00:47:58.369000,0 days 00:48:27.857000,0 days 00:48:51.206000,299.0,249.0,249.0,330.0,True,SOFT,9.0,False,Alpine,0 days 00:47:29.874000,2026-07-25 11:04:30.918,1,,,,False,True,FP3,52.5,24.5,30.2
0 days 00:50:51.134000,GAS,10,0 days 00:01:59.928000,8.0,2.0,,,0 days 00:00:45.085000,0 days 00:00:43.958000,0 days 00:00:30.885000,0 days 00:49:36.291000,0 days 00:50:20.249000,0 days 00:50:51.134000,162.0,181.0,188.0,248.0,False,SOFT,10.0,False,Alpine,0 days 00:48:51.206000,2026-07-25 11:05:52.250,1,,,,False,True,FP3,52.5,24.5,30.2
0 days 00:52:27.883000,GAS,10,0 days 00:01:36.749000,9.0,2.0,,,0 days 00:00:36.390000,0 days 00:00:34.875000,0 days 00:00:25.484000,0 days 00:51:27.524000,0 days 00:52:02.399000,0 days 00:52:27.883000,237.0,213.0,270.0,231.0,False,SOFT,11.0,False,Alpine,0 days 00:50:51.134000,2026-07-25 11:07:52.178,1,,,,False,True,FP3,52.5,24.5,30.2
0 days 00:53:48.354000,GAS,10,0 days 00:01:20.471000,10.0,2.0,,,0 days 00:00:28.227000,0 days 00:00:29.104000,0 days 00:00:23.140000,0 days 00:52:56.110000,0 days 00:53:25.214000,0 days 00:53:48.354000,297.0,252.0,256.0,333.0,True,SOFT,12.0,False,Alpine,0 days 00:52:27.883000,2026-07-25 11:09:28.927,1,,,,False,True,FP3,52.5,25.6,30.2
0 days 00:55:27.324000,GAS,10,0 days 00:01:38.970000,11.0,2.0,,0 days 00:55:25.610000,0 days 00:00:32.803000,0 days 00:00:34.244000,0 days 00:00:31.923000,0 days 00:54:21.157000,0 days 00:54:55.401000,0 days 00:55:27.324000,250.0,200.0,,282.0,False,SOFT,13.0,False,Alpine,0 days 00:53:48.354000,2026-07-25 11:10:49.398,1,,,,False,False,FP3,52.5,25.6,30.2
0 days 01:04:33.610000,GAS,10,,12.0,3.0,0 days 01:03:04.567000,,,0 days 00:00:31.910000,0 days 00:00:24.559000,,0 days 01:04:09.358000,0 days 01:04:33.721000,277.0,223.0,269.0,282.0,False,SOFT,1.0,True,Alpine,0 days 00:55:27.324000,2026-07-25 11:12:28.368,1,,,,False,False,FP3,52.5,25.6,30.2
0 days 01:05:53.333000,GAS,10,0 days 00:01:19.723000,13.0,3.0,,,0 days 00:00:27.950000,0 days 00:00:28.950000,0 days 00:00:22.823000,0 days 01:05:01.560000,0 days 01:05:30.510000,0 days 01:05:53.333000,299.0,249.0,259.0,329.0,True,SOFT,2.0,True,Alpine,0 days 01:04:33.610000,2026-07-25 11:21:34.654,1,,,,False,True,FP3,52.5,25.6,30.2
0 days 01:07:56.430000,GAS,10,0 days 00:02:03.097000,14.0,3.0,,,0 days 00:00:44.129000,0 days 00:00:46.123000,0 days 00:00:32.845000,0 days 01:06:37.462000,0 days 01:07:23.585000,0 days 01:07:56.430000,159.0,159.0,179.0,286.0,False,SOFT,3.0,True,Alpine,0 days 01:05:53.333000,2026-07-25 11:22:54.377,1,,,,False,True,FP3,52.5,25.6,30.2
0 days 01:09:40.098000,GAS,10,0 days 00:01:43.668000,15.0,3.0,,,0 days 00:00:40.070000,0 days 00:00:38.239000,0 days 00:00:25.359000,0 days 01:08:36.500000,0 days 01:09:14.739000,0 days 01:09:40.098000,179.0,210.0,269.0,240.0,False,SOFT,4.0,True,Alpine,0 days 01:07:56.430000,2026-07-25 11:24:57.474,1,,,,False,True,FP3,52.5,25.6,30.2
0 days 01:11:13.822000,GAS,10,0 days 00:01:33.724000,16.0,3.0,,,0 days 00:00:29.221000,0 days 00:00:39.032000,0 days 00:00:25.471000,0 days 01:10:09.319000,0 days 01:10:48.351000,0 days 01:11:13.822000,185.0,206.0,270.0,332.0,False,SOFT,5.0,True,Alpine,0 days 01:09:40.098000,2026-07-25 11:26:41.142,1,,,,False,True,FP3,52.5,25.6,30.2
0 days 01:12:34.368000,GAS,10,0 days 00:01:20.546000,17.0,3.0,,,0 days 00:00:28.155000,0 days 00:00:29.127000,0 days 00:00:23.264000,0 days 01:11:41.977000,0 days 01:12:11.104000,0 days 01:12:34.368000,296.0,252.0,254.0,333.0,False,SOFT,6.0,True,Alpine,0 days 01:11:13.822000,2026-07-25 11:28:14.866,1,,,,False,True,FP3,52.5,25.6,30.2
0 days 01:14:19.297000,GAS,10,0 days 00:01:44.929000,18.0,3.0,,,0 days 00:00:39.276000,0 days 00:00:38.601000,0 days 00:00:27.052000,0 days 01:13:13.644000,0 days 01:13:52.245000,0 days 01:14:19.297000,169.0,200.0,232.0,287.0,False,SOFT,7.0,True,Alpine,0 days 01:12:34.368000,2026-07-25 11:29:35.412,1,,,,False,True,FP3,52.5,25.6,30.2
0 days 01:16:39.691000,GAS,10,0 days 00:02:20.394000,19.0,3.0,,,0 days 00:00:35.493000,0 days 00:00:37.580000,0 days 00:01:07.321000,0 days 01:14:54.790000,0 days 01:15:32.370000,0 days 01:16:39.691000,219.0,195.0,118.0,258.0,False,SOFT,8.0,True,Alpine,0 days 01:14:19.297000,2026-07-25 11:31:20.341,1,,,,False,True,FP3,52.5,25.6,30.2
0 days 01:18:17.891000,GAS,10,0 days 00:01:38.200000,20.0,3.0,,0 days 01:18:16.165000,0 days 00:00:31.921000,0 days 00:00:32.325000,0 days 00:00:33.954000,0 days 01:17:11.612000,0 days 01:17:43.937000,0 days 01:18:17.891000,277.0,229.0,,286.0,False,SOFT,9.0,True,Alpine,0 days 01:16:39.691000,2026-07-25 11:33:40.735,1,,,,False,False,FP3,52.5,25.6,30.2
0 days 00:40:44.165000,ANT,12,,1.0,1.0,0 days 00:39:07.392000,,,0 days 00:00:34.617000,0 days 00:00:26.488000,,0 days 00:40:18.049000,0 days 00:40:44.423000,266.0,210.0,248.0,,False,SOFT,1.0,True,Mercedes,0 days 00:39:07.392000,2026-07-25 10:56:08.436,1,,,,False,False,FP3,52.5,25.6,30.2
0 days 00:42:19.174000,ANT,12,0 days 00:01:35.009000,2.0,1.0,,,0 days 00:00:32.430000,0 days 00:00:35.494000,0 days 00:00:27.085000,0 days 00:41:16.595000,0 days 00:41:52.089000,0 days 00:42:19.174000,260.0,204.0,270.0,301.0,True,SOFT,2.0,True,Mercedes,0 days 00:40:44.165000,2026-07-25 10:57:45.209,1,,,,False,True,FP3,52.5,25.6,30.2
0 days 00:43:39.030000,ANT,12,0 days 00:01:19.856000,3.0,1.0,,,0 days 00:00:28.030000,0 days 00:00:29.084000,0 days 00:00:22.742000,0 days 00:42:47.204000,0 days 00:43:16.288000,0 days 00:43:39.030000,299.0,253.0,260.0,332.0,True,SOFT,3.0,True,Mercedes,0 days 00:42:19.174000,2026-07-25 10:59:20.218,1,,,,False,True,FP3,52.5,25.6,30.2
0 days 00:45:40.582000,ANT,12,0 days 00:02:01.552000,4.0,1.0,,0 days 00:45:38.826000,0 days 00:00:40.502000,0 days 00:00:45.940000,0 days 00:00:35.110000,0 days 00:44:19.532000,0 days 00:45:05.472000,0 days 00:45:40.582000,150.0,128.0,,266.0,False,SOFT,4.0,True,Mercedes,0 days 00:43:39.030000,2026-07-25 11:00:40.074,1,,,,False,False,FP3,52.5,25.6,30.2
0 days 00:48:13.232000,ANT,12,,5.0,2.0,0 days 00:46:38.228000,,0 days 00:01:31.886000,0 days 00:00:34.860000,0 days 00:00:25.855000,0 days 00:47:12.687000,0 days 00:47:47.628000,0 days 00:48:13.380000,233.0,207.0,270.0,266.0,False,SOFT,5.0,False,Mercedes,0 days 00:45:40.582000,2026-07-25 11:02:41.626,1,,,,False,False,FP3,52.5,25.6,30.2
0 days 00:49:32.044000,ANT,12,0 days 00:01:18.812000,6.0,2.0,,,0 days 00:00:27.862000,0 days 00:00:28.378000,0 days 00:00:22.572000,0 days 00:48:41.094000,0 days 00:49:09.472000,0 days 00:49:32.044000,299.0,251.0,263.0,332.0,True,SOFT,6.0,False,Mercedes,0 days 00:48:13.232000,2026-07-25 11:05:14.276,1,,,,False,True,FP3,52.5,25.6,30.2
0 days 00:51:09.892000,ANT,12,0 days 00:01:37.848000,7.0,2.0,,0 days 00:51:08.247000,0 days 00:00:34.385000,0 days 00:00:34.672000,0 days 00:00:28.791000,0 days 00:50:06.429000,0 days 00:50:41.101000,0 days 00:51:09.892000,227.0,206.0,,278.0,False,SOFT,7.0,False,Mercedes,0 days 00:49:32.044000,2026-07-25 11:06:33.088,1,,,,False,False,FP3,52.5,25.6,30.2
0 days 00:56:45.211000,ANT,12,,8.0,3.0,0 days 00:55:13.150000,,,0 days 00:00:33.372000,0 days 00:00:24.869000,,0 days 00:56:20.432000,0 days 00:56:45.211000,263.0,213.0,270.0,278.0,False,SOFT,1.0,True,Mercedes,0 days 00:51:09.892000,2026-07-25 11:08:10.936,1,,,,False,False,FP3,52.5,25.6,30.2
0 days 00:58:03.465000,ANT,12,0 days 00:01:18.254000,9.0,3.0,,,0 days 00:00:27.648000,0 days 00:00:28.032000,0 days 00:00:22.574000,0 days 00:57:12.859000,0 days 00:57:40.891000,0 days 00:58:03.465000,295.0,254.0,264.0,330.0,True,SOFT,2.0,True,Mercedes,0 days 00:56:45.211000,2026-07-25 11:13:46.255,1,,,,False,True,FP3,52.5,25.6,30.2
0 days 00:59:50.823000,ANT,12,0 days 00:01:47.358000,10.0,3.0,,0 days 00:59:48.903000,0 days 00:00:33.876000,0 days 00:00:41.129000,0 days 00:00:32.353000,0 days 00:58:37.341000,0 days 00:59:18.470000,0 days 00:59:50.823000,213.0,194.0,,276.0,False,SOFT,3.0,True,Mercedes,0 days 00:58:03.465000,2026-07-25 11:15:04.509,1,,,,False,False,FP3,52.5,25.6,30.2
0 days 01:06:15.644000,ANT,12,,11.0,4.0,0 days 01:04:30.560000,,,0 days 00:00:42.120000,0 days 00:00:24.869000,,0 days 01:05:51.024000,0 days 01:06:15.836000,215.0,192.0,268.0,276.0,False,SOFT,4.0,False,Mercedes,0 days 00:59:50.823000,2026-07-25 11:16:51.867,1,,,,False,False,FP3,52.5,25.6,30.2
0 days 01:07:33.712000,ANT,12,0 days 00:01:18.068000,12.0,4.0,,,0 days 00:00:27.751000,0 days 00:00:27.933000,0 days 00:00:22.384000,0 days 01:06:43.395000,0 days 01:07:11.328000,0 days 01:07:33.712000,294.0,253.0,267.0,330.0,True,SOFT,5.0,False,Mercedes,0 days 01:06:15.644000,2026-07-25 11:23:16.688,1,,,,False,True,FP3,52.5,25.6,30.2
0 days 01:09:10.499000,ANT,12,0 days 00:01:36.787000,13.0,4.0,,0 days 01:09:08.740000,0 days 00:00:31.987000,0 days 00:00:34.289000,0 days 00:00:30.511000,0 days 01:08:05.699000,0 days 01:08:39.988000,0 days 01:09:10.499000,238.0,212.0,,277.0,False,SOFT,6.0,False,Mercedes,0 days 01:07:33.712000,2026-07-25 11:24:34.756,1,,,,False,False,FP3,53.0,25.4,29.1
0 days 01:14:45.292000,ANT,12,,14.0,5.0,0 days 01:12:40.261000,,,0 days 00:00:31.065000,0 days 00:00:24.075000,,0 days 01:14:21.360000,0 days 01:14:45.292000,281.0,237.0,257.0,277.0,False,SOFT,8.0,False,Mercedes,0 days 01:09:10.499000,2026-07-25 11:26:11.543,1,,,,False,False,FP3,53.0,25.4,29.1
0 days 01:17:00.005000,ANT,12,0 days 00:02:14.713000,15.0,5.0,,,0 days 00:00:35.121000,0 days 00:00:37.712000,0 days 00:01:01.880000,0 days 01:15:20.413000,0 days 01:15:58.125000,0 days 01:17:00.005000,187.0,183.0,59.0,247.0,False,SOFT,9.0,False,Mercedes,0 days 01:14:45.292000,2026-07-25 11:31:46.336,1,,,,False,True,FP3,53.0,25.4,29.1
0 days 01:19:13.892000,ANT,12,0 days 00:02:13.887000,16.0,5.0,,0 days 01:19:12.065000,0 days 00:01:12.379000,0 days 00:00:35.241000,0 days 00:00:26.267000,0 days 01:18:12.384000,0 days 01:18:47.625000,0 days 01:19:13.892000,260.0,236.0,,257.0,False,SOFT,10.0,False,Mercedes,0 days 01:17:00.005000,2026-07-25 11:34:01.049,1,,,,False,False,FP3,53.0,25.4,29.1
0 days 00:28:40.144000,ALO,14,,1.0,1.0,0 days 00:27:08.916000,,,0 days 00:00:32.101000,0 days 00:00:28.150000,,0 days 00:28:12.331000,0 days 00:28:40.834000,248.0,234.0,261.0,,False,MEDIUM,1.0,True,Aston Martin,0 days 00:27:08.916000,2026-07-25 10:44:09.960,1,,,,False,False,FP3,53.0,25.4,29.1
0 days 00:30:19.386000,ALO,14,0 days 00:01:39.242000,2.0,1.0,,,0 days 00:00:36.616000,0 days 00:00:35.169000,0 days 00:00:27.457000,0 days 00:29:16.760000,0 days 00:29:51.929000,0 days 00:30:19.386000,250.0,207.0,261.0,314.0,True,MEDIUM,2.0,True,Aston Martin,0 days 00:28:40.144000,2026-07-25 10:45:41.188,1,,,,False,True,FP3,53.0,25.4,29.1
0 days 00:31:40.949000,ALO,14,0 days 00:01:21.563000,3.0,1.0,,,0 days 00:00:28.979000,0 days 00:00:29.309000,0 days 00:00:23.275000,0 days 00:30:48.365000,0 days 00:31:17.674000,0 days 00:31:40.949000,281.0,250.0,256.0,315.0,True,MEDIUM,3.0,True,Aston Martin,0 days 00:30:19.386000,2026-07-25 10:47:20.430,1,,,,False,True,FP3,53.0,25.4,29.1
0 days 00:41:03.884000,ALO,14,,4.0,1.0,,0 days 00:33:35.610000,0 days 00:00:40.609000,0 days 00:00:40.137000,,0 days 00:32:21.858000,0 days 00:33:02.001000,,239.0,179.0,,166.0,False,MEDIUM,4.0,True,Aston Martin,0 days 00:31:40.949000,2026-07-25 10:48:41.993,125,,,,False,False,FP3,53.0,25.4,29.1
0 days 00:42:46.391000,ALO,14,,5.0,2.0,0 days 00:41:03.884000,,,0 days 00:00:35.835000,0 days 00:00:30.149000,,0 days 00:42:16.364000,0 days 00:42:46.498000,258.0,230.0,263.0,166.0,False,MEDIUM,5.0,False,Aston Martin,0 days 00:41:03.884000,2026-07-25 10:58:04.928,1,,,,False,False,FP3,53.0,25.4,29.1
0 days 00:44:08.180000,ALO,14,0 days 00:01:21.789000,6.0,2.0,,,0 days 00:00:28.755000,0 days 00:00:29.594000,0 days 00:00:23.440000,0 days 00:43:15.146000,0 days 00:43:44.740000,0 days 00:44:08.180000,285.0,247.0,253.0,317.0,False,MEDIUM,6.0,False,Aston Martin,0 days 00:42:46.391000,2026-07-25 10:59:47.435,1,,,,False,True,FP3,53.0,25.4,29.1
0 days 00:45:56.359000,ALO,14,0 days 00:01:48.179000,7.0,2.0,,,0 days 00:00:40.751000,0 days 00:00:38.854000,0 days 00:00:28.574000,0 days 00:44:48.931000,0 days 00:45:27.785000,0 days 00:45:56.359000,246.0,203.0,261.0,123.0,False,MEDIUM,7.0,False,Aston Martin,0 days 00:44:08.180000,2026-07-25 11:01:09.224,1,,,,False,True,FP3,53.0,25.4,29.1
0 days 00:47:18.073000,ALO,14,0 days 00:01:21.714000,8.0,2.0,,,0 days 00:00:28.779000,0 days 00:00:29.522000,0 days 00:00:23.413000,0 days 00:46:25.138000,0 days 00:46:54.660000,0 days 00:47:18.073000,283.0,247.0,254.0,318.0,False,MEDIUM,8.0,False,Aston Martin,0 days 00:45:56.359000,2026-07-25 11:02:57.403,1,,,,False,True,FP3,53.0,25.4,29.1
0 days 00:48:54.941000,ALO,14,0 days 00:01:36.868000,9.0,2.0,,0 days 00:48:53.112000,0 days 00:00:34.488000,0 days 00:00:31.979000,0 days 00:00:30.401000,0 days 00:47:52.561000,0 days 00:48:24.540000,0 days 00:48:54.941000,263.0,224.0,,274.0,False,MEDIUM,9.0,False,Aston Martin,0 days 00:47:18.073000,2026-07-25 11:04:19.117,1,,,,False,False,FP3,53.2,25.1,27.9
0 days 00:59:27.882000,ALO,14,,10.0,3.0,0 days 00:57:57.629000,,,0 days 00:00:32.934000,0 days 00:00:26.944000,,0 days 00:59:01.026000,0 days 00:59:27.947000,252.0,224.0,262.0,274.0,False,SOFT,1.0,False,Aston Martin,0 days 00:48:54.941000,2026-07-25 11:05:55.985,1,,,,False,False,FP3,53.2,25.1,27.9
0 days 01:00:48.275000,ALO,14,0 days 00:01:20.393000,11.0,3.0,,,0 days 00:00:28.349000,0 days 00:00:28.945000,0 days 00:00:23.099000,0 days 00:59:56.231000,0 days 01:00:25.176000,0 days 01:00:48.275000,282.0,247.0,257.0,315.0,True,SOFT,2.0,False,Aston Martin,0 days 00:59:27.882000,2026-07-25 11:16:28.926,1,,,,False,True,FP3,53.2,25.1,27.9
0 days 01:02:36.333000,ALO,14,0 days 00:01:48.058000,12.0,3.0,,,0 days 00:00:39.902000,0 days 00:00:39.482000,0 days 00:00:28.674000,0 days 01:01:28.177000,0 days 01:02:07.659000,0 days 01:02:36.333000,239.0,192.0,262.0,226.0,False,SOFT,3.0,False,Aston Martin,0 days 01:00:48.275000,2026-07-25 11:17:49.319,1,,,,False,True,FP3,53.2,25.1,27.9
0 days 01:04:20.073000,ALO,14,0 days 00:01:43.740000,13.0,3.0,,0 days 01:04:18.176000,0 days 00:00:29.936000,0 days 00:00:41.428000,0 days 00:00:32.376000,0 days 01:03:06.269000,0 days 01:03:47.697000,0 days 01:04:20.073000,158.0,202.0,,315.0,False,SOFT,4.0,False,Aston Martin,0 days 01:02:36.333000,2026-07-25 11:19:37.377,1,,,,False,False,FP3,53.2,25.1,27.9
0 days 01:06:53.326000,ALO,14,,14.0,4.0,0 days 01:04:58.616000,,0 days 00:01:22.912000,0 days 00:00:36.121000,0 days 00:00:34.276000,0 days 01:05:43.053000,0 days 01:06:19.161000,0 days 01:06:53.326000,242.0,186.0,264.0,315.0,False,SOFT,5.0,False,Aston Martin,0 days 01:04:20.073000,2026-07-25 11:21:21.117,1,,,,False,False,FP3,53.2,25.1,27.9
0 days 01:08:33.283000,ALO,14,0 days 00:01:39.957000,15.0,4.0,,,0 days 00:00:34.889000,0 days 00:00:35.460000,0 days 00:00:29.608000,0 days 01:07:28.215000,0 days 01:08:03.675000,0 days 01:08:33.283000,232.0,196.0,264.0,320.0,False,SOFT,6.0,False,Aston Martin,0 days 01:06:53.326000,2026-07-25 11:23:54.370,1,,,,False,True,FP3,53.2,25.1,27.9
0 days 01:09:54.071000,ALO,14,0 days 00:01:20.788000,16.0,4.0,,,0 days 00:00:28.539000,0 days 00:00:29.249000,0 days 00:00:23,0 days 01:09:01.822000,0 days 01:09:31.071000,0 days 01:09:54.071000,285.0,245.0,253.0,318.0,False,SOFT,7.0,False,Aston Martin,0 days 01:08:33.283000,2026-07-25 11:25:34.327,1,,,,False,True,FP3,53.2,25.1,27.9
0 days 01:11:35.601000,ALO,14,0 days 00:01:41.530000,17.0,4.0,,0 days 01:11:33.726000,0 days 00:00:37.121000,0 days 00:00:32.536000,0 days 00:00:31.873000,0 days 01:10:31.192000,0 days 01:11:03.728000,0 days 01:11:35.601000,189.0,223.0,,252.0,False,SOFT,8.0,False,Aston Martin,0 days 01:09:54.071000,2026-07-25 11:26:55.115,1,,,,False,False,FP3,53.2,25.1,27.9
0 days 00:29:02.601000,LEC,16,,1.0,1.0,0 days 00:27:25.028000,,,0 days 00:00:37.418000,0 days 00:00:25.907000,,0 days 00:28:36.942000,0 days 00:29:02.601000,233.0,218.0,262.0,,False,SOFT,1.0,True,Ferrari,0 days 00:27:25.028000,2026-07-25 10:44:26.072,1,,,,False,False,FP3,53.2,25.1,27.9
0 days 00:30:22.756000,LEC,16,0 days 00:01:20.155000,2.0,1.0,,,0 days 00:00:28.331000,0 days 00:00:29.093000,0 days 00:00:22.731000,0 days 00:29:30.932000,0 days 00:30:00.025000,0 days 00:30:22.756000,290.0,254.0,264.0,321.0,True,SOFT,2.0,True,Ferrari,0 days 00:29:02.601000,2026-07-25 10:46:03.645,1,,,,False,True,FP3,53.2,25.1,27.9
0 days 00:32:29.172000,LEC,16,0 days 00:02:06.416000,3.0,1.0,,0 days 00:32:27.267000,0 days 00:00:44.892000,0 days 00:00:45.850000,0 days 00:00:35.674000,0 days 00:31:07.648000,0 days 00:31:53.498000,0 days 00:32:29.172000,149.0,153.0,,277.0,False,SOFT,3.0,True,Ferrari,0 days 00:30:22.756000,2026-07-25 10:47:23.800,1,,,,False,False,FP3,53.0,25.5,27.7
0 days 00:40:07.040000,LEC,16,,4.0,2.0,0 days 00:32:45.720000,0 days 00:34:57.956000,,,,,,,,,,,False,SOFT,4.0,False,Ferrari,0 days 00:32:29.172000,2026-07-25 10:49:30.216,125,,,,False,False,FP3,53.0,25.5,27.7
0 days 00:41:55.262000,LEC,16,,5.0,3.0,0 days 00:40:07.040000,,,0 days 00:00:34.934000,0 days 00:00:28.805000,,0 days 00:41:26.585000,0 days 00:41:55.381000,258.0,163.0,265.0,277.0,False,SOFT,5.0,False,Ferrari,0 days 00:40:07.040000,2026-07-25 10:57:08.084,1,,,,False,False,FP3,53.0,25.5,27.7
0 days 00:43:14.649000,LEC,16,0 days 00:01:19.387000,6.0,3.0,,,0 days 00:00:27.981000,0 days 00:00:28.902000,0 days 00:00:22.504000,0 days 00:42:23.243000,0 days 00:42:52.145000,0 days 00:43:14.649000,292.0,256.0,267.0,326.0,True,SOFT,6.0,False,Ferrari,0 days 00:41:55.262000,2026-07-25 10:58:56.306,1,,,,False,True,FP3,53.0,25.5,27.7
0 days 00:45:15.207000,LEC,16,0 days 00:02:00.558000,7.0,3.0,,0 days 00:45:13.478000,0 days 00:00:39.107000,0 days 00:00:46.385000,0 days 00:00:35.066000,0 days 00:43:53.756000,0 days 00:44:40.141000,0 days 00:45:15.207000,169.0,156.0,,284.0,False,SOFT,7.0,False,Ferrari,0 days 00:43:14.649000,2026-07-25 11:00:15.693,1,,,,False,False,FP3,53.0,25.5,27.7
0 days 00:47:48.584000,LEC,16,,8.0,4.0,0 days 00:45:31.549000,,0 days 00:01:22.067000,0 days 00:00:46.641000,0 days 00:00:24.668000,0 days 00:46:37.414000,0 days 00:47:24.092000,0 days 00:47:48.811000,230.0,210.0,266.0,284.0,False,SOFT,8.0,False,Ferrari,0 days 00:45:15.207000,2026-07-25 11:02:16.251,1,,,,False,False,FP3,53.0,25.5,27.7
0 days 00:49:07.252000,LEC,16,0 days 00:01:18.668000,9.0,4.0,,,0 days 00:00:27.908000,0 days 00:00:28.174000,0 days 00:00:22.586000,0 days 00:48:16.492000,0 days 00:48:44.666000,0 days 00:49:07.252000,295.0,258.0,263.0,326.0,True,SOFT,9.0,False,Ferrari,0 days 00:47:48.584000,2026-07-25 11:04:49.628,1,,,,False,True,FP3,53.0,25.5,27.7
0 days 00:50:53.410000,LEC,16,0 days 00:01:46.158000,10.0,4.0,,,0 days 00:00:38.346000,0 days 00:00:36.055000,0 days 00:00:31.757000,0 days 00:49:45.598000,0 days 00:50:21.653000,0 days 00:50:53.410000,144.0,239.0,257.0,279.0,False,SOFT,10.0,False,Ferrari,0 days 00:49:07.252000,2026-07-25 11:06:08.296,1,,,,False,True,FP3,53.0,25.5,27.7
0 days 00:52:15.934000,LEC,16,0 days 00:01:22.524000,11.0,4.0,,,0 days 00:00:28.391000,0 days 00:00:29.093000,0 days 00:00:25.040000,0 days 00:51:21.801000,0 days 00:51:50.894000,0 days 00:52:15.934000,298.0,253.0,264.0,316.0,False,SOFT,11.0,False,Ferrari,0 days 00:50:53.410000,2026-07-25 11:07:54.454,1,,,,False,True,FP3,53.0,25.5,27.7
0 days 00:53:36.310000,LEC,16,0 days 00:01:20.376000,12.0,4.0,,,0 days 00:00:28.126000,0 days 00:00:29.097000,0 days 00:00:23.153000,0 days 00:52:44.060000,0 days 00:53:13.157000,0 days 00:53:36.310000,291.0,253.0,266.0,318.0,False,SOFT,12.0,False,Ferrari,0 days 00:52:15.934000,2026-07-25 11:09:16.978,1,,,,False,True,FP3,53.0,25.5,27.7
0 days 00:54:56.781000,LEC,16,0 days 00:01:20.471000,13.0,4.0,,,0 days 00:00:28.137000,0 days 00:00:29.013000,0 days 00:00:23.321000,0 days 00:54:04.447000,0 days 00:54:33.460000,0 days 00:54:56.781000,291.0,252.0,263.0,319.0,False,SOFT,13.0,False,Ferrari,0 days 00:53:36.310000,2026-07-25 11:10:37.354,1,,,,False,True,FP3,53.0,25.5,27.7
0 days 00:56:20.489000,LEC,16,0 days 00:01:23.708000,14.0,4.0,,0 days 00:56:18.649000,0 days 00:00:28.282000,0 days 00:00:29.115000,0 days 00:00:26.311000,0 days 00:55:25.063000,0 days 00:55:54.178000,0 days 00:56:20.489000,295.0,251.0,,324.0,False,SOFT,14.0,False,Ferrari,0 days 00:54:56.781000,2026-07-25 11:11:57.825,1,,,,False,False,FP3,53.0,25.5,27.7
0 days 01:02:18.068000,LEC,16,,15.0,5.0,0 days 01:00:47.793000,,,0 days 00:00:32.719000,0 days 00:00:24.316000,,0 days 01:01:54.014000,0 days 01:02:18.218000,261.0,229.0,267.0,324.0,False,SOFT,1.0,True,Ferrari,0 days 00:56:20.489000,2026-07-25 11:13:21.533,1,,,,False,False,FP3,53.0,25.5,27.7
0 days 01:03:36.359000,LEC,16,0 days 00:01:18.291000,16.0,5.0,,,0 days 00:00:27.665000,0 days 00:00:28.277000,0 days 00:00:22.349000,0 days 01:02:45.733000,0 days 01:03:14.010000,0 days 01:03:36.359000,293.0,255.0,267.0,327.0,True,SOFT,2.0,True,Ferrari,0 days 01:02:18.068000,2026-07-25 11:19:19.112,1,,,,False,True,FP3,52.2,25.1,28.1
0 days 01:05:31.205000,LEC,16,0 days 00:01:54.846000,17.0,5.0,,,0 days 00:00:40.340000,0 days 00:00:42.610000,0 days 00:00:31.896000,0 days 01:04:16.699000,0 days 01:04:59.309000,0 days 01:05:31.205000,155.0,163.0,164.0,270.0,False,SOFT,3.0,True,Ferrari,0 days 01:03:36.359000,2026-07-25 11:20:37.403,1,,,,False,True,FP3,52.2,25.1,28.1
0 days 01:07:25.550000,LEC,16,0 days 00:01:54.345000,18.0,5.0,,,0 days 00:00:42.479000,0 days 00:00:45.064000,0 days 00:00:26.802000,0 days 01:06:13.684000,0 days 01:06:58.748000,0 days 01:07:25.550000,151.0,137.0,267.0,207.0,False,SOFT,4.0,True,Ferrari,0 days 01:05:31.205000,2026-07-25 11:22:32.249,1,,,,False,True,FP3,52.2,25.1,28.1
0 days 01:09:01.125000,LEC,16,0 days 00:01:35.575000,19.0,5.0,,,0 days 00:00:32.759000,0 days 00:00:35.677000,0 days 00:00:27.139000,0 days 01:07:58.309000,0 days 01:08:33.986000,0 days 01:09:01.125000,261.0,143.0,270.0,325.0,False,SOFT,5.0,True,Ferrari,0 days 01:07:25.550000,2026-07-25 11:24:26.594,1,,,,False,True,FP3,52.2,25.1,28.1
0 days 01:10:19.468000,LEC,16,0 days 00:01:18.343000,20.0,5.0,,,0 days 00:00:27.687000,0 days 00:00:28.244000,0 days 00:00:22.412000,0 days 01:09:28.812000,0 days 01:09:57.056000,0 days 01:10:19.468000,292.0,254.0,263.0,329.0,False,SOFT,6.0,True,Ferrari,0 days 01:09:01.125000,2026-07-25 11:26:02.169,1,,,,False,True,FP3,52.2,25.1,28.1
0 days 01:12:12.701000,LEC,16,0 days 00:01:53.233000,21.0,5.0,,,0 days 00:00:38.884000,0 days 00:00:45.934000,0 days 00:00:28.415000,0 days 01:10:58.352000,0 days 01:11:44.286000,0 days 01:12:12.701000,132.0,129.0,267.0,294.0,False,SOFT,7.0,True,Ferrari,0 days 01:10:19.468000,2026-07-25 11:27:20.512,1,,,,False,True,FP3,52.2,25.1,28.1
0 days 01:13:31.241000,LEC,16,0 days 00:01:18.540000,22.0,5.0,,,0 days 00:00:27.755000,0 days 00:00:28.329000,0 days 00:00:22.456000,0 days 01:12:40.456000,0 days 01:13:08.785000,0 days 01:13:31.241000,294.0,255.0,264.0,329.0,False,SOFT,8.0,True,Ferrari,0 days 01:12:12.701000,2026-07-25 11:29:13.745,1,,,,False,True,FP3,52.2,25.1,28.1
0 days 01:15:21.593000,LEC,16,0 days 00:01:50.352000,23.0,5.0,,,0 days 00:00:35.991000,0 days 00:00:34.724000,0 days 00:00:39.637000,0 days 01:14:07.232000,0 days 01:14:41.956000,0 days 01:15:21.593000,217.0,197.0,62.0,220.0,False,SOFT,9.0,True,Ferrari,0 days 01:13:31.241000,2026-07-25 11:30:32.285,1,,,,False,True,FP3,52.2,24.8,28.5
0 days 01:17:15.426000,LEC,16,0 days 00:01:53.833000,24.0,5.0,,0 days 01:17:13.718000,0 days 00:00:55.221000,0 days 00:00:31.215000,0 days 00:00:27.397000,0 days 01:16:16.814000,0 days 01:16:48.029000,0 days 01:17:15.426000,268.0,238.0,,264.0,False,SOFT,10.0,True,Ferrari,0 days 01:15:21.593000,2026-07-25 11:32:22.637,1,,,,False,False,FP3,52.2,24.8,28.5
0 days 00:22:02.953000,STR,18,,1.0,1.0,0 days 00:20:27.114000,,,0 days 00:00:34.251000,0 days 00:00:29.569000,,0 days 00:21:33.590000,0 days 00:22:03.004000,249.0,219.0,257.0,,False,MEDIUM,1.0,True,Aston Martin,0 days 00:20:27.114000,2026-07-25 10:37:28.158,1,,,,False,False,FP3,52.2,24.8,28.5
0 days 00:23:27.449000,STR,18,0 days 00:01:24.496000,2.0,1.0,,,0 days 00:00:30.493000,0 days 00:00:30.346000,0 days 00:00:23.657000,0 days 00:22:33.446000,0 days 00:23:03.792000,0 days 00:23:27.449000,278.0,241.0,261.0,313.0,True,MEDIUM,2.0,True,Aston Martin,0 days 00:22:02.953000,2026-07-25 10:39:03.997,1,,,,False,True,FP3,52.2,24.8,28.5
0 days 00:25:18.350000,STR,18,0 days 00:01:50.901000,3.0,1.0,,,0 days 00:00:38.231000,0 days 00:00:44.123000,0 days 00:00:28.547000,0 days 00:24:05.680000,0 days 00:24:49.803000,0 days 00:25:18.350000,171.0,186.0,257.0,285.0,True,MEDIUM,3.0,True,Aston Martin,0 days 00:23:27.449000,2026-07-25 10:40:28.493,1,,,,False,True,FP3,52.2,24.8,28.5
0 days 00:26:40.513000,STR,18,0 days 00:01:22.163000,4.0,1.0,,,0 days 00:00:29.077000,0 days 00:00:29.526000,0 days 00:00:23.560000,0 days 00:25:47.427000,0 days 00:26:16.953000,0 days 00:26:40.513000,279.0,247.0,254.0,313.0,True,MEDIUM,4.0,True,Aston Martin,0 days 00:25:18.350000,2026-07-25 10:42:19.394,1,,,,False,True,FP3,52.2,24.8,28.5
0 days 00:28:45.583000,STR,18,0 days 00:02:05.070000,5.0,1.0,,,0 days 00:00:42.268000,0 days 00:00:47.957000,0 days 00:00:34.845000,0 days 00:27:22.781000,0 days 00:28:10.738000,0 days 00:28:45.583000,149.0,187.0,256.0,277.0,False,MEDIUM,5.0,True,Aston Martin,0 days 00:26:40.513000,2026-07-25 10:43:41.557,1,,,,False,True,FP3,52.2,24.8,28.5
0 days 00:30:07.506000,STR,18,0 days 00:01:21.923000,6.0,1.0,,,0 days 00:00:29.073000,0 days 00:00:29.553000,0 days 00:00:23.297000,0 days 00:29:14.656000,0 days 00:29:44.209000,0 days 00:30:07.506000,281.0,245.0,254.0,318.0,True,MEDIUM,6.0,True,Aston Martin,0 days 00:28:45.583000,2026-07-25 10:45:46.627,1,,,,False,True,FP3,52.2,24.8,28.5
0 days 00:32:10.842000,STR,18,0 days 00:02:03.336000,7.0,1.0,,0 days 00:32:09.118000,0 days 00:00:42.594000,0 days 00:00:48.470000,0 days 00:00:32.272000,0 days 00:30:50.100000,0 days 00:31:38.570000,0 days 00:32:10.842000,134.0,165.0,,275.0,False,MEDIUM,7.0,True,Aston Martin,0 days 00:30:07.506000,2026-07-25 10:47:08.550,1,,,,False,False,FP3,52.2,24.8,28.5
0 days 00:42:00.365000,STR,18,,8.0,2.0,0 days 00:39:45.825000,,,0 days 00:00:33.810000,0 days 00:00:32.834000,,0 days 00:41:27.778000,0 days 00:42:00.365000,244.0,218.0,238.0,275.0,False,MEDIUM,8.0,False,Aston Martin,0 days 00:39:45.825000,2026-07-25 10:56:46.869,1,,,,False,False,FP3,52.2,24.8,28.5
0 days 00:43:33.829000,STR,18,0 days 00:01:33.464000,9.0,2.0,,,0 days 00:00:31.584000,0 days 00:00:33.200000,0 days 00:00:28.680000,0 days 00:42:31.949000,0 days 00:43:05.149000,0 days 00:43:33.829000,260.0,221.0,257.0,263.0,False,MEDIUM,9.0,False,Aston Martin,0 days 00:42:00.365000,2026-07-25 10:59:01.409,1,,,,False,True,FP3,52.2,24.8,28.5
0 days 00:45:05.305000,STR,18,0 days 00:01:31.476000,10.0,2.0,,0 days 00:45:02.906000,0 days 00:00:28.847000,0 days 00:00:29.594000,0 days 00:00:33.035000,0 days 00:44:02.676000,0 days 00:44:32.270000,0 days 00:45:05.305000,279.0,245.0,,316.0,False,MEDIUM,10.0,False,Aston Martin,0 days 00:43:33.829000,2026-07-25 11:00:34.873,1,,,,False,False,FP3,52.2,24.8,28.5
0 days 00:59:39.740000,STR,18,,11.0,3.0,0 days 00:58:05.049000,,,0 days 00:00:33.514000,0 days 00:00:27.847000,,0 days 00:59:12.063000,0 days 00:59:39.813000,235.0,223.0,258.0,316.0,False,SOFT,1.0,True,Aston Martin,0 days 00:45:05.305000,2026-07-25 11:02:06.349,1,,,,False,False,FP3,52.2,24.8,28.5
0 days 01:01:23.215000,STR,18,0 days 00:01:43.475000,12.0,3.0,,,0 days 00:00:36.359000,0 days 00:00:39.879000,0 days 00:00:27.237000,0 days 01:00:16.099000,0 days 01:00:55.978000,0 days 01:01:23.215000,169.0,200.0,257.0,319.0,False,SOFT,2.0,True,Aston Martin,0 days 00:59:39.740000,2026-07-25 11:16:40.784,1,,,,False,True,FP3,52.2,24.8,28.5
0 days 01:02:44.148000,STR,18,0 days 00:01:20.933000,13.0,3.0,,,0 days 00:00:28.877000,0 days 00:00:28.947000,0 days 00:00:23.109000,0 days 01:01:52.092000,0 days 01:02:21.039000,0 days 01:02:44.148000,283.0,247.0,251.0,313.0,True,SOFT,3.0,True,Aston Martin,0 days 01:01:23.215000,2026-07-25 11:18:24.259,1,,,,False,True,FP3,52.2,25.9,28.5
0 days 01:04:32.713000,STR,18,0 days 00:01:48.565000,14.0,3.0,,0 days 01:04:30.913000,0 days 00:00:37.649000,0 days 00:00:38.688000,0 days 00:00:32.228000,0 days 01:03:21.797000,0 days 01:04:00.485000,0 days 01:04:32.713000,205.0,208.0,,239.0,False,SOFT,4.0,True,Aston Martin,0 days 01:02:44.148000,2026-07-25 11:19:45.192,1,,,,False,False,FP3,52.2,25.9,28.5
0 days 01:06:58.343000,STR,18,0 days 00:02:25.630000,15.0,4.0,0 days 01:05:06.992000,,0 days 00:01:15.297000,0 days 00:00:34.895000,0 days 00:00:35.438000,0 days 01:05:48.010000,0 days 01:06:22.905000,0 days 01:06:58.343000,229.0,218.0,257.0,239.0,False,SOFT,5.0,False,Aston Martin,0 days 01:04:32.713000,2026-07-25 11:21:33.757,1,,,,False,False,FP3,52.2,25.9,28.5
0 days 01:08:37.411000,STR,18,0 days 00:01:39.068000,16.0,4.0,,,0 days 00:00:33.897000,0 days 00:00:37.794000,0 days 00:00:27.377000,0 days 01:07:32.240000,0 days 01:08:10.034000,0 days 01:08:37.411000,204.0,199.0,260.0,316.0,False,SOFT,6.0,False,Aston Martin,0 days 01:06:58.343000,2026-07-25 11:23:59.387,1,,,,False,True,FP3,52.2,25.9,28.5
0 days 01:09:58.748000,STR,18,0 days 00:01:21.337000,17.0,4.0,,,0 days 00:00:28.584000,0 days 00:00:29.436000,0 days 00:00:23.317000,0 days 01:09:05.995000,0 days 01:09:35.431000,0 days 01:09:58.748000,283.0,249.0,254.0,317.0,False,SOFT,7.0,False,Aston Martin,0 days 01:08:37.411000,2026-07-25 11:25:38.455,1,,,,False,True,FP3,52.2,25.9,28.5
0 days 01:11:48.720000,STR,18,0 days 00:01:49.972000,18.0,4.0,,,0 days 00:00:41.936000,0 days 00:00:38.799000,0 days 00:00:29.237000,0 days 01:10:40.684000,0 days 01:11:19.483000,0 days 01:11:48.720000,190.0,202.0,260.0,274.0,False,SOFT,8.0,False,Aston Martin,0 days 01:09:58.748000,2026-07-25 11:26:59.792,1,,,,False,True,FP3,52.2,25.9,28.5
0 days 01:13:09.767000,STR,18,0 days 00:01:21.047000,19.0,4.0,,,0 days 00:00:28.646000,0 days 00:00:29.179000,0 days 00:00:23.222000,0 days 01:12:17.366000,0 days 01:12:46.545000,0 days 01:13:09.767000,282.0,248.0,254.0,316.0,False,SOFT,9.0,False,Aston Martin,0 days 01:11:48.720000,2026-07-25 11:28:49.764,1,,,,False,True,FP3,52.2,25.9,28.5
0 days 01:14:52.291000,STR,18,0 days 00:01:42.524000,20.0,4.0,,0 days 01:14:50.372000,0 days 00:00:33.626000,0 days 00:00:35.763000,0 days 00:00:33.135000,0 days 01:13:43.393000,0 days 01:14:19.156000,0 days 01:14:52.291000,217.0,210.0,,274.0,False,SOFT,10.0,False,Aston Martin,0 days 01:13:09.767000,2026-07-25 11:30:10.811,1,,,,False,False,FP3,52.2,25.9,28.5
0 days 00:32:18.750000,ALB,23,,1.0,1.0,0 days 00:30:45.481000,,,0 days 00:00:35.097000,0 days 00:00:25.377000,,0 days 00:31:53.494000,0 days 00:32:18.750000,265.0,210.0,265.0,,False,SOFT,1.0,True,Williams,0 days 00:30:45.481000,2026-07-25 10:47:46.525,1,,,,False,False,FP3,52.2,25.9,28.5
0 days 00:40:02.089000,ALB,23,,2.0,1.0,,0 days 00:33:50.010000,0 days 00:00:28.662000,0 days 00:00:29.281000,,0 days 00:32:47.539000,0 days 00:33:16.739000,,298.0,248.0,,325.0,False,SOFT,2.0,True,Williams,0 days 00:32:18.750000,2026-07-25 10:49:19.794,125,,,,False,False,FP3,52.2,25.9,28.5
0 days 00:41:47.397000,ALB,23,,3.0,2.0,0 days 00:40:02.089000,,,0 days 00:00:37.833000,0 days 00:00:26.451000,,0 days 00:41:21.137000,0 days 00:41:47.405000,268.0,218.0,268.0,325.0,False,SOFT,3.0,False,Williams,0 days 00:40:02.089000,2026-07-25 10:57:03.133,1,,,,False,False,FP3,52.2,25.9,28.5
0 days 00:43:08.910000,ALB,23,0 days 00:01:21.513000,4.0,2.0,,,0 days 00:00:28.467000,0 days 00:00:29.522000,0 days 00:00:23.524000,0 days 00:42:15.864000,0 days 00:42:45.386000,0 days 00:43:08.910000,298.0,246.0,264.0,326.0,True,SOFT,4.0,False,Williams,0 days 00:41:47.397000,2026-07-25 10:58:48.441,1,,,,False,True,FP3,50.5,25.3,28.2
0 days 00:45:22.288000,ALB,23,0 days 00:02:13.378000,5.0,2.0,,0 days 00:45:20.518000,0 days 00:00:45.724000,0 days 00:00:51.335000,0 days 00:00:36.319000,0 days 00:43:54.634000,0 days 00:44:45.969000,0 days 00:45:22.288000,150.0,150.0,,243.0,False,SOFT,5.0,False,Williams,0 days 00:43:08.910000,2026-07-25 11:00:09.954,1,,,,False,False,FP3,50.5,25.3,28.2
0 days 00:47:36.977000,ALB,23,0 days 00:02:14.689000,6.0,3.0,0 days 00:45:47.166000,,0 days 00:01:05.789000,0 days 00:00:36.465000,0 days 00:00:32.435000,0 days 00:46:28.077000,0 days 00:47:04.542000,0 days 00:47:36.977000,139.0,182.0,263.0,243.0,False,SOFT,6.0,False,Williams,0 days 00:45:22.288000,2026-07-25 11:02:23.332,1,,,,False,False,FP3,50.5,25.3,28.2
0 days 00:49:26.420000,ALB,23,0 days 00:01:49.443000,7.0,3.0,,0 days 00:49:24.660000,0 days 00:00:39.887000,0 days 00:00:38.744000,0 days 00:00:30.812000,0 days 00:48:16.864000,0 days 00:48:55.608000,0 days 00:49:26.420000,127.0,200.0,,326.0,False,SOFT,7.0,False,Williams,0 days 00:47:36.977000,2026-07-25 11:04:38.021,1,,,,False,False,FP3,50.5,25.3,28.2
0 days 00:59:00.091000,ALB,23,,8.0,4.0,0 days 00:57:24.884000,,,0 days 00:00:35.828000,0 days 00:00:25.354000,,0 days 00:58:35.023000,0 days 00:59:00.250000,259.0,221.0,267.0,326.0,False,SOFT,1.0,True,Williams,0 days 00:49:26.420000,2026-07-25 11:06:27.464,1,,,,False,False,FP3,50.5,25.3,28.2
0 days 01:00:20.714000,ALB,23,0 days 00:01:20.623000,9.0,4.0,,,0 days 00:00:28.280000,0 days 00:00:29.167000,0 days 00:00:23.176000,0 days 00:59:28.371000,0 days 00:59:57.538000,0 days 01:00:20.714000,296.0,251.0,254.0,326.0,False,SOFT,2.0,True,Williams,0 days 00:59:00.091000,2026-07-25 11:16:01.135,1,,,,False,True,FP3,50.5,25.3,28.2
0 days 01:02:32.653000,ALB,23,0 days 00:02:11.939000,10.0,4.0,,0 days 01:02:30.946000,0 days 00:00:50.958000,0 days 00:00:45.006000,0 days 00:00:35.975000,0 days 01:01:11.672000,0 days 01:01:56.678000,0 days 01:02:32.653000,165.0,156.0,,214.0,False,SOFT,3.0,True,Williams,0 days 01:00:20.714000,2026-07-25 11:17:21.758,1,,,,False,False,FP3,50.5,25.3,28.2
0 days 01:14:22.347000,ALB,23,,11.0,5.0,0 days 01:12:47.957000,,,0 days 00:00:30.890000,0 days 00:00:23.905000,,0 days 01:13:58.584000,0 days 01:14:22.422000,278.0,232.0,227.0,214.0,False,SOFT,4.0,False,Williams,0 days 01:02:32.653000,2026-07-25 11:19:33.697,1,,,,False,False,FP3,50.5,25.3,28.2
0 days 01:16:29.592000,ALB,23,0 days 00:02:07.245000,12.0,5.0,,,0 days 00:00:29.281000,0 days 00:00:35.981000,0 days 00:01:01.983000,0 days 01:14:51.628000,0 days 01:15:27.609000,0 days 01:16:29.592000,301.0,164.0,94.0,311.0,False,SOFT,5.0,False,Williams,0 days 01:14:22.347000,2026-07-25 11:31:23.391,1,,,,False,True,FP3,50.5,25.3,28.2
0 days 01:18:10.101000,ALB,23,0 days 00:01:40.509000,13.0,5.0,,0 days 01:18:08.267000,0 days 00:00:31.432000,0 days 00:00:39.664000,0 days 00:00:29.413000,0 days 01:17:01.024000,0 days 01:17:40.688000,0 days 01:18:10.101000,280.0,120.0,,281.0,False,SOFT,6.0,False,Williams,0 days 01:16:29.592000,2026-07-25 11:33:30.636,1,,,,False,False,FP3,49.6,25.4,28.0
0 days 00:24:53.802000,HUL,27,,1.0,1.0,0 days 00:23:02.727000,,,0 days 00:00:33.348000,0 days 00:00:28.969000,,0 days 00:24:25.543000,0 days 00:24:53.878000,251.0,224.0,269.0,,False,MEDIUM,1.0,True,Audi,0 days 00:23:02.727000,2026-07-25 10:40:03.771,1,,,,False,False,FP3,49.6,25.4,28.0
0 days 00:26:14.445000,HUL,27,0 days 00:01:20.643000,2.0,1.0,,,0 days 00:00:28.348000,0 days 00:00:29.149000,0 days 00:00:23.146000,0 days 00:25:22.150000,0 days 00:25:51.299000,0 days 00:26:14.445000,302.0,255.0,256.0,328.0,True,MEDIUM,2.0,True,Audi,0 days 00:24:53.802000,2026-07-25 10:41:54.846,1,,,,False,True,FP3,49.6,25.4,28.0
0 days 00:28:13.991000,HUL,27,0 days 00:01:59.546000,3.0,1.0,,0 days 00:28:12.259000,0 days 00:00:40.141000,0 days 00:00:44.023000,0 days 00:00:35.382000,0 days 00:26:54.586000,0 days 00:27:38.609000,0 days 00:28:13.991000,157.0,158.0,,231.0,False,MEDIUM,3.0,True,Audi,0 days 00:26:14.445000,2026-07-25 10:43:15.489,1,,,,False,False,FP3,49.6,25.4,28.0
0 days 00:30:33.690000,HUL,27,0 days 00:02:19.699000,4.0,2.0,0 days 00:28:31.382000,,0 days 00:01:08.947000,0 days 00:00:39.521000,0 days 00:00:31.231000,0 days 00:29:22.938000,0 days 00:30:02.459000,0 days 00:30:33.690000,234.0,226.0,265.0,231.0,False,MEDIUM,4.0,False,Audi,0 days 00:28:13.991000,2026-07-25 10:45:15.035,1,,,,False,False,FP3,49.6,25.4,28.0
0 days 00:31:54.082000,HUL,27,0 days 00:01:20.392000,5.0,2.0,,,0 days 00:00:28.290000,0 days 00:00:28.864000,0 days 00:00:23.238000,0 days 00:31:01.980000,0 days 00:31:30.844000,0 days 00:31:54.082000,300.0,253.0,258.0,326.0,True,MEDIUM,5.0,False,Audi,0 days 00:30:33.690000,2026-07-25 10:47:34.734,1,,,,False,True,FP3,49.6,25.4,28.0
0 days 00:40:24.547000,HUL,27,,6.0,2.0,,0 days 00:33:42.173000,0 days 00:00:36.132000,0 days 00:00:39.793000,,0 days 00:32:30.485000,0 days 00:33:10.354000,,206.0,207.0,,274.0,False,MEDIUM,6.0,False,Audi,0 days 00:31:54.082000,2026-07-25 10:48:55.126,125,,,,False,False,FP3,49.6,25.4,28.0
0 days 00:42:38.551000,HUL,27,,7.0,3.0,0 days 00:40:24.547000,,,0 days 00:00:38.174000,0 days 00:00:30.010000,,0 days 00:42:08.801000,0 days 00:42:38.623000,144.0,219.0,232.0,274.0,False,MEDIUM,7.0,False,Audi,0 days 00:40:24.547000,2026-07-25 10:57:25.591,1,,,,False,False,FP3,49.6,25.4,28.0
0 days 00:44:16.084000,HUL,27,0 days 00:01:37.533000,8.0,3.0,,,0 days 00:00:32.317000,0 days 00:00:36.438000,0 days 00:00:28.778000,0 days 00:43:10.868000,0 days 00:43:47.306000,0 days 00:44:16.084000,257.0,224.0,267.0,274.0,False,MEDIUM,8.0,False,Audi,0 days 00:42:38.551000,2026-07-25 10:59:39.595,1,,,,False,True,FP3,49.6,25.4,28.0
0 days 00:45:36.487000,HUL,27,0 days 00:01:20.403000,9.0,3.0,,,0 days 00:00:28.275000,0 days 00:00:28.992000,0 days 00:00:23.136000,0 days 00:44:44.359000,0 days 00:45:13.351000,0 days 00:45:36.487000,299.0,253.0,257.0,324.0,False,MEDIUM,9.0,False,Audi,0 days 00:44:16.084000,2026-07-25 11:01:17.128,1,,,,False,True,FP3,49.6,25.4,28.0
0 days 00:47:20.109000,HUL,27,0 days 00:01:43.622000,10.0,3.0,,,0 days 00:00:38.789000,0 days 00:00:37.940000,0 days 00:00:26.893000,0 days 00:46:15.276000,0 days 00:46:53.216000,0 days 00:47:20.109000,215.0,177.0,263.0,246.0,False,MEDIUM,10.0,False,Audi,0 days 00:45:36.487000,2026-07-25 11:02:37.531,1,,,,False,True,FP3,49.6,25.4,28.0
0 days 00:48:42.337000,HUL,27,0 days 00:01:22.228000,11.0,3.0,,,0 days 00:00:28.619000,0 days 00:00:29.913000,0 days 00:00:23.696000,0 days 00:47:48.728000,0 days 00:48:18.641000,0 days 00:48:42.337000,295.0,243.0,264.0,328.0,False,MEDIUM,11.0,False,Audi,0 days 00:47:20.109000,2026-07-25 11:04:21.153,1,,,,False,True,FP3,49.6,25.4,28.0
0 days 00:50:04.404000,HUL,27,0 days 00:01:22.067000,12.0,3.0,,,0 days 00:00:28.719000,0 days 00:00:29.625000,0 days 00:00:23.723000,0 days 00:49:11.056000,0 days 00:49:40.681000,0 days 00:50:04.404000,289.0,246.0,265.0,327.0,False,MEDIUM,12.0,False,Audi,0 days 00:48:42.337000,2026-07-25 11:05:43.381,1,,,,False,True,FP3,49.6,25.4,28.0
0 days 00:51:26.558000,HUL,27,0 days 00:01:22.154000,13.0,3.0,,,0 days 00:00:28.938000,0 days 00:00:29.470000,0 days 00:00:23.746000,0 days 00:50:33.342000,0 days 00:51:02.812000,0 days 00:51:26.558000,290.0,244.0,263.0,319.0,False,MEDIUM,13.0,False,Audi,0 days 00:50:04.404000,2026-07-25 11:07:05.448,1,,,,False,True,FP3,49.6,25.4,28.0
0 days 00:52:49.090000,HUL,27,0 days 00:01:22.532000,14.0,3.0,,,0 days 00:00:28.879000,0 days 00:00:29.915000,0 days 00:00:23.738000,0 days 00:51:55.437000,0 days 00:52:25.352000,0 days 00:52:49.090000,289.0,243.0,264.0,318.0,False,MEDIUM,14.0,False,Audi,0 days 00:51:26.558000,2026-07-25 11:08:27.602,1,,,,False,True,FP3,49.6,25.4,28.0
0 days 00:54:15.298000,HUL,27,0 days 00:01:26.208000,15.0,3.0,,0 days 00:54:13.582000,0 days 00:00:28.786000,0 days 00:00:29.805000,0 days 00:00:27.617000,0 days 00:53:17.876000,0 days 00:53:47.681000,0 days 00:54:15.298000,294.0,244.0,,319.0,False,MEDIUM,15.0,False,Audi,0 days 00:52:49.090000,2026-07-25 11:09:50.134,1,,,,False,False,FP3,49.6,25.4,28.0
0 days 01:00:34.391000,HUL,27,,16.0,4.0,0 days 00:58:58.192000,,,0 days 00:00:37.038000,0 days 00:00:25.868000,,0 days 01:00:08.871000,0 days 01:00:34.522000,243.0,222.0,269.0,319.0,False,SOFT,1.0,True,Audi,0 days 00:54:15.298000,2026-07-25 11:11:16.342,1,,,,False,False,FP3,49.6,25.4,28.0
0 days 01:01:53.551000,HUL,27,0 days 00:01:19.160000,17.0,4.0,,,0 days 00:00:27.936000,0 days 00:00:28.352000,0 days 00:00:22.872000,0 days 01:01:02.327000,0 days 01:01:30.679000,0 days 01:01:53.551000,299.0,256.0,258.0,327.0,True,SOFT,2.0,True,Audi,0 days 01:00:34.391000,2026-07-25 11:17:35.435,1,,,,False,True,FP3,51.4,25.1,27.8
0 days 01:03:48.367000,HUL,27,0 days 00:01:54.816000,18.0,4.0,,0 days 01:03:46.615000,0 days 00:00:39.346000,0 days 00:00:38.741000,0 days 00:00:36.729000,0 days 01:02:32.897000,0 days 01:03:11.638000,0 days 01:03:48.367000,192.0,187.0,,224.0,False,SOFT,3.0,True,Audi,0 days 01:01:53.551000,2026-07-25 11:18:54.595,1,,,,False,False,FP3,51.4,25.1,27.8
0 days 01:06:21.328000,HUL,27,,19.0,5.0,0 days 01:04:14.170000,,0 days 00:01:26.922000,0 days 00:00:39.760000,0 days 00:00:26.198000,0 days 01:05:15.553000,0 days 01:05:55.313000,0 days 01:06:21.328000,119.0,226.0,268.0,224.0,False,SOFT,4.0,False,Audi,0 days 01:03:48.367000,2026-07-25 11:20:49.411,1,,,,False,False,FP3,51.4,25.1,27.8
0 days 01:08:02.071000,HUL,27,0 days 00:01:40.743000,20.0,5.0,,,0 days 00:00:32.784000,0 days 00:00:39.142000,0 days 00:00:28.817000,0 days 01:06:54.112000,0 days 01:07:33.254000,0 days 01:08:02.071000,214.0,194.0,268.0,326.0,False,SOFT,5.0,False,Audi,0 days 01:06:21.328000,2026-07-25 11:23:22.372,1,,,,False,True,FP3,51.4,25.1,27.8
0 days 01:09:27.186000,HUL,27,0 days 00:01:25.115000,21.0,5.0,,0 days 01:09:25.400000,0 days 00:00:27.951000,0 days 00:00:28.525000,0 days 00:00:28.639000,0 days 01:08:30.022000,0 days 01:08:58.547000,0 days 01:09:27.186000,293.0,256.0,,328.0,False,SOFT,6.0,False,Audi,0 days 01:08:02.071000,2026-07-25 11:25:03.115,1,,,,False,False,FP3,51.4,25.1,27.8
0 days 01:14:11.700000,HUL,27,,22.0,6.0,0 days 01:12:25.496000,,,0 days 00:00:32.820000,0 days 00:00:25.869000,,0 days 01:13:45.963000,0 days 01:14:11.795000,190.0,226.0,249.0,328.0,False,SOFT,7.0,False,Audi,0 days 01:09:27.186000,2026-07-25 11:26:28.230,1,,,,False,False,FP3,51.4,25.1,27.8
0 days 01:16:27.439000,HUL,27,0 days 00:02:15.739000,23.0,6.0,,,0 days 00:00:33.028000,0 days 00:00:38.013000,0 days 00:01:04.698000,0 days 01:14:44.728000,0 days 01:15:22.741000,0 days 01:16:27.439000,231.0,175.0,23.0,286.0,False,SOFT,8.0,False,Audi,0 days 01:14:11.700000,2026-07-25 11:31:12.744,1,,,,False,True,FP3,51.4,25.1,27.8
0 days 01:18:02.022000,HUL,27,0 days 00:01:34.583000,24.0,6.0,,0 days 01:18:00.125000,0 days 00:00:31.827000,0 days 00:00:34.576000,0 days 00:00:28.180000,0 days 01:16:59.266000,0 days 01:17:33.842000,0 days 01:18:02.022000,286.0,235.0,,274.0,False,SOFT,9.0,False,Audi,0 days 01:16:27.439000,2026-07-25 11:33:28.483,1,,,,False,False,FP3,52.2,25.3,28.0
0 days 00:29:52.763000,LAW,30,,1.0,1.0,0 days 00:28:11.681000,,,0 days 00:00:36.407000,0 days 00:00:25.095000,,0 days 00:29:27.928000,0 days 00:29:53.014000,231.0,215.0,264.0,,False,MEDIUM,1.0,True,Racing Bulls,0 days 00:28:11.681000,2026-07-25 10:45:12.725,1,,,,False,False,FP3,52.2,25.3,28.0
0 days 00:31:13.080000,LAW,30,0 days 00:01:20.317000,2.0,1.0,,,0 days 00:00:28.614000,0 days 00:00:28.849000,0 days 00:00:22.854000,0 days 00:30:21.377000,0 days 00:30:50.226000,0 days 00:31:13.080000,306.0,254.0,262.0,323.0,True,MEDIUM,2.0,True,Racing Bulls,0 days 00:29:52.763000,2026-07-25 10:46:53.807,1,,,,False,True,FP3,52.2,25.3,28.0
0 days 00:33:17.799000,LAW,30,0 days 00:02:04.719000,3.0,1.0,,,0 days 00:00:47.669000,0 days 00:00:43.821000,0 days 00:00:33.229000,0 days 00:32:00.749000,0 days 00:32:44.570000,0 days 00:33:17.799000,149.0,152.0,207.0,201.0,False,MEDIUM,3.0,True,Racing Bulls,0 days 00:31:13.080000,2026-07-25 10:48:14.124,12,,,,False,True,FP3,52.2,25.3,28.0
0 days 00:39:49.648000,LAW,30,,4.0,1.0,,0 days 00:35:16.319000,,,,,,,,,,221.0,False,MEDIUM,4.0,True,Racing Bulls,0 days 00:33:17.799000,2026-07-25 10:50:18.843,251,,,,False,False,FP3,52.2,25.3,28.0
0 days 00:41:28.210000,LAW,30,,5.0,2.0,0 days 00:39:49.648000,,,0 days 00:00:33.645000,0 days 00:00:25.073000,,0 days 00:41:03.385000,0 days 00:41:28.370000,242.0,223.0,267.0,221.0,False,MEDIUM,5.0,False,Racing Bulls,0 days 00:39:49.648000,2026-07-25 10:56:50.692,1,,,,False,False,FP3,52.2,25.3,28.0
0 days 00:43:05.854000,LAW,30,0 days 00:01:37.644000,6.0,2.0,,,0 days 00:00:28.227000,0 days 00:00:40.211000,0 days 00:00:29.206000,0 days 00:41:56.437000,0 days 00:42:36.648000,0 days 00:43:05.854000,299.0,189.0,169.0,325.0,False,MEDIUM,6.0,False,Racing Bulls,0 days 00:41:28.210000,2026-07-25 10:58:29.254,1,,,,False,True,FP3,52.2,25.3,28.0
0 days 00:44:51.884000,LAW,30,0 days 00:01:46.030000,7.0,2.0,,,0 days 00:00:42.318000,0 days 00:00:38.126000,0 days 00:00:25.586000,0 days 00:43:48.172000,0 days 00:44:26.298000,0 days 00:44:51.884000,200.0,201.0,266.0,207.0,False,MEDIUM,7.0,False,Racing Bulls,0 days 00:43:05.854000,2026-07-25 11:00:06.898,1,,,,False,True,FP3,52.2,25.3,28.0
0 days 00:46:11.919000,LAW,30,0 days 00:01:20.035000,8.0,2.0,,,0 days 00:00:28.279000,0 days 00:00:28.669000,0 days 00:00:23.087000,0 days 00:45:20.163000,0 days 00:45:48.832000,0 days 00:46:11.919000,302.0,250.0,263.0,326.0,True,MEDIUM,8.0,False,Racing Bulls,0 days 00:44:51.884000,2026-07-25 11:01:52.928,1,,,,False,True,FP3,52.2,25.3,28.0
0 days 00:47:55.379000,LAW,30,0 days 00:01:43.460000,9.0,2.0,,0 days 00:47:53.698000,0 days 00:00:38.323000,0 days 00:00:33.856000,0 days 00:00:31.281000,0 days 00:46:50.242000,0 days 00:47:24.098000,0 days 00:47:55.379000,254.0,219.0,,211.0,False,MEDIUM,9.0,False,Racing Bulls,0 days 00:46:11.919000,2026-07-25 11:03:12.963,1,,,,False,False,FP3,52.2,25.3,28.0
0 days 00:50:18.990000,LAW,30,0 days 00:02:23.611000,10.0,3.0,0 days 00:48:33.787000,,0 days 00:01:29.701000,0 days 00:00:30.157000,0 days 00:00:23.753000,0 days 00:49:25.080000,0 days 00:49:55.237000,0 days 00:50:18.990000,288.0,249.0,265.0,211.0,False,MEDIUM,10.0,False,Racing Bulls,0 days 00:47:55.379000,2026-07-25 11:04:56.423,1,,,,False,False,FP3,52.2,25.3,28.0
0 days 00:51:41.390000,LAW,30,0 days 00:01:22.400000,11.0,3.0,,,0 days 00:00:28.922000,0 days 00:00:29.849000,0 days 00:00:23.629000,0 days 00:50:47.912000,0 days 00:51:17.761000,0 days 00:51:41.390000,290.0,248.0,265.0,321.0,False,MEDIUM,11.0,False,Racing Bulls,0 days 00:50:18.990000,2026-07-25 11:07:20.034,1,,,,False,True,FP3,52.2,25.3,28.0
0 days 00:53:04.108000,LAW,30,0 days 00:01:22.718000,12.0,3.0,,,0 days 00:00:29.398000,0 days 00:00:29.764000,0 days 00:00:23.556000,0 days 00:52:10.788000,0 days 00:52:40.552000,0 days 00:53:04.108000,295.0,250.0,265.0,322.0,False,MEDIUM,12.0,False,Racing Bulls,0 days 00:51:41.390000,2026-07-25 11:08:42.434,1,,,,False,True,FP3,52.2,25.3,28.0
0 days 00:54:25.720000,LAW,30,0 days 00:01:21.612000,13.0,3.0,,,0 days 00:00:28.619000,0 days 00:00:29.486000,0 days 00:00:23.507000,0 days 00:53:32.727000,0 days 00:54:02.213000,0 days 00:54:25.720000,299.0,249.0,266.0,321.0,False,MEDIUM,13.0,False,Racing Bulls,0 days 00:53:04.108000,2026-07-25 11:10:05.152,1,,,,False,True,FP3,52.2,25.3,28.0
0 days 00:55:48.046000,LAW,30,0 days 00:01:22.326000,14.0,3.0,,,0 days 00:00:29.003000,0 days 00:00:29.668000,0 days 00:00:23.655000,0 days 00:54:54.723000,0 days 00:55:24.391000,0 days 00:55:48.046000,293.0,250.0,265.0,322.0,False,MEDIUM,14.0,False,Racing Bulls,0 days 00:54:25.720000,2026-07-25 11:11:26.764,1,,,,False,True,FP3,52.2,25.3,28.0
0 days 00:57:12.744000,LAW,30,0 days 00:01:24.698000,15.0,3.0,,0 days 00:57:11.086000,0 days 00:00:28.672000,0 days 00:00:29.743000,0 days 00:00:26.283000,0 days 00:56:16.718000,0 days 00:56:46.461000,0 days 00:57:12.744000,300.0,250.0,,321.0,False,MEDIUM,15.0,False,Racing Bulls,0 days 00:55:48.046000,2026-07-25 11:12:49.090,1,,,,False,False,FP3,52.8,25.2,28.6
0 days 01:03:23.699000,LAW,30,,16.0,4.0,0 days 01:01:43.894000,,,0 days 00:00:35.393000,0 days 00:00:28.226000,,0 days 01:02:55.655000,0 days 01:03:23.739000,237.0,129.0,266.0,321.0,False,SOFT,1.0,True,Racing Bulls,0 days 00:57:12.744000,2026-07-25 11:14:13.788,1,,,,False,False,FP3,52.8,25.2,28.6
0 days 01:04:42.787000,LAW,30,0 days 00:01:19.088000,17.0,4.0,,,0 days 00:00:28.145000,0 days 00:00:28.258000,0 days 00:00:22.685000,0 days 01:03:51.844000,0 days 01:04:20.102000,0 days 01:04:42.787000,309.0,254.0,261.0,324.0,True,SOFT,2.0,True,Racing Bulls,0 days 01:03:23.699000,2026-07-25 11:20:24.743,1,,,,False,True,FP3,52.8,25.2,28.6
0 days 01:06:36.267000,LAW,30,0 days 00:01:53.480000,18.0,4.0,,0 days 01:06:34.356000,0 days 00:00:39.042000,0 days 00:00:40.596000,0 days 00:00:33.842000,0 days 01:05:21.829000,0 days 01:06:02.425000,0 days 01:06:36.267000,196.0,153.0,,199.0,False,SOFT,3.0,True,Racing Bulls,0 days 01:04:42.787000,2026-07-25 11:21:43.831,1,,,,False,False,FP3,52.8,25.2,28.6
0 days 01:11:21.333000,LAW,30,,19.0,5.0,0 days 01:09:35.455000,,,0 days 00:00:36.482000,0 days 00:00:27.464000,,0 days 01:10:54.051000,0 days 01:11:21.392000,97.0,214.0,267.0,199.0,False,SOFT,4.0,False,Racing Bulls,0 days 01:06:36.267000,2026-07-25 11:23:37.311,1,,,,False,False,FP3,52.8,25.2,28.6
0 days 01:12:40.705000,LAW,30,0 days 00:01:19.372000,20.0,5.0,,,0 days 00:00:27.993000,0 days 00:00:28.399000,0 days 00:00:22.980000,0 days 01:11:49.326000,0 days 01:12:17.725000,0 days 01:12:40.705000,308.0,254.0,254.0,325.0,False,SOFT,5.0,False,Racing Bulls,0 days 01:11:21.333000,2026-07-25 11:28:22.377,1,,,,False,True,FP3,52.8,25.2,28.6
0 days 01:14:22.266000,LAW,30,0 days 00:01:41.561000,21.0,5.0,,,0 days 00:00:37.706000,0 days 00:00:37.067000,0 days 00:00:26.788000,0 days 01:13:18.411000,0 days 01:13:55.478000,0 days 01:14:22.266000,228.0,193.0,211.0,196.0,False,SOFT,6.0,False,Racing Bulls,0 days 01:12:40.705000,2026-07-25 11:29:41.749,1,,,,False,True,FP3,52.8,25.2,28.6
0 days 01:16:44.082000,LAW,30,0 days 00:02:21.816000,22.0,5.0,,,0 days 00:00:35.630000,0 days 00:00:41.744000,0 days 00:01:04.442000,0 days 01:14:57.896000,0 days 01:15:39.640000,0 days 01:16:44.082000,239.0,161.0,141.0,215.0,False,SOFT,7.0,False,Racing Bulls,0 days 01:14:22.266000,2026-07-25 11:31:23.310,1,,,,False,True,FP3,52.8,25.2,28.6
0 days 01:18:23.266000,LAW,30,0 days 00:01:39.184000,23.0,5.0,,0 days 01:18:21.403000,0 days 00:00:30.502000,0 days 00:00:35.535000,0 days 00:00:33.147000,0 days 01:17:14.584000,0 days 01:17:50.119000,0 days 01:18:23.266000,295.0,148.0,,287.0,False,SOFT,8.0,False,Racing Bulls,0 days 01:16:44.082000,2026-07-25 11:33:45.126,1,,,,False,False,FP3,52.8,25.2,28.6
0 days 00:41:01.515000,OCO,31,,1.0,1.0,0 days 00:39:18.427000,,,0 days 00:00:33.909000,0 days 00:00:27.828000,,0 days 00:40:33.971000,0 days 00:41:01.627000,239.0,215.0,264.0,,False,SOFT,1.0,True,Haas F1 Team,0 days 00:39:18.427000,2026-07-25 10:56:19.471,1,,,,False,False,FP3,52.8,25.2,28.6
0 days 00:42:37.700000,OCO,31,0 days 00:01:36.185000,2.0,1.0,,,0 days 00:00:28.525000,0 days 00:00:36.076000,0 days 00:00:31.584000,0 days 00:41:30.040000,0 days 00:42:06.116000,0 days 00:42:37.700000,303.0,171.0,263.0,324.0,True,SOFT,2.0,True,Haas F1 Team,0 days 00:41:01.515000,2026-07-25 10:58:02.559,1,,,,False,True,FP3,52.8,25.2,28.6
0 days 00:43:58.667000,OCO,31,0 days 00:01:20.967000,3.0,1.0,,,0 days 00:00:28.485000,0 days 00:00:29.274000,0 days 00:00:23.208000,0 days 00:43:06.185000,0 days 00:43:35.459000,0 days 00:43:58.667000,300.0,251.0,256.0,326.0,True,SOFT,3.0,True,Haas F1 Team,0 days 00:42:37.700000,2026-07-25 10:59:38.744,1,,,,False,True,FP3,53.2,24.6,29.4
0 days 00:46:06.692000,OCO,31,0 days 00:02:08.025000,4.0,1.0,,,0 days 00:00:50.364000,0 days 00:00:46.366000,0 days 00:00:31.295000,0 days 00:44:49.031000,0 days 00:45:35.397000,0 days 00:46:06.692000,143.0,188.0,196.0,174.0,False,SOFT,4.0,True,Haas F1 Team,0 days 00:43:58.667000,2026-07-25 11:00:59.711,1,,,,False,True,FP3,53.2,24.6,29.4
0 days 00:48:07.880000,OCO,31,0 days 00:02:01.188000,5.0,1.0,,,0 days 00:00:44.278000,0 days 00:00:50.462000,0 days 00:00:26.448000,0 days 00:46:50.970000,0 days 00:47:41.432000,0 days 00:48:07.880000,128.0,212.0,264.0,200.0,False,SOFT,5.0,True,Haas F1 Team,0 days 00:46:06.692000,2026-07-25 11:03:07.736,1,,,,False,True,FP3,53.2,24.6,29.4
0 days 00:49:28.842000,OCO,31,0 days 00:01:20.962000,6.0,1.0,,,0 days 00:00:28.518000,0 days 00:00:29.233000,0 days 00:00:23.211000,0 days 00:48:36.398000,0 days 00:49:05.631000,0 days 00:49:28.842000,300.0,252.0,260.0,325.0,True,SOFT,6.0,True,Haas F1 Team,0 days 00:48:07.880000,2026-07-25 11:05:08.924,1,,,,False,True,FP3,53.2,24.6,29.4
0 days 00:51:32.443000,OCO,31,0 days 00:02:03.601000,7.0,1.0,,,0 days 00:00:43.935000,0 days 00:00:45.480000,0 days 00:00:34.186000,0 days 00:50:12.777000,0 days 00:50:58.257000,0 days 00:51:32.443000,153.0,160.0,187.0,293.0,False,SOFT,7.0,True,Haas F1 Team,0 days 00:49:28.842000,2026-07-25 11:06:29.886,1,,,,False,True,FP3,53.2,24.6,29.4
0 days 00:53:24.882000,OCO,31,0 days 00:01:52.439000,8.0,1.0,,,0 days 00:00:42.534000,0 days 00:00:43.944000,0 days 00:00:25.961000,0 days 00:52:14.977000,0 days 00:52:58.921000,0 days 00:53:24.882000,164.0,220.0,263.0,186.0,False,SOFT,8.0,True,Haas F1 Team,0 days 00:51:32.443000,2026-07-25 11:08:33.487,1,,,,False,True,FP3,53.2,25.5,29.4
0 days 00:54:45.731000,OCO,31,0 days 00:01:20.849000,9.0,1.0,,,0 days 00:00:28.508000,0 days 00:00:29.201000,0 days 00:00:23.140000,0 days 00:53:53.390000,0 days 00:54:22.591000,0 days 00:54:45.731000,299.0,250.0,258.0,325.0,True,SOFT,9.0,True,Haas F1 Team,0 days 00:53:24.882000,2026-07-25 11:10:25.926,1,,,,False,True,FP3,53.2,25.5,29.4
0 days 00:56:25.925000,OCO,31,0 days 00:01:40.194000,10.0,1.0,,0 days 00:56:24.192000,0 days 00:00:35.523000,0 days 00:00:35.449000,0 days 00:00:29.222000,0 days 00:55:21.254000,0 days 00:55:56.703000,0 days 00:56:25.925000,255.0,226.0,,287.0,False,SOFT,10.0,True,Haas F1 Team,0 days 00:54:45.731000,2026-07-25 11:11:46.775,1,,,,False,False,FP3,53.2,25.5,29.4
0 days 01:04:56.152000,OCO,31,,11.0,2.0,0 days 01:03:11.421000,,,0 days 00:00:36.549000,0 days 00:00:30.269000,,0 days 01:04:26.195000,0 days 01:04:56.346000,266.0,218.0,267.0,287.0,False,SOFT,1.0,True,Haas F1 Team,0 days 00:56:25.925000,2026-07-25 11:13:26.969,1,,,,False,False,FP3,53.2,25.5,29.4
0 days 01:06:16.447000,OCO,31,0 days 00:01:20.295000,12.0,2.0,,,0 days 00:00:28.279000,0 days 00:00:29.047000,0 days 00:00:22.969000,0 days 01:05:24.431000,0 days 01:05:53.478000,0 days 01:06:16.447000,301.0,251.0,261.0,328.0,True,SOFT,2.0,True,Haas F1 Team,0 days 01:04:56.152000,2026-07-25 11:21:57.196,1,,,,False,True,FP3,53.2,25.5,29.4
0 days 01:08:25.335000,OCO,31,0 days 00:02:08.888000,13.0,2.0,,0 days 01:08:23.577000,0 days 00:00:45.676000,0 days 00:00:47.852000,0 days 00:00:35.360000,0 days 01:07:02.123000,0 days 01:07:49.975000,0 days 01:08:25.335000,165.0,168.0,,216.0,False,SOFT,3.0,True,Haas F1 Team,0 days 01:06:16.447000,2026-07-25 11:23:17.491,1,,,,False,False,FP3,53.2,25.5,29.4
0 days 01:10:55.025000,OCO,31,0 days 00:02:29.690000,14.0,3.0,0 days 01:09:14.209000,,0 days 00:01:23.735000,0 days 00:00:39.867000,0 days 00:00:26.088000,0 days 01:09:49.070000,0 days 01:10:28.937000,0 days 01:10:55.025000,234.0,213.0,266.0,216.0,False,SOFT,4.0,False,Haas F1 Team,0 days 01:08:25.335000,2026-07-25 11:25:26.379,1,,,,False,False,FP3,53.2,25.1,28.6
0 days 01:12:15.677000,OCO,31,0 days 00:01:20.652000,15.0,3.0,,,0 days 00:00:28.526000,0 days 00:00:29.053000,0 days 00:00:23.073000,0 days 01:11:23.551000,0 days 01:11:52.604000,0 days 01:12:15.677000,298.0,253.0,258.0,326.0,False,SOFT,5.0,False,Haas F1 Team,0 days 01:10:55.025000,2026-07-25 11:27:56.069,1,,,,False,True,FP3,53.2,25.1,28.6
0 days 01:14:11.014000,OCO,31,0 days 00:01:55.337000,16.0,3.0,,,0 days 00:00:41.706000,0 days 00:00:40.502000,0 days 00:00:33.129000,0 days 01:12:57.383000,0 days 01:13:37.885000,0 days 01:14:11.014000,194.0,151.0,260.0,279.0,False,SOFT,6.0,False,Haas F1 Team,0 days 01:12:15.677000,2026-07-25 11:29:16.721,1,,,,False,True,FP3,53.2,25.1,28.6
0 days 01:16:37.752000,OCO,31,0 days 00:02:26.738000,17.0,3.0,,,0 days 00:00:35.087000,0 days 00:00:37.832000,0 days 00:01:13.819000,0 days 01:14:46.101000,0 days 01:15:23.933000,0 days 01:16:37.752000,176.0,156.0,133.0,317.0,False,SOFT,7.0,False,Haas F1 Team,0 days 01:14:11.014000,2026-07-25 11:31:12.058,1,,,,False,True,FP3,53.2,25.1,28.6
0 days 01:18:25.175000,OCO,31,0 days 00:01:47.423000,18.0,3.0,,0 days 01:18:23.501000,0 days 00:00:37.406000,0 days 00:00:36.188000,0 days 00:00:33.829000,0 days 01:17:15.158000,0 days 01:17:51.346000,0 days 01:18:25.175000,197.0,147.0,,285.0,False,SOFT,8.0,False,Haas F1 Team,0 days 01:16:37.752000,2026-07-25 11:33:38.796,1,,,,False,False,FP3,53.2,25.1,28.6
0 days 01:09:48.832000,LIN,41,,1.0,1.0,0 days 01:08:09.071000,,,0 days 00:00:37.019000,0 days 00:00:25.557000,,0 days 01:09:23.444000,0 days 01:09:48.875000,220.0,223.0,261.0,,False,SOFT,1.0,True,Racing Bulls,0 days 01:08:09.071000,2026-07-25 11:25:10.115,1,,,,False,False,FP3,53.2,25.1,28.6
0 days 01:11:08.905000,LIN,41,0 days 00:01:20.073000,2.0,1.0,,,0 days 00:00:28.320000,0 days 00:00:28.849000,0 days 00:00:22.904000,0 days 01:10:17.152000,0 days 01:10:46.001000,0 days 01:11:08.905000,301.0,248.0,270.0,325.0,True,SOFT,2.0,True,Racing Bulls,0 days 01:09:48.832000,2026-07-25 11:26:49.876,1,,,,False,True,FP3,53.2,25.1,28.6
0 days 01:12:44.482000,LIN,41,0 days 00:01:35.577000,3.0,1.0,,,0 days 00:00:36.298000,0 days 00:00:34.698000,0 days 00:00:24.581000,0 days 01:11:45.203000,0 days 01:12:19.901000,0 days 01:12:44.482000,172.0,233.0,268.0,245.0,False,SOFT,3.0,True,Racing Bulls,0 days 01:11:08.905000,2026-07-25 11:28:09.949,1,,,,False,True,FP3,53.2,25.1,28.6
0 days 01:14:04.377000,LIN,41,0 days 00:01:19.895000,4.0,1.0,,,0 days 00:00:28.079000,0 days 00:00:28.647000,0 days 00:00:23.169000,0 days 01:13:12.561000,0 days 01:13:41.208000,0 days 01:14:04.377000,305.0,250.0,269.0,329.0,True,SOFT,4.0,True,Racing Bulls,0 days 01:12:44.482000,2026-07-25 11:29:45.526,1,,,,False,True,FP3,53.2,25.1,28.6
0 days 01:16:20.955000,LIN,41,0 days 00:02:16.578000,5.0,1.0,,,0 days 00:00:38.697000,0 days 00:00:35.737000,0 days 00:01:02.144000,0 days 01:14:43.074000,0 days 01:15:18.811000,0 days 01:16:20.955000,213.0,220.0,3.0,215.0,False,SOFT,5.0,True,Racing Bulls,0 days 01:14:04.377000,2026-07-25 11:31:05.421,1,,,,False,True,FP3,53.2,25.1,28.6
0 days 01:18:01.340000,LIN,41,0 days 00:01:40.385000,6.0,1.0,,0 days 01:17:59.526000,0 days 00:00:33.593000,0 days 00:00:36.758000,0 days 00:00:30.034000,0 days 01:16:54.548000,0 days 01:17:31.306000,0 days 01:18:01.340000,205.0,205.0,,274.0,False,SOFT,6.0,True,Racing Bulls,0 days 01:16:20.955000,2026-07-25 11:33:21.999,1,,,,False,False,FP3,53.2,25.1,28.6
0 days 00:16:52.681000,COL,43,,1.0,1.0,0 days 00:15:09.683000,,,0 days 00:00:37.731000,0 days 00:00:26.509000,,0 days 00:16:26.621000,0 days 00:16:52.766000,238.0,212.0,265.0,,False,SOFT,1.0,True,Alpine,0 days 00:15:09.683000,2026-07-25 10:32:10.727,1,,,,False,False,FP3,53.2,25.1,28.6
0 days 00:18:15.145000,COL,43,0 days 00:01:22.464000,2.0,1.0,,,0 days 00:00:28.731000,0 days 00:00:30.227000,0 days 00:00:23.506000,0 days 00:17:21.412000,0 days 00:17:51.639000,0 days 00:18:15.145000,292.0,246.0,244.0,328.0,True,SOFT,2.0,True,Alpine,0 days 00:16:52.681000,2026-07-25 10:33:53.725,1,,,,False,True,FP3,53.2,25.1,28.6
0 days 00:20:37.962000,COL,43,0 days 00:02:22.817000,3.0,1.0,,,0 days 00:00:58.446000,0 days 00:00:54.849000,0 days 00:00:29.522000,0 days 00:19:13.591000,0 days 00:20:08.440000,0 days 00:20:37.962000,100.0,125.0,264.0,186.0,False,SOFT,3.0,True,Alpine,0 days 00:18:15.145000,2026-07-25 10:35:16.189,1,,,,False,True,FP3,53.2,25.1,28.6
0 days 00:21:59.709000,COL,43,0 days 00:01:21.747000,4.0,1.0,,,0 days 00:00:28.529000,0 days 00:00:29.839000,0 days 00:00:23.379000,0 days 00:21:06.491000,0 days 00:21:36.330000,0 days 00:21:59.709000,294.0,251.0,250.0,328.0,True,SOFT,4.0,True,Alpine,0 days 00:20:37.962000,2026-07-25 10:37:39.006,1,,,,False,True,FP3,53.2,25.1,28.6
0 days 00:24:45.657000,COL,43,,5.0,1.0,,,0 days 00:01:02.882000,0 days 00:01:14.172000,0 days 00:00:28.949000,0 days 00:23:02.727000,0 days 00:24:16.817000,0 days 00:24:45.819000,76.0,132.0,264.0,223.0,False,SOFT,5.0,True,Alpine,0 days 00:21:59.709000,2026-07-25 10:39:00.753,1,,,,False,False,FP3,52.8,25.1,29.1
0 days 00:26:06.789000,COL,43,0 days 00:01:21.132000,6.0,1.0,,,0 days 00:00:28.453000,0 days 00:00:29.539000,0 days 00:00:23.140000,0 days 00:25:14.110000,0 days 00:25:43.649000,0 days 00:26:06.789000,297.0,246.0,255.0,328.0,True,SOFT,6.0,True,Alpine,0 days 00:24:45.657000,2026-07-25 10:41:46.701,1,,,,False,True,FP3,52.8,25.1,29.1
0 days 00:28:42.358000,COL,43,,7.0,1.0,,,0 days 00:00:58.303000,0 days 00:01:00.205000,0 days 00:00:36.914000,0 days 00:27:05.399000,0 days 00:28:05.508000,0 days 00:28:42.381000,98.0,128.0,152.0,215.0,False,SOFT,7.0,True,Alpine,0 days 00:26:06.789000,2026-07-25 10:43:07.833,1,,,,False,False,FP3,52.8,25.1,29.1
0 days 00:30:27.999000,COL,43,0 days 00:01:45.641000,8.0,1.0,,,0 days 00:00:39.163000,0 days 00:00:40.232000,0 days 00:00:26.246000,0 days 00:29:21.521000,0 days 00:30:01.753000,0 days 00:30:27.999000,225.0,199.0,265.0,230.0,False,SOFT,8.0,True,Alpine,0 days 00:28:42.358000,2026-07-25 10:45:43.402,1,,,,False,True,FP3,52.8,25.1,29.1
0 days 00:31:49.305000,COL,43,0 days 00:01:21.306000,9.0,1.0,,,0 days 00:00:28.380000,0 days 00:00:29.648000,0 days 00:00:23.278000,0 days 00:30:56.379000,0 days 00:31:26.027000,0 days 00:31:49.305000,296.0,251.0,245.0,329.0,False,SOFT,9.0,True,Alpine,0 days 00:30:27.999000,2026-07-25 10:47:29.043,1,,,,False,True,FP3,52.8,25.1,29.1
0 days 00:41:15.752000,COL,43,,10.0,1.0,,0 days 00:33:40.688000,0 days 00:00:40.633000,0 days 00:00:39.294000,,0 days 00:32:30.099000,0 days 00:33:09.401000,,197.0,180.0,,207.0,False,SOFT,10.0,True,Alpine,0 days 00:31:49.305000,2026-07-25 10:48:50.349,125,,,,False,False,FP3,54.0,24.6,28.0
0 days 00:43:07.922000,COL,43,,11.0,2.0,0 days 00:41:15.752000,,,0 days 00:00:32.634000,0 days 00:00:24.992000,,0 days 00:42:43.164000,0 days 00:43:07.980000,272.0,234.0,263.0,207.0,False,SOFT,11.0,False,Alpine,0 days 00:41:15.752000,2026-07-25 10:58:16.796,1,,,,False,False,FP3,54.0,24.6,28.0
0 days 00:44:33.431000,COL,43,0 days 00:01:25.509000,12.0,2.0,,,0 days 00:00:29.363000,0 days 00:00:31.749000,0 days 00:00:24.397000,0 days 00:43:37.285000,0 days 00:44:09.034000,0 days 00:44:33.431000,275.0,235.0,262.0,324.0,False,SOFT,12.0,False,Alpine,0 days 00:43:07.922000,2026-07-25 11:00:08.966,1,,,,False,True,FP3,54.0,24.6,28.0
0 days 00:45:57.880000,COL,43,0 days 00:01:24.449000,13.0,2.0,,,0 days 00:00:29.257000,0 days 00:00:31.007000,0 days 00:00:24.185000,0 days 00:45:02.688000,0 days 00:45:33.695000,0 days 00:45:57.880000,287.0,236.0,263.0,307.0,False,SOFT,13.0,False,Alpine,0 days 00:44:33.431000,2026-07-25 11:01:34.475,1,,,,False,True,FP3,54.0,24.6,28.0
0 days 00:47:22.261000,COL,43,0 days 00:01:24.381000,14.0,2.0,,,0 days 00:00:29.124000,0 days 00:00:31.015000,0 days 00:00:24.242000,0 days 00:46:27.004000,0 days 00:46:58.019000,0 days 00:47:22.261000,283.0,239.0,262.0,316.0,False,SOFT,14.0,False,Alpine,0 days 00:45:57.880000,2026-07-25 11:02:58.924,1,,,,False,True,FP3,54.0,24.6,28.0
0 days 00:48:46.494000,COL,43,0 days 00:01:24.233000,15.0,2.0,,,0 days 00:00:29.276000,0 days 00:00:30.677000,0 days 00:00:24.280000,0 days 00:47:51.537000,0 days 00:48:22.214000,0 days 00:48:46.494000,287.0,239.0,261.0,320.0,False,SOFT,15.0,False,Alpine,0 days 00:47:22.261000,2026-07-25 11:04:23.305,1,,,,False,True,FP3,54.0,24.6,28.0
0 days 00:50:10.378000,COL,43,0 days 00:01:23.884000,16.0,2.0,,,0 days 00:00:29.147000,0 days 00:00:30.655000,0 days 00:00:24.082000,0 days 00:49:15.641000,0 days 00:49:46.296000,0 days 00:50:10.378000,294.0,240.0,261.0,321.0,False,SOFT,16.0,False,Alpine,0 days 00:48:46.494000,2026-07-25 11:05:47.538,1,,,,False,True,FP3,54.0,24.6,28.0
0 days 00:51:33.968000,COL,43,0 days 00:01:23.590000,17.0,2.0,,,0 days 00:00:28.987000,0 days 00:00:30.428000,0 days 00:00:24.175000,0 days 00:50:39.365000,0 days 00:51:09.793000,0 days 00:51:33.968000,290.0,240.0,260.0,324.0,False,SOFT,17.0,False,Alpine,0 days 00:50:10.378000,2026-07-25 11:07:11.422,1,,,,False,True,FP3,54.0,24.6,28.0
0 days 00:52:57.692000,COL,43,0 days 00:01:23.724000,18.0,2.0,,,0 days 00:00:29.013000,0 days 00:00:30.566000,0 days 00:00:24.145000,0 days 00:52:02.981000,0 days 00:52:33.547000,0 days 00:52:57.692000,286.0,239.0,261.0,327.0,False,SOFT,18.0,False,Alpine,0 days 00:51:33.968000,2026-07-25 11:08:35.012,1,,,,False,True,FP3,54.5,25.2,27.6
0 days 00:54:21.267000,COL,43,0 days 00:01:23.575000,19.0,2.0,,,0 days 00:00:29.132000,0 days 00:00:30.412000,0 days 00:00:24.031000,0 days 00:53:26.824000,0 days 00:53:57.236000,0 days 00:54:21.267000,288.0,240.0,260.0,320.0,False,SOFT,19.0,False,Alpine,0 days 00:52:57.692000,2026-07-25 11:09:58.736,1,,,,False,True,FP3,54.5,25.2,27.6
0 days 00:55:44.647000,COL,43,0 days 00:01:23.380000,20.0,2.0,,,0 days 00:00:28.839000,0 days 00:00:30.452000,0 days 00:00:24.089000,0 days 00:54:50.106000,0 days 00:55:20.558000,0 days 00:55:44.647000,300.0,237.0,260.0,326.0,False,SOFT,20.0,False,Alpine,0 days 00:54:21.267000,2026-07-25 11:11:22.311,1,,,,False,True,FP3,54.5,25.2,27.6
0 days 00:57:08.268000,COL,43,0 days 00:01:23.621000,21.0,2.0,,,0 days 00:00:28.973000,0 days 00:00:30.483000,0 days 00:00:24.165000,0 days 00:56:13.620000,0 days 00:56:44.103000,0 days 00:57:08.268000,294.0,241.0,261.0,325.0,False,SOFT,21.0,False,Alpine,0 days 00:55:44.647000,2026-07-25 11:12:45.691,1,,,,False,True,FP3,54.5,25.2,27.6
0 days 00:58:33.428000,COL,43,0 days 00:01:25.160000,22.0,2.0,,,0 days 00:00:29.429000,0 days 00:00:31.110000,0 days 00:00:24.621000,0 days 00:57:37.697000,0 days 00:58:08.807000,0 days 00:58:33.428000,284.0,235.0,259.0,328.0,False,SOFT,22.0,False,Alpine,0 days 00:57:08.268000,2026-07-25 11:14:09.312,1,,,,False,True,FP3,54.5,25.2,27.6
0 days 01:00:27.962000,COL,43,0 days 00:01:54.534000,23.0,2.0,,0 days 01:00:26.154000,0 days 00:00:42.338000,0 days 00:00:37.849000,0 days 00:00:34.347000,0 days 00:59:15.766000,0 days 00:59:53.615000,0 days 01:00:27.962000,148.0,199.0,,279.0,False,SOFT,23.0,False,Alpine,0 days 00:58:33.428000,2026-07-25 11:15:34.472,1,,,,False,False,FP3,54.5,25.2,27.6
0 days 01:05:31.720000,COL,43,,24.0,3.0,0 days 01:03:55.251000,,,0 days 00:00:32.643000,0 days 00:00:29.477000,,0 days 01:05:02.536000,0 days 01:05:31.912000,252.0,223.0,268.0,279.0,False,SOFT,1.0,True,Alpine,0 days 01:00:27.962000,2026-07-25 11:17:29.006,1,,,,False,False,FP3,54.5,25.2,27.6
0 days 01:06:51.775000,COL,43,0 days 00:01:20.055000,25.0,3.0,,,0 days 00:00:28.037000,0 days 00:00:28.954000,0 days 00:00:23.064000,0 days 01:05:59.757000,0 days 01:06:28.711000,0 days 01:06:51.775000,297.0,252.0,258.0,330.0,True,SOFT,2.0,True,Alpine,0 days 01:05:31.720000,2026-07-25 11:22:32.764,1,,,,False,True,FP3,54.5,25.2,27.6
0 days 01:09:28.283000,COL,43,,26.0,3.0,,,0 days 00:00:55.662000,0 days 00:00:58.630000,0 days 00:00:42.117000,0 days 01:07:47.882000,0 days 01:08:46.422000,0 days 01:09:28.283000,122.0,116.0,172.0,196.0,False,SOFT,3.0,True,Alpine,0 days 01:06:51.775000,2026-07-25 11:23:52.819,1,,,,False,False,FP3,54.5,25.2,27.6
0 days 01:11:28.763000,COL,43,0 days 00:02:00.480000,27.0,3.0,,,0 days 00:00:39.946000,0 days 00:00:45.688000,0 days 00:00:34.846000,0 days 01:10:08.229000,0 days 01:10:53.917000,0 days 01:11:28.763000,116.0,204.0,268.0,221.0,False,SOFT,4.0,True,Alpine,0 days 01:09:28.283000,2026-07-25 11:26:29.327,1,,,,False,True,FP3,54.5,25.2,27.6
0 days 01:13:28.896000,COL,43,0 days 00:02:00.133000,28.0,3.0,,,0 days 00:00:43.233000,0 days 00:00:45.001000,0 days 00:00:31.899000,0 days 01:12:11.996000,0 days 01:12:56.997000,0 days 01:13:28.896000,157.0,152.0,177.0,333.0,False,SOFT,5.0,True,Alpine,0 days 01:11:28.763000,2026-07-25 11:28:29.807,1,,,,False,True,FP3,54.5,25.2,27.6
0 days 01:15:59.572000,COL,43,,29.0,3.0,,,0 days 00:00:44.885000,0 days 00:00:41.454000,0 days 00:01:04.301000,0 days 01:14:14.031000,0 days 01:14:55.405000,0 days 01:15:59.600000,148.0,161.0,4.0,138.0,False,SOFT,6.0,True,Alpine,0 days 01:13:28.896000,2026-07-25 11:30:29.940,1,,,,False,False,FP3,54.5,25.2,27.6
0 days 01:18:09.018000,COL,43,0 days 00:02:09.446000,30.0,3.0,,0 days 01:18:07.166000,0 days 00:00:52.632000,0 days 00:00:43.848000,0 days 00:00:32.966000,0 days 01:16:52.204000,0 days 01:17:36.052000,0 days 01:18:09.018000,134.0,162.0,,141.0,False,SOFT,7.0,True,Alpine,0 days 01:15:59.572000,2026-07-25 11:33:00.616,1,,,,False,False,FP3,54.5,25.2,27.6
0 days 00:29:17.508000,HAM,44,,1.0,1.0,0 days 00:27:39.517000,,,0 days 00:00:36.502000,0 days 00:00:25.882000,,0 days 00:28:51.879000,0 days 00:29:17.579000,263.0,216.0,264.0,,False,SOFT,1.0,True,Ferrari,0 days 00:27:39.517000,2026-07-25 10:44:40.561,1,,,,False,False,FP3,54.5,25.2,27.6
0 days 00:30:38.013000,HAM,44,0 days 00:01:20.505000,2.0,1.0,,,0 days 00:00:28.643000,0 days 00:00:29.260000,0 days 00:00:22.602000,0 days 00:29:46.151000,0 days 00:30:15.411000,0 days 00:30:38.013000,286.0,252.0,264.0,322.0,True,SOFT,2.0,True,Ferrari,0 days 00:29:17.508000,2026-07-25 10:46:18.552,1,,,,False,True,FP3,54.5,25.2,27.6
0 days 00:33:01.009000,HAM,44,0 days 00:02:22.996000,3.0,1.0,,0 days 00:32:59.244000,0 days 00:00:57.606000,0 days 00:00:49.616000,0 days 00:00:35.774000,0 days 00:31:35.619000,0 days 00:32:25.235000,0 days 00:33:01.009000,122.0,142.0,,214.0,False,SOFT,3.0,True,Ferrari,0 days 00:30:38.013000,2026-07-25 10:47:39.057,12,,,,False,False,FP3,54.5,25.2,27.6
0 days 00:42:34.427000,HAM,44,,4.0,2.0,0 days 00:40:13.292000,,,0 days 00:00:38.021000,0 days 00:00:27.619000,,0 days 00:42:07.139000,0 days 00:42:34.615000,220.0,157.0,208.0,214.0,False,SOFT,4.0,False,Ferrari,0 days 00:40:13.292000,2026-07-25 10:57:14.336,1,,,,False,False,FP3,54.5,25.2,27.6
0 days 00:44:09.117000,HAM,44,0 days 00:01:34.690000,5.0,2.0,,,0 days 00:00:34.136000,0 days 00:00:33.905000,0 days 00:00:26.649000,0 days 00:43:08.563000,0 days 00:43:42.468000,0 days 00:44:09.117000,262.0,224.0,269.0,276.0,False,SOFT,5.0,False,Ferrari,0 days 00:42:34.427000,2026-07-25 10:59:35.471,1,,,,False,True,FP3,54.2,25.2,28.0
0 days 00:45:28.170000,HAM,44,0 days 00:01:19.053000,6.0,2.0,,,0 days 00:00:27.809000,0 days 00:00:28.751000,0 days 00:00:22.493000,0 days 00:44:36.926000,0 days 00:45:05.677000,0 days 00:45:28.170000,293.0,250.0,265.0,327.0,True,SOFT,6.0,False,Ferrari,0 days 00:44:09.117000,2026-07-25 11:01:10.161,1,,,,False,True,FP3,54.2,25.2,28.0
0 days 00:47:16.778000,HAM,44,0 days 00:01:48.608000,7.0,2.0,,0 days 00:47:15.048000,0 days 00:00:40.884000,0 days 00:00:37.321000,0 days 00:00:30.403000,0 days 00:46:09.054000,0 days 00:46:46.375000,0 days 00:47:16.778000,244.0,196.0,,294.0,False,SOFT,7.0,False,Ferrari,0 days 00:45:28.170000,2026-07-25 11:02:29.214,1,,,,False,False,FP3,54.2,25.2,28.0
0 days 00:49:27.531000,HAM,44,0 days 00:02:10.753000,8.0,3.0,0 days 00:47:47.285000,,0 days 00:01:16.645000,0 days 00:00:30.035000,0 days 00:00:24.073000,0 days 00:48:33.423000,0 days 00:49:03.458000,0 days 00:49:27.531000,290.0,248.0,264.0,294.0,False,SOFT,8.0,False,Ferrari,0 days 00:47:16.778000,2026-07-25 11:04:17.822,1,,,,False,False,FP3,54.2,25.7,28.0
0 days 00:50:48.620000,HAM,44,0 days 00:01:21.089000,9.0,3.0,,,0 days 00:00:28.639000,0 days 00:00:29.396000,0 days 00:00:23.054000,0 days 00:49:56.170000,0 days 00:50:25.566000,0 days 00:50:48.620000,286.0,247.0,264.0,315.0,False,SOFT,9.0,False,Ferrari,0 days 00:49:27.531000,2026-07-25 11:06:28.575,1,,,,False,True,FP3,54.2,25.7,28.0
0 days 00:52:09.147000,HAM,44,0 days 00:01:20.527000,10.0,3.0,,,0 days 00:00:28.328000,0 days 00:00:29.280000,0 days 00:00:22.919000,0 days 00:51:16.948000,0 days 00:51:46.228000,0 days 00:52:09.147000,285.0,248.0,264.0,322.0,False,SOFT,10.0,False,Ferrari,0 days 00:50:48.620000,2026-07-25 11:07:49.664,1,,,,False,True,FP3,54.2,25.7,28.0
0 days 00:53:29.865000,HAM,44,0 days 00:01:20.718000,11.0,3.0,,,0 days 00:00:28.449000,0 days 00:00:29.289000,0 days 00:00:22.980000,0 days 00:52:37.596000,0 days 00:53:06.885000,0 days 00:53:29.865000,283.0,248.0,265.0,316.0,False,SOFT,11.0,False,Ferrari,0 days 00:52:09.147000,2026-07-25 11:09:10.191,1,,,,False,True,FP3,54.2,25.7,28.0
0 days 00:54:50.758000,HAM,44,0 days 00:01:20.893000,12.0,3.0,,,0 days 00:00:28.396000,0 days 00:00:29.316000,0 days 00:00:23.181000,0 days 00:53:58.261000,0 days 00:54:27.577000,0 days 00:54:50.758000,284.0,250.0,263.0,318.0,False,SOFT,12.0,False,Ferrari,0 days 00:53:29.865000,2026-07-25 11:10:30.909,1,,,,False,True,FP3,54.2,25.7,28.0
0 days 00:56:15.288000,HAM,44,0 days 00:01:24.530000,13.0,3.0,,0 days 00:56:13.632000,0 days 00:00:28.421000,0 days 00:00:29.188000,0 days 00:00:26.921000,0 days 00:55:19.179000,0 days 00:55:48.367000,0 days 00:56:15.288000,284.0,252.0,,319.0,False,SOFT,13.0,False,Ferrari,0 days 00:54:50.758000,2026-07-25 11:11:51.802,1,,,,False,False,FP3,54.2,25.7,28.0
0 days 01:02:44.948000,HAM,44,,14.0,4.0,0 days 01:01:09.535000,,,0 days 00:00:33.248000,0 days 00:00:28.638000,,0 days 01:02:16.445000,0 days 01:02:44.981000,260.0,229.0,269.0,319.0,False,SOFT,1.0,True,Ferrari,0 days 00:56:15.288000,2026-07-25 11:13:16.332,1,,,,False,False,FP3,54.2,25.7,28.0
0 days 01:04:03.004000,HAM,44,0 days 00:01:18.056000,15.0,4.0,,,0 days 00:00:27.589000,0 days 00:00:28.314000,0 days 00:00:22.153000,0 days 01:03:12.537000,0 days 01:03:40.851000,0 days 01:04:03.004000,294.0,256.0,266.0,331.0,True,SOFT,2.0,True,Ferrari,0 days 01:02:44.948000,2026-07-25 11:19:45.992,1,,,,False,True,FP3,54.2,25.7,28.0
0 days 01:06:33.563000,HAM,44,,16.0,4.0,,0 days 01:06:31.779000,0 days 00:00:50.709000,0 days 00:00:57.959000,0 days 00:00:42.029000,0 days 01:04:53.808000,0 days 01:05:51.807000,0 days 01:06:33.669000,114.0,124.0,,224.0,False,SOFT,3.0,True,Ferrari,0 days 01:04:03.004000,2026-07-25 11:21:04.048,1,,,,False,False,FP3,54.2,25.7,28.0
0 days 01:08:44.036000,HAM,44,0 days 00:02:10.473000,17.0,5.0,0 days 01:06:59.962000,,0 days 00:01:04.567000,0 days 00:00:41.570000,0 days 00:00:24.336000,0 days 01:07:38.130000,0 days 01:08:19.700000,0 days 01:08:44.036000,236.0,229.0,269.0,224.0,False,SOFT,4.0,False,Ferrari,0 days 01:06:33.563000,2026-07-25 11:23:34.607,1,,,,False,False,FP3,54.2,25.7,28.0
0 days 01:10:27.026000,HAM,44,0 days 00:01:42.990000,18.0,5.0,,,0 days 00:00:27.630000,0 days 00:00:44.051000,0 days 00:00:31.309000,0 days 01:09:11.666000,0 days 01:09:55.717000,0 days 01:10:27.026000,296.0,80.0,268.0,327.0,False,SOFT,5.0,False,Ferrari,0 days 01:08:44.036000,2026-07-25 11:25:45.080,1,,,,False,True,FP3,54.2,25.7,28.0
0 days 01:11:45.658000,HAM,44,0 days 00:01:18.632000,19.0,5.0,,,0 days 00:00:27.694000,0 days 00:00:28.338000,0 days 00:00:22.600000,0 days 01:10:54.720000,0 days 01:11:23.058000,0 days 01:11:45.658000,294.0,252.0,263.0,327.0,False,SOFT,6.0,False,Ferrari,0 days 01:10:27.026000,2026-07-25 11:27:28.070,1,,,,False,True,FP3,54.2,25.7,28.0
0 days 01:13:35.972000,HAM,44,0 days 00:01:50.314000,20.0,5.0,,,0 days 00:00:47.007000,0 days 00:00:38.487000,0 days 00:00:24.820000,0 days 01:12:32.665000,0 days 01:13:11.152000,0 days 01:13:35.972000,149.0,233.0,266.0,241.0,False,SOFT,7.0,False,Ferrari,0 days 01:11:45.658000,2026-07-25 11:28:46.702,1,,,,False,True,FP3,54.2,25.7,28.0
0 days 01:15:31.513000,HAM,44,0 days 00:01:55.541000,21.0,5.0,,,0 days 00:00:28.774000,0 days 00:00:38.725000,0 days 00:00:48.042000,0 days 01:14:04.746000,0 days 01:14:43.471000,0 days 01:15:31.513000,275.0,154.0,54.0,327.0,False,SOFT,8.0,False,Ferrari,0 days 01:13:35.972000,2026-07-25 11:30:37.016,1,,,,False,True,FP3,54.2,25.7,28.0
0 days 01:17:59.193000,HAM,44,0 days 00:02:27.680000,22.0,5.0,,0 days 01:17:57.493000,0 days 00:01:22.533000,0 days 00:00:33.494000,0 days 00:00:31.653000,0 days 01:16:54.046000,0 days 01:17:27.540000,0 days 01:17:59.193000,208.0,229.0,,156.0,False,SOFT,9.0,False,Ferrari,0 days 01:15:31.513000,2026-07-25 11:32:32.557,1,,,,False,False,FP3,54.2,25.7,28.0
0 days 00:42:08.704000,SAI,55,,1.0,1.0,0 days 00:40:18.448000,,,0 days 00:00:39.604000,0 days 00:00:26.208000,,0 days 00:41:42.794000,0 days 00:42:08.887000,257.0,216.0,266.0,,False,SOFT,1.0,True,Williams,0 days 00:40:18.448000,2026-07-25 10:57:19.492,1,,,,False,False,FP3,54.2,25.7,28.0
0 days 00:43:30.899000,SAI,55,0 days 00:01:22.195000,2.0,1.0,,,0 days 00:00:28.920000,0 days 00:00:29.670000,0 days 00:00:23.605000,0 days 00:42:37.624000,0 days 00:43:07.294000,0 days 00:43:30.899000,302.0,247.0,261.0,325.0,True,SOFT,2.0,True,Williams,0 days 00:42:08.704000,2026-07-25 10:59:09.748,1,,,,False,True,FP3,54.2,25.7,28.0
0 days 00:45:34.233000,SAI,55,0 days 00:02:03.334000,3.0,1.0,,0 days 00:45:32.472000,0 days 00:00:48.136000,0 days 00:00:40.367000,0 days 00:00:34.831000,0 days 00:44:19.035000,0 days 00:44:59.402000,0 days 00:45:34.233000,198.0,182.0,,160.0,False,SOFT,3.0,True,Williams,0 days 00:43:30.899000,2026-07-25 11:00:31.943,1,,,,False,False,FP3,54.2,25.7,28.0
0 days 00:47:41.272000,SAI,55,0 days 00:02:07.039000,4.0,2.0,0 days 00:45:51.056000,,0 days 00:00:58.983000,0 days 00:00:39.622000,0 days 00:00:28.434000,0 days 00:46:33.216000,0 days 00:47:12.838000,0 days 00:47:41.272000,169.0,194.0,265.0,160.0,False,SOFT,4.0,False,Williams,0 days 00:45:34.233000,2026-07-25 11:02:35.277,1,,,,False,False,FP3,54.2,25.7,28.0
0 days 00:49:16.185000,SAI,55,0 days 00:01:34.913000,5.0,2.0,,,0 days 00:00:32.070000,0 days 00:00:36.467000,0 days 00:00:26.376000,0 days 00:48:13.342000,0 days 00:48:49.809000,0 days 00:49:16.185000,235.0,207.0,265.0,326.0,False,SOFT,5.0,False,Williams,0 days 00:47:41.272000,2026-07-25 11:04:42.316,1,,,,False,True,FP3,54.2,25.7,28.0
0 days 00:50:37.970000,SAI,55,0 days 00:01:21.785000,6.0,2.0,,,0 days 00:00:28.626000,0 days 00:00:29.603000,0 days 00:00:23.556000,0 days 00:49:44.811000,0 days 00:50:14.414000,0 days 00:50:37.970000,297.0,244.0,258.0,325.0,True,SOFT,6.0,False,Williams,0 days 00:49:16.185000,2026-07-25 11:06:17.229,1,,,,False,True,FP3,54.2,25.7,28.0
0 days 00:52:38.719000,SAI,55,0 days 00:02:00.749000,7.0,2.0,,0 days 00:52:36.833000,0 days 00:00:44.423000,0 days 00:00:41.937000,0 days 00:00:34.389000,0 days 00:51:22.393000,0 days 00:52:04.330000,0 days 00:52:38.719000,178.0,186.0,,198.0,False,SOFT,7.0,False,Williams,0 days 00:50:37.970000,2026-07-25 11:07:39.014,1,,,,False,False,FP3,54.2,25.7,28.0
0 days 00:54:42.069000,SAI,55,0 days 00:02:03.350000,8.0,3.0,0 days 00:53:01.515000,,0 days 00:01:01.129000,0 days 00:00:36.584000,0 days 00:00:25.637000,0 days 00:53:39.848000,0 days 00:54:16.432000,0 days 00:54:42.069000,239.0,211.0,264.0,198.0,False,SOFT,8.0,False,Williams,0 days 00:52:38.719000,2026-07-25 11:09:39.763,1,,,,False,False,FP3,54.2,25.7,28.0
0 days 00:56:03.475000,SAI,55,0 days 00:01:21.406000,9.0,3.0,,,0 days 00:00:28.434000,0 days 00:00:29.610000,0 days 00:00:23.362000,0 days 00:55:10.503000,0 days 00:55:40.113000,0 days 00:56:03.475000,294.0,246.0,262.0,324.0,True,SOFT,9.0,False,Williams,0 days 00:54:42.069000,2026-07-25 11:11:43.113,1,,,,False,True,FP3,54.2,25.7,28.0
0 days 00:57:53.848000,SAI,55,0 days 00:01:50.373000,10.0,3.0,,0 days 00:57:52.155000,0 days 00:00:44.730000,0 days 00:00:35.243000,0 days 00:00:30.400000,0 days 00:56:48.205000,0 days 00:57:23.448000,0 days 00:57:53.848000,196.0,200.0,,236.0,False,SOFT,10.0,False,Williams,0 days 00:56:03.475000,2026-07-25 11:13:04.519,1,,,,False,False,FP3,54.2,25.7,28.0
0 days 01:00:11.092000,SAI,55,0 days 00:02:17.244000,11.0,4.0,0 days 00:58:29.694000,0 days 01:00:09.415000,0 days 00:01:08.764000,0 days 00:00:39.072000,0 days 00:00:29.408000,0 days 00:59:02.612000,0 days 00:59:41.684000,0 days 01:00:11.092000,225.0,200.0,,236.0,False,SOFT,11.0,False,Williams,0 days 00:57:53.848000,2026-07-25 11:14:54.892,1,,,,False,False,FP3,54.2,25.7,28.0
0 days 01:09:07.206000,SAI,55,,12.0,5.0,0 days 01:07:12.721000,,,0 days 00:00:37.085000,0 days 00:00:30.355000,,0 days 01:08:36.955000,0 days 01:09:07.323000,260.0,210.0,268.0,236.0,False,SOFT,1.0,True,Williams,0 days 01:00:11.092000,2026-07-25 11:17:12.136,1,,,,False,False,FP3,54.2,25.7,28.0
0 days 01:10:46.992000,SAI,55,0 days 00:01:39.786000,13.0,5.0,,,0 days 00:00:33.234000,0 days 00:00:40.218000,0 days 00:00:26.334000,0 days 01:09:40.440000,0 days 01:10:20.658000,0 days 01:10:46.992000,173.0,199.0,268.0,328.0,False,SOFT,2.0,True,Williams,0 days 01:09:07.206000,2026-07-25 11:26:08.250,1,,,,False,True,FP3,54.2,25.7,28.0
0 days 01:12:07.652000,SAI,55,0 days 00:01:20.660000,14.0,5.0,,,0 days 00:00:28.242000,0 days 00:00:29.372000,0 days 00:00:23.046000,0 days 01:11:15.234000,0 days 01:11:44.606000,0 days 01:12:07.652000,299.0,248.0,260.0,326.0,False,SOFT,3.0,True,Williams,0 days 01:10:46.992000,2026-07-25 11:27:48.036,1,,,,False,True,FP3,54.2,25.7,28.0
0 days 01:14:07.919000,SAI,55,0 days 00:02:00.267000,15.0,5.0,,,0 days 00:00:43.684000,0 days 00:00:43.242000,0 days 00:00:33.341000,0 days 01:12:51.336000,0 days 01:13:34.578000,0 days 01:14:07.919000,116.0,121.0,267.0,223.0,False,SOFT,4.0,True,Williams,0 days 01:12:07.652000,2026-07-25 11:29:08.696,1,,,,False,True,FP3,52.9,26.0,28.1
0 days 01:16:16.657000,SAI,55,0 days 00:02:08.738000,16.0,5.0,,,0 days 00:00:29.426000,0 days 00:00:33.691000,0 days 00:01:05.621000,0 days 01:14:37.345000,0 days 01:15:11.036000,0 days 01:16:16.657000,302.0,166.0,86.0,328.0,False,SOFT,5.0,True,Williams,0 days 01:14:07.919000,2026-07-25 11:31:08.963,1,,,,False,True,FP3,52.9,26.0,28.1
0 days 01:17:56.276000,SAI,55,0 days 00:01:39.619000,17.0,5.0,,0 days 01:17:54.421000,0 days 00:00:33.209000,0 days 00:00:35.920000,0 days 00:00:30.490000,0 days 01:16:49.866000,0 days 01:17:25.786000,0 days 01:17:56.276000,254.0,199.0,,278.0,False,SOFT,6.0,True,Williams,0 days 01:16:16.657000,2026-07-25 11:33:17.701,1,,,,False,False,FP3,52.9,26.0,28.1
0 days 00:40:56.791000,RUS,63,,1.0,1.0,0 days 00:39:13.121000,,,0 days 00:00:35.950000,0 days 00:00:26.247000,,0 days 00:40:30.860000,0 days 00:40:56.931000,262.0,217.0,251.0,,False,SOFT,1.0,True,Mercedes,0 days 00:39:13.121000,2026-07-25 10:56:14.165,1,,,,False,False,FP3,52.9,26.0,28.1
0 days 00:42:32.163000,RUS,63,0 days 00:01:35.372000,2.0,1.0,,,0 days 00:00:31.102000,0 days 00:00:37.041000,0 days 00:00:27.229000,0 days 00:41:27.893000,0 days 00:42:04.934000,0 days 00:42:32.163000,274.0,156.0,269.0,301.0,True,SOFT,2.0,True,Mercedes,0 days 00:40:56.791000,2026-07-25 10:57:57.835,1,,,,False,True,FP3,52.9,26.0,28.1
0 days 00:43:51.449000,RUS,63,0 days 00:01:19.286000,3.0,1.0,,,0 days 00:00:27.871000,0 days 00:00:28.857000,0 days 00:00:22.558000,0 days 00:43:00.034000,0 days 00:43:28.891000,0 days 00:43:51.449000,297.0,254.0,261.0,331.0,True,SOFT,3.0,True,Mercedes,0 days 00:42:32.163000,2026-07-25 10:59:33.207,1,,,,False,True,FP3,52.9,26.0,28.1
0 days 00:46:05.696000,RUS,63,0 days 00:02:14.247000,4.0,1.0,,0 days 00:46:03.907000,0 days 00:00:55.624000,0 days 00:00:45.016000,0 days 00:00:33.607000,0 days 00:44:47.073000,0 days 00:45:32.089000,0 days 00:46:05.696000,160.0,161.0,,143.0,False,SOFT,4.0,True,Mercedes,0 days 00:43:51.449000,2026-07-25 11:00:52.493,1,,,,False,False,FP3,52.9,26.0,28.1
0 days 00:48:21.646000,RUS,63,0 days 00:02:15.950000,5.0,2.0,0 days 00:46:40.479000,,0 days 00:01:07.670000,0 days 00:00:43.038000,0 days 00:00:25.242000,0 days 00:47:13.366000,0 days 00:47:56.404000,0 days 00:48:21.646000,246.0,211.0,270.0,143.0,False,SOFT,5.0,False,Mercedes,0 days 00:46:05.696000,2026-07-25 11:03:06.740,1,,,,False,False,FP3,52.9,26.0,28.1
0 days 00:49:58.122000,RUS,63,0 days 00:01:36.476000,6.0,2.0,,0 days 00:49:56.391000,0 days 00:00:33.542000,0 days 00:00:33.719000,0 days 00:00:29.215000,0 days 00:48:55.188000,0 days 00:49:28.907000,0 days 00:49:58.122000,255.0,228.0,,330.0,False,SOFT,6.0,False,Mercedes,0 days 00:48:21.646000,2026-07-25 11:05:22.690,1,,,,False,False,FP3,52.9,26.0,28.1
0 days 00:56:09.067000,RUS,63,,7.0,3.0,0 days 00:54:34.155000,,,0 days 00:00:36.248000,0 days 00:00:26.491000,,0 days 00:55:42.844000,0 days 00:56:09.239000,263.0,220.0,248.0,330.0,False,SOFT,1.0,True,Mercedes,0 days 00:49:58.122000,2026-07-25 11:06:59.166,1,,,,False,False,FP3,52.9,26.0,28.1
0 days 00:57:42.822000,RUS,63,0 days 00:01:33.755000,8.0,3.0,,,0 days 00:00:32.548000,0 days 00:00:35.857000,0 days 00:00:25.350000,0 days 00:56:41.615000,0 days 00:57:17.472000,0 days 00:57:42.822000,269.0,192.0,270.0,302.0,False,SOFT,2.0,True,Mercedes,0 days 00:56:09.067000,2026-07-25 11:13:10.111,1,,,,False,True,FP3,52.9,26.0,28.1
0 days 00:59:34.951000,RUS,63,0 days 00:01:52.129000,9.0,3.0,,,0 days 00:00:37.665000,0 days 00:00:47.601000,0 days 00:00:26.863000,0 days 00:58:20.487000,0 days 00:59:08.088000,0 days 00:59:34.951000,163.0,141.0,270.0,329.0,False,SOFT,3.0,True,Mercedes,0 days 00:57:42.822000,2026-07-25 11:14:43.866,1,,,,False,True,FP3,52.9,26.0,28.1
0 days 01:00:53.820000,RUS,63,0 days 00:01:18.869000,10.0,3.0,,,0 days 00:00:27.850000,0 days 00:00:28.391000,0 days 00:00:22.628000,0 days 01:00:02.801000,0 days 01:00:31.192000,0 days 01:00:53.820000,296.0,256.0,261.0,330.0,True,SOFT,4.0,True,Mercedes,0 days 00:59:34.951000,2026-07-25 11:16:35.995,1,,,,False,True,FP3,52.9,26.0,28.1
0 days 01:02:55.157000,RUS,63,0 days 00:02:01.337000,11.0,3.0,,,0 days 00:00:45.194000,0 days 00:00:38.633000,0 days 00:00:37.510000,0 days 01:01:39.014000,0 days 01:02:17.647000,0 days 01:02:55.157000,238.0,201.0,141.0,196.0,False,SOFT,5.0,True,Mercedes,0 days 01:00:53.820000,2026-07-25 11:17:54.864,1,,,,False,True,FP3,52.9,26.0,28.1
0 days 01:04:47.236000,RUS,63,0 days 00:01:52.079000,12.0,3.0,,,0 days 00:00:46.608000,0 days 00:00:40.407000,0 days 00:00:25.064000,0 days 01:03:41.765000,0 days 01:04:22.172000,0 days 01:04:47.236000,241.0,212.0,270.0,179.0,False,SOFT,6.0,True,Mercedes,0 days 01:02:55.157000,2026-07-25 11:19:56.201,1,,,,False,True,FP3,52.9,26.0,28.1
0 days 01:06:05.777000,RUS,63,0 days 00:01:18.541000,13.0,3.0,,,0 days 00:00:27.900000,0 days 00:00:28.319000,0 days 00:00:22.322000,0 days 01:05:15.136000,0 days 01:05:43.455000,0 days 01:06:05.777000,297.0,253.0,263.0,328.0,True,SOFT,7.0,True,Mercedes,0 days 01:04:47.236000,2026-07-25 11:21:48.280,1,,,,False,True,FP3,52.9,26.0,28.1
0 days 01:08:23.955000,RUS,63,0 days 00:02:18.178000,14.0,3.0,,,0 days 00:00:50.071000,0 days 00:00:58.403000,0 days 00:00:29.704000,0 days 01:06:55.848000,0 days 01:07:54.251000,0 days 01:08:23.955000,153.0,96.0,270.0,166.0,False,SOFT,8.0,True,Mercedes,0 days 01:06:05.777000,2026-07-25 11:23:06.821,1,,,,False,True,FP3,52.9,26.0,28.1
0 days 01:09:47.359000,RUS,63,0 days 00:01:23.404000,15.0,3.0,,0 days 01:09:45.600000,0 days 00:00:27.852000,0 days 00:00:28.359000,0 days 00:00:27.193000,0 days 01:08:51.807000,0 days 01:09:20.166000,0 days 01:09:47.359000,302.0,255.0,,327.0,False,SOFT,9.0,True,Mercedes,0 days 01:08:23.955000,2026-07-25 11:25:24.999,1,,,,False,False,FP3,51.7,26.0,27.8
0 days 01:14:29.192000,RUS,63,,16.0,4.0,0 days 01:12:35.014000,,,0 days 00:00:32.743000,0 days 00:00:25.738000,,0 days 01:14:03.665000,0 days 01:14:29.287000,266.0,218.0,244.0,327.0,False,SOFT,7.0,False,Mercedes,0 days 01:09:47.359000,2026-07-25 11:26:48.403,1,,,,False,False,FP3,51.7,26.0,27.8
0 days 01:16:54.931000,RUS,63,0 days 00:02:25.739000,17.0,4.0,,,0 days 00:00:37.367000,0 days 00:00:38.048000,0 days 00:01:10.324000,0 days 01:15:06.559000,0 days 01:15:44.607000,0 days 01:16:54.931000,204.0,158.0,162.0,304.0,False,SOFT,8.0,False,Mercedes,0 days 01:14:29.192000,2026-07-25 11:31:30.236,1,,,,False,True,FP3,51.7,26.0,27.8
0 days 01:18:31.799000,RUS,63,0 days 00:01:36.868000,18.0,4.0,,0 days 01:18:30.081000,0 days 00:00:31.796000,0 days 00:00:33.279000,0 days 00:00:31.793000,0 days 01:17:26.727000,0 days 01:18:00.006000,0 days 01:18:31.799000,266.0,212.0,,286.0,False,SOFT,9.0,False,Mercedes,0 days 01:16:54.931000,2026-07-25 11:33:55.975,1,,,,False,False,FP3,51.7,26.0,27.8
0 days 00:23:13.045000,BOT,77,,1.0,1.0,0 days 00:21:34.341000,,,0 days 00:00:37.047000,0 days 00:00:26.546000,,0 days 00:22:46.819000,0 days 00:23:13.258000,251.0,209.0,259.0,,False,SOFT,1.0,False,Cadillac,0 days 00:21:34.341000,2026-07-25 10:38:35.385,1,,,,False,False,FP3,51.7,26.0,27.8
0 days 00:24:36.325000,BOT,77,0 days 00:01:23.280000,2.0,1.0,,,0 days 00:00:29.226000,0 days 00:00:30.390000,0 days 00:00:23.664000,0 days 00:23:42.271000,0 days 00:24:12.661000,0 days 00:24:36.325000,289.0,239.0,256.0,316.0,True,SOFT,2.0,False,Cadillac,0 days 00:23:13.045000,2026-07-25 10:40:14.089,1,,,,False,True,FP3,51.7,26.0,27.8
0 days 00:26:38.626000,BOT,77,0 days 00:02:02.301000,3.0,1.0,,0 days 00:26:36.998000,0 days 00:00:38.241000,0 days 00:00:46.209000,0 days 00:00:37.851000,0 days 00:25:14.566000,0 days 00:26:00.775000,0 days 00:26:38.626000,146.0,144.0,,257.0,False,SOFT,3.0,False,Cadillac,0 days 00:24:36.325000,2026-07-25 10:41:37.369,1,,,,False,False,FP3,51.7,26.0,27.8
0 days 00:29:28.725000,BOT,77,,4.0,2.0,0 days 00:27:42.679000,,,0 days 00:00:40.717000,0 days 00:00:28.482000,,0 days 00:29:00.342000,0 days 00:29:28.743000,215.0,187.0,259.0,257.0,False,SOFT,4.0,False,Cadillac,0 days 00:26:38.626000,2026-07-25 10:43:39.670,1,,,,False,False,FP3,51.7,26.0,27.8
0 days 00:31:28.472000,BOT,77,0 days 00:01:59.747000,5.0,2.0,,0 days 00:31:26.565000,0 days 00:00:39.675000,0 days 00:00:45.377000,0 days 00:00:34.695000,0 days 00:30:08.400000,0 days 00:30:53.777000,0 days 00:31:28.472000,138.0,199.0,,321.0,False,SOFT,5.0,False,Cadillac,0 days 00:29:28.725000,2026-07-25 10:46:29.769,1,,,,False,False,FP3,51.7,26.0,27.8
0 days 00:46:27.623000,BOT,77,,6.0,3.0,0 days 00:44:43.669000,,,0 days 00:00:37.460000,0 days 00:00:29.120000,,0 days 00:45:58.825000,0 days 00:46:27.699000,168.0,178.0,262.0,321.0,False,SOFT,1.0,True,Cadillac,0 days 00:44:43.669000,2026-07-25 11:01:44.713,1,,,,False,False,FP3,51.7,26.0,27.8
0 days 00:47:49.832000,BOT,77,0 days 00:01:22.209000,7.0,3.0,,,0 days 00:00:28.687000,0 days 00:00:29.872000,0 days 00:00:23.650000,0 days 00:46:56.310000,0 days 00:47:26.182000,0 days 00:47:49.832000,297.0,249.0,259.0,324.0,True,SOFT,2.0,True,Cadillac,0 days 00:46:27.623000,2026-07-25 11:03:28.667,1,,,,False,True,FP3,51.7,26.0,27.8
0 days 00:49:53.078000,BOT,77,0 days 00:02:03.246000,8.0,3.0,,0 days 00:49:51.352000,0 days 00:00:39.043000,0 days 00:00:47.499000,0 days 00:00:36.704000,0 days 00:48:28.875000,0 days 00:49:16.374000,0 days 00:49:53.078000,176.0,163.0,,278.0,False,SOFT,3.0,True,Cadillac,0 days 00:47:49.832000,2026-07-25 11:04:50.876,1,,,,False,False,FP3,51.7,26.0,27.8
0 days 00:52:19.764000,BOT,77,0 days 00:02:26.686000,9.0,4.0,0 days 00:50:31.034000,,0 days 00:01:14.028000,0 days 00:00:38.277000,0 days 00:00:34.381000,0 days 00:51:07.106000,0 days 00:51:45.383000,0 days 00:52:19.764000,227.0,183.0,266.0,278.0,False,SOFT,4.0,False,Cadillac,0 days 00:49:53.078000,2026-07-25 11:06:54.122,1,,,,False,False,FP3,51.7,26.0,27.8
0 days 00:53:41.063000,BOT,77,0 days 00:01:21.299000,10.0,4.0,,,0 days 00:00:28.527000,0 days 00:00:29.616000,0 days 00:00:23.156000,0 days 00:52:48.291000,0 days 00:53:17.907000,0 days 00:53:41.063000,296.0,251.0,260.0,327.0,True,SOFT,5.0,False,Cadillac,0 days 00:52:19.764000,2026-07-25 11:09:20.808,1,,,,False,True,FP3,51.7,26.0,27.8
0 days 00:55:34.533000,BOT,77,0 days 00:01:53.470000,11.0,4.0,,0 days 00:55:32.795000,0 days 00:00:36.835000,0 days 00:00:40.252000,0 days 00:00:36.383000,0 days 00:54:17.898000,0 days 00:54:58.150000,0 days 00:55:34.533000,189.0,165.0,,267.0,False,SOFT,6.0,False,Cadillac,0 days 00:53:41.063000,2026-07-25 11:10:42.107,1,,,,False,False,FP3,51.7,26.0,27.8
0 days 01:11:16.402000,BOT,77,,12.0,5.0,0 days 01:09:28.003000,,,0 days 00:00:42.685000,0 days 00:00:26.496000,,0 days 01:10:50.183000,0 days 01:11:16.402000,264.0,216.0,265.0,267.0,False,SOFT,7.0,False,Cadillac,0 days 00:55:34.533000,2026-07-25 11:12:35.577,1,,,,False,False,FP3,51.7,26.0,27.8
0 days 01:12:37.760000,BOT,77,0 days 00:01:21.358000,13.0,5.0,,,0 days 00:00:28.645000,0 days 00:00:29.617000,0 days 00:00:23.096000,0 days 01:11:45.047000,0 days 01:12:14.664000,0 days 01:12:37.760000,295.0,253.0,257.0,326.0,False,SOFT,8.0,False,Cadillac,0 days 01:11:16.402000,2026-07-25 11:28:17.446,1,,,,False,True,FP3,51.7,26.0,27.8
0 days 01:14:25.802000,BOT,77,0 days 00:01:48.042000,14.0,5.0,,,0 days 00:00:41.383000,0 days 00:00:39.203000,0 days 00:00:27.456000,0 days 01:13:19.143000,0 days 01:13:58.346000,0 days 01:14:25.802000,133.0,196.0,246.0,290.0,False,SOFT,9.0,False,Cadillac,0 days 01:12:37.760000,2026-07-25 11:29:38.804,1,,,,False,True,FP3,52.8,25.5,28.4
0 days 01:16:15.018000,BOT,77,0 days 00:01:49.216000,15.0,5.0,,0 days 01:16:13.193000,0 days 00:00:34.163000,0 days 00:00:41.747000,0 days 00:00:33.306000,0 days 01:14:59.965000,0 days 01:15:41.712000,0 days 01:16:15.018000,196.0,173.0,,300.0,False,SOFT,10.0,False,Cadillac,0 days 01:14:25.802000,2026-07-25 11:31:26.846,1,,,,False,False,FP3,52.8,25.5,28.4
0 days 00:28:15.461000,PIA,81,,1.0,1.0,0 days 00:26:36.998000,,,0 days 00:00:33.217000,0 days 00:00:24.441000,,0 days 00:27:51.206000,0 days 00:28:15.504000,245.0,224.0,266.0,,False,SOFT,1.0,True,McLaren,0 days 00:26:36.998000,2026-07-25 10:43:38.042,1,,,,False,False,FP3,52.8,25.5,28.4
0 days 00:29:35.379000,PIA,81,0 days 00:01:19.918000,2.0,1.0,,,0 days 00:00:28.221000,0 days 00:00:28.834000,0 days 00:00:22.863000,0 days 00:28:43.682000,0 days 00:29:12.516000,0 days 00:29:35.379000,301.0,252.0,258.0,322.0,True,SOFT,2.0,True,McLaren,0 days 00:28:15.461000,2026-07-25 10:45:16.505,1,,,,False,True,FP3,52.8,25.5,28.4
0 days 00:31:37.867000,PIA,81,0 days 00:02:02.488000,3.0,1.0,,,0 days 00:00:46.888000,0 days 00:00:41.602000,0 days 00:00:33.998000,0 days 00:30:22.267000,0 days 00:31:03.869000,0 days 00:31:37.867000,112.0,166.0,266.0,244.0,False,SOFT,3.0,True,McLaren,0 days 00:29:35.379000,2026-07-25 10:46:36.423,1,,,,False,True,FP3,52.8,25.5,28.4
0 days 00:33:22.156000,PIA,81,0 days 00:01:44.289000,4.0,1.0,,,0 days 00:00:38.797000,0 days 00:00:40.146000,0 days 00:00:25.346000,0 days 00:32:16.664000,0 days 00:32:56.810000,0 days 00:33:22.156000,178.0,182.0,267.0,324.0,False,SOFT,4.0,True,McLaren,0 days 00:31:37.867000,2026-07-25 10:48:38.911,12,,,,False,True,FP3,52.8,25.5,28.4
0 days 00:40:32.297000,PIA,81,,5.0,1.0,,0 days 00:35:14.119000,,,,,,,,,,323.0,False,SOFT,5.0,True,McLaren,0 days 00:33:22.156000,2026-07-25 10:50:23.200,251,,,,False,False,FP3,52.8,25.5,28.4
0 days 00:42:20.936000,PIA,81,,6.0,2.0,0 days 00:40:32.297000,,,0 days 00:00:33.428000,0 days 00:00:28.065000,,0 days 00:41:53.035000,0 days 00:42:20.941000,239.0,222.0,238.0,323.0,False,SOFT,6.0,False,McLaren,0 days 00:40:32.297000,2026-07-25 10:57:33.341,1,,,,False,False,FP3,52.8,25.5,28.4
0 days 00:43:54.682000,PIA,81,0 days 00:01:33.746000,7.0,2.0,,,0 days 00:00:33.292000,0 days 00:00:34.101000,0 days 00:00:26.353000,0 days 00:42:54.228000,0 days 00:43:28.329000,0 days 00:43:54.682000,238.0,157.0,269.0,254.0,False,SOFT,7.0,False,McLaren,0 days 00:42:20.936000,2026-07-25 10:59:21.980,1,,,,False,True,FP3,52.8,25.5,28.4
0 days 00:45:13.918000,PIA,81,0 days 00:01:19.236000,8.0,2.0,,,0 days 00:00:27.877000,0 days 00:00:28.528000,0 days 00:00:22.831000,0 days 00:44:22.559000,0 days 00:44:51.087000,0 days 00:45:13.918000,298.0,255.0,256.0,326.0,True,SOFT,8.0,False,McLaren,0 days 00:43:54.682000,2026-07-25 11:00:55.726,1,,,,False,True,FP3,52.8,25.5,28.4
0 days 00:47:06.928000,PIA,81,0 days 00:01:53.010000,9.0,2.0,,,0 days 00:00:41.641000,0 days 00:00:44.310000,0 days 00:00:27.059000,0 days 00:45:55.559000,0 days 00:46:39.869000,0 days 00:47:06.928000,177.0,116.0,267.0,213.0,False,SOFT,9.0,False,McLaren,0 days 00:45:13.918000,2026-07-25 11:02:14.962,1,,,,False,True,FP3,52.8,25.5,28.4
0 days 00:48:26.471000,PIA,81,0 days 00:01:19.543000,10.0,2.0,,,0 days 00:00:28.237000,0 days 00:00:28.366000,0 days 00:00:22.940000,0 days 00:47:35.165000,0 days 00:48:03.531000,0 days 00:48:26.471000,302.0,254.0,261.0,326.0,False,SOFT,10.0,False,McLaren,0 days 00:47:06.928000,2026-07-25 11:04:07.972,1,,,,False,True,FP3,52.8,25.5,28.4
0 days 00:50:11.795000,PIA,81,0 days 00:01:45.324000,11.0,2.0,,0 days 00:50:09.960000,0 days 00:00:36.328000,0 days 00:00:40.140000,0 days 00:00:28.856000,0 days 00:49:02.799000,0 days 00:49:42.939000,0 days 00:50:11.795000,214.0,221.0,,273.0,False,SOFT,11.0,False,McLaren,0 days 00:48:26.471000,2026-07-25 11:05:27.515,1,,,,False,False,FP3,52.8,25.5,28.4
0 days 00:56:54.017000,PIA,81,,12.0,3.0,0 days 00:55:23.258000,,,0 days 00:00:32.219000,0 days 00:00:24.294000,,0 days 00:56:29.924000,0 days 00:56:54.191000,249.0,229.0,269.0,273.0,False,SOFT,1.0,True,McLaren,0 days 00:50:11.795000,2026-07-25 11:07:12.839,1,,,,False,False,FP3,52.8,25.5,28.4
0 days 00:58:12.481000,PIA,81,0 days 00:01:18.464000,13.0,3.0,,,0 days 00:00:27.923000,0 days 00:00:27.984000,0 days 00:00:22.557000,0 days 00:57:21.940000,0 days 00:57:49.924000,0 days 00:58:12.481000,306.0,253.0,260.0,327.0,True,SOFT,2.0,True,McLaren,0 days 00:56:54.017000,2026-07-25 11:13:55.061,1,,,,False,True,FP3,52.8,25.5,28.4
0 days 01:00:00.063000,PIA,81,0 days 00:01:47.582000,14.0,3.0,,,0 days 00:00:40.911000,0 days 00:00:40.868000,0 days 00:00:25.803000,0 days 00:58:53.392000,0 days 00:59:34.260000,0 days 01:00:00.063000,220.0,174.0,270.0,216.0,False,SOFT,3.0,True,McLaren,0 days 00:58:12.481000,2026-07-25 11:15:13.525,1,,,,False,True,FP3,52.8,25.5,28.4
0 days 01:01:36.445000,PIA,81,0 days 00:01:36.382000,15.0,3.0,,,0 days 00:00:27.659000,0 days 00:00:37.167000,0 days 00:00:31.556000,0 days 01:00:27.722000,0 days 01:01:04.889000,0 days 01:01:36.445000,304.0,159.0,181.0,328.0,False,SOFT,4.0,True,McLaren,0 days 01:00:00.063000,2026-07-25 11:17:01.107,1,,,,False,True,FP3,52.8,25.5,28.4
0 days 01:03:17.430000,PIA,81,0 days 00:01:40.985000,16.0,3.0,,,0 days 00:00:40.906000,0 days 00:00:35.790000,0 days 00:00:24.289000,0 days 01:02:17.351000,0 days 01:02:53.141000,0 days 01:03:17.430000,245.0,224.0,270.0,213.0,False,SOFT,5.0,True,McLaren,0 days 01:01:36.445000,2026-07-25 11:18:37.489,1,,,,False,True,FP3,52.8,25.5,28.4
0 days 01:04:35.868000,PIA,81,0 days 00:01:18.438000,17.0,3.0,,,0 days 00:00:27.778000,0 days 00:00:28.109000,0 days 00:00:22.551000,0 days 01:03:45.208000,0 days 01:04:13.317000,0 days 01:04:35.868000,306.0,257.0,262.0,326.0,True,SOFT,6.0,True,McLaren,0 days 01:03:17.430000,2026-07-25 11:20:18.474,1,,,,False,True,FP3,52.8,25.5,28.4
0 days 01:06:31.278000,PIA,81,0 days 00:01:55.410000,18.0,3.0,,,0 days 00:00:41.976000,0 days 00:00:43.341000,0 days 00:00:30.093000,0 days 01:05:17.844000,0 days 01:06:01.185000,0 days 01:06:31.278000,169.0,152.0,269.0,249.0,False,SOFT,7.0,True,McLaren,0 days 01:04:35.868000,2026-07-25 11:21:36.912,1,,,,False,True,FP3,52.8,25.5,28.4
0 days 01:08:07.016000,PIA,81,0 days 00:01:35.738000,19.0,3.0,,0 days 01:08:05.268000,0 days 00:00:27.923000,0 days 00:00:34.392000,0 days 00:00:33.423000,0 days 01:06:59.201000,0 days 01:07:33.593000,0 days 01:08:07.016000,302.0,214.0,,328.0,False,SOFT,8.0,True,McLaren,0 days 01:06:31.278000,2026-07-25 11:23:32.322,1,,,,False,False,FP3,53.5,25.7,28.5
0 days 01:13:46.497000,PIA,81,,20.0,4.0,0 days 01:11:44.839000,,,0 days 00:00:35.325000,0 days 00:00:25.909000,,0 days 01:13:20.684000,0 days 01:13:46.538000,234.0,197.0,238.0,328.0,False,SOFT,12.0,False,McLaren,0 days 01:08:07.016000,2026-07-25 11:25:08.060,1,,,,False,False,FP3,53.5,25.7,28.5
0 days 01:16:09.440000,PIA,81,0 days 00:02:22.943000,21.0,4.0,,,0 days 00:00:32.570000,0 days 00:00:36.907000,0 days 00:01:13.466000,0 days 01:14:19.067000,0 days 01:14:55.974000,0 days 01:16:09.440000,233.0,178.0,3.0,273.0,False,SOFT,13.0,False,McLaren,0 days 01:13:46.497000,2026-07-25 11:30:47.541,1,,,,False,True,FP3,53.5,25.7,28.5
0 days 01:18:05.387000,PIA,81,0 days 00:01:55.947000,22.0,4.0,,0 days 01:18:03.570000,0 days 00:00:31.299000,0 days 00:00:44.250000,0 days 00:00:40.398000,0 days 01:16:40.739000,0 days 01:17:24.989000,0 days 01:18:05.387000,288.0,159.0,,274.0,False,SOFT,14.0,False,McLaren,0 days 01:16:09.440000,2026-07-25 11:33:10.484,1,,,,False,False,FP3,53.5,25.7,28.5
0 days 00:41:12.946000,BEA,87,,1.0,1.0,0 days 00:39:33.721000,,,0 days 00:00:33.878000,0 days 00:00:25.804000,,0 days 00:40:47.364000,0 days 00:41:13.084000,237.0,222.0,267.0,,False,SOFT,1.0,True,Haas F1 Team,0 days 00:39:33.721000,2026-07-25 10:56:34.765,1,,,,False,False,FP3,53.5,25.7,28.5
0 days 00:42:34.745000,BEA,87,0 days 00:01:21.799000,2.0,1.0,,,0 days 00:00:28.582000,0 days 00:00:29.637000,0 days 00:00:23.580000,0 days 00:41:41.528000,0 days 00:42:11.165000,0 days 00:42:34.745000,300.0,248.0,258.0,328.0,True,SOFT,2.0,True,Haas F1 Team,0 days 00:41:12.946000,2026-07-25 10:58:13.990,1,,,,False,True,FP3,53.5,25.7,28.5
0 days 00:45:03.067000,BEA,87,0 days 00:02:28.322000,3.0,1.0,,,0 days 00:01:01.633000,0 days 00:00:51.155000,0 days 00:00:35.534000,0 days 00:43:36.378000,0 days 00:44:27.533000,0 days 00:45:03.067000,84.0,156.0,154.0,206.0,False,SOFT,3.0,True,Haas F1 Team,0 days 00:42:34.745000,2026-07-25 10:59:35.789,1,,,,False,True,FP3,53.5,25.7,28.5
0 days 00:46:54.533000,BEA,87,0 days 00:01:51.466000,4.0,1.0,,,0 days 00:00:47.200000,0 days 00:00:39.084000,0 days 00:00:25.182000,0 days 00:45:50.267000,0 days 00:46:29.351000,0 days 00:46:54.533000,167.0,219.0,263.0,167.0,False,SOFT,4.0,True,Haas F1 Team,0 days 00:45:03.067000,2026-07-25 11:02:04.111,1,,,,False,True,FP3,53.5,25.7,28.5
0 days 00:48:15.627000,BEA,87,0 days 00:01:21.094000,5.0,1.0,,,0 days 00:00:28.576000,0 days 00:00:29.360000,0 days 00:00:23.158000,0 days 00:47:23.109000,0 days 00:47:52.469000,0 days 00:48:15.627000,295.0,251.0,259.0,325.0,True,SOFT,5.0,True,Haas F1 Team,0 days 00:46:54.533000,2026-07-25 11:03:55.577,1,,,,False,True,FP3,53.5,25.7,28.5
0 days 00:50:21.348000,BEA,87,0 days 00:02:05.721000,6.0,1.0,,0 days 00:50:19.586000,0 days 00:00:45.024000,0 days 00:00:49.629000,0 days 00:00:31.068000,0 days 00:49:00.651000,0 days 00:49:50.280000,0 days 00:50:21.348000,154.0,202.0,,208.0,False,SOFT,6.0,True,Haas F1 Team,0 days 00:48:15.627000,2026-07-25 11:05:16.671,1,,,,False,False,FP3,53.5,25.7,28.5
0 days 01:03:34.647000,BEA,87,,7.0,2.0,0 days 01:01:57.570000,,,0 days 00:00:35.089000,0 days 00:00:27.405000,,0 days 01:03:07.396000,0 days 01:03:34.697000,234.0,221.0,267.0,208.0,False,SOFT,1.0,True,Haas F1 Team,0 days 00:50:21.348000,2026-07-25 11:07:22.392,1,,,,False,False,FP3,53.5,25.7,28.5
0 days 01:04:54.993000,BEA,87,0 days 00:01:20.346000,8.0,2.0,,,0 days 00:00:28.206000,0 days 00:00:29.278000,0 days 00:00:22.862000,0 days 01:04:02.853000,0 days 01:04:32.131000,0 days 01:04:54.993000,298.0,252.0,261.0,328.0,True,SOFT,2.0,True,Haas F1 Team,0 days 01:03:34.647000,2026-07-25 11:20:35.691,1,,,,False,True,FP3,53.5,25.7,28.5
0 days 01:07:23.637000,BEA,87,0 days 00:02:28.644000,9.0,2.0,,0 days 01:07:21.847000,0 days 00:00:56.497000,0 days 00:00:53.846000,0 days 00:00:38.301000,0 days 01:05:51.490000,0 days 01:06:45.336000,0 days 01:07:23.637000,128.0,139.0,,200.0,False,SOFT,3.0,True,Haas F1 Team,0 days 01:04:54.993000,2026-07-25 11:21:56.037,1,,,,False,False,FP3,53.5,25.7,28.5
0 days 01:10:02.448000,BEA,87,,10.0,3.0,0 days 01:08:11.397000,,0 days 00:01:32.907000,0 days 00:00:40.521000,0 days 00:00:25.417000,0 days 01:08:56.661000,0 days 01:09:37.277000,0 days 01:10:02.624000,235.0,220.0,267.0,200.0,False,SOFT,4.0,False,Haas F1 Team,0 days 01:07:23.637000,2026-07-25 11:24:24.681,1,,,,False,False,FP3,53.5,25.7,28.5
0 days 01:11:22.760000,BEA,87,0 days 00:01:20.312000,11.0,3.0,,,0 days 00:00:28.198000,0 days 00:00:29.132000,0 days 00:00:22.982000,0 days 01:10:30.646000,0 days 01:10:59.778000,0 days 01:11:22.760000,299.0,248.0,261.0,329.0,True,SOFT,5.0,False,Haas F1 Team,0 days 01:10:02.448000,2026-07-25 11:27:03.492,1,,,,False,True,FP3,53.5,25.7,28.5
0 days 01:13:35.892000,BEA,87,0 days 00:02:13.132000,12.0,3.0,,,0 days 00:00:49.922000,0 days 00:00:51.700000,0 days 00:00:31.510000,0 days 01:12:12.682000,0 days 01:13:04.382000,0 days 01:13:35.892000,148.0,178.0,255.0,215.0,False,SOFT,6.0,False,Haas F1 Team,0 days 01:11:22.760000,2026-07-25 11:28:23.804,1,,,,False,True,FP3,53.5,25.7,28.5
0 days 01:15:25.030000,BEA,87,0 days 00:01:49.138000,13.0,3.0,,,0 days 00:00:35.499000,0 days 00:00:35.245000,0 days 00:00:38.394000,0 days 01:14:11.391000,0 days 01:14:46.636000,0 days 01:15:25.030000,236.0,224.0,54.0,309.0,False,SOFT,7.0,False,Haas F1 Team,0 days 01:13:35.892000,2026-07-25 11:30:36.936,1,,,,False,True,FP3,53.5,25.7,28.5
0 days 01:17:17.351000,BEA,87,0 days 00:01:52.321000,14.0,3.0,,0 days 01:17:15.642000,0 days 00:00:54.306000,0 days 00:00:31.061000,0 days 00:00:26.954000,0 days 01:16:19.336000,0 days 01:16:50.397000,0 days 01:17:17.351000,282.0,235.0,,264.0,False,SOFT,8.0,False,Haas F1 Team,0 days 01:15:25.030000,2026-07-25 11:32:26.074,1,,,,False,False,FP3,53.5,25.7,28.5
