Time,Driver,DriverNumber,LapTime,LapNumber,Stint,PitOutTime,PitInTime,Sector1Time,Sector2Time,Sector3Time,Sector1SessionTime,Sector2SessionTime,Sector3SessionTime,SpeedI1,SpeedI2,SpeedFL,SpeedST,IsPersonalBest,Compound,TyreLife,FreshTyre,Team,LapStartTime,LapStartDate,TrackStatus,Position,Deleted,DeletedReason,FastF1Generated,IsAccurate,Session
0 days 00:18:27.977000,PIA,81,,1.0,1.0,0 days 00:16:35.857000,,,0 days 00:00:41.561000,0 days 00:00:31.211000,,0 days 00:17:56.862000,0 days 00:18:28.025000,109.0,121.0,287.0,155.0,False,MEDIUM,1.0,True,McLaren,0 days 00:16:35.857000,2025-05-02 20:32:57.758,1,,,,False,False,SQ
0 days 00:19:56.133000,PIA,81,0 days 00:01:28.156000,2.0,1.0,,,0 days 00:00:29.435000,0 days 00:00:33.687000,0 days 00:00:25.034000,0 days 00:18:57.412000,0 days 00:19:31.099000,0 days 00:19:56.133000,219.0,190.0,284.0,337.0,True,MEDIUM,2.0,True,McLaren,0 days 00:18:27.977000,2025-05-02 20:34:49.878,1,,,,False,True,SQ
0 days 00:21:55.279000,PIA,81,0 days 00:01:59.146000,3.0,1.0,,,0 days 00:00:44.315000,0 days 00:00:42.088000,0 days 00:00:32.743000,0 days 00:20:40.448000,0 days 00:21:22.536000,0 days 00:21:55.279000,142.0,138.0,148.0,259.0,False,MEDIUM,3.0,True,McLaren,0 days 00:19:56.133000,2025-05-02 20:36:18.034,1,,,,False,True,SQ
0 days 00:23:57.205000,PIA,81,0 days 00:02:01.926000,4.0,1.0,,,0 days 00:00:48.279000,0 days 00:00:42.997000,0 days 00:00:30.650000,0 days 00:22:43.558000,0 days 00:23:26.555000,0 days 00:23:57.205000,164.0,129.0,283.0,230.0,False,MEDIUM,4.0,True,McLaren,0 days 00:21:55.279000,2025-05-02 20:38:17.180,1,,,,False,True,SQ
0 days 00:25:25.156000,PIA,81,0 days 00:01:27.951000,5.0,1.0,,,0 days 00:00:29.400000,0 days 00:00:33.610000,0 days 00:00:24.941000,0 days 00:24:26.605000,0 days 00:25:00.215000,0 days 00:25:25.156000,223.0,191.0,288.0,338.0,True,MEDIUM,5.0,True,McLaren,0 days 00:23:57.205000,2025-05-02 20:40:19.106,1,,,,False,True,SQ
0 days 00:27:34.486000,PIA,81,0 days 00:02:09.330000,6.0,1.0,,0 days 00:27:28.844000,0 days 00:00:51.295000,0 days 00:00:42.045000,0 days 00:00:35.990000,0 days 00:26:16.451000,0 days 00:26:58.496000,0 days 00:27:34.486000,179.0,148.0,,233.0,False,MEDIUM,6.0,True,McLaren,0 days 00:25:25.156000,2025-05-02 20:41:47.057,1,,,,False,False,SQ
0 days 00:35:53.217000,PIA,81,,7.0,2.0,0 days 00:33:51.972000,,,0 days 00:00:38.675000,0 days 00:00:28.164000,,0 days 00:35:25.080000,0 days 00:35:53.239000,176.0,119.0,287.0,313.0,False,MEDIUM,1.0,True,McLaren,0 days 00:27:34.486000,2025-05-02 20:43:56.387,1,,,,False,False,SQ
0 days 00:37:20.571000,PIA,81,0 days 00:01:27.354000,8.0,2.0,,,0 days 00:00:28.995000,0 days 00:00:33.405000,0 days 00:00:24.954000,0 days 00:36:22.212000,0 days 00:36:55.617000,0 days 00:37:20.571000,224.0,191.0,286.0,336.0,True,MEDIUM,2.0,True,McLaren,0 days 00:35:53.217000,2025-05-02 20:52:15.118,1,,,,False,True,SQ
0 days 00:39:23.358000,PIA,81,0 days 00:02:02.787000,9.0,2.0,,0 days 00:39:17.541000,0 days 00:00:42.561000,0 days 00:00:42.149000,0 days 00:00:38.077000,0 days 00:38:03.132000,0 days 00:38:45.281000,0 days 00:39:23.358000,169.0,145.0,,247.0,False,MEDIUM,3.0,True,McLaren,0 days 00:37:20.571000,2025-05-02 20:53:42.472,1,,,,False,False,SQ
0 days 00:57:28.250000,PIA,81,,10.0,3.0,0 days 00:55:11.930000,,,0 days 00:00:38.680000,0 days 00:00:35.816000,,0 days 00:56:52.525000,0 days 00:57:28.250000,194.0,126.0,287.0,74.0,False,SOFT,1.0,True,McLaren,0 days 00:39:23.358000,2025-05-02 20:55:45.259,1,,,,False,False,SQ
0 days 00:58:54.777000,PIA,81,0 days 00:01:26.527000,11.0,3.0,,,0 days 00:00:28.648000,0 days 00:00:32.936000,0 days 00:00:24.943000,0 days 00:57:56.898000,0 days 00:58:29.834000,0 days 00:58:54.777000,221.0,193.0,286.0,338.0,True,SOFT,2.0,True,McLaren,0 days 00:57:28.250000,2025-05-02 21:13:50.151,1,,,,False,True,SQ
0 days 01:01:02.170000,PIA,81,0 days 00:02:07.393000,12.0,3.0,,0 days 01:00:51.969000,0 days 00:00:40.547000,0 days 00:00:40.929000,0 days 00:00:45.917000,0 days 00:59:35.324000,0 days 01:00:16.253000,0 days 01:01:02.170000,182.0,144.0,,146.0,False,SOFT,3.0,True,McLaren,0 days 00:58:54.777000,2025-05-02 21:15:16.678,1,,,,False,False,SQ
0 days 00:17:40.812000,LEC,16,,1.0,1.0,0 days 00:15:35.358000,,,0 days 00:00:39.560000,0 days 00:00:40.582000,,0 days 00:17:00.404000,0 days 00:17:40.812000,188.0,166.0,285.0,69.0,False,MEDIUM,1.0,True,Ferrari,0 days 00:15:35.358000,2025-05-02 20:31:57.259,1,,,,False,False,SQ
0 days 00:19:09.176000,LEC,16,0 days 00:01:28.364000,2.0,1.0,,,0 days 00:00:29.424000,0 days 00:00:33.811000,0 days 00:00:25.129000,0 days 00:18:10.236000,0 days 00:18:44.047000,0 days 00:19:09.176000,219.0,186.0,284.0,339.0,True,MEDIUM,2.0,True,Ferrari,0 days 00:17:40.812000,2025-05-02 20:34:02.713,1,,,,False,True,SQ
0 days 00:21:08.630000,LEC,16,0 days 00:01:59.454000,3.0,1.0,,,0 days 00:00:44.303000,0 days 00:00:42.894000,0 days 00:00:32.257000,0 days 00:19:53.479000,0 days 00:20:36.373000,0 days 00:21:08.630000,166.0,156.0,249.0,207.0,False,MEDIUM,3.0,True,Ferrari,0 days 00:19:09.176000,2025-05-02 20:35:31.077,1,,,,False,True,SQ
0 days 00:23:11.675000,LEC,16,0 days 00:02:03.045000,4.0,1.0,,,0 days 00:00:48.447000,0 days 00:00:44.981000,0 days 00:00:29.617000,0 days 00:21:57.077000,0 days 00:22:42.058000,0 days 00:23:11.675000,176.0,148.0,283.0,234.0,False,MEDIUM,4.0,True,Ferrari,0 days 00:21:08.630000,2025-05-02 20:37:30.531,1,,,,False,True,SQ
0 days 00:24:55.580000,LEC,16,0 days 00:01:43.905000,5.0,1.0,,,0 days 00:00:29.359000,0 days 00:00:36.853000,0 days 00:00:37.693000,0 days 00:23:41.034000,0 days 00:24:17.887000,0 days 00:24:55.580000,220.0,144.0,284.0,115.0,False,MEDIUM,5.0,True,Ferrari,0 days 00:23:11.675000,2025-05-02 20:39:33.576,1,,,,False,True,SQ
0 days 00:26:23.905000,LEC,16,0 days 00:01:28.325000,6.0,1.0,,,0 days 00:00:29.444000,0 days 00:00:33.783000,0 days 00:00:25.098000,0 days 00:25:25.024000,0 days 00:25:58.807000,0 days 00:26:23.905000,220.0,191.0,285.0,338.0,True,MEDIUM,6.0,True,Ferrari,0 days 00:24:55.580000,2025-05-02 20:41:17.481,1,,,,False,True,SQ
0 days 00:28:19.649000,LEC,16,0 days 00:01:55.744000,7.0,1.0,,0 days 00:28:13.632000,0 days 00:00:36.822000,0 days 00:00:40.945000,0 days 00:00:37.977000,0 days 00:27:00.727000,0 days 00:27:41.672000,0 days 00:28:19.649000,189.0,156.0,,196.0,False,MEDIUM,7.0,True,Ferrari,0 days 00:26:23.905000,2025-05-02 20:42:45.806,1,,,,False,False,SQ
0 days 00:36:03.341000,LEC,16,,8.0,2.0,0 days 00:34:02.692000,,,0 days 00:00:41.110000,0 days 00:00:29.221000,,0 days 00:35:34.239000,0 days 00:36:03.515000,169.0,151.0,285.0,259.0,False,MEDIUM,1.0,True,Ferrari,0 days 00:28:19.649000,2025-05-02 20:44:41.550,1,,,,False,False,SQ
0 days 00:37:31.152000,LEC,16,0 days 00:01:27.811000,9.0,2.0,,,0 days 00:00:29.103000,0 days 00:00:33.682000,0 days 00:00:25.026000,0 days 00:36:32.444000,0 days 00:37:06.126000,0 days 00:37:31.152000,222.0,192.0,285.0,337.0,True,MEDIUM,2.0,True,Ferrari,0 days 00:36:03.341000,2025-05-02 20:52:25.242,1,,,,False,True,SQ
0 days 00:39:35.465000,LEC,16,0 days 00:02:04.313000,10.0,2.0,,,0 days 00:00:48.064000,0 days 00:00:43.003000,0 days 00:00:33.246000,0 days 00:38:19.216000,0 days 00:39:02.219000,0 days 00:39:35.465000,164.0,149.0,134.0,216.0,False,MEDIUM,3.0,True,Ferrari,0 days 00:37:31.152000,2025-05-02 20:53:53.053,1,,,,False,True,SQ
0 days 00:41:37.836000,LEC,16,0 days 00:02:02.371000,11.0,2.0,,,0 days 00:00:48.618000,0 days 00:00:43.666000,0 days 00:00:30.087000,0 days 00:40:24.083000,0 days 00:41:07.749000,0 days 00:41:37.836000,170.0,150.0,283.0,244.0,False,MEDIUM,4.0,True,Ferrari,0 days 00:39:35.465000,2025-05-02 20:55:57.366,1,,,,False,True,SQ
0 days 00:43:05.303000,LEC,16,0 days 00:01:27.467000,12.0,2.0,,,0 days 00:00:29.043000,0 days 00:00:33.309000,0 days 00:00:25.115000,0 days 00:42:06.879000,0 days 00:42:40.188000,0 days 00:43:05.303000,222.0,192.0,284.0,338.0,True,MEDIUM,5.0,True,Ferrari,0 days 00:41:37.836000,2025-05-02 20:57:59.737,1,,,,False,True,SQ
0 days 00:45:00.264000,LEC,16,0 days 00:01:54.961000,13.0,2.0,,0 days 00:44:54.441000,0 days 00:00:36.806000,0 days 00:00:40.775000,0 days 00:00:37.380000,0 days 00:43:42.109000,0 days 00:44:22.884000,0 days 00:45:00.264000,174.0,167.0,,172.0,False,MEDIUM,6.0,True,Ferrari,0 days 00:43:05.303000,2025-05-02 20:59:27.204,1,,,,False,False,SQ
0 days 00:57:34.143000,LEC,16,,14.0,3.0,0 days 00:55:36.725000,,,0 days 00:00:39.362000,0 days 00:00:33.439000,,0 days 00:57:00.765000,0 days 00:57:34.250000,195.0,177.0,286.0,183.0,False,SOFT,1.0,True,Ferrari,0 days 00:45:00.264000,2025-05-02 21:01:22.165,1,,,,False,False,SQ
0 days 00:59:00.951000,LEC,16,0 days 00:01:26.808000,15.0,3.0,,,0 days 00:00:28.756000,0 days 00:00:33.107000,0 days 00:00:24.945000,0 days 00:58:02.899000,0 days 00:58:36.006000,0 days 00:59:00.951000,224.0,192.0,285.0,339.0,True,SOFT,2.0,True,Ferrari,0 days 00:57:34.143000,2025-05-02 21:13:56.044,1,,,,False,True,SQ
0 days 01:00:57.905000,LEC,16,,16.0,3.0,,0 days 01:00:57.905000,0 days 00:00:37.439000,0 days 00:00:44.445000,,0 days 00:59:38.538000,0 days 01:00:22.992000,,191.0,165.0,,172.0,False,SOFT,3.0,True,Ferrari,0 days 00:59:00.951000,2025-05-02 21:15:22.852,1,,,,False,False,SQ
0 days 00:16:01.313000,VER,1,,1.0,1.0,0 days 00:14:06.220000,,,0 days 00:00:46.879000,0 days 00:00:30.215000,,0 days 00:15:31.098000,0 days 00:16:01.420000,145.0,91.0,283.0,262.0,False,MEDIUM,1.0,True,Red Bull Racing,0 days 00:14:06.220000,2025-05-02 20:30:28.121,1,,,,False,False,SQ
0 days 00:17:29.266000,VER,1,0 days 00:01:27.953000,2.0,1.0,,,0 days 00:00:29.191000,0 days 00:00:33.569000,0 days 00:00:25.193000,0 days 00:16:30.504000,0 days 00:17:04.073000,0 days 00:17:29.266000,219.0,190.0,283.0,340.0,True,MEDIUM,2.0,True,Red Bull Racing,0 days 00:16:01.313000,2025-05-02 20:32:23.214,1,,,,False,True,SQ
0 days 00:19:33.134000,VER,1,0 days 00:02:03.868000,3.0,1.0,,0 days 00:19:27.684000,0 days 00:00:42.632000,0 days 00:00:47.765000,0 days 00:00:33.471000,0 days 00:18:11.898000,0 days 00:18:59.663000,0 days 00:19:33.134000,159.0,154.0,,278.0,False,MEDIUM,3.0,True,Red Bull Racing,0 days 00:17:29.266000,2025-05-02 20:33:51.167,1,,,,False,False,SQ
0 days 00:25:42.840000,VER,1,,4.0,2.0,0 days 00:23:42.590000,0 days 00:25:37.359000,,0 days 00:00:42.477000,0 days 00:00:38.450000,,0 days 00:25:04.390000,0 days 00:25:43.075000,208.0,149.0,,109.0,False,MEDIUM,4.0,False,Red Bull Racing,0 days 00:19:33.134000,2025-05-02 20:35:55.035,1,,,,False,False,SQ
0 days 00:34:42.011000,VER,1,,5.0,3.0,0 days 00:32:55.438000,,,0 days 00:00:38.366000,0 days 00:00:28.835000,,0 days 00:34:13.331000,0 days 00:34:42.091000,195.0,162.0,285.0,281.0,False,MEDIUM,1.0,True,Red Bull Racing,0 days 00:25:42.840000,2025-05-02 20:42:04.741,1,,,,False,False,SQ
0 days 00:36:09.740000,VER,1,0 days 00:01:27.729000,6.0,3.0,,,0 days 00:00:28.973000,0 days 00:00:33.673000,0 days 00:00:25.083000,0 days 00:35:10.984000,0 days 00:35:44.657000,0 days 00:36:09.740000,218.0,191.0,285.0,337.0,True,MEDIUM,2.0,True,Red Bull Racing,0 days 00:34:42.011000,2025-05-02 20:51:03.912,1,,,,False,True,SQ
0 days 00:38:16.967000,VER,1,0 days 00:02:07.227000,7.0,3.0,,,0 days 00:00:47.657000,0 days 00:00:50.117000,0 days 00:00:29.453000,0 days 00:36:57.397000,0 days 00:37:47.514000,0 days 00:38:16.967000,126.0,134.0,225.0,267.0,False,MEDIUM,3.0,True,Red Bull Racing,0 days 00:36:09.740000,2025-05-02 20:52:31.641,1,,,,False,True,SQ
0 days 00:40:19.558000,VER,1,0 days 00:02:02.591000,8.0,3.0,,,0 days 00:00:50.738000,0 days 00:00:45.037000,0 days 00:00:26.816000,0 days 00:39:07.705000,0 days 00:39:52.742000,0 days 00:40:19.558000,130.0,154.0,284.0,295.0,False,MEDIUM,4.0,True,Red Bull Racing,0 days 00:38:16.967000,2025-05-02 20:54:38.868,1,,,,False,True,SQ
0 days 00:41:46.803000,VER,1,0 days 00:01:27.245000,9.0,3.0,,,0 days 00:00:28.930000,0 days 00:00:33.184000,0 days 00:00:25.131000,0 days 00:40:48.488000,0 days 00:41:21.672000,0 days 00:41:46.803000,218.0,191.0,284.0,338.0,True,MEDIUM,5.0,True,Red Bull Racing,0 days 00:40:19.558000,2025-05-02 20:56:41.459,1,,,,False,True,SQ
0 days 00:43:38.605000,VER,1,0 days 00:01:51.802000,10.0,3.0,,0 days 00:43:33.212000,0 days 00:00:36.170000,0 days 00:00:41.370000,0 days 00:00:34.262000,0 days 00:42:22.973000,0 days 00:43:04.343000,0 days 00:43:38.605000,130.0,165.0,,231.0,False,MEDIUM,6.0,True,Red Bull Racing,0 days 00:41:46.803000,2025-05-02 20:58:08.704,1,,,,False,False,SQ
0 days 00:51:33.118000,VER,1,,11.0,4.0,0 days 00:49:41.261000,,,0 days 00:00:43.737000,0 days 00:00:29.783000,,0 days 00:51:03.497000,0 days 00:51:33.388000,177.0,143.0,284.0,285.0,False,SOFT,1.0,True,Red Bull Racing,0 days 00:43:38.605000,2025-05-02 21:00:00.506,1,,,,False,False,SQ
0 days 00:53:00.188000,VER,1,0 days 00:01:27.070000,12.0,4.0,,,0 days 00:00:28.636000,0 days 00:00:33.327000,0 days 00:00:25.107000,0 days 00:52:01.754000,0 days 00:52:35.081000,0 days 00:53:00.188000,220.0,191.0,282.0,336.0,True,SOFT,2.0,True,Red Bull Racing,0 days 00:51:33.118000,2025-05-02 21:07:55.019,1,,,,False,True,SQ
0 days 00:55:03.247000,VER,1,0 days 00:02:03.059000,13.0,4.0,,,0 days 00:00:44.743000,0 days 00:00:46.837000,0 days 00:00:31.479000,0 days 00:53:44.931000,0 days 00:54:31.768000,0 days 00:55:03.247000,159.0,153.0,174.0,221.0,False,SOFT,3.0,True,Red Bull Racing,0 days 00:53:00.188000,2025-05-02 21:09:22.089,1,,,,False,True,SQ
0 days 00:57:03.272000,VER,1,0 days 00:02:00.025000,14.0,4.0,,,0 days 00:00:45.258000,0 days 00:00:44.248000,0 days 00:00:30.519000,0 days 00:55:48.505000,0 days 00:56:32.753000,0 days 00:57:03.272000,169.0,160.0,285.0,233.0,False,SOFT,4.0,True,Red Bull Racing,0 days 00:55:03.247000,2025-05-02 21:11:25.148,1,,,,False,True,SQ
0 days 00:58:30.009000,VER,1,0 days 00:01:26.737000,15.0,4.0,,,0 days 00:00:28.577000,0 days 00:00:33.188000,0 days 00:00:24.972000,0 days 00:57:31.849000,0 days 00:58:05.037000,0 days 00:58:30.009000,222.0,192.0,283.0,338.0,True,SOFT,5.0,True,Red Bull Racing,0 days 00:57:03.272000,2025-05-02 21:13:25.173,1,,,,False,True,SQ
0 days 01:00:26.575000,VER,1,,16.0,4.0,,0 days 01:00:26.575000,0 days 00:00:39.076000,0 days 00:00:43.509000,,0 days 00:59:09.297000,0 days 00:59:52.693000,,175.0,161.0,,190.0,False,SOFT,6.0,True,Red Bull Racing,0 days 00:58:30.009000,2025-05-02 21:14:51.910,1,,,,False,False,SQ
0 days 00:16:10.295000,SAI,55,,1.0,1.0,0 days 00:14:08.720000,,,0 days 00:00:47.616000,0 days 00:00:28.466000,,0 days 00:15:41.936000,0 days 00:16:10.295000,198.0,92.0,283.0,302.0,False,MEDIUM,1.0,True,Williams,0 days 00:14:08.720000,2025-05-02 20:30:30.621,1,,,,False,False,SQ
0 days 00:17:39.097000,SAI,55,0 days 00:01:28.802000,2.0,1.0,,,0 days 00:00:29.784000,0 days 00:00:33.810000,0 days 00:00:25.208000,0 days 00:16:40.079000,0 days 00:17:13.889000,0 days 00:17:39.097000,219.0,190.0,281.0,339.0,True,MEDIUM,2.0,True,Williams,0 days 00:16:10.295000,2025-05-02 20:32:32.196,1,,,,False,True,SQ
0 days 00:19:46.589000,SAI,55,0 days 00:02:07.492000,3.0,1.0,,0 days 00:19:39.823000,0 days 00:00:42.966000,0 days 00:00:47.499000,0 days 00:00:37.027000,0 days 00:18:22.063000,0 days 00:19:09.562000,0 days 00:19:46.589000,156.0,133.0,,296.0,False,MEDIUM,3.0,True,Williams,0 days 00:17:39.097000,2025-05-02 20:34:00.998,1,,,,False,False,SQ
0 days 00:25:03.621000,SAI,55,,4.0,2.0,0 days 00:22:50.024000,,,0 days 00:00:46.592000,0 days 00:00:38.965000,,0 days 00:24:24.668000,0 days 00:25:03.844000,202.0,94.0,286.0,59.0,False,MEDIUM,4.0,False,Williams,0 days 00:19:46.589000,2025-05-02 20:36:08.490,1,,,,False,False,SQ
0 days 00:26:31.520000,SAI,55,0 days 00:01:27.899000,5.0,2.0,,,0 days 00:00:29.274000,0 days 00:00:33.740000,0 days 00:00:24.885000,0 days 00:25:32.895000,0 days 00:26:06.635000,0 days 00:26:31.520000,223.0,191.0,287.0,343.0,True,MEDIUM,5.0,False,Williams,0 days 00:25:03.621000,2025-05-02 20:41:25.522,1,,,,False,True,SQ
0 days 00:28:31.280000,SAI,55,0 days 00:01:59.760000,6.0,2.0,,0 days 00:28:25.898000,0 days 00:00:39.934000,0 days 00:00:43.772000,0 days 00:00:36.054000,0 days 00:27:11.454000,0 days 00:27:55.226000,0 days 00:28:31.280000,157.0,149.0,,213.0,False,MEDIUM,6.0,False,Williams,0 days 00:26:31.520000,2025-05-02 20:42:53.421,1,,,,False,False,SQ
0 days 00:42:05.572000,SAI,55,,7.0,3.0,0 days 00:39:59.807000,,,0 days 00:00:41.968000,0 days 00:00:28.612000,,0 days 00:41:36.996000,0 days 00:42:05.673000,205.0,163.0,286.0,289.0,False,MEDIUM,1.0,True,Williams,0 days 00:28:31.280000,2025-05-02 20:44:53.181,1,,,,False,False,SQ
0 days 00:43:59.843000,SAI,55,0 days 00:01:54.271000,8.0,3.0,,0 days 00:43:53.080000,0 days 00:00:29.241000,0 days 00:00:39.790000,0 days 00:00:45.240000,0 days 00:42:34.813000,0 days 00:43:14.603000,0 days 00:43:59.843000,220.0,139.0,,186.0,False,MEDIUM,2.0,True,Williams,0 days 00:42:05.572000,2025-05-02 20:58:27.473,1,,,,False,False,SQ
0 days 00:16:27.620000,ALB,23,,1.0,1.0,0 days 00:14:22.528000,,,0 days 00:00:43.229000,0 days 00:00:27.663000,,0 days 00:15:59.983000,0 days 00:16:27.751000,191.0,161.0,283.0,309.0,False,MEDIUM,1.0,True,Williams,0 days 00:14:22.528000,2025-05-02 20:30:44.429,1,,,,False,False,SQ
0 days 00:17:56.049000,ALB,23,0 days 00:01:28.429000,2.0,1.0,,,0 days 00:00:29.651000,0 days 00:00:33.654000,0 days 00:00:25.124000,0 days 00:16:57.271000,0 days 00:17:30.925000,0 days 00:17:56.049000,220.0,191.0,284.0,338.0,True,MEDIUM,2.0,True,Williams,0 days 00:16:27.620000,2025-05-02 20:32:49.521,1,,,,False,True,SQ
0 days 00:19:58.672000,ALB,23,0 days 00:02:02.623000,3.0,1.0,,0 days 00:19:52.751000,0 days 00:00:42.487000,0 days 00:00:42.824000,0 days 00:00:37.312000,0 days 00:18:38.536000,0 days 00:19:21.360000,0 days 00:19:58.672000,178.0,145.0,,275.0,False,MEDIUM,3.0,True,Williams,0 days 00:17:56.049000,2025-05-02 20:34:17.950,1,,,,False,False,SQ
0 days 00:25:14.628000,ALB,23,,4.0,2.0,0 days 00:22:54.696000,,,0 days 00:00:46.863000,0 days 00:00:37.272000,,0 days 00:24:37.410000,0 days 00:25:14.859000,192.0,69.0,285.0,212.0,False,MEDIUM,4.0,False,Williams,0 days 00:19:58.672000,2025-05-02 20:36:20.573,1,,,,False,False,SQ
0 days 00:26:42.487000,ALB,23,0 days 00:01:27.859000,5.0,2.0,,,0 days 00:00:29.421000,0 days 00:00:33.470000,0 days 00:00:24.968000,0 days 00:25:44.049000,0 days 00:26:17.519000,0 days 00:26:42.487000,223.0,191.0,287.0,342.0,True,MEDIUM,5.0,False,Williams,0 days 00:25:14.628000,2025-05-02 20:41:36.529,1,,,,False,True,SQ
0 days 00:28:43.226000,ALB,23,0 days 00:02:00.739000,6.0,2.0,,0 days 00:28:36.945000,0 days 00:00:42.968000,0 days 00:00:42.031000,0 days 00:00:35.740000,0 days 00:27:25.455000,0 days 00:28:07.486000,0 days 00:28:43.226000,169.0,146.0,,275.0,False,MEDIUM,6.0,False,Williams,0 days 00:26:42.487000,2025-05-02 20:43:04.388,1,,,,False,False,SQ
0 days 00:35:16.938000,ALB,23,,7.0,3.0,0 days 00:33:06.213000,,,0 days 00:00:38.315000,0 days 00:00:26.722000,,0 days 00:34:50.247000,0 days 00:35:17.581000,188.0,160.0,286.0,311.0,False,MEDIUM,1.0,True,Williams,0 days 00:28:43.226000,2025-05-02 20:45:05.127,1,,,,False,False,SQ
0 days 00:36:45.102000,ALB,23,0 days 00:01:28.164000,8.0,3.0,,,0 days 00:00:29.359000,0 days 00:00:33.761000,0 days 00:00:25.044000,0 days 00:35:46.297000,0 days 00:36:20.058000,0 days 00:36:45.102000,217.0,191.0,285.0,337.0,True,MEDIUM,2.0,True,Williams,0 days 00:35:16.938000,2025-05-02 20:51:38.839,1,,,,False,True,SQ
0 days 00:38:48.614000,ALB,23,0 days 00:02:03.512000,9.0,3.0,,0 days 00:38:40.955000,0 days 00:00:41.031000,0 days 00:00:44.152000,0 days 00:00:38.329000,0 days 00:37:26.133000,0 days 00:38:10.285000,0 days 00:38:48.614000,163.0,144.0,,247.0,False,MEDIUM,3.0,True,Williams,0 days 00:36:45.102000,2025-05-02 20:53:07.003,1,,,,False,False,SQ
0 days 00:42:28.546000,ALB,23,,10.0,4.0,0 days 00:40:25.808000,,,0 days 00:00:37.661000,0 days 00:00:27.746000,,0 days 00:42:00.942000,0 days 00:42:28.684000,206.0,177.0,286.0,255.0,False,MEDIUM,4.0,False,Williams,0 days 00:38:48.614000,2025-05-02 20:55:10.515,1,,,,False,False,SQ
0 days 00:43:56.243000,ALB,23,0 days 00:01:27.697000,11.0,4.0,,,0 days 00:00:29.366000,0 days 00:00:33.400000,0 days 00:00:24.931000,0 days 00:42:57.912000,0 days 00:43:31.312000,0 days 00:43:56.243000,222.0,192.0,285.0,344.0,True,MEDIUM,5.0,False,Williams,0 days 00:42:28.546000,2025-05-02 20:58:50.447,1,,,,False,True,SQ
0 days 00:45:51.569000,ALB,23,0 days 00:01:55.326000,12.0,4.0,,0 days 00:45:46.151000,0 days 00:00:39.626000,0 days 00:00:40.685000,0 days 00:00:35.015000,0 days 00:44:35.869000,0 days 00:45:16.554000,0 days 00:45:51.569000,197.0,168.0,,282.0,False,MEDIUM,6.0,False,Williams,0 days 00:43:56.243000,2025-05-02 21:00:18.144,1,,,,False,False,SQ
0 days 00:56:20.882000,ALB,23,,13.0,5.0,0 days 00:54:39.902000,,,0 days 00:00:37.725000,0 days 00:00:26.701000,,0 days 00:55:54.268000,0 days 00:56:20.882000,196.0,162.0,285.0,315.0,False,SOFT,1.0,True,Williams,0 days 00:45:51.569000,2025-05-02 21:02:13.470,1,,,,False,False,SQ
0 days 00:57:48.075000,ALB,23,0 days 00:01:27.193000,14.0,5.0,,,0 days 00:00:29.085000,0 days 00:00:33.161000,0 days 00:00:24.947000,0 days 00:56:49.967000,0 days 00:57:23.128000,0 days 00:57:48.075000,221.0,192.0,283.0,335.0,True,SOFT,2.0,True,Williams,0 days 00:56:20.882000,2025-05-02 21:12:42.783,1,,,,False,True,SQ
0 days 00:59:43.366000,ALB,23,,15.0,5.0,,0 days 00:59:43.366000,0 days 00:00:40.543000,0 days 00:00:40.903000,,0 days 00:58:28.666000,0 days 00:59:09.481000,,174.0,153.0,,226.0,False,SOFT,3.0,True,Williams,0 days 00:57:48.075000,2025-05-02 21:14:09.976,1,,,,False,False,SQ
0 days 00:16:20.193000,HAD,6,,1.0,1.0,0 days 00:14:18.840000,,,0 days 00:00:38.440000,0 days 00:00:32.850000,,0 days 00:15:47.576000,0 days 00:16:20.229000,185.0,150.0,283.0,132.0,False,MEDIUM,1.0,True,Racing Bulls,0 days 00:14:18.840000,2025-05-02 20:30:40.741,1,,,,False,False,SQ
0 days 00:17:50.094000,HAD,6,0 days 00:01:29.901000,2.0,1.0,,,0 days 00:00:29.576000,0 days 00:00:34.024000,0 days 00:00:26.301000,0 days 00:16:49.769000,0 days 00:17:23.793000,0 days 00:17:50.094000,218.0,190.0,283.0,337.0,True,MEDIUM,2.0,True,Racing Bulls,0 days 00:16:20.193000,2025-05-02 20:32:42.094,1,,,,False,True,SQ
0 days 00:19:56.667000,HAD,6,0 days 00:02:06.573000,3.0,1.0,,0 days 00:19:50.246000,0 days 00:00:43.191000,0 days 00:00:43.354000,0 days 00:00:40.028000,0 days 00:18:33.285000,0 days 00:19:16.639000,0 days 00:19:56.667000,177.0,120.0,,216.0,False,MEDIUM,3.0,True,Racing Bulls,0 days 00:17:50.094000,2025-05-02 20:34:11.995,1,,,,False,False,SQ
0 days 00:24:38.252000,HAD,6,,4.0,2.0,0 days 00:22:26.711000,,,0 days 00:00:44.115000,0 days 00:00:28.696000,,0 days 00:24:09.677000,0 days 00:24:38.558000,169.0,152.0,283.0,264.0,False,MEDIUM,4.0,False,Racing Bulls,0 days 00:19:56.667000,2025-05-02 20:36:18.568,1,,,,False,False,SQ
0 days 00:26:06.646000,HAD,6,0 days 00:01:28.394000,5.0,2.0,,,0 days 00:00:29.310000,0 days 00:00:33.766000,0 days 00:00:25.318000,0 days 00:25:07.562000,0 days 00:25:41.328000,0 days 00:26:06.646000,217.0,189.0,284.0,337.0,True,MEDIUM,5.0,False,Racing Bulls,0 days 00:24:38.252000,2025-05-02 20:41:00.153,1,,,,False,True,SQ
0 days 00:28:08.982000,HAD,6,0 days 00:02:02.336000,6.0,2.0,,0 days 00:28:02.195000,0 days 00:00:38.684000,0 days 00:00:43.757000,0 days 00:00:39.895000,0 days 00:26:45.330000,0 days 00:27:29.087000,0 days 00:28:08.982000,154.0,138.0,,193.0,False,MEDIUM,6.0,False,Racing Bulls,0 days 00:26:06.646000,2025-05-02 20:42:28.547,1,,,,False,False,SQ
0 days 00:41:48.769000,HAD,6,,7.0,3.0,0 days 00:39:19.026000,,,0 days 00:00:42.230000,0 days 00:00:29.871000,,0 days 00:41:18.996000,0 days 00:41:48.958000,164.0,141.0,284.0,278.0,False,MEDIUM,1.0,True,Racing Bulls,0 days 00:28:08.982000,2025-05-02 20:44:30.883,1,,,,False,False,SQ
0 days 00:43:16.542000,HAD,6,0 days 00:01:27.773000,8.0,3.0,,,0 days 00:00:29.016000,0 days 00:00:33.498000,0 days 00:00:25.259000,0 days 00:42:17.785000,0 days 00:42:51.283000,0 days 00:43:16.542000,219.0,190.0,282.0,336.0,True,MEDIUM,2.0,True,Racing Bulls,0 days 00:41:48.769000,2025-05-02 20:58:10.670,1,,,,False,True,SQ
0 days 00:45:21.399000,HAD,6,0 days 00:02:04.857000,9.0,3.0,,0 days 00:45:13.925000,0 days 00:00:41.173000,0 days 00:00:43.329000,0 days 00:00:40.355000,0 days 00:43:57.715000,0 days 00:44:41.044000,0 days 00:45:21.399000,175.0,140.0,,228.0,False,MEDIUM,3.0,True,Racing Bulls,0 days 00:43:16.542000,2025-05-02 20:59:38.443,1,,,,False,False,SQ
0 days 00:57:36.975000,HAD,6,,10.0,4.0,0 days 00:55:39.365000,,,0 days 00:00:35.769000,0 days 00:00:35.238000,,0 days 00:57:01.743000,0 days 00:57:37.204000,208.0,170.0,287.0,215.0,False,SOFT,1.0,True,Racing Bulls,0 days 00:45:21.399000,2025-05-02 21:01:43.300,1,,,,False,False,SQ
0 days 00:59:04.518000,HAD,6,0 days 00:01:27.543000,11.0,4.0,,,0 days 00:00:29.011000,0 days 00:00:33.460000,0 days 00:00:25.072000,0 days 00:58:05.986000,0 days 00:58:39.446000,0 days 00:59:04.518000,219.0,189.0,284.0,340.0,True,SOFT,2.0,True,Racing Bulls,0 days 00:57:36.975000,2025-05-02 21:13:58.876,1,,,,False,True,SQ
0 days 01:01:04.502000,HAD,6,,12.0,4.0,,0 days 01:01:04.502000,0 days 00:00:40.651000,0 days 00:00:44.985000,,0 days 00:59:45.116000,0 days 01:00:30.182000,,175.0,140.0,,196.0,False,SOFT,3.0,True,Racing Bulls,0 days 00:59:04.518000,2025-05-02 21:15:26.419,1,,,,False,False,SQ
0 days 00:19:01.256000,RUS,63,,1.0,1.0,0 days 00:17:10.545000,,,0 days 00:00:42.230000,0 days 00:00:28.333000,,0 days 00:18:33.087000,0 days 00:19:01.431000,180.0,110.0,286.0,299.0,False,MEDIUM,1.0,True,Mercedes,0 days 00:17:10.545000,2025-05-02 20:33:32.446,1,,,,False,False,SQ
0 days 00:20:29.447000,RUS,63,0 days 00:01:28.191000,2.0,1.0,,,0 days 00:00:29.501000,0 days 00:00:33.722000,0 days 00:00:24.968000,0 days 00:19:30.757000,0 days 00:20:04.479000,0 days 00:20:29.447000,220.0,191.0,281.0,341.0,True,MEDIUM,2.0,True,Mercedes,0 days 00:19:01.256000,2025-05-02 20:35:23.157,1,,,,False,True,SQ
0 days 00:22:38.312000,RUS,63,0 days 00:02:08.865000,3.0,1.0,,,0 days 00:00:50.721000,0 days 00:00:44.318000,0 days 00:00:33.826000,0 days 00:21:20.168000,0 days 00:22:04.486000,0 days 00:22:38.312000,143.0,148.0,87.0,259.0,False,MEDIUM,3.0,True,Mercedes,0 days 00:20:29.447000,2025-05-02 20:36:51.348,1,,,,False,True,SQ
0 days 00:25:09.502000,RUS,63,,4.0,1.0,,,0 days 00:00:59.625000,0 days 00:00:51.287000,0 days 00:00:40.271000,0 days 00:23:38.131000,0 days 00:24:29.372000,0 days 00:25:09.812000,166.0,64.0,284.0,175.0,False,MEDIUM,4.0,True,Mercedes,0 days 00:22:38.312000,2025-05-02 20:39:00.213,1,,,,False,False,SQ
0 days 00:26:37.190000,RUS,63,0 days 00:01:27.688000,5.0,1.0,,,0 days 00:00:29.087000,0 days 00:00:33.586000,0 days 00:00:25.015000,0 days 00:25:38.589000,0 days 00:26:12.175000,0 days 00:26:37.190000,220.0,191.0,285.0,339.0,True,MEDIUM,5.0,True,Mercedes,0 days 00:25:09.502000,2025-05-02 20:41:31.403,1,,,,False,True,SQ
0 days 00:28:41.182000,RUS,63,0 days 00:02:03.992000,6.0,1.0,,0 days 00:28:34.805000,0 days 00:00:43.759000,0 days 00:00:43.068000,0 days 00:00:37.165000,0 days 00:27:20.949000,0 days 00:28:04.017000,0 days 00:28:41.182000,164.0,129.0,,236.0,False,MEDIUM,6.0,True,Mercedes,0 days 00:26:37.190000,2025-05-02 20:42:59.091,1,,,,False,False,SQ
0 days 00:35:07.010000,RUS,63,,7.0,2.0,0 days 00:33:02.069000,,,0 days 00:00:44.270000,0 days 00:00:28.349000,,0 days 00:34:38.779000,0 days 00:35:07.226000,195.0,111.0,285.0,299.0,False,MEDIUM,1.0,True,Mercedes,0 days 00:28:41.182000,2025-05-02 20:45:03.083,1,,,,False,False,SQ
0 days 00:36:34.799000,RUS,63,0 days 00:01:27.789000,8.0,2.0,,,0 days 00:00:29.006000,0 days 00:00:33.716000,0 days 00:00:25.067000,0 days 00:35:36.016000,0 days 00:36:09.732000,0 days 00:36:34.799000,220.0,191.0,285.0,337.0,True,MEDIUM,2.0,True,Mercedes,0 days 00:35:07.010000,2025-05-02 20:51:28.911,1,,,,False,True,SQ
0 days 00:38:47.733000,RUS,63,0 days 00:02:12.934000,9.0,2.0,,0 days 00:38:39.806000,0 days 00:00:50.347000,0 days 00:00:43.440000,0 days 00:00:39.147000,0 days 00:37:25.146000,0 days 00:38:08.586000,0 days 00:38:47.733000,161.0,146.0,,259.0,False,MEDIUM,3.0,True,Mercedes,0 days 00:36:34.799000,2025-05-02 20:52:56.700,1,,,,False,False,SQ
0 days 00:41:07.536000,RUS,63,0 days 00:02:19.803000,10.0,3.0,0 days 00:39:06.510000,,0 days 00:01:06.902000,0 days 00:00:45.881000,0 days 00:00:27.020000,0 days 00:39:54.635000,0 days 00:40:40.516000,0 days 00:41:07.536000,136.0,161.0,284.0,306.0,False,MEDIUM,4.0,False,Mercedes,0 days 00:38:47.733000,2025-05-02 20:55:09.634,1,,,,False,False,SQ
0 days 00:42:35.202000,RUS,63,0 days 00:01:27.666000,11.0,3.0,,,0 days 00:00:29.100000,0 days 00:00:33.271000,0 days 00:00:25.295000,0 days 00:41:36.636000,0 days 00:42:09.907000,0 days 00:42:35.202000,219.0,192.0,284.0,341.0,True,MEDIUM,5.0,False,Mercedes,0 days 00:41:07.536000,2025-05-02 20:57:29.437,1,,,,False,True,SQ
0 days 00:44:41.716000,RUS,63,0 days 00:02:06.514000,12.0,3.0,,0 days 00:44:34.977000,0 days 00:00:46.352000,0 days 00:00:42.787000,0 days 00:00:37.375000,0 days 00:43:21.554000,0 days 00:44:04.341000,0 days 00:44:41.716000,164.0,153.0,,202.0,False,MEDIUM,6.0,False,Mercedes,0 days 00:42:35.202000,2025-05-02 20:58:57.103,1,,,,False,False,SQ
0 days 00:51:46.680000,RUS,63,,13.0,4.0,0 days 00:49:50.939000,,,0 days 00:00:44.477000,0 days 00:00:28.511000,,0 days 00:51:18.294000,0 days 00:51:47.498000,163.0,131.0,285.0,301.0,False,SOFT,1.0,True,Mercedes,0 days 00:44:41.716000,2025-05-02 21:01:03.617,1,,,,False,False,SQ
0 days 00:53:13.471000,RUS,63,0 days 00:01:26.791000,14.0,4.0,,,0 days 00:00:28.678000,0 days 00:00:33.266000,0 days 00:00:24.847000,0 days 00:52:15.358000,0 days 00:52:48.624000,0 days 00:53:13.471000,220.0,193.0,283.0,337.0,True,SOFT,2.0,True,Mercedes,0 days 00:51:46.680000,2025-05-02 21:08:08.581,1,,,,False,True,SQ
0 days 00:55:20.048000,RUS,63,0 days 00:02:06.577000,15.0,4.0,,0 days 00:55:13.443000,0 days 00:00:41.459000,0 days 00:00:43.857000,0 days 00:00:41.261000,0 days 00:53:54.930000,0 days 00:54:38.787000,0 days 00:55:20.048000,164.0,141.0,,198.0,False,SOFT,3.0,True,Mercedes,0 days 00:53:13.471000,2025-05-02 21:09:35.372,1,,,,False,False,SQ
0 days 00:15:49.884000,TSU,22,,1.0,1.0,0 days 00:13:54.415000,,,0 days 00:00:43.336000,0 days 00:00:29.830000,,0 days 00:15:20.054000,0 days 00:15:49.905000,151.0,130.0,283.0,284.0,False,MEDIUM,1.0,True,Red Bull Racing,0 days 00:13:54.415000,2025-05-02 20:30:16.316,1,,,,False,False,SQ
0 days 00:17:19.130000,TSU,22,0 days 00:01:29.246000,2.0,1.0,,,0 days 00:00:29.622000,0 days 00:00:33.788000,0 days 00:00:25.836000,0 days 00:16:19.506000,0 days 00:16:53.294000,0 days 00:17:19.130000,218.0,190.0,282.0,341.0,True,MEDIUM,2.0,True,Red Bull Racing,0 days 00:15:49.884000,2025-05-02 20:32:11.785,1,,,,False,True,SQ
0 days 00:19:25.784000,TSU,22,0 days 00:02:06.654000,3.0,1.0,,0 days 00:19:20.407000,0 days 00:00:42.444000,0 days 00:00:42.063000,0 days 00:00:42.147000,0 days 00:18:01.574000,0 days 00:18:43.637000,0 days 00:19:25.784000,175.0,116.0,,239.0,False,MEDIUM,3.0,True,Red Bull Racing,0 days 00:17:19.130000,2025-05-02 20:33:41.031,1,,,,False,False,SQ
0 days 00:25:39.468000,TSU,22,,4.0,2.0,0 days 00:23:51.648000,,,0 days 00:00:38.457000,0 days 00:00:28.805000,,0 days 00:25:10.703000,0 days 00:25:39.719000,177.0,167.0,282.0,269.0,False,MEDIUM,4.0,False,Red Bull Racing,0 days 00:19:25.784000,2025-05-02 20:35:47.685,1,,,,False,False,SQ
0 days 00:27:30.645000,TSU,22,0 days 00:01:51.177000,5.0,2.0,,0 days 00:27:25.123000,0 days 00:00:30.991000,0 days 00:00:45.214000,0 days 00:00:34.972000,0 days 00:26:10.459000,0 days 00:26:55.673000,0 days 00:27:30.645000,124.0,172.0,,210.0,False,MEDIUM,5.0,False,Red Bull Racing,0 days 00:25:39.468000,2025-05-02 20:42:01.369,1,,,,False,False,SQ
0 days 00:18:52.214000,ANT,12,,1.0,1.0,0 days 00:17:02.707000,,,0 days 00:00:40.711000,0 days 00:00:27.443000,,0 days 00:18:24.806000,0 days 00:18:52.259000,156.0,144.0,286.0,279.0,False,MEDIUM,1.0,True,Mercedes,0 days 00:17:02.707000,2025-05-02 20:33:24.608,1,,,,False,False,SQ
0 days 00:20:20.072000,ANT,12,0 days 00:01:27.858000,2.0,1.0,,,0 days 00:00:29.393000,0 days 00:00:33.542000,0 days 00:00:24.923000,0 days 00:19:21.607000,0 days 00:19:55.149000,0 days 00:20:20.072000,219.0,192.0,283.0,339.0,True,MEDIUM,2.0,True,Mercedes,0 days 00:18:52.214000,2025-05-02 20:35:14.115,1,,,,False,True,SQ
0 days 00:22:20.724000,ANT,12,0 days 00:02:00.652000,3.0,1.0,,,0 days 00:00:38.774000,0 days 00:00:42.123000,0 days 00:00:39.755000,0 days 00:20:58.846000,0 days 00:21:40.969000,0 days 00:22:20.724000,166.0,143.0,71.0,200.0,False,MEDIUM,3.0,True,Mercedes,0 days 00:20:20.072000,2025-05-02 20:36:41.973,1,,,,False,True,SQ
0 days 00:24:27.311000,ANT,12,0 days 00:02:06.587000,4.0,1.0,,,0 days 00:00:51.127000,0 days 00:00:43.170000,0 days 00:00:32.290000,0 days 00:23:11.851000,0 days 00:23:55.021000,0 days 00:24:27.311000,172.0,125.0,284.0,225.0,False,MEDIUM,4.0,True,Mercedes,0 days 00:22:20.724000,2025-05-02 20:38:42.625,1,,,,False,True,SQ
0 days 00:25:55.740000,ANT,12,0 days 00:01:28.429000,5.0,1.0,,,0 days 00:00:29.394000,0 days 00:00:33.846000,0 days 00:00:25.189000,0 days 00:24:56.705000,0 days 00:25:30.551000,0 days 00:25:55.740000,219.0,191.0,285.0,341.0,False,MEDIUM,5.0,True,Mercedes,0 days 00:24:27.311000,2025-05-02 20:40:49.212,1,,,,False,True,SQ
0 days 00:28:02.896000,ANT,12,0 days 00:02:07.156000,6.0,1.0,,0 days 00:27:56.335000,0 days 00:00:43.017000,0 days 00:00:43.747000,0 days 00:00:40.392000,0 days 00:26:38.757000,0 days 00:27:22.504000,0 days 00:28:02.896000,166.0,146.0,,203.0,False,MEDIUM,6.0,True,Mercedes,0 days 00:25:55.740000,2025-05-02 20:42:17.641,1,,,,False,False,SQ
0 days 00:34:57.131000,ANT,12,,7.0,2.0,0 days 00:32:58.876000,,,0 days 00:00:40.017000,0 days 00:00:27.183000,,0 days 00:34:29.970000,0 days 00:34:57.131000,172.0,151.0,285.0,294.0,False,MEDIUM,1.0,True,Mercedes,0 days 00:28:02.896000,2025-05-02 20:44:24.797,1,,,,False,False,SQ
0 days 00:36:24.858000,ANT,12,0 days 00:01:27.727000,8.0,2.0,,,0 days 00:00:29.190000,0 days 00:00:33.570000,0 days 00:00:24.967000,0 days 00:35:26.321000,0 days 00:35:59.891000,0 days 00:36:24.858000,222.0,193.0,286.0,338.0,True,MEDIUM,2.0,True,Mercedes,0 days 00:34:57.131000,2025-05-02 20:51:19.032,1,,,,False,True,SQ
0 days 00:39:05.862000,ANT,12,,9.0,2.0,,0 days 00:38:24.444000,0 days 00:00:40.558000,0 days 00:00:45.900000,0 days 00:01:14.529000,0 days 00:37:05.433000,0 days 00:37:51.441000,0 days 00:39:06.072000,161.0,125.0,,274.0,False,MEDIUM,3.0,True,Mercedes,0 days 00:36:24.858000,2025-05-02 20:52:46.759,1,,,,False,False,SQ
0 days 00:42:19.250000,ANT,12,,10.0,3.0,0 days 00:40:02.932000,,,0 days 00:00:41.790000,0 days 00:00:29.861000,,0 days 00:41:49.488000,0 days 00:42:19.416000,162.0,134.0,282.0,263.0,False,MEDIUM,4.0,False,Mercedes,0 days 00:39:05.862000,2025-05-02 20:55:27.763,1,,,,False,False,SQ
0 days 00:43:46.634000,ANT,12,0 days 00:01:27.384000,11.0,3.0,,,0 days 00:00:29.056000,0 days 00:00:33.309000,0 days 00:00:25.019000,0 days 00:42:48.306000,0 days 00:43:21.615000,0 days 00:43:46.634000,221.0,192.0,286.0,339.0,True,MEDIUM,5.0,False,Mercedes,0 days 00:42:19.250000,2025-05-02 20:58:41.151,1,,,,False,True,SQ
0 days 00:45:44.457000,ANT,12,0 days 00:01:57.823000,12.0,3.0,,0 days 00:45:38.363000,0 days 00:00:39.371000,0 days 00:00:41.859000,0 days 00:00:36.593000,0 days 00:44:26.005000,0 days 00:45:07.864000,0 days 00:45:44.457000,173.0,150.0,,266.0,False,MEDIUM,6.0,False,Mercedes,0 days 00:43:46.634000,2025-05-02 21:00:08.535,1,,,,False,False,SQ
0 days 00:57:10.165000,ANT,12,,13.0,4.0,0 days 00:54:56.702000,,,0 days 00:00:41.812000,0 days 00:00:35.413000,,0 days 00:56:34.842000,0 days 00:57:10.165000,171.0,138.0,287.0,145.0,False,SOFT,1.0,True,Mercedes,0 days 00:45:44.457000,2025-05-02 21:02:06.358,1,,,,False,False,SQ
0 days 00:58:36.647000,ANT,12,0 days 00:01:26.482000,14.0,4.0,,,0 days 00:00:28.668000,0 days 00:00:32.978000,0 days 00:00:24.836000,0 days 00:57:38.833000,0 days 00:58:11.811000,0 days 00:58:36.647000,224.0,193.0,286.0,341.0,True,SOFT,2.0,True,Mercedes,0 days 00:57:10.165000,2025-05-02 21:13:32.066,1,,,,False,True,SQ
0 days 01:00:51.238000,ANT,12,0 days 00:02:14.591000,15.0,4.0,,0 days 01:00:38.605000,0 days 00:00:39.257000,0 days 00:00:44.456000,0 days 00:00:50.878000,0 days 00:59:15.904000,0 days 01:00:00.360000,0 days 01:00:51.238000,168.0,144.0,,246.0,False,SOFT,3.0,True,Mercedes,0 days 00:58:36.647000,2025-05-02 21:14:58.548,1,,,,False,False,SQ
0 days 00:17:12.017000,ALO,14,,1.0,1.0,0 days 00:15:13.769000,,,0 days 00:00:39.357000,0 days 00:00:33.808000,,0 days 00:16:38.357000,0 days 00:17:12.124000,200.0,147.0,287.0,119.0,False,MEDIUM,1.0,True,Aston Martin,0 days 00:15:13.769000,2025-05-02 20:31:35.670,1,,,,False,False,SQ
0 days 00:18:40.775000,ALO,14,0 days 00:01:28.758000,2.0,1.0,,,0 days 00:00:29.649000,0 days 00:00:33.946000,0 days 00:00:25.163000,0 days 00:17:41.666000,0 days 00:18:15.612000,0 days 00:18:40.775000,218.0,189.0,283.0,339.0,True,MEDIUM,2.0,True,Aston Martin,0 days 00:17:12.017000,2025-05-02 20:33:33.918,1,,,,False,True,SQ
0 days 00:20:40.295000,ALO,14,0 days 00:01:59.520000,3.0,1.0,,0 days 00:20:34.142000,0 days 00:00:38.121000,0 days 00:00:43.597000,0 days 00:00:37.802000,0 days 00:19:18.896000,0 days 00:20:02.493000,0 days 00:20:40.295000,190.0,141.0,,204.0,False,MEDIUM,3.0,True,Aston Martin,0 days 00:18:40.775000,2025-05-02 20:35:02.676,1,,,,False,False,SQ
0 days 00:24:46.237000,ALO,14,,4.0,2.0,0 days 00:22:38.336000,,,0 days 00:00:43.331000,0 days 00:00:31.435000,,0 days 00:24:14.802000,0 days 00:24:46.538000,123.0,89.0,285.0,219.0,False,MEDIUM,4.0,False,Aston Martin,0 days 00:20:40.295000,2025-05-02 20:37:02.196,1,,,,False,False,SQ
0 days 00:26:14.692000,ALO,14,0 days 00:01:28.455000,5.0,2.0,,,0 days 00:00:29.483000,0 days 00:00:33.820000,0 days 00:00:25.152000,0 days 00:25:15.720000,0 days 00:25:49.540000,0 days 00:26:14.692000,219.0,191.0,285.0,339.0,True,MEDIUM,5.0,False,Aston Martin,0 days 00:24:46.237000,2025-05-02 20:41:08.138,1,,,,False,True,SQ
0 days 00:28:18.446000,ALO,14,0 days 00:02:03.754000,6.0,2.0,,0 days 00:28:12.554000,0 days 00:00:38.534000,0 days 00:00:43.840000,0 days 00:00:41.380000,0 days 00:26:53.226000,0 days 00:27:37.066000,0 days 00:28:18.446000,184.0,148.0,,158.0,False,MEDIUM,6.0,False,Aston Martin,0 days 00:26:14.692000,2025-05-02 20:42:36.593,1,,,,False,False,SQ
0 days 00:35:12.241000,ALO,14,,7.0,3.0,0 days 00:32:48.480000,0 days 00:34:33.226000,,0 days 00:00:38.538000,0 days 00:01:10.349000,,0 days 00:34:01.892000,0 days 00:35:12.511000,199.0,159.0,,232.0,False,MEDIUM,1.0,True,Aston Martin,0 days 00:28:18.446000,2025-05-02 20:44:40.347,1,,,,False,False,SQ
0 days 00:41:56.500000,ALO,14,,8.0,4.0,0 days 00:39:43.385000,,,0 days 00:00:42.235000,0 days 00:00:28.994000,,0 days 00:41:27.620000,0 days 00:41:56.574000,121.0,140.0,284.0,181.0,False,MEDIUM,2.0,False,Aston Martin,0 days 00:35:12.241000,2025-05-02 20:51:34.142,1,,,,False,False,SQ
0 days 00:43:24.266000,ALO,14,0 days 00:01:27.766000,9.0,4.0,,,0 days 00:00:29.281000,0 days 00:00:33.442000,0 days 00:00:25.043000,0 days 00:42:25.781000,0 days 00:42:59.223000,0 days 00:43:24.266000,221.0,191.0,285.0,338.0,True,MEDIUM,3.0,False,Aston Martin,0 days 00:41:56.500000,2025-05-02 20:58:18.401,1,,,,False,True,SQ
0 days 00:45:28.324000,ALO,14,0 days 00:02:04.058000,10.0,4.0,,0 days 00:45:22.516000,0 days 00:00:39.697000,0 days 00:00:47.915000,0 days 00:00:36.446000,0 days 00:44:03.963000,0 days 00:44:51.878000,0 days 00:45:28.324000,176.0,163.0,,211.0,False,MEDIUM,4.0,False,Aston Martin,0 days 00:43:24.266000,2025-05-02 20:59:46.167,1,,,,False,False,SQ
0 days 00:56:42.819000,ALO,14,,11.0,5.0,0 days 00:54:47.826000,,,0 days 00:00:42.349000,0 days 00:00:29.595000,,0 days 00:56:13.291000,0 days 00:56:42.898000,178.0,135.0,285.0,277.0,False,SOFT,2.0,False,Aston Martin,0 days 00:45:28.324000,2025-05-02 21:01:50.225,1,,,,False,False,SQ
0 days 00:58:10.609000,ALO,14,0 days 00:01:27.790000,12.0,5.0,,,0 days 00:00:29.131000,0 days 00:00:33.557000,0 days 00:00:25.102000,0 days 00:57:11.950000,0 days 00:57:45.507000,0 days 00:58:10.609000,219.0,193.0,285.0,336.0,True,SOFT,3.0,False,Aston Martin,0 days 00:56:42.819000,2025-05-02 21:13:04.720,1,,,,False,True,SQ
0 days 01:00:10.182000,ALO,14,,13.0,5.0,,0 days 01:00:10.182000,0 days 00:00:40.188000,0 days 00:00:44.411000,,0 days 00:58:50.801000,0 days 00:59:35.241000,,185.0,167.0,,154.0,False,SOFT,4.0,False,Aston Martin,0 days 00:58:10.609000,2025-05-02 21:14:32.510,1,,,,False,False,SQ
0 days 00:16:45.717000,LAW,30,,1.0,1.0,0 days 00:14:45.229000,,,0 days 00:00:41.236000,0 days 00:00:29.208000,,0 days 00:16:17.230000,0 days 00:16:45.717000,175.0,129.0,282.0,290.0,False,MEDIUM,1.0,True,Racing Bulls,0 days 00:14:45.229000,2025-05-02 20:31:07.130,1,,,,False,False,SQ
0 days 00:18:14.631000,LAW,30,0 days 00:01:28.914000,2.0,1.0,,,0 days 00:00:29.615000,0 days 00:00:34.001000,0 days 00:00:25.298000,0 days 00:17:15.332000,0 days 00:17:49.333000,0 days 00:18:14.631000,207.0,189.0,283.0,337.0,True,MEDIUM,2.0,True,Racing Bulls,0 days 00:16:45.717000,2025-05-02 20:33:07.618,1,,,,False,True,SQ
0 days 00:20:15.966000,LAW,30,0 days 00:02:01.335000,3.0,1.0,,0 days 00:20:10.360000,0 days 00:00:36.787000,0 days 00:00:44.666000,0 days 00:00:39.882000,0 days 00:18:51.418000,0 days 00:19:36.084000,0 days 00:20:15.966000,183.0,144.0,,163.0,False,MEDIUM,3.0,True,Racing Bulls,0 days 00:18:14.631000,2025-05-02 20:34:36.532,1,,,,False,False,SQ
0 days 00:25:19.237000,LAW,30,,4.0,2.0,0 days 00:23:03.836000,,,0 days 00:00:43.294000,0 days 00:00:37.968000,,0 days 00:24:41.422000,0 days 00:25:19.516000,167.0,104.0,284.0,117.0,False,MEDIUM,4.0,False,Racing Bulls,0 days 00:20:15.966000,2025-05-02 20:36:37.867,1,,,,False,False,SQ
0 days 00:26:58.390000,LAW,30,0 days 00:01:39.153000,5.0,2.0,,0 days 00:26:51.013000,0 days 00:00:29.604000,0 days 00:00:35.009000,0 days 00:00:34.540000,0 days 00:25:48.841000,0 days 00:26:23.850000,0 days 00:26:58.390000,219.0,189.0,,333.0,False,MEDIUM,5.0,False,Racing Bulls,0 days 00:25:19.237000,2025-05-02 20:41:41.138,1,,,,False,False,SQ
0 days 00:42:25.549000,LAW,30,,6.0,3.0,0 days 00:40:12.533000,,,0 days 00:00:42.764000,0 days 00:00:31.788000,,0 days 00:41:53.916000,0 days 00:42:25.801000,176.0,141.0,281.0,218.0,False,MEDIUM,1.0,True,Racing Bulls,0 days 00:26:58.390000,2025-05-02 20:43:20.291,1,,,,False,False,SQ
0 days 00:43:53.924000,LAW,30,0 days 00:01:28.375000,7.0,3.0,,,0 days 00:00:29.420000,0 days 00:00:33.599000,0 days 00:00:25.356000,0 days 00:42:54.969000,0 days 00:43:28.568000,0 days 00:43:53.924000,219.0,190.0,284.0,338.0,True,MEDIUM,2.0,True,Racing Bulls,0 days 00:42:25.549000,2025-05-02 20:58:47.450,1,,,,False,True,SQ
0 days 00:45:54.528000,LAW,30,0 days 00:02:00.604000,8.0,3.0,,0 days 00:45:48.072000,0 days 00:00:39.282000,0 days 00:00:42.764000,0 days 00:00:38.558000,0 days 00:44:33.206000,0 days 00:45:15.970000,0 days 00:45:54.528000,192.0,161.0,,206.0,False,MEDIUM,3.0,True,Racing Bulls,0 days 00:43:53.924000,2025-05-02 21:00:15.825,1,,,,False,False,SQ
0 days 00:18:01.715000,NOR,4,,1.0,1.0,0 days 00:16:04.983000,,,0 days 00:00:40.584000,0 days 00:00:32.204000,,0 days 00:17:29.622000,0 days 00:18:01.737000,158.0,120.0,285.0,233.0,False,MEDIUM,1.0,True,McLaren,0 days 00:16:04.983000,2025-05-02 20:32:26.884,1,,,,False,False,SQ
0 days 00:19:29.605000,NOR,4,0 days 00:01:27.890000,2.0,1.0,,,0 days 00:00:29.312000,0 days 00:00:33.521000,0 days 00:00:25.057000,0 days 00:18:31.027000,0 days 00:19:04.548000,0 days 00:19:29.605000,220.0,188.0,284.0,340.0,True,MEDIUM,2.0,True,McLaren,0 days 00:18:01.715000,2025-05-02 20:34:23.616,1,,,,False,True,SQ
0 days 00:21:33.462000,NOR,4,0 days 00:02:03.857000,3.0,1.0,,0 days 00:21:26.047000,0 days 00:00:43.138000,0 days 00:00:40.376000,0 days 00:00:40.343000,0 days 00:20:12.743000,0 days 00:20:53.119000,0 days 00:21:33.462000,178.0,152.0,,215.0,False,MEDIUM,3.0,True,McLaren,0 days 00:19:29.605000,2025-05-02 20:35:51.506,1,,,,False,False,SQ
0 days 00:23:48.352000,NOR,4,0 days 00:02:14.890000,4.0,2.0,0 days 00:21:50.173000,,0 days 00:01:04.219000,0 days 00:00:41.377000,0 days 00:00:29.294000,0 days 00:22:37.681000,0 days 00:23:19.058000,0 days 00:23:48.352000,159.0,152.0,284.0,192.0,False,MEDIUM,4.0,False,McLaren,0 days 00:21:33.462000,2025-05-02 20:37:55.363,1,,,,False,False,SQ
0 days 00:26:07.752000,NOR,4,0 days 00:02:19.400000,5.0,2.0,,0 days 00:25:33.438000,0 days 00:00:34.548000,0 days 00:00:42.287000,0 days 00:01:02.565000,0 days 00:24:22.900000,0 days 00:25:05.187000,0 days 00:26:07.752000,177.0,145.0,,321.0,False,MEDIUM,5.0,False,McLaren,0 days 00:23:48.352000,2025-05-02 20:40:10.253,1,,,,False,False,SQ
0 days 00:35:43.055000,NOR,4,,6.0,3.0,0 days 00:33:40.014000,,,0 days 00:00:39.704000,0 days 00:00:27.154000,,0 days 00:35:16.764000,0 days 00:35:43.211000,167.0,151.0,286.0,280.0,False,MEDIUM,1.0,True,McLaren,0 days 00:26:07.752000,2025-05-02 20:42:29.653,1,,,,False,False,SQ
0 days 00:37:10.592000,NOR,4,0 days 00:01:27.537000,7.0,3.0,,,0 days 00:00:29.211000,0 days 00:00:33.318000,0 days 00:00:25.008000,0 days 00:36:12.266000,0 days 00:36:45.584000,0 days 00:37:10.592000,220.0,192.0,284.0,335.0,True,MEDIUM,2.0,True,McLaren,0 days 00:35:43.055000,2025-05-02 20:52:04.956,1,,,,False,True,SQ
0 days 00:39:11.337000,NOR,4,0 days 00:02:00.745000,8.0,3.0,,,0 days 00:00:44.606000,0 days 00:00:41.886000,0 days 00:00:34.253000,0 days 00:37:55.198000,0 days 00:38:37.084000,0 days 00:39:11.337000,137.0,149.0,146.0,218.0,False,MEDIUM,3.0,True,McLaren,0 days 00:37:10.592000,2025-05-02 20:53:32.493,1,,,,False,True,SQ
0 days 00:41:19.590000,NOR,4,0 days 00:02:08.253000,9.0,3.0,,,0 days 00:00:53.214000,0 days 00:00:42.281000,0 days 00:00:32.758000,0 days 00:40:04.551000,0 days 00:40:46.832000,0 days 00:41:19.590000,155.0,155.0,285.0,101.0,False,MEDIUM,4.0,True,McLaren,0 days 00:39:11.337000,2025-05-02 20:55:33.238,1,,,,False,True,SQ
0 days 00:42:46.699000,NOR,4,0 days 00:01:27.109000,10.0,3.0,,,0 days 00:00:29.162000,0 days 00:00:33.115000,0 days 00:00:24.832000,0 days 00:41:48.752000,0 days 00:42:21.867000,0 days 00:42:46.699000,222.0,192.0,286.0,339.0,True,MEDIUM,5.0,True,McLaren,0 days 00:41:19.590000,2025-05-02 20:57:41.491,1,,,,False,True,SQ
0 days 00:44:42.988000,NOR,4,0 days 00:01:56.289000,11.0,3.0,,0 days 00:44:36.558000,0 days 00:00:36.462000,0 days 00:00:41.811000,0 days 00:00:38.016000,0 days 00:43:23.161000,0 days 00:44:04.972000,0 days 00:44:42.988000,185.0,153.0,,221.0,False,MEDIUM,6.0,True,McLaren,0 days 00:42:46.699000,2025-05-02 20:59:08.600,1,,,,False,False,SQ
0 days 00:57:21.466000,NOR,4,,12.0,4.0,0 days 00:55:01.712000,,,0 days 00:00:39.128000,0 days 00:00:38.088000,,0 days 00:56:43.464000,0 days 00:57:21.466000,184.0,129.0,286.0,73.0,False,SOFT,1.0,True,McLaren,0 days 00:44:42.988000,2025-05-02 21:01:04.889,1,,,,False,False,SQ
0 days 00:58:48.048000,NOR,4,0 days 00:01:26.582000,13.0,4.0,,,0 days 00:00:28.740000,0 days 00:00:32.990000,0 days 00:00:24.852000,0 days 00:57:50.206000,0 days 00:58:23.196000,0 days 00:58:48.048000,222.0,191.0,285.0,336.0,True,SOFT,2.0,True,McLaren,0 days 00:57:21.466000,2025-05-02 21:13:43.367,1,,,,False,True,SQ
0 days 01:00:54.431000,NOR,4,0 days 00:02:06.383000,14.0,4.0,,0 days 01:00:42.452000,0 days 00:00:39.513000,0 days 00:00:41.628000,0 days 00:00:45.242000,0 days 00:59:27.561000,0 days 01:00:09.189000,0 days 01:00:54.431000,170.0,155.0,,197.0,False,SOFT,3.0,True,McLaren,0 days 00:58:48.048000,2025-05-02 21:15:09.949,1,,,,False,False,SQ
0 days 00:17:30.450000,HAM,44,,1.0,1.0,0 days 00:15:29.693000,,,0 days 00:00:39.999000,0 days 00:00:32.541000,,0 days 00:16:58.044000,0 days 00:17:30.461000,184.0,152.0,284.0,127.0,False,MEDIUM,1.0,True,Ferrari,0 days 00:15:29.693000,2025-05-02 20:31:51.594,1,,,,False,False,SQ
0 days 00:18:58.681000,HAM,44,0 days 00:01:28.231000,2.0,1.0,,,0 days 00:00:29.309000,0 days 00:00:33.816000,0 days 00:00:25.106000,0 days 00:17:59.759000,0 days 00:18:33.575000,0 days 00:18:58.681000,220.0,189.0,285.0,338.0,True,MEDIUM,2.0,True,Ferrari,0 days 00:17:30.450000,2025-05-02 20:33:52.351,1,,,,False,True,SQ
0 days 00:21:00.748000,HAM,44,0 days 00:02:02.067000,3.0,1.0,,,0 days 00:00:51.183000,0 days 00:00:38.492000,0 days 00:00:32.392000,0 days 00:19:49.864000,0 days 00:20:28.356000,0 days 00:21:00.748000,179.0,173.0,127.0,242.0,False,MEDIUM,3.0,True,Ferrari,0 days 00:18:58.681000,2025-05-02 20:35:20.582,1,,,,False,True,SQ
0 days 00:23:03.213000,HAM,44,0 days 00:02:02.465000,4.0,1.0,,,0 days 00:00:50.362000,0 days 00:00:42.934000,0 days 00:00:29.169000,0 days 00:21:51.110000,0 days 00:22:34.044000,0 days 00:23:03.213000,149.0,142.0,283.0,252.0,False,MEDIUM,4.0,True,Ferrari,0 days 00:21:00.748000,2025-05-02 20:37:22.649,1,,,,False,True,SQ
0 days 00:24:31.584000,HAM,44,0 days 00:01:28.371000,5.0,1.0,,,0 days 00:00:29.334000,0 days 00:00:33.904000,0 days 00:00:25.133000,0 days 00:23:32.547000,0 days 00:24:06.451000,0 days 00:24:31.584000,219.0,191.0,285.0,337.0,False,MEDIUM,5.0,True,Ferrari,0 days 00:23:03.213000,2025-05-02 20:39:25.114,1,,,,False,True,SQ
0 days 00:26:38.271000,HAM,44,0 days 00:02:06.687000,6.0,1.0,,0 days 00:26:32.894000,0 days 00:00:50.574000,0 days 00:00:40.795000,0 days 00:00:35.318000,0 days 00:25:22.158000,0 days 00:26:02.953000,0 days 00:26:38.271000,148.0,175.0,,294.0,False,MEDIUM,6.0,True,Ferrari,0 days 00:24:31.584000,2025-05-02 20:40:53.485,1,,,,False,False,SQ
0 days 00:35:33.624000,HAM,44,,7.0,2.0,0 days 00:33:13.138000,,,0 days 00:00:40.611000,0 days 00:00:28.668000,,0 days 00:35:05.115000,0 days 00:35:33.653000,164.0,140.0,285.0,258.0,False,MEDIUM,1.0,True,Ferrari,0 days 00:26:38.271000,2025-05-02 20:43:00.172,1,,,,False,False,SQ
0 days 00:37:01.934000,HAM,44,0 days 00:01:28.310000,8.0,2.0,,,0 days 00:00:29.351000,0 days 00:00:33.907000,0 days 00:00:25.052000,0 days 00:36:02.975000,0 days 00:36:36.882000,0 days 00:37:01.934000,216.0,193.0,284.0,336.0,True,MEDIUM,2.0,True,Ferrari,0 days 00:35:33.624000,2025-05-02 20:51:55.525,1,,,,False,True,SQ
0 days 00:39:16.364000,HAM,44,0 days 00:02:14.430000,9.0,2.0,,0 days 00:39:09.104000,0 days 00:00:48.797000,0 days 00:00:44.242000,0 days 00:00:41.391000,0 days 00:37:50.731000,0 days 00:38:34.973000,0 days 00:39:16.364000,145.0,143.0,,221.0,False,MEDIUM,3.0,True,Ferrari,0 days 00:37:01.934000,2025-05-02 20:53:23.835,1,,,,False,False,SQ
0 days 00:42:32.657000,HAM,44,,10.0,3.0,0 days 00:40:19.956000,,,0 days 00:00:39.179000,0 days 00:00:30.734000,,0 days 00:42:01.923000,0 days 00:42:32.957000,175.0,166.0,280.0,167.0,False,MEDIUM,4.0,False,Ferrari,0 days 00:39:16.364000,2025-05-02 20:55:38.265,1,,,,False,False,SQ
0 days 00:44:00.203000,HAM,44,0 days 00:01:27.546000,11.0,3.0,,,0 days 00:00:29.190000,0 days 00:00:33.403000,0 days 00:00:24.953000,0 days 00:43:01.847000,0 days 00:43:35.250000,0 days 00:44:00.203000,222.0,190.0,287.0,342.0,True,MEDIUM,5.0,False,Ferrari,0 days 00:42:32.657000,2025-05-02 20:58:54.558,1,,,,False,True,SQ
0 days 00:54:53.764000,HAM,44,,12.0,3.0,,0 days 00:45:50.435000,0 days 00:00:37.069000,0 days 00:00:40.569000,,0 days 00:44:37.344000,0 days 00:45:17.909000,,174.0,142.0,,203.0,False,MEDIUM,6.0,False,Ferrari,0 days 00:44:00.203000,2025-05-02 21:00:22.104,1,,,,False,False,SQ
0 days 00:56:52.897000,HAM,44,,13.0,4.0,0 days 00:54:53.764000,,,0 days 00:00:41.567000,0 days 00:00:28.765000,,0 days 00:56:24.209000,0 days 00:56:53.020000,169.0,145.0,285.0,258.0,False,SOFT,1.0,True,Ferrari,0 days 00:54:53.764000,2025-05-02 21:11:15.665,1,,,,False,False,SQ
0 days 00:58:19.927000,HAM,44,0 days 00:01:27.030000,14.0,4.0,,,0 days 00:00:28.912000,0 days 00:00:33.178000,0 days 00:00:24.940000,0 days 00:57:21.809000,0 days 00:57:54.987000,0 days 00:58:19.927000,223.0,194.0,285.0,338.0,True,SOFT,2.0,True,Ferrari,0 days 00:56:52.897000,2025-05-02 21:13:14.798,1,,,,False,True,SQ
0 days 01:00:17.604000,HAM,44,,15.0,4.0,,0 days 01:00:17.604000,0 days 00:00:38.609000,0 days 00:00:42.804000,,0 days 00:58:58.592000,0 days 00:59:41.397000,,190.0,155.0,,209.0,False,SOFT,3.0,True,Ferrari,0 days 00:58:19.927000,2025-05-02 21:14:41.828,1,,,,False,False,SQ
0 days 00:15:42.107000,HUL,27,,1.0,1.0,0 days 00:13:47.116000,,,0 days 00:00:41.765000,0 days 00:00:31.938000,,0 days 00:15:10.296000,0 days 00:15:42.170000,197.0,168.0,282.0,247.0,False,MEDIUM,1.0,True,Kick Sauber,0 days 00:13:47.116000,2025-05-02 20:30:09.017,1,,,,False,False,SQ
0 days 00:17:11.018000,HUL,27,0 days 00:01:28.911000,2.0,1.0,,,0 days 00:00:29.608000,0 days 00:00:34.084000,0 days 00:00:25.219000,0 days 00:16:11.715000,0 days 00:16:45.799000,0 days 00:17:11.018000,218.0,191.0,285.0,340.0,True,MEDIUM,2.0,True,Kick Sauber,0 days 00:15:42.107000,2025-05-02 20:32:04.008,1,,,,False,True,SQ
0 days 00:19:40.745000,HUL,27,0 days 00:02:29.727000,3.0,1.0,,0 days 00:19:06.385000,0 days 00:00:42.104000,0 days 00:00:43.438000,0 days 00:01:04.185000,0 days 00:17:53.122000,0 days 00:18:36.560000,0 days 00:19:40.745000,196.0,175.0,,218.0,False,MEDIUM,3.0,True,Kick Sauber,0 days 00:17:11.018000,2025-05-02 20:33:32.919,1,,,,False,False,SQ
0 days 00:24:11.892000,HUL,27,,4.0,2.0,0 days 00:22:15.547000,,,0 days 00:00:40.975000,0 days 00:00:30.814000,,0 days 00:23:41.225000,0 days 00:24:12.224000,187.0,150.0,285.0,256.0,False,MEDIUM,4.0,False,Kick Sauber,0 days 00:19:40.745000,2025-05-02 20:36:02.646,1,,,,False,False,SQ
0 days 00:25:40.434000,HUL,27,0 days 00:01:28.542000,5.0,2.0,,,0 days 00:00:29.445000,0 days 00:00:33.929000,0 days 00:00:25.168000,0 days 00:24:41.337000,0 days 00:25:15.266000,0 days 00:25:40.434000,221.0,192.0,293.0,344.0,True,MEDIUM,5.0,False,Kick Sauber,0 days 00:24:11.892000,2025-05-02 20:40:33.793,1,,,,False,True,SQ
0 days 00:27:41.444000,HUL,27,0 days 00:02:01.010000,6.0,2.0,,0 days 00:27:36.106000,0 days 00:00:41.699000,0 days 00:00:42.418000,0 days 00:00:36.893000,0 days 00:26:22.133000,0 days 00:27:04.551000,0 days 00:27:41.444000,195.0,177.0,,203.0,False,MEDIUM,6.0,False,Kick Sauber,0 days 00:25:40.434000,2025-05-02 20:42:02.335,1,,,,False,False,SQ
0 days 00:41:12.790000,HUL,27,,7.0,3.0,0 days 00:39:08.557000,,,0 days 00:00:42.075000,0 days 00:00:31.591000,,0 days 00:40:41.328000,0 days 00:41:12.895000,176.0,167.0,285.0,194.0,False,MEDIUM,1.0,True,Kick Sauber,0 days 00:27:41.444000,2025-05-02 20:44:03.345,1,,,,False,False,SQ
0 days 00:42:40.640000,HUL,27,0 days 00:01:27.850000,8.0,3.0,,,0 days 00:00:29.424000,0 days 00:00:33.459000,0 days 00:00:24.967000,0 days 00:41:42.214000,0 days 00:42:15.673000,0 days 00:42:40.640000,222.0,192.0,285.0,340.0,True,MEDIUM,2.0,True,Kick Sauber,0 days 00:41:12.790000,2025-05-02 20:57:34.691,1,,,,False,True,SQ
0 days 00:44:38.588000,HUL,27,0 days 00:01:57.948000,9.0,3.0,,0 days 00:44:32.906000,0 days 00:00:41.320000,0 days 00:00:38.708000,0 days 00:00:37.920000,0 days 00:43:21.960000,0 days 00:44:00.668000,0 days 00:44:38.588000,198.0,158.0,,189.0,False,MEDIUM,3.0,True,Kick Sauber,0 days 00:42:40.640000,2025-05-02 20:59:02.541,1,,,,False,False,SQ
0 days 00:15:35.123000,BOR,5,,1.0,1.0,0 days 00:13:41.629000,,,0 days 00:00:44.021000,0 days 00:00:31.109000,,0 days 00:15:04.094000,0 days 00:15:35.123000,193.0,138.0,282.0,205.0,False,MEDIUM,1.0,True,Kick Sauber,0 days 00:13:41.629000,2025-05-02 20:30:03.530,1,,,,False,False,SQ
0 days 00:17:04.812000,BOR,5,0 days 00:01:29.689000,2.0,1.0,,,0 days 00:00:30.298000,0 days 00:00:34.157000,0 days 00:00:25.234000,0 days 00:16:05.421000,0 days 00:16:39.578000,0 days 00:17:04.812000,221.0,191.0,284.0,341.0,True,MEDIUM,2.0,True,Kick Sauber,0 days 00:15:35.123000,2025-05-02 20:31:57.024,1,,,,False,True,SQ
0 days 00:19:03.127000,BOR,5,0 days 00:01:58.315000,3.0,1.0,,0 days 00:18:57.322000,0 days 00:00:42.474000,0 days 00:00:38.738000,0 days 00:00:37.103000,0 days 00:17:47.286000,0 days 00:18:26.024000,0 days 00:19:03.127000,194.0,156.0,,226.0,False,MEDIUM,3.0,True,Kick Sauber,0 days 00:17:04.812000,2025-05-02 20:33:26.713,1,,,,False,False,SQ
0 days 00:24:17.824000,BOR,5,,4.0,2.0,0 days 00:22:17.020000,,,0 days 00:00:42.241000,0 days 00:00:32.097000,,0 days 00:23:45.776000,0 days 00:24:17.981000,185.0,149.0,283.0,238.0,False,MEDIUM,4.0,False,Kick Sauber,0 days 00:19:03.127000,2025-05-02 20:35:25.028,1,,,,False,False,SQ
0 days 00:25:47.136000,BOR,5,0 days 00:01:29.312000,5.0,2.0,,,0 days 00:00:29.487000,0 days 00:00:33.865000,0 days 00:00:25.960000,0 days 00:24:47.311000,0 days 00:25:21.176000,0 days 00:25:47.136000,221.0,192.0,285.0,341.0,True,MEDIUM,5.0,False,Kick Sauber,0 days 00:24:17.824000,2025-05-02 20:40:39.725,1,,,,False,True,SQ
0 days 00:27:59.173000,BOR,5,0 days 00:02:12.037000,6.0,2.0,,0 days 00:27:52.566000,0 days 00:00:43.076000,0 days 00:00:50.458000,0 days 00:00:38.503000,0 days 00:26:30.212000,0 days 00:27:20.670000,0 days 00:27:59.173000,142.0,148.0,,193.0,False,MEDIUM,6.0,False,Kick Sauber,0 days 00:25:47.136000,2025-05-02 20:42:09.037,1,,,,False,False,SQ
0 days 00:17:44.244000,BEA,87,,1.0,1.0,0 days 00:15:42.280000,,,0 days 00:00:43.347000,0 days 00:00:35.829000,,0 days 00:17:08.471000,0 days 00:17:44.317000,196.0,163.0,282.0,63.0,False,MEDIUM,1.0,True,Haas F1 Team,0 days 00:15:42.280000,2025-05-02 20:32:04.181,1,,,,False,False,SQ
0 days 00:19:14.069000,BEA,87,0 days 00:01:29.825000,2.0,1.0,,,0 days 00:00:30.124000,0 days 00:00:34.423000,0 days 00:00:25.278000,0 days 00:18:14.368000,0 days 00:18:48.791000,0 days 00:19:14.069000,213.0,191.0,283.0,335.0,True,MEDIUM,2.0,True,Haas F1 Team,0 days 00:17:44.244000,2025-05-02 20:34:06.145,1,,,,False,True,SQ
0 days 00:21:46.169000,BEA,87,,3.0,1.0,,0 days 00:21:13.650000,0 days 00:00:46.426000,0 days 00:00:41.908000,0 days 00:01:03.839000,0 days 00:20:00.422000,0 days 00:20:42.407000,0 days 00:21:46.410000,186.0,149.0,,224.0,False,MEDIUM,3.0,True,Haas F1 Team,0 days 00:19:14.069000,2025-05-02 20:35:35.970,1,,,,False,False,SQ
0 days 00:25:40.375000,BEA,87,,4.0,2.0,0 days 00:23:57.677000,,,0 days 00:00:37.762000,0 days 00:00:28.825000,,0 days 00:25:11.594000,0 days 00:25:40.649000,210.0,176.0,285.0,279.0,False,MEDIUM,4.0,False,Haas F1 Team,0 days 00:21:46.169000,2025-05-02 20:38:08.070,1,,,,False,False,SQ
0 days 00:27:40.287000,BEA,87,0 days 00:01:59.912000,5.0,2.0,,0 days 00:27:34.885000,0 days 00:00:41.135000,0 days 00:00:42.377000,0 days 00:00:36.400000,0 days 00:26:21.510000,0 days 00:27:03.887000,0 days 00:27:40.287000,181.0,168.0,,219.0,False,MEDIUM,5.0,False,Haas F1 Team,0 days 00:25:40.375000,2025-05-02 20:42:02.276,1,,,,False,False,SQ
0 days 00:16:36.593000,GAS,10,,1.0,1.0,0 days 00:14:30.225000,,,0 days 00:00:42.088000,0 days 00:00:27.572000,,0 days 00:16:09.092000,0 days 00:16:36.639000,185.0,140.0,283.0,311.0,False,MEDIUM,1.0,True,Alpine,0 days 00:14:30.225000,2025-05-02 20:30:52.126,1,,,,False,False,SQ
0 days 00:18:05.456000,GAS,10,0 days 00:01:28.863000,2.0,1.0,,,0 days 00:00:29.671000,0 days 00:00:33.816000,0 days 00:00:25.376000,0 days 00:17:06.264000,0 days 00:17:40.080000,0 days 00:18:05.456000,215.0,190.0,284.0,338.0,True,MEDIUM,2.0,True,Alpine,0 days 00:16:36.593000,2025-05-02 20:32:58.494,1,,,,False,True,SQ
0 days 00:20:41.601000,GAS,10,,3.0,1.0,,0 days 00:20:05.188000,0 days 00:00:41.784000,0 days 00:00:42.205000,0 days 00:01:12.139000,0 days 00:18:47.369000,0 days 00:19:29.462000,0 days 00:20:41.923000,173.0,128.0,,209.0,False,MEDIUM,3.0,True,Alpine,0 days 00:18:05.456000,2025-05-02 20:34:27.357,1,,,,False,False,SQ
0 days 00:25:23.527000,GAS,10,,4.0,2.0,0 days 00:23:16.758000,,,0 days 00:00:43.085000,0 days 00:00:32.167000,,0 days 00:24:51.548000,0 days 00:25:23.790000,168.0,146.0,285.0,247.0,False,MEDIUM,4.0,False,Alpine,0 days 00:20:41.601000,2025-05-02 20:37:03.502,1,,,,False,False,SQ
0 days 00:26:51.872000,GAS,10,0 days 00:01:28.345000,5.0,2.0,,,0 days 00:00:29.237000,0 days 00:00:33.838000,0 days 00:00:25.270000,0 days 00:25:52.764000,0 days 00:26:26.602000,0 days 00:26:51.872000,220.0,190.0,285.0,340.0,True,MEDIUM,5.0,False,Alpine,0 days 00:25:23.527000,2025-05-02 20:41:45.428,1,,,,False,True,SQ
0 days 00:28:56.218000,GAS,10,0 days 00:02:04.346000,6.0,2.0,,0 days 00:28:49.414000,0 days 00:00:39.427000,0 days 00:00:43.132000,0 days 00:00:41.787000,0 days 00:27:31.299000,0 days 00:28:14.431000,0 days 00:28:56.218000,179.0,148.0,,184.0,False,MEDIUM,6.0,False,Alpine,0 days 00:26:51.872000,2025-05-02 20:43:13.773,1,,,,False,False,SQ
0 days 00:40:30.041000,GAS,10,,7.0,3.0,0 days 00:38:30.541000,,,0 days 00:00:39.151000,0 days 00:00:27.558000,,0 days 00:40:02.557000,0 days 00:40:30.083000,188.0,159.0,285.0,306.0,False,MEDIUM,1.0,True,Alpine,0 days 00:28:56.218000,2025-05-02 20:45:18.119,1,,,,False,False,SQ
0 days 00:41:58.208000,GAS,10,0 days 00:01:28.167000,8.0,3.0,,,0 days 00:00:29.447000,0 days 00:00:33.554000,0 days 00:00:25.166000,0 days 00:40:59.488000,0 days 00:41:33.042000,0 days 00:41:58.208000,218.0,189.0,283.0,340.0,True,MEDIUM,2.0,True,Alpine,0 days 00:40:30.041000,2025-05-02 20:56:51.942,1,,,,False,True,SQ
0 days 00:43:58.800000,GAS,10,0 days 00:02:00.592000,9.0,3.0,,0 days 00:43:52.358000,0 days 00:00:41.182000,0 days 00:00:39.990000,0 days 00:00:39.420000,0 days 00:42:39.390000,0 days 00:43:19.380000,0 days 00:43:58.800000,190.0,129.0,,252.0,False,MEDIUM,3.0,True,Alpine,0 days 00:41:58.208000,2025-05-02 20:58:20.109,1,,,,False,False,SQ
0 days 00:17:52.846000,OCO,31,,1.0,1.0,0 days 00:15:44.983000,,,0 days 00:00:41.632000,0 days 00:00:31.364000,,0 days 00:17:21.487000,0 days 00:17:52.846000,146.0,156.0,283.0,218.0,False,MEDIUM,1.0,True,Haas F1 Team,0 days 00:15:44.983000,2025-05-02 20:32:06.884,1,,,,False,False,SQ
0 days 00:19:21.619000,OCO,31,0 days 00:01:28.773000,2.0,1.0,,,0 days 00:00:29.667000,0 days 00:00:33.893000,0 days 00:00:25.213000,0 days 00:18:22.513000,0 days 00:18:56.406000,0 days 00:19:21.619000,221.0,190.0,284.0,337.0,True,MEDIUM,2.0,True,Haas F1 Team,0 days 00:17:52.846000,2025-05-02 20:34:14.747,1,,,,False,True,SQ
0 days 00:21:25.656000,OCO,31,0 days 00:02:04.037000,3.0,1.0,,0 days 00:21:19.619000,0 days 00:00:40.339000,0 days 00:00:44.680000,0 days 00:00:39.018000,0 days 00:20:01.958000,0 days 00:20:46.638000,0 days 00:21:25.656000,164.0,142.0,,219.0,False,MEDIUM,3.0,True,Haas F1 Team,0 days 00:19:21.619000,2025-05-02 20:35:43.520,1,,,,False,False,SQ
0 days 00:25:31.047000,OCO,31,,4.0,2.0,0 days 00:23:26.118000,,,0 days 00:00:42.598000,0 days 00:00:32.469000,,0 days 00:24:58.578000,0 days 00:25:31.351000,174.0,150.0,282.0,182.0,False,MEDIUM,4.0,False,Haas F1 Team,0 days 00:21:25.656000,2025-05-02 20:37:47.557,1,,,,False,False,SQ
0 days 00:26:59.350000,OCO,31,0 days 00:01:28.303000,5.0,2.0,,,0 days 00:00:29.329000,0 days 00:00:33.829000,0 days 00:00:25.145000,0 days 00:26:00.376000,0 days 00:26:34.205000,0 days 00:26:59.350000,221.0,192.0,285.0,336.0,True,MEDIUM,5.0,False,Haas F1 Team,0 days 00:25:31.047000,2025-05-02 20:41:52.948,1,,,,False,True,SQ
0 days 00:28:58.586000,OCO,31,0 days 00:01:59.236000,6.0,2.0,,0 days 00:28:52.992000,0 days 00:00:36.115000,0 days 00:00:43.259000,0 days 00:00:39.862000,0 days 00:27:35.465000,0 days 00:28:18.724000,0 days 00:28:58.586000,189.0,150.0,,204.0,False,MEDIUM,6.0,False,Haas F1 Team,0 days 00:26:59.350000,2025-05-02 20:43:21.251,1,,,,False,False,SQ
0 days 00:41:26.654000,OCO,31,,7.0,3.0,0 days 00:39:10.604000,,,0 days 00:00:42.455000,0 days 00:00:31.565000,,0 days 00:40:55.229000,0 days 00:41:26.760000,182.0,163.0,283.0,230.0,False,MEDIUM,1.0,True,Haas F1 Team,0 days 00:28:58.586000,2025-05-02 20:45:20.487,1,,,,False,False,SQ
0 days 00:42:54.724000,OCO,31,0 days 00:01:28.070000,8.0,3.0,,,0 days 00:00:29.132000,0 days 00:00:33.613000,0 days 00:00:25.325000,0 days 00:41:55.786000,0 days 00:42:29.399000,0 days 00:42:54.724000,223.0,193.0,283.0,337.0,True,MEDIUM,2.0,True,Haas F1 Team,0 days 00:41:26.654000,2025-05-02 20:57:48.555,1,,,,False,True,SQ
0 days 00:45:47.086000,OCO,31,0 days 00:02:52.362000,9.0,3.0,,0 days 00:44:50.597000,0 days 00:00:36.205000,0 days 00:00:44.747000,0 days 00:01:31.410000,0 days 00:43:30.929000,0 days 00:44:15.676000,0 days 00:45:47.086000,190.0,155.0,,198.0,False,MEDIUM,3.0,True,Haas F1 Team,0 days 00:42:54.724000,2025-05-02 20:59:16.625,1,,,,False,False,SQ
0 days 00:16:57.030000,DOO,7,,1.0,1.0,0 days 00:15:00.621000,,,0 days 00:00:40.962000,0 days 00:00:28.277000,,0 days 00:16:28.904000,0 days 00:16:57.030000,176.0,159.0,284.0,313.0,False,MEDIUM,1.0,True,Alpine,0 days 00:15:00.621000,2025-05-02 20:31:22.522,1,,,,False,False,SQ
0 days 00:18:26.201000,DOO,7,0 days 00:01:29.171000,2.0,1.0,,,0 days 00:00:29.756000,0 days 00:00:34.222000,0 days 00:00:25.193000,0 days 00:17:26.786000,0 days 00:18:01.008000,0 days 00:18:26.201000,217.0,187.0,285.0,336.0,True,MEDIUM,2.0,True,Alpine,0 days 00:16:57.030000,2025-05-02 20:33:18.931,1,,,,False,True,SQ
0 days 00:20:31.666000,DOO,7,0 days 00:02:05.465000,3.0,1.0,,0 days 00:20:25.911000,0 days 00:00:48.941000,0 days 00:00:42.308000,0 days 00:00:34.216000,0 days 00:19:15.142000,0 days 00:19:57.450000,0 days 00:20:31.666000,182.0,166.0,,286.0,False,MEDIUM,3.0,True,Alpine,0 days 00:18:26.201000,2025-05-02 20:34:48.102,1,,,,False,False,SQ
0 days 00:25:41.776000,DOO,7,,4.0,2.0,0 days 00:23:59.005000,,,0 days 00:00:36.594000,0 days 00:00:29.464000,,0 days 00:25:12.312000,0 days 00:25:41.949000,204.0,176.0,254.0,245.0,False,MEDIUM,4.0,False,Alpine,0 days 00:20:31.666000,2025-05-02 20:36:53.567,1,,,,False,False,SQ
0 days 00:27:43.319000,DOO,7,0 days 00:02:01.543000,5.0,2.0,,0 days 00:27:37.750000,0 days 00:00:45.696000,0 days 00:00:41.294000,0 days 00:00:34.553000,0 days 00:26:27.472000,0 days 00:27:08.766000,0 days 00:27:43.319000,169.0,165.0,,221.0,False,MEDIUM,5.0,False,Alpine,0 days 00:25:41.776000,2025-05-02 20:42:03.677,1,,,,False,False,SQ
0 days 00:17:03.153000,STR,18,,1.0,1.0,0 days 00:15:07.520000,,,0 days 00:00:42.025000,0 days 00:00:28.025000,,0 days 00:16:35.264000,0 days 00:17:03.230000,202.0,157.0,283.0,266.0,False,MEDIUM,1.0,True,Aston Martin,0 days 00:15:07.520000,2025-05-02 20:31:29.421,1,,,,False,False,SQ
0 days 00:18:32.181000,STR,18,0 days 00:01:29.028000,2.0,1.0,,,0 days 00:00:29.750000,0 days 00:00:34.146000,0 days 00:00:25.132000,0 days 00:17:32.903000,0 days 00:18:07.049000,0 days 00:18:32.181000,219.0,189.0,286.0,341.0,True,MEDIUM,2.0,True,Aston Martin,0 days 00:17:03.153000,2025-05-02 20:33:25.054,1,,,,False,True,SQ
0 days 00:20:38.083000,STR,18,0 days 00:02:05.902000,3.0,1.0,,0 days 00:20:32.720000,0 days 00:00:42.765000,0 days 00:00:46.269000,0 days 00:00:36.868000,0 days 00:19:14.946000,0 days 00:20:01.215000,0 days 00:20:38.083000,174.0,162.0,,187.0,False,MEDIUM,3.0,True,Aston Martin,0 days 00:18:32.181000,2025-05-02 20:34:54.082,1,,,,False,False,SQ
0 days 00:24:05.176000,STR,18,,4.0,2.0,0 days 00:22:11.766000,,,0 days 00:00:42.910000,0 days 00:00:28.482000,,0 days 00:23:36.778000,0 days 00:24:05.334000,186.0,99.0,285.0,294.0,False,MEDIUM,4.0,False,Aston Martin,0 days 00:20:38.083000,2025-05-02 20:36:59.984,1,,,,False,False,SQ
0 days 00:25:34.229000,STR,18,0 days 00:01:29.053000,5.0,2.0,,,0 days 00:00:29.719000,0 days 00:00:33.964000,0 days 00:00:25.370000,0 days 00:24:34.895000,0 days 00:25:08.859000,0 days 00:25:34.229000,219.0,191.0,286.0,331.0,False,MEDIUM,5.0,False,Aston Martin,0 days 00:24:05.176000,2025-05-02 20:40:27.077,1,,,,False,True,SQ
0 days 00:28:21.801000,STR,18,0 days 00:02:47.572000,6.0,2.0,,0 days 00:27:31.477000,0 days 00:00:46.318000,0 days 00:00:40.515000,0 days 00:01:20.739000,0 days 00:26:20.547000,0 days 00:27:01.062000,0 days 00:28:21.801000,190.0,168.0,,196.0,False,MEDIUM,6.0,False,Aston Martin,0 days 00:25:34.229000,2025-05-02 20:41:56.130,1,,,,False,False,SQ
0 days 00:17:14.064000,VER,1,,1.0,1.0,0 days 00:15:18.564000,,,0 days 00:00:41.698000,0 days 00:00:31.618000,,0 days 00:16:42.608000,0 days 00:17:14.146000,200.0,144.0,286.0,171.0,False,SOFT,10.0,False,Red Bull Racing,0 days 00:15:18.564000,2025-05-03 20:16:38.591,1,,,,False,False,Q
0 days 00:18:41.637000,VER,1,0 days 00:01:27.573000,2.0,1.0,,,0 days 00:00:28.784000,0 days 00:00:33.733000,0 days 00:00:25.056000,0 days 00:17:42.848000,0 days 00:18:16.581000,0 days 00:18:41.637000,218.0,190.0,285.0,341.0,True,SOFT,11.0,False,Red Bull Racing,0 days 00:17:14.064000,2025-05-03 20:18:34.091,1,,,,False,True,Q
0 days 00:20:25.225000,VER,1,0 days 00:01:43.588000,3.0,1.0,,0 days 00:20:18.960000,0 days 00:00:31.813000,0 days 00:00:38.838000,0 days 00:00:32.937000,0 days 00:19:13.450000,0 days 00:19:52.288000,0 days 00:20:25.225000,199.0,182.0,,267.0,False,SOFT,12.0,False,Red Bull Racing,0 days 00:18:41.637000,2025-05-03 20:20:01.664,1,,,,False,False,Q
0 days 00:24:47.699000,VER,1,,4.0,2.0,0 days 00:22:48.138000,,,0 days 00:00:43.463000,0 days 00:00:32.059000,,0 days 00:24:15.640000,0 days 00:24:48.030000,190.0,94.0,288.0,278.0,False,SOFT,1.0,True,Red Bull Racing,0 days 00:20:25.225000,2025-05-03 20:21:45.252,1,,,,False,False,Q
0 days 00:26:14.569000,VER,1,0 days 00:01:26.870000,5.0,2.0,,,0 days 00:00:28.413000,0 days 00:00:33.450000,0 days 00:00:25.007000,0 days 00:25:16.112000,0 days 00:25:49.562000,0 days 00:26:14.569000,223.0,191.0,286.0,339.0,True,SOFT,2.0,True,Red Bull Racing,0 days 00:24:47.699000,2025-05-03 20:26:07.726,1,,,,False,True,Q
0 days 00:28:18.593000,VER,1,0 days 00:02:04.024000,6.0,2.0,,0 days 00:28:13.198000,0 days 00:00:43.043000,0 days 00:00:47.420000,0 days 00:00:33.561000,0 days 00:26:57.612000,0 days 00:27:45.032000,0 days 00:28:18.593000,167.0,151.0,,281.0,False,SOFT,3.0,True,Red Bull Racing,0 days 00:26:14.569000,2025-05-03 20:27:34.596,1,,,,False,False,Q
0 days 00:40:28.061000,VER,1,,7.0,3.0,0 days 00:38:43.331000,,,0 days 00:00:40.847000,0 days 00:00:27.842000,,0 days 00:40:00.219000,0 days 00:40:28.304000,180.0,154.0,285.0,290.0,False,SOFT,1.0,True,Red Bull Racing,0 days 00:28:18.593000,2025-05-03 20:29:38.620,1,,,,False,False,Q
0 days 00:41:54.704000,VER,1,0 days 00:01:26.643000,8.0,3.0,,,0 days 00:00:28.345000,0 days 00:00:33.309000,0 days 00:00:24.989000,0 days 00:40:56.406000,0 days 00:41:29.715000,0 days 00:41:54.704000,223.0,191.0,286.0,337.0,True,SOFT,2.0,True,Red Bull Racing,0 days 00:40:28.061000,2025-05-03 20:41:48.088,1,,,,False,True,Q
0 days 00:43:58.703000,VER,1,0 days 00:02:03.999000,9.0,3.0,,0 days 00:43:53.297000,0 days 00:00:42.740000,0 days 00:00:47.996000,0 days 00:00:33.263000,0 days 00:42:37.444000,0 days 00:43:25.440000,0 days 00:43:58.703000,138.0,127.0,,270.0,False,SOFT,3.0,True,Red Bull Racing,0 days 00:41:54.704000,2025-05-03 20:43:14.731,1,,,,False,False,Q
0 days 00:51:27.332000,VER,1,,10.0,4.0,0 days 00:49:24.099000,,,0 days 00:00:41.723000,0 days 00:00:27.956000,,0 days 00:50:59.376000,0 days 00:51:27.631000,157.0,175.0,286.0,278.0,False,SOFT,4.0,False,Red Bull Racing,0 days 00:43:58.703000,2025-05-03 20:45:18.730,1,,,,False,False,Q
0 days 00:52:53.986000,VER,1,0 days 00:01:26.654000,11.0,4.0,,,0 days 00:00:28.339000,0 days 00:00:33.405000,0 days 00:00:24.910000,0 days 00:51:55.671000,0 days 00:52:29.076000,0 days 00:52:53.986000,220.0,190.0,285.0,339.0,False,SOFT,5.0,False,Red Bull Racing,0 days 00:51:27.332000,2025-05-03 20:52:47.359,1,,,,False,True,Q
0 days 00:54:42.419000,VER,1,0 days 00:01:48.433000,12.0,4.0,,0 days 00:54:37.095000,0 days 00:00:33.433000,0 days 00:00:40.231000,0 days 00:00:34.769000,0 days 00:53:27.419000,0 days 00:54:07.650000,0 days 00:54:42.419000,199.0,182.0,,229.0,False,SOFT,6.0,False,Red Bull Racing,0 days 00:52:53.986000,2025-05-03 20:54:14.013,1,,,,False,False,Q
0 days 01:04:00.081000,VER,1,,13.0,5.0,0 days 01:02:05.244000,,,0 days 00:00:44.644000,0 days 00:00:26.333000,,0 days 01:03:33.787000,0 days 01:04:00.236000,170.0,159.0,286.0,298.0,False,SOFT,1.0,True,Red Bull Racing,0 days 00:54:42.419000,2025-05-03 20:56:02.446,1,,,,False,False,Q
0 days 01:05:26.573000,VER,1,0 days 00:01:26.492000,14.0,5.0,,,0 days 00:00:28.268000,0 days 00:00:33.245000,0 days 00:00:24.979000,0 days 01:04:28.349000,0 days 01:05:01.594000,0 days 01:05:26.573000,222.0,192.0,283.0,338.0,True,SOFT,2.0,True,Red Bull Racing,0 days 01:04:00.081000,2025-05-03 21:05:20.108,1,,,,False,True,Q
0 days 01:07:09.675000,VER,1,0 days 00:01:43.102000,15.0,5.0,,0 days 01:07:04.230000,0 days 00:00:33.102000,0 days 00:00:37.205000,0 days 00:00:32.795000,0 days 01:05:59.675000,0 days 01:06:36.880000,0 days 01:07:09.675000,195.0,186.0,,231.0,False,SOFT,3.0,True,Red Bull Racing,0 days 01:05:26.573000,2025-05-03 21:06:46.600,1,,,,False,False,Q
0 days 01:11:49.694000,VER,1,,16.0,6.0,0 days 01:09:52.523000,,,0 days 00:00:44.961000,0 days 00:00:26.677000,,0 days 01:11:23.133000,0 days 01:11:49.976000,164.0,153.0,287.0,304.0,False,SOFT,1.0,True,Red Bull Racing,0 days 01:07:09.675000,2025-05-03 21:08:29.702,1,,,,False,False,Q
0 days 01:13:15.898000,VER,1,0 days 00:01:26.204000,17.0,6.0,,,0 days 00:00:28.246000,0 days 00:00:33.079000,0 days 00:00:24.879000,0 days 01:12:17.940000,0 days 01:12:51.019000,0 days 01:13:15.898000,223.0,192.0,282.0,339.0,True,SOFT,2.0,True,Red Bull Racing,0 days 01:11:49.694000,2025-05-03 21:13:09.721,1,,,,False,True,Q
0 days 01:15:23.084000,VER,1,0 days 00:02:07.186000,18.0,6.0,,0 days 01:15:13.493000,0 days 00:00:38.894000,0 days 00:00:39.930000,0 days 00:00:48.362000,0 days 01:13:54.792000,0 days 01:14:34.722000,0 days 01:15:23.084000,185.0,168.0,,167.0,False,SOFT,3.0,True,Red Bull Racing,0 days 01:13:15.898000,2025-05-03 21:14:35.925,1,,,,False,False,Q
0 days 00:17:41.732000,NOR,4,,1.0,1.0,0 days 00:15:49.534000,,,0 days 00:00:39.519000,0 days 00:00:32.413000,,0 days 00:17:09.467000,0 days 00:17:41.816000,183.0,134.0,286.0,113.0,False,SOFT,4.0,False,McLaren,0 days 00:15:49.534000,2025-05-03 20:17:09.561,1,,,,False,False,Q
0 days 00:19:09.404000,NOR,4,0 days 00:01:27.672000,2.0,1.0,,,0 days 00:00:29.140000,0 days 00:00:33.460000,0 days 00:00:25.072000,0 days 00:18:10.872000,0 days 00:18:44.332000,0 days 00:19:09.404000,217.0,190.0,285.0,335.0,True,SOFT,5.0,False,McLaren,0 days 00:17:41.732000,2025-05-03 20:19:01.759,1,,,,False,True,Q
0 days 00:20:57.089000,NOR,4,0 days 00:01:47.685000,3.0,1.0,,0 days 00:20:51.554000,0 days 00:00:35.366000,0 days 00:00:36.829000,0 days 00:00:35.490000,0 days 00:19:44.770000,0 days 00:20:21.599000,0 days 00:20:57.089000,202.0,168.0,,186.0,False,SOFT,6.0,False,McLaren,0 days 00:19:09.404000,2025-05-03 20:20:29.431,1,,,,False,False,Q
0 days 00:25:14.570000,NOR,4,,4.0,2.0,0 days 00:23:04.263000,,,0 days 00:00:42.496000,0 days 00:00:37.833000,,0 days 00:24:36.897000,0 days 00:25:14.794000,157.0,110.0,288.0,129.0,False,SOFT,1.0,True,McLaren,0 days 00:20:57.089000,2025-05-03 20:22:17.116,1,,,,False,False,Q
0 days 00:26:41.889000,NOR,4,0 days 00:01:27.319000,5.0,2.0,,,0 days 00:00:28.855000,0 days 00:00:33.619000,0 days 00:00:24.845000,0 days 00:25:43.425000,0 days 00:26:17.044000,0 days 00:26:41.889000,224.0,191.0,286.0,338.0,True,SOFT,2.0,True,McLaren,0 days 00:25:14.570000,2025-05-03 20:26:34.597,1,,,,False,True,Q
0 days 00:28:44.565000,NOR,4,0 days 00:02:02.676000,6.0,2.0,,,0 days 00:00:47.454000,0 days 00:00:42.929000,0 days 00:00:32.293000,0 days 00:27:29.343000,0 days 00:28:12.272000,0 days 00:28:44.565000,140.0,162.0,115.0,219.0,False,SOFT,3.0,True,McLaren,0 days 00:26:41.889000,2025-05-03 20:28:01.916,1,,,,False,True,Q
0 days 00:30:53.834000,NOR,4,0 days 00:02:09.269000,7.0,2.0,,,0 days 00:00:47.398000,0 days 00:00:44.335000,0 days 00:00:37.536000,0 days 00:29:31.963000,0 days 00:30:16.298000,0 days 00:30:53.834000,150.0,164.0,287.0,72.0,False,SOFT,4.0,True,McLaren,0 days 00:28:44.565000,2025-05-03 20:30:04.592,1,,,,False,True,Q
0 days 00:32:20.789000,NOR,4,0 days 00:01:26.955000,8.0,2.0,,,0 days 00:00:28.800000,0 days 00:00:33.377000,0 days 00:00:24.778000,0 days 00:31:22.634000,0 days 00:31:56.011000,0 days 00:32:20.789000,221.0,192.0,287.0,336.0,True,SOFT,5.0,True,McLaren,0 days 00:30:53.834000,2025-05-03 20:32:13.861,1,,,,False,True,Q
0 days 00:34:07.904000,NOR,4,0 days 00:01:47.115000,9.0,2.0,,0 days 00:34:02.442000,0 days 00:00:34.412000,0 days 00:00:38.106000,0 days 00:00:34.597000,0 days 00:32:55.201000,0 days 00:33:33.307000,0 days 00:34:07.904000,193.0,173.0,,220.0,False,SOFT,6.0,True,McLaren,0 days 00:32:20.789000,2025-05-03 20:33:40.816,1,,,,False,False,Q
0 days 00:42:23.746000,NOR,4,,10.0,3.0,0 days 00:40:20.579000,,,0 days 00:00:43.583000,0 days 00:00:31.617000,,0 days 00:41:52.257000,0 days 00:42:23.746000,186.0,119.0,288.0,146.0,False,SOFT,1.0,True,McLaren,0 days 00:34:07.904000,2025-05-03 20:35:27.931,1,,,,False,False,Q
0 days 00:43:50.245000,NOR,4,0 days 00:01:26.499000,11.0,3.0,,,0 days 00:00:28.731000,0 days 00:00:32.985000,0 days 00:00:24.783000,0 days 00:42:52.477000,0 days 00:43:25.462000,0 days 00:43:50.245000,221.0,194.0,285.0,334.0,True,SOFT,2.0,True,McLaren,0 days 00:42:23.746000,2025-05-03 20:43:43.773,1,,,,False,True,Q
0 days 00:45:45.506000,NOR,4,0 days 00:01:55.261000,12.0,3.0,,0 days 00:45:40.001000,0 days 00:00:35.712000,0 days 00:00:40.754000,0 days 00:00:38.795000,0 days 00:44:25.957000,0 days 00:45:06.711000,0 days 00:45:45.506000,200.0,166.0,,154.0,False,SOFT,3.0,True,McLaren,0 days 00:43:50.245000,2025-05-03 20:45:10.272,1,,,,False,False,Q
0 days 00:51:12.958000,NOR,4,,13.0,4.0,0 days 00:48:56.075000,,,0 days 00:00:43.431000,0 days 00:00:29.658000,,0 days 00:50:43.300000,0 days 00:51:13.144000,166.0,131.0,284.0,225.0,False,SOFT,4.0,False,McLaren,0 days 00:45:45.506000,2025-05-03 20:47:05.533,1,,,,False,False,Q
0 days 00:52:39.682000,NOR,4,0 days 00:01:26.724000,14.0,4.0,,,0 days 00:00:28.691000,0 days 00:00:33.233000,0 days 00:00:24.800000,0 days 00:51:41.649000,0 days 00:52:14.882000,0 days 00:52:39.682000,222.0,190.0,280.0,336.0,False,SOFT,5.0,False,McLaren,0 days 00:51:12.958000,2025-05-03 20:52:32.985,1,,,,False,True,Q
0 days 00:54:34.626000,NOR,4,0 days 00:01:54.944000,15.0,4.0,,0 days 00:54:27.845000,0 days 00:00:34.478000,0 days 00:00:39.427000,0 days 00:00:41.039000,0 days 00:53:14.160000,0 days 00:53:53.587000,0 days 00:54:34.626000,192.0,145.0,,206.0,False,SOFT,6.0,False,McLaren,0 days 00:52:39.682000,2025-05-03 20:53:59.709,1,,,,False,False,Q
0 days 01:04:26.360000,NOR,4,,16.0,5.0,0 days 01:02:22.522000,,,0 days 00:00:42.267000,0 days 00:00:28.329000,,0 days 01:03:58.080000,0 days 01:04:26.482000,151.0,143.0,285.0,266.0,False,SOFT,1.0,True,McLaren,0 days 00:54:34.626000,2025-05-03 20:55:54.653,1,,,,False,False,Q
0 days 01:05:52.855000,NOR,4,0 days 00:01:26.495000,17.0,5.0,,,0 days 00:00:28.337000,0 days 00:00:33.024000,0 days 00:00:25.134000,0 days 01:04:54.697000,0 days 01:05:27.721000,0 days 01:05:52.855000,222.0,193.0,285.0,335.0,True,SOFT,2.0,True,McLaren,0 days 01:04:26.360000,2025-05-03 21:05:46.387,1,,,,False,True,Q
0 days 01:07:39.352000,NOR,4,0 days 00:01:46.497000,18.0,5.0,,0 days 01:07:33.832000,0 days 00:00:33.961000,0 days 00:00:37.764000,0 days 00:00:34.772000,0 days 01:06:26.816000,0 days 01:07:04.580000,0 days 01:07:39.352000,203.0,185.0,,196.0,False,SOFT,3.0,True,McLaren,0 days 01:05:52.855000,2025-05-03 21:07:12.882,1,,,,False,False,Q
0 days 01:12:23.691000,NOR,4,,19.0,6.0,0 days 01:10:23.118000,,,0 days 00:00:43.516000,0 days 00:00:27.130000,,0 days 01:11:56.632000,0 days 01:12:23.860000,155.0,154.0,287.0,278.0,False,SOFT,1.0,True,McLaren,0 days 01:07:39.352000,2025-05-03 21:08:59.379,1,,,,False,False,Q
0 days 01:13:49.960000,NOR,4,0 days 00:01:26.269000,20.0,6.0,,,0 days 00:00:28.433000,0 days 00:00:32.901000,0 days 00:00:24.935000,0 days 01:12:52.124000,0 days 01:13:25.025000,0 days 01:13:49.960000,221.0,194.0,286.0,332.0,True,SOFT,2.0,True,McLaren,0 days 01:12:23.691000,2025-05-03 21:13:43.718,1,,,,False,True,Q
0 days 01:15:47.283000,NOR,4,0 days 00:01:57.323000,21.0,6.0,,0 days 01:15:39.961000,0 days 00:00:35.191000,0 days 00:00:42.848000,0 days 00:00:39.284000,0 days 01:14:25.151000,0 days 01:15:07.999000,0 days 01:15:47.283000,179.0,158.0,,196.0,False,SOFT,3.0,True,McLaren,0 days 01:13:49.960000,2025-05-03 21:15:09.987,1,,,,False,False,Q
0 days 00:18:05.254000,ANT,12,,1.0,1.0,0 days 00:16:04.749000,,,0 days 00:00:42.757000,0 days 00:00:27.473000,,0 days 00:17:37.781000,0 days 00:18:05.288000,177.0,154.0,285.0,285.0,False,SOFT,4.0,False,Mercedes,0 days 00:16:04.749000,2025-05-03 20:17:24.776,1,,,,False,False,Q
0 days 00:19:43.187000,ANT,12,0 days 00:01:37.933000,2.0,1.0,,0 days 00:19:36.035000,0 days 00:00:29.010000,0 days 00:00:33.645000,0 days 00:00:35.278000,0 days 00:18:34.264000,0 days 00:19:07.909000,0 days 00:19:43.187000,220.0,191.0,,339.0,False,SOFT,5.0,False,Mercedes,0 days 00:18:05.254000,2025-05-03 20:19:25.281,1,,,,False,False,Q
0 days 00:22:42.708000,ANT,12,,3.0,2.0,0 days 00:20:33.914000,,,0 days 00:00:40.822000,0 days 00:00:29.040000,,0 days 00:22:13.740000,0 days 00:22:42.950000,163.0,125.0,287.0,281.0,False,SOFT,1.0,True,Mercedes,0 days 00:19:43.187000,2025-05-03 20:21:03.214,1,,,,False,False,Q
0 days 00:24:09.785000,ANT,12,0 days 00:01:27.077000,4.0,2.0,,,0 days 00:00:28.627000,0 days 00:00:33.551000,0 days 00:00:24.899000,0 days 00:23:11.335000,0 days 00:23:44.886000,0 days 00:24:09.785000,221.0,192.0,287.0,339.0,True,SOFT,2.0,True,Mercedes,0 days 00:22:42.708000,2025-05-03 20:24:02.735,1,,,,False,True,Q
0 days 00:26:13.936000,ANT,12,0 days 00:02:04.151000,5.0,2.0,,0 days 00:26:07.694000,0 days 00:00:41.563000,0 days 00:00:44.265000,0 days 00:00:38.323000,0 days 00:24:51.348000,0 days 00:25:35.613000,0 days 00:26:13.936000,157.0,137.0,,253.0,False,SOFT,3.0,True,Mercedes,0 days 00:24:09.785000,2025-05-03 20:25:29.812,1,,,,False,False,Q
0 days 00:28:37.157000,ANT,12,0 days 00:02:23.221000,6.0,3.0,0 days 00:26:37.127000,,0 days 00:01:10.609000,0 days 00:00:44.820000,0 days 00:00:27.792000,0 days 00:27:24.545000,0 days 00:28:09.365000,0 days 00:28:37.157000,143.0,141.0,286.0,285.0,False,SOFT,4.0,False,Mercedes,0 days 00:26:13.936000,2025-05-03 20:27:33.963,1,,,,False,False,Q
0 days 00:30:04.586000,ANT,12,0 days 00:01:27.429000,7.0,3.0,,,0 days 00:00:28.836000,0 days 00:00:33.697000,0 days 00:00:24.896000,0 days 00:29:05.993000,0 days 00:29:39.690000,0 days 00:30:04.586000,221.0,191.0,288.0,339.0,False,SOFT,5.0,False,Mercedes,0 days 00:28:37.157000,2025-05-03 20:29:57.184,1,,,,False,True,Q
0 days 00:32:05.150000,ANT,12,0 days 00:02:00.564000,8.0,3.0,,0 days 00:31:58.970000,0 days 00:00:37.107000,0 days 00:00:42.276000,0 days 00:00:41.181000,0 days 00:30:41.693000,0 days 00:31:23.969000,0 days 00:32:05.150000,186.0,151.0,,220.0,False,SOFT,6.0,False,Mercedes,0 days 00:30:04.586000,2025-05-03 20:31:24.613,1,,,,False,False,Q
0 days 00:42:44.910000,ANT,12,,9.0,4.0,0 days 00:40:35.984000,,,0 days 00:00:43.979000,0 days 00:00:31.319000,,0 days 00:42:13.622000,0 days 00:42:44.946000,149.0,158.0,287.0,280.0,False,SOFT,1.0,True,Mercedes,0 days 00:32:05.150000,2025-05-03 20:33:25.177,1,,,,False,False,Q
0 days 00:44:11.516000,ANT,12,0 days 00:01:26.606000,10.0,4.0,,,0 days 00:00:28.552000,0 days 00:00:33.218000,0 days 00:00:24.836000,0 days 00:43:13.462000,0 days 00:43:46.680000,0 days 00:44:11.516000,222.0,191.0,285.0,338.0,True,SOFT,2.0,True,Mercedes,0 days 00:42:44.910000,2025-05-03 20:44:04.937,1,,,,False,True,Q
0 days 00:46:38.403000,ANT,12,0 days 00:02:26.887000,11.0,4.0,,0 days 00:45:57.282000,0 days 00:00:35.975000,0 days 00:00:39.707000,0 days 00:01:11.205000,0 days 00:44:47.491000,0 days 00:45:27.198000,0 days 00:46:38.403000,182.0,159.0,,248.0,False,SOFT,3.0,True,Mercedes,0 days 00:44:11.516000,2025-05-03 20:45:31.543,1,,,,False,False,Q
0 days 00:51:20.035000,ANT,12,,12.0,5.0,0 days 00:49:17.551000,,,0 days 00:00:42.533000,0 days 00:00:32.503000,,0 days 00:50:48.018000,0 days 00:51:20.240000,162.0,133.0,285.0,130.0,False,SOFT,1.0,True,Mercedes,0 days 00:46:38.403000,2025-05-03 20:47:58.430,1,,,,False,False,Q
0 days 00:52:46.844000,ANT,12,0 days 00:01:26.809000,13.0,5.0,,,0 days 00:00:28.645000,0 days 00:00:33.334000,0 days 00:00:24.830000,0 days 00:51:48.680000,0 days 00:52:22.014000,0 days 00:52:46.844000,223.0,193.0,284.0,340.0,False,SOFT,2.0,True,Mercedes,0 days 00:51:20.035000,2025-05-03 20:52:40.062,1,,,,False,True,Q
0 days 00:54:41.289000,ANT,12,0 days 00:01:54.445000,14.0,5.0,,0 days 00:54:35.455000,0 days 00:00:38.101000,0 days 00:00:40.336000,0 days 00:00:36.008000,0 days 00:53:24.945000,0 days 00:54:05.281000,0 days 00:54:41.289000,188.0,158.0,,236.0,False,SOFT,3.0,True,Mercedes,0 days 00:52:46.844000,2025-05-03 20:54:06.871,1,,,,False,False,Q
0 days 01:04:50.671000,ANT,12,,15.0,6.0,0 days 01:02:48.724000,,,0 days 00:00:42.641000,0 days 00:00:27.689000,,0 days 01:04:23.106000,0 days 01:04:50.672000,152.0,147.0,286.0,271.0,False,SOFT,1.0,True,Mercedes,0 days 00:54:41.289000,2025-05-03 20:56:01.316,1,,,,False,False,Q
0 days 01:06:17.406000,ANT,12,0 days 00:01:26.735000,16.0,6.0,,,0 days 00:00:28.686000,0 days 00:00:33.177000,0 days 00:00:24.872000,0 days 01:05:19.357000,0 days 01:05:52.534000,0 days 01:06:17.406000,223.0,192.0,286.0,340.0,True,SOFT,2.0,True,Mercedes,0 days 01:04:50.671000,2025-05-03 21:06:10.698,1,,,,False,True,Q
0 days 01:08:08.670000,ANT,12,0 days 00:01:51.264000,17.0,6.0,,0 days 01:08:02.916000,0 days 00:00:35.576000,0 days 00:00:39.720000,0 days 00:00:35.968000,0 days 01:06:52.982000,0 days 01:07:32.702000,0 days 01:08:08.670000,185.0,162.0,,228.0,False,SOFT,3.0,True,Mercedes,0 days 01:06:17.406000,2025-05-03 21:07:37.433,1,,,,False,False,Q
0 days 01:13:01.881000,ANT,12,,18.0,7.0,0 days 01:10:47.509000,,,0 days 00:00:38.656000,0 days 00:00:27.249000,,0 days 01:12:34.719000,0 days 01:13:02.119000,166.0,154.0,287.0,278.0,False,SOFT,1.0,True,Mercedes,0 days 01:08:08.670000,2025-05-03 21:09:28.697,1,,,,False,False,Q
0 days 01:14:28.152000,ANT,12,0 days 00:01:26.271000,19.0,7.0,,,0 days 00:00:28.484000,0 days 00:00:32.983000,0 days 00:00:24.804000,0 days 01:13:30.365000,0 days 01:14:03.348000,0 days 01:14:28.152000,222.0,192.0,287.0,340.0,True,SOFT,2.0,True,Mercedes,0 days 01:13:01.881000,2025-05-03 21:14:21.908,1,,,,False,True,Q
0 days 01:16:36.675000,ANT,12,0 days 00:02:08.523000,20.0,7.0,,0 days 01:16:27.242000,0 days 00:00:36.651000,0 days 00:00:48.241000,0 days 00:00:43.631000,0 days 01:15:04.803000,0 days 01:15:53.044000,0 days 01:16:36.675000,163.0,146.0,,240.0,False,SOFT,3.0,True,Mercedes,0 days 01:14:28.152000,2025-05-03 21:15:48.179,1,,,,False,False,Q
0 days 00:17:33.322000,PIA,81,,1.0,1.0,0 days 00:15:35.266000,,,0 days 00:00:43.541000,0 days 00:00:32.392000,,0 days 00:17:00.964000,0 days 00:17:33.371000,137.0,103.0,286.0,275.0,False,SOFT,4.0,False,McLaren,0 days 00:15:35.266000,2025-05-03 20:16:55.293,1,,,,False,False,Q
0 days 00:19:00.629000,PIA,81,0 days 00:01:27.307000,2.0,1.0,,,0 days 00:00:28.902000,0 days 00:00:33.467000,0 days 00:00:24.938000,0 days 00:18:02.224000,0 days 00:18:35.691000,0 days 00:19:00.629000,224.0,192.0,286.0,336.0,True,SOFT,5.0,False,McLaren,0 days 00:17:33.322000,2025-05-03 20:18:53.349,1,,,,False,True,Q
0 days 00:20:53.058000,PIA,81,0 days 00:01:52.429000,3.0,1.0,,0 days 00:20:48.023000,0 days 00:00:36.920000,0 days 00:00:39.524000,0 days 00:00:35.985000,0 days 00:19:37.549000,0 days 00:20:17.073000,0 days 00:20:53.058000,179.0,152.0,,229.0,False,SOFT,6.0,False,McLaren,0 days 00:19:00.629000,2025-05-03 20:20:20.656,1,,,,False,False,Q
0 days 00:24:59.213000,PIA,81,,4.0,2.0,0 days 00:22:54.511000,,,0 days 00:00:38.772000,0 days 00:00:31.756000,,0 days 00:24:27.590000,0 days 00:24:59.397000,186.0,116.0,287.0,297.0,False,SOFT,1.0,True,McLaren,0 days 00:20:53.058000,2025-05-03 20:22:13.085,1,,,,False,False,Q
0 days 00:26:26.219000,PIA,81,0 days 00:01:27.006000,5.0,2.0,,,0 days 00:00:28.671000,0 days 00:00:33.468000,0 days 00:00:24.867000,0 days 00:25:27.884000,0 days 00:26:01.352000,0 days 00:26:26.219000,219.0,192.0,287.0,335.0,True,SOFT,2.0,True,McLaren,0 days 00:24:59.213000,2025-05-03 20:26:19.240,1,,,,False,True,Q
0 days 00:28:25.343000,PIA,81,0 days 00:01:59.124000,6.0,2.0,,,0 days 00:00:44.145000,0 days 00:00:41.881000,0 days 00:00:33.098000,0 days 00:27:10.364000,0 days 00:27:52.245000,0 days 00:28:25.343000,172.0,140.0,143.0,222.0,False,SOFT,3.0,True,McLaren,0 days 00:26:26.219000,2025-05-03 20:27:46.246,1,,,,False,True,Q
0 days 00:31:19.522000,PIA,81,0 days 00:02:54.179000,7.0,2.0,,0 days 00:30:40.999000,0 days 00:00:46.532000,0 days 00:00:50.019000,0 days 00:01:17.628000,0 days 00:29:11.875000,0 days 00:30:01.894000,0 days 00:31:19.522000,170.0,104.0,,165.0,False,SOFT,4.0,True,McLaren,0 days 00:28:25.343000,2025-05-03 20:29:45.370,1,,,,False,False,Q
0 days 00:42:14.950000,PIA,81,,8.0,3.0,0 days 00:40:03.535000,,,0 days 00:00:43.886000,0 days 00:00:29.854000,,0 days 00:41:45.145000,0 days 00:42:14.950000,198.0,106.0,288.0,312.0,False,SOFT,1.0,True,McLaren,0 days 00:31:19.522000,2025-05-03 20:32:39.549,1,,,,False,False,Q
0 days 00:43:41.219000,PIA,81,0 days 00:01:26.269000,9.0,3.0,,,0 days 00:00:28.413000,0 days 00:00:33.032000,0 days 00:00:24.824000,0 days 00:42:43.363000,0 days 00:43:16.395000,0 days 00:43:41.219000,226.0,192.0,286.0,333.0,True,SOFT,2.0,True,McLaren,0 days 00:42:14.950000,2025-05-03 20:43:34.977,1,,,,False,True,Q
0 days 00:45:38.769000,PIA,81,0 days 00:01:57.550000,10.0,3.0,,0 days 00:45:33.123000,0 days 00:00:37.502000,0 days 00:00:41.600000,0 days 00:00:38.448000,0 days 00:44:18.721000,0 days 00:45:00.321000,0 days 00:45:38.769000,177.0,146.0,,200.0,False,SOFT,3.0,True,McLaren,0 days 00:43:41.219000,2025-05-03 20:45:01.246,1,,,,False,False,Q
0 days 01:04:14.871000,PIA,81,,11.0,4.0,0 days 01:02:16.680000,,,0 days 00:00:41.394000,0 days 00:00:29.053000,,0 days 01:03:45.939000,0 days 01:04:14.931000,176.0,113.0,285.0,307.0,False,SOFT,1.0,True,McLaren,0 days 00:45:38.769000,2025-05-03 20:46:58.796,1,,,,False,False,Q
0 days 01:05:41.380000,PIA,81,0 days 00:01:26.509000,12.0,4.0,,,0 days 00:00:28.428000,0 days 00:00:33.279000,0 days 00:00:24.802000,0 days 01:04:43.299000,0 days 01:05:16.578000,0 days 01:05:41.380000,224.0,192.0,285.0,335.0,True,SOFT,2.0,True,McLaren,0 days 01:04:14.871000,2025-05-03 21:05:34.898,1,,,,False,True,Q
0 days 01:07:36.120000,PIA,81,0 days 00:01:54.740000,13.0,4.0,,0 days 01:07:30.484000,0 days 00:00:36.392000,0 days 00:00:39.536000,0 days 00:00:38.812000,0 days 01:06:17.772000,0 days 01:06:57.308000,0 days 01:07:36.120000,180.0,154.0,,191.0,False,SOFT,3.0,True,McLaren,0 days 01:05:41.380000,2025-05-03 21:07:01.407,1,,,,False,False,Q
0 days 01:12:35.057000,PIA,81,,14.0,5.0,0 days 01:10:32.626000,,,0 days 00:00:41.657000,0 days 00:00:28.951000,,0 days 01:12:06.117000,0 days 01:12:35.189000,194.0,105.0,286.0,311.0,False,SOFT,1.0,True,McLaren,0 days 01:07:36.120000,2025-05-03 21:08:56.147,1,,,,False,False,Q
0 days 01:14:01.432000,PIA,81,0 days 00:01:26.375000,15.0,5.0,,,0 days 00:00:28.558000,0 days 00:00:33.089000,0 days 00:00:24.728000,0 days 01:13:03.615000,0 days 01:13:36.704000,0 days 01:14:01.432000,218.0,193.0,286.0,335.0,True,SOFT,2.0,True,McLaren,0 days 01:12:35.057000,2025-05-03 21:13:55.084,1,,,,False,True,Q
0 days 01:15:55.943000,PIA,81,,16.0,5.0,,0 days 01:15:55.943000,0 days 00:00:37.709000,0 days 00:00:42.243000,,0 days 01:14:39.082000,0 days 01:15:21.406000,,172.0,148.0,,192.0,False,SOFT,3.0,True,McLaren,0 days 01:14:01.432000,2025-05-03 21:15:21.459,1,,,,False,False,Q
0 days 00:18:18.293000,RUS,63,,1.0,1.0,0 days 00:16:11.569000,,,0 days 00:00:43.721000,0 days 00:00:31.047000,,0 days 00:17:47.685000,0 days 00:18:18.293000,183.0,103.0,283.0,209.0,False,SOFT,4.0,False,Mercedes,0 days 00:16:11.569000,2025-05-03 20:17:31.596,1,,,,False,False,Q
0 days 00:19:52.798000,RUS,63,0 days 00:01:34.505000,2.0,1.0,,0 days 00:19:47.113000,0 days 00:00:29.234000,0 days 00:00:33.964000,0 days 00:00:31.307000,0 days 00:18:47.527000,0 days 00:19:21.491000,0 days 00:19:52.798000,218.0,190.0,,323.0,False,SOFT,5.0,False,Mercedes,0 days 00:18:18.293000,2025-05-03 20:19:38.320,1,,,,False,False,Q
0 days 00:23:14.466000,RUS,63,,3.0,2.0,0 days 00:21:18.789000,,,0 days 00:00:40.720000,0 days 00:00:27.591000,,0 days 00:22:46.917000,0 days 00:23:14.575000,183.0,100.0,286.0,314.0,False,SOFT,1.0,True,Mercedes,0 days 00:19:52.798000,2025-05-03 20:21:12.825,1,,,,False,False,Q
0 days 00:24:41.917000,RUS,63,0 days 00:01:27.451000,4.0,2.0,,,0 days 00:00:28.818000,0 days 00:00:33.689000,0 days 00:00:24.944000,0 days 00:23:43.284000,0 days 00:24:16.973000,0 days 00:24:41.917000,222.0,191.0,284.0,336.0,True,SOFT,2.0,True,Mercedes,0 days 00:23:14.466000,2025-05-03 20:24:34.493,1,,,,False,True,Q
0 days 00:26:46.804000,RUS,63,0 days 00:02:04.887000,5.0,2.0,,0 days 00:26:40.845000,0 days 00:00:51.943000,0 days 00:00:39.474000,0 days 00:00:33.470000,0 days 00:25:33.860000,0 days 00:26:13.334000,0 days 00:26:46.804000,190.0,172.0,,315.0,False,SOFT,3.0,True,Mercedes,0 days 00:24:41.917000,2025-05-03 20:26:01.944,1,,,,False,False,Q
0 days 00:28:50.705000,RUS,63,0 days 00:02:03.901000,6.0,3.0,0 days 00:27:04.429000,,0 days 00:00:54.236000,0 days 00:00:40.621000,0 days 00:00:29.044000,0 days 00:27:41.040000,0 days 00:28:21.661000,0 days 00:28:50.705000,181.0,113.0,286.0,293.0,False,SOFT,1.0,True,Mercedes,0 days 00:26:46.804000,2025-05-03 20:28:06.831,1,,,,False,False,Q
0 days 00:30:17.719000,RUS,63,0 days 00:01:27.014000,7.0,3.0,,,0 days 00:00:28.674000,0 days 00:00:33.483000,0 days 00:00:24.857000,0 days 00:29:19.379000,0 days 00:29:52.862000,0 days 00:30:17.719000,222.0,192.0,288.0,338.0,True,SOFT,2.0,True,Mercedes,0 days 00:28:50.705000,2025-05-03 20:30:10.732,1,,,,False,True,Q
0 days 00:32:21.802000,RUS,63,0 days 00:02:04.083000,8.0,3.0,,0 days 00:32:15.916000,0 days 00:00:44.094000,0 days 00:00:42.752000,0 days 00:00:37.237000,0 days 00:31:01.813000,0 days 00:31:44.565000,0 days 00:32:21.802000,161.0,148.0,,171.0,False,SOFT,3.0,True,Mercedes,0 days 00:30:17.719000,2025-05-03 20:31:37.746,1,,,,False,False,Q
0 days 00:42:52.397000,RUS,63,,9.0,4.0,0 days 00:40:44.457000,,,0 days 00:00:47.633000,0 days 00:00:29.316000,,0 days 00:42:23.109000,0 days 00:42:52.397000,140.0,121.0,286.0,303.0,False,SOFT,4.0,False,Mercedes,0 days 00:32:21.802000,2025-05-03 20:33:41.829,1,,,,False,False,Q
0 days 00:44:19.557000,RUS,63,0 days 00:01:27.160000,10.0,4.0,,,0 days 00:00:28.852000,0 days 00:00:33.413000,0 days 00:00:24.895000,0 days 00:43:21.249000,0 days 00:43:54.662000,0 days 00:44:19.557000,220.0,193.0,284.0,338.0,True,SOFT,5.0,False,Mercedes,0 days 00:42:52.397000,2025-05-03 20:44:12.424,1,,,,False,True,Q
0 days 00:46:05.008000,RUS,63,0 days 00:01:45.451000,11.0,4.0,,0 days 00:45:58.860000,0 days 00:00:33.534000,0 days 00:00:38.285000,0 days 00:00:33.632000,0 days 00:44:53.091000,0 days 00:45:31.376000,0 days 00:46:05.008000,200.0,164.0,,283.0,False,SOFT,6.0,False,Mercedes,0 days 00:44:19.557000,2025-05-03 20:45:39.584,1,,,,False,False,Q
0 days 00:51:59.795000,RUS,63,,12.0,5.0,0 days 00:49:55.774000,,,0 days 00:00:40.854000,0 days 00:00:27.576000,,0 days 00:51:32.272000,0 days 00:52:00.022000,181.0,115.0,286.0,316.0,False,SOFT,1.0,True,Mercedes,0 days 00:46:05.008000,2025-05-03 20:47:25.035,1,,,,False,False,Q
0 days 00:53:26.370000,RUS,63,0 days 00:01:26.575000,13.0,5.0,,,0 days 00:00:28.510000,0 days 00:00:33.278000,0 days 00:00:24.787000,0 days 00:52:28.305000,0 days 00:53:01.583000,0 days 00:53:26.370000,224.0,193.0,285.0,338.0,True,SOFT,2.0,True,Mercedes,0 days 00:51:59.795000,2025-05-03 20:53:19.822,1,,,,False,True,Q
0 days 00:55:26.785000,RUS,63,0 days 00:02:00.415000,14.0,5.0,,0 days 00:55:20.964000,0 days 00:00:42.193000,0 days 00:00:41.393000,0 days 00:00:36.829000,0 days 00:54:08.563000,0 days 00:54:49.956000,0 days 00:55:26.785000,171.0,142.0,,267.0,False,SOFT,3.0,True,Mercedes,0 days 00:53:26.370000,2025-05-03 20:54:46.397,1,,,,False,False,Q
0 days 01:05:00.397000,RUS,63,,15.0,6.0,0 days 01:03:00.193000,,,0 days 00:00:43.806000,0 days 00:00:28.208000,,0 days 01:04:32.315000,0 days 01:05:00.506000,159.0,113.0,284.0,307.0,False,SOFT,1.0,True,Mercedes,0 days 00:55:26.785000,2025-05-03 20:56:46.812,1,,,,False,False,Q
0 days 01:06:27.570000,RUS,63,0 days 00:01:27.173000,16.0,6.0,,,0 days 00:00:28.533000,0 days 00:00:33.243000,0 days 00:00:25.397000,0 days 01:05:28.930000,0 days 01:06:02.173000,0 days 01:06:27.570000,221.0,192.0,283.0,338.0,True,SOFT,2.0,True,Mercedes,0 days 01:05:00.397000,2025-05-03 21:06:20.424,1,,,,False,True,Q
0 days 01:08:21.573000,RUS,63,0 days 00:01:54.003000,17.0,6.0,,0 days 01:08:15.690000,0 days 00:00:38.591000,0 days 00:00:40.772000,0 days 00:00:34.640000,0 days 01:07:06.161000,0 days 01:07:46.933000,0 days 01:08:21.573000,180.0,150.0,,265.0,False,SOFT,3.0,True,Mercedes,0 days 01:06:27.570000,2025-05-03 21:07:47.597,1,,,,False,False,Q
0 days 01:13:12.400000,RUS,63,,18.0,7.0,0 days 01:11:14.365000,,,0 days 00:00:42.739000,0 days 00:00:27.445000,,0 days 01:12:45.005000,0 days 01:13:12.571000,166.0,138.0,286.0,309.0,False,SOFT,1.0,True,Mercedes,0 days 01:08:21.573000,2025-05-03 21:09:41.600,1,,,,False,False,Q
0 days 01:14:38.785000,RUS,63,0 days 00:01:26.385000,19.0,7.0,,,0 days 00:00:28.622000,0 days 00:00:33.007000,0 days 00:00:24.756000,0 days 01:13:41.022000,0 days 01:14:14.029000,0 days 01:14:38.785000,225.0,193.0,286.0,337.0,True,SOFT,2.0,True,Mercedes,0 days 01:13:12.400000,2025-05-03 21:14:32.427,1,,,,False,True,Q
0 days 01:16:38.645000,RUS,63,,20.0,7.0,,0 days 01:16:38.645000,0 days 00:00:41.911000,0 days 00:00:43.279000,,0 days 01:15:20.761000,0 days 01:16:03.960000,,157.0,137.0,,219.0,False,SOFT,3.0,True,Mercedes,0 days 01:14:38.785000,2025-05-03 21:15:58.812,1,,,,False,False,Q
0 days 00:16:23.489000,SAI,55,,1.0,1.0,0 days 00:14:18.645000,,,0 days 00:00:50.230000,0 days 00:00:29.948000,,0 days 00:15:53.702000,0 days 00:16:23.546000,203.0,87.0,285.0,297.0,False,SOFT,4.0,False,Williams,0 days 00:14:18.645000,2025-05-03 20:15:38.672,1,,,,False,False,Q
0 days 00:17:51.565000,SAI,55,0 days 00:01:28.076000,2.0,1.0,,,0 days 00:00:29.255000,0 days 00:00:33.761000,0 days 00:00:25.060000,0 days 00:16:52.744000,0 days 00:17:26.505000,0 days 00:17:51.565000,221.0,189.0,286.0,339.0,True,SOFT,5.0,False,Williams,0 days 00:16:23.489000,2025-05-03 20:17:43.516,1,,,,False,True,Q
0 days 00:19:44.938000,SAI,55,0 days 00:01:53.373000,3.0,1.0,,0 days 00:19:37.145000,0 days 00:00:36.203000,0 days 00:00:37.835000,0 days 00:00:39.335000,0 days 00:18:27.768000,0 days 00:19:05.603000,0 days 00:19:44.938000,196.0,151.0,,302.0,False,SOFT,6.0,False,Williams,0 days 00:17:51.565000,2025-05-03 20:19:11.592,1,,,,False,False,Q
0 days 00:22:22.325000,SAI,55,,4.0,2.0,0 days 00:20:23.914000,,0 days 00:01:26.458000,0 days 00:00:41.843000,0 days 00:00:29.093000,0 days 00:21:11.461000,0 days 00:21:53.260000,0 days 00:22:22.495000,160.0,97.0,289.0,302.0,False,SOFT,1.0,True,Williams,0 days 00:19:44.938000,2025-05-03 20:21:04.965,1,,,,False,False,Q
0 days 00:23:49.423000,SAI,55,0 days 00:01:27.098000,5.0,2.0,,,0 days 00:00:28.887000,0 days 00:00:33.383000,0 days 00:00:24.828000,0 days 00:22:51.212000,0 days 00:23:24.595000,0 days 00:23:49.423000,224.0,193.0,288.0,341.0,True,SOFT,2.0,True,Williams,0 days 00:22:22.325000,2025-05-03 20:23:42.352,1,,,,False,True,Q
0 days 00:25:45.695000,SAI,55,0 days 00:01:56.272000,6.0,2.0,,0 days 00:25:39.773000,0 days 00:00:40.610000,0 days 00:00:38.839000,0 days 00:00:36.823000,0 days 00:24:30.033000,0 days 00:25:08.872000,0 days 00:25:45.695000,182.0,155.0,,190.0,False,SOFT,3.0,True,Williams,0 days 00:23:49.423000,2025-05-03 20:25:09.450,1,,,,False,False,Q
0 days 00:31:12.559000,SAI,55,,7.0,3.0,0 days 00:29:07.062000,,,0 days 00:00:43.468000,0 days 00:00:29.735000,,0 days 00:30:42.913000,0 days 00:31:12.739000,190.0,152.0,289.0,211.0,False,SOFT,1.0,True,Williams,0 days 00:25:45.695000,2025-05-03 20:27:05.722,1,,,,False,False,Q
0 days 00:33:11.473000,SAI,55,0 days 00:01:58.914000,8.0,3.0,,0 days 00:33:05.525000,0 days 00:00:28.938000,0 days 00:00:53.428000,0 days 00:00:36.548000,0 days 00:31:41.497000,0 days 00:32:34.925000,0 days 00:33:11.473000,223.0,143.0,,235.0,False,SOFT,2.0,True,Williams,0 days 00:31:12.559000,2025-05-03 20:32:32.586,1,,,,False,False,Q
0 days 00:41:14.160000,SAI,55,,9.0,4.0,0 days 00:39:16.331000,,,0 days 00:00:40.549000,0 days 00:00:30.618000,,0 days 00:40:43.569000,0 days 00:41:14.173000,182.0,150.0,287.0,213.0,False,SOFT,1.0,True,Williams,0 days 00:33:11.473000,2025-05-03 20:34:31.500,1,,,,False,False,Q
0 days 00:42:41.066000,SAI,55,0 days 00:01:26.906000,10.0,4.0,,,0 days 00:00:28.805000,0 days 00:00:33.210000,0 days 00:00:24.891000,0 days 00:41:42.965000,0 days 00:42:16.175000,0 days 00:42:41.066000,222.0,193.0,287.0,338.0,True,SOFT,2.0,True,Williams,0 days 00:41:14.160000,2025-05-03 20:42:34.187,1,,,,False,True,Q
0 days 00:44:44.239000,SAI,55,0 days 00:02:03.173000,11.0,4.0,,0 days 00:44:38.326000,0 days 00:00:44.369000,0 days 00:00:41.741000,0 days 00:00:37.063000,0 days 00:43:25.435000,0 days 00:44:07.176000,0 days 00:44:44.239000,185.0,138.0,,236.0,False,SOFT,3.0,True,Williams,0 days 00:42:41.066000,2025-05-03 20:44:01.093,1,,,,False,False,Q
0 days 00:51:47.804000,SAI,55,,12.0,5.0,0 days 00:49:48.762000,,,0 days 00:00:41.112000,0 days 00:00:29.006000,,0 days 00:51:18.860000,0 days 00:51:48.100000,184.0,133.0,287.0,285.0,False,SOFT,1.0,True,Williams,0 days 00:44:44.239000,2025-05-03 20:46:04.266,1,,,,False,False,Q
0 days 00:53:14.651000,SAI,55,0 days 00:01:26.847000,13.0,5.0,,,0 days 00:00:28.803000,0 days 00:00:33.277000,0 days 00:00:24.767000,0 days 00:52:16.607000,0 days 00:52:49.884000,0 days 00:53:14.651000,223.0,192.0,286.0,338.0,True,SOFT,2.0,True,Williams,0 days 00:51:47.804000,2025-05-03 20:53:07.831,1,,,,False,True,Q
0 days 00:55:14.789000,SAI,55,0 days 00:02:00.138000,14.0,5.0,,0 days 00:55:08.955000,0 days 00:00:40.867000,0 days 00:00:42.371000,0 days 00:00:36.900000,0 days 00:53:55.518000,0 days 00:54:37.889000,0 days 00:55:14.789000,176.0,145.0,,236.0,False,SOFT,3.0,True,Williams,0 days 00:53:14.651000,2025-05-03 20:54:34.678,1,,,,False,False,Q
0 days 01:04:34.832000,SAI,55,,15.0,6.0,0 days 01:02:41.334000,,,0 days 00:00:46.475000,0 days 00:00:28.116000,,0 days 01:04:06.939000,0 days 01:04:34.967000,132.0,111.0,285.0,310.0,False,SOFT,3.0,False,Williams,0 days 00:55:14.789000,2025-05-03 20:56:34.816,1,,,,False,False,Q
0 days 01:06:02.060000,SAI,55,0 days 00:01:27.228000,16.0,6.0,,,0 days 00:00:28.846000,0 days 00:00:33.418000,0 days 00:00:24.964000,0 days 01:05:03.678000,0 days 01:05:37.096000,0 days 01:06:02.060000,223.0,193.0,285.0,337.0,True,SOFT,4.0,False,Williams,0 days 01:04:34.832000,2025-05-03 21:05:54.859,1,,,,False,True,Q
0 days 01:07:56.495000,SAI,55,0 days 00:01:54.435000,17.0,6.0,,0 days 01:07:50.993000,0 days 00:00:39.060000,0 days 00:00:40.675000,0 days 00:00:34.700000,0 days 01:06:41.120000,0 days 01:07:21.795000,0 days 01:07:56.495000,178.0,150.0,,248.0,False,SOFT,5.0,False,Williams,0 days 01:06:02.060000,2025-05-03 21:07:22.087,1,,,,False,False,Q
0 days 01:12:44.361000,SAI,55,,18.0,7.0,0 days 01:10:42.289000,,,0 days 00:00:43.505000,0 days 00:00:27.760000,,0 days 01:12:16.601000,0 days 01:12:44.610000,143.0,153.0,288.0,285.0,False,SOFT,1.0,True,Williams,0 days 01:07:56.495000,2025-05-03 21:09:16.522,1,,,,False,False,Q
0 days 01:14:10.930000,SAI,55,0 days 00:01:26.569000,19.0,7.0,,,0 days 00:00:28.707000,0 days 00:00:33.113000,0 days 00:00:24.749000,0 days 01:13:13.068000,0 days 01:13:46.181000,0 days 01:14:10.930000,223.0,192.0,286.0,337.0,True,SOFT,2.0,True,Williams,0 days 01:12:44.361000,2025-05-03 21:14:04.388,1,,,,False,True,Q
0 days 01:16:09.976000,SAI,55,,20.0,7.0,,0 days 01:16:09.976000,0 days 00:00:40.107000,0 days 00:00:42.470000,,0 days 01:14:51.160000,0 days 01:15:33.507000,,183.0,132.0,,168.0,False,SOFT,3.0,True,Williams,0 days 01:14:10.930000,2025-05-03 21:15:30.957,1,,,,False,False,Q
0 days 00:16:29.940000,ALB,23,,1.0,1.0,0 days 00:14:26.748000,,,0 days 00:00:47.896000,0 days 00:00:29.285000,,0 days 00:16:00.718000,0 days 00:16:29.964000,177.0,94.0,286.0,279.0,False,SOFT,4.0,False,Williams,0 days 00:14:26.748000,2025-05-03 20:15:46.775,1,,,,False,False,Q
0 days 00:17:57.778000,ALB,23,0 days 00:01:27.838000,2.0,1.0,,,0 days 00:00:29.215000,0 days 00:00:33.617000,0 days 00:00:25.006000,0 days 00:16:59.155000,0 days 00:17:32.772000,0 days 00:17:57.778000,221.0,189.0,284.0,338.0,True,SOFT,5.0,False,Williams,0 days 00:16:29.940000,2025-05-03 20:17:49.967,1,,,,False,True,Q
0 days 00:19:54.869000,ALB,23,0 days 00:01:57.091000,3.0,1.0,,0 days 00:19:48.988000,0 days 00:00:42.407000,0 days 00:00:38.861000,0 days 00:00:35.823000,0 days 00:18:40.185000,0 days 00:19:19.046000,0 days 00:19:54.869000,189.0,141.0,,309.0,False,SOFT,6.0,False,Williams,0 days 00:17:57.778000,2025-05-03 20:19:17.805,1,,,,False,False,Q
0 days 00:22:36.727000,ALB,23,,4.0,2.0,0 days 00:20:29.132000,,0 days 00:01:28.118000,0 days 00:00:42.608000,0 days 00:00:31.093000,0 days 00:21:23.026000,0 days 00:22:05.695000,0 days 00:22:36.927000,185.0,63.0,287.0,299.0,False,SOFT,1.0,True,Williams,0 days 00:19:54.869000,2025-05-03 20:21:14.896,1,,,,False,False,Q
0 days 00:24:04.085000,ALB,23,0 days 00:01:27.358000,5.0,2.0,,,0 days 00:00:28.723000,0 days 00:00:33.599000,0 days 00:00:25.036000,0 days 00:23:05.450000,0 days 00:23:39.049000,0 days 00:24:04.085000,223.0,190.0,288.0,339.0,True,SOFT,2.0,True,Williams,0 days 00:22:36.727000,2025-05-03 20:23:56.754,1,,,,False,True,Q
0 days 00:26:09.306000,ALB,23,0 days 00:02:05.221000,6.0,2.0,,0 days 00:26:03.462000,0 days 00:00:42.456000,0 days 00:00:47.668000,0 days 00:00:35.097000,0 days 00:24:46.541000,0 days 00:25:34.209000,0 days 00:26:09.306000,165.0,146.0,,300.0,False,SOFT,3.0,True,Williams,0 days 00:24:04.085000,2025-05-03 20:25:24.112,1,,,,False,False,Q
0 days 00:30:26.742000,ALB,23,,7.0,3.0,0 days 00:28:19.385000,,,0 days 00:00:45.710000,0 days 00:00:26.711000,,0 days 00:30:00.166000,0 days 00:30:26.943000,177.0,167.0,289.0,315.0,False,SOFT,4.0,False,Williams,0 days 00:26:09.306000,2025-05-03 20:27:29.333,1,,,,False,False,Q
0 days 00:31:53.784000,ALB,23,0 days 00:01:27.042000,8.0,3.0,,,0 days 00:00:28.990000,0 days 00:00:33.240000,0 days 00:00:24.812000,0 days 00:30:55.732000,0 days 00:31:28.972000,0 days 00:31:53.784000,223.0,192.0,286.0,337.0,True,SOFT,5.0,False,Williams,0 days 00:30:26.742000,2025-05-03 20:31:46.769,1,,,,False,True,Q
0 days 00:33:47.712000,ALB,23,0 days 00:01:53.928000,9.0,3.0,,0 days 00:33:41.587000,0 days 00:00:38.346000,0 days 00:00:41.635000,0 days 00:00:33.947000,0 days 00:32:32.130000,0 days 00:33:13.765000,0 days 00:33:47.712000,177.0,160.0,,293.0,False,SOFT,6.0,False,Williams,0 days 00:31:53.784000,2025-05-03 20:33:13.811,1,,,,False,False,Q
0 days 00:41:56.811000,ALB,23,,10.0,4.0,0 days 00:39:52.191000,,,0 days 00:00:42.367000,0 days 00:00:29.948000,,0 days 00:41:26.949000,0 days 00:41:56.819000,183.0,97.0,288.0,318.0,False,SOFT,1.0,True,Williams,0 days 00:33:47.712000,2025-05-03 20:35:07.739,1,,,,False,False,Q
0 days 00:43:23.666000,ALB,23,0 days 00:01:26.855000,11.0,4.0,,,0 days 00:00:28.779000,0 days 00:00:33.225000,0 days 00:00:24.851000,0 days 00:42:25.590000,0 days 00:42:58.815000,0 days 00:43:23.666000,224.0,192.0,284.0,334.0,True,SOFT,2.0,True,Williams,0 days 00:41:56.811000,2025-05-03 20:43:16.838,1,,,,False,True,Q
0 days 00:45:49.347000,ALB,23,0 days 00:02:25.681000,12.0,4.0,,0 days 00:45:10.121000,0 days 00:00:38.911000,0 days 00:00:39.974000,0 days 00:01:06.796000,0 days 00:44:02.577000,0 days 00:44:42.551000,0 days 00:45:49.347000,175.0,155.0,,288.0,False,SOFT,3.0,True,Williams,0 days 00:43:23.666000,2025-05-03 20:44:43.693,1,,,,False,False,Q
0 days 00:52:29.488000,ALB,23,,13.0,5.0,0 days 00:50:29.382000,,,0 days 00:00:45.974000,0 days 00:00:32.835000,,0 days 00:51:56.772000,0 days 00:52:29.634000,199.0,87.0,286.0,269.0,False,SOFT,1.0,True,Williams,0 days 00:45:49.347000,2025-05-03 20:47:09.374,1,,,,False,False,Q
0 days 00:54:20.365000,ALB,23,0 days 00:01:50.877000,14.0,5.0,,0 days 00:54:13.864000,0 days 00:00:28.795000,0 days 00:00:42.560000,0 days 00:00:39.522000,0 days 00:52:58.283000,0 days 00:53:40.843000,0 days 00:54:20.365000,223.0,131.0,,247.0,False,SOFT,2.0,True,Williams,0 days 00:52:29.488000,2025-05-03 20:53:49.515,1,,,,False,False,Q
0 days 01:04:43.787000,ALB,23,,15.0,6.0,0 days 01:02:45.331000,,,0 days 00:00:47.504000,0 days 00:00:27.338000,,0 days 01:04:16.589000,0 days 01:04:43.828000,176.0,118.0,285.0,311.0,False,SOFT,3.0,False,Williams,0 days 00:54:20.365000,2025-05-03 20:55:40.392,1,,,,False,False,Q
0 days 01:06:10.950000,ALB,23,0 days 00:01:27.163000,16.0,6.0,,,0 days 00:00:28.764000,0 days 00:00:33.420000,0 days 00:00:24.979000,0 days 01:05:12.551000,0 days 01:05:45.971000,0 days 01:06:10.950000,222.0,192.0,283.0,336.0,True,SOFT,4.0,False,Williams,0 days 01:04:43.787000,2025-05-03 21:06:03.814,1,,,,False,True,Q
0 days 01:07:59.320000,ALB,23,0 days 00:01:48.370000,17.0,6.0,,0 days 01:07:53.808000,0 days 00:00:35.019000,0 days 00:00:39.183000,0 days 00:00:34.168000,0 days 01:06:45.969000,0 days 01:07:25.152000,0 days 01:07:59.320000,192.0,159.0,,310.0,False,SOFT,5.0,False,Williams,0 days 01:06:10.950000,2025-05-03 21:07:30.977,1,,,,False,False,Q
0 days 01:12:53.417000,ALB,23,,18.0,7.0,0 days 01:10:44.118000,,,0 days 00:00:41.228000,0 days 00:00:26.556000,,0 days 01:12:26.874000,0 days 01:12:53.571000,199.0,162.0,289.0,317.0,False,SOFT,1.0,True,Williams,0 days 01:07:59.320000,2025-05-03 21:09:19.347,1,,,,False,False,Q
0 days 01:14:20.099000,ALB,23,0 days 00:01:26.682000,19.0,7.0,,,0 days 00:00:28.633000,0 days 00:00:33.261000,0 days 00:00:24.788000,0 days 01:13:22.050000,0 days 01:13:55.311000,0 days 01:14:20.099000,222.0,193.0,287.0,337.0,True,SOFT,2.0,True,Williams,0 days 01:12:53.417000,2025-05-03 21:14:13.444,1,,,,False,True,Q
0 days 01:16:14.226000,ALB,23,,20.0,7.0,,0 days 01:16:14.226000,0 days 00:00:41.717000,0 days 00:00:40.597000,,0 days 01:15:01.819000,0 days 01:15:42.507000,,162.0,157.0,,247.0,False,SOFT,3.0,True,Williams,0 days 01:14:20.099000,2025-05-03 21:15:40.126,1,,,,False,False,Q
0 days 00:17:53.659000,LEC,16,,1.0,1.0,0 days 00:15:57.249000,,,0 days 00:00:42.191000,0 days 00:00:30.457000,,0 days 00:17:23.350000,0 days 00:17:53.768000,199.0,170.0,285.0,233.0,False,SOFT,4.0,False,Ferrari,0 days 00:15:57.249000,2025-05-03 20:17:17.276,1,,,,False,False,Q
0 days 00:19:22.162000,LEC,16,0 days 00:01:28.503000,2.0,1.0,,,0 days 00:00:29.233000,0 days 00:00:34.183000,0 days 00:00:25.087000,0 days 00:18:22.892000,0 days 00:18:57.075000,0 days 00:19:22.162000,220.0,190.0,284.0,336.0,True,SOFT,5.0,False,Ferrari,0 days 00:17:53.659000,2025-05-03 20:19:13.686,1,,,,False,True,Q
0 days 00:21:06.135000,LEC,16,0 days 00:01:43.973000,3.0,1.0,,0 days 00:21:00.445000,0 days 00:00:33.707000,0 days 00:00:37.706000,0 days 00:00:32.560000,0 days 00:19:55.869000,0 days 00:20:33.575000,0 days 00:21:06.135000,199.0,175.0,,296.0,False,SOFT,6.0,False,Ferrari,0 days 00:19:22.162000,2025-05-03 20:20:42.189,1,,,,False,False,Q
0 days 00:23:55.200000,LEC,16,,4.0,2.0,0 days 00:21:44.866000,,0 days 00:01:31.781000,0 days 00:00:43.448000,0 days 00:00:33.787000,0 days 00:22:38.068000,0 days 00:23:21.496000,0 days 00:23:55.358000,195.0,168.0,287.0,91.0,False,SOFT,1.0,True,Ferrari,0 days 00:21:06.135000,2025-05-03 20:22:26.162,1,,,,False,False,Q
0 days 00:25:22.684000,LEC,16,0 days 00:01:27.484000,5.0,2.0,,,0 days 00:00:28.918000,0 days 00:00:33.677000,0 days 00:00:24.889000,0 days 00:24:24.118000,0 days 00:24:57.795000,0 days 00:25:22.684000,223.0,192.0,287.0,337.0,True,SOFT,2.0,True,Ferrari,0 days 00:23:55.200000,2025-05-03 20:25:15.227,1,,,,False,True,Q
0 days 00:27:22.263000,LEC,16,0 days 00:01:59.579000,6.0,2.0,,,0 days 00:00:41.573000,0 days 00:00:42.547000,0 days 00:00:35.459000,0 days 00:26:04.257000,0 days 00:26:46.804000,0 days 00:27:22.263000,174.0,153.0,108.0,185.0,False,SOFT,3.0,True,Ferrari,0 days 00:25:22.684000,2025-05-03 20:26:42.711,1,,,,False,True,Q
0 days 00:29:25.451000,LEC,16,0 days 00:02:03.188000,7.0,2.0,,,0 days 00:00:51.915000,0 days 00:00:43.159000,0 days 00:00:28.114000,0 days 00:28:14.178000,0 days 00:28:57.337000,0 days 00:29:25.451000,184.0,161.0,286.0,242.0,False,SOFT,4.0,True,Ferrari,0 days 00:27:22.263000,2025-05-03 20:28:42.290,1,,,,False,True,Q
0 days 00:30:52.868000,LEC,16,0 days 00:01:27.417000,8.0,2.0,,,0 days 00:00:28.861000,0 days 00:00:33.559000,0 days 00:00:24.997000,0 days 00:29:54.312000,0 days 00:30:27.871000,0 days 00:30:52.868000,221.0,192.0,286.0,336.0,True,SOFT,5.0,True,Ferrari,0 days 00:29:25.451000,2025-05-03 20:30:45.478,1,,,,False,True,Q
0 days 00:32:46.392000,LEC,16,0 days 00:01:53.524000,9.0,2.0,,0 days 00:32:40.347000,0 days 00:00:40.345000,0 days 00:00:38.723000,0 days 00:00:34.456000,0 days 00:31:33.213000,0 days 00:32:11.936000,0 days 00:32:46.392000,110.0,170.0,,256.0,False,SOFT,6.0,True,Ferrari,0 days 00:30:52.868000,2025-05-03 20:32:12.895,1,,,,False,False,Q
0 days 00:40:52.834000,LEC,16,,10.0,3.0,0 days 00:38:59.034000,,,0 days 00:00:39.296000,0 days 00:00:31.273000,,0 days 00:40:21.657000,0 days 00:40:52.845000,194.0,158.0,285.0,121.0,False,SOFT,1.0,True,Ferrari,0 days 00:32:46.392000,2025-05-03 20:34:06.419,1,,,,False,False,Q
0 days 00:42:19.782000,LEC,16,0 days 00:01:26.948000,11.0,3.0,,,0 days 00:00:28.919000,0 days 00:00:33.303000,0 days 00:00:24.726000,0 days 00:41:21.753000,0 days 00:41:55.056000,0 days 00:42:19.782000,224.0,192.0,287.0,343.0,True,SOFT,2.0,True,Ferrari,0 days 00:40:52.834000,2025-05-03 20:42:12.861,1,,,,False,True,Q
0 days 00:44:19.426000,LEC,16,0 days 00:01:59.644000,12.0,3.0,,0 days 00:44:13.860000,0 days 00:00:37.509000,0 days 00:00:42.066000,0 days 00:00:40.069000,0 days 00:42:57.291000,0 days 00:43:39.357000,0 days 00:44:19.426000,145.0,163.0,,150.0,False,SOFT,3.0,True,Ferrari,0 days 00:42:19.782000,2025-05-03 20:43:39.809,1,,,,False,False,Q
0 days 00:51:40.265000,LEC,16,,13.0,4.0,0 days 00:49:44.446000,,,0 days 00:00:41.278000,0 days 00:00:29.618000,,0 days 00:51:10.706000,0 days 00:51:40.444000,187.0,147.0,285.0,244.0,False,SOFT,1.0,True,Ferrari,0 days 00:44:19.426000,2025-05-03 20:45:39.453,1,,,,False,False,Q
0 days 00:53:07.361000,LEC,16,0 days 00:01:27.096000,14.0,4.0,,,0 days 00:00:28.874000,0 days 00:00:33.416000,0 days 00:00:24.806000,0 days 00:52:09.139000,0 days 00:52:42.555000,0 days 00:53:07.361000,217.0,193.0,285.0,339.0,False,SOFT,2.0,True,Ferrari,0 days 00:51:40.265000,2025-05-03 20:53:00.292,1,,,,False,True,Q
0 days 00:55:07.134000,LEC,16,0 days 00:01:59.773000,15.0,4.0,,0 days 00:54:59.751000,0 days 00:00:38.010000,0 days 00:00:41.992000,0 days 00:00:39.771000,0 days 00:53:45.371000,0 days 00:54:27.363000,0 days 00:55:07.134000,178.0,160.0,,197.0,False,SOFT,3.0,True,Ferrari,0 days 00:53:07.361000,2025-05-03 20:54:27.388,1,,,,False,False,Q
0 days 01:03:50.971000,LEC,16,,16.0,5.0,0 days 01:01:54.967000,,,0 days 00:00:41.940000,0 days 00:00:32.763000,,0 days 01:03:18.662000,0 days 01:03:51.017000,177.0,147.0,284.0,164.0,False,SOFT,1.0,True,Ferrari,0 days 00:55:07.134000,2025-05-03 20:56:27.161,1,,,,False,False,Q
0 days 01:05:25.802000,LEC,16,0 days 00:01:34.831000,17.0,5.0,,0 days 01:05:20.300000,0 days 00:00:28.738000,0 days 00:00:33.541000,0 days 00:00:32.552000,0 days 01:04:19.709000,0 days 01:04:53.250000,0 days 01:05:25.802000,223.0,194.0,,338.0,False,SOFT,2.0,True,Ferrari,0 days 01:03:50.971000,2025-05-03 21:05:10.998,1,,,,False,False,Q
0 days 01:12:02.593000,LEC,16,,18.0,6.0,0 days 01:10:00.431000,,,0 days 00:00:40.967000,0 days 00:00:31.842000,,0 days 01:11:30.759000,0 days 01:12:02.726000,202.0,151.0,286.0,138.0,False,SOFT,4.0,False,Ferrari,0 days 01:05:25.802000,2025-05-03 21:06:45.829,1,,,,False,False,Q
0 days 01:13:29.347000,LEC,16,0 days 00:01:26.754000,19.0,6.0,,,0 days 00:00:28.668000,0 days 00:00:33.283000,0 days 00:00:24.803000,0 days 01:12:31.261000,0 days 01:13:04.544000,0 days 01:13:29.347000,222.0,193.0,287.0,338.0,True,SOFT,5.0,False,Ferrari,0 days 01:12:02.593000,2025-05-03 21:13:22.620,1,,,,False,True,Q
0 days 01:15:24.312000,LEC,16,,20.0,6.0,,0 days 01:15:24.312000,0 days 00:00:37.256000,0 days 00:00:44.016000,,0 days 01:14:06.722000,0 days 01:14:50.582000,,184.0,170.0,,209.0,False,SOFT,6.0,False,Ferrari,0 days 01:13:29.347000,2025-05-03 21:14:49.374,1,,,,False,False,Q
0 days 00:16:58.133000,OCO,31,,1.0,1.0,0 days 00:15:04.466000,,,0 days 00:00:41.527000,0 days 00:00:35.184000,,0 days 00:16:22.974000,0 days 00:16:58.236000,188.0,141.0,285.0,112.0,False,SOFT,3.0,False,Haas F1 Team,0 days 00:15:04.466000,2025-05-03 20:16:24.493,1,,,,False,False,Q
0 days 00:18:26.663000,OCO,31,0 days 00:01:28.530000,2.0,1.0,,,0 days 00:00:29.560000,0 days 00:00:33.916000,0 days 00:00:25.054000,0 days 00:17:27.693000,0 days 00:18:01.609000,0 days 00:18:26.663000,218.0,192.0,285.0,337.0,True,SOFT,4.0,False,Haas F1 Team,0 days 00:16:58.133000,2025-05-03 20:18:18.160,1,,,,False,True,Q
0 days 00:20:12.041000,OCO,31,0 days 00:01:45.378000,3.0,1.0,,0 days 00:20:06.570000,0 days 00:00:34.512000,0 days 00:00:37.454000,0 days 00:00:33.412000,0 days 00:19:01.175000,0 days 00:19:38.629000,0 days 00:20:12.041000,198.0,173.0,,307.0,False,SOFT,5.0,False,Haas F1 Team,0 days 00:18:26.663000,2025-05-03 20:19:46.690,1,,,,False,False,Q
0 days 00:23:35.480000,OCO,31,,4.0,2.0,0 days 00:21:31.780000,,,0 days 00:00:43.357000,0 days 00:00:31.977000,,0 days 00:23:03.548000,0 days 00:23:35.663000,192.0,154.0,287.0,134.0,False,SOFT,1.0,True,Haas F1 Team,0 days 00:20:12.041000,2025-05-03 20:21:32.068,1,,,,False,False,Q
0 days 00:25:03.244000,OCO,31,0 days 00:01:27.764000,5.0,2.0,,,0 days 00:00:29.089000,0 days 00:00:33.718000,0 days 00:00:24.957000,0 days 00:24:04.569000,0 days 00:24:38.287000,0 days 00:25:03.244000,224.0,193.0,287.0,338.0,True,SOFT,2.0,True,Haas F1 Team,0 days 00:23:35.480000,2025-05-03 20:24:55.507,1,,,,False,True,Q
0 days 00:26:44.551000,OCO,31,0 days 00:01:41.307000,6.0,2.0,,0 days 00:26:39.026000,0 days 00:00:32.029000,0 days 00:00:35.921000,0 days 00:00:33.357000,0 days 00:25:35.273000,0 days 00:26:11.194000,0 days 00:26:44.551000,205.0,180.0,,310.0,False,SOFT,3.0,True,Haas F1 Team,0 days 00:25:03.244000,2025-05-03 20:26:23.271,1,,,,False,False,Q
0 days 00:31:05.116000,OCO,31,,7.0,3.0,0 days 00:29:03.484000,,,0 days 00:00:44.151000,0 days 00:00:33.495000,,0 days 00:30:31.621000,0 days 00:31:05.299000,189.0,155.0,287.0,178.0,False,SOFT,1.0,True,Haas F1 Team,0 days 00:26:44.551000,2025-05-03 20:28:04.578,1,,,,False,False,Q
0 days 00:32:32.566000,OCO,31,0 days 00:01:27.450000,8.0,3.0,,,0 days 00:00:28.945000,0 days 00:00:33.573000,0 days 00:00:24.932000,0 days 00:31:34.061000,0 days 00:32:07.634000,0 days 00:32:32.566000,223.0,194.0,286.0,338.0,True,SOFT,2.0,True,Haas F1 Team,0 days 00:31:05.116000,2025-05-03 20:32:25.143,1,,,,False,True,Q
0 days 00:34:30.744000,OCO,31,0 days 00:01:58.178000,9.0,3.0,,0 days 00:34:25.242000,0 days 00:00:37.106000,0 days 00:00:42.463000,0 days 00:00:38.609000,0 days 00:33:09.672000,0 days 00:33:52.135000,0 days 00:34:30.744000,196.0,153.0,,214.0,False,SOFT,3.0,True,Haas F1 Team,0 days 00:32:32.566000,2025-05-03 20:33:52.593,1,,,,False,False,Q
0 days 00:40:44.981000,OCO,31,,10.0,4.0,0 days 00:38:53.409000,,,0 days 00:00:41.553000,0 days 00:00:29.856000,,0 days 00:40:15.258000,0 days 00:40:45.177000,189.0,164.0,284.0,230.0,False,SOFT,1.0,True,Haas F1 Team,0 days 00:34:30.744000,2025-05-03 20:35:50.771,1,,,,False,False,Q
0 days 00:42:12.184000,OCO,31,0 days 00:01:27.203000,11.0,4.0,,,0 days 00:00:28.769000,0 days 00:00:33.484000,0 days 00:00:24.950000,0 days 00:41:13.750000,0 days 00:41:47.234000,0 days 00:42:12.184000,225.0,192.0,285.0,336.0,True,SOFT,2.0,True,Haas F1 Team,0 days 00:40:44.981000,2025-05-03 20:42:05.008,1,,,,False,True,Q
0 days 00:44:13.689000,OCO,31,0 days 00:02:01.505000,12.0,4.0,,0 days 00:44:08.298000,0 days 00:00:41.887000,0 days 00:00:43.323000,0 days 00:00:36.295000,0 days 00:42:54.071000,0 days 00:43:37.394000,0 days 00:44:13.689000,195.0,172.0,,235.0,False,SOFT,3.0,True,Haas F1 Team,0 days 00:42:12.184000,2025-05-03 20:43:32.211,1,,,,False,False,Q
0 days 00:50:37.690000,OCO,31,,13.0,5.0,0 days 00:48:43.642000,,,0 days 00:00:41.937000,0 days 00:00:32.383000,,0 days 00:50:05.450000,0 days 00:50:37.953000,194.0,145.0,283.0,207.0,False,SOFT,1.0,True,Haas F1 Team,0 days 00:44:13.689000,2025-05-03 20:45:33.716,1,,,,False,False,Q
0 days 00:52:04.657000,OCO,31,0 days 00:01:26.967000,14.0,5.0,,,0 days 00:00:28.973000,0 days 00:00:33.136000,0 days 00:00:24.858000,0 days 00:51:06.663000,0 days 00:51:39.799000,0 days 00:52:04.657000,224.0,193.0,285.0,337.0,True,SOFT,2.0,True,Haas F1 Team,0 days 00:50:37.690000,2025-05-03 20:51:57.717,1,,,,False,True,Q
0 days 00:54:07.694000,OCO,31,0 days 00:02:03.037000,15.0,5.0,,0 days 00:54:02.151000,0 days 00:00:37.326000,0 days 00:00:44.778000,0 days 00:00:40.933000,0 days 00:52:41.983000,0 days 00:53:26.761000,0 days 00:54:07.694000,197.0,154.0,,201.0,False,SOFT,3.0,True,Haas F1 Team,0 days 00:52:04.657000,2025-05-03 20:53:24.684,1,,,,False,False,Q
0 days 01:03:35.921000,OCO,31,,16.0,6.0,0 days 01:01:44.655000,,,0 days 00:00:42.684000,0 days 00:00:31.253000,,0 days 01:03:04.678000,0 days 01:03:36.006000,192.0,155.0,281.0,226.0,False,SOFT,4.0,False,Haas F1 Team,0 days 00:54:07.694000,2025-05-03 20:55:27.721,1,,,,False,False,Q
0 days 01:05:03.328000,OCO,31,0 days 00:01:27.407000,17.0,6.0,,,0 days 00:00:28.900000,0 days 00:00:33.439000,0 days 00:00:25.068000,0 days 01:04:04.821000,0 days 01:04:38.260000,0 days 01:05:03.328000,225.0,193.0,285.0,337.0,True,SOFT,5.0,False,Haas F1 Team,0 days 01:03:35.921000,2025-05-03 21:04:55.948,1,,,,False,True,Q
0 days 01:06:58.953000,OCO,31,0 days 00:01:55.625000,18.0,6.0,,0 days 01:06:53.594000,0 days 00:00:34.645000,0 days 00:00:41.791000,0 days 00:00:39.189000,0 days 01:05:37.973000,0 days 01:06:19.764000,0 days 01:06:58.953000,198.0,155.0,,206.0,False,SOFT,6.0,False,Haas F1 Team,0 days 01:05:03.328000,2025-05-03 21:06:23.355,1,,,,False,False,Q
0 days 01:11:56.636000,OCO,31,,19.0,7.0,0 days 01:09:54.882000,,,0 days 00:00:43.038000,0 days 00:00:30.005000,,0 days 01:11:26.746000,0 days 01:11:56.898000,191.0,142.0,284.0,239.0,False,SOFT,1.0,True,Haas F1 Team,0 days 01:06:58.953000,2025-05-03 21:08:18.980,1,,,,False,False,Q
0 days 01:13:23.460000,OCO,31,0 days 00:01:26.824000,20.0,7.0,,,0 days 00:00:28.690000,0 days 00:00:33.260000,0 days 00:00:24.874000,0 days 01:12:25.326000,0 days 01:12:58.586000,0 days 01:13:23.460000,225.0,194.0,286.0,335.0,True,SOFT,2.0,True,Haas F1 Team,0 days 01:11:56.636000,2025-05-03 21:13:16.663,1,,,,False,True,Q
0 days 01:15:21.501000,OCO,31,,21.0,7.0,,0 days 01:15:21.501000,0 days 00:00:35.409000,0 days 00:00:44.956000,,0 days 01:13:58.994000,0 days 01:14:43.801000,,191.0,144.0,,187.0,False,SOFT,3.0,True,Haas F1 Team,0 days 01:13:23.460000,2025-05-03 21:14:43.487,1,,,,False,False,Q
0 days 00:17:05.295000,TSU,22,,1.0,1.0,0 days 00:15:10.142000,,,0 days 00:00:40.344000,0 days 00:00:33.595000,,0 days 00:16:31.806000,0 days 00:17:05.382000,155.0,113.0,284.0,229.0,False,SOFT,5.0,False,Red Bull Racing,0 days 00:15:10.142000,2025-05-03 20:16:30.169,1,,,,False,False,Q
0 days 00:18:34.060000,TSU,22,0 days 00:01:28.765000,2.0,1.0,,,0 days 00:00:29.448000,0 days 00:00:34.145000,0 days 00:00:25.172000,0 days 00:17:34.743000,0 days 00:18:08.888000,0 days 00:18:34.060000,212.0,188.0,284.0,338.0,True,SOFT,6.0,False,Red Bull Racing,0 days 00:17:05.295000,2025-05-03 20:18:25.322,1,,,,False,True,Q
0 days 00:20:18.538000,TSU,22,0 days 00:01:44.478000,3.0,1.0,,0 days 00:20:13.023000,0 days 00:00:34.053000,0 days 00:00:37.890000,0 days 00:00:32.535000,0 days 00:19:08.113000,0 days 00:19:46.003000,0 days 00:20:18.538000,195.0,170.0,,308.0,False,SOFT,7.0,False,Red Bull Racing,0 days 00:18:34.060000,2025-05-03 20:19:54.087,1,,,,False,False,Q
0 days 00:23:45.823000,TSU,22,,4.0,2.0,0 days 00:21:36.769000,,,0 days 00:00:44.788000,0 days 00:00:29.700000,,0 days 00:23:16.228000,0 days 00:23:46.061000,159.0,104.0,287.0,302.0,False,SOFT,1.0,True,Red Bull Racing,0 days 00:20:18.538000,2025-05-03 20:21:38.565,1,,,,False,False,Q
0 days 00:25:13.309000,TSU,22,0 days 00:01:27.486000,5.0,2.0,,,0 days 00:00:28.716000,0 days 00:00:33.762000,0 days 00:00:25.008000,0 days 00:24:14.539000,0 days 00:24:48.301000,0 days 00:25:13.309000,223.0,190.0,285.0,339.0,True,SOFT,2.0,True,Red Bull Racing,0 days 00:23:45.823000,2025-05-03 20:25:05.850,1,,,,False,True,Q
0 days 00:27:01.061000,TSU,22,0 days 00:01:47.752000,6.0,2.0,,0 days 00:26:55.585000,0 days 00:00:35.488000,0 days 00:00:39.219000,0 days 00:00:33.045000,0 days 00:25:48.797000,0 days 00:26:28.016000,0 days 00:27:01.061000,189.0,163.0,,307.0,False,SOFT,3.0,True,Red Bull Racing,0 days 00:25:13.309000,2025-05-03 20:26:33.336,1,,,,False,False,Q
0 days 00:31:26.386000,TSU,22,,7.0,3.0,0 days 00:29:20.891000,,,0 days 00:00:41.123000,0 days 00:00:34.043000,,0 days 00:30:52.421000,0 days 00:31:26.541000,161.0,82.0,288.0,244.0,False,SOFT,1.0,True,Red Bull Racing,0 days 00:27:01.061000,2025-05-03 20:28:21.088,1,,,,False,False,Q
0 days 00:32:53.684000,TSU,22,0 days 00:01:27.298000,8.0,3.0,,,0 days 00:00:28.796000,0 days 00:00:33.451000,0 days 00:00:25.051000,0 days 00:31:55.182000,0 days 00:32:28.633000,0 days 00:32:53.684000,221.0,190.0,285.0,339.0,True,SOFT,2.0,True,Red Bull Racing,0 days 00:31:26.386000,2025-05-03 20:32:46.413,1,,,,False,True,Q
0 days 00:34:55.151000,TSU,22,0 days 00:02:01.467000,9.0,3.0,,0 days 00:34:49.442000,0 days 00:00:37.669000,0 days 00:00:46.246000,0 days 00:00:37.552000,0 days 00:33:31.353000,0 days 00:34:17.599000,0 days 00:34:55.151000,156.0,137.0,,219.0,False,SOFT,3.0,True,Red Bull Racing,0 days 00:32:53.684000,2025-05-03 20:34:13.711,1,,,,False,False,Q
0 days 00:40:37.535000,TSU,22,,10.0,4.0,0 days 00:38:48.237000,,,0 days 00:00:41.733000,0 days 00:00:28.309000,,0 days 00:40:09.239000,0 days 00:40:37.586000,167.0,132.0,285.0,274.0,False,SOFT,1.0,True,Red Bull Racing,0 days 00:34:55.151000,2025-05-03 20:36:15.178,1,,,,False,False,Q
0 days 00:42:04.684000,TSU,22,0 days 00:01:27.149000,11.0,4.0,,,0 days 00:00:28.702000,0 days 00:00:33.416000,0 days 00:00:25.031000,0 days 00:41:06.237000,0 days 00:41:39.653000,0 days 00:42:04.684000,220.0,190.0,286.0,339.0,True,SOFT,2.0,True,Red Bull Racing,0 days 00:40:37.535000,2025-05-03 20:41:57.562,1,,,,False,True,Q
0 days 00:44:39.397000,TSU,22,,12.0,4.0,,0 days 00:44:02.380000,0 days 00:00:36.497000,0 days 00:00:48.752000,0 days 00:01:09.337000,0 days 00:42:41.408000,0 days 00:43:30.060000,0 days 00:44:39.558000,140.0,128.0,,275.0,False,SOFT,3.0,True,Red Bull Racing,0 days 00:42:04.684000,2025-05-03 20:43:24.711,1,,,,False,False,Q
0 days 00:50:29.641000,TSU,22,,13.0,5.0,0 days 00:48:39.752000,,,0 days 00:00:42.527000,0 days 00:00:28.933000,,0 days 00:50:00.708000,0 days 00:50:29.882000,153.0,128.0,285.0,263.0,False,SOFT,1.0,True,Red Bull Racing,0 days 00:44:39.397000,2025-05-03 20:45:59.424,1,,,,False,False,Q
0 days 00:51:56.600000,TSU,22,0 days 00:01:26.959000,14.0,5.0,,,0 days 00:00:28.603000,0 days 00:00:33.318000,0 days 00:00:25.038000,0 days 00:50:58.244000,0 days 00:51:31.562000,0 days 00:51:56.600000,221.0,191.0,282.0,338.0,True,SOFT,2.0,True,Red Bull Racing,0 days 00:50:29.641000,2025-05-03 20:51:49.668,1,,,,False,True,Q
0 days 00:53:58.496000,TSU,22,0 days 00:02:01.896000,15.0,5.0,,0 days 00:53:53.042000,0 days 00:00:40.141000,0 days 00:00:46.031000,0 days 00:00:35.724000,0 days 00:52:36.741000,0 days 00:53:22.772000,0 days 00:53:58.496000,128.0,86.0,,265.0,False,SOFT,3.0,True,Red Bull Racing,0 days 00:51:56.600000,2025-05-03 20:53:16.627,1,,,,False,False,Q
0 days 01:03:42.979000,TSU,22,,16.0,6.0,0 days 01:01:50.972000,,,0 days 00:00:41.099000,0 days 00:00:30.504000,,0 days 01:03:12.475000,0 days 01:03:43.022000,150.0,147.0,284.0,179.0,False,SOFT,4.0,False,Red Bull Racing,0 days 00:53:58.496000,2025-05-03 20:55:18.523,1,,,,False,False,Q
0 days 01:05:10.637000,TSU,22,0 days 00:01:27.658000,17.0,6.0,,,0 days 00:00:28.699000,0 days 00:00:33.883000,0 days 00:00:25.076000,0 days 01:04:11.678000,0 days 01:04:45.561000,0 days 01:05:10.637000,221.0,190.0,281.0,339.0,True,SOFT,5.0,False,Red Bull Racing,0 days 01:03:42.979000,2025-05-03 21:05:03.006,1,,,,False,True,Q
0 days 01:07:02.586000,TSU,22,0 days 00:01:51.949000,18.0,6.0,,0 days 01:06:57.157000,0 days 00:00:35.511000,0 days 00:00:40.307000,0 days 00:00:36.131000,0 days 01:05:46.148000,0 days 01:06:26.455000,0 days 01:07:02.586000,177.0,152.0,,242.0,False,SOFT,6.0,False,Red Bull Racing,0 days 01:05:10.637000,2025-05-03 21:06:30.664,1,,,,False,False,Q
0 days 01:11:36.910000,TSU,22,,19.0,7.0,0 days 01:09:46.759000,,,0 days 00:00:42.226000,0 days 00:00:29.177000,,0 days 01:11:07.818000,0 days 01:11:37.059000,159.0,126.0,286.0,257.0,False,SOFT,1.0,True,Red Bull Racing,0 days 01:07:02.586000,2025-05-03 21:08:22.613,1,,,,False,False,Q
0 days 01:13:03.853000,TSU,22,0 days 00:01:26.943000,20.0,7.0,,,0 days 00:00:28.551000,0 days 00:00:33.410000,0 days 00:00:24.982000,0 days 01:12:05.461000,0 days 01:12:38.871000,0 days 01:13:03.853000,222.0,191.0,281.0,339.0,True,SOFT,2.0,True,Red Bull Racing,0 days 01:11:36.910000,2025-05-03 21:12:56.937,1,,,,False,True,Q
0 days 01:14:59.861000,TSU,22,,21.0,7.0,,0 days 01:14:59.861000,0 days 00:00:41.909000,0 days 00:00:41.072000,,0 days 01:13:45.911000,0 days 01:14:26.919000,,181.0,147.0,,229.0,False,SOFT,3.0,True,Red Bull Racing,0 days 01:13:03.853000,2025-05-03 21:14:23.880,1,,,,False,False,Q
0 days 00:16:40.948000,HAD,6,,1.0,1.0,0 days 00:14:32.566000,,,0 days 00:00:44.719000,0 days 00:00:34.441000,,0 days 00:16:06.562000,0 days 00:16:41.108000,186.0,75.0,285.0,108.0,False,SOFT,4.0,False,Racing Bulls,0 days 00:14:32.566000,2025-05-03 20:15:52.593,1,,,,False,False,Q
0 days 00:18:16.932000,HAD,6,0 days 00:01:35.984000,2.0,1.0,,0 days 00:18:10.334000,0 days 00:00:29.426000,0 days 00:00:33.720000,0 days 00:00:32.838000,0 days 00:17:10.374000,0 days 00:17:44.094000,0 days 00:18:16.932000,220.0,190.0,,338.0,False,SOFT,5.0,False,Racing Bulls,0 days 00:16:40.948000,2025-05-03 20:18:00.975,1,,,,False,False,Q
0 days 00:21:56.960000,HAD,6,,3.0,2.0,0 days 00:19:53.645000,,,0 days 00:00:40.406000,0 days 00:00:32.191000,,0 days 00:21:24.896000,0 days 00:21:57.195000,171.0,136.0,285.0,147.0,False,SOFT,1.0,True,Racing Bulls,0 days 00:18:16.932000,2025-05-03 20:19:36.959,1,,,,False,False,Q
0 days 00:23:24.448000,HAD,6,0 days 00:01:27.488000,4.0,2.0,,,0 days 00:00:28.948000,0 days 00:00:33.587000,0 days 00:00:24.953000,0 days 00:22:25.908000,0 days 00:22:59.495000,0 days 00:23:24.448000,220.0,190.0,286.0,337.0,True,SOFT,2.0,True,Racing Bulls,0 days 00:21:56.960000,2025-05-03 20:23:16.987,1,,,,False,True,Q
0 days 00:25:25.442000,HAD,6,0 days 00:02:00.994000,5.0,2.0,,0 days 00:25:19.012000,0 days 00:00:39.619000,0 days 00:00:42.227000,0 days 00:00:39.148000,0 days 00:24:04.067000,0 days 00:24:46.294000,0 days 00:25:25.442000,139.0,107.0,,247.0,False,SOFT,3.0,True,Racing Bulls,0 days 00:23:24.448000,2025-05-03 20:24:44.475,1,,,,False,False,Q
0 days 00:29:50.691000,HAD,6,,6.0,3.0,0 days 00:27:42.488000,,,0 days 00:00:41.381000,0 days 00:00:32.958000,,0 days 00:29:18.250000,0 days 00:29:50.840000,159.0,143.0,287.0,124.0,False,SOFT,1.0,True,Racing Bulls,0 days 00:25:25.442000,2025-05-03 20:26:45.469,1,,,,False,False,Q
0 days 00:31:17.992000,HAD,6,0 days 00:01:27.301000,7.0,3.0,,,0 days 00:00:28.759000,0 days 00:00:33.531000,0 days 00:00:25.011000,0 days 00:30:19.450000,0 days 00:30:52.981000,0 days 00:31:17.992000,222.0,191.0,287.0,337.0,True,SOFT,2.0,True,Racing Bulls,0 days 00:29:50.691000,2025-05-03 20:31:10.718,1,,,,False,True,Q
0 days 00:33:22.784000,HAD,6,0 days 00:02:04.792000,8.0,3.0,,0 days 00:33:16.181000,0 days 00:00:43.738000,0 days 00:00:41.804000,0 days 00:00:39.250000,0 days 00:32:01.730000,0 days 00:32:43.534000,0 days 00:33:22.784000,175.0,139.0,,225.0,False,SOFT,3.0,True,Racing Bulls,0 days 00:31:17.992000,2025-05-03 20:32:38.019,1,,,,False,False,Q
0 days 00:41:40.286000,HAD,6,,9.0,4.0,0 days 00:39:37.057000,,,0 days 00:00:41.521000,0 days 00:00:31.763000,,0 days 00:41:08.611000,0 days 00:41:40.286000,158.0,146.0,286.0,181.0,False,SOFT,1.0,True,Racing Bulls,0 days 00:33:22.784000,2025-05-03 20:34:42.811,1,,,,False,False,Q
0 days 00:43:40.461000,HAD,6,0 days 00:02:00.175000,10.0,4.0,,0 days 00:43:33.982000,0 days 00:00:41.936000,0 days 00:00:41.525000,0 days 00:00:36.714000,0 days 00:42:22.222000,0 days 00:43:03.747000,0 days 00:43:40.461000,187.0,153.0,,258.0,False,SOFT,2.0,True,Racing Bulls,0 days 00:41:40.286000,2025-05-03 20:43:00.313,1,,,,False,False,Q
0 days 00:51:00.361000,HAD,6,,11.0,5.0,0 days 00:48:50.611000,,,0 days 00:00:42.375000,0 days 00:00:31.452000,,0 days 00:50:28.909000,0 days 00:51:00.518000,160.0,139.0,285.0,203.0,False,SOFT,1.0,True,Racing Bulls,0 days 00:43:40.461000,2025-05-03 20:45:00.488,1,,,,False,False,Q
0 days 00:52:27.348000,HAD,6,0 days 00:01:26.987000,12.0,5.0,,,0 days 00:00:28.705000,0 days 00:00:33.422000,0 days 00:00:24.860000,0 days 00:51:29.066000,0 days 00:52:02.488000,0 days 00:52:27.348000,221.0,192.0,284.0,338.0,True,SOFT,2.0,True,Racing Bulls,0 days 00:51:00.361000,2025-05-03 20:52:20.388,1,,,,False,True,Q
0 days 00:54:26.064000,HAD,6,,13.0,5.0,,0 days 00:54:26.064000,0 days 00:00:42.034000,0 days 00:00:42.970000,,0 days 00:53:09.377000,0 days 00:53:52.386000,,169.0,142.0,,209.0,False,SOFT,3.0,True,Racing Bulls,0 days 00:52:27.348000,2025-05-03 20:53:47.375,1,,,,False,False,Q
0 days 00:17:23.382000,HAM,44,,1.0,1.0,0 days 00:15:27.845000,,,0 days 00:00:42.147000,0 days 00:00:29.314000,,0 days 00:16:54.068000,0 days 00:17:23.529000,199.0,178.0,286.0,220.0,False,SOFT,3.0,False,Ferrari,0 days 00:15:27.845000,2025-05-03 20:16:47.872,1,,,,False,False,Q
0 days 00:18:51.446000,HAM,44,0 days 00:01:28.064000,2.0,1.0,,,0 days 00:00:29.140000,0 days 00:00:33.931000,0 days 00:00:24.993000,0 days 00:17:52.522000,0 days 00:18:26.453000,0 days 00:18:51.446000,222.0,190.0,284.0,341.0,True,SOFT,4.0,False,Ferrari,0 days 00:17:23.382000,2025-05-03 20:18:43.409,1,,,,False,True,Q
0 days 00:21:22.628000,HAM,44,,3.0,1.0,,0 days 00:20:29.789000,0 days 00:00:36.435000,0 days 00:00:35.626000,0 days 00:01:19.043000,0 days 00:19:28.009000,0 days 00:20:03.585000,0 days 00:21:22.895000,202.0,177.0,,307.0,False,SOFT,5.0,False,Ferrari,0 days 00:18:51.446000,2025-05-03 20:20:11.473,1,,,,False,False,Q
0 days 00:23:59.382000,HAM,44,,4.0,2.0,0 days 00:21:54.866000,,0 days 00:01:23.247000,0 days 00:00:42.993000,0 days 00:00:30.598000,0 days 00:22:45.871000,0 days 00:23:28.863000,0 days 00:23:59.615000,176.0,157.0,289.0,126.0,False,SOFT,1.0,True,Ferrari,0 days 00:21:22.628000,2025-05-03 20:22:42.655,1,,,,False,False,Q
0 days 00:25:27.138000,HAM,44,0 days 00:01:27.756000,5.0,2.0,,,0 days 00:00:28.856000,0 days 00:00:33.642000,0 days 00:00:25.258000,0 days 00:24:28.238000,0 days 00:25:01.880000,0 days 00:25:27.138000,221.0,191.0,287.0,340.0,True,SOFT,2.0,True,Ferrari,0 days 00:23:59.382000,2025-05-03 20:25:19.409,1,,,,False,True,Q
0 days 00:27:28.911000,HAM,44,0 days 00:02:01.773000,6.0,2.0,,0 days 00:27:23.373000,0 days 00:00:44.370000,0 days 00:00:40.353000,0 days 00:00:37.050000,0 days 00:26:11.508000,0 days 00:26:51.861000,0 days 00:27:28.911000,154.0,150.0,,242.0,False,SOFT,3.0,True,Ferrari,0 days 00:25:27.138000,2025-05-03 20:26:47.165,1,,,,False,False,Q
0 days 00:31:20.480000,HAM,44,,7.0,3.0,0 days 00:29:10.547000,,,0 days 00:00:40.151000,0 days 00:00:35.977000,,0 days 00:30:44.515000,0 days 00:31:20.608000,186.0,177.0,288.0,156.0,False,SOFT,1.0,True,Ferrari,0 days 00:27:28.911000,2025-05-03 20:28:48.938,1,,,,False,False,Q
0 days 00:32:47.759000,HAM,44,0 days 00:01:27.279000,8.0,3.0,,,0 days 00:00:28.734000,0 days 00:00:33.597000,0 days 00:00:24.948000,0 days 00:31:49.214000,0 days 00:32:22.811000,0 days 00:32:47.759000,223.0,194.0,286.0,338.0,True,SOFT,2.0,True,Ferrari,0 days 00:31:20.480000,2025-05-03 20:32:40.507,1,,,,False,True,Q
0 days 00:34:52.949000,HAM,44,0 days 00:02:05.190000,9.0,3.0,,0 days 00:34:45.935000,0 days 00:00:42.096000,0 days 00:00:43.524000,0 days 00:00:39.570000,0 days 00:33:29.855000,0 days 00:34:13.379000,0 days 00:34:52.949000,163.0,172.0,,219.0,False,SOFT,3.0,True,Ferrari,0 days 00:32:47.759000,2025-05-03 20:34:07.786,1,,,,False,False,Q
0 days 00:41:21.843000,HAM,44,,10.0,4.0,0 days 00:39:27.171000,,,0 days 00:00:40.509000,0 days 00:00:28.275000,,0 days 00:40:53.604000,0 days 00:41:21.897000,184.0,162.0,285.0,259.0,False,SOFT,4.0,False,Ferrari,0 days 00:34:52.949000,2025-05-03 20:36:12.976,1,,,,False,False,Q
0 days 00:42:48.849000,HAM,44,0 days 00:01:27.006000,11.0,4.0,,,0 days 00:00:28.759000,0 days 00:00:33.302000,0 days 00:00:24.945000,0 days 00:41:50.602000,0 days 00:42:23.904000,0 days 00:42:48.849000,223.0,192.0,287.0,339.0,True,SOFT,5.0,False,Ferrari,0 days 00:41:21.843000,2025-05-03 20:42:41.870,1,,,,False,True,Q
0 days 00:44:37.786000,HAM,44,0 days 00:01:48.937000,12.0,4.0,,0 days 00:44:32.341000,0 days 00:00:36.846000,0 days 00:00:37.767000,0 days 00:00:34.324000,0 days 00:43:25.695000,0 days 00:44:03.462000,0 days 00:44:37.786000,198.0,163.0,,246.0,False,SOFT,6.0,False,Ferrari,0 days 00:42:48.849000,2025-05-03 20:44:08.876,1,,,,False,False,Q
0 days 00:51:32.717000,HAM,44,,13.0,5.0,0 days 00:49:33.840000,,,0 days 00:00:41.679000,0 days 00:00:30.933000,,0 days 00:51:01.847000,0 days 00:51:32.944000,169.0,140.0,286.0,175.0,False,SOFT,1.0,True,Ferrari,0 days 00:44:37.786000,2025-05-03 20:45:57.813,1,,,,False,False,Q
0 days 00:53:00.278000,HAM,44,0 days 00:01:27.561000,14.0,5.0,,,0 days 00:00:28.804000,0 days 00:00:33.503000,0 days 00:00:25.254000,0 days 00:52:01.521000,0 days 00:52:35.024000,0 days 00:53:00.278000,223.0,194.0,281.0,341.0,False,SOFT,2.0,True,Ferrari,0 days 00:51:32.717000,2025-05-03 20:52:52.744,1,,,,False,True,Q
0 days 00:55:05.797000,HAM,44,0 days 00:02:05.519000,15.0,5.0,,0 days 00:54:58.349000,0 days 00:00:41.433000,0 days 00:00:43.155000,0 days 00:00:40.931000,0 days 00:53:41.711000,0 days 00:54:24.866000,0 days 00:55:05.797000,142.0,144.0,,234.0,False,SOFT,3.0,True,Ferrari,0 days 00:53:00.278000,2025-05-03 20:54:20.305,1,,,,False,False,Q
0 days 00:15:27.996000,BOR,5,,1.0,1.0,0 days 00:13:43.918000,,,0 days 00:00:38.234000,0 days 00:00:28.349000,,0 days 00:14:59.683000,0 days 00:15:28.149000,197.0,173.0,285.0,308.0,False,SOFT,1.0,True,Kick Sauber,0 days 00:13:43.918000,2025-05-03 20:15:03.945,1,,,,False,False,Q
0 days 00:16:56.670000,BOR,5,0 days 00:01:28.674000,2.0,1.0,,,0 days 00:00:29.420000,0 days 00:00:34.172000,0 days 00:00:25.082000,0 days 00:15:57.416000,0 days 00:16:31.588000,0 days 00:16:56.670000,220.0,191.0,288.0,338.0,True,SOFT,2.0,True,Kick Sauber,0 days 00:15:27.996000,2025-05-03 20:16:48.023,1,,,,False,True,Q
0 days 00:18:45.775000,BOR,5,0 days 00:01:49.105000,3.0,1.0,,0 days 00:18:39.275000,0 days 00:00:34.859000,0 days 00:00:39.914000,0 days 00:00:34.332000,0 days 00:17:31.529000,0 days 00:18:11.443000,0 days 00:18:45.775000,203.0,177.0,,291.0,False,SOFT,3.0,True,Kick Sauber,0 days 00:16:56.670000,2025-05-03 20:18:16.697,1,,,,False,False,Q
0 days 00:22:49.711000,BOR,5,,4.0,2.0,0 days 00:20:45.586000,,,0 days 00:00:41.288000,0 days 00:00:33.189000,,0 days 00:22:16.561000,0 days 00:22:49.837000,188.0,137.0,287.0,148.0,False,SOFT,1.0,True,Kick Sauber,0 days 00:18:45.775000,2025-05-03 20:20:05.802,1,,,,False,False,Q
0 days 00:24:17.078000,BOR,5,0 days 00:01:27.367000,5.0,2.0,,,0 days 00:00:28.887000,0 days 00:00:33.565000,0 days 00:00:24.915000,0 days 00:23:18.598000,0 days 00:23:52.163000,0 days 00:24:17.078000,224.0,192.0,288.0,339.0,True,SOFT,2.0,True,Kick Sauber,0 days 00:22:49.711000,2025-05-03 20:24:09.738,1,,,,False,True,Q
0 days 00:26:36.524000,BOR,5,0 days 00:02:19.446000,6.0,2.0,,0 days 00:25:55.898000,0 days 00:00:35.323000,0 days 00:00:36.362000,0 days 00:01:07.761000,0 days 00:24:52.401000,0 days 00:25:28.763000,0 days 00:26:36.524000,195.0,179.0,,309.0,False,SOFT,3.0,True,Kick Sauber,0 days 00:24:17.078000,2025-05-03 20:25:37.105,1,,,,False,False,Q
0 days 00:30:45.451000,BOR,5,,7.0,3.0,0 days 00:28:36.984000,,,0 days 00:00:41.496000,0 days 00:00:33.198000,,0 days 00:30:12.432000,0 days 00:30:45.675000,201.0,142.0,286.0,174.0,False,SOFT,1.0,True,Kick Sauber,0 days 00:26:36.524000,2025-05-03 20:27:56.551,1,,,,False,False,Q
0 days 00:32:12.794000,BOR,5,0 days 00:01:27.343000,8.0,3.0,,,0 days 00:00:28.887000,0 days 00:00:33.537000,0 days 00:00:24.919000,0 days 00:31:14.338000,0 days 00:31:47.875000,0 days 00:32:12.794000,219.0,193.0,282.0,338.0,True,SOFT,2.0,True,Kick Sauber,0 days 00:30:45.451000,2025-05-03 20:32:05.478,1,,,,False,True,Q
0 days 00:33:59.627000,BOR,5,0 days 00:01:46.833000,9.0,3.0,,0 days 00:33:53.603000,0 days 00:00:36.327000,0 days 00:00:37.201000,0 days 00:00:33.305000,0 days 00:32:49.121000,0 days 00:33:26.322000,0 days 00:33:59.627000,195.0,179.0,,325.0,False,SOFT,3.0,True,Kick Sauber,0 days 00:32:12.794000,2025-05-03 20:33:32.821,1,,,,False,False,Q
0 days 00:41:06.753000,BOR,5,,10.0,4.0,0 days 00:39:04.222000,,,0 days 00:00:42.863000,0 days 00:00:31.656000,,0 days 00:40:35.269000,0 days 00:41:06.876000,192.0,138.0,284.0,190.0,False,SOFT,1.0,True,Kick Sauber,0 days 00:33:59.627000,2025-05-03 20:35:19.654,1,,,,False,False,Q
0 days 00:42:33.904000,BOR,5,0 days 00:01:27.151000,11.0,4.0,,,0 days 00:00:28.808000,0 days 00:00:33.309000,0 days 00:00:25.034000,0 days 00:41:35.561000,0 days 00:42:08.870000,0 days 00:42:33.904000,225.0,192.0,286.0,339.0,True,SOFT,2.0,True,Kick Sauber,0 days 00:41:06.753000,2025-05-03 20:42:26.780,1,,,,False,True,Q
0 days 00:44:28.593000,BOR,5,0 days 00:01:54.689000,12.0,4.0,,0 days 00:44:23.248000,0 days 00:00:35.055000,0 days 00:00:42.408000,0 days 00:00:37.226000,0 days 00:43:08.959000,0 days 00:43:51.367000,0 days 00:44:28.593000,199.0,179.0,,254.0,False,SOFT,3.0,True,Kick Sauber,0 days 00:42:33.904000,2025-05-03 20:43:53.931,1,,,,False,False,Q
0 days 00:50:45.638000,BOR,5,,13.0,5.0,0 days 00:48:46.455000,,,0 days 00:00:42.746000,0 days 00:00:30.967000,,0 days 00:50:14.820000,0 days 00:50:45.925000,201.0,141.0,284.0,222.0,False,SOFT,1.0,True,Kick Sauber,0 days 00:44:28.593000,2025-05-03 20:45:48.620,1,,,,False,False,Q
0 days 00:52:12.912000,BOR,5,0 days 00:01:27.274000,14.0,5.0,,,0 days 00:00:29.033000,0 days 00:00:33.405000,0 days 00:00:24.836000,0 days 00:51:14.671000,0 days 00:51:48.076000,0 days 00:52:12.912000,224.0,193.0,285.0,341.0,False,SOFT,2.0,True,Kick Sauber,0 days 00:50:45.638000,2025-05-03 20:52:05.665,1,,,,False,True,Q
0 days 00:54:16.236000,BOR,5,0 days 00:02:03.324000,15.0,5.0,,0 days 00:54:10.480000,0 days 00:00:39.878000,0 days 00:00:45.791000,0 days 00:00:37.655000,0 days 00:52:52.790000,0 days 00:53:38.581000,0 days 00:54:16.236000,201.0,162.0,,216.0,False,SOFT,3.0,True,Kick Sauber,0 days 00:52:12.912000,2025-05-03 20:53:32.939,1,,,,False,False,Q
0 days 00:16:01.671000,DOO,7,,1.0,1.0,0 days 00:14:09.066000,,,0 days 00:00:39.277000,0 days 00:00:29.553000,,0 days 00:15:32.272000,0 days 00:16:01.671000,163.0,153.0,284.0,275.0,False,SOFT,1.0,True,Alpine,0 days 00:14:09.066000,2025-05-03 20:15:29.093,1,,,,False,False,Q
0 days 00:17:29.915000,DOO,7,0 days 00:01:28.244000,2.0,1.0,,,0 days 00:00:29.090000,0 days 00:00:33.846000,0 days 00:00:25.308000,0 days 00:16:30.761000,0 days 00:17:04.607000,0 days 00:17:29.915000,222.0,188.0,287.0,334.0,True,SOFT,2.0,True,Alpine,0 days 00:16:01.671000,2025-05-03 20:17:21.698,1,,,,False,True,Q
0 days 00:20:04.323000,DOO,7,,3.0,1.0,,0 days 00:19:17.759000,0 days 00:00:37.962000,0 days 00:00:39.630000,0 days 00:01:16.703000,0 days 00:18:08.069000,0 days 00:18:47.620000,0 days 00:20:04.429000,173.0,166.0,,227.0,False,SOFT,3.0,True,Alpine,0 days 00:17:29.915000,2025-05-03 20:18:49.942,1,,,,False,False,Q
0 days 00:23:28.538000,DOO,7,,4.0,2.0,0 days 00:21:23.876000,,,0 days 00:00:40.103000,0 days 00:00:30.984000,,0 days 00:22:57.611000,0 days 00:23:28.770000,185.0,100.0,287.0,295.0,False,SOFT,1.0,True,Alpine,0 days 00:20:04.323000,2025-05-03 20:21:24.350,1,,,,False,False,Q
0 days 00:24:56.196000,DOO,7,0 days 00:01:27.658000,5.0,2.0,,,0 days 00:00:28.902000,0 days 00:00:33.751000,0 days 00:00:25.005000,0 days 00:23:57.440000,0 days 00:24:31.191000,0 days 00:24:56.196000,221.0,190.0,287.0,337.0,True,SOFT,2.0,True,Alpine,0 days 00:23:28.538000,2025-05-03 20:24:48.565,1,,,,False,True,Q
0 days 00:26:48.955000,DOO,7,0 days 00:01:52.759000,6.0,2.0,,0 days 00:26:43.469000,0 days 00:00:37.983000,0 days 00:00:38.597000,0 days 00:00:36.179000,0 days 00:25:34.179000,0 days 00:26:12.776000,0 days 00:26:48.955000,193.0,158.0,,263.0,False,SOFT,3.0,True,Alpine,0 days 00:24:56.196000,2025-05-03 20:26:16.223,1,,,,False,False,Q
0 days 00:30:34.778000,DOO,7,,7.0,3.0,0 days 00:28:30.715000,,,0 days 00:00:40.194000,0 days 00:00:33.409000,,0 days 00:30:01.401000,0 days 00:30:34.953000,185.0,162.0,288.0,191.0,False,SOFT,1.0,True,Alpine,0 days 00:26:48.955000,2025-05-03 20:28:08.982,1,,,,False,False,Q
0 days 00:32:02.200000,DOO,7,0 days 00:01:27.422000,8.0,3.0,,,0 days 00:00:28.744000,0 days 00:00:33.660000,0 days 00:00:25.018000,0 days 00:31:03.522000,0 days 00:31:37.182000,0 days 00:32:02.200000,222.0,191.0,287.0,336.0,True,SOFT,2.0,True,Alpine,0 days 00:30:34.778000,2025-05-03 20:31:54.805,1,,,,False,True,Q
0 days 00:33:55.715000,DOO,7,0 days 00:01:53.515000,9.0,3.0,,0 days 00:33:49.853000,0 days 00:00:36.265000,0 days 00:00:40.694000,0 days 00:00:36.556000,0 days 00:32:38.465000,0 days 00:33:19.159000,0 days 00:33:55.715000,194.0,151.0,,207.0,False,SOFT,3.0,True,Alpine,0 days 00:32:02.200000,2025-05-03 20:33:22.227,1,,,,False,False,Q
0 days 00:42:31.493000,DOO,7,,10.0,4.0,0 days 00:40:31.045000,,,0 days 00:00:39.869000,0 days 00:00:30.341000,,0 days 00:42:01.278000,0 days 00:42:31.658000,136.0,138.0,285.0,121.0,False,SOFT,1.0,True,Alpine,0 days 00:33:55.715000,2025-05-03 20:35:15.742,1,,,,False,False,Q
0 days 00:43:58.806000,DOO,7,0 days 00:01:27.313000,11.0,4.0,,,0 days 00:00:28.700000,0 days 00:00:33.527000,0 days 00:00:25.086000,0 days 00:43:00.193000,0 days 00:43:33.720000,0 days 00:43:58.806000,219.0,190.0,286.0,337.0,True,SOFT,2.0,True,Alpine,0 days 00:42:31.493000,2025-05-03 20:43:51.520,1,,,,False,True,Q
0 days 00:45:55.420000,DOO,7,0 days 00:01:56.614000,12.0,4.0,,0 days 00:45:49.735000,0 days 00:00:37.045000,0 days 00:00:41.350000,0 days 00:00:38.219000,0 days 00:44:35.851000,0 days 00:45:17.201000,0 days 00:45:55.420000,177.0,135.0,,203.0,False,SOFT,3.0,True,Alpine,0 days 00:43:58.806000,2025-05-03 20:45:18.833,1,,,,False,False,Q
0 days 00:52:10.177000,DOO,7,,13.0,5.0,0 days 00:50:05.789000,,,0 days 00:00:40.594000,0 days 00:00:27.135000,,0 days 00:51:43.162000,0 days 00:52:10.366000,184.0,152.0,285.0,313.0,False,SOFT,1.0,True,Alpine,0 days 00:45:55.420000,2025-05-03 20:47:15.447,1,,,,False,False,Q
0 days 00:53:37.363000,DOO,7,0 days 00:01:27.186000,14.0,5.0,,,0 days 00:00:28.643000,0 days 00:00:33.520000,0 days 00:00:25.023000,0 days 00:52:38.820000,0 days 00:53:12.340000,0 days 00:53:37.363000,219.0,190.0,285.0,337.0,True,SOFT,2.0,True,Alpine,0 days 00:52:10.177000,2025-05-03 20:53:30.204,1,,,,False,True,Q
0 days 00:55:43.299000,DOO,7,0 days 00:02:05.936000,15.0,5.0,,0 days 00:55:36.752000,0 days 00:00:45.326000,0 days 00:00:38.209000,0 days 00:00:42.401000,0 days 00:54:22.689000,0 days 00:55:00.898000,0 days 00:55:43.299000,188.0,167.0,,152.0,False,SOFT,3.0,True,Alpine,0 days 00:53:37.363000,2025-05-03 20:54:57.390,1,,,,False,False,Q
0 days 00:16:48.635000,LAW,30,,1.0,1.0,0 days 00:14:52.403000,,,0 days 00:00:41.778000,0 days 00:00:36.078000,,0 days 00:16:12.574000,0 days 00:16:48.818000,182.0,80.0,285.0,120.0,False,SOFT,4.0,False,Racing Bulls,0 days 00:14:52.403000,2025-05-03 20:16:12.430,1,,,,False,False,Q
0 days 00:18:56.120000,LAW,30,0 days 00:02:07.485000,2.0,1.0,,0 days 00:18:16.917000,0 days 00:00:29.234000,0 days 00:00:33.908000,0 days 00:01:04.343000,0 days 00:17:17.869000,0 days 00:17:51.777000,0 days 00:18:56.120000,218.0,192.0,,337.0,False,SOFT,5.0,False,Racing Bulls,0 days 00:16:48.635000,2025-05-03 20:18:08.662,1,,,,False,False,Q
0 days 00:22:56.503000,LAW,30,,3.0,2.0,0 days 00:20:52.914000,,,0 days 00:00:40.981000,0 days 00:00:30.134000,,0 days 00:22:26.436000,0 days 00:22:56.715000,186.0,137.0,287.0,215.0,False,SOFT,1.0,True,Racing Bulls,0 days 00:18:56.120000,2025-05-03 20:20:16.147,1,,,,False,False,Q
0 days 00:24:23.947000,LAW,30,0 days 00:01:27.444000,4.0,2.0,,,0 days 00:00:28.748000,0 days 00:00:33.647000,0 days 00:00:25.049000,0 days 00:23:25.251000,0 days 00:23:58.898000,0 days 00:24:23.947000,224.0,192.0,280.0,338.0,True,SOFT,2.0,True,Racing Bulls,0 days 00:22:56.503000,2025-05-03 20:24:16.530,1,,,,False,True,Q
0 days 00:26:15.577000,LAW,30,0 days 00:01:51.630000,5.0,2.0,,0 days 00:26:08.897000,0 days 00:00:34.593000,0 days 00:00:39.525000,0 days 00:00:37.512000,0 days 00:24:58.540000,0 days 00:25:38.065000,0 days 00:26:15.577000,197.0,160.0,,249.0,False,SOFT,3.0,True,Racing Bulls,0 days 00:24:23.947000,2025-05-03 20:25:43.974,1,,,,False,False,Q
0 days 00:30:09.087000,LAW,30,,6.0,3.0,0 days 00:28:04.451000,,,0 days 00:00:41.953000,0 days 00:00:32.515000,,0 days 00:29:36.640000,0 days 00:30:09.354000,164.0,141.0,289.0,133.0,False,SOFT,1.0,True,Racing Bulls,0 days 00:26:15.577000,2025-05-03 20:27:35.604,1,,,,False,False,Q
0 days 00:31:36.593000,LAW,30,0 days 00:01:27.506000,7.0,3.0,,,0 days 00:00:28.782000,0 days 00:00:33.577000,0 days 00:00:25.147000,0 days 00:30:37.869000,0 days 00:31:11.446000,0 days 00:31:36.593000,221.0,190.0,273.0,336.0,False,SOFT,2.0,True,Racing Bulls,0 days 00:30:09.087000,2025-05-03 20:31:29.114,1,,,,False,True,Q
0 days 00:33:33.120000,LAW,30,0 days 00:01:56.527000,8.0,3.0,,0 days 00:33:27.228000,0 days 00:00:38.652000,0 days 00:00:39.428000,0 days 00:00:38.447000,0 days 00:32:15.245000,0 days 00:32:54.673000,0 days 00:33:33.120000,205.0,171.0,,225.0,False,SOFT,3.0,True,Racing Bulls,0 days 00:31:36.593000,2025-05-03 20:32:56.620,1,,,,False,False,Q
0 days 00:41:48.358000,LAW,30,,9.0,4.0,0 days 00:39:45.021000,,,0 days 00:00:42.202000,0 days 00:00:29.903000,,0 days 00:41:18.504000,0 days 00:41:48.796000,164.0,142.0,287.0,222.0,False,SOFT,1.0,True,Racing Bulls,0 days 00:33:33.120000,2025-05-03 20:34:53.147,1,,,,False,False,Q
0 days 00:43:16.112000,LAW,30,0 days 00:01:27.754000,10.0,4.0,,,0 days 00:00:28.867000,0 days 00:00:33.594000,0 days 00:00:25.293000,0 days 00:42:17.225000,0 days 00:42:50.819000,0 days 00:43:16.112000,223.0,191.0,268.0,326.0,True,SOFT,2.0,True,Racing Bulls,0 days 00:41:48.358000,2025-05-03 20:43:08.385,1,,,,False,True,Q
0 days 00:45:04.313000,LAW,30,0 days 00:01:48.201000,11.0,4.0,,0 days 00:44:58.820000,0 days 00:00:35.311000,0 days 00:00:39.380000,0 days 00:00:33.510000,0 days 00:43:51.423000,0 days 00:44:30.803000,0 days 00:45:04.313000,188.0,169.0,,278.0,False,SOFT,3.0,True,Racing Bulls,0 days 00:43:16.112000,2025-05-03 20:44:36.139,1,,,,False,False,Q
0 days 00:52:20.612000,LAW,30,,12.0,5.0,0 days 00:50:15.539000,,,0 days 00:00:44.123000,0 days 00:00:29.586000,,0 days 00:51:51.256000,0 days 00:52:20.778000,118.0,127.0,285.0,254.0,False,SOFT,1.0,True,Racing Bulls,0 days 00:45:04.313000,2025-05-03 20:46:24.340,1,,,,False,False,Q
0 days 00:53:47.975000,LAW,30,0 days 00:01:27.363000,13.0,5.0,,,0 days 00:00:28.855000,0 days 00:00:33.557000,0 days 00:00:24.951000,0 days 00:52:49.467000,0 days 00:53:23.024000,0 days 00:53:47.975000,221.0,191.0,284.0,336.0,True,SOFT,2.0,True,Racing Bulls,0 days 00:52:20.612000,2025-05-03 20:53:40.639,1,,,,False,True,Q
0 days 00:55:52.225000,LAW,30,0 days 00:02:04.250000,14.0,5.0,,0 days 00:55:46.422000,0 days 00:00:42.292000,0 days 00:00:42.185000,0 days 00:00:39.773000,0 days 00:54:30.267000,0 days 00:55:12.452000,0 days 00:55:52.225000,196.0,168.0,,186.0,False,SOFT,3.0,True,Racing Bulls,0 days 00:53:47.975000,2025-05-03 20:55:08.002,1,,,,False,False,Q
0 days 00:15:40.797000,HUL,27,,1.0,1.0,0 days 00:13:51.965000,,,0 days 00:00:40.176000,0 days 00:00:29.899000,,0 days 00:15:10.986000,0 days 00:15:40.797000,203.0,178.0,285.0,260.0,False,SOFT,1.0,True,Kick Sauber,0 days 00:13:51.965000,2025-05-03 20:15:11.992,1,,,,False,False,Q
0 days 00:17:09.188000,HUL,27,0 days 00:01:28.391000,2.0,1.0,,,0 days 00:00:29.327000,0 days 00:00:34.024000,0 days 00:00:25.040000,0 days 00:16:10.124000,0 days 00:16:44.148000,0 days 00:17:09.188000,223.0,192.0,288.0,336.0,True,SOFT,2.0,True,Kick Sauber,0 days 00:15:40.797000,2025-05-03 20:17:00.824,1,,,,False,True,Q
0 days 00:18:54.506000,HUL,27,0 days 00:01:45.318000,3.0,1.0,,0 days 00:18:49.036000,0 days 00:00:37.091000,0 days 00:00:36.137000,0 days 00:00:32.090000,0 days 00:17:46.279000,0 days 00:18:22.416000,0 days 00:18:54.506000,204.0,180.0,,312.0,False,SOFT,3.0,True,Kick Sauber,0 days 00:17:09.188000,2025-05-03 20:18:29.215,1,,,,False,False,Q
0 days 00:23:05.305000,HUL,27,,4.0,2.0,0 days 00:21:11.445000,,,0 days 00:00:39.751000,0 days 00:00:28.136000,,0 days 00:22:37.302000,0 days 00:23:05.612000,179.0,184.0,288.0,280.0,False,SOFT,1.0,True,Kick Sauber,0 days 00:18:54.506000,2025-05-03 20:20:14.533,1,,,,False,False,Q
0 days 00:24:32.778000,HUL,27,0 days 00:01:27.473000,5.0,2.0,,,0 days 00:00:28.781000,0 days 00:00:33.747000,0 days 00:00:24.945000,0 days 00:23:34.086000,0 days 00:24:07.833000,0 days 00:24:32.778000,224.0,192.0,288.0,337.0,True,SOFT,2.0,True,Kick Sauber,0 days 00:23:05.305000,2025-05-03 20:24:25.332,1,,,,False,True,Q
0 days 00:26:21.188000,HUL,27,0 days 00:01:48.410000,6.0,2.0,,0 days 00:26:15.838000,0 days 00:00:35.404000,0 days 00:00:38.080000,0 days 00:00:34.926000,0 days 00:25:08.182000,0 days 00:25:46.262000,0 days 00:26:21.188000,183.0,128.0,,202.0,False,SOFT,3.0,True,Kick Sauber,0 days 00:24:32.778000,2025-05-03 20:25:52.805,1,,,,False,False,Q
0 days 00:30:59.485000,HUL,27,,7.0,3.0,0 days 00:28:59.390000,,,0 days 00:00:40.946000,0 days 00:00:35.627000,,0 days 00:30:23.966000,0 days 00:30:59.666000,190.0,131.0,287.0,212.0,False,SOFT,1.0,True,Kick Sauber,0 days 00:26:21.188000,2025-05-03 20:27:41.215,1,,,,False,False,Q
0 days 00:32:27.042000,HUL,27,0 days 00:01:27.557000,8.0,3.0,,,0 days 00:00:29.004000,0 days 00:00:33.484000,0 days 00:00:25.069000,0 days 00:31:28.489000,0 days 00:32:01.973000,0 days 00:32:27.042000,224.0,193.0,284.0,341.0,False,SOFT,2.0,True,Kick Sauber,0 days 00:30:59.485000,2025-05-03 20:32:19.512,1,,,,False,True,Q
0 days 00:34:18.406000,HUL,27,0 days 00:01:51.364000,9.0,3.0,,0 days 00:34:12.904000,0 days 00:00:37.071000,0 days 00:00:37.599000,0 days 00:00:36.694000,0 days 00:33:04.113000,0 days 00:33:41.712000,0 days 00:34:18.406000,200.0,179.0,,195.0,False,SOFT,3.0,True,Kick Sauber,0 days 00:32:27.042000,2025-05-03 20:33:47.069,1,,,,False,False,Q
0 days 00:16:18.273000,ALO,14,,1.0,1.0,0 days 00:14:22.857000,,,0 days 00:00:40.997000,0 days 00:00:34.946000,,0 days 00:15:43.368000,0 days 00:16:18.958000,197.0,93.0,284.0,126.0,False,SOFT,5.0,False,Aston Martin,0 days 00:14:22.857000,2025-05-03 20:15:42.884,1,,,,False,False,Q
0 days 00:17:46.331000,ALO,14,0 days 00:01:28.058000,2.0,1.0,,,0 days 00:00:29.075000,0 days 00:00:33.891000,0 days 00:00:25.092000,0 days 00:16:47.348000,0 days 00:17:21.239000,0 days 00:17:46.331000,219.0,191.0,285.0,337.0,True,SOFT,6.0,False,Aston Martin,0 days 00:16:18.273000,2025-05-03 20:17:38.300,1,,,,False,True,Q
0 days 00:19:40.574000,ALO,14,0 days 00:01:54.243000,3.0,1.0,,0 days 00:19:34.504000,0 days 00:00:32.825000,0 days 00:00:41.120000,0 days 00:00:40.298000,0 days 00:18:19.156000,0 days 00:19:00.276000,0 days 00:19:40.574000,198.0,158.0,,218.0,False,SOFT,7.0,False,Aston Martin,0 days 00:17:46.331000,2025-05-03 20:19:06.358,1,,,,False,False,Q
0 days 00:22:14.505000,ALO,14,,4.0,2.0,0 days 00:20:16.367000,,0 days 00:01:19.810000,0 days 00:00:44.765000,0 days 00:00:29.383000,0 days 00:21:00.414000,0 days 00:21:45.122000,0 days 00:22:14.689000,171.0,124.0,287.0,301.0,False,SOFT,1.0,True,Aston Martin,0 days 00:19:40.574000,2025-05-03 20:21:00.601,1,,,,False,False,Q
0 days 00:23:42.385000,ALO,14,0 days 00:01:27.880000,5.0,2.0,,,0 days 00:00:28.910000,0 days 00:00:33.956000,0 days 00:00:25.014000,0 days 00:22:43.415000,0 days 00:23:17.371000,0 days 00:23:42.385000,217.0,189.0,287.0,337.0,True,SOFT,2.0,True,Aston Martin,0 days 00:22:14.505000,2025-05-03 20:23:34.532,1,,,,False,True,Q
0 days 00:25:41.398000,ALO,14,0 days 00:01:59.013000,6.0,2.0,,0 days 00:25:35.822000,0 days 00:00:38.072000,0 days 00:00:44.898000,0 days 00:00:36.043000,0 days 00:24:20.457000,0 days 00:25:05.355000,0 days 00:25:41.398000,181.0,158.0,,212.0,False,SOFT,3.0,True,Aston Martin,0 days 00:23:42.385000,2025-05-03 20:25:02.412,1,,,,False,False,Q
0 days 00:30:15.758000,ALO,14,,7.0,3.0,0 days 00:28:13.772000,,,0 days 00:00:43.724000,0 days 00:00:27.767000,,0 days 00:29:48.348000,0 days 00:30:15.994000,146.0,169.0,288.0,295.0,False,SOFT,1.0,True,Aston Martin,0 days 00:25:41.398000,2025-05-03 20:27:01.425,1,,,,False,False,Q
0 days 00:31:43.362000,ALO,14,0 days 00:01:27.604000,8.0,3.0,,,0 days 00:00:28.851000,0 days 00:00:33.868000,0 days 00:00:24.885000,0 days 00:30:44.609000,0 days 00:31:18.477000,0 days 00:31:43.362000,219.0,192.0,286.0,337.0,True,SOFT,2.0,True,Aston Martin,0 days 00:30:15.758000,2025-05-03 20:31:35.785,1,,,,False,True,Q
0 days 00:34:16.352000,ALO,14,0 days 00:02:32.990000,9.0,3.0,,0 days 00:33:38.603000,0 days 00:00:36.167000,0 days 00:00:43.040000,0 days 00:01:13.783000,0 days 00:32:19.529000,0 days 00:33:02.569000,0 days 00:34:16.352000,190.0,145.0,,156.0,False,SOFT,3.0,True,Aston Martin,0 days 00:31:43.362000,2025-05-03 20:33:03.389,1,,,,False,False,Q
0 days 00:15:48.818000,GAS,10,,1.0,1.0,0 days 00:13:58.075000,,,0 days 00:00:40.143000,0 days 00:00:30.211000,,0 days 00:15:18.768000,0 days 00:15:48.846000,176.0,145.0,283.0,269.0,False,SOFT,2.0,False,Alpine,0 days 00:13:58.075000,2025-05-03 20:15:18.102,1,,,,False,False,Q
0 days 00:17:17.555000,GAS,10,0 days 00:01:28.737000,2.0,1.0,,,0 days 00:00:29.581000,0 days 00:00:33.929000,0 days 00:00:25.227000,0 days 00:16:18.399000,0 days 00:16:52.328000,0 days 00:17:17.555000,216.0,190.0,284.0,335.0,True,SOFT,3.0,False,Alpine,0 days 00:15:48.818000,2025-05-03 20:17:08.845,1,,,,False,True,Q
0 days 00:19:16.253000,GAS,10,0 days 00:01:58.698000,3.0,1.0,,0 days 00:19:10.687000,0 days 00:00:39.656000,0 days 00:00:43.048000,0 days 00:00:35.994000,0 days 00:17:57.211000,0 days 00:18:40.259000,0 days 00:19:16.253000,193.0,170.0,,142.0,False,SOFT,4.0,False,Alpine,0 days 00:17:17.555000,2025-05-03 20:18:37.582,1,,,,False,False,Q
0 days 00:21:43.742000,GAS,10,0 days 00:02:27.489000,4.0,2.0,0 days 00:19:43.176000,,0 days 00:01:16.866000,0 days 00:00:41.918000,0 days 00:00:28.705000,0 days 00:20:33.119000,0 days 00:21:15.037000,0 days 00:21:43.742000,159.0,141.0,286.0,259.0,False,SOFT,1.0,True,Alpine,0 days 00:19:16.253000,2025-05-03 20:20:36.280,1,,,,False,False,Q
0 days 00:23:11.652000,GAS,10,0 days 00:01:27.910000,5.0,2.0,,,0 days 00:00:28.974000,0 days 00:00:33.863000,0 days 00:00:25.073000,0 days 00:22:12.716000,0 days 00:22:46.579000,0 days 00:23:11.652000,216.0,190.0,284.0,335.0,True,SOFT,2.0,True,Alpine,0 days 00:21:43.742000,2025-05-03 20:23:03.769,1,,,,False,True,Q
0 days 00:25:40.175000,GAS,10,0 days 00:02:28.523000,6.0,2.0,,0 days 00:25:06.934000,0 days 00:00:39.740000,0 days 00:00:43.505000,0 days 00:01:05.278000,0 days 00:23:51.392000,0 days 00:24:34.897000,0 days 00:25:40.175000,168.0,157.0,,223.0,False,SOFT,3.0,True,Alpine,0 days 00:23:11.652000,2025-05-03 20:24:31.679,1,,,,False,False,Q
0 days 00:29:33.502000,GAS,10,,7.0,3.0,0 days 00:27:35.393000,,,0 days 00:00:43.557000,0 days 00:00:27.877000,,0 days 00:29:05.625000,0 days 00:29:33.670000,188.0,158.0,288.0,287.0,False,SOFT,1.0,True,Alpine,0 days 00:25:40.175000,2025-05-03 20:27:00.202,1,,,,False,False,Q
0 days 00:31:01.212000,GAS,10,0 days 00:01:27.710000,8.0,3.0,,,0 days 00:00:28.962000,0 days 00:00:33.714000,0 days 00:00:25.034000,0 days 00:30:02.464000,0 days 00:30:36.178000,0 days 00:31:01.212000,221.0,191.0,288.0,337.0,True,SOFT,2.0,True,Alpine,0 days 00:29:33.502000,2025-05-03 20:30:53.529,1,,,,False,True,Q
0 days 00:32:55.312000,GAS,10,0 days 00:01:54.100000,9.0,3.0,,0 days 00:32:49.927000,0 days 00:00:37.620000,0 days 00:00:42.040000,0 days 00:00:34.440000,0 days 00:31:38.832000,0 days 00:32:20.872000,0 days 00:32:55.312000,199.0,173.0,,284.0,False,SOFT,3.0,True,Alpine,0 days 00:31:01.212000,2025-05-03 20:32:21.239,1,,,,False,False,Q
0 days 00:16:07.641000,STR,18,,1.0,1.0,0 days 00:14:15.406000,,,0 days 00:00:38.938000,0 days 00:00:28.647000,,0 days 00:15:39.180000,0 days 00:16:07.687000,189.0,171.0,284.0,263.0,False,SOFT,5.0,False,Aston Martin,0 days 00:14:15.406000,2025-05-03 20:15:35.433,1,,,,False,False,Q
0 days 00:17:36.808000,STR,18,0 days 00:01:29.167000,2.0,1.0,,,0 days 00:00:29.599000,0 days 00:00:34.422000,0 days 00:00:25.146000,0 days 00:16:37.240000,0 days 00:17:11.662000,0 days 00:17:36.808000,215.0,184.0,286.0,340.0,True,SOFT,6.0,False,Aston Martin,0 days 00:16:07.641000,2025-05-03 20:17:27.668,1,,,,False,True,Q
0 days 00:19:31.868000,STR,18,0 days 00:01:55.060000,3.0,1.0,,0 days 00:19:26.468000,0 days 00:00:40.909000,0 days 00:00:41.443000,0 days 00:00:32.708000,0 days 00:18:17.717000,0 days 00:18:59.160000,0 days 00:19:31.868000,197.0,172.0,,289.0,False,SOFT,7.0,False,Aston Martin,0 days 00:17:36.808000,2025-05-03 20:18:56.835,1,,,,False,False,Q
0 days 00:22:05.517000,STR,18,,4.0,2.0,0 days 00:20:03.898000,,0 days 00:01:22.885000,0 days 00:00:44.017000,0 days 00:00:26.683000,0 days 00:20:54.883000,0 days 00:21:38.850000,0 days 00:22:05.683000,184.0,170.0,286.0,289.0,False,SOFT,1.0,True,Aston Martin,0 days 00:19:31.868000,2025-05-03 20:20:51.895,1,,,,False,False,Q
0 days 00:23:33.781000,STR,18,0 days 00:01:28.264000,5.0,2.0,,,0 days 00:00:29.347000,0 days 00:00:33.984000,0 days 00:00:24.933000,0 days 00:22:34.864000,0 days 00:23:08.848000,0 days 00:23:33.781000,216.0,191.0,286.0,339.0,True,SOFT,2.0,True,Aston Martin,0 days 00:22:05.517000,2025-05-03 20:23:25.544,1,,,,False,True,Q
0 days 00:25:26.784000,STR,18,0 days 00:01:53.003000,6.0,2.0,,0 days 00:25:20.294000,0 days 00:00:36.598000,0 days 00:00:41.407000,0 days 00:00:34.998000,0 days 00:24:10.379000,0 days 00:24:51.786000,0 days 00:25:26.784000,201.0,176.0,,244.0,False,SOFT,3.0,True,Aston Martin,0 days 00:23:33.781000,2025-05-03 20:24:53.808,1,,,,False,False,Q
0 days 00:30:00.714000,STR,18,,7.0,3.0,0 days 00:27:52.692000,,,0 days 00:00:42.530000,0 days 00:00:32.260000,,0 days 00:29:28.641000,0 days 00:30:00.916000,183.0,152.0,287.0,139.0,False,SOFT,2.0,False,Aston Martin,0 days 00:25:26.784000,2025-05-03 20:26:46.811,1,,,,False,False,Q
0 days 00:31:28.544000,STR,18,0 days 00:01:27.830000,8.0,3.0,,,0 days 00:00:29.106000,0 days 00:00:33.837000,0 days 00:00:24.887000,0 days 00:30:29.820000,0 days 00:31:03.657000,0 days 00:31:28.544000,216.0,191.0,288.0,337.0,True,SOFT,3.0,False,Aston Martin,0 days 00:30:00.714000,2025-05-03 20:31:20.741,1,,,,False,True,Q
0 days 00:33:27.969000,STR,18,0 days 00:01:59.425000,9.0,3.0,,0 days 00:33:22.431000,0 days 00:00:37.251000,0 days 00:00:44.534000,0 days 00:00:37.640000,0 days 00:32:05.795000,0 days 00:32:50.329000,0 days 00:33:27.969000,198.0,164.0,,192.0,False,SOFT,4.0,False,Aston Martin,0 days 00:31:28.544000,2025-05-03 20:32:48.571,1,,,,False,False,Q
0 days 00:16:51.968000,BEA,87,,1.0,1.0,0 days 00:15:00.561000,,,0 days 00:00:42.582000,0 days 00:00:34.057000,,0 days 00:16:18.934000,0 days 00:16:52.146000,192.0,89.0,284.0,166.0,False,SOFT,1.0,True,Haas F1 Team,0 days 00:15:00.561000,2025-05-03 20:16:20.588,1,,,,False,False,Q
0 days 00:18:20.722000,BEA,87,0 days 00:01:28.754000,2.0,1.0,,,0 days 00:00:29.841000,0 days 00:00:33.852000,0 days 00:00:25.061000,0 days 00:17:21.809000,0 days 00:17:55.661000,0 days 00:18:20.722000,220.0,191.0,284.0,336.0,True,SOFT,2.0,True,Haas F1 Team,0 days 00:16:51.968000,2025-05-03 20:18:11.995,1,,,,False,True,Q
0 days 00:20:28.218000,BEA,87,0 days 00:02:07.496000,3.0,1.0,,,0 days 00:00:48.626000,0 days 00:00:42.784000,0 days 00:00:36.086000,0 days 00:19:09.348000,0 days 00:19:52.132000,0 days 00:20:28.218000,166.0,148.0,116.0,221.0,False,SOFT,3.0,True,Haas F1 Team,0 days 00:18:20.722000,2025-05-03 20:19:40.749,1,,,,False,True,Q
0 days 00:22:29.530000,BEA,87,0 days 00:02:01.312000,4.0,1.0,,,0 days 00:00:50.175000,0 days 00:00:41.570000,0 days 00:00:29.567000,0 days 00:21:18.393000,0 days 00:21:59.963000,0 days 00:22:29.530000,180.0,146.0,283.0,175.0,False,SOFT,4.0,True,Haas F1 Team,0 days 00:20:28.218000,2025-05-03 20:21:48.245,1,,,,False,True,Q
0 days 00:23:58.141000,BEA,87,0 days 00:01:28.611000,5.0,1.0,,,0 days 00:00:29.227000,0 days 00:00:34.166000,0 days 00:00:25.218000,0 days 00:22:58.757000,0 days 00:23:32.923000,0 days 00:23:58.141000,224.0,188.0,285.0,335.0,True,SOFT,5.0,True,Haas F1 Team,0 days 00:22:29.530000,2025-05-03 20:23:49.557,1,,,,False,True,Q
0 days 00:25:43.358000,BEA,87,0 days 00:01:45.217000,6.0,1.0,,0 days 00:25:38.015000,0 days 00:00:34.949000,0 days 00:00:37.625000,0 days 00:00:32.643000,0 days 00:24:33.090000,0 days 00:25:10.715000,0 days 00:25:43.358000,204.0,173.0,,301.0,False,SOFT,6.0,True,Haas F1 Team,0 days 00:23:58.141000,2025-05-03 20:25:18.168,1,,,,False,False,Q
0 days 00:29:03.108000,BEA,87,,7.0,2.0,0 days 00:27:16.788000,,,0 days 00:00:40.972000,0 days 00:00:29.671000,,0 days 00:28:33.437000,0 days 00:29:03.328000,186.0,148.0,285.0,231.0,False,SOFT,1.0,True,Haas F1 Team,0 days 00:25:43.358000,2025-05-03 20:27:03.385,1,,,,False,False,Q
0 days 00:30:31.107000,BEA,87,0 days 00:01:27.999000,8.0,2.0,,,0 days 00:00:29.116000,0 days 00:00:33.765000,0 days 00:00:25.118000,0 days 00:29:32.224000,0 days 00:30:05.989000,0 days 00:30:31.107000,219.0,192.0,286.0,335.0,True,SOFT,2.0,True,Haas F1 Team,0 days 00:29:03.108000,2025-05-03 20:30:23.135,1,,,,False,True,Q
0 days 00:32:35.483000,BEA,87,0 days 00:02:04.376000,9.0,2.0,,0 days 00:32:30.037000,0 days 00:00:45.833000,0 days 00:00:42.137000,0 days 00:00:36.406000,0 days 00:31:16.940000,0 days 00:31:59.077000,0 days 00:32:35.483000,202.0,170.0,,200.0,False,SOFT,3.0,True,Haas F1 Team,0 days 00:30:31.107000,2025-05-03 20:31:51.134,1,,,,False,False,Q
